game_id,player_id,stat_type,stat_value,team_id_recorded
G0001,P0351,points,10,T03
G0001,P0351,rebounds,13,T03
G0001,P0351,assists,13,T03
G0001,P0306,points,23,T03
G0001,P0306,rebounds,9,T03
G0001,P0306,assists,2,T03
G0001,P0114,points,10,T03
G0001,P0114,rebounds,19,T03
G0001,P0114,assists,8,T03
G0001,P0186,points,12,T03
G0001,P0186,rebounds,8,T03
G0001,P0186,assists,9,T03
G0001,P0065,points,22,T03
G0001,P0065,rebounds,14,T03
G0001,P0065,assists,4,T03
G0001,P0081,points,26,T03
G0001,P0081,rebounds,9,T03
G0001,P0081,assists,15,T03
G0001,P0007,points,6,T03
G0001,P0007,rebounds,3,T03
G0001,P0007,assists,7,T03
G0001,P0338,points,20,T03
G0001,P0338,rebounds,14,T03
G0001,P0338,assists,6,T03
G0001,P0023,points,37,T03
G0001,P0023,rebounds,9,T03
G0001,P0023,assists,2,T03
G0001,P0036,points,4,T03
G0001,P0036,rebounds,20,T03
G0001,P0036,assists,2,T03
G0001,P0159,points,38,T05
G0001,P0159,rebounds,5,T05
G0001,P0159,assists,1,T05
G0001,P0369,points,12,T05
G0001,P0369,rebounds,12,T05
G0001,P0369,assists,6,T05
G0001,P0094,points,32,T05
G0001,P0094,rebounds,12,T05
G0001,P0094,assists,6,T05
G0001,P0174,points,26,T05
G0001,P0174,rebounds,20,T05
G0001,P0174,assists,6,T05
G0001,P0075,points,6,T05
G0001,P0075,rebounds,8,T05
G0001,P0075,assists,13,T05
G0001,P0194,points,8,T05
G0001,P0194,rebounds,19,T05
G0001,P0194,assists,9,T05
G0001,P0019,points,24,T05
G0001,P0019,rebounds,6,T05
G0001,P0019,assists,14,T05
G0001,P0002,points,1,T05
G0001,P0002,rebounds,6,T05
G0001,P0002,assists,6,T05
G0001,P0296,points,19,T05
G0001,P0296,rebounds,9,T05
G0001,P0296,assists,2,T05
G0001,P0255,points,9,T05
G0001,P0255,rebounds,2,T05
G0001,P0255,assists,9,T05
G0002,P0145,points,15,T24
G0002,P0145,rebounds,10,T24
G0002,P0145,assists,0,T24
G0002,P0245,points,4,T24
G0002,P0245,rebounds,1,T24
G0002,P0245,assists,1,T24
G0002,P0270,points,35,T24
G0002,P0270,rebounds,17,T24
G0002,P0270,assists,13,T24
G0002,P0228,points,2,T24
G0002,P0228,rebounds,1,T24
G0002,P0228,assists,4,T24
G0002,P0259,points,23,T24
G0002,P0259,rebounds,7,T24
G0002,P0259,assists,7,T24
G0002,P0234,points,7,T24
G0002,P0234,rebounds,15,T24
G0002,P0234,assists,5,T24
G0002,P0291,points,2,T24
G0002,P0291,rebounds,15,T24
G0002,P0291,assists,14,T24
G0002,P0133,points,0,T24
G0002,P0133,rebounds,9,T24
G0002,P0133,assists,13,T24
G0002,P0273,points,28,T24
G0002,P0273,rebounds,17,T24
G0002,P0273,assists,6,T24
G0002,P0244,points,15,T24
G0002,P0244,rebounds,14,T24
G0002,P0244,assists,2,T24
G0002,P0147,points,9,T14
G0002,P0147,rebounds,12,T14
G0002,P0147,assists,10,T14
G0002,P0209,points,4,T14
G0002,P0209,rebounds,10,T14
G0002,P0209,assists,5,T14
G0002,P0337,points,20,T14
G0002,P0337,rebounds,20,T14
G0002,P0337,assists,1,T14
G0002,P0359,points,40,T14
G0002,P0359,rebounds,9,T14
G0002,P0359,assists,12,T14
G0002,P0387,points,17,T14
G0002,P0387,rebounds,6,T14
G0002,P0387,assists,12,T14
G0002,P0053,points,28,T14
G0002,P0053,rebounds,3,T14
G0002,P0053,assists,11,T14
G0002,P0397,points,30,T14
G0002,P0397,rebounds,8,T14
G0002,P0397,assists,14,T14
G0002,P0309,points,26,T14
G0002,P0309,rebounds,7,T14
G0002,P0309,assists,0,T14
G0002,P0371,points,27,T14
G0002,P0371,rebounds,4,T14
G0002,P0371,assists,12,T14
G0002,P0230,points,21,T14
G0002,P0230,rebounds,9,T14
G0002,P0230,assists,2,T14
G0003,P0382,points,7,T20
G0003,P0382,rebounds,10,T20
G0003,P0382,assists,15,T20
G0003,P0400,points,24,T20
G0003,P0400,rebounds,15,T20
G0003,P0400,assists,7,T20
G0003,P0069,points,0,T20
G0003,P0069,rebounds,1,T20
G0003,P0069,assists,4,T20
G0003,P0233,points,9,T20
G0003,P0233,rebounds,17,T20
G0003,P0233,assists,13,T20
G0003,P0173,points,35,T20
G0003,P0173,rebounds,13,T20
G0003,P0173,assists,8,T20
G0003,P0347,points,26,T20
G0003,P0347,rebounds,8,T20
G0003,P0347,assists,10,T20
G0003,P0293,points,32,T20
G0003,P0293,rebounds,16,T20
G0003,P0293,assists,9,T20
G0003,P0412,points,2,T20
G0003,P0412,rebounds,15,T20
G0003,P0412,assists,5,T20
G0003,P0353,points,30,T20
G0003,P0353,rebounds,11,T20
G0003,P0353,assists,14,T20
G0003,P0085,points,13,T20
G0003,P0085,rebounds,19,T20
G0003,P0085,assists,13,T20
G0003,P0128,points,13,T22
G0003,P0128,rebounds,10,T22
G0003,P0128,assists,8,T22
G0003,P0062,points,31,T22
G0003,P0062,rebounds,14,T22
G0003,P0062,assists,13,T22
G0003,P0179,points,15,T22
G0003,P0179,rebounds,10,T22
G0003,P0179,assists,6,T22
G0003,P0198,points,37,T22
G0003,P0198,rebounds,6,T22
G0003,P0198,assists,9,T22
G0003,P0017,points,4,T22
G0003,P0017,rebounds,17,T22
G0003,P0017,assists,6,T22
G0003,P0033,points,13,T22
G0003,P0033,rebounds,12,T22
G0003,P0033,assists,7,T22
G0003,P0195,points,34,T22
G0003,P0195,rebounds,11,T22
G0003,P0195,assists,8,T22
G0003,P0383,points,4,T22
G0003,P0383,rebounds,0,T22
G0003,P0383,assists,6,T22
G0003,P0310,points,40,T22
G0003,P0310,rebounds,19,T22
G0003,P0310,assists,10,T22
G0003,P0341,points,25,T22
G0003,P0341,rebounds,8,T22
G0003,P0341,assists,2,T22
G0004,P0011,points,18,T14
G0004,P0011,rebounds,18,T14
G0004,P0011,assists,1,T14
G0004,P0290,points,4,T14
G0004,P0290,rebounds,10,T14
G0004,P0290,assists,11,T14
G0004,P0254,points,33,T14
G0004,P0254,rebounds,9,T14
G0004,P0254,assists,10,T14
G0004,P0388,points,22,T14
G0004,P0388,rebounds,20,T14
G0004,P0388,assists,10,T14
G0004,P0004,points,17,T14
G0004,P0004,rebounds,20,T14
G0004,P0004,assists,1,T14
G0004,P0080,points,40,T14
G0004,P0080,rebounds,3,T14
G0004,P0080,assists,4,T14
G0004,P0189,points,33,T14
G0004,P0189,rebounds,15,T14
G0004,P0189,assists,15,T14
G0004,P0140,points,30,T14
G0004,P0140,rebounds,13,T14
G0004,P0140,assists,5,T14
G0004,P0131,points,0,T14
G0004,P0131,rebounds,2,T14
G0004,P0131,assists,4,T14
G0004,P0108,points,1,T14
G0004,P0108,rebounds,10,T14
G0004,P0108,assists,12,T14
G0004,P0291,points,39,T06
G0004,P0291,rebounds,10,T06
G0004,P0291,assists,14,T06
G0004,P0264,points,40,T06
G0004,P0264,rebounds,18,T06
G0004,P0264,assists,7,T06
G0004,P0203,points,13,T06
G0004,P0203,rebounds,20,T06
G0004,P0203,assists,3,T06
G0004,P0261,points,16,T06
G0004,P0261,rebounds,1,T06
G0004,P0261,assists,12,T06
G0004,P0219,points,26,T06
G0004,P0219,rebounds,1,T06
G0004,P0219,assists,3,T06
G0004,P0408,points,22,T06
G0004,P0408,rebounds,11,T06
G0004,P0408,assists,12,T06
G0004,P0298,points,10,T06
G0004,P0298,rebounds,19,T06
G0004,P0298,assists,7,T06
G0004,P0414,points,33,T06
G0004,P0414,rebounds,5,T06
G0004,P0414,assists,0,T06
G0004,P0335,points,2,T06
G0004,P0335,rebounds,7,T06
G0004,P0335,assists,15,T06
G0004,P0368,points,1,T06
G0004,P0368,rebounds,7,T06
G0004,P0368,assists,1,T06
G0005,P0315,points,21,T13
G0005,P0315,rebounds,7,T13
G0005,P0315,assists,12,T13
G0005,P0311,points,34,T13
G0005,P0311,rebounds,18,T13
G0005,P0311,assists,4,T13
G0005,P0273,points,29,T13
G0005,P0273,rebounds,12,T13
G0005,P0273,assists,7,T13
G0005,P0004,points,16,T13
G0005,P0004,rebounds,2,T13
G0005,P0004,assists,4,T13
G0005,P0279,points,22,T13
G0005,P0279,rebounds,18,T13
G0005,P0279,assists,13,T13
G0005,P0322,points,7,T13
G0005,P0322,rebounds,14,T13
G0005,P0322,assists,1,T13
G0005,P0383,points,27,T13
G0005,P0383,rebounds,7,T13
G0005,P0383,assists,7,T13
G0005,P0420,points,29,T13
G0005,P0420,rebounds,8,T13
G0005,P0420,assists,12,T13
G0005,P0362,points,21,T13
G0005,P0362,rebounds,20,T13
G0005,P0362,assists,10,T13
G0005,P0296,points,12,T13
G0005,P0296,rebounds,16,T13
G0005,P0296,assists,6,T13
G0005,P0394,points,21,T22
G0005,P0394,rebounds,2,T22
G0005,P0394,assists,1,T22
G0005,P0002,points,23,T22
G0005,P0002,rebounds,3,T22
G0005,P0002,assists,15,T22
G0005,P0108,points,35,T22
G0005,P0108,rebounds,14,T22
G0005,P0108,assists,11,T22
G0005,P0352,points,24,T22
G0005,P0352,rebounds,1,T22
G0005,P0352,assists,6,T22
G0005,P0180,points,20,T22
G0005,P0180,rebounds,19,T22
G0005,P0180,assists,3,T22
G0005,P0014,points,20,T22
G0005,P0014,rebounds,7,T22
G0005,P0014,assists,2,T22
G0005,P0318,points,4,T22
G0005,P0318,rebounds,7,T22
G0005,P0318,assists,1,T22
G0005,P0218,points,2,T22
G0005,P0218,rebounds,7,T22
G0005,P0218,assists,3,T22
G0005,P0278,points,22,T22
G0005,P0278,rebounds,0,T22
G0005,P0278,assists,4,T22
G0005,P0210,points,18,T22
G0005,P0210,rebounds,20,T22
G0005,P0210,assists,10,T22
G0006,P0175,points,0,T26
G0006,P0175,rebounds,5,T26
G0006,P0175,assists,0,T26
G0006,P0369,points,23,T26
G0006,P0369,rebounds,5,T26
G0006,P0369,assists,12,T26
G0006,P0362,points,23,T26
G0006,P0362,rebounds,16,T26
G0006,P0362,assists,10,T26
G0006,P0400,points,17,T26
G0006,P0400,rebounds,18,T26
G0006,P0400,assists,7,T26
G0006,P0142,points,38,T26
G0006,P0142,rebounds,20,T26
G0006,P0142,assists,9,T26
G0006,P0315,points,27,T26
G0006,P0315,rebounds,5,T26
G0006,P0315,assists,13,T26
G0006,P0402,points,27,T26
G0006,P0402,rebounds,18,T26
G0006,P0402,assists,4,T26
G0006,P0211,points,32,T26
G0006,P0211,rebounds,9,T26
G0006,P0211,assists,2,T26
G0006,P0186,points,7,T26
G0006,P0186,rebounds,11,T26
G0006,P0186,assists,5,T26
G0006,P0228,points,4,T26
G0006,P0228,rebounds,8,T26
G0006,P0228,assists,10,T26
G0006,P0408,points,13,T09
G0006,P0408,rebounds,20,T09
G0006,P0408,assists,12,T09
G0006,P0246,points,21,T09
G0006,P0246,rebounds,19,T09
G0006,P0246,assists,6,T09
G0006,P0088,points,5,T09
G0006,P0088,rebounds,0,T09
G0006,P0088,assists,15,T09
G0006,P0306,points,39,T09
G0006,P0306,rebounds,15,T09
G0006,P0306,assists,1,T09
G0006,P0373,points,12,T09
G0006,P0373,rebounds,0,T09
G0006,P0373,assists,0,T09
G0006,P0273,points,10,T09
G0006,P0273,rebounds,12,T09
G0006,P0273,assists,1,T09
G0006,P0011,points,40,T09
G0006,P0011,rebounds,9,T09
G0006,P0011,assists,4,T09
G0006,P0124,points,21,T09
G0006,P0124,rebounds,16,T09
G0006,P0124,assists,5,T09
G0006,P0258,points,1,T09
G0006,P0258,rebounds,1,T09
G0006,P0258,assists,13,T09
G0006,P0218,points,4,T09
G0006,P0218,rebounds,13,T09
G0006,P0218,assists,6,T09
G0007,P0206,points,37,T03
G0007,P0206,rebounds,10,T03
G0007,P0206,assists,13,T03
G0007,P0187,points,28,T03
G0007,P0187,rebounds,7,T03
G0007,P0187,assists,3,T03
G0007,P0166,points,30,T03
G0007,P0166,rebounds,6,T03
G0007,P0166,assists,3,T03
G0007,P0087,points,38,T03
G0007,P0087,rebounds,10,T03
G0007,P0087,assists,0,T03
G0007,P0408,points,20,T03
G0007,P0408,rebounds,9,T03
G0007,P0408,assists,13,T03
G0007,P0127,points,29,T03
G0007,P0127,rebounds,4,T03
G0007,P0127,assists,2,T03
G0007,P0320,points,24,T03
G0007,P0320,rebounds,0,T03
G0007,P0320,assists,5,T03
G0007,P0025,points,5,T03
G0007,P0025,rebounds,0,T03
G0007,P0025,assists,14,T03
G0007,P0290,points,3,T03
G0007,P0290,rebounds,0,T03
G0007,P0290,assists,14,T03
G0007,P0371,points,7,T03
G0007,P0371,rebounds,17,T03
G0007,P0371,assists,0,T03
G0007,P0211,points,6,T25
G0007,P0211,rebounds,2,T25
G0007,P0211,assists,11,T25
G0007,P0001,points,25,T25
G0007,P0001,rebounds,9,T25
G0007,P0001,assists,3,T25
G0007,P0232,points,3,T25
G0007,P0232,rebounds,11,T25
G0007,P0232,assists,3,T25
G0007,P0181,points,24,T25
G0007,P0181,rebounds,14,T25
G0007,P0181,assists,13,T25
G0007,P0012,points,20,T25
G0007,P0012,rebounds,0,T25
G0007,P0012,assists,4,T25
G0007,P0046,points,34,T25
G0007,P0046,rebounds,11,T25
G0007,P0046,assists,9,T25
G0007,P0114,points,18,T25
G0007,P0114,rebounds,3,T25
G0007,P0114,assists,14,T25
G0007,P0139,points,31,T25
G0007,P0139,rebounds,20,T25
G0007,P0139,assists,13,T25
G0007,P0204,points,11,T25
G0007,P0204,rebounds,5,T25
G0007,P0204,assists,3,T25
G0007,P0172,points,37,T25
G0007,P0172,rebounds,11,T25
G0007,P0172,assists,7,T25
G0008,P0063,points,5,T21
G0008,P0063,rebounds,18,T21
G0008,P0063,assists,2,T21
G0008,P0408,points,24,T21
G0008,P0408,rebounds,4,T21
G0008,P0408,assists,2,T21
G0008,P0307,points,31,T21
G0008,P0307,rebounds,3,T21
G0008,P0307,assists,10,T21
G0008,P0376,points,28,T21
G0008,P0376,rebounds,1,T21
G0008,P0376,assists,2,T21
G0008,P0134,points,32,T21
G0008,P0134,rebounds,10,T21
G0008,P0134,assists,1,T21
G0008,P0249,points,40,T21
G0008,P0249,rebounds,5,T21
G0008,P0249,assists,0,T21
G0008,P0033,points,37,T21
G0008,P0033,rebounds,0,T21
G0008,P0033,assists,8,T21
G0008,P0398,points,40,T21
G0008,P0398,rebounds,12,T21
G0008,P0398,assists,9,T21
G0008,P0340,points,15,T21
G0008,P0340,rebounds,2,T21
G0008,P0340,assists,9,T21
G0008,P0151,points,36,T21
G0008,P0151,rebounds,1,T21
G0008,P0151,assists,14,T21
G0008,P0145,points,17,T17
G0008,P0145,rebounds,11,T17
G0008,P0145,assists,2,T17
G0008,P0130,points,25,T17
G0008,P0130,rebounds,3,T17
G0008,P0130,assists,4,T17
G0008,P0356,points,29,T17
G0008,P0356,rebounds,1,T17
G0008,P0356,assists,7,T17
G0008,P0032,points,24,T17
G0008,P0032,rebounds,2,T17
G0008,P0032,assists,4,T17
G0008,P0293,points,14,T17
G0008,P0293,rebounds,13,T17
G0008,P0293,assists,15,T17
G0008,P0013,points,34,T17
G0008,P0013,rebounds,3,T17
G0008,P0013,assists,0,T17
G0008,P0161,points,2,T17
G0008,P0161,rebounds,12,T17
G0008,P0161,assists,2,T17
G0008,P0008,points,9,T17
G0008,P0008,rebounds,17,T17
G0008,P0008,assists,13,T17
G0008,P0304,points,34,T17
G0008,P0304,rebounds,5,T17
G0008,P0304,assists,9,T17
G0008,P0337,points,25,T17
G0008,P0337,rebounds,3,T17
G0008,P0337,assists,8,T17
G0009,P0420,points,27,T07
G0009,P0420,rebounds,4,T07
G0009,P0420,assists,14,T07
G0009,P0222,points,35,T07
G0009,P0222,rebounds,20,T07
G0009,P0222,assists,14,T07
G0009,P0216,points,9,T07
G0009,P0216,rebounds,4,T07
G0009,P0216,assists,5,T07
G0009,P0281,points,19,T07
G0009,P0281,rebounds,18,T07
G0009,P0281,assists,11,T07
G0009,P0319,points,26,T07
G0009,P0319,rebounds,18,T07
G0009,P0319,assists,10,T07
G0009,P0302,points,15,T07
G0009,P0302,rebounds,8,T07
G0009,P0302,assists,8,T07
G0009,P0311,points,3,T07
G0009,P0311,rebounds,15,T07
G0009,P0311,assists,10,T07
G0009,P0164,points,29,T07
G0009,P0164,rebounds,11,T07
G0009,P0164,assists,12,T07
G0009,P0113,points,38,T07
G0009,P0113,rebounds,11,T07
G0009,P0113,assists,7,T07
G0009,P0237,points,4,T07
G0009,P0237,rebounds,16,T07
G0009,P0237,assists,14,T07
G0009,P0168,points,28,T17
G0009,P0168,rebounds,18,T17
G0009,P0168,assists,13,T17
G0009,P0212,points,32,T17
G0009,P0212,rebounds,10,T17
G0009,P0212,assists,1,T17
G0009,P0325,points,0,T17
G0009,P0325,rebounds,4,T17
G0009,P0325,assists,6,T17
G0009,P0039,points,30,T17
G0009,P0039,rebounds,9,T17
G0009,P0039,assists,0,T17
G0009,P0373,points,8,T17
G0009,P0373,rebounds,20,T17
G0009,P0373,assists,15,T17
G0009,P0329,points,15,T17
G0009,P0329,rebounds,16,T17
G0009,P0329,assists,11,T17
G0009,P0275,points,38,T17
G0009,P0275,rebounds,18,T17
G0009,P0275,assists,10,T17
G0009,P0391,points,16,T17
G0009,P0391,rebounds,13,T17
G0009,P0391,assists,5,T17
G0009,P0146,points,14,T17
G0009,P0146,rebounds,12,T17
G0009,P0146,assists,9,T17
G0009,P0175,points,23,T17
G0009,P0175,rebounds,8,T17
G0009,P0175,assists,6,T17
G0010,P0142,points,2,T03
G0010,P0142,rebounds,9,T03
G0010,P0142,assists,7,T03
G0010,P0210,points,10,T03
G0010,P0210,rebounds,2,T03
G0010,P0210,assists,0,T03
G0010,P0238,points,0,T03
G0010,P0238,rebounds,10,T03
G0010,P0238,assists,1,T03
G0010,P0195,points,39,T03
G0010,P0195,rebounds,5,T03
G0010,P0195,assists,10,T03
G0010,P0083,points,27,T03
G0010,P0083,rebounds,10,T03
G0010,P0083,assists,14,T03
G0010,P0248,points,4,T03
G0010,P0248,rebounds,4,T03
G0010,P0248,assists,4,T03
G0010,P0005,points,5,T03
G0010,P0005,rebounds,6,T03
G0010,P0005,assists,5,T03
G0010,P0029,points,31,T03
G0010,P0029,rebounds,6,T03
G0010,P0029,assists,14,T03
G0010,P0159,points,31,T03
G0010,P0159,rebounds,18,T03
G0010,P0159,assists,1,T03
G0010,P0388,points,40,T03
G0010,P0388,rebounds,12,T03
G0010,P0388,assists,15,T03
G0010,P0043,points,14,T07
G0010,P0043,rebounds,20,T07
G0010,P0043,assists,9,T07
G0010,P0199,points,2,T07
G0010,P0199,rebounds,8,T07
G0010,P0199,assists,2,T07
G0010,P0084,points,38,T07
G0010,P0084,rebounds,6,T07
G0010,P0084,assists,3,T07
G0010,P0140,points,22,T07
G0010,P0140,rebounds,8,T07
G0010,P0140,assists,1,T07
G0010,P0102,points,33,T07
G0010,P0102,rebounds,17,T07
G0010,P0102,assists,11,T07
G0010,P0011,points,25,T07
G0010,P0011,rebounds,8,T07
G0010,P0011,assists,8,T07
G0010,P0249,points,21,T07
G0010,P0249,rebounds,3,T07
G0010,P0249,assists,1,T07
G0010,P0395,points,10,T07
G0010,P0395,rebounds,9,T07
G0010,P0395,assists,2,T07
G0010,P0303,points,4,T07
G0010,P0303,rebounds,17,T07
G0010,P0303,assists,5,T07
G0010,P0318,points,23,T07
G0010,P0318,rebounds,11,T07
G0010,P0318,assists,11,T07
G0011,P0154,points,30,T16
G0011,P0154,rebounds,7,T16
G0011,P0154,assists,8,T16
G0011,P0013,points,21,T16
G0011,P0013,rebounds,15,T16
G0011,P0013,assists,3,T16
G0011,P0169,points,13,T16
G0011,P0169,rebounds,5,T16
G0011,P0169,assists,4,T16
G0011,P0318,points,6,T16
G0011,P0318,rebounds,0,T16
G0011,P0318,assists,15,T16
G0011,P0325,points,3,T16
G0011,P0325,rebounds,18,T16
G0011,P0325,assists,0,T16
G0011,P0351,points,31,T16
G0011,P0351,rebounds,6,T16
G0011,P0351,assists,8,T16
G0011,P0047,points,11,T16
G0011,P0047,rebounds,10,T16
G0011,P0047,assists,7,T16
G0011,P0347,points,21,T16
G0011,P0347,rebounds,8,T16
G0011,P0347,assists,8,T16
G0011,P0122,points,33,T16
G0011,P0122,rebounds,9,T16
G0011,P0122,assists,5,T16
G0011,P0305,points,5,T16
G0011,P0305,rebounds,7,T16
G0011,P0305,assists,2,T16
G0011,P0256,points,7,T14
G0011,P0256,rebounds,19,T14
G0011,P0256,assists,1,T14
G0011,P0109,points,19,T14
G0011,P0109,rebounds,17,T14
G0011,P0109,assists,15,T14
G0011,P0271,points,6,T14
G0011,P0271,rebounds,3,T14
G0011,P0271,assists,5,T14
G0011,P0074,points,22,T14
G0011,P0074,rebounds,20,T14
G0011,P0074,assists,3,T14
G0011,P0042,points,6,T14
G0011,P0042,rebounds,5,T14
G0011,P0042,assists,13,T14
G0011,P0027,points,1,T14
G0011,P0027,rebounds,7,T14
G0011,P0027,assists,1,T14
G0011,P0076,points,6,T14
G0011,P0076,rebounds,19,T14
G0011,P0076,assists,0,T14
G0011,P0175,points,13,T14
G0011,P0175,rebounds,19,T14
G0011,P0175,assists,9,T14
G0011,P0159,points,2,T14
G0011,P0159,rebounds,9,T14
G0011,P0159,assists,15,T14
G0011,P0353,points,16,T14
G0011,P0353,rebounds,11,T14
G0011,P0353,assists,8,T14
G0012,P0410,points,22,T30
G0012,P0410,rebounds,20,T30
G0012,P0410,assists,4,T30
G0012,P0341,points,11,T30
G0012,P0341,rebounds,18,T30
G0012,P0341,assists,0,T30
G0012,P0272,points,16,T30
G0012,P0272,rebounds,9,T30
G0012,P0272,assists,12,T30
G0012,P0347,points,5,T30
G0012,P0347,rebounds,9,T30
G0012,P0347,assists,2,T30
G0012,P0197,points,32,T30
G0012,P0197,rebounds,13,T30
G0012,P0197,assists,7,T30
G0012,P0060,points,16,T30
G0012,P0060,rebounds,3,T30
G0012,P0060,assists,14,T30
G0012,P0310,points,26,T30
G0012,P0310,rebounds,6,T30
G0012,P0310,assists,6,T30
G0012,P0417,points,29,T30
G0012,P0417,rebounds,15,T30
G0012,P0417,assists,7,T30
G0012,P0078,points,12,T30
G0012,P0078,rebounds,13,T30
G0012,P0078,assists,10,T30
G0012,P0156,points,24,T30
G0012,P0156,rebounds,1,T30
G0012,P0156,assists,7,T30
G0012,P0257,points,25,T25
G0012,P0257,rebounds,19,T25
G0012,P0257,assists,8,T25
G0012,P0140,points,14,T25
G0012,P0140,rebounds,11,T25
G0012,P0140,assists,2,T25
G0012,P0312,points,3,T25
G0012,P0312,rebounds,14,T25
G0012,P0312,assists,15,T25
G0012,P0022,points,34,T25
G0012,P0022,rebounds,12,T25
G0012,P0022,assists,0,T25
G0012,P0331,points,40,T25
G0012,P0331,rebounds,9,T25
G0012,P0331,assists,4,T25
G0012,P0348,points,36,T25
G0012,P0348,rebounds,15,T25
G0012,P0348,assists,11,T25
G0012,P0270,points,11,T25
G0012,P0270,rebounds,20,T25
G0012,P0270,assists,7,T25
G0012,P0265,points,21,T25
G0012,P0265,rebounds,15,T25
G0012,P0265,assists,10,T25
G0012,P0023,points,7,T25
G0012,P0023,rebounds,6,T25
G0012,P0023,assists,5,T25
G0012,P0327,points,38,T25
G0012,P0327,rebounds,15,T25
G0012,P0327,assists,5,T25
G0013,P0302,points,6,T23
G0013,P0302,rebounds,16,T23
G0013,P0302,assists,15,T23
G0013,P0063,points,35,T23
G0013,P0063,rebounds,15,T23
G0013,P0063,assists,3,T23
G0013,P0372,points,37,T23
G0013,P0372,rebounds,14,T23
G0013,P0372,assists,2,T23
G0013,P0234,points,5,T23
G0013,P0234,rebounds,18,T23
G0013,P0234,assists,4,T23
G0013,P0167,points,31,T23
G0013,P0167,rebounds,2,T23
G0013,P0167,assists,4,T23
G0013,P0305,points,11,T23
G0013,P0305,rebounds,5,T23
G0013,P0305,assists,10,T23
G0013,P0214,points,37,T23
G0013,P0214,rebounds,19,T23
G0013,P0214,assists,11,T23
G0013,P0163,points,8,T23
G0013,P0163,rebounds,20,T23
G0013,P0163,assists,8,T23
G0013,P0248,points,22,T23
G0013,P0248,rebounds,14,T23
G0013,P0248,assists,12,T23
G0013,P0301,points,39,T23
G0013,P0301,rebounds,12,T23
G0013,P0301,assists,9,T23
G0013,P0106,points,30,T01
G0013,P0106,rebounds,5,T01
G0013,P0106,assists,4,T01
G0013,P0134,points,25,T01
G0013,P0134,rebounds,1,T01
G0013,P0134,assists,5,T01
G0013,P0280,points,29,T01
G0013,P0280,rebounds,20,T01
G0013,P0280,assists,8,T01
G0013,P0190,points,16,T01
G0013,P0190,rebounds,9,T01
G0013,P0190,assists,10,T01
G0013,P0051,points,22,T01
G0013,P0051,rebounds,0,T01
G0013,P0051,assists,8,T01
G0013,P0166,points,16,T01
G0013,P0166,rebounds,14,T01
G0013,P0166,assists,14,T01
G0013,P0181,points,39,T01
G0013,P0181,rebounds,12,T01
G0013,P0181,assists,5,T01
G0013,P0345,points,18,T01
G0013,P0345,rebounds,3,T01
G0013,P0345,assists,14,T01
G0013,P0054,points,34,T01
G0013,P0054,rebounds,17,T01
G0013,P0054,assists,5,T01
G0013,P0038,points,13,T01
G0013,P0038,rebounds,17,T01
G0013,P0038,assists,8,T01
G0014,P0262,points,11,T23
G0014,P0262,rebounds,4,T23
G0014,P0262,assists,10,T23
G0014,P0202,points,33,T23
G0014,P0202,rebounds,6,T23
G0014,P0202,assists,13,T23
G0014,P0103,points,23,T23
G0014,P0103,rebounds,3,T23
G0014,P0103,assists,5,T23
G0014,P0290,points,0,T23
G0014,P0290,rebounds,0,T23
G0014,P0290,assists,5,T23
G0014,P0338,points,18,T23
G0014,P0338,rebounds,16,T23
G0014,P0338,assists,2,T23
G0014,P0417,points,34,T23
G0014,P0417,rebounds,4,T23
G0014,P0417,assists,2,T23
G0014,P0139,points,28,T23
G0014,P0139,rebounds,16,T23
G0014,P0139,assists,9,T23
G0014,P0183,points,4,T23
G0014,P0183,rebounds,2,T23
G0014,P0183,assists,6,T23
G0014,P0169,points,18,T23
G0014,P0169,rebounds,20,T23
G0014,P0169,assists,4,T23
G0014,P0384,points,7,T23
G0014,P0384,rebounds,19,T23
G0014,P0384,assists,2,T23
G0014,P0043,points,1,T22
G0014,P0043,rebounds,8,T22
G0014,P0043,assists,6,T22
G0014,P0314,points,25,T22
G0014,P0314,rebounds,18,T22
G0014,P0314,assists,14,T22
G0014,P0099,points,11,T22
G0014,P0099,rebounds,20,T22
G0014,P0099,assists,10,T22
G0014,P0199,points,2,T22
G0014,P0199,rebounds,19,T22
G0014,P0199,assists,2,T22
G0014,P0254,points,24,T22
G0014,P0254,rebounds,16,T22
G0014,P0254,assists,3,T22
G0014,P0094,points,11,T22
G0014,P0094,rebounds,9,T22
G0014,P0094,assists,14,T22
G0014,P0293,points,9,T22
G0014,P0293,rebounds,13,T22
G0014,P0293,assists,7,T22
G0014,P0315,points,4,T22
G0014,P0315,rebounds,14,T22
G0014,P0315,assists,13,T22
G0014,P0260,points,23,T22
G0014,P0260,rebounds,3,T22
G0014,P0260,assists,2,T22
G0014,P0190,points,17,T22
G0014,P0190,rebounds,10,T22
G0014,P0190,assists,8,T22
G0015,P0207,points,16,T22
G0015,P0207,rebounds,6,T22
G0015,P0207,assists,3,T22
G0015,P0272,points,30,T22
G0015,P0272,rebounds,15,T22
G0015,P0272,assists,12,T22
G0015,P0122,points,6,T22
G0015,P0122,rebounds,10,T22
G0015,P0122,assists,3,T22
G0015,P0001,points,36,T22
G0015,P0001,rebounds,5,T22
G0015,P0001,assists,2,T22
G0015,P0285,points,23,T22
G0015,P0285,rebounds,18,T22
G0015,P0285,assists,14,T22
G0015,P0010,points,3,T22
G0015,P0010,rebounds,6,T22
G0015,P0010,assists,2,T22
G0015,P0415,points,12,T22
G0015,P0415,rebounds,11,T22
G0015,P0415,assists,4,T22
G0015,P0420,points,2,T22
G0015,P0420,rebounds,10,T22
G0015,P0420,assists,0,T22
G0015,P0331,points,9,T22
G0015,P0331,rebounds,0,T22
G0015,P0331,assists,1,T22
G0015,P0101,points,17,T22
G0015,P0101,rebounds,17,T22
G0015,P0101,assists,12,T22
G0015,P0124,points,4,T15
G0015,P0124,rebounds,0,T15
G0015,P0124,assists,5,T15
G0015,P0132,points,26,T15
G0015,P0132,rebounds,15,T15
G0015,P0132,assists,13,T15
G0015,P0281,points,14,T15
G0015,P0281,rebounds,3,T15
G0015,P0281,assists,0,T15
G0015,P0320,points,6,T15
G0015,P0320,rebounds,1,T15
G0015,P0320,assists,13,T15
G0015,P0088,points,11,T15
G0015,P0088,rebounds,17,T15
G0015,P0088,assists,8,T15
G0015,P0155,points,22,T15
G0015,P0155,rebounds,9,T15
G0015,P0155,assists,13,T15
G0015,P0177,points,1,T15
G0015,P0177,rebounds,1,T15
G0015,P0177,assists,6,T15
G0015,P0023,points,16,T15
G0015,P0023,rebounds,11,T15
G0015,P0023,assists,11,T15
G0015,P0190,points,24,T15
G0015,P0190,rebounds,5,T15
G0015,P0190,assists,5,T15
G0015,P0074,points,30,T15
G0015,P0074,rebounds,4,T15
G0015,P0074,assists,8,T15
G0016,P0193,points,39,T24
G0016,P0193,rebounds,18,T24
G0016,P0193,assists,7,T24
G0016,P0296,points,7,T24
G0016,P0296,rebounds,12,T24
G0016,P0296,assists,3,T24
G0016,P0154,points,19,T24
G0016,P0154,rebounds,13,T24
G0016,P0154,assists,15,T24
G0016,P0310,points,11,T24
G0016,P0310,rebounds,5,T24
G0016,P0310,assists,11,T24
G0016,P0263,points,0,T24
G0016,P0263,rebounds,11,T24
G0016,P0263,assists,11,T24
G0016,P0129,points,22,T24
G0016,P0129,rebounds,8,T24
G0016,P0129,assists,13,T24
G0016,P0222,points,15,T24
G0016,P0222,rebounds,14,T24
G0016,P0222,assists,7,T24
G0016,P0092,points,1,T24
G0016,P0092,rebounds,11,T24
G0016,P0092,assists,0,T24
G0016,P0088,points,38,T24
G0016,P0088,rebounds,12,T24
G0016,P0088,assists,5,T24
G0016,P0172,points,19,T24
G0016,P0172,rebounds,13,T24
G0016,P0172,assists,4,T24
G0016,P0166,points,11,T21
G0016,P0166,rebounds,8,T21
G0016,P0166,assists,4,T21
G0016,P0057,points,31,T21
G0016,P0057,rebounds,2,T21
G0016,P0057,assists,13,T21
G0016,P0292,points,14,T21
G0016,P0292,rebounds,11,T21
G0016,P0292,assists,2,T21
G0016,P0359,points,15,T21
G0016,P0359,rebounds,15,T21
G0016,P0359,assists,4,T21
G0016,P0071,points,5,T21
G0016,P0071,rebounds,10,T21
G0016,P0071,assists,2,T21
G0016,P0342,points,12,T21
G0016,P0342,rebounds,9,T21
G0016,P0342,assists,9,T21
G0016,P0415,points,26,T21
G0016,P0415,rebounds,14,T21
G0016,P0415,assists,13,T21
G0016,P0025,points,2,T21
G0016,P0025,rebounds,7,T21
G0016,P0025,assists,0,T21
G0016,P0018,points,0,T21
G0016,P0018,rebounds,4,T21
G0016,P0018,assists,9,T21
G0016,P0414,points,36,T21
G0016,P0414,rebounds,16,T21
G0016,P0414,assists,10,T21
G0017,P0369,points,10,T16
G0017,P0369,rebounds,1,T16
G0017,P0369,assists,8,T16
G0017,P0393,points,14,T16
G0017,P0393,rebounds,7,T16
G0017,P0393,assists,4,T16
G0017,P0353,points,38,T16
G0017,P0353,rebounds,12,T16
G0017,P0353,assists,6,T16
G0017,P0417,points,8,T16
G0017,P0417,rebounds,16,T16
G0017,P0417,assists,14,T16
G0017,P0196,points,1,T16
G0017,P0196,rebounds,19,T16
G0017,P0196,assists,11,T16
G0017,P0200,points,4,T16
G0017,P0200,rebounds,15,T16
G0017,P0200,assists,1,T16
G0017,P0071,points,2,T16
G0017,P0071,rebounds,2,T16
G0017,P0071,assists,7,T16
G0017,P0347,points,25,T16
G0017,P0347,rebounds,8,T16
G0017,P0347,assists,1,T16
G0017,P0320,points,8,T16
G0017,P0320,rebounds,17,T16
G0017,P0320,assists,15,T16
G0017,P0040,points,30,T16
G0017,P0040,rebounds,2,T16
G0017,P0040,assists,13,T16
G0017,P0089,points,28,T21
G0017,P0089,rebounds,11,T21
G0017,P0089,assists,2,T21
G0017,P0087,points,40,T21
G0017,P0087,rebounds,9,T21
G0017,P0087,assists,0,T21
G0017,P0368,points,8,T21
G0017,P0368,rebounds,8,T21
G0017,P0368,assists,0,T21
G0017,P0044,points,13,T21
G0017,P0044,rebounds,9,T21
G0017,P0044,assists,15,T21
G0017,P0175,points,3,T21
G0017,P0175,rebounds,12,T21
G0017,P0175,assists,14,T21
G0017,P0171,points,33,T21
G0017,P0171,rebounds,19,T21
G0017,P0171,assists,2,T21
G0017,P0042,points,32,T21
G0017,P0042,rebounds,20,T21
G0017,P0042,assists,5,T21
G0017,P0218,points,20,T21
G0017,P0218,rebounds,11,T21
G0017,P0218,assists,7,T21
G0017,P0277,points,11,T21
G0017,P0277,rebounds,20,T21
G0017,P0277,assists,15,T21
G0017,P0011,points,15,T21
G0017,P0011,rebounds,16,T21
G0017,P0011,assists,6,T21
G0018,P0134,points,14,T04
G0018,P0134,rebounds,11,T04
G0018,P0134,assists,5,T04
G0018,P0412,points,13,T04
G0018,P0412,rebounds,20,T04
G0018,P0412,assists,5,T04
G0018,P0091,points,2,T04
G0018,P0091,rebounds,7,T04
G0018,P0091,assists,8,T04
G0018,P0195,points,3,T04
G0018,P0195,rebounds,6,T04
G0018,P0195,assists,2,T04
G0018,P0241,points,20,T04
G0018,P0241,rebounds,15,T04
G0018,P0241,assists,15,T04
G0018,P0054,points,15,T04
G0018,P0054,rebounds,18,T04
G0018,P0054,assists,3,T04
G0018,P0272,points,32,T04
G0018,P0272,rebounds,11,T04
G0018,P0272,assists,12,T04
G0018,P0327,points,30,T04
G0018,P0327,rebounds,11,T04
G0018,P0327,assists,4,T04
G0018,P0044,points,21,T04
G0018,P0044,rebounds,17,T04
G0018,P0044,assists,15,T04
G0018,P0081,points,38,T04
G0018,P0081,rebounds,3,T04
G0018,P0081,assists,9,T04
G0018,P0166,points,4,T14
G0018,P0166,rebounds,14,T14
G0018,P0166,assists,15,T14
G0018,P0335,points,2,T14
G0018,P0335,rebounds,13,T14
G0018,P0335,assists,15,T14
G0018,P0179,points,34,T14
G0018,P0179,rebounds,8,T14
G0018,P0179,assists,1,T14
G0018,P0385,points,37,T14
G0018,P0385,rebounds,19,T14
G0018,P0385,assists,9,T14
G0018,P0331,points,40,T14
G0018,P0331,rebounds,0,T14
G0018,P0331,assists,9,T14
G0018,P0307,points,1,T14
G0018,P0307,rebounds,19,T14
G0018,P0307,assists,10,T14
G0018,P0389,points,37,T14
G0018,P0389,rebounds,11,T14
G0018,P0389,assists,1,T14
G0018,P0325,points,1,T14
G0018,P0325,rebounds,7,T14
G0018,P0325,assists,11,T14
G0018,P0263,points,6,T14
G0018,P0263,rebounds,17,T14
G0018,P0263,assists,3,T14
G0018,P0159,points,20,T14
G0018,P0159,rebounds,4,T14
G0018,P0159,assists,7,T14
G0019,P0326,points,15,T26
G0019,P0326,rebounds,17,T26
G0019,P0326,assists,8,T26
G0019,P0157,points,19,T26
G0019,P0157,rebounds,5,T26
G0019,P0157,assists,9,T26
G0019,P0235,points,26,T26
G0019,P0235,rebounds,20,T26
G0019,P0235,assists,11,T26
G0019,P0368,points,24,T26
G0019,P0368,rebounds,19,T26
G0019,P0368,assists,6,T26
G0019,P0418,points,38,T26
G0019,P0418,rebounds,7,T26
G0019,P0418,assists,2,T26
G0019,P0389,points,17,T26
G0019,P0389,rebounds,2,T26
G0019,P0389,assists,1,T26
G0019,P0003,points,36,T26
G0019,P0003,rebounds,16,T26
G0019,P0003,assists,3,T26
G0019,P0186,points,34,T26
G0019,P0186,rebounds,1,T26
G0019,P0186,assists,4,T26
G0019,P0138,points,28,T26
G0019,P0138,rebounds,6,T26
G0019,P0138,assists,11,T26
G0019,P0415,points,35,T26
G0019,P0415,rebounds,1,T26
G0019,P0415,assists,0,T26
G0019,P0099,points,38,T09
G0019,P0099,rebounds,10,T09
G0019,P0099,assists,8,T09
G0019,P0330,points,19,T09
G0019,P0330,rebounds,9,T09
G0019,P0330,assists,11,T09
G0019,P0204,points,23,T09
G0019,P0204,rebounds,3,T09
G0019,P0204,assists,10,T09
G0019,P0420,points,27,T09
G0019,P0420,rebounds,2,T09
G0019,P0420,assists,6,T09
G0019,P0221,points,32,T09
G0019,P0221,rebounds,12,T09
G0019,P0221,assists,2,T09
G0019,P0033,points,1,T09
G0019,P0033,rebounds,12,T09
G0019,P0033,assists,7,T09
G0019,P0401,points,39,T09
G0019,P0401,rebounds,10,T09
G0019,P0401,assists,14,T09
G0019,P0399,points,8,T09
G0019,P0399,rebounds,9,T09
G0019,P0399,assists,2,T09
G0019,P0356,points,23,T09
G0019,P0356,rebounds,3,T09
G0019,P0356,assists,7,T09
G0019,P0088,points,14,T09
G0019,P0088,rebounds,3,T09
G0019,P0088,assists,1,T09
G0020,P0083,points,12,T14
G0020,P0083,rebounds,19,T14
G0020,P0083,assists,12,T14
G0020,P0211,points,34,T14
G0020,P0211,rebounds,19,T14
G0020,P0211,assists,1,T14
G0020,P0094,points,11,T14
G0020,P0094,rebounds,1,T14
G0020,P0094,assists,0,T14
G0020,P0391,points,34,T14
G0020,P0391,rebounds,19,T14
G0020,P0391,assists,2,T14
G0020,P0168,points,29,T14
G0020,P0168,rebounds,11,T14
G0020,P0168,assists,1,T14
G0020,P0103,points,37,T14
G0020,P0103,rebounds,18,T14
G0020,P0103,assists,9,T14
G0020,P0174,points,29,T14
G0020,P0174,rebounds,8,T14
G0020,P0174,assists,12,T14
G0020,P0408,points,18,T14
G0020,P0408,rebounds,20,T14
G0020,P0408,assists,1,T14
G0020,P0034,points,7,T14
G0020,P0034,rebounds,20,T14
G0020,P0034,assists,4,T14
G0020,P0337,points,12,T14
G0020,P0337,rebounds,16,T14
G0020,P0337,assists,3,T14
G0020,P0224,points,21,T20
G0020,P0224,rebounds,6,T20
G0020,P0224,assists,3,T20
G0020,P0278,points,39,T20
G0020,P0278,rebounds,4,T20
G0020,P0278,assists,1,T20
G0020,P0202,points,27,T20
G0020,P0202,rebounds,18,T20
G0020,P0202,assists,2,T20
G0020,P0415,points,29,T20
G0020,P0415,rebounds,11,T20
G0020,P0415,assists,13,T20
G0020,P0015,points,5,T20
G0020,P0015,rebounds,20,T20
G0020,P0015,assists,9,T20
G0020,P0402,points,34,T20
G0020,P0402,rebounds,7,T20
G0020,P0402,assists,15,T20
G0020,P0085,points,25,T20
G0020,P0085,rebounds,2,T20
G0020,P0085,assists,14,T20
G0020,P0154,points,32,T20
G0020,P0154,rebounds,6,T20
G0020,P0154,assists,8,T20
G0020,P0151,points,15,T20
G0020,P0151,rebounds,11,T20
G0020,P0151,assists,15,T20
G0020,P0179,points,36,T20
G0020,P0179,rebounds,4,T20
G0020,P0179,assists,15,T20
G0021,P0416,points,35,T16
G0021,P0416,rebounds,20,T16
G0021,P0416,assists,0,T16
G0021,P0152,points,9,T16
G0021,P0152,rebounds,11,T16
G0021,P0152,assists,0,T16
G0021,P0118,points,14,T16
G0021,P0118,rebounds,3,T16
G0021,P0118,assists,14,T16
G0021,P0316,points,2,T16
G0021,P0316,rebounds,3,T16
G0021,P0316,assists,3,T16
G0021,P0360,points,6,T16
G0021,P0360,rebounds,11,T16
G0021,P0360,assists,5,T16
G0021,P0190,points,37,T16
G0021,P0190,rebounds,5,T16
G0021,P0190,assists,8,T16
G0021,P0162,points,27,T16
G0021,P0162,rebounds,13,T16
G0021,P0162,assists,12,T16
G0021,P0180,points,8,T16
G0021,P0180,rebounds,10,T16
G0021,P0180,assists,12,T16
G0021,P0200,points,35,T16
G0021,P0200,rebounds,12,T16
G0021,P0200,assists,10,T16
G0021,P0291,points,35,T16
G0021,P0291,rebounds,13,T16
G0021,P0291,assists,15,T16
G0021,P0183,points,5,T05
G0021,P0183,rebounds,7,T05
G0021,P0183,assists,1,T05
G0021,P0346,points,3,T05
G0021,P0346,rebounds,9,T05
G0021,P0346,assists,3,T05
G0021,P0254,points,16,T05
G0021,P0254,rebounds,9,T05
G0021,P0254,assists,9,T05
G0021,P0065,points,38,T05
G0021,P0065,rebounds,17,T05
G0021,P0065,assists,6,T05
G0021,P0015,points,13,T05
G0021,P0015,rebounds,16,T05
G0021,P0015,assists,1,T05
G0021,P0078,points,22,T05
G0021,P0078,rebounds,8,T05
G0021,P0078,assists,2,T05
G0021,P0036,points,25,T05
G0021,P0036,rebounds,6,T05
G0021,P0036,assists,2,T05
G0021,P0130,points,26,T05
G0021,P0130,rebounds,3,T05
G0021,P0130,assists,10,T05
G0021,P0362,points,6,T05
G0021,P0362,rebounds,9,T05
G0021,P0362,assists,12,T05
G0021,P0385,points,9,T05
G0021,P0385,rebounds,16,T05
G0021,P0385,assists,11,T05
G0022,P0343,points,20,T12
G0022,P0343,rebounds,18,T12
G0022,P0343,assists,4,T12
G0022,P0045,points,19,T12
G0022,P0045,rebounds,15,T12
G0022,P0045,assists,0,T12
G0022,P0247,points,32,T12
G0022,P0247,rebounds,17,T12
G0022,P0247,assists,11,T12
G0022,P0070,points,26,T12
G0022,P0070,rebounds,15,T12
G0022,P0070,assists,12,T12
G0022,P0296,points,37,T12
G0022,P0296,rebounds,8,T12
G0022,P0296,assists,7,T12
G0022,P0210,points,26,T12
G0022,P0210,rebounds,4,T12
G0022,P0210,assists,13,T12
G0022,P0388,points,31,T12
G0022,P0388,rebounds,13,T12
G0022,P0388,assists,4,T12
G0022,P0371,points,14,T12
G0022,P0371,rebounds,9,T12
G0022,P0371,assists,10,T12
G0022,P0317,points,31,T12
G0022,P0317,rebounds,14,T12
G0022,P0317,assists,14,T12
G0022,P0079,points,39,T12
G0022,P0079,rebounds,14,T12
G0022,P0079,assists,5,T12
G0022,P0211,points,24,T18
G0022,P0211,rebounds,8,T18
G0022,P0211,assists,10,T18
G0022,P0248,points,33,T18
G0022,P0248,rebounds,7,T18
G0022,P0248,assists,8,T18
G0022,P0306,points,1,T18
G0022,P0306,rebounds,15,T18
G0022,P0306,assists,7,T18
G0022,P0382,points,18,T18
G0022,P0382,rebounds,11,T18
G0022,P0382,assists,3,T18
G0022,P0102,points,24,T18
G0022,P0102,rebounds,15,T18
G0022,P0102,assists,5,T18
G0022,P0198,points,5,T18
G0022,P0198,rebounds,8,T18
G0022,P0198,assists,3,T18
G0022,P0174,points,15,T18
G0022,P0174,rebounds,13,T18
G0022,P0174,assists,1,T18
G0022,P0406,points,30,T18
G0022,P0406,rebounds,4,T18
G0022,P0406,assists,14,T18
G0022,P0028,points,30,T18
G0022,P0028,rebounds,5,T18
G0022,P0028,assists,9,T18
G0022,P0196,points,4,T18
G0022,P0196,rebounds,2,T18
G0022,P0196,assists,15,T18
G0023,P0080,points,23,T06
G0023,P0080,rebounds,15,T06
G0023,P0080,assists,1,T06
G0023,P0117,points,33,T06
G0023,P0117,rebounds,4,T06
G0023,P0117,assists,7,T06
G0023,P0371,points,18,T06
G0023,P0371,rebounds,17,T06
G0023,P0371,assists,4,T06
G0023,P0082,points,9,T06
G0023,P0082,rebounds,7,T06
G0023,P0082,assists,5,T06
G0023,P0330,points,7,T06
G0023,P0330,rebounds,3,T06
G0023,P0330,assists,3,T06
G0023,P0122,points,19,T06
G0023,P0122,rebounds,7,T06
G0023,P0122,assists,6,T06
G0023,P0164,points,29,T06
G0023,P0164,rebounds,5,T06
G0023,P0164,assists,14,T06
G0023,P0064,points,30,T06
G0023,P0064,rebounds,3,T06
G0023,P0064,assists,5,T06
G0023,P0137,points,7,T06
G0023,P0137,rebounds,5,T06
G0023,P0137,assists,5,T06
G0023,P0222,points,5,T06
G0023,P0222,rebounds,0,T06
G0023,P0222,assists,7,T06
G0023,P0114,points,28,T03
G0023,P0114,rebounds,6,T03
G0023,P0114,assists,13,T03
G0023,P0165,points,15,T03
G0023,P0165,rebounds,18,T03
G0023,P0165,assists,3,T03
G0023,P0053,points,22,T03
G0023,P0053,rebounds,16,T03
G0023,P0053,assists,0,T03
G0023,P0131,points,38,T03
G0023,P0131,rebounds,7,T03
G0023,P0131,assists,7,T03
G0023,P0060,points,25,T03
G0023,P0060,rebounds,13,T03
G0023,P0060,assists,0,T03
G0023,P0199,points,35,T03
G0023,P0199,rebounds,13,T03
G0023,P0199,assists,15,T03
G0023,P0332,points,19,T03
G0023,P0332,rebounds,12,T03
G0023,P0332,assists,7,T03
G0023,P0298,points,36,T03
G0023,P0298,rebounds,17,T03
G0023,P0298,assists,14,T03
G0023,P0163,points,20,T03
G0023,P0163,rebounds,16,T03
G0023,P0163,assists,5,T03
G0023,P0104,points,18,T03
G0023,P0104,rebounds,15,T03
G0023,P0104,assists,1,T03
G0024,P0007,points,17,T28
G0024,P0007,rebounds,7,T28
G0024,P0007,assists,15,T28
G0024,P0198,points,22,T28
G0024,P0198,rebounds,12,T28
G0024,P0198,assists,4,T28
G0024,P0190,points,8,T28
G0024,P0190,rebounds,3,T28
G0024,P0190,assists,3,T28
G0024,P0240,points,8,T28
G0024,P0240,rebounds,15,T28
G0024,P0240,assists,0,T28
G0024,P0293,points,25,T28
G0024,P0293,rebounds,19,T28
G0024,P0293,assists,12,T28
G0024,P0417,points,16,T28
G0024,P0417,rebounds,1,T28
G0024,P0417,assists,13,T28
G0024,P0239,points,0,T28
G0024,P0239,rebounds,14,T28
G0024,P0239,assists,10,T28
G0024,P0206,points,7,T28
G0024,P0206,rebounds,15,T28
G0024,P0206,assists,2,T28
G0024,P0195,points,9,T28
G0024,P0195,rebounds,17,T28
G0024,P0195,assists,15,T28
G0024,P0171,points,10,T28
G0024,P0171,rebounds,19,T28
G0024,P0171,assists,14,T28
G0024,P0327,points,31,T19
G0024,P0327,rebounds,2,T19
G0024,P0327,assists,4,T19
G0024,P0050,points,27,T19
G0024,P0050,rebounds,20,T19
G0024,P0050,assists,13,T19
G0024,P0365,points,17,T19
G0024,P0365,rebounds,4,T19
G0024,P0365,assists,15,T19
G0024,P0351,points,11,T19
G0024,P0351,rebounds,7,T19
G0024,P0351,assists,15,T19
G0024,P0412,points,23,T19
G0024,P0412,rebounds,5,T19
G0024,P0412,assists,0,T19
G0024,P0373,points,17,T19
G0024,P0373,rebounds,20,T19
G0024,P0373,assists,6,T19
G0024,P0280,points,28,T19
G0024,P0280,rebounds,5,T19
G0024,P0280,assists,12,T19
G0024,P0067,points,31,T19
G0024,P0067,rebounds,12,T19
G0024,P0067,assists,12,T19
G0024,P0029,points,23,T19
G0024,P0029,rebounds,7,T19
G0024,P0029,assists,11,T19
G0024,P0321,points,34,T19
G0024,P0321,rebounds,17,T19
G0024,P0321,assists,3,T19
G0025,P0237,points,6,T24
G0025,P0237,rebounds,8,T24
G0025,P0237,assists,10,T24
G0025,P0414,points,16,T24
G0025,P0414,rebounds,5,T24
G0025,P0414,assists,14,T24
G0025,P0002,points,2,T24
G0025,P0002,rebounds,5,T24
G0025,P0002,assists,15,T24
G0025,P0369,points,29,T24
G0025,P0369,rebounds,1,T24
G0025,P0369,assists,12,T24
G0025,P0279,points,39,T24
G0025,P0279,rebounds,2,T24
G0025,P0279,assists,6,T24
G0025,P0420,points,19,T24
G0025,P0420,rebounds,2,T24
G0025,P0420,assists,3,T24
G0025,P0017,points,7,T24
G0025,P0017,rebounds,3,T24
G0025,P0017,assists,6,T24
G0025,P0416,points,19,T24
G0025,P0416,rebounds,4,T24
G0025,P0416,assists,4,T24
G0025,P0151,points,7,T24
G0025,P0151,rebounds,16,T24
G0025,P0151,assists,3,T24
G0025,P0088,points,37,T24
G0025,P0088,rebounds,11,T24
G0025,P0088,assists,12,T24
G0025,P0183,points,26,T19
G0025,P0183,rebounds,5,T19
G0025,P0183,assists,9,T19
G0025,P0065,points,11,T19
G0025,P0065,rebounds,2,T19
G0025,P0065,assists,4,T19
G0025,P0306,points,11,T19
G0025,P0306,rebounds,2,T19
G0025,P0306,assists,0,T19
G0025,P0154,points,38,T19
G0025,P0154,rebounds,10,T19
G0025,P0154,assists,6,T19
G0025,P0073,points,38,T19
G0025,P0073,rebounds,4,T19
G0025,P0073,assists,6,T19
G0025,P0235,points,34,T19
G0025,P0235,rebounds,13,T19
G0025,P0235,assists,6,T19
G0025,P0099,points,10,T19
G0025,P0099,rebounds,0,T19
G0025,P0099,assists,1,T19
G0025,P0172,points,6,T19
G0025,P0172,rebounds,16,T19
G0025,P0172,assists,10,T19
G0025,P0082,points,17,T19
G0025,P0082,rebounds,16,T19
G0025,P0082,assists,2,T19
G0025,P0079,points,8,T19
G0025,P0079,rebounds,8,T19
G0025,P0079,assists,14,T19
G0026,P0351,points,17,T20
G0026,P0351,rebounds,2,T20
G0026,P0351,assists,15,T20
G0026,P0219,points,9,T20
G0026,P0219,rebounds,6,T20
G0026,P0219,assists,8,T20
G0026,P0022,points,27,T20
G0026,P0022,rebounds,10,T20
G0026,P0022,assists,8,T20
G0026,P0360,points,23,T20
G0026,P0360,rebounds,18,T20
G0026,P0360,assists,6,T20
G0026,P0365,points,34,T20
G0026,P0365,rebounds,16,T20
G0026,P0365,assists,15,T20
G0026,P0352,points,37,T20
G0026,P0352,rebounds,16,T20
G0026,P0352,assists,3,T20
G0026,P0031,points,31,T20
G0026,P0031,rebounds,15,T20
G0026,P0031,assists,4,T20
G0026,P0253,points,27,T20
G0026,P0253,rebounds,5,T20
G0026,P0253,assists,8,T20
G0026,P0103,points,32,T20
G0026,P0103,rebounds,3,T20
G0026,P0103,assists,5,T20
G0026,P0095,points,32,T20
G0026,P0095,rebounds,9,T20
G0026,P0095,assists,15,T20
G0026,P0045,points,0,T03
G0026,P0045,rebounds,15,T03
G0026,P0045,assists,13,T03
G0026,P0025,points,37,T03
G0026,P0025,rebounds,3,T03
G0026,P0025,assists,15,T03
G0026,P0066,points,16,T03
G0026,P0066,rebounds,7,T03
G0026,P0066,assists,5,T03
G0026,P0389,points,26,T03
G0026,P0389,rebounds,13,T03
G0026,P0389,assists,7,T03
G0026,P0184,points,2,T03
G0026,P0184,rebounds,20,T03
G0026,P0184,assists,3,T03
G0026,P0301,points,3,T03
G0026,P0301,rebounds,12,T03
G0026,P0301,assists,6,T03
G0026,P0320,points,25,T03
G0026,P0320,rebounds,18,T03
G0026,P0320,assists,1,T03
G0026,P0079,points,11,T03
G0026,P0079,rebounds,10,T03
G0026,P0079,assists,12,T03
G0026,P0369,points,24,T03
G0026,P0369,rebounds,8,T03
G0026,P0369,assists,9,T03
G0026,P0406,points,40,T03
G0026,P0406,rebounds,10,T03
G0026,P0406,assists,14,T03
G0027,P0087,points,22,T13
G0027,P0087,rebounds,5,T13
G0027,P0087,assists,8,T13
G0027,P0099,points,35,T13
G0027,P0099,rebounds,4,T13
G0027,P0099,assists,11,T13
G0027,P0141,points,30,T13
G0027,P0141,rebounds,18,T13
G0027,P0141,assists,4,T13
G0027,P0319,points,8,T13
G0027,P0319,rebounds,11,T13
G0027,P0319,assists,8,T13
G0027,P0125,points,16,T13
G0027,P0125,rebounds,16,T13
G0027,P0125,assists,12,T13
G0027,P0104,points,10,T13
G0027,P0104,rebounds,16,T13
G0027,P0104,assists,3,T13
G0027,P0321,points,16,T13
G0027,P0321,rebounds,0,T13
G0027,P0321,assists,5,T13
G0027,P0124,points,39,T13
G0027,P0124,rebounds,9,T13
G0027,P0124,assists,11,T13
G0027,P0254,points,4,T13
G0027,P0254,rebounds,13,T13
G0027,P0254,assists,5,T13
G0027,P0277,points,30,T13
G0027,P0277,rebounds,19,T13
G0027,P0277,assists,8,T13
G0027,P0364,points,4,T23
G0027,P0364,rebounds,9,T23
G0027,P0364,assists,1,T23
G0027,P0148,points,18,T23
G0027,P0148,rebounds,1,T23
G0027,P0148,assists,10,T23
G0027,P0250,points,12,T23
G0027,P0250,rebounds,4,T23
G0027,P0250,assists,0,T23
G0027,P0316,points,36,T23
G0027,P0316,rebounds,17,T23
G0027,P0316,assists,12,T23
G0027,P0023,points,2,T23
G0027,P0023,rebounds,7,T23
G0027,P0023,assists,15,T23
G0027,P0190,points,23,T23
G0027,P0190,rebounds,2,T23
G0027,P0190,assists,2,T23
G0027,P0206,points,10,T23
G0027,P0206,rebounds,20,T23
G0027,P0206,assists,2,T23
G0027,P0198,points,37,T23
G0027,P0198,rebounds,14,T23
G0027,P0198,assists,14,T23
G0027,P0344,points,33,T23
G0027,P0344,rebounds,6,T23
G0027,P0344,assists,13,T23
G0027,P0232,points,6,T23
G0027,P0232,rebounds,6,T23
G0027,P0232,assists,3,T23
G0028,P0037,points,32,T25
G0028,P0037,rebounds,5,T25
G0028,P0037,assists,6,T25
G0028,P0050,points,6,T25
G0028,P0050,rebounds,15,T25
G0028,P0050,assists,3,T25
G0028,P0026,points,32,T25
G0028,P0026,rebounds,17,T25
G0028,P0026,assists,11,T25
G0028,P0032,points,13,T25
G0028,P0032,rebounds,20,T25
G0028,P0032,assists,10,T25
G0028,P0078,points,26,T25
G0028,P0078,rebounds,17,T25
G0028,P0078,assists,14,T25
G0028,P0414,points,3,T25
G0028,P0414,rebounds,18,T25
G0028,P0414,assists,12,T25
G0028,P0030,points,8,T25
G0028,P0030,rebounds,6,T25
G0028,P0030,assists,12,T25
G0028,P0158,points,8,T25
G0028,P0158,rebounds,9,T25
G0028,P0158,assists,11,T25
G0028,P0038,points,26,T25
G0028,P0038,rebounds,19,T25
G0028,P0038,assists,1,T25
G0028,P0055,points,12,T25
G0028,P0055,rebounds,20,T25
G0028,P0055,assists,9,T25
G0028,P0133,points,10,T13
G0028,P0133,rebounds,6,T13
G0028,P0133,assists,5,T13
G0028,P0188,points,22,T13
G0028,P0188,rebounds,5,T13
G0028,P0188,assists,9,T13
G0028,P0301,points,18,T13
G0028,P0301,rebounds,12,T13
G0028,P0301,assists,2,T13
G0028,P0179,points,25,T13
G0028,P0179,rebounds,19,T13
G0028,P0179,assists,2,T13
G0028,P0262,points,13,T13
G0028,P0262,rebounds,14,T13
G0028,P0262,assists,9,T13
G0028,P0393,points,27,T13
G0028,P0393,rebounds,11,T13
G0028,P0393,assists,10,T13
G0028,P0174,points,24,T13
G0028,P0174,rebounds,1,T13
G0028,P0174,assists,12,T13
G0028,P0365,points,18,T13
G0028,P0365,rebounds,1,T13
G0028,P0365,assists,6,T13
G0028,P0222,points,17,T13
G0028,P0222,rebounds,1,T13
G0028,P0222,assists,15,T13
G0028,P0268,points,9,T13
G0028,P0268,rebounds,6,T13
G0028,P0268,assists,7,T13
G0029,P0346,points,39,T17
G0029,P0346,rebounds,20,T17
G0029,P0346,assists,8,T17
G0029,P0307,points,18,T17
G0029,P0307,rebounds,12,T17
G0029,P0307,assists,2,T17
G0029,P0229,points,17,T17
G0029,P0229,rebounds,4,T17
G0029,P0229,assists,2,T17
G0029,P0319,points,3,T17
G0029,P0319,rebounds,12,T17
G0029,P0319,assists,0,T17
G0029,P0194,points,26,T17
G0029,P0194,rebounds,9,T17
G0029,P0194,assists,5,T17
G0029,P0343,points,31,T17
G0029,P0343,rebounds,11,T17
G0029,P0343,assists,11,T17
G0029,P0099,points,29,T17
G0029,P0099,rebounds,0,T17
G0029,P0099,assists,3,T17
G0029,P0016,points,23,T17
G0029,P0016,rebounds,20,T17
G0029,P0016,assists,2,T17
G0029,P0351,points,4,T17
G0029,P0351,rebounds,19,T17
G0029,P0351,assists,15,T17
G0029,P0320,points,6,T17
G0029,P0320,rebounds,8,T17
G0029,P0320,assists,10,T17
G0029,P0217,points,8,T24
G0029,P0217,rebounds,6,T24
G0029,P0217,assists,6,T24
G0029,P0201,points,26,T24
G0029,P0201,rebounds,6,T24
G0029,P0201,assists,6,T24
G0029,P0031,points,11,T24
G0029,P0031,rebounds,15,T24
G0029,P0031,assists,2,T24
G0029,P0248,points,9,T24
G0029,P0248,rebounds,5,T24
G0029,P0248,assists,14,T24
G0029,P0396,points,38,T24
G0029,P0396,rebounds,10,T24
G0029,P0396,assists,2,T24
G0029,P0171,points,30,T24
G0029,P0171,rebounds,10,T24
G0029,P0171,assists,13,T24
G0029,P0050,points,14,T24
G0029,P0050,rebounds,20,T24
G0029,P0050,assists,12,T24
G0029,P0264,points,9,T24
G0029,P0264,rebounds,15,T24
G0029,P0264,assists,4,T24
G0029,P0305,points,14,T24
G0029,P0305,rebounds,5,T24
G0029,P0305,assists,10,T24
G0029,P0416,points,10,T24
G0029,P0416,rebounds,13,T24
G0029,P0416,assists,9,T24
G0030,P0143,points,7,T14
G0030,P0143,rebounds,10,T14
G0030,P0143,assists,9,T14
G0030,P0309,points,26,T14
G0030,P0309,rebounds,8,T14
G0030,P0309,assists,6,T14
G0030,P0414,points,27,T14
G0030,P0414,rebounds,15,T14
G0030,P0414,assists,12,T14
G0030,P0362,points,13,T14
G0030,P0362,rebounds,8,T14
G0030,P0362,assists,5,T14
G0030,P0220,points,21,T14
G0030,P0220,rebounds,2,T14
G0030,P0220,assists,6,T14
G0030,P0268,points,7,T14
G0030,P0268,rebounds,11,T14
G0030,P0268,assists,13,T14
G0030,P0410,points,40,T14
G0030,P0410,rebounds,9,T14
G0030,P0410,assists,0,T14
G0030,P0004,points,9,T14
G0030,P0004,rebounds,2,T14
G0030,P0004,assists,12,T14
G0030,P0303,points,40,T14
G0030,P0303,rebounds,11,T14
G0030,P0303,assists,2,T14
G0030,P0046,points,0,T14
G0030,P0046,rebounds,20,T14
G0030,P0046,assists,5,T14
G0030,P0408,points,4,T02
G0030,P0408,rebounds,3,T02
G0030,P0408,assists,4,T02
G0030,P0186,points,26,T02
G0030,P0186,rebounds,18,T02
G0030,P0186,assists,4,T02
G0030,P0409,points,28,T02
G0030,P0409,rebounds,1,T02
G0030,P0409,assists,0,T02
G0030,P0243,points,2,T02
G0030,P0243,rebounds,19,T02
G0030,P0243,assists,9,T02
G0030,P0100,points,33,T02
G0030,P0100,rebounds,0,T02
G0030,P0100,assists,0,T02
G0030,P0386,points,34,T02
G0030,P0386,rebounds,2,T02
G0030,P0386,assists,2,T02
G0030,P0124,points,21,T02
G0030,P0124,rebounds,12,T02
G0030,P0124,assists,3,T02
G0030,P0181,points,18,T02
G0030,P0181,rebounds,14,T02
G0030,P0181,assists,7,T02
G0030,P0379,points,15,T02
G0030,P0379,rebounds,1,T02
G0030,P0379,assists,7,T02
G0030,P0384,points,32,T02
G0030,P0384,rebounds,13,T02
G0030,P0384,assists,14,T02
G0031,P0230,points,13,T14
G0031,P0230,rebounds,9,T14
G0031,P0230,assists,8,T14
G0031,P0227,points,26,T14
G0031,P0227,rebounds,5,T14
G0031,P0227,assists,9,T14
G0031,P0064,points,25,T14
G0031,P0064,rebounds,16,T14
G0031,P0064,assists,8,T14
G0031,P0377,points,33,T14
G0031,P0377,rebounds,4,T14
G0031,P0377,assists,11,T14
G0031,P0074,points,1,T14
G0031,P0074,rebounds,2,T14
G0031,P0074,assists,13,T14
G0031,P0052,points,19,T14
G0031,P0052,rebounds,13,T14
G0031,P0052,assists,9,T14
G0031,P0247,points,28,T14
G0031,P0247,rebounds,5,T14
G0031,P0247,assists,2,T14
G0031,P0141,points,1,T14
G0031,P0141,rebounds,18,T14
G0031,P0141,assists,3,T14
G0031,P0005,points,23,T14
G0031,P0005,rebounds,9,T14
G0031,P0005,assists,2,T14
G0031,P0286,points,16,T14
G0031,P0286,rebounds,1,T14
G0031,P0286,assists,2,T14
G0031,P0234,points,5,T06
G0031,P0234,rebounds,17,T06
G0031,P0234,assists,9,T06
G0031,P0153,points,37,T06
G0031,P0153,rebounds,9,T06
G0031,P0153,assists,3,T06
G0031,P0360,points,24,T06
G0031,P0360,rebounds,19,T06
G0031,P0360,assists,8,T06
G0031,P0126,points,0,T06
G0031,P0126,rebounds,6,T06
G0031,P0126,assists,14,T06
G0031,P0384,points,21,T06
G0031,P0384,rebounds,19,T06
G0031,P0384,assists,8,T06
G0031,P0313,points,0,T06
G0031,P0313,rebounds,18,T06
G0031,P0313,assists,12,T06
G0031,P0324,points,29,T06
G0031,P0324,rebounds,20,T06
G0031,P0324,assists,3,T06
G0031,P0393,points,37,T06
G0031,P0393,rebounds,4,T06
G0031,P0393,assists,15,T06
G0031,P0200,points,7,T06
G0031,P0200,rebounds,11,T06
G0031,P0200,assists,12,T06
G0031,P0205,points,3,T06
G0031,P0205,rebounds,1,T06
G0031,P0205,assists,13,T06
G0032,P0240,points,21,T07
G0032,P0240,rebounds,15,T07
G0032,P0240,assists,1,T07
G0032,P0253,points,8,T07
G0032,P0253,rebounds,19,T07
G0032,P0253,assists,13,T07
G0032,P0388,points,26,T07
G0032,P0388,rebounds,7,T07
G0032,P0388,assists,3,T07
G0032,P0211,points,34,T07
G0032,P0211,rebounds,16,T07
G0032,P0211,assists,3,T07
G0032,P0255,points,24,T07
G0032,P0255,rebounds,12,T07
G0032,P0255,assists,7,T07
G0032,P0200,points,37,T07
G0032,P0200,rebounds,2,T07
G0032,P0200,assists,4,T07
G0032,P0025,points,3,T07
G0032,P0025,rebounds,14,T07
G0032,P0025,assists,10,T07
G0032,P0174,points,40,T07
G0032,P0174,rebounds,11,T07
G0032,P0174,assists,2,T07
G0032,P0065,points,18,T07
G0032,P0065,rebounds,1,T07
G0032,P0065,assists,10,T07
G0032,P0267,points,27,T07
G0032,P0267,rebounds,18,T07
G0032,P0267,assists,5,T07
G0032,P0193,points,12,T16
G0032,P0193,rebounds,1,T16
G0032,P0193,assists,6,T16
G0032,P0405,points,19,T16
G0032,P0405,rebounds,15,T16
G0032,P0405,assists,12,T16
G0032,P0129,points,5,T16
G0032,P0129,rebounds,5,T16
G0032,P0129,assists,8,T16
G0032,P0386,points,13,T16
G0032,P0386,rebounds,0,T16
G0032,P0386,assists,13,T16
G0032,P0010,points,29,T16
G0032,P0010,rebounds,10,T16
G0032,P0010,assists,5,T16
G0032,P0055,points,34,T16
G0032,P0055,rebounds,0,T16
G0032,P0055,assists,7,T16
G0032,P0210,points,32,T16
G0032,P0210,rebounds,20,T16
G0032,P0210,assists,4,T16
G0032,P0300,points,26,T16
G0032,P0300,rebounds,3,T16
G0032,P0300,assists,1,T16
G0032,P0309,points,14,T16
G0032,P0309,rebounds,18,T16
G0032,P0309,assists,11,T16
G0032,P0226,points,20,T16
G0032,P0226,rebounds,5,T16
G0032,P0226,assists,2,T16
G0033,P0120,points,0,T03
G0033,P0120,rebounds,7,T03
G0033,P0120,assists,13,T03
G0033,P0056,points,21,T03
G0033,P0056,rebounds,4,T03
G0033,P0056,assists,9,T03
G0033,P0112,points,5,T03
G0033,P0112,rebounds,0,T03
G0033,P0112,assists,10,T03
G0033,P0063,points,21,T03
G0033,P0063,rebounds,15,T03
G0033,P0063,assists,5,T03
G0033,P0227,points,35,T03
G0033,P0227,rebounds,8,T03
G0033,P0227,assists,11,T03
G0033,P0191,points,4,T03
G0033,P0191,rebounds,2,T03
G0033,P0191,assists,12,T03
G0033,P0059,points,34,T03
G0033,P0059,rebounds,19,T03
G0033,P0059,assists,5,T03
G0033,P0020,points,0,T03
G0033,P0020,rebounds,20,T03
G0033,P0020,assists,9,T03
G0033,P0285,points,10,T03
G0033,P0285,rebounds,16,T03
G0033,P0285,assists,14,T03
G0033,P0078,points,11,T03
G0033,P0078,rebounds,16,T03
G0033,P0078,assists,12,T03
G0033,P0177,points,20,T07
G0033,P0177,rebounds,13,T07
G0033,P0177,assists,4,T07
G0033,P0131,points,38,T07
G0033,P0131,rebounds,20,T07
G0033,P0131,assists,15,T07
G0033,P0141,points,30,T07
G0033,P0141,rebounds,0,T07
G0033,P0141,assists,5,T07
G0033,P0046,points,18,T07
G0033,P0046,rebounds,20,T07
G0033,P0046,assists,8,T07
G0033,P0320,points,21,T07
G0033,P0320,rebounds,3,T07
G0033,P0320,assists,12,T07
G0033,P0275,points,13,T07
G0033,P0275,rebounds,1,T07
G0033,P0275,assists,15,T07
G0033,P0257,points,7,T07
G0033,P0257,rebounds,0,T07
G0033,P0257,assists,1,T07
G0033,P0286,points,18,T07
G0033,P0286,rebounds,2,T07
G0033,P0286,assists,13,T07
G0033,P0159,points,21,T07
G0033,P0159,rebounds,6,T07
G0033,P0159,assists,0,T07
G0033,P0013,points,19,T07
G0033,P0013,rebounds,3,T07
G0033,P0013,assists,15,T07
G0034,P0022,points,37,T17
G0034,P0022,rebounds,20,T17
G0034,P0022,assists,3,T17
G0034,P0196,points,7,T17
G0034,P0196,rebounds,14,T17
G0034,P0196,assists,4,T17
G0034,P0413,points,8,T17
G0034,P0413,rebounds,0,T17
G0034,P0413,assists,6,T17
G0034,P0303,points,16,T17
G0034,P0303,rebounds,11,T17
G0034,P0303,assists,3,T17
G0034,P0008,points,29,T17
G0034,P0008,rebounds,14,T17
G0034,P0008,assists,7,T17
G0034,P0055,points,7,T17
G0034,P0055,rebounds,10,T17
G0034,P0055,assists,10,T17
G0034,P0112,points,15,T17
G0034,P0112,rebounds,5,T17
G0034,P0112,assists,8,T17
G0034,P0120,points,14,T17
G0034,P0120,rebounds,8,T17
G0034,P0120,assists,5,T17
G0034,P0087,points,12,T17
G0034,P0087,rebounds,15,T17
G0034,P0087,assists,7,T17
G0034,P0396,points,19,T17
G0034,P0396,rebounds,13,T17
G0034,P0396,assists,5,T17
G0034,P0213,points,4,T10
G0034,P0213,rebounds,17,T10
G0034,P0213,assists,0,T10
G0034,P0403,points,23,T10
G0034,P0403,rebounds,5,T10
G0034,P0403,assists,3,T10
G0034,P0209,points,1,T10
G0034,P0209,rebounds,18,T10
G0034,P0209,assists,6,T10
G0034,P0360,points,14,T10
G0034,P0360,rebounds,15,T10
G0034,P0360,assists,0,T10
G0034,P0070,points,23,T10
G0034,P0070,rebounds,10,T10
G0034,P0070,assists,8,T10
G0034,P0366,points,5,T10
G0034,P0366,rebounds,20,T10
G0034,P0366,assists,3,T10
G0034,P0305,points,27,T10
G0034,P0305,rebounds,15,T10
G0034,P0305,assists,5,T10
G0034,P0401,points,5,T10
G0034,P0401,rebounds,6,T10
G0034,P0401,assists,12,T10
G0034,P0406,points,37,T10
G0034,P0406,rebounds,19,T10
G0034,P0406,assists,3,T10
G0034,P0109,points,24,T10
G0034,P0109,rebounds,3,T10
G0034,P0109,assists,11,T10
G0035,P0219,points,17,T27
G0035,P0219,rebounds,8,T27
G0035,P0219,assists,15,T27
G0035,P0143,points,13,T27
G0035,P0143,rebounds,7,T27
G0035,P0143,assists,5,T27
G0035,P0171,points,13,T27
G0035,P0171,rebounds,1,T27
G0035,P0171,assists,9,T27
G0035,P0069,points,1,T27
G0035,P0069,rebounds,4,T27
G0035,P0069,assists,3,T27
G0035,P0412,points,11,T27
G0035,P0412,rebounds,15,T27
G0035,P0412,assists,9,T27
G0035,P0283,points,40,T27
G0035,P0283,rebounds,7,T27
G0035,P0283,assists,14,T27
G0035,P0294,points,1,T27
G0035,P0294,rebounds,10,T27
G0035,P0294,assists,12,T27
G0035,P0220,points,21,T27
G0035,P0220,rebounds,19,T27
G0035,P0220,assists,5,T27
G0035,P0203,points,1,T27
G0035,P0203,rebounds,16,T27
G0035,P0203,assists,1,T27
G0035,P0047,points,31,T27
G0035,P0047,rebounds,15,T27
G0035,P0047,assists,13,T27
G0035,P0017,points,19,T20
G0035,P0017,rebounds,18,T20
G0035,P0017,assists,2,T20
G0035,P0107,points,17,T20
G0035,P0107,rebounds,2,T20
G0035,P0107,assists,12,T20
G0035,P0045,points,29,T20
G0035,P0045,rebounds,16,T20
G0035,P0045,assists,12,T20
G0035,P0101,points,12,T20
G0035,P0101,rebounds,1,T20
G0035,P0101,assists,14,T20
G0035,P0393,points,20,T20
G0035,P0393,rebounds,1,T20
G0035,P0393,assists,14,T20
G0035,P0251,points,40,T20
G0035,P0251,rebounds,9,T20
G0035,P0251,assists,12,T20
G0035,P0140,points,1,T20
G0035,P0140,rebounds,1,T20
G0035,P0140,assists,4,T20
G0035,P0381,points,26,T20
G0035,P0381,rebounds,2,T20
G0035,P0381,assists,0,T20
G0035,P0319,points,27,T20
G0035,P0319,rebounds,16,T20
G0035,P0319,assists,11,T20
G0035,P0109,points,32,T20
G0035,P0109,rebounds,16,T20
G0035,P0109,assists,9,T20
G0036,P0144,points,31,T02
G0036,P0144,rebounds,7,T02
G0036,P0144,assists,9,T02
G0036,P0214,points,23,T02
G0036,P0214,rebounds,11,T02
G0036,P0214,assists,6,T02
G0036,P0357,points,19,T02
G0036,P0357,rebounds,17,T02
G0036,P0357,assists,15,T02
G0036,P0174,points,10,T02
G0036,P0174,rebounds,14,T02
G0036,P0174,assists,15,T02
G0036,P0018,points,0,T02
G0036,P0018,rebounds,16,T02
G0036,P0018,assists,7,T02
G0036,P0115,points,39,T02
G0036,P0115,rebounds,12,T02
G0036,P0115,assists,13,T02
G0036,P0354,points,6,T02
G0036,P0354,rebounds,2,T02
G0036,P0354,assists,14,T02
G0036,P0041,points,21,T02
G0036,P0041,rebounds,11,T02
G0036,P0041,assists,2,T02
G0036,P0313,points,9,T02
G0036,P0313,rebounds,17,T02
G0036,P0313,assists,4,T02
G0036,P0409,points,23,T02
G0036,P0409,rebounds,6,T02
G0036,P0409,assists,4,T02
G0036,P0371,points,6,T06
G0036,P0371,rebounds,19,T06
G0036,P0371,assists,15,T06
G0036,P0179,points,4,T06
G0036,P0179,rebounds,7,T06
G0036,P0179,assists,9,T06
G0036,P0138,points,15,T06
G0036,P0138,rebounds,15,T06
G0036,P0138,assists,4,T06
G0036,P0111,points,2,T06
G0036,P0111,rebounds,7,T06
G0036,P0111,assists,9,T06
G0036,P0310,points,7,T06
G0036,P0310,rebounds,17,T06
G0036,P0310,assists,0,T06
G0036,P0077,points,2,T06
G0036,P0077,rebounds,10,T06
G0036,P0077,assists,8,T06
G0036,P0316,points,12,T06
G0036,P0316,rebounds,5,T06
G0036,P0316,assists,1,T06
G0036,P0356,points,27,T06
G0036,P0356,rebounds,7,T06
G0036,P0356,assists,1,T06
G0036,P0362,points,16,T06
G0036,P0362,rebounds,19,T06
G0036,P0362,assists,4,T06
G0036,P0382,points,36,T06
G0036,P0382,rebounds,5,T06
G0036,P0382,assists,2,T06
G0037,P0244,points,12,T26
G0037,P0244,rebounds,3,T26
G0037,P0244,assists,8,T26
G0037,P0198,points,36,T26
G0037,P0198,rebounds,18,T26
G0037,P0198,assists,4,T26
G0037,P0066,points,19,T26
G0037,P0066,rebounds,14,T26
G0037,P0066,assists,9,T26
G0037,P0134,points,2,T26
G0037,P0134,rebounds,12,T26
G0037,P0134,assists,0,T26
G0037,P0050,points,4,T26
G0037,P0050,rebounds,13,T26
G0037,P0050,assists,1,T26
G0037,P0139,points,13,T26
G0037,P0139,rebounds,12,T26
G0037,P0139,assists,10,T26
G0037,P0205,points,18,T26
G0037,P0205,rebounds,1,T26
G0037,P0205,assists,12,T26
G0037,P0299,points,38,T26
G0037,P0299,rebounds,18,T26
G0037,P0299,assists,11,T26
G0037,P0108,points,16,T26
G0037,P0108,rebounds,18,T26
G0037,P0108,assists,7,T26
G0037,P0186,points,5,T26
G0037,P0186,rebounds,17,T26
G0037,P0186,assists,5,T26
G0037,P0036,points,38,T20
G0037,P0036,rebounds,7,T20
G0037,P0036,assists,13,T20
G0037,P0201,points,22,T20
G0037,P0201,rebounds,9,T20
G0037,P0201,assists,4,T20
G0037,P0375,points,34,T20
G0037,P0375,rebounds,1,T20
G0037,P0375,assists,7,T20
G0037,P0320,points,15,T20
G0037,P0320,rebounds,11,T20
G0037,P0320,assists,4,T20
G0037,P0391,points,27,T20
G0037,P0391,rebounds,8,T20
G0037,P0391,assists,3,T20
G0037,P0047,points,8,T20
G0037,P0047,rebounds,14,T20
G0037,P0047,assists,4,T20
G0037,P0248,points,12,T20
G0037,P0248,rebounds,13,T20
G0037,P0248,assists,5,T20
G0037,P0382,points,15,T20
G0037,P0382,rebounds,5,T20
G0037,P0382,assists,5,T20
G0037,P0383,points,28,T20
G0037,P0383,rebounds,11,T20
G0037,P0383,assists,15,T20
G0037,P0278,points,31,T20
G0037,P0278,rebounds,0,T20
G0037,P0278,assists,6,T20
G0038,P0383,points,18,T25
G0038,P0383,rebounds,15,T25
G0038,P0383,assists,9,T25
G0038,P0243,points,34,T25
G0038,P0243,rebounds,11,T25
G0038,P0243,assists,13,T25
G0038,P0125,points,1,T25
G0038,P0125,rebounds,0,T25
G0038,P0125,assists,1,T25
G0038,P0110,points,22,T25
G0038,P0110,rebounds,14,T25
G0038,P0110,assists,3,T25
G0038,P0052,points,6,T25
G0038,P0052,rebounds,18,T25
G0038,P0052,assists,12,T25
G0038,P0381,points,26,T25
G0038,P0381,rebounds,10,T25
G0038,P0381,assists,6,T25
G0038,P0334,points,0,T25
G0038,P0334,rebounds,3,T25
G0038,P0334,assists,14,T25
G0038,P0218,points,13,T25
G0038,P0218,rebounds,14,T25
G0038,P0218,assists,11,T25
G0038,P0120,points,12,T25
G0038,P0120,rebounds,4,T25
G0038,P0120,assists,11,T25
G0038,P0401,points,3,T25
G0038,P0401,rebounds,10,T25
G0038,P0401,assists,14,T25
G0038,P0314,points,29,T03
G0038,P0314,rebounds,16,T03
G0038,P0314,assists,1,T03
G0038,P0008,points,8,T03
G0038,P0008,rebounds,5,T03
G0038,P0008,assists,4,T03
G0038,P0184,points,7,T03
G0038,P0184,rebounds,20,T03
G0038,P0184,assists,2,T03
G0038,P0233,points,29,T03
G0038,P0233,rebounds,12,T03
G0038,P0233,assists,9,T03
G0038,P0038,points,8,T03
G0038,P0038,rebounds,6,T03
G0038,P0038,assists,9,T03
G0038,P0053,points,12,T03
G0038,P0053,rebounds,14,T03
G0038,P0053,assists,0,T03
G0038,P0294,points,2,T03
G0038,P0294,rebounds,15,T03
G0038,P0294,assists,9,T03
G0038,P0420,points,1,T03
G0038,P0420,rebounds,18,T03
G0038,P0420,assists,0,T03
G0038,P0188,points,39,T03
G0038,P0188,rebounds,15,T03
G0038,P0188,assists,15,T03
G0038,P0013,points,38,T03
G0038,P0013,rebounds,6,T03
G0038,P0013,assists,12,T03
G0039,P0087,points,39,T09
G0039,P0087,rebounds,1,T09
G0039,P0087,assists,0,T09
G0039,P0195,points,16,T09
G0039,P0195,rebounds,15,T09
G0039,P0195,assists,1,T09
G0039,P0220,points,12,T09
G0039,P0220,rebounds,5,T09
G0039,P0220,assists,6,T09
G0039,P0136,points,40,T09
G0039,P0136,rebounds,6,T09
G0039,P0136,assists,3,T09
G0039,P0039,points,5,T09
G0039,P0039,rebounds,4,T09
G0039,P0039,assists,2,T09
G0039,P0330,points,23,T09
G0039,P0330,rebounds,8,T09
G0039,P0330,assists,7,T09
G0039,P0363,points,34,T09
G0039,P0363,rebounds,12,T09
G0039,P0363,assists,2,T09
G0039,P0100,points,15,T09
G0039,P0100,rebounds,6,T09
G0039,P0100,assists,13,T09
G0039,P0202,points,12,T09
G0039,P0202,rebounds,2,T09
G0039,P0202,assists,11,T09
G0039,P0182,points,17,T09
G0039,P0182,rebounds,2,T09
G0039,P0182,assists,11,T09
G0039,P0116,points,8,T06
G0039,P0116,rebounds,18,T06
G0039,P0116,assists,13,T06
G0039,P0121,points,15,T06
G0039,P0121,rebounds,11,T06
G0039,P0121,assists,9,T06
G0039,P0062,points,26,T06
G0039,P0062,rebounds,1,T06
G0039,P0062,assists,5,T06
G0039,P0075,points,6,T06
G0039,P0075,rebounds,14,T06
G0039,P0075,assists,1,T06
G0039,P0002,points,21,T06
G0039,P0002,rebounds,15,T06
G0039,P0002,assists,15,T06
G0039,P0160,points,11,T06
G0039,P0160,rebounds,0,T06
G0039,P0160,assists,11,T06
G0039,P0318,points,0,T06
G0039,P0318,rebounds,1,T06
G0039,P0318,assists,15,T06
G0039,P0148,points,35,T06
G0039,P0148,rebounds,14,T06
G0039,P0148,assists,13,T06
G0039,P0032,points,3,T06
G0039,P0032,rebounds,1,T06
G0039,P0032,assists,4,T06
G0039,P0162,points,0,T06
G0039,P0162,rebounds,18,T06
G0039,P0162,assists,0,T06
G0040,P0304,points,10,T19
G0040,P0304,rebounds,9,T19
G0040,P0304,assists,6,T19
G0040,P0321,points,13,T19
G0040,P0321,rebounds,14,T19
G0040,P0321,assists,4,T19
G0040,P0179,points,31,T19
G0040,P0179,rebounds,5,T19
G0040,P0179,assists,13,T19
G0040,P0352,points,14,T19
G0040,P0352,rebounds,0,T19
G0040,P0352,assists,2,T19
G0040,P0335,points,33,T19
G0040,P0335,rebounds,18,T19
G0040,P0335,assists,3,T19
G0040,P0229,points,24,T19
G0040,P0229,rebounds,12,T19
G0040,P0229,assists,2,T19
G0040,P0098,points,18,T19
G0040,P0098,rebounds,14,T19
G0040,P0098,assists,15,T19
G0040,P0224,points,34,T19
G0040,P0224,rebounds,2,T19
G0040,P0224,assists,3,T19
G0040,P0196,points,17,T19
G0040,P0196,rebounds,3,T19
G0040,P0196,assists,9,T19
G0040,P0120,points,0,T19
G0040,P0120,rebounds,2,T19
G0040,P0120,assists,0,T19
G0040,P0198,points,12,T18
G0040,P0198,rebounds,16,T18
G0040,P0198,assists,2,T18
G0040,P0279,points,40,T18
G0040,P0279,rebounds,5,T18
G0040,P0279,assists,0,T18
G0040,P0119,points,13,T18
G0040,P0119,rebounds,15,T18
G0040,P0119,assists,1,T18
G0040,P0390,points,2,T18
G0040,P0390,rebounds,17,T18
G0040,P0390,assists,9,T18
G0040,P0343,points,14,T18
G0040,P0343,rebounds,15,T18
G0040,P0343,assists,13,T18
G0040,P0046,points,14,T18
G0040,P0046,rebounds,11,T18
G0040,P0046,assists,0,T18
G0040,P0040,points,12,T18
G0040,P0040,rebounds,12,T18
G0040,P0040,assists,3,T18
G0040,P0021,points,40,T18
G0040,P0021,rebounds,20,T18
G0040,P0021,assists,4,T18
G0040,P0387,points,16,T18
G0040,P0387,rebounds,3,T18
G0040,P0387,assists,8,T18
G0040,P0371,points,5,T18
G0040,P0371,rebounds,8,T18
G0040,P0371,assists,8,T18
G0041,P0164,points,34,T05
G0041,P0164,rebounds,19,T05
G0041,P0164,assists,12,T05
G0041,P0314,points,5,T05
G0041,P0314,rebounds,2,T05
G0041,P0314,assists,3,T05
G0041,P0252,points,30,T05
G0041,P0252,rebounds,16,T05
G0041,P0252,assists,13,T05
G0041,P0196,points,3,T05
G0041,P0196,rebounds,3,T05
G0041,P0196,assists,14,T05
G0041,P0246,points,38,T05
G0041,P0246,rebounds,15,T05
G0041,P0246,assists,1,T05
G0041,P0374,points,2,T05
G0041,P0374,rebounds,1,T05
G0041,P0374,assists,11,T05
G0041,P0329,points,34,T05
G0041,P0329,rebounds,13,T05
G0041,P0329,assists,4,T05
G0041,P0288,points,31,T05
G0041,P0288,rebounds,1,T05
G0041,P0288,assists,13,T05
G0041,P0339,points,36,T05
G0041,P0339,rebounds,15,T05
G0041,P0339,assists,14,T05
G0041,P0092,points,24,T05
G0041,P0092,rebounds,9,T05
G0041,P0092,assists,5,T05
G0041,P0206,points,37,T25
G0041,P0206,rebounds,14,T25
G0041,P0206,assists,3,T25
G0041,P0223,points,39,T25
G0041,P0223,rebounds,1,T25
G0041,P0223,assists,9,T25
G0041,P0081,points,7,T25
G0041,P0081,rebounds,13,T25
G0041,P0081,assists,6,T25
G0041,P0172,points,17,T25
G0041,P0172,rebounds,14,T25
G0041,P0172,assists,12,T25
G0041,P0387,points,15,T25
G0041,P0387,rebounds,20,T25
G0041,P0387,assists,7,T25
G0041,P0220,points,6,T25
G0041,P0220,rebounds,0,T25
G0041,P0220,assists,3,T25
G0041,P0280,points,28,T25
G0041,P0280,rebounds,11,T25
G0041,P0280,assists,5,T25
G0041,P0384,points,19,T25
G0041,P0384,rebounds,17,T25
G0041,P0384,assists,9,T25
G0041,P0378,points,2,T25
G0041,P0378,rebounds,1,T25
G0041,P0378,assists,7,T25
G0041,P0405,points,16,T25
G0041,P0405,rebounds,17,T25
G0041,P0405,assists,9,T25
G0042,P0242,points,39,T23
G0042,P0242,rebounds,12,T23
G0042,P0242,assists,4,T23
G0042,P0143,points,13,T23
G0042,P0143,rebounds,15,T23
G0042,P0143,assists,7,T23
G0042,P0120,points,34,T23
G0042,P0120,rebounds,18,T23
G0042,P0120,assists,0,T23
G0042,P0258,points,29,T23
G0042,P0258,rebounds,7,T23
G0042,P0258,assists,8,T23
G0042,P0079,points,10,T23
G0042,P0079,rebounds,7,T23
G0042,P0079,assists,5,T23
G0042,P0312,points,2,T23
G0042,P0312,rebounds,16,T23
G0042,P0312,assists,2,T23
G0042,P0273,points,15,T23
G0042,P0273,rebounds,4,T23
G0042,P0273,assists,2,T23
G0042,P0332,points,15,T23
G0042,P0332,rebounds,19,T23
G0042,P0332,assists,15,T23
G0042,P0300,points,15,T23
G0042,P0300,rebounds,10,T23
G0042,P0300,assists,15,T23
G0042,P0269,points,9,T23
G0042,P0269,rebounds,19,T23
G0042,P0269,assists,1,T23
G0042,P0284,points,9,T05
G0042,P0284,rebounds,7,T05
G0042,P0284,assists,0,T05
G0042,P0216,points,33,T05
G0042,P0216,rebounds,17,T05
G0042,P0216,assists,6,T05
G0042,P0138,points,34,T05
G0042,P0138,rebounds,16,T05
G0042,P0138,assists,12,T05
G0042,P0405,points,32,T05
G0042,P0405,rebounds,12,T05
G0042,P0405,assists,1,T05
G0042,P0167,points,37,T05
G0042,P0167,rebounds,12,T05
G0042,P0167,assists,14,T05
G0042,P0364,points,39,T05
G0042,P0364,rebounds,3,T05
G0042,P0364,assists,6,T05
G0042,P0111,points,7,T05
G0042,P0111,rebounds,1,T05
G0042,P0111,assists,15,T05
G0042,P0037,points,37,T05
G0042,P0037,rebounds,19,T05
G0042,P0037,assists,14,T05
G0042,P0350,points,26,T05
G0042,P0350,rebounds,10,T05
G0042,P0350,assists,15,T05
G0042,P0229,points,22,T05
G0042,P0229,rebounds,13,T05
G0042,P0229,assists,3,T05
G0043,P0400,points,0,T22
G0043,P0400,rebounds,4,T22
G0043,P0400,assists,14,T22
G0043,P0262,points,22,T22
G0043,P0262,rebounds,20,T22
G0043,P0262,assists,3,T22
G0043,P0207,points,14,T22
G0043,P0207,rebounds,3,T22
G0043,P0207,assists,6,T22
G0043,P0281,points,23,T22
G0043,P0281,rebounds,16,T22
G0043,P0281,assists,5,T22
G0043,P0307,points,31,T22
G0043,P0307,rebounds,13,T22
G0043,P0307,assists,4,T22
G0043,P0324,points,37,T22
G0043,P0324,rebounds,9,T22
G0043,P0324,assists,2,T22
G0043,P0338,points,39,T22
G0043,P0338,rebounds,19,T22
G0043,P0338,assists,0,T22
G0043,P0015,points,37,T22
G0043,P0015,rebounds,19,T22
G0043,P0015,assists,13,T22
G0043,P0286,points,10,T22
G0043,P0286,rebounds,13,T22
G0043,P0286,assists,8,T22
G0043,P0083,points,25,T22
G0043,P0083,rebounds,12,T22
G0043,P0083,assists,10,T22
G0043,P0174,points,21,T09
G0043,P0174,rebounds,14,T09
G0043,P0174,assists,8,T09
G0043,P0284,points,0,T09
G0043,P0284,rebounds,0,T09
G0043,P0284,assists,15,T09
G0043,P0191,points,37,T09
G0043,P0191,rebounds,12,T09
G0043,P0191,assists,2,T09
G0043,P0323,points,32,T09
G0043,P0323,rebounds,3,T09
G0043,P0323,assists,6,T09
G0043,P0367,points,13,T09
G0043,P0367,rebounds,0,T09
G0043,P0367,assists,12,T09
G0043,P0420,points,20,T09
G0043,P0420,rebounds,6,T09
G0043,P0420,assists,8,T09
G0043,P0265,points,0,T09
G0043,P0265,rebounds,9,T09
G0043,P0265,assists,8,T09
G0043,P0385,points,13,T09
G0043,P0385,rebounds,17,T09
G0043,P0385,assists,3,T09
G0043,P0218,points,5,T09
G0043,P0218,rebounds,11,T09
G0043,P0218,assists,14,T09
G0043,P0024,points,15,T09
G0043,P0024,rebounds,0,T09
G0043,P0024,assists,15,T09
G0044,P0183,points,19,T11
G0044,P0183,rebounds,0,T11
G0044,P0183,assists,11,T11
G0044,P0390,points,4,T11
G0044,P0390,rebounds,9,T11
G0044,P0390,assists,10,T11
G0044,P0133,points,3,T11
G0044,P0133,rebounds,20,T11
G0044,P0133,assists,6,T11
G0044,P0255,points,0,T11
G0044,P0255,rebounds,13,T11
G0044,P0255,assists,8,T11
G0044,P0102,points,26,T11
G0044,P0102,rebounds,15,T11
G0044,P0102,assists,7,T11
G0044,P0210,points,33,T11
G0044,P0210,rebounds,7,T11
G0044,P0210,assists,8,T11
G0044,P0228,points,6,T11
G0044,P0228,rebounds,13,T11
G0044,P0228,assists,4,T11
G0044,P0230,points,28,T11
G0044,P0230,rebounds,16,T11
G0044,P0230,assists,13,T11
G0044,P0123,points,38,T11
G0044,P0123,rebounds,2,T11
G0044,P0123,assists,2,T11
G0044,P0072,points,37,T11
G0044,P0072,rebounds,7,T11
G0044,P0072,assists,0,T11
G0044,P0420,points,11,T28
G0044,P0420,rebounds,17,T28
G0044,P0420,assists,5,T28
G0044,P0193,points,3,T28
G0044,P0193,rebounds,15,T28
G0044,P0193,assists,3,T28
G0044,P0011,points,14,T28
G0044,P0011,rebounds,0,T28
G0044,P0011,assists,9,T28
G0044,P0108,points,18,T28
G0044,P0108,rebounds,18,T28
G0044,P0108,assists,5,T28
G0044,P0342,points,8,T28
G0044,P0342,rebounds,3,T28
G0044,P0342,assists,3,T28
G0044,P0106,points,18,T28
G0044,P0106,rebounds,1,T28
G0044,P0106,assists,6,T28
G0044,P0262,points,35,T28
G0044,P0262,rebounds,16,T28
G0044,P0262,assists,10,T28
G0044,P0364,points,36,T28
G0044,P0364,rebounds,16,T28
G0044,P0364,assists,10,T28
G0044,P0097,points,35,T28
G0044,P0097,rebounds,2,T28
G0044,P0097,assists,13,T28
G0044,P0013,points,12,T28
G0044,P0013,rebounds,15,T28
G0044,P0013,assists,14,T28
G0045,P0393,points,5,T03
G0045,P0393,rebounds,10,T03
G0045,P0393,assists,4,T03
G0045,P0153,points,8,T03
G0045,P0153,rebounds,7,T03
G0045,P0153,assists,13,T03
G0045,P0204,points,22,T03
G0045,P0204,rebounds,17,T03
G0045,P0204,assists,14,T03
G0045,P0037,points,36,T03
G0045,P0037,rebounds,7,T03
G0045,P0037,assists,14,T03
G0045,P0173,points,37,T03
G0045,P0173,rebounds,20,T03
G0045,P0173,assists,5,T03
G0045,P0398,points,9,T03
G0045,P0398,rebounds,12,T03
G0045,P0398,assists,14,T03
G0045,P0169,points,36,T03
G0045,P0169,rebounds,11,T03
G0045,P0169,assists,2,T03
G0045,P0389,points,17,T03
G0045,P0389,rebounds,14,T03
G0045,P0389,assists,8,T03
G0045,P0238,points,14,T03
G0045,P0238,rebounds,7,T03
G0045,P0238,assists,0,T03
G0045,P0183,points,11,T03
G0045,P0183,rebounds,14,T03
G0045,P0183,assists,3,T03
G0045,P0096,points,40,T30
G0045,P0096,rebounds,1,T30
G0045,P0096,assists,9,T30
G0045,P0327,points,20,T30
G0045,P0327,rebounds,17,T30
G0045,P0327,assists,14,T30
G0045,P0059,points,22,T30
G0045,P0059,rebounds,13,T30
G0045,P0059,assists,11,T30
G0045,P0022,points,21,T30
G0045,P0022,rebounds,3,T30
G0045,P0022,assists,6,T30
G0045,P0191,points,9,T30
G0045,P0191,rebounds,9,T30
G0045,P0191,assists,9,T30
G0045,P0255,points,8,T30
G0045,P0255,rebounds,5,T30
G0045,P0255,assists,13,T30
G0045,P0332,points,15,T30
G0045,P0332,rebounds,4,T30
G0045,P0332,assists,11,T30
G0045,P0279,points,29,T30
G0045,P0279,rebounds,17,T30
G0045,P0279,assists,12,T30
G0045,P0126,points,40,T30
G0045,P0126,rebounds,12,T30
G0045,P0126,assists,4,T30
G0045,P0145,points,35,T30
G0045,P0145,rebounds,5,T30
G0045,P0145,assists,4,T30
G0046,P0302,points,7,T30
G0046,P0302,rebounds,10,T30
G0046,P0302,assists,9,T30
G0046,P0356,points,33,T30
G0046,P0356,rebounds,8,T30
G0046,P0356,assists,14,T30
G0046,P0003,points,24,T30
G0046,P0003,rebounds,1,T30
G0046,P0003,assists,11,T30
G0046,P0333,points,23,T30
G0046,P0333,rebounds,8,T30
G0046,P0333,assists,7,T30
G0046,P0383,points,12,T30
G0046,P0383,rebounds,12,T30
G0046,P0383,assists,9,T30
G0046,P0278,points,18,T30
G0046,P0278,rebounds,5,T30
G0046,P0278,assists,6,T30
G0046,P0141,points,20,T30
G0046,P0141,rebounds,9,T30
G0046,P0141,assists,4,T30
G0046,P0364,points,23,T30
G0046,P0364,rebounds,4,T30
G0046,P0364,assists,8,T30
G0046,P0072,points,4,T30
G0046,P0072,rebounds,9,T30
G0046,P0072,assists,12,T30
G0046,P0341,points,33,T30
G0046,P0341,rebounds,14,T30
G0046,P0341,assists,11,T30
G0046,P0170,points,2,T17
G0046,P0170,rebounds,7,T17
G0046,P0170,assists,10,T17
G0046,P0185,points,32,T17
G0046,P0185,rebounds,12,T17
G0046,P0185,assists,13,T17
G0046,P0087,points,11,T17
G0046,P0087,rebounds,3,T17
G0046,P0087,assists,1,T17
G0046,P0376,points,23,T17
G0046,P0376,rebounds,13,T17
G0046,P0376,assists,4,T17
G0046,P0223,points,32,T17
G0046,P0223,rebounds,15,T17
G0046,P0223,assists,5,T17
G0046,P0045,points,9,T17
G0046,P0045,rebounds,15,T17
G0046,P0045,assists,10,T17
G0046,P0163,points,7,T17
G0046,P0163,rebounds,5,T17
G0046,P0163,assists,7,T17
G0046,P0234,points,20,T17
G0046,P0234,rebounds,3,T17
G0046,P0234,assists,15,T17
G0046,P0318,points,15,T17
G0046,P0318,rebounds,8,T17
G0046,P0318,assists,0,T17
G0046,P0384,points,35,T17
G0046,P0384,rebounds,4,T17
G0046,P0384,assists,15,T17
G0047,P0069,points,33,T14
G0047,P0069,rebounds,2,T14
G0047,P0069,assists,0,T14
G0047,P0341,points,35,T14
G0047,P0341,rebounds,20,T14
G0047,P0341,assists,3,T14
G0047,P0361,points,13,T14
G0047,P0361,rebounds,10,T14
G0047,P0361,assists,8,T14
G0047,P0204,points,40,T14
G0047,P0204,rebounds,8,T14
G0047,P0204,assists,0,T14
G0047,P0074,points,17,T14
G0047,P0074,rebounds,11,T14
G0047,P0074,assists,8,T14
G0047,P0396,points,21,T14
G0047,P0396,rebounds,19,T14
G0047,P0396,assists,12,T14
G0047,P0333,points,10,T14
G0047,P0333,rebounds,7,T14
G0047,P0333,assists,10,T14
G0047,P0227,points,16,T14
G0047,P0227,rebounds,8,T14
G0047,P0227,assists,2,T14
G0047,P0014,points,10,T14
G0047,P0014,rebounds,15,T14
G0047,P0014,assists,13,T14
G0047,P0166,points,32,T14
G0047,P0166,rebounds,6,T14
G0047,P0166,assists,2,T14
G0047,P0148,points,6,T13
G0047,P0148,rebounds,8,T13
G0047,P0148,assists,8,T13
G0047,P0292,points,36,T13
G0047,P0292,rebounds,18,T13
G0047,P0292,assists,0,T13
G0047,P0009,points,29,T13
G0047,P0009,rebounds,6,T13
G0047,P0009,assists,3,T13
G0047,P0194,points,22,T13
G0047,P0194,rebounds,0,T13
G0047,P0194,assists,5,T13
G0047,P0332,points,22,T13
G0047,P0332,rebounds,5,T13
G0047,P0332,assists,9,T13
G0047,P0373,points,18,T13
G0047,P0373,rebounds,16,T13
G0047,P0373,assists,2,T13
G0047,P0130,points,2,T13
G0047,P0130,rebounds,11,T13
G0047,P0130,assists,4,T13
G0047,P0098,points,28,T13
G0047,P0098,rebounds,1,T13
G0047,P0098,assists,9,T13
G0047,P0212,points,40,T13
G0047,P0212,rebounds,1,T13
G0047,P0212,assists,4,T13
G0047,P0231,points,34,T13
G0047,P0231,rebounds,11,T13
G0047,P0231,assists,2,T13
G0048,P0150,points,25,T27
G0048,P0150,rebounds,2,T27
G0048,P0150,assists,9,T27
G0048,P0325,points,12,T27
G0048,P0325,rebounds,0,T27
G0048,P0325,assists,1,T27
G0048,P0356,points,24,T27
G0048,P0356,rebounds,19,T27
G0048,P0356,assists,8,T27
G0048,P0074,points,18,T27
G0048,P0074,rebounds,1,T27
G0048,P0074,assists,10,T27
G0048,P0316,points,2,T27
G0048,P0316,rebounds,17,T27
G0048,P0316,assists,13,T27
G0048,P0326,points,40,T27
G0048,P0326,rebounds,5,T27
G0048,P0326,assists,2,T27
G0048,P0088,points,12,T27
G0048,P0088,rebounds,16,T27
G0048,P0088,assists,3,T27
G0048,P0079,points,36,T27
G0048,P0079,rebounds,3,T27
G0048,P0079,assists,0,T27
G0048,P0197,points,8,T27
G0048,P0197,rebounds,15,T27
G0048,P0197,assists,9,T27
G0048,P0087,points,14,T27
G0048,P0087,rebounds,13,T27
G0048,P0087,assists,10,T27
G0048,P0345,points,22,T11
G0048,P0345,rebounds,10,T11
G0048,P0345,assists,1,T11
G0048,P0044,points,10,T11
G0048,P0044,rebounds,11,T11
G0048,P0044,assists,2,T11
G0048,P0380,points,19,T11
G0048,P0380,rebounds,2,T11
G0048,P0380,assists,12,T11
G0048,P0366,points,4,T11
G0048,P0366,rebounds,1,T11
G0048,P0366,assists,10,T11
G0048,P0033,points,9,T11
G0048,P0033,rebounds,7,T11
G0048,P0033,assists,5,T11
G0048,P0215,points,8,T11
G0048,P0215,rebounds,15,T11
G0048,P0215,assists,11,T11
G0048,P0236,points,9,T11
G0048,P0236,rebounds,14,T11
G0048,P0236,assists,11,T11
G0048,P0170,points,22,T11
G0048,P0170,rebounds,12,T11
G0048,P0170,assists,14,T11
G0048,P0368,points,18,T11
G0048,P0368,rebounds,8,T11
G0048,P0368,assists,8,T11
G0048,P0334,points,34,T11
G0048,P0334,rebounds,14,T11
G0048,P0334,assists,1,T11
G0049,P0353,points,8,T21
G0049,P0353,rebounds,18,T21
G0049,P0353,assists,3,T21
G0049,P0189,points,28,T21
G0049,P0189,rebounds,8,T21
G0049,P0189,assists,0,T21
G0049,P0093,points,18,T21
G0049,P0093,rebounds,0,T21
G0049,P0093,assists,7,T21
G0049,P0305,points,22,T21
G0049,P0305,rebounds,10,T21
G0049,P0305,assists,4,T21
G0049,P0264,points,31,T21
G0049,P0264,rebounds,12,T21
G0049,P0264,assists,4,T21
G0049,P0035,points,17,T21
G0049,P0035,rebounds,2,T21
G0049,P0035,assists,14,T21
G0049,P0243,points,30,T21
G0049,P0243,rebounds,6,T21
G0049,P0243,assists,10,T21
G0049,P0336,points,27,T21
G0049,P0336,rebounds,12,T21
G0049,P0336,assists,0,T21
G0049,P0410,points,36,T21
G0049,P0410,rebounds,20,T21
G0049,P0410,assists,15,T21
G0049,P0222,points,40,T21
G0049,P0222,rebounds,19,T21
G0049,P0222,assists,11,T21
G0049,P0050,points,2,T18
G0049,P0050,rebounds,9,T18
G0049,P0050,assists,3,T18
G0049,P0025,points,9,T18
G0049,P0025,rebounds,17,T18
G0049,P0025,assists,13,T18
G0049,P0269,points,21,T18
G0049,P0269,rebounds,15,T18
G0049,P0269,assists,2,T18
G0049,P0201,points,9,T18
G0049,P0201,rebounds,18,T18
G0049,P0201,assists,7,T18
G0049,P0247,points,22,T18
G0049,P0247,rebounds,9,T18
G0049,P0247,assists,3,T18
G0049,P0250,points,33,T18
G0049,P0250,rebounds,15,T18
G0049,P0250,assists,10,T18
G0049,P0116,points,14,T18
G0049,P0116,rebounds,13,T18
G0049,P0116,assists,15,T18
G0049,P0103,points,26,T18
G0049,P0103,rebounds,10,T18
G0049,P0103,assists,4,T18
G0049,P0252,points,21,T18
G0049,P0252,rebounds,7,T18
G0049,P0252,assists,9,T18
G0049,P0185,points,1,T18
G0049,P0185,rebounds,3,T18
G0049,P0185,assists,12,T18
G0050,P0103,points,40,T24
G0050,P0103,rebounds,8,T24
G0050,P0103,assists,10,T24
G0050,P0088,points,21,T24
G0050,P0088,rebounds,4,T24
G0050,P0088,assists,5,T24
G0050,P0179,points,21,T24
G0050,P0179,rebounds,2,T24
G0050,P0179,assists,6,T24
G0050,P0247,points,17,T24
G0050,P0247,rebounds,17,T24
G0050,P0247,assists,1,T24
G0050,P0182,points,34,T24
G0050,P0182,rebounds,8,T24
G0050,P0182,assists,10,T24
G0050,P0317,points,22,T24
G0050,P0317,rebounds,6,T24
G0050,P0317,assists,14,T24
G0050,P0157,points,9,T24
G0050,P0157,rebounds,0,T24
G0050,P0157,assists,12,T24
G0050,P0315,points,25,T24
G0050,P0315,rebounds,18,T24
G0050,P0315,assists,7,T24
G0050,P0225,points,0,T24
G0050,P0225,rebounds,0,T24
G0050,P0225,assists,6,T24
G0050,P0156,points,10,T24
G0050,P0156,rebounds,19,T24
G0050,P0156,assists,1,T24
G0050,P0114,points,36,T18
G0050,P0114,rebounds,4,T18
G0050,P0114,assists,1,T18
G0050,P0128,points,11,T18
G0050,P0128,rebounds,3,T18
G0050,P0128,assists,6,T18
G0050,P0321,points,13,T18
G0050,P0321,rebounds,11,T18
G0050,P0321,assists,8,T18
G0050,P0226,points,0,T18
G0050,P0226,rebounds,2,T18
G0050,P0226,assists,2,T18
G0050,P0155,points,7,T18
G0050,P0155,rebounds,1,T18
G0050,P0155,assists,5,T18
G0050,P0178,points,22,T18
G0050,P0178,rebounds,6,T18
G0050,P0178,assists,5,T18
G0050,P0133,points,19,T18
G0050,P0133,rebounds,11,T18
G0050,P0133,assists,5,T18
G0050,P0172,points,9,T18
G0050,P0172,rebounds,8,T18
G0050,P0172,assists,0,T18
G0050,P0341,points,20,T18
G0050,P0341,rebounds,19,T18
G0050,P0341,assists,6,T18
G0050,P0115,points,4,T18
G0050,P0115,rebounds,14,T18
G0050,P0115,assists,2,T18
G0051,P0228,points,16,T23
G0051,P0228,rebounds,11,T23
G0051,P0228,assists,9,T23
G0051,P0257,points,28,T23
G0051,P0257,rebounds,18,T23
G0051,P0257,assists,2,T23
G0051,P0237,points,21,T23
G0051,P0237,rebounds,11,T23
G0051,P0237,assists,2,T23
G0051,P0415,points,27,T23
G0051,P0415,rebounds,2,T23
G0051,P0415,assists,7,T23
G0051,P0061,points,13,T23
G0051,P0061,rebounds,3,T23
G0051,P0061,assists,13,T23
G0051,P0365,points,10,T23
G0051,P0365,rebounds,5,T23
G0051,P0365,assists,13,T23
G0051,P0270,points,35,T23
G0051,P0270,rebounds,0,T23
G0051,P0270,assists,4,T23
G0051,P0407,points,29,T23
G0051,P0407,rebounds,16,T23
G0051,P0407,assists,15,T23
G0051,P0080,points,22,T23
G0051,P0080,rebounds,0,T23
G0051,P0080,assists,13,T23
G0051,P0256,points,6,T23
G0051,P0256,rebounds,2,T23
G0051,P0256,assists,10,T23
G0051,P0200,points,24,T09
G0051,P0200,rebounds,1,T09
G0051,P0200,assists,2,T09
G0051,P0386,points,24,T09
G0051,P0386,rebounds,5,T09
G0051,P0386,assists,10,T09
G0051,P0050,points,16,T09
G0051,P0050,rebounds,12,T09
G0051,P0050,assists,7,T09
G0051,P0171,points,14,T09
G0051,P0171,rebounds,7,T09
G0051,P0171,assists,11,T09
G0051,P0418,points,21,T09
G0051,P0418,rebounds,12,T09
G0051,P0418,assists,9,T09
G0051,P0177,points,8,T09
G0051,P0177,rebounds,19,T09
G0051,P0177,assists,9,T09
G0051,P0157,points,29,T09
G0051,P0157,rebounds,18,T09
G0051,P0157,assists,14,T09
G0051,P0127,points,27,T09
G0051,P0127,rebounds,16,T09
G0051,P0127,assists,7,T09
G0051,P0062,points,30,T09
G0051,P0062,rebounds,6,T09
G0051,P0062,assists,11,T09
G0051,P0179,points,3,T09
G0051,P0179,rebounds,19,T09
G0051,P0179,assists,3,T09
G0052,P0346,points,13,T06
G0052,P0346,rebounds,5,T06
G0052,P0346,assists,10,T06
G0052,P0341,points,37,T06
G0052,P0341,rebounds,3,T06
G0052,P0341,assists,12,T06
G0052,P0409,points,26,T06
G0052,P0409,rebounds,20,T06
G0052,P0409,assists,14,T06
G0052,P0071,points,4,T06
G0052,P0071,rebounds,15,T06
G0052,P0071,assists,9,T06
G0052,P0005,points,4,T06
G0052,P0005,rebounds,5,T06
G0052,P0005,assists,14,T06
G0052,P0270,points,22,T06
G0052,P0270,rebounds,7,T06
G0052,P0270,assists,5,T06
G0052,P0415,points,34,T06
G0052,P0415,rebounds,5,T06
G0052,P0415,assists,2,T06
G0052,P0093,points,23,T06
G0052,P0093,rebounds,20,T06
G0052,P0093,assists,2,T06
G0052,P0065,points,10,T06
G0052,P0065,rebounds,9,T06
G0052,P0065,assists,3,T06
G0052,P0055,points,26,T06
G0052,P0055,rebounds,5,T06
G0052,P0055,assists,2,T06
G0052,P0040,points,10,T01
G0052,P0040,rebounds,19,T01
G0052,P0040,assists,14,T01
G0052,P0063,points,20,T01
G0052,P0063,rebounds,8,T01
G0052,P0063,assists,13,T01
G0052,P0323,points,7,T01
G0052,P0323,rebounds,13,T01
G0052,P0323,assists,10,T01
G0052,P0393,points,29,T01
G0052,P0393,rebounds,4,T01
G0052,P0393,assists,11,T01
G0052,P0384,points,25,T01
G0052,P0384,rebounds,18,T01
G0052,P0384,assists,2,T01
G0052,P0361,points,25,T01
G0052,P0361,rebounds,17,T01
G0052,P0361,assists,4,T01
G0052,P0267,points,30,T01
G0052,P0267,rebounds,2,T01
G0052,P0267,assists,11,T01
G0052,P0066,points,24,T01
G0052,P0066,rebounds,4,T01
G0052,P0066,assists,1,T01
G0052,P0081,points,30,T01
G0052,P0081,rebounds,5,T01
G0052,P0081,assists,7,T01
G0052,P0198,points,2,T01
G0052,P0198,rebounds,20,T01
G0052,P0198,assists,8,T01
G0053,P0059,points,21,T11
G0053,P0059,rebounds,2,T11
G0053,P0059,assists,5,T11
G0053,P0329,points,3,T11
G0053,P0329,rebounds,15,T11
G0053,P0329,assists,12,T11
G0053,P0067,points,10,T11
G0053,P0067,rebounds,6,T11
G0053,P0067,assists,5,T11
G0053,P0344,points,36,T11
G0053,P0344,rebounds,10,T11
G0053,P0344,assists,12,T11
G0053,P0085,points,18,T11
G0053,P0085,rebounds,14,T11
G0053,P0085,assists,8,T11
G0053,P0383,points,11,T11
G0053,P0383,rebounds,18,T11
G0053,P0383,assists,11,T11
G0053,P0253,points,31,T11
G0053,P0253,rebounds,19,T11
G0053,P0253,assists,3,T11
G0053,P0387,points,3,T11
G0053,P0387,rebounds,12,T11
G0053,P0387,assists,5,T11
G0053,P0251,points,17,T11
G0053,P0251,rebounds,4,T11
G0053,P0251,assists,6,T11
G0053,P0131,points,16,T11
G0053,P0131,rebounds,7,T11
G0053,P0131,assists,11,T11
G0053,P0268,points,24,T05
G0053,P0268,rebounds,9,T05
G0053,P0268,assists,1,T05
G0053,P0247,points,23,T05
G0053,P0247,rebounds,3,T05
G0053,P0247,assists,5,T05
G0053,P0040,points,17,T05
G0053,P0040,rebounds,2,T05
G0053,P0040,assists,6,T05
G0053,P0311,points,10,T05
G0053,P0311,rebounds,17,T05
G0053,P0311,assists,13,T05
G0053,P0352,points,0,T05
G0053,P0352,rebounds,12,T05
G0053,P0352,assists,10,T05
G0053,P0346,points,15,T05
G0053,P0346,rebounds,9,T05
G0053,P0346,assists,12,T05
G0053,P0088,points,15,T05
G0053,P0088,rebounds,1,T05
G0053,P0088,assists,5,T05
G0053,P0258,points,10,T05
G0053,P0258,rebounds,8,T05
G0053,P0258,assists,3,T05
G0053,P0196,points,6,T05
G0053,P0196,rebounds,20,T05
G0053,P0196,assists,2,T05
G0053,P0405,points,28,T05
G0053,P0405,rebounds,15,T05
G0053,P0405,assists,9,T05
G0054,P0003,points,18,T15
G0054,P0003,rebounds,12,T15
G0054,P0003,assists,3,T15
G0054,P0240,points,6,T15
G0054,P0240,rebounds,17,T15
G0054,P0240,assists,3,T15
G0054,P0265,points,20,T15
G0054,P0265,rebounds,5,T15
G0054,P0265,assists,3,T15
G0054,P0375,points,24,T15
G0054,P0375,rebounds,16,T15
G0054,P0375,assists,7,T15
G0054,P0099,points,5,T15
G0054,P0099,rebounds,5,T15
G0054,P0099,assists,2,T15
G0054,P0125,points,36,T15
G0054,P0125,rebounds,6,T15
G0054,P0125,assists,5,T15
G0054,P0159,points,2,T15
G0054,P0159,rebounds,9,T15
G0054,P0159,assists,14,T15
G0054,P0077,points,16,T15
G0054,P0077,rebounds,13,T15
G0054,P0077,assists,2,T15
G0054,P0389,points,5,T15
G0054,P0389,rebounds,15,T15
G0054,P0389,assists,1,T15
G0054,P0417,points,18,T15
G0054,P0417,rebounds,6,T15
G0054,P0417,assists,0,T15
G0054,P0131,points,21,T29
G0054,P0131,rebounds,20,T29
G0054,P0131,assists,1,T29
G0054,P0105,points,33,T29
G0054,P0105,rebounds,11,T29
G0054,P0105,assists,11,T29
G0054,P0370,points,3,T29
G0054,P0370,rebounds,18,T29
G0054,P0370,assists,0,T29
G0054,P0266,points,37,T29
G0054,P0266,rebounds,13,T29
G0054,P0266,assists,5,T29
G0054,P0282,points,0,T29
G0054,P0282,rebounds,12,T29
G0054,P0282,assists,1,T29
G0054,P0381,points,24,T29
G0054,P0381,rebounds,16,T29
G0054,P0381,assists,4,T29
G0054,P0206,points,9,T29
G0054,P0206,rebounds,4,T29
G0054,P0206,assists,3,T29
G0054,P0328,points,4,T29
G0054,P0328,rebounds,5,T29
G0054,P0328,assists,10,T29
G0054,P0087,points,12,T29
G0054,P0087,rebounds,16,T29
G0054,P0087,assists,13,T29
G0054,P0190,points,31,T29
G0054,P0190,rebounds,11,T29
G0054,P0190,assists,5,T29
G0055,P0188,points,2,T15
G0055,P0188,rebounds,14,T15
G0055,P0188,assists,9,T15
G0055,P0334,points,13,T15
G0055,P0334,rebounds,14,T15
G0055,P0334,assists,10,T15
G0055,P0385,points,17,T15
G0055,P0385,rebounds,3,T15
G0055,P0385,assists,0,T15
G0055,P0383,points,38,T15
G0055,P0383,rebounds,5,T15
G0055,P0383,assists,4,T15
G0055,P0310,points,27,T15
G0055,P0310,rebounds,5,T15
G0055,P0310,assists,6,T15
G0055,P0192,points,29,T15
G0055,P0192,rebounds,12,T15
G0055,P0192,assists,10,T15
G0055,P0228,points,0,T15
G0055,P0228,rebounds,9,T15
G0055,P0228,assists,7,T15
G0055,P0368,points,25,T15
G0055,P0368,rebounds,3,T15
G0055,P0368,assists,2,T15
G0055,P0164,points,31,T15
G0055,P0164,rebounds,14,T15
G0055,P0164,assists,12,T15
G0055,P0085,points,11,T15
G0055,P0085,rebounds,20,T15
G0055,P0085,assists,4,T15
G0055,P0034,points,26,T13
G0055,P0034,rebounds,3,T13
G0055,P0034,assists,14,T13
G0055,P0065,points,13,T13
G0055,P0065,rebounds,16,T13
G0055,P0065,assists,5,T13
G0055,P0106,points,32,T13
G0055,P0106,rebounds,9,T13
G0055,P0106,assists,0,T13
G0055,P0160,points,7,T13
G0055,P0160,rebounds,14,T13
G0055,P0160,assists,3,T13
G0055,P0131,points,11,T13
G0055,P0131,rebounds,11,T13
G0055,P0131,assists,4,T13
G0055,P0257,points,5,T13
G0055,P0257,rebounds,13,T13
G0055,P0257,assists,11,T13
G0055,P0020,points,30,T13
G0055,P0020,rebounds,19,T13
G0055,P0020,assists,1,T13
G0055,P0070,points,17,T13
G0055,P0070,rebounds,4,T13
G0055,P0070,assists,14,T13
G0055,P0108,points,22,T13
G0055,P0108,rebounds,2,T13
G0055,P0108,assists,11,T13
G0055,P0395,points,1,T13
G0055,P0395,rebounds,5,T13
G0055,P0395,assists,11,T13
G0056,P0030,points,16,T02
G0056,P0030,rebounds,3,T02
G0056,P0030,assists,7,T02
G0056,P0024,points,13,T02
G0056,P0024,rebounds,0,T02
G0056,P0024,assists,1,T02
G0056,P0350,points,34,T02
G0056,P0350,rebounds,1,T02
G0056,P0350,assists,12,T02
G0056,P0159,points,37,T02
G0056,P0159,rebounds,9,T02
G0056,P0159,assists,4,T02
G0056,P0325,points,31,T02
G0056,P0325,rebounds,20,T02
G0056,P0325,assists,1,T02
G0056,P0017,points,39,T02
G0056,P0017,rebounds,19,T02
G0056,P0017,assists,2,T02
G0056,P0314,points,2,T02
G0056,P0314,rebounds,15,T02
G0056,P0314,assists,1,T02
G0056,P0234,points,24,T02
G0056,P0234,rebounds,1,T02
G0056,P0234,assists,11,T02
G0056,P0236,points,9,T02
G0056,P0236,rebounds,2,T02
G0056,P0236,assists,1,T02
G0056,P0208,points,7,T02
G0056,P0208,rebounds,11,T02
G0056,P0208,assists,1,T02
G0056,P0031,points,32,T15
G0056,P0031,rebounds,12,T15
G0056,P0031,assists,4,T15
G0056,P0064,points,40,T15
G0056,P0064,rebounds,13,T15
G0056,P0064,assists,10,T15
G0056,P0265,points,7,T15
G0056,P0265,rebounds,14,T15
G0056,P0265,assists,8,T15
G0056,P0305,points,40,T15
G0056,P0305,rebounds,10,T15
G0056,P0305,assists,10,T15
G0056,P0297,points,13,T15
G0056,P0297,rebounds,0,T15
G0056,P0297,assists,2,T15
G0056,P0362,points,35,T15
G0056,P0362,rebounds,15,T15
G0056,P0362,assists,5,T15
G0056,P0125,points,28,T15
G0056,P0125,rebounds,0,T15
G0056,P0125,assists,0,T15
G0056,P0341,points,20,T15
G0056,P0341,rebounds,13,T15
G0056,P0341,assists,14,T15
G0056,P0014,points,31,T15
G0056,P0014,rebounds,5,T15
G0056,P0014,assists,13,T15
G0056,P0168,points,20,T15
G0056,P0168,rebounds,17,T15
G0056,P0168,assists,2,T15
G0057,P0362,points,30,T17
G0057,P0362,rebounds,13,T17
G0057,P0362,assists,8,T17
G0057,P0420,points,38,T17
G0057,P0420,rebounds,17,T17
G0057,P0420,assists,6,T17
G0057,P0061,points,3,T17
G0057,P0061,rebounds,0,T17
G0057,P0061,assists,3,T17
G0057,P0390,points,2,T17
G0057,P0390,rebounds,4,T17
G0057,P0390,assists,1,T17
G0057,P0011,points,40,T17
G0057,P0011,rebounds,2,T17
G0057,P0011,assists,10,T17
G0057,P0034,points,14,T17
G0057,P0034,rebounds,3,T17
G0057,P0034,assists,11,T17
G0057,P0024,points,39,T17
G0057,P0024,rebounds,16,T17
G0057,P0024,assists,15,T17
G0057,P0419,points,24,T17
G0057,P0419,rebounds,14,T17
G0057,P0419,assists,2,T17
G0057,P0410,points,34,T17
G0057,P0410,rebounds,15,T17
G0057,P0410,assists,4,T17
G0057,P0303,points,14,T17
G0057,P0303,rebounds,12,T17
G0057,P0303,assists,0,T17
G0057,P0285,points,33,T14
G0057,P0285,rebounds,5,T14
G0057,P0285,assists,1,T14
G0057,P0042,points,13,T14
G0057,P0042,rebounds,17,T14
G0057,P0042,assists,4,T14
G0057,P0266,points,22,T14
G0057,P0266,rebounds,17,T14
G0057,P0266,assists,0,T14
G0057,P0230,points,31,T14
G0057,P0230,rebounds,6,T14
G0057,P0230,assists,11,T14
G0057,P0236,points,7,T14
G0057,P0236,rebounds,2,T14
G0057,P0236,assists,12,T14
G0057,P0162,points,33,T14
G0057,P0162,rebounds,20,T14
G0057,P0162,assists,10,T14
G0057,P0313,points,19,T14
G0057,P0313,rebounds,4,T14
G0057,P0313,assists,4,T14
G0057,P0241,points,26,T14
G0057,P0241,rebounds,7,T14
G0057,P0241,assists,7,T14
G0057,P0109,points,6,T14
G0057,P0109,rebounds,9,T14
G0057,P0109,assists,3,T14
G0057,P0091,points,4,T14
G0057,P0091,rebounds,2,T14
G0057,P0091,assists,8,T14
G0058,P0151,points,16,T05
G0058,P0151,rebounds,5,T05
G0058,P0151,assists,15,T05
G0058,P0188,points,20,T05
G0058,P0188,rebounds,14,T05
G0058,P0188,assists,0,T05
G0058,P0042,points,11,T05
G0058,P0042,rebounds,16,T05
G0058,P0042,assists,1,T05
G0058,P0399,points,4,T05
G0058,P0399,rebounds,17,T05
G0058,P0399,assists,4,T05
G0058,P0007,points,11,T05
G0058,P0007,rebounds,11,T05
G0058,P0007,assists,3,T05
G0058,P0102,points,1,T05
G0058,P0102,rebounds,0,T05
G0058,P0102,assists,1,T05
G0058,P0120,points,6,T05
G0058,P0120,rebounds,14,T05
G0058,P0120,assists,4,T05
G0058,P0056,points,2,T05
G0058,P0056,rebounds,0,T05
G0058,P0056,assists,7,T05
G0058,P0069,points,34,T05
G0058,P0069,rebounds,7,T05
G0058,P0069,assists,1,T05
G0058,P0213,points,9,T05
G0058,P0213,rebounds,10,T05
G0058,P0213,assists,3,T05
G0058,P0049,points,40,T24
G0058,P0049,rebounds,16,T24
G0058,P0049,assists,5,T24
G0058,P0122,points,39,T24
G0058,P0122,rebounds,6,T24
G0058,P0122,assists,2,T24
G0058,P0326,points,38,T24
G0058,P0326,rebounds,20,T24
G0058,P0326,assists,5,T24
G0058,P0057,points,24,T24
G0058,P0057,rebounds,3,T24
G0058,P0057,assists,10,T24
G0058,P0378,points,28,T24
G0058,P0378,rebounds,14,T24
G0058,P0378,assists,9,T24
G0058,P0236,points,28,T24
G0058,P0236,rebounds,11,T24
G0058,P0236,assists,13,T24
G0058,P0127,points,7,T24
G0058,P0127,rebounds,10,T24
G0058,P0127,assists,6,T24
G0058,P0418,points,21,T24
G0058,P0418,rebounds,2,T24
G0058,P0418,assists,5,T24
G0058,P0368,points,39,T24
G0058,P0368,rebounds,2,T24
G0058,P0368,assists,10,T24
G0058,P0148,points,27,T24
G0058,P0148,rebounds,9,T24
G0058,P0148,assists,0,T24
G0059,P0080,points,19,T23
G0059,P0080,rebounds,6,T23
G0059,P0080,assists,7,T23
G0059,P0067,points,10,T23
G0059,P0067,rebounds,18,T23
G0059,P0067,assists,15,T23
G0059,P0013,points,3,T23
G0059,P0013,rebounds,15,T23
G0059,P0013,assists,5,T23
G0059,P0264,points,1,T23
G0059,P0264,rebounds,19,T23
G0059,P0264,assists,0,T23
G0059,P0043,points,8,T23
G0059,P0043,rebounds,0,T23
G0059,P0043,assists,7,T23
G0059,P0350,points,24,T23
G0059,P0350,rebounds,6,T23
G0059,P0350,assists,1,T23
G0059,P0267,points,4,T23
G0059,P0267,rebounds,19,T23
G0059,P0267,assists,12,T23
G0059,P0015,points,38,T23
G0059,P0015,rebounds,11,T23
G0059,P0015,assists,8,T23
G0059,P0040,points,32,T23
G0059,P0040,rebounds,12,T23
G0059,P0040,assists,6,T23
G0059,P0114,points,11,T23
G0059,P0114,rebounds,10,T23
G0059,P0114,assists,1,T23
G0059,P0103,points,7,T02
G0059,P0103,rebounds,15,T02
G0059,P0103,assists,13,T02
G0059,P0302,points,4,T02
G0059,P0302,rebounds,2,T02
G0059,P0302,assists,1,T02
G0059,P0159,points,32,T02
G0059,P0159,rebounds,6,T02
G0059,P0159,assists,5,T02
G0059,P0207,points,0,T02
G0059,P0207,rebounds,20,T02
G0059,P0207,assists,6,T02
G0059,P0298,points,32,T02
G0059,P0298,rebounds,14,T02
G0059,P0298,assists,2,T02
G0059,P0241,points,32,T02
G0059,P0241,rebounds,11,T02
G0059,P0241,assists,9,T02
G0059,P0206,points,8,T02
G0059,P0206,rebounds,17,T02
G0059,P0206,assists,14,T02
G0059,P0228,points,16,T02
G0059,P0228,rebounds,1,T02
G0059,P0228,assists,13,T02
G0059,P0406,points,36,T02
G0059,P0406,rebounds,10,T02
G0059,P0406,assists,9,T02
G0059,P0005,points,9,T02
G0059,P0005,rebounds,1,T02
G0059,P0005,assists,15,T02
G0060,P0287,points,36,T21
G0060,P0287,rebounds,0,T21
G0060,P0287,assists,8,T21
G0060,P0199,points,4,T21
G0060,P0199,rebounds,18,T21
G0060,P0199,assists,0,T21
G0060,P0101,points,0,T21
G0060,P0101,rebounds,6,T21
G0060,P0101,assists,3,T21
G0060,P0148,points,20,T21
G0060,P0148,rebounds,6,T21
G0060,P0148,assists,5,T21
G0060,P0114,points,23,T21
G0060,P0114,rebounds,11,T21
G0060,P0114,assists,14,T21
G0060,P0154,points,19,T21
G0060,P0154,rebounds,11,T21
G0060,P0154,assists,10,T21
G0060,P0188,points,7,T21
G0060,P0188,rebounds,14,T21
G0060,P0188,assists,13,T21
G0060,P0079,points,13,T21
G0060,P0079,rebounds,3,T21
G0060,P0079,assists,5,T21
G0060,P0034,points,11,T21
G0060,P0034,rebounds,12,T21
G0060,P0034,assists,13,T21
G0060,P0011,points,24,T21
G0060,P0011,rebounds,2,T21
G0060,P0011,assists,5,T21
G0060,P0309,points,28,T03
G0060,P0309,rebounds,6,T03
G0060,P0309,assists,9,T03
G0060,P0342,points,28,T03
G0060,P0342,rebounds,6,T03
G0060,P0342,assists,10,T03
G0060,P0215,points,16,T03
G0060,P0215,rebounds,2,T03
G0060,P0215,assists,5,T03
G0060,P0081,points,18,T03
G0060,P0081,rebounds,0,T03
G0060,P0081,assists,14,T03
G0060,P0066,points,21,T03
G0060,P0066,rebounds,0,T03
G0060,P0066,assists,13,T03
G0060,P0159,points,35,T03
G0060,P0159,rebounds,0,T03
G0060,P0159,assists,2,T03
G0060,P0142,points,14,T03
G0060,P0142,rebounds,10,T03
G0060,P0142,assists,11,T03
G0060,P0193,points,17,T03
G0060,P0193,rebounds,12,T03
G0060,P0193,assists,0,T03
G0060,P0296,points,27,T03
G0060,P0296,rebounds,19,T03
G0060,P0296,assists,8,T03
G0060,P0045,points,18,T03
G0060,P0045,rebounds,6,T03
G0060,P0045,assists,15,T03
G0061,P0217,points,19,T28
G0061,P0217,rebounds,13,T28
G0061,P0217,assists,13,T28
G0061,P0014,points,2,T28
G0061,P0014,rebounds,11,T28
G0061,P0014,assists,13,T28
G0061,P0119,points,18,T28
G0061,P0119,rebounds,10,T28
G0061,P0119,assists,7,T28
G0061,P0058,points,37,T28
G0061,P0058,rebounds,1,T28
G0061,P0058,assists,14,T28
G0061,P0201,points,33,T28
G0061,P0201,rebounds,17,T28
G0061,P0201,assists,6,T28
G0061,P0086,points,21,T28
G0061,P0086,rebounds,7,T28
G0061,P0086,assists,4,T28
G0061,P0359,points,35,T28
G0061,P0359,rebounds,10,T28
G0061,P0359,assists,11,T28
G0061,P0233,points,4,T28
G0061,P0233,rebounds,16,T28
G0061,P0233,assists,10,T28
G0061,P0278,points,40,T28
G0061,P0278,rebounds,2,T28
G0061,P0278,assists,8,T28
G0061,P0384,points,20,T28
G0061,P0384,rebounds,11,T28
G0061,P0384,assists,0,T28
G0061,P0057,points,19,T08
G0061,P0057,rebounds,6,T08
G0061,P0057,assists,9,T08
G0061,P0363,points,9,T08
G0061,P0363,rebounds,9,T08
G0061,P0363,assists,9,T08
G0061,P0291,points,2,T08
G0061,P0291,rebounds,16,T08
G0061,P0291,assists,11,T08
G0061,P0407,points,2,T08
G0061,P0407,rebounds,1,T08
G0061,P0407,assists,13,T08
G0061,P0165,points,11,T08
G0061,P0165,rebounds,18,T08
G0061,P0165,assists,7,T08
G0061,P0111,points,14,T08
G0061,P0111,rebounds,5,T08
G0061,P0111,assists,10,T08
G0061,P0101,points,4,T08
G0061,P0101,rebounds,8,T08
G0061,P0101,assists,5,T08
G0061,P0012,points,6,T08
G0061,P0012,rebounds,7,T08
G0061,P0012,assists,8,T08
G0061,P0105,points,27,T08
G0061,P0105,rebounds,1,T08
G0061,P0105,assists,13,T08
G0061,P0272,points,36,T08
G0061,P0272,rebounds,14,T08
G0061,P0272,assists,14,T08
G0062,P0376,points,10,T23
G0062,P0376,rebounds,6,T23
G0062,P0376,assists,15,T23
G0062,P0301,points,33,T23
G0062,P0301,rebounds,0,T23
G0062,P0301,assists,11,T23
G0062,P0188,points,33,T23
G0062,P0188,rebounds,11,T23
G0062,P0188,assists,10,T23
G0062,P0075,points,0,T23
G0062,P0075,rebounds,0,T23
G0062,P0075,assists,0,T23
G0062,P0105,points,6,T23
G0062,P0105,rebounds,20,T23
G0062,P0105,assists,10,T23
G0062,P0232,points,32,T23
G0062,P0232,rebounds,6,T23
G0062,P0232,assists,15,T23
G0062,P0233,points,8,T23
G0062,P0233,rebounds,18,T23
G0062,P0233,assists,0,T23
G0062,P0339,points,0,T23
G0062,P0339,rebounds,1,T23
G0062,P0339,assists,12,T23
G0062,P0176,points,10,T23
G0062,P0176,rebounds,9,T23
G0062,P0176,assists,7,T23
G0062,P0412,points,32,T23
G0062,P0412,rebounds,7,T23
G0062,P0412,assists,0,T23
G0062,P0109,points,15,T15
G0062,P0109,rebounds,6,T15
G0062,P0109,assists,11,T15
G0062,P0078,points,30,T15
G0062,P0078,rebounds,1,T15
G0062,P0078,assists,12,T15
G0062,P0370,points,2,T15
G0062,P0370,rebounds,13,T15
G0062,P0370,assists,6,T15
G0062,P0317,points,12,T15
G0062,P0317,rebounds,10,T15
G0062,P0317,assists,4,T15
G0062,P0017,points,32,T15
G0062,P0017,rebounds,20,T15
G0062,P0017,assists,13,T15
G0062,P0247,points,18,T15
G0062,P0247,rebounds,10,T15
G0062,P0247,assists,7,T15
G0062,P0246,points,32,T15
G0062,P0246,rebounds,11,T15
G0062,P0246,assists,7,T15
G0062,P0020,points,16,T15
G0062,P0020,rebounds,7,T15
G0062,P0020,assists,8,T15
G0062,P0003,points,28,T15
G0062,P0003,rebounds,9,T15
G0062,P0003,assists,12,T15
G0062,P0130,points,33,T15
G0062,P0130,rebounds,9,T15
G0062,P0130,assists,14,T15
G0063,P0035,points,30,T11
G0063,P0035,rebounds,15,T11
G0063,P0035,assists,5,T11
G0063,P0142,points,16,T11
G0063,P0142,rebounds,8,T11
G0063,P0142,assists,13,T11
G0063,P0122,points,36,T11
G0063,P0122,rebounds,8,T11
G0063,P0122,assists,15,T11
G0063,P0072,points,23,T11
G0063,P0072,rebounds,8,T11
G0063,P0072,assists,0,T11
G0063,P0234,points,25,T11
G0063,P0234,rebounds,13,T11
G0063,P0234,assists,15,T11
G0063,P0385,points,29,T11
G0063,P0385,rebounds,0,T11
G0063,P0385,assists,9,T11
G0063,P0295,points,30,T11
G0063,P0295,rebounds,10,T11
G0063,P0295,assists,6,T11
G0063,P0118,points,33,T11
G0063,P0118,rebounds,12,T11
G0063,P0118,assists,10,T11
G0063,P0184,points,19,T11
G0063,P0184,rebounds,5,T11
G0063,P0184,assists,8,T11
G0063,P0353,points,39,T11
G0063,P0353,rebounds,12,T11
G0063,P0353,assists,11,T11
G0063,P0416,points,5,T21
G0063,P0416,rebounds,20,T21
G0063,P0416,assists,3,T21
G0063,P0327,points,39,T21
G0063,P0327,rebounds,9,T21
G0063,P0327,assists,14,T21
G0063,P0124,points,36,T21
G0063,P0124,rebounds,15,T21
G0063,P0124,assists,14,T21
G0063,P0257,points,24,T21
G0063,P0257,rebounds,17,T21
G0063,P0257,assists,2,T21
G0063,P0247,points,2,T21
G0063,P0247,rebounds,11,T21
G0063,P0247,assists,12,T21
G0063,P0308,points,31,T21
G0063,P0308,rebounds,11,T21
G0063,P0308,assists,8,T21
G0063,P0087,points,25,T21
G0063,P0087,rebounds,18,T21
G0063,P0087,assists,13,T21
G0063,P0403,points,4,T21
G0063,P0403,rebounds,12,T21
G0063,P0403,assists,6,T21
G0063,P0208,points,32,T21
G0063,P0208,rebounds,10,T21
G0063,P0208,assists,15,T21
G0063,P0002,points,17,T21
G0063,P0002,rebounds,14,T21
G0063,P0002,assists,1,T21
G0064,P0021,points,17,T30
G0064,P0021,rebounds,10,T30
G0064,P0021,assists,15,T30
G0064,P0411,points,40,T30
G0064,P0411,rebounds,3,T30
G0064,P0411,assists,1,T30
G0064,P0157,points,10,T30
G0064,P0157,rebounds,17,T30
G0064,P0157,assists,7,T30
G0064,P0203,points,35,T30
G0064,P0203,rebounds,13,T30
G0064,P0203,assists,8,T30
G0064,P0202,points,11,T30
G0064,P0202,rebounds,7,T30
G0064,P0202,assists,2,T30
G0064,P0347,points,21,T30
G0064,P0347,rebounds,5,T30
G0064,P0347,assists,4,T30
G0064,P0064,points,1,T30
G0064,P0064,rebounds,16,T30
G0064,P0064,assists,15,T30
G0064,P0007,points,20,T30
G0064,P0007,rebounds,11,T30
G0064,P0007,assists,14,T30
G0064,P0402,points,20,T30
G0064,P0402,rebounds,13,T30
G0064,P0402,assists,6,T30
G0064,P0384,points,21,T30
G0064,P0384,rebounds,10,T30
G0064,P0384,assists,11,T30
G0064,P0245,points,24,T15
G0064,P0245,rebounds,10,T15
G0064,P0245,assists,1,T15
G0064,P0371,points,37,T15
G0064,P0371,rebounds,18,T15
G0064,P0371,assists,2,T15
G0064,P0127,points,12,T15
G0064,P0127,rebounds,20,T15
G0064,P0127,assists,5,T15
G0064,P0307,points,33,T15
G0064,P0307,rebounds,16,T15
G0064,P0307,assists,13,T15
G0064,P0095,points,0,T15
G0064,P0095,rebounds,10,T15
G0064,P0095,assists,9,T15
G0064,P0293,points,34,T15
G0064,P0293,rebounds,4,T15
G0064,P0293,assists,4,T15
G0064,P0335,points,7,T15
G0064,P0335,rebounds,16,T15
G0064,P0335,assists,15,T15
G0064,P0143,points,5,T15
G0064,P0143,rebounds,4,T15
G0064,P0143,assists,4,T15
G0064,P0066,points,36,T15
G0064,P0066,rebounds,9,T15
G0064,P0066,assists,4,T15
G0064,P0097,points,13,T15
G0064,P0097,rebounds,12,T15
G0064,P0097,assists,6,T15
G0065,P0058,points,19,T13
G0065,P0058,rebounds,20,T13
G0065,P0058,assists,9,T13
G0065,P0303,points,35,T13
G0065,P0303,rebounds,15,T13
G0065,P0303,assists,14,T13
G0065,P0322,points,12,T13
G0065,P0322,rebounds,19,T13
G0065,P0322,assists,3,T13
G0065,P0338,points,17,T13
G0065,P0338,rebounds,14,T13
G0065,P0338,assists,4,T13
G0065,P0020,points,10,T13
G0065,P0020,rebounds,2,T13
G0065,P0020,assists,0,T13
G0065,P0107,points,20,T13
G0065,P0107,rebounds,20,T13
G0065,P0107,assists,3,T13
G0065,P0175,points,18,T13
G0065,P0175,rebounds,19,T13
G0065,P0175,assists,12,T13
G0065,P0311,points,0,T13
G0065,P0311,rebounds,10,T13
G0065,P0311,assists,2,T13
G0065,P0031,points,10,T13
G0065,P0031,rebounds,5,T13
G0065,P0031,assists,9,T13
G0065,P0065,points,8,T13
G0065,P0065,rebounds,5,T13
G0065,P0065,assists,3,T13
G0065,P0327,points,14,T14
G0065,P0327,rebounds,13,T14
G0065,P0327,assists,6,T14
G0065,P0310,points,13,T14
G0065,P0310,rebounds,10,T14
G0065,P0310,assists,9,T14
G0065,P0049,points,0,T14
G0065,P0049,rebounds,18,T14
G0065,P0049,assists,14,T14
G0065,P0189,points,24,T14
G0065,P0189,rebounds,12,T14
G0065,P0189,assists,11,T14
G0065,P0164,points,18,T14
G0065,P0164,rebounds,7,T14
G0065,P0164,assists,5,T14
G0065,P0203,points,6,T14
G0065,P0203,rebounds,17,T14
G0065,P0203,assists,5,T14
G0065,P0409,points,11,T14
G0065,P0409,rebounds,20,T14
G0065,P0409,assists,8,T14
G0065,P0163,points,25,T14
G0065,P0163,rebounds,5,T14
G0065,P0163,assists,4,T14
G0065,P0331,points,29,T14
G0065,P0331,rebounds,9,T14
G0065,P0331,assists,2,T14
G0065,P0125,points,34,T14
G0065,P0125,rebounds,8,T14
G0065,P0125,assists,10,T14
G0066,P0087,points,17,T10
G0066,P0087,rebounds,1,T10
G0066,P0087,assists,10,T10
G0066,P0060,points,30,T10
G0066,P0060,rebounds,5,T10
G0066,P0060,assists,5,T10
G0066,P0231,points,9,T10
G0066,P0231,rebounds,8,T10
G0066,P0231,assists,4,T10
G0066,P0280,points,10,T10
G0066,P0280,rebounds,9,T10
G0066,P0280,assists,13,T10
G0066,P0080,points,31,T10
G0066,P0080,rebounds,6,T10
G0066,P0080,assists,15,T10
G0066,P0367,points,8,T10
G0066,P0367,rebounds,19,T10
G0066,P0367,assists,4,T10
G0066,P0269,points,22,T10
G0066,P0269,rebounds,4,T10
G0066,P0269,assists,12,T10
G0066,P0382,points,13,T10
G0066,P0382,rebounds,18,T10
G0066,P0382,assists,1,T10
G0066,P0141,points,20,T10
G0066,P0141,rebounds,3,T10
G0066,P0141,assists,14,T10
G0066,P0321,points,17,T10
G0066,P0321,rebounds,14,T10
G0066,P0321,assists,14,T10
G0066,P0111,points,21,T29
G0066,P0111,rebounds,1,T29
G0066,P0111,assists,3,T29
G0066,P0092,points,8,T29
G0066,P0092,rebounds,19,T29
G0066,P0092,assists,14,T29
G0066,P0126,points,19,T29
G0066,P0126,rebounds,18,T29
G0066,P0126,assists,3,T29
G0066,P0235,points,27,T29
G0066,P0235,rebounds,8,T29
G0066,P0235,assists,3,T29
G0066,P0338,points,10,T29
G0066,P0338,rebounds,8,T29
G0066,P0338,assists,5,T29
G0066,P0242,points,8,T29
G0066,P0242,rebounds,7,T29
G0066,P0242,assists,2,T29
G0066,P0341,points,39,T29
G0066,P0341,rebounds,7,T29
G0066,P0341,assists,1,T29
G0066,P0025,points,23,T29
G0066,P0025,rebounds,18,T29
G0066,P0025,assists,5,T29
G0066,P0211,points,34,T29
G0066,P0211,rebounds,12,T29
G0066,P0211,assists,11,T29
G0066,P0030,points,12,T29
G0066,P0030,rebounds,0,T29
G0066,P0030,assists,5,T29
G0067,P0155,points,32,T28
G0067,P0155,rebounds,11,T28
G0067,P0155,assists,3,T28
G0067,P0324,points,30,T28
G0067,P0324,rebounds,20,T28
G0067,P0324,assists,6,T28
G0067,P0326,points,11,T28
G0067,P0326,rebounds,6,T28
G0067,P0326,assists,9,T28
G0067,P0364,points,1,T28
G0067,P0364,rebounds,10,T28
G0067,P0364,assists,0,T28
G0067,P0386,points,1,T28
G0067,P0386,rebounds,9,T28
G0067,P0386,assists,11,T28
G0067,P0239,points,36,T28
G0067,P0239,rebounds,1,T28
G0067,P0239,assists,3,T28
G0067,P0134,points,17,T28
G0067,P0134,rebounds,12,T28
G0067,P0134,assists,15,T28
G0067,P0117,points,28,T28
G0067,P0117,rebounds,11,T28
G0067,P0117,assists,0,T28
G0067,P0380,points,3,T28
G0067,P0380,rebounds,3,T28
G0067,P0380,assists,10,T28
G0067,P0125,points,13,T28
G0067,P0125,rebounds,5,T28
G0067,P0125,assists,10,T28
G0067,P0156,points,33,T05
G0067,P0156,rebounds,9,T05
G0067,P0156,assists,14,T05
G0067,P0247,points,30,T05
G0067,P0247,rebounds,15,T05
G0067,P0247,assists,13,T05
G0067,P0254,points,7,T05
G0067,P0254,rebounds,15,T05
G0067,P0254,assists,15,T05
G0067,P0075,points,40,T05
G0067,P0075,rebounds,12,T05
G0067,P0075,assists,12,T05
G0067,P0037,points,36,T05
G0067,P0037,rebounds,17,T05
G0067,P0037,assists,14,T05
G0067,P0200,points,34,T05
G0067,P0200,rebounds,8,T05
G0067,P0200,assists,11,T05
G0067,P0039,points,16,T05
G0067,P0039,rebounds,16,T05
G0067,P0039,assists,12,T05
G0067,P0400,points,38,T05
G0067,P0400,rebounds,12,T05
G0067,P0400,assists,7,T05
G0067,P0313,points,6,T05
G0067,P0313,rebounds,13,T05
G0067,P0313,assists,9,T05
G0067,P0145,points,21,T05
G0067,P0145,rebounds,14,T05
G0067,P0145,assists,13,T05
G0068,P0178,points,1,T12
G0068,P0178,rebounds,17,T12
G0068,P0178,assists,12,T12
G0068,P0255,points,20,T12
G0068,P0255,rebounds,0,T12
G0068,P0255,assists,1,T12
G0068,P0299,points,4,T12
G0068,P0299,rebounds,15,T12
G0068,P0299,assists,3,T12
G0068,P0403,points,10,T12
G0068,P0403,rebounds,18,T12
G0068,P0403,assists,14,T12
G0068,P0324,points,31,T12
G0068,P0324,rebounds,6,T12
G0068,P0324,assists,9,T12
G0068,P0340,points,8,T12
G0068,P0340,rebounds,18,T12
G0068,P0340,assists,1,T12
G0068,P0105,points,30,T12
G0068,P0105,rebounds,10,T12
G0068,P0105,assists,12,T12
G0068,P0062,points,18,T12
G0068,P0062,rebounds,3,T12
G0068,P0062,assists,12,T12
G0068,P0357,points,25,T12
G0068,P0357,rebounds,9,T12
G0068,P0357,assists,5,T12
G0068,P0333,points,14,T12
G0068,P0333,rebounds,10,T12
G0068,P0333,assists,4,T12
G0068,P0198,points,11,T18
G0068,P0198,rebounds,5,T18
G0068,P0198,assists,0,T18
G0068,P0069,points,38,T18
G0068,P0069,rebounds,4,T18
G0068,P0069,assists,2,T18
G0068,P0270,points,6,T18
G0068,P0270,rebounds,20,T18
G0068,P0270,assists,7,T18
G0068,P0233,points,13,T18
G0068,P0233,rebounds,8,T18
G0068,P0233,assists,1,T18
G0068,P0375,points,12,T18
G0068,P0375,rebounds,5,T18
G0068,P0375,assists,12,T18
G0068,P0237,points,2,T18
G0068,P0237,rebounds,8,T18
G0068,P0237,assists,12,T18
G0068,P0302,points,34,T18
G0068,P0302,rebounds,10,T18
G0068,P0302,assists,3,T18
G0068,P0407,points,13,T18
G0068,P0407,rebounds,4,T18
G0068,P0407,assists,10,T18
G0068,P0107,points,11,T18
G0068,P0107,rebounds,13,T18
G0068,P0107,assists,10,T18
G0068,P0091,points,38,T18
G0068,P0091,rebounds,7,T18
G0068,P0091,assists,15,T18
G0069,P0281,points,28,T03
G0069,P0281,rebounds,6,T03
G0069,P0281,assists,0,T03
G0069,P0339,points,0,T03
G0069,P0339,rebounds,17,T03
G0069,P0339,assists,2,T03
G0069,P0206,points,4,T03
G0069,P0206,rebounds,11,T03
G0069,P0206,assists,1,T03
G0069,P0274,points,26,T03
G0069,P0274,rebounds,11,T03
G0069,P0274,assists,10,T03
G0069,P0195,points,20,T03
G0069,P0195,rebounds,16,T03
G0069,P0195,assists,10,T03
G0069,P0210,points,17,T03
G0069,P0210,rebounds,0,T03
G0069,P0210,assists,4,T03
G0069,P0330,points,5,T03
G0069,P0330,rebounds,0,T03
G0069,P0330,assists,4,T03
G0069,P0296,points,8,T03
G0069,P0296,rebounds,1,T03
G0069,P0296,assists,4,T03
G0069,P0165,points,20,T03
G0069,P0165,rebounds,3,T03
G0069,P0165,assists,4,T03
G0069,P0149,points,0,T03
G0069,P0149,rebounds,1,T03
G0069,P0149,assists,2,T03
G0069,P0288,points,18,T17
G0069,P0288,rebounds,13,T17
G0069,P0288,assists,12,T17
G0069,P0390,points,25,T17
G0069,P0390,rebounds,12,T17
G0069,P0390,assists,14,T17
G0069,P0346,points,10,T17
G0069,P0346,rebounds,16,T17
G0069,P0346,assists,14,T17
G0069,P0145,points,23,T17
G0069,P0145,rebounds,17,T17
G0069,P0145,assists,2,T17
G0069,P0172,points,36,T17
G0069,P0172,rebounds,11,T17
G0069,P0172,assists,3,T17
G0069,P0386,points,2,T17
G0069,P0386,rebounds,15,T17
G0069,P0386,assists,6,T17
G0069,P0219,points,12,T17
G0069,P0219,rebounds,8,T17
G0069,P0219,assists,15,T17
G0069,P0113,points,17,T17
G0069,P0113,rebounds,1,T17
G0069,P0113,assists,4,T17
G0069,P0092,points,5,T17
G0069,P0092,rebounds,14,T17
G0069,P0092,assists,12,T17
G0069,P0080,points,34,T17
G0069,P0080,rebounds,13,T17
G0069,P0080,assists,12,T17
G0070,P0172,points,14,T15
G0070,P0172,rebounds,14,T15
G0070,P0172,assists,13,T15
G0070,P0223,points,26,T15
G0070,P0223,rebounds,10,T15
G0070,P0223,assists,10,T15
G0070,P0303,points,2,T15
G0070,P0303,rebounds,12,T15
G0070,P0303,assists,0,T15
G0070,P0229,points,39,T15
G0070,P0229,rebounds,18,T15
G0070,P0229,assists,8,T15
G0070,P0013,points,15,T15
G0070,P0013,rebounds,15,T15
G0070,P0013,assists,10,T15
G0070,P0232,points,28,T15
G0070,P0232,rebounds,10,T15
G0070,P0232,assists,3,T15
G0070,P0155,points,3,T15
G0070,P0155,rebounds,5,T15
G0070,P0155,assists,8,T15
G0070,P0259,points,17,T15
G0070,P0259,rebounds,10,T15
G0070,P0259,assists,4,T15
G0070,P0420,points,38,T15
G0070,P0420,rebounds,7,T15
G0070,P0420,assists,13,T15
G0070,P0045,points,16,T15
G0070,P0045,rebounds,9,T15
G0070,P0045,assists,9,T15
G0070,P0258,points,10,T14
G0070,P0258,rebounds,4,T14
G0070,P0258,assists,6,T14
G0070,P0119,points,32,T14
G0070,P0119,rebounds,3,T14
G0070,P0119,assists,7,T14
G0070,P0175,points,27,T14
G0070,P0175,rebounds,14,T14
G0070,P0175,assists,6,T14
G0070,P0034,points,3,T14
G0070,P0034,rebounds,0,T14
G0070,P0034,assists,7,T14
G0070,P0326,points,33,T14
G0070,P0326,rebounds,0,T14
G0070,P0326,assists,14,T14
G0070,P0195,points,27,T14
G0070,P0195,rebounds,0,T14
G0070,P0195,assists,5,T14
G0070,P0121,points,9,T14
G0070,P0121,rebounds,19,T14
G0070,P0121,assists,8,T14
G0070,P0237,points,13,T14
G0070,P0237,rebounds,5,T14
G0070,P0237,assists,9,T14
G0070,P0196,points,0,T14
G0070,P0196,rebounds,5,T14
G0070,P0196,assists,2,T14
G0070,P0171,points,25,T14
G0070,P0171,rebounds,14,T14
G0070,P0171,assists,7,T14
G0071,P0349,points,17,T24
G0071,P0349,rebounds,5,T24
G0071,P0349,assists,8,T24
G0071,P0051,points,5,T24
G0071,P0051,rebounds,17,T24
G0071,P0051,assists,10,T24
G0071,P0244,points,19,T24
G0071,P0244,rebounds,10,T24
G0071,P0244,assists,11,T24
G0071,P0047,points,21,T24
G0071,P0047,rebounds,17,T24
G0071,P0047,assists,14,T24
G0071,P0068,points,38,T24
G0071,P0068,rebounds,13,T24
G0071,P0068,assists,11,T24
G0071,P0420,points,12,T24
G0071,P0420,rebounds,0,T24
G0071,P0420,assists,6,T24
G0071,P0058,points,35,T24
G0071,P0058,rebounds,2,T24
G0071,P0058,assists,8,T24
G0071,P0153,points,7,T24
G0071,P0153,rebounds,9,T24
G0071,P0153,assists,2,T24
G0071,P0085,points,30,T24
G0071,P0085,rebounds,17,T24
G0071,P0085,assists,12,T24
G0071,P0341,points,28,T24
G0071,P0341,rebounds,4,T24
G0071,P0341,assists,8,T24
G0071,P0298,points,4,T25
G0071,P0298,rebounds,7,T25
G0071,P0298,assists,8,T25
G0071,P0149,points,27,T25
G0071,P0149,rebounds,2,T25
G0071,P0149,assists,13,T25
G0071,P0418,points,18,T25
G0071,P0418,rebounds,18,T25
G0071,P0418,assists,8,T25
G0071,P0218,points,22,T25
G0071,P0218,rebounds,14,T25
G0071,P0218,assists,13,T25
G0071,P0368,points,6,T25
G0071,P0368,rebounds,10,T25
G0071,P0368,assists,0,T25
G0071,P0196,points,19,T25
G0071,P0196,rebounds,17,T25
G0071,P0196,assists,13,T25
G0071,P0380,points,11,T25
G0071,P0380,rebounds,8,T25
G0071,P0380,assists,8,T25
G0071,P0174,points,16,T25
G0071,P0174,rebounds,3,T25
G0071,P0174,assists,4,T25
G0071,P0297,points,16,T25
G0071,P0297,rebounds,10,T25
G0071,P0297,assists,14,T25
G0071,P0122,points,22,T25
G0071,P0122,rebounds,8,T25
G0071,P0122,assists,10,T25
G0072,P0361,points,16,T06
G0072,P0361,rebounds,10,T06
G0072,P0361,assists,12,T06
G0072,P0388,points,3,T06
G0072,P0388,rebounds,7,T06
G0072,P0388,assists,1,T06
G0072,P0073,points,38,T06
G0072,P0073,rebounds,3,T06
G0072,P0073,assists,13,T06
G0072,P0359,points,7,T06
G0072,P0359,rebounds,6,T06
G0072,P0359,assists,9,T06
G0072,P0145,points,34,T06
G0072,P0145,rebounds,3,T06
G0072,P0145,assists,3,T06
G0072,P0114,points,36,T06
G0072,P0114,rebounds,6,T06
G0072,P0114,assists,3,T06
G0072,P0091,points,30,T06
G0072,P0091,rebounds,1,T06
G0072,P0091,assists,13,T06
G0072,P0203,points,35,T06
G0072,P0203,rebounds,17,T06
G0072,P0203,assists,4,T06
G0072,P0178,points,4,T06
G0072,P0178,rebounds,8,T06
G0072,P0178,assists,5,T06
G0072,P0318,points,39,T06
G0072,P0318,rebounds,13,T06
G0072,P0318,assists,15,T06
G0072,P0222,points,30,T09
G0072,P0222,rebounds,15,T09
G0072,P0222,assists,1,T09
G0072,P0099,points,2,T09
G0072,P0099,rebounds,0,T09
G0072,P0099,assists,9,T09
G0072,P0245,points,8,T09
G0072,P0245,rebounds,20,T09
G0072,P0245,assists,2,T09
G0072,P0215,points,38,T09
G0072,P0215,rebounds,14,T09
G0072,P0215,assists,1,T09
G0072,P0376,points,2,T09
G0072,P0376,rebounds,8,T09
G0072,P0376,assists,5,T09
G0072,P0039,points,12,T09
G0072,P0039,rebounds,11,T09
G0072,P0039,assists,2,T09
G0072,P0295,points,5,T09
G0072,P0295,rebounds,14,T09
G0072,P0295,assists,15,T09
G0072,P0270,points,11,T09
G0072,P0270,rebounds,19,T09
G0072,P0270,assists,5,T09
G0072,P0329,points,13,T09
G0072,P0329,rebounds,1,T09
G0072,P0329,assists,6,T09
G0072,P0056,points,20,T09
G0072,P0056,rebounds,13,T09
G0072,P0056,assists,2,T09
G0073,P0029,points,5,T14
G0073,P0029,rebounds,9,T14
G0073,P0029,assists,1,T14
G0073,P0220,points,40,T14
G0073,P0220,rebounds,9,T14
G0073,P0220,assists,15,T14
G0073,P0239,points,36,T14
G0073,P0239,rebounds,20,T14
G0073,P0239,assists,8,T14
G0073,P0397,points,17,T14
G0073,P0397,rebounds,15,T14
G0073,P0397,assists,1,T14
G0073,P0416,points,34,T14
G0073,P0416,rebounds,6,T14
G0073,P0416,assists,0,T14
G0073,P0060,points,9,T14
G0073,P0060,rebounds,5,T14
G0073,P0060,assists,0,T14
G0073,P0078,points,27,T14
G0073,P0078,rebounds,1,T14
G0073,P0078,assists,13,T14
G0073,P0262,points,18,T14
G0073,P0262,rebounds,15,T14
G0073,P0262,assists,5,T14
G0073,P0179,points,5,T14
G0073,P0179,rebounds,3,T14
G0073,P0179,assists,10,T14
G0073,P0061,points,29,T14
G0073,P0061,rebounds,5,T14
G0073,P0061,assists,5,T14
G0073,P0022,points,38,T29
G0073,P0022,rebounds,17,T29
G0073,P0022,assists,6,T29
G0073,P0400,points,9,T29
G0073,P0400,rebounds,6,T29
G0073,P0400,assists,8,T29
G0073,P0272,points,23,T29
G0073,P0272,rebounds,3,T29
G0073,P0272,assists,1,T29
G0073,P0037,points,20,T29
G0073,P0037,rebounds,16,T29
G0073,P0037,assists,2,T29
G0073,P0251,points,16,T29
G0073,P0251,rebounds,3,T29
G0073,P0251,assists,3,T29
G0073,P0204,points,25,T29
G0073,P0204,rebounds,6,T29
G0073,P0204,assists,4,T29
G0073,P0057,points,40,T29
G0073,P0057,rebounds,3,T29
G0073,P0057,assists,3,T29
G0073,P0186,points,38,T29
G0073,P0186,rebounds,11,T29
G0073,P0186,assists,0,T29
G0073,P0285,points,17,T29
G0073,P0285,rebounds,11,T29
G0073,P0285,assists,4,T29
G0073,P0156,points,22,T29
G0073,P0156,rebounds,13,T29
G0073,P0156,assists,4,T29
G0074,P0301,points,26,T04
G0074,P0301,rebounds,6,T04
G0074,P0301,assists,13,T04
G0074,P0334,points,34,T04
G0074,P0334,rebounds,11,T04
G0074,P0334,assists,6,T04
G0074,P0411,points,1,T04
G0074,P0411,rebounds,17,T04
G0074,P0411,assists,14,T04
G0074,P0187,points,18,T04
G0074,P0187,rebounds,10,T04
G0074,P0187,assists,12,T04
G0074,P0093,points,28,T04
G0074,P0093,rebounds,2,T04
G0074,P0093,assists,10,T04
G0074,P0082,points,37,T04
G0074,P0082,rebounds,15,T04
G0074,P0082,assists,7,T04
G0074,P0374,points,21,T04
G0074,P0374,rebounds,5,T04
G0074,P0374,assists,10,T04
G0074,P0037,points,9,T04
G0074,P0037,rebounds,7,T04
G0074,P0037,assists,4,T04
G0074,P0398,points,13,T04
G0074,P0398,rebounds,7,T04
G0074,P0398,assists,1,T04
G0074,P0135,points,29,T04
G0074,P0135,rebounds,9,T04
G0074,P0135,assists,15,T04
G0074,P0214,points,7,T11
G0074,P0214,rebounds,14,T11
G0074,P0214,assists,2,T11
G0074,P0273,points,22,T11
G0074,P0273,rebounds,10,T11
G0074,P0273,assists,7,T11
G0074,P0164,points,26,T11
G0074,P0164,rebounds,17,T11
G0074,P0164,assists,5,T11
G0074,P0267,points,34,T11
G0074,P0267,rebounds,3,T11
G0074,P0267,assists,4,T11
G0074,P0200,points,12,T11
G0074,P0200,rebounds,20,T11
G0074,P0200,assists,1,T11
G0074,P0075,points,16,T11
G0074,P0075,rebounds,8,T11
G0074,P0075,assists,12,T11
G0074,P0286,points,19,T11
G0074,P0286,rebounds,20,T11
G0074,P0286,assists,11,T11
G0074,P0268,points,28,T11
G0074,P0268,rebounds,15,T11
G0074,P0268,assists,2,T11
G0074,P0377,points,18,T11
G0074,P0377,rebounds,12,T11
G0074,P0377,assists,3,T11
G0074,P0249,points,4,T11
G0074,P0249,rebounds,2,T11
G0074,P0249,assists,12,T11
G0075,P0368,points,36,T21
G0075,P0368,rebounds,19,T21
G0075,P0368,assists,4,T21
G0075,P0116,points,22,T21
G0075,P0116,rebounds,0,T21
G0075,P0116,assists,9,T21
G0075,P0288,points,6,T21
G0075,P0288,rebounds,1,T21
G0075,P0288,assists,10,T21
G0075,P0076,points,7,T21
G0075,P0076,rebounds,10,T21
G0075,P0076,assists,1,T21
G0075,P0270,points,30,T21
G0075,P0270,rebounds,16,T21
G0075,P0270,assists,9,T21
G0075,P0323,points,34,T21
G0075,P0323,rebounds,9,T21
G0075,P0323,assists,2,T21
G0075,P0305,points,6,T21
G0075,P0305,rebounds,4,T21
G0075,P0305,assists,3,T21
G0075,P0166,points,13,T21
G0075,P0166,rebounds,4,T21
G0075,P0166,assists,9,T21
G0075,P0379,points,6,T21
G0075,P0379,rebounds,13,T21
G0075,P0379,assists,5,T21
G0075,P0339,points,28,T21
G0075,P0339,rebounds,10,T21
G0075,P0339,assists,14,T21
G0075,P0024,points,18,T16
G0075,P0024,rebounds,6,T16
G0075,P0024,assists,9,T16
G0075,P0064,points,27,T16
G0075,P0064,rebounds,9,T16
G0075,P0064,assists,8,T16
G0075,P0188,points,19,T16
G0075,P0188,rebounds,6,T16
G0075,P0188,assists,5,T16
G0075,P0179,points,37,T16
G0075,P0179,rebounds,14,T16
G0075,P0179,assists,1,T16
G0075,P0167,points,39,T16
G0075,P0167,rebounds,14,T16
G0075,P0167,assists,0,T16
G0075,P0236,points,29,T16
G0075,P0236,rebounds,12,T16
G0075,P0236,assists,14,T16
G0075,P0391,points,20,T16
G0075,P0391,rebounds,10,T16
G0075,P0391,assists,5,T16
G0075,P0265,points,13,T16
G0075,P0265,rebounds,12,T16
G0075,P0265,assists,13,T16
G0075,P0069,points,36,T16
G0075,P0069,rebounds,16,T16
G0075,P0069,assists,9,T16
G0075,P0414,points,20,T16
G0075,P0414,rebounds,7,T16
G0075,P0414,assists,12,T16
G0076,P0359,points,5,T15
G0076,P0359,rebounds,10,T15
G0076,P0359,assists,5,T15
G0076,P0131,points,0,T15
G0076,P0131,rebounds,2,T15
G0076,P0131,assists,8,T15
G0076,P0402,points,3,T15
G0076,P0402,rebounds,17,T15
G0076,P0402,assists,12,T15
G0076,P0111,points,29,T15
G0076,P0111,rebounds,3,T15
G0076,P0111,assists,12,T15
G0076,P0204,points,26,T15
G0076,P0204,rebounds,8,T15
G0076,P0204,assists,0,T15
G0076,P0245,points,21,T15
G0076,P0245,rebounds,16,T15
G0076,P0245,assists,0,T15
G0076,P0360,points,2,T15
G0076,P0360,rebounds,8,T15
G0076,P0360,assists,8,T15
G0076,P0148,points,19,T15
G0076,P0148,rebounds,8,T15
G0076,P0148,assists,4,T15
G0076,P0219,points,2,T15
G0076,P0219,rebounds,0,T15
G0076,P0219,assists,1,T15
G0076,P0133,points,28,T15
G0076,P0133,rebounds,16,T15
G0076,P0133,assists,6,T15
G0076,P0062,points,3,T17
G0076,P0062,rebounds,8,T17
G0076,P0062,assists,15,T17
G0076,P0200,points,10,T17
G0076,P0200,rebounds,10,T17
G0076,P0200,assists,8,T17
G0076,P0216,points,13,T17
G0076,P0216,rebounds,9,T17
G0076,P0216,assists,7,T17
G0076,P0253,points,19,T17
G0076,P0253,rebounds,15,T17
G0076,P0253,assists,9,T17
G0076,P0410,points,2,T17
G0076,P0410,rebounds,0,T17
G0076,P0410,assists,6,T17
G0076,P0017,points,37,T17
G0076,P0017,rebounds,0,T17
G0076,P0017,assists,1,T17
G0076,P0235,points,27,T17
G0076,P0235,rebounds,9,T17
G0076,P0235,assists,3,T17
G0076,P0334,points,8,T17
G0076,P0334,rebounds,13,T17
G0076,P0334,assists,8,T17
G0076,P0335,points,26,T17
G0076,P0335,rebounds,5,T17
G0076,P0335,assists,8,T17
G0076,P0217,points,35,T17
G0076,P0217,rebounds,6,T17
G0076,P0217,assists,6,T17
G0077,P0168,points,14,T10
G0077,P0168,rebounds,10,T10
G0077,P0168,assists,7,T10
G0077,P0068,points,37,T10
G0077,P0068,rebounds,20,T10
G0077,P0068,assists,12,T10
G0077,P0014,points,26,T10
G0077,P0014,rebounds,2,T10
G0077,P0014,assists,14,T10
G0077,P0009,points,5,T10
G0077,P0009,rebounds,3,T10
G0077,P0009,assists,1,T10
G0077,P0104,points,38,T10
G0077,P0104,rebounds,10,T10
G0077,P0104,assists,3,T10
G0077,P0264,points,3,T10
G0077,P0264,rebounds,8,T10
G0077,P0264,assists,11,T10
G0077,P0226,points,40,T10
G0077,P0226,rebounds,11,T10
G0077,P0226,assists,9,T10
G0077,P0169,points,34,T10
G0077,P0169,rebounds,18,T10
G0077,P0169,assists,4,T10
G0077,P0296,points,40,T10
G0077,P0296,rebounds,10,T10
G0077,P0296,assists,14,T10
G0077,P0413,points,4,T10
G0077,P0413,rebounds,2,T10
G0077,P0413,assists,14,T10
G0077,P0145,points,27,T26
G0077,P0145,rebounds,3,T26
G0077,P0145,assists,14,T26
G0077,P0414,points,4,T26
G0077,P0414,rebounds,14,T26
G0077,P0414,assists,3,T26
G0077,P0327,points,2,T26
G0077,P0327,rebounds,16,T26
G0077,P0327,assists,13,T26
G0077,P0123,points,4,T26
G0077,P0123,rebounds,1,T26
G0077,P0123,assists,9,T26
G0077,P0054,points,1,T26
G0077,P0054,rebounds,15,T26
G0077,P0054,assists,14,T26
G0077,P0233,points,30,T26
G0077,P0233,rebounds,4,T26
G0077,P0233,assists,3,T26
G0077,P0297,points,27,T26
G0077,P0297,rebounds,1,T26
G0077,P0297,assists,8,T26
G0077,P0235,points,18,T26
G0077,P0235,rebounds,15,T26
G0077,P0235,assists,3,T26
G0077,P0392,points,31,T26
G0077,P0392,rebounds,14,T26
G0077,P0392,assists,3,T26
G0077,P0256,points,14,T26
G0077,P0256,rebounds,1,T26
G0077,P0256,assists,7,T26
G0078,P0078,points,19,T07
G0078,P0078,rebounds,15,T07
G0078,P0078,assists,6,T07
G0078,P0235,points,31,T07
G0078,P0235,rebounds,14,T07
G0078,P0235,assists,1,T07
G0078,P0035,points,22,T07
G0078,P0035,rebounds,3,T07
G0078,P0035,assists,7,T07
G0078,P0030,points,15,T07
G0078,P0030,rebounds,16,T07
G0078,P0030,assists,13,T07
G0078,P0108,points,18,T07
G0078,P0108,rebounds,11,T07
G0078,P0108,assists,10,T07
G0078,P0284,points,26,T07
G0078,P0284,rebounds,13,T07
G0078,P0284,assists,12,T07
G0078,P0036,points,40,T07
G0078,P0036,rebounds,17,T07
G0078,P0036,assists,2,T07
G0078,P0232,points,19,T07
G0078,P0232,rebounds,9,T07
G0078,P0232,assists,8,T07
G0078,P0142,points,21,T07
G0078,P0142,rebounds,15,T07
G0078,P0142,assists,6,T07
G0078,P0047,points,10,T07
G0078,P0047,rebounds,9,T07
G0078,P0047,assists,13,T07
G0078,P0239,points,12,T14
G0078,P0239,rebounds,0,T14
G0078,P0239,assists,15,T14
G0078,P0141,points,8,T14
G0078,P0141,rebounds,12,T14
G0078,P0141,assists,12,T14
G0078,P0366,points,11,T14
G0078,P0366,rebounds,7,T14
G0078,P0366,assists,4,T14
G0078,P0301,points,6,T14
G0078,P0301,rebounds,3,T14
G0078,P0301,assists,2,T14
G0078,P0343,points,18,T14
G0078,P0343,rebounds,11,T14
G0078,P0343,assists,0,T14
G0078,P0375,points,34,T14
G0078,P0375,rebounds,14,T14
G0078,P0375,assists,1,T14
G0078,P0066,points,34,T14
G0078,P0066,rebounds,0,T14
G0078,P0066,assists,8,T14
G0078,P0094,points,19,T14
G0078,P0094,rebounds,10,T14
G0078,P0094,assists,15,T14
G0078,P0256,points,38,T14
G0078,P0256,rebounds,5,T14
G0078,P0256,assists,9,T14
G0078,P0208,points,39,T14
G0078,P0208,rebounds,15,T14
G0078,P0208,assists,14,T14
G0079,P0117,points,40,T17
G0079,P0117,rebounds,7,T17
G0079,P0117,assists,2,T17
G0079,P0295,points,25,T17
G0079,P0295,rebounds,16,T17
G0079,P0295,assists,2,T17
G0079,P0134,points,1,T17
G0079,P0134,rebounds,18,T17
G0079,P0134,assists,14,T17
G0079,P0211,points,6,T17
G0079,P0211,rebounds,18,T17
G0079,P0211,assists,14,T17
G0079,P0339,points,40,T17
G0079,P0339,rebounds,4,T17
G0079,P0339,assists,9,T17
G0079,P0179,points,40,T17
G0079,P0179,rebounds,18,T17
G0079,P0179,assists,9,T17
G0079,P0286,points,8,T17
G0079,P0286,rebounds,1,T17
G0079,P0286,assists,4,T17
G0079,P0178,points,2,T17
G0079,P0178,rebounds,4,T17
G0079,P0178,assists,1,T17
G0079,P0214,points,31,T17
G0079,P0214,rebounds,12,T17
G0079,P0214,assists,8,T17
G0079,P0386,points,33,T17
G0079,P0386,rebounds,8,T17
G0079,P0386,assists,6,T17
G0079,P0038,points,8,T09
G0079,P0038,rebounds,9,T09
G0079,P0038,assists,2,T09
G0079,P0196,points,24,T09
G0079,P0196,rebounds,20,T09
G0079,P0196,assists,8,T09
G0079,P0291,points,12,T09
G0079,P0291,rebounds,14,T09
G0079,P0291,assists,13,T09
G0079,P0215,points,19,T09
G0079,P0215,rebounds,5,T09
G0079,P0215,assists,11,T09
G0079,P0334,points,7,T09
G0079,P0334,rebounds,20,T09
G0079,P0334,assists,5,T09
G0079,P0052,points,14,T09
G0079,P0052,rebounds,15,T09
G0079,P0052,assists,0,T09
G0079,P0367,points,8,T09
G0079,P0367,rebounds,2,T09
G0079,P0367,assists,6,T09
G0079,P0087,points,22,T09
G0079,P0087,rebounds,3,T09
G0079,P0087,assists,5,T09
G0079,P0018,points,31,T09
G0079,P0018,rebounds,19,T09
G0079,P0018,assists,0,T09
G0079,P0359,points,25,T09
G0079,P0359,rebounds,0,T09
G0079,P0359,assists,8,T09
G0080,P0002,points,38,T21
G0080,P0002,rebounds,2,T21
G0080,P0002,assists,10,T21
G0080,P0097,points,38,T21
G0080,P0097,rebounds,6,T21
G0080,P0097,assists,1,T21
G0080,P0329,points,35,T21
G0080,P0329,rebounds,9,T21
G0080,P0329,assists,0,T21
G0080,P0108,points,34,T21
G0080,P0108,rebounds,14,T21
G0080,P0108,assists,1,T21
G0080,P0261,points,10,T21
G0080,P0261,rebounds,0,T21
G0080,P0261,assists,15,T21
G0080,P0362,points,1,T21
G0080,P0362,rebounds,16,T21
G0080,P0362,assists,8,T21
G0080,P0342,points,23,T21
G0080,P0342,rebounds,17,T21
G0080,P0342,assists,14,T21
G0080,P0118,points,5,T21
G0080,P0118,rebounds,0,T21
G0080,P0118,assists,1,T21
G0080,P0187,points,27,T21
G0080,P0187,rebounds,11,T21
G0080,P0187,assists,1,T21
G0080,P0326,points,9,T21
G0080,P0326,rebounds,11,T21
G0080,P0326,assists,11,T21
G0080,P0084,points,14,T01
G0080,P0084,rebounds,19,T01
G0080,P0084,assists,15,T01
G0080,P0376,points,31,T01
G0080,P0376,rebounds,9,T01
G0080,P0376,assists,14,T01
G0080,P0025,points,29,T01
G0080,P0025,rebounds,10,T01
G0080,P0025,assists,7,T01
G0080,P0018,points,34,T01
G0080,P0018,rebounds,11,T01
G0080,P0018,assists,2,T01
G0080,P0375,points,40,T01
G0080,P0375,rebounds,1,T01
G0080,P0375,assists,11,T01
G0080,P0256,points,26,T01
G0080,P0256,rebounds,12,T01
G0080,P0256,assists,0,T01
G0080,P0343,points,20,T01
G0080,P0343,rebounds,18,T01
G0080,P0343,assists,3,T01
G0080,P0339,points,28,T01
G0080,P0339,rebounds,18,T01
G0080,P0339,assists,15,T01
G0080,P0227,points,21,T01
G0080,P0227,rebounds,6,T01
G0080,P0227,assists,11,T01
G0080,P0283,points,19,T01
G0080,P0283,rebounds,13,T01
G0080,P0283,assists,11,T01
G0081,P0420,points,9,T29
G0081,P0420,rebounds,0,T29
G0081,P0420,assists,15,T29
G0081,P0372,points,21,T29
G0081,P0372,rebounds,16,T29
G0081,P0372,assists,5,T29
G0081,P0292,points,12,T29
G0081,P0292,rebounds,4,T29
G0081,P0292,assists,3,T29
G0081,P0417,points,19,T29
G0081,P0417,rebounds,2,T29
G0081,P0417,assists,13,T29
G0081,P0313,points,20,T29
G0081,P0313,rebounds,19,T29
G0081,P0313,assists,8,T29
G0081,P0387,points,12,T29
G0081,P0387,rebounds,10,T29
G0081,P0387,assists,2,T29
G0081,P0410,points,33,T29
G0081,P0410,rebounds,15,T29
G0081,P0410,assists,2,T29
G0081,P0225,points,23,T29
G0081,P0225,rebounds,11,T29
G0081,P0225,assists,3,T29
G0081,P0101,points,5,T29
G0081,P0101,rebounds,15,T29
G0081,P0101,assists,4,T29
G0081,P0275,points,21,T29
G0081,P0275,rebounds,5,T29
G0081,P0275,assists,10,T29
G0081,P0393,points,2,T11
G0081,P0393,rebounds,7,T11
G0081,P0393,assists,8,T11
G0081,P0035,points,18,T11
G0081,P0035,rebounds,12,T11
G0081,P0035,assists,2,T11
G0081,P0210,points,18,T11
G0081,P0210,rebounds,15,T11
G0081,P0210,assists,5,T11
G0081,P0175,points,6,T11
G0081,P0175,rebounds,17,T11
G0081,P0175,assists,12,T11
G0081,P0361,points,27,T11
G0081,P0361,rebounds,16,T11
G0081,P0361,assists,12,T11
G0081,P0049,points,30,T11
G0081,P0049,rebounds,10,T11
G0081,P0049,assists,0,T11
G0081,P0116,points,24,T11
G0081,P0116,rebounds,5,T11
G0081,P0116,assists,12,T11
G0081,P0068,points,19,T11
G0081,P0068,rebounds,19,T11
G0081,P0068,assists,9,T11
G0081,P0015,points,22,T11
G0081,P0015,rebounds,19,T11
G0081,P0015,assists,7,T11
G0081,P0166,points,15,T11
G0081,P0166,rebounds,7,T11
G0081,P0166,assists,14,T11
G0082,P0068,points,5,T14
G0082,P0068,rebounds,4,T14
G0082,P0068,assists,4,T14
G0082,P0269,points,1,T14
G0082,P0269,rebounds,20,T14
G0082,P0269,assists,4,T14
G0082,P0311,points,32,T14
G0082,P0311,rebounds,18,T14
G0082,P0311,assists,12,T14
G0082,P0154,points,34,T14
G0082,P0154,rebounds,2,T14
G0082,P0154,assists,5,T14
G0082,P0095,points,30,T14
G0082,P0095,rebounds,12,T14
G0082,P0095,assists,0,T14
G0082,P0064,points,23,T14
G0082,P0064,rebounds,16,T14
G0082,P0064,assists,13,T14
G0082,P0022,points,15,T14
G0082,P0022,rebounds,4,T14
G0082,P0022,assists,4,T14
G0082,P0418,points,12,T14
G0082,P0418,rebounds,7,T14
G0082,P0418,assists,4,T14
G0082,P0204,points,18,T14
G0082,P0204,rebounds,0,T14
G0082,P0204,assists,4,T14
G0082,P0298,points,12,T14
G0082,P0298,rebounds,3,T14
G0082,P0298,assists,14,T14
G0082,P0216,points,27,T25
G0082,P0216,rebounds,19,T25
G0082,P0216,assists,8,T25
G0082,P0257,points,4,T25
G0082,P0257,rebounds,18,T25
G0082,P0257,assists,7,T25
G0082,P0077,points,28,T25
G0082,P0077,rebounds,8,T25
G0082,P0077,assists,7,T25
G0082,P0001,points,20,T25
G0082,P0001,rebounds,5,T25
G0082,P0001,assists,8,T25
G0082,P0268,points,30,T25
G0082,P0268,rebounds,0,T25
G0082,P0268,assists,2,T25
G0082,P0103,points,34,T25
G0082,P0103,rebounds,11,T25
G0082,P0103,assists,15,T25
G0082,P0280,points,24,T25
G0082,P0280,rebounds,13,T25
G0082,P0280,assists,14,T25
G0082,P0128,points,27,T25
G0082,P0128,rebounds,6,T25
G0082,P0128,assists,8,T25
G0082,P0121,points,9,T25
G0082,P0121,rebounds,7,T25
G0082,P0121,assists,10,T25
G0082,P0212,points,6,T25
G0082,P0212,rebounds,14,T25
G0082,P0212,assists,9,T25
G0083,P0273,points,36,T05
G0083,P0273,rebounds,4,T05
G0083,P0273,assists,10,T05
G0083,P0342,points,33,T05
G0083,P0342,rebounds,8,T05
G0083,P0342,assists,15,T05
G0083,P0303,points,18,T05
G0083,P0303,rebounds,9,T05
G0083,P0303,assists,14,T05
G0083,P0138,points,26,T05
G0083,P0138,rebounds,18,T05
G0083,P0138,assists,12,T05
G0083,P0127,points,29,T05
G0083,P0127,rebounds,5,T05
G0083,P0127,assists,6,T05
G0083,P0174,points,35,T05
G0083,P0174,rebounds,12,T05
G0083,P0174,assists,4,T05
G0083,P0019,points,13,T05
G0083,P0019,rebounds,16,T05
G0083,P0019,assists,2,T05
G0083,P0176,points,4,T05
G0083,P0176,rebounds,16,T05
G0083,P0176,assists,4,T05
G0083,P0151,points,31,T05
G0083,P0151,rebounds,11,T05
G0083,P0151,assists,15,T05
G0083,P0292,points,21,T05
G0083,P0292,rebounds,18,T05
G0083,P0292,assists,13,T05
G0083,P0097,points,8,T01
G0083,P0097,rebounds,20,T01
G0083,P0097,assists,11,T01
G0083,P0372,points,4,T01
G0083,P0372,rebounds,0,T01
G0083,P0372,assists,4,T01
G0083,P0412,points,0,T01
G0083,P0412,rebounds,7,T01
G0083,P0412,assists,15,T01
G0083,P0039,points,19,T01
G0083,P0039,rebounds,0,T01
G0083,P0039,assists,7,T01
G0083,P0387,points,8,T01
G0083,P0387,rebounds,17,T01
G0083,P0387,assists,1,T01
G0083,P0410,points,31,T01
G0083,P0410,rebounds,9,T01
G0083,P0410,assists,0,T01
G0083,P0008,points,27,T01
G0083,P0008,rebounds,9,T01
G0083,P0008,assists,12,T01
G0083,P0115,points,25,T01
G0083,P0115,rebounds,16,T01
G0083,P0115,assists,7,T01
G0083,P0271,points,0,T01
G0083,P0271,rebounds,2,T01
G0083,P0271,assists,7,T01
G0083,P0379,points,16,T01
G0083,P0379,rebounds,16,T01
G0083,P0379,assists,6,T01
G0084,P0159,points,1,T25
G0084,P0159,rebounds,15,T25
G0084,P0159,assists,15,T25
G0084,P0078,points,27,T25
G0084,P0078,rebounds,17,T25
G0084,P0078,assists,3,T25
G0084,P0134,points,40,T25
G0084,P0134,rebounds,11,T25
G0084,P0134,assists,10,T25
G0084,P0052,points,31,T25
G0084,P0052,rebounds,13,T25
G0084,P0052,assists,5,T25
G0084,P0417,points,25,T25
G0084,P0417,rebounds,13,T25
G0084,P0417,assists,13,T25
G0084,P0314,points,19,T25
G0084,P0314,rebounds,10,T25
G0084,P0314,assists,8,T25
G0084,P0354,points,4,T25
G0084,P0354,rebounds,1,T25
G0084,P0354,assists,0,T25
G0084,P0217,points,27,T25
G0084,P0217,rebounds,8,T25
G0084,P0217,assists,13,T25
G0084,P0247,points,28,T25
G0084,P0247,rebounds,2,T25
G0084,P0247,assists,1,T25
G0084,P0327,points,15,T25
G0084,P0327,rebounds,19,T25
G0084,P0327,assists,0,T25
G0084,P0256,points,7,T27
G0084,P0256,rebounds,0,T27
G0084,P0256,assists,6,T27
G0084,P0357,points,40,T27
G0084,P0357,rebounds,14,T27
G0084,P0357,assists,7,T27
G0084,P0177,points,5,T27
G0084,P0177,rebounds,7,T27
G0084,P0177,assists,8,T27
G0084,P0228,points,11,T27
G0084,P0228,rebounds,14,T27
G0084,P0228,assists,15,T27
G0084,P0123,points,8,T27
G0084,P0123,rebounds,5,T27
G0084,P0123,assists,2,T27
G0084,P0408,points,29,T27
G0084,P0408,rebounds,9,T27
G0084,P0408,assists,4,T27
G0084,P0306,points,8,T27
G0084,P0306,rebounds,1,T27
G0084,P0306,assists,7,T27
G0084,P0102,points,28,T27
G0084,P0102,rebounds,4,T27
G0084,P0102,assists,0,T27
G0084,P0035,points,19,T27
G0084,P0035,rebounds,14,T27
G0084,P0035,assists,5,T27
G0084,P0317,points,10,T27
G0084,P0317,rebounds,3,T27
G0084,P0317,assists,11,T27
G0085,P0272,points,34,T19
G0085,P0272,rebounds,4,T19
G0085,P0272,assists,4,T19
G0085,P0154,points,33,T19
G0085,P0154,rebounds,19,T19
G0085,P0154,assists,1,T19
G0085,P0300,points,34,T19
G0085,P0300,rebounds,10,T19
G0085,P0300,assists,9,T19
G0085,P0295,points,3,T19
G0085,P0295,rebounds,14,T19
G0085,P0295,assists,10,T19
G0085,P0165,points,27,T19
G0085,P0165,rebounds,16,T19
G0085,P0165,assists,15,T19
G0085,P0011,points,34,T19
G0085,P0011,rebounds,15,T19
G0085,P0011,assists,15,T19
G0085,P0318,points,27,T19
G0085,P0318,rebounds,14,T19
G0085,P0318,assists,8,T19
G0085,P0355,points,31,T19
G0085,P0355,rebounds,1,T19
G0085,P0355,assists,8,T19
G0085,P0215,points,17,T19
G0085,P0215,rebounds,19,T19
G0085,P0215,assists,1,T19
G0085,P0416,points,26,T19
G0085,P0416,rebounds,3,T19
G0085,P0416,assists,14,T19
G0085,P0230,points,34,T16
G0085,P0230,rebounds,4,T16
G0085,P0230,assists,13,T16
G0085,P0312,points,20,T16
G0085,P0312,rebounds,20,T16
G0085,P0312,assists,11,T16
G0085,P0017,points,1,T16
G0085,P0017,rebounds,4,T16
G0085,P0017,assists,6,T16
G0085,P0404,points,8,T16
G0085,P0404,rebounds,2,T16
G0085,P0404,assists,15,T16
G0085,P0209,points,35,T16
G0085,P0209,rebounds,9,T16
G0085,P0209,assists,3,T16
G0085,P0240,points,7,T16
G0085,P0240,rebounds,19,T16
G0085,P0240,assists,5,T16
G0085,P0262,points,0,T16
G0085,P0262,rebounds,8,T16
G0085,P0262,assists,7,T16
G0085,P0386,points,25,T16
G0085,P0386,rebounds,7,T16
G0085,P0386,assists,14,T16
G0085,P0269,points,26,T16
G0085,P0269,rebounds,20,T16
G0085,P0269,assists,5,T16
G0085,P0087,points,26,T16
G0085,P0087,rebounds,7,T16
G0085,P0087,assists,11,T16
G0086,P0091,points,20,T22
G0086,P0091,rebounds,2,T22
G0086,P0091,assists,10,T22
G0086,P0372,points,25,T22
G0086,P0372,rebounds,5,T22
G0086,P0372,assists,13,T22
G0086,P0409,points,35,T22
G0086,P0409,rebounds,6,T22
G0086,P0409,assists,7,T22
G0086,P0300,points,8,T22
G0086,P0300,rebounds,3,T22
G0086,P0300,assists,4,T22
G0086,P0419,points,14,T22
G0086,P0419,rebounds,5,T22
G0086,P0419,assists,2,T22
G0086,P0307,points,18,T22
G0086,P0307,rebounds,13,T22
G0086,P0307,assists,5,T22
G0086,P0388,points,21,T22
G0086,P0388,rebounds,5,T22
G0086,P0388,assists,11,T22
G0086,P0355,points,26,T22
G0086,P0355,rebounds,20,T22
G0086,P0355,assists,0,T22
G0086,P0045,points,34,T22
G0086,P0045,rebounds,7,T22
G0086,P0045,assists,1,T22
G0086,P0133,points,28,T22
G0086,P0133,rebounds,3,T22
G0086,P0133,assists,2,T22
G0086,P0132,points,40,T05
G0086,P0132,rebounds,4,T05
G0086,P0132,assists,8,T05
G0086,P0231,points,8,T05
G0086,P0231,rebounds,2,T05
G0086,P0231,assists,0,T05
G0086,P0227,points,0,T05
G0086,P0227,rebounds,9,T05
G0086,P0227,assists,6,T05
G0086,P0186,points,1,T05
G0086,P0186,rebounds,7,T05
G0086,P0186,assists,4,T05
G0086,P0239,points,23,T05
G0086,P0239,rebounds,20,T05
G0086,P0239,assists,11,T05
G0086,P0267,points,37,T05
G0086,P0267,rebounds,4,T05
G0086,P0267,assists,3,T05
G0086,P0057,points,30,T05
G0086,P0057,rebounds,6,T05
G0086,P0057,assists,13,T05
G0086,P0225,points,19,T05
G0086,P0225,rebounds,4,T05
G0086,P0225,assists,13,T05
G0086,P0118,points,22,T05
G0086,P0118,rebounds,16,T05
G0086,P0118,assists,7,T05
G0086,P0197,points,5,T05
G0086,P0197,rebounds,14,T05
G0086,P0197,assists,1,T05
G0087,P0045,points,35,T03
G0087,P0045,rebounds,5,T03
G0087,P0045,assists,0,T03
G0087,P0273,points,27,T03
G0087,P0273,rebounds,14,T03
G0087,P0273,assists,2,T03
G0087,P0361,points,1,T03
G0087,P0361,rebounds,2,T03
G0087,P0361,assists,6,T03
G0087,P0417,points,5,T03
G0087,P0417,rebounds,14,T03
G0087,P0417,assists,1,T03
G0087,P0367,points,32,T03
G0087,P0367,rebounds,18,T03
G0087,P0367,assists,11,T03
G0087,P0047,points,38,T03
G0087,P0047,rebounds,19,T03
G0087,P0047,assists,0,T03
G0087,P0242,points,14,T03
G0087,P0242,rebounds,15,T03
G0087,P0242,assists,5,T03
G0087,P0327,points,30,T03
G0087,P0327,rebounds,16,T03
G0087,P0327,assists,15,T03
G0087,P0172,points,13,T03
G0087,P0172,rebounds,7,T03
G0087,P0172,assists,0,T03
G0087,P0170,points,11,T03
G0087,P0170,rebounds,5,T03
G0087,P0170,assists,7,T03
G0087,P0043,points,17,T10
G0087,P0043,rebounds,17,T10
G0087,P0043,assists,12,T10
G0087,P0266,points,29,T10
G0087,P0266,rebounds,0,T10
G0087,P0266,assists,7,T10
G0087,P0163,points,29,T10
G0087,P0163,rebounds,5,T10
G0087,P0163,assists,6,T10
G0087,P0181,points,29,T10
G0087,P0181,rebounds,16,T10
G0087,P0181,assists,13,T10
G0087,P0392,points,17,T10
G0087,P0392,rebounds,8,T10
G0087,P0392,assists,6,T10
G0087,P0034,points,27,T10
G0087,P0034,rebounds,8,T10
G0087,P0034,assists,6,T10
G0087,P0168,points,6,T10
G0087,P0168,rebounds,10,T10
G0087,P0168,assists,3,T10
G0087,P0238,points,21,T10
G0087,P0238,rebounds,18,T10
G0087,P0238,assists,12,T10
G0087,P0338,points,19,T10
G0087,P0338,rebounds,20,T10
G0087,P0338,assists,15,T10
G0087,P0142,points,18,T10
G0087,P0142,rebounds,16,T10
G0087,P0142,assists,5,T10
G0088,P0180,points,30,T10
G0088,P0180,rebounds,5,T10
G0088,P0180,assists,15,T10
G0088,P0124,points,25,T10
G0088,P0124,rebounds,16,T10
G0088,P0124,assists,1,T10
G0088,P0037,points,31,T10
G0088,P0037,rebounds,7,T10
G0088,P0037,assists,11,T10
G0088,P0210,points,32,T10
G0088,P0210,rebounds,5,T10
G0088,P0210,assists,4,T10
G0088,P0056,points,2,T10
G0088,P0056,rebounds,12,T10
G0088,P0056,assists,12,T10
G0088,P0340,points,16,T10
G0088,P0340,rebounds,3,T10
G0088,P0340,assists,5,T10
G0088,P0107,points,16,T10
G0088,P0107,rebounds,19,T10
G0088,P0107,assists,1,T10
G0088,P0362,points,14,T10
G0088,P0362,rebounds,13,T10
G0088,P0362,assists,3,T10
G0088,P0154,points,36,T10
G0088,P0154,rebounds,19,T10
G0088,P0154,assists,6,T10
G0088,P0350,points,30,T10
G0088,P0350,rebounds,15,T10
G0088,P0350,assists,10,T10
G0088,P0356,points,7,T18
G0088,P0356,rebounds,1,T18
G0088,P0356,assists,5,T18
G0088,P0184,points,5,T18
G0088,P0184,rebounds,6,T18
G0088,P0184,assists,10,T18
G0088,P0178,points,24,T18
G0088,P0178,rebounds,4,T18
G0088,P0178,assists,0,T18
G0088,P0182,points,9,T18
G0088,P0182,rebounds,9,T18
G0088,P0182,assists,12,T18
G0088,P0081,points,14,T18
G0088,P0081,rebounds,6,T18
G0088,P0081,assists,8,T18
G0088,P0146,points,2,T18
G0088,P0146,rebounds,4,T18
G0088,P0146,assists,0,T18
G0088,P0374,points,21,T18
G0088,P0374,rebounds,9,T18
G0088,P0374,assists,9,T18
G0088,P0237,points,25,T18
G0088,P0237,rebounds,8,T18
G0088,P0237,assists,13,T18
G0088,P0253,points,37,T18
G0088,P0253,rebounds,2,T18
G0088,P0253,assists,14,T18
G0088,P0026,points,8,T18
G0088,P0026,rebounds,5,T18
G0088,P0026,assists,8,T18
G0089,P0175,points,10,T24
G0089,P0175,rebounds,8,T24
G0089,P0175,assists,10,T24
G0089,P0081,points,0,T24
G0089,P0081,rebounds,0,T24
G0089,P0081,assists,7,T24
G0089,P0228,points,38,T24
G0089,P0228,rebounds,0,T24
G0089,P0228,assists,12,T24
G0089,P0151,points,3,T24
G0089,P0151,rebounds,10,T24
G0089,P0151,assists,6,T24
G0089,P0339,points,19,T24
G0089,P0339,rebounds,1,T24
G0089,P0339,assists,12,T24
G0089,P0385,points,11,T24
G0089,P0385,rebounds,16,T24
G0089,P0385,assists,10,T24
G0089,P0013,points,22,T24
G0089,P0013,rebounds,6,T24
G0089,P0013,assists,10,T24
G0089,P0200,points,40,T24
G0089,P0200,rebounds,19,T24
G0089,P0200,assists,14,T24
G0089,P0199,points,9,T24
G0089,P0199,rebounds,12,T24
G0089,P0199,assists,6,T24
G0089,P0089,points,39,T24
G0089,P0089,rebounds,19,T24
G0089,P0089,assists,13,T24
G0089,P0344,points,6,T10
G0089,P0344,rebounds,6,T10
G0089,P0344,assists,11,T10
G0089,P0229,points,30,T10
G0089,P0229,rebounds,7,T10
G0089,P0229,assists,2,T10
G0089,P0115,points,5,T10
G0089,P0115,rebounds,14,T10
G0089,P0115,assists,7,T10
G0089,P0284,points,20,T10
G0089,P0284,rebounds,17,T10
G0089,P0284,assists,0,T10
G0089,P0381,points,30,T10
G0089,P0381,rebounds,5,T10
G0089,P0381,assists,14,T10
G0089,P0201,points,39,T10
G0089,P0201,rebounds,10,T10
G0089,P0201,assists,5,T10
G0089,P0067,points,9,T10
G0089,P0067,rebounds,3,T10
G0089,P0067,assists,15,T10
G0089,P0213,points,7,T10
G0089,P0213,rebounds,9,T10
G0089,P0213,assists,7,T10
G0089,P0210,points,27,T10
G0089,P0210,rebounds,17,T10
G0089,P0210,assists,8,T10
G0089,P0184,points,31,T10
G0089,P0184,rebounds,11,T10
G0089,P0184,assists,6,T10
G0090,P0198,points,14,T25
G0090,P0198,rebounds,15,T25
G0090,P0198,assists,7,T25
G0090,P0307,points,11,T25
G0090,P0307,rebounds,9,T25
G0090,P0307,assists,10,T25
G0090,P0406,points,15,T25
G0090,P0406,rebounds,14,T25
G0090,P0406,assists,15,T25
G0090,P0086,points,16,T25
G0090,P0086,rebounds,6,T25
G0090,P0086,assists,6,T25
G0090,P0341,points,34,T25
G0090,P0341,rebounds,3,T25
G0090,P0341,assists,15,T25
G0090,P0179,points,16,T25
G0090,P0179,rebounds,17,T25
G0090,P0179,assists,12,T25
G0090,P0132,points,32,T25
G0090,P0132,rebounds,19,T25
G0090,P0132,assists,2,T25
G0090,P0193,points,24,T25
G0090,P0193,rebounds,2,T25
G0090,P0193,assists,4,T25
G0090,P0020,points,1,T25
G0090,P0020,rebounds,14,T25
G0090,P0020,assists,9,T25
G0090,P0065,points,30,T25
G0090,P0065,rebounds,3,T25
G0090,P0065,assists,5,T25
G0090,P0012,points,27,T04
G0090,P0012,rebounds,17,T04
G0090,P0012,assists,14,T04
G0090,P0277,points,3,T04
G0090,P0277,rebounds,8,T04
G0090,P0277,assists,0,T04
G0090,P0392,points,33,T04
G0090,P0392,rebounds,2,T04
G0090,P0392,assists,13,T04
G0090,P0282,points,6,T04
G0090,P0282,rebounds,0,T04
G0090,P0282,assists,14,T04
G0090,P0213,points,17,T04
G0090,P0213,rebounds,8,T04
G0090,P0213,assists,10,T04
G0090,P0359,points,11,T04
G0090,P0359,rebounds,14,T04
G0090,P0359,assists,6,T04
G0090,P0162,points,11,T04
G0090,P0162,rebounds,8,T04
G0090,P0162,assists,0,T04
G0090,P0181,points,12,T04
G0090,P0181,rebounds,12,T04
G0090,P0181,assists,2,T04
G0090,P0085,points,4,T04
G0090,P0085,rebounds,13,T04
G0090,P0085,assists,6,T04
G0090,P0215,points,5,T04
G0090,P0215,rebounds,15,T04
G0090,P0215,assists,12,T04
G0091,P0336,points,37,T14
G0091,P0336,rebounds,13,T14
G0091,P0336,assists,5,T14
G0091,P0037,points,17,T14
G0091,P0037,rebounds,11,T14
G0091,P0037,assists,3,T14
G0091,P0015,points,21,T14
G0091,P0015,rebounds,14,T14
G0091,P0015,assists,3,T14
G0091,P0153,points,23,T14
G0091,P0153,rebounds,14,T14
G0091,P0153,assists,8,T14
G0091,P0134,points,11,T14
G0091,P0134,rebounds,11,T14
G0091,P0134,assists,12,T14
G0091,P0053,points,9,T14
G0091,P0053,rebounds,12,T14
G0091,P0053,assists,10,T14
G0091,P0303,points,13,T14
G0091,P0303,rebounds,8,T14
G0091,P0303,assists,14,T14
G0091,P0031,points,14,T14
G0091,P0031,rebounds,12,T14
G0091,P0031,assists,2,T14
G0091,P0362,points,37,T14
G0091,P0362,rebounds,12,T14
G0091,P0362,assists,12,T14
G0091,P0084,points,24,T14
G0091,P0084,rebounds,7,T14
G0091,P0084,assists,5,T14
G0091,P0363,points,28,T21
G0091,P0363,rebounds,18,T21
G0091,P0363,assists,2,T21
G0091,P0211,points,34,T21
G0091,P0211,rebounds,17,T21
G0091,P0211,assists,1,T21
G0091,P0055,points,4,T21
G0091,P0055,rebounds,14,T21
G0091,P0055,assists,13,T21
G0091,P0393,points,16,T21
G0091,P0393,rebounds,13,T21
G0091,P0393,assists,15,T21
G0091,P0121,points,13,T21
G0091,P0121,rebounds,4,T21
G0091,P0121,assists,15,T21
G0091,P0333,points,11,T21
G0091,P0333,rebounds,9,T21
G0091,P0333,assists,7,T21
G0091,P0369,points,21,T21
G0091,P0369,rebounds,5,T21
G0091,P0369,assists,10,T21
G0091,P0117,points,28,T21
G0091,P0117,rebounds,4,T21
G0091,P0117,assists,7,T21
G0091,P0326,points,2,T21
G0091,P0326,rebounds,4,T21
G0091,P0326,assists,15,T21
G0091,P0116,points,20,T21
G0091,P0116,rebounds,13,T21
G0091,P0116,assists,14,T21
G0092,P0369,points,24,T25
G0092,P0369,rebounds,19,T25
G0092,P0369,assists,1,T25
G0092,P0207,points,16,T25
G0092,P0207,rebounds,20,T25
G0092,P0207,assists,6,T25
G0092,P0294,points,26,T25
G0092,P0294,rebounds,3,T25
G0092,P0294,assists,11,T25
G0092,P0121,points,11,T25
G0092,P0121,rebounds,12,T25
G0092,P0121,assists,14,T25
G0092,P0371,points,27,T25
G0092,P0371,rebounds,9,T25
G0092,P0371,assists,3,T25
G0092,P0295,points,13,T25
G0092,P0295,rebounds,17,T25
G0092,P0295,assists,3,T25
G0092,P0263,points,26,T25
G0092,P0263,rebounds,10,T25
G0092,P0263,assists,5,T25
G0092,P0076,points,29,T25
G0092,P0076,rebounds,7,T25
G0092,P0076,assists,4,T25
G0092,P0372,points,21,T25
G0092,P0372,rebounds,15,T25
G0092,P0372,assists,13,T25
G0092,P0327,points,25,T25
G0092,P0327,rebounds,13,T25
G0092,P0327,assists,12,T25
G0092,P0330,points,11,T20
G0092,P0330,rebounds,5,T20
G0092,P0330,assists,7,T20
G0092,P0090,points,25,T20
G0092,P0090,rebounds,13,T20
G0092,P0090,assists,2,T20
G0092,P0192,points,32,T20
G0092,P0192,rebounds,7,T20
G0092,P0192,assists,14,T20
G0092,P0161,points,29,T20
G0092,P0161,rebounds,20,T20
G0092,P0161,assists,10,T20
G0092,P0186,points,21,T20
G0092,P0186,rebounds,3,T20
G0092,P0186,assists,6,T20
G0092,P0049,points,35,T20
G0092,P0049,rebounds,8,T20
G0092,P0049,assists,0,T20
G0092,P0278,points,10,T20
G0092,P0278,rebounds,12,T20
G0092,P0278,assists,10,T20
G0092,P0089,points,40,T20
G0092,P0089,rebounds,19,T20
G0092,P0089,assists,8,T20
G0092,P0017,points,22,T20
G0092,P0017,rebounds,16,T20
G0092,P0017,assists,0,T20
G0092,P0384,points,24,T20
G0092,P0384,rebounds,9,T20
G0092,P0384,assists,12,T20
G0093,P0329,points,0,T26
G0093,P0329,rebounds,6,T26
G0093,P0329,assists,9,T26
G0093,P0287,points,1,T26
G0093,P0287,rebounds,12,T26
G0093,P0287,assists,9,T26
G0093,P0272,points,23,T26
G0093,P0272,rebounds,13,T26
G0093,P0272,assists,12,T26
G0093,P0241,points,2,T26
G0093,P0241,rebounds,3,T26
G0093,P0241,assists,5,T26
G0093,P0119,points,28,T26
G0093,P0119,rebounds,18,T26
G0093,P0119,assists,14,T26
G0093,P0311,points,23,T26
G0093,P0311,rebounds,8,T26
G0093,P0311,assists,6,T26
G0093,P0271,points,2,T26
G0093,P0271,rebounds,9,T26
G0093,P0271,assists,8,T26
G0093,P0095,points,8,T26
G0093,P0095,rebounds,16,T26
G0093,P0095,assists,12,T26
G0093,P0100,points,12,T26
G0093,P0100,rebounds,19,T26
G0093,P0100,assists,1,T26
G0093,P0260,points,37,T26
G0093,P0260,rebounds,16,T26
G0093,P0260,assists,3,T26
G0093,P0027,points,26,T04
G0093,P0027,rebounds,6,T04
G0093,P0027,assists,12,T04
G0093,P0149,points,6,T04
G0093,P0149,rebounds,5,T04
G0093,P0149,assists,4,T04
G0093,P0279,points,8,T04
G0093,P0279,rebounds,6,T04
G0093,P0279,assists,9,T04
G0093,P0099,points,25,T04
G0093,P0099,rebounds,11,T04
G0093,P0099,assists,3,T04
G0093,P0066,points,8,T04
G0093,P0066,rebounds,19,T04
G0093,P0066,assists,4,T04
G0093,P0065,points,4,T04
G0093,P0065,rebounds,9,T04
G0093,P0065,assists,0,T04
G0093,P0295,points,14,T04
G0093,P0295,rebounds,17,T04
G0093,P0295,assists,4,T04
G0093,P0033,points,28,T04
G0093,P0033,rebounds,10,T04
G0093,P0033,assists,5,T04
G0093,P0091,points,27,T04
G0093,P0091,rebounds,12,T04
G0093,P0091,assists,5,T04
G0093,P0298,points,9,T04
G0093,P0298,rebounds,19,T04
G0093,P0298,assists,2,T04
G0094,P0235,points,35,T12
G0094,P0235,rebounds,10,T12
G0094,P0235,assists,12,T12
G0094,P0147,points,19,T12
G0094,P0147,rebounds,10,T12
G0094,P0147,assists,9,T12
G0094,P0219,points,39,T12
G0094,P0219,rebounds,9,T12
G0094,P0219,assists,9,T12
G0094,P0279,points,37,T12
G0094,P0279,rebounds,7,T12
G0094,P0279,assists,13,T12
G0094,P0395,points,21,T12
G0094,P0395,rebounds,18,T12
G0094,P0395,assists,7,T12
G0094,P0092,points,25,T12
G0094,P0092,rebounds,6,T12
G0094,P0092,assists,10,T12
G0094,P0195,points,13,T12
G0094,P0195,rebounds,12,T12
G0094,P0195,assists,12,T12
G0094,P0256,points,17,T12
G0094,P0256,rebounds,9,T12
G0094,P0256,assists,5,T12
G0094,P0142,points,29,T12
G0094,P0142,rebounds,12,T12
G0094,P0142,assists,8,T12
G0094,P0412,points,1,T12
G0094,P0412,rebounds,2,T12
G0094,P0412,assists,0,T12
G0094,P0083,points,34,T09
G0094,P0083,rebounds,17,T09
G0094,P0083,assists,1,T09
G0094,P0270,points,1,T09
G0094,P0270,rebounds,16,T09
G0094,P0270,assists,8,T09
G0094,P0258,points,12,T09
G0094,P0258,rebounds,12,T09
G0094,P0258,assists,3,T09
G0094,P0098,points,8,T09
G0094,P0098,rebounds,7,T09
G0094,P0098,assists,14,T09
G0094,P0348,points,31,T09
G0094,P0348,rebounds,3,T09
G0094,P0348,assists,8,T09
G0094,P0293,points,36,T09
G0094,P0293,rebounds,19,T09
G0094,P0293,assists,12,T09
G0094,P0167,points,5,T09
G0094,P0167,rebounds,5,T09
G0094,P0167,assists,3,T09
G0094,P0285,points,6,T09
G0094,P0285,rebounds,3,T09
G0094,P0285,assists,5,T09
G0094,P0319,points,22,T09
G0094,P0319,rebounds,8,T09
G0094,P0319,assists,6,T09
G0094,P0339,points,10,T09
G0094,P0339,rebounds,3,T09
G0094,P0339,assists,15,T09
G0095,P0067,points,11,T27
G0095,P0067,rebounds,10,T27
G0095,P0067,assists,15,T27
G0095,P0095,points,25,T27
G0095,P0095,rebounds,0,T27
G0095,P0095,assists,5,T27
G0095,P0267,points,15,T27
G0095,P0267,rebounds,5,T27
G0095,P0267,assists,3,T27
G0095,P0335,points,20,T27
G0095,P0335,rebounds,7,T27
G0095,P0335,assists,4,T27
G0095,P0247,points,16,T27
G0095,P0247,rebounds,7,T27
G0095,P0247,assists,3,T27
G0095,P0402,points,18,T27
G0095,P0402,rebounds,19,T27
G0095,P0402,assists,8,T27
G0095,P0410,points,24,T27
G0095,P0410,rebounds,20,T27
G0095,P0410,assists,9,T27
G0095,P0420,points,9,T27
G0095,P0420,rebounds,8,T27
G0095,P0420,assists,7,T27
G0095,P0344,points,19,T27
G0095,P0344,rebounds,3,T27
G0095,P0344,assists,1,T27
G0095,P0338,points,14,T27
G0095,P0338,rebounds,19,T27
G0095,P0338,assists,11,T27
G0095,P0225,points,34,T08
G0095,P0225,rebounds,3,T08
G0095,P0225,assists,6,T08
G0095,P0406,points,23,T08
G0095,P0406,rebounds,9,T08
G0095,P0406,assists,6,T08
G0095,P0289,points,14,T08
G0095,P0289,rebounds,1,T08
G0095,P0289,assists,13,T08
G0095,P0113,points,38,T08
G0095,P0113,rebounds,1,T08
G0095,P0113,assists,6,T08
G0095,P0224,points,21,T08
G0095,P0224,rebounds,16,T08
G0095,P0224,assists,15,T08
G0095,P0210,points,17,T08
G0095,P0210,rebounds,15,T08
G0095,P0210,assists,14,T08
G0095,P0418,points,34,T08
G0095,P0418,rebounds,6,T08
G0095,P0418,assists,13,T08
G0095,P0232,points,16,T08
G0095,P0232,rebounds,0,T08
G0095,P0232,assists,12,T08
G0095,P0249,points,34,T08
G0095,P0249,rebounds,7,T08
G0095,P0249,assists,7,T08
G0095,P0023,points,14,T08
G0095,P0023,rebounds,2,T08
G0095,P0023,assists,15,T08
G0096,P0409,points,3,T09
G0096,P0409,rebounds,2,T09
G0096,P0409,assists,0,T09
G0096,P0347,points,37,T09
G0096,P0347,rebounds,3,T09
G0096,P0347,assists,9,T09
G0096,P0229,points,33,T09
G0096,P0229,rebounds,16,T09
G0096,P0229,assists,15,T09
G0096,P0286,points,2,T09
G0096,P0286,rebounds,8,T09
G0096,P0286,assists,8,T09
G0096,P0010,points,28,T09
G0096,P0010,rebounds,13,T09
G0096,P0010,assists,8,T09
G0096,P0374,points,12,T09
G0096,P0374,rebounds,2,T09
G0096,P0374,assists,6,T09
G0096,P0362,points,10,T09
G0096,P0362,rebounds,11,T09
G0096,P0362,assists,12,T09
G0096,P0253,points,22,T09
G0096,P0253,rebounds,12,T09
G0096,P0253,assists,0,T09
G0096,P0268,points,26,T09
G0096,P0268,rebounds,9,T09
G0096,P0268,assists,1,T09
G0096,P0007,points,8,T09
G0096,P0007,rebounds,16,T09
G0096,P0007,assists,14,T09
G0096,P0338,points,20,T21
G0096,P0338,rebounds,20,T21
G0096,P0338,assists,2,T21
G0096,P0120,points,12,T21
G0096,P0120,rebounds,19,T21
G0096,P0120,assists,2,T21
G0096,P0238,points,27,T21
G0096,P0238,rebounds,4,T21
G0096,P0238,assists,5,T21
G0096,P0069,points,19,T21
G0096,P0069,rebounds,7,T21
G0096,P0069,assists,13,T21
G0096,P0340,points,39,T21
G0096,P0340,rebounds,10,T21
G0096,P0340,assists,8,T21
G0096,P0288,points,2,T21
G0096,P0288,rebounds,4,T21
G0096,P0288,assists,0,T21
G0096,P0184,points,35,T21
G0096,P0184,rebounds,4,T21
G0096,P0184,assists,5,T21
G0096,P0090,points,34,T21
G0096,P0090,rebounds,14,T21
G0096,P0090,assists,9,T21
G0096,P0354,points,1,T21
G0096,P0354,rebounds,11,T21
G0096,P0354,assists,8,T21
G0096,P0211,points,13,T21
G0096,P0211,rebounds,15,T21
G0096,P0211,assists,14,T21
G0097,P0324,points,35,T08
G0097,P0324,rebounds,8,T08
G0097,P0324,assists,9,T08
G0097,P0245,points,26,T08
G0097,P0245,rebounds,6,T08
G0097,P0245,assists,11,T08
G0097,P0137,points,20,T08
G0097,P0137,rebounds,7,T08
G0097,P0137,assists,4,T08
G0097,P0346,points,30,T08
G0097,P0346,rebounds,5,T08
G0097,P0346,assists,1,T08
G0097,P0373,points,36,T08
G0097,P0373,rebounds,6,T08
G0097,P0373,assists,10,T08
G0097,P0376,points,29,T08
G0097,P0376,rebounds,17,T08
G0097,P0376,assists,10,T08
G0097,P0033,points,29,T08
G0097,P0033,rebounds,17,T08
G0097,P0033,assists,15,T08
G0097,P0107,points,1,T08
G0097,P0107,rebounds,15,T08
G0097,P0107,assists,2,T08
G0097,P0134,points,36,T08
G0097,P0134,rebounds,1,T08
G0097,P0134,assists,3,T08
G0097,P0203,points,7,T08
G0097,P0203,rebounds,12,T08
G0097,P0203,assists,0,T08
G0097,P0129,points,0,T23
G0097,P0129,rebounds,10,T23
G0097,P0129,assists,15,T23
G0097,P0248,points,21,T23
G0097,P0248,rebounds,9,T23
G0097,P0248,assists,10,T23
G0097,P0042,points,22,T23
G0097,P0042,rebounds,8,T23
G0097,P0042,assists,9,T23
G0097,P0148,points,0,T23
G0097,P0148,rebounds,5,T23
G0097,P0148,assists,10,T23
G0097,P0220,points,14,T23
G0097,P0220,rebounds,1,T23
G0097,P0220,assists,1,T23
G0097,P0175,points,35,T23
G0097,P0175,rebounds,6,T23
G0097,P0175,assists,0,T23
G0097,P0136,points,29,T23
G0097,P0136,rebounds,11,T23
G0097,P0136,assists,7,T23
G0097,P0026,points,36,T23
G0097,P0026,rebounds,6,T23
G0097,P0026,assists,9,T23
G0097,P0089,points,30,T23
G0097,P0089,rebounds,12,T23
G0097,P0089,assists,3,T23
G0097,P0002,points,27,T23
G0097,P0002,rebounds,15,T23
G0097,P0002,assists,1,T23
G0098,P0113,points,5,T21
G0098,P0113,rebounds,20,T21
G0098,P0113,assists,12,T21
G0098,P0046,points,37,T21
G0098,P0046,rebounds,6,T21
G0098,P0046,assists,6,T21
G0098,P0068,points,23,T21
G0098,P0068,rebounds,9,T21
G0098,P0068,assists,3,T21
G0098,P0050,points,15,T21
G0098,P0050,rebounds,12,T21
G0098,P0050,assists,0,T21
G0098,P0145,points,13,T21
G0098,P0145,rebounds,6,T21
G0098,P0145,assists,1,T21
G0098,P0406,points,5,T21
G0098,P0406,rebounds,10,T21
G0098,P0406,assists,1,T21
G0098,P0365,points,14,T21
G0098,P0365,rebounds,11,T21
G0098,P0365,assists,13,T21
G0098,P0279,points,4,T21
G0098,P0279,rebounds,9,T21
G0098,P0279,assists,1,T21
G0098,P0281,points,17,T21
G0098,P0281,rebounds,10,T21
G0098,P0281,assists,12,T21
G0098,P0186,points,18,T21
G0098,P0186,rebounds,19,T21
G0098,P0186,assists,2,T21
G0098,P0155,points,2,T23
G0098,P0155,rebounds,0,T23
G0098,P0155,assists,5,T23
G0098,P0009,points,7,T23
G0098,P0009,rebounds,1,T23
G0098,P0009,assists,3,T23
G0098,P0192,points,39,T23
G0098,P0192,rebounds,16,T23
G0098,P0192,assists,0,T23
G0098,P0022,points,37,T23
G0098,P0022,rebounds,4,T23
G0098,P0022,assists,6,T23
G0098,P0415,points,13,T23
G0098,P0415,rebounds,8,T23
G0098,P0415,assists,12,T23
G0098,P0412,points,29,T23
G0098,P0412,rebounds,12,T23
G0098,P0412,assists,10,T23
G0098,P0267,points,29,T23
G0098,P0267,rebounds,3,T23
G0098,P0267,assists,6,T23
G0098,P0072,points,4,T23
G0098,P0072,rebounds,14,T23
G0098,P0072,assists,7,T23
G0098,P0124,points,26,T23
G0098,P0124,rebounds,11,T23
G0098,P0124,assists,4,T23
G0098,P0141,points,5,T23
G0098,P0141,rebounds,20,T23
G0098,P0141,assists,4,T23
G0099,P0109,points,13,T20
G0099,P0109,rebounds,12,T20
G0099,P0109,assists,6,T20
G0099,P0373,points,6,T20
G0099,P0373,rebounds,18,T20
G0099,P0373,assists,14,T20
G0099,P0019,points,34,T20
G0099,P0019,rebounds,7,T20
G0099,P0019,assists,4,T20
G0099,P0360,points,2,T20
G0099,P0360,rebounds,15,T20
G0099,P0360,assists,5,T20
G0099,P0192,points,36,T20
G0099,P0192,rebounds,18,T20
G0099,P0192,assists,2,T20
G0099,P0273,points,37,T20
G0099,P0273,rebounds,2,T20
G0099,P0273,assists,7,T20
G0099,P0046,points,19,T20
G0099,P0046,rebounds,20,T20
G0099,P0046,assists,10,T20
G0099,P0214,points,35,T20
G0099,P0214,rebounds,12,T20
G0099,P0214,assists,13,T20
G0099,P0127,points,34,T20
G0099,P0127,rebounds,18,T20
G0099,P0127,assists,6,T20
G0099,P0410,points,15,T20
G0099,P0410,rebounds,20,T20
G0099,P0410,assists,12,T20
G0099,P0246,points,37,T29
G0099,P0246,rebounds,12,T29
G0099,P0246,assists,14,T29
G0099,P0161,points,29,T29
G0099,P0161,rebounds,15,T29
G0099,P0161,assists,2,T29
G0099,P0333,points,23,T29
G0099,P0333,rebounds,15,T29
G0099,P0333,assists,12,T29
G0099,P0026,points,39,T29
G0099,P0026,rebounds,6,T29
G0099,P0026,assists,4,T29
G0099,P0419,points,39,T29
G0099,P0419,rebounds,20,T29
G0099,P0419,assists,2,T29
G0099,P0107,points,15,T29
G0099,P0107,rebounds,19,T29
G0099,P0107,assists,3,T29
G0099,P0185,points,32,T29
G0099,P0185,rebounds,2,T29
G0099,P0185,assists,2,T29
G0099,P0367,points,32,T29
G0099,P0367,rebounds,12,T29
G0099,P0367,assists,8,T29
G0099,P0016,points,35,T29
G0099,P0016,rebounds,6,T29
G0099,P0016,assists,8,T29
G0099,P0313,points,24,T29
G0099,P0313,rebounds,15,T29
G0099,P0313,assists,5,T29
G0100,P0246,points,15,T05
G0100,P0246,rebounds,8,T05
G0100,P0246,assists,15,T05
G0100,P0164,points,10,T05
G0100,P0164,rebounds,20,T05
G0100,P0164,assists,5,T05
G0100,P0261,points,11,T05
G0100,P0261,rebounds,13,T05
G0100,P0261,assists,11,T05
G0100,P0358,points,14,T05
G0100,P0358,rebounds,2,T05
G0100,P0358,assists,6,T05
G0100,P0319,points,22,T05
G0100,P0319,rebounds,0,T05
G0100,P0319,assists,1,T05
G0100,P0393,points,37,T05
G0100,P0393,rebounds,0,T05
G0100,P0393,assists,6,T05
G0100,P0185,points,31,T05
G0100,P0185,rebounds,6,T05
G0100,P0185,assists,7,T05
G0100,P0278,points,3,T05
G0100,P0278,rebounds,16,T05
G0100,P0278,assists,10,T05
G0100,P0415,points,34,T05
G0100,P0415,rebounds,18,T05
G0100,P0415,assists,5,T05
G0100,P0224,points,1,T05
G0100,P0224,rebounds,7,T05
G0100,P0224,assists,2,T05
G0100,P0217,points,21,T24
G0100,P0217,rebounds,3,T24
G0100,P0217,assists,14,T24
G0100,P0311,points,24,T24
G0100,P0311,rebounds,5,T24
G0100,P0311,assists,14,T24
G0100,P0252,points,31,T24
G0100,P0252,rebounds,9,T24
G0100,P0252,assists,2,T24
G0100,P0006,points,14,T24
G0100,P0006,rebounds,12,T24
G0100,P0006,assists,12,T24
G0100,P0148,points,10,T24
G0100,P0148,rebounds,15,T24
G0100,P0148,assists,4,T24
G0100,P0030,points,10,T24
G0100,P0030,rebounds,9,T24
G0100,P0030,assists,2,T24
G0100,P0301,points,16,T24
G0100,P0301,rebounds,7,T24
G0100,P0301,assists,4,T24
G0100,P0067,points,31,T24
G0100,P0067,rebounds,6,T24
G0100,P0067,assists,11,T24
G0100,P0226,points,29,T24
G0100,P0226,rebounds,13,T24
G0100,P0226,assists,4,T24
G0100,P0137,points,34,T24
G0100,P0137,rebounds,4,T24
G0100,P0137,assists,4,T24
G0101,P0296,points,11,T25
G0101,P0296,rebounds,17,T25
G0101,P0296,assists,6,T25
G0101,P0288,points,26,T25
G0101,P0288,rebounds,0,T25
G0101,P0288,assists,1,T25
G0101,P0140,points,34,T25
G0101,P0140,rebounds,2,T25
G0101,P0140,assists,12,T25
G0101,P0356,points,36,T25
G0101,P0356,rebounds,10,T25
G0101,P0356,assists,14,T25
G0101,P0126,points,17,T25
G0101,P0126,rebounds,19,T25
G0101,P0126,assists,3,T25
G0101,P0255,points,17,T25
G0101,P0255,rebounds,8,T25
G0101,P0255,assists,12,T25
G0101,P0244,points,1,T25
G0101,P0244,rebounds,17,T25
G0101,P0244,assists,0,T25
G0101,P0362,points,12,T25
G0101,P0362,rebounds,12,T25
G0101,P0362,assists,2,T25
G0101,P0360,points,20,T25
G0101,P0360,rebounds,20,T25
G0101,P0360,assists,13,T25
G0101,P0018,points,1,T25
G0101,P0018,rebounds,12,T25
G0101,P0018,assists,9,T25
G0101,P0272,points,2,T10
G0101,P0272,rebounds,13,T10
G0101,P0272,assists,8,T10
G0101,P0083,points,27,T10
G0101,P0083,rebounds,6,T10
G0101,P0083,assists,4,T10
G0101,P0219,points,30,T10
G0101,P0219,rebounds,15,T10
G0101,P0219,assists,2,T10
G0101,P0273,points,8,T10
G0101,P0273,rebounds,12,T10
G0101,P0273,assists,13,T10
G0101,P0195,points,8,T10
G0101,P0195,rebounds,4,T10
G0101,P0195,assists,12,T10
G0101,P0171,points,28,T10
G0101,P0171,rebounds,18,T10
G0101,P0171,assists,12,T10
G0101,P0313,points,39,T10
G0101,P0313,rebounds,3,T10
G0101,P0313,assists,4,T10
G0101,P0261,points,9,T10
G0101,P0261,rebounds,1,T10
G0101,P0261,assists,12,T10
G0101,P0379,points,27,T10
G0101,P0379,rebounds,1,T10
G0101,P0379,assists,3,T10
G0101,P0327,points,7,T10
G0101,P0327,rebounds,8,T10
G0101,P0327,assists,7,T10
G0102,P0003,points,30,T06
G0102,P0003,rebounds,4,T06
G0102,P0003,assists,8,T06
G0102,P0345,points,33,T06
G0102,P0345,rebounds,18,T06
G0102,P0345,assists,4,T06
G0102,P0119,points,4,T06
G0102,P0119,rebounds,16,T06
G0102,P0119,assists,10,T06
G0102,P0409,points,13,T06
G0102,P0409,rebounds,12,T06
G0102,P0409,assists,3,T06
G0102,P0162,points,28,T06
G0102,P0162,rebounds,15,T06
G0102,P0162,assists,4,T06
G0102,P0195,points,19,T06
G0102,P0195,rebounds,7,T06
G0102,P0195,assists,0,T06
G0102,P0088,points,5,T06
G0102,P0088,rebounds,20,T06
G0102,P0088,assists,7,T06
G0102,P0182,points,6,T06
G0102,P0182,rebounds,0,T06
G0102,P0182,assists,5,T06
G0102,P0233,points,40,T06
G0102,P0233,rebounds,8,T06
G0102,P0233,assists,15,T06
G0102,P0384,points,20,T06
G0102,P0384,rebounds,16,T06
G0102,P0384,assists,12,T06
G0102,P0215,points,1,T04
G0102,P0215,rebounds,0,T04
G0102,P0215,assists,14,T04
G0102,P0108,points,38,T04
G0102,P0108,rebounds,2,T04
G0102,P0108,assists,10,T04
G0102,P0283,points,37,T04
G0102,P0283,rebounds,19,T04
G0102,P0283,assists,4,T04
G0102,P0161,points,33,T04
G0102,P0161,rebounds,13,T04
G0102,P0161,assists,14,T04
G0102,P0083,points,6,T04
G0102,P0083,rebounds,12,T04
G0102,P0083,assists,0,T04
G0102,P0262,points,14,T04
G0102,P0262,rebounds,0,T04
G0102,P0262,assists,7,T04
G0102,P0018,points,33,T04
G0102,P0018,rebounds,13,T04
G0102,P0018,assists,5,T04
G0102,P0284,points,17,T04
G0102,P0284,rebounds,7,T04
G0102,P0284,assists,11,T04
G0102,P0309,points,10,T04
G0102,P0309,rebounds,1,T04
G0102,P0309,assists,8,T04
G0102,P0040,points,34,T04
G0102,P0040,rebounds,10,T04
G0102,P0040,assists,3,T04
G0103,P0031,points,0,T25
G0103,P0031,rebounds,13,T25
G0103,P0031,assists,6,T25
G0103,P0065,points,7,T25
G0103,P0065,rebounds,2,T25
G0103,P0065,assists,1,T25
G0103,P0054,points,26,T25
G0103,P0054,rebounds,14,T25
G0103,P0054,assists,10,T25
G0103,P0344,points,4,T25
G0103,P0344,rebounds,0,T25
G0103,P0344,assists,1,T25
G0103,P0389,points,30,T25
G0103,P0389,rebounds,15,T25
G0103,P0389,assists,4,T25
G0103,P0340,points,2,T25
G0103,P0340,rebounds,6,T25
G0103,P0340,assists,12,T25
G0103,P0067,points,5,T25
G0103,P0067,rebounds,16,T25
G0103,P0067,assists,7,T25
G0103,P0315,points,5,T25
G0103,P0315,rebounds,19,T25
G0103,P0315,assists,8,T25
G0103,P0158,points,27,T25
G0103,P0158,rebounds,2,T25
G0103,P0158,assists,5,T25
G0103,P0019,points,25,T25
G0103,P0019,rebounds,13,T25
G0103,P0019,assists,1,T25
G0103,P0217,points,24,T18
G0103,P0217,rebounds,19,T18
G0103,P0217,assists,12,T18
G0103,P0187,points,8,T18
G0103,P0187,rebounds,19,T18
G0103,P0187,assists,10,T18
G0103,P0147,points,2,T18
G0103,P0147,rebounds,2,T18
G0103,P0147,assists,14,T18
G0103,P0223,points,8,T18
G0103,P0223,rebounds,2,T18
G0103,P0223,assists,7,T18
G0103,P0275,points,21,T18
G0103,P0275,rebounds,12,T18
G0103,P0275,assists,10,T18
G0103,P0027,points,40,T18
G0103,P0027,rebounds,15,T18
G0103,P0027,assists,0,T18
G0103,P0003,points,3,T18
G0103,P0003,rebounds,0,T18
G0103,P0003,assists,6,T18
G0103,P0302,points,14,T18
G0103,P0302,rebounds,19,T18
G0103,P0302,assists,5,T18
G0103,P0241,points,1,T18
G0103,P0241,rebounds,18,T18
G0103,P0241,assists,4,T18
G0103,P0016,points,37,T18
G0103,P0016,rebounds,16,T18
G0103,P0016,assists,14,T18
G0104,P0311,points,1,T01
G0104,P0311,rebounds,3,T01
G0104,P0311,assists,7,T01
G0104,P0171,points,16,T01
G0104,P0171,rebounds,18,T01
G0104,P0171,assists,12,T01
G0104,P0337,points,6,T01
G0104,P0337,rebounds,12,T01
G0104,P0337,assists,7,T01
G0104,P0059,points,4,T01
G0104,P0059,rebounds,13,T01
G0104,P0059,assists,8,T01
G0104,P0261,points,3,T01
G0104,P0261,rebounds,9,T01
G0104,P0261,assists,11,T01
G0104,P0131,points,13,T01
G0104,P0131,rebounds,7,T01
G0104,P0131,assists,1,T01
G0104,P0279,points,8,T01
G0104,P0279,rebounds,20,T01
G0104,P0279,assists,9,T01
G0104,P0209,points,7,T01
G0104,P0209,rebounds,10,T01
G0104,P0209,assists,3,T01
G0104,P0259,points,18,T01
G0104,P0259,rebounds,3,T01
G0104,P0259,assists,9,T01
G0104,P0384,points,23,T01
G0104,P0384,rebounds,13,T01
G0104,P0384,assists,7,T01
G0104,P0125,points,11,T28
G0104,P0125,rebounds,5,T28
G0104,P0125,assists,3,T28
G0104,P0356,points,17,T28
G0104,P0356,rebounds,9,T28
G0104,P0356,assists,10,T28
G0104,P0010,points,2,T28
G0104,P0010,rebounds,5,T28
G0104,P0010,assists,13,T28
G0104,P0072,points,37,T28
G0104,P0072,rebounds,19,T28
G0104,P0072,assists,4,T28
G0104,P0127,points,5,T28
G0104,P0127,rebounds,4,T28
G0104,P0127,assists,2,T28
G0104,P0105,points,39,T28
G0104,P0105,rebounds,18,T28
G0104,P0105,assists,12,T28
G0104,P0093,points,29,T28
G0104,P0093,rebounds,7,T28
G0104,P0093,assists,7,T28
G0104,P0397,points,34,T28
G0104,P0397,rebounds,17,T28
G0104,P0397,assists,8,T28
G0104,P0267,points,34,T28
G0104,P0267,rebounds,7,T28
G0104,P0267,assists,6,T28
G0104,P0229,points,34,T28
G0104,P0229,rebounds,7,T28
G0104,P0229,assists,12,T28
G0105,P0252,points,11,T24
G0105,P0252,rebounds,18,T24
G0105,P0252,assists,13,T24
G0105,P0404,points,12,T24
G0105,P0404,rebounds,11,T24
G0105,P0404,assists,5,T24
G0105,P0123,points,14,T24
G0105,P0123,rebounds,14,T24
G0105,P0123,assists,4,T24
G0105,P0001,points,6,T24
G0105,P0001,rebounds,5,T24
G0105,P0001,assists,14,T24
G0105,P0154,points,10,T24
G0105,P0154,rebounds,7,T24
G0105,P0154,assists,10,T24
G0105,P0091,points,4,T24
G0105,P0091,rebounds,5,T24
G0105,P0091,assists,2,T24
G0105,P0039,points,37,T24
G0105,P0039,rebounds,19,T24
G0105,P0039,assists,12,T24
G0105,P0187,points,10,T24
G0105,P0187,rebounds,12,T24
G0105,P0187,assists,10,T24
G0105,P0200,points,35,T24
G0105,P0200,rebounds,3,T24
G0105,P0200,assists,11,T24
G0105,P0310,points,7,T24
G0105,P0310,rebounds,11,T24
G0105,P0310,assists,14,T24
G0105,P0321,points,2,T30
G0105,P0321,rebounds,3,T30
G0105,P0321,assists,13,T30
G0105,P0023,points,0,T30
G0105,P0023,rebounds,14,T30
G0105,P0023,assists,8,T30
G0105,P0260,points,14,T30
G0105,P0260,rebounds,18,T30
G0105,P0260,assists,13,T30
G0105,P0057,points,13,T30
G0105,P0057,rebounds,0,T30
G0105,P0057,assists,2,T30
G0105,P0295,points,4,T30
G0105,P0295,rebounds,20,T30
G0105,P0295,assists,9,T30
G0105,P0282,points,27,T30
G0105,P0282,rebounds,4,T30
G0105,P0282,assists,13,T30
G0105,P0374,points,29,T30
G0105,P0374,rebounds,15,T30
G0105,P0374,assists,7,T30
G0105,P0120,points,28,T30
G0105,P0120,rebounds,11,T30
G0105,P0120,assists,6,T30
G0105,P0193,points,24,T30
G0105,P0193,rebounds,6,T30
G0105,P0193,assists,15,T30
G0105,P0401,points,29,T30
G0105,P0401,rebounds,15,T30
G0105,P0401,assists,11,T30
G0106,P0395,points,21,T24
G0106,P0395,rebounds,11,T24
G0106,P0395,assists,6,T24
G0106,P0240,points,22,T24
G0106,P0240,rebounds,1,T24
G0106,P0240,assists,0,T24
G0106,P0185,points,19,T24
G0106,P0185,rebounds,12,T24
G0106,P0185,assists,8,T24
G0106,P0205,points,17,T24
G0106,P0205,rebounds,6,T24
G0106,P0205,assists,11,T24
G0106,P0086,points,24,T24
G0106,P0086,rebounds,0,T24
G0106,P0086,assists,7,T24
G0106,P0392,points,29,T24
G0106,P0392,rebounds,16,T24
G0106,P0392,assists,4,T24
G0106,P0123,points,37,T24
G0106,P0123,rebounds,13,T24
G0106,P0123,assists,7,T24
G0106,P0258,points,25,T24
G0106,P0258,rebounds,18,T24
G0106,P0258,assists,3,T24
G0106,P0236,points,6,T24
G0106,P0236,rebounds,9,T24
G0106,P0236,assists,1,T24
G0106,P0029,points,34,T24
G0106,P0029,rebounds,20,T24
G0106,P0029,assists,9,T24
G0106,P0014,points,40,T07
G0106,P0014,rebounds,1,T07
G0106,P0014,assists,10,T07
G0106,P0172,points,18,T07
G0106,P0172,rebounds,5,T07
G0106,P0172,assists,4,T07
G0106,P0075,points,22,T07
G0106,P0075,rebounds,13,T07
G0106,P0075,assists,2,T07
G0106,P0282,points,25,T07
G0106,P0282,rebounds,19,T07
G0106,P0282,assists,0,T07
G0106,P0100,points,36,T07
G0106,P0100,rebounds,12,T07
G0106,P0100,assists,5,T07
G0106,P0234,points,30,T07
G0106,P0234,rebounds,12,T07
G0106,P0234,assists,12,T07
G0106,P0264,points,3,T07
G0106,P0264,rebounds,1,T07
G0106,P0264,assists,10,T07
G0106,P0211,points,12,T07
G0106,P0211,rebounds,5,T07
G0106,P0211,assists,6,T07
G0106,P0242,points,29,T07
G0106,P0242,rebounds,3,T07
G0106,P0242,assists,15,T07
G0106,P0379,points,17,T07
G0106,P0379,rebounds,3,T07
G0106,P0379,assists,1,T07
G0107,P0298,points,7,T24
G0107,P0298,rebounds,7,T24
G0107,P0298,assists,5,T24
G0107,P0206,points,11,T24
G0107,P0206,rebounds,20,T24
G0107,P0206,assists,3,T24
G0107,P0213,points,28,T24
G0107,P0213,rebounds,19,T24
G0107,P0213,assists,12,T24
G0107,P0046,points,32,T24
G0107,P0046,rebounds,3,T24
G0107,P0046,assists,2,T24
G0107,P0277,points,32,T24
G0107,P0277,rebounds,15,T24
G0107,P0277,assists,11,T24
G0107,P0353,points,17,T24
G0107,P0353,rebounds,10,T24
G0107,P0353,assists,0,T24
G0107,P0174,points,11,T24
G0107,P0174,rebounds,11,T24
G0107,P0174,assists,2,T24
G0107,P0021,points,5,T24
G0107,P0021,rebounds,0,T24
G0107,P0021,assists,3,T24
G0107,P0110,points,40,T24
G0107,P0110,rebounds,14,T24
G0107,P0110,assists,15,T24
G0107,P0047,points,10,T24
G0107,P0047,rebounds,12,T24
G0107,P0047,assists,14,T24
G0107,P0417,points,14,T07
G0107,P0417,rebounds,13,T07
G0107,P0417,assists,11,T07
G0107,P0341,points,34,T07
G0107,P0341,rebounds,20,T07
G0107,P0341,assists,9,T07
G0107,P0035,points,23,T07
G0107,P0035,rebounds,18,T07
G0107,P0035,assists,10,T07
G0107,P0346,points,14,T07
G0107,P0346,rebounds,13,T07
G0107,P0346,assists,8,T07
G0107,P0155,points,9,T07
G0107,P0155,rebounds,10,T07
G0107,P0155,assists,9,T07
G0107,P0322,points,37,T07
G0107,P0322,rebounds,12,T07
G0107,P0322,assists,2,T07
G0107,P0244,points,40,T07
G0107,P0244,rebounds,12,T07
G0107,P0244,assists,4,T07
G0107,P0112,points,30,T07
G0107,P0112,rebounds,8,T07
G0107,P0112,assists,5,T07
G0107,P0258,points,34,T07
G0107,P0258,rebounds,18,T07
G0107,P0258,assists,8,T07
G0107,P0096,points,15,T07
G0107,P0096,rebounds,18,T07
G0107,P0096,assists,2,T07
G0108,P0007,points,34,T20
G0108,P0007,rebounds,1,T20
G0108,P0007,assists,15,T20
G0108,P0346,points,31,T20
G0108,P0346,rebounds,13,T20
G0108,P0346,assists,8,T20
G0108,P0175,points,3,T20
G0108,P0175,rebounds,8,T20
G0108,P0175,assists,12,T20
G0108,P0030,points,37,T20
G0108,P0030,rebounds,9,T20
G0108,P0030,assists,13,T20
G0108,P0353,points,31,T20
G0108,P0353,rebounds,1,T20
G0108,P0353,assists,9,T20
G0108,P0241,points,25,T20
G0108,P0241,rebounds,11,T20
G0108,P0241,assists,12,T20
G0108,P0270,points,36,T20
G0108,P0270,rebounds,11,T20
G0108,P0270,assists,5,T20
G0108,P0308,points,40,T20
G0108,P0308,rebounds,20,T20
G0108,P0308,assists,10,T20
G0108,P0317,points,26,T20
G0108,P0317,rebounds,2,T20
G0108,P0317,assists,6,T20
G0108,P0083,points,8,T20
G0108,P0083,rebounds,10,T20
G0108,P0083,assists,13,T20
G0108,P0074,points,9,T02
G0108,P0074,rebounds,20,T02
G0108,P0074,assists,2,T02
G0108,P0355,points,4,T02
G0108,P0355,rebounds,20,T02
G0108,P0355,assists,1,T02
G0108,P0003,points,30,T02
G0108,P0003,rebounds,16,T02
G0108,P0003,assists,5,T02
G0108,P0069,points,2,T02
G0108,P0069,rebounds,6,T02
G0108,P0069,assists,1,T02
G0108,P0223,points,27,T02
G0108,P0223,rebounds,18,T02
G0108,P0223,assists,15,T02
G0108,P0219,points,32,T02
G0108,P0219,rebounds,16,T02
G0108,P0219,assists,14,T02
G0108,P0311,points,31,T02
G0108,P0311,rebounds,13,T02
G0108,P0311,assists,15,T02
G0108,P0053,points,13,T02
G0108,P0053,rebounds,8,T02
G0108,P0053,assists,14,T02
G0108,P0122,points,12,T02
G0108,P0122,rebounds,6,T02
G0108,P0122,assists,2,T02
G0108,P0245,points,11,T02
G0108,P0245,rebounds,12,T02
G0108,P0245,assists,14,T02
G0109,P0312,points,31,T15
G0109,P0312,rebounds,8,T15
G0109,P0312,assists,4,T15
G0109,P0371,points,31,T15
G0109,P0371,rebounds,6,T15
G0109,P0371,assists,12,T15
G0109,P0317,points,8,T15
G0109,P0317,rebounds,1,T15
G0109,P0317,assists,5,T15
G0109,P0399,points,24,T15
G0109,P0399,rebounds,4,T15
G0109,P0399,assists,2,T15
G0109,P0065,points,30,T15
G0109,P0065,rebounds,10,T15
G0109,P0065,assists,6,T15
G0109,P0281,points,9,T15
G0109,P0281,rebounds,0,T15
G0109,P0281,assists,0,T15
G0109,P0381,points,27,T15
G0109,P0381,rebounds,1,T15
G0109,P0381,assists,3,T15
G0109,P0057,points,37,T15
G0109,P0057,rebounds,7,T15
G0109,P0057,assists,11,T15
G0109,P0204,points,14,T15
G0109,P0204,rebounds,19,T15
G0109,P0204,assists,13,T15
G0109,P0258,points,19,T15
G0109,P0258,rebounds,14,T15
G0109,P0258,assists,6,T15
G0109,P0002,points,38,T05
G0109,P0002,rebounds,7,T05
G0109,P0002,assists,13,T05
G0109,P0282,points,25,T05
G0109,P0282,rebounds,13,T05
G0109,P0282,assists,5,T05
G0109,P0372,points,34,T05
G0109,P0372,rebounds,15,T05
G0109,P0372,assists,13,T05
G0109,P0127,points,32,T05
G0109,P0127,rebounds,3,T05
G0109,P0127,assists,14,T05
G0109,P0261,points,34,T05
G0109,P0261,rebounds,5,T05
G0109,P0261,assists,15,T05
G0109,P0149,points,21,T05
G0109,P0149,rebounds,6,T05
G0109,P0149,assists,3,T05
G0109,P0325,points,14,T05
G0109,P0325,rebounds,0,T05
G0109,P0325,assists,11,T05
G0109,P0210,points,29,T05
G0109,P0210,rebounds,14,T05
G0109,P0210,assists,8,T05
G0109,P0028,points,14,T05
G0109,P0028,rebounds,15,T05
G0109,P0028,assists,13,T05
G0109,P0355,points,3,T05
G0109,P0355,rebounds,8,T05
G0109,P0355,assists,15,T05
G0110,P0355,points,36,T22
G0110,P0355,rebounds,8,T22
G0110,P0355,assists,12,T22
G0110,P0076,points,24,T22
G0110,P0076,rebounds,14,T22
G0110,P0076,assists,12,T22
G0110,P0410,points,30,T22
G0110,P0410,rebounds,11,T22
G0110,P0410,assists,9,T22
G0110,P0193,points,20,T22
G0110,P0193,rebounds,7,T22
G0110,P0193,assists,11,T22
G0110,P0217,points,36,T22
G0110,P0217,rebounds,14,T22
G0110,P0217,assists,12,T22
G0110,P0055,points,34,T22
G0110,P0055,rebounds,7,T22
G0110,P0055,assists,1,T22
G0110,P0361,points,13,T22
G0110,P0361,rebounds,15,T22
G0110,P0361,assists,13,T22
G0110,P0310,points,21,T22
G0110,P0310,rebounds,16,T22
G0110,P0310,assists,1,T22
G0110,P0102,points,26,T22
G0110,P0102,rebounds,14,T22
G0110,P0102,assists,8,T22
G0110,P0038,points,29,T22
G0110,P0038,rebounds,10,T22
G0110,P0038,assists,8,T22
G0110,P0141,points,24,T17
G0110,P0141,rebounds,16,T17
G0110,P0141,assists,3,T17
G0110,P0336,points,12,T17
G0110,P0336,rebounds,8,T17
G0110,P0336,assists,3,T17
G0110,P0048,points,13,T17
G0110,P0048,rebounds,7,T17
G0110,P0048,assists,5,T17
G0110,P0043,points,16,T17
G0110,P0043,rebounds,10,T17
G0110,P0043,assists,11,T17
G0110,P0285,points,12,T17
G0110,P0285,rebounds,17,T17
G0110,P0285,assists,7,T17
G0110,P0323,points,29,T17
G0110,P0323,rebounds,2,T17
G0110,P0323,assists,2,T17
G0110,P0376,points,18,T17
G0110,P0376,rebounds,7,T17
G0110,P0376,assists,7,T17
G0110,P0056,points,6,T17
G0110,P0056,rebounds,9,T17
G0110,P0056,assists,10,T17
G0110,P0072,points,29,T17
G0110,P0072,rebounds,5,T17
G0110,P0072,assists,5,T17
G0110,P0417,points,21,T17
G0110,P0417,rebounds,10,T17
G0110,P0417,assists,12,T17
G0111,P0342,points,39,T09
G0111,P0342,rebounds,16,T09
G0111,P0342,assists,10,T09
G0111,P0261,points,40,T09
G0111,P0261,rebounds,17,T09
G0111,P0261,assists,13,T09
G0111,P0277,points,4,T09
G0111,P0277,rebounds,0,T09
G0111,P0277,assists,15,T09
G0111,P0124,points,10,T09
G0111,P0124,rebounds,8,T09
G0111,P0124,assists,0,T09
G0111,P0231,points,25,T09
G0111,P0231,rebounds,17,T09
G0111,P0231,assists,13,T09
G0111,P0139,points,23,T09
G0111,P0139,rebounds,13,T09
G0111,P0139,assists,8,T09
G0111,P0140,points,18,T09
G0111,P0140,rebounds,11,T09
G0111,P0140,assists,14,T09
G0111,P0274,points,10,T09
G0111,P0274,rebounds,9,T09
G0111,P0274,assists,9,T09
G0111,P0161,points,23,T09
G0111,P0161,rebounds,0,T09
G0111,P0161,assists,4,T09
G0111,P0365,points,26,T09
G0111,P0365,rebounds,14,T09
G0111,P0365,assists,11,T09
G0111,P0110,points,40,T17
G0111,P0110,rebounds,14,T17
G0111,P0110,assists,9,T17
G0111,P0390,points,13,T17
G0111,P0390,rebounds,7,T17
G0111,P0390,assists,13,T17
G0111,P0155,points,19,T17
G0111,P0155,rebounds,15,T17
G0111,P0155,assists,1,T17
G0111,P0238,points,5,T17
G0111,P0238,rebounds,4,T17
G0111,P0238,assists,3,T17
G0111,P0111,points,24,T17
G0111,P0111,rebounds,13,T17
G0111,P0111,assists,8,T17
G0111,P0254,points,11,T17
G0111,P0254,rebounds,12,T17
G0111,P0254,assists,1,T17
G0111,P0062,points,19,T17
G0111,P0062,rebounds,3,T17
G0111,P0062,assists,1,T17
G0111,P0269,points,6,T17
G0111,P0269,rebounds,2,T17
G0111,P0269,assists,7,T17
G0111,P0080,points,22,T17
G0111,P0080,rebounds,12,T17
G0111,P0080,assists,7,T17
G0111,P0136,points,7,T17
G0111,P0136,rebounds,0,T17
G0111,P0136,assists,11,T17
G0112,P0093,points,18,T24
G0112,P0093,rebounds,11,T24
G0112,P0093,assists,15,T24
G0112,P0329,points,2,T24
G0112,P0329,rebounds,4,T24
G0112,P0329,assists,13,T24
G0112,P0207,points,22,T24
G0112,P0207,rebounds,0,T24
G0112,P0207,assists,11,T24
G0112,P0299,points,5,T24
G0112,P0299,rebounds,16,T24
G0112,P0299,assists,12,T24
G0112,P0116,points,33,T24
G0112,P0116,rebounds,9,T24
G0112,P0116,assists,4,T24
G0112,P0085,points,36,T24
G0112,P0085,rebounds,11,T24
G0112,P0085,assists,10,T24
G0112,P0404,points,5,T24
G0112,P0404,rebounds,13,T24
G0112,P0404,assists,9,T24
G0112,P0420,points,11,T24
G0112,P0420,rebounds,16,T24
G0112,P0420,assists,2,T24
G0112,P0089,points,29,T24
G0112,P0089,rebounds,20,T24
G0112,P0089,assists,9,T24
G0112,P0129,points,4,T24
G0112,P0129,rebounds,11,T24
G0112,P0129,assists,8,T24
G0112,P0035,points,22,T11
G0112,P0035,rebounds,5,T11
G0112,P0035,assists,10,T11
G0112,P0353,points,10,T11
G0112,P0353,rebounds,11,T11
G0112,P0353,assists,9,T11
G0112,P0048,points,26,T11
G0112,P0048,rebounds,16,T11
G0112,P0048,assists,14,T11
G0112,P0137,points,31,T11
G0112,P0137,rebounds,16,T11
G0112,P0137,assists,13,T11
G0112,P0395,points,9,T11
G0112,P0395,rebounds,6,T11
G0112,P0395,assists,8,T11
G0112,P0246,points,19,T11
G0112,P0246,rebounds,14,T11
G0112,P0246,assists,0,T11
G0112,P0226,points,5,T11
G0112,P0226,rebounds,15,T11
G0112,P0226,assists,13,T11
G0112,P0346,points,12,T11
G0112,P0346,rebounds,6,T11
G0112,P0346,assists,8,T11
G0112,P0400,points,19,T11
G0112,P0400,rebounds,3,T11
G0112,P0400,assists,8,T11
G0112,P0218,points,33,T11
G0112,P0218,rebounds,15,T11
G0112,P0218,assists,13,T11
G0113,P0048,points,22,T17
G0113,P0048,rebounds,14,T17
G0113,P0048,assists,8,T17
G0113,P0130,points,15,T17
G0113,P0130,rebounds,16,T17
G0113,P0130,assists,10,T17
G0113,P0020,points,37,T17
G0113,P0020,rebounds,7,T17
G0113,P0020,assists,3,T17
G0113,P0418,points,18,T17
G0113,P0418,rebounds,10,T17
G0113,P0418,assists,7,T17
G0113,P0358,points,34,T17
G0113,P0358,rebounds,0,T17
G0113,P0358,assists,8,T17
G0113,P0268,points,17,T17
G0113,P0268,rebounds,4,T17
G0113,P0268,assists,10,T17
G0113,P0362,points,32,T17
G0113,P0362,rebounds,11,T17
G0113,P0362,assists,1,T17
G0113,P0265,points,3,T17
G0113,P0265,rebounds,8,T17
G0113,P0265,assists,10,T17
G0113,P0104,points,12,T17
G0113,P0104,rebounds,6,T17
G0113,P0104,assists,13,T17
G0113,P0413,points,0,T17
G0113,P0413,rebounds,1,T17
G0113,P0413,assists,2,T17
G0113,P0248,points,40,T09
G0113,P0248,rebounds,10,T09
G0113,P0248,assists,2,T09
G0113,P0345,points,12,T09
G0113,P0345,rebounds,20,T09
G0113,P0345,assists,11,T09
G0113,P0095,points,9,T09
G0113,P0095,rebounds,5,T09
G0113,P0095,assists,1,T09
G0113,P0334,points,31,T09
G0113,P0334,rebounds,2,T09
G0113,P0334,assists,4,T09
G0113,P0271,points,14,T09
G0113,P0271,rebounds,13,T09
G0113,P0271,assists,9,T09
G0113,P0162,points,32,T09
G0113,P0162,rebounds,6,T09
G0113,P0162,assists,6,T09
G0113,P0417,points,15,T09
G0113,P0417,rebounds,0,T09
G0113,P0417,assists,11,T09
G0113,P0288,points,21,T09
G0113,P0288,rebounds,9,T09
G0113,P0288,assists,15,T09
G0113,P0399,points,7,T09
G0113,P0399,rebounds,20,T09
G0113,P0399,assists,10,T09
G0113,P0260,points,9,T09
G0113,P0260,rebounds,14,T09
G0113,P0260,assists,12,T09
G0114,P0149,points,31,T14
G0114,P0149,rebounds,12,T14
G0114,P0149,assists,14,T14
G0114,P0057,points,33,T14
G0114,P0057,rebounds,1,T14
G0114,P0057,assists,13,T14
G0114,P0143,points,14,T14
G0114,P0143,rebounds,17,T14
G0114,P0143,assists,8,T14
G0114,P0379,points,18,T14
G0114,P0379,rebounds,1,T14
G0114,P0379,assists,1,T14
G0114,P0278,points,24,T14
G0114,P0278,rebounds,11,T14
G0114,P0278,assists,8,T14
G0114,P0067,points,6,T14
G0114,P0067,rebounds,10,T14
G0114,P0067,assists,0,T14
G0114,P0227,points,5,T14
G0114,P0227,rebounds,10,T14
G0114,P0227,assists,9,T14
G0114,P0006,points,26,T14
G0114,P0006,rebounds,20,T14
G0114,P0006,assists,13,T14
G0114,P0210,points,15,T14
G0114,P0210,rebounds,16,T14
G0114,P0210,assists,1,T14
G0114,P0345,points,35,T14
G0114,P0345,rebounds,8,T14
G0114,P0345,assists,12,T14
G0114,P0168,points,39,T26
G0114,P0168,rebounds,14,T26
G0114,P0168,assists,14,T26
G0114,P0046,points,0,T26
G0114,P0046,rebounds,3,T26
G0114,P0046,assists,10,T26
G0114,P0019,points,22,T26
G0114,P0019,rebounds,2,T26
G0114,P0019,assists,11,T26
G0114,P0158,points,2,T26
G0114,P0158,rebounds,20,T26
G0114,P0158,assists,2,T26
G0114,P0395,points,18,T26
G0114,P0395,rebounds,17,T26
G0114,P0395,assists,8,T26
G0114,P0398,points,30,T26
G0114,P0398,rebounds,14,T26
G0114,P0398,assists,15,T26
G0114,P0223,points,19,T26
G0114,P0223,rebounds,20,T26
G0114,P0223,assists,8,T26
G0114,P0271,points,36,T26
G0114,P0271,rebounds,15,T26
G0114,P0271,assists,2,T26
G0114,P0203,points,26,T26
G0114,P0203,rebounds,18,T26
G0114,P0203,assists,2,T26
G0114,P0202,points,34,T26
G0114,P0202,rebounds,2,T26
G0114,P0202,assists,13,T26
G0115,P0385,points,19,T16
G0115,P0385,rebounds,8,T16
G0115,P0385,assists,13,T16
G0115,P0178,points,16,T16
G0115,P0178,rebounds,12,T16
G0115,P0178,assists,1,T16
G0115,P0073,points,13,T16
G0115,P0073,rebounds,5,T16
G0115,P0073,assists,6,T16
G0115,P0049,points,20,T16
G0115,P0049,rebounds,15,T16
G0115,P0049,assists,6,T16
G0115,P0086,points,6,T16
G0115,P0086,rebounds,11,T16
G0115,P0086,assists,0,T16
G0115,P0063,points,34,T16
G0115,P0063,rebounds,16,T16
G0115,P0063,assists,3,T16
G0115,P0155,points,10,T16
G0115,P0155,rebounds,0,T16
G0115,P0155,assists,5,T16
G0115,P0301,points,1,T16
G0115,P0301,rebounds,19,T16
G0115,P0301,assists,2,T16
G0115,P0236,points,27,T16
G0115,P0236,rebounds,11,T16
G0115,P0236,assists,3,T16
G0115,P0325,points,33,T16
G0115,P0325,rebounds,2,T16
G0115,P0325,assists,14,T16
G0115,P0181,points,30,T14
G0115,P0181,rebounds,13,T14
G0115,P0181,assists,14,T14
G0115,P0192,points,16,T14
G0115,P0192,rebounds,5,T14
G0115,P0192,assists,2,T14
G0115,P0377,points,37,T14
G0115,P0377,rebounds,8,T14
G0115,P0377,assists,13,T14
G0115,P0072,points,13,T14
G0115,P0072,rebounds,20,T14
G0115,P0072,assists,13,T14
G0115,P0094,points,12,T14
G0115,P0094,rebounds,10,T14
G0115,P0094,assists,12,T14
G0115,P0171,points,9,T14
G0115,P0171,rebounds,0,T14
G0115,P0171,assists,4,T14
G0115,P0309,points,24,T14
G0115,P0309,rebounds,2,T14
G0115,P0309,assists,5,T14
G0115,P0361,points,37,T14
G0115,P0361,rebounds,1,T14
G0115,P0361,assists,0,T14
G0115,P0346,points,17,T14
G0115,P0346,rebounds,0,T14
G0115,P0346,assists,0,T14
G0115,P0120,points,7,T14
G0115,P0120,rebounds,2,T14
G0115,P0120,assists,12,T14
G0116,P0260,points,7,T18
G0116,P0260,rebounds,20,T18
G0116,P0260,assists,11,T18
G0116,P0029,points,15,T18
G0116,P0029,rebounds,9,T18
G0116,P0029,assists,1,T18
G0116,P0149,points,2,T18
G0116,P0149,rebounds,11,T18
G0116,P0149,assists,0,T18
G0116,P0272,points,26,T18
G0116,P0272,rebounds,8,T18
G0116,P0272,assists,2,T18
G0116,P0292,points,21,T18
G0116,P0292,rebounds,11,T18
G0116,P0292,assists,11,T18
G0116,P0371,points,8,T18
G0116,P0371,rebounds,11,T18
G0116,P0371,assists,13,T18
G0116,P0360,points,11,T18
G0116,P0360,rebounds,17,T18
G0116,P0360,assists,11,T18
G0116,P0045,points,17,T18
G0116,P0045,rebounds,18,T18
G0116,P0045,assists,15,T18
G0116,P0216,points,9,T18
G0116,P0216,rebounds,20,T18
G0116,P0216,assists,0,T18
G0116,P0051,points,5,T18
G0116,P0051,rebounds,0,T18
G0116,P0051,assists,5,T18
G0116,P0215,points,38,T25
G0116,P0215,rebounds,12,T25
G0116,P0215,assists,9,T25
G0116,P0284,points,3,T25
G0116,P0284,rebounds,10,T25
G0116,P0284,assists,6,T25
G0116,P0204,points,19,T25
G0116,P0204,rebounds,5,T25
G0116,P0204,assists,3,T25
G0116,P0331,points,39,T25
G0116,P0331,rebounds,11,T25
G0116,P0331,assists,6,T25
G0116,P0047,points,3,T25
G0116,P0047,rebounds,16,T25
G0116,P0047,assists,7,T25
G0116,P0146,points,15,T25
G0116,P0146,rebounds,14,T25
G0116,P0146,assists,2,T25
G0116,P0015,points,21,T25
G0116,P0015,rebounds,18,T25
G0116,P0015,assists,7,T25
G0116,P0040,points,0,T25
G0116,P0040,rebounds,4,T25
G0116,P0040,assists,0,T25
G0116,P0102,points,20,T25
G0116,P0102,rebounds,7,T25
G0116,P0102,assists,2,T25
G0116,P0356,points,28,T25
G0116,P0356,rebounds,3,T25
G0116,P0356,assists,5,T25
G0117,P0212,points,19,T02
G0117,P0212,rebounds,13,T02
G0117,P0212,assists,4,T02
G0117,P0003,points,25,T02
G0117,P0003,rebounds,14,T02
G0117,P0003,assists,10,T02
G0117,P0405,points,16,T02
G0117,P0405,rebounds,16,T02
G0117,P0405,assists,11,T02
G0117,P0102,points,13,T02
G0117,P0102,rebounds,15,T02
G0117,P0102,assists,14,T02
G0117,P0132,points,33,T02
G0117,P0132,rebounds,15,T02
G0117,P0132,assists,12,T02
G0117,P0398,points,32,T02
G0117,P0398,rebounds,6,T02
G0117,P0398,assists,11,T02
G0117,P0103,points,8,T02
G0117,P0103,rebounds,7,T02
G0117,P0103,assists,14,T02
G0117,P0225,points,11,T02
G0117,P0225,rebounds,17,T02
G0117,P0225,assists,6,T02
G0117,P0028,points,8,T02
G0117,P0028,rebounds,2,T02
G0117,P0028,assists,8,T02
G0117,P0406,points,18,T02
G0117,P0406,rebounds,10,T02
G0117,P0406,assists,0,T02
G0117,P0416,points,10,T29
G0117,P0416,rebounds,0,T29
G0117,P0416,assists,4,T29
G0117,P0397,points,38,T29
G0117,P0397,rebounds,3,T29
G0117,P0397,assists,11,T29
G0117,P0138,points,0,T29
G0117,P0138,rebounds,11,T29
G0117,P0138,assists,14,T29
G0117,P0110,points,13,T29
G0117,P0110,rebounds,4,T29
G0117,P0110,assists,9,T29
G0117,P0274,points,11,T29
G0117,P0274,rebounds,18,T29
G0117,P0274,assists,13,T29
G0117,P0080,points,26,T29
G0117,P0080,rebounds,13,T29
G0117,P0080,assists,9,T29
G0117,P0104,points,30,T29
G0117,P0104,rebounds,9,T29
G0117,P0104,assists,15,T29
G0117,P0346,points,14,T29
G0117,P0346,rebounds,0,T29
G0117,P0346,assists,11,T29
G0117,P0363,points,27,T29
G0117,P0363,rebounds,20,T29
G0117,P0363,assists,6,T29
G0117,P0115,points,17,T29
G0117,P0115,rebounds,11,T29
G0117,P0115,assists,6,T29
G0118,P0324,points,36,T05
G0118,P0324,rebounds,4,T05
G0118,P0324,assists,8,T05
G0118,P0094,points,19,T05
G0118,P0094,rebounds,16,T05
G0118,P0094,assists,0,T05
G0118,P0177,points,4,T05
G0118,P0177,rebounds,8,T05
G0118,P0177,assists,7,T05
G0118,P0220,points,32,T05
G0118,P0220,rebounds,12,T05
G0118,P0220,assists,2,T05
G0118,P0413,points,40,T05
G0118,P0413,rebounds,9,T05
G0118,P0413,assists,15,T05
G0118,P0323,points,40,T05
G0118,P0323,rebounds,1,T05
G0118,P0323,assists,8,T05
G0118,P0248,points,17,T05
G0118,P0248,rebounds,10,T05
G0118,P0248,assists,4,T05
G0118,P0296,points,22,T05
G0118,P0296,rebounds,10,T05
G0118,P0296,assists,2,T05
G0118,P0414,points,11,T05
G0118,P0414,rebounds,3,T05
G0118,P0414,assists,13,T05
G0118,P0151,points,27,T05
G0118,P0151,rebounds,8,T05
G0118,P0151,assists,6,T05
G0118,P0254,points,3,T11
G0118,P0254,rebounds,6,T11
G0118,P0254,assists,14,T11
G0118,P0054,points,1,T11
G0118,P0054,rebounds,3,T11
G0118,P0054,assists,13,T11
G0118,P0009,points,21,T11
G0118,P0009,rebounds,0,T11
G0118,P0009,assists,7,T11
G0118,P0301,points,30,T11
G0118,P0301,rebounds,7,T11
G0118,P0301,assists,6,T11
G0118,P0334,points,25,T11
G0118,P0334,rebounds,12,T11
G0118,P0334,assists,14,T11
G0118,P0282,points,10,T11
G0118,P0282,rebounds,5,T11
G0118,P0282,assists,2,T11
G0118,P0036,points,27,T11
G0118,P0036,rebounds,11,T11
G0118,P0036,assists,5,T11
G0118,P0081,points,28,T11
G0118,P0081,rebounds,7,T11
G0118,P0081,assists,3,T11
G0118,P0303,points,22,T11
G0118,P0303,rebounds,9,T11
G0118,P0303,assists,6,T11
G0118,P0272,points,18,T11
G0118,P0272,rebounds,19,T11
G0118,P0272,assists,3,T11
G0119,P0114,points,0,T08
G0119,P0114,rebounds,3,T08
G0119,P0114,assists,6,T08
G0119,P0273,points,1,T08
G0119,P0273,rebounds,3,T08
G0119,P0273,assists,12,T08
G0119,P0236,points,5,T08
G0119,P0236,rebounds,3,T08
G0119,P0236,assists,8,T08
G0119,P0048,points,3,T08
G0119,P0048,rebounds,5,T08
G0119,P0048,assists,15,T08
G0119,P0213,points,25,T08
G0119,P0213,rebounds,20,T08
G0119,P0213,assists,5,T08
G0119,P0358,points,25,T08
G0119,P0358,rebounds,5,T08
G0119,P0358,assists,6,T08
G0119,P0061,points,7,T08
G0119,P0061,rebounds,17,T08
G0119,P0061,assists,2,T08
G0119,P0204,points,8,T08
G0119,P0204,rebounds,9,T08
G0119,P0204,assists,6,T08
G0119,P0020,points,12,T08
G0119,P0020,rebounds,7,T08
G0119,P0020,assists,4,T08
G0119,P0233,points,37,T08
G0119,P0233,rebounds,12,T08
G0119,P0233,assists,14,T08
G0119,P0148,points,40,T06
G0119,P0148,rebounds,13,T06
G0119,P0148,assists,13,T06
G0119,P0398,points,4,T06
G0119,P0398,rebounds,19,T06
G0119,P0398,assists,7,T06
G0119,P0341,points,29,T06
G0119,P0341,rebounds,5,T06
G0119,P0341,assists,1,T06
G0119,P0264,points,36,T06
G0119,P0264,rebounds,9,T06
G0119,P0264,assists,2,T06
G0119,P0339,points,26,T06
G0119,P0339,rebounds,1,T06
G0119,P0339,assists,7,T06
G0119,P0032,points,28,T06
G0119,P0032,rebounds,15,T06
G0119,P0032,assists,7,T06
G0119,P0201,points,15,T06
G0119,P0201,rebounds,17,T06
G0119,P0201,assists,2,T06
G0119,P0183,points,3,T06
G0119,P0183,rebounds,3,T06
G0119,P0183,assists,12,T06
G0119,P0041,points,19,T06
G0119,P0041,rebounds,0,T06
G0119,P0041,assists,2,T06
G0119,P0095,points,1,T06
G0119,P0095,rebounds,17,T06
G0119,P0095,assists,7,T06
G0120,P0306,points,20,T04
G0120,P0306,rebounds,15,T04
G0120,P0306,assists,14,T04
G0120,P0255,points,38,T04
G0120,P0255,rebounds,17,T04
G0120,P0255,assists,14,T04
G0120,P0028,points,38,T04
G0120,P0028,rebounds,20,T04
G0120,P0028,assists,10,T04
G0120,P0015,points,5,T04
G0120,P0015,rebounds,2,T04
G0120,P0015,assists,12,T04
G0120,P0246,points,12,T04
G0120,P0246,rebounds,16,T04
G0120,P0246,assists,14,T04
G0120,P0166,points,26,T04
G0120,P0166,rebounds,16,T04
G0120,P0166,assists,4,T04
G0120,P0341,points,17,T04
G0120,P0341,rebounds,20,T04
G0120,P0341,assists,13,T04
G0120,P0011,points,8,T04
G0120,P0011,rebounds,19,T04
G0120,P0011,assists,7,T04
G0120,P0092,points,34,T04
G0120,P0092,rebounds,10,T04
G0120,P0092,assists,9,T04
G0120,P0029,points,6,T04
G0120,P0029,rebounds,7,T04
G0120,P0029,assists,11,T04
G0120,P0318,points,34,T29
G0120,P0318,rebounds,1,T29
G0120,P0318,assists,1,T29
G0120,P0114,points,28,T29
G0120,P0114,rebounds,9,T29
G0120,P0114,assists,13,T29
G0120,P0315,points,2,T29
G0120,P0315,rebounds,7,T29
G0120,P0315,assists,0,T29
G0120,P0353,points,29,T29
G0120,P0353,rebounds,18,T29
G0120,P0353,assists,2,T29
G0120,P0040,points,13,T29
G0120,P0040,rebounds,17,T29
G0120,P0040,assists,0,T29
G0120,P0084,points,39,T29
G0120,P0084,rebounds,18,T29
G0120,P0084,assists,2,T29
G0120,P0288,points,5,T29
G0120,P0288,rebounds,14,T29
G0120,P0288,assists,0,T29
G0120,P0163,points,20,T29
G0120,P0163,rebounds,1,T29
G0120,P0163,assists,8,T29
G0120,P0417,points,14,T29
G0120,P0417,rebounds,14,T29
G0120,P0417,assists,14,T29
G0120,P0193,points,20,T29
G0120,P0193,rebounds,13,T29
G0120,P0193,assists,9,T29
G0121,P0046,points,23,T14
G0121,P0046,rebounds,14,T14
G0121,P0046,assists,8,T14
G0121,P0405,points,35,T14
G0121,P0405,rebounds,20,T14
G0121,P0405,assists,14,T14
G0121,P0251,points,3,T14
G0121,P0251,rebounds,18,T14
G0121,P0251,assists,5,T14
G0121,P0256,points,18,T14
G0121,P0256,rebounds,8,T14
G0121,P0256,assists,4,T14
G0121,P0099,points,35,T14
G0121,P0099,rebounds,13,T14
G0121,P0099,assists,15,T14
G0121,P0306,points,39,T14
G0121,P0306,rebounds,8,T14
G0121,P0306,assists,11,T14
G0121,P0360,points,20,T14
G0121,P0360,rebounds,10,T14
G0121,P0360,assists,11,T14
G0121,P0116,points,28,T14
G0121,P0116,rebounds,19,T14
G0121,P0116,assists,12,T14
G0121,P0096,points,25,T14
G0121,P0096,rebounds,19,T14
G0121,P0096,assists,1,T14
G0121,P0157,points,31,T14
G0121,P0157,rebounds,8,T14
G0121,P0157,assists,6,T14
G0121,P0397,points,32,T20
G0121,P0397,rebounds,5,T20
G0121,P0397,assists,14,T20
G0121,P0104,points,20,T20
G0121,P0104,rebounds,7,T20
G0121,P0104,assists,5,T20
G0121,P0198,points,17,T20
G0121,P0198,rebounds,19,T20
G0121,P0198,assists,1,T20
G0121,P0213,points,20,T20
G0121,P0213,rebounds,17,T20
G0121,P0213,assists,7,T20
G0121,P0112,points,23,T20
G0121,P0112,rebounds,7,T20
G0121,P0112,assists,2,T20
G0121,P0182,points,26,T20
G0121,P0182,rebounds,19,T20
G0121,P0182,assists,8,T20
G0121,P0187,points,17,T20
G0121,P0187,rebounds,2,T20
G0121,P0187,assists,15,T20
G0121,P0033,points,35,T20
G0121,P0033,rebounds,18,T20
G0121,P0033,assists,5,T20
G0121,P0355,points,25,T20
G0121,P0355,rebounds,9,T20
G0121,P0355,assists,3,T20
G0121,P0195,points,8,T20
G0121,P0195,rebounds,8,T20
G0121,P0195,assists,8,T20
G0122,P0116,points,37,T21
G0122,P0116,rebounds,20,T21
G0122,P0116,assists,6,T21
G0122,P0051,points,8,T21
G0122,P0051,rebounds,8,T21
G0122,P0051,assists,2,T21
G0122,P0365,points,22,T21
G0122,P0365,rebounds,13,T21
G0122,P0365,assists,15,T21
G0122,P0407,points,13,T21
G0122,P0407,rebounds,4,T21
G0122,P0407,assists,2,T21
G0122,P0131,points,15,T21
G0122,P0131,rebounds,12,T21
G0122,P0131,assists,1,T21
G0122,P0296,points,31,T21
G0122,P0296,rebounds,9,T21
G0122,P0296,assists,12,T21
G0122,P0290,points,19,T21
G0122,P0290,rebounds,3,T21
G0122,P0290,assists,0,T21
G0122,P0022,points,22,T21
G0122,P0022,rebounds,11,T21
G0122,P0022,assists,13,T21
G0122,P0190,points,35,T21
G0122,P0190,rebounds,3,T21
G0122,P0190,assists,5,T21
G0122,P0135,points,8,T21
G0122,P0135,rebounds,2,T21
G0122,P0135,assists,0,T21
G0122,P0214,points,3,T09
G0122,P0214,rebounds,11,T09
G0122,P0214,assists,2,T09
G0122,P0293,points,7,T09
G0122,P0293,rebounds,2,T09
G0122,P0293,assists,11,T09
G0122,P0120,points,26,T09
G0122,P0120,rebounds,20,T09
G0122,P0120,assists,1,T09
G0122,P0363,points,8,T09
G0122,P0363,rebounds,9,T09
G0122,P0363,assists,10,T09
G0122,P0193,points,5,T09
G0122,P0193,rebounds,4,T09
G0122,P0193,assists,6,T09
G0122,P0276,points,0,T09
G0122,P0276,rebounds,8,T09
G0122,P0276,assists,12,T09
G0122,P0183,points,21,T09
G0122,P0183,rebounds,9,T09
G0122,P0183,assists,7,T09
G0122,P0339,points,38,T09
G0122,P0339,rebounds,10,T09
G0122,P0339,assists,8,T09
G0122,P0058,points,38,T09
G0122,P0058,rebounds,3,T09
G0122,P0058,assists,1,T09
G0122,P0155,points,18,T09
G0122,P0155,rebounds,6,T09
G0122,P0155,assists,3,T09
G0123,P0287,points,35,T20
G0123,P0287,rebounds,6,T20
G0123,P0287,assists,13,T20
G0123,P0292,points,35,T20
G0123,P0292,rebounds,5,T20
G0123,P0292,assists,9,T20
G0123,P0282,points,30,T20
G0123,P0282,rebounds,10,T20
G0123,P0282,assists,11,T20
G0123,P0362,points,37,T20
G0123,P0362,rebounds,13,T20
G0123,P0362,assists,13,T20
G0123,P0259,points,32,T20
G0123,P0259,rebounds,17,T20
G0123,P0259,assists,13,T20
G0123,P0142,points,9,T20
G0123,P0142,rebounds,0,T20
G0123,P0142,assists,2,T20
G0123,P0050,points,10,T20
G0123,P0050,rebounds,14,T20
G0123,P0050,assists,8,T20
G0123,P0254,points,19,T20
G0123,P0254,rebounds,0,T20
G0123,P0254,assists,10,T20
G0123,P0221,points,14,T20
G0123,P0221,rebounds,15,T20
G0123,P0221,assists,1,T20
G0123,P0415,points,12,T20
G0123,P0415,rebounds,1,T20
G0123,P0415,assists,4,T20
G0123,P0191,points,37,T19
G0123,P0191,rebounds,10,T19
G0123,P0191,assists,7,T19
G0123,P0057,points,11,T19
G0123,P0057,rebounds,5,T19
G0123,P0057,assists,10,T19
G0123,P0161,points,40,T19
G0123,P0161,rebounds,15,T19
G0123,P0161,assists,11,T19
G0123,P0131,points,19,T19
G0123,P0131,rebounds,2,T19
G0123,P0131,assists,11,T19
G0123,P0183,points,33,T19
G0123,P0183,rebounds,10,T19
G0123,P0183,assists,1,T19
G0123,P0170,points,29,T19
G0123,P0170,rebounds,19,T19
G0123,P0170,assists,3,T19
G0123,P0384,points,6,T19
G0123,P0384,rebounds,15,T19
G0123,P0384,assists,5,T19
G0123,P0245,points,29,T19
G0123,P0245,rebounds,14,T19
G0123,P0245,assists,4,T19
G0123,P0386,points,1,T19
G0123,P0386,rebounds,11,T19
G0123,P0386,assists,6,T19
G0123,P0054,points,35,T19
G0123,P0054,rebounds,7,T19
G0123,P0054,assists,3,T19
G0124,P0256,points,37,T15
G0124,P0256,rebounds,5,T15
G0124,P0256,assists,0,T15
G0124,P0304,points,27,T15
G0124,P0304,rebounds,9,T15
G0124,P0304,assists,0,T15
G0124,P0420,points,11,T15
G0124,P0420,rebounds,20,T15
G0124,P0420,assists,5,T15
G0124,P0325,points,10,T15
G0124,P0325,rebounds,13,T15
G0124,P0325,assists,10,T15
G0124,P0354,points,13,T15
G0124,P0354,rebounds,17,T15
G0124,P0354,assists,9,T15
G0124,P0334,points,6,T15
G0124,P0334,rebounds,6,T15
G0124,P0334,assists,13,T15
G0124,P0395,points,3,T15
G0124,P0395,rebounds,0,T15
G0124,P0395,assists,10,T15
G0124,P0361,points,18,T15
G0124,P0361,rebounds,5,T15
G0124,P0361,assists,7,T15
G0124,P0027,points,7,T15
G0124,P0027,rebounds,7,T15
G0124,P0027,assists,3,T15
G0124,P0168,points,24,T15
G0124,P0168,rebounds,14,T15
G0124,P0168,assists,14,T15
G0124,P0287,points,2,T16
G0124,P0287,rebounds,6,T16
G0124,P0287,assists,4,T16
G0124,P0106,points,23,T16
G0124,P0106,rebounds,11,T16
G0124,P0106,assists,14,T16
G0124,P0173,points,37,T16
G0124,P0173,rebounds,16,T16
G0124,P0173,assists,3,T16
G0124,P0198,points,1,T16
G0124,P0198,rebounds,18,T16
G0124,P0198,assists,15,T16
G0124,P0321,points,10,T16
G0124,P0321,rebounds,0,T16
G0124,P0321,assists,10,T16
G0124,P0042,points,24,T16
G0124,P0042,rebounds,18,T16
G0124,P0042,assists,9,T16
G0124,P0174,points,31,T16
G0124,P0174,rebounds,16,T16
G0124,P0174,assists,0,T16
G0124,P0143,points,6,T16
G0124,P0143,rebounds,16,T16
G0124,P0143,assists,2,T16
G0124,P0314,points,8,T16
G0124,P0314,rebounds,15,T16
G0124,P0314,assists,3,T16
G0124,P0101,points,6,T16
G0124,P0101,rebounds,0,T16
G0124,P0101,assists,7,T16
G0125,P0128,points,20,T26
G0125,P0128,rebounds,3,T26
G0125,P0128,assists,7,T26
G0125,P0270,points,5,T26
G0125,P0270,rebounds,19,T26
G0125,P0270,assists,9,T26
G0125,P0028,points,1,T26
G0125,P0028,rebounds,10,T26
G0125,P0028,assists,14,T26
G0125,P0142,points,30,T26
G0125,P0142,rebounds,5,T26
G0125,P0142,assists,14,T26
G0125,P0302,points,7,T26
G0125,P0302,rebounds,5,T26
G0125,P0302,assists,2,T26
G0125,P0088,points,37,T26
G0125,P0088,rebounds,15,T26
G0125,P0088,assists,8,T26
G0125,P0262,points,27,T26
G0125,P0262,rebounds,5,T26
G0125,P0262,assists,1,T26
G0125,P0407,points,34,T26
G0125,P0407,rebounds,20,T26
G0125,P0407,assists,0,T26
G0125,P0314,points,2,T26
G0125,P0314,rebounds,11,T26
G0125,P0314,assists,0,T26
G0125,P0375,points,29,T26
G0125,P0375,rebounds,19,T26
G0125,P0375,assists,4,T26
G0125,P0213,points,12,T28
G0125,P0213,rebounds,18,T28
G0125,P0213,assists,5,T28
G0125,P0006,points,9,T28
G0125,P0006,rebounds,1,T28
G0125,P0006,assists,13,T28
G0125,P0077,points,37,T28
G0125,P0077,rebounds,1,T28
G0125,P0077,assists,12,T28
G0125,P0411,points,6,T28
G0125,P0411,rebounds,2,T28
G0125,P0411,assists,6,T28
G0125,P0036,points,17,T28
G0125,P0036,rebounds,17,T28
G0125,P0036,assists,11,T28
G0125,P0011,points,5,T28
G0125,P0011,rebounds,12,T28
G0125,P0011,assists,14,T28
G0125,P0122,points,27,T28
G0125,P0122,rebounds,4,T28
G0125,P0122,assists,2,T28
G0125,P0097,points,18,T28
G0125,P0097,rebounds,9,T28
G0125,P0097,assists,5,T28
G0125,P0112,points,4,T28
G0125,P0112,rebounds,2,T28
G0125,P0112,assists,8,T28
G0125,P0124,points,38,T28
G0125,P0124,rebounds,12,T28
G0125,P0124,assists,7,T28
G0126,P0378,points,14,T17
G0126,P0378,rebounds,10,T17
G0126,P0378,assists,11,T17
G0126,P0258,points,10,T17
G0126,P0258,rebounds,11,T17
G0126,P0258,assists,0,T17
G0126,P0317,points,1,T17
G0126,P0317,rebounds,20,T17
G0126,P0317,assists,13,T17
G0126,P0285,points,35,T17
G0126,P0285,rebounds,6,T17
G0126,P0285,assists,8,T17
G0126,P0316,points,27,T17
G0126,P0316,rebounds,5,T17
G0126,P0316,assists,11,T17
G0126,P0209,points,28,T17
G0126,P0209,rebounds,8,T17
G0126,P0209,assists,6,T17
G0126,P0239,points,12,T17
G0126,P0239,rebounds,16,T17
G0126,P0239,assists,15,T17
G0126,P0383,points,40,T17
G0126,P0383,rebounds,16,T17
G0126,P0383,assists,5,T17
G0126,P0260,points,32,T17
G0126,P0260,rebounds,5,T17
G0126,P0260,assists,14,T17
G0126,P0297,points,10,T17
G0126,P0297,rebounds,8,T17
G0126,P0297,assists,1,T17
G0126,P0092,points,3,T08
G0126,P0092,rebounds,8,T08
G0126,P0092,assists,8,T08
G0126,P0180,points,0,T08
G0126,P0180,rebounds,17,T08
G0126,P0180,assists,1,T08
G0126,P0174,points,40,T08
G0126,P0174,rebounds,5,T08
G0126,P0174,assists,6,T08
G0126,P0254,points,6,T08
G0126,P0254,rebounds,17,T08
G0126,P0254,assists,11,T08
G0126,P0392,points,3,T08
G0126,P0392,rebounds,2,T08
G0126,P0392,assists,9,T08
G0126,P0407,points,35,T08
G0126,P0407,rebounds,2,T08
G0126,P0407,assists,3,T08
G0126,P0170,points,22,T08
G0126,P0170,rebounds,2,T08
G0126,P0170,assists,4,T08
G0126,P0315,points,0,T08
G0126,P0315,rebounds,10,T08
G0126,P0315,assists,11,T08
G0126,P0081,points,16,T08
G0126,P0081,rebounds,5,T08
G0126,P0081,assists,6,T08
G0126,P0006,points,20,T08
G0126,P0006,rebounds,3,T08
G0126,P0006,assists,1,T08
G0127,P0356,points,26,T03
G0127,P0356,rebounds,12,T03
G0127,P0356,assists,3,T03
G0127,P0076,points,32,T03
G0127,P0076,rebounds,9,T03
G0127,P0076,assists,4,T03
G0127,P0052,points,20,T03
G0127,P0052,rebounds,2,T03
G0127,P0052,assists,14,T03
G0127,P0103,points,28,T03
G0127,P0103,rebounds,6,T03
G0127,P0103,assists,12,T03
G0127,P0406,points,2,T03
G0127,P0406,rebounds,8,T03
G0127,P0406,assists,10,T03
G0127,P0395,points,0,T03
G0127,P0395,rebounds,14,T03
G0127,P0395,assists,13,T03
G0127,P0172,points,24,T03
G0127,P0172,rebounds,4,T03
G0127,P0172,assists,11,T03
G0127,P0126,points,13,T03
G0127,P0126,rebounds,15,T03
G0127,P0126,assists,10,T03
G0127,P0299,points,3,T03
G0127,P0299,rebounds,2,T03
G0127,P0299,assists,0,T03
G0127,P0075,points,2,T03
G0127,P0075,rebounds,6,T03
G0127,P0075,assists,0,T03
G0127,P0219,points,38,T30
G0127,P0219,rebounds,19,T30
G0127,P0219,assists,2,T30
G0127,P0157,points,12,T30
G0127,P0157,rebounds,15,T30
G0127,P0157,assists,10,T30
G0127,P0255,points,23,T30
G0127,P0255,rebounds,20,T30
G0127,P0255,assists,10,T30
G0127,P0178,points,27,T30
G0127,P0178,rebounds,10,T30
G0127,P0178,assists,8,T30
G0127,P0245,points,11,T30
G0127,P0245,rebounds,10,T30
G0127,P0245,assists,14,T30
G0127,P0268,points,15,T30
G0127,P0268,rebounds,2,T30
G0127,P0268,assists,9,T30
G0127,P0377,points,32,T30
G0127,P0377,rebounds,20,T30
G0127,P0377,assists,8,T30
G0127,P0412,points,32,T30
G0127,P0412,rebounds,5,T30
G0127,P0412,assists,6,T30
G0127,P0084,points,17,T30
G0127,P0084,rebounds,6,T30
G0127,P0084,assists,11,T30
G0127,P0006,points,36,T30
G0127,P0006,rebounds,6,T30
G0127,P0006,assists,2,T30
G0128,P0387,points,20,T23
G0128,P0387,rebounds,12,T23
G0128,P0387,assists,0,T23
G0128,P0299,points,33,T23
G0128,P0299,rebounds,11,T23
G0128,P0299,assists,3,T23
G0128,P0106,points,13,T23
G0128,P0106,rebounds,7,T23
G0128,P0106,assists,0,T23
G0128,P0330,points,38,T23
G0128,P0330,rebounds,16,T23
G0128,P0330,assists,14,T23
G0128,P0400,points,14,T23
G0128,P0400,rebounds,11,T23
G0128,P0400,assists,7,T23
G0128,P0201,points,19,T23
G0128,P0201,rebounds,12,T23
G0128,P0201,assists,7,T23
G0128,P0298,points,31,T23
G0128,P0298,rebounds,1,T23
G0128,P0298,assists,3,T23
G0128,P0338,points,36,T23
G0128,P0338,rebounds,18,T23
G0128,P0338,assists,13,T23
G0128,P0351,points,15,T23
G0128,P0351,rebounds,9,T23
G0128,P0351,assists,0,T23
G0128,P0340,points,11,T23
G0128,P0340,rebounds,15,T23
G0128,P0340,assists,5,T23
G0128,P0262,points,19,T29
G0128,P0262,rebounds,2,T29
G0128,P0262,assists,7,T29
G0128,P0195,points,29,T29
G0128,P0195,rebounds,12,T29
G0128,P0195,assists,8,T29
G0128,P0056,points,37,T29
G0128,P0056,rebounds,4,T29
G0128,P0056,assists,4,T29
G0128,P0279,points,25,T29
G0128,P0279,rebounds,10,T29
G0128,P0279,assists,15,T29
G0128,P0419,points,2,T29
G0128,P0419,rebounds,2,T29
G0128,P0419,assists,5,T29
G0128,P0177,points,18,T29
G0128,P0177,rebounds,18,T29
G0128,P0177,assists,7,T29
G0128,P0141,points,17,T29
G0128,P0141,rebounds,3,T29
G0128,P0141,assists,6,T29
G0128,P0207,points,21,T29
G0128,P0207,rebounds,12,T29
G0128,P0207,assists,9,T29
G0128,P0018,points,17,T29
G0128,P0018,rebounds,3,T29
G0128,P0018,assists,2,T29
G0128,P0180,points,6,T29
G0128,P0180,rebounds,12,T29
G0128,P0180,assists,13,T29
G0129,P0160,points,22,T18
G0129,P0160,rebounds,11,T18
G0129,P0160,assists,12,T18
G0129,P0363,points,35,T18
G0129,P0363,rebounds,4,T18
G0129,P0363,assists,12,T18
G0129,P0129,points,18,T18
G0129,P0129,rebounds,2,T18
G0129,P0129,assists,9,T18
G0129,P0261,points,40,T18
G0129,P0261,rebounds,2,T18
G0129,P0261,assists,0,T18
G0129,P0416,points,37,T18
G0129,P0416,rebounds,12,T18
G0129,P0416,assists,3,T18
G0129,P0033,points,32,T18
G0129,P0033,rebounds,8,T18
G0129,P0033,assists,5,T18
G0129,P0263,points,11,T18
G0129,P0263,rebounds,12,T18
G0129,P0263,assists,2,T18
G0129,P0311,points,14,T18
G0129,P0311,rebounds,6,T18
G0129,P0311,assists,0,T18
G0129,P0351,points,31,T18
G0129,P0351,rebounds,0,T18
G0129,P0351,assists,15,T18
G0129,P0016,points,3,T18
G0129,P0016,rebounds,7,T18
G0129,P0016,assists,1,T18
G0129,P0135,points,15,T06
G0129,P0135,rebounds,12,T06
G0129,P0135,assists,1,T06
G0129,P0030,points,21,T06
G0129,P0030,rebounds,16,T06
G0129,P0030,assists,7,T06
G0129,P0177,points,4,T06
G0129,P0177,rebounds,14,T06
G0129,P0177,assists,2,T06
G0129,P0012,points,0,T06
G0129,P0012,rebounds,9,T06
G0129,P0012,assists,4,T06
G0129,P0420,points,1,T06
G0129,P0420,rebounds,16,T06
G0129,P0420,assists,9,T06
G0129,P0055,points,37,T06
G0129,P0055,rebounds,10,T06
G0129,P0055,assists,7,T06
G0129,P0162,points,34,T06
G0129,P0162,rebounds,1,T06
G0129,P0162,assists,5,T06
G0129,P0164,points,32,T06
G0129,P0164,rebounds,6,T06
G0129,P0164,assists,14,T06
G0129,P0173,points,11,T06
G0129,P0173,rebounds,8,T06
G0129,P0173,assists,14,T06
G0129,P0155,points,9,T06
G0129,P0155,rebounds,20,T06
G0129,P0155,assists,0,T06
G0130,P0283,points,11,T20
G0130,P0283,rebounds,7,T20
G0130,P0283,assists,1,T20
G0130,P0271,points,15,T20
G0130,P0271,rebounds,12,T20
G0130,P0271,assists,9,T20
G0130,P0276,points,12,T20
G0130,P0276,rebounds,1,T20
G0130,P0276,assists,9,T20
G0130,P0244,points,26,T20
G0130,P0244,rebounds,1,T20
G0130,P0244,assists,8,T20
G0130,P0399,points,3,T20
G0130,P0399,rebounds,9,T20
G0130,P0399,assists,10,T20
G0130,P0338,points,29,T20
G0130,P0338,rebounds,14,T20
G0130,P0338,assists,12,T20
G0130,P0377,points,9,T20
G0130,P0377,rebounds,17,T20
G0130,P0377,assists,5,T20
G0130,P0246,points,15,T20
G0130,P0246,rebounds,16,T20
G0130,P0246,assists,5,T20
G0130,P0133,points,3,T20
G0130,P0133,rebounds,15,T20
G0130,P0133,assists,10,T20
G0130,P0110,points,23,T20
G0130,P0110,rebounds,3,T20
G0130,P0110,assists,10,T20
G0130,P0408,points,8,T05
G0130,P0408,rebounds,11,T05
G0130,P0408,assists,8,T05
G0130,P0237,points,31,T05
G0130,P0237,rebounds,20,T05
G0130,P0237,assists,3,T05
G0130,P0380,points,4,T05
G0130,P0380,rebounds,11,T05
G0130,P0380,assists,15,T05
G0130,P0191,points,6,T05
G0130,P0191,rebounds,10,T05
G0130,P0191,assists,6,T05
G0130,P0036,points,13,T05
G0130,P0036,rebounds,13,T05
G0130,P0036,assists,4,T05
G0130,P0214,points,20,T05
G0130,P0214,rebounds,17,T05
G0130,P0214,assists,6,T05
G0130,P0142,points,0,T05
G0130,P0142,rebounds,18,T05
G0130,P0142,assists,4,T05
G0130,P0219,points,31,T05
G0130,P0219,rebounds,16,T05
G0130,P0219,assists,8,T05
G0130,P0022,points,3,T05
G0130,P0022,rebounds,19,T05
G0130,P0022,assists,10,T05
G0130,P0369,points,17,T05
G0130,P0369,rebounds,17,T05
G0130,P0369,assists,12,T05
G0131,P0305,points,3,T17
G0131,P0305,rebounds,15,T17
G0131,P0305,assists,12,T17
G0131,P0262,points,20,T17
G0131,P0262,rebounds,12,T17
G0131,P0262,assists,9,T17
G0131,P0141,points,4,T17
G0131,P0141,rebounds,5,T17
G0131,P0141,assists,12,T17
G0131,P0045,points,39,T17
G0131,P0045,rebounds,5,T17
G0131,P0045,assists,6,T17
G0131,P0313,points,37,T17
G0131,P0313,rebounds,3,T17
G0131,P0313,assists,4,T17
G0131,P0211,points,2,T17
G0131,P0211,rebounds,4,T17
G0131,P0211,assists,10,T17
G0131,P0033,points,14,T17
G0131,P0033,rebounds,20,T17
G0131,P0033,assists,14,T17
G0131,P0044,points,36,T17
G0131,P0044,rebounds,15,T17
G0131,P0044,assists,11,T17
G0131,P0070,points,20,T17
G0131,P0070,rebounds,20,T17
G0131,P0070,assists,1,T17
G0131,P0119,points,29,T17
G0131,P0119,rebounds,2,T17
G0131,P0119,assists,5,T17
G0131,P0206,points,10,T16
G0131,P0206,rebounds,12,T16
G0131,P0206,assists,12,T16
G0131,P0154,points,3,T16
G0131,P0154,rebounds,12,T16
G0131,P0154,assists,3,T16
G0131,P0274,points,3,T16
G0131,P0274,rebounds,8,T16
G0131,P0274,assists,9,T16
G0131,P0195,points,8,T16
G0131,P0195,rebounds,8,T16
G0131,P0195,assists,15,T16
G0131,P0014,points,14,T16
G0131,P0014,rebounds,20,T16
G0131,P0014,assists,13,T16
G0131,P0399,points,15,T16
G0131,P0399,rebounds,12,T16
G0131,P0399,assists,11,T16
G0131,P0326,points,19,T16
G0131,P0326,rebounds,8,T16
G0131,P0326,assists,5,T16
G0131,P0390,points,5,T16
G0131,P0390,rebounds,0,T16
G0131,P0390,assists,5,T16
G0131,P0407,points,32,T16
G0131,P0407,rebounds,4,T16
G0131,P0407,assists,2,T16
G0131,P0136,points,13,T16
G0131,P0136,rebounds,12,T16
G0131,P0136,assists,3,T16
G0132,P0377,points,29,T17
G0132,P0377,rebounds,14,T17
G0132,P0377,assists,15,T17
G0132,P0414,points,4,T17
G0132,P0414,rebounds,20,T17
G0132,P0414,assists,1,T17
G0132,P0091,points,35,T17
G0132,P0091,rebounds,13,T17
G0132,P0091,assists,7,T17
G0132,P0037,points,16,T17
G0132,P0037,rebounds,1,T17
G0132,P0037,assists,12,T17
G0132,P0155,points,29,T17
G0132,P0155,rebounds,19,T17
G0132,P0155,assists,11,T17
G0132,P0047,points,39,T17
G0132,P0047,rebounds,18,T17
G0132,P0047,assists,6,T17
G0132,P0036,points,28,T17
G0132,P0036,rebounds,5,T17
G0132,P0036,assists,12,T17
G0132,P0138,points,24,T17
G0132,P0138,rebounds,9,T17
G0132,P0138,assists,10,T17
G0132,P0137,points,11,T17
G0132,P0137,rebounds,13,T17
G0132,P0137,assists,7,T17
G0132,P0345,points,13,T17
G0132,P0345,rebounds,20,T17
G0132,P0345,assists,1,T17
G0132,P0135,points,31,T02
G0132,P0135,rebounds,4,T02
G0132,P0135,assists,3,T02
G0132,P0161,points,6,T02
G0132,P0161,rebounds,2,T02
G0132,P0161,assists,1,T02
G0132,P0238,points,34,T02
G0132,P0238,rebounds,19,T02
G0132,P0238,assists,9,T02
G0132,P0268,points,0,T02
G0132,P0268,rebounds,18,T02
G0132,P0268,assists,9,T02
G0132,P0283,points,21,T02
G0132,P0283,rebounds,19,T02
G0132,P0283,assists,6,T02
G0132,P0054,points,14,T02
G0132,P0054,rebounds,16,T02
G0132,P0054,assists,8,T02
G0132,P0235,points,29,T02
G0132,P0235,rebounds,14,T02
G0132,P0235,assists,13,T02
G0132,P0187,points,13,T02
G0132,P0187,rebounds,1,T02
G0132,P0187,assists,7,T02
G0132,P0278,points,26,T02
G0132,P0278,rebounds,17,T02
G0132,P0278,assists,4,T02
G0132,P0220,points,30,T02
G0132,P0220,rebounds,17,T02
G0132,P0220,assists,12,T02
G0133,P0274,points,21,T03
G0133,P0274,rebounds,19,T03
G0133,P0274,assists,1,T03
G0133,P0252,points,12,T03
G0133,P0252,rebounds,1,T03
G0133,P0252,assists,15,T03
G0133,P0407,points,28,T03
G0133,P0407,rebounds,5,T03
G0133,P0407,assists,6,T03
G0133,P0154,points,29,T03
G0133,P0154,rebounds,20,T03
G0133,P0154,assists,9,T03
G0133,P0240,points,11,T03
G0133,P0240,rebounds,14,T03
G0133,P0240,assists,10,T03
G0133,P0280,points,26,T03
G0133,P0280,rebounds,0,T03
G0133,P0280,assists,11,T03
G0133,P0311,points,0,T03
G0133,P0311,rebounds,19,T03
G0133,P0311,assists,14,T03
G0133,P0333,points,23,T03
G0133,P0333,rebounds,13,T03
G0133,P0333,assists,1,T03
G0133,P0099,points,35,T03
G0133,P0099,rebounds,5,T03
G0133,P0099,assists,4,T03
G0133,P0182,points,29,T03
G0133,P0182,rebounds,19,T03
G0133,P0182,assists,7,T03
G0133,P0251,points,20,T10
G0133,P0251,rebounds,11,T10
G0133,P0251,assists,4,T10
G0133,P0314,points,24,T10
G0133,P0314,rebounds,20,T10
G0133,P0314,assists,6,T10
G0133,P0068,points,31,T10
G0133,P0068,rebounds,16,T10
G0133,P0068,assists,13,T10
G0133,P0268,points,29,T10
G0133,P0268,rebounds,19,T10
G0133,P0268,assists,11,T10
G0133,P0037,points,40,T10
G0133,P0037,rebounds,15,T10
G0133,P0037,assists,13,T10
G0133,P0114,points,36,T10
G0133,P0114,rebounds,20,T10
G0133,P0114,assists,9,T10
G0133,P0291,points,29,T10
G0133,P0291,rebounds,20,T10
G0133,P0291,assists,6,T10
G0133,P0332,points,4,T10
G0133,P0332,rebounds,18,T10
G0133,P0332,assists,10,T10
G0133,P0420,points,17,T10
G0133,P0420,rebounds,15,T10
G0133,P0420,assists,0,T10
G0133,P0245,points,19,T10
G0133,P0245,rebounds,5,T10
G0133,P0245,assists,4,T10
G0134,P0122,points,28,T17
G0134,P0122,rebounds,17,T17
G0134,P0122,assists,13,T17
G0134,P0141,points,8,T17
G0134,P0141,rebounds,15,T17
G0134,P0141,assists,12,T17
G0134,P0227,points,0,T17
G0134,P0227,rebounds,14,T17
G0134,P0227,assists,10,T17
G0134,P0074,points,39,T17
G0134,P0074,rebounds,0,T17
G0134,P0074,assists,15,T17
G0134,P0399,points,23,T17
G0134,P0399,rebounds,5,T17
G0134,P0399,assists,6,T17
G0134,P0101,points,31,T17
G0134,P0101,rebounds,20,T17
G0134,P0101,assists,5,T17
G0134,P0058,points,40,T17
G0134,P0058,rebounds,13,T17
G0134,P0058,assists,3,T17
G0134,P0152,points,24,T17
G0134,P0152,rebounds,16,T17
G0134,P0152,assists,0,T17
G0134,P0379,points,3,T17
G0134,P0379,rebounds,0,T17
G0134,P0379,assists,9,T17
G0134,P0150,points,2,T17
G0134,P0150,rebounds,19,T17
G0134,P0150,assists,2,T17
G0134,P0251,points,2,T13
G0134,P0251,rebounds,5,T13
G0134,P0251,assists,12,T13
G0134,P0223,points,37,T13
G0134,P0223,rebounds,5,T13
G0134,P0223,assists,8,T13
G0134,P0374,points,31,T13
G0134,P0374,rebounds,16,T13
G0134,P0374,assists,2,T13
G0134,P0071,points,34,T13
G0134,P0071,rebounds,18,T13
G0134,P0071,assists,11,T13
G0134,P0309,points,21,T13
G0134,P0309,rebounds,8,T13
G0134,P0309,assists,14,T13
G0134,P0325,points,35,T13
G0134,P0325,rebounds,10,T13
G0134,P0325,assists,11,T13
G0134,P0337,points,16,T13
G0134,P0337,rebounds,15,T13
G0134,P0337,assists,1,T13
G0134,P0351,points,36,T13
G0134,P0351,rebounds,10,T13
G0134,P0351,assists,9,T13
G0134,P0239,points,7,T13
G0134,P0239,rebounds,11,T13
G0134,P0239,assists,0,T13
G0134,P0219,points,36,T13
G0134,P0219,rebounds,15,T13
G0134,P0219,assists,7,T13
G0135,P0221,points,8,T24
G0135,P0221,rebounds,10,T24
G0135,P0221,assists,4,T24
G0135,P0335,points,24,T24
G0135,P0335,rebounds,1,T24
G0135,P0335,assists,4,T24
G0135,P0239,points,27,T24
G0135,P0239,rebounds,12,T24
G0135,P0239,assists,15,T24
G0135,P0001,points,36,T24
G0135,P0001,rebounds,17,T24
G0135,P0001,assists,0,T24
G0135,P0023,points,24,T24
G0135,P0023,rebounds,4,T24
G0135,P0023,assists,4,T24
G0135,P0050,points,8,T24
G0135,P0050,rebounds,9,T24
G0135,P0050,assists,1,T24
G0135,P0344,points,21,T24
G0135,P0344,rebounds,3,T24
G0135,P0344,assists,8,T24
G0135,P0106,points,25,T24
G0135,P0106,rebounds,3,T24
G0135,P0106,assists,1,T24
G0135,P0226,points,33,T24
G0135,P0226,rebounds,15,T24
G0135,P0226,assists,4,T24
G0135,P0031,points,36,T24
G0135,P0031,rebounds,4,T24
G0135,P0031,assists,14,T24
G0135,P0012,points,4,T30
G0135,P0012,rebounds,13,T30
G0135,P0012,assists,0,T30
G0135,P0398,points,8,T30
G0135,P0398,rebounds,8,T30
G0135,P0398,assists,1,T30
G0135,P0218,points,18,T30
G0135,P0218,rebounds,4,T30
G0135,P0218,assists,1,T30
G0135,P0210,points,39,T30
G0135,P0210,rebounds,20,T30
G0135,P0210,assists,15,T30
G0135,P0234,points,6,T30
G0135,P0234,rebounds,8,T30
G0135,P0234,assists,5,T30
G0135,P0159,points,13,T30
G0135,P0159,rebounds,8,T30
G0135,P0159,assists,8,T30
G0135,P0416,points,19,T30
G0135,P0416,rebounds,6,T30
G0135,P0416,assists,15,T30
G0135,P0016,points,40,T30
G0135,P0016,rebounds,6,T30
G0135,P0016,assists,3,T30
G0135,P0013,points,21,T30
G0135,P0013,rebounds,7,T30
G0135,P0013,assists,15,T30
G0135,P0215,points,17,T30
G0135,P0215,rebounds,0,T30
G0135,P0215,assists,2,T30
G0136,P0171,points,10,T10
G0136,P0171,rebounds,16,T10
G0136,P0171,assists,6,T10
G0136,P0131,points,18,T10
G0136,P0131,rebounds,17,T10
G0136,P0131,assists,3,T10
G0136,P0355,points,18,T10
G0136,P0355,rebounds,20,T10
G0136,P0355,assists,6,T10
G0136,P0059,points,4,T10
G0136,P0059,rebounds,5,T10
G0136,P0059,assists,15,T10
G0136,P0129,points,31,T10
G0136,P0129,rebounds,16,T10
G0136,P0129,assists,4,T10
G0136,P0245,points,34,T10
G0136,P0245,rebounds,8,T10
G0136,P0245,assists,12,T10
G0136,P0031,points,36,T10
G0136,P0031,rebounds,4,T10
G0136,P0031,assists,15,T10
G0136,P0394,points,25,T10
G0136,P0394,rebounds,15,T10
G0136,P0394,assists,12,T10
G0136,P0158,points,6,T10
G0136,P0158,rebounds,15,T10
G0136,P0158,assists,3,T10
G0136,P0370,points,11,T10
G0136,P0370,rebounds,2,T10
G0136,P0370,assists,2,T10
G0136,P0181,points,40,T30
G0136,P0181,rebounds,6,T30
G0136,P0181,assists,6,T30
G0136,P0334,points,19,T30
G0136,P0334,rebounds,14,T30
G0136,P0334,assists,9,T30
G0136,P0299,points,21,T30
G0136,P0299,rebounds,17,T30
G0136,P0299,assists,7,T30
G0136,P0396,points,31,T30
G0136,P0396,rebounds,19,T30
G0136,P0396,assists,10,T30
G0136,P0365,points,1,T30
G0136,P0365,rebounds,5,T30
G0136,P0365,assists,9,T30
G0136,P0052,points,19,T30
G0136,P0052,rebounds,5,T30
G0136,P0052,assists,5,T30
G0136,P0007,points,3,T30
G0136,P0007,rebounds,4,T30
G0136,P0007,assists,12,T30
G0136,P0219,points,0,T30
G0136,P0219,rebounds,17,T30
G0136,P0219,assists,5,T30
G0136,P0156,points,33,T30
G0136,P0156,rebounds,5,T30
G0136,P0156,assists,13,T30
G0136,P0148,points,23,T30
G0136,P0148,rebounds,17,T30
G0136,P0148,assists,0,T30
G0137,P0067,points,23,T19
G0137,P0067,rebounds,18,T19
G0137,P0067,assists,3,T19
G0137,P0328,points,11,T19
G0137,P0328,rebounds,20,T19
G0137,P0328,assists,15,T19
G0137,P0267,points,35,T19
G0137,P0267,rebounds,6,T19
G0137,P0267,assists,12,T19
G0137,P0142,points,18,T19
G0137,P0142,rebounds,17,T19
G0137,P0142,assists,13,T19
G0137,P0149,points,17,T19
G0137,P0149,rebounds,6,T19
G0137,P0149,assists,15,T19
G0137,P0019,points,18,T19
G0137,P0019,rebounds,9,T19
G0137,P0019,assists,10,T19
G0137,P0410,points,38,T19
G0137,P0410,rebounds,2,T19
G0137,P0410,assists,15,T19
G0137,P0238,points,17,T19
G0137,P0238,rebounds,0,T19
G0137,P0238,assists,4,T19
G0137,P0112,points,18,T19
G0137,P0112,rebounds,14,T19
G0137,P0112,assists,9,T19
G0137,P0396,points,5,T19
G0137,P0396,rebounds,10,T19
G0137,P0396,assists,3,T19
G0137,P0161,points,11,T05
G0137,P0161,rebounds,14,T05
G0137,P0161,assists,12,T05
G0137,P0320,points,6,T05
G0137,P0320,rebounds,12,T05
G0137,P0320,assists,6,T05
G0137,P0372,points,13,T05
G0137,P0372,rebounds,14,T05
G0137,P0372,assists,3,T05
G0137,P0219,points,31,T05
G0137,P0219,rebounds,8,T05
G0137,P0219,assists,1,T05
G0137,P0247,points,32,T05
G0137,P0247,rebounds,17,T05
G0137,P0247,assists,9,T05
G0137,P0290,points,29,T05
G0137,P0290,rebounds,3,T05
G0137,P0290,assists,5,T05
G0137,P0186,points,14,T05
G0137,P0186,rebounds,16,T05
G0137,P0186,assists,5,T05
G0137,P0244,points,29,T05
G0137,P0244,rebounds,6,T05
G0137,P0244,assists,9,T05
G0137,P0420,points,8,T05
G0137,P0420,rebounds,11,T05
G0137,P0420,assists,1,T05
G0137,P0334,points,30,T05
G0137,P0334,rebounds,0,T05
G0137,P0334,assists,15,T05
G0138,P0401,points,6,T01
G0138,P0401,rebounds,15,T01
G0138,P0401,assists,3,T01
G0138,P0345,points,26,T01
G0138,P0345,rebounds,17,T01
G0138,P0345,assists,5,T01
G0138,P0335,points,5,T01
G0138,P0335,rebounds,0,T01
G0138,P0335,assists,5,T01
G0138,P0158,points,4,T01
G0138,P0158,rebounds,18,T01
G0138,P0158,assists,15,T01
G0138,P0376,points,40,T01
G0138,P0376,rebounds,19,T01
G0138,P0376,assists,9,T01
G0138,P0310,points,13,T01
G0138,P0310,rebounds,9,T01
G0138,P0310,assists,4,T01
G0138,P0358,points,34,T01
G0138,P0358,rebounds,9,T01
G0138,P0358,assists,6,T01
G0138,P0362,points,28,T01
G0138,P0362,rebounds,7,T01
G0138,P0362,assists,5,T01
G0138,P0239,points,9,T01
G0138,P0239,rebounds,1,T01
G0138,P0239,assists,0,T01
G0138,P0060,points,16,T01
G0138,P0060,rebounds,20,T01
G0138,P0060,assists,4,T01
G0138,P0172,points,26,T27
G0138,P0172,rebounds,6,T27
G0138,P0172,assists,4,T27
G0138,P0273,points,6,T27
G0138,P0273,rebounds,11,T27
G0138,P0273,assists,10,T27
G0138,P0140,points,14,T27
G0138,P0140,rebounds,11,T27
G0138,P0140,assists,7,T27
G0138,P0326,points,11,T27
G0138,P0326,rebounds,14,T27
G0138,P0326,assists,8,T27
G0138,P0025,points,2,T27
G0138,P0025,rebounds,10,T27
G0138,P0025,assists,6,T27
G0138,P0231,points,32,T27
G0138,P0231,rebounds,6,T27
G0138,P0231,assists,15,T27
G0138,P0009,points,25,T27
G0138,P0009,rebounds,2,T27
G0138,P0009,assists,6,T27
G0138,P0297,points,36,T27
G0138,P0297,rebounds,5,T27
G0138,P0297,assists,11,T27
G0138,P0387,points,32,T27
G0138,P0387,rebounds,14,T27
G0138,P0387,assists,1,T27
G0138,P0174,points,15,T27
G0138,P0174,rebounds,7,T27
G0138,P0174,assists,5,T27
G0139,P0257,points,18,T11
G0139,P0257,rebounds,4,T11
G0139,P0257,assists,2,T11
G0139,P0364,points,21,T11
G0139,P0364,rebounds,16,T11
G0139,P0364,assists,2,T11
G0139,P0417,points,20,T11
G0139,P0417,rebounds,13,T11
G0139,P0417,assists,11,T11
G0139,P0253,points,4,T11
G0139,P0253,rebounds,15,T11
G0139,P0253,assists,0,T11
G0139,P0407,points,9,T11
G0139,P0407,rebounds,6,T11
G0139,P0407,assists,13,T11
G0139,P0223,points,7,T11
G0139,P0223,rebounds,16,T11
G0139,P0223,assists,15,T11
G0139,P0003,points,39,T11
G0139,P0003,rebounds,6,T11
G0139,P0003,assists,1,T11
G0139,P0169,points,9,T11
G0139,P0169,rebounds,16,T11
G0139,P0169,assists,3,T11
G0139,P0229,points,26,T11
G0139,P0229,rebounds,7,T11
G0139,P0229,assists,12,T11
G0139,P0362,points,24,T11
G0139,P0362,rebounds,12,T11
G0139,P0362,assists,12,T11
G0139,P0361,points,39,T03
G0139,P0361,rebounds,7,T03
G0139,P0361,assists,8,T03
G0139,P0272,points,25,T03
G0139,P0272,rebounds,17,T03
G0139,P0272,assists,7,T03
G0139,P0404,points,15,T03
G0139,P0404,rebounds,17,T03
G0139,P0404,assists,15,T03
G0139,P0248,points,23,T03
G0139,P0248,rebounds,2,T03
G0139,P0248,assists,4,T03
G0139,P0322,points,18,T03
G0139,P0322,rebounds,14,T03
G0139,P0322,assists,10,T03
G0139,P0387,points,33,T03
G0139,P0387,rebounds,0,T03
G0139,P0387,assists,7,T03
G0139,P0382,points,28,T03
G0139,P0382,rebounds,20,T03
G0139,P0382,assists,2,T03
G0139,P0222,points,36,T03
G0139,P0222,rebounds,0,T03
G0139,P0222,assists,3,T03
G0139,P0029,points,34,T03
G0139,P0029,rebounds,16,T03
G0139,P0029,assists,15,T03
G0139,P0338,points,24,T03
G0139,P0338,rebounds,12,T03
G0139,P0338,assists,8,T03
G0140,P0121,points,10,T14
G0140,P0121,rebounds,18,T14
G0140,P0121,assists,9,T14
G0140,P0257,points,37,T14
G0140,P0257,rebounds,7,T14
G0140,P0257,assists,0,T14
G0140,P0211,points,36,T14
G0140,P0211,rebounds,5,T14
G0140,P0211,assists,13,T14
G0140,P0212,points,29,T14
G0140,P0212,rebounds,4,T14
G0140,P0212,assists,12,T14
G0140,P0225,points,3,T14
G0140,P0225,rebounds,8,T14
G0140,P0225,assists,5,T14
G0140,P0255,points,26,T14
G0140,P0255,rebounds,11,T14
G0140,P0255,assists,9,T14
G0140,P0280,points,19,T14
G0140,P0280,rebounds,15,T14
G0140,P0280,assists,2,T14
G0140,P0021,points,29,T14
G0140,P0021,rebounds,1,T14
G0140,P0021,assists,1,T14
G0140,P0148,points,29,T14
G0140,P0148,rebounds,3,T14
G0140,P0148,assists,12,T14
G0140,P0354,points,5,T14
G0140,P0354,rebounds,3,T14
G0140,P0354,assists,14,T14
G0140,P0228,points,7,T23
G0140,P0228,rebounds,19,T23
G0140,P0228,assists,5,T23
G0140,P0065,points,32,T23
G0140,P0065,rebounds,19,T23
G0140,P0065,assists,1,T23
G0140,P0010,points,13,T23
G0140,P0010,rebounds,12,T23
G0140,P0010,assists,13,T23
G0140,P0087,points,7,T23
G0140,P0087,rebounds,3,T23
G0140,P0087,assists,5,T23
G0140,P0200,points,8,T23
G0140,P0200,rebounds,5,T23
G0140,P0200,assists,2,T23
G0140,P0386,points,33,T23
G0140,P0386,rebounds,16,T23
G0140,P0386,assists,2,T23
G0140,P0318,points,22,T23
G0140,P0318,rebounds,13,T23
G0140,P0318,assists,10,T23
G0140,P0343,points,40,T23
G0140,P0343,rebounds,13,T23
G0140,P0343,assists,10,T23
G0140,P0237,points,1,T23
G0140,P0237,rebounds,1,T23
G0140,P0237,assists,9,T23
G0140,P0365,points,37,T23
G0140,P0365,rebounds,8,T23
G0140,P0365,assists,10,T23
G0141,P0189,points,27,T30
G0141,P0189,rebounds,6,T30
G0141,P0189,assists,3,T30
G0141,P0311,points,1,T30
G0141,P0311,rebounds,15,T30
G0141,P0311,assists,0,T30
G0141,P0387,points,19,T30
G0141,P0387,rebounds,8,T30
G0141,P0387,assists,15,T30
G0141,P0366,points,38,T30
G0141,P0366,rebounds,17,T30
G0141,P0366,assists,11,T30
G0141,P0274,points,22,T30
G0141,P0274,rebounds,7,T30
G0141,P0274,assists,2,T30
G0141,P0224,points,39,T30
G0141,P0224,rebounds,8,T30
G0141,P0224,assists,6,T30
G0141,P0200,points,5,T30
G0141,P0200,rebounds,5,T30
G0141,P0200,assists,10,T30
G0141,P0087,points,17,T30
G0141,P0087,rebounds,12,T30
G0141,P0087,assists,3,T30
G0141,P0048,points,3,T30
G0141,P0048,rebounds,18,T30
G0141,P0048,assists,6,T30
G0141,P0143,points,14,T30
G0141,P0143,rebounds,6,T30
G0141,P0143,assists,10,T30
G0141,P0302,points,23,T25
G0141,P0302,rebounds,8,T25
G0141,P0302,assists,14,T25
G0141,P0159,points,36,T25
G0141,P0159,rebounds,4,T25
G0141,P0159,assists,10,T25
G0141,P0116,points,39,T25
G0141,P0116,rebounds,10,T25
G0141,P0116,assists,0,T25
G0141,P0134,points,5,T25
G0141,P0134,rebounds,14,T25
G0141,P0134,assists,14,T25
G0141,P0162,points,5,T25
G0141,P0162,rebounds,11,T25
G0141,P0162,assists,7,T25
G0141,P0167,points,11,T25
G0141,P0167,rebounds,13,T25
G0141,P0167,assists,14,T25
G0141,P0259,points,9,T25
G0141,P0259,rebounds,1,T25
G0141,P0259,assists,5,T25
G0141,P0095,points,12,T25
G0141,P0095,rebounds,15,T25
G0141,P0095,assists,8,T25
G0141,P0052,points,0,T25
G0141,P0052,rebounds,7,T25
G0141,P0052,assists,11,T25
G0141,P0232,points,19,T25
G0141,P0232,rebounds,11,T25
G0141,P0232,assists,4,T25
G0142,P0066,points,18,T07
G0142,P0066,rebounds,19,T07
G0142,P0066,assists,14,T07
G0142,P0240,points,37,T07
G0142,P0240,rebounds,10,T07
G0142,P0240,assists,4,T07
G0142,P0132,points,1,T07
G0142,P0132,rebounds,17,T07
G0142,P0132,assists,13,T07
G0142,P0242,points,21,T07
G0142,P0242,rebounds,1,T07
G0142,P0242,assists,13,T07
G0142,P0016,points,12,T07
G0142,P0016,rebounds,11,T07
G0142,P0016,assists,10,T07
G0142,P0293,points,5,T07
G0142,P0293,rebounds,1,T07
G0142,P0293,assists,1,T07
G0142,P0034,points,39,T07
G0142,P0034,rebounds,20,T07
G0142,P0034,assists,6,T07
G0142,P0399,points,17,T07
G0142,P0399,rebounds,8,T07
G0142,P0399,assists,5,T07
G0142,P0260,points,22,T07
G0142,P0260,rebounds,7,T07
G0142,P0260,assists,9,T07
G0142,P0054,points,15,T07
G0142,P0054,rebounds,13,T07
G0142,P0054,assists,15,T07
G0142,P0153,points,8,T27
G0142,P0153,rebounds,1,T27
G0142,P0153,assists,8,T27
G0142,P0323,points,4,T27
G0142,P0323,rebounds,4,T27
G0142,P0323,assists,12,T27
G0142,P0273,points,17,T27
G0142,P0273,rebounds,11,T27
G0142,P0273,assists,12,T27
G0142,P0303,points,5,T27
G0142,P0303,rebounds,10,T27
G0142,P0303,assists,0,T27
G0142,P0200,points,20,T27
G0142,P0200,rebounds,4,T27
G0142,P0200,assists,14,T27
G0142,P0115,points,10,T27
G0142,P0115,rebounds,4,T27
G0142,P0115,assists,0,T27
G0142,P0301,points,5,T27
G0142,P0301,rebounds,4,T27
G0142,P0301,assists,3,T27
G0142,P0139,points,30,T27
G0142,P0139,rebounds,18,T27
G0142,P0139,assists,13,T27
G0142,P0237,points,39,T27
G0142,P0237,rebounds,18,T27
G0142,P0237,assists,7,T27
G0142,P0376,points,15,T27
G0142,P0376,rebounds,13,T27
G0142,P0376,assists,5,T27
G0143,P0149,points,4,T09
G0143,P0149,rebounds,18,T09
G0143,P0149,assists,11,T09
G0143,P0135,points,18,T09
G0143,P0135,rebounds,4,T09
G0143,P0135,assists,1,T09
G0143,P0082,points,6,T09
G0143,P0082,rebounds,2,T09
G0143,P0082,assists,8,T09
G0143,P0224,points,8,T09
G0143,P0224,rebounds,2,T09
G0143,P0224,assists,4,T09
G0143,P0249,points,28,T09
G0143,P0249,rebounds,10,T09
G0143,P0249,assists,2,T09
G0143,P0071,points,30,T09
G0143,P0071,rebounds,10,T09
G0143,P0071,assists,2,T09
G0143,P0319,points,28,T09
G0143,P0319,rebounds,20,T09
G0143,P0319,assists,8,T09
G0143,P0412,points,6,T09
G0143,P0412,rebounds,6,T09
G0143,P0412,assists,9,T09
G0143,P0389,points,40,T09
G0143,P0389,rebounds,19,T09
G0143,P0389,assists,14,T09
G0143,P0107,points,34,T09
G0143,P0107,rebounds,12,T09
G0143,P0107,assists,10,T09
G0143,P0244,points,30,T07
G0143,P0244,rebounds,15,T07
G0143,P0244,assists,10,T07
G0143,P0306,points,5,T07
G0143,P0306,rebounds,18,T07
G0143,P0306,assists,0,T07
G0143,P0320,points,17,T07
G0143,P0320,rebounds,9,T07
G0143,P0320,assists,15,T07
G0143,P0338,points,3,T07
G0143,P0338,rebounds,9,T07
G0143,P0338,assists,5,T07
G0143,P0309,points,4,T07
G0143,P0309,rebounds,4,T07
G0143,P0309,assists,6,T07
G0143,P0216,points,37,T07
G0143,P0216,rebounds,8,T07
G0143,P0216,assists,14,T07
G0143,P0124,points,30,T07
G0143,P0124,rebounds,17,T07
G0143,P0124,assists,13,T07
G0143,P0088,points,29,T07
G0143,P0088,rebounds,15,T07
G0143,P0088,assists,2,T07
G0143,P0373,points,29,T07
G0143,P0373,rebounds,1,T07
G0143,P0373,assists,11,T07
G0143,P0237,points,26,T07
G0143,P0237,rebounds,15,T07
G0143,P0237,assists,10,T07
G0144,P0101,points,27,T13
G0144,P0101,rebounds,4,T13
G0144,P0101,assists,0,T13
G0144,P0132,points,7,T13
G0144,P0132,rebounds,19,T13
G0144,P0132,assists,12,T13
G0144,P0268,points,11,T13
G0144,P0268,rebounds,12,T13
G0144,P0268,assists,5,T13
G0144,P0153,points,7,T13
G0144,P0153,rebounds,20,T13
G0144,P0153,assists,13,T13
G0144,P0204,points,14,T13
G0144,P0204,rebounds,7,T13
G0144,P0204,assists,13,T13
G0144,P0224,points,18,T13
G0144,P0224,rebounds,7,T13
G0144,P0224,assists,6,T13
G0144,P0142,points,18,T13
G0144,P0142,rebounds,10,T13
G0144,P0142,assists,0,T13
G0144,P0152,points,19,T13
G0144,P0152,rebounds,9,T13
G0144,P0152,assists,4,T13
G0144,P0196,points,14,T13
G0144,P0196,rebounds,8,T13
G0144,P0196,assists,5,T13
G0144,P0247,points,37,T13
G0144,P0247,rebounds,11,T13
G0144,P0247,assists,8,T13
G0144,P0205,points,10,T27
G0144,P0205,rebounds,19,T27
G0144,P0205,assists,0,T27
G0144,P0230,points,22,T27
G0144,P0230,rebounds,3,T27
G0144,P0230,assists,12,T27
G0144,P0261,points,15,T27
G0144,P0261,rebounds,6,T27
G0144,P0261,assists,0,T27
G0144,P0354,points,32,T27
G0144,P0354,rebounds,8,T27
G0144,P0354,assists,4,T27
G0144,P0336,points,34,T27
G0144,P0336,rebounds,0,T27
G0144,P0336,assists,7,T27
G0144,P0071,points,6,T27
G0144,P0071,rebounds,2,T27
G0144,P0071,assists,0,T27
G0144,P0046,points,7,T27
G0144,P0046,rebounds,19,T27
G0144,P0046,assists,7,T27
G0144,P0304,points,40,T27
G0144,P0304,rebounds,5,T27
G0144,P0304,assists,12,T27
G0144,P0276,points,3,T27
G0144,P0276,rebounds,2,T27
G0144,P0276,assists,0,T27
G0144,P0148,points,36,T27
G0144,P0148,rebounds,14,T27
G0144,P0148,assists,11,T27
G0145,P0382,points,31,T30
G0145,P0382,rebounds,10,T30
G0145,P0382,assists,0,T30
G0145,P0011,points,35,T30
G0145,P0011,rebounds,9,T30
G0145,P0011,assists,10,T30
G0145,P0032,points,37,T30
G0145,P0032,rebounds,7,T30
G0145,P0032,assists,9,T30
G0145,P0208,points,0,T30
G0145,P0208,rebounds,18,T30
G0145,P0208,assists,0,T30
G0145,P0211,points,22,T30
G0145,P0211,rebounds,7,T30
G0145,P0211,assists,0,T30
G0145,P0299,points,18,T30
G0145,P0299,rebounds,19,T30
G0145,P0299,assists,2,T30
G0145,P0137,points,11,T30
G0145,P0137,rebounds,3,T30
G0145,P0137,assists,1,T30
G0145,P0226,points,9,T30
G0145,P0226,rebounds,12,T30
G0145,P0226,assists,12,T30
G0145,P0196,points,28,T30
G0145,P0196,rebounds,16,T30
G0145,P0196,assists,11,T30
G0145,P0276,points,15,T30
G0145,P0276,rebounds,18,T30
G0145,P0276,assists,2,T30
G0145,P0314,points,28,T04
G0145,P0314,rebounds,2,T04
G0145,P0314,assists,12,T04
G0145,P0014,points,3,T04
G0145,P0014,rebounds,4,T04
G0145,P0014,assists,6,T04
G0145,P0149,points,28,T04
G0145,P0149,rebounds,0,T04
G0145,P0149,assists,4,T04
G0145,P0246,points,13,T04
G0145,P0246,rebounds,15,T04
G0145,P0246,assists,15,T04
G0145,P0281,points,25,T04
G0145,P0281,rebounds,10,T04
G0145,P0281,assists,5,T04
G0145,P0304,points,33,T04
G0145,P0304,rebounds,2,T04
G0145,P0304,assists,2,T04
G0145,P0399,points,8,T04
G0145,P0399,rebounds,5,T04
G0145,P0399,assists,7,T04
G0145,P0353,points,38,T04
G0145,P0353,rebounds,13,T04
G0145,P0353,assists,6,T04
G0145,P0056,points,8,T04
G0145,P0056,rebounds,13,T04
G0145,P0056,assists,4,T04
G0145,P0260,points,40,T04
G0145,P0260,rebounds,10,T04
G0145,P0260,assists,8,T04
G0146,P0004,points,3,T26
G0146,P0004,rebounds,6,T26
G0146,P0004,assists,15,T26
G0146,P0023,points,36,T26
G0146,P0023,rebounds,19,T26
G0146,P0023,assists,0,T26
G0146,P0372,points,27,T26
G0146,P0372,rebounds,13,T26
G0146,P0372,assists,2,T26
G0146,P0195,points,37,T26
G0146,P0195,rebounds,8,T26
G0146,P0195,assists,15,T26
G0146,P0126,points,4,T26
G0146,P0126,rebounds,13,T26
G0146,P0126,assists,2,T26
G0146,P0119,points,38,T26
G0146,P0119,rebounds,12,T26
G0146,P0119,assists,1,T26
G0146,P0284,points,8,T26
G0146,P0284,rebounds,7,T26
G0146,P0284,assists,0,T26
G0146,P0113,points,0,T26
G0146,P0113,rebounds,19,T26
G0146,P0113,assists,15,T26
G0146,P0047,points,21,T26
G0146,P0047,rebounds,18,T26
G0146,P0047,assists,10,T26
G0146,P0221,points,1,T26
G0146,P0221,rebounds,15,T26
G0146,P0221,assists,0,T26
G0146,P0231,points,33,T16
G0146,P0231,rebounds,7,T16
G0146,P0231,assists,2,T16
G0146,P0381,points,10,T16
G0146,P0381,rebounds,14,T16
G0146,P0381,assists,13,T16
G0146,P0011,points,23,T16
G0146,P0011,rebounds,3,T16
G0146,P0011,assists,14,T16
G0146,P0128,points,32,T16
G0146,P0128,rebounds,8,T16
G0146,P0128,assists,8,T16
G0146,P0137,points,39,T16
G0146,P0137,rebounds,7,T16
G0146,P0137,assists,0,T16
G0146,P0362,points,5,T16
G0146,P0362,rebounds,12,T16
G0146,P0362,assists,15,T16
G0146,P0282,points,30,T16
G0146,P0282,rebounds,12,T16
G0146,P0282,assists,5,T16
G0146,P0109,points,18,T16
G0146,P0109,rebounds,0,T16
G0146,P0109,assists,5,T16
G0146,P0261,points,25,T16
G0146,P0261,rebounds,19,T16
G0146,P0261,assists,14,T16
G0146,P0359,points,33,T16
G0146,P0359,rebounds,0,T16
G0146,P0359,assists,12,T16
G0147,P0391,points,15,T02
G0147,P0391,rebounds,8,T02
G0147,P0391,assists,4,T02
G0147,P0368,points,16,T02
G0147,P0368,rebounds,18,T02
G0147,P0368,assists,12,T02
G0147,P0254,points,13,T02
G0147,P0254,rebounds,6,T02
G0147,P0254,assists,8,T02
G0147,P0216,points,28,T02
G0147,P0216,rebounds,3,T02
G0147,P0216,assists,11,T02
G0147,P0170,points,38,T02
G0147,P0170,rebounds,17,T02
G0147,P0170,assists,8,T02
G0147,P0295,points,13,T02
G0147,P0295,rebounds,6,T02
G0147,P0295,assists,11,T02
G0147,P0218,points,18,T02
G0147,P0218,rebounds,2,T02
G0147,P0218,assists,10,T02
G0147,P0090,points,5,T02
G0147,P0090,rebounds,20,T02
G0147,P0090,assists,6,T02
G0147,P0125,points,14,T02
G0147,P0125,rebounds,1,T02
G0147,P0125,assists,2,T02
G0147,P0276,points,38,T02
G0147,P0276,rebounds,11,T02
G0147,P0276,assists,14,T02
G0147,P0165,points,39,T15
G0147,P0165,rebounds,1,T15
G0147,P0165,assists,6,T15
G0147,P0178,points,34,T15
G0147,P0178,rebounds,10,T15
G0147,P0178,assists,8,T15
G0147,P0287,points,23,T15
G0147,P0287,rebounds,14,T15
G0147,P0287,assists,15,T15
G0147,P0325,points,36,T15
G0147,P0325,rebounds,13,T15
G0147,P0325,assists,9,T15
G0147,P0236,points,14,T15
G0147,P0236,rebounds,2,T15
G0147,P0236,assists,11,T15
G0147,P0410,points,0,T15
G0147,P0410,rebounds,14,T15
G0147,P0410,assists,7,T15
G0147,P0371,points,32,T15
G0147,P0371,rebounds,19,T15
G0147,P0371,assists,8,T15
G0147,P0027,points,23,T15
G0147,P0027,rebounds,10,T15
G0147,P0027,assists,5,T15
G0147,P0058,points,3,T15
G0147,P0058,rebounds,0,T15
G0147,P0058,assists,11,T15
G0147,P0007,points,37,T15
G0147,P0007,rebounds,1,T15
G0147,P0007,assists,5,T15
G0148,P0291,points,37,T08
G0148,P0291,rebounds,13,T08
G0148,P0291,assists,11,T08
G0148,P0144,points,38,T08
G0148,P0144,rebounds,9,T08
G0148,P0144,assists,2,T08
G0148,P0250,points,24,T08
G0148,P0250,rebounds,9,T08
G0148,P0250,assists,12,T08
G0148,P0288,points,31,T08
G0148,P0288,rebounds,9,T08
G0148,P0288,assists,5,T08
G0148,P0106,points,17,T08
G0148,P0106,rebounds,13,T08
G0148,P0106,assists,10,T08
G0148,P0196,points,20,T08
G0148,P0196,rebounds,11,T08
G0148,P0196,assists,15,T08
G0148,P0035,points,10,T08
G0148,P0035,rebounds,3,T08
G0148,P0035,assists,12,T08
G0148,P0027,points,38,T08
G0148,P0027,rebounds,12,T08
G0148,P0027,assists,6,T08
G0148,P0304,points,14,T08
G0148,P0304,rebounds,9,T08
G0148,P0304,assists,0,T08
G0148,P0162,points,21,T08
G0148,P0162,rebounds,5,T08
G0148,P0162,assists,4,T08
G0148,P0017,points,22,T11
G0148,P0017,rebounds,20,T11
G0148,P0017,assists,3,T11
G0148,P0089,points,37,T11
G0148,P0089,rebounds,10,T11
G0148,P0089,assists,15,T11
G0148,P0218,points,15,T11
G0148,P0218,rebounds,20,T11
G0148,P0218,assists,10,T11
G0148,P0418,points,27,T11
G0148,P0418,rebounds,11,T11
G0148,P0418,assists,7,T11
G0148,P0086,points,21,T11
G0148,P0086,rebounds,17,T11
G0148,P0086,assists,12,T11
G0148,P0321,points,0,T11
G0148,P0321,rebounds,14,T11
G0148,P0321,assists,13,T11
G0148,P0199,points,30,T11
G0148,P0199,rebounds,10,T11
G0148,P0199,assists,5,T11
G0148,P0335,points,27,T11
G0148,P0335,rebounds,13,T11
G0148,P0335,assists,5,T11
G0148,P0403,points,16,T11
G0148,P0403,rebounds,7,T11
G0148,P0403,assists,0,T11
G0148,P0085,points,1,T11
G0148,P0085,rebounds,1,T11
G0148,P0085,assists,6,T11
G0149,P0103,points,15,T25
G0149,P0103,rebounds,16,T25
G0149,P0103,assists,11,T25
G0149,P0164,points,17,T25
G0149,P0164,rebounds,5,T25
G0149,P0164,assists,3,T25
G0149,P0134,points,8,T25
G0149,P0134,rebounds,5,T25
G0149,P0134,assists,12,T25
G0149,P0094,points,1,T25
G0149,P0094,rebounds,0,T25
G0149,P0094,assists,8,T25
G0149,P0395,points,9,T25
G0149,P0395,rebounds,17,T25
G0149,P0395,assists,12,T25
G0149,P0130,points,31,T25
G0149,P0130,rebounds,9,T25
G0149,P0130,assists,7,T25
G0149,P0210,points,17,T25
G0149,P0210,rebounds,4,T25
G0149,P0210,assists,9,T25
G0149,P0169,points,35,T25
G0149,P0169,rebounds,5,T25
G0149,P0169,assists,0,T25
G0149,P0245,points,23,T25
G0149,P0245,rebounds,8,T25
G0149,P0245,assists,12,T25
G0149,P0125,points,35,T25
G0149,P0125,rebounds,19,T25
G0149,P0125,assists,6,T25
G0149,P0181,points,36,T01
G0149,P0181,rebounds,2,T01
G0149,P0181,assists,5,T01
G0149,P0324,points,10,T01
G0149,P0324,rebounds,19,T01
G0149,P0324,assists,9,T01
G0149,P0220,points,15,T01
G0149,P0220,rebounds,3,T01
G0149,P0220,assists,12,T01
G0149,P0217,points,26,T01
G0149,P0217,rebounds,17,T01
G0149,P0217,assists,7,T01
G0149,P0080,points,6,T01
G0149,P0080,rebounds,7,T01
G0149,P0080,assists,9,T01
G0149,P0231,points,9,T01
G0149,P0231,rebounds,1,T01
G0149,P0231,assists,13,T01
G0149,P0270,points,21,T01
G0149,P0270,rebounds,8,T01
G0149,P0270,assists,8,T01
G0149,P0383,points,30,T01
G0149,P0383,rebounds,0,T01
G0149,P0383,assists,7,T01
G0149,P0013,points,10,T01
G0149,P0013,rebounds,1,T01
G0149,P0013,assists,0,T01
G0149,P0409,points,18,T01
G0149,P0409,rebounds,11,T01
G0149,P0409,assists,8,T01
G0150,P0329,points,34,T02
G0150,P0329,rebounds,7,T02
G0150,P0329,assists,11,T02
G0150,P0379,points,38,T02
G0150,P0379,rebounds,15,T02
G0150,P0379,assists,4,T02
G0150,P0338,points,27,T02
G0150,P0338,rebounds,5,T02
G0150,P0338,assists,7,T02
G0150,P0244,points,26,T02
G0150,P0244,rebounds,6,T02
G0150,P0244,assists,0,T02
G0150,P0189,points,34,T02
G0150,P0189,rebounds,15,T02
G0150,P0189,assists,1,T02
G0150,P0245,points,15,T02
G0150,P0245,rebounds,5,T02
G0150,P0245,assists,15,T02
G0150,P0292,points,38,T02
G0150,P0292,rebounds,14,T02
G0150,P0292,assists,7,T02
G0150,P0093,points,2,T02
G0150,P0093,rebounds,5,T02
G0150,P0093,assists,1,T02
G0150,P0273,points,32,T02
G0150,P0273,rebounds,1,T02
G0150,P0273,assists,10,T02
G0150,P0322,points,39,T02
G0150,P0322,rebounds,6,T02
G0150,P0322,assists,10,T02
G0150,P0175,points,36,T24
G0150,P0175,rebounds,8,T24
G0150,P0175,assists,7,T24
G0150,P0109,points,8,T24
G0150,P0109,rebounds,8,T24
G0150,P0109,assists,13,T24
G0150,P0355,points,27,T24
G0150,P0355,rebounds,4,T24
G0150,P0355,assists,8,T24
G0150,P0375,points,28,T24
G0150,P0375,rebounds,1,T24
G0150,P0375,assists,12,T24
G0150,P0327,points,8,T24
G0150,P0327,rebounds,6,T24
G0150,P0327,assists,6,T24
G0150,P0387,points,20,T24
G0150,P0387,rebounds,19,T24
G0150,P0387,assists,3,T24
G0150,P0079,points,10,T24
G0150,P0079,rebounds,7,T24
G0150,P0079,assists,13,T24
G0150,P0353,points,39,T24
G0150,P0353,rebounds,9,T24
G0150,P0353,assists,11,T24
G0150,P0242,points,37,T24
G0150,P0242,rebounds,17,T24
G0150,P0242,assists,10,T24
G0150,P0019,points,22,T24
G0150,P0019,rebounds,20,T24
G0150,P0019,assists,3,T24
G0151,P0009,points,39,T26
G0151,P0009,rebounds,0,T26
G0151,P0009,assists,12,T26
G0151,P0208,points,5,T26
G0151,P0208,rebounds,18,T26
G0151,P0208,assists,9,T26
G0151,P0361,points,28,T26
G0151,P0361,rebounds,14,T26
G0151,P0361,assists,9,T26
G0151,P0173,points,10,T26
G0151,P0173,rebounds,16,T26
G0151,P0173,assists,8,T26
G0151,P0355,points,22,T26
G0151,P0355,rebounds,6,T26
G0151,P0355,assists,0,T26
G0151,P0074,points,22,T26
G0151,P0074,rebounds,7,T26
G0151,P0074,assists,10,T26
G0151,P0267,points,14,T26
G0151,P0267,rebounds,20,T26
G0151,P0267,assists,10,T26
G0151,P0150,points,18,T26
G0151,P0150,rebounds,14,T26
G0151,P0150,assists,10,T26
G0151,P0335,points,25,T26
G0151,P0335,rebounds,12,T26
G0151,P0335,assists,14,T26
G0151,P0294,points,13,T26
G0151,P0294,rebounds,9,T26
G0151,P0294,assists,4,T26
G0151,P0046,points,23,T10
G0151,P0046,rebounds,20,T10
G0151,P0046,assists,9,T10
G0151,P0291,points,8,T10
G0151,P0291,rebounds,19,T10
G0151,P0291,assists,12,T10
G0151,P0111,points,18,T10
G0151,P0111,rebounds,3,T10
G0151,P0111,assists,6,T10
G0151,P0399,points,32,T10
G0151,P0399,rebounds,12,T10
G0151,P0399,assists,2,T10
G0151,P0202,points,6,T10
G0151,P0202,rebounds,20,T10
G0151,P0202,assists,7,T10
G0151,P0333,points,28,T10
G0151,P0333,rebounds,7,T10
G0151,P0333,assists,1,T10
G0151,P0265,points,16,T10
G0151,P0265,rebounds,14,T10
G0151,P0265,assists,5,T10
G0151,P0368,points,24,T10
G0151,P0368,rebounds,9,T10
G0151,P0368,assists,5,T10
G0151,P0147,points,10,T10
G0151,P0147,rebounds,5,T10
G0151,P0147,assists,4,T10
G0151,P0081,points,29,T10
G0151,P0081,rebounds,7,T10
G0151,P0081,assists,11,T10
G0152,P0252,points,30,T09
G0152,P0252,rebounds,17,T09
G0152,P0252,assists,0,T09
G0152,P0167,points,30,T09
G0152,P0167,rebounds,15,T09
G0152,P0167,assists,9,T09
G0152,P0112,points,35,T09
G0152,P0112,rebounds,0,T09
G0152,P0112,assists,11,T09
G0152,P0363,points,5,T09
G0152,P0363,rebounds,18,T09
G0152,P0363,assists,7,T09
G0152,P0382,points,3,T09
G0152,P0382,rebounds,15,T09
G0152,P0382,assists,11,T09
G0152,P0030,points,19,T09
G0152,P0030,rebounds,6,T09
G0152,P0030,assists,0,T09
G0152,P0135,points,37,T09
G0152,P0135,rebounds,3,T09
G0152,P0135,assists,13,T09
G0152,P0192,points,24,T09
G0152,P0192,rebounds,14,T09
G0152,P0192,assists,11,T09
G0152,P0128,points,35,T09
G0152,P0128,rebounds,0,T09
G0152,P0128,assists,15,T09
G0152,P0299,points,1,T09
G0152,P0299,rebounds,20,T09
G0152,P0299,assists,4,T09
G0152,P0350,points,34,T21
G0152,P0350,rebounds,1,T21
G0152,P0350,assists,7,T21
G0152,P0077,points,22,T21
G0152,P0077,rebounds,20,T21
G0152,P0077,assists,1,T21
G0152,P0105,points,1,T21
G0152,P0105,rebounds,13,T21
G0152,P0105,assists,0,T21
G0152,P0244,points,31,T21
G0152,P0244,rebounds,0,T21
G0152,P0244,assists,15,T21
G0152,P0018,points,21,T21
G0152,P0018,rebounds,19,T21
G0152,P0018,assists,2,T21
G0152,P0384,points,11,T21
G0152,P0384,rebounds,9,T21
G0152,P0384,assists,0,T21
G0152,P0285,points,4,T21
G0152,P0285,rebounds,6,T21
G0152,P0285,assists,11,T21
G0152,P0291,points,29,T21
G0152,P0291,rebounds,1,T21
G0152,P0291,assists,0,T21
G0152,P0088,points,26,T21
G0152,P0088,rebounds,7,T21
G0152,P0088,assists,12,T21
G0152,P0228,points,12,T21
G0152,P0228,rebounds,7,T21
G0152,P0228,assists,3,T21
G0153,P0044,points,39,T28
G0153,P0044,rebounds,17,T28
G0153,P0044,assists,0,T28
G0153,P0110,points,20,T28
G0153,P0110,rebounds,3,T28
G0153,P0110,assists,5,T28
G0153,P0223,points,38,T28
G0153,P0223,rebounds,20,T28
G0153,P0223,assists,2,T28
G0153,P0178,points,5,T28
G0153,P0178,rebounds,14,T28
G0153,P0178,assists,6,T28
G0153,P0273,points,17,T28
G0153,P0273,rebounds,18,T28
G0153,P0273,assists,14,T28
G0153,P0033,points,36,T28
G0153,P0033,rebounds,16,T28
G0153,P0033,assists,15,T28
G0153,P0195,points,29,T28
G0153,P0195,rebounds,18,T28
G0153,P0195,assists,8,T28
G0153,P0381,points,2,T28
G0153,P0381,rebounds,17,T28
G0153,P0381,assists,14,T28
G0153,P0291,points,12,T28
G0153,P0291,rebounds,8,T28
G0153,P0291,assists,9,T28
G0153,P0192,points,26,T28
G0153,P0192,rebounds,14,T28
G0153,P0192,assists,6,T28
G0153,P0150,points,35,T12
G0153,P0150,rebounds,17,T12
G0153,P0150,assists,15,T12
G0153,P0397,points,23,T12
G0153,P0397,rebounds,1,T12
G0153,P0397,assists,13,T12
G0153,P0127,points,3,T12
G0153,P0127,rebounds,4,T12
G0153,P0127,assists,4,T12
G0153,P0030,points,7,T12
G0153,P0030,rebounds,15,T12
G0153,P0030,assists,7,T12
G0153,P0318,points,8,T12
G0153,P0318,rebounds,0,T12
G0153,P0318,assists,3,T12
G0153,P0296,points,28,T12
G0153,P0296,rebounds,16,T12
G0153,P0296,assists,4,T12
G0153,P0263,points,3,T12
G0153,P0263,rebounds,11,T12
G0153,P0263,assists,12,T12
G0153,P0149,points,2,T12
G0153,P0149,rebounds,16,T12
G0153,P0149,assists,2,T12
G0153,P0358,points,10,T12
G0153,P0358,rebounds,13,T12
G0153,P0358,assists,0,T12
G0153,P0336,points,12,T12
G0153,P0336,rebounds,2,T12
G0153,P0336,assists,3,T12
G0154,P0037,points,15,T09
G0154,P0037,rebounds,7,T09
G0154,P0037,assists,6,T09
G0154,P0071,points,10,T09
G0154,P0071,rebounds,8,T09
G0154,P0071,assists,1,T09
G0154,P0260,points,13,T09
G0154,P0260,rebounds,19,T09
G0154,P0260,assists,11,T09
G0154,P0153,points,5,T09
G0154,P0153,rebounds,6,T09
G0154,P0153,assists,4,T09
G0154,P0018,points,11,T09
G0154,P0018,rebounds,14,T09
G0154,P0018,assists,14,T09
G0154,P0306,points,29,T09
G0154,P0306,rebounds,10,T09
G0154,P0306,assists,2,T09
G0154,P0089,points,5,T09
G0154,P0089,rebounds,17,T09
G0154,P0089,assists,10,T09
G0154,P0095,points,20,T09
G0154,P0095,rebounds,12,T09
G0154,P0095,assists,13,T09
G0154,P0406,points,33,T09
G0154,P0406,rebounds,1,T09
G0154,P0406,assists,6,T09
G0154,P0318,points,1,T09
G0154,P0318,rebounds,8,T09
G0154,P0318,assists,10,T09
G0154,P0188,points,8,T12
G0154,P0188,rebounds,3,T12
G0154,P0188,assists,7,T12
G0154,P0005,points,21,T12
G0154,P0005,rebounds,14,T12
G0154,P0005,assists,0,T12
G0154,P0276,points,10,T12
G0154,P0276,rebounds,16,T12
G0154,P0276,assists,10,T12
G0154,P0122,points,36,T12
G0154,P0122,rebounds,17,T12
G0154,P0122,assists,13,T12
G0154,P0366,points,20,T12
G0154,P0366,rebounds,20,T12
G0154,P0366,assists,6,T12
G0154,P0292,points,37,T12
G0154,P0292,rebounds,8,T12
G0154,P0292,assists,7,T12
G0154,P0384,points,28,T12
G0154,P0384,rebounds,8,T12
G0154,P0384,assists,2,T12
G0154,P0405,points,36,T12
G0154,P0405,rebounds,9,T12
G0154,P0405,assists,14,T12
G0154,P0173,points,16,T12
G0154,P0173,rebounds,20,T12
G0154,P0173,assists,9,T12
G0154,P0378,points,31,T12
G0154,P0378,rebounds,15,T12
G0154,P0378,assists,3,T12
G0155,P0390,points,0,T14
G0155,P0390,rebounds,14,T14
G0155,P0390,assists,6,T14
G0155,P0393,points,22,T14
G0155,P0393,rebounds,4,T14
G0155,P0393,assists,13,T14
G0155,P0199,points,16,T14
G0155,P0199,rebounds,17,T14
G0155,P0199,assists,2,T14
G0155,P0278,points,24,T14
G0155,P0278,rebounds,6,T14
G0155,P0278,assists,15,T14
G0155,P0352,points,22,T14
G0155,P0352,rebounds,15,T14
G0155,P0352,assists,1,T14
G0155,P0359,points,27,T14
G0155,P0359,rebounds,2,T14
G0155,P0359,assists,5,T14
G0155,P0336,points,9,T14
G0155,P0336,rebounds,0,T14
G0155,P0336,assists,9,T14
G0155,P0274,points,9,T14
G0155,P0274,rebounds,10,T14
G0155,P0274,assists,12,T14
G0155,P0236,points,7,T14
G0155,P0236,rebounds,14,T14
G0155,P0236,assists,4,T14
G0155,P0078,points,13,T14
G0155,P0078,rebounds,12,T14
G0155,P0078,assists,10,T14
G0155,P0202,points,26,T27
G0155,P0202,rebounds,4,T27
G0155,P0202,assists,9,T27
G0155,P0419,points,10,T27
G0155,P0419,rebounds,5,T27
G0155,P0419,assists,15,T27
G0155,P0196,points,4,T27
G0155,P0196,rebounds,8,T27
G0155,P0196,assists,7,T27
G0155,P0400,points,10,T27
G0155,P0400,rebounds,16,T27
G0155,P0400,assists,7,T27
G0155,P0055,points,29,T27
G0155,P0055,rebounds,8,T27
G0155,P0055,assists,14,T27
G0155,P0139,points,29,T27
G0155,P0139,rebounds,6,T27
G0155,P0139,assists,15,T27
G0155,P0096,points,35,T27
G0155,P0096,rebounds,12,T27
G0155,P0096,assists,0,T27
G0155,P0276,points,24,T27
G0155,P0276,rebounds,14,T27
G0155,P0276,assists,5,T27
G0155,P0137,points,5,T27
G0155,P0137,rebounds,11,T27
G0155,P0137,assists,12,T27
G0155,P0082,points,13,T27
G0155,P0082,rebounds,9,T27
G0155,P0082,assists,0,T27
G0156,P0393,points,31,T20
G0156,P0393,rebounds,19,T20
G0156,P0393,assists,0,T20
G0156,P0035,points,24,T20
G0156,P0035,rebounds,0,T20
G0156,P0035,assists,9,T20
G0156,P0090,points,16,T20
G0156,P0090,rebounds,6,T20
G0156,P0090,assists,14,T20
G0156,P0352,points,29,T20
G0156,P0352,rebounds,11,T20
G0156,P0352,assists,14,T20
G0156,P0019,points,4,T20
G0156,P0019,rebounds,13,T20
G0156,P0019,assists,2,T20
G0156,P0178,points,9,T20
G0156,P0178,rebounds,3,T20
G0156,P0178,assists,8,T20
G0156,P0321,points,25,T20
G0156,P0321,rebounds,15,T20
G0156,P0321,assists,7,T20
G0156,P0290,points,38,T20
G0156,P0290,rebounds,7,T20
G0156,P0290,assists,2,T20
G0156,P0357,points,1,T20
G0156,P0357,rebounds,2,T20
G0156,P0357,assists,7,T20
G0156,P0205,points,16,T20
G0156,P0205,rebounds,17,T20
G0156,P0205,assists,2,T20
G0156,P0383,points,10,T03
G0156,P0383,rebounds,20,T03
G0156,P0383,assists,0,T03
G0156,P0319,points,17,T03
G0156,P0319,rebounds,4,T03
G0156,P0319,assists,8,T03
G0156,P0208,points,39,T03
G0156,P0208,rebounds,4,T03
G0156,P0208,assists,5,T03
G0156,P0125,points,18,T03
G0156,P0125,rebounds,16,T03
G0156,P0125,assists,15,T03
G0156,P0098,points,3,T03
G0156,P0098,rebounds,10,T03
G0156,P0098,assists,12,T03
G0156,P0296,points,0,T03
G0156,P0296,rebounds,16,T03
G0156,P0296,assists,3,T03
G0156,P0087,points,21,T03
G0156,P0087,rebounds,20,T03
G0156,P0087,assists,10,T03
G0156,P0281,points,40,T03
G0156,P0281,rebounds,12,T03
G0156,P0281,assists,3,T03
G0156,P0230,points,28,T03
G0156,P0230,rebounds,12,T03
G0156,P0230,assists,4,T03
G0156,P0409,points,3,T03
G0156,P0409,rebounds,13,T03
G0156,P0409,assists,9,T03
G0157,P0089,points,1,T04
G0157,P0089,rebounds,15,T04
G0157,P0089,assists,3,T04
G0157,P0073,points,28,T04
G0157,P0073,rebounds,10,T04
G0157,P0073,assists,0,T04
G0157,P0339,points,31,T04
G0157,P0339,rebounds,5,T04
G0157,P0339,assists,15,T04
G0157,P0391,points,34,T04
G0157,P0391,rebounds,4,T04
G0157,P0391,assists,9,T04
G0157,P0242,points,14,T04
G0157,P0242,rebounds,12,T04
G0157,P0242,assists,8,T04
G0157,P0370,points,12,T04
G0157,P0370,rebounds,13,T04
G0157,P0370,assists,4,T04
G0157,P0195,points,37,T04
G0157,P0195,rebounds,19,T04
G0157,P0195,assists,2,T04
G0157,P0052,points,29,T04
G0157,P0052,rebounds,19,T04
G0157,P0052,assists,2,T04
G0157,P0318,points,30,T04
G0157,P0318,rebounds,19,T04
G0157,P0318,assists,3,T04
G0157,P0223,points,23,T04
G0157,P0223,rebounds,16,T04
G0157,P0223,assists,5,T04
G0157,P0147,points,9,T23
G0157,P0147,rebounds,8,T23
G0157,P0147,assists,5,T23
G0157,P0221,points,29,T23
G0157,P0221,rebounds,7,T23
G0157,P0221,assists,6,T23
G0157,P0032,points,38,T23
G0157,P0032,rebounds,12,T23
G0157,P0032,assists,14,T23
G0157,P0408,points,29,T23
G0157,P0408,rebounds,18,T23
G0157,P0408,assists,3,T23
G0157,P0005,points,38,T23
G0157,P0005,rebounds,19,T23
G0157,P0005,assists,0,T23
G0157,P0180,points,14,T23
G0157,P0180,rebounds,8,T23
G0157,P0180,assists,6,T23
G0157,P0184,points,31,T23
G0157,P0184,rebounds,14,T23
G0157,P0184,assists,3,T23
G0157,P0349,points,24,T23
G0157,P0349,rebounds,20,T23
G0157,P0349,assists,7,T23
G0157,P0018,points,38,T23
G0157,P0018,rebounds,13,T23
G0157,P0018,assists,14,T23
G0157,P0356,points,37,T23
G0157,P0356,rebounds,0,T23
G0157,P0356,assists,12,T23
G0158,P0107,points,28,T17
G0158,P0107,rebounds,12,T17
G0158,P0107,assists,8,T17
G0158,P0035,points,36,T17
G0158,P0035,rebounds,4,T17
G0158,P0035,assists,9,T17
G0158,P0175,points,12,T17
G0158,P0175,rebounds,20,T17
G0158,P0175,assists,4,T17
G0158,P0019,points,35,T17
G0158,P0019,rebounds,13,T17
G0158,P0019,assists,3,T17
G0158,P0340,points,31,T17
G0158,P0340,rebounds,5,T17
G0158,P0340,assists,4,T17
G0158,P0078,points,14,T17
G0158,P0078,rebounds,14,T17
G0158,P0078,assists,6,T17
G0158,P0232,points,23,T17
G0158,P0232,rebounds,11,T17
G0158,P0232,assists,3,T17
G0158,P0334,points,9,T17
G0158,P0334,rebounds,6,T17
G0158,P0334,assists,3,T17
G0158,P0127,points,37,T17
G0158,P0127,rebounds,8,T17
G0158,P0127,assists,6,T17
G0158,P0028,points,27,T17
G0158,P0028,rebounds,16,T17
G0158,P0028,assists,11,T17
G0158,P0313,points,22,T23
G0158,P0313,rebounds,20,T23
G0158,P0313,assists,14,T23
G0158,P0110,points,8,T23
G0158,P0110,rebounds,3,T23
G0158,P0110,assists,6,T23
G0158,P0269,points,34,T23
G0158,P0269,rebounds,20,T23
G0158,P0269,assists,11,T23
G0158,P0253,points,28,T23
G0158,P0253,rebounds,4,T23
G0158,P0253,assists,9,T23
G0158,P0413,points,7,T23
G0158,P0413,rebounds,11,T23
G0158,P0413,assists,3,T23
G0158,P0119,points,3,T23
G0158,P0119,rebounds,20,T23
G0158,P0119,assists,14,T23
G0158,P0387,points,28,T23
G0158,P0387,rebounds,13,T23
G0158,P0387,assists,3,T23
G0158,P0246,points,23,T23
G0158,P0246,rebounds,15,T23
G0158,P0246,assists,8,T23
G0158,P0282,points,11,T23
G0158,P0282,rebounds,8,T23
G0158,P0282,assists,13,T23
G0158,P0143,points,10,T23
G0158,P0143,rebounds,20,T23
G0158,P0143,assists,12,T23
G0159,P0389,points,6,T16
G0159,P0389,rebounds,20,T16
G0159,P0389,assists,13,T16
G0159,P0210,points,10,T16
G0159,P0210,rebounds,14,T16
G0159,P0210,assists,9,T16
G0159,P0167,points,37,T16
G0159,P0167,rebounds,6,T16
G0159,P0167,assists,15,T16
G0159,P0366,points,15,T16
G0159,P0366,rebounds,15,T16
G0159,P0366,assists,6,T16
G0159,P0158,points,27,T16
G0159,P0158,rebounds,7,T16
G0159,P0158,assists,13,T16
G0159,P0093,points,26,T16
G0159,P0093,rebounds,6,T16
G0159,P0093,assists,15,T16
G0159,P0222,points,29,T16
G0159,P0222,rebounds,9,T16
G0159,P0222,assists,2,T16
G0159,P0407,points,39,T16
G0159,P0407,rebounds,15,T16
G0159,P0407,assists,10,T16
G0159,P0015,points,34,T16
G0159,P0015,rebounds,12,T16
G0159,P0015,assists,3,T16
G0159,P0048,points,9,T16
G0159,P0048,rebounds,1,T16
G0159,P0048,assists,1,T16
G0159,P0064,points,29,T12
G0159,P0064,rebounds,17,T12
G0159,P0064,assists,2,T12
G0159,P0350,points,23,T12
G0159,P0350,rebounds,2,T12
G0159,P0350,assists,6,T12
G0159,P0219,points,32,T12
G0159,P0219,rebounds,17,T12
G0159,P0219,assists,15,T12
G0159,P0348,points,12,T12
G0159,P0348,rebounds,19,T12
G0159,P0348,assists,12,T12
G0159,P0383,points,13,T12
G0159,P0383,rebounds,6,T12
G0159,P0383,assists,1,T12
G0159,P0047,points,37,T12
G0159,P0047,rebounds,4,T12
G0159,P0047,assists,4,T12
G0159,P0262,points,16,T12
G0159,P0262,rebounds,2,T12
G0159,P0262,assists,12,T12
G0159,P0020,points,28,T12
G0159,P0020,rebounds,3,T12
G0159,P0020,assists,2,T12
G0159,P0305,points,0,T12
G0159,P0305,rebounds,19,T12
G0159,P0305,assists,6,T12
G0159,P0376,points,26,T12
G0159,P0376,rebounds,3,T12
G0159,P0376,assists,3,T12
G0160,P0223,points,21,T24
G0160,P0223,rebounds,8,T24
G0160,P0223,assists,2,T24
G0160,P0374,points,5,T24
G0160,P0374,rebounds,16,T24
G0160,P0374,assists,11,T24
G0160,P0087,points,24,T24
G0160,P0087,rebounds,17,T24
G0160,P0087,assists,1,T24
G0160,P0127,points,28,T24
G0160,P0127,rebounds,15,T24
G0160,P0127,assists,3,T24
G0160,P0253,points,21,T24
G0160,P0253,rebounds,16,T24
G0160,P0253,assists,9,T24
G0160,P0382,points,10,T24
G0160,P0382,rebounds,13,T24
G0160,P0382,assists,12,T24
G0160,P0383,points,0,T24
G0160,P0383,rebounds,11,T24
G0160,P0383,assists,8,T24
G0160,P0254,points,15,T24
G0160,P0254,rebounds,0,T24
G0160,P0254,assists,1,T24
G0160,P0004,points,30,T24
G0160,P0004,rebounds,17,T24
G0160,P0004,assists,6,T24
G0160,P0047,points,38,T24
G0160,P0047,rebounds,19,T24
G0160,P0047,assists,10,T24
G0160,P0074,points,23,T08
G0160,P0074,rebounds,20,T08
G0160,P0074,assists,9,T08
G0160,P0419,points,38,T08
G0160,P0419,rebounds,20,T08
G0160,P0419,assists,3,T08
G0160,P0153,points,27,T08
G0160,P0153,rebounds,15,T08
G0160,P0153,assists,13,T08
G0160,P0013,points,14,T08
G0160,P0013,rebounds,18,T08
G0160,P0013,assists,7,T08
G0160,P0397,points,15,T08
G0160,P0397,rebounds,3,T08
G0160,P0397,assists,5,T08
G0160,P0025,points,39,T08
G0160,P0025,rebounds,15,T08
G0160,P0025,assists,11,T08
G0160,P0120,points,36,T08
G0160,P0120,rebounds,5,T08
G0160,P0120,assists,10,T08
G0160,P0152,points,15,T08
G0160,P0152,rebounds,17,T08
G0160,P0152,assists,6,T08
G0160,P0413,points,35,T08
G0160,P0413,rebounds,15,T08
G0160,P0413,assists,12,T08
G0160,P0015,points,37,T08
G0160,P0015,rebounds,16,T08
G0160,P0015,assists,5,T08
G0161,P0246,points,4,T30
G0161,P0246,rebounds,7,T30
G0161,P0246,assists,15,T30
G0161,P0164,points,28,T30
G0161,P0164,rebounds,3,T30
G0161,P0164,assists,6,T30
G0161,P0211,points,38,T30
G0161,P0211,rebounds,4,T30
G0161,P0211,assists,9,T30
G0161,P0215,points,19,T30
G0161,P0215,rebounds,15,T30
G0161,P0215,assists,12,T30
G0161,P0182,points,34,T30
G0161,P0182,rebounds,2,T30
G0161,P0182,assists,7,T30
G0161,P0045,points,28,T30
G0161,P0045,rebounds,8,T30
G0161,P0045,assists,10,T30
G0161,P0027,points,26,T30
G0161,P0027,rebounds,7,T30
G0161,P0027,assists,1,T30
G0161,P0243,points,39,T30
G0161,P0243,rebounds,17,T30
G0161,P0243,assists,14,T30
G0161,P0195,points,12,T30
G0161,P0195,rebounds,6,T30
G0161,P0195,assists,5,T30
G0161,P0046,points,1,T30
G0161,P0046,rebounds,3,T30
G0161,P0046,assists,4,T30
G0161,P0004,points,40,T01
G0161,P0004,rebounds,4,T01
G0161,P0004,assists,8,T01
G0161,P0048,points,22,T01
G0161,P0048,rebounds,7,T01
G0161,P0048,assists,14,T01
G0161,P0310,points,3,T01
G0161,P0310,rebounds,18,T01
G0161,P0310,assists,11,T01
G0161,P0405,points,12,T01
G0161,P0405,rebounds,16,T01
G0161,P0405,assists,6,T01
G0161,P0104,points,39,T01
G0161,P0104,rebounds,0,T01
G0161,P0104,assists,0,T01
G0161,P0395,points,22,T01
G0161,P0395,rebounds,19,T01
G0161,P0395,assists,1,T01
G0161,P0191,points,31,T01
G0161,P0191,rebounds,19,T01
G0161,P0191,assists,7,T01
G0161,P0393,points,35,T01
G0161,P0393,rebounds,15,T01
G0161,P0393,assists,3,T01
G0161,P0314,points,35,T01
G0161,P0314,rebounds,14,T01
G0161,P0314,assists,0,T01
G0161,P0192,points,23,T01
G0161,P0192,rebounds,13,T01
G0161,P0192,assists,12,T01
G0162,P0080,points,7,T20
G0162,P0080,rebounds,0,T20
G0162,P0080,assists,0,T20
G0162,P0034,points,2,T20
G0162,P0034,rebounds,14,T20
G0162,P0034,assists,14,T20
G0162,P0317,points,16,T20
G0162,P0317,rebounds,18,T20
G0162,P0317,assists,11,T20
G0162,P0267,points,33,T20
G0162,P0267,rebounds,15,T20
G0162,P0267,assists,3,T20
G0162,P0401,points,21,T20
G0162,P0401,rebounds,11,T20
G0162,P0401,assists,10,T20
G0162,P0295,points,32,T20
G0162,P0295,rebounds,2,T20
G0162,P0295,assists,10,T20
G0162,P0037,points,34,T20
G0162,P0037,rebounds,2,T20
G0162,P0037,assists,6,T20
G0162,P0124,points,36,T20
G0162,P0124,rebounds,0,T20
G0162,P0124,assists,2,T20
G0162,P0246,points,32,T20
G0162,P0246,rebounds,3,T20
G0162,P0246,assists,11,T20
G0162,P0196,points,36,T20
G0162,P0196,rebounds,10,T20
G0162,P0196,assists,7,T20
G0162,P0282,points,17,T29
G0162,P0282,rebounds,7,T29
G0162,P0282,assists,6,T29
G0162,P0165,points,22,T29
G0162,P0165,rebounds,18,T29
G0162,P0165,assists,15,T29
G0162,P0090,points,35,T29
G0162,P0090,rebounds,2,T29
G0162,P0090,assists,4,T29
G0162,P0304,points,31,T29
G0162,P0304,rebounds,11,T29
G0162,P0304,assists,5,T29
G0162,P0141,points,12,T29
G0162,P0141,rebounds,2,T29
G0162,P0141,assists,5,T29
G0162,P0388,points,17,T29
G0162,P0388,rebounds,8,T29
G0162,P0388,assists,8,T29
G0162,P0168,points,11,T29
G0162,P0168,rebounds,4,T29
G0162,P0168,assists,14,T29
G0162,P0236,points,16,T29
G0162,P0236,rebounds,5,T29
G0162,P0236,assists,10,T29
G0162,P0069,points,22,T29
G0162,P0069,rebounds,12,T29
G0162,P0069,assists,3,T29
G0162,P0199,points,29,T29
G0162,P0199,rebounds,4,T29
G0162,P0199,assists,13,T29
G0163,P0237,points,29,T13
G0163,P0237,rebounds,15,T13
G0163,P0237,assists,13,T13
G0163,P0176,points,40,T13
G0163,P0176,rebounds,18,T13
G0163,P0176,assists,12,T13
G0163,P0207,points,17,T13
G0163,P0207,rebounds,10,T13
G0163,P0207,assists,9,T13
G0163,P0175,points,6,T13
G0163,P0175,rebounds,14,T13
G0163,P0175,assists,9,T13
G0163,P0053,points,21,T13
G0163,P0053,rebounds,17,T13
G0163,P0053,assists,10,T13
G0163,P0046,points,38,T13
G0163,P0046,rebounds,20,T13
G0163,P0046,assists,13,T13
G0163,P0169,points,12,T13
G0163,P0169,rebounds,3,T13
G0163,P0169,assists,4,T13
G0163,P0277,points,29,T13
G0163,P0277,rebounds,18,T13
G0163,P0277,assists,14,T13
G0163,P0161,points,28,T13
G0163,P0161,rebounds,14,T13
G0163,P0161,assists,15,T13
G0163,P0112,points,28,T13
G0163,P0112,rebounds,2,T13
G0163,P0112,assists,8,T13
G0163,P0153,points,14,T29
G0163,P0153,rebounds,13,T29
G0163,P0153,assists,10,T29
G0163,P0246,points,12,T29
G0163,P0246,rebounds,6,T29
G0163,P0246,assists,1,T29
G0163,P0236,points,12,T29
G0163,P0236,rebounds,17,T29
G0163,P0236,assists,10,T29
G0163,P0283,points,38,T29
G0163,P0283,rebounds,19,T29
G0163,P0283,assists,13,T29
G0163,P0048,points,7,T29
G0163,P0048,rebounds,7,T29
G0163,P0048,assists,0,T29
G0163,P0185,points,3,T29
G0163,P0185,rebounds,4,T29
G0163,P0185,assists,4,T29
G0163,P0181,points,0,T29
G0163,P0181,rebounds,17,T29
G0163,P0181,assists,8,T29
G0163,P0033,points,26,T29
G0163,P0033,rebounds,13,T29
G0163,P0033,assists,15,T29
G0163,P0243,points,6,T29
G0163,P0243,rebounds,7,T29
G0163,P0243,assists,4,T29
G0163,P0239,points,22,T29
G0163,P0239,rebounds,11,T29
G0163,P0239,assists,12,T29
G0164,P0097,points,5,T13
G0164,P0097,rebounds,9,T13
G0164,P0097,assists,9,T13
G0164,P0231,points,27,T13
G0164,P0231,rebounds,6,T13
G0164,P0231,assists,1,T13
G0164,P0074,points,13,T13
G0164,P0074,rebounds,16,T13
G0164,P0074,assists,15,T13
G0164,P0234,points,38,T13
G0164,P0234,rebounds,12,T13
G0164,P0234,assists,1,T13
G0164,P0088,points,39,T13
G0164,P0088,rebounds,3,T13
G0164,P0088,assists,4,T13
G0164,P0247,points,39,T13
G0164,P0247,rebounds,10,T13
G0164,P0247,assists,3,T13
G0164,P0011,points,20,T13
G0164,P0011,rebounds,1,T13
G0164,P0011,assists,5,T13
G0164,P0400,points,39,T13
G0164,P0400,rebounds,6,T13
G0164,P0400,assists,14,T13
G0164,P0004,points,22,T13
G0164,P0004,rebounds,13,T13
G0164,P0004,assists,11,T13
G0164,P0241,points,22,T13
G0164,P0241,rebounds,0,T13
G0164,P0241,assists,14,T13
G0164,P0166,points,19,T07
G0164,P0166,rebounds,13,T07
G0164,P0166,assists,8,T07
G0164,P0322,points,26,T07
G0164,P0322,rebounds,7,T07
G0164,P0322,assists,13,T07
G0164,P0079,points,9,T07
G0164,P0079,rebounds,13,T07
G0164,P0079,assists,9,T07
G0164,P0073,points,20,T07
G0164,P0073,rebounds,0,T07
G0164,P0073,assists,6,T07
G0164,P0389,points,1,T07
G0164,P0389,rebounds,10,T07
G0164,P0389,assists,11,T07
G0164,P0302,points,21,T07
G0164,P0302,rebounds,15,T07
G0164,P0302,assists,5,T07
G0164,P0288,points,12,T07
G0164,P0288,rebounds,9,T07
G0164,P0288,assists,3,T07
G0164,P0331,points,32,T07
G0164,P0331,rebounds,17,T07
G0164,P0331,assists,6,T07
G0164,P0174,points,32,T07
G0164,P0174,rebounds,0,T07
G0164,P0174,assists,2,T07
G0164,P0171,points,11,T07
G0164,P0171,rebounds,8,T07
G0164,P0171,assists,3,T07
G0165,P0211,points,25,T13
G0165,P0211,rebounds,11,T13
G0165,P0211,assists,0,T13
G0165,P0187,points,6,T13
G0165,P0187,rebounds,3,T13
G0165,P0187,assists,14,T13
G0165,P0337,points,2,T13
G0165,P0337,rebounds,11,T13
G0165,P0337,assists,5,T13
G0165,P0009,points,0,T13
G0165,P0009,rebounds,19,T13
G0165,P0009,assists,0,T13
G0165,P0189,points,35,T13
G0165,P0189,rebounds,16,T13
G0165,P0189,assists,12,T13
G0165,P0339,points,6,T13
G0165,P0339,rebounds,18,T13
G0165,P0339,assists,9,T13
G0165,P0117,points,16,T13
G0165,P0117,rebounds,14,T13
G0165,P0117,assists,5,T13
G0165,P0025,points,11,T13
G0165,P0025,rebounds,6,T13
G0165,P0025,assists,9,T13
G0165,P0327,points,24,T13
G0165,P0327,rebounds,5,T13
G0165,P0327,assists,3,T13
G0165,P0044,points,38,T13
G0165,P0044,rebounds,10,T13
G0165,P0044,assists,13,T13
G0165,P0297,points,13,T01
G0165,P0297,rebounds,6,T01
G0165,P0297,assists,4,T01
G0165,P0214,points,21,T01
G0165,P0214,rebounds,16,T01
G0165,P0214,assists,8,T01
G0165,P0124,points,12,T01
G0165,P0124,rebounds,20,T01
G0165,P0124,assists,9,T01
G0165,P0318,points,16,T01
G0165,P0318,rebounds,0,T01
G0165,P0318,assists,8,T01
G0165,P0347,points,25,T01
G0165,P0347,rebounds,19,T01
G0165,P0347,assists,3,T01
G0165,P0144,points,6,T01
G0165,P0144,rebounds,20,T01
G0165,P0144,assists,8,T01
G0165,P0334,points,1,T01
G0165,P0334,rebounds,2,T01
G0165,P0334,assists,7,T01
G0165,P0051,points,25,T01
G0165,P0051,rebounds,5,T01
G0165,P0051,assists,5,T01
G0165,P0028,points,30,T01
G0165,P0028,rebounds,20,T01
G0165,P0028,assists,7,T01
G0165,P0390,points,17,T01
G0165,P0390,rebounds,7,T01
G0165,P0390,assists,2,T01
G0166,P0344,points,34,T25
G0166,P0344,rebounds,7,T25
G0166,P0344,assists,8,T25
G0166,P0103,points,20,T25
G0166,P0103,rebounds,18,T25
G0166,P0103,assists,11,T25
G0166,P0016,points,37,T25
G0166,P0016,rebounds,11,T25
G0166,P0016,assists,14,T25
G0166,P0314,points,30,T25
G0166,P0314,rebounds,15,T25
G0166,P0314,assists,10,T25
G0166,P0397,points,13,T25
G0166,P0397,rebounds,12,T25
G0166,P0397,assists,5,T25
G0166,P0306,points,26,T25
G0166,P0306,rebounds,5,T25
G0166,P0306,assists,12,T25
G0166,P0022,points,23,T25
G0166,P0022,rebounds,14,T25
G0166,P0022,assists,3,T25
G0166,P0340,points,32,T25
G0166,P0340,rebounds,16,T25
G0166,P0340,assists,2,T25
G0166,P0112,points,14,T25
G0166,P0112,rebounds,14,T25
G0166,P0112,assists,13,T25
G0166,P0290,points,30,T25
G0166,P0290,rebounds,9,T25
G0166,P0290,assists,4,T25
G0166,P0104,points,37,T04
G0166,P0104,rebounds,18,T04
G0166,P0104,assists,14,T04
G0166,P0336,points,12,T04
G0166,P0336,rebounds,9,T04
G0166,P0336,assists,3,T04
G0166,P0062,points,39,T04
G0166,P0062,rebounds,18,T04
G0166,P0062,assists,2,T04
G0166,P0396,points,10,T04
G0166,P0396,rebounds,11,T04
G0166,P0396,assists,6,T04
G0166,P0310,points,18,T04
G0166,P0310,rebounds,7,T04
G0166,P0310,assists,10,T04
G0166,P0419,points,36,T04
G0166,P0419,rebounds,19,T04
G0166,P0419,assists,7,T04
G0166,P0048,points,33,T04
G0166,P0048,rebounds,14,T04
G0166,P0048,assists,3,T04
G0166,P0259,points,32,T04
G0166,P0259,rebounds,7,T04
G0166,P0259,assists,10,T04
G0166,P0302,points,29,T04
G0166,P0302,rebounds,19,T04
G0166,P0302,assists,15,T04
G0166,P0095,points,32,T04
G0166,P0095,rebounds,10,T04
G0166,P0095,assists,6,T04
G0167,P0085,points,14,T10
G0167,P0085,rebounds,9,T10
G0167,P0085,assists,3,T10
G0167,P0010,points,3,T10
G0167,P0010,rebounds,6,T10
G0167,P0010,assists,12,T10
G0167,P0109,points,40,T10
G0167,P0109,rebounds,13,T10
G0167,P0109,assists,13,T10
G0167,P0265,points,26,T10
G0167,P0265,rebounds,13,T10
G0167,P0265,assists,6,T10
G0167,P0118,points,2,T10
G0167,P0118,rebounds,8,T10
G0167,P0118,assists,13,T10
G0167,P0262,points,21,T10
G0167,P0262,rebounds,16,T10
G0167,P0262,assists,0,T10
G0167,P0283,points,8,T10
G0167,P0283,rebounds,6,T10
G0167,P0283,assists,5,T10
G0167,P0218,points,40,T10
G0167,P0218,rebounds,9,T10
G0167,P0218,assists,10,T10
G0167,P0392,points,26,T10
G0167,P0392,rebounds,8,T10
G0167,P0392,assists,15,T10
G0167,P0182,points,9,T10
G0167,P0182,rebounds,0,T10
G0167,P0182,assists,11,T10
G0167,P0099,points,26,T02
G0167,P0099,rebounds,5,T02
G0167,P0099,assists,13,T02
G0167,P0249,points,6,T02
G0167,P0249,rebounds,5,T02
G0167,P0249,assists,2,T02
G0167,P0220,points,7,T02
G0167,P0220,rebounds,15,T02
G0167,P0220,assists,11,T02
G0167,P0059,points,26,T02
G0167,P0059,rebounds,18,T02
G0167,P0059,assists,1,T02
G0167,P0351,points,25,T02
G0167,P0351,rebounds,2,T02
G0167,P0351,assists,15,T02
G0167,P0243,points,25,T02
G0167,P0243,rebounds,15,T02
G0167,P0243,assists,9,T02
G0167,P0001,points,15,T02
G0167,P0001,rebounds,14,T02
G0167,P0001,assists,13,T02
G0167,P0201,points,7,T02
G0167,P0201,rebounds,18,T02
G0167,P0201,assists,11,T02
G0167,P0185,points,3,T02
G0167,P0185,rebounds,19,T02
G0167,P0185,assists,2,T02
G0167,P0151,points,24,T02
G0167,P0151,rebounds,2,T02
G0167,P0151,assists,3,T02
G0168,P0341,points,8,T06
G0168,P0341,rebounds,1,T06
G0168,P0341,assists,3,T06
G0168,P0265,points,13,T06
G0168,P0265,rebounds,4,T06
G0168,P0265,assists,5,T06
G0168,P0261,points,39,T06
G0168,P0261,rebounds,7,T06
G0168,P0261,assists,10,T06
G0168,P0021,points,28,T06
G0168,P0021,rebounds,2,T06
G0168,P0021,assists,3,T06
G0168,P0381,points,17,T06
G0168,P0381,rebounds,9,T06
G0168,P0381,assists,0,T06
G0168,P0280,points,26,T06
G0168,P0280,rebounds,6,T06
G0168,P0280,assists,5,T06
G0168,P0127,points,24,T06
G0168,P0127,rebounds,19,T06
G0168,P0127,assists,13,T06
G0168,P0357,points,40,T06
G0168,P0357,rebounds,8,T06
G0168,P0357,assists,1,T06
G0168,P0143,points,8,T06
G0168,P0143,rebounds,7,T06
G0168,P0143,assists,4,T06
G0168,P0284,points,8,T06
G0168,P0284,rebounds,3,T06
G0168,P0284,assists,2,T06
G0168,P0270,points,26,T26
G0168,P0270,rebounds,10,T26
G0168,P0270,assists,0,T26
G0168,P0260,points,23,T26
G0168,P0260,rebounds,17,T26
G0168,P0260,assists,6,T26
G0168,P0313,points,13,T26
G0168,P0313,rebounds,5,T26
G0168,P0313,assists,6,T26
G0168,P0198,points,11,T26
G0168,P0198,rebounds,19,T26
G0168,P0198,assists,15,T26
G0168,P0030,points,14,T26
G0168,P0030,rebounds,19,T26
G0168,P0030,assists,13,T26
G0168,P0108,points,3,T26
G0168,P0108,rebounds,10,T26
G0168,P0108,assists,10,T26
G0168,P0382,points,17,T26
G0168,P0382,rebounds,9,T26
G0168,P0382,assists,7,T26
G0168,P0045,points,28,T26
G0168,P0045,rebounds,6,T26
G0168,P0045,assists,9,T26
G0168,P0003,points,9,T26
G0168,P0003,rebounds,18,T26
G0168,P0003,assists,1,T26
G0168,P0190,points,2,T26
G0168,P0190,rebounds,0,T26
G0168,P0190,assists,5,T26
G0169,P0407,points,23,T11
G0169,P0407,rebounds,6,T11
G0169,P0407,assists,3,T11
G0169,P0327,points,0,T11
G0169,P0327,rebounds,14,T11
G0169,P0327,assists,0,T11
G0169,P0305,points,4,T11
G0169,P0305,rebounds,16,T11
G0169,P0305,assists,9,T11
G0169,P0250,points,20,T11
G0169,P0250,rebounds,4,T11
G0169,P0250,assists,2,T11
G0169,P0076,points,19,T11
G0169,P0076,rebounds,7,T11
G0169,P0076,assists,8,T11
G0169,P0153,points,6,T11
G0169,P0153,rebounds,4,T11
G0169,P0153,assists,1,T11
G0169,P0053,points,17,T11
G0169,P0053,rebounds,5,T11
G0169,P0053,assists,3,T11
G0169,P0015,points,22,T11
G0169,P0015,rebounds,10,T11
G0169,P0015,assists,3,T11
G0169,P0197,points,28,T11
G0169,P0197,rebounds,7,T11
G0169,P0197,assists,5,T11
G0169,P0188,points,19,T11
G0169,P0188,rebounds,2,T11
G0169,P0188,assists,6,T11
G0169,P0360,points,23,T27
G0169,P0360,rebounds,2,T27
G0169,P0360,assists,9,T27
G0169,P0055,points,1,T27
G0169,P0055,rebounds,12,T27
G0169,P0055,assists,0,T27
G0169,P0171,points,7,T27
G0169,P0171,rebounds,7,T27
G0169,P0171,assists,9,T27
G0169,P0128,points,29,T27
G0169,P0128,rebounds,9,T27
G0169,P0128,assists,2,T27
G0169,P0187,points,15,T27
G0169,P0187,rebounds,16,T27
G0169,P0187,assists,1,T27
G0169,P0251,points,29,T27
G0169,P0251,rebounds,8,T27
G0169,P0251,assists,0,T27
G0169,P0256,points,28,T27
G0169,P0256,rebounds,0,T27
G0169,P0256,assists,5,T27
G0169,P0322,points,7,T27
G0169,P0322,rebounds,12,T27
G0169,P0322,assists,0,T27
G0169,P0104,points,3,T27
G0169,P0104,rebounds,11,T27
G0169,P0104,assists,15,T27
G0169,P0309,points,1,T27
G0169,P0309,rebounds,9,T27
G0169,P0309,assists,12,T27
G0170,P0282,points,16,T01
G0170,P0282,rebounds,0,T01
G0170,P0282,assists,11,T01
G0170,P0122,points,27,T01
G0170,P0122,rebounds,14,T01
G0170,P0122,assists,2,T01
G0170,P0204,points,29,T01
G0170,P0204,rebounds,15,T01
G0170,P0204,assists,13,T01
G0170,P0302,points,23,T01
G0170,P0302,rebounds,15,T01
G0170,P0302,assists,6,T01
G0170,P0212,points,28,T01
G0170,P0212,rebounds,14,T01
G0170,P0212,assists,12,T01
G0170,P0120,points,35,T01
G0170,P0120,rebounds,0,T01
G0170,P0120,assists,12,T01
G0170,P0347,points,32,T01
G0170,P0347,rebounds,11,T01
G0170,P0347,assists,8,T01
G0170,P0313,points,29,T01
G0170,P0313,rebounds,9,T01
G0170,P0313,assists,6,T01
G0170,P0389,points,32,T01
G0170,P0389,rebounds,16,T01
G0170,P0389,assists,3,T01
G0170,P0185,points,33,T01
G0170,P0185,rebounds,6,T01
G0170,P0185,assists,2,T01
G0170,P0402,points,36,T06
G0170,P0402,rebounds,4,T06
G0170,P0402,assists,3,T06
G0170,P0009,points,11,T06
G0170,P0009,rebounds,10,T06
G0170,P0009,assists,2,T06
G0170,P0321,points,6,T06
G0170,P0321,rebounds,8,T06
G0170,P0321,assists,3,T06
G0170,P0244,points,7,T06
G0170,P0244,rebounds,19,T06
G0170,P0244,assists,9,T06
G0170,P0090,points,0,T06
G0170,P0090,rebounds,2,T06
G0170,P0090,assists,13,T06
G0170,P0031,points,11,T06
G0170,P0031,rebounds,3,T06
G0170,P0031,assists,10,T06
G0170,P0310,points,34,T06
G0170,P0310,rebounds,8,T06
G0170,P0310,assists,11,T06
G0170,P0156,points,17,T06
G0170,P0156,rebounds,2,T06
G0170,P0156,assists,12,T06
G0170,P0199,points,37,T06
G0170,P0199,rebounds,20,T06
G0170,P0199,assists,1,T06
G0170,P0219,points,23,T06
G0170,P0219,rebounds,13,T06
G0170,P0219,assists,1,T06
G0171,P0315,points,35,T04
G0171,P0315,rebounds,17,T04
G0171,P0315,assists,12,T04
G0171,P0283,points,36,T04
G0171,P0283,rebounds,4,T04
G0171,P0283,assists,13,T04
G0171,P0111,points,7,T04
G0171,P0111,rebounds,6,T04
G0171,P0111,assists,8,T04
G0171,P0035,points,30,T04
G0171,P0035,rebounds,12,T04
G0171,P0035,assists,8,T04
G0171,P0206,points,15,T04
G0171,P0206,rebounds,12,T04
G0171,P0206,assists,7,T04
G0171,P0284,points,19,T04
G0171,P0284,rebounds,12,T04
G0171,P0284,assists,9,T04
G0171,P0401,points,13,T04
G0171,P0401,rebounds,2,T04
G0171,P0401,assists,4,T04
G0171,P0231,points,16,T04
G0171,P0231,rebounds,3,T04
G0171,P0231,assists,2,T04
G0171,P0043,points,38,T04
G0171,P0043,rebounds,5,T04
G0171,P0043,assists,11,T04
G0171,P0392,points,5,T04
G0171,P0392,rebounds,20,T04
G0171,P0392,assists,3,T04
G0171,P0237,points,16,T23
G0171,P0237,rebounds,16,T23
G0171,P0237,assists,3,T23
G0171,P0066,points,22,T23
G0171,P0066,rebounds,16,T23
G0171,P0066,assists,0,T23
G0171,P0400,points,1,T23
G0171,P0400,rebounds,16,T23
G0171,P0400,assists,4,T23
G0171,P0246,points,37,T23
G0171,P0246,rebounds,19,T23
G0171,P0246,assists,14,T23
G0171,P0098,points,40,T23
G0171,P0098,rebounds,17,T23
G0171,P0098,assists,6,T23
G0171,P0166,points,40,T23
G0171,P0166,rebounds,7,T23
G0171,P0166,assists,9,T23
G0171,P0200,points,0,T23
G0171,P0200,rebounds,20,T23
G0171,P0200,assists,9,T23
G0171,P0106,points,38,T23
G0171,P0106,rebounds,7,T23
G0171,P0106,assists,5,T23
G0171,P0123,points,21,T23
G0171,P0123,rebounds,18,T23
G0171,P0123,assists,8,T23
G0171,P0057,points,32,T23
G0171,P0057,rebounds,4,T23
G0171,P0057,assists,12,T23
G0172,P0167,points,38,T03
G0172,P0167,rebounds,3,T03
G0172,P0167,assists,9,T03
G0172,P0370,points,28,T03
G0172,P0370,rebounds,0,T03
G0172,P0370,assists,2,T03
G0172,P0316,points,16,T03
G0172,P0316,rebounds,2,T03
G0172,P0316,assists,5,T03
G0172,P0024,points,6,T03
G0172,P0024,rebounds,18,T03
G0172,P0024,assists,9,T03
G0172,P0160,points,13,T03
G0172,P0160,rebounds,16,T03
G0172,P0160,assists,0,T03
G0172,P0302,points,24,T03
G0172,P0302,rebounds,14,T03
G0172,P0302,assists,12,T03
G0172,P0317,points,9,T03
G0172,P0317,rebounds,12,T03
G0172,P0317,assists,12,T03
G0172,P0037,points,32,T03
G0172,P0037,rebounds,3,T03
G0172,P0037,assists,15,T03
G0172,P0268,points,11,T03
G0172,P0268,rebounds,8,T03
G0172,P0268,assists,3,T03
G0172,P0310,points,6,T03
G0172,P0310,rebounds,5,T03
G0172,P0310,assists,2,T03
G0172,P0039,points,30,T07
G0172,P0039,rebounds,12,T07
G0172,P0039,assists,6,T07
G0172,P0297,points,22,T07
G0172,P0297,rebounds,12,T07
G0172,P0297,assists,2,T07
G0172,P0239,points,12,T07
G0172,P0239,rebounds,18,T07
G0172,P0239,assists,0,T07
G0172,P0027,points,39,T07
G0172,P0027,rebounds,20,T07
G0172,P0027,assists,4,T07
G0172,P0231,points,13,T07
G0172,P0231,rebounds,4,T07
G0172,P0231,assists,8,T07
G0172,P0074,points,8,T07
G0172,P0074,rebounds,16,T07
G0172,P0074,assists,6,T07
G0172,P0393,points,39,T07
G0172,P0393,rebounds,17,T07
G0172,P0393,assists,6,T07
G0172,P0007,points,24,T07
G0172,P0007,rebounds,0,T07
G0172,P0007,assists,1,T07
G0172,P0228,points,20,T07
G0172,P0228,rebounds,9,T07
G0172,P0228,assists,6,T07
G0172,P0274,points,3,T07
G0172,P0274,rebounds,17,T07
G0172,P0274,assists,6,T07
G0173,P0229,points,10,T24
G0173,P0229,rebounds,12,T24
G0173,P0229,assists,13,T24
G0173,P0120,points,31,T24
G0173,P0120,rebounds,11,T24
G0173,P0120,assists,0,T24
G0173,P0206,points,12,T24
G0173,P0206,rebounds,16,T24
G0173,P0206,assists,1,T24
G0173,P0366,points,28,T24
G0173,P0366,rebounds,14,T24
G0173,P0366,assists,12,T24
G0173,P0167,points,8,T24
G0173,P0167,rebounds,5,T24
G0173,P0167,assists,3,T24
G0173,P0318,points,16,T24
G0173,P0318,rebounds,11,T24
G0173,P0318,assists,1,T24
G0173,P0007,points,23,T24
G0173,P0007,rebounds,5,T24
G0173,P0007,assists,8,T24
G0173,P0269,points,12,T24
G0173,P0269,rebounds,20,T24
G0173,P0269,assists,5,T24
G0173,P0070,points,35,T24
G0173,P0070,rebounds,3,T24
G0173,P0070,assists,1,T24
G0173,P0194,points,7,T24
G0173,P0194,rebounds,8,T24
G0173,P0194,assists,14,T24
G0173,P0338,points,7,T11
G0173,P0338,rebounds,16,T11
G0173,P0338,assists,11,T11
G0173,P0204,points,14,T11
G0173,P0204,rebounds,7,T11
G0173,P0204,assists,15,T11
G0173,P0061,points,29,T11
G0173,P0061,rebounds,5,T11
G0173,P0061,assists,14,T11
G0173,P0116,points,16,T11
G0173,P0116,rebounds,1,T11
G0173,P0116,assists,13,T11
G0173,P0142,points,35,T11
G0173,P0142,rebounds,9,T11
G0173,P0142,assists,11,T11
G0173,P0072,points,9,T11
G0173,P0072,rebounds,17,T11
G0173,P0072,assists,5,T11
G0173,P0394,points,10,T11
G0173,P0394,rebounds,10,T11
G0173,P0394,assists,4,T11
G0173,P0285,points,25,T11
G0173,P0285,rebounds,15,T11
G0173,P0285,assists,6,T11
G0173,P0250,points,32,T11
G0173,P0250,rebounds,9,T11
G0173,P0250,assists,15,T11
G0173,P0302,points,10,T11
G0173,P0302,rebounds,14,T11
G0173,P0302,assists,8,T11
G0174,P0360,points,38,T22
G0174,P0360,rebounds,4,T22
G0174,P0360,assists,13,T22
G0174,P0172,points,0,T22
G0174,P0172,rebounds,12,T22
G0174,P0172,assists,6,T22
G0174,P0091,points,12,T22
G0174,P0091,rebounds,19,T22
G0174,P0091,assists,10,T22
G0174,P0311,points,5,T22
G0174,P0311,rebounds,2,T22
G0174,P0311,assists,1,T22
G0174,P0199,points,12,T22
G0174,P0199,rebounds,1,T22
G0174,P0199,assists,4,T22
G0174,P0374,points,31,T22
G0174,P0374,rebounds,18,T22
G0174,P0374,assists,12,T22
G0174,P0314,points,20,T22
G0174,P0314,rebounds,14,T22
G0174,P0314,assists,15,T22
G0174,P0280,points,2,T22
G0174,P0280,rebounds,18,T22
G0174,P0280,assists,11,T22
G0174,P0388,points,15,T22
G0174,P0388,rebounds,9,T22
G0174,P0388,assists,7,T22
G0174,P0082,points,6,T22
G0174,P0082,rebounds,4,T22
G0174,P0082,assists,4,T22
G0174,P0254,points,0,T18
G0174,P0254,rebounds,10,T18
G0174,P0254,assists,7,T18
G0174,P0350,points,13,T18
G0174,P0350,rebounds,3,T18
G0174,P0350,assists,15,T18
G0174,P0365,points,27,T18
G0174,P0365,rebounds,9,T18
G0174,P0365,assists,11,T18
G0174,P0156,points,15,T18
G0174,P0156,rebounds,4,T18
G0174,P0156,assists,10,T18
G0174,P0145,points,31,T18
G0174,P0145,rebounds,13,T18
G0174,P0145,assists,9,T18
G0174,P0292,points,0,T18
G0174,P0292,rebounds,13,T18
G0174,P0292,assists,9,T18
G0174,P0341,points,16,T18
G0174,P0341,rebounds,5,T18
G0174,P0341,assists,15,T18
G0174,P0296,points,15,T18
G0174,P0296,rebounds,5,T18
G0174,P0296,assists,11,T18
G0174,P0306,points,19,T18
G0174,P0306,rebounds,11,T18
G0174,P0306,assists,10,T18
G0174,P0399,points,15,T18
G0174,P0399,rebounds,3,T18
G0174,P0399,assists,2,T18
G0175,P0173,points,40,T21
G0175,P0173,rebounds,15,T21
G0175,P0173,assists,8,T21
G0175,P0209,points,11,T21
G0175,P0209,rebounds,19,T21
G0175,P0209,assists,15,T21
G0175,P0364,points,2,T21
G0175,P0364,rebounds,0,T21
G0175,P0364,assists,1,T21
G0175,P0300,points,15,T21
G0175,P0300,rebounds,3,T21
G0175,P0300,assists,14,T21
G0175,P0387,points,37,T21
G0175,P0387,rebounds,3,T21
G0175,P0387,assists,13,T21
G0175,P0321,points,5,T21
G0175,P0321,rebounds,16,T21
G0175,P0321,assists,5,T21
G0175,P0380,points,1,T21
G0175,P0380,rebounds,8,T21
G0175,P0380,assists,13,T21
G0175,P0224,points,38,T21
G0175,P0224,rebounds,2,T21
G0175,P0224,assists,13,T21
G0175,P0133,points,12,T21
G0175,P0133,rebounds,9,T21
G0175,P0133,assists,1,T21
G0175,P0200,points,39,T21
G0175,P0200,rebounds,16,T21
G0175,P0200,assists,10,T21
G0175,P0032,points,29,T22
G0175,P0032,rebounds,18,T22
G0175,P0032,assists,2,T22
G0175,P0297,points,10,T22
G0175,P0297,rebounds,0,T22
G0175,P0297,assists,7,T22
G0175,P0034,points,20,T22
G0175,P0034,rebounds,0,T22
G0175,P0034,assists,10,T22
G0175,P0327,points,0,T22
G0175,P0327,rebounds,16,T22
G0175,P0327,assists,11,T22
G0175,P0261,points,33,T22
G0175,P0261,rebounds,2,T22
G0175,P0261,assists,13,T22
G0175,P0078,points,22,T22
G0175,P0078,rebounds,18,T22
G0175,P0078,assists,11,T22
G0175,P0013,points,26,T22
G0175,P0013,rebounds,0,T22
G0175,P0013,assists,11,T22
G0175,P0382,points,18,T22
G0175,P0382,rebounds,17,T22
G0175,P0382,assists,10,T22
G0175,P0120,points,3,T22
G0175,P0120,rebounds,18,T22
G0175,P0120,assists,1,T22
G0175,P0298,points,12,T22
G0175,P0298,rebounds,4,T22
G0175,P0298,assists,15,T22
G0176,P0063,points,12,T14
G0176,P0063,rebounds,9,T14
G0176,P0063,assists,1,T14
G0176,P0298,points,11,T14
G0176,P0298,rebounds,11,T14
G0176,P0298,assists,14,T14
G0176,P0343,points,13,T14
G0176,P0343,rebounds,11,T14
G0176,P0343,assists,14,T14
G0176,P0348,points,14,T14
G0176,P0348,rebounds,6,T14
G0176,P0348,assists,0,T14
G0176,P0038,points,37,T14
G0176,P0038,rebounds,2,T14
G0176,P0038,assists,3,T14
G0176,P0270,points,5,T14
G0176,P0270,rebounds,14,T14
G0176,P0270,assists,5,T14
G0176,P0260,points,28,T14
G0176,P0260,rebounds,12,T14
G0176,P0260,assists,0,T14
G0176,P0366,points,12,T14
G0176,P0366,rebounds,0,T14
G0176,P0366,assists,1,T14
G0176,P0092,points,19,T14
G0176,P0092,rebounds,5,T14
G0176,P0092,assists,1,T14
G0176,P0164,points,16,T14
G0176,P0164,rebounds,9,T14
G0176,P0164,assists,15,T14
G0176,P0316,points,27,T27
G0176,P0316,rebounds,8,T27
G0176,P0316,assists,7,T27
G0176,P0345,points,3,T27
G0176,P0345,rebounds,8,T27
G0176,P0345,assists,9,T27
G0176,P0264,points,0,T27
G0176,P0264,rebounds,19,T27
G0176,P0264,assists,8,T27
G0176,P0083,points,32,T27
G0176,P0083,rebounds,5,T27
G0176,P0083,assists,13,T27
G0176,P0390,points,15,T27
G0176,P0390,rebounds,19,T27
G0176,P0390,assists,8,T27
G0176,P0013,points,26,T27
G0176,P0013,rebounds,4,T27
G0176,P0013,assists,15,T27
G0176,P0010,points,7,T27
G0176,P0010,rebounds,0,T27
G0176,P0010,assists,7,T27
G0176,P0216,points,34,T27
G0176,P0216,rebounds,19,T27
G0176,P0216,assists,13,T27
G0176,P0089,points,22,T27
G0176,P0089,rebounds,19,T27
G0176,P0089,assists,7,T27
G0176,P0296,points,19,T27
G0176,P0296,rebounds,3,T27
G0176,P0296,assists,12,T27
G0177,P0300,points,36,T22
G0177,P0300,rebounds,4,T22
G0177,P0300,assists,14,T22
G0177,P0418,points,1,T22
G0177,P0418,rebounds,0,T22
G0177,P0418,assists,1,T22
G0177,P0113,points,22,T22
G0177,P0113,rebounds,5,T22
G0177,P0113,assists,9,T22
G0177,P0153,points,33,T22
G0177,P0153,rebounds,0,T22
G0177,P0153,assists,8,T22
G0177,P0138,points,30,T22
G0177,P0138,rebounds,8,T22
G0177,P0138,assists,14,T22
G0177,P0130,points,27,T22
G0177,P0130,rebounds,0,T22
G0177,P0130,assists,8,T22
G0177,P0284,points,15,T22
G0177,P0284,rebounds,2,T22
G0177,P0284,assists,15,T22
G0177,P0150,points,9,T22
G0177,P0150,rebounds,1,T22
G0177,P0150,assists,3,T22
G0177,P0250,points,33,T22
G0177,P0250,rebounds,12,T22
G0177,P0250,assists,13,T22
G0177,P0081,points,18,T22
G0177,P0081,rebounds,2,T22
G0177,P0081,assists,6,T22
G0177,P0235,points,8,T02
G0177,P0235,rebounds,11,T02
G0177,P0235,assists,4,T02
G0177,P0316,points,39,T02
G0177,P0316,rebounds,7,T02
G0177,P0316,assists,5,T02
G0177,P0052,points,40,T02
G0177,P0052,rebounds,10,T02
G0177,P0052,assists,2,T02
G0177,P0079,points,19,T02
G0177,P0079,rebounds,5,T02
G0177,P0079,assists,11,T02
G0177,P0343,points,23,T02
G0177,P0343,rebounds,15,T02
G0177,P0343,assists,15,T02
G0177,P0183,points,29,T02
G0177,P0183,rebounds,7,T02
G0177,P0183,assists,3,T02
G0177,P0147,points,21,T02
G0177,P0147,rebounds,9,T02
G0177,P0147,assists,5,T02
G0177,P0308,points,33,T02
G0177,P0308,rebounds,19,T02
G0177,P0308,assists,6,T02
G0177,P0290,points,27,T02
G0177,P0290,rebounds,20,T02
G0177,P0290,assists,0,T02
G0177,P0279,points,14,T02
G0177,P0279,rebounds,15,T02
G0177,P0279,assists,7,T02
G0178,P0168,points,1,T05
G0178,P0168,rebounds,8,T05
G0178,P0168,assists,1,T05
G0178,P0196,points,24,T05
G0178,P0196,rebounds,0,T05
G0178,P0196,assists,0,T05
G0178,P0027,points,16,T05
G0178,P0027,rebounds,14,T05
G0178,P0027,assists,1,T05
G0178,P0326,points,20,T05
G0178,P0326,rebounds,17,T05
G0178,P0326,assists,10,T05
G0178,P0065,points,30,T05
G0178,P0065,rebounds,6,T05
G0178,P0065,assists,15,T05
G0178,P0180,points,5,T05
G0178,P0180,rebounds,12,T05
G0178,P0180,assists,6,T05
G0178,P0060,points,1,T05
G0178,P0060,rebounds,19,T05
G0178,P0060,assists,11,T05
G0178,P0062,points,9,T05
G0178,P0062,rebounds,1,T05
G0178,P0062,assists,10,T05
G0178,P0352,points,22,T05
G0178,P0352,rebounds,1,T05
G0178,P0352,assists,15,T05
G0178,P0239,points,29,T05
G0178,P0239,rebounds,9,T05
G0178,P0239,assists,3,T05
G0178,P0292,points,11,T07
G0178,P0292,rebounds,9,T07
G0178,P0292,assists,0,T07
G0178,P0150,points,15,T07
G0178,P0150,rebounds,4,T07
G0178,P0150,assists,1,T07
G0178,P0200,points,5,T07
G0178,P0200,rebounds,7,T07
G0178,P0200,assists,6,T07
G0178,P0359,points,14,T07
G0178,P0359,rebounds,14,T07
G0178,P0359,assists,8,T07
G0178,P0360,points,7,T07
G0178,P0360,rebounds,20,T07
G0178,P0360,assists,11,T07
G0178,P0110,points,19,T07
G0178,P0110,rebounds,1,T07
G0178,P0110,assists,14,T07
G0178,P0406,points,30,T07
G0178,P0406,rebounds,9,T07
G0178,P0406,assists,2,T07
G0178,P0145,points,4,T07
G0178,P0145,rebounds,6,T07
G0178,P0145,assists,3,T07
G0178,P0061,points,8,T07
G0178,P0061,rebounds,8,T07
G0178,P0061,assists,0,T07
G0178,P0401,points,13,T07
G0178,P0401,rebounds,18,T07
G0178,P0401,assists,13,T07
G0179,P0240,points,25,T28
G0179,P0240,rebounds,2,T28
G0179,P0240,assists,9,T28
G0179,P0410,points,16,T28
G0179,P0410,rebounds,15,T28
G0179,P0410,assists,15,T28
G0179,P0004,points,9,T28
G0179,P0004,rebounds,15,T28
G0179,P0004,assists,2,T28
G0179,P0205,points,40,T28
G0179,P0205,rebounds,10,T28
G0179,P0205,assists,11,T28
G0179,P0089,points,31,T28
G0179,P0089,rebounds,12,T28
G0179,P0089,assists,6,T28
G0179,P0258,points,30,T28
G0179,P0258,rebounds,10,T28
G0179,P0258,assists,10,T28
G0179,P0393,points,25,T28
G0179,P0393,rebounds,9,T28
G0179,P0393,assists,1,T28
G0179,P0167,points,11,T28
G0179,P0167,rebounds,19,T28
G0179,P0167,assists,8,T28
G0179,P0280,points,26,T28
G0179,P0280,rebounds,5,T28
G0179,P0280,assists,11,T28
G0179,P0162,points,19,T28
G0179,P0162,rebounds,4,T28
G0179,P0162,assists,2,T28
G0179,P0011,points,16,T09
G0179,P0011,rebounds,11,T09
G0179,P0011,assists,4,T09
G0179,P0402,points,10,T09
G0179,P0402,rebounds,5,T09
G0179,P0402,assists,4,T09
G0179,P0168,points,30,T09
G0179,P0168,rebounds,10,T09
G0179,P0168,assists,7,T09
G0179,P0418,points,6,T09
G0179,P0418,rebounds,11,T09
G0179,P0418,assists,15,T09
G0179,P0172,points,30,T09
G0179,P0172,rebounds,9,T09
G0179,P0172,assists,4,T09
G0179,P0376,points,14,T09
G0179,P0376,rebounds,0,T09
G0179,P0376,assists,0,T09
G0179,P0048,points,31,T09
G0179,P0048,rebounds,17,T09
G0179,P0048,assists,15,T09
G0179,P0109,points,25,T09
G0179,P0109,rebounds,19,T09
G0179,P0109,assists,6,T09
G0179,P0279,points,10,T09
G0179,P0279,rebounds,5,T09
G0179,P0279,assists,3,T09
G0179,P0066,points,30,T09
G0179,P0066,rebounds,0,T09
G0179,P0066,assists,15,T09
G0180,P0157,points,38,T16
G0180,P0157,rebounds,1,T16
G0180,P0157,assists,10,T16
G0180,P0180,points,32,T16
G0180,P0180,rebounds,16,T16
G0180,P0180,assists,9,T16
G0180,P0046,points,31,T16
G0180,P0046,rebounds,19,T16
G0180,P0046,assists,12,T16
G0180,P0290,points,4,T16
G0180,P0290,rebounds,5,T16
G0180,P0290,assists,4,T16
G0180,P0056,points,14,T16
G0180,P0056,rebounds,7,T16
G0180,P0056,assists,3,T16
G0180,P0319,points,28,T16
G0180,P0319,rebounds,2,T16
G0180,P0319,assists,12,T16
G0180,P0047,points,27,T16
G0180,P0047,rebounds,20,T16
G0180,P0047,assists,0,T16
G0180,P0003,points,12,T16
G0180,P0003,rebounds,18,T16
G0180,P0003,assists,7,T16
G0180,P0313,points,22,T16
G0180,P0313,rebounds,0,T16
G0180,P0313,assists,12,T16
G0180,P0334,points,10,T16
G0180,P0334,rebounds,20,T16
G0180,P0334,assists,5,T16
G0180,P0365,points,7,T09
G0180,P0365,rebounds,12,T09
G0180,P0365,assists,7,T09
G0180,P0137,points,19,T09
G0180,P0137,rebounds,19,T09
G0180,P0137,assists,5,T09
G0180,P0286,points,16,T09
G0180,P0286,rebounds,13,T09
G0180,P0286,assists,2,T09
G0180,P0004,points,33,T09
G0180,P0004,rebounds,4,T09
G0180,P0004,assists,3,T09
G0180,P0032,points,0,T09
G0180,P0032,rebounds,7,T09
G0180,P0032,assists,9,T09
G0180,P0140,points,28,T09
G0180,P0140,rebounds,18,T09
G0180,P0140,assists,12,T09
G0180,P0403,points,13,T09
G0180,P0403,rebounds,17,T09
G0180,P0403,assists,3,T09
G0180,P0161,points,8,T09
G0180,P0161,rebounds,7,T09
G0180,P0161,assists,8,T09
G0180,P0412,points,8,T09
G0180,P0412,rebounds,18,T09
G0180,P0412,assists,4,T09
G0180,P0022,points,16,T09
G0180,P0022,rebounds,12,T09
G0180,P0022,assists,6,T09
G0181,P0165,points,40,T29
G0181,P0165,rebounds,19,T29
G0181,P0165,assists,8,T29
G0181,P0166,points,38,T29
G0181,P0166,rebounds,4,T29
G0181,P0166,assists,15,T29
G0181,P0181,points,18,T29
G0181,P0181,rebounds,10,T29
G0181,P0181,assists,0,T29
G0181,P0356,points,7,T29
G0181,P0356,rebounds,4,T29
G0181,P0356,assists,7,T29
G0181,P0294,points,7,T29
G0181,P0294,rebounds,2,T29
G0181,P0294,assists,9,T29
G0181,P0304,points,35,T29
G0181,P0304,rebounds,1,T29
G0181,P0304,assists,8,T29
G0181,P0047,points,39,T29
G0181,P0047,rebounds,8,T29
G0181,P0047,assists,2,T29
G0181,P0064,points,3,T29
G0181,P0064,rebounds,19,T29
G0181,P0064,assists,6,T29
G0181,P0092,points,4,T29
G0181,P0092,rebounds,18,T29
G0181,P0092,assists,12,T29
G0181,P0406,points,28,T29
G0181,P0406,rebounds,1,T29
G0181,P0406,assists,1,T29
G0181,P0026,points,8,T30
G0181,P0026,rebounds,3,T30
G0181,P0026,assists,8,T30
G0181,P0301,points,16,T30
G0181,P0301,rebounds,16,T30
G0181,P0301,assists,1,T30
G0181,P0104,points,29,T30
G0181,P0104,rebounds,19,T30
G0181,P0104,assists,2,T30
G0181,P0296,points,26,T30
G0181,P0296,rebounds,10,T30
G0181,P0296,assists,1,T30
G0181,P0042,points,12,T30
G0181,P0042,rebounds,16,T30
G0181,P0042,assists,13,T30
G0181,P0386,points,15,T30
G0181,P0386,rebounds,2,T30
G0181,P0386,assists,3,T30
G0181,P0315,points,34,T30
G0181,P0315,rebounds,11,T30
G0181,P0315,assists,6,T30
G0181,P0261,points,0,T30
G0181,P0261,rebounds,16,T30
G0181,P0261,assists,7,T30
G0181,P0359,points,22,T30
G0181,P0359,rebounds,17,T30
G0181,P0359,assists,8,T30
G0181,P0385,points,38,T30
G0181,P0385,rebounds,11,T30
G0181,P0385,assists,5,T30
G0182,P0380,points,21,T05
G0182,P0380,rebounds,1,T05
G0182,P0380,assists,14,T05
G0182,P0234,points,24,T05
G0182,P0234,rebounds,0,T05
G0182,P0234,assists,9,T05
G0182,P0240,points,17,T05
G0182,P0240,rebounds,0,T05
G0182,P0240,assists,15,T05
G0182,P0094,points,15,T05
G0182,P0094,rebounds,0,T05
G0182,P0094,assists,9,T05
G0182,P0279,points,15,T05
G0182,P0279,rebounds,13,T05
G0182,P0279,assists,2,T05
G0182,P0315,points,33,T05
G0182,P0315,rebounds,8,T05
G0182,P0315,assists,6,T05
G0182,P0044,points,32,T05
G0182,P0044,rebounds,11,T05
G0182,P0044,assists,0,T05
G0182,P0382,points,23,T05
G0182,P0382,rebounds,13,T05
G0182,P0382,assists,4,T05
G0182,P0265,points,7,T05
G0182,P0265,rebounds,1,T05
G0182,P0265,assists,13,T05
G0182,P0107,points,0,T05
G0182,P0107,rebounds,12,T05
G0182,P0107,assists,13,T05
G0182,P0053,points,14,T24
G0182,P0053,rebounds,4,T24
G0182,P0053,assists,11,T24
G0182,P0320,points,25,T24
G0182,P0320,rebounds,0,T24
G0182,P0320,assists,9,T24
G0182,P0139,points,0,T24
G0182,P0139,rebounds,8,T24
G0182,P0139,assists,4,T24
G0182,P0307,points,34,T24
G0182,P0307,rebounds,20,T24
G0182,P0307,assists,11,T24
G0182,P0039,points,30,T24
G0182,P0039,rebounds,0,T24
G0182,P0039,assists,1,T24
G0182,P0181,points,31,T24
G0182,P0181,rebounds,8,T24
G0182,P0181,assists,8,T24
G0182,P0060,points,28,T24
G0182,P0060,rebounds,7,T24
G0182,P0060,assists,10,T24
G0182,P0414,points,29,T24
G0182,P0414,rebounds,5,T24
G0182,P0414,assists,10,T24
G0182,P0057,points,6,T24
G0182,P0057,rebounds,6,T24
G0182,P0057,assists,12,T24
G0182,P0118,points,40,T24
G0182,P0118,rebounds,1,T24
G0182,P0118,assists,10,T24
G0183,P0029,points,0,T15
G0183,P0029,rebounds,3,T15
G0183,P0029,assists,2,T15
G0183,P0065,points,13,T15
G0183,P0065,rebounds,2,T15
G0183,P0065,assists,2,T15
G0183,P0325,points,34,T15
G0183,P0325,rebounds,9,T15
G0183,P0325,assists,5,T15
G0183,P0012,points,17,T15
G0183,P0012,rebounds,20,T15
G0183,P0012,assists,7,T15
G0183,P0250,points,19,T15
G0183,P0250,rebounds,19,T15
G0183,P0250,assists,0,T15
G0183,P0187,points,19,T15
G0183,P0187,rebounds,15,T15
G0183,P0187,assists,8,T15
G0183,P0265,points,35,T15
G0183,P0265,rebounds,18,T15
G0183,P0265,assists,5,T15
G0183,P0235,points,33,T15
G0183,P0235,rebounds,5,T15
G0183,P0235,assists,3,T15
G0183,P0307,points,40,T15
G0183,P0307,rebounds,0,T15
G0183,P0307,assists,5,T15
G0183,P0117,points,25,T15
G0183,P0117,rebounds,8,T15
G0183,P0117,assists,13,T15
G0183,P0087,points,10,T10
G0183,P0087,rebounds,11,T10
G0183,P0087,assists,2,T10
G0183,P0318,points,8,T10
G0183,P0318,rebounds,3,T10
G0183,P0318,assists,11,T10
G0183,P0037,points,8,T10
G0183,P0037,rebounds,14,T10
G0183,P0037,assists,5,T10
G0183,P0338,points,23,T10
G0183,P0338,rebounds,18,T10
G0183,P0338,assists,13,T10
G0183,P0322,points,0,T10
G0183,P0322,rebounds,16,T10
G0183,P0322,assists,15,T10
G0183,P0043,points,27,T10
G0183,P0043,rebounds,3,T10
G0183,P0043,assists,10,T10
G0183,P0017,points,26,T10
G0183,P0017,rebounds,13,T10
G0183,P0017,assists,6,T10
G0183,P0410,points,21,T10
G0183,P0410,rebounds,13,T10
G0183,P0410,assists,7,T10
G0183,P0386,points,31,T10
G0183,P0386,rebounds,14,T10
G0183,P0386,assists,4,T10
G0183,P0372,points,25,T10
G0183,P0372,rebounds,15,T10
G0183,P0372,assists,7,T10
G0184,P0150,points,22,T21
G0184,P0150,rebounds,2,T21
G0184,P0150,assists,3,T21
G0184,P0269,points,18,T21
G0184,P0269,rebounds,5,T21
G0184,P0269,assists,11,T21
G0184,P0053,points,15,T21
G0184,P0053,rebounds,17,T21
G0184,P0053,assists,4,T21
G0184,P0291,points,20,T21
G0184,P0291,rebounds,15,T21
G0184,P0291,assists,3,T21
G0184,P0144,points,31,T21
G0184,P0144,rebounds,12,T21
G0184,P0144,assists,10,T21
G0184,P0419,points,18,T21
G0184,P0419,rebounds,19,T21
G0184,P0419,assists,12,T21
G0184,P0277,points,7,T21
G0184,P0277,rebounds,11,T21
G0184,P0277,assists,14,T21
G0184,P0372,points,11,T21
G0184,P0372,rebounds,11,T21
G0184,P0372,assists,12,T21
G0184,P0160,points,11,T21
G0184,P0160,rebounds,10,T21
G0184,P0160,assists,8,T21
G0184,P0294,points,7,T21
G0184,P0294,rebounds,3,T21
G0184,P0294,assists,9,T21
G0184,P0201,points,7,T30
G0184,P0201,rebounds,19,T30
G0184,P0201,assists,8,T30
G0184,P0027,points,28,T30
G0184,P0027,rebounds,8,T30
G0184,P0027,assists,4,T30
G0184,P0023,points,19,T30
G0184,P0023,rebounds,14,T30
G0184,P0023,assists,6,T30
G0184,P0407,points,11,T30
G0184,P0407,rebounds,3,T30
G0184,P0407,assists,8,T30
G0184,P0180,points,27,T30
G0184,P0180,rebounds,11,T30
G0184,P0180,assists,4,T30
G0184,P0182,points,10,T30
G0184,P0182,rebounds,7,T30
G0184,P0182,assists,5,T30
G0184,P0305,points,8,T30
G0184,P0305,rebounds,19,T30
G0184,P0305,assists,5,T30
G0184,P0218,points,10,T30
G0184,P0218,rebounds,12,T30
G0184,P0218,assists,12,T30
G0184,P0263,points,19,T30
G0184,P0263,rebounds,14,T30
G0184,P0263,assists,1,T30
G0184,P0166,points,21,T30
G0184,P0166,rebounds,1,T30
G0184,P0166,assists,2,T30
G0185,P0369,points,11,T15
G0185,P0369,rebounds,20,T15
G0185,P0369,assists,11,T15
G0185,P0321,points,22,T15
G0185,P0321,rebounds,18,T15
G0185,P0321,assists,12,T15
G0185,P0016,points,26,T15
G0185,P0016,rebounds,6,T15
G0185,P0016,assists,15,T15
G0185,P0245,points,29,T15
G0185,P0245,rebounds,19,T15
G0185,P0245,assists,15,T15
G0185,P0407,points,22,T15
G0185,P0407,rebounds,7,T15
G0185,P0407,assists,15,T15
G0185,P0160,points,40,T15
G0185,P0160,rebounds,2,T15
G0185,P0160,assists,10,T15
G0185,P0085,points,24,T15
G0185,P0085,rebounds,15,T15
G0185,P0085,assists,15,T15
G0185,P0162,points,10,T15
G0185,P0162,rebounds,20,T15
G0185,P0162,assists,10,T15
G0185,P0244,points,3,T15
G0185,P0244,rebounds,10,T15
G0185,P0244,assists,2,T15
G0185,P0075,points,39,T15
G0185,P0075,rebounds,16,T15
G0185,P0075,assists,14,T15
G0185,P0241,points,24,T16
G0185,P0241,rebounds,8,T16
G0185,P0241,assists,6,T16
G0185,P0259,points,38,T16
G0185,P0259,rebounds,3,T16
G0185,P0259,assists,14,T16
G0185,P0084,points,17,T16
G0185,P0084,rebounds,12,T16
G0185,P0084,assists,10,T16
G0185,P0386,points,3,T16
G0185,P0386,rebounds,3,T16
G0185,P0386,assists,2,T16
G0185,P0344,points,31,T16
G0185,P0344,rebounds,1,T16
G0185,P0344,assists,9,T16
G0185,P0250,points,4,T16
G0185,P0250,rebounds,16,T16
G0185,P0250,assists,15,T16
G0185,P0411,points,16,T16
G0185,P0411,rebounds,4,T16
G0185,P0411,assists,7,T16
G0185,P0098,points,28,T16
G0185,P0098,rebounds,15,T16
G0185,P0098,assists,10,T16
G0185,P0096,points,23,T16
G0185,P0096,rebounds,13,T16
G0185,P0096,assists,3,T16
G0185,P0232,points,8,T16
G0185,P0232,rebounds,19,T16
G0185,P0232,assists,9,T16
G0186,P0288,points,39,T14
G0186,P0288,rebounds,1,T14
G0186,P0288,assists,14,T14
G0186,P0193,points,23,T14
G0186,P0193,rebounds,2,T14
G0186,P0193,assists,8,T14
G0186,P0189,points,1,T14
G0186,P0189,rebounds,1,T14
G0186,P0189,assists,8,T14
G0186,P0037,points,33,T14
G0186,P0037,rebounds,2,T14
G0186,P0037,assists,4,T14
G0186,P0303,points,16,T14
G0186,P0303,rebounds,11,T14
G0186,P0303,assists,0,T14
G0186,P0354,points,26,T14
G0186,P0354,rebounds,10,T14
G0186,P0354,assists,15,T14
G0186,P0237,points,12,T14
G0186,P0237,rebounds,10,T14
G0186,P0237,assists,1,T14
G0186,P0031,points,37,T14
G0186,P0031,rebounds,17,T14
G0186,P0031,assists,5,T14
G0186,P0078,points,18,T14
G0186,P0078,rebounds,18,T14
G0186,P0078,assists,4,T14
G0186,P0258,points,9,T14
G0186,P0258,rebounds,5,T14
G0186,P0258,assists,11,T14
G0186,P0150,points,8,T16
G0186,P0150,rebounds,1,T16
G0186,P0150,assists,2,T16
G0186,P0388,points,40,T16
G0186,P0388,rebounds,18,T16
G0186,P0388,assists,15,T16
G0186,P0386,points,11,T16
G0186,P0386,rebounds,9,T16
G0186,P0386,assists,7,T16
G0186,P0073,points,21,T16
G0186,P0073,rebounds,0,T16
G0186,P0073,assists,9,T16
G0186,P0369,points,1,T16
G0186,P0369,rebounds,5,T16
G0186,P0369,assists,4,T16
G0186,P0343,points,27,T16
G0186,P0343,rebounds,18,T16
G0186,P0343,assists,11,T16
G0186,P0168,points,17,T16
G0186,P0168,rebounds,11,T16
G0186,P0168,assists,8,T16
G0186,P0128,points,6,T16
G0186,P0128,rebounds,20,T16
G0186,P0128,assists,14,T16
G0186,P0133,points,9,T16
G0186,P0133,rebounds,2,T16
G0186,P0133,assists,2,T16
G0186,P0217,points,25,T16
G0186,P0217,rebounds,0,T16
G0186,P0217,assists,1,T16
G0187,P0152,points,10,T05
G0187,P0152,rebounds,15,T05
G0187,P0152,assists,11,T05
G0187,P0009,points,2,T05
G0187,P0009,rebounds,1,T05
G0187,P0009,assists,8,T05
G0187,P0072,points,24,T05
G0187,P0072,rebounds,3,T05
G0187,P0072,assists,2,T05
G0187,P0029,points,27,T05
G0187,P0029,rebounds,9,T05
G0187,P0029,assists,1,T05
G0187,P0267,points,24,T05
G0187,P0267,rebounds,1,T05
G0187,P0267,assists,3,T05
G0187,P0061,points,29,T05
G0187,P0061,rebounds,4,T05
G0187,P0061,assists,1,T05
G0187,P0268,points,39,T05
G0187,P0268,rebounds,4,T05
G0187,P0268,assists,8,T05
G0187,P0220,points,33,T05
G0187,P0220,rebounds,20,T05
G0187,P0220,assists,12,T05
G0187,P0119,points,13,T05
G0187,P0119,rebounds,17,T05
G0187,P0119,assists,0,T05
G0187,P0293,points,13,T05
G0187,P0293,rebounds,4,T05
G0187,P0293,assists,8,T05
G0187,P0412,points,36,T14
G0187,P0412,rebounds,16,T14
G0187,P0412,assists,15,T14
G0187,P0105,points,5,T14
G0187,P0105,rebounds,15,T14
G0187,P0105,assists,11,T14
G0187,P0341,points,18,T14
G0187,P0341,rebounds,2,T14
G0187,P0341,assists,1,T14
G0187,P0273,points,37,T14
G0187,P0273,rebounds,6,T14
G0187,P0273,assists,10,T14
G0187,P0284,points,38,T14
G0187,P0284,rebounds,10,T14
G0187,P0284,assists,3,T14
G0187,P0342,points,19,T14
G0187,P0342,rebounds,4,T14
G0187,P0342,assists,2,T14
G0187,P0233,points,33,T14
G0187,P0233,rebounds,7,T14
G0187,P0233,assists,10,T14
G0187,P0188,points,29,T14
G0187,P0188,rebounds,11,T14
G0187,P0188,assists,8,T14
G0187,P0137,points,7,T14
G0187,P0137,rebounds,11,T14
G0187,P0137,assists,12,T14
G0187,P0258,points,8,T14
G0187,P0258,rebounds,4,T14
G0187,P0258,assists,11,T14
G0188,P0222,points,16,T12
G0188,P0222,rebounds,19,T12
G0188,P0222,assists,14,T12
G0188,P0212,points,30,T12
G0188,P0212,rebounds,15,T12
G0188,P0212,assists,12,T12
G0188,P0185,points,6,T12
G0188,P0185,rebounds,14,T12
G0188,P0185,assists,15,T12
G0188,P0404,points,9,T12
G0188,P0404,rebounds,0,T12
G0188,P0404,assists,5,T12
G0188,P0237,points,11,T12
G0188,P0237,rebounds,19,T12
G0188,P0237,assists,7,T12
G0188,P0076,points,27,T12
G0188,P0076,rebounds,20,T12
G0188,P0076,assists,12,T12
G0188,P0343,points,30,T12
G0188,P0343,rebounds,20,T12
G0188,P0343,assists,11,T12
G0188,P0162,points,9,T12
G0188,P0162,rebounds,15,T12
G0188,P0162,assists,5,T12
G0188,P0065,points,13,T12
G0188,P0065,rebounds,13,T12
G0188,P0065,assists,5,T12
G0188,P0393,points,0,T12
G0188,P0393,rebounds,20,T12
G0188,P0393,assists,9,T12
G0188,P0119,points,27,T05
G0188,P0119,rebounds,16,T05
G0188,P0119,assists,10,T05
G0188,P0005,points,25,T05
G0188,P0005,rebounds,16,T05
G0188,P0005,assists,4,T05
G0188,P0097,points,33,T05
G0188,P0097,rebounds,15,T05
G0188,P0097,assists,2,T05
G0188,P0062,points,5,T05
G0188,P0062,rebounds,18,T05
G0188,P0062,assists,14,T05
G0188,P0292,points,40,T05
G0188,P0292,rebounds,2,T05
G0188,P0292,assists,14,T05
G0188,P0058,points,35,T05
G0188,P0058,rebounds,16,T05
G0188,P0058,assists,7,T05
G0188,P0182,points,20,T05
G0188,P0182,rebounds,9,T05
G0188,P0182,assists,0,T05
G0188,P0021,points,20,T05
G0188,P0021,rebounds,4,T05
G0188,P0021,assists,3,T05
G0188,P0175,points,2,T05
G0188,P0175,rebounds,9,T05
G0188,P0175,assists,0,T05
G0188,P0261,points,34,T05
G0188,P0261,rebounds,18,T05
G0188,P0261,assists,12,T05
G0189,P0343,points,9,T08
G0189,P0343,rebounds,20,T08
G0189,P0343,assists,8,T08
G0189,P0033,points,38,T08
G0189,P0033,rebounds,11,T08
G0189,P0033,assists,8,T08
G0189,P0179,points,3,T08
G0189,P0179,rebounds,8,T08
G0189,P0179,assists,8,T08
G0189,P0209,points,4,T08
G0189,P0209,rebounds,3,T08
G0189,P0209,assists,9,T08
G0189,P0068,points,10,T08
G0189,P0068,rebounds,14,T08
G0189,P0068,assists,7,T08
G0189,P0279,points,16,T08
G0189,P0279,rebounds,2,T08
G0189,P0279,assists,6,T08
G0189,P0183,points,22,T08
G0189,P0183,rebounds,12,T08
G0189,P0183,assists,4,T08
G0189,P0357,points,1,T08
G0189,P0357,rebounds,19,T08
G0189,P0357,assists,15,T08
G0189,P0124,points,37,T08
G0189,P0124,rebounds,6,T08
G0189,P0124,assists,9,T08
G0189,P0009,points,5,T08
G0189,P0009,rebounds,19,T08
G0189,P0009,assists,0,T08
G0189,P0032,points,19,T29
G0189,P0032,rebounds,17,T29
G0189,P0032,assists,11,T29
G0189,P0313,points,35,T29
G0189,P0313,rebounds,10,T29
G0189,P0313,assists,1,T29
G0189,P0245,points,0,T29
G0189,P0245,rebounds,3,T29
G0189,P0245,assists,0,T29
G0189,P0169,points,18,T29
G0189,P0169,rebounds,1,T29
G0189,P0169,assists,2,T29
G0189,P0348,points,17,T29
G0189,P0348,rebounds,15,T29
G0189,P0348,assists,10,T29
G0189,P0222,points,2,T29
G0189,P0222,rebounds,18,T29
G0189,P0222,assists,8,T29
G0189,P0110,points,14,T29
G0189,P0110,rebounds,8,T29
G0189,P0110,assists,13,T29
G0189,P0360,points,19,T29
G0189,P0360,rebounds,5,T29
G0189,P0360,assists,6,T29
G0189,P0311,points,2,T29
G0189,P0311,rebounds,3,T29
G0189,P0311,assists,5,T29
G0189,P0113,points,9,T29
G0189,P0113,rebounds,7,T29
G0189,P0113,assists,1,T29
G0190,P0251,points,2,T10
G0190,P0251,rebounds,15,T10
G0190,P0251,assists,13,T10
G0190,P0090,points,40,T10
G0190,P0090,rebounds,0,T10
G0190,P0090,assists,7,T10
G0190,P0117,points,1,T10
G0190,P0117,rebounds,7,T10
G0190,P0117,assists,4,T10
G0190,P0048,points,24,T10
G0190,P0048,rebounds,19,T10
G0190,P0048,assists,12,T10
G0190,P0405,points,2,T10
G0190,P0405,rebounds,5,T10
G0190,P0405,assists,4,T10
G0190,P0129,points,10,T10
G0190,P0129,rebounds,7,T10
G0190,P0129,assists,9,T10
G0190,P0135,points,30,T10
G0190,P0135,rebounds,19,T10
G0190,P0135,assists,11,T10
G0190,P0054,points,12,T10
G0190,P0054,rebounds,3,T10
G0190,P0054,assists,6,T10
G0190,P0209,points,32,T10
G0190,P0209,rebounds,20,T10
G0190,P0209,assists,6,T10
G0190,P0003,points,7,T10
G0190,P0003,rebounds,0,T10
G0190,P0003,assists,1,T10
G0190,P0210,points,26,T01
G0190,P0210,rebounds,12,T01
G0190,P0210,assists,10,T01
G0190,P0286,points,0,T01
G0190,P0286,rebounds,9,T01
G0190,P0286,assists,2,T01
G0190,P0184,points,13,T01
G0190,P0184,rebounds,13,T01
G0190,P0184,assists,4,T01
G0190,P0334,points,27,T01
G0190,P0334,rebounds,6,T01
G0190,P0334,assists,8,T01
G0190,P0030,points,18,T01
G0190,P0030,rebounds,8,T01
G0190,P0030,assists,2,T01
G0190,P0336,points,23,T01
G0190,P0336,rebounds,20,T01
G0190,P0336,assists,10,T01
G0190,P0277,points,30,T01
G0190,P0277,rebounds,16,T01
G0190,P0277,assists,0,T01
G0190,P0001,points,32,T01
G0190,P0001,rebounds,5,T01
G0190,P0001,assists,10,T01
G0190,P0170,points,40,T01
G0190,P0170,rebounds,18,T01
G0190,P0170,assists,6,T01
G0190,P0358,points,34,T01
G0190,P0358,rebounds,12,T01
G0190,P0358,assists,2,T01
G0191,P0160,points,16,T21
G0191,P0160,rebounds,1,T21
G0191,P0160,assists,13,T21
G0191,P0395,points,15,T21
G0191,P0395,rebounds,11,T21
G0191,P0395,assists,11,T21
G0191,P0254,points,3,T21
G0191,P0254,rebounds,15,T21
G0191,P0254,assists,5,T21
G0191,P0377,points,22,T21
G0191,P0377,rebounds,9,T21
G0191,P0377,assists,12,T21
G0191,P0378,points,7,T21
G0191,P0378,rebounds,2,T21
G0191,P0378,assists,6,T21
G0191,P0099,points,4,T21
G0191,P0099,rebounds,5,T21
G0191,P0099,assists,10,T21
G0191,P0134,points,33,T21
G0191,P0134,rebounds,14,T21
G0191,P0134,assists,5,T21
G0191,P0009,points,33,T21
G0191,P0009,rebounds,8,T21
G0191,P0009,assists,2,T21
G0191,P0370,points,31,T21
G0191,P0370,rebounds,10,T21
G0191,P0370,assists,5,T21
G0191,P0337,points,27,T21
G0191,P0337,rebounds,15,T21
G0191,P0337,assists,3,T21
G0191,P0122,points,4,T06
G0191,P0122,rebounds,10,T06
G0191,P0122,assists,0,T06
G0191,P0203,points,26,T06
G0191,P0203,rebounds,9,T06
G0191,P0203,assists,3,T06
G0191,P0010,points,24,T06
G0191,P0010,rebounds,7,T06
G0191,P0010,assists,6,T06
G0191,P0362,points,8,T06
G0191,P0362,rebounds,14,T06
G0191,P0362,assists,14,T06
G0191,P0389,points,25,T06
G0191,P0389,rebounds,4,T06
G0191,P0389,assists,13,T06
G0191,P0208,points,4,T06
G0191,P0208,rebounds,6,T06
G0191,P0208,assists,0,T06
G0191,P0305,points,34,T06
G0191,P0305,rebounds,0,T06
G0191,P0305,assists,8,T06
G0191,P0393,points,7,T06
G0191,P0393,rebounds,4,T06
G0191,P0393,assists,9,T06
G0191,P0101,points,32,T06
G0191,P0101,rebounds,0,T06
G0191,P0101,assists,2,T06
G0191,P0017,points,11,T06
G0191,P0017,rebounds,19,T06
G0191,P0017,assists,0,T06
G0192,P0288,points,24,T19
G0192,P0288,rebounds,8,T19
G0192,P0288,assists,1,T19
G0192,P0024,points,36,T19
G0192,P0024,rebounds,15,T19
G0192,P0024,assists,13,T19
G0192,P0225,points,38,T19
G0192,P0225,rebounds,19,T19
G0192,P0225,assists,11,T19
G0192,P0074,points,21,T19
G0192,P0074,rebounds,14,T19
G0192,P0074,assists,7,T19
G0192,P0253,points,7,T19
G0192,P0253,rebounds,8,T19
G0192,P0253,assists,7,T19
G0192,P0021,points,1,T19
G0192,P0021,rebounds,17,T19
G0192,P0021,assists,14,T19
G0192,P0417,points,17,T19
G0192,P0417,rebounds,10,T19
G0192,P0417,assists,13,T19
G0192,P0167,points,18,T19
G0192,P0167,rebounds,14,T19
G0192,P0167,assists,8,T19
G0192,P0308,points,11,T19
G0192,P0308,rebounds,16,T19
G0192,P0308,assists,3,T19
G0192,P0135,points,9,T19
G0192,P0135,rebounds,14,T19
G0192,P0135,assists,11,T19
G0192,P0415,points,39,T07
G0192,P0415,rebounds,14,T07
G0192,P0415,assists,0,T07
G0192,P0265,points,34,T07
G0192,P0265,rebounds,8,T07
G0192,P0265,assists,0,T07
G0192,P0160,points,23,T07
G0192,P0160,rebounds,3,T07
G0192,P0160,assists,6,T07
G0192,P0129,points,19,T07
G0192,P0129,rebounds,1,T07
G0192,P0129,assists,13,T07
G0192,P0274,points,20,T07
G0192,P0274,rebounds,20,T07
G0192,P0274,assists,7,T07
G0192,P0136,points,24,T07
G0192,P0136,rebounds,17,T07
G0192,P0136,assists,3,T07
G0192,P0319,points,37,T07
G0192,P0319,rebounds,3,T07
G0192,P0319,assists,15,T07
G0192,P0283,points,26,T07
G0192,P0283,rebounds,10,T07
G0192,P0283,assists,3,T07
G0192,P0328,points,23,T07
G0192,P0328,rebounds,11,T07
G0192,P0328,assists,15,T07
G0192,P0182,points,34,T07
G0192,P0182,rebounds,10,T07
G0192,P0182,assists,6,T07
G0193,P0006,points,12,T19
G0193,P0006,rebounds,16,T19
G0193,P0006,assists,5,T19
G0193,P0312,points,6,T19
G0193,P0312,rebounds,1,T19
G0193,P0312,assists,14,T19
G0193,P0255,points,33,T19
G0193,P0255,rebounds,0,T19
G0193,P0255,assists,14,T19
G0193,P0106,points,33,T19
G0193,P0106,rebounds,7,T19
G0193,P0106,assists,10,T19
G0193,P0172,points,10,T19
G0193,P0172,rebounds,5,T19
G0193,P0172,assists,11,T19
G0193,P0152,points,8,T19
G0193,P0152,rebounds,7,T19
G0193,P0152,assists,5,T19
G0193,P0160,points,6,T19
G0193,P0160,rebounds,17,T19
G0193,P0160,assists,10,T19
G0193,P0015,points,35,T19
G0193,P0015,rebounds,11,T19
G0193,P0015,assists,2,T19
G0193,P0156,points,11,T19
G0193,P0156,rebounds,7,T19
G0193,P0156,assists,15,T19
G0193,P0292,points,9,T19
G0193,P0292,rebounds,14,T19
G0193,P0292,assists,1,T19
G0193,P0216,points,39,T09
G0193,P0216,rebounds,13,T09
G0193,P0216,assists,6,T09
G0193,P0046,points,14,T09
G0193,P0046,rebounds,7,T09
G0193,P0046,assists,3,T09
G0193,P0212,points,24,T09
G0193,P0212,rebounds,18,T09
G0193,P0212,assists,3,T09
G0193,P0144,points,30,T09
G0193,P0144,rebounds,11,T09
G0193,P0144,assists,12,T09
G0193,P0065,points,31,T09
G0193,P0065,rebounds,0,T09
G0193,P0065,assists,0,T09
G0193,P0124,points,37,T09
G0193,P0124,rebounds,3,T09
G0193,P0124,assists,9,T09
G0193,P0210,points,30,T09
G0193,P0210,rebounds,10,T09
G0193,P0210,assists,0,T09
G0193,P0246,points,0,T09
G0193,P0246,rebounds,14,T09
G0193,P0246,assists,14,T09
G0193,P0070,points,14,T09
G0193,P0070,rebounds,11,T09
G0193,P0070,assists,14,T09
G0193,P0253,points,33,T09
G0193,P0253,rebounds,11,T09
G0193,P0253,assists,10,T09
G0194,P0329,points,16,T11
G0194,P0329,rebounds,11,T11
G0194,P0329,assists,4,T11
G0194,P0085,points,16,T11
G0194,P0085,rebounds,7,T11
G0194,P0085,assists,1,T11
G0194,P0137,points,32,T11
G0194,P0137,rebounds,18,T11
G0194,P0137,assists,7,T11
G0194,P0396,points,8,T11
G0194,P0396,rebounds,13,T11
G0194,P0396,assists,8,T11
G0194,P0172,points,22,T11
G0194,P0172,rebounds,12,T11
G0194,P0172,assists,11,T11
G0194,P0145,points,1,T11
G0194,P0145,rebounds,2,T11
G0194,P0145,assists,1,T11
G0194,P0287,points,6,T11
G0194,P0287,rebounds,20,T11
G0194,P0287,assists,11,T11
G0194,P0095,points,27,T11
G0194,P0095,rebounds,14,T11
G0194,P0095,assists,0,T11
G0194,P0040,points,8,T11
G0194,P0040,rebounds,16,T11
G0194,P0040,assists,7,T11
G0194,P0384,points,20,T11
G0194,P0384,rebounds,15,T11
G0194,P0384,assists,1,T11
G0194,P0325,points,32,T04
G0194,P0325,rebounds,14,T04
G0194,P0325,assists,6,T04
G0194,P0226,points,20,T04
G0194,P0226,rebounds,1,T04
G0194,P0226,assists,3,T04
G0194,P0211,points,10,T04
G0194,P0211,rebounds,18,T04
G0194,P0211,assists,1,T04
G0194,P0348,points,11,T04
G0194,P0348,rebounds,2,T04
G0194,P0348,assists,4,T04
G0194,P0133,points,0,T04
G0194,P0133,rebounds,5,T04
G0194,P0133,assists,11,T04
G0194,P0245,points,31,T04
G0194,P0245,rebounds,7,T04
G0194,P0245,assists,11,T04
G0194,P0412,points,25,T04
G0194,P0412,rebounds,18,T04
G0194,P0412,assists,12,T04
G0194,P0156,points,9,T04
G0194,P0156,rebounds,12,T04
G0194,P0156,assists,12,T04
G0194,P0046,points,12,T04
G0194,P0046,rebounds,12,T04
G0194,P0046,assists,6,T04
G0194,P0358,points,12,T04
G0194,P0358,rebounds,4,T04
G0194,P0358,assists,0,T04
G0195,P0309,points,23,T29
G0195,P0309,rebounds,0,T29
G0195,P0309,assists,1,T29
G0195,P0100,points,15,T29
G0195,P0100,rebounds,13,T29
G0195,P0100,assists,9,T29
G0195,P0084,points,32,T29
G0195,P0084,rebounds,3,T29
G0195,P0084,assists,3,T29
G0195,P0338,points,21,T29
G0195,P0338,rebounds,18,T29
G0195,P0338,assists,11,T29
G0195,P0230,points,27,T29
G0195,P0230,rebounds,1,T29
G0195,P0230,assists,14,T29
G0195,P0008,points,40,T29
G0195,P0008,rebounds,12,T29
G0195,P0008,assists,5,T29
G0195,P0002,points,27,T29
G0195,P0002,rebounds,13,T29
G0195,P0002,assists,14,T29
G0195,P0270,points,4,T29
G0195,P0270,rebounds,10,T29
G0195,P0270,assists,11,T29
G0195,P0407,points,14,T29
G0195,P0407,rebounds,17,T29
G0195,P0407,assists,1,T29
G0195,P0263,points,4,T29
G0195,P0263,rebounds,16,T29
G0195,P0263,assists,2,T29
G0195,P0308,points,17,T01
G0195,P0308,rebounds,5,T01
G0195,P0308,assists,11,T01
G0195,P0104,points,0,T01
G0195,P0104,rebounds,7,T01
G0195,P0104,assists,15,T01
G0195,P0080,points,15,T01
G0195,P0080,rebounds,12,T01
G0195,P0080,assists,15,T01
G0195,P0142,points,24,T01
G0195,P0142,rebounds,15,T01
G0195,P0142,assists,15,T01
G0195,P0030,points,25,T01
G0195,P0030,rebounds,17,T01
G0195,P0030,assists,8,T01
G0195,P0196,points,33,T01
G0195,P0196,rebounds,13,T01
G0195,P0196,assists,5,T01
G0195,P0051,points,22,T01
G0195,P0051,rebounds,7,T01
G0195,P0051,assists,6,T01
G0195,P0089,points,11,T01
G0195,P0089,rebounds,10,T01
G0195,P0089,assists,5,T01
G0195,P0186,points,25,T01
G0195,P0186,rebounds,7,T01
G0195,P0186,assists,7,T01
G0195,P0057,points,5,T01
G0195,P0057,rebounds,8,T01
G0195,P0057,assists,5,T01
G0196,P0009,points,14,T03
G0196,P0009,rebounds,19,T03
G0196,P0009,assists,14,T03
G0196,P0069,points,4,T03
G0196,P0069,rebounds,20,T03
G0196,P0069,assists,10,T03
G0196,P0202,points,22,T03
G0196,P0202,rebounds,16,T03
G0196,P0202,assists,7,T03
G0196,P0150,points,10,T03
G0196,P0150,rebounds,11,T03
G0196,P0150,assists,11,T03
G0196,P0157,points,27,T03
G0196,P0157,rebounds,3,T03
G0196,P0157,assists,15,T03
G0196,P0129,points,11,T03
G0196,P0129,rebounds,17,T03
G0196,P0129,assists,4,T03
G0196,P0303,points,2,T03
G0196,P0303,rebounds,20,T03
G0196,P0303,assists,9,T03
G0196,P0185,points,8,T03
G0196,P0185,rebounds,0,T03
G0196,P0185,assists,2,T03
G0196,P0068,points,6,T03
G0196,P0068,rebounds,19,T03
G0196,P0068,assists,2,T03
G0196,P0395,points,6,T03
G0196,P0395,rebounds,17,T03
G0196,P0395,assists,14,T03
G0196,P0161,points,8,T21
G0196,P0161,rebounds,13,T21
G0196,P0161,assists,8,T21
G0196,P0065,points,23,T21
G0196,P0065,rebounds,6,T21
G0196,P0065,assists,12,T21
G0196,P0118,points,36,T21
G0196,P0118,rebounds,15,T21
G0196,P0118,assists,14,T21
G0196,P0078,points,4,T21
G0196,P0078,rebounds,13,T21
G0196,P0078,assists,15,T21
G0196,P0409,points,21,T21
G0196,P0409,rebounds,19,T21
G0196,P0409,assists,5,T21
G0196,P0233,points,36,T21
G0196,P0233,rebounds,19,T21
G0196,P0233,assists,9,T21
G0196,P0125,points,28,T21
G0196,P0125,rebounds,10,T21
G0196,P0125,assists,5,T21
G0196,P0095,points,21,T21
G0196,P0095,rebounds,20,T21
G0196,P0095,assists,0,T21
G0196,P0167,points,8,T21
G0196,P0167,rebounds,10,T21
G0196,P0167,assists,5,T21
G0196,P0153,points,25,T21
G0196,P0153,rebounds,7,T21
G0196,P0153,assists,10,T21
G0197,P0297,points,18,T11
G0197,P0297,rebounds,1,T11
G0197,P0297,assists,4,T11
G0197,P0265,points,23,T11
G0197,P0265,rebounds,13,T11
G0197,P0265,assists,14,T11
G0197,P0287,points,3,T11
G0197,P0287,rebounds,8,T11
G0197,P0287,assists,4,T11
G0197,P0137,points,39,T11
G0197,P0137,rebounds,3,T11
G0197,P0137,assists,3,T11
G0197,P0405,points,12,T11
G0197,P0405,rebounds,2,T11
G0197,P0405,assists,10,T11
G0197,P0180,points,21,T11
G0197,P0180,rebounds,11,T11
G0197,P0180,assists,14,T11
G0197,P0420,points,17,T11
G0197,P0420,rebounds,6,T11
G0197,P0420,assists,6,T11
G0197,P0196,points,32,T11
G0197,P0196,rebounds,11,T11
G0197,P0196,assists,2,T11
G0197,P0417,points,28,T11
G0197,P0417,rebounds,15,T11
G0197,P0417,assists,3,T11
G0197,P0044,points,22,T11
G0197,P0044,rebounds,11,T11
G0197,P0044,assists,2,T11
G0197,P0161,points,0,T30
G0197,P0161,rebounds,15,T30
G0197,P0161,assists,9,T30
G0197,P0184,points,29,T30
G0197,P0184,rebounds,7,T30
G0197,P0184,assists,8,T30
G0197,P0346,points,40,T30
G0197,P0346,rebounds,4,T30
G0197,P0346,assists,10,T30
G0197,P0333,points,5,T30
G0197,P0333,rebounds,1,T30
G0197,P0333,assists,15,T30
G0197,P0168,points,5,T30
G0197,P0168,rebounds,13,T30
G0197,P0168,assists,8,T30
G0197,P0006,points,33,T30
G0197,P0006,rebounds,11,T30
G0197,P0006,assists,11,T30
G0197,P0273,points,36,T30
G0197,P0273,rebounds,17,T30
G0197,P0273,assists,11,T30
G0197,P0319,points,6,T30
G0197,P0319,rebounds,3,T30
G0197,P0319,assists,7,T30
G0197,P0072,points,27,T30
G0197,P0072,rebounds,14,T30
G0197,P0072,assists,12,T30
G0197,P0372,points,4,T30
G0197,P0372,rebounds,3,T30
G0197,P0372,assists,2,T30
G0198,P0314,points,33,T04
G0198,P0314,rebounds,6,T04
G0198,P0314,assists,7,T04
G0198,P0223,points,35,T04
G0198,P0223,rebounds,9,T04
G0198,P0223,assists,0,T04
G0198,P0275,points,0,T04
G0198,P0275,rebounds,9,T04
G0198,P0275,assists,10,T04
G0198,P0016,points,38,T04
G0198,P0016,rebounds,2,T04
G0198,P0016,assists,8,T04
G0198,P0126,points,11,T04
G0198,P0126,rebounds,9,T04
G0198,P0126,assists,7,T04
G0198,P0048,points,12,T04
G0198,P0048,rebounds,0,T04
G0198,P0048,assists,1,T04
G0198,P0363,points,21,T04
G0198,P0363,rebounds,4,T04
G0198,P0363,assists,5,T04
G0198,P0360,points,3,T04
G0198,P0360,rebounds,1,T04
G0198,P0360,assists,2,T04
G0198,P0262,points,15,T04
G0198,P0262,rebounds,3,T04
G0198,P0262,assists,3,T04
G0198,P0408,points,12,T04
G0198,P0408,rebounds,6,T04
G0198,P0408,assists,0,T04
G0198,P0040,points,4,T05
G0198,P0040,rebounds,19,T05
G0198,P0040,assists,10,T05
G0198,P0385,points,5,T05
G0198,P0385,rebounds,5,T05
G0198,P0385,assists,6,T05
G0198,P0337,points,37,T05
G0198,P0337,rebounds,18,T05
G0198,P0337,assists,12,T05
G0198,P0137,points,4,T05
G0198,P0137,rebounds,10,T05
G0198,P0137,assists,7,T05
G0198,P0321,points,26,T05
G0198,P0321,rebounds,17,T05
G0198,P0321,assists,5,T05
G0198,P0333,points,22,T05
G0198,P0333,rebounds,5,T05
G0198,P0333,assists,3,T05
G0198,P0379,points,12,T05
G0198,P0379,rebounds,15,T05
G0198,P0379,assists,7,T05
G0198,P0118,points,27,T05
G0198,P0118,rebounds,14,T05
G0198,P0118,assists,5,T05
G0198,P0269,points,39,T05
G0198,P0269,rebounds,0,T05
G0198,P0269,assists,14,T05
G0198,P0073,points,0,T05
G0198,P0073,rebounds,8,T05
G0198,P0073,assists,13,T05
G0199,P0216,points,0,T11
G0199,P0216,rebounds,11,T11
G0199,P0216,assists,5,T11
G0199,P0087,points,15,T11
G0199,P0087,rebounds,10,T11
G0199,P0087,assists,8,T11
G0199,P0133,points,0,T11
G0199,P0133,rebounds,2,T11
G0199,P0133,assists,12,T11
G0199,P0321,points,39,T11
G0199,P0321,rebounds,17,T11
G0199,P0321,assists,14,T11
G0199,P0385,points,19,T11
G0199,P0385,rebounds,17,T11
G0199,P0385,assists,14,T11
G0199,P0279,points,36,T11
G0199,P0279,rebounds,3,T11
G0199,P0279,assists,2,T11
G0199,P0366,points,16,T11
G0199,P0366,rebounds,10,T11
G0199,P0366,assists,15,T11
G0199,P0058,points,13,T11
G0199,P0058,rebounds,17,T11
G0199,P0058,assists,14,T11
G0199,P0004,points,39,T11
G0199,P0004,rebounds,3,T11
G0199,P0004,assists,3,T11
G0199,P0282,points,9,T11
G0199,P0282,rebounds,15,T11
G0199,P0282,assists,10,T11
G0199,P0184,points,16,T09
G0199,P0184,rebounds,1,T09
G0199,P0184,assists,8,T09
G0199,P0064,points,30,T09
G0199,P0064,rebounds,9,T09
G0199,P0064,assists,4,T09
G0199,P0144,points,24,T09
G0199,P0144,rebounds,13,T09
G0199,P0144,assists,9,T09
G0199,P0038,points,35,T09
G0199,P0038,rebounds,6,T09
G0199,P0038,assists,9,T09
G0199,P0122,points,35,T09
G0199,P0122,rebounds,4,T09
G0199,P0122,assists,4,T09
G0199,P0121,points,2,T09
G0199,P0121,rebounds,7,T09
G0199,P0121,assists,0,T09
G0199,P0019,points,30,T09
G0199,P0019,rebounds,1,T09
G0199,P0019,assists,11,T09
G0199,P0147,points,23,T09
G0199,P0147,rebounds,20,T09
G0199,P0147,assists,5,T09
G0199,P0369,points,14,T09
G0199,P0369,rebounds,5,T09
G0199,P0369,assists,8,T09
G0199,P0142,points,8,T09
G0199,P0142,rebounds,2,T09
G0199,P0142,assists,15,T09
G0200,P0329,points,31,T29
G0200,P0329,rebounds,0,T29
G0200,P0329,assists,7,T29
G0200,P0049,points,17,T29
G0200,P0049,rebounds,18,T29
G0200,P0049,assists,0,T29
G0200,P0256,points,0,T29
G0200,P0256,rebounds,11,T29
G0200,P0256,assists,2,T29
G0200,P0149,points,28,T29
G0200,P0149,rebounds,5,T29
G0200,P0149,assists,8,T29
G0200,P0001,points,1,T29
G0200,P0001,rebounds,14,T29
G0200,P0001,assists,8,T29
G0200,P0197,points,0,T29
G0200,P0197,rebounds,5,T29
G0200,P0197,assists,0,T29
G0200,P0075,points,1,T29
G0200,P0075,rebounds,14,T29
G0200,P0075,assists,6,T29
G0200,P0387,points,32,T29
G0200,P0387,rebounds,5,T29
G0200,P0387,assists,11,T29
G0200,P0280,points,25,T29
G0200,P0280,rebounds,13,T29
G0200,P0280,assists,13,T29
G0200,P0127,points,29,T29
G0200,P0127,rebounds,15,T29
G0200,P0127,assists,11,T29
G0200,P0097,points,18,T15
G0200,P0097,rebounds,15,T15
G0200,P0097,assists,13,T15
G0200,P0205,points,30,T15
G0200,P0205,rebounds,12,T15
G0200,P0205,assists,1,T15
G0200,P0295,points,17,T15
G0200,P0295,rebounds,1,T15
G0200,P0295,assists,1,T15
G0200,P0044,points,14,T15
G0200,P0044,rebounds,9,T15
G0200,P0044,assists,8,T15
G0200,P0268,points,36,T15
G0200,P0268,rebounds,16,T15
G0200,P0268,assists,6,T15
G0200,P0370,points,13,T15
G0200,P0370,rebounds,14,T15
G0200,P0370,assists,4,T15
G0200,P0319,points,36,T15
G0200,P0319,rebounds,16,T15
G0200,P0319,assists,10,T15
G0200,P0176,points,10,T15
G0200,P0176,rebounds,13,T15
G0200,P0176,assists,13,T15
G0200,P0269,points,2,T15
G0200,P0269,rebounds,3,T15
G0200,P0269,assists,8,T15
G0200,P0213,points,14,T15
G0200,P0213,rebounds,14,T15
G0200,P0213,assists,6,T15
G0201,P0149,points,31,T11
G0201,P0149,rebounds,19,T11
G0201,P0149,assists,9,T11
G0201,P0103,points,34,T11
G0201,P0103,rebounds,2,T11
G0201,P0103,assists,15,T11
G0201,P0319,points,4,T11
G0201,P0319,rebounds,1,T11
G0201,P0319,assists,0,T11
G0201,P0002,points,9,T11
G0201,P0002,rebounds,17,T11
G0201,P0002,assists,4,T11
G0201,P0124,points,32,T11
G0201,P0124,rebounds,8,T11
G0201,P0124,assists,1,T11
G0201,P0132,points,19,T11
G0201,P0132,rebounds,4,T11
G0201,P0132,assists,4,T11
G0201,P0410,points,21,T11
G0201,P0410,rebounds,16,T11
G0201,P0410,assists,9,T11
G0201,P0086,points,9,T11
G0201,P0086,rebounds,15,T11
G0201,P0086,assists,11,T11
G0201,P0142,points,9,T11
G0201,P0142,rebounds,17,T11
G0201,P0142,assists,13,T11
G0201,P0098,points,24,T11
G0201,P0098,rebounds,6,T11
G0201,P0098,assists,5,T11
G0201,P0376,points,18,T28
G0201,P0376,rebounds,3,T28
G0201,P0376,assists,4,T28
G0201,P0179,points,5,T28
G0201,P0179,rebounds,3,T28
G0201,P0179,assists,11,T28
G0201,P0048,points,5,T28
G0201,P0048,rebounds,9,T28
G0201,P0048,assists,6,T28
G0201,P0407,points,1,T28
G0201,P0407,rebounds,17,T28
G0201,P0407,assists,15,T28
G0201,P0136,points,26,T28
G0201,P0136,rebounds,14,T28
G0201,P0136,assists,3,T28
G0201,P0311,points,34,T28
G0201,P0311,rebounds,16,T28
G0201,P0311,assists,7,T28
G0201,P0383,points,28,T28
G0201,P0383,rebounds,20,T28
G0201,P0383,assists,9,T28
G0201,P0328,points,8,T28
G0201,P0328,rebounds,6,T28
G0201,P0328,assists,2,T28
G0201,P0017,points,13,T28
G0201,P0017,rebounds,18,T28
G0201,P0017,assists,3,T28
G0201,P0380,points,36,T28
G0201,P0380,rebounds,5,T28
G0201,P0380,assists,7,T28
G0202,P0314,points,8,T28
G0202,P0314,rebounds,14,T28
G0202,P0314,assists,2,T28
G0202,P0147,points,5,T28
G0202,P0147,rebounds,1,T28
G0202,P0147,assists,0,T28
G0202,P0052,points,17,T28
G0202,P0052,rebounds,10,T28
G0202,P0052,assists,9,T28
G0202,P0228,points,23,T28
G0202,P0228,rebounds,11,T28
G0202,P0228,assists,15,T28
G0202,P0354,points,10,T28
G0202,P0354,rebounds,14,T28
G0202,P0354,assists,1,T28
G0202,P0076,points,34,T28
G0202,P0076,rebounds,7,T28
G0202,P0076,assists,5,T28
G0202,P0025,points,5,T28
G0202,P0025,rebounds,10,T28
G0202,P0025,assists,6,T28
G0202,P0127,points,39,T28
G0202,P0127,rebounds,3,T28
G0202,P0127,assists,6,T28
G0202,P0218,points,36,T28
G0202,P0218,rebounds,16,T28
G0202,P0218,assists,12,T28
G0202,P0362,points,21,T28
G0202,P0362,rebounds,18,T28
G0202,P0362,assists,3,T28
G0202,P0389,points,33,T21
G0202,P0389,rebounds,12,T21
G0202,P0389,assists,5,T21
G0202,P0103,points,8,T21
G0202,P0103,rebounds,10,T21
G0202,P0103,assists,0,T21
G0202,P0359,points,29,T21
G0202,P0359,rebounds,4,T21
G0202,P0359,assists,6,T21
G0202,P0408,points,7,T21
G0202,P0408,rebounds,9,T21
G0202,P0408,assists,5,T21
G0202,P0241,points,7,T21
G0202,P0241,rebounds,18,T21
G0202,P0241,assists,12,T21
G0202,P0170,points,15,T21
G0202,P0170,rebounds,1,T21
G0202,P0170,assists,13,T21
G0202,P0257,points,28,T21
G0202,P0257,rebounds,11,T21
G0202,P0257,assists,9,T21
G0202,P0417,points,0,T21
G0202,P0417,rebounds,9,T21
G0202,P0417,assists,3,T21
G0202,P0338,points,26,T21
G0202,P0338,rebounds,19,T21
G0202,P0338,assists,8,T21
G0202,P0087,points,24,T21
G0202,P0087,rebounds,14,T21
G0202,P0087,assists,14,T21
G0203,P0197,points,12,T15
G0203,P0197,rebounds,13,T15
G0203,P0197,assists,2,T15
G0203,P0408,points,27,T15
G0203,P0408,rebounds,18,T15
G0203,P0408,assists,11,T15
G0203,P0297,points,17,T15
G0203,P0297,rebounds,17,T15
G0203,P0297,assists,8,T15
G0203,P0128,points,22,T15
G0203,P0128,rebounds,17,T15
G0203,P0128,assists,3,T15
G0203,P0186,points,31,T15
G0203,P0186,rebounds,14,T15
G0203,P0186,assists,8,T15
G0203,P0322,points,3,T15
G0203,P0322,rebounds,16,T15
G0203,P0322,assists,3,T15
G0203,P0111,points,36,T15
G0203,P0111,rebounds,16,T15
G0203,P0111,assists,5,T15
G0203,P0016,points,17,T15
G0203,P0016,rebounds,0,T15
G0203,P0016,assists,7,T15
G0203,P0419,points,2,T15
G0203,P0419,rebounds,20,T15
G0203,P0419,assists,10,T15
G0203,P0008,points,9,T15
G0203,P0008,rebounds,16,T15
G0203,P0008,assists,0,T15
G0203,P0110,points,22,T24
G0203,P0110,rebounds,2,T24
G0203,P0110,assists,0,T24
G0203,P0233,points,10,T24
G0203,P0233,rebounds,6,T24
G0203,P0233,assists,11,T24
G0203,P0127,points,36,T24
G0203,P0127,rebounds,16,T24
G0203,P0127,assists,11,T24
G0203,P0344,points,23,T24
G0203,P0344,rebounds,7,T24
G0203,P0344,assists,4,T24
G0203,P0208,points,38,T24
G0203,P0208,rebounds,10,T24
G0203,P0208,assists,9,T24
G0203,P0149,points,0,T24
G0203,P0149,rebounds,9,T24
G0203,P0149,assists,10,T24
G0203,P0274,points,20,T24
G0203,P0274,rebounds,12,T24
G0203,P0274,assists,12,T24
G0203,P0109,points,0,T24
G0203,P0109,rebounds,18,T24
G0203,P0109,assists,13,T24
G0203,P0157,points,17,T24
G0203,P0157,rebounds,16,T24
G0203,P0157,assists,1,T24
G0203,P0188,points,12,T24
G0203,P0188,rebounds,2,T24
G0203,P0188,assists,10,T24
G0204,P0359,points,3,T21
G0204,P0359,rebounds,16,T21
G0204,P0359,assists,7,T21
G0204,P0352,points,27,T21
G0204,P0352,rebounds,20,T21
G0204,P0352,assists,10,T21
G0204,P0248,points,19,T21
G0204,P0248,rebounds,5,T21
G0204,P0248,assists,12,T21
G0204,P0294,points,20,T21
G0204,P0294,rebounds,15,T21
G0204,P0294,assists,0,T21
G0204,P0220,points,6,T21
G0204,P0220,rebounds,2,T21
G0204,P0220,assists,10,T21
G0204,P0388,points,21,T21
G0204,P0388,rebounds,6,T21
G0204,P0388,assists,4,T21
G0204,P0286,points,24,T21
G0204,P0286,rebounds,20,T21
G0204,P0286,assists,15,T21
G0204,P0060,points,19,T21
G0204,P0060,rebounds,14,T21
G0204,P0060,assists,1,T21
G0204,P0393,points,38,T21
G0204,P0393,rebounds,0,T21
G0204,P0393,assists,5,T21
G0204,P0081,points,29,T21
G0204,P0081,rebounds,20,T21
G0204,P0081,assists,2,T21
G0204,P0396,points,27,T17
G0204,P0396,rebounds,3,T17
G0204,P0396,assists,0,T17
G0204,P0162,points,17,T17
G0204,P0162,rebounds,12,T17
G0204,P0162,assists,4,T17
G0204,P0389,points,39,T17
G0204,P0389,rebounds,12,T17
G0204,P0389,assists,7,T17
G0204,P0239,points,19,T17
G0204,P0239,rebounds,9,T17
G0204,P0239,assists,1,T17
G0204,P0022,points,24,T17
G0204,P0022,rebounds,16,T17
G0204,P0022,assists,6,T17
G0204,P0250,points,17,T17
G0204,P0250,rebounds,19,T17
G0204,P0250,assists,9,T17
G0204,P0334,points,12,T17
G0204,P0334,rebounds,0,T17
G0204,P0334,assists,13,T17
G0204,P0373,points,25,T17
G0204,P0373,rebounds,13,T17
G0204,P0373,assists,4,T17
G0204,P0290,points,7,T17
G0204,P0290,rebounds,10,T17
G0204,P0290,assists,12,T17
G0204,P0172,points,12,T17
G0204,P0172,rebounds,11,T17
G0204,P0172,assists,15,T17
G0205,P0176,points,22,T14
G0205,P0176,rebounds,16,T14
G0205,P0176,assists,13,T14
G0205,P0098,points,21,T14
G0205,P0098,rebounds,8,T14
G0205,P0098,assists,2,T14
G0205,P0128,points,37,T14
G0205,P0128,rebounds,8,T14
G0205,P0128,assists,12,T14
G0205,P0220,points,25,T14
G0205,P0220,rebounds,19,T14
G0205,P0220,assists,15,T14
G0205,P0024,points,28,T14
G0205,P0024,rebounds,13,T14
G0205,P0024,assists,2,T14
G0205,P0096,points,0,T14
G0205,P0096,rebounds,11,T14
G0205,P0096,assists,11,T14
G0205,P0396,points,30,T14
G0205,P0396,rebounds,5,T14
G0205,P0396,assists,8,T14
G0205,P0091,points,35,T14
G0205,P0091,rebounds,2,T14
G0205,P0091,assists,6,T14
G0205,P0378,points,38,T14
G0205,P0378,rebounds,4,T14
G0205,P0378,assists,5,T14
G0205,P0382,points,19,T14
G0205,P0382,rebounds,14,T14
G0205,P0382,assists,4,T14
G0205,P0095,points,32,T13
G0205,P0095,rebounds,4,T13
G0205,P0095,assists,5,T13
G0205,P0117,points,23,T13
G0205,P0117,rebounds,0,T13
G0205,P0117,assists,12,T13
G0205,P0379,points,27,T13
G0205,P0379,rebounds,17,T13
G0205,P0379,assists,4,T13
G0205,P0015,points,16,T13
G0205,P0015,rebounds,18,T13
G0205,P0015,assists,1,T13
G0205,P0288,points,20,T13
G0205,P0288,rebounds,10,T13
G0205,P0288,assists,7,T13
G0205,P0225,points,17,T13
G0205,P0225,rebounds,15,T13
G0205,P0225,assists,3,T13
G0205,P0349,points,36,T13
G0205,P0349,rebounds,18,T13
G0205,P0349,assists,2,T13
G0205,P0384,points,39,T13
G0205,P0384,rebounds,5,T13
G0205,P0384,assists,0,T13
G0205,P0020,points,16,T13
G0205,P0020,rebounds,16,T13
G0205,P0020,assists,13,T13
G0205,P0035,points,26,T13
G0205,P0035,rebounds,17,T13
G0205,P0035,assists,4,T13
G0206,P0362,points,34,T08
G0206,P0362,rebounds,16,T08
G0206,P0362,assists,8,T08
G0206,P0118,points,30,T08
G0206,P0118,rebounds,7,T08
G0206,P0118,assists,9,T08
G0206,P0416,points,37,T08
G0206,P0416,rebounds,1,T08
G0206,P0416,assists,5,T08
G0206,P0101,points,0,T08
G0206,P0101,rebounds,11,T08
G0206,P0101,assists,12,T08
G0206,P0111,points,1,T08
G0206,P0111,rebounds,11,T08
G0206,P0111,assists,6,T08
G0206,P0262,points,32,T08
G0206,P0262,rebounds,4,T08
G0206,P0262,assists,2,T08
G0206,P0054,points,3,T08
G0206,P0054,rebounds,8,T08
G0206,P0054,assists,7,T08
G0206,P0029,points,37,T08
G0206,P0029,rebounds,9,T08
G0206,P0029,assists,2,T08
G0206,P0056,points,28,T08
G0206,P0056,rebounds,1,T08
G0206,P0056,assists,5,T08
G0206,P0268,points,26,T08
G0206,P0268,rebounds,5,T08
G0206,P0268,assists,9,T08
G0206,P0137,points,18,T06
G0206,P0137,rebounds,19,T06
G0206,P0137,assists,4,T06
G0206,P0279,points,37,T06
G0206,P0279,rebounds,13,T06
G0206,P0279,assists,11,T06
G0206,P0252,points,6,T06
G0206,P0252,rebounds,0,T06
G0206,P0252,assists,11,T06
G0206,P0098,points,19,T06
G0206,P0098,rebounds,6,T06
G0206,P0098,assists,14,T06
G0206,P0292,points,13,T06
G0206,P0292,rebounds,9,T06
G0206,P0292,assists,11,T06
G0206,P0371,points,39,T06
G0206,P0371,rebounds,18,T06
G0206,P0371,assists,10,T06
G0206,P0146,points,4,T06
G0206,P0146,rebounds,2,T06
G0206,P0146,assists,11,T06
G0206,P0359,points,20,T06
G0206,P0359,rebounds,2,T06
G0206,P0359,assists,11,T06
G0206,P0323,points,38,T06
G0206,P0323,rebounds,1,T06
G0206,P0323,assists,13,T06
G0206,P0336,points,14,T06
G0206,P0336,rebounds,8,T06
G0206,P0336,assists,11,T06
G0207,P0325,points,3,T23
G0207,P0325,rebounds,0,T23
G0207,P0325,assists,2,T23
G0207,P0288,points,31,T23
G0207,P0288,rebounds,12,T23
G0207,P0288,assists,14,T23
G0207,P0102,points,8,T23
G0207,P0102,rebounds,8,T23
G0207,P0102,assists,8,T23
G0207,P0145,points,2,T23
G0207,P0145,rebounds,19,T23
G0207,P0145,assists,12,T23
G0207,P0399,points,5,T23
G0207,P0399,rebounds,17,T23
G0207,P0399,assists,7,T23
G0207,P0065,points,13,T23
G0207,P0065,rebounds,19,T23
G0207,P0065,assists,8,T23
G0207,P0091,points,9,T23
G0207,P0091,rebounds,16,T23
G0207,P0091,assists,11,T23
G0207,P0218,points,7,T23
G0207,P0218,rebounds,14,T23
G0207,P0218,assists,10,T23
G0207,P0030,points,11,T23
G0207,P0030,rebounds,9,T23
G0207,P0030,assists,13,T23
G0207,P0071,points,7,T23
G0207,P0071,rebounds,15,T23
G0207,P0071,assists,13,T23
G0207,P0103,points,38,T27
G0207,P0103,rebounds,6,T27
G0207,P0103,assists,4,T27
G0207,P0280,points,38,T27
G0207,P0280,rebounds,9,T27
G0207,P0280,assists,9,T27
G0207,P0340,points,21,T27
G0207,P0340,rebounds,10,T27
G0207,P0340,assists,9,T27
G0207,P0246,points,17,T27
G0207,P0246,rebounds,8,T27
G0207,P0246,assists,6,T27
G0207,P0318,points,26,T27
G0207,P0318,rebounds,17,T27
G0207,P0318,assists,8,T27
G0207,P0063,points,27,T27
G0207,P0063,rebounds,8,T27
G0207,P0063,assists,12,T27
G0207,P0025,points,16,T27
G0207,P0025,rebounds,8,T27
G0207,P0025,assists,0,T27
G0207,P0168,points,10,T27
G0207,P0168,rebounds,15,T27
G0207,P0168,assists,1,T27
G0207,P0351,points,9,T27
G0207,P0351,rebounds,16,T27
G0207,P0351,assists,13,T27
G0207,P0124,points,17,T27
G0207,P0124,rebounds,8,T27
G0207,P0124,assists,8,T27
G0208,P0055,points,13,T30
G0208,P0055,rebounds,18,T30
G0208,P0055,assists,5,T30
G0208,P0285,points,32,T30
G0208,P0285,rebounds,17,T30
G0208,P0285,assists,6,T30
G0208,P0072,points,27,T30
G0208,P0072,rebounds,2,T30
G0208,P0072,assists,7,T30
G0208,P0409,points,15,T30
G0208,P0409,rebounds,20,T30
G0208,P0409,assists,14,T30
G0208,P0317,points,32,T30
G0208,P0317,rebounds,19,T30
G0208,P0317,assists,15,T30
G0208,P0179,points,31,T30
G0208,P0179,rebounds,12,T30
G0208,P0179,assists,3,T30
G0208,P0106,points,33,T30
G0208,P0106,rebounds,4,T30
G0208,P0106,assists,2,T30
G0208,P0255,points,36,T30
G0208,P0255,rebounds,2,T30
G0208,P0255,assists,2,T30
G0208,P0194,points,20,T30
G0208,P0194,rebounds,12,T30
G0208,P0194,assists,0,T30
G0208,P0060,points,15,T30
G0208,P0060,rebounds,4,T30
G0208,P0060,assists,4,T30
G0208,P0358,points,7,T24
G0208,P0358,rebounds,14,T24
G0208,P0358,assists,7,T24
G0208,P0158,points,39,T24
G0208,P0158,rebounds,0,T24
G0208,P0158,assists,12,T24
G0208,P0129,points,37,T24
G0208,P0129,rebounds,10,T24
G0208,P0129,assists,11,T24
G0208,P0177,points,18,T24
G0208,P0177,rebounds,12,T24
G0208,P0177,assists,14,T24
G0208,P0191,points,21,T24
G0208,P0191,rebounds,12,T24
G0208,P0191,assists,15,T24
G0208,P0027,points,20,T24
G0208,P0027,rebounds,3,T24
G0208,P0027,assists,10,T24
G0208,P0406,points,28,T24
G0208,P0406,rebounds,4,T24
G0208,P0406,assists,11,T24
G0208,P0097,points,2,T24
G0208,P0097,rebounds,6,T24
G0208,P0097,assists,13,T24
G0208,P0254,points,25,T24
G0208,P0254,rebounds,12,T24
G0208,P0254,assists,9,T24
G0208,P0334,points,6,T24
G0208,P0334,rebounds,20,T24
G0208,P0334,assists,4,T24
G0209,P0407,points,13,T08
G0209,P0407,rebounds,9,T08
G0209,P0407,assists,3,T08
G0209,P0018,points,33,T08
G0209,P0018,rebounds,11,T08
G0209,P0018,assists,2,T08
G0209,P0031,points,24,T08
G0209,P0031,rebounds,7,T08
G0209,P0031,assists,13,T08
G0209,P0100,points,10,T08
G0209,P0100,rebounds,18,T08
G0209,P0100,assists,11,T08
G0209,P0408,points,5,T08
G0209,P0408,rebounds,15,T08
G0209,P0408,assists,11,T08
G0209,P0265,points,18,T08
G0209,P0265,rebounds,3,T08
G0209,P0265,assists,7,T08
G0209,P0263,points,24,T08
G0209,P0263,rebounds,2,T08
G0209,P0263,assists,5,T08
G0209,P0184,points,28,T08
G0209,P0184,rebounds,11,T08
G0209,P0184,assists,15,T08
G0209,P0282,points,8,T08
G0209,P0282,rebounds,16,T08
G0209,P0282,assists,6,T08
G0209,P0324,points,9,T08
G0209,P0324,rebounds,19,T08
G0209,P0324,assists,9,T08
G0209,P0242,points,21,T01
G0209,P0242,rebounds,6,T01
G0209,P0242,assists,14,T01
G0209,P0080,points,1,T01
G0209,P0080,rebounds,2,T01
G0209,P0080,assists,2,T01
G0209,P0230,points,26,T01
G0209,P0230,rebounds,2,T01
G0209,P0230,assists,12,T01
G0209,P0135,points,8,T01
G0209,P0135,rebounds,14,T01
G0209,P0135,assists,12,T01
G0209,P0343,points,36,T01
G0209,P0343,rebounds,6,T01
G0209,P0343,assists,1,T01
G0209,P0361,points,31,T01
G0209,P0361,rebounds,9,T01
G0209,P0361,assists,15,T01
G0209,P0325,points,7,T01
G0209,P0325,rebounds,12,T01
G0209,P0325,assists,1,T01
G0209,P0266,points,19,T01
G0209,P0266,rebounds,0,T01
G0209,P0266,assists,12,T01
G0209,P0379,points,24,T01
G0209,P0379,rebounds,2,T01
G0209,P0379,assists,7,T01
G0209,P0404,points,17,T01
G0209,P0404,rebounds,14,T01
G0209,P0404,assists,7,T01
G0210,P0189,points,0,T24
G0210,P0189,rebounds,16,T24
G0210,P0189,assists,12,T24
G0210,P0338,points,16,T24
G0210,P0338,rebounds,5,T24
G0210,P0338,assists,2,T24
G0210,P0236,points,13,T24
G0210,P0236,rebounds,14,T24
G0210,P0236,assists,11,T24
G0210,P0343,points,7,T24
G0210,P0343,rebounds,0,T24
G0210,P0343,assists,8,T24
G0210,P0223,points,23,T24
G0210,P0223,rebounds,20,T24
G0210,P0223,assists,12,T24
G0210,P0368,points,22,T24
G0210,P0368,rebounds,12,T24
G0210,P0368,assists,10,T24
G0210,P0399,points,18,T24
G0210,P0399,rebounds,14,T24
G0210,P0399,assists,3,T24
G0210,P0353,points,34,T24
G0210,P0353,rebounds,18,T24
G0210,P0353,assists,6,T24
G0210,P0292,points,18,T24
G0210,P0292,rebounds,10,T24
G0210,P0292,assists,13,T24
G0210,P0215,points,7,T24
G0210,P0215,rebounds,7,T24
G0210,P0215,assists,9,T24
G0210,P0207,points,28,T21
G0210,P0207,rebounds,6,T21
G0210,P0207,assists,1,T21
G0210,P0323,points,20,T21
G0210,P0323,rebounds,13,T21
G0210,P0323,assists,12,T21
G0210,P0092,points,0,T21
G0210,P0092,rebounds,0,T21
G0210,P0092,assists,6,T21
G0210,P0291,points,23,T21
G0210,P0291,rebounds,0,T21
G0210,P0291,assists,2,T21
G0210,P0259,points,17,T21
G0210,P0259,rebounds,5,T21
G0210,P0259,assists,11,T21
G0210,P0034,points,1,T21
G0210,P0034,rebounds,18,T21
G0210,P0034,assists,2,T21
G0210,P0359,points,18,T21
G0210,P0359,rebounds,20,T21
G0210,P0359,assists,10,T21
G0210,P0014,points,40,T21
G0210,P0014,rebounds,0,T21
G0210,P0014,assists,11,T21
G0210,P0029,points,3,T21
G0210,P0029,rebounds,12,T21
G0210,P0029,assists,5,T21
G0210,P0240,points,31,T21
G0210,P0240,rebounds,2,T21
G0210,P0240,assists,14,T21
G0211,P0412,points,15,T08
G0211,P0412,rebounds,3,T08
G0211,P0412,assists,0,T08
G0211,P0225,points,12,T08
G0211,P0225,rebounds,5,T08
G0211,P0225,assists,4,T08
G0211,P0401,points,40,T08
G0211,P0401,rebounds,14,T08
G0211,P0401,assists,8,T08
G0211,P0198,points,7,T08
G0211,P0198,rebounds,17,T08
G0211,P0198,assists,10,T08
G0211,P0214,points,21,T08
G0211,P0214,rebounds,9,T08
G0211,P0214,assists,8,T08
G0211,P0296,points,34,T08
G0211,P0296,rebounds,15,T08
G0211,P0296,assists,7,T08
G0211,P0236,points,27,T08
G0211,P0236,rebounds,19,T08
G0211,P0236,assists,5,T08
G0211,P0015,points,36,T08
G0211,P0015,rebounds,12,T08
G0211,P0015,assists,2,T08
G0211,P0109,points,39,T08
G0211,P0109,rebounds,14,T08
G0211,P0109,assists,6,T08
G0211,P0129,points,8,T08
G0211,P0129,rebounds,19,T08
G0211,P0129,assists,13,T08
G0211,P0355,points,1,T03
G0211,P0355,rebounds,13,T03
G0211,P0355,assists,1,T03
G0211,P0012,points,12,T03
G0211,P0012,rebounds,11,T03
G0211,P0012,assists,3,T03
G0211,P0244,points,21,T03
G0211,P0244,rebounds,9,T03
G0211,P0244,assists,9,T03
G0211,P0382,points,32,T03
G0211,P0382,rebounds,3,T03
G0211,P0382,assists,12,T03
G0211,P0261,points,9,T03
G0211,P0261,rebounds,0,T03
G0211,P0261,assists,7,T03
G0211,P0388,points,12,T03
G0211,P0388,rebounds,3,T03
G0211,P0388,assists,6,T03
G0211,P0155,points,35,T03
G0211,P0155,rebounds,12,T03
G0211,P0155,assists,11,T03
G0211,P0328,points,6,T03
G0211,P0328,rebounds,1,T03
G0211,P0328,assists,5,T03
G0211,P0343,points,31,T03
G0211,P0343,rebounds,18,T03
G0211,P0343,assists,1,T03
G0211,P0213,points,19,T03
G0211,P0213,rebounds,8,T03
G0211,P0213,assists,11,T03
G0212,P0200,points,11,T22
G0212,P0200,rebounds,19,T22
G0212,P0200,assists,6,T22
G0212,P0351,points,35,T22
G0212,P0351,rebounds,1,T22
G0212,P0351,assists,1,T22
G0212,P0259,points,32,T22
G0212,P0259,rebounds,5,T22
G0212,P0259,assists,1,T22
G0212,P0085,points,24,T22
G0212,P0085,rebounds,3,T22
G0212,P0085,assists,0,T22
G0212,P0193,points,16,T22
G0212,P0193,rebounds,11,T22
G0212,P0193,assists,8,T22
G0212,P0109,points,23,T22
G0212,P0109,rebounds,0,T22
G0212,P0109,assists,4,T22
G0212,P0250,points,14,T22
G0212,P0250,rebounds,6,T22
G0212,P0250,assists,8,T22
G0212,P0325,points,9,T22
G0212,P0325,rebounds,13,T22
G0212,P0325,assists,14,T22
G0212,P0416,points,27,T22
G0212,P0416,rebounds,8,T22
G0212,P0416,assists,6,T22
G0212,P0105,points,23,T22
G0212,P0105,rebounds,15,T22
G0212,P0105,assists,4,T22
G0212,P0401,points,1,T23
G0212,P0401,rebounds,14,T23
G0212,P0401,assists,10,T23
G0212,P0341,points,4,T23
G0212,P0341,rebounds,13,T23
G0212,P0341,assists,1,T23
G0212,P0389,points,26,T23
G0212,P0389,rebounds,15,T23
G0212,P0389,assists,0,T23
G0212,P0013,points,29,T23
G0212,P0013,rebounds,2,T23
G0212,P0013,assists,4,T23
G0212,P0117,points,28,T23
G0212,P0117,rebounds,7,T23
G0212,P0117,assists,15,T23
G0212,P0003,points,39,T23
G0212,P0003,rebounds,20,T23
G0212,P0003,assists,1,T23
G0212,P0071,points,7,T23
G0212,P0071,rebounds,3,T23
G0212,P0071,assists,9,T23
G0212,P0219,points,17,T23
G0212,P0219,rebounds,15,T23
G0212,P0219,assists,4,T23
G0212,P0345,points,8,T23
G0212,P0345,rebounds,13,T23
G0212,P0345,assists,9,T23
G0212,P0420,points,28,T23
G0212,P0420,rebounds,6,T23
G0212,P0420,assists,8,T23
G0213,P0059,points,15,T24
G0213,P0059,rebounds,1,T24
G0213,P0059,assists,12,T24
G0213,P0018,points,32,T24
G0213,P0018,rebounds,9,T24
G0213,P0018,assists,8,T24
G0213,P0132,points,9,T24
G0213,P0132,rebounds,9,T24
G0213,P0132,assists,3,T24
G0213,P0180,points,17,T24
G0213,P0180,rebounds,2,T24
G0213,P0180,assists,9,T24
G0213,P0317,points,10,T24
G0213,P0317,rebounds,15,T24
G0213,P0317,assists,8,T24
G0213,P0382,points,36,T24
G0213,P0382,rebounds,4,T24
G0213,P0382,assists,4,T24
G0213,P0386,points,9,T24
G0213,P0386,rebounds,13,T24
G0213,P0386,assists,1,T24
G0213,P0019,points,28,T24
G0213,P0019,rebounds,17,T24
G0213,P0019,assists,10,T24
G0213,P0193,points,5,T24
G0213,P0193,rebounds,10,T24
G0213,P0193,assists,8,T24
G0213,P0252,points,16,T24
G0213,P0252,rebounds,9,T24
G0213,P0252,assists,12,T24
G0213,P0176,points,34,T25
G0213,P0176,rebounds,6,T25
G0213,P0176,assists,5,T25
G0213,P0106,points,8,T25
G0213,P0106,rebounds,8,T25
G0213,P0106,assists,8,T25
G0213,P0055,points,29,T25
G0213,P0055,rebounds,5,T25
G0213,P0055,assists,3,T25
G0213,P0301,points,1,T25
G0213,P0301,rebounds,1,T25
G0213,P0301,assists,0,T25
G0213,P0392,points,8,T25
G0213,P0392,rebounds,14,T25
G0213,P0392,assists,12,T25
G0213,P0358,points,39,T25
G0213,P0358,rebounds,11,T25
G0213,P0358,assists,7,T25
G0213,P0293,points,36,T25
G0213,P0293,rebounds,3,T25
G0213,P0293,assists,10,T25
G0213,P0267,points,33,T25
G0213,P0267,rebounds,10,T25
G0213,P0267,assists,4,T25
G0213,P0324,points,25,T25
G0213,P0324,rebounds,20,T25
G0213,P0324,assists,3,T25
G0213,P0052,points,23,T25
G0213,P0052,rebounds,1,T25
G0213,P0052,assists,3,T25
G0214,P0205,points,14,T14
G0214,P0205,rebounds,6,T14
G0214,P0205,assists,4,T14
G0214,P0045,points,31,T14
G0214,P0045,rebounds,9,T14
G0214,P0045,assists,0,T14
G0214,P0316,points,38,T14
G0214,P0316,rebounds,2,T14
G0214,P0316,assists,14,T14
G0214,P0139,points,6,T14
G0214,P0139,rebounds,11,T14
G0214,P0139,assists,4,T14
G0214,P0051,points,28,T14
G0214,P0051,rebounds,8,T14
G0214,P0051,assists,5,T14
G0214,P0083,points,19,T14
G0214,P0083,rebounds,20,T14
G0214,P0083,assists,3,T14
G0214,P0360,points,9,T14
G0214,P0360,rebounds,1,T14
G0214,P0360,assists,11,T14
G0214,P0325,points,27,T14
G0214,P0325,rebounds,12,T14
G0214,P0325,assists,0,T14
G0214,P0394,points,32,T14
G0214,P0394,rebounds,16,T14
G0214,P0394,assists,15,T14
G0214,P0100,points,38,T14
G0214,P0100,rebounds,5,T14
G0214,P0100,assists,11,T14
G0214,P0301,points,16,T04
G0214,P0301,rebounds,12,T04
G0214,P0301,assists,5,T04
G0214,P0158,points,26,T04
G0214,P0158,rebounds,20,T04
G0214,P0158,assists,10,T04
G0214,P0060,points,37,T04
G0214,P0060,rebounds,19,T04
G0214,P0060,assists,1,T04
G0214,P0319,points,39,T04
G0214,P0319,rebounds,17,T04
G0214,P0319,assists,6,T04
G0214,P0311,points,24,T04
G0214,P0311,rebounds,12,T04
G0214,P0311,assists,12,T04
G0214,P0010,points,32,T04
G0214,P0010,rebounds,2,T04
G0214,P0010,assists,0,T04
G0214,P0215,points,10,T04
G0214,P0215,rebounds,11,T04
G0214,P0215,assists,13,T04
G0214,P0124,points,26,T04
G0214,P0124,rebounds,2,T04
G0214,P0124,assists,11,T04
G0214,P0025,points,19,T04
G0214,P0025,rebounds,7,T04
G0214,P0025,assists,12,T04
G0214,P0351,points,12,T04
G0214,P0351,rebounds,12,T04
G0214,P0351,assists,2,T04
G0215,P0109,points,11,T23
G0215,P0109,rebounds,20,T23
G0215,P0109,assists,10,T23
G0215,P0059,points,39,T23
G0215,P0059,rebounds,12,T23
G0215,P0059,assists,13,T23
G0215,P0230,points,20,T23
G0215,P0230,rebounds,9,T23
G0215,P0230,assists,4,T23
G0215,P0381,points,8,T23
G0215,P0381,rebounds,0,T23
G0215,P0381,assists,6,T23
G0215,P0258,points,40,T23
G0215,P0258,rebounds,19,T23
G0215,P0258,assists,11,T23
G0215,P0157,points,14,T23
G0215,P0157,rebounds,10,T23
G0215,P0157,assists,12,T23
G0215,P0373,points,0,T23
G0215,P0373,rebounds,19,T23
G0215,P0373,assists,13,T23
G0215,P0121,points,39,T23
G0215,P0121,rebounds,1,T23
G0215,P0121,assists,15,T23
G0215,P0151,points,25,T23
G0215,P0151,rebounds,11,T23
G0215,P0151,assists,2,T23
G0215,P0341,points,20,T23
G0215,P0341,rebounds,7,T23
G0215,P0341,assists,15,T23
G0215,P0050,points,13,T13
G0215,P0050,rebounds,4,T13
G0215,P0050,assists,15,T13
G0215,P0257,points,7,T13
G0215,P0257,rebounds,18,T13
G0215,P0257,assists,15,T13
G0215,P0260,points,12,T13
G0215,P0260,rebounds,14,T13
G0215,P0260,assists,12,T13
G0215,P0404,points,21,T13
G0215,P0404,rebounds,14,T13
G0215,P0404,assists,2,T13
G0215,P0391,points,21,T13
G0215,P0391,rebounds,10,T13
G0215,P0391,assists,9,T13
G0215,P0386,points,38,T13
G0215,P0386,rebounds,17,T13
G0215,P0386,assists,9,T13
G0215,P0043,points,16,T13
G0215,P0043,rebounds,8,T13
G0215,P0043,assists,0,T13
G0215,P0069,points,22,T13
G0215,P0069,rebounds,5,T13
G0215,P0069,assists,14,T13
G0215,P0324,points,31,T13
G0215,P0324,rebounds,19,T13
G0215,P0324,assists,15,T13
G0215,P0159,points,16,T13
G0215,P0159,rebounds,8,T13
G0215,P0159,assists,9,T13
G0216,P0186,points,16,T09
G0216,P0186,rebounds,17,T09
G0216,P0186,assists,0,T09
G0216,P0381,points,33,T09
G0216,P0381,rebounds,11,T09
G0216,P0381,assists,5,T09
G0216,P0391,points,4,T09
G0216,P0391,rebounds,16,T09
G0216,P0391,assists,0,T09
G0216,P0092,points,22,T09
G0216,P0092,rebounds,3,T09
G0216,P0092,assists,14,T09
G0216,P0243,points,7,T09
G0216,P0243,rebounds,16,T09
G0216,P0243,assists,9,T09
G0216,P0293,points,1,T09
G0216,P0293,rebounds,15,T09
G0216,P0293,assists,14,T09
G0216,P0116,points,9,T09
G0216,P0116,rebounds,20,T09
G0216,P0116,assists,12,T09
G0216,P0223,points,30,T09
G0216,P0223,rebounds,7,T09
G0216,P0223,assists,1,T09
G0216,P0187,points,17,T09
G0216,P0187,rebounds,16,T09
G0216,P0187,assists,9,T09
G0216,P0177,points,26,T09
G0216,P0177,rebounds,16,T09
G0216,P0177,assists,5,T09
G0216,P0137,points,1,T04
G0216,P0137,rebounds,18,T04
G0216,P0137,assists,9,T04
G0216,P0294,points,23,T04
G0216,P0294,rebounds,12,T04
G0216,P0294,assists,13,T04
G0216,P0368,points,31,T04
G0216,P0368,rebounds,14,T04
G0216,P0368,assists,12,T04
G0216,P0417,points,11,T04
G0216,P0417,rebounds,14,T04
G0216,P0417,assists,15,T04
G0216,P0090,points,9,T04
G0216,P0090,rebounds,11,T04
G0216,P0090,assists,10,T04
G0216,P0127,points,21,T04
G0216,P0127,rebounds,20,T04
G0216,P0127,assists,6,T04
G0216,P0181,points,8,T04
G0216,P0181,rebounds,2,T04
G0216,P0181,assists,13,T04
G0216,P0166,points,28,T04
G0216,P0166,rebounds,12,T04
G0216,P0166,assists,6,T04
G0216,P0048,points,16,T04
G0216,P0048,rebounds,19,T04
G0216,P0048,assists,10,T04
G0216,P0108,points,39,T04
G0216,P0108,rebounds,16,T04
G0216,P0108,assists,12,T04
G0217,P0228,points,3,T03
G0217,P0228,rebounds,5,T03
G0217,P0228,assists,14,T03
G0217,P0217,points,25,T03
G0217,P0217,rebounds,11,T03
G0217,P0217,assists,12,T03
G0217,P0297,points,31,T03
G0217,P0297,rebounds,18,T03
G0217,P0297,assists,10,T03
G0217,P0009,points,18,T03
G0217,P0009,rebounds,2,T03
G0217,P0009,assists,5,T03
G0217,P0346,points,28,T03
G0217,P0346,rebounds,5,T03
G0217,P0346,assists,10,T03
G0217,P0401,points,5,T03
G0217,P0401,rebounds,1,T03
G0217,P0401,assists,5,T03
G0217,P0270,points,9,T03
G0217,P0270,rebounds,18,T03
G0217,P0270,assists,6,T03
G0217,P0208,points,17,T03
G0217,P0208,rebounds,8,T03
G0217,P0208,assists,5,T03
G0217,P0148,points,37,T03
G0217,P0148,rebounds,15,T03
G0217,P0148,assists,2,T03
G0217,P0100,points,8,T03
G0217,P0100,rebounds,1,T03
G0217,P0100,assists,4,T03
G0217,P0357,points,26,T18
G0217,P0357,rebounds,19,T18
G0217,P0357,assists,7,T18
G0217,P0182,points,3,T18
G0217,P0182,rebounds,0,T18
G0217,P0182,assists,6,T18
G0217,P0218,points,10,T18
G0217,P0218,rebounds,12,T18
G0217,P0218,assists,1,T18
G0217,P0378,points,9,T18
G0217,P0378,rebounds,11,T18
G0217,P0378,assists,4,T18
G0217,P0054,points,14,T18
G0217,P0054,rebounds,4,T18
G0217,P0054,assists,0,T18
G0217,P0069,points,14,T18
G0217,P0069,rebounds,6,T18
G0217,P0069,assists,14,T18
G0217,P0190,points,36,T18
G0217,P0190,rebounds,9,T18
G0217,P0190,assists,4,T18
G0217,P0216,points,17,T18
G0217,P0216,rebounds,12,T18
G0217,P0216,assists,6,T18
G0217,P0106,points,31,T18
G0217,P0106,rebounds,20,T18
G0217,P0106,assists,6,T18
G0217,P0164,points,4,T18
G0217,P0164,rebounds,2,T18
G0217,P0164,assists,13,T18
G0218,P0219,points,38,T03
G0218,P0219,rebounds,14,T03
G0218,P0219,assists,15,T03
G0218,P0360,points,15,T03
G0218,P0360,rebounds,10,T03
G0218,P0360,assists,0,T03
G0218,P0354,points,37,T03
G0218,P0354,rebounds,17,T03
G0218,P0354,assists,4,T03
G0218,P0177,points,2,T03
G0218,P0177,rebounds,14,T03
G0218,P0177,assists,10,T03
G0218,P0396,points,21,T03
G0218,P0396,rebounds,3,T03
G0218,P0396,assists,14,T03
G0218,P0135,points,17,T03
G0218,P0135,rebounds,15,T03
G0218,P0135,assists,13,T03
G0218,P0035,points,22,T03
G0218,P0035,rebounds,1,T03
G0218,P0035,assists,14,T03
G0218,P0132,points,27,T03
G0218,P0132,rebounds,18,T03
G0218,P0132,assists,9,T03
G0218,P0256,points,37,T03
G0218,P0256,rebounds,18,T03
G0218,P0256,assists,3,T03
G0218,P0172,points,7,T03
G0218,P0172,rebounds,3,T03
G0218,P0172,assists,12,T03
G0218,P0264,points,9,T28
G0218,P0264,rebounds,9,T28
G0218,P0264,assists,12,T28
G0218,P0079,points,17,T28
G0218,P0079,rebounds,1,T28
G0218,P0079,assists,5,T28
G0218,P0307,points,3,T28
G0218,P0307,rebounds,8,T28
G0218,P0307,assists,11,T28
G0218,P0293,points,21,T28
G0218,P0293,rebounds,14,T28
G0218,P0293,assists,1,T28
G0218,P0211,points,30,T28
G0218,P0211,rebounds,8,T28
G0218,P0211,assists,4,T28
G0218,P0072,points,26,T28
G0218,P0072,rebounds,2,T28
G0218,P0072,assists,7,T28
G0218,P0046,points,17,T28
G0218,P0046,rebounds,3,T28
G0218,P0046,assists,15,T28
G0218,P0417,points,14,T28
G0218,P0417,rebounds,0,T28
G0218,P0417,assists,7,T28
G0218,P0128,points,39,T28
G0218,P0128,rebounds,14,T28
G0218,P0128,assists,10,T28
G0218,P0368,points,36,T28
G0218,P0368,rebounds,1,T28
G0218,P0368,assists,8,T28
G0219,P0418,points,4,T14
G0219,P0418,rebounds,6,T14
G0219,P0418,assists,5,T14
G0219,P0064,points,29,T14
G0219,P0064,rebounds,1,T14
G0219,P0064,assists,0,T14
G0219,P0206,points,29,T14
G0219,P0206,rebounds,2,T14
G0219,P0206,assists,6,T14
G0219,P0066,points,27,T14
G0219,P0066,rebounds,10,T14
G0219,P0066,assists,1,T14
G0219,P0032,points,29,T14
G0219,P0032,rebounds,1,T14
G0219,P0032,assists,3,T14
G0219,P0398,points,4,T14
G0219,P0398,rebounds,10,T14
G0219,P0398,assists,11,T14
G0219,P0149,points,26,T14
G0219,P0149,rebounds,2,T14
G0219,P0149,assists,5,T14
G0219,P0279,points,5,T14
G0219,P0279,rebounds,7,T14
G0219,P0279,assists,3,T14
G0219,P0353,points,30,T14
G0219,P0353,rebounds,15,T14
G0219,P0353,assists,13,T14
G0219,P0132,points,8,T14
G0219,P0132,rebounds,0,T14
G0219,P0132,assists,0,T14
G0219,P0231,points,34,T03
G0219,P0231,rebounds,19,T03
G0219,P0231,assists,3,T03
G0219,P0099,points,35,T03
G0219,P0099,rebounds,11,T03
G0219,P0099,assists,2,T03
G0219,P0147,points,12,T03
G0219,P0147,rebounds,5,T03
G0219,P0147,assists,12,T03
G0219,P0292,points,7,T03
G0219,P0292,rebounds,3,T03
G0219,P0292,assists,11,T03
G0219,P0117,points,12,T03
G0219,P0117,rebounds,5,T03
G0219,P0117,assists,12,T03
G0219,P0325,points,38,T03
G0219,P0325,rebounds,11,T03
G0219,P0325,assists,13,T03
G0219,P0077,points,34,T03
G0219,P0077,rebounds,12,T03
G0219,P0077,assists,13,T03
G0219,P0097,points,0,T03
G0219,P0097,rebounds,0,T03
G0219,P0097,assists,14,T03
G0219,P0404,points,5,T03
G0219,P0404,rebounds,15,T03
G0219,P0404,assists,6,T03
G0219,P0389,points,32,T03
G0219,P0389,rebounds,13,T03
G0219,P0389,assists,1,T03
G0220,P0381,points,0,T28
G0220,P0381,rebounds,8,T28
G0220,P0381,assists,9,T28
G0220,P0139,points,4,T28
G0220,P0139,rebounds,16,T28
G0220,P0139,assists,10,T28
G0220,P0398,points,12,T28
G0220,P0398,rebounds,12,T28
G0220,P0398,assists,4,T28
G0220,P0141,points,26,T28
G0220,P0141,rebounds,3,T28
G0220,P0141,assists,9,T28
G0220,P0214,points,2,T28
G0220,P0214,rebounds,0,T28
G0220,P0214,assists,4,T28
G0220,P0292,points,7,T28
G0220,P0292,rebounds,10,T28
G0220,P0292,assists,2,T28
G0220,P0371,points,10,T28
G0220,P0371,rebounds,2,T28
G0220,P0371,assists,14,T28
G0220,P0373,points,30,T28
G0220,P0373,rebounds,4,T28
G0220,P0373,assists,1,T28
G0220,P0334,points,34,T28
G0220,P0334,rebounds,14,T28
G0220,P0334,assists,14,T28
G0220,P0243,points,7,T28
G0220,P0243,rebounds,7,T28
G0220,P0243,assists,1,T28
G0220,P0255,points,17,T12
G0220,P0255,rebounds,3,T12
G0220,P0255,assists,0,T12
G0220,P0095,points,20,T12
G0220,P0095,rebounds,20,T12
G0220,P0095,assists,10,T12
G0220,P0344,points,31,T12
G0220,P0344,rebounds,17,T12
G0220,P0344,assists,15,T12
G0220,P0092,points,5,T12
G0220,P0092,rebounds,5,T12
G0220,P0092,assists,9,T12
G0220,P0358,points,33,T12
G0220,P0358,rebounds,16,T12
G0220,P0358,assists,11,T12
G0220,P0132,points,12,T12
G0220,P0132,rebounds,7,T12
G0220,P0132,assists,1,T12
G0220,P0027,points,12,T12
G0220,P0027,rebounds,3,T12
G0220,P0027,assists,15,T12
G0220,P0217,points,3,T12
G0220,P0217,rebounds,7,T12
G0220,P0217,assists,14,T12
G0220,P0008,points,39,T12
G0220,P0008,rebounds,7,T12
G0220,P0008,assists,7,T12
G0220,P0198,points,21,T12
G0220,P0198,rebounds,17,T12
G0220,P0198,assists,12,T12
