order_id,shipment_id,event_id,event_type,event_ts,scan_city,scan_state
ORD0000572,SHP001627,E003703,label_created,2025-03-21 10:00:00,Chicago,CA
ORD0000803,SHP001756,E002720,label_created,2025-08-14 11:00:00,Denver,AZ
ORD0001996,SHP000947,E000130,in_transit,2025-06-04 20:00:00,Seattle,NY
ORD0000263,SHP001294,E001313,label_created,2025-12-09 23:00:00,Dallas,WA
ORD0000228,SHP000200,E003991,picked_up,2025-07-20 14:00:00,Los Angeles,TX
ORD0001764,SHP001290,E001327,in_transit,2025-10-12 11:00:00,Phoenix,NY
ORD0000580,SHP001036,E001264,label_created,2025-04-16 18:00:00,Chicago,IL
ORD0000410,SHP000087,E002263,out_for_delivery,2025-12-28 05:00:00,New York,FL
ORD0001835,SHP000966,E001277,out_for_delivery,2025-12-24 23:00:00,Denver,WA
ORD0001434,SHP000068,E000633,out_for_delivery,2025-06-07 09:00:00,Miami,NY
ORD0001124,SHP001718,E004559,picked_up,2025-03-13 10:00:00,Denver,AZ
ORD0001615,SHP000147,E000254,delivered,2025-04-05 06:00:00,Phoenix,IL
ORD0001327,SHP001011,E000766,picked_up,2025-05-06 01:00:00,Seattle,WA
ORD0002077,SHP000667,E000124,in_transit,2025-12-16 15:00:00,Seattle,AZ
ORD0002076,SHP000100,E000873,in_transit,2025-11-24 12:00:00,Los Angeles,AZ
ORD0001219,SHP001464,E004403,in_transit,2025-10-01 23:00:00,New York,FL
ORD0001200,SHP000789,E002072,in_transit,2025-03-25 02:00:00,Miami,FL
ORD0000234,SHP001161,E005140,out_for_delivery,2025-08-23 03:00:00,New York,CA
ORD0000201,SHP001007,E003889,delivered,2025-10-06 00:00:00,Miami,CA
ORD0001255,SHP000446,E002993,in_transit,2025-09-26 19:00:00,Denver,WA
ORD0001884,SHP000574,E001659,in_transit,2025-09-06 20:00:00,Miami,NY
ORD0001553,SHP000659,E001829,in_transit,2025-10-25 18:00:00,Los Angeles,WA
ORD0000367,SHP000086,E005572,exception,2025-05-05 00:00:00,Dallas,NY
ORD0001152,SHP001365,E001088,in_transit,2025-11-16 00:00:00,New York,CA
ORD0000123,SHP001207,E002730,in_transit,2025-01-20 05:00:00,Los Angeles,FL
ORD0000986,SHP000512,E002988,picked_up,2025-08-12 10:00:00,New York,NY
ORD0000998,SHP000634,E004290,in_transit,2025-01-30 17:00:00,Miami,NY
ORD0000333,SHP000713,E000092,picked_up,2025-10-05 11:00:00,Chicago,IL
ORD0000087,SHP001366,E002271,delivered,2025-05-16 12:00:00,Dallas,CA
ORD0001110,SHP000819,E003585,in_transit,2025-12-27 19:00:00,New York,IL
ORD0000374,SHP000462,E001633,picked_up,2025-04-29 18:00:00,Miami,NY
ORD0002017,SHP000436,E001132,picked_up,2025-09-23 12:00:00,Chicago,FL
ORD0001959,SHP000362,E001820,picked_up,2025-04-21 18:00:00,Denver,TX
ORD0001298,SHP000122,E004596,in_transit,2025-08-17 07:00:00,Phoenix,CO
ORD0000919,SHP001190,E003931,label_created,2025-03-09 20:00:00,Phoenix,CO
ORD0001113,SHP001494,E002228,delivered,2025-03-27 10:00:00,Chicago,NY
ORD0001247,SHP000484,E002972,picked_up,2025-10-06 23:00:00,New York,TX
ORD0000694,SHP000928,E004620,in_transit,2025-11-30 20:00:00,Phoenix,CA
ORD0000173,SHP001276,E000836,picked_up,2025-06-04 18:00:00,Dallas,FL
ORD0000114,SHP001613,E002336,out_for_delivery,2025-01-13 02:00:00,Denver,IL
ORD0001706,SHP000115,E000843,label_created,2025-11-29 11:00:00,New York,TX
ORD0001871,SHP001621,E005370,out_for_delivery,2025-09-05 11:00:00,Phoenix,FL
ORD0000609,SHP000178,E000915,in_transit,2025-10-30 16:00:00,Dallas,CO
ORD0000188,SHP000106,E000316,in_transit,2025-10-01 09:00:00,Los Angeles,IL
ORD0002110,SHP000285,E002318,in_transit,2025-10-12 16:00:00,Miami,TX
ORD0001657,SHP000587,E005690,in_transit,2025-07-28 20:00:00,Denver,IL
ORD0001556,SHP001663,E002950,out_for_delivery,2025-07-06 12:00:00,Denver,CO
ORD0000931,SHP001687,E003661,in_transit,2025-10-14 10:00:00,Miami,CA
ORD0000149,SHP000594,E005190,delivered,2025-07-31 07:00:00,Phoenix,CO
ORD0000132,SHP001709,E005377,in_transit,2025-01-13 21:00:00,Chicago,TX
ORD0000425,SHP000782,E003065,picked_up,2025-03-22 14:00:00,Miami,AZ
ORD0001916,SHP001646,E005494,in_transit,2025-03-14 05:00:00,Phoenix,CA
ORD0001215,SHP001297,E005056,in_transit,2025-08-04 01:00:00,Phoenix,NY
ORD0000156,SHP001142,E000191,picked_up,2025-01-29 13:00:00,Phoenix,TX
ORD0001977,SHP000691,E001608,picked_up,2025-09-21 08:00:00,Dallas,CO
ORD0000333,SHP000713,E000673,in_transit,2025-02-01 23:00:00,Phoenix,TX
ORD0002075,SHP001415,E004530,label_created,2025-02-07 01:00:00,Los Angeles,CA
ORD0001265,SHP000442,E001966,in_transit,2025-04-18 09:00:00,Phoenix,FL
ORD0001842,SHP000103,E000905,in_transit,2025-02-27 22:00:00,Miami,TX
ORD0002019,SHP000333,E003938,in_transit,2025-04-16 15:00:00,Denver,CA
ORD0001224,SHP000547,E000806,delivered,2025-04-14 09:00:00,Miami,CA
ORD0000241,SHP001179,E004912,out_for_delivery,2025-12-23 14:00:00,Denver,TX
ORD0000817,SHP000873,E000992,picked_up,2025-01-02 11:00:00,Phoenix,IL
ORD0000802,SHP000368,E004287,delivered,2025-05-12 17:00:00,Chicago,FL
ORD0001296,SHP001056,E001891,exception,2025-10-24 20:00:00,Phoenix,CA
ORD0000333,SHP000057,E000818,delivered,2025-08-07 11:00:00,Seattle,NY
ORD0001152,SHP000663,E000772,label_created,2025-01-25 07:00:00,Los Angeles,CA
ORD0000378,SHP001087,E002632,delivered,2025-09-06 17:00:00,New York,WA
ORD0000564,SHP000662,E004039,delivered,2025-11-12 13:00:00,Miami,NY
ORD0002042,SHP000936,E002157,picked_up,2025-06-17 18:00:00,Miami,WA
ORD0001903,SHP000706,E004860,in_transit,2025-12-24 15:00:00,Denver,CA
ORD0001194,SHP001512,E003406,delivered,2025-05-13 16:00:00,Phoenix,NY
ORD0001640,SHP000400,E001103,out_for_delivery,2025-05-15 01:00:00,Los Angeles,CA
ORD0001809,SHP001362,E002286,exception,2025-09-22 16:00:00,Miami,NY
ORD0000508,SHP000686,E003594,out_for_delivery,2025-12-21 15:00:00,Miami,NY
ORD0000043,SHP000869,E001219,exception,2025-11-29 06:00:00,Miami,WA
ORD0001154,SHP001510,E003070,exception,2025-05-13 11:00:00,Los Angeles,FL
ORD0000755,SHP001633,E003648,out_for_delivery,2025-04-19 23:00:00,Denver,AZ
ORD0001592,SHP001080,E002857,delivered,2025-08-13 22:00:00,Chicago,NY
ORD0001283,SHP001768,E000610,in_transit,2025-06-15 00:00:00,Chicago,AZ
ORD0000992,SHP001424,E003322,out_for_delivery,2025-03-15 12:00:00,Denver,TX
ORD0000138,SHP000106,E000298,in_transit,2025-03-18 00:00:00,Chicago,CA
ORD0001102,SHP001347,E005339,delivered,2025-07-21 06:00:00,Miami,CO
ORD0000778,SHP001133,E005289,exception,2025-11-02 18:00:00,New York,FL
ORD0001669,SHP001524,E003102,delivered,2025-11-07 23:00:00,Miami,IL
ORD0001797,SHP000516,E002161,in_transit,2025-10-18 13:00:00,Phoenix,IL
ORD0001318,SHP001088,E005594,label_created,2025-03-16 18:00:00,Dallas,AZ
ORD0000875,SHP000989,E001549,out_for_delivery,2025-02-09 05:00:00,New York,WA
ORD0001883,SHP000156,E000837,label_created,2025-01-12 06:00:00,New York,AZ
ORD0002018,SHP000664,E005347,in_transit,2025-07-21 22:00:00,Los Angeles,CO
ORD0000440,SHP001452,E002930,label_created,2025-10-27 11:00:00,Denver,TX
ORD0001736,SHP000659,E003849,in_transit,2025-01-17 03:00:00,New York,AZ
ORD0001324,SHP001574,E005123,in_transit,2025-05-16 03:00:00,Seattle,FL
ORD0000223,SHP001433,E004153,in_transit,2025-07-31 23:00:00,Denver,IL
ORD0000085,SHP000938,E002242,in_transit,2025-02-24 13:00:00,Denver,IL
ORD0000768,SHP000632,E005229,out_for_delivery,2025-04-03 20:00:00,Miami,WA
ORD0000594,SHP001222,E000318,label_created,2025-09-29 22:00:00,Seattle,CO
ORD0000013,SHP001227,E001051,delivered,2025-12-15 09:00:00,Seattle,CO
ORD0001482,SHP001271,E004157,in_transit,2025-10-20 21:00:00,Dallas,CA
ORD0002159,SHP001213,E001257,delivered,2025-09-01 07:00:00,Phoenix,FL
ORD0000195,SHP000409,E004131,in_transit,2025-06-08 12:00:00,New York,CA
ORD0000160,SHP000962,E004878,out_for_delivery,2025-06-20 20:00:00,Phoenix,CA
ORD0000672,SHP000641,E002346,delivered,2025-08-07 23:00:00,Phoenix,FL
ORD0000703,SHP001122,E000875,delivered,2025-10-18 09:00:00,Miami,NY
ORD0000356,SHP001494,E001804,delivered,2025-09-27 05:00:00,Denver,NY
ORD0001314,SHP000257,E004508,picked_up,2025-12-29 18:00:00,New York,WA
ORD0000999,SHP001573,E005004,delivered,2025-03-20 04:00:00,Phoenix,CA
ORD0000506,SHP000685,E003380,picked_up,2025-11-21 15:00:00,Seattle,FL
ORD0002175,SHP000027,E001517,label_created,2025-06-09 23:00:00,Chicago,AZ
ORD0001116,SHP000364,E004445,in_transit,2025-03-17 09:00:00,Seattle,FL
ORD0000349,SHP001759,E002946,in_transit,2025-12-05 22:00:00,Los Angeles,AZ
ORD0000756,SHP001608,E002287,out_for_delivery,2025-12-02 11:00:00,Chicago,AZ
ORD0001741,SHP000087,E003010,picked_up,2025-05-31 21:00:00,Dallas,IL
ORD0000418,SHP001695,E002385,in_transit,2025-11-04 05:00:00,New York,CO
ORD0000689,SHP000744,E001291,in_transit,2025-08-28 13:00:00,Chicago,WA
ORD0000261,SHP001445,E000398,out_for_delivery,2025-11-06 18:00:00,Los Angeles,CA
ORD0001711,SHP000541,E000084,picked_up,2025-02-14 13:00:00,Dallas,TX
ORD0000468,SHP000987,E005587,delivered,2025-10-16 19:00:00,Dallas,FL
ORD0002045,SHP001293,E004107,in_transit,2025-09-03 10:00:00,Los Angeles,AZ
ORD0000808,SHP000736,E000211,in_transit,2025-09-10 03:00:00,Miami,WA
ORD0001269,SHP000567,E000358,out_for_delivery,2025-03-25 04:00:00,Seattle,CA
ORD0000349,SHP001759,E001461,delivered,2025-11-10 10:00:00,Los Angeles,NY
ORD0001833,SHP000715,E004192,delivered,2025-07-11 21:00:00,Seattle,CA
ORD0000572,SHP000310,E004027,label_created,2025-10-08 20:00:00,Miami,CO
ORD0001830,SHP000701,E000033,in_transit,2025-09-29 07:00:00,Seattle,IL
ORD0000241,SHP001231,E004850,in_transit,2025-06-29 09:00:00,New York,AZ
ORD0001619,SHP000057,E002748,out_for_delivery,2025-12-17 12:00:00,Seattle,CO
ORD0001025,SHP000612,E004235,in_transit,2025-12-14 00:00:00,Miami,IL
ORD0001124,SHP000562,E004183,in_transit,2025-01-06 16:00:00,New York,IL
ORD0001947,SHP000275,E000065,out_for_delivery,2025-11-28 21:00:00,Phoenix,CO
ORD0000466,SHP000506,E003786,delivered,2025-02-08 08:00:00,Phoenix,TX
ORD0000374,SHP001010,E003126,exception,2025-03-09 10:00:00,Phoenix,CA
ORD0002188,SHP001287,E000174,in_transit,2025-05-18 22:00:00,New York,IL
ORD0001079,SHP000235,E003480,out_for_delivery,2025-03-05 01:00:00,Los Angeles,AZ
ORD0000580,SHP001036,E001008,out_for_delivery,2025-04-15 06:00:00,New York,NY
ORD0001967,SHP000902,E002939,picked_up,2025-02-06 13:00:00,Miami,CA
ORD0001704,SHP000374,E005219,out_for_delivery,2025-09-09 10:00:00,Phoenix,CA
ORD0000480,SHP000927,E004687,in_transit,2025-05-18 18:00:00,Phoenix,AZ
ORD0000682,SHP001459,E003597,in_transit,2025-05-05 08:00:00,Dallas,NY
ORD0000087,SHP001689,E001448,in_transit,2025-10-24 05:00:00,Denver,CA
ORD0000275,SHP000508,E001614,in_transit,2025-01-27 19:00:00,Los Angeles,IL
ORD0000150,SHP000476,E003822,in_transit,2025-10-29 17:00:00,Phoenix,CA
ORD0000581,SHP001373,E005590,in_transit,2025-12-25 06:00:00,Dallas,FL
ORD0001359,SHP001535,E000359,in_transit,2025-04-15 17:00:00,New York,TX
ORD0002045,SHP001109,E002114,delivered,2025-08-09 05:00:00,Seattle,AZ
ORD0002095,SHP001717,E005594,out_for_delivery,2025-11-14 17:00:00,Phoenix,AZ
ORD0001647,SHP000158,E003124,out_for_delivery,2025-11-19 22:00:00,Seattle,TX
ORD0000356,SHP001494,E005602,in_transit,2025-07-18 12:00:00,Denver,NY
ORD0001313,SHP001507,E001928,out_for_delivery,2025-07-17 12:00:00,Chicago,NY
ORD0000170,SHP000791,E003355,delivered,2025-03-02 18:00:00,Seattle,CO
ORD0001562,SHP001180,E001304,picked_up,2025-05-13 13:00:00,Chicago,CO
ORD0001315,SHP000305,E005291,label_created,2025-06-13 12:00:00,New York,TX
ORD0001412,SHP000457,E003203,out_for_delivery,2025-07-06 06:00:00,Phoenix,CA
ORD0001200,SHP000347,E005081,delivered,2025-11-27 08:00:00,Los Angeles,WA
ORD0000662,SHP000133,E003551,out_for_delivery,2025-07-19 00:00:00,Denver,CA
ORD0000392,SHP000426,E005512,label_created,2025-01-13 07:00:00,Dallas,AZ
ORD0002048,SHP000235,E005549,out_for_delivery,2025-09-06 02:00:00,New York,IL
ORD0002082,SHP001783,E001725,in_transit,2025-09-05 23:00:00,Miami,NY
ORD0002170,SHP001663,E003154,out_for_delivery,2025-01-06 20:00:00,Miami,AZ
ORD0000568,SHP001005,E000987,in_transit,2025-01-26 01:00:00,New York,AZ
ORD0001996,SHP000947,E002544,in_transit,2025-10-06 15:00:00,Seattle,WA
ORD0002015,SHP001235,E005606,picked_up,2025-10-12 01:00:00,New York,IL
ORD0000075,SHP000234,E001728,in_transit,2025-08-23 05:00:00,New York,WA
ORD0000851,SHP001366,E002508,out_for_delivery,2025-10-30 16:00:00,New York,CO
ORD0000220,SHP000166,E004505,delivered,2025-02-04 15:00:00,New York,AZ
ORD0000371,SHP001561,E004149,in_transit,2025-11-06 07:00:00,Dallas,IL
ORD0000802,SHP000872,E002288,in_transit,2025-09-13 00:00:00,Los Angeles,TX
ORD0001217,SHP000434,E002407,out_for_delivery,2025-04-28 17:00:00,Denver,CA
ORD0001615,SHP001013,E000043,in_transit,2025-12-06 07:00:00,Los Angeles,NY
ORD0001427,SHP000114,E005629,in_transit,2025-10-11 01:00:00,Phoenix,FL
ORD0001054,SHP000841,E005419,out_for_delivery,2025-07-03 20:00:00,Seattle,WA
ORD0000254,SHP000671,E003870,delivered,2025-02-24 08:00:00,Miami,IL
ORD0002070,SHP001154,E003767,out_for_delivery,2025-10-17 21:00:00,Seattle,IL
ORD0000365,SHP001162,E002492,out_for_delivery,2025-04-22 22:00:00,New York,CO
ORD0000190,SHP001645,E002300,in_transit,2025-04-13 16:00:00,Phoenix,CA
ORD0002018,SHP000664,E000839,in_transit,2025-02-16 23:00:00,Miami,CO
ORD0001052,SHP001696,E005601,in_transit,2025-01-28 13:00:00,Seattle,IL
ORD0001050,SHP001791,E000481,delivered,2025-07-31 22:00:00,Phoenix,NY
ORD0000517,SHP000100,E001654,delivered,2025-03-31 13:00:00,Miami,WA
ORD0001371,SHP001098,E005376,in_transit,2025-12-23 06:00:00,Seattle,TX
ORD0000660,SHP001410,E000206,label_created,2025-02-10 12:00:00,Denver,TX
ORD0000205,SHP001495,E000094,in_transit,2025-08-24 15:00:00,Seattle,CA
ORD0002175,SHP000347,E000001,label_created,2025-03-18 08:00:00,Phoenix,IL
ORD0000844,SHP000695,E000807,in_transit,2025-06-09 23:00:00,Chicago,IL
ORD0000656,SHP001316,E003944,in_transit,2025-02-20 14:00:00,Los Angeles,TX
ORD0000940,SHP001578,E001367,out_for_delivery,2025-11-05 02:00:00,Denver,CO
ORD0001402,SHP001429,E004029,in_transit,2025-09-24 15:00:00,Miami,TX
ORD0001235,SHP000980,E004492,in_transit,2025-04-12 20:00:00,Seattle,WA
ORD0000683,SHP000797,E004642,delivered,2025-06-01 22:00:00,Chicago,IL
ORD0001375,SHP001096,E000857,delivered,2025-07-12 18:00:00,Seattle,CA
ORD0002192,SHP001332,E001494,picked_up,2025-10-26 09:00:00,Miami,IL
ORD0001690,SHP000440,E000240,out_for_delivery,2025-02-09 02:00:00,Denver,CA
ORD0001081,SHP001640,E005324,out_for_delivery,2025-05-22 23:00:00,Seattle,IL
ORD0001737,SHP000332,E000910,label_created,2025-11-03 00:00:00,Dallas,TX
ORD0001276,SHP000344,E005253,in_transit,2025-11-07 08:00:00,Chicago,WA
ORD0001427,SHP001060,E001464,picked_up,2025-08-28 13:00:00,Dallas,NY
ORD0001317,SHP001035,E004715,picked_up,2025-07-08 14:00:00,Seattle,NY
ORD0000887,SHP000383,E000983,in_transit,2025-02-08 08:00:00,Dallas,TX
ORD0001735,SHP000863,E003362,in_transit,2025-11-25 09:00:00,Los Angeles,FL
ORD0000261,SHP001445,E002638,in_transit,2025-02-10 16:00:00,Miami,NY
ORD0000404,SHP000116,E003665,delivered,2025-02-27 08:00:00,Denver,AZ
ORD0001162,SHP000141,E002273,in_transit,2025-08-06 15:00:00,New York,CA
ORD0002017,SHP000921,E004764,picked_up,2025-01-31 09:00:00,Dallas,CA
ORD0000254,SHP001706,E003741,picked_up,2025-03-17 23:00:00,Phoenix,WA
ORD0001648,SHP001492,E001278,label_created,2025-01-24 05:00:00,Chicago,IL
ORD0000638,SHP001298,E003011,label_created,2025-03-17 05:00:00,Denver,TX
ORD0001099,SHP000874,E001678,label_created,2025-07-01 22:00:00,Miami,TX
ORD0000023,SHP000937,E002407,label_created,2025-09-12 21:00:00,Dallas,FL
ORD0000352,SHP001064,E000213,in_transit,2025-01-27 02:00:00,New York,CO
ORD0001622,SHP001361,E004496,in_transit,2025-01-28 08:00:00,New York,CO
ORD0000531,SHP001541,E001474,in_transit,2025-01-15 05:00:00,Miami,IL
ORD0001971,SHP001392,E000024,in_transit,2025-05-24 15:00:00,Phoenix,WA
ORD0001626,SHP000174,E000396,in_transit,2025-10-08 01:00:00,Phoenix,CA
ORD0001324,SHP001079,E002514,out_for_delivery,2025-12-18 08:00:00,Los Angeles,AZ
ORD0000782,SHP000402,E002674,out_for_delivery,2025-07-03 15:00:00,New York,AZ
ORD0001532,SHP000748,E001499,in_transit,2025-02-13 23:00:00,Dallas,WA
ORD0001487,SHP001690,E000482,picked_up,2025-10-24 08:00:00,Miami,IL
ORD0001296,SHP001085,E004437,in_transit,2025-10-13 06:00:00,Dallas,NY
ORD0001179,SHP000767,E000022,in_transit,2025-11-15 05:00:00,Seattle,NY
ORD0001876,SHP001496,E005006,exception,2025-10-28 19:00:00,Phoenix,WA
ORD0000254,SHP000461,E000439,delivered,2025-07-23 17:00:00,Miami,NY
ORD0000255,SHP000576,E001213,picked_up,2025-08-09 16:00:00,Phoenix,NY
ORD0000177,SHP001217,E001163,out_for_delivery,2025-05-09 19:00:00,Denver,IL
ORD0002198,SHP001752,E000822,in_transit,2025-05-28 11:00:00,Dallas,CO
ORD0002124,SHP001705,E001036,in_transit,2025-01-23 17:00:00,Seattle,CA
ORD0001479,SHP000937,E002047,in_transit,2025-11-08 12:00:00,Miami,AZ
ORD0000393,SHP000029,E000340,delivered,2025-02-07 14:00:00,Denver,CO
ORD0001842,SHP000236,E001479,label_created,2025-12-10 16:00:00,Dallas,CO
ORD0001119,SHP000176,E003765,picked_up,2025-06-29 15:00:00,New York,IL
ORD0000899,SHP001310,E003826,in_transit,2025-08-24 23:00:00,Miami,FL
ORD0000146,SHP001061,E001734,in_transit,2025-11-24 07:00:00,Miami,WA
ORD0001060,SHP001458,E003582,label_created,2025-12-18 08:00:00,Phoenix,CO
ORD0001049,SHP001027,E000784,delivered,2025-11-27 01:00:00,Dallas,AZ
ORD0001141,SHP000401,E005323,out_for_delivery,2025-03-09 02:00:00,Seattle,FL
ORD0001043,SHP001444,E002815,delivered,2025-01-14 00:00:00,Denver,AZ
ORD0001604,SHP000755,E005099,in_transit,2025-02-04 08:00:00,Denver,IL
ORD0000355,SHP000443,E000054,picked_up,2025-06-27 11:00:00,Los Angeles,CA
ORD0001435,SHP001631,E002906,delivered,2025-12-20 23:00:00,Denver,IL
ORD0001858,SHP000257,E003465,in_transit,2025-01-19 21:00:00,Chicago,WA
ORD0000307,SHP001460,E005449,in_transit,2025-04-15 13:00:00,Chicago,CA
ORD0000468,SHP001669,E002944,delivered,2025-08-11 12:00:00,Dallas,CO
ORD0001762,SHP000083,E000329,out_for_delivery,2025-09-13 16:00:00,Denver,AZ
ORD0001114,SHP000215,E002532,picked_up,2025-07-11 04:00:00,Dallas,CO
ORD0000509,SHP001664,E000753,picked_up,2025-04-28 16:00:00,Phoenix,NY
ORD0002061,SHP001248,E000255,in_transit,2025-10-20 18:00:00,Phoenix,AZ
ORD0001013,SHP000551,E005099,label_created,2025-08-03 05:00:00,New York,TX
ORD0001590,SHP001776,E002274,in_transit,2025-02-02 12:00:00,Los Angeles,TX
ORD0001074,SHP001428,E000904,in_transit,2025-01-31 09:00:00,Los Angeles,AZ
ORD0002014,SHP000610,E000039,out_for_delivery,2025-07-06 05:00:00,New York,WA
ORD0001165,SHP000110,E003762,label_created,2025-07-22 14:00:00,New York,NY
ORD0001406,SHP000416,E000259,delivered,2025-08-27 12:00:00,Los Angeles,TX
ORD0000781,SHP000319,E005649,in_transit,2025-10-27 22:00:00,Seattle,CO
ORD0001292,SHP001738,E001237,in_transit,2025-10-17 03:00:00,Phoenix,WA
ORD0000418,SHP000536,E003783,picked_up,2025-04-03 22:00:00,Miami,TX
ORD0000529,SHP000920,E002565,in_transit,2025-11-08 20:00:00,Seattle,NY
ORD0000735,SHP000794,E001259,in_transit,2025-02-26 14:00:00,Dallas,AZ
ORD0002023,SHP001358,E003320,exception,2025-04-14 22:00:00,New York,IL
ORD0000892,SHP001118,E004595,picked_up,2025-08-13 01:00:00,Chicago,IL
ORD0001831,SHP000447,E005051,out_for_delivery,2025-08-23 06:00:00,Denver,WA
ORD0001272,SHP000699,E005164,delivered,2025-11-13 20:00:00,Chicago,IL
ORD0001535,SHP000786,E000258,picked_up,2025-01-31 08:00:00,Miami,AZ
ORD0001690,SHP001724,E003586,label_created,2025-09-21 08:00:00,New York,IL
ORD0001234,SHP000384,E001454,in_transit,2025-04-23 00:00:00,Chicago,TX
ORD0002009,SHP001138,E004159,picked_up,2025-02-27 21:00:00,Dallas,NY
ORD0000514,SHP001146,E000054,picked_up,2025-07-21 04:00:00,Chicago,CO
ORD0000315,SHP000794,E001782,picked_up,2025-04-29 13:00:00,Chicago,FL
ORD0001332,SHP001536,E003278,in_transit,2025-01-28 16:00:00,New York,IL
ORD0000205,SHP000762,E000746,in_transit,2025-06-20 01:00:00,Chicago,CO
ORD0001232,SHP000642,E003496,in_transit,2025-08-14 18:00:00,New York,NY
ORD0001202,SHP000030,E000649,out_for_delivery,2025-10-01 19:00:00,Chicago,CO
ORD0000988,SHP000448,E000106,in_transit,2025-04-03 10:00:00,Phoenix,CO
ORD0000450,SHP000935,E003969,in_transit,2025-03-25 04:00:00,Los Angeles,TX
ORD0000213,SHP000709,E003482,out_for_delivery,2025-08-18 11:00:00,Denver,FL
ORD0001940,SHP000635,E002198,delivered,2025-09-23 13:00:00,New York,AZ
ORD0000449,SHP000776,E001000,in_transit,2025-04-11 17:00:00,Chicago,FL
ORD0001842,SHP000103,E005556,out_for_delivery,2025-06-28 01:00:00,Los Angeles,WA
ORD0000958,SHP001245,E004796,picked_up,2025-06-21 20:00:00,Denver,CA
ORD0001967,SHP000123,E004646,out_for_delivery,2025-08-10 13:00:00,Miami,TX
ORD0002161,SHP000351,E003740,in_transit,2025-01-19 20:00:00,Los Angeles,FL
ORD0000262,SHP000003,E000433,in_transit,2025-12-27 05:00:00,Phoenix,IL
ORD0000425,SHP001703,E001703,in_transit,2025-03-19 14:00:00,Seattle,IL
ORD0000774,SHP000310,E001309,in_transit,2025-08-02 06:00:00,Miami,FL
ORD0001231,SHP000350,E002862,exception,2025-11-23 04:00:00,Los Angeles,CA
ORD0002043,SHP001293,E002791,out_for_delivery,2025-10-29 23:00:00,New York,CA
ORD0000700,SHP001196,E004224,picked_up,2025-08-17 03:00:00,Seattle,NY
ORD0001059,SHP000907,E004804,in_transit,2025-11-13 16:00:00,Los Angeles,AZ
ORD0001021,SHP001331,E000547,out_for_delivery,2025-11-12 22:00:00,New York,CA
ORD0001618,SHP000470,E004398,in_transit,2025-10-25 05:00:00,Seattle,AZ
ORD0001965,SHP000361,E004864,picked_up,2025-02-19 00:00:00,Seattle,WA
ORD0001116,SHP000364,E003002,label_created,2025-02-26 01:00:00,New York,NY
ORD0001241,SHP000367,E003748,delivered,2025-01-26 20:00:00,Seattle,TX
ORD0001177,SHP000018,E004644,picked_up,2025-02-06 21:00:00,Denver,IL
ORD0001397,SHP000368,E004301,in_transit,2025-10-03 14:00:00,Dallas,AZ
ORD0001892,SHP000531,E003262,out_for_delivery,2025-04-16 13:00:00,Los Angeles,TX
ORD0000335,SHP001295,E005204,out_for_delivery,2025-10-04 12:00:00,Denver,FL
ORD0001653,SHP001593,E002704,picked_up,2025-10-01 23:00:00,Seattle,TX
ORD0000611,SHP000694,E000290,in_transit,2025-11-03 19:00:00,Seattle,IL
ORD0002180,SHP000439,E003923,label_created,2025-01-12 00:00:00,New York,NY
ORD0001882,SHP000765,E000272,picked_up,2025-12-15 07:00:00,Chicago,AZ
ORD0001192,SHP001433,E005479,delivered,2025-05-30 11:00:00,Seattle,IL
ORD0000762,SHP000146,E005366,delivered,2025-09-23 10:00:00,Chicago,TX
ORD0000331,SHP000796,E002347,label_created,2025-01-23 18:00:00,Dallas,FL
ORD0001654,SHP001482,E002961,delivered,2025-08-13 10:00:00,Phoenix,CA
ORD0002087,SHP001045,E001811,picked_up,2025-11-01 16:00:00,Miami,CA
ORD0000335,SHP001295,E004832,in_transit,2025-07-14 11:00:00,Los Angeles,NY
ORD0000467,SHP001703,E004761,delivered,2025-08-25 08:00:00,Los Angeles,CO
ORD0002054,SHP000059,E002333,delivered,2025-01-10 19:00:00,Denver,TX
ORD0001050,SHP000693,E005244,picked_up,2025-06-30 22:00:00,Seattle,FL
ORD0002199,SHP001744,E002585,out_for_delivery,2025-10-16 14:00:00,Dallas,WA
ORD0002042,SHP001585,E000469,in_transit,2025-12-11 06:00:00,Miami,IL
ORD0001373,SHP000844,E004622,picked_up,2025-04-15 08:00:00,Phoenix,AZ
ORD0002130,SHP000970,E002364,picked_up,2025-05-26 16:00:00,Chicago,AZ
ORD0002125,SHP000102,E000981,out_for_delivery,2025-05-10 07:00:00,Dallas,CA
ORD0001464,SHP001253,E002187,in_transit,2025-04-28 03:00:00,Los Angeles,FL
ORD0000617,SHP000914,E002024,delivered,2025-01-15 21:00:00,Chicago,WA
ORD0000369,SHP000393,E003950,out_for_delivery,2025-10-03 17:00:00,Dallas,TX
ORD0000686,SHP000078,E004214,picked_up,2025-12-13 05:00:00,Los Angeles,NY
ORD0001781,SHP001514,E005503,in_transit,2025-05-08 03:00:00,Dallas,WA
ORD0001629,SHP000007,E003306,out_for_delivery,2025-03-19 04:00:00,Seattle,TX
ORD0002053,SHP001222,E004477,picked_up,2025-04-22 18:00:00,Chicago,TX
ORD0001814,SHP001336,E000153,in_transit,2025-10-13 08:00:00,Dallas,NY
ORD0000600,SHP000619,E004914,in_transit,2025-01-30 17:00:00,Chicago,NY
ORD0001310,SHP001737,E005182,in_transit,2025-11-10 04:00:00,Los Angeles,IL
ORD0001357,SHP001586,E001333,label_created,2025-12-15 23:00:00,Miami,NY
ORD0002143,SHP000077,E005392,picked_up,2025-07-14 13:00:00,New York,WA
ORD0000771,SHP000102,E000563,picked_up,2025-06-19 20:00:00,Miami,WA
ORD0002043,SHP001293,E002691,picked_up,2025-03-25 09:00:00,Seattle,FL
ORD0000249,SHP001613,E004859,delivered,2025-02-16 08:00:00,Phoenix,TX
ORD0002177,SHP001005,E002694,in_transit,2025-06-24 04:00:00,Denver,WA
ORD0000086,SHP001187,E000741,picked_up,2025-09-27 14:00:00,Denver,FL
ORD0000695,SHP000658,E000710,delivered,2025-09-23 08:00:00,Chicago,TX
ORD0000844,SHP000791,E000124,out_for_delivery,2025-06-07 01:00:00,Chicago,FL
ORD0000236,SHP001442,E005071,in_transit,2025-05-14 10:00:00,Los Angeles,TX
ORD0000018,SHP001081,E003181,in_transit,2025-03-16 05:00:00,Dallas,TX
ORD0000869,SHP000687,E004394,picked_up,2025-03-01 17:00:00,Dallas,NY
ORD0001449,SHP001253,E003027,label_created,2025-10-31 02:00:00,Denver,CO
ORD0001267,SHP001644,E002007,label_created,2025-11-09 09:00:00,Denver,WA
ORD0000802,SHP000923,E001040,out_for_delivery,2025-06-29 15:00:00,Phoenix,FL
ORD0000437,SHP000189,E005042,picked_up,2025-04-19 07:00:00,Miami,IL
ORD0000743,SHP000847,E000462,label_created,2025-10-17 18:00:00,Los Angeles,TX
ORD0000212,SHP001539,E002692,label_created,2025-02-14 16:00:00,Denver,AZ
ORD0000192,SHP001413,E001499,in_transit,2025-04-22 16:00:00,Seattle,IL
ORD0000022,SHP001461,E004179,in_transit,2025-04-26 16:00:00,Miami,WA
ORD0001915,SHP000446,E005303,delivered,2025-03-19 23:00:00,Miami,WA
ORD0001314,SHP000134,E001902,picked_up,2025-06-22 09:00:00,Miami,AZ
ORD0000612,SHP001364,E004387,in_transit,2025-04-11 06:00:00,Seattle,AZ
ORD0000322,SHP000464,E005595,in_transit,2025-05-26 03:00:00,New York,TX
ORD0000730,SHP001313,E003007,in_transit,2025-06-28 14:00:00,Chicago,CA
ORD0001370,SHP000409,E001362,out_for_delivery,2025-08-24 23:00:00,Seattle,AZ
ORD0000868,SHP001310,E004862,in_transit,2025-11-08 02:00:00,Los Angeles,CA
ORD0000908,SHP001248,E003669,delivered,2025-07-06 01:00:00,Miami,NY
ORD0000317,SHP000282,E000009,in_transit,2025-09-24 23:00:00,Chicago,CO
ORD0001994,SHP000104,E003454,out_for_delivery,2025-03-09 14:00:00,Phoenix,TX
ORD0002035,SHP000580,E000915,delivered,2025-07-21 14:00:00,Phoenix,WA
ORD0000724,SHP001648,E000710,in_transit,2025-06-17 10:00:00,Dallas,TX
ORD0000752,SHP000988,E004623,in_transit,2025-05-22 17:00:00,Seattle,IL
ORD0002120,SHP000219,E003944,in_transit,2025-11-12 21:00:00,Los Angeles,NY
ORD0001440,SHP001348,E005509,picked_up,2025-03-16 02:00:00,Los Angeles,FL
ORD0002142,SHP001732,E005199,in_transit,2025-08-08 19:00:00,Denver,CO
ORD0001941,SHP001445,E002420,delivered,2025-06-05 23:00:00,Phoenix,TX
ORD0000081,SHP000712,E004839,delivered,2025-12-30 22:00:00,Miami,TX
ORD0001542,SHP000029,E000346,out_for_delivery,2025-10-28 14:00:00,Denver,NY
ORD0000451,SHP001574,E003531,out_for_delivery,2025-01-24 21:00:00,Phoenix,WA
ORD0001060,SHP000405,E002019,picked_up,2025-09-25 23:00:00,New York,TX
ORD0000899,SHP001310,E005575,out_for_delivery,2025-03-02 22:00:00,Dallas,FL
ORD0000991,SHP000231,E002857,out_for_delivery,2025-08-31 07:00:00,Miami,TX
ORD0000695,SHP001324,E003714,delivered,2025-05-29 00:00:00,New York,WA
ORD0002065,SHP000876,E005022,picked_up,2025-04-25 15:00:00,Los Angeles,IL
ORD0001003,SHP001730,E003110,label_created,2025-04-14 17:00:00,Chicago,AZ
ORD0001595,SHP001213,E001807,in_transit,2025-01-21 09:00:00,Dallas,IL
ORD0002027,SHP000453,E004269,out_for_delivery,2025-06-17 17:00:00,Los Angeles,NY
ORD0001474,SHP000183,E000170,in_transit,2025-12-28 13:00:00,Dallas,WA
ORD0001511,SHP000113,E000565,label_created,2025-08-16 23:00:00,Miami,CO
ORD0000614,SHP000522,E005211,in_transit,2025-05-22 22:00:00,Chicago,IL
ORD0001435,SHP001631,E000134,out_for_delivery,2025-06-30 22:00:00,Miami,NY
ORD0000720,SHP000777,E003087,picked_up,2025-10-31 17:00:00,Miami,CO
ORD0001321,SHP000864,E002220,in_transit,2025-07-05 00:00:00,Denver,NY
ORD0001225,SHP001381,E003446,exception,2025-05-01 19:00:00,Dallas,FL
ORD0002159,SHP001460,E002565,out_for_delivery,2025-01-24 16:00:00,Phoenix,IL
ORD0001309,SHP000784,E000314,in_transit,2025-03-17 04:00:00,Seattle,TX
ORD0001363,SHP000549,E002821,picked_up,2025-03-27 18:00:00,Los Angeles,CO
ORD0002108,SHP000380,E002152,in_transit,2025-08-05 22:00:00,Los Angeles,CA
ORD0000202,SHP000324,E004017,in_transit,2025-05-27 05:00:00,Los Angeles,CA
ORD0001615,SHP000234,E002794,label_created,2025-06-17 19:00:00,Denver,CO
ORD0001362,SHP000923,E003730,picked_up,2025-08-21 03:00:00,Miami,CO
ORD0000696,SHP000057,E004205,in_transit,2025-04-24 07:00:00,Phoenix,TX
ORD0001907,SHP000189,E003049,in_transit,2025-10-08 04:00:00,Dallas,NY
ORD0001939,SHP000483,E003095,in_transit,2025-10-24 13:00:00,Denver,CO
ORD0001555,SHP000691,E001048,in_transit,2025-01-20 10:00:00,Phoenix,IL
ORD0001005,SHP001549,E000760,label_created,2025-04-09 03:00:00,Phoenix,CO
ORD0000692,SHP000439,E001393,in_transit,2025-07-07 20:00:00,Chicago,NY
ORD0001059,SHP001654,E002381,out_for_delivery,2025-11-28 08:00:00,Seattle,FL
ORD0000862,SHP000528,E005405,label_created,2025-01-05 15:00:00,Dallas,CA
ORD0001848,SHP000757,E002819,out_for_delivery,2025-11-30 01:00:00,New York,TX
ORD0001201,SHP000732,E005176,in_transit,2025-02-02 11:00:00,Dallas,TX
ORD0000284,SHP000223,E000502,delivered,2025-11-02 21:00:00,Phoenix,CO
ORD0001780,SHP000525,E002865,in_transit,2025-11-08 22:00:00,Los Angeles,WA
ORD0000731,SHP000807,E005617,picked_up,2025-11-02 02:00:00,Chicago,NY
ORD0000034,SHP001761,E003900,label_created,2025-02-03 07:00:00,Denver,TX
ORD0000102,SHP000218,E001070,in_transit,2025-08-31 13:00:00,Los Angeles,TX
ORD0001844,SHP000215,E001024,delivered,2025-03-21 01:00:00,Seattle,AZ
ORD0000840,SHP000816,E002007,in_transit,2025-08-02 11:00:00,Chicago,IL
ORD0001061,SHP001485,E002992,out_for_delivery,2025-05-08 12:00:00,Phoenix,AZ
ORD0001627,SHP001128,E000518,picked_up,2025-12-06 03:00:00,Phoenix,TX
ORD0000358,SHP000257,E000645,picked_up,2025-04-14 19:00:00,Seattle,IL
ORD0001594,SHP001749,E004814,picked_up,2025-11-22 12:00:00,Dallas,IL
ORD0000347,SHP000934,E001326,delivered,2025-02-18 14:00:00,Seattle,IL
ORD0000550,SHP001536,E004309,delivered,2025-09-07 02:00:00,Denver,WA
ORD0001053,SHP001028,E000478,picked_up,2025-02-04 23:00:00,Miami,AZ
ORD0000138,SHP000106,E005086,picked_up,2025-08-20 04:00:00,Seattle,NY
ORD0001217,SHP000434,E003201,in_transit,2025-08-22 07:00:00,Chicago,FL
ORD0000202,SHP000074,E005220,picked_up,2025-12-18 06:00:00,Seattle,WA
ORD0000622,SHP000878,E004231,in_transit,2025-11-27 05:00:00,Los Angeles,CA
ORD0000370,SHP000917,E004513,in_transit,2025-02-25 12:00:00,Miami,AZ
ORD0000386,SHP000552,E000727,out_for_delivery,2025-01-21 23:00:00,Phoenix,TX
ORD0001953,SHP000021,E001434,in_transit,2025-01-31 06:00:00,Miami,NY
ORD0000651,SHP000042,E003151,out_for_delivery,2025-06-05 01:00:00,Denver,AZ
ORD0001169,SHP001474,E003470,in_transit,2025-07-28 14:00:00,Dallas,WA
ORD0000179,SHP001143,E001493,out_for_delivery,2025-11-22 15:00:00,Dallas,CA
ORD0000666,SHP000467,E000623,in_transit,2025-03-10 02:00:00,New York,WA
ORD0001000,SHP001647,E004017,out_for_delivery,2025-02-27 02:00:00,Los Angeles,CA
ORD0000099,SHP000059,E001150,in_transit,2025-03-05 09:00:00,Phoenix,IL
ORD0000535,SHP000504,E001357,out_for_delivery,2025-01-22 21:00:00,Dallas,WA
ORD0000661,SHP000154,E001423,delivered,2025-11-01 18:00:00,Chicago,IL
ORD0000959,SHP001695,E000599,delivered,2025-07-26 18:00:00,New York,TX
ORD0001054,SHP000016,E004271,out_for_delivery,2025-03-09 18:00:00,Phoenix,FL
ORD0000824,SHP000254,E005404,label_created,2025-04-04 20:00:00,New York,TX
ORD0002019,SHP000552,E000433,label_created,2025-10-01 15:00:00,Dallas,IL
ORD0000033,SHP000388,E002228,out_for_delivery,2025-02-14 23:00:00,New York,CO
ORD0000880,SHP000062,E003997,in_transit,2025-04-20 20:00:00,Seattle,IL
ORD0002072,SHP000441,E001885,label_created,2025-01-04 16:00:00,Seattle,AZ
ORD0000117,SHP000503,E002841,label_created,2025-04-25 05:00:00,Los Angeles,CA
ORD0000263,SHP001392,E005177,delivered,2025-10-27 15:00:00,Los Angeles,IL
ORD0000831,SHP001133,E002095,in_transit,2025-10-17 20:00:00,Phoenix,TX
ORD0000690,SHP000199,E000703,in_transit,2025-03-17 15:00:00,Miami,TX
ORD0000220,SHP001363,E001778,picked_up,2025-08-26 12:00:00,New York,FL
ORD0001809,SHP000654,E003413,delivered,2025-04-16 15:00:00,Chicago,CA
ORD0001433,SHP000467,E004143,delivered,2025-01-28 12:00:00,New York,CO
ORD0000942,SHP001195,E003596,delivered,2025-12-23 14:00:00,Chicago,AZ
ORD0000393,SHP001552,E003798,in_transit,2025-11-20 04:00:00,Miami,NY
ORD0001667,SHP000761,E002414,in_transit,2025-08-28 01:00:00,New York,AZ
ORD0000573,SHP001060,E005085,out_for_delivery,2025-11-05 20:00:00,Dallas,CA
ORD0000109,SHP001794,E000344,in_transit,2025-09-24 19:00:00,New York,WA
ORD0000340,SHP000803,E004659,label_created,2025-03-09 04:00:00,Miami,IL
ORD0001429,SHP000603,E002610,delivered,2025-01-05 10:00:00,Miami,CO
ORD0001707,SHP000935,E003338,in_transit,2025-01-13 10:00:00,Phoenix,AZ
ORD0001180,SHP000963,E003736,out_for_delivery,2025-03-03 18:00:00,Chicago,CA
ORD0000298,SHP000560,E005477,delivered,2025-03-30 17:00:00,Los Angeles,CA
ORD0000675,SHP000133,E005346,label_created,2025-07-28 11:00:00,Denver,WA
ORD0001743,SHP000549,E003038,in_transit,2025-02-08 18:00:00,Miami,TX
ORD0001417,SHP000351,E004789,in_transit,2025-08-04 17:00:00,Seattle,NY
ORD0001881,SHP000101,E001836,in_transit,2025-06-28 04:00:00,Dallas,AZ
ORD0000346,SHP000203,E004895,out_for_delivery,2025-07-17 23:00:00,Los Angeles,FL
ORD0000192,SHP000157,E000385,label_created,2025-02-07 18:00:00,Miami,CA
ORD0001623,SHP000446,E001623,out_for_delivery,2025-05-26 01:00:00,Los Angeles,AZ
ORD0001020,SHP001549,E005408,label_created,2025-02-09 15:00:00,Phoenix,CO
ORD0000434,SHP000465,E001328,label_created,2025-03-28 06:00:00,Seattle,AZ
ORD0001059,SHP001654,E002278,exception,2025-08-15 21:00:00,New York,FL
ORD0001066,SHP000374,E001485,out_for_delivery,2025-07-31 19:00:00,Dallas,WA
ORD0001447,SHP001443,E005032,in_transit,2025-12-11 09:00:00,Dallas,CO
ORD0000789,SHP001522,E001136,out_for_delivery,2025-05-20 07:00:00,Chicago,NY
ORD0000566,SHP000208,E001905,picked_up,2025-12-17 10:00:00,Denver,FL
ORD0001452,SHP001285,E000110,in_transit,2025-07-21 14:00:00,Denver,TX
ORD0001991,SHP000871,E003244,in_transit,2025-07-03 20:00:00,Denver,NY
ORD0001316,SHP000287,E001938,picked_up,2025-01-09 08:00:00,Seattle,CO
ORD0001421,SHP001302,E004358,label_created,2025-03-25 01:00:00,Chicago,IL
ORD0000959,SHP000098,E004464,in_transit,2025-10-21 09:00:00,Denver,CO
ORD0000157,SHP001768,E001845,picked_up,2025-06-05 08:00:00,Los Angeles,CA
ORD0000529,SHP000920,E005320,in_transit,2025-03-22 14:00:00,Phoenix,AZ
ORD0002045,SHP001065,E003340,picked_up,2025-08-03 18:00:00,Los Angeles,NY
ORD0002062,SHP001764,E004350,in_transit,2025-04-17 00:00:00,Phoenix,NY
ORD0001916,SHP000687,E001615,delivered,2025-04-02 08:00:00,Phoenix,WA
ORD0001342,SHP000944,E001227,picked_up,2025-12-24 20:00:00,Seattle,WA
ORD0001215,SHP000064,E001795,out_for_delivery,2025-06-02 17:00:00,Dallas,CA
ORD0001829,SHP001580,E000574,in_transit,2025-09-03 21:00:00,Dallas,NY
ORD0001409,SHP000151,E002333,in_transit,2025-04-30 23:00:00,Los Angeles,WA
ORD0000487,SHP000350,E005142,in_transit,2025-04-23 22:00:00,Los Angeles,AZ
ORD0000697,SHP000153,E002550,picked_up,2025-10-31 01:00:00,Phoenix,TX
ORD0001838,SHP001050,E003189,in_transit,2025-10-13 05:00:00,Miami,IL
ORD0000143,SHP001758,E002021,in_transit,2025-07-22 13:00:00,Phoenix,WA
ORD0002017,SHP000921,E004826,in_transit,2025-07-23 02:00:00,Seattle,TX
ORD0000734,SHP000845,E001277,exception,2025-12-01 02:00:00,Chicago,CA
ORD0000038,SHP001011,E001475,delivered,2025-01-02 10:00:00,Seattle,CA
ORD0000881,SHP001756,E002949,delivered,2025-10-06 05:00:00,New York,WA
ORD0001109,SHP000643,E004385,picked_up,2025-10-10 04:00:00,Seattle,CO
ORD0000725,SHP001128,E002234,out_for_delivery,2025-02-06 04:00:00,Phoenix,NY
ORD0000925,SHP001167,E000052,exception,2025-02-26 18:00:00,New York,IL
ORD0000286,SHP000160,E002091,out_for_delivery,2025-08-22 15:00:00,Phoenix,WA
ORD0001879,SHP001069,E002585,label_created,2025-07-19 23:00:00,Los Angeles,TX
ORD0001056,SHP001014,E002620,out_for_delivery,2025-05-10 13:00:00,Denver,WA
ORD0001775,SHP001155,E001452,in_transit,2025-02-07 09:00:00,Chicago,CA
ORD0001231,SHP000160,E001429,label_created,2025-07-10 10:00:00,Phoenix,FL
ORD0002176,SHP001425,E004633,out_for_delivery,2025-01-13 02:00:00,Phoenix,FL
ORD0002012,SHP000397,E001881,in_transit,2025-09-10 02:00:00,Denver,IL
ORD0001981,SHP001521,E003759,in_transit,2025-04-10 02:00:00,Phoenix,NY
ORD0000567,SHP001656,E002830,delivered,2025-04-23 14:00:00,Denver,AZ
ORD0000858,SHP001212,E001667,in_transit,2025-09-09 16:00:00,New York,TX
ORD0000398,SHP001216,E003241,in_transit,2025-06-20 08:00:00,Dallas,CA
ORD0000674,SHP000499,E002570,in_transit,2025-07-31 11:00:00,Miami,TX
ORD0000777,SHP000195,E003652,in_transit,2025-04-02 13:00:00,Los Angeles,IL
ORD0000067,SHP001146,E003337,in_transit,2025-10-06 15:00:00,Denver,NY
ORD0001261,SHP000990,E002426,label_created,2025-03-21 22:00:00,Denver,FL
ORD0002027,SHP000294,E002706,delivered,2025-07-08 03:00:00,Miami,CA
ORD0001245,SHP001638,E003457,out_for_delivery,2025-10-05 03:00:00,Seattle,IL
ORD0000395,SHP000048,E002365,in_transit,2025-12-05 18:00:00,Miami,CA
ORD0002111,SHP000821,E000548,delivered,2025-12-17 18:00:00,Los Angeles,CO
ORD0000837,SHP000847,E001075,in_transit,2025-08-19 08:00:00,Phoenix,AZ
ORD0000078,SHP000710,E004915,in_transit,2025-08-02 06:00:00,Denver,AZ
ORD0001392,SHP000277,E001908,out_for_delivery,2025-09-24 12:00:00,Dallas,AZ
ORD0001435,SHP001517,E005551,out_for_delivery,2025-08-22 19:00:00,Miami,NY
ORD0000631,SHP001792,E005609,in_transit,2025-06-25 07:00:00,Miami,CO
ORD0001898,SHP000405,E002387,picked_up,2025-06-11 11:00:00,Phoenix,WA
ORD0000438,SHP001317,E004963,out_for_delivery,2025-02-06 00:00:00,Chicago,TX
ORD0002067,SHP000779,E000903,picked_up,2025-04-06 21:00:00,Chicago,NY
ORD0000098,SHP000914,E004408,in_transit,2025-01-30 09:00:00,New York,CO
ORD0001274,SHP001531,E004688,in_transit,2025-10-09 23:00:00,Phoenix,NY
ORD0001198,SHP001497,E002781,in_transit,2025-10-02 15:00:00,Los Angeles,IL
ORD0000999,SHP001412,E005624,exception,2025-01-18 21:00:00,Seattle,AZ
ORD0002110,SHP001378,E000420,picked_up,2025-09-12 15:00:00,Denver,AZ
ORD0001604,SHP000475,E005215,picked_up,2025-08-29 14:00:00,Dallas,TX
ORD0001891,SHP001658,E001500,in_transit,2025-12-20 02:00:00,Dallas,FL
ORD0000080,SHP001271,E000080,in_transit,2025-12-01 07:00:00,Miami,WA
ORD0002065,SHP000387,E003420,in_transit,2025-08-13 20:00:00,New York,AZ
ORD0000423,SHP000792,E004537,label_created,2025-11-03 12:00:00,Chicago,FL
ORD0001381,SHP000240,E004187,out_for_delivery,2025-09-06 04:00:00,Seattle,FL
ORD0000442,SHP000844,E000042,in_transit,2025-09-12 17:00:00,Seattle,AZ
ORD0000311,SHP000279,E005133,in_transit,2025-03-01 15:00:00,Denver,WA
ORD0001214,SHP000217,E000164,in_transit,2025-08-26 02:00:00,Phoenix,CA
ORD0001881,SHP000427,E002855,exception,2025-12-21 02:00:00,Dallas,WA
ORD0000591,SHP000480,E001385,delivered,2025-12-12 08:00:00,New York,FL
ORD0002070,SHP000756,E002886,in_transit,2025-05-26 11:00:00,Denver,CA
ORD0001750,SHP001644,E001447,out_for_delivery,2025-02-10 19:00:00,Dallas,FL
ORD0000451,SHP000046,E000223,out_for_delivery,2025-04-26 16:00:00,Miami,NY
ORD0001172,SHP001151,E003477,delivered,2025-11-18 14:00:00,Seattle,WA
ORD0000050,SHP001706,E002871,delivered,2025-06-16 04:00:00,Phoenix,TX
ORD0001048,SHP001789,E002738,delivered,2025-04-27 15:00:00,Los Angeles,NY
ORD0000280,SHP000727,E005114,in_transit,2025-10-07 09:00:00,Dallas,CO
ORD0000796,SHP001151,E000641,label_created,2025-12-03 21:00:00,Chicago,NY
ORD0001658,SHP000811,E004969,delivered,2025-10-12 03:00:00,Dallas,NY
ORD0001313,SHP001089,E001337,delivered,2025-03-14 00:00:00,Miami,AZ
ORD0001462,SHP000055,E004249,out_for_delivery,2025-09-26 03:00:00,Dallas,AZ
ORD0001786,SHP000235,E002576,picked_up,2025-01-18 12:00:00,Los Angeles,TX
ORD0000555,SHP001424,E000914,in_transit,2025-08-16 09:00:00,New York,NY
ORD0001743,SHP001292,E000777,out_for_delivery,2025-10-01 09:00:00,Los Angeles,WA
ORD0001383,SHP001621,E000516,picked_up,2025-11-23 21:00:00,Miami,TX
ORD0000371,SHP000224,E002056,label_created,2025-09-04 23:00:00,Seattle,IL
ORD0000513,SHP000349,E000159,delivered,2025-09-17 22:00:00,Phoenix,AZ
ORD0002042,SHP000936,E000896,out_for_delivery,2025-11-05 13:00:00,Phoenix,IL
ORD0000886,SHP000474,E004741,exception,2025-05-28 23:00:00,Seattle,CO
ORD0001818,SHP001500,E001897,picked_up,2025-03-31 23:00:00,Dallas,NY
ORD0000510,SHP000340,E000390,label_created,2025-04-08 09:00:00,Chicago,WA
ORD0001071,SHP000357,E004849,delivered,2025-08-16 07:00:00,Denver,WA
ORD0000033,SHP001611,E003385,out_for_delivery,2025-09-30 17:00:00,New York,NY
ORD0002184,SHP001500,E002525,delivered,2025-08-17 05:00:00,Seattle,IL
ORD0001917,SHP001319,E000551,out_for_delivery,2025-08-26 08:00:00,Chicago,CA
ORD0001021,SHP000978,E003056,in_transit,2025-04-14 21:00:00,Miami,CO
ORD0000171,SHP001525,E005675,in_transit,2025-03-24 10:00:00,Phoenix,NY
ORD0001356,SHP001211,E003622,in_transit,2025-12-28 20:00:00,Dallas,WA
ORD0001494,SHP000368,E001526,delivered,2025-03-30 16:00:00,Seattle,AZ
ORD0001586,SHP000617,E003087,in_transit,2025-03-01 12:00:00,Los Angeles,TX
ORD0001649,SHP001475,E002239,in_transit,2025-10-12 23:00:00,Los Angeles,CA
ORD0001357,SHP001027,E001522,in_transit,2025-02-10 10:00:00,Chicago,WA
ORD0000520,SHP000659,E005015,in_transit,2025-05-25 16:00:00,Dallas,CO
ORD0000686,SHP000961,E003447,in_transit,2025-12-03 12:00:00,Phoenix,IL
ORD0000528,SHP001542,E002167,in_transit,2025-05-15 07:00:00,Dallas,AZ
ORD0000542,SHP001532,E001100,in_transit,2025-04-29 17:00:00,New York,WA
ORD0001945,SHP000052,E002903,picked_up,2025-05-01 05:00:00,Miami,NY
ORD0000150,SHP000596,E003954,picked_up,2025-06-05 01:00:00,Phoenix,NY
ORD0001796,SHP000692,E005008,in_transit,2025-05-07 07:00:00,Los Angeles,CA
ORD0002125,SHP000920,E005052,picked_up,2025-04-14 18:00:00,Los Angeles,FL
ORD0000583,SHP000874,E001818,delivered,2025-11-29 16:00:00,Chicago,TX
ORD0001479,SHP001021,E003728,in_transit,2025-09-29 15:00:00,Denver,CO
ORD0001320,SHP001417,E001529,label_created,2025-09-17 05:00:00,Los Angeles,IL
ORD0000278,SHP001173,E002581,picked_up,2025-04-20 06:00:00,Denver,IL
ORD0002019,SHP000087,E004526,picked_up,2025-05-20 19:00:00,Denver,TX
ORD0001240,SHP000736,E003281,out_for_delivery,2025-03-21 13:00:00,Dallas,NY
ORD0000830,SHP001402,E000659,delivered,2025-02-25 22:00:00,Denver,CO
ORD0001848,SHP001180,E000484,in_transit,2025-05-16 17:00:00,Seattle,TX
ORD0001798,SHP000594,E000100,out_for_delivery,2025-02-19 09:00:00,New York,FL
ORD0000157,SHP001768,E003561,picked_up,2025-06-30 13:00:00,Chicago,IL
ORD0000728,SHP001346,E004183,exception,2025-12-30 04:00:00,Denver,NY
ORD0001122,SHP000841,E005122,in_transit,2025-12-09 03:00:00,Los Angeles,NY
ORD0000728,SHP001331,E001545,in_transit,2025-06-14 15:00:00,Chicago,TX
ORD0001296,SHP000486,E002734,out_for_delivery,2025-09-04 01:00:00,Dallas,CA
ORD0001865,SHP001264,E002240,picked_up,2025-09-22 05:00:00,Seattle,IL
ORD0000149,SHP001615,E000207,out_for_delivery,2025-05-09 01:00:00,Seattle,IL
ORD0001766,SHP000644,E003856,label_created,2025-06-15 19:00:00,Los Angeles,CA
ORD0000581,SHP001019,E005496,in_transit,2025-11-25 13:00:00,Denver,NY
ORD0000846,SHP000449,E001104,in_transit,2025-05-09 08:00:00,Los Angeles,WA
ORD0000452,SHP001222,E002126,picked_up,2025-03-04 12:00:00,Phoenix,WA
ORD0000345,SHP001089,E000339,in_transit,2025-08-01 22:00:00,New York,NY
ORD0000029,SHP000192,E005267,picked_up,2025-07-15 02:00:00,Denver,TX
ORD0000090,SHP000091,E000824,in_transit,2025-12-19 10:00:00,Seattle,WA
ORD0000350,SHP001534,E000446,in_transit,2025-04-25 02:00:00,Seattle,CO
ORD0001527,SHP001737,E004183,out_for_delivery,2025-01-04 10:00:00,Dallas,WA
ORD0001802,SHP000677,E004878,in_transit,2025-02-07 16:00:00,Los Angeles,AZ
ORD0001079,SHP001312,E000619,delivered,2025-02-17 11:00:00,Chicago,NY
ORD0000643,SHP001097,E002830,label_created,2025-02-27 00:00:00,Miami,FL
ORD0000043,SHP001146,E002999,in_transit,2025-02-15 02:00:00,Phoenix,AZ
ORD0001507,SHP000993,E003630,picked_up,2025-02-13 18:00:00,Chicago,NY
ORD0001720,SHP000447,E003362,delivered,2025-06-13 14:00:00,New York,FL
ORD0000101,SHP001461,E000097,delivered,2025-12-14 02:00:00,Phoenix,TX
ORD0000481,SHP000132,E001875,label_created,2025-08-10 06:00:00,Phoenix,NY
ORD0000108,SHP001126,E004501,delivered,2025-11-22 04:00:00,Phoenix,FL
ORD0001796,SHP000692,E005557,in_transit,2025-06-21 11:00:00,Seattle,CO
ORD0000786,SHP000157,E004885,picked_up,2025-03-02 10:00:00,Miami,AZ
ORD0001647,SHP000941,E002084,in_transit,2025-04-22 23:00:00,New York,TX
ORD0001625,SHP000580,E001886,in_transit,2025-06-03 19:00:00,Los Angeles,NY
ORD0001451,SHP000719,E005695,in_transit,2025-12-13 15:00:00,New York,NY
ORD0000253,SHP001752,E002525,picked_up,2025-01-25 23:00:00,New York,FL
ORD0001851,SHP000876,E005153,exception,2025-12-30 07:00:00,Denver,CO
ORD0001034,SHP001468,E005190,in_transit,2025-07-03 03:00:00,Chicago,WA
ORD0000468,SHP000052,E000521,in_transit,2025-07-20 18:00:00,New York,CA
ORD0000263,SHP001392,E002130,out_for_delivery,2025-12-26 10:00:00,New York,CA
ORD0001136,SHP000853,E001532,label_created,2025-10-08 13:00:00,Phoenix,TX
ORD0001409,SHP000151,E005070,picked_up,2025-08-11 19:00:00,Denver,AZ
ORD0000585,SHP001676,E004463,in_transit,2025-02-11 09:00:00,New York,WA
ORD0001024,SHP001723,E004124,in_transit,2025-03-13 20:00:00,Phoenix,FL
ORD0001868,SHP000567,E002699,out_for_delivery,2025-01-02 21:00:00,Phoenix,NY
ORD0001167,SHP001769,E001873,in_transit,2025-02-03 22:00:00,Phoenix,CA
ORD0000860,SHP001482,E002997,picked_up,2025-10-06 19:00:00,Los Angeles,AZ
ORD0000270,SHP001161,E003763,in_transit,2025-12-25 13:00:00,Phoenix,NY
ORD0001825,SHP000357,E001765,picked_up,2025-12-19 06:00:00,Phoenix,IL
ORD0000157,SHP001585,E001295,picked_up,2025-01-14 22:00:00,Phoenix,AZ
ORD0000769,SHP000634,E001957,in_transit,2025-10-19 09:00:00,Phoenix,AZ
ORD0000121,SHP000791,E004653,label_created,2025-07-23 05:00:00,Denver,TX
ORD0001267,SHP000451,E002127,in_transit,2025-09-03 05:00:00,Phoenix,IL
ORD0001802,SHP000754,E002090,delivered,2025-11-09 16:00:00,Seattle,NY
ORD0001911,SHP001409,E000401,in_transit,2025-01-17 11:00:00,Chicago,CA
ORD0000506,SHP000505,E002198,out_for_delivery,2025-08-27 15:00:00,Miami,IL
ORD0001529,SHP001269,E000869,in_transit,2025-03-26 17:00:00,Phoenix,NY
ORD0000795,SHP000261,E001275,picked_up,2025-02-20 16:00:00,Dallas,CO
ORD0001828,SHP001018,E000108,in_transit,2025-01-13 16:00:00,Chicago,TX
ORD0000844,SHP000402,E003896,delivered,2025-03-13 03:00:00,Seattle,IL
ORD0001737,SHP000941,E002626,in_transit,2025-05-21 17:00:00,Seattle,WA
ORD0000341,SHP000094,E001602,in_transit,2025-02-28 13:00:00,New York,IL
ORD0000190,SHP000084,E003094,in_transit,2025-11-13 20:00:00,Los Angeles,CO
ORD0000254,SHP000671,E001477,picked_up,2025-11-27 02:00:00,Denver,CA
ORD0001296,SHP001497,E005082,out_for_delivery,2025-05-08 10:00:00,Dallas,WA
ORD0001302,SHP000211,E005266,out_for_delivery,2025-11-24 21:00:00,Phoenix,NY
ORD0001095,SHP000405,E000611,in_transit,2025-12-05 13:00:00,Denver,AZ
ORD0002016,SHP001565,E005688,in_transit,2025-08-19 08:00:00,Denver,CA
ORD0000642,SHP000165,E000583,in_transit,2025-01-10 19:00:00,Chicago,IL
ORD0001089,SHP000669,E004313,picked_up,2025-11-13 04:00:00,Dallas,WA
ORD0000309,SHP000377,E002807,delivered,2025-03-23 13:00:00,New York,NY
ORD0000257,SHP000715,E001221,in_transit,2025-01-05 04:00:00,Chicago,FL
ORD0001730,SHP001091,E002941,label_created,2025-06-03 06:00:00,Los Angeles,IL
ORD0001918,SHP000946,E003275,delivered,2025-06-15 10:00:00,New York,AZ
ORD0002003,SHP001359,E004574,out_for_delivery,2025-02-02 17:00:00,Dallas,AZ
ORD0000695,SHP000658,E004114,delivered,2025-10-08 19:00:00,Phoenix,CA
ORD0000502,SHP001161,E002652,out_for_delivery,2025-05-21 06:00:00,Denver,WA
ORD0000806,SHP001681,E003745,delivered,2025-12-17 20:00:00,Miami,WA
ORD0000041,SHP001136,E004491,label_created,2025-02-06 16:00:00,New York,WA
ORD0001020,SHP000919,E000621,picked_up,2025-05-14 04:00:00,Chicago,NY
ORD0000176,SHP000196,E002585,delivered,2025-12-08 17:00:00,Denver,NY
ORD0001667,SHP001632,E002184,in_transit,2025-03-14 05:00:00,Dallas,FL
ORD0001310,SHP000525,E000844,label_created,2025-11-13 05:00:00,Denver,CA
ORD0001299,SHP000249,E001254,in_transit,2025-03-25 15:00:00,Chicago,CO
ORD0002173,SHP000744,E004163,out_for_delivery,2025-10-03 13:00:00,Seattle,WA
ORD0000906,SHP000429,E002462,picked_up,2025-02-10 05:00:00,New York,CA
ORD0001130,SHP001508,E005006,out_for_delivery,2025-08-14 22:00:00,Miami,TX
ORD0000157,SHP000858,E002272,in_transit,2025-03-20 22:00:00,Denver,IL
ORD0001333,SHP001441,E003583,in_transit,2025-10-14 07:00:00,Chicago,TX
ORD0000418,SHP000536,E001437,in_transit,2025-01-07 04:00:00,Denver,AZ
ORD0000796,SHP001151,E003687,delivered,2025-06-23 13:00:00,Phoenix,IL
ORD0000961,SHP001544,E000460,delivered,2025-10-07 11:00:00,Dallas,IL
ORD0000115,SHP000841,E000544,out_for_delivery,2025-03-19 23:00:00,Denver,NY
ORD0001556,SHP000730,E002121,delivered,2025-02-20 23:00:00,Chicago,FL
ORD0001381,SHP001672,E001999,in_transit,2025-09-16 16:00:00,Los Angeles,AZ
ORD0000432,SHP001124,E004490,in_transit,2025-12-08 14:00:00,Phoenix,WA
ORD0000892,SHP000906,E004449,label_created,2025-01-12 09:00:00,Phoenix,AZ
ORD0001602,SHP000352,E001258,label_created,2025-09-28 07:00:00,Phoenix,FL
ORD0000110,SHP001697,E001841,out_for_delivery,2025-09-11 23:00:00,Miami,AZ
ORD0002056,SHP001431,E004682,in_transit,2025-06-05 07:00:00,Dallas,NY
ORD0001256,SHP000687,E000979,in_transit,2025-08-16 08:00:00,Seattle,FL
ORD0000719,SHP000555,E005376,out_for_delivery,2025-05-30 16:00:00,Chicago,NY
ORD0001386,SHP001590,E004024,label_created,2025-11-08 13:00:00,Seattle,FL
ORD0001626,SHP000443,E000697,delivered,2025-01-21 19:00:00,Phoenix,TX
ORD0000752,SHP000988,E004141,out_for_delivery,2025-06-02 15:00:00,Los Angeles,WA
ORD0001060,SHP001487,E003731,picked_up,2025-03-16 06:00:00,New York,TX
ORD0001667,SHP001135,E001230,out_for_delivery,2025-08-15 23:00:00,Phoenix,TX
ORD0000123,SHP001448,E000958,in_transit,2025-05-04 05:00:00,Phoenix,IL
ORD0001977,SHP000691,E000800,in_transit,2025-06-08 12:00:00,Miami,CA
ORD0001333,SHP001523,E002843,in_transit,2025-01-08 23:00:00,Phoenix,TX
ORD0001218,SHP001688,E003913,delivered,2025-10-10 17:00:00,Los Angeles,WA
ORD0000292,SHP000523,E003829,in_transit,2025-01-11 07:00:00,Dallas,FL
ORD0001994,SHP000615,E002040,in_transit,2025-09-12 15:00:00,Chicago,FL
ORD0002038,SHP000133,E002922,in_transit,2025-09-17 09:00:00,Phoenix,NY
ORD0000502,SHP000612,E002984,in_transit,2025-07-06 21:00:00,Miami,NY
ORD0000737,SHP000939,E003614,out_for_delivery,2025-03-29 21:00:00,Miami,AZ
ORD0001368,SHP001491,E002556,label_created,2025-05-08 10:00:00,New York,TX
ORD0002131,SHP000586,E005064,delivered,2025-05-17 09:00:00,Seattle,CO
ORD0002134,SHP000727,E001728,delivered,2025-08-27 13:00:00,Miami,CO
ORD0000741,SHP001013,E003141,in_transit,2025-03-01 05:00:00,New York,WA
ORD0000831,SHP000737,E002786,picked_up,2025-09-18 06:00:00,Denver,FL
ORD0000429,SHP001086,E001562,out_for_delivery,2025-10-20 07:00:00,New York,WA
ORD0002160,SHP001636,E002928,picked_up,2025-09-29 19:00:00,Miami,FL
ORD0001021,SHP000154,E004741,out_for_delivery,2025-03-01 09:00:00,New York,AZ
ORD0001450,SHP000464,E000774,delivered,2025-06-04 12:00:00,Los Angeles,FL
ORD0000744,SHP001724,E001471,in_transit,2025-03-22 02:00:00,Chicago,NY
ORD0001025,SHP000452,E003140,in_transit,2025-10-26 14:00:00,Phoenix,IL
ORD0000188,SHP000849,E002883,delivered,2025-12-23 19:00:00,Denver,TX
ORD0000258,SHP000758,E002130,out_for_delivery,2025-03-29 06:00:00,Phoenix,WA
ORD0000146,SHP000097,E001128,label_created,2025-01-11 08:00:00,Seattle,FL
ORD0001046,SHP000352,E004082,in_transit,2025-01-19 23:00:00,Los Angeles,CO
ORD0001595,SHP001213,E004836,delivered,2025-12-04 23:00:00,Chicago,CO
ORD0000660,SHP001389,E003586,out_for_delivery,2025-10-27 16:00:00,Seattle,NY
ORD0001888,SHP001439,E001613,picked_up,2025-11-26 08:00:00,New York,NY
ORD0001629,SHP001034,E003098,in_transit,2025-08-25 12:00:00,Chicago,NY
ORD0001766,SHP000905,E004948,in_transit,2025-07-20 02:00:00,New York,WA
ORD0000743,SHP001753,E002409,exception,2025-11-09 17:00:00,Phoenix,WA
ORD0000900,SHP000478,E005064,picked_up,2025-05-24 13:00:00,New York,FL
ORD0001041,SHP001350,E004756,in_transit,2025-12-23 09:00:00,Miami,WA
ORD0000730,SHP000027,E003981,out_for_delivery,2025-08-12 10:00:00,Seattle,NY
ORD0001790,SHP001063,E005172,out_for_delivery,2025-10-11 13:00:00,Seattle,CA
ORD0001709,SHP000523,E003221,in_transit,2025-04-04 03:00:00,Seattle,NY
ORD0001260,SHP001723,E003590,picked_up,2025-08-15 19:00:00,Dallas,IL
ORD0001866,SHP001114,E000431,picked_up,2025-10-26 11:00:00,Phoenix,IL
ORD0001111,SHP000846,E000295,delivered,2025-12-14 08:00:00,Miami,CA
ORD0001575,SHP001527,E003604,in_transit,2025-06-16 15:00:00,New York,CO
ORD0000060,SHP000162,E005440,delivered,2025-11-25 04:00:00,Phoenix,TX
ORD0001613,SHP000777,E003129,in_transit,2025-03-16 04:00:00,Miami,NY
ORD0000675,SHP000133,E004245,out_for_delivery,2025-01-11 04:00:00,Chicago,CO
ORD0001421,SHP001055,E003172,out_for_delivery,2025-09-10 22:00:00,Phoenix,CO
ORD0000465,SHP000512,E005040,delivered,2025-04-22 20:00:00,Chicago,CA
ORD0000087,SHP001307,E000696,out_for_delivery,2025-04-04 13:00:00,Seattle,FL
ORD0002110,SHP000285,E001404,out_for_delivery,2025-12-04 16:00:00,Dallas,CO
ORD0000142,SHP001704,E000502,delivered,2025-11-19 22:00:00,Chicago,CO
ORD0000213,SHP001169,E005093,delivered,2025-04-10 04:00:00,Dallas,TX
ORD0000917,SHP001149,E001338,delivered,2025-07-03 09:00:00,Chicago,FL
ORD0000133,SHP000078,E005394,picked_up,2025-01-27 21:00:00,Denver,IL
ORD0000482,SHP001338,E001445,in_transit,2025-12-23 01:00:00,Chicago,FL
ORD0000546,SHP000709,E002837,picked_up,2025-10-24 01:00:00,Chicago,TX
ORD0000809,SHP001793,E005328,delivered,2025-05-15 19:00:00,Dallas,WA
ORD0001179,SHP001151,E000158,label_created,2025-03-27 02:00:00,Seattle,FL
ORD0001613,SHP000777,E004247,delivered,2025-04-11 16:00:00,Chicago,NY
ORD0001977,SHP000641,E002443,picked_up,2025-11-06 12:00:00,Seattle,CO
ORD0001602,SHP000352,E001202,in_transit,2025-05-29 10:00:00,Dallas,TX
ORD0000997,SHP000567,E002050,label_created,2025-04-27 07:00:00,Denver,FL
ORD0001351,SHP000381,E004096,in_transit,2025-01-29 18:00:00,Dallas,WA
ORD0001662,SHP001337,E003713,in_transit,2025-02-14 18:00:00,New York,FL
ORD0000692,SHP000439,E001902,in_transit,2025-11-30 13:00:00,Miami,CO
ORD0001691,SHP000089,E003502,in_transit,2025-01-20 17:00:00,Phoenix,AZ
ORD0000088,SHP001477,E000704,in_transit,2025-12-29 10:00:00,Chicago,TX
ORD0001977,SHP001779,E001940,exception,2025-03-29 01:00:00,Miami,CA
ORD0000799,SHP001367,E004030,out_for_delivery,2025-02-25 03:00:00,Dallas,AZ
ORD0001511,SHP000113,E002556,in_transit,2025-11-17 15:00:00,Chicago,AZ
ORD0001225,SHP000990,E000804,picked_up,2025-12-10 05:00:00,Seattle,WA
ORD0000620,SHP000653,E001255,label_created,2025-07-06 03:00:00,Phoenix,NY
ORD0002142,SHP001744,E003966,in_transit,2025-03-20 16:00:00,Miami,CA
ORD0000730,SHP001313,E003203,out_for_delivery,2025-04-12 09:00:00,Phoenix,IL
ORD0002149,SHP000945,E005244,in_transit,2025-03-06 02:00:00,Phoenix,IL
ORD0000562,SHP000672,E004248,delivered,2025-07-18 01:00:00,Chicago,IL
ORD0000815,SHP000903,E002430,picked_up,2025-06-19 22:00:00,Chicago,FL
ORD0001403,SHP000135,E004794,exception,2025-01-24 10:00:00,Dallas,AZ
ORD0000543,SHP000480,E004586,in_transit,2025-09-14 08:00:00,Phoenix,WA
ORD0000426,SHP000624,E004186,out_for_delivery,2025-03-07 10:00:00,Denver,TX
ORD0000298,SHP001288,E005538,in_transit,2025-04-05 18:00:00,Seattle,IL
ORD0000350,SHP000323,E000050,in_transit,2025-03-18 08:00:00,Denver,CA
ORD0000542,SHP000562,E002114,delivered,2025-01-06 06:00:00,Denver,TX
ORD0000388,SHP001769,E000675,picked_up,2025-07-26 22:00:00,Miami,WA
ORD0000361,SHP001630,E004027,picked_up,2025-03-26 08:00:00,Denver,IL
ORD0000909,SHP001235,E005521,picked_up,2025-08-08 03:00:00,Los Angeles,IL
ORD0001151,SHP001306,E000021,in_transit,2025-04-24 02:00:00,Seattle,NY
ORD0002111,SHP000960,E003039,label_created,2025-05-30 19:00:00,Miami,IL
ORD0002017,SHP000197,E003141,delivered,2025-02-16 11:00:00,Phoenix,AZ
ORD0002099,SHP001602,E004831,in_transit,2025-06-30 18:00:00,Phoenix,AZ
ORD0001908,SHP000101,E000829,delivered,2025-01-02 12:00:00,Miami,CO
ORD0000983,SHP000340,E003302,in_transit,2025-12-14 03:00:00,Phoenix,IL
ORD0000395,SHP000048,E004891,in_transit,2025-06-29 17:00:00,Dallas,WA
ORD0001710,SHP000491,E001517,in_transit,2025-06-02 23:00:00,Dallas,TX
ORD0001191,SHP000675,E000735,picked_up,2025-09-20 13:00:00,Chicago,IL
ORD0000155,SHP000424,E002512,in_transit,2025-01-29 18:00:00,Denver,AZ
ORD0001595,SHP001213,E005110,delivered,2025-12-28 04:00:00,Seattle,AZ
ORD0000222,SHP001652,E004055,delivered,2025-12-01 09:00:00,Dallas,TX
ORD0002111,SHP000562,E003391,exception,2025-09-22 13:00:00,Miami,WA
ORD0001015,SHP000439,E005172,in_transit,2025-02-21 13:00:00,Denver,CA
ORD0001846,SHP000481,E003949,label_created,2025-07-16 02:00:00,Denver,FL
ORD0001126,SHP000050,E004202,picked_up,2025-05-11 09:00:00,Miami,AZ
ORD0001340,SHP001344,E002298,label_created,2025-06-18 15:00:00,Seattle,AZ
ORD0000725,SHP001481,E001121,in_transit,2025-12-23 20:00:00,Los Angeles,WA
ORD0000999,SHP001573,E001361,delivered,2025-04-03 18:00:00,Los Angeles,CO
ORD0000427,SHP000210,E004879,delivered,2025-02-10 04:00:00,Phoenix,WA
ORD0001237,SHP000029,E005404,picked_up,2025-02-03 02:00:00,Miami,AZ
ORD0000239,SHP001040,E004352,label_created,2025-06-27 11:00:00,Chicago,NY
ORD0001781,SHP001514,E005236,out_for_delivery,2025-06-15 15:00:00,New York,CA
ORD0002161,SHP001565,E000141,in_transit,2025-03-04 03:00:00,Seattle,CO
ORD0000912,SHP001302,E002084,picked_up,2025-12-21 12:00:00,Chicago,TX
ORD0001830,SHP001374,E000160,in_transit,2025-03-30 21:00:00,Phoenix,IL
ORD0001911,SHP000979,E002580,out_for_delivery,2025-11-28 02:00:00,Chicago,FL
ORD0000251,SHP001677,E004535,in_transit,2025-08-03 04:00:00,Seattle,CO
ORD0001638,SHP000063,E000294,picked_up,2025-01-07 18:00:00,Los Angeles,CA
ORD0000095,SHP000491,E004438,in_transit,2025-04-12 11:00:00,New York,AZ
ORD0000786,SHP000756,E000756,delivered,2025-05-01 13:00:00,Chicago,NY
ORD0000401,SHP000746,E004796,out_for_delivery,2025-10-23 13:00:00,Denver,CA
ORD0001699,SHP000715,E005446,in_transit,2025-12-25 18:00:00,Los Angeles,CO
ORD0000686,SHP001683,E005347,exception,2025-07-28 15:00:00,Miami,IL
ORD0000536,SHP001358,E004690,out_for_delivery,2025-02-21 18:00:00,Denver,FL
ORD0001594,SHP000964,E003765,out_for_delivery,2025-11-12 22:00:00,Phoenix,CA
ORD0000995,SHP000071,E005175,picked_up,2025-01-06 13:00:00,Chicago,NY
ORD0000361,SHP001529,E002385,picked_up,2025-01-05 11:00:00,Miami,TX
ORD0000930,SHP000649,E002065,out_for_delivery,2025-12-04 15:00:00,Denver,CO
ORD0001204,SHP000141,E001486,in_transit,2025-04-03 04:00:00,Los Angeles,TX
ORD0000459,SHP001370,E004735,exception,2025-11-09 10:00:00,Chicago,CA
ORD0001060,SHP001458,E003255,picked_up,2025-01-21 00:00:00,Dallas,TX
ORD0000868,SHP000585,E000340,in_transit,2025-02-04 19:00:00,New York,TX
ORD0002035,SHP000580,E002796,delivered,2025-08-29 12:00:00,Dallas,FL
ORD0001351,SHP001116,E000114,picked_up,2025-12-11 10:00:00,Dallas,TX
ORD0002132,SHP000325,E004373,delivered,2025-06-20 13:00:00,Chicago,CO
ORD0000692,SHP001671,E001675,exception,2025-01-27 19:00:00,Los Angeles,WA
ORD0000831,SHP001438,E001775,picked_up,2025-05-11 04:00:00,Miami,AZ
ORD0000358,SHP000858,E000190,label_created,2025-12-11 22:00:00,New York,CA
ORD0000258,SHP000522,E000279,picked_up,2025-08-19 11:00:00,Seattle,TX
ORD0000633,SHP000403,E002532,in_transit,2025-08-08 04:00:00,Chicago,IL
ORD0001682,SHP000606,E002410,label_created,2025-07-01 22:00:00,Seattle,TX
ORD0000926,SHP001256,E000150,out_for_delivery,2025-04-21 19:00:00,Denver,TX
ORD0000828,SHP000665,E005430,label_created,2025-03-17 00:00:00,Los Angeles,IL
ORD0000128,SHP001092,E002746,picked_up,2025-02-20 00:00:00,Dallas,NY
ORD0001152,SHP000920,E005199,label_created,2025-07-14 18:00:00,Miami,NY
ORD0000352,SHP001064,E004077,in_transit,2025-07-30 01:00:00,Phoenix,CA
ORD0000661,SHP000236,E000057,in_transit,2025-01-26 23:00:00,Seattle,IL
ORD0000278,SHP001173,E001864,out_for_delivery,2025-10-17 19:00:00,Denver,CA
ORD0000821,SHP000949,E004413,in_transit,2025-02-16 00:00:00,Dallas,AZ
ORD0001464,SHP001253,E002244,in_transit,2025-01-16 21:00:00,Dallas,CA
ORD0001324,SHP001079,E000717,picked_up,2025-06-08 20:00:00,New York,CO
ORD0000758,SHP001419,E004451,label_created,2025-05-31 21:00:00,Denver,TX
ORD0001360,SHP001780,E003081,picked_up,2025-11-19 09:00:00,Dallas,NY
ORD0002181,SHP000907,E002854,delivered,2025-08-27 18:00:00,Denver,TX
ORD0001535,SHP001225,E002615,picked_up,2025-11-25 07:00:00,Denver,CO
ORD0000188,SHP000106,E004456,in_transit,2025-10-18 22:00:00,Los Angeles,IL
ORD0000735,SHP000392,E000025,picked_up,2025-10-24 14:00:00,Dallas,AZ
ORD0000880,SHP000062,E001195,out_for_delivery,2025-02-24 11:00:00,Los Angeles,CA
ORD0001474,SHP000183,E004806,in_transit,2025-06-01 01:00:00,New York,CO
ORD0000589,SHP000887,E002086,in_transit,2025-06-19 20:00:00,Seattle,IL
ORD0000194,SHP001467,E002900,in_transit,2025-02-07 04:00:00,Chicago,NY
ORD0001217,SHP000978,E003202,in_transit,2025-06-09 17:00:00,New York,WA
ORD0001424,SHP001408,E002350,picked_up,2025-01-14 13:00:00,Chicago,NY
ORD0001392,SHP000277,E000494,label_created,2025-04-20 13:00:00,Dallas,AZ
ORD0001287,SHP001333,E003861,out_for_delivery,2025-10-17 20:00:00,Denver,CA
ORD0001520,SHP000382,E003278,picked_up,2025-04-12 13:00:00,Phoenix,NY
ORD0001430,SHP001243,E004451,label_created,2025-11-18 12:00:00,Miami,NY
ORD0001278,SHP001749,E004706,in_transit,2025-09-10 05:00:00,Seattle,AZ
ORD0002026,SHP001208,E001986,picked_up,2025-09-08 23:00:00,Denver,CO
ORD0000101,SHP001461,E001223,exception,2025-01-30 08:00:00,Seattle,IL
ORD0001707,SHP000893,E002248,in_transit,2025-07-09 04:00:00,Phoenix,IL
ORD0001948,SHP000883,E000436,in_transit,2025-04-02 03:00:00,Los Angeles,TX
ORD0000310,SHP001386,E003308,delivered,2025-05-31 22:00:00,Denver,AZ
ORD0000171,SHP000070,E002720,label_created,2025-02-05 13:00:00,Dallas,AZ
ORD0000562,SHP001318,E003524,label_created,2025-01-11 20:00:00,Los Angeles,CA
ORD0001058,SHP000379,E001789,out_for_delivery,2025-06-02 10:00:00,Miami,WA
ORD0000921,SHP000485,E004856,in_transit,2025-12-10 05:00:00,New York,AZ
ORD0000425,SHP000038,E000362,picked_up,2025-01-13 16:00:00,Miami,AZ
ORD0001089,SHP000763,E004143,in_transit,2025-02-09 15:00:00,Seattle,WA
ORD0001340,SHP001344,E001228,delivered,2025-11-28 09:00:00,Dallas,FL
ORD0001602,SHP000293,E005085,in_transit,2025-05-04 08:00:00,Phoenix,NY
ORD0001714,SHP000006,E003366,picked_up,2025-01-05 05:00:00,Phoenix,CO
ORD0000845,SHP001186,E002103,picked_up,2025-02-13 07:00:00,Chicago,TX
ORD0000939,SHP000451,E002079,in_transit,2025-08-25 20:00:00,Seattle,CA
ORD0001535,SHP001225,E002487,in_transit,2025-05-12 17:00:00,Miami,FL
ORD0000596,SHP000348,E005034,picked_up,2025-05-19 12:00:00,Seattle,IL
ORD0001672,SHP001599,E000879,out_for_delivery,2025-04-30 09:00:00,Denver,FL
ORD0001191,SHP000815,E005256,out_for_delivery,2025-08-21 15:00:00,Dallas,TX
ORD0002156,SHP001738,E005071,in_transit,2025-01-11 15:00:00,New York,CO
ORD0000840,SHP000918,E003534,out_for_delivery,2025-08-18 05:00:00,Dallas,FL
ORD0000602,SHP001759,E002439,in_transit,2025-04-24 17:00:00,Chicago,IL
ORD0000044,SHP000500,E004327,in_transit,2025-06-07 13:00:00,Denver,FL
ORD0001753,SHP001159,E004532,picked_up,2025-03-18 19:00:00,Chicago,CA
ORD0000034,SHP000489,E005564,delivered,2025-08-08 19:00:00,Chicago,WA
ORD0001946,SHP000867,E001165,in_transit,2025-02-19 23:00:00,Chicago,IL
ORD0000882,SHP000501,E000203,out_for_delivery,2025-04-07 07:00:00,Los Angeles,FL
ORD0000098,SHP000914,E003759,label_created,2025-07-08 21:00:00,Phoenix,TX
ORD0000179,SHP001143,E005432,delivered,2025-08-24 14:00:00,Seattle,WA
ORD0000300,SHP000426,E000441,in_transit,2025-07-28 23:00:00,Chicago,CO
ORD0000989,SHP001388,E002113,picked_up,2025-10-11 14:00:00,Dallas,AZ
ORD0000803,SHP001596,E005407,in_transit,2025-08-07 19:00:00,Los Angeles,CA
ORD0000719,SHP000420,E003384,in_transit,2025-11-29 01:00:00,Chicago,IL
ORD0000752,SHP000998,E005149,out_for_delivery,2025-08-26 14:00:00,Phoenix,AZ
ORD0000872,SHP000137,E000986,in_transit,2025-06-30 09:00:00,Seattle,WA
ORD0000374,SHP000462,E003599,in_transit,2025-11-08 05:00:00,Dallas,CO
ORD0001060,SHP000385,E001159,out_for_delivery,2025-03-12 12:00:00,Dallas,WA
ORD0000772,SHP000929,E000579,picked_up,2025-12-01 22:00:00,Dallas,CA
ORD0002100,SHP000532,E000663,label_created,2025-08-02 03:00:00,Seattle,FL
ORD0001960,SHP000314,E002983,out_for_delivery,2025-10-20 17:00:00,Dallas,WA
ORD0000411,SHP000944,E005394,out_for_delivery,2025-04-01 02:00:00,Denver,TX
ORD0000512,SHP000197,E000890,in_transit,2025-03-01 02:00:00,Chicago,NY
ORD0000973,SHP000512,E003595,out_for_delivery,2025-02-12 00:00:00,Denver,NY
ORD0000551,SHP001180,E000047,delivered,2025-07-25 00:00:00,Chicago,CA
ORD0000479,SHP000300,E005323,out_for_delivery,2025-01-28 11:00:00,Los Angeles,IL
ORD0000466,SHP000506,E004860,picked_up,2025-02-04 14:00:00,Los Angeles,CA
ORD0001430,SHP001378,E002146,out_for_delivery,2025-10-23 00:00:00,Miami,CA
ORD0001729,SHP000841,E004191,picked_up,2025-08-25 19:00:00,Dallas,AZ
ORD0000182,SHP000603,E005535,in_transit,2025-12-27 03:00:00,Seattle,CO
ORD0000220,SHP001363,E000204,label_created,2025-06-24 06:00:00,Los Angeles,FL
ORD0001426,SHP000078,E002163,delivered,2025-05-07 23:00:00,Chicago,TX
ORD0001364,SHP001542,E002607,label_created,2025-12-02 08:00:00,Dallas,FL
ORD0000004,SHP000677,E002925,picked_up,2025-07-22 01:00:00,Dallas,WA
ORD0002015,SHP001235,E002819,out_for_delivery,2025-01-03 20:00:00,Miami,NY
ORD0000182,SHP000603,E000924,delivered,2025-05-23 06:00:00,New York,AZ
ORD0000684,SHP000132,E003513,picked_up,2025-10-10 16:00:00,Miami,FL
ORD0000114,SHP000075,E000840,in_transit,2025-08-20 19:00:00,Miami,IL
ORD0000553,SHP001553,E002114,in_transit,2025-11-25 09:00:00,Miami,WA
ORD0002145,SHP000299,E002951,delivered,2025-09-12 17:00:00,New York,IL
ORD0000278,SHP001450,E001297,picked_up,2025-09-30 02:00:00,Los Angeles,CO
ORD0002121,SHP000857,E004963,picked_up,2025-11-05 12:00:00,Los Angeles,TX
ORD0001292,SHP000857,E004187,exception,2025-11-24 20:00:00,Miami,CA
ORD0000741,SHP000110,E005419,out_for_delivery,2025-08-05 03:00:00,Miami,TX
ORD0001225,SHP001262,E004744,out_for_delivery,2025-09-28 09:00:00,Los Angeles,CA
ORD0001678,SHP001307,E003884,in_transit,2025-06-01 04:00:00,Dallas,CA
ORD0000318,SHP000664,E002554,picked_up,2025-06-30 18:00:00,Chicago,CA
ORD0000270,SHP001676,E001316,in_transit,2025-01-20 21:00:00,Miami,TX
ORD0001388,SHP000118,E000102,in_transit,2025-03-27 09:00:00,Phoenix,CA
ORD0002019,SHP001034,E002724,exception,2025-07-17 12:00:00,Denver,FL
ORD0001271,SHP000303,E004320,in_transit,2025-01-02 15:00:00,Los Angeles,IL
ORD0000424,SHP001233,E004432,delivered,2025-07-03 14:00:00,Phoenix,CA
ORD0001116,SHP000290,E004780,in_transit,2025-05-14 05:00:00,Los Angeles,TX
ORD0000195,SHP000409,E005251,in_transit,2025-01-03 12:00:00,Denver,CO
ORD0001580,SHP001317,E005656,out_for_delivery,2025-08-06 06:00:00,Dallas,AZ
ORD0002043,SHP001293,E003487,exception,2025-12-19 00:00:00,Miami,AZ
ORD0000114,SHP001613,E000466,in_transit,2025-09-16 09:00:00,Seattle,CA
ORD0001293,SHP001550,E004108,delivered,2025-10-23 14:00:00,Los Angeles,IL
ORD0000315,SHP000417,E004149,delivered,2025-08-26 13:00:00,Denver,IL
ORD0000279,SHP001359,E002051,in_transit,2025-05-15 02:00:00,Denver,FL
ORD0001506,SHP001148,E004471,picked_up,2025-12-06 05:00:00,Seattle,NY
ORD0002099,SHP001206,E000395,in_transit,2025-07-18 01:00:00,Seattle,AZ
ORD0000249,SHP001613,E001407,out_for_delivery,2025-03-27 20:00:00,Phoenix,CA
ORD0001959,SHP001450,E001970,delivered,2025-03-16 03:00:00,Miami,CA
ORD0001027,SHP000391,E003466,out_for_delivery,2025-12-31 12:00:00,Denver,WA
ORD0001900,SHP000734,E000015,in_transit,2025-11-13 04:00:00,Denver,TX
ORD0001892,SHP001456,E004020,delivered,2025-01-24 21:00:00,Los Angeles,FL
ORD0000497,SHP001024,E000708,exception,2025-04-20 08:00:00,Miami,TX
ORD0002146,SHP000312,E004437,in_transit,2025-07-03 23:00:00,Los Angeles,AZ
ORD0002045,SHP001293,E002276,in_transit,2025-10-03 17:00:00,Los Angeles,NY
ORD0000915,SHP000753,E000850,out_for_delivery,2025-12-10 23:00:00,Seattle,FL
ORD0000269,SHP000023,E002205,picked_up,2025-09-29 18:00:00,Phoenix,WA
ORD0001865,SHP000953,E002469,in_transit,2025-06-11 23:00:00,Phoenix,NY
ORD0000679,SHP001750,E001439,picked_up,2025-10-12 08:00:00,Miami,IL
ORD0000143,SHP001569,E005646,label_created,2025-09-02 14:00:00,New York,FL
ORD0000844,SHP000695,E001803,exception,2025-12-26 07:00:00,Phoenix,NY
ORD0001283,SHP001740,E003109,out_for_delivery,2025-08-26 04:00:00,New York,AZ
ORD0001052,SHP001696,E004764,in_transit,2025-01-19 18:00:00,Los Angeles,CA
ORD0000102,SHP000962,E002830,out_for_delivery,2025-04-23 04:00:00,New York,AZ
ORD0000345,SHP000437,E000608,picked_up,2025-04-27 06:00:00,Seattle,WA
ORD0001842,SHP000103,E001114,delivered,2025-10-12 04:00:00,Phoenix,CA
ORD0000536,SHP000849,E000581,in_transit,2025-05-26 13:00:00,Seattle,FL
ORD0001745,SHP001746,E003556,delivered,2025-06-10 18:00:00,Dallas,CO
ORD0002011,SHP000912,E002093,picked_up,2025-04-23 15:00:00,New York,FL
ORD0000315,SHP001173,E005483,in_transit,2025-11-04 05:00:00,Miami,CO
ORD0001203,SHP001648,E000158,out_for_delivery,2025-07-28 19:00:00,New York,CO
ORD0000398,SHP001216,E005606,label_created,2025-02-11 18:00:00,Los Angeles,TX
ORD0001449,SHP001660,E002115,out_for_delivery,2025-01-22 17:00:00,Denver,IL
ORD0001981,SHP001521,E004993,picked_up,2025-10-08 01:00:00,Denver,FL
ORD0001269,SHP000544,E003993,in_transit,2025-03-26 00:00:00,Phoenix,TX
ORD0001766,SHP000905,E005300,in_transit,2025-10-22 07:00:00,Seattle,WA
ORD0000682,SHP000336,E000605,in_transit,2025-04-21 00:00:00,Phoenix,IL
ORD0001134,SHP000796,E001177,in_transit,2025-03-07 12:00:00,Miami,IL
ORD0001694,SHP000185,E001714,delivered,2025-05-09 11:00:00,Dallas,IL
ORD0001429,SHP000810,E004549,delivered,2025-09-10 07:00:00,Phoenix,FL
ORD0001095,SHP001293,E003261,in_transit,2025-01-25 13:00:00,New York,CA
ORD0000005,SHP000421,E003125,delivered,2025-04-11 06:00:00,Seattle,NY
ORD0002051,SHP001101,E003506,out_for_delivery,2025-04-03 18:00:00,Los Angeles,WA
ORD0000952,SHP001169,E002572,label_created,2025-04-08 06:00:00,New York,TX
ORD0000633,SHP001280,E001477,label_created,2025-10-10 02:00:00,Phoenix,CA
ORD0000311,SHP000172,E001022,out_for_delivery,2025-06-16 11:00:00,Miami,FL
ORD0000982,SHP000992,E000827,in_transit,2025-09-05 12:00:00,Dallas,CO
ORD0000991,SHP001442,E003663,delivered,2025-07-22 22:00:00,Dallas,AZ
ORD0000635,SHP000116,E001177,picked_up,2025-09-08 20:00:00,Seattle,AZ
ORD0000519,SHP001240,E001520,label_created,2025-08-10 21:00:00,Denver,WA
ORD0001638,SHP001383,E005320,label_created,2025-01-21 01:00:00,Phoenix,CA
ORD0000815,SHP001397,E005244,delivered,2025-05-23 17:00:00,Denver,NY
ORD0001870,SHP000657,E005004,delivered,2025-05-01 22:00:00,Dallas,WA
ORD0001964,SHP000132,E000762,in_transit,2025-06-27 21:00:00,Dallas,WA
ORD0000578,SHP001188,E002750,delivered,2025-12-08 10:00:00,Miami,CO
ORD0000713,SHP000546,E001486,in_transit,2025-05-09 22:00:00,Los Angeles,NY
ORD0001289,SHP001599,E003499,out_for_delivery,2025-11-04 20:00:00,Phoenix,NY
ORD0000328,SHP001780,E004810,out_for_delivery,2025-04-05 22:00:00,Dallas,NY
ORD0001011,SHP000872,E001338,delivered,2025-05-15 13:00:00,Dallas,WA
ORD0001138,SHP000294,E004363,in_transit,2025-06-22 10:00:00,Denver,IL
ORD0000005,SHP000106,E002413,in_transit,2025-02-07 17:00:00,Phoenix,NY
ORD0000763,SHP001364,E000604,delivered,2025-07-07 16:00:00,Seattle,NY
ORD0000022,SHP000245,E005175,picked_up,2025-06-15 22:00:00,Dallas,FL
ORD0001431,SHP000520,E005383,delivered,2025-11-01 17:00:00,New York,TX
ORD0001536,SHP001192,E003639,exception,2025-05-09 17:00:00,Chicago,TX
ORD0001930,SHP000799,E004435,out_for_delivery,2025-05-15 04:00:00,Denver,FL
ORD0000044,SHP001794,E004349,picked_up,2025-10-25 03:00:00,Chicago,TX
ORD0000244,SHP000408,E002824,in_transit,2025-07-19 21:00:00,Chicago,AZ
ORD0002013,SHP000538,E000180,in_transit,2025-05-17 06:00:00,Phoenix,CA
ORD0001555,SHP000212,E004408,picked_up,2025-06-29 17:00:00,Dallas,CA
ORD0002063,SHP001563,E001184,out_for_delivery,2025-08-12 06:00:00,Seattle,CO
ORD0001778,SHP001245,E000358,out_for_delivery,2025-07-01 03:00:00,Miami,WA
ORD0001133,SHP000683,E002520,label_created,2025-07-02 15:00:00,Denver,NY
ORD0000854,SHP001159,E004239,label_created,2025-09-12 09:00:00,Seattle,WA
ORD0001179,SHP000423,E003476,picked_up,2025-09-04 21:00:00,Phoenix,CA
ORD0000723,SHP001623,E002213,in_transit,2025-02-21 17:00:00,New York,NY
ORD0000752,SHP000430,E001108,out_for_delivery,2025-03-17 15:00:00,Dallas,CO
ORD0001693,SHP001291,E004213,label_created,2025-11-03 05:00:00,Dallas,FL
ORD0002151,SHP001523,E003673,delivered,2025-12-04 07:00:00,Seattle,WA
ORD0000449,SHP000776,E002974,picked_up,2025-11-28 21:00:00,Phoenix,FL
ORD0000481,SHP000844,E004336,label_created,2025-11-04 13:00:00,Phoenix,NY
ORD0000029,SHP000910,E000734,picked_up,2025-12-02 19:00:00,Denver,AZ
ORD0000863,SHP000201,E002183,in_transit,2025-12-23 18:00:00,Chicago,CA
ORD0000048,SHP000702,E005013,label_created,2025-06-26 17:00:00,New York,CO
ORD0001603,SHP000569,E003805,out_for_delivery,2025-07-19 14:00:00,Chicago,AZ
ORD0001441,SHP001439,E002587,label_created,2025-09-29 21:00:00,Dallas,AZ
ORD0000965,SHP001284,E003575,delivered,2025-06-20 04:00:00,Chicago,TX
ORD0002151,SHP001523,E001896,in_transit,2025-12-24 06:00:00,Denver,CO
ORD0001247,SHP000484,E003555,label_created,2025-11-11 06:00:00,Dallas,CA
ORD0001305,SHP001546,E004273,in_transit,2025-04-20 03:00:00,Denver,WA
ORD0001033,SHP000784,E000867,in_transit,2025-02-12 15:00:00,Denver,NY
ORD0001224,SHP001328,E000632,in_transit,2025-10-31 06:00:00,Denver,CA
ORD0001293,SHP000980,E000239,in_transit,2025-01-02 04:00:00,Chicago,FL
ORD0002144,SHP001714,E004334,exception,2025-07-07 18:00:00,Denver,NY
ORD0002169,SHP000006,E003343,delivered,2025-02-22 04:00:00,Chicago,CO
ORD0001455,SHP000254,E003861,exception,2025-09-12 20:00:00,Phoenix,NY
ORD0000205,SHP000121,E002444,delivered,2025-03-08 18:00:00,Seattle,CA
ORD0001080,SHP000918,E001133,delivered,2025-09-24 12:00:00,Los Angeles,CA
ORD0001031,SHP000696,E001337,delivered,2025-01-24 09:00:00,Chicago,TX
ORD0000314,SHP000936,E001634,delivered,2025-07-24 18:00:00,Los Angeles,TX
ORD0000040,SHP001033,E004625,out_for_delivery,2025-08-04 01:00:00,Chicago,IL
ORD0001180,SHP000966,E003047,out_for_delivery,2025-12-14 03:00:00,Denver,NY
ORD0001587,SHP000326,E001237,picked_up,2025-06-13 11:00:00,Denver,FL
ORD0001877,SHP000826,E000897,in_transit,2025-10-11 04:00:00,Chicago,IL
ORD0000130,SHP001297,E003798,in_transit,2025-09-23 02:00:00,Chicago,NY
ORD0001151,SHP000924,E005392,picked_up,2025-01-12 18:00:00,Los Angeles,CO
ORD0001555,SHP000691,E000452,in_transit,2025-10-13 15:00:00,Seattle,IL
ORD0000038,SHP000238,E005408,picked_up,2025-05-30 09:00:00,New York,CA
ORD0000066,SHP001342,E001188,picked_up,2025-04-25 12:00:00,Dallas,CA
ORD0000848,SHP001242,E004387,picked_up,2025-05-22 00:00:00,Phoenix,IL
ORD0000887,SHP001263,E004149,in_transit,2025-03-21 04:00:00,Miami,CA
ORD0001569,SHP000772,E005005,label_created,2025-05-03 19:00:00,Phoenix,FL
ORD0000899,SHP000065,E003218,out_for_delivery,2025-09-29 02:00:00,New York,FL
ORD0000992,SHP001424,E004137,label_created,2025-04-23 06:00:00,Chicago,IL
ORD0002065,SHP000387,E004397,delivered,2025-11-14 16:00:00,Denver,IL
ORD0001025,SHP001418,E000527,picked_up,2025-12-06 13:00:00,Los Angeles,CA
ORD0001685,SHP001402,E001552,in_transit,2025-06-05 20:00:00,Miami,TX
ORD0000760,SHP000878,E000198,picked_up,2025-01-15 19:00:00,Chicago,NY
ORD0001044,SHP001496,E003302,out_for_delivery,2025-07-09 04:00:00,New York,CA
ORD0001676,SHP000846,E000457,delivered,2025-03-11 16:00:00,Denver,CO
ORD0001972,SHP001025,E002535,in_transit,2025-06-24 17:00:00,Los Angeles,WA
ORD0001361,SHP001315,E002792,in_transit,2025-08-30 22:00:00,Los Angeles,CA
ORD0000268,SHP000932,E002344,picked_up,2025-03-29 00:00:00,Dallas,CA
ORD0001420,SHP000649,E003915,in_transit,2025-02-20 09:00:00,Denver,NY
ORD0000167,SHP000183,E005534,in_transit,2025-08-06 15:00:00,Los Angeles,WA
ORD0001977,SHP001383,E001024,picked_up,2025-07-30 05:00:00,Los Angeles,TX
ORD0001369,SHP000814,E001066,label_created,2025-10-23 03:00:00,New York,TX
ORD0001913,SHP000824,E005486,in_transit,2025-06-20 10:00:00,Miami,IL
ORD0000756,SHP001299,E004769,out_for_delivery,2025-12-12 05:00:00,Miami,CO
ORD0001811,SHP000521,E002558,in_transit,2025-09-07 01:00:00,New York,FL
ORD0000128,SHP001092,E004993,delivered,2025-02-14 13:00:00,Phoenix,IL
ORD0001802,SHP000754,E002094,out_for_delivery,2025-12-24 02:00:00,Phoenix,IL
ORD0000082,SHP000320,E003782,delivered,2025-07-05 17:00:00,Seattle,IL
ORD0001239,SHP000650,E004259,picked_up,2025-01-26 05:00:00,Dallas,TX
ORD0000310,SHP000330,E000066,out_for_delivery,2025-12-08 19:00:00,Chicago,FL
ORD0001569,SHP001166,E004370,picked_up,2025-05-12 20:00:00,Denver,IL
ORD0001877,SHP001632,E005265,in_transit,2025-10-18 22:00:00,Chicago,FL
ORD0000260,SHP000989,E005248,delivered,2025-10-09 01:00:00,Seattle,CA
ORD0000503,SHP000170,E003947,out_for_delivery,2025-02-06 01:00:00,Chicago,WA
ORD0001311,SHP001309,E002674,delivered,2025-12-01 20:00:00,Phoenix,AZ
ORD0001449,SHP001660,E000728,delivered,2025-09-30 05:00:00,Phoenix,CA
ORD0000788,SHP001466,E002776,picked_up,2025-01-15 06:00:00,Chicago,TX
ORD0000420,SHP000552,E001406,delivered,2025-05-23 16:00:00,Seattle,TX
ORD0000685,SHP000245,E005034,delivered,2025-03-13 21:00:00,Chicago,NY
ORD0002154,SHP000906,E000682,delivered,2025-10-17 20:00:00,New York,TX
ORD0001093,SHP000207,E001890,label_created,2025-08-02 16:00:00,Phoenix,NY
ORD0000144,SHP001158,E000420,delivered,2025-10-13 11:00:00,Dallas,AZ
ORD0001201,SHP001493,E004582,in_transit,2025-10-23 18:00:00,Seattle,CO
ORD0001753,SHP000101,E004772,delivered,2025-10-22 16:00:00,Chicago,TX
ORD0002072,SHP001148,E005376,delivered,2025-04-29 10:00:00,Los Angeles,NY
ORD0000890,SHP001649,E004118,picked_up,2025-04-17 04:00:00,Los Angeles,CO
ORD0002111,SHP000960,E003851,out_for_delivery,2025-04-13 21:00:00,Chicago,CO
ORD0000890,SHP001649,E001125,picked_up,2025-03-28 09:00:00,Chicago,CA
ORD0000032,SHP000667,E002030,label_created,2025-11-09 00:00:00,Dallas,WA
ORD0001457,SHP001231,E000696,in_transit,2025-07-19 07:00:00,New York,NY
ORD0000555,SHP000738,E003789,delivered,2025-12-26 01:00:00,Dallas,NY
ORD0000648,SHP000641,E004107,delivered,2025-09-28 20:00:00,Los Angeles,CA
ORD0001500,SHP000362,E001925,in_transit,2025-08-12 00:00:00,Dallas,FL
ORD0000175,SHP000371,E002383,out_for_delivery,2025-03-22 09:00:00,Dallas,CO
ORD0001249,SHP001115,E001896,in_transit,2025-09-19 09:00:00,Los Angeles,WA
ORD0000508,SHP000417,E000507,picked_up,2025-06-09 11:00:00,Denver,IL
ORD0000989,SHP001388,E000701,in_transit,2025-06-02 03:00:00,Dallas,TX
ORD0001449,SHP001253,E001932,in_transit,2025-11-05 21:00:00,Seattle,TX
ORD0001027,SHP000391,E004359,delivered,2025-03-02 15:00:00,Chicago,FL
ORD0001558,SHP000541,E005514,out_for_delivery,2025-03-10 05:00:00,Phoenix,WA
ORD0002110,SHP001378,E002246,in_transit,2025-12-22 16:00:00,Los Angeles,WA
ORD0001295,SHP000372,E003525,picked_up,2025-11-09 02:00:00,Dallas,NY
ORD0001731,SHP000642,E003537,label_created,2025-11-04 14:00:00,Seattle,TX
ORD0000029,SHP000192,E000057,picked_up,2025-02-14 19:00:00,Denver,NY
ORD0000981,SHP001685,E003504,label_created,2025-01-10 18:00:00,Dallas,FL
ORD0000910,SHP000702,E001501,in_transit,2025-10-05 07:00:00,Los Angeles,FL
ORD0000643,SHP000942,E004676,out_for_delivery,2025-05-10 00:00:00,Dallas,TX
ORD0001779,SHP001165,E002863,out_for_delivery,2025-07-15 15:00:00,New York,WA
ORD0000965,SHP000859,E000417,delivered,2025-09-03 19:00:00,New York,AZ
ORD0002130,SHP001074,E001743,in_transit,2025-07-20 12:00:00,Los Angeles,CO
ORD0001467,SHP000150,E004542,label_created,2025-10-15 02:00:00,Los Angeles,WA
ORD0000734,SHP001331,E000420,in_transit,2025-02-15 10:00:00,Los Angeles,TX
ORD0000538,SHP000610,E004808,out_for_delivery,2025-05-15 12:00:00,Los Angeles,CA
ORD0001589,SHP000069,E000167,out_for_delivery,2025-10-19 05:00:00,Denver,CA
ORD0001302,SHP000211,E001675,out_for_delivery,2025-01-02 01:00:00,Los Angeles,IL
ORD0000259,SHP000782,E000407,in_transit,2025-01-14 19:00:00,Los Angeles,CO
ORD0000327,SHP001067,E001135,picked_up,2025-12-28 00:00:00,New York,CA
ORD0000070,SHP000926,E000379,in_transit,2025-12-09 21:00:00,Denver,NY
ORD0001321,SHP001739,E001018,in_transit,2025-11-17 06:00:00,Phoenix,CA
ORD0000443,SHP000461,E001969,in_transit,2025-10-28 07:00:00,Seattle,IL
ORD0001615,SHP001013,E005403,in_transit,2025-05-21 12:00:00,Phoenix,CO
ORD0000416,SHP000005,E002562,out_for_delivery,2025-07-24 07:00:00,Dallas,CA
ORD0000693,SHP000160,E004757,picked_up,2025-06-17 02:00:00,Dallas,CA
ORD0000863,SHP000201,E003161,picked_up,2025-07-22 17:00:00,New York,WA
ORD0000491,SHP000394,E002272,delivered,2025-03-21 00:00:00,Phoenix,AZ
ORD0000689,SHP000971,E001034,out_for_delivery,2025-07-21 13:00:00,Chicago,AZ
ORD0000238,SHP000732,E001859,in_transit,2025-09-30 08:00:00,Dallas,WA
ORD0000108,SHP001202,E003619,picked_up,2025-08-25 01:00:00,New York,TX
ORD0001316,SHP000800,E002368,picked_up,2025-10-20 05:00:00,Miami,WA
ORD0002186,SHP000368,E000277,out_for_delivery,2025-02-01 07:00:00,Miami,NY
ORD0001545,SHP001430,E000184,delivered,2025-05-11 10:00:00,Los Angeles,WA
ORD0001690,SHP001399,E000091,in_transit,2025-05-02 11:00:00,Denver,FL
ORD0000284,SHP000223,E001039,out_for_delivery,2025-06-09 16:00:00,Los Angeles,IL
ORD0001322,SHP000807,E005679,in_transit,2025-12-16 13:00:00,Denver,CA
ORD0000567,SHP000298,E001733,in_transit,2025-09-02 11:00:00,Los Angeles,NY
ORD0001176,SHP000399,E002023,picked_up,2025-05-27 15:00:00,Phoenix,TX
ORD0001079,SHP000387,E003722,label_created,2025-12-21 21:00:00,Seattle,AZ
ORD0000022,SHP000741,E003905,delivered,2025-05-30 13:00:00,Phoenix,CA
ORD0001115,SHP001492,E001004,in_transit,2025-03-13 02:00:00,New York,CO
ORD0000656,SHP001684,E003285,picked_up,2025-06-12 18:00:00,Miami,TX
ORD0000816,SHP000357,E001397,label_created,2025-05-01 06:00:00,Denver,WA
ORD0002008,SHP000217,E004900,picked_up,2025-01-15 00:00:00,Phoenix,IL
ORD0000188,SHP000849,E000350,in_transit,2025-11-07 22:00:00,Miami,CO
ORD0001967,SHP000450,E004909,in_transit,2025-10-28 15:00:00,Phoenix,CO
ORD0000150,SHP000476,E001775,in_transit,2025-10-10 23:00:00,Phoenix,WA
ORD0002056,SHP001431,E003868,in_transit,2025-11-08 21:00:00,Dallas,FL
ORD0001190,SHP000670,E003599,delivered,2025-05-10 18:00:00,Denver,NY
ORD0001154,SHP001170,E002803,in_transit,2025-07-06 06:00:00,Los Angeles,CO
ORD0000958,SHP000734,E003747,in_transit,2025-04-15 17:00:00,Phoenix,IL
ORD0001286,SHP001791,E000098,label_created,2025-05-18 15:00:00,Chicago,CA
ORD0001462,SHP000055,E004074,in_transit,2025-04-01 19:00:00,Los Angeles,IL
ORD0001725,SHP001588,E003776,picked_up,2025-07-13 22:00:00,Denver,NY
ORD0000083,SHP001421,E003215,delivered,2025-10-14 05:00:00,New York,TX
ORD0001062,SHP000662,E005660,in_transit,2025-12-26 04:00:00,Denver,NY
ORD0002023,SHP000418,E003929,picked_up,2025-08-17 01:00:00,Denver,IL
ORD0002105,SHP000027,E002164,out_for_delivery,2025-08-22 13:00:00,Chicago,AZ
ORD0000733,SHP000133,E001856,delivered,2025-11-08 03:00:00,Chicago,IL
ORD0000327,SHP001067,E002567,label_created,2025-12-11 11:00:00,Chicago,CA
ORD0002089,SHP001702,E003819,picked_up,2025-01-15 04:00:00,New York,CA
ORD0001414,SHP001563,E004741,in_transit,2025-02-21 09:00:00,Dallas,FL
ORD0001231,SHP000160,E001277,in_transit,2025-08-06 20:00:00,Los Angeles,CA
ORD0000336,SHP000217,E005437,in_transit,2025-01-05 22:00:00,Los Angeles,NY
ORD0001535,SHP001225,E004787,out_for_delivery,2025-04-07 22:00:00,Chicago,TX
ORD0000577,SHP001720,E005484,in_transit,2025-03-17 17:00:00,New York,CA
ORD0000841,SHP000011,E000050,in_transit,2025-05-21 00:00:00,New York,AZ
ORD0002053,SHP001222,E001841,picked_up,2025-10-17 09:00:00,Seattle,NY
ORD0002009,SHP000806,E004016,delivered,2025-11-13 08:00:00,Phoenix,WA
ORD0002006,SHP001341,E002519,picked_up,2025-01-25 05:00:00,Dallas,AZ
ORD0001074,SHP001668,E004777,picked_up,2025-06-10 07:00:00,Phoenix,NY
ORD0000274,SHP000024,E005616,in_transit,2025-03-03 06:00:00,New York,CO
ORD0000143,SHP001569,E000421,picked_up,2025-03-22 09:00:00,New York,AZ
ORD0000721,SHP000086,E004147,in_transit,2025-11-22 19:00:00,Phoenix,CO
ORD0001112,SHP000709,E002367,picked_up,2025-04-05 06:00:00,Miami,CO
ORD0001418,SHP000994,E005367,in_transit,2025-06-24 09:00:00,Miami,IL
ORD0001624,SHP001497,E001548,delivered,2025-03-10 18:00:00,New York,WA
ORD0000238,SHP000015,E003719,in_transit,2025-08-14 13:00:00,Seattle,CO
ORD0000986,SHP000626,E002741,in_transit,2025-01-15 20:00:00,Phoenix,AZ
ORD0002128,SHP000327,E000504,picked_up,2025-12-08 07:00:00,Miami,IL
ORD0000491,SHP000072,E001815,delivered,2025-01-22 16:00:00,New York,IL
ORD0000261,SHP000424,E005278,in_transit,2025-12-24 03:00:00,New York,TX
ORD0001873,SHP001102,E000803,in_transit,2025-08-26 23:00:00,Phoenix,CO
ORD0001594,SHP000964,E005495,in_transit,2025-08-23 12:00:00,Miami,IL
ORD0000612,SHP001364,E005622,delivered,2025-02-06 10:00:00,Miami,NY
ORD0001782,SHP001564,E005037,out_for_delivery,2025-08-15 19:00:00,Chicago,FL
ORD0002177,SHP000976,E000591,in_transit,2025-11-28 09:00:00,Phoenix,WA
ORD0000997,SHP001267,E003383,picked_up,2025-01-12 08:00:00,Phoenix,CO
ORD0000038,SHP001481,E004012,in_transit,2025-05-08 23:00:00,Denver,AZ
ORD0000714,SHP000285,E003649,delivered,2025-06-08 00:00:00,Seattle,CO
ORD0000987,SHP000128,E000232,in_transit,2025-05-18 15:00:00,Dallas,FL
ORD0000577,SHP000135,E003018,delivered,2025-01-03 16:00:00,Seattle,CO
ORD0000361,SHP000653,E005380,in_transit,2025-03-15 04:00:00,Los Angeles,NY
ORD0001583,SHP000852,E005241,picked_up,2025-04-10 01:00:00,Miami,TX
ORD0000194,SHP000989,E003240,label_created,2025-02-05 02:00:00,Chicago,IL
ORD0001244,SHP001699,E002786,out_for_delivery,2025-03-03 08:00:00,Phoenix,AZ
ORD0000809,SHP001793,E002745,picked_up,2025-11-29 08:00:00,New York,AZ
ORD0000108,SHP001202,E000292,in_transit,2025-11-01 17:00:00,Seattle,AZ
ORD0001124,SHP001424,E004330,in_transit,2025-09-28 14:00:00,Seattle,FL
ORD0001494,SHP000004,E002302,in_transit,2025-05-30 04:00:00,Los Angeles,IL
ORD0000887,SHP000383,E004635,out_for_delivery,2025-09-25 13:00:00,Miami,CA
ORD0001535,SHP001360,E000729,label_created,2025-04-15 23:00:00,Seattle,CO
ORD0000658,SHP001697,E004211,in_transit,2025-12-15 03:00:00,Dallas,AZ
ORD0001808,SHP001019,E004786,in_transit,2025-09-26 03:00:00,Chicago,TX
ORD0000607,SHP000455,E004660,out_for_delivery,2025-03-22 15:00:00,Dallas,CA
ORD0000921,SHP000485,E001171,picked_up,2025-11-21 18:00:00,Denver,WA
ORD0000765,SHP001756,E004518,delivered,2025-04-06 05:00:00,Seattle,WA
ORD0000895,SHP001391,E001938,picked_up,2025-06-06 01:00:00,Phoenix,CO
ORD0000973,SHP000889,E005152,out_for_delivery,2025-02-21 18:00:00,New York,IL
ORD0001397,SHP000368,E005006,picked_up,2025-03-09 22:00:00,New York,CA
ORD0001419,SHP001413,E000870,label_created,2025-03-04 12:00:00,Los Angeles,IL
ORD0000119,SHP001003,E002036,in_transit,2025-09-26 04:00:00,Denver,IL
ORD0000890,SHP000797,E000665,out_for_delivery,2025-03-17 20:00:00,Dallas,CA
ORD0001047,SHP000429,E005236,in_transit,2025-12-30 07:00:00,Seattle,FL
ORD0002174,SHP000078,E004330,picked_up,2025-12-07 15:00:00,Los Angeles,FL
ORD0002194,SHP001459,E003889,picked_up,2025-05-16 23:00:00,Los Angeles,CO
ORD0000205,SHP000121,E002913,in_transit,2025-03-10 07:00:00,Chicago,WA
ORD0000036,SHP000938,E005179,picked_up,2025-04-14 07:00:00,Los Angeles,FL
ORD0000586,SHP000517,E000991,delivered,2025-08-23 17:00:00,Denver,CA
ORD0002042,SHP001259,E000712,out_for_delivery,2025-01-10 08:00:00,Phoenix,CO
ORD0001310,SHP000071,E001341,delivered,2025-01-07 16:00:00,Dallas,WA
ORD0000986,SHP000626,E004024,in_transit,2025-04-02 18:00:00,Phoenix,IL
ORD0001805,SHP001633,E001300,out_for_delivery,2025-07-12 14:00:00,Seattle,TX
ORD0000016,SHP001679,E002608,delivered,2025-01-10 09:00:00,New York,TX
ORD0000402,SHP000701,E003008,in_transit,2025-06-09 23:00:00,Miami,TX
ORD0000668,SHP000505,E002265,out_for_delivery,2025-01-01 04:00:00,Seattle,FL
ORD0000893,SHP000142,E003661,in_transit,2025-12-13 14:00:00,Seattle,IL
ORD0000935,SHP000218,E003727,in_transit,2025-10-15 11:00:00,Los Angeles,CO
ORD0000539,SHP001142,E004147,in_transit,2025-10-05 21:00:00,New York,CO
ORD0000472,SHP000007,E005069,label_created,2025-03-28 22:00:00,Denver,AZ
ORD0000303,SHP000435,E001081,in_transit,2025-03-10 23:00:00,Miami,TX
ORD0001898,SHP001434,E002163,in_transit,2025-03-06 21:00:00,Chicago,FL
ORD0000202,SHP001181,E000580,picked_up,2025-09-26 21:00:00,Los Angeles,WA
ORD0000597,SHP000050,E001634,in_transit,2025-02-03 21:00:00,Seattle,TX
ORD0000512,SHP001267,E003477,out_for_delivery,2025-01-29 09:00:00,Chicago,CO
ORD0001127,SHP000093,E003812,label_created,2025-09-06 16:00:00,Seattle,CA
ORD0001836,SHP001422,E004900,delivered,2025-11-06 11:00:00,Chicago,FL
ORD0000264,SHP000851,E003796,picked_up,2025-03-15 03:00:00,Phoenix,IL
ORD0001709,SHP000523,E000189,in_transit,2025-11-11 05:00:00,New York,IL
ORD0001307,SHP001288,E001577,in_transit,2025-03-18 07:00:00,Seattle,AZ
ORD0001836,SHP000761,E002612,in_transit,2025-04-14 20:00:00,New York,WA
ORD0000842,SHP000161,E005337,delivered,2025-07-13 19:00:00,New York,NY
ORD0001769,SHP000527,E000633,delivered,2025-10-09 19:00:00,Chicago,FL
ORD0000867,SHP001296,E005411,in_transit,2025-05-03 21:00:00,Dallas,TX
ORD0001853,SHP000925,E001958,in_transit,2025-03-29 11:00:00,Phoenix,CA
ORD0001122,SHP000841,E001176,picked_up,2025-04-16 12:00:00,Seattle,NY
ORD0000589,SHP000740,E001724,out_for_delivery,2025-12-28 20:00:00,Denver,NY
ORD0001729,SHP000856,E003354,in_transit,2025-09-02 05:00:00,Denver,CA
ORD0000808,SHP000792,E003903,exception,2025-10-16 11:00:00,Seattle,TX
ORD0002189,SHP001141,E003116,out_for_delivery,2025-11-09 00:00:00,Los Angeles,CA
ORD0000242,SHP001520,E002839,delivered,2025-09-14 21:00:00,Dallas,FL
ORD0001786,SHP000772,E004689,delivered,2025-06-28 11:00:00,Los Angeles,TX
ORD0002060,SHP001478,E001837,in_transit,2025-04-26 04:00:00,Chicago,CO
ORD0000706,SHP000286,E001665,label_created,2025-04-21 22:00:00,Seattle,TX
ORD0001030,SHP001045,E005432,label_created,2025-08-25 23:00:00,Dallas,AZ
ORD0002088,SHP000259,E003299,in_transit,2025-07-29 21:00:00,Phoenix,IL
ORD0000656,SHP001684,E005133,out_for_delivery,2025-05-02 18:00:00,Miami,FL
ORD0000991,SHP001112,E003100,delivered,2025-03-06 03:00:00,New York,IL
ORD0002194,SHP001388,E001635,delivered,2025-07-21 10:00:00,Phoenix,TX
ORD0000651,SHP000042,E000286,in_transit,2025-08-01 10:00:00,Los Angeles,TX
ORD0000668,SHP000807,E004512,label_created,2025-05-07 23:00:00,Los Angeles,FL
ORD0001040,SHP001077,E001678,delivered,2025-03-23 17:00:00,Phoenix,AZ
ORD0001670,SHP000352,E000232,delivered,2025-08-07 05:00:00,Miami,TX
ORD0000831,SHP000094,E004072,out_for_delivery,2025-04-19 05:00:00,Los Angeles,WA
ORD0001188,SHP001370,E005180,picked_up,2025-12-17 01:00:00,Denver,NY
ORD0001506,SHP001526,E003807,delivered,2025-01-21 11:00:00,Los Angeles,CA
ORD0000752,SHP000430,E002827,delivered,2025-03-21 04:00:00,Dallas,FL
ORD0000029,SHP001076,E003648,in_transit,2025-01-25 02:00:00,Phoenix,FL
ORD0001116,SHP000364,E000026,in_transit,2025-07-19 01:00:00,Denver,TX
ORD0000333,SHP000688,E004155,picked_up,2025-06-01 11:00:00,Dallas,NY
ORD0001317,SHP000645,E002849,in_transit,2025-09-02 09:00:00,New York,CO
ORD0000781,SHP000764,E004560,delivered,2025-04-21 15:00:00,Los Angeles,CO
ORD0002019,SHP001034,E005455,delivered,2025-02-06 15:00:00,Seattle,CO
ORD0000421,SHP001721,E002541,out_for_delivery,2025-03-03 03:00:00,Seattle,NY
ORD0001321,SHP000864,E002895,picked_up,2025-09-14 18:00:00,New York,CO
ORD0000364,SHP001209,E002123,picked_up,2025-09-13 02:00:00,Los Angeles,WA
ORD0001684,SHP000925,E003884,picked_up,2025-07-02 06:00:00,Phoenix,CA
ORD0001914,SHP001667,E004831,in_transit,2025-03-22 19:00:00,Seattle,WA
ORD0001676,SHP001499,E003665,picked_up,2025-03-30 21:00:00,Seattle,FL
ORD0000753,SHP001537,E002722,delivered,2025-03-25 18:00:00,Seattle,FL
ORD0000468,SHP000381,E004091,in_transit,2025-12-05 14:00:00,New York,WA
ORD0001609,SHP000943,E004268,out_for_delivery,2025-05-13 02:00:00,Phoenix,CA
ORD0001916,SHP000123,E003778,out_for_delivery,2025-07-18 15:00:00,Seattle,NY
ORD0002194,SHP000908,E005505,picked_up,2025-05-09 11:00:00,Seattle,IL
ORD0001396,SHP000672,E004658,in_transit,2025-08-24 04:00:00,Los Angeles,CO
ORD0001823,SHP001621,E001933,in_transit,2025-08-02 11:00:00,Chicago,AZ
ORD0000997,SHP001267,E003630,delivered,2025-01-07 21:00:00,Chicago,CO
ORD0000463,SHP001032,E001136,in_transit,2025-10-27 00:00:00,Phoenix,CA
ORD0000880,SHP001758,E003239,in_transit,2025-02-27 13:00:00,Denver,CO
ORD0001215,SHP000290,E005181,label_created,2025-02-03 10:00:00,Miami,NY
ORD0001853,SHP001180,E001724,label_created,2025-02-18 19:00:00,Dallas,AZ
ORD0000423,SHP001516,E002787,in_transit,2025-02-09 18:00:00,Miami,CO
ORD0000020,SHP000707,E000479,label_created,2025-12-30 05:00:00,Denver,CO
ORD0002132,SHP000520,E004898,picked_up,2025-09-19 03:00:00,New York,FL
ORD0001384,SHP000456,E005316,in_transit,2025-02-02 20:00:00,Seattle,TX
ORD0001255,SHP001356,E004835,picked_up,2025-06-09 05:00:00,Denver,CO
ORD0002185,SHP001416,E004020,out_for_delivery,2025-12-20 08:00:00,Seattle,CA
ORD0002057,SHP001715,E004534,label_created,2025-07-02 15:00:00,Phoenix,TX
ORD0000984,SHP000485,E000268,picked_up,2025-02-06 16:00:00,Miami,WA
ORD0001543,SHP001301,E004305,in_transit,2025-10-31 08:00:00,Seattle,CO
ORD0000527,SHP000279,E000173,delivered,2025-03-24 07:00:00,Seattle,AZ
ORD0000985,SHP001206,E001792,out_for_delivery,2025-02-18 20:00:00,Denver,NY
ORD0000488,SHP001498,E005492,exception,2025-11-21 03:00:00,New York,TX
ORD0001466,SHP000914,E004508,label_created,2025-04-04 13:00:00,Chicago,NY
ORD0001279,SHP000585,E002323,in_transit,2025-01-03 02:00:00,Dallas,CA
ORD0000275,SHP000508,E002533,in_transit,2025-01-15 03:00:00,New York,TX
ORD0000306,SHP001405,E001637,in_transit,2025-10-01 09:00:00,Phoenix,FL
ORD0002012,SHP000397,E005574,picked_up,2025-11-08 09:00:00,Phoenix,FL
ORD0000396,SHP000293,E005356,label_created,2025-09-10 04:00:00,Chicago,IL
ORD0000130,SHP001177,E002573,in_transit,2025-02-05 17:00:00,New York,CA
ORD0000641,SHP000086,E001178,label_created,2025-01-31 12:00:00,Dallas,TX
ORD0000555,SHP000565,E005477,in_transit,2025-08-12 06:00:00,Phoenix,FL
ORD0000922,SHP001348,E000973,delivered,2025-12-02 00:00:00,Dallas,AZ
ORD0002066,SHP001656,E005069,in_transit,2025-11-30 03:00:00,Phoenix,NY
ORD0000523,SHP001140,E000069,picked_up,2025-03-24 05:00:00,Chicago,WA
ORD0002132,SHP000325,E000615,in_transit,2025-04-08 09:00:00,Dallas,AZ
ORD0000489,SHP001528,E004671,out_for_delivery,2025-02-12 03:00:00,Chicago,NY
ORD0001764,SHP001150,E001178,label_created,2025-11-26 16:00:00,New York,CA
ORD0001339,SHP001190,E002750,in_transit,2025-08-16 22:00:00,Dallas,FL
ORD0000855,SHP001275,E002086,label_created,2025-11-07 05:00:00,Los Angeles,TX
ORD0001666,SHP000920,E002439,label_created,2025-10-05 16:00:00,Dallas,AZ
ORD0000840,SHP000918,E000832,in_transit,2025-01-20 06:00:00,New York,CA
ORD0000683,SHP000797,E004755,out_for_delivery,2025-11-08 15:00:00,Seattle,CA
ORD0001829,SHP001525,E000026,picked_up,2025-03-28 07:00:00,Dallas,AZ
ORD0000723,SHP001242,E005271,label_created,2025-02-20 19:00:00,Los Angeles,AZ
ORD0000184,SHP000824,E000257,in_transit,2025-02-14 02:00:00,Denver,WA
ORD0000419,SHP000872,E003748,in_transit,2025-06-03 21:00:00,Denver,CA
ORD0002106,SHP001788,E004405,delivered,2025-05-12 16:00:00,New York,NY
ORD0001165,SHP000110,E000017,out_for_delivery,2025-08-10 05:00:00,Seattle,NY
ORD0000224,SHP000387,E003435,picked_up,2025-10-04 08:00:00,Dallas,CA
ORD0000670,SHP000880,E002017,in_transit,2025-03-23 19:00:00,Seattle,TX
ORD0001469,SHP001439,E001918,delivered,2025-12-06 21:00:00,New York,NY
ORD0001790,SHP001458,E001271,in_transit,2025-12-06 22:00:00,Seattle,CA
ORD0001367,SHP000890,E005260,label_created,2025-03-13 10:00:00,Miami,FL
ORD0001215,SHP000290,E000979,in_transit,2025-06-20 11:00:00,Dallas,CO
ORD0001467,SHP000386,E003803,label_created,2025-06-09 01:00:00,Phoenix,FL
ORD0000549,SHP000478,E000849,in_transit,2025-01-15 08:00:00,Dallas,FL
ORD0001288,SHP001000,E000654,out_for_delivery,2025-03-15 23:00:00,Chicago,WA
ORD0001242,SHP000719,E001843,picked_up,2025-11-11 01:00:00,New York,IL
ORD0000178,SHP000385,E003499,picked_up,2025-12-27 11:00:00,Seattle,CO
ORD0000106,SHP000125,E002231,in_transit,2025-02-18 22:00:00,Phoenix,FL
ORD0001135,SHP001551,E000300,delivered,2025-08-15 02:00:00,Chicago,CO
ORD0000596,SHP001103,E003952,in_transit,2025-03-11 08:00:00,New York,CO
ORD0001710,SHP000553,E005147,in_transit,2025-07-28 15:00:00,Los Angeles,IL
ORD0001935,SHP001679,E002282,in_transit,2025-11-22 08:00:00,New York,CA
ORD0002058,SHP000770,E000483,in_transit,2025-02-06 14:00:00,Los Angeles,WA
ORD0001968,SHP000727,E004814,picked_up,2025-08-11 13:00:00,Miami,TX
ORD0001437,SHP001042,E000750,label_created,2025-06-04 14:00:00,Denver,CA
ORD0000282,SHP000165,E003483,out_for_delivery,2025-02-15 12:00:00,Los Angeles,TX
ORD0000539,SHP000852,E002460,delivered,2025-05-17 06:00:00,Miami,TX
ORD0001500,SHP000115,E001182,out_for_delivery,2025-12-08 06:00:00,Los Angeles,AZ
ORD0001559,SHP000232,E002710,in_transit,2025-08-22 10:00:00,Miami,IL
ORD0001440,SHP001031,E001236,out_for_delivery,2025-01-09 00:00:00,Denver,FL
ORD0000043,SHP000213,E004316,in_transit,2025-10-24 16:00:00,Phoenix,CO
ORD0001088,SHP001316,E005317,in_transit,2025-05-11 07:00:00,Chicago,WA
ORD0002114,SHP000724,E000752,picked_up,2025-10-26 15:00:00,New York,FL
ORD0000742,SHP000613,E004707,label_created,2025-07-07 16:00:00,Dallas,FL
ORD0000134,SHP000636,E002253,out_for_delivery,2025-03-15 10:00:00,Chicago,FL
ORD0001013,SHP000388,E004743,picked_up,2025-09-18 10:00:00,Chicago,CA
ORD0000197,SHP000653,E001550,delivered,2025-08-02 04:00:00,Denver,NY
ORD0000524,SHP000946,E001609,label_created,2025-12-28 07:00:00,New York,AZ
ORD0000359,SHP000397,E003482,label_created,2025-08-18 04:00:00,Denver,IL
ORD0000587,SHP000885,E002697,in_transit,2025-11-17 07:00:00,New York,NY
ORD0001115,SHP001169,E004618,in_transit,2025-08-01 15:00:00,Seattle,CA
ORD0001544,SHP000290,E003575,in_transit,2025-09-21 17:00:00,Phoenix,CO
ORD0000596,SHP001103,E003429,in_transit,2025-03-17 05:00:00,Los Angeles,CA
ORD0001091,SHP001710,E000876,in_transit,2025-05-09 09:00:00,Seattle,CA
ORD0001441,SHP001439,E000646,label_created,2025-01-08 18:00:00,New York,FL
ORD0001986,SHP000400,E001841,delivered,2025-04-11 23:00:00,Los Angeles,IL
ORD0001213,SHP001128,E004524,delivered,2025-01-30 01:00:00,Chicago,CO
ORD0001359,SHP001535,E005533,in_transit,2025-04-11 19:00:00,Phoenix,FL
ORD0000543,SHP001070,E000522,in_transit,2025-06-29 03:00:00,Denver,AZ
ORD0002142,SHP001732,E002310,in_transit,2025-01-01 08:00:00,New York,FL
ORD0000685,SHP000245,E003864,picked_up,2025-11-22 03:00:00,Phoenix,IL
ORD0000435,SHP000982,E002513,out_for_delivery,2025-06-26 04:00:00,Miami,NY
ORD0000282,SHP000743,E002810,label_created,2025-09-05 02:00:00,Denver,WA
ORD0001006,SHP000617,E001734,in_transit,2025-08-27 14:00:00,Phoenix,NY
ORD0001003,SHP000715,E005192,in_transit,2025-05-17 15:00:00,Los Angeles,AZ
ORD0001857,SHP000914,E002664,in_transit,2025-01-07 12:00:00,Chicago,WA
ORD0000936,SHP000542,E004829,out_for_delivery,2025-07-22 10:00:00,Phoenix,CO
ORD0001878,SHP000450,E003980,in_transit,2025-05-25 15:00:00,Dallas,TX
ORD0000342,SHP000373,E000351,in_transit,2025-02-03 12:00:00,Dallas,FL
ORD0000817,SHP000386,E001996,in_transit,2025-05-17 00:00:00,Los Angeles,AZ
ORD0000482,SHP001338,E004105,delivered,2025-07-01 06:00:00,Dallas,WA
ORD0001070,SHP000369,E004816,in_transit,2025-01-19 13:00:00,New York,CA
ORD0000730,SHP001735,E000308,out_for_delivery,2025-05-09 09:00:00,Chicago,WA
ORD0000084,SHP000352,E004315,in_transit,2025-04-29 20:00:00,Miami,FL
ORD0000954,SHP001413,E005288,out_for_delivery,2025-03-19 12:00:00,Phoenix,TX
ORD0002017,SHP000436,E000757,picked_up,2025-08-03 15:00:00,Phoenix,CA
ORD0000871,SHP000190,E000412,delivered,2025-05-30 09:00:00,New York,CA
ORD0002073,SHP000809,E001500,in_transit,2025-10-17 18:00:00,Los Angeles,FL
ORD0001078,SHP000130,E003634,in_transit,2025-09-14 20:00:00,Phoenix,NY
ORD0000611,SHP000969,E002639,exception,2025-04-27 04:00:00,Chicago,IL
ORD0001970,SHP000177,E002885,in_transit,2025-12-25 06:00:00,Los Angeles,NY
ORD0000979,SHP000264,E001396,out_for_delivery,2025-12-08 01:00:00,Miami,TX
ORD0001219,SHP001521,E002105,picked_up,2025-11-21 11:00:00,New York,WA
ORD0001136,SHP000853,E000034,out_for_delivery,2025-10-31 16:00:00,Phoenix,AZ
ORD0000371,SHP000421,E001198,label_created,2025-04-16 01:00:00,Chicago,CA
ORD0001474,SHP000183,E000312,picked_up,2025-12-29 13:00:00,Phoenix,CO
ORD0001261,SHP000990,E004451,delivered,2025-12-31 04:00:00,New York,CA
ORD0000723,SHP000936,E002050,picked_up,2025-02-24 15:00:00,Seattle,WA
ORD0001247,SHP001529,E002907,label_created,2025-12-16 20:00:00,New York,WA
ORD0001907,SHP000191,E004111,picked_up,2025-05-12 14:00:00,Denver,AZ
ORD0000745,SHP001528,E002923,delivered,2025-02-27 05:00:00,Seattle,TX
ORD0001389,SHP000117,E000139,out_for_delivery,2025-11-05 09:00:00,Seattle,CO
ORD0000531,SHP001541,E002186,in_transit,2025-09-13 09:00:00,Los Angeles,CA
ORD0001293,SHP000980,E001965,picked_up,2025-09-06 15:00:00,Seattle,CO
ORD0001689,SHP001741,E003234,picked_up,2025-03-01 08:00:00,Miami,IL
ORD0000198,SHP000778,E003976,in_transit,2025-08-28 06:00:00,Los Angeles,CO
ORD0001934,SHP000392,E001320,delivered,2025-08-04 09:00:00,Los Angeles,FL
ORD0000786,SHP000851,E005459,delivered,2025-12-17 10:00:00,Phoenix,CA
ORD0000788,SHP001466,E005556,out_for_delivery,2025-03-03 20:00:00,Chicago,WA
ORD0002010,SHP000475,E003352,in_transit,2025-11-07 15:00:00,Chicago,WA
ORD0000215,SHP001739,E001820,out_for_delivery,2025-12-21 16:00:00,Los Angeles,NY
ORD0002016,SHP000964,E000133,picked_up,2025-02-01 01:00:00,New York,WA
ORD0001242,SHP000719,E000699,out_for_delivery,2025-06-15 04:00:00,Seattle,FL
ORD0002007,SHP000696,E005643,picked_up,2025-07-03 11:00:00,Phoenix,AZ
ORD0000252,SHP001380,E001202,picked_up,2025-05-09 04:00:00,Seattle,FL
ORD0001134,SHP000217,E000465,out_for_delivery,2025-09-13 21:00:00,Dallas,AZ
ORD0001086,SHP000414,E000771,out_for_delivery,2025-11-21 15:00:00,Los Angeles,FL
ORD0000236,SHP001442,E001564,in_transit,2025-08-25 06:00:00,Dallas,NY
ORD0001653,SHP000901,E003802,label_created,2025-12-26 03:00:00,Miami,CA
ORD0001149,SHP000725,E000489,label_created,2025-04-28 13:00:00,Denver,NY
ORD0000786,SHP000756,E003318,picked_up,2025-04-01 10:00:00,Chicago,TX
ORD0002164,SHP000017,E004534,delivered,2025-08-11 12:00:00,Miami,NY
ORD0000318,SHP000637,E005460,delivered,2025-07-02 01:00:00,New York,TX
ORD0001220,SHP000721,E004569,label_created,2025-01-11 05:00:00,Denver,CO
ORD0001488,SHP001791,E000095,in_transit,2025-11-06 18:00:00,Los Angeles,CA
ORD0000363,SHP000957,E003064,in_transit,2025-06-09 18:00:00,Seattle,IL
ORD0002075,SHP001415,E005446,in_transit,2025-09-19 06:00:00,Phoenix,CA
ORD0001239,SHP000943,E005296,picked_up,2025-09-17 18:00:00,Chicago,CO
ORD0000173,SHP000306,E003518,delivered,2025-09-24 23:00:00,Phoenix,CO
ORD0001182,SHP000021,E004052,picked_up,2025-05-05 06:00:00,Miami,CO
ORD0001786,SHP000909,E003304,in_transit,2025-05-09 01:00:00,Los Angeles,NY
ORD0000836,SHP000973,E005221,in_transit,2025-06-20 15:00:00,Seattle,CA
ORD0000360,SHP001340,E003461,label_created,2025-01-03 03:00:00,Los Angeles,TX
ORD0000155,SHP000424,E002489,out_for_delivery,2025-04-01 07:00:00,New York,CA
ORD0000119,SHP001003,E005452,picked_up,2025-12-22 21:00:00,Miami,IL
ORD0000953,SHP000214,E003799,picked_up,2025-07-18 03:00:00,New York,AZ
ORD0000780,SHP000800,E001873,delivered,2025-01-25 21:00:00,Denver,WA
ORD0001727,SHP001353,E000221,delivered,2025-12-15 23:00:00,Denver,WA
ORD0001604,SHP000475,E005657,picked_up,2025-12-28 03:00:00,New York,AZ
ORD0000675,SHP000133,E001886,in_transit,2025-02-03 01:00:00,Denver,IL
ORD0001213,SHP001128,E004246,in_transit,2025-10-18 03:00:00,Denver,AZ
ORD0001678,SHP001307,E004024,in_transit,2025-06-02 18:00:00,Dallas,CO
ORD0000151,SHP000309,E001315,in_transit,2025-05-29 11:00:00,Los Angeles,AZ
ORD0001427,SHP000538,E004690,out_for_delivery,2025-07-15 07:00:00,Denver,WA
ORD0000819,SHP001395,E005683,picked_up,2025-07-07 01:00:00,Denver,CO
ORD0000562,SHP001793,E001966,label_created,2025-12-20 09:00:00,Denver,NY
ORD0001741,SHP000087,E005255,picked_up,2025-01-28 09:00:00,Denver,NY
ORD0000853,SHP001603,E001778,delivered,2025-05-05 09:00:00,Phoenix,AZ
ORD0000697,SHP000153,E003702,delivered,2025-08-02 18:00:00,Chicago,CO
ORD0001802,SHP000754,E003053,out_for_delivery,2025-04-04 13:00:00,Phoenix,CO
ORD0000521,SHP000477,E003919,out_for_delivery,2025-08-20 00:00:00,Seattle,FL
ORD0002149,SHP000945,E004304,in_transit,2025-06-23 04:00:00,Seattle,FL
ORD0001524,SHP000959,E005407,exception,2025-10-16 09:00:00,Los Angeles,WA
ORD0000508,SHP000417,E000062,in_transit,2025-06-28 22:00:00,Los Angeles,NY
ORD0000148,SHP001476,E003861,delivered,2025-10-06 22:00:00,New York,IL
ORD0000562,SHP000453,E000745,in_transit,2025-11-21 20:00:00,Chicago,TX
ORD0001153,SHP000057,E002790,in_transit,2025-01-31 09:00:00,New York,WA
ORD0001650,SHP000152,E003856,out_for_delivery,2025-10-20 03:00:00,Phoenix,FL
ORD0000393,SHP001716,E005404,in_transit,2025-12-12 01:00:00,Los Angeles,CO
ORD0000163,SHP000814,E000885,delivered,2025-03-31 14:00:00,Denver,WA
ORD0001414,SHP000297,E005122,picked_up,2025-03-13 04:00:00,Los Angeles,IL
ORD0001624,SHP001361,E003560,out_for_delivery,2025-10-13 14:00:00,Seattle,CO
ORD0002173,SHP000744,E000023,in_transit,2025-10-05 02:00:00,Seattle,CO
ORD0000883,SHP000426,E004298,in_transit,2025-01-04 02:00:00,Chicago,NY
ORD0001762,SHP000083,E003482,in_transit,2025-03-05 20:00:00,Miami,IL
ORD0000712,SHP001689,E001561,label_created,2025-05-30 11:00:00,New York,IL
ORD0001605,SHP000217,E003765,out_for_delivery,2025-07-27 07:00:00,Denver,AZ
ORD0001390,SHP001501,E000901,in_transit,2025-05-07 00:00:00,Chicago,CO
ORD0000334,SHP000126,E004307,delivered,2025-05-09 23:00:00,Denver,NY
ORD0001652,SHP000081,E003981,out_for_delivery,2025-05-08 19:00:00,Dallas,CO
ORD0000649,SHP000212,E000566,label_created,2025-12-13 12:00:00,Denver,CO
ORD0001487,SHP001132,E005595,label_created,2025-04-07 23:00:00,Chicago,NY
ORD0001621,SHP001288,E004812,out_for_delivery,2025-10-25 21:00:00,New York,IL
ORD0000725,SHP001481,E002144,in_transit,2025-06-30 08:00:00,Chicago,TX
ORD0000879,SHP001077,E001263,delivered,2025-08-23 05:00:00,Los Angeles,AZ
ORD0002032,SHP000715,E001348,in_transit,2025-10-02 00:00:00,Denver,CO
ORD0001993,SHP000920,E001242,label_created,2025-06-05 23:00:00,Miami,CA
ORD0002025,SHP001319,E004899,exception,2025-07-07 02:00:00,Chicago,AZ
ORD0000939,SHP001540,E002082,picked_up,2025-06-29 22:00:00,Dallas,CO
ORD0000853,SHP000430,E002392,picked_up,2025-04-06 15:00:00,Chicago,AZ
ORD0000577,SHP000656,E002884,label_created,2025-07-04 01:00:00,Miami,IL
ORD0000057,SHP000529,E005294,in_transit,2025-10-30 14:00:00,Dallas,FL
ORD0000936,SHP000364,E005690,picked_up,2025-02-19 08:00:00,Miami,AZ
ORD0000695,SHP000658,E001246,label_created,2025-07-25 00:00:00,Chicago,FL
ORD0001532,SHP000748,E002104,picked_up,2025-03-03 20:00:00,New York,IL
ORD0002048,SHP000235,E002599,delivered,2025-10-15 14:00:00,Seattle,NY
ORD0000840,SHP000699,E003345,in_transit,2025-03-21 08:00:00,Chicago,CO
ORD0001472,SHP000653,E002206,delivered,2025-09-13 08:00:00,Miami,FL
ORD0000876,SHP001007,E000650,out_for_delivery,2025-03-25 18:00:00,Denver,FL
ORD0000367,SHP000086,E003179,picked_up,2025-09-28 11:00:00,Chicago,AZ
ORD0001384,SHP000456,E002932,out_for_delivery,2025-05-14 11:00:00,Los Angeles,FL
ORD0001348,SHP001069,E005347,in_transit,2025-09-04 08:00:00,Denver,CA
ORD0001869,SHP001055,E004685,out_for_delivery,2025-04-09 10:00:00,Los Angeles,CO
ORD0000773,SHP000959,E004194,out_for_delivery,2025-06-11 21:00:00,Dallas,WA
ORD0000147,SHP001122,E003200,out_for_delivery,2025-08-19 04:00:00,New York,IL
ORD0000815,SHP001397,E000146,out_for_delivery,2025-05-10 05:00:00,Chicago,FL
ORD0000730,SHP001735,E004412,delivered,2025-02-21 18:00:00,Los Angeles,NY
ORD0000116,SHP000097,E005132,label_created,2025-06-25 07:00:00,Denver,FL
ORD0001681,SHP000910,E001428,delivered,2025-09-02 03:00:00,Los Angeles,CA
ORD0000310,SHP000330,E000547,picked_up,2025-11-12 18:00:00,Chicago,IL
ORD0001339,SHP001183,E000722,picked_up,2025-10-12 00:00:00,Miami,FL
ORD0002150,SHP000453,E004217,delivered,2025-06-05 22:00:00,Denver,NY
ORD0000557,SHP001755,E000886,in_transit,2025-03-09 17:00:00,Phoenix,NY
ORD0001915,SHP000794,E005306,in_transit,2025-12-13 21:00:00,New York,AZ
ORD0000156,SHP000415,E005336,out_for_delivery,2025-10-19 23:00:00,Seattle,AZ
ORD0001637,SHP000222,E005046,in_transit,2025-01-09 03:00:00,Los Angeles,NY
ORD0001851,SHP001125,E002026,out_for_delivery,2025-09-09 10:00:00,Phoenix,IL
ORD0000689,SHP001586,E003567,in_transit,2025-05-02 10:00:00,Chicago,NY
ORD0000689,SHP000744,E004726,in_transit,2025-04-30 14:00:00,Chicago,FL
ORD0001867,SHP000488,E002661,exception,2025-02-18 20:00:00,New York,CO
ORD0001936,SHP001332,E005676,picked_up,2025-01-10 04:00:00,Seattle,IL
ORD0001786,SHP000772,E004291,picked_up,2025-12-28 22:00:00,Miami,AZ
ORD0001565,SHP001461,E001277,picked_up,2025-02-22 06:00:00,Los Angeles,CA
ORD0001360,SHP001780,E004010,in_transit,2025-06-09 04:00:00,Phoenix,NY
ORD0001101,SHP000596,E005135,in_transit,2025-06-18 09:00:00,Dallas,FL
ORD0000605,SHP001789,E003112,picked_up,2025-07-21 18:00:00,Dallas,FL
ORD0000416,SHP001321,E005659,picked_up,2025-10-07 18:00:00,Dallas,CA
ORD0000367,SHP001720,E000269,picked_up,2025-05-26 02:00:00,Phoenix,TX
ORD0000497,SHP001008,E005275,out_for_delivery,2025-04-27 14:00:00,Miami,AZ
ORD0000477,SHP000305,E003295,in_transit,2025-03-03 08:00:00,Los Angeles,AZ
ORD0000614,SHP000522,E003163,in_transit,2025-08-17 11:00:00,Dallas,IL
ORD0001313,SHP001089,E000966,picked_up,2025-06-09 19:00:00,Denver,CA
ORD0002092,SHP001002,E003945,exception,2025-11-20 21:00:00,New York,TX
ORD0001116,SHP000364,E003833,in_transit,2025-06-14 23:00:00,Phoenix,CA
ORD0001330,SHP000587,E002568,out_for_delivery,2025-08-16 11:00:00,Miami,TX
ORD0002158,SHP000534,E003581,out_for_delivery,2025-08-29 18:00:00,Chicago,WA
ORD0000596,SHP000348,E002924,label_created,2025-12-30 07:00:00,Los Angeles,WA
ORD0000782,SHP001514,E004578,picked_up,2025-07-16 09:00:00,Phoenix,AZ
ORD0000575,SHP001617,E003549,out_for_delivery,2025-01-30 07:00:00,Los Angeles,IL
ORD0000545,SHP000015,E001157,in_transit,2025-10-18 06:00:00,Denver,WA
ORD0001194,SHP001512,E004433,picked_up,2025-04-15 08:00:00,Denver,NY
ORD0002059,SHP001157,E003783,out_for_delivery,2025-08-24 10:00:00,Miami,FL
ORD0001223,SHP000036,E005504,out_for_delivery,2025-10-22 05:00:00,Phoenix,WA
ORD0000679,SHP000053,E003190,in_transit,2025-12-29 02:00:00,Dallas,FL
ORD0001179,SHP001707,E005578,picked_up,2025-04-27 12:00:00,Phoenix,WA
ORD0000676,SHP001245,E002043,label_created,2025-08-20 10:00:00,Miami,NY
ORD0001909,SHP001115,E001216,label_created,2025-08-09 17:00:00,Los Angeles,WA
ORD0001313,SHP000994,E002749,delivered,2025-03-23 11:00:00,Miami,CO
ORD0001136,SHP000407,E005548,picked_up,2025-06-19 12:00:00,Seattle,CO
ORD0001567,SHP001714,E001450,label_created,2025-05-24 16:00:00,Chicago,NY
ORD0000591,SHP001555,E001573,delivered,2025-06-29 20:00:00,Chicago,CA
ORD0001829,SHP001525,E004148,in_transit,2025-04-04 03:00:00,Miami,CO
ORD0001132,SHP000304,E001873,out_for_delivery,2025-03-31 01:00:00,Seattle,NY
ORD0000753,SHP001537,E001123,in_transit,2025-08-17 11:00:00,Denver,TX
ORD0001545,SHP000145,E004291,in_transit,2025-12-27 00:00:00,Miami,WA
ORD0000356,SHP000397,E002231,out_for_delivery,2025-06-21 05:00:00,Phoenix,FL
ORD0000168,SHP000460,E001160,delivered,2025-03-26 19:00:00,Los Angeles,IL
ORD0000988,SHP000734,E003026,in_transit,2025-07-14 09:00:00,Phoenix,TX
ORD0000529,SHP000581,E003727,out_for_delivery,2025-09-16 21:00:00,Dallas,AZ
ORD0001231,SHP000160,E002289,out_for_delivery,2025-05-13 19:00:00,Chicago,AZ
ORD0001370,SHP001701,E003379,in_transit,2025-01-24 18:00:00,Phoenix,WA
ORD0000479,SHP001340,E001206,in_transit,2025-11-20 07:00:00,Dallas,AZ
ORD0001133,SHP000683,E004445,in_transit,2025-02-19 07:00:00,Seattle,CO
ORD0000113,SHP000931,E004411,in_transit,2025-02-15 20:00:00,Dallas,IL
ORD0001363,SHP001162,E003380,out_for_delivery,2025-09-01 05:00:00,Chicago,NY
ORD0001618,SHP001736,E004421,in_transit,2025-10-01 17:00:00,Seattle,AZ
ORD0000587,SHP001432,E000311,out_for_delivery,2025-07-07 02:00:00,Dallas,CO
ORD0000435,SHP001579,E002827,label_created,2025-04-15 14:00:00,Denver,IL
ORD0000070,SHP000521,E003131,picked_up,2025-08-25 12:00:00,Seattle,FL
ORD0002164,SHP000607,E003530,delivered,2025-03-22 08:00:00,Dallas,TX
ORD0000372,SHP000468,E000442,delivered,2025-05-21 23:00:00,Dallas,CA
ORD0001408,SHP001756,E004907,in_transit,2025-02-04 04:00:00,Denver,IL
ORD0001933,SHP001278,E005571,picked_up,2025-04-28 17:00:00,Chicago,WA
ORD0000434,SHP001373,E005662,in_transit,2025-10-09 13:00:00,Dallas,WA
ORD0000827,SHP000431,E001722,out_for_delivery,2025-03-31 07:00:00,Chicago,NY
ORD0000263,SHP000478,E000552,delivered,2025-05-12 09:00:00,Seattle,WA
ORD0001070,SHP000006,E003994,out_for_delivery,2025-02-14 03:00:00,Denver,TX
ORD0000768,SHP001664,E000921,picked_up,2025-04-28 19:00:00,New York,CA
ORD0001562,SHP001475,E002134,picked_up,2025-12-06 15:00:00,Los Angeles,AZ
ORD0000642,SHP001182,E000413,in_transit,2025-06-16 14:00:00,New York,WA
ORD0001538,SHP000346,E003920,picked_up,2025-06-16 11:00:00,Chicago,AZ
ORD0001015,SHP000439,E002121,label_created,2025-09-21 18:00:00,Seattle,CA
ORD0000795,SHP000261,E003928,in_transit,2025-09-10 21:00:00,New York,AZ
ORD0000011,SHP001646,E002799,in_transit,2025-08-22 04:00:00,Los Angeles,WA
ORD0000281,SHP001167,E004024,picked_up,2025-01-22 20:00:00,Los Angeles,WA
ORD0000022,SHP001461,E005610,picked_up,2025-04-14 01:00:00,Miami,FL
ORD0001675,SHP000856,E004135,picked_up,2025-09-25 06:00:00,Los Angeles,NY
ORD0000407,SHP000249,E002207,label_created,2025-12-28 07:00:00,Miami,TX
ORD0000666,SHP000467,E004072,picked_up,2025-11-09 18:00:00,Los Angeles,CO
ORD0002190,SHP000509,E003951,picked_up,2025-11-03 18:00:00,Chicago,CO
ORD0000204,SHP000923,E004676,picked_up,2025-10-27 14:00:00,Phoenix,CA
ORD0001273,SHP000272,E000614,in_transit,2025-03-27 23:00:00,Dallas,WA
ORD0001764,SHP001150,E001551,delivered,2025-06-11 00:00:00,Seattle,WA
ORD0001298,SHP000941,E000745,picked_up,2025-09-13 10:00:00,Chicago,TX
ORD0001215,SHP001473,E005601,out_for_delivery,2025-04-06 12:00:00,Seattle,FL
ORD0001414,SHP000297,E001276,picked_up,2025-09-12 20:00:00,Seattle,TX
ORD0001652,SHP000630,E002968,picked_up,2025-06-02 13:00:00,Dallas,NY
ORD0002070,SHP001154,E001074,picked_up,2025-07-14 07:00:00,Seattle,CA
ORD0001313,SHP001089,E005038,out_for_delivery,2025-07-25 00:00:00,Seattle,CO
ORD0001959,SHP000190,E003195,delivered,2025-02-23 02:00:00,Los Angeles,AZ
ORD0001395,SHP001310,E002756,delivered,2025-09-19 02:00:00,Miami,IL
ORD0000524,SHP001477,E005317,in_transit,2025-05-31 22:00:00,Denver,AZ
ORD0000890,SHP001649,E003202,in_transit,2025-11-12 11:00:00,Phoenix,TX
ORD0000787,SHP001482,E004786,in_transit,2025-12-26 11:00:00,Denver,TX
ORD0002027,SHP000453,E002886,in_transit,2025-10-18 21:00:00,Seattle,WA
ORD0001031,SHP001563,E000800,in_transit,2025-08-31 06:00:00,Denver,WA
ORD0000498,SHP000839,E003897,in_transit,2025-03-09 17:00:00,Denver,NY
ORD0002079,SHP000451,E000094,picked_up,2025-01-17 11:00:00,Dallas,AZ
ORD0000005,SHP000428,E001746,out_for_delivery,2025-08-14 05:00:00,Seattle,NY
ORD0001031,SHP000696,E002118,out_for_delivery,2025-05-18 18:00:00,New York,CO
ORD0000185,SHP001353,E005677,picked_up,2025-04-04 19:00:00,Phoenix,NY
ORD0000249,SHP001455,E003041,out_for_delivery,2025-08-08 09:00:00,Denver,FL
ORD0000745,SHP000043,E004582,in_transit,2025-09-01 07:00:00,Denver,CA
ORD0002132,SHP000925,E002887,in_transit,2025-08-30 15:00:00,Miami,AZ
ORD0000597,SHP000211,E003254,label_created,2025-12-28 20:00:00,Los Angeles,TX
ORD0001918,SHP000515,E004249,exception,2025-01-17 05:00:00,Chicago,TX
ORD0000318,SHP001755,E005127,in_transit,2025-11-12 18:00:00,Phoenix,AZ
ORD0000345,SHP000466,E003650,in_transit,2025-10-12 08:00:00,New York,CA
ORD0001535,SHP000786,E002092,in_transit,2025-05-07 09:00:00,Denver,CA
ORD0001324,SHP000872,E000387,picked_up,2025-05-12 07:00:00,Dallas,IL
ORD0001163,SHP000867,E004887,in_transit,2025-07-23 11:00:00,Seattle,AZ
ORD0001506,SHP001526,E004296,label_created,2025-11-08 19:00:00,Seattle,TX
ORD0001789,SHP001212,E001547,in_transit,2025-10-22 17:00:00,Dallas,CO
ORD0000465,SHP000479,E004599,out_for_delivery,2025-07-09 09:00:00,Dallas,WA
ORD0000033,SHP000523,E002327,delivered,2025-10-23 11:00:00,Miami,CA
ORD0001145,SHP001306,E000706,in_transit,2025-08-21 14:00:00,Dallas,TX
ORD0001735,SHP000863,E005221,out_for_delivery,2025-10-19 18:00:00,Denver,FL
ORD0001356,SHP001211,E003451,in_transit,2025-07-09 20:00:00,Miami,AZ
ORD0000689,SHP001586,E000428,in_transit,2025-01-16 01:00:00,Denver,AZ
ORD0000984,SHP000715,E003378,in_transit,2025-02-04 03:00:00,Seattle,IL
ORD0001476,SHP001098,E004345,in_transit,2025-02-28 04:00:00,Phoenix,FL
ORD0000272,SHP001102,E004364,delivered,2025-03-30 06:00:00,New York,CO
ORD0001694,SHP000276,E001222,out_for_delivery,2025-05-29 09:00:00,Dallas,NY
ORD0000328,SHP001598,E004667,in_transit,2025-07-17 23:00:00,New York,FL
ORD0001913,SHP000772,E000434,delivered,2025-02-21 12:00:00,Denver,FL
ORD0000999,SHP000885,E003684,delivered,2025-01-16 15:00:00,Los Angeles,AZ
ORD0001149,SHP001353,E004931,delivered,2025-10-27 07:00:00,Los Angeles,CO
ORD0001399,SHP001474,E002149,delivered,2025-01-28 02:00:00,Chicago,CO
ORD0001635,SHP001379,E001270,delivered,2025-01-30 21:00:00,Seattle,FL
ORD0001082,SHP001055,E003738,out_for_delivery,2025-11-11 13:00:00,Miami,NY
ORD0000108,SHP001202,E005221,delivered,2025-12-15 21:00:00,New York,CA
ORD0001975,SHP000968,E001595,exception,2025-09-03 05:00:00,Chicago,CA
ORD0001182,SHP001169,E003259,delivered,2025-03-20 20:00:00,Los Angeles,IL
ORD0001225,SHP001381,E000215,out_for_delivery,2025-02-14 20:00:00,Miami,TX
ORD0002076,SHP000820,E001006,delivered,2025-08-12 21:00:00,Seattle,CA
ORD0000622,SHP000601,E003705,picked_up,2025-03-03 14:00:00,Chicago,FL
ORD0001190,SHP000050,E000687,delivered,2025-04-28 17:00:00,Miami,NY
ORD0000076,SHP000702,E001333,out_for_delivery,2025-02-26 06:00:00,Los Angeles,CO
ORD0000477,SHP001538,E004607,in_transit,2025-06-12 14:00:00,Chicago,CO
ORD0002185,SHP000674,E000294,in_transit,2025-06-15 15:00:00,Chicago,CO
ORD0000595,SHP001207,E005432,in_transit,2025-05-26 02:00:00,Chicago,NY
ORD0000490,SHP000070,E004893,picked_up,2025-11-26 03:00:00,Los Angeles,CA
ORD0000395,SHP000021,E002406,in_transit,2025-08-12 23:00:00,Phoenix,WA
ORD0001360,SHP001780,E001198,delivered,2025-02-25 13:00:00,Seattle,FL
ORD0001141,SHP000647,E000259,in_transit,2025-02-23 21:00:00,New York,TX
ORD0001090,SHP000622,E001051,delivered,2025-04-17 09:00:00,Denver,FL
ORD0001034,SHP001468,E000527,picked_up,2025-01-20 22:00:00,Chicago,AZ
ORD0001977,SHP000677,E005313,in_transit,2025-07-14 14:00:00,Seattle,AZ
ORD0000957,SHP001021,E000740,out_for_delivery,2025-07-23 04:00:00,New York,AZ
ORD0001669,SHP000450,E002440,picked_up,2025-02-28 22:00:00,Denver,CA
ORD0002093,SHP001625,E001312,exception,2025-08-15 07:00:00,Seattle,CA
ORD0001629,SHP001373,E001378,out_for_delivery,2025-04-01 09:00:00,Denver,CO
ORD0002185,SHP000674,E000274,out_for_delivery,2025-01-15 16:00:00,Phoenix,AZ
ORD0000201,SHP000343,E004017,delivered,2025-07-02 17:00:00,Phoenix,AZ
ORD0001688,SHP000176,E002032,label_created,2025-08-02 02:00:00,Chicago,AZ
ORD0000029,SHP000499,E002551,out_for_delivery,2025-11-26 15:00:00,Chicago,WA
ORD0000002,SHP001467,E001119,in_transit,2025-04-29 07:00:00,Los Angeles,IL
ORD0000490,SHP000070,E003616,in_transit,2025-11-25 01:00:00,Miami,CA
ORD0000767,SHP001733,E004083,delivered,2025-03-24 01:00:00,Phoenix,AZ
ORD0001512,SHP001452,E000970,picked_up,2025-06-11 03:00:00,Chicago,FL
ORD0001951,SHP001670,E004464,out_for_delivery,2025-10-06 17:00:00,Phoenix,FL
ORD0001318,SHP001088,E004182,out_for_delivery,2025-01-02 08:00:00,Dallas,TX
ORD0001588,SHP001135,E000737,in_transit,2025-12-04 01:00:00,Los Angeles,IL
ORD0000776,SHP001025,E005055,in_transit,2025-09-04 08:00:00,Phoenix,IL
ORD0002002,SHP000748,E005625,out_for_delivery,2025-10-29 20:00:00,Seattle,WA
ORD0001615,SHP000147,E002508,label_created,2025-03-22 03:00:00,Miami,AZ
ORD0000951,SHP001515,E002525,out_for_delivery,2025-07-16 13:00:00,Dallas,AZ
ORD0001732,SHP001369,E000016,exception,2025-07-02 12:00:00,New York,AZ
ORD0000995,SHP000987,E001018,in_transit,2025-04-01 04:00:00,Phoenix,TX
ORD0000988,SHP000625,E003315,picked_up,2025-09-24 07:00:00,Los Angeles,FL
ORD0002139,SHP000949,E000907,in_transit,2025-05-06 17:00:00,Seattle,TX
ORD0001408,SHP001190,E004482,out_for_delivery,2025-04-12 23:00:00,Miami,CO
ORD0000449,SHP001700,E001677,exception,2025-11-05 06:00:00,Denver,IL
ORD0002186,SHP001334,E000297,in_transit,2025-09-11 04:00:00,New York,NY
ORD0001605,SHP000217,E001797,picked_up,2025-01-28 18:00:00,Seattle,NY
ORD0001967,SHP001267,E005557,in_transit,2025-12-11 15:00:00,Dallas,TX
ORD0000374,SHP000015,E001184,delivered,2025-04-12 06:00:00,Denver,NY
ORD0001175,SHP000418,E001370,in_transit,2025-01-01 03:00:00,Phoenix,WA
ORD0000508,SHP000933,E004761,out_for_delivery,2025-02-13 09:00:00,Phoenix,WA
ORD0000861,SHP001518,E003464,delivered,2025-02-11 04:00:00,Denver,TX
ORD0000299,SHP000825,E001755,picked_up,2025-07-08 09:00:00,Dallas,CA
ORD0002143,SHP000597,E002290,picked_up,2025-04-05 18:00:00,Chicago,TX
ORD0000256,SHP000212,E000315,label_created,2025-01-15 17:00:00,Los Angeles,AZ
ORD0000969,SHP000456,E003353,delivered,2025-02-24 01:00:00,Dallas,AZ
ORD0001625,SHP000683,E003622,out_for_delivery,2025-07-04 02:00:00,Chicago,FL
ORD0000226,SHP001116,E000563,delivered,2025-05-02 10:00:00,Chicago,FL
ORD0000685,SHP001533,E004811,picked_up,2025-06-04 01:00:00,Chicago,WA
ORD0001179,SHP000487,E002818,in_transit,2025-10-28 10:00:00,Los Angeles,AZ
ORD0001311,SHP001310,E000281,delivered,2025-07-05 13:00:00,Dallas,FL
ORD0000546,SHP000134,E005065,out_for_delivery,2025-11-08 17:00:00,Seattle,AZ
ORD0001049,SHP000211,E000659,delivered,2025-02-25 23:00:00,Seattle,WA
ORD0000345,SHP001775,E001812,in_transit,2025-10-26 13:00:00,Miami,FL
ORD0000638,SHP001062,E003280,out_for_delivery,2025-10-19 22:00:00,Los Angeles,IL
ORD0001896,SHP000925,E005657,out_for_delivery,2025-06-07 21:00:00,Miami,AZ
ORD0000908,SHP001248,E005247,label_created,2025-11-02 13:00:00,Dallas,CA
ORD0000912,SHP000862,E000286,in_transit,2025-02-25 01:00:00,Phoenix,CO
ORD0001772,SHP000318,E001972,picked_up,2025-04-10 22:00:00,Denver,IL
ORD0000603,SHP001110,E000286,delivered,2025-10-12 22:00:00,Dallas,CA
ORD0001539,SHP000992,E002740,out_for_delivery,2025-03-23 14:00:00,New York,NY
ORD0000246,SHP000290,E003666,exception,2025-02-03 12:00:00,Phoenix,FL
ORD0001313,SHP001089,E001950,delivered,2025-08-12 06:00:00,Chicago,CA
ORD0001296,SHP000486,E000103,label_created,2025-10-19 08:00:00,Denver,CA
ORD0000325,SHP000077,E001002,delivered,2025-03-14 03:00:00,New York,CA
ORD0000404,SHP000545,E004890,in_transit,2025-11-15 20:00:00,Denver,AZ
ORD0001633,SHP001612,E002195,out_for_delivery,2025-02-07 06:00:00,Los Angeles,AZ
ORD0001482,SHP001271,E004152,in_transit,2025-04-11 21:00:00,Miami,CA
ORD0002161,SHP001565,E003117,in_transit,2025-09-27 11:00:00,Denver,AZ
ORD0000349,SHP001759,E002718,out_for_delivery,2025-05-08 10:00:00,Denver,FL
ORD0000976,SHP001167,E003289,picked_up,2025-01-27 16:00:00,Los Angeles,IL
ORD0000263,SHP001392,E000084,picked_up,2025-07-02 16:00:00,Los Angeles,CO
ORD0001096,SHP001379,E001969,out_for_delivery,2025-01-10 11:00:00,Phoenix,NY
ORD0000433,SHP001567,E003782,picked_up,2025-05-22 21:00:00,Phoenix,CO
ORD0001773,SHP001268,E001184,picked_up,2025-04-25 14:00:00,Denver,FL
ORD0002045,SHP001065,E001363,in_transit,2025-08-05 01:00:00,Los Angeles,CO
ORD0000145,SHP000339,E003044,exception,2025-08-08 02:00:00,Denver,TX
ORD0001507,SHP000993,E001924,label_created,2025-09-03 08:00:00,Denver,CA
ORD0001606,SHP000868,E001975,out_for_delivery,2025-09-15 17:00:00,Chicago,WA
ORD0002106,SHP000314,E004316,in_transit,2025-11-19 17:00:00,Denver,FL
ORD0000633,SHP000804,E003845,picked_up,2025-09-23 12:00:00,Chicago,WA
ORD0002088,SHP000745,E000172,in_transit,2025-06-14 19:00:00,New York,FL
ORD0001278,SHP000309,E005064,in_transit,2025-08-08 20:00:00,New York,IL
ORD0000674,SHP000893,E002934,label_created,2025-10-29 19:00:00,Dallas,AZ
ORD0001810,SHP000232,E004184,label_created,2025-09-22 20:00:00,Los Angeles,CO
ORD0000619,SHP000030,E002494,delivered,2025-02-06 23:00:00,Chicago,TX
ORD0000903,SHP000943,E005612,in_transit,2025-11-11 22:00:00,Dallas,CO
ORD0000695,SHP000440,E004606,in_transit,2025-09-03 14:00:00,Denver,FL
ORD0001607,SHP000636,E001706,out_for_delivery,2025-06-29 12:00:00,Los Angeles,TX
ORD0001878,SHP001257,E000869,delivered,2025-02-08 23:00:00,Los Angeles,WA
ORD0000245,SHP000627,E001104,picked_up,2025-01-08 10:00:00,New York,CO
ORD0001706,SHP000724,E003204,picked_up,2025-12-30 02:00:00,Miami,FL
ORD0001588,SHP001135,E000362,delivered,2025-03-06 15:00:00,Chicago,CA
ORD0001511,SHP000679,E005091,out_for_delivery,2025-02-19 22:00:00,Phoenix,CO
ORD0002186,SHP000368,E003859,in_transit,2025-08-17 16:00:00,Chicago,FL
ORD0001419,SHP001084,E003353,picked_up,2025-07-30 06:00:00,Seattle,TX
ORD0000378,SHP000034,E005282,picked_up,2025-11-03 20:00:00,Denver,TX
ORD0001098,SHP001650,E003697,in_transit,2025-04-27 09:00:00,Denver,IL
ORD0000743,SHP001753,E002494,delivered,2025-09-24 18:00:00,Seattle,FL
ORD0000756,SHP000580,E004568,out_for_delivery,2025-05-05 12:00:00,Seattle,NY
ORD0000439,SHP001430,E002325,in_transit,2025-01-03 09:00:00,Chicago,IL
ORD0001016,SHP000568,E001525,delivered,2025-06-05 08:00:00,Denver,CA
ORD0001269,SHP000544,E004574,delivered,2025-03-08 01:00:00,Miami,FL
ORD0000069,SHP001251,E003328,picked_up,2025-02-20 20:00:00,Dallas,CA
ORD0000377,SHP000270,E003616,in_transit,2025-03-24 16:00:00,Miami,CA
ORD0001142,SHP000479,E000060,in_transit,2025-09-18 03:00:00,Denver,TX
ORD0001905,SHP000726,E001261,delivered,2025-12-26 17:00:00,Seattle,NY
ORD0000870,SHP001482,E002525,picked_up,2025-11-28 08:00:00,New York,TX
ORD0001412,SHP000321,E001574,label_created,2025-03-11 04:00:00,Denver,CO
ORD0001594,SHP001749,E005698,out_for_delivery,2025-12-11 14:00:00,Dallas,WA
ORD0000370,SHP000199,E001287,in_transit,2025-05-08 23:00:00,Dallas,NY
ORD0001534,SHP000961,E003871,delivered,2025-09-17 00:00:00,Los Angeles,CA
ORD0001253,SHP000351,E004383,picked_up,2025-11-10 15:00:00,Chicago,TX
ORD0000758,SHP000410,E005037,label_created,2025-09-07 15:00:00,Denver,NY
ORD0001142,SHP001509,E003380,picked_up,2025-05-04 21:00:00,Seattle,FL
ORD0000182,SHP000494,E001028,picked_up,2025-08-14 03:00:00,Los Angeles,TX
ORD0000600,SHP000046,E000752,picked_up,2025-02-10 20:00:00,Chicago,FL
ORD0000776,SHP001322,E003806,out_for_delivery,2025-10-14 13:00:00,Seattle,IL
ORD0000414,SHP001446,E005334,out_for_delivery,2025-03-07 17:00:00,Chicago,WA
ORD0001532,SHP000748,E000819,delivered,2025-08-19 02:00:00,Miami,WA
ORD0001638,SHP000174,E005660,label_created,2025-02-16 20:00:00,Miami,AZ
ORD0002076,SHP001473,E002858,in_transit,2025-03-12 12:00:00,Denver,FL
ORD0000999,SHP000125,E002839,delivered,2025-05-19 20:00:00,Denver,IL
ORD0001179,SHP000423,E000103,in_transit,2025-07-03 02:00:00,Chicago,CO
ORD0001659,SHP001625,E001449,picked_up,2025-03-07 08:00:00,Phoenix,AZ
ORD0001865,SHP000854,E001417,in_transit,2025-04-26 22:00:00,Phoenix,FL
ORD0001198,SHP000918,E003366,picked_up,2025-09-12 05:00:00,Dallas,AZ
ORD0001970,SHP001551,E000752,label_created,2025-05-19 12:00:00,Miami,CA
ORD0000358,SHP000257,E002504,label_created,2025-06-25 18:00:00,Seattle,WA
ORD0001937,SHP001633,E003793,in_transit,2025-11-28 05:00:00,Denver,TX
ORD0000108,SHP001126,E000898,delivered,2025-04-14 00:00:00,Phoenix,IL
ORD0001732,SHP001369,E003306,out_for_delivery,2025-07-02 15:00:00,Phoenix,FL
ORD0001934,SHP001605,E002812,out_for_delivery,2025-08-09 06:00:00,Dallas,TX
ORD0001457,SHP000492,E005579,delivered,2025-02-22 22:00:00,Denver,AZ
ORD0000617,SHP001779,E000100,in_transit,2025-01-06 01:00:00,Chicago,CA
ORD0001869,SHP001055,E005169,delivered,2025-10-03 03:00:00,Denver,NY
ORD0001896,SHP000925,E005428,in_transit,2025-08-16 16:00:00,Chicago,CO
ORD0000423,SHP000792,E001685,picked_up,2025-12-20 08:00:00,Denver,CA
ORD0000676,SHP001523,E004719,in_transit,2025-02-06 19:00:00,Denver,WA
ORD0001094,SHP000051,E000618,in_transit,2025-06-05 05:00:00,Chicago,CO
ORD0000674,SHP000683,E005572,in_transit,2025-11-15 06:00:00,Miami,CO
ORD0000108,SHP001202,E002689,label_created,2025-11-21 21:00:00,Seattle,FL
ORD0001950,SHP000964,E005032,delivered,2025-02-16 18:00:00,Dallas,IL
ORD0000487,SHP000350,E003247,in_transit,2025-01-19 11:00:00,Seattle,CO
ORD0001988,SHP000846,E001303,in_transit,2025-01-03 16:00:00,Seattle,IL
ORD0001430,SHP001199,E003762,out_for_delivery,2025-02-25 17:00:00,Phoenix,CO
ORD0000960,SHP001157,E001942,in_transit,2025-08-17 02:00:00,New York,CO
ORD0000575,SHP001617,E003774,picked_up,2025-12-24 15:00:00,Chicago,CA
ORD0001314,SHP000424,E003671,picked_up,2025-05-11 14:00:00,Phoenix,CA
ORD0000879,SHP001077,E001220,picked_up,2025-11-10 09:00:00,Miami,NY
ORD0000320,SHP001265,E003143,exception,2025-01-22 07:00:00,Los Angeles,NY
ORD0000434,SHP000465,E004543,out_for_delivery,2025-08-03 04:00:00,Dallas,CO
ORD0001180,SHP001614,E003250,in_transit,2025-03-06 05:00:00,Dallas,CO
ORD0001449,SHP001660,E000910,picked_up,2025-05-18 05:00:00,Phoenix,IL
ORD0001025,SHP000452,E005599,in_transit,2025-05-09 02:00:00,Miami,CA
ORD0000220,SHP000084,E004034,delivered,2025-07-08 15:00:00,Dallas,CA
ORD0000149,SHP001443,E004415,in_transit,2025-07-14 17:00:00,New York,NY
ORD0001729,SHP000841,E005361,in_transit,2025-02-13 02:00:00,Phoenix,IL
ORD0001691,SHP000970,E004528,in_transit,2025-04-29 23:00:00,Dallas,TX
ORD0001264,SHP000717,E005024,in_transit,2025-04-04 06:00:00,Phoenix,IL
ORD0001150,SHP001258,E000489,delivered,2025-12-21 18:00:00,Denver,AZ
ORD0001615,SHP000109,E004920,out_for_delivery,2025-09-05 09:00:00,Denver,CA
ORD0000661,SHP000236,E005233,picked_up,2025-04-16 08:00:00,Phoenix,AZ
ORD0000860,SHP000434,E004090,in_transit,2025-01-06 18:00:00,New York,WA
ORD0000498,SHP000938,E001462,out_for_delivery,2025-01-08 15:00:00,Phoenix,IL
ORD0001652,SHP000741,E002580,in_transit,2025-09-09 11:00:00,Chicago,FL
ORD0001125,SHP001667,E002428,delivered,2025-12-20 21:00:00,Los Angeles,CO
ORD0000450,SHP000935,E004708,exception,2025-12-08 17:00:00,Denver,WA
ORD0000661,SHP001629,E004086,label_created,2025-09-29 00:00:00,Seattle,TX
ORD0002080,SHP001284,E004364,out_for_delivery,2025-04-12 06:00:00,New York,FL
ORD0000280,SHP000727,E004201,picked_up,2025-06-25 08:00:00,Phoenix,TX
ORD0000716,SHP000984,E002184,in_transit,2025-08-13 04:00:00,Dallas,CO
ORD0001473,SHP001122,E004776,in_transit,2025-09-02 12:00:00,Seattle,IL
ORD0001431,SHP000693,E005476,in_transit,2025-11-18 14:00:00,Denver,AZ
ORD0000032,SHP000667,E000716,in_transit,2025-04-24 10:00:00,New York,IL
ORD0000241,SHP001231,E003313,in_transit,2025-12-02 12:00:00,Dallas,WA
ORD0000805,SHP000114,E000685,in_transit,2025-07-28 00:00:00,Chicago,CO
ORD0000908,SHP001248,E001608,picked_up,2025-11-05 02:00:00,Seattle,WA
ORD0000780,SHP000800,E005378,out_for_delivery,2025-06-07 23:00:00,Chicago,AZ
ORD0000208,SHP000901,E000033,in_transit,2025-11-07 05:00:00,Chicago,IL
ORD0000030,SHP000724,E002499,delivered,2025-09-29 07:00:00,Miami,CO
ORD0001354,SHP001283,E001315,in_transit,2025-03-29 20:00:00,Denver,FL
ORD0000027,SHP000996,E003021,in_transit,2025-11-10 07:00:00,Los Angeles,WA
ORD0000735,SHP001430,E000964,label_created,2025-04-19 11:00:00,Phoenix,CA
ORD0000890,SHP001649,E005022,in_transit,2025-11-23 12:00:00,Chicago,WA
ORD0001799,SHP000449,E005356,label_created,2025-01-17 23:00:00,Dallas,FL
ORD0001279,SHP000585,E001675,delivered,2025-07-27 06:00:00,Seattle,FL
ORD0000473,SHP001624,E000710,delivered,2025-01-04 03:00:00,New York,NY
ORD0001176,SHP001114,E003709,in_transit,2025-07-21 09:00:00,Phoenix,WA
ORD0001296,SHP001525,E000083,out_for_delivery,2025-02-28 11:00:00,Seattle,TX
ORD0000835,SHP001492,E001195,in_transit,2025-08-28 13:00:00,Dallas,NY
ORD0001379,SHP001654,E004617,in_transit,2025-05-01 21:00:00,Los Angeles,AZ
ORD0001706,SHP001649,E003868,delivered,2025-03-26 10:00:00,Los Angeles,CA
ORD0001214,SHP000815,E001312,out_for_delivery,2025-04-05 21:00:00,Denver,IL
ORD0000739,SHP001800,E004918,picked_up,2025-08-16 14:00:00,Phoenix,IL
ORD0001060,SHP001458,E004075,in_transit,2025-05-26 10:00:00,Seattle,CO
ORD0001413,SHP001111,E003298,in_transit,2025-05-11 23:00:00,Denver,IL
ORD0000536,SHP000358,E000484,exception,2025-10-29 08:00:00,Miami,CA
ORD0000469,SHP001090,E002030,out_for_delivery,2025-06-20 09:00:00,Phoenix,TX
ORD0000758,SHP001419,E001970,in_transit,2025-05-16 13:00:00,Seattle,AZ
ORD0001887,SHP000015,E003579,out_for_delivery,2025-12-10 07:00:00,Miami,FL
ORD0001836,SHP001610,E004900,in_transit,2025-01-28 23:00:00,New York,FL
ORD0001500,SHP001154,E000772,in_transit,2025-08-18 11:00:00,Los Angeles,IL
ORD0001686,SHP001293,E005214,picked_up,2025-06-07 11:00:00,Dallas,IL
ORD0000644,SHP000504,E004817,picked_up,2025-05-14 02:00:00,New York,IL
ORD0002005,SHP000846,E004747,picked_up,2025-03-25 17:00:00,Miami,AZ
ORD0000735,SHP001579,E003736,in_transit,2025-06-05 18:00:00,Seattle,IL
ORD0000212,SHP001670,E001533,delivered,2025-08-19 11:00:00,Denver,IL
ORD0000414,SHP001415,E002628,in_transit,2025-03-15 00:00:00,Seattle,CA
ORD0001563,SHP000910,E001751,in_transit,2025-05-20 23:00:00,Seattle,IL
ORD0000478,SHP000758,E000916,label_created,2025-06-14 00:00:00,Dallas,TX
ORD0001641,SHP001176,E003112,in_transit,2025-12-28 10:00:00,Seattle,TX
ORD0000018,SHP001587,E004374,picked_up,2025-02-06 06:00:00,Chicago,NY
ORD0000454,SHP000709,E001382,out_for_delivery,2025-04-25 03:00:00,Dallas,TX
ORD0000534,SHP000508,E001482,in_transit,2025-08-31 08:00:00,Los Angeles,WA
ORD0001625,SHP001372,E003949,in_transit,2025-04-05 01:00:00,Denver,WA
ORD0000083,SHP001421,E000378,picked_up,2025-11-04 16:00:00,Los Angeles,TX
ORD0001089,SHP000763,E001134,picked_up,2025-10-30 17:00:00,Seattle,FL
ORD0001258,SHP000320,E002657,in_transit,2025-04-29 02:00:00,Los Angeles,FL
ORD0000651,SHP001514,E005101,in_transit,2025-11-01 06:00:00,Phoenix,CA
ORD0001468,SHP001293,E001035,in_transit,2025-11-07 09:00:00,Seattle,CO
ORD0001017,SHP001333,E000121,out_for_delivery,2025-03-06 16:00:00,New York,CA
ORD0001983,SHP000110,E001762,label_created,2025-11-27 20:00:00,Denver,WA
ORD0000745,SHP000178,E002602,delivered,2025-12-04 14:00:00,Miami,CA
ORD0000016,SHP000167,E004294,exception,2025-02-15 23:00:00,New York,AZ
ORD0000534,SHP000508,E003906,label_created,2025-07-26 00:00:00,Seattle,TX
ORD0000004,SHP001563,E005218,out_for_delivery,2025-08-16 12:00:00,Miami,IL
ORD0000758,SHP000197,E000648,in_transit,2025-12-07 03:00:00,Seattle,NY
ORD0000699,SHP001014,E000880,out_for_delivery,2025-05-01 10:00:00,Seattle,AZ
ORD0000824,SHP000863,E001406,picked_up,2025-09-16 22:00:00,Los Angeles,WA
ORD0001487,SHP001772,E001277,exception,2025-01-22 00:00:00,Phoenix,AZ
ORD0000318,SHP000664,E000185,picked_up,2025-03-25 19:00:00,Seattle,TX
ORD0001810,SHP000232,E005340,picked_up,2025-01-21 19:00:00,Los Angeles,CO
ORD0001483,SHP001535,E002930,out_for_delivery,2025-09-15 12:00:00,Seattle,CA
ORD0000654,SHP000140,E003016,out_for_delivery,2025-07-10 21:00:00,New York,AZ
ORD0001169,SHP001474,E000787,out_for_delivery,2025-04-29 06:00:00,Los Angeles,IL
ORD0001889,SHP000413,E005073,exception,2025-10-11 15:00:00,Chicago,TX
ORD0002075,SHP001432,E002282,in_transit,2025-04-23 16:00:00,Dallas,NY
ORD0001882,SHP000765,E003636,label_created,2025-10-02 01:00:00,New York,TX
ORD0001364,SHP000316,E002073,delivered,2025-07-30 03:00:00,Los Angeles,IL
ORD0000213,SHP000709,E003514,picked_up,2025-10-31 19:00:00,Chicago,NY
ORD0001512,SHP000737,E001566,in_transit,2025-04-18 20:00:00,Phoenix,CA
ORD0001664,SHP000191,E002623,out_for_delivery,2025-09-12 23:00:00,Seattle,TX
ORD0001126,SHP000748,E001754,in_transit,2025-04-06 01:00:00,Seattle,CO
ORD0002128,SHP000327,E003110,picked_up,2025-10-16 14:00:00,Los Angeles,NY
ORD0001680,SHP000339,E005592,in_transit,2025-01-20 19:00:00,Dallas,NY
ORD0000106,SHP000125,E000910,picked_up,2025-09-17 00:00:00,Los Angeles,NY
ORD0001664,SHP000539,E004384,picked_up,2025-08-16 08:00:00,Los Angeles,FL
ORD0001949,SHP001630,E005575,picked_up,2025-05-15 04:00:00,Chicago,AZ
ORD0001201,SHP001493,E004359,delivered,2025-09-29 02:00:00,Los Angeles,WA
ORD0001299,SHP000739,E005366,picked_up,2025-07-06 09:00:00,New York,AZ
ORD0000263,SHP000177,E001090,label_created,2025-09-05 23:00:00,Chicago,AZ
ORD0001215,SHP001297,E005410,picked_up,2025-02-02 16:00:00,Denver,CO
ORD0001008,SHP000644,E001044,in_transit,2025-04-11 12:00:00,Chicago,FL
ORD0002101,SHP000561,E003541,in_transit,2025-02-17 19:00:00,Phoenix,WA
ORD0000371,SHP000193,E004210,delivered,2025-11-03 10:00:00,Chicago,WA
ORD0001518,SHP001188,E005141,picked_up,2025-01-16 01:00:00,New York,IL
ORD0001703,SHP000956,E000308,picked_up,2025-03-17 02:00:00,New York,CA
ORD0002192,SHP001332,E000807,out_for_delivery,2025-07-22 21:00:00,Dallas,FL
ORD0000880,SHP001673,E000553,picked_up,2025-04-03 16:00:00,New York,WA
ORD0000030,SHP000724,E004012,in_transit,2025-05-21 01:00:00,Chicago,CA
ORD0001450,SHP000464,E002825,picked_up,2025-06-11 23:00:00,Chicago,FL
ORD0000497,SHP001008,E003441,delivered,2025-03-12 17:00:00,Denver,WA
ORD0000796,SHP000784,E002075,delivered,2025-05-22 01:00:00,Denver,WA
ORD0000720,SHP001019,E003543,picked_up,2025-12-05 04:00:00,New York,AZ
ORD0000823,SHP000357,E001648,picked_up,2025-12-02 15:00:00,Denver,TX
ORD0001145,SHP001306,E004012,delivered,2025-08-10 12:00:00,Denver,NY
ORD0000674,SHP000507,E002685,in_transit,2025-12-03 10:00:00,Dallas,CO
ORD0000158,SHP000116,E002594,picked_up,2025-05-07 08:00:00,Chicago,FL
ORD0000888,SHP001578,E003871,delivered,2025-11-28 01:00:00,Phoenix,CA
ORD0000895,SHP001262,E004307,out_for_delivery,2025-05-29 15:00:00,Denver,NY
ORD0000725,SHP000799,E003484,delivered,2025-10-18 10:00:00,Denver,TX
ORD0001451,SHP001646,E000788,in_transit,2025-01-08 08:00:00,Chicago,WA
ORD0001763,SHP000357,E003662,label_created,2025-06-04 05:00:00,Los Angeles,FL
ORD0000735,SHP000794,E001947,in_transit,2025-03-11 11:00:00,Dallas,CA
ORD0001098,SHP000435,E003110,picked_up,2025-05-25 08:00:00,Seattle,AZ
ORD0001645,SHP000814,E000340,in_transit,2025-06-25 10:00:00,Dallas,IL
ORD0000882,SHP001757,E005397,in_transit,2025-07-14 09:00:00,New York,WA
ORD0000169,SHP000378,E001955,in_transit,2025-05-07 18:00:00,Chicago,CA
ORD0001519,SHP001405,E004462,picked_up,2025-04-08 05:00:00,Seattle,NY
ORD0001930,SHP000799,E000637,label_created,2025-01-23 17:00:00,Seattle,NY
ORD0000983,SHP000812,E000190,delivered,2025-09-21 18:00:00,Denver,TX
ORD0001734,SHP000887,E003985,delivered,2025-01-04 05:00:00,New York,IL
ORD0000169,SHP000378,E002833,label_created,2025-07-14 12:00:00,New York,TX
ORD0001290,SHP000585,E005477,in_transit,2025-07-13 20:00:00,Dallas,IL
ORD0000164,SHP001503,E001508,in_transit,2025-05-17 00:00:00,Los Angeles,NY
ORD0001114,SHP000215,E000249,out_for_delivery,2025-06-08 13:00:00,Denver,AZ
ORD0001967,SHP000450,E004705,out_for_delivery,2025-06-07 01:00:00,Dallas,WA
ORD0000748,SHP001430,E005199,label_created,2025-01-04 05:00:00,Phoenix,TX
ORD0001992,SHP000275,E003990,in_transit,2025-10-09 17:00:00,Denver,TX
ORD0001008,SHP000644,E002152,label_created,2025-01-07 03:00:00,Chicago,CO
ORD0001482,SHP000568,E002144,in_transit,2025-04-06 03:00:00,Phoenix,TX
ORD0000094,SHP000154,E000301,label_created,2025-05-17 19:00:00,Phoenix,CO
ORD0001741,SHP000087,E004893,picked_up,2025-03-15 18:00:00,Los Angeles,WA
ORD0001113,SHP000001,E002591,in_transit,2025-08-19 19:00:00,Miami,TX
ORD0000728,SHP001564,E004880,in_transit,2025-06-27 11:00:00,Phoenix,CA
ORD0001321,SHP001739,E005272,out_for_delivery,2025-12-13 12:00:00,Denver,WA
ORD0000726,SHP001271,E003812,delivered,2025-03-31 12:00:00,Los Angeles,AZ
ORD0000520,SHP001453,E002765,delivered,2025-03-04 13:00:00,Seattle,CO
ORD0000466,SHP000708,E000345,in_transit,2025-01-26 10:00:00,Denver,WA
ORD0001842,SHP000236,E004477,in_transit,2025-12-24 07:00:00,Los Angeles,CA
ORD0002143,SHP000597,E003017,out_for_delivery,2025-02-23 07:00:00,Phoenix,WA
ORD0001662,SHP000398,E002975,picked_up,2025-05-20 06:00:00,Miami,FL
ORD0000926,SHP000778,E002288,picked_up,2025-08-12 00:00:00,Dallas,NY
ORD0001255,SHP001356,E001151,picked_up,2025-12-22 14:00:00,Chicago,AZ
ORD0001819,SHP000093,E004164,in_transit,2025-04-15 05:00:00,Los Angeles,TX
ORD0001253,SHP001370,E003151,out_for_delivery,2025-03-16 06:00:00,Dallas,FL
ORD0000334,SHP000126,E002959,in_transit,2025-08-05 19:00:00,Miami,WA
ORD0000952,SHP001062,E002617,in_transit,2025-09-28 07:00:00,Los Angeles,WA
ORD0000542,SHP000250,E001896,in_transit,2025-08-18 09:00:00,Chicago,CA
ORD0000019,SHP000415,E002811,in_transit,2025-10-05 19:00:00,New York,NY
ORD0000146,SHP000634,E003453,out_for_delivery,2025-06-10 04:00:00,Seattle,CO
ORD0001235,SHP001520,E002952,in_transit,2025-08-09 01:00:00,Chicago,CO
ORD0001431,SHP001458,E003676,exception,2025-04-02 07:00:00,Seattle,AZ
ORD0001065,SHP000679,E003632,delivered,2025-03-28 07:00:00,Seattle,TX
ORD0002016,SHP001039,E000579,picked_up,2025-11-22 03:00:00,Los Angeles,CA
ORD0001324,SHP000872,E003789,label_created,2025-09-09 07:00:00,Dallas,CA
ORD0001186,SHP001288,E000433,label_created,2025-04-12 06:00:00,Miami,TX
ORD0000939,SHP000949,E000985,in_transit,2025-03-13 08:00:00,New York,CA
ORD0000188,SHP000847,E001063,picked_up,2025-02-06 09:00:00,Los Angeles,AZ
ORD0001844,SHP000215,E000972,out_for_delivery,2025-11-18 01:00:00,Miami,NY
ORD0001744,SHP000144,E001728,picked_up,2025-08-15 21:00:00,Seattle,CO
ORD0001217,SHP000087,E002190,label_created,2025-05-28 02:00:00,Denver,FL
ORD0001401,SHP000497,E002941,picked_up,2025-04-21 20:00:00,Phoenix,TX
ORD0001230,SHP000889,E001384,in_transit,2025-11-16 03:00:00,Dallas,CO
ORD0001063,SHP000592,E003765,delivered,2025-06-25 20:00:00,Seattle,AZ
ORD0001116,SHP000364,E002446,label_created,2025-04-12 10:00:00,Chicago,CO
ORD0000701,SHP001078,E000992,picked_up,2025-04-14 22:00:00,Seattle,IL
ORD0001780,SHP001479,E001680,picked_up,2025-05-27 21:00:00,Phoenix,NY
ORD0000915,SHP000753,E004981,in_transit,2025-06-13 00:00:00,Seattle,TX
ORD0001532,SHP000791,E005143,delivered,2025-06-26 05:00:00,Chicago,FL
ORD0001994,SHP000291,E002534,label_created,2025-10-23 14:00:00,Dallas,WA
ORD0001499,SHP001098,E001258,label_created,2025-02-13 17:00:00,Dallas,TX
ORD0000709,SHP000469,E002142,picked_up,2025-11-07 05:00:00,Miami,FL
ORD0001075,SHP000992,E003359,out_for_delivery,2025-07-28 08:00:00,Chicago,TX
ORD0000404,SHP000545,E001401,picked_up,2025-04-19 07:00:00,Chicago,CA
ORD0001198,SHP000918,E003057,in_transit,2025-07-29 15:00:00,Chicago,WA
ORD0000469,SHP000579,E004319,delivered,2025-12-26 21:00:00,Dallas,AZ
ORD0000837,SHP000847,E004652,in_transit,2025-02-11 20:00:00,Seattle,WA
ORD0001608,SHP001563,E003541,in_transit,2025-11-14 18:00:00,Denver,CA
ORD0000900,SHP000702,E000958,picked_up,2025-05-12 04:00:00,Dallas,CO
ORD0001655,SHP001382,E002953,label_created,2025-09-05 13:00:00,New York,CO
ORD0000276,SHP001115,E002177,in_transit,2025-11-03 23:00:00,Chicago,CA
ORD0001892,SHP001069,E000718,label_created,2025-11-11 10:00:00,Seattle,IL
ORD0001115,SHP001492,E001412,label_created,2025-06-02 09:00:00,Dallas,AZ
ORD0001013,SHP001036,E003856,picked_up,2025-06-19 23:00:00,Miami,CA
ORD0001894,SHP001755,E002659,in_transit,2025-05-31 08:00:00,Seattle,NY
ORD0002119,SHP001008,E001558,delivered,2025-01-05 03:00:00,Miami,WA
ORD0000069,SHP001251,E002274,in_transit,2025-11-10 18:00:00,Denver,AZ
ORD0000372,SHP000468,E002479,out_for_delivery,2025-01-17 07:00:00,Los Angeles,CA
ORD0001656,SHP000324,E005035,picked_up,2025-12-28 07:00:00,Phoenix,WA
ORD0001395,SHP000658,E003959,in_transit,2025-04-18 13:00:00,New York,FL
ORD0001439,SHP000616,E004506,delivered,2025-10-26 12:00:00,Denver,CO
ORD0000907,SHP000720,E002761,out_for_delivery,2025-02-24 01:00:00,Phoenix,IL
ORD0001338,SHP000435,E001942,label_created,2025-07-17 22:00:00,Seattle,CA
ORD0000023,SHP000252,E000331,delivered,2025-08-15 20:00:00,Seattle,NY
ORD0001680,SHP000339,E004708,out_for_delivery,2025-05-21 03:00:00,Phoenix,TX
ORD0002168,SHP000196,E003123,in_transit,2025-12-28 21:00:00,Seattle,IL
ORD0000204,SHP001402,E002868,in_transit,2025-07-02 05:00:00,New York,WA
ORD0002087,SHP001396,E000648,label_created,2025-04-29 17:00:00,Chicago,AZ
ORD0001890,SHP001345,E002969,picked_up,2025-06-14 22:00:00,Chicago,NY
ORD0000569,SHP000874,E002335,picked_up,2025-06-20 17:00:00,Chicago,FL
ORD0000449,SHP000776,E003252,label_created,2025-10-04 10:00:00,Dallas,IL
ORD0001178,SHP001351,E001008,in_transit,2025-03-23 22:00:00,Phoenix,CA
ORD0000995,SHP000541,E000976,out_for_delivery,2025-07-16 22:00:00,Los Angeles,CO
ORD0000248,SHP001623,E003397,label_created,2025-01-12 12:00:00,Dallas,AZ
ORD0001358,SHP000100,E005233,in_transit,2025-02-06 17:00:00,New York,IL
ORD0001427,SHP000114,E004910,delivered,2025-09-13 21:00:00,Los Angeles,IL
ORD0000109,SHP001794,E000791,delivered,2025-12-25 22:00:00,Miami,FL
ORD0000205,SHP001495,E002846,in_transit,2025-02-04 08:00:00,Denver,WA
ORD0002192,SHP001193,E000787,picked_up,2025-03-16 14:00:00,Seattle,TX
ORD0000610,SHP001477,E002764,label_created,2025-05-11 14:00:00,Los Angeles,TX
ORD0001333,SHP001441,E005498,delivered,2025-04-18 04:00:00,Dallas,FL
ORD0002060,SHP000482,E002408,out_for_delivery,2025-07-18 09:00:00,Denver,IL
ORD0001018,SHP000447,E003430,in_transit,2025-02-18 23:00:00,Phoenix,AZ
ORD0000609,SHP000830,E003220,label_created,2025-03-07 19:00:00,Denver,FL
ORD0000704,SHP001199,E004048,label_created,2025-11-29 01:00:00,New York,AZ
ORD0000566,SHP001183,E000872,exception,2025-08-27 23:00:00,New York,AZ
ORD0002137,SHP000347,E001983,out_for_delivery,2025-04-25 04:00:00,Denver,FL
ORD0001490,SHP000943,E000656,picked_up,2025-05-08 17:00:00,New York,FL
ORD0001473,SHP001122,E004297,label_created,2025-04-25 20:00:00,Los Angeles,IL
ORD0001623,SHP000446,E003960,delivered,2025-04-27 17:00:00,Chicago,CO
ORD0000060,SHP000631,E004295,in_transit,2025-12-18 10:00:00,Chicago,TX
ORD0002193,SHP000204,E002170,in_transit,2025-04-27 23:00:00,New York,WA
ORD0001617,SHP000981,E004481,delivered,2025-12-23 11:00:00,Chicago,CA
ORD0000338,SHP000662,E003550,label_created,2025-10-01 16:00:00,Los Angeles,CO
ORD0001786,SHP000067,E005626,in_transit,2025-01-22 23:00:00,Phoenix,CO
ORD0000414,SHP001415,E005648,in_transit,2025-12-21 16:00:00,Denver,AZ
ORD0000645,SHP001363,E003604,picked_up,2025-03-18 01:00:00,Chicago,CA
ORD0000088,SHP000099,E005676,delivered,2025-09-12 01:00:00,Los Angeles,TX
ORD0001238,SHP000269,E004756,picked_up,2025-05-31 10:00:00,Dallas,CO
ORD0001701,SHP001780,E000100,picked_up,2025-02-07 09:00:00,Denver,CA
ORD0000311,SHP000844,E004773,exception,2025-01-08 18:00:00,Denver,CA
ORD0001496,SHP000315,E002369,label_created,2025-12-07 20:00:00,Dallas,IL
ORD0001394,SHP000321,E004564,out_for_delivery,2025-10-21 05:00:00,Chicago,NY
ORD0000554,SHP000802,E004828,label_created,2025-08-15 05:00:00,Dallas,AZ
ORD0001107,SHP001594,E000299,out_for_delivery,2025-12-13 07:00:00,Seattle,TX
ORD0001928,SHP000076,E001088,out_for_delivery,2025-12-17 07:00:00,Dallas,NY
ORD0001189,SHP000754,E004446,out_for_delivery,2025-03-15 11:00:00,New York,IL
ORD0000828,SHP000665,E001217,label_created,2025-03-29 09:00:00,Denver,WA
ORD0001809,SHP000654,E004396,in_transit,2025-06-28 00:00:00,Denver,CA
ORD0001235,SHP000980,E000108,in_transit,2025-01-28 03:00:00,Denver,AZ
ORD0000658,SHP001697,E000115,out_for_delivery,2025-12-07 02:00:00,Miami,CO
ORD0000213,SHP001111,E001831,delivered,2025-06-07 12:00:00,New York,WA
ORD0000723,SHP001623,E003970,label_created,2025-02-02 10:00:00,New York,FL
ORD0000967,SHP001145,E004456,in_transit,2025-12-10 00:00:00,Los Angeles,FL
ORD0000159,SHP000172,E002882,label_created,2025-09-03 21:00:00,Chicago,FL
ORD0000686,SHP000855,E002225,in_transit,2025-06-02 01:00:00,Seattle,AZ
ORD0001894,SHP000501,E002829,label_created,2025-06-05 23:00:00,Phoenix,NY
ORD0000372,SHP000468,E005375,in_transit,2025-01-31 12:00:00,Denver,CO
ORD0000299,SHP000825,E000077,out_for_delivery,2025-04-06 11:00:00,Phoenix,WA
ORD0000572,SHP000119,E003100,in_transit,2025-08-28 19:00:00,Phoenix,AZ
ORD0000695,SHP000440,E002821,delivered,2025-05-06 21:00:00,Dallas,TX
ORD0001543,SHP001695,E001719,picked_up,2025-09-17 02:00:00,New York,CO
ORD0000609,SHP000399,E001115,in_transit,2025-03-02 05:00:00,Phoenix,IL
ORD0000672,SHP001516,E003196,picked_up,2025-04-13 16:00:00,New York,CA
ORD0000942,SHP001011,E005620,in_transit,2025-06-30 20:00:00,Seattle,NY
ORD0000473,SHP001327,E001209,out_for_delivery,2025-01-11 15:00:00,Denver,TX
ORD0000788,SHP001466,E004592,delivered,2025-08-16 23:00:00,Miami,AZ
ORD0001892,SHP000531,E004232,label_created,2025-10-28 18:00:00,Los Angeles,TX
ORD0001789,SHP001018,E001298,label_created,2025-03-14 00:00:00,Seattle,TX
ORD0000087,SHP001241,E004916,in_transit,2025-11-22 17:00:00,Dallas,AZ
ORD0000469,SHP001501,E003862,in_transit,2025-10-29 23:00:00,Seattle,CA
ORD0001183,SHP001463,E004750,delivered,2025-06-18 14:00:00,New York,FL
ORD0001690,SHP001399,E000658,in_transit,2025-04-26 21:00:00,Dallas,AZ
ORD0001227,SHP000984,E003412,picked_up,2025-11-04 10:00:00,Miami,FL
ORD0002014,SHP000610,E000629,delivered,2025-08-28 17:00:00,Dallas,FL
ORD0000220,SHP000084,E002465,in_transit,2025-11-21 00:00:00,Chicago,TX
ORD0001729,SHP000841,E002551,delivered,2025-05-13 01:00:00,Los Angeles,IL
ORD0000403,SHP000019,E001866,in_transit,2025-07-18 23:00:00,Miami,AZ
ORD0002111,SHP000562,E003143,delivered,2025-10-11 15:00:00,Chicago,CO
ORD0000107,SHP001012,E005201,label_created,2025-10-27 16:00:00,New York,AZ
ORD0000378,SHP000211,E004410,delivered,2025-04-21 01:00:00,Miami,CA
ORD0000016,SHP000167,E000687,in_transit,2025-09-01 21:00:00,Miami,CO
ORD0002159,SHP001266,E005566,delivered,2025-10-23 17:00:00,Phoenix,IL
ORD0000611,SHP000694,E003587,out_for_delivery,2025-11-16 19:00:00,Phoenix,IL
ORD0001879,SHP001310,E002676,out_for_delivery,2025-02-11 07:00:00,Dallas,FL
ORD0001500,SHP000032,E001865,picked_up,2025-06-07 18:00:00,Chicago,NY
ORD0001095,SHP000683,E001708,in_transit,2025-02-15 09:00:00,Phoenix,AZ
ORD0000449,SHP000841,E005045,label_created,2025-11-02 08:00:00,Seattle,NY
ORD0000359,SHP000552,E002348,delivered,2025-02-14 03:00:00,Miami,IL
ORD0001748,SHP000104,E005537,in_transit,2025-02-09 16:00:00,Seattle,TX
ORD0000858,SHP000091,E001782,label_created,2025-08-18 12:00:00,Miami,NY
ORD0000321,SHP001580,E003192,in_transit,2025-12-20 00:00:00,Denver,FL
ORD0001840,SHP000743,E001911,label_created,2025-11-24 20:00:00,Phoenix,FL
ORD0002064,SHP001708,E002404,in_transit,2025-09-24 19:00:00,Los Angeles,NY
ORD0001084,SHP001329,E005659,picked_up,2025-12-20 08:00:00,Denver,IL
ORD0000363,SHP001454,E001975,in_transit,2025-03-23 02:00:00,Chicago,FL
ORD0000480,SHP000310,E001448,delivered,2025-03-06 11:00:00,Chicago,FL
ORD0000660,SHP001410,E000496,in_transit,2025-09-15 13:00:00,Phoenix,CA
ORD0001395,SHP001555,E002821,picked_up,2025-08-04 12:00:00,Denver,AZ
ORD0001184,SHP000889,E004358,in_transit,2025-07-13 22:00:00,Seattle,WA
ORD0001875,SHP000424,E001315,delivered,2025-03-19 13:00:00,Seattle,TX
ORD0000086,SHP001187,E001573,out_for_delivery,2025-04-01 00:00:00,New York,CO
ORD0001795,SHP001721,E004595,delivered,2025-08-20 21:00:00,Miami,FL
ORD0002039,SHP000270,E003444,label_created,2025-06-04 19:00:00,Denver,WA
ORD0001127,SHP000093,E004265,picked_up,2025-07-29 03:00:00,Los Angeles,CO
ORD0000635,SHP001521,E000881,in_transit,2025-03-01 00:00:00,Phoenix,TX
ORD0001223,SHP000556,E000705,delivered,2025-05-20 11:00:00,Dallas,NY
ORD0001479,SHP000583,E002123,delivered,2025-06-20 20:00:00,Dallas,CA
ORD0000455,SHP000962,E004143,out_for_delivery,2025-07-10 14:00:00,Seattle,CO
ORD0000786,SHP000956,E004090,in_transit,2025-03-27 13:00:00,Miami,AZ
ORD0000038,SHP001011,E004538,exception,2025-10-15 21:00:00,Phoenix,TX
ORD0001836,SHP000761,E004532,in_transit,2025-08-31 05:00:00,Miami,WA
ORD0000911,SHP000220,E000038,delivered,2025-03-04 04:00:00,Dallas,CO
ORD0001968,SHP000489,E005347,exception,2025-12-24 01:00:00,Phoenix,NY
ORD0001785,SHP001690,E000983,delivered,2025-06-04 19:00:00,Denver,NY
ORD0001564,SHP000912,E000178,out_for_delivery,2025-12-18 07:00:00,Phoenix,TX
ORD0000004,SHP000965,E001098,in_transit,2025-04-18 01:00:00,Denver,IL
ORD0000551,SHP001456,E005346,in_transit,2025-04-20 09:00:00,Dallas,IL
ORD0000765,SHP001743,E004228,label_created,2025-11-23 16:00:00,Chicago,WA
ORD0000195,SHP000409,E000359,delivered,2025-04-25 16:00:00,Miami,AZ
ORD0000774,SHP000839,E000653,label_created,2025-02-08 10:00:00,Los Angeles,NY
ORD0001814,SHP001336,E000990,exception,2025-06-03 08:00:00,Phoenix,AZ
ORD0001897,SHP001530,E002644,in_transit,2025-02-16 12:00:00,Dallas,CO
ORD0000895,SHP001191,E001950,in_transit,2025-12-18 12:00:00,Chicago,CA
ORD0002160,SHP001636,E001180,delivered,2025-02-13 23:00:00,Denver,WA
ORD0001982,SHP000745,E000555,in_transit,2025-02-22 10:00:00,Los Angeles,FL
ORD0001317,SHP001243,E003983,in_transit,2025-01-29 07:00:00,Miami,IL
ORD0000603,SHP001448,E001522,picked_up,2025-10-12 19:00:00,Miami,TX
ORD0001058,SHP000601,E002282,picked_up,2025-10-12 04:00:00,Phoenix,FL
ORD0000645,SHP001380,E005638,delivered,2025-11-02 11:00:00,Seattle,FL
ORD0000146,SHP000097,E003345,picked_up,2025-04-27 01:00:00,Denver,NY
ORD0000581,SHP000049,E003364,delivered,2025-12-06 21:00:00,Miami,IL
ORD0001182,SHP000021,E004024,picked_up,2025-12-06 23:00:00,Seattle,CO
ORD0000492,SHP001596,E005638,out_for_delivery,2025-11-26 10:00:00,Miami,CO
ORD0001127,SHP000093,E001191,exception,2025-11-14 09:00:00,Chicago,TX
ORD0000654,SHP000607,E003987,delivered,2025-09-12 04:00:00,Denver,CA
ORD0000541,SHP000114,E004027,delivered,2025-02-25 20:00:00,Phoenix,NY
ORD0001116,SHP000290,E001561,in_transit,2025-11-14 19:00:00,Phoenix,WA
ORD0001809,SHP000654,E005688,delivered,2025-03-06 19:00:00,Phoenix,FL
ORD0001112,SHP000709,E004402,out_for_delivery,2025-09-23 23:00:00,Seattle,AZ
ORD0001606,SHP001232,E003724,out_for_delivery,2025-03-12 16:00:00,Phoenix,NY
ORD0001059,SHP001654,E002051,in_transit,2025-05-11 00:00:00,Seattle,IL
ORD0002042,SHP000750,E001605,in_transit,2025-12-10 03:00:00,New York,TX
ORD0000777,SHP000195,E004510,delivered,2025-04-28 05:00:00,Denver,IL
ORD0001443,SHP000643,E000022,picked_up,2025-08-07 05:00:00,Phoenix,WA
ORD0001034,SHP001227,E005042,in_transit,2025-11-06 07:00:00,Phoenix,NY
ORD0001293,SHP001088,E002855,exception,2025-08-07 14:00:00,Phoenix,CO
ORD0001818,SHP000457,E003084,in_transit,2025-03-15 23:00:00,Phoenix,CO
ORD0000238,SHP000732,E001512,out_for_delivery,2025-06-23 04:00:00,Miami,IL
ORD0000534,SHP001592,E000480,delivered,2025-11-02 07:00:00,Dallas,CA
ORD0001808,SHP000773,E001622,delivered,2025-03-05 12:00:00,Phoenix,AZ
ORD0001836,SHP001610,E003808,delivered,2025-10-07 09:00:00,Miami,AZ
ORD0001806,SHP001525,E000043,out_for_delivery,2025-06-25 17:00:00,Chicago,CO
ORD0000764,SHP000772,E002817,picked_up,2025-03-19 09:00:00,Seattle,CA
ORD0000185,SHP001353,E000967,in_transit,2025-09-15 22:00:00,Denver,NY
ORD0001155,SHP000686,E005194,picked_up,2025-01-17 14:00:00,Phoenix,TX
ORD0001389,SHP000701,E000934,out_for_delivery,2025-03-23 12:00:00,Denver,CA
ORD0000387,SHP000409,E000599,delivered,2025-10-26 12:00:00,Los Angeles,CO
ORD0000969,SHP000035,E004258,label_created,2025-05-05 04:00:00,Los Angeles,WA
ORD0000897,SHP001221,E004019,in_transit,2025-02-28 17:00:00,Dallas,CA
ORD0000201,SHP000343,E000717,picked_up,2025-02-10 15:00:00,Phoenix,IL
ORD0000194,SHP000989,E001144,label_created,2025-08-02 12:00:00,New York,NY
ORD0000477,SHP000814,E001063,in_transit,2025-02-10 04:00:00,Seattle,TX
ORD0001830,SHP001001,E002356,label_created,2025-11-13 21:00:00,Phoenix,WA
ORD0002150,SHP000453,E004654,in_transit,2025-04-30 03:00:00,Seattle,AZ
ORD0001139,SHP000122,E000515,delivered,2025-04-02 16:00:00,Chicago,WA
ORD0002010,SHP000475,E004115,in_transit,2025-09-16 13:00:00,Denver,FL
ORD0001888,SHP000620,E005647,in_transit,2025-10-04 00:00:00,Dallas,AZ
ORD0001133,SHP000152,E002366,label_created,2025-05-26 17:00:00,Los Angeles,AZ
ORD0000826,SHP001699,E003213,out_for_delivery,2025-05-08 05:00:00,Phoenix,AZ
ORD0000365,SHP001340,E002616,in_transit,2025-08-12 23:00:00,Dallas,NY
ORD0002060,SHP000482,E001043,in_transit,2025-02-27 10:00:00,Denver,AZ
ORD0000721,SHP000086,E002764,delivered,2025-02-04 10:00:00,Chicago,TX
ORD0001415,SHP001667,E003431,picked_up,2025-09-18 21:00:00,Denver,NY
ORD0001102,SHP000215,E002170,out_for_delivery,2025-01-14 12:00:00,New York,CO
ORD0001265,SHP000442,E001474,picked_up,2025-12-16 10:00:00,Los Angeles,IL
ORD0000858,SHP000640,E002706,label_created,2025-05-16 06:00:00,Los Angeles,NY
ORD0001776,SHP001588,E002703,label_created,2025-03-11 14:00:00,New York,IL
ORD0002019,SHP000087,E001322,delivered,2025-04-10 22:00:00,New York,WA
ORD0000227,SHP001350,E000625,out_for_delivery,2025-02-02 16:00:00,Miami,TX
ORD0001404,SHP001453,E001736,delivered,2025-11-26 01:00:00,Los Angeles,CO
ORD0001516,SHP000335,E004642,picked_up,2025-02-27 18:00:00,Phoenix,NY
ORD0000539,SHP001643,E000743,in_transit,2025-06-10 01:00:00,New York,WA
ORD0000544,SHP001079,E001124,picked_up,2025-02-10 15:00:00,Los Angeles,CO
ORD0001602,SHP000240,E004817,out_for_delivery,2025-05-04 22:00:00,Los Angeles,CO
ORD0001604,SHP001558,E000260,picked_up,2025-07-30 15:00:00,New York,FL
ORD0000495,SHP000941,E001379,out_for_delivery,2025-04-13 20:00:00,New York,AZ
ORD0000058,SHP000202,E004118,out_for_delivery,2025-06-05 08:00:00,Los Angeles,WA
ORD0001466,SHP000952,E000383,in_transit,2025-01-08 15:00:00,New York,NY
ORD0000149,SHP001443,E003487,delivered,2025-12-21 11:00:00,Dallas,WA
ORD0001287,SHP001333,E003080,in_transit,2025-09-25 01:00:00,Seattle,IL
ORD0000371,SHP000708,E005626,out_for_delivery,2025-07-07 04:00:00,Denver,FL
ORD0002199,SHP001744,E003692,in_transit,2025-08-17 11:00:00,Los Angeles,AZ
ORD0000632,SHP000154,E001094,delivered,2025-07-07 11:00:00,Seattle,CO
ORD0001877,SHP000893,E004076,in_transit,2025-04-07 06:00:00,Chicago,CO
ORD0001873,SHP000502,E002273,delivered,2025-01-23 10:00:00,Chicago,FL
ORD0000555,SHP001424,E001634,label_created,2025-07-31 20:00:00,Seattle,IL
ORD0001215,SHP001297,E005286,in_transit,2025-11-04 04:00:00,Dallas,AZ
ORD0000922,SHP001348,E001432,in_transit,2025-12-03 19:00:00,Dallas,AZ
ORD0000636,SHP000137,E005026,in_transit,2025-02-04 15:00:00,Dallas,NY
ORD0000916,SHP001365,E004751,label_created,2025-04-11 12:00:00,Dallas,AZ
ORD0000146,SHP001507,E000109,out_for_delivery,2025-10-21 14:00:00,New York,TX
ORD0002006,SHP001635,E003455,label_created,2025-05-21 18:00:00,Phoenix,CO
ORD0000793,SHP000571,E005575,label_created,2025-05-07 15:00:00,Seattle,IL
ORD0000385,SHP000585,E002682,picked_up,2025-05-23 01:00:00,Phoenix,IL
ORD0000471,SHP001576,E005198,in_transit,2025-09-02 18:00:00,Phoenix,TX
ORD0000412,SHP000173,E001965,delivered,2025-05-20 18:00:00,Chicago,TX
ORD0001870,SHP000608,E000335,picked_up,2025-05-25 16:00:00,New York,TX
ORD0000334,SHP000126,E003734,in_transit,2025-11-17 12:00:00,Miami,FL
ORD0001873,SHP000202,E003602,label_created,2025-03-14 07:00:00,Miami,IL
ORD0001080,SHP000918,E002806,delivered,2025-07-04 10:00:00,Dallas,TX
ORD0002196,SHP001755,E004907,in_transit,2025-03-15 15:00:00,Phoenix,CO
ORD0001601,SHP001777,E002366,in_transit,2025-05-18 00:00:00,Miami,CO
ORD0000066,SHP001342,E005101,exception,2025-03-18 07:00:00,Denver,AZ
ORD0000733,SHP001345,E000315,picked_up,2025-06-08 15:00:00,Phoenix,WA
ORD0002171,SHP000510,E004704,in_transit,2025-11-08 20:00:00,Phoenix,NY
ORD0001968,SHP000991,E003385,picked_up,2025-09-15 08:00:00,Chicago,WA
ORD0000627,SHP000262,E002234,in_transit,2025-03-15 03:00:00,Dallas,CO
ORD0001893,SHP000090,E001438,in_transit,2025-03-26 23:00:00,Denver,AZ
ORD0001729,SHP000841,E001130,in_transit,2025-06-01 19:00:00,Chicago,WA
ORD0001875,SHP000956,E001359,label_created,2025-07-22 05:00:00,Dallas,CA
ORD0000576,SHP000203,E003483,delivered,2025-10-12 17:00:00,Miami,NY
ORD0000410,SHP000087,E000401,picked_up,2025-09-18 11:00:00,Dallas,CO
ORD0001203,SHP001669,E002233,in_transit,2025-10-14 13:00:00,Miami,AZ
ORD0000121,SHP000938,E003413,in_transit,2025-04-08 21:00:00,Phoenix,TX
ORD0000545,SHP001362,E005488,in_transit,2025-10-22 09:00:00,Chicago,TX
ORD0000010,SHP001684,E000359,exception,2025-07-09 07:00:00,Seattle,WA
ORD0001671,SHP001522,E005188,delivered,2025-05-25 04:00:00,Denver,WA
ORD0001846,SHP001048,E004718,picked_up,2025-07-31 19:00:00,Phoenix,FL
ORD0002051,SHP001101,E004500,in_transit,2025-08-10 08:00:00,Phoenix,NY
ORD0000839,SHP000881,E001066,in_transit,2025-06-18 22:00:00,Seattle,IL
ORD0000581,SHP000049,E000757,delivered,2025-06-24 23:00:00,Denver,AZ
ORD0000161,SHP001635,E001291,label_created,2025-08-02 05:00:00,Seattle,FL
ORD0000780,SHP000095,E004794,delivered,2025-07-23 16:00:00,Denver,FL
ORD0001230,SHP001122,E002110,delivered,2025-01-05 05:00:00,Denver,FL
ORD0000268,SHP000821,E001631,picked_up,2025-12-29 19:00:00,Phoenix,NY
ORD0000876,SHP000380,E005109,label_created,2025-01-17 06:00:00,New York,FL
ORD0002006,SHP000421,E001396,out_for_delivery,2025-08-05 14:00:00,New York,TX
ORD0000720,SHP000409,E004814,label_created,2025-03-20 08:00:00,Denver,WA
ORD0000689,SHP000744,E005664,out_for_delivery,2025-08-03 11:00:00,Miami,IL
ORD0001898,SHP001468,E000162,in_transit,2025-01-13 09:00:00,New York,NY
ORD0000765,SHP001415,E004321,out_for_delivery,2025-10-11 15:00:00,Seattle,AZ
ORD0000320,SHP001265,E004360,delivered,2025-07-25 00:00:00,New York,AZ
ORD0001096,SHP001379,E003222,out_for_delivery,2025-12-30 21:00:00,Dallas,WA
ORD0000280,SHP000505,E003436,picked_up,2025-08-24 12:00:00,Phoenix,WA
ORD0000994,SHP001681,E001350,in_transit,2025-08-30 22:00:00,Denver,NY
ORD0001256,SHP001548,E000949,picked_up,2025-12-04 02:00:00,Seattle,NY
ORD0000718,SHP000381,E000373,picked_up,2025-07-16 18:00:00,Dallas,IL
ORD0001663,SHP001611,E003687,picked_up,2025-05-10 05:00:00,Dallas,FL
ORD0000066,SHP001342,E004909,out_for_delivery,2025-11-01 15:00:00,Denver,IL
ORD0000890,SHP000797,E001300,out_for_delivery,2025-12-12 15:00:00,Seattle,CA
ORD0001275,SHP001482,E004873,in_transit,2025-11-28 18:00:00,Phoenix,CA
ORD0001251,SHP000496,E002776,in_transit,2025-12-30 03:00:00,New York,AZ
ORD0000097,SHP000217,E005247,in_transit,2025-05-12 19:00:00,New York,AZ
ORD0001256,SHP000847,E003083,picked_up,2025-04-30 03:00:00,Los Angeles,NY
ORD0000951,SHP000865,E001993,in_transit,2025-11-08 13:00:00,Denver,CA
ORD0000791,SHP001120,E005000,in_transit,2025-07-24 17:00:00,Dallas,CO
ORD0001082,SHP001270,E001580,picked_up,2025-04-23 08:00:00,Seattle,WA
ORD0000370,SHP000199,E000913,out_for_delivery,2025-04-21 15:00:00,Chicago,CA
ORD0001480,SHP000104,E003166,picked_up,2025-01-10 00:00:00,Miami,WA
ORD0000655,SHP000253,E005327,in_transit,2025-11-06 23:00:00,Seattle,AZ
ORD0000170,SHP000848,E000160,in_transit,2025-11-23 02:00:00,Phoenix,NY
ORD0000364,SHP000677,E002996,picked_up,2025-07-30 14:00:00,Los Angeles,TX
ORD0000749,SHP001694,E001528,in_transit,2025-12-02 12:00:00,Chicago,NY
ORD0002018,SHP001472,E005077,picked_up,2025-12-13 23:00:00,Seattle,NY
ORD0002003,SHP001359,E002974,in_transit,2025-09-29 01:00:00,Miami,TX
ORD0001074,SHP001668,E001789,label_created,2025-11-06 10:00:00,Denver,AZ
ORD0001266,SHP000736,E001021,out_for_delivery,2025-09-25 20:00:00,Phoenix,AZ
ORD0001669,SHP001524,E005580,out_for_delivery,2025-09-17 00:00:00,Seattle,IL
ORD0001792,SHP001605,E001642,in_transit,2025-05-28 15:00:00,Miami,FL
ORD0002129,SHP000237,E000922,label_created,2025-10-19 22:00:00,Chicago,AZ
ORD0000333,SHP000688,E005611,in_transit,2025-01-27 11:00:00,Chicago,AZ
ORD0001526,SHP000282,E000168,label_created,2025-04-28 10:00:00,Phoenix,FL
ORD0001780,SHP000849,E002797,in_transit,2025-02-02 09:00:00,Phoenix,WA
ORD0002110,SHP001378,E000590,out_for_delivery,2025-11-27 09:00:00,Los Angeles,IL
ORD0000994,SHP000703,E004283,out_for_delivery,2025-08-30 18:00:00,Dallas,CO
ORD0001029,SHP000827,E002797,in_transit,2025-12-07 03:00:00,Los Angeles,CO
ORD0000788,SHP001466,E002713,delivered,2025-11-10 16:00:00,Denver,CO
ORD0002033,SHP000675,E003576,out_for_delivery,2025-02-18 23:00:00,Dallas,WA
ORD0002049,SHP000765,E003348,out_for_delivery,2025-03-08 19:00:00,Phoenix,AZ
ORD0001681,SHP000343,E001854,in_transit,2025-05-30 20:00:00,Chicago,CO
ORD0002114,SHP000654,E000852,in_transit,2025-08-02 22:00:00,Dallas,CA
ORD0002108,SHP001237,E000190,label_created,2025-06-10 21:00:00,Phoenix,CA
ORD0001226,SHP001657,E001993,in_transit,2025-03-31 03:00:00,Los Angeles,CO
ORD0000838,SHP001354,E000182,in_transit,2025-02-28 05:00:00,Denver,WA
ORD0000241,SHP001231,E003357,label_created,2025-05-12 13:00:00,Dallas,TX
ORD0000201,SHP001313,E002949,in_transit,2025-08-25 19:00:00,Phoenix,WA
ORD0000887,SHP000117,E004423,out_for_delivery,2025-12-08 18:00:00,Phoenix,CA
ORD0000097,SHP000531,E002374,delivered,2025-12-05 02:00:00,Dallas,TX
ORD0001607,SHP000636,E004328,out_for_delivery,2025-06-13 04:00:00,Los Angeles,AZ
ORD0000159,SHP000172,E001137,picked_up,2025-02-09 14:00:00,New York,CA
ORD0000332,SHP000864,E002672,picked_up,2025-04-14 06:00:00,Seattle,NY
ORD0000370,SHP000772,E005257,out_for_delivery,2025-05-26 10:00:00,Miami,FL
ORD0001691,SHP000089,E000671,picked_up,2025-10-30 16:00:00,Dallas,CA
ORD0001808,SHP000852,E003566,out_for_delivery,2025-07-14 08:00:00,Los Angeles,CA
ORD0000099,SHP000085,E000310,in_transit,2025-01-15 06:00:00,Denver,CO
ORD0001597,SHP000705,E004991,in_transit,2025-10-16 02:00:00,Dallas,CO
ORD0000735,SHP001430,E000540,picked_up,2025-01-24 09:00:00,Seattle,AZ
ORD0001379,SHP000073,E004687,delivered,2025-03-16 03:00:00,New York,FL
ORD0000876,SHP000588,E001669,in_transit,2025-01-10 14:00:00,Dallas,IL
ORD0001127,SHP000093,E000259,in_transit,2025-03-10 01:00:00,Dallas,IL
ORD0001556,SHP001295,E001369,delivered,2025-12-16 02:00:00,Seattle,NY
ORD0000512,SHP000682,E004808,in_transit,2025-01-17 18:00:00,Denver,AZ
ORD0001832,SHP001012,E002820,label_created,2025-05-04 04:00:00,New York,WA
ORD0000712,SHP000991,E003246,delivered,2025-02-21 07:00:00,Denver,CO
ORD0001545,SHP000145,E000804,out_for_delivery,2025-12-19 17:00:00,Seattle,NY
ORD0000311,SHP000172,E003252,label_created,2025-08-25 12:00:00,Dallas,FL
ORD0001223,SHP000036,E001741,picked_up,2025-11-23 14:00:00,Los Angeles,CO
ORD0001200,SHP000789,E001357,in_transit,2025-10-13 00:00:00,Los Angeles,TX
ORD0001838,SHP000492,E005002,in_transit,2025-05-19 18:00:00,Seattle,IL
ORD0001622,SHP000226,E005628,picked_up,2025-03-25 12:00:00,Los Angeles,CA
ORD0001661,SHP001372,E004218,in_transit,2025-02-24 23:00:00,Los Angeles,CO
ORD0001389,SHP001504,E001525,in_transit,2025-02-15 05:00:00,Denver,IL
ORD0000690,SHP000300,E002482,in_transit,2025-04-17 09:00:00,New York,AZ
ORD0002111,SHP000960,E003929,out_for_delivery,2025-10-06 23:00:00,Denver,CA
ORD0001400,SHP000662,E004922,in_transit,2025-06-17 19:00:00,Los Angeles,NY
ORD0000399,SHP000136,E003800,out_for_delivery,2025-09-02 22:00:00,Chicago,IL
ORD0002080,SHP000977,E002124,label_created,2025-04-04 06:00:00,Chicago,FL
ORD0001112,SHP000709,E003108,out_for_delivery,2025-02-17 15:00:00,Dallas,NY
ORD0000069,SHP001037,E001381,in_transit,2025-06-23 05:00:00,Dallas,WA
ORD0001682,SHP001434,E004805,in_transit,2025-01-02 13:00:00,Seattle,CA
ORD0000941,SHP000374,E001701,picked_up,2025-05-17 21:00:00,Denver,TX
ORD0000378,SHP000211,E004110,out_for_delivery,2025-02-12 16:00:00,Miami,IL
ORD0001862,SHP001059,E001247,delivered,2025-09-20 09:00:00,Miami,AZ
ORD0001934,SHP001543,E004460,delivered,2025-10-14 07:00:00,Miami,WA
ORD0000303,SHP001562,E002065,in_transit,2025-07-16 23:00:00,Seattle,IL
ORD0001847,SHP000510,E002856,in_transit,2025-02-22 01:00:00,Denver,AZ
ORD0000840,SHP000751,E002987,picked_up,2025-09-02 16:00:00,Phoenix,CO
ORD0000792,SHP001208,E005319,picked_up,2025-02-06 00:00:00,Dallas,IL
ORD0001455,SHP001092,E004245,delivered,2025-01-06 12:00:00,Dallas,IL
ORD0000836,SHP000963,E000711,in_transit,2025-08-28 08:00:00,Dallas,WA
ORD0002168,SHP001734,E001767,picked_up,2025-04-25 17:00:00,Denver,NY
ORD0001134,SHP001471,E003884,out_for_delivery,2025-04-20 08:00:00,New York,CO
ORD0000917,SHP001270,E005286,picked_up,2025-05-12 16:00:00,Chicago,CA
ORD0001192,SHP001433,E002616,in_transit,2025-11-07 17:00:00,Seattle,TX
ORD0001507,SHP000993,E002276,delivered,2025-02-23 04:00:00,Phoenix,CA
ORD0001305,SHP001546,E005433,label_created,2025-10-15 06:00:00,Dallas,IL
ORD0000989,SHP001388,E004681,picked_up,2025-04-26 07:00:00,Dallas,WA
ORD0002099,SHP001602,E001626,delivered,2025-12-22 02:00:00,Los Angeles,NY
ORD0001688,SHP000176,E003868,label_created,2025-01-05 06:00:00,Phoenix,FL
ORD0002037,SHP000105,E003713,in_transit,2025-12-24 18:00:00,Miami,FL
ORD0000635,SHP000189,E000136,in_transit,2025-04-10 15:00:00,Los Angeles,CO
ORD0000862,SHP000915,E004435,in_transit,2025-09-01 21:00:00,Seattle,AZ
ORD0000831,SHP001438,E004441,delivered,2025-10-29 19:00:00,Los Angeles,CO
ORD0002061,SHP000997,E001797,picked_up,2025-07-02 17:00:00,Seattle,CA
ORD0000805,SHP000114,E002908,delivered,2025-04-06 13:00:00,Los Angeles,WA
ORD0001327,SHP000433,E004850,in_transit,2025-01-29 03:00:00,Denver,CA
ORD0000513,SHP001354,E000186,in_transit,2025-09-16 12:00:00,Denver,TX
ORD0000607,SHP000113,E002875,out_for_delivery,2025-04-06 09:00:00,Chicago,CO
ORD0001247,SHP001510,E003237,in_transit,2025-01-20 01:00:00,Denver,TX
ORD0000081,SHP000712,E003575,in_transit,2025-12-19 07:00:00,Los Angeles,NY
ORD0000539,SHP001371,E005289,out_for_delivery,2025-12-05 15:00:00,Dallas,WA
ORD0001825,SHP000693,E005216,label_created,2025-01-04 10:00:00,New York,NY
ORD0000982,SHP000992,E001420,in_transit,2025-06-18 08:00:00,New York,NY
ORD0001175,SHP001466,E001546,out_for_delivery,2025-08-05 00:00:00,Chicago,AZ
ORD0000111,SHP001470,E002631,picked_up,2025-01-10 15:00:00,Miami,CA
ORD0001595,SHP001213,E000500,in_transit,2025-08-29 14:00:00,Denver,IL
ORD0001541,SHP000381,E005196,picked_up,2025-03-14 23:00:00,Chicago,IL
ORD0000137,SHP001168,E004827,label_created,2025-05-19 08:00:00,Phoenix,FL
ORD0000791,SHP000789,E000593,picked_up,2025-12-24 03:00:00,Chicago,AZ
ORD0000749,SHP000793,E003593,in_transit,2025-12-23 16:00:00,Seattle,NY
ORD0001240,SHP000446,E004092,in_transit,2025-08-01 02:00:00,Chicago,WA
ORD0001628,SHP001134,E005447,delivered,2025-06-23 22:00:00,New York,FL
ORD0001142,SHP000479,E004638,out_for_delivery,2025-09-04 14:00:00,Miami,FL
ORD0000656,SHP000689,E004065,in_transit,2025-10-20 04:00:00,New York,CO
ORD0001955,SHP000432,E000329,delivered,2025-06-24 14:00:00,Phoenix,CA
ORD0001595,SHP000835,E001493,label_created,2025-03-15 02:00:00,Seattle,FL
ORD0000661,SHP000154,E003918,label_created,2025-09-10 18:00:00,Dallas,TX
ORD0000146,SHP001517,E001291,label_created,2025-12-20 13:00:00,Chicago,CO
ORD0001223,SHP001581,E004051,out_for_delivery,2025-04-05 22:00:00,Chicago,NY
ORD0000650,SHP000892,E003160,delivered,2025-01-19 11:00:00,Seattle,CA
ORD0001535,SHP001360,E005186,picked_up,2025-07-04 16:00:00,Dallas,CO
ORD0000689,SHP001586,E004303,out_for_delivery,2025-06-24 14:00:00,Chicago,IL
ORD0001030,SHP001639,E002372,delivered,2025-02-10 17:00:00,Denver,WA
ORD0000744,SHP000448,E000088,in_transit,2025-04-13 07:00:00,Dallas,IL
ORD0001035,SHP001274,E002367,in_transit,2025-01-18 22:00:00,Denver,IL
ORD0000176,SHP000196,E005643,out_for_delivery,2025-11-13 03:00:00,Phoenix,IL
ORD0000810,SHP000493,E004394,label_created,2025-08-15 17:00:00,Denver,CO
ORD0002089,SHP001702,E001014,in_transit,2025-07-31 13:00:00,Phoenix,FL
ORD0001288,SHP001215,E005006,label_created,2025-10-16 16:00:00,New York,CA
ORD0001622,SHP001432,E004472,in_transit,2025-11-10 17:00:00,New York,NY
ORD0002173,SHP000974,E003630,in_transit,2025-02-17 05:00:00,Dallas,CA
ORD0000146,SHP000236,E000026,picked_up,2025-09-11 06:00:00,Seattle,CO
ORD0000797,SHP000959,E004541,label_created,2025-04-11 03:00:00,Seattle,CA
ORD0001249,SHP000839,E000896,out_for_delivery,2025-05-26 19:00:00,Dallas,CA
ORD0002150,SHP000453,E003072,picked_up,2025-04-29 21:00:00,Phoenix,AZ
ORD0000350,SHP001534,E005038,picked_up,2025-01-28 02:00:00,Dallas,CA
ORD0001894,SHP001755,E002051,label_created,2025-11-10 02:00:00,Los Angeles,AZ
ORD0000263,SHP000177,E001547,picked_up,2025-07-28 05:00:00,Miami,WA
ORD0000178,SHP001753,E005216,picked_up,2025-02-20 18:00:00,Dallas,TX
ORD0001949,SHP000878,E003527,delivered,2025-08-05 04:00:00,Dallas,AZ
ORD0001869,SHP000283,E000557,out_for_delivery,2025-01-13 08:00:00,New York,WA
ORD0000099,SHP000059,E003042,label_created,2025-01-25 19:00:00,New York,AZ
ORD0001165,SHP000798,E005566,in_transit,2025-04-19 04:00:00,Seattle,NY
ORD0001182,SHP000457,E002364,label_created,2025-05-23 15:00:00,Chicago,WA
ORD0001957,SHP001188,E002244,label_created,2025-02-10 04:00:00,Miami,IL
ORD0000008,SHP001408,E001696,picked_up,2025-07-10 17:00:00,Chicago,FL
ORD0000715,SHP000598,E005159,delivered,2025-08-11 15:00:00,Miami,AZ
ORD0000895,SHP001262,E002880,in_transit,2025-04-07 02:00:00,Phoenix,TX
ORD0001448,SHP000591,E002554,in_transit,2025-05-14 02:00:00,Los Angeles,CA
ORD0001729,SHP000436,E004167,exception,2025-08-22 08:00:00,Miami,IL
ORD0000539,SHP000736,E004574,picked_up,2025-07-25 09:00:00,Phoenix,IL
ORD0001524,SHP000202,E005616,in_transit,2025-05-25 02:00:00,Dallas,TX
ORD0001763,SHP000357,E001391,in_transit,2025-04-28 11:00:00,Phoenix,NY
ORD0000799,SHP000046,E001915,exception,2025-06-19 21:00:00,Chicago,CO
ORD0000358,SHP001683,E005051,label_created,2025-03-03 12:00:00,New York,FL
ORD0001324,SHP001583,E005467,out_for_delivery,2025-05-07 06:00:00,Miami,IL
ORD0001899,SHP000010,E001624,in_transit,2025-04-25 13:00:00,Los Angeles,FL
ORD0000597,SHP000050,E005040,exception,2025-05-15 02:00:00,Chicago,WA
ORD0001438,SHP001126,E002225,picked_up,2025-07-30 17:00:00,Dallas,FL
ORD0001215,SHP001473,E002819,picked_up,2025-02-05 21:00:00,Los Angeles,FL
ORD0001748,SHP000017,E001412,picked_up,2025-04-16 05:00:00,New York,NY
ORD0001489,SHP000186,E000698,in_transit,2025-09-21 19:00:00,New York,CA
ORD0000467,SHP001545,E003791,in_transit,2025-09-07 04:00:00,New York,FL
ORD0000250,SHP000596,E000118,label_created,2025-07-30 14:00:00,Miami,NY
ORD0000164,SHP001634,E004158,in_transit,2025-01-03 01:00:00,Los Angeles,CO
ORD0001125,SHP001187,E001623,delivered,2025-07-04 16:00:00,Los Angeles,NY
ORD0002065,SHP000387,E005603,picked_up,2025-02-20 07:00:00,Dallas,IL
ORD0000215,SHP001739,E002128,in_transit,2025-06-22 10:00:00,Denver,CO
ORD0001610,SHP000597,E004575,out_for_delivery,2025-10-11 16:00:00,Phoenix,IL
ORD0000788,SHP001466,E001401,out_for_delivery,2025-02-05 19:00:00,Seattle,TX
ORD0001493,SHP000897,E004077,out_for_delivery,2025-08-25 20:00:00,Miami,FL
ORD0000179,SHP000861,E000801,out_for_delivery,2025-07-23 05:00:00,Denver,WA
ORD0002032,SHP000715,E004142,in_transit,2025-10-11 22:00:00,Los Angeles,WA
ORD0001076,SHP000443,E003054,label_created,2025-03-23 12:00:00,New York,CA
ORD0001252,SHP000322,E001604,in_transit,2025-09-25 17:00:00,Los Angeles,CO
ORD0000590,SHP000899,E002171,in_transit,2025-03-16 05:00:00,New York,TX
ORD0000047,SHP001700,E002185,picked_up,2025-01-07 18:00:00,Chicago,FL
ORD0001221,SHP000245,E001654,delivered,2025-07-07 00:00:00,Chicago,IL
ORD0001114,SHP000687,E002759,exception,2025-12-18 10:00:00,New York,AZ
ORD0000549,SHP001343,E002657,out_for_delivery,2025-05-22 11:00:00,Phoenix,CA
ORD0000858,SHP001212,E002638,label_created,2025-04-15 05:00:00,Seattle,TX
ORD0000180,SHP000067,E002663,picked_up,2025-04-12 12:00:00,Chicago,CA
ORD0001809,SHP001362,E003030,delivered,2025-06-23 23:00:00,Dallas,NY
ORD0001817,SHP001025,E000398,in_transit,2025-09-05 17:00:00,Miami,FL
ORD0000501,SHP001344,E003200,out_for_delivery,2025-08-06 06:00:00,New York,WA
ORD0002168,SHP001331,E004356,label_created,2025-12-03 16:00:00,Los Angeles,CO
ORD0001225,SHP000990,E005429,in_transit,2025-03-06 08:00:00,Phoenix,NY
ORD0001755,SHP000061,E000217,in_transit,2025-04-05 22:00:00,Chicago,WA
ORD0001430,SHP000376,E001585,out_for_delivery,2025-02-28 14:00:00,Chicago,WA
ORD0001742,SHP001292,E000436,out_for_delivery,2025-04-11 19:00:00,New York,NY
ORD0002035,SHP000271,E003856,label_created,2025-06-28 13:00:00,Phoenix,WA
ORD0002008,SHP000217,E003096,in_transit,2025-06-11 17:00:00,Miami,CA
ORD0001692,SHP000140,E005659,out_for_delivery,2025-11-04 00:00:00,Dallas,IL
ORD0001213,SHP000565,E003365,out_for_delivery,2025-09-06 09:00:00,Chicago,CA
ORD0000706,SHP001261,E001570,in_transit,2025-07-04 08:00:00,Chicago,CO
ORD0000363,SHP001454,E003880,label_created,2025-05-09 09:00:00,Denver,TX
ORD0001498,SHP000045,E003069,in_transit,2025-12-06 20:00:00,Denver,CA
ORD0000212,SHP000506,E002335,delivered,2025-10-02 17:00:00,New York,TX
ORD0000585,SHP001455,E005007,in_transit,2025-09-07 13:00:00,Chicago,CA
ORD0001135,SHP000306,E001681,delivered,2025-09-08 19:00:00,Miami,FL
ORD0000283,SHP000930,E000435,in_transit,2025-12-31 06:00:00,Denver,AZ
ORD0001276,SHP000344,E002275,in_transit,2025-02-08 15:00:00,Dallas,AZ
ORD0001046,SHP000241,E005304,in_transit,2025-07-02 12:00:00,Chicago,CO
ORD0002139,SHP001015,E000745,picked_up,2025-07-04 07:00:00,New York,CO
ORD0001280,SHP001500,E003142,delivered,2025-02-19 17:00:00,New York,NY
ORD0001361,SHP000722,E001508,out_for_delivery,2025-07-08 21:00:00,Miami,CA
ORD0001086,SHP000224,E003255,in_transit,2025-07-01 21:00:00,Dallas,CA
ORD0000554,SHP000802,E002155,out_for_delivery,2025-08-29 23:00:00,Los Angeles,TX
ORD0001805,SHP000641,E003519,picked_up,2025-05-30 14:00:00,Miami,TX
ORD0000292,SHP000523,E003263,label_created,2025-05-11 14:00:00,Phoenix,TX
ORD0001614,SHP000731,E003622,in_transit,2025-11-28 20:00:00,Denver,FL
ORD0001038,SHP000714,E004296,in_transit,2025-02-07 09:00:00,Denver,AZ
ORD0000659,SHP001704,E004024,out_for_delivery,2025-12-25 07:00:00,Chicago,FL
ORD0002104,SHP000039,E002155,picked_up,2025-04-01 02:00:00,Seattle,TX
ORD0000661,SHP001629,E002973,picked_up,2025-09-28 20:00:00,Seattle,AZ
ORD0001054,SHP001172,E004852,in_transit,2025-05-27 10:00:00,Denver,TX
ORD0000100,SHP001408,E001922,in_transit,2025-08-16 06:00:00,Dallas,AZ
ORD0001657,SHP000683,E005618,out_for_delivery,2025-02-12 15:00:00,Denver,NY
ORD0000931,SHP001687,E003141,picked_up,2025-11-29 04:00:00,Seattle,TX
ORD0001269,SHP000293,E000516,delivered,2025-09-13 12:00:00,Dallas,AZ
ORD0002131,SHP000032,E004933,delivered,2025-10-19 17:00:00,Phoenix,TX
ORD0000925,SHP001727,E001410,out_for_delivery,2025-09-07 23:00:00,Miami,AZ
ORD0002179,SHP001730,E001057,label_created,2025-09-16 02:00:00,Denver,NY
ORD0000564,SHP001343,E005251,label_created,2025-05-05 07:00:00,Miami,CO
ORD0002067,SHP000779,E003832,delivered,2025-03-23 23:00:00,Dallas,CO
ORD0002175,SHP001151,E001788,in_transit,2025-11-18 19:00:00,Seattle,TX
ORD0001067,SHP001601,E000903,out_for_delivery,2025-12-25 02:00:00,Dallas,IL
ORD0000536,SHP000849,E000616,in_transit,2025-09-04 21:00:00,Miami,AZ
ORD0001608,SHP000031,E003201,delivered,2025-07-22 21:00:00,Denver,CO
ORD0000448,SHP000519,E005510,out_for_delivery,2025-04-04 10:00:00,Phoenix,AZ
ORD0000858,SHP000091,E001102,exception,2025-06-13 10:00:00,Denver,AZ
ORD0000862,SHP000528,E004013,delivered,2025-02-26 12:00:00,Chicago,IL
ORD0001533,SHP000042,E002446,label_created,2025-09-02 07:00:00,Dallas,IL
ORD0001889,SHP000195,E000937,in_transit,2025-08-22 18:00:00,Miami,AZ
ORD0001693,SHP000073,E002389,out_for_delivery,2025-12-05 05:00:00,Phoenix,FL
ORD0000379,SHP001611,E004505,in_transit,2025-04-30 09:00:00,Chicago,CA
ORD0000727,SHP001317,E003850,in_transit,2025-11-21 21:00:00,New York,CA
ORD0000617,SHP001201,E004794,in_transit,2025-12-29 03:00:00,Denver,NY
ORD0001347,SHP000845,E002044,delivered,2025-11-17 22:00:00,Los Angeles,WA
ORD0001020,SHP000919,E001966,in_transit,2025-03-24 21:00:00,Seattle,WA
ORD0000450,SHP000935,E001267,picked_up,2025-02-03 04:00:00,Los Angeles,CA
ORD0000940,SHP001664,E000374,picked_up,2025-01-29 13:00:00,New York,IL
ORD0002049,SHP000765,E001813,picked_up,2025-08-06 10:00:00,Chicago,FL
ORD0001419,SHP001661,E004013,delivered,2025-10-01 12:00:00,New York,CO
ORD0000134,SHP000859,E003741,in_transit,2025-09-09 01:00:00,New York,CO
ORD0000320,SHP000400,E005515,picked_up,2025-10-12 18:00:00,Seattle,CA
ORD0000664,SHP000729,E002773,delivered,2025-03-23 18:00:00,Miami,AZ
ORD0001506,SHP001148,E005511,picked_up,2025-01-01 18:00:00,Dallas,FL
ORD0001568,SHP000947,E001422,in_transit,2025-04-27 09:00:00,Denver,AZ
ORD0001428,SHP000571,E000637,picked_up,2025-09-14 20:00:00,Seattle,AZ
ORD0001112,SHP000147,E003519,in_transit,2025-07-29 06:00:00,Dallas,WA
ORD0001796,SHP001699,E001514,picked_up,2025-02-14 17:00:00,Los Angeles,CO
ORD0001993,SHP000154,E005556,picked_up,2025-07-21 07:00:00,New York,CA
ORD0001047,SHP001339,E001761,out_for_delivery,2025-02-24 17:00:00,Miami,CA
ORD0000087,SHP001689,E003969,delivered,2025-10-23 13:00:00,Chicago,WA
ORD0001218,SHP000721,E003601,delivered,2025-11-13 07:00:00,Dallas,WA
ORD0000464,SHP000558,E003600,out_for_delivery,2025-01-09 11:00:00,New York,FL
ORD0001409,SHP000152,E004494,label_created,2025-12-07 13:00:00,Seattle,NY
ORD0000143,SHP000138,E003511,out_for_delivery,2025-12-29 12:00:00,Phoenix,NY
ORD0001021,SHP001209,E004098,in_transit,2025-08-27 10:00:00,Denver,NY
ORD0001508,SHP000524,E005256,label_created,2025-10-29 20:00:00,Seattle,CO
ORD0001648,SHP001734,E003286,in_transit,2025-07-16 14:00:00,Chicago,FL
ORD0000551,SHP001180,E002017,out_for_delivery,2025-02-03 18:00:00,Chicago,WA
ORD0000069,SHP001037,E005097,label_created,2025-10-27 00:00:00,New York,TX
ORD0001692,SHP000811,E005479,in_transit,2025-02-10 17:00:00,Phoenix,CO
ORD0000830,SHP001402,E000772,in_transit,2025-11-15 01:00:00,Denver,IL
ORD0001467,SHP000386,E002110,picked_up,2025-12-13 09:00:00,Denver,CA
ORD0001257,SHP000665,E001566,delivered,2025-07-11 06:00:00,Chicago,FL
ORD0000300,SHP000426,E003578,delivered,2025-10-09 15:00:00,Chicago,NY
ORD0001236,SHP000753,E001930,label_created,2025-04-04 16:00:00,Los Angeles,TX
ORD0002168,SHP000528,E003775,delivered,2025-10-13 06:00:00,Chicago,TX
ORD0001647,SHP000941,E002943,label_created,2025-12-29 14:00:00,Denver,NY
ORD0000634,SHP000311,E000120,in_transit,2025-08-19 22:00:00,Seattle,NY
ORD0001414,SHP000337,E000018,picked_up,2025-04-28 11:00:00,Chicago,TX
ORD0001049,SHP001273,E001221,in_transit,2025-06-24 08:00:00,Miami,TX
ORD0001944,SHP001014,E001173,delivered,2025-02-18 08:00:00,Miami,TX
ORD0001809,SHP000654,E004842,exception,2025-11-18 05:00:00,Chicago,AZ
ORD0001870,SHP000657,E002816,label_created,2025-09-30 15:00:00,Seattle,NY
ORD0001025,SHP001418,E001236,picked_up,2025-08-24 16:00:00,Denver,NY
ORD0002195,SHP000890,E003931,delivered,2025-05-01 21:00:00,Chicago,NY
ORD0001233,SHP001512,E001401,in_transit,2025-06-17 03:00:00,Dallas,CA
ORD0000536,SHP001358,E004119,in_transit,2025-07-30 05:00:00,Chicago,WA
ORD0001793,SHP001460,E002584,out_for_delivery,2025-01-07 05:00:00,Seattle,WA
ORD0001973,SHP001418,E002843,out_for_delivery,2025-01-19 04:00:00,Los Angeles,CA
ORD0000140,SHP001471,E002972,exception,2025-02-05 21:00:00,Phoenix,IL
ORD0000220,SHP000642,E000465,out_for_delivery,2025-04-18 04:00:00,New York,IL
ORD0000737,SHP001396,E002479,out_for_delivery,2025-05-09 09:00:00,Chicago,TX
ORD0002104,SHP000039,E003069,out_for_delivery,2025-09-17 22:00:00,Denver,CA
ORD0000278,SHP001333,E000717,in_transit,2025-11-22 19:00:00,Denver,TX
ORD0001120,SHP000186,E003096,picked_up,2025-12-03 15:00:00,Phoenix,IL
ORD0001399,SHP000483,E005183,out_for_delivery,2025-10-21 12:00:00,Denver,CA
ORD0000018,SHP001081,E000427,in_transit,2025-05-27 18:00:00,Miami,AZ
ORD0001342,SHP001238,E003162,in_transit,2025-03-28 06:00:00,Phoenix,TX
ORD0001956,SHP000835,E002895,label_created,2025-10-10 14:00:00,Dallas,AZ
ORD0000619,SHP000030,E005024,exception,2025-06-05 00:00:00,Los Angeles,NY
ORD0000575,SHP000851,E000268,picked_up,2025-10-04 11:00:00,Miami,TX
ORD0000803,SHP001708,E001852,in_transit,2025-05-24 10:00:00,Denver,IL
ORD0000719,SHP000555,E002747,picked_up,2025-05-13 04:00:00,Chicago,CA
ORD0001657,SHP000683,E005197,out_for_delivery,2025-04-18 04:00:00,Chicago,FL
ORD0000660,SHP000893,E000530,label_created,2025-04-03 11:00:00,Dallas,WA
ORD0001278,SHP001749,E005190,delivered,2025-11-12 03:00:00,Phoenix,NY
ORD0001117,SHP000279,E001737,picked_up,2025-01-11 13:00:00,New York,AZ
ORD0000864,SHP000464,E002249,in_transit,2025-06-17 08:00:00,Denver,NY
ORD0001208,SHP000826,E000652,picked_up,2025-04-03 18:00:00,Los Angeles,WA
ORD0001553,SHP001625,E004230,in_transit,2025-06-24 02:00:00,Chicago,NY
ORD0000197,SHP000136,E000344,picked_up,2025-02-26 17:00:00,Chicago,CA
ORD0002170,SHP000944,E003567,in_transit,2025-11-15 04:00:00,Dallas,NY
ORD0000510,SHP000381,E005510,out_for_delivery,2025-03-21 14:00:00,Chicago,TX
ORD0001137,SHP001765,E000973,picked_up,2025-05-27 06:00:00,New York,FL
ORD0000073,SHP000595,E001145,in_transit,2025-01-05 17:00:00,Miami,AZ
ORD0000510,SHP000340,E003085,delivered,2025-07-28 11:00:00,Dallas,FL
ORD0001319,SHP000249,E001049,out_for_delivery,2025-02-13 14:00:00,Los Angeles,WA
ORD0001610,SHP001602,E000422,picked_up,2025-06-25 20:00:00,Denver,WA
ORD0002132,SHP001164,E004234,picked_up,2025-08-05 11:00:00,Seattle,FL
ORD0001565,SHP001461,E004466,out_for_delivery,2025-01-30 14:00:00,New York,CO
ORD0000943,SHP000180,E002263,delivered,2025-09-12 07:00:00,Dallas,NY
ORD0000611,SHP001637,E002089,picked_up,2025-09-04 05:00:00,Seattle,AZ
ORD0001383,SHP000047,E004518,delivered,2025-10-06 06:00:00,Los Angeles,AZ
ORD0000457,SHP001582,E002216,picked_up,2025-01-31 23:00:00,New York,TX
ORD0000833,SHP001311,E003267,picked_up,2025-12-01 03:00:00,Phoenix,WA
ORD0001382,SHP001565,E001505,picked_up,2025-09-27 06:00:00,Phoenix,AZ
ORD0000624,SHP001016,E001950,out_for_delivery,2025-01-25 04:00:00,New York,CA
ORD0000320,SHP001099,E002464,in_transit,2025-12-12 17:00:00,Los Angeles,CO
ORD0000282,SHP001091,E003464,delivered,2025-08-03 02:00:00,Denver,CA
ORD0001327,SHP000758,E004422,in_transit,2025-06-23 19:00:00,Seattle,CO
ORD0002045,SHP000316,E002904,in_transit,2025-01-28 11:00:00,Phoenix,WA
ORD0000073,SHP001756,E000790,in_transit,2025-08-21 17:00:00,Los Angeles,NY
ORD0000853,SHP000430,E000505,label_created,2025-04-23 16:00:00,Seattle,WA
ORD0000890,SHP000467,E000732,in_transit,2025-10-05 20:00:00,Seattle,CO
ORD0000988,SHP001400,E003746,in_transit,2025-07-03 11:00:00,Dallas,NY
ORD0001759,SHP000840,E002275,picked_up,2025-09-29 01:00:00,Los Angeles,NY
ORD0000893,SHP001022,E001861,picked_up,2025-07-09 22:00:00,New York,AZ
ORD0001187,SHP000428,E000876,delivered,2025-05-26 21:00:00,Dallas,NY
ORD0001338,SHP000019,E005661,in_transit,2025-06-25 04:00:00,Chicago,NY
ORD0000269,SHP000235,E001310,label_created,2025-08-21 15:00:00,Denver,WA
ORD0001175,SHP000418,E004900,in_transit,2025-04-18 05:00:00,Los Angeles,NY
ORD0000501,SHP001344,E004236,picked_up,2025-05-28 13:00:00,Los Angeles,TX
ORD0000263,SHP000478,E002321,in_transit,2025-02-26 00:00:00,Miami,FL
ORD0001148,SHP000588,E002001,label_created,2025-03-11 13:00:00,Dallas,WA
ORD0000930,SHP000989,E003058,in_transit,2025-04-10 02:00:00,Seattle,NY
ORD0000562,SHP001793,E002439,delivered,2025-04-06 01:00:00,Denver,CA
ORD0001965,SHP000361,E004284,label_created,2025-01-19 18:00:00,Denver,CA
ORD0001783,SHP000265,E000147,label_created,2025-11-07 02:00:00,Los Angeles,NY
ORD0001253,SHP001370,E002421,in_transit,2025-02-01 00:00:00,Denver,AZ
ORD0002018,SHP001472,E003486,out_for_delivery,2025-05-11 10:00:00,New York,AZ
ORD0001128,SHP001727,E003523,out_for_delivery,2025-12-26 07:00:00,Seattle,FL
ORD0001602,SHP000293,E003443,in_transit,2025-03-02 20:00:00,New York,CO
ORD0002066,SHP001656,E005493,in_transit,2025-11-17 11:00:00,Phoenix,IL
ORD0001329,SHP001617,E001003,picked_up,2025-02-21 21:00:00,Phoenix,AZ
ORD0002190,SHP000509,E002333,in_transit,2025-12-02 06:00:00,Miami,IL
ORD0000415,SHP000651,E002967,out_for_delivery,2025-10-05 21:00:00,Denver,WA
ORD0001487,SHP000820,E000178,out_for_delivery,2025-06-15 23:00:00,Seattle,TX
ORD0001522,SHP000990,E002971,out_for_delivery,2025-09-25 13:00:00,Dallas,FL
ORD0000519,SHP000962,E005312,in_transit,2025-12-22 07:00:00,Seattle,CA
ORD0002033,SHP001590,E005305,in_transit,2025-12-09 02:00:00,Phoenix,CA
ORD0001404,SHP001453,E000776,in_transit,2025-01-29 10:00:00,Miami,IL
ORD0000097,SHP001574,E000074,in_transit,2025-01-24 19:00:00,Phoenix,WA
ORD0001123,SHP001724,E002633,label_created,2025-06-30 10:00:00,New York,NY
ORD0001298,SHP000122,E005504,in_transit,2025-09-23 15:00:00,Phoenix,TX
ORD0000761,SHP000891,E001248,in_transit,2025-11-18 23:00:00,Denver,FL
ORD0000589,SHP000275,E005332,in_transit,2025-10-01 10:00:00,Chicago,IL
ORD0000799,SHP000046,E005207,out_for_delivery,2025-08-14 03:00:00,New York,NY
ORD0002168,SHP001734,E004631,in_transit,2025-03-14 11:00:00,Phoenix,WA
ORD0001600,SHP000747,E003916,in_transit,2025-06-18 12:00:00,Denver,TX
ORD0001833,SHP001249,E001102,delivered,2025-12-14 04:00:00,Denver,NY
ORD0000705,SHP001026,E004009,label_created,2025-03-27 07:00:00,Seattle,FL
ORD0000369,SHP000393,E005002,in_transit,2025-08-30 14:00:00,Phoenix,IL
ORD0000300,SHP000587,E004202,picked_up,2025-03-02 19:00:00,New York,IL
ORD0000633,SHP000804,E002814,in_transit,2025-08-26 03:00:00,Seattle,IL
ORD0001816,SHP000048,E004736,delivered,2025-01-24 03:00:00,Los Angeles,FL
ORD0000930,SHP000989,E000621,in_transit,2025-04-08 14:00:00,Dallas,AZ
ORD0000394,SHP001180,E001131,delivered,2025-09-02 11:00:00,Dallas,CA
ORD0000134,SHP000859,E000286,in_transit,2025-09-02 06:00:00,Denver,AZ
ORD0000939,SHP000949,E004067,label_created,2025-07-02 18:00:00,Phoenix,AZ
ORD0000429,SHP000056,E000899,delivered,2025-12-28 01:00:00,Los Angeles,NY
ORD0002185,SHP001250,E003771,in_transit,2025-12-15 07:00:00,Denver,CO
ORD0000321,SHP001580,E003902,label_created,2025-04-23 08:00:00,Chicago,AZ
ORD0000585,SHP001733,E004075,out_for_delivery,2025-06-30 07:00:00,Los Angeles,TX
ORD0000788,SHP000570,E001118,picked_up,2025-05-24 06:00:00,Denver,CA
ORD0000779,SHP000483,E001542,in_transit,2025-05-30 05:00:00,Los Angeles,WA
ORD0001102,SHP001347,E000688,delivered,2025-06-19 10:00:00,New York,IL
ORD0000017,SHP001375,E003636,in_transit,2025-11-29 01:00:00,Dallas,TX
ORD0001694,SHP000276,E001341,out_for_delivery,2025-10-24 01:00:00,Los Angeles,WA
ORD0000401,SHP000530,E001748,delivered,2025-07-19 02:00:00,Chicago,CA
ORD0001722,SHP001483,E001705,out_for_delivery,2025-05-23 11:00:00,Los Angeles,WA
ORD0000953,SHP001062,E003608,delivered,2025-09-14 03:00:00,Phoenix,NY
ORD0001717,SHP000643,E004661,in_transit,2025-11-13 12:00:00,Dallas,AZ
ORD0000752,SHP000652,E000668,label_created,2025-03-01 15:00:00,Denver,IL
ORD0001263,SHP001488,E005340,in_transit,2025-01-25 12:00:00,Miami,AZ
ORD0001384,SHP001684,E004806,picked_up,2025-06-01 15:00:00,Seattle,FL
ORD0001400,SHP001551,E000869,label_created,2025-05-31 04:00:00,Phoenix,WA
ORD0000154,SHP000177,E000907,label_created,2025-11-26 16:00:00,Phoenix,IL
ORD0000148,SHP001748,E000717,in_transit,2025-04-05 15:00:00,Dallas,WA
ORD0001903,SHP000891,E000822,in_transit,2025-05-10 07:00:00,New York,NY
ORD0000562,SHP000672,E000329,in_transit,2025-01-24 04:00:00,Miami,NY
ORD0000036,SHP000295,E005123,in_transit,2025-07-30 18:00:00,Seattle,NY
ORD0000070,SHP000417,E003722,out_for_delivery,2025-05-08 13:00:00,New York,CA
ORD0001243,SHP001777,E003603,out_for_delivery,2025-09-29 00:00:00,Seattle,FL
ORD0001504,SHP001038,E001463,out_for_delivery,2025-03-12 10:00:00,Denver,FL
ORD0001473,SHP001272,E001243,in_transit,2025-11-11 09:00:00,New York,FL
ORD0000942,SHP001011,E003277,label_created,2025-04-16 20:00:00,Seattle,WA
ORD0000712,SHP000991,E000002,picked_up,2025-10-28 22:00:00,Dallas,TX
ORD0000937,SHP000312,E005613,in_transit,2025-05-18 10:00:00,Chicago,AZ
ORD0001792,SHP001605,E004745,label_created,2025-09-07 21:00:00,Seattle,AZ
ORD0001009,SHP001515,E005164,label_created,2025-03-08 08:00:00,Los Angeles,AZ
ORD0001669,SHP000644,E003939,out_for_delivery,2025-04-05 03:00:00,Los Angeles,IL
ORD0001475,SHP000596,E004762,in_transit,2025-01-30 05:00:00,Dallas,WA
ORD0001825,SHP000768,E005490,out_for_delivery,2025-04-28 07:00:00,Miami,FL
ORD0001889,SHP000195,E003482,label_created,2025-12-21 09:00:00,Chicago,FL
ORD0000332,SHP000864,E001024,exception,2025-01-09 00:00:00,Los Angeles,FL
ORD0001466,SHP000952,E000695,in_transit,2025-05-22 01:00:00,Los Angeles,AZ
ORD0001271,SHP000381,E003183,out_for_delivery,2025-03-12 22:00:00,Chicago,FL
ORD0002099,SHP001602,E000806,in_transit,2025-01-07 13:00:00,Phoenix,FL
ORD0001961,SHP000819,E002066,in_transit,2025-03-19 10:00:00,Seattle,AZ
ORD0000027,SHP000202,E000166,in_transit,2025-12-05 09:00:00,Phoenix,CA
ORD0001873,SHP001102,E002172,picked_up,2025-09-10 15:00:00,Phoenix,CO
ORD0000995,SHP000987,E002858,exception,2025-02-05 01:00:00,Dallas,IL
ORD0001686,SHP000381,E002623,in_transit,2025-10-13 07:00:00,Denver,IL
ORD0000647,SHP000572,E000294,delivered,2025-07-27 04:00:00,Phoenix,CO
ORD0001178,SHP000073,E003456,exception,2025-10-12 00:00:00,Dallas,AZ
ORD0000247,SHP001732,E003873,delivered,2025-02-09 00:00:00,Phoenix,TX
ORD0000890,SHP000467,E001133,in_transit,2025-11-17 17:00:00,Phoenix,TX
ORD0000188,SHP000849,E000832,out_for_delivery,2025-06-15 11:00:00,New York,CO
ORD0000931,SHP001753,E001040,picked_up,2025-06-04 11:00:00,Denver,NY
ORD0001907,SHP001198,E001458,label_created,2025-09-01 12:00:00,Chicago,FL
ORD0000854,SHP001159,E000747,in_transit,2025-06-12 23:00:00,Seattle,FL
ORD0001783,SHP001720,E002757,in_transit,2025-10-10 08:00:00,New York,CO
ORD0000335,SHP001364,E000958,picked_up,2025-02-26 14:00:00,Denver,AZ
ORD0000013,SHP000374,E004671,out_for_delivery,2025-10-25 09:00:00,Miami,FL
ORD0002045,SHP000316,E002725,picked_up,2025-01-13 03:00:00,Seattle,TX
ORD0000635,SHP000116,E002842,label_created,2025-07-24 22:00:00,Los Angeles,CO
ORD0001897,SHP001090,E002167,picked_up,2025-07-06 23:00:00,New York,IL
ORD0001278,SHP000066,E000579,out_for_delivery,2025-08-15 06:00:00,New York,CA
ORD0000356,SHP001494,E003509,picked_up,2025-05-09 08:00:00,Phoenix,NY
ORD0001102,SHP001312,E003477,out_for_delivery,2025-04-26 08:00:00,Miami,NY
ORD0000809,SHP000839,E003886,out_for_delivery,2025-08-07 23:00:00,Los Angeles,IL
ORD0001543,SHP001732,E005428,out_for_delivery,2025-06-06 03:00:00,Chicago,IL
ORD0001255,SHP000542,E002454,exception,2025-02-08 04:00:00,Denver,FL
ORD0001648,SHP001492,E001628,label_created,2025-05-21 08:00:00,Chicago,FL
ORD0001706,SHP000213,E003599,picked_up,2025-10-20 18:00:00,Dallas,IL
ORD0001216,SHP000097,E001913,label_created,2025-01-01 03:00:00,Miami,AZ
ORD0000962,SHP001727,E004568,in_transit,2025-03-28 23:00:00,Phoenix,TX
ORD0001288,SHP000397,E001260,delivered,2025-09-08 07:00:00,Phoenix,IL
ORD0001244,SHP001699,E005489,in_transit,2025-05-15 04:00:00,Denver,CO
ORD0000163,SHP000833,E004658,picked_up,2025-01-18 08:00:00,Los Angeles,FL
ORD0001710,SHP000553,E000449,picked_up,2025-03-20 22:00:00,Miami,IL
ORD0001479,SHP000007,E004686,out_for_delivery,2025-03-24 04:00:00,Phoenix,IL
ORD0000807,SHP000727,E002365,in_transit,2025-05-13 10:00:00,Miami,NY
ORD0001656,SHP001251,E004183,picked_up,2025-03-08 05:00:00,Los Angeles,AZ
ORD0001583,SHP000852,E001901,delivered,2025-06-22 00:00:00,Denver,TX
ORD0002113,SHP000690,E004596,out_for_delivery,2025-03-01 14:00:00,Miami,CO
ORD0000531,SHP001541,E001133,in_transit,2025-06-15 07:00:00,Dallas,NY
ORD0000676,SHP001495,E004461,in_transit,2025-07-08 00:00:00,Miami,WA
ORD0001406,SHP001024,E002771,delivered,2025-09-09 18:00:00,New York,WA
ORD0002082,SHP001409,E002693,picked_up,2025-08-26 04:00:00,Phoenix,TX
ORD0001562,SHP001475,E002844,in_transit,2025-06-14 09:00:00,New York,TX
ORD0001775,SHP001219,E002513,in_transit,2025-08-24 02:00:00,Los Angeles,TX
ORD0002076,SHP001227,E001262,in_transit,2025-11-03 11:00:00,Phoenix,AZ
ORD0002105,SHP000027,E001432,label_created,2025-11-25 18:00:00,Dallas,AZ
ORD0001271,SHP000977,E005405,in_transit,2025-03-09 13:00:00,Dallas,WA
ORD0000767,SHP000831,E002126,label_created,2025-03-05 11:00:00,Phoenix,IL
ORD0001500,SHP000032,E004448,in_transit,2025-08-10 10:00:00,Denver,CO
ORD0001342,SHP000485,E002356,in_transit,2025-05-31 10:00:00,Dallas,WA
ORD0000105,SHP001620,E002703,out_for_delivery,2025-04-11 01:00:00,Denver,CO
ORD0000145,SHP000339,E001403,delivered,2025-12-18 02:00:00,Phoenix,CA
ORD0000302,SHP000530,E002735,delivered,2025-05-18 23:00:00,Phoenix,TX
ORD0001439,SHP001479,E001059,label_created,2025-10-12 21:00:00,Seattle,AZ
ORD0000279,SHP001359,E004687,label_created,2025-02-28 20:00:00,Denver,CO
ORD0001092,SHP000458,E004701,delivered,2025-11-23 22:00:00,Seattle,NY
ORD0001783,SHP001720,E001468,in_transit,2025-11-17 02:00:00,Dallas,TX
ORD0001844,SHP000215,E004896,in_transit,2025-11-23 14:00:00,Seattle,FL
ORD0001062,SHP000662,E005051,in_transit,2025-10-29 14:00:00,Chicago,IL
ORD0002148,SHP001254,E001300,out_for_delivery,2025-02-06 06:00:00,Los Angeles,WA
ORD0000545,SHP000139,E005521,out_for_delivery,2025-08-22 11:00:00,Denver,FL
ORD0000358,SHP000519,E000388,delivered,2025-08-03 01:00:00,New York,IL
ORD0001232,SHP001248,E001322,in_transit,2025-08-01 04:00:00,Phoenix,WA
ORD0000900,SHP001638,E003657,picked_up,2025-06-04 04:00:00,Chicago,IL
ORD0001867,SHP000488,E003632,delivered,2025-01-28 08:00:00,Miami,AZ
ORD0001877,SHP000826,E003420,picked_up,2025-10-02 19:00:00,Seattle,FL
ORD0000250,SHP000596,E004281,delivered,2025-12-09 15:00:00,New York,NY
ORD0001763,SHP000784,E002544,picked_up,2025-07-23 20:00:00,Denver,CO
ORD0001798,SHP000879,E003439,delivered,2025-02-25 09:00:00,Dallas,TX
ORD0000791,SHP000789,E001824,delivered,2025-08-28 06:00:00,Dallas,WA
ORD0002062,SHP001764,E001363,delivered,2025-12-11 13:00:00,New York,CO
ORD0000425,SHP001703,E004053,delivered,2025-03-27 20:00:00,Seattle,TX
ORD0000387,SHP000264,E002524,label_created,2025-02-17 23:00:00,Los Angeles,TX
ORD0000872,SHP001232,E000642,in_transit,2025-12-21 13:00:00,Los Angeles,NY
ORD0000193,SHP000987,E002144,in_transit,2025-06-23 12:00:00,New York,NY
ORD0001627,SHP000459,E003206,out_for_delivery,2025-11-11 12:00:00,Seattle,CA
ORD0001901,SHP000537,E000969,out_for_delivery,2025-07-16 18:00:00,Los Angeles,TX
ORD0000574,SHP000641,E003191,picked_up,2025-01-09 06:00:00,Los Angeles,FL
ORD0000942,SHP001113,E001282,in_transit,2025-07-04 15:00:00,Miami,WA
ORD0000467,SHP000679,E000955,in_transit,2025-12-22 16:00:00,Los Angeles,WA
ORD0000982,SHP000093,E004057,picked_up,2025-04-18 08:00:00,New York,NY
ORD0001836,SHP000928,E000438,out_for_delivery,2025-05-26 04:00:00,Phoenix,IL
ORD0000581,SHP000049,E000876,in_transit,2025-03-11 07:00:00,Miami,CO
ORD0001681,SHP000910,E000845,delivered,2025-07-19 05:00:00,Phoenix,NY
ORD0001232,SHP001578,E001836,in_transit,2025-09-19 05:00:00,Phoenix,CO
ORD0000822,SHP001165,E004449,picked_up,2025-04-20 11:00:00,Dallas,TX
ORD0001265,SHP000413,E000292,delivered,2025-01-02 10:00:00,Los Angeles,IL
ORD0000617,SHP001517,E003901,picked_up,2025-05-21 15:00:00,Miami,IL
ORD0001379,SHP001698,E005228,picked_up,2025-03-26 15:00:00,Chicago,IL
ORD0001234,SHP000508,E003888,delivered,2025-11-20 01:00:00,Chicago,FL
ORD0000965,SHP000859,E005196,out_for_delivery,2025-08-23 22:00:00,Dallas,WA
ORD0001253,SHP000561,E004466,out_for_delivery,2025-05-07 23:00:00,New York,IL
ORD0002190,SHP001279,E004108,delivered,2025-07-03 05:00:00,Miami,CA
ORD0001311,SHP001309,E005200,delivered,2025-05-28 08:00:00,Seattle,WA
ORD0001156,SHP000380,E001900,out_for_delivery,2025-01-28 14:00:00,Seattle,IL
ORD0001075,SHP000001,E002517,in_transit,2025-11-08 11:00:00,Phoenix,WA
ORD0002195,SHP001520,E003876,label_created,2025-05-01 14:00:00,Miami,NY
ORD0001854,SHP001731,E000141,in_transit,2025-03-01 14:00:00,Miami,CA
ORD0000484,SHP001484,E002764,out_for_delivery,2025-09-13 21:00:00,Los Angeles,WA
ORD0000836,SHP000963,E004183,label_created,2025-02-11 20:00:00,Phoenix,IL
ORD0000238,SHP000015,E002897,picked_up,2025-03-29 19:00:00,Dallas,IL
ORD0000557,SHP000424,E005228,in_transit,2025-03-03 21:00:00,Denver,FL
ORD0001858,SHP000044,E004602,delivered,2025-01-29 14:00:00,Miami,CO
ORD0000191,SHP000311,E000682,picked_up,2025-04-15 12:00:00,Denver,TX
ORD0000467,SHP001703,E003959,label_created,2025-09-18 17:00:00,Chicago,NY
ORD0001344,SHP001459,E004697,delivered,2025-04-25 16:00:00,Seattle,CA
ORD0001150,SHP001258,E004792,out_for_delivery,2025-08-19 00:00:00,Seattle,TX
ORD0002066,SHP001656,E001803,delivered,2025-05-11 04:00:00,Miami,FL
ORD0001297,SHP000317,E000414,picked_up,2025-02-17 13:00:00,Los Angeles,TX
ORD0000575,SHP000402,E004889,exception,2025-06-06 20:00:00,Seattle,AZ
ORD0001500,SHP000032,E001509,picked_up,2025-12-17 10:00:00,Dallas,AZ
ORD0001154,SHP001537,E004887,picked_up,2025-10-26 11:00:00,Denver,NY
ORD0001711,SHP001442,E003315,delivered,2025-03-20 12:00:00,Phoenix,CO
ORD0001543,SHP001732,E005096,in_transit,2025-04-02 17:00:00,Phoenix,FL
ORD0001941,SHP001639,E005497,in_transit,2025-10-19 13:00:00,Seattle,CA
ORD0000338,SHP000662,E003193,in_transit,2025-12-02 12:00:00,Miami,FL
ORD0000568,SHP000271,E004544,picked_up,2025-07-12 16:00:00,Dallas,CA
ORD0000605,SHP000064,E001039,out_for_delivery,2025-07-01 22:00:00,Chicago,AZ
ORD0000087,SHP001241,E003132,label_created,2025-03-16 19:00:00,New York,AZ
ORD0001659,SHP001175,E005611,out_for_delivery,2025-04-14 11:00:00,Dallas,IL
ORD0000254,SHP000671,E005350,picked_up,2025-05-29 11:00:00,Dallas,FL
ORD0001945,SHP000052,E003771,picked_up,2025-03-24 20:00:00,Miami,FL
ORD0001534,SHP000961,E003159,in_transit,2025-11-28 06:00:00,Seattle,FL
ORD0000592,SHP000553,E004727,out_for_delivery,2025-07-06 23:00:00,Chicago,IL
ORD0001157,SHP000847,E003785,out_for_delivery,2025-04-16 11:00:00,New York,TX
ORD0002161,SHP001075,E004154,in_transit,2025-01-29 09:00:00,Miami,NY
ORD0000258,SHP000758,E001268,picked_up,2025-03-15 09:00:00,Los Angeles,NY
ORD0001413,SHP001111,E001119,out_for_delivery,2025-01-12 15:00:00,Miami,CO
ORD0001865,SHP000259,E003242,in_transit,2025-10-02 03:00:00,Los Angeles,WA
ORD0001825,SHP000693,E002064,label_created,2025-06-06 18:00:00,Phoenix,IL
ORD0000283,SHP000804,E003360,out_for_delivery,2025-02-06 05:00:00,Los Angeles,NY
ORD0000107,SHP000281,E001981,picked_up,2025-03-29 17:00:00,Miami,WA
ORD0000538,SHP001365,E002237,out_for_delivery,2025-08-19 15:00:00,Phoenix,FL
ORD0001857,SHP000846,E003681,delivered,2025-11-29 10:00:00,Los Angeles,CO
ORD0001575,SHP001527,E003575,out_for_delivery,2025-07-26 22:00:00,Miami,AZ
ORD0001000,SHP000257,E000992,out_for_delivery,2025-05-27 02:00:00,Dallas,FL
ORD0001879,SHP001069,E001831,out_for_delivery,2025-07-01 18:00:00,Seattle,AZ
ORD0000220,SHP001518,E003632,in_transit,2025-08-17 02:00:00,Los Angeles,CO
ORD0000611,SHP000694,E001773,picked_up,2025-06-26 00:00:00,Miami,AZ
ORD0000129,SHP001767,E002398,out_for_delivery,2025-04-12 04:00:00,Miami,FL
ORD0002013,SHP000538,E005314,out_for_delivery,2025-11-05 19:00:00,Chicago,WA
ORD0001091,SHP000919,E004728,label_created,2025-02-02 17:00:00,Dallas,IL
ORD0001552,SHP001298,E001936,delivered,2025-11-04 17:00:00,Los Angeles,IL
ORD0001347,SHP001366,E004084,delivered,2025-01-11 18:00:00,Dallas,CA
ORD0002033,SHP000522,E000227,out_for_delivery,2025-06-21 14:00:00,Denver,TX
ORD0000204,SHP000923,E005232,label_created,2025-06-04 00:00:00,Seattle,CO
ORD0002083,SHP000545,E001909,picked_up,2025-07-23 03:00:00,Miami,WA
ORD0000726,SHP001393,E002933,delivered,2025-11-18 07:00:00,Dallas,TX
ORD0001556,SHP001295,E002241,in_transit,2025-08-29 06:00:00,Chicago,NY
ORD0000209,SHP000048,E003634,in_transit,2025-08-23 10:00:00,Los Angeles,AZ
ORD0001150,SHP001258,E004396,in_transit,2025-09-02 09:00:00,Los Angeles,CO
ORD0000634,SHP001723,E004699,exception,2025-06-18 08:00:00,Los Angeles,AZ
ORD0001823,SHP001299,E005555,label_created,2025-03-01 08:00:00,Phoenix,CO
ORD0001363,SHP000549,E001668,out_for_delivery,2025-06-18 12:00:00,Los Angeles,WA
ORD0001664,SHP001603,E000895,in_transit,2025-02-26 04:00:00,Chicago,CO
ORD0000024,SHP000785,E004838,in_transit,2025-12-23 21:00:00,Dallas,FL
ORD0000752,SHP000652,E001571,picked_up,2025-05-19 01:00:00,Los Angeles,AZ
ORD0000095,SHP001124,E001090,in_transit,2025-12-01 22:00:00,Los Angeles,FL
ORD0001981,SHP000042,E000560,picked_up,2025-12-24 15:00:00,Los Angeles,FL
ORD0000862,SHP001376,E001898,label_created,2025-06-12 23:00:00,Phoenix,IL
ORD0000988,SHP000734,E000322,label_created,2025-07-17 23:00:00,Los Angeles,IL
ORD0001836,SHP000893,E005608,in_transit,2025-05-14 20:00:00,Phoenix,NY
ORD0000508,SHP001191,E005000,in_transit,2025-01-09 01:00:00,Dallas,CA
ORD0001188,SHP001370,E005515,in_transit,2025-01-29 02:00:00,Seattle,AZ
ORD0001921,SHP000120,E000074,delivered,2025-09-09 14:00:00,Denver,IL
ORD0001055,SHP000049,E005184,picked_up,2025-12-28 06:00:00,Miami,FL
ORD0001745,SHP001746,E000640,out_for_delivery,2025-09-30 22:00:00,Denver,CA
ORD0001952,SHP000252,E000306,exception,2025-01-17 11:00:00,Denver,CA
ORD0002119,SHP000259,E004546,in_transit,2025-09-24 19:00:00,New York,WA
ORD0001930,SHP001032,E003228,picked_up,2025-12-13 23:00:00,Chicago,AZ
ORD0000451,SHP000891,E002993,picked_up,2025-09-23 21:00:00,Chicago,CO
ORD0000796,SHP001151,E001405,out_for_delivery,2025-12-30 00:00:00,Dallas,NY
ORD0000168,SHP001623,E000826,in_transit,2025-03-25 06:00:00,Phoenix,CO
ORD0001361,SHP000818,E004339,in_transit,2025-02-03 18:00:00,Los Angeles,NY
ORD0001271,SHP000302,E003149,in_transit,2025-10-05 06:00:00,Los Angeles,TX
ORD0002037,SHP001077,E000434,delivered,2025-03-02 10:00:00,Seattle,CO
ORD0000900,SHP001383,E002718,delivered,2025-09-10 17:00:00,Miami,CA
ORD0001555,SHP001674,E004104,in_transit,2025-06-18 16:00:00,Los Angeles,TX
ORD0000193,SHP000987,E003807,delivered,2025-08-21 08:00:00,Dallas,FL
ORD0001648,SHP001545,E002655,in_transit,2025-04-05 12:00:00,Seattle,NY
ORD0000274,SHP000024,E001425,in_transit,2025-10-13 07:00:00,Phoenix,IL
ORD0001256,SHP001429,E003445,label_created,2025-02-21 07:00:00,Miami,WA
ORD0001067,SHP001157,E005256,picked_up,2025-03-12 06:00:00,Phoenix,AZ
ORD0000057,SHP000307,E004572,picked_up,2025-02-10 19:00:00,Dallas,TX
ORD0001399,SHP001474,E000820,in_transit,2025-06-01 16:00:00,Dallas,AZ
ORD0001551,SHP001379,E001320,in_transit,2025-11-03 12:00:00,Los Angeles,FL
ORD0000968,SHP001357,E004611,in_transit,2025-10-20 08:00:00,Miami,CA
ORD0001615,SHP000013,E003804,out_for_delivery,2025-03-25 04:00:00,Chicago,IL
ORD0000273,SHP000740,E004758,delivered,2025-07-27 16:00:00,Dallas,AZ
ORD0001984,SHP001335,E000447,picked_up,2025-07-16 02:00:00,Miami,NY
ORD0001653,SHP000866,E000095,out_for_delivery,2025-10-11 01:00:00,Denver,IL
ORD0001685,SHP000162,E005259,out_for_delivery,2025-02-19 16:00:00,Chicago,IL
ORD0000615,SHP000333,E000693,out_for_delivery,2025-05-02 20:00:00,Chicago,IL
ORD0001467,SHP001274,E001385,delivered,2025-06-06 05:00:00,Miami,AZ
ORD0001629,SHP000791,E000147,picked_up,2025-12-23 02:00:00,Denver,NY
ORD0001130,SHP001098,E005347,delivered,2025-11-15 08:00:00,Miami,IL
ORD0000168,SHP000036,E001631,exception,2025-12-15 10:00:00,Miami,TX
ORD0001078,SHP000575,E001295,picked_up,2025-04-12 06:00:00,Miami,NY
ORD0001144,SHP001742,E005305,picked_up,2025-11-20 23:00:00,Los Angeles,WA
ORD0000427,SHP000676,E005020,in_transit,2025-07-26 21:00:00,Denver,CA
ORD0002192,SHP000741,E003881,delivered,2025-02-09 18:00:00,New York,FL
ORD0001288,SHP000512,E004559,out_for_delivery,2025-12-23 15:00:00,Chicago,FL
ORD0001969,SHP000259,E004237,in_transit,2025-10-28 02:00:00,Phoenix,CO
ORD0001104,SHP001571,E002692,in_transit,2025-05-13 20:00:00,Dallas,CO
ORD0002136,SHP001408,E000968,label_created,2025-07-27 11:00:00,Denver,FL
ORD0002161,SHP001075,E001589,in_transit,2025-04-05 15:00:00,Seattle,CO
ORD0000665,SHP001068,E000602,in_transit,2025-04-22 23:00:00,Denver,AZ
ORD0001553,SHP000902,E003802,in_transit,2025-08-02 03:00:00,Los Angeles,CO
ORD0001825,SHP000708,E003318,delivered,2025-09-17 20:00:00,Miami,NY
ORD0001560,SHP001548,E000065,label_created,2025-01-28 09:00:00,Los Angeles,CO
ORD0000022,SHP000245,E000006,in_transit,2025-01-10 02:00:00,Dallas,CA
ORD0001689,SHP001282,E003954,label_created,2025-12-02 08:00:00,Dallas,CO
ORD0000935,SHP000006,E002332,in_transit,2025-06-10 08:00:00,Seattle,CA
ORD0001591,SHP000657,E001409,exception,2025-02-22 07:00:00,Los Angeles,NY
ORD0001613,SHP001057,E003171,in_transit,2025-04-12 22:00:00,Los Angeles,IL
ORD0000564,SHP001343,E001688,label_created,2025-06-14 20:00:00,New York,FL
ORD0000130,SHP000457,E000138,out_for_delivery,2025-07-15 00:00:00,Phoenix,TX
ORD0000249,SHP000913,E005134,in_transit,2025-10-11 09:00:00,Dallas,CA
ORD0001956,SHP000175,E003512,out_for_delivery,2025-01-03 06:00:00,Dallas,TX
ORD0000962,SHP001030,E000562,delivered,2025-07-13 04:00:00,Phoenix,CA
ORD0000442,SHP001125,E001934,in_transit,2025-09-04 04:00:00,Miami,NY
ORD0002136,SHP000227,E001213,picked_up,2025-10-23 11:00:00,Los Angeles,WA
ORD0000956,SHP000491,E003883,in_transit,2025-09-05 15:00:00,Dallas,AZ
ORD0000054,SHP000835,E000523,picked_up,2025-04-21 06:00:00,Los Angeles,CA
ORD0000068,SHP001441,E005039,in_transit,2025-06-27 11:00:00,Phoenix,TX
ORD0002142,SHP001253,E001026,exception,2025-04-11 22:00:00,Denver,AZ
ORD0001969,SHP000905,E001556,in_transit,2025-05-08 16:00:00,Denver,CA
ORD0001313,SHP001507,E002197,in_transit,2025-01-21 07:00:00,Chicago,AZ
ORD0000142,SHP001704,E003409,label_created,2025-04-03 23:00:00,Los Angeles,CO
ORD0001546,SHP001014,E000371,delivered,2025-02-07 22:00:00,Chicago,AZ
ORD0000271,SHP000432,E002136,in_transit,2025-04-03 22:00:00,Denver,CA
ORD0000240,SHP000810,E004667,delivered,2025-10-02 23:00:00,Los Angeles,AZ
ORD0000869,SHP000148,E005235,in_transit,2025-10-24 11:00:00,Los Angeles,WA
ORD0000695,SHP001597,E004891,label_created,2025-10-02 17:00:00,Miami,NY
ORD0000917,SHP001149,E002265,in_transit,2025-04-08 20:00:00,Seattle,IL
ORD0002117,SHP001768,E001644,out_for_delivery,2025-04-15 02:00:00,Seattle,CA
ORD0000966,SHP000779,E000833,exception,2025-04-03 09:00:00,Denver,CO
ORD0000858,SHP001070,E000548,picked_up,2025-05-23 04:00:00,Miami,AZ
ORD0002168,SHP001331,E000922,picked_up,2025-03-01 10:00:00,New York,AZ
ORD0002044,SHP001031,E005633,in_transit,2025-03-22 19:00:00,Los Angeles,FL
ORD0001153,SHP001540,E005474,in_transit,2025-10-11 09:00:00,Denver,TX
ORD0000732,SHP000687,E001282,delivered,2025-04-12 09:00:00,Dallas,FL
ORD0000605,SHP000094,E002152,in_transit,2025-01-21 05:00:00,Dallas,TX
ORD0001548,SHP001179,E004209,label_created,2025-09-17 14:00:00,Los Angeles,IL
ORD0000139,SHP000847,E001974,delivered,2025-02-25 05:00:00,New York,CO
ORD0001085,SHP001140,E000595,delivered,2025-10-30 07:00:00,New York,TX
ORD0001461,SHP001447,E004514,picked_up,2025-10-29 10:00:00,New York,CA
ORD0001441,SHP001245,E002208,picked_up,2025-06-29 00:00:00,Miami,NY
ORD0001664,SHP001603,E004170,label_created,2025-05-21 04:00:00,New York,AZ
ORD0000559,SHP000584,E004930,label_created,2025-04-21 17:00:00,Chicago,CA
ORD0000285,SHP000556,E001033,in_transit,2025-09-05 10:00:00,Chicago,CA
ORD0000851,SHP001622,E003273,picked_up,2025-01-22 16:00:00,Phoenix,AZ
ORD0000882,SHP000501,E003131,picked_up,2025-05-19 08:00:00,Miami,NY
ORD0002082,SHP001409,E004821,in_transit,2025-12-13 23:00:00,New York,TX
ORD0000617,SHP001517,E003163,in_transit,2025-10-28 18:00:00,New York,NY
ORD0001905,SHP000917,E004475,in_transit,2025-06-12 11:00:00,Miami,CA
ORD0001647,SHP001177,E001708,in_transit,2025-07-27 00:00:00,Denver,NY
ORD0001716,SHP000336,E002440,picked_up,2025-03-26 17:00:00,Miami,NY
ORD0001131,SHP000292,E005060,in_transit,2025-03-28 03:00:00,New York,TX
ORD0001047,SHP000429,E003564,picked_up,2025-07-15 14:00:00,Phoenix,AZ
ORD0001858,SHP000401,E004624,label_created,2025-10-29 07:00:00,Dallas,AZ
ORD0000324,SHP000795,E002570,label_created,2025-12-04 10:00:00,Dallas,NY
ORD0000480,SHP000310,E004768,in_transit,2025-01-04 15:00:00,Chicago,WA
ORD0000735,SHP001126,E005091,label_created,2025-01-05 03:00:00,Denver,FL
ORD0000260,SHP000141,E005617,picked_up,2025-05-10 13:00:00,Seattle,FL
ORD0001694,SHP000276,E003361,out_for_delivery,2025-08-31 18:00:00,Phoenix,IL
ORD0001596,SHP000657,E004757,out_for_delivery,2025-08-30 16:00:00,Miami,IL
ORD0001331,SHP000553,E000342,picked_up,2025-04-19 19:00:00,Los Angeles,NY
ORD0001308,SHP000776,E000712,picked_up,2025-05-26 23:00:00,Miami,WA
ORD0002001,SHP000822,E003232,picked_up,2025-01-31 19:00:00,Denver,IL
ORD0001803,SHP001637,E005148,picked_up,2025-08-18 00:00:00,Denver,WA
ORD0002039,SHP000270,E000651,picked_up,2025-04-28 11:00:00,Dallas,CO
ORD0002011,SHP000912,E003711,in_transit,2025-07-11 16:00:00,Seattle,NY
ORD0001720,SHP000447,E000918,delivered,2025-07-13 05:00:00,Los Angeles,WA
ORD0002108,SHP000392,E004438,out_for_delivery,2025-07-05 16:00:00,Denver,CO
ORD0002074,SHP000841,E005094,picked_up,2025-01-10 07:00:00,Chicago,AZ
ORD0001963,SHP000982,E002207,picked_up,2025-04-20 19:00:00,Seattle,CO
ORD0000723,SHP001125,E000379,in_transit,2025-11-21 00:00:00,New York,AZ
ORD0000607,SHP000455,E000702,delivered,2025-11-19 00:00:00,Los Angeles,CO
ORD0000917,SHP001270,E002926,picked_up,2025-09-01 15:00:00,New York,CO
ORD0000220,SHP001719,E004402,exception,2025-12-06 11:00:00,Chicago,WA
ORD0001992,SHP000095,E000361,picked_up,2025-09-24 10:00:00,Miami,FL
ORD0001318,SHP000595,E002117,delivered,2025-12-27 05:00:00,Phoenix,NY
ORD0001254,SHP001286,E003697,in_transit,2025-04-13 15:00:00,New York,CA
ORD0000795,SHP000543,E005640,in_transit,2025-07-12 07:00:00,Chicago,NY
ORD0001683,SHP000573,E003520,in_transit,2025-05-16 03:00:00,Miami,CO
ORD0001552,SHP000845,E001766,picked_up,2025-12-14 07:00:00,Denver,NY
ORD0001846,SHP000164,E004969,delivered,2025-04-04 13:00:00,Los Angeles,IL
ORD0000619,SHP000611,E000855,picked_up,2025-12-29 03:00:00,Los Angeles,TX
ORD0000692,SHP001671,E004269,in_transit,2025-01-11 10:00:00,Los Angeles,CA
ORD0000401,SHP000530,E000700,delivered,2025-11-30 08:00:00,Chicago,CA
ORD0001899,SHP001470,E002298,out_for_delivery,2025-12-03 06:00:00,Denver,CA
ORD0002133,SHP001175,E005121,delivered,2025-08-10 18:00:00,Los Angeles,IL
ORD0001466,SHP000443,E002803,in_transit,2025-08-09 10:00:00,Dallas,CO
ORD0001830,SHP001001,E001684,picked_up,2025-12-09 11:00:00,Chicago,AZ
ORD0002179,SHP001148,E004059,in_transit,2025-07-03 02:00:00,Chicago,FL
ORD0001460,SHP000248,E001242,picked_up,2025-06-20 21:00:00,Miami,WA
ORD0001054,SHP001217,E000435,in_transit,2025-04-21 04:00:00,Chicago,WA
ORD0000320,SHP001265,E000672,picked_up,2025-12-22 07:00:00,Seattle,CO
ORD0001308,SHP000004,E004023,delivered,2025-11-20 00:00:00,Dallas,TX
ORD0001101,SHP000784,E001262,in_transit,2025-05-22 14:00:00,New York,IL
ORD0001758,SHP000038,E004070,label_created,2025-05-29 05:00:00,Miami,AZ
ORD0001017,SHP000899,E001716,in_transit,2025-04-27 20:00:00,Phoenix,IL
ORD0001627,SHP000883,E004396,in_transit,2025-03-16 11:00:00,Dallas,NY
ORD0001840,SHP000444,E003451,in_transit,2025-02-07 02:00:00,Miami,NY
ORD0000413,SHP001259,E005339,in_transit,2025-03-30 08:00:00,Dallas,WA
ORD0000582,SHP000534,E002707,label_created,2025-04-28 01:00:00,Dallas,IL
ORD0000682,SHP000837,E001990,delivered,2025-05-17 12:00:00,New York,TX
ORD0001809,SHP000758,E003777,delivered,2025-10-08 12:00:00,Dallas,FL
ORD0001899,SHP001276,E000031,label_created,2025-01-17 05:00:00,Los Angeles,TX
ORD0001279,SHP000585,E003304,out_for_delivery,2025-09-19 04:00:00,Chicago,AZ
ORD0000020,SHP000707,E000094,delivered,2025-08-20 03:00:00,New York,NY
ORD0000873,SHP000599,E003762,delivered,2025-03-10 15:00:00,Denver,TX
ORD0000349,SHP001759,E004115,delivered,2025-01-15 05:00:00,Miami,CO
ORD0001422,SHP000849,E002115,picked_up,2025-08-27 09:00:00,Miami,WA
ORD0001933,SHP001119,E001742,in_transit,2025-11-21 00:00:00,Dallas,CA
ORD0000945,SHP000396,E005408,in_transit,2025-02-26 01:00:00,Dallas,TX
ORD0001600,SHP000747,E004892,picked_up,2025-11-09 23:00:00,Chicago,CA
ORD0001667,SHP001135,E001785,picked_up,2025-09-06 07:00:00,New York,IL
ORD0001262,SHP001475,E003616,label_created,2025-02-03 22:00:00,Denver,IL
ORD0001383,SHP000983,E003581,in_transit,2025-01-03 19:00:00,Los Angeles,WA
ORD0002119,SHP001638,E000936,picked_up,2025-01-26 23:00:00,Chicago,FL
ORD0000252,SHP001380,E003728,picked_up,2025-07-09 07:00:00,Dallas,CA
ORD0000614,SHP000011,E001842,exception,2025-02-25 06:00:00,Seattle,CO
ORD0000158,SHP000916,E002590,delivered,2025-08-14 09:00:00,Denver,CO
ORD0001327,SHP000298,E005676,picked_up,2025-07-03 12:00:00,New York,NY
ORD0001192,SHP001433,E002376,out_for_delivery,2025-08-26 08:00:00,Los Angeles,AZ
ORD0000211,SHP000175,E001289,out_for_delivery,2025-12-30 09:00:00,Phoenix,TX
ORD0001609,SHP000943,E002639,in_transit,2025-10-08 04:00:00,Seattle,CA
ORD0000462,SHP000777,E004901,in_transit,2025-08-02 08:00:00,Phoenix,CO
ORD0000052,SHP000570,E004146,in_transit,2025-08-31 00:00:00,Denver,NY
ORD0002107,SHP001493,E004510,delivered,2025-05-07 02:00:00,Dallas,CA
ORD0000573,SHP001060,E002255,picked_up,2025-04-10 13:00:00,New York,NY
ORD0001130,SHP001160,E000861,label_created,2025-07-10 01:00:00,Denver,CO
ORD0001202,SHP000283,E004197,in_transit,2025-11-21 07:00:00,Chicago,CA
ORD0000012,SHP001272,E002592,delivered,2025-07-24 11:00:00,Los Angeles,CA
ORD0000374,SHP001010,E000943,out_for_delivery,2025-07-22 12:00:00,Denver,TX
ORD0002059,SHP001392,E005252,label_created,2025-04-24 17:00:00,New York,WA
ORD0001006,SHP001391,E004646,in_transit,2025-08-25 10:00:00,Miami,TX
ORD0000686,SHP000961,E001237,delivered,2025-01-05 02:00:00,Denver,FL
ORD0001425,SHP001301,E002988,label_created,2025-11-21 20:00:00,Miami,TX
ORD0001224,SHP000153,E004968,out_for_delivery,2025-11-14 18:00:00,Dallas,CA
ORD0001945,SHP001586,E002345,in_transit,2025-02-09 00:00:00,Dallas,NY
ORD0000442,SHP000590,E005261,delivered,2025-06-02 05:00:00,Chicago,WA
ORD0001681,SHP000910,E002610,exception,2025-04-27 01:00:00,Dallas,WA
ORD0000333,SHP000674,E004958,picked_up,2025-02-25 05:00:00,Phoenix,CA
ORD0000945,SHP000396,E001882,out_for_delivery,2025-12-21 20:00:00,Chicago,TX
ORD0000746,SHP000091,E005150,label_created,2025-10-19 17:00:00,Phoenix,CO
ORD0001987,SHP001265,E004896,in_transit,2025-02-10 21:00:00,Dallas,FL
ORD0001313,SHP001089,E001318,in_transit,2025-01-07 07:00:00,Chicago,CO
ORD0002024,SHP001299,E003088,in_transit,2025-04-01 05:00:00,Phoenix,IL
ORD0001652,SHP000081,E000797,exception,2025-07-30 15:00:00,Miami,NY
ORD0002171,SHP001242,E003619,in_transit,2025-09-06 17:00:00,Los Angeles,FL
ORD0000750,SHP001324,E001356,delivered,2025-11-08 10:00:00,Chicago,CA
ORD0000722,SHP001245,E004364,out_for_delivery,2025-11-04 05:00:00,Chicago,IL
ORD0000175,SHP000371,E001072,out_for_delivery,2025-03-13 08:00:00,Chicago,NY
ORD0001278,SHP001749,E003471,in_transit,2025-04-06 16:00:00,Phoenix,NY
ORD0002140,SHP000621,E003862,in_transit,2025-11-15 12:00:00,Dallas,AZ
ORD0000494,SHP000826,E000061,label_created,2025-12-26 13:00:00,Seattle,WA
ORD0001177,SHP000018,E000598,picked_up,2025-01-27 08:00:00,Chicago,WA
ORD0001732,SHP001038,E001513,picked_up,2025-07-28 02:00:00,Phoenix,TX
ORD0002027,SHP000294,E003644,label_created,2025-02-04 13:00:00,New York,TX
ORD0000625,SHP000026,E003505,label_created,2025-11-03 13:00:00,New York,CA
ORD0000996,SHP001305,E000165,label_created,2025-05-20 18:00:00,Denver,IL
ORD0000759,SHP000996,E004114,out_for_delivery,2025-01-20 19:00:00,Miami,FL
ORD0000210,SHP001147,E001785,in_transit,2025-09-22 02:00:00,New York,FL
ORD0000140,SHP001471,E004186,label_created,2025-11-15 03:00:00,Dallas,WA
ORD0001835,SHP000217,E000491,in_transit,2025-04-21 05:00:00,Chicago,CO
ORD0002166,SHP000427,E001536,label_created,2025-06-14 17:00:00,Chicago,AZ
ORD0000561,SHP001703,E000992,exception,2025-05-13 13:00:00,Chicago,CA
ORD0001911,SHP001409,E001901,delivered,2025-10-19 20:00:00,Los Angeles,AZ
ORD0000470,SHP001609,E001191,in_transit,2025-03-18 01:00:00,New York,FL
ORD0000480,SHP000036,E000125,picked_up,2025-03-13 20:00:00,Seattle,AZ
ORD0001118,SHP000423,E001701,delivered,2025-11-04 02:00:00,Chicago,WA
ORD0001349,SHP000942,E002026,in_transit,2025-01-24 20:00:00,Miami,FL
ORD0000703,SHP000877,E001257,in_transit,2025-11-25 21:00:00,Los Angeles,AZ
ORD0000545,SHP001362,E003022,out_for_delivery,2025-08-29 03:00:00,Chicago,FL
ORD0000732,SHP000687,E004373,in_transit,2025-02-19 22:00:00,Miami,TX
ORD0000492,SHP000324,E003263,delivered,2025-01-26 23:00:00,New York,IL
ORD0001564,SHP001165,E004508,delivered,2025-05-06 01:00:00,Los Angeles,WA
ORD0001858,SHP000044,E003707,label_created,2025-04-11 01:00:00,Chicago,WA
ORD0001653,SHP001593,E002639,in_transit,2025-03-09 02:00:00,Chicago,NY
ORD0000619,SHP000611,E002570,label_created,2025-04-27 09:00:00,Dallas,CA
ORD0000367,SHP000086,E002756,picked_up,2025-07-16 04:00:00,Seattle,NY
ORD0001313,SHP000994,E002859,delivered,2025-01-03 04:00:00,New York,CA
ORD0001641,SHP001176,E002107,label_created,2025-09-22 12:00:00,Seattle,TX
ORD0001338,SHP000435,E005360,in_transit,2025-11-09 00:00:00,Seattle,CA
ORD0001278,SHP001610,E002216,in_transit,2025-09-24 09:00:00,Denver,CA
ORD0001148,SHP000588,E005510,out_for_delivery,2025-05-05 21:00:00,Los Angeles,CO
ORD0002156,SHP001132,E002671,delivered,2025-06-28 02:00:00,Dallas,AZ
ORD0001498,SHP000049,E000630,in_transit,2025-09-11 14:00:00,Los Angeles,AZ
ORD0000302,SHP000530,E005092,picked_up,2025-12-02 19:00:00,Denver,CO
ORD0002030,SHP001298,E001324,in_transit,2025-03-27 16:00:00,Denver,IL
ORD0001556,SHP001295,E004890,picked_up,2025-08-28 04:00:00,Miami,AZ
ORD0000757,SHP001606,E001717,exception,2025-11-12 10:00:00,Dallas,TX
ORD0000903,SHP000819,E003145,in_transit,2025-04-29 10:00:00,Phoenix,FL
ORD0000479,SHP001340,E002074,in_transit,2025-11-22 23:00:00,New York,NY
ORD0001944,SHP001534,E005367,in_transit,2025-03-15 20:00:00,Denver,FL
ORD0002011,SHP000548,E002115,label_created,2025-04-30 19:00:00,Seattle,CA
ORD0001619,SHP000057,E000530,label_created,2025-02-01 03:00:00,Denver,CA
ORD0000351,SHP000802,E000722,picked_up,2025-12-27 08:00:00,New York,FL
ORD0001658,SHP001750,E001520,picked_up,2025-06-22 11:00:00,Los Angeles,IL
ORD0001553,SHP001625,E000120,in_transit,2025-05-18 19:00:00,Seattle,AZ
ORD0001438,SHP000252,E000442,label_created,2025-12-12 09:00:00,Los Angeles,FL
ORD0001333,SHP001441,E001490,picked_up,2025-07-04 00:00:00,Los Angeles,CO
ORD0000900,SHP001118,E000661,delivered,2025-10-01 23:00:00,Chicago,FL
ORD0001233,SHP000672,E004589,in_transit,2025-11-24 08:00:00,New York,CA
ORD0000216,SHP001379,E003738,picked_up,2025-05-05 11:00:00,New York,WA
ORD0000391,SHP001248,E003133,delivered,2025-01-09 08:00:00,Denver,WA
ORD0000765,SHP001756,E002300,in_transit,2025-05-24 00:00:00,Seattle,CO
ORD0000282,SHP001091,E004395,in_transit,2025-12-19 17:00:00,Dallas,TX
ORD0001853,SHP000246,E001342,picked_up,2025-11-23 20:00:00,Chicago,CA
ORD0000007,SHP001565,E000590,in_transit,2025-12-16 02:00:00,Los Angeles,WA
ORD0001223,SHP000556,E003015,in_transit,2025-06-19 00:00:00,Seattle,CO
ORD0001289,SHP000704,E002733,in_transit,2025-05-09 21:00:00,New York,CA
ORD0000844,SHP000791,E000141,delivered,2025-10-29 03:00:00,Seattle,AZ
ORD0000806,SHP000458,E000836,in_transit,2025-02-21 20:00:00,Phoenix,FL
ORD0001944,SHP001534,E000753,in_transit,2025-08-12 01:00:00,Phoenix,CO
ORD0000019,SHP000194,E002155,picked_up,2025-02-17 08:00:00,Chicago,CA
ORD0001419,SHP001661,E003486,in_transit,2025-01-11 21:00:00,Chicago,AZ
ORD0000621,SHP000271,E004858,delivered,2025-03-29 21:00:00,New York,CA
ORD0002145,SHP000739,E003918,in_transit,2025-09-05 12:00:00,Dallas,IL
ORD0001459,SHP000816,E001109,in_transit,2025-01-24 02:00:00,New York,AZ
ORD0000584,SHP001164,E001346,in_transit,2025-03-26 13:00:00,Seattle,WA
ORD0001638,SHP001722,E004940,in_transit,2025-05-02 17:00:00,Dallas,CO
ORD0001342,SHP001238,E000264,in_transit,2025-07-23 05:00:00,Los Angeles,WA
ORD0000261,SHP000424,E005314,in_transit,2025-04-10 01:00:00,Phoenix,TX
ORD0000600,SHP000619,E005206,delivered,2025-07-26 07:00:00,Seattle,NY
ORD0001229,SHP000569,E001980,in_transit,2025-12-03 03:00:00,Denver,AZ
ORD0000029,SHP000499,E003584,in_transit,2025-02-28 12:00:00,Los Angeles,FL
ORD0000617,SHP001201,E005557,in_transit,2025-10-29 02:00:00,Chicago,TX
ORD0001487,SHP000620,E000337,in_transit,2025-08-03 14:00:00,Denver,WA
ORD0001207,SHP000941,E004862,out_for_delivery,2025-10-30 21:00:00,Phoenix,NY
ORD0001575,SHP000882,E002186,label_created,2025-08-07 22:00:00,Seattle,TX
ORD0001850,SHP000886,E002997,delivered,2025-03-12 01:00:00,Denver,CO
ORD0000669,SHP001170,E005431,in_transit,2025-12-05 01:00:00,Seattle,AZ
ORD0001637,SHP000162,E000836,in_transit,2025-10-14 22:00:00,Seattle,CO
ORD0001093,SHP000821,E000379,exception,2025-09-22 05:00:00,Los Angeles,CA
ORD0000831,SHP000094,E005674,exception,2025-02-21 21:00:00,Los Angeles,AZ
ORD0001014,SHP000044,E003988,label_created,2025-11-21 01:00:00,Miami,NY
ORD0000549,SHP001343,E005518,delivered,2025-12-10 08:00:00,Phoenix,CA
ORD0000309,SHP001304,E000937,out_for_delivery,2025-04-16 03:00:00,Denver,TX
ORD0002131,SHP001063,E004052,in_transit,2025-07-19 22:00:00,Phoenix,NY
ORD0000029,SHP001291,E002082,in_transit,2025-02-26 09:00:00,Denver,CA
ORD0000806,SHP000493,E000898,out_for_delivery,2025-06-22 14:00:00,Denver,IL
ORD0001947,SHP000275,E002606,picked_up,2025-08-10 14:00:00,Phoenix,NY
ORD0001615,SHP001591,E004196,label_created,2025-03-14 22:00:00,Miami,WA
ORD0000900,SHP001638,E005070,in_transit,2025-12-10 03:00:00,Chicago,IL
ORD0001810,SHP000586,E003981,delivered,2025-05-17 10:00:00,Dallas,CA
ORD0000438,SHP001738,E000468,label_created,2025-02-25 15:00:00,Chicago,CA
ORD0000856,SHP000526,E005248,delivered,2025-10-24 01:00:00,Dallas,CO
ORD0001620,SHP001115,E003935,picked_up,2025-04-25 09:00:00,Los Angeles,CA
ORD0001802,SHP000677,E002741,delivered,2025-07-07 00:00:00,Phoenix,CA
ORD0000081,SHP000646,E000129,in_transit,2025-03-23 16:00:00,Phoenix,FL
ORD0001112,SHP001616,E003872,picked_up,2025-05-24 22:00:00,Dallas,TX
ORD0001860,SHP000927,E001444,picked_up,2025-02-18 07:00:00,Miami,CA
ORD0001487,SHP001132,E002530,out_for_delivery,2025-11-25 07:00:00,Chicago,CA
ORD0001688,SHP000873,E003770,in_transit,2025-03-18 07:00:00,Seattle,FL
ORD0002014,SHP001380,E002378,in_transit,2025-01-26 18:00:00,Miami,CA
ORD0001809,SHP000816,E004177,out_for_delivery,2025-04-16 12:00:00,Chicago,CA
ORD0002175,SHP001151,E002755,picked_up,2025-09-03 20:00:00,Dallas,CO
ORD0001209,SHP001186,E000680,out_for_delivery,2025-10-31 15:00:00,New York,AZ
ORD0000865,SHP001131,E002771,in_transit,2025-12-04 16:00:00,Dallas,CA
ORD0000151,SHP000309,E001670,exception,2025-10-02 22:00:00,Los Angeles,FL
ORD0001467,SHP001274,E003043,delivered,2025-02-10 20:00:00,Denver,NY
ORD0000311,SHP000844,E001287,delivered,2025-07-03 19:00:00,Phoenix,FL
ORD0001900,SHP000322,E004421,delivered,2025-11-23 01:00:00,Los Angeles,IL
ORD0000244,SHP001784,E001613,out_for_delivery,2025-12-27 08:00:00,Miami,WA
ORD0001294,SHP000376,E005533,delivered,2025-07-26 04:00:00,Miami,AZ
ORD0001214,SHP000815,E003082,in_transit,2025-10-17 18:00:00,Seattle,IL
ORD0001699,SHP000428,E000857,picked_up,2025-09-19 23:00:00,Los Angeles,FL
ORD0001116,SHP000090,E004921,in_transit,2025-04-30 16:00:00,Dallas,WA
ORD0001894,SHP001698,E000164,label_created,2025-11-24 02:00:00,Seattle,WA
ORD0002009,SHP000805,E000854,in_transit,2025-11-08 06:00:00,Dallas,FL
ORD0000674,SHP000893,E005252,in_transit,2025-02-20 06:00:00,Miami,NY
ORD0001440,SHP001348,E004672,exception,2025-07-03 03:00:00,Seattle,IL
ORD0000734,SHP000940,E003687,picked_up,2025-10-18 03:00:00,Dallas,FL
ORD0000517,SHP000396,E003699,delivered,2025-12-19 20:00:00,Los Angeles,WA
ORD0000345,SHP001089,E004508,in_transit,2025-03-29 21:00:00,Chicago,FL
ORD0000543,SHP001327,E003853,in_transit,2025-01-10 07:00:00,Denver,CO
ORD0001342,SHP000367,E000045,in_transit,2025-05-23 10:00:00,Seattle,WA
ORD0001501,SHP001608,E001396,in_transit,2025-04-24 00:00:00,Chicago,FL
ORD0000336,SHP001487,E004394,picked_up,2025-05-04 01:00:00,Phoenix,IL
ORD0001003,SHP001764,E003551,in_transit,2025-12-10 07:00:00,Seattle,FL
ORD0000513,SHP001354,E005358,out_for_delivery,2025-07-01 05:00:00,Dallas,WA
ORD0000007,SHP001721,E002839,out_for_delivery,2025-05-19 17:00:00,Chicago,IL
ORD0000054,SHP000835,E001858,delivered,2025-08-01 23:00:00,Los Angeles,NY
ORD0000361,SHP000198,E005390,in_transit,2025-02-28 00:00:00,Dallas,IL
ORD0001031,SHP001032,E003712,in_transit,2025-07-23 16:00:00,Miami,AZ
ORD0001255,SHP000542,E001217,in_transit,2025-08-21 07:00:00,New York,CO
ORD0001658,SHP000811,E003214,picked_up,2025-10-23 22:00:00,Miami,AZ
ORD0001320,SHP001417,E004477,delivered,2025-07-31 21:00:00,Los Angeles,AZ
ORD0001017,SHP001333,E004424,picked_up,2025-07-04 06:00:00,Denver,FL
ORD0001846,SHP000481,E000593,in_transit,2025-03-30 01:00:00,Dallas,CO
ORD0001430,SHP000376,E001632,out_for_delivery,2025-01-17 23:00:00,Dallas,WA
ORD0000935,SHP000218,E002645,label_created,2025-04-13 12:00:00,Miami,WA
ORD0002011,SHP000912,E001704,picked_up,2025-08-03 19:00:00,Miami,CA
ORD0001108,SHP000087,E000047,label_created,2025-12-04 17:00:00,Chicago,NY
ORD0001262,SHP000870,E001735,label_created,2025-05-01 20:00:00,Dallas,IL
ORD0000039,SHP001519,E000400,in_transit,2025-06-30 05:00:00,Dallas,CA
ORD0000860,SHP000862,E000414,out_for_delivery,2025-09-25 08:00:00,New York,CA
ORD0001258,SHP000320,E002321,out_for_delivery,2025-10-12 21:00:00,Dallas,CA
ORD0001319,SHP000249,E002533,out_for_delivery,2025-12-02 04:00:00,Seattle,WA
ORD0001405,SHP001530,E004024,in_transit,2025-04-18 19:00:00,Phoenix,CO
ORD0001571,SHP000680,E003383,delivered,2025-12-24 12:00:00,New York,CO
ORD0001252,SHP000920,E001474,delivered,2025-11-23 05:00:00,Miami,NY
ORD0000668,SHP000505,E003003,out_for_delivery,2025-07-23 14:00:00,Seattle,NY
ORD0001856,SHP000275,E000146,label_created,2025-10-20 05:00:00,Seattle,CO
ORD0001816,SHP000531,E001904,picked_up,2025-07-13 00:00:00,Denver,WA
ORD0000851,SHP001622,E002549,delivered,2025-08-09 16:00:00,Chicago,CO
ORD0000256,SHP001111,E005076,in_transit,2025-02-10 06:00:00,Miami,TX
ORD0000625,SHP001755,E000027,in_transit,2025-10-11 11:00:00,New York,FL
ORD0000482,SHP000197,E005386,delivered,2025-01-08 18:00:00,Los Angeles,CO
ORD0000719,SHP000420,E001374,label_created,2025-03-10 01:00:00,Los Angeles,FL
ORD0002109,SHP001543,E005087,in_transit,2025-11-09 20:00:00,Seattle,IL
ORD0000774,SHP000310,E005007,picked_up,2025-08-07 07:00:00,Miami,CO
ORD0000315,SHP000794,E004183,out_for_delivery,2025-08-24 21:00:00,Seattle,AZ
ORD0001730,SHP001091,E002409,in_transit,2025-08-31 06:00:00,Seattle,CA
ORD0001850,SHP001780,E004877,in_transit,2025-06-29 12:00:00,Chicago,FL
ORD0000173,SHP001099,E005411,in_transit,2025-05-26 09:00:00,Miami,CA
ORD0001086,SHP000167,E002544,in_transit,2025-08-25 04:00:00,Seattle,NY
ORD0001995,SHP001314,E002370,in_transit,2025-05-16 16:00:00,Los Angeles,TX
ORD0000610,SHP001477,E004077,in_transit,2025-05-01 09:00:00,Los Angeles,TX
ORD0001830,SHP001374,E000123,picked_up,2025-12-17 15:00:00,Phoenix,WA
ORD0001203,SHP001529,E002586,picked_up,2025-08-15 19:00:00,New York,IL
ORD0002179,SHP001045,E002889,exception,2025-05-31 23:00:00,Chicago,CO
ORD0001330,SHP000217,E004272,in_transit,2025-01-16 17:00:00,Dallas,AZ
ORD0001732,SHP001038,E005252,in_transit,2025-09-07 19:00:00,Seattle,CA
ORD0001507,SHP000993,E004453,in_transit,2025-10-23 12:00:00,Miami,TX
ORD0001390,SHP001200,E003005,out_for_delivery,2025-01-27 21:00:00,Miami,TX
ORD0001847,SHP001616,E001487,in_transit,2025-03-20 04:00:00,Chicago,CO
ORD0000467,SHP001048,E000941,picked_up,2025-08-24 08:00:00,New York,TX
ORD0001818,SHP000457,E002323,in_transit,2025-12-28 21:00:00,New York,NY
ORD0001145,SHP000488,E001633,out_for_delivery,2025-02-12 00:00:00,Phoenix,AZ
ORD0001570,SHP001712,E001763,out_for_delivery,2025-09-27 19:00:00,Seattle,FL
ORD0002198,SHP001752,E000245,picked_up,2025-02-04 22:00:00,Chicago,IL
ORD0000638,SHP001298,E003461,out_for_delivery,2025-12-24 08:00:00,Los Angeles,FL
ORD0001282,SHP000981,E001833,in_transit,2025-01-18 09:00:00,Denver,WA
ORD0000758,SHP000197,E002826,in_transit,2025-01-02 19:00:00,Seattle,AZ
ORD0000120,SHP000904,E003974,out_for_delivery,2025-01-10 22:00:00,Los Angeles,CA
ORD0000891,SHP001441,E002875,delivered,2025-06-15 13:00:00,Los Angeles,WA
ORD0001354,SHP000831,E003043,in_transit,2025-01-02 20:00:00,Seattle,CO
ORD0001615,SHP001013,E000054,exception,2025-06-06 06:00:00,Los Angeles,FL
ORD0000653,SHP001148,E001840,delivered,2025-10-25 02:00:00,Dallas,CO
ORD0001101,SHP000596,E003534,out_for_delivery,2025-02-03 22:00:00,Phoenix,IL
ORD0002023,SHP000418,E001688,out_for_delivery,2025-09-01 00:00:00,Los Angeles,NY
ORD0001437,SHP001475,E003095,exception,2025-04-09 18:00:00,Miami,AZ
ORD0001293,SHP001713,E004627,picked_up,2025-01-08 11:00:00,Miami,TX
ORD0001618,SHP000470,E000523,in_transit,2025-03-01 14:00:00,New York,IL
ORD0000500,SHP001519,E000601,picked_up,2025-03-04 17:00:00,New York,FL
ORD0001717,SHP001521,E004630,out_for_delivery,2025-02-27 02:00:00,Seattle,AZ
ORD0000336,SHP000217,E001351,out_for_delivery,2025-11-24 15:00:00,Denver,WA
ORD0001054,SHP001172,E000157,in_transit,2025-01-07 04:00:00,Dallas,WA
ORD0001535,SHP000477,E000998,in_transit,2025-09-18 15:00:00,Dallas,CO
ORD0001840,SHP000743,E003644,in_transit,2025-09-17 02:00:00,Denver,CO
ORD0002039,SHP000270,E003785,label_created,2025-07-26 12:00:00,Seattle,FL
ORD0000775,SHP000333,E000822,out_for_delivery,2025-04-04 08:00:00,New York,AZ
ORD0000492,SHP000173,E000035,picked_up,2025-07-08 02:00:00,Dallas,CA
ORD0000193,SHP000019,E004044,picked_up,2025-03-02 23:00:00,Phoenix,CO
ORD0001699,SHP000428,E003511,delivered,2025-05-27 01:00:00,Denver,FL
ORD0000211,SHP000175,E004216,picked_up,2025-04-26 15:00:00,Denver,TX
ORD0000317,SHP000659,E002298,in_transit,2025-05-23 08:00:00,Phoenix,CA
ORD0000730,SHP000106,E004552,delivered,2025-04-19 10:00:00,Dallas,FL
ORD0001767,SHP001295,E000552,delivered,2025-04-09 13:00:00,Chicago,NY
ORD0000554,SHP000802,E000199,out_for_delivery,2025-07-13 21:00:00,New York,IL
ORD0000580,SHP000895,E005180,picked_up,2025-03-13 13:00:00,Denver,NY
ORD0000644,SHP000504,E003900,in_transit,2025-03-29 12:00:00,Denver,AZ
ORD0000660,SHP001693,E001939,out_for_delivery,2025-12-16 11:00:00,New York,AZ
ORD0001487,SHP000820,E001281,picked_up,2025-11-27 01:00:00,Dallas,NY
ORD0001004,SHP000575,E000701,in_transit,2025-03-11 03:00:00,Chicago,FL
ORD0001453,SHP000591,E001849,in_transit,2025-03-18 15:00:00,Seattle,WA
ORD0000422,SHP001646,E000795,in_transit,2025-12-19 21:00:00,Phoenix,CA
ORD0001111,SHP000846,E003091,out_for_delivery,2025-03-17 11:00:00,Seattle,TX
ORD0000043,SHP000213,E002813,picked_up,2025-06-22 00:00:00,New York,CO
ORD0001226,SHP000039,E005259,out_for_delivery,2025-09-24 00:00:00,Dallas,IL
ORD0001141,SHP000631,E001050,label_created,2025-12-04 18:00:00,Phoenix,AZ
ORD0000967,SHP000988,E005022,in_transit,2025-02-08 20:00:00,Dallas,IL
ORD0001158,SHP000983,E004256,label_created,2025-03-23 04:00:00,Chicago,TX
ORD0000022,SHP001461,E001098,in_transit,2025-05-01 08:00:00,Miami,CA
ORD0000758,SHP001419,E002261,in_transit,2025-12-16 12:00:00,Los Angeles,NY
ORD0001149,SHP001353,E005611,in_transit,2025-05-15 05:00:00,Chicago,WA
ORD0000847,SHP000800,E002670,exception,2025-07-22 02:00:00,Miami,TX
ORD0000639,SHP001400,E003191,label_created,2025-01-26 18:00:00,New York,CO
ORD0000716,SHP000984,E002222,picked_up,2025-12-13 14:00:00,Seattle,IL
ORD0002026,SHP001145,E002396,delivered,2025-08-03 16:00:00,Miami,FL
ORD0001690,SHP000440,E000594,picked_up,2025-10-17 04:00:00,Dallas,NY
ORD0001031,SHP001032,E003231,out_for_delivery,2025-11-05 20:00:00,Phoenix,CA
ORD0001250,SHP000809,E003144,label_created,2025-02-06 12:00:00,Chicago,AZ
ORD0000376,SHP000442,E002233,in_transit,2025-04-04 07:00:00,Dallas,CA
ORD0002100,SHP000532,E004920,in_transit,2025-07-13 16:00:00,Miami,IL
ORD0001031,SHP001451,E002800,out_for_delivery,2025-05-29 15:00:00,Miami,CO
ORD0001706,SHP000511,E000829,in_transit,2025-02-17 13:00:00,Phoenix,CA
ORD0001478,SHP001703,E005470,in_transit,2025-04-20 13:00:00,Dallas,TX
ORD0001425,SHP001301,E001726,out_for_delivery,2025-03-30 19:00:00,Miami,CA
ORD0002033,SHP000522,E001985,in_transit,2025-12-28 06:00:00,Denver,TX
ORD0001098,SHP001650,E003584,out_for_delivery,2025-01-07 18:00:00,Chicago,TX
ORD0001102,SHP001313,E003486,in_transit,2025-07-15 09:00:00,Denver,CA
ORD0000472,SHP000827,E004566,delivered,2025-06-08 06:00:00,Dallas,CA
ORD0000860,SHP001684,E002957,in_transit,2025-05-30 19:00:00,Seattle,NY
ORD0000744,SHP000448,E004619,label_created,2025-06-29 21:00:00,Denver,WA
ORD0001543,SHP001330,E002061,label_created,2025-05-05 22:00:00,Dallas,FL
ORD0001241,SHP000353,E002357,in_transit,2025-07-10 01:00:00,Miami,CA
ORD0001915,SHP001559,E001194,in_transit,2025-02-13 17:00:00,Los Angeles,CA
ORD0000709,SHP000469,E005636,in_transit,2025-07-18 10:00:00,Seattle,IL
ORD0001782,SHP001564,E002128,in_transit,2025-06-20 21:00:00,Dallas,WA
ORD0001055,SHP000049,E005224,in_transit,2025-02-24 11:00:00,Phoenix,CO
ORD0001623,SHP000083,E005697,out_for_delivery,2025-11-15 03:00:00,Miami,AZ
ORD0000695,SHP000181,E003701,label_created,2025-05-13 17:00:00,Seattle,CA
ORD0000619,SHP000030,E001890,in_transit,2025-11-09 17:00:00,Denver,WA
ORD0001652,SHP000081,E000394,in_transit,2025-08-11 19:00:00,Los Angeles,TX
ORD0001526,SHP000368,E000409,in_transit,2025-03-01 13:00:00,Chicago,TX
ORD0000388,SHP001769,E003169,out_for_delivery,2025-02-18 01:00:00,Seattle,IL
ORD0001709,SHP000342,E005355,in_transit,2025-05-03 11:00:00,Chicago,FL
ORD0000944,SHP000045,E003687,in_transit,2025-02-14 14:00:00,Miami,WA
ORD0001536,SHP001192,E003337,in_transit,2025-11-23 21:00:00,Los Angeles,CO
ORD0002129,SHP000237,E002475,picked_up,2025-10-24 18:00:00,New York,NY
ORD0000498,SHP001132,E000560,in_transit,2025-04-30 07:00:00,Los Angeles,NY
ORD0001058,SHP000526,E001175,out_for_delivery,2025-12-16 09:00:00,New York,IL
ORD0001507,SHP001648,E000251,in_transit,2025-08-22 15:00:00,Denver,WA
ORD0001250,SHP000121,E001956,picked_up,2025-12-05 04:00:00,Denver,AZ
ORD0001724,SHP001770,E005677,delivered,2025-06-20 01:00:00,Denver,CO
ORD0000479,SHP000945,E001469,out_for_delivery,2025-03-10 21:00:00,Los Angeles,FL
ORD0001931,SHP000211,E001946,picked_up,2025-08-21 10:00:00,Denver,CA
ORD0000186,SHP000927,E003188,exception,2025-07-21 22:00:00,Miami,AZ
ORD0000792,SHP001208,E003066,delivered,2025-04-24 20:00:00,Miami,AZ
ORD0001267,SHP001644,E005424,delivered,2025-12-02 14:00:00,Dallas,AZ
ORD0000118,SHP000118,E005334,delivered,2025-10-13 06:00:00,Phoenix,WA
ORD0000449,SHP001192,E005177,in_transit,2025-10-12 12:00:00,Dallas,IL
ORD0001027,SHP001072,E002794,delivered,2025-08-05 09:00:00,Phoenix,AZ
ORD0002169,SHP001401,E000828,delivered,2025-06-25 02:00:00,Chicago,NY
ORD0001755,SHP001635,E003822,picked_up,2025-06-23 12:00:00,Seattle,FL
ORD0000752,SHP000430,E003613,delivered,2025-07-04 17:00:00,New York,NY
ORD0001688,SHP000176,E002557,out_for_delivery,2025-12-02 16:00:00,Phoenix,AZ
ORD0001455,SHP000254,E002529,picked_up,2025-11-01 23:00:00,New York,TX
ORD0002190,SHP000001,E005673,out_for_delivery,2025-04-12 02:00:00,Miami,WA
ORD0001659,SHP001625,E003227,label_created,2025-02-27 20:00:00,Miami,WA
ORD0000123,SHP000179,E001129,in_transit,2025-05-17 03:00:00,Miami,NY
ORD0000811,SHP000694,E001136,out_for_delivery,2025-03-23 07:00:00,Dallas,AZ
ORD0001800,SHP000702,E003337,delivered,2025-09-11 11:00:00,New York,WA
ORD0001093,SHP000007,E004294,in_transit,2025-07-05 00:00:00,Miami,TX
ORD0001759,SHP000856,E003951,label_created,2025-01-17 03:00:00,Miami,NY
ORD0000816,SHP000843,E002136,in_transit,2025-02-10 08:00:00,Phoenix,IL
ORD0000985,SHP001398,E001624,delivered,2025-12-02 00:00:00,Los Angeles,FL
ORD0001260,SHP000805,E002508,out_for_delivery,2025-11-07 11:00:00,Los Angeles,IL
ORD0001131,SHP000256,E001528,exception,2025-03-01 13:00:00,Miami,CO
ORD0001571,SHP000320,E001719,in_transit,2025-06-22 06:00:00,Phoenix,IL
ORD0000482,SHP001338,E000115,in_transit,2025-12-10 06:00:00,New York,NY
ORD0000911,SHP000220,E002139,out_for_delivery,2025-12-19 01:00:00,Dallas,TX
ORD0000472,SHP000688,E004978,out_for_delivery,2025-08-26 19:00:00,Dallas,AZ
ORD0000574,SHP001282,E002957,in_transit,2025-02-24 13:00:00,Chicago,IL
ORD0001619,SHP000057,E003892,in_transit,2025-09-21 14:00:00,New York,WA
ORD0001807,SHP001800,E001536,out_for_delivery,2025-12-04 03:00:00,Miami,IL
ORD0002054,SHP001351,E005154,out_for_delivery,2025-01-20 09:00:00,Phoenix,FL
ORD0000614,SHP000522,E004593,delivered,2025-09-05 13:00:00,Phoenix,CO
ORD0001502,SHP000358,E005015,picked_up,2025-04-01 05:00:00,New York,WA
ORD0001634,SHP001723,E000553,label_created,2025-06-14 04:00:00,Dallas,TX
ORD0001653,SHP000901,E004683,out_for_delivery,2025-05-21 21:00:00,Miami,CO
ORD0000786,SHP000157,E002767,out_for_delivery,2025-06-10 01:00:00,Denver,IL
ORD0001736,SHP001624,E000547,picked_up,2025-05-19 18:00:00,Seattle,AZ
ORD0001117,SHP000419,E000654,exception,2025-02-18 20:00:00,Phoenix,CA
ORD0002016,SHP001665,E000549,picked_up,2025-12-12 20:00:00,Seattle,AZ
ORD0001737,SHP000332,E002824,in_transit,2025-12-27 16:00:00,Phoenix,AZ
ORD0000087,SHP001307,E002236,in_transit,2025-04-30 14:00:00,Phoenix,NY
ORD0001506,SHP001526,E002577,picked_up,2025-12-01 01:00:00,Chicago,AZ
ORD0000817,SHP000873,E005286,picked_up,2025-06-29 13:00:00,Phoenix,CO
ORD0000981,SHP001024,E000040,picked_up,2025-08-26 00:00:00,Denver,TX
ORD0000551,SHP001180,E002701,delivered,2025-01-01 15:00:00,New York,NY
ORD0001191,SHP000032,E005388,in_transit,2025-08-19 16:00:00,Miami,FL
ORD0000241,SHP001179,E000241,in_transit,2025-10-13 16:00:00,Seattle,WA
ORD0001191,SHP000815,E002543,out_for_delivery,2025-02-21 03:00:00,New York,NY
ORD0000192,SHP000349,E001505,out_for_delivery,2025-01-11 09:00:00,Dallas,IL
ORD0001457,SHP000492,E001573,picked_up,2025-05-27 13:00:00,Miami,IL
ORD0001272,SHP000688,E000997,in_transit,2025-12-15 16:00:00,Phoenix,CO
ORD0001516,SHP000840,E005529,out_for_delivery,2025-02-27 09:00:00,Los Angeles,FL
ORD0000513,SHP000499,E005551,picked_up,2025-10-13 15:00:00,Dallas,AZ
ORD0000794,SHP001324,E005434,label_created,2025-12-04 13:00:00,Los Angeles,TX
ORD0001420,SHP000771,E002310,in_transit,2025-05-29 04:00:00,Seattle,CO
ORD0001262,SHP001205,E005629,label_created,2025-02-24 10:00:00,Dallas,WA
ORD0002136,SHP000227,E001907,in_transit,2025-02-23 11:00:00,Seattle,NY
ORD0002156,SHP001224,E002091,in_transit,2025-11-13 08:00:00,Los Angeles,TX
ORD0000819,SHP000172,E003702,exception,2025-04-19 16:00:00,Denver,CO
ORD0001959,SHP000829,E005091,in_transit,2025-10-06 09:00:00,New York,WA
ORD0000223,SHP001433,E005457,in_transit,2025-11-12 21:00:00,Seattle,CO
ORD0001317,SHP001035,E001273,label_created,2025-05-30 07:00:00,Dallas,WA
ORD0000291,SHP000847,E003700,in_transit,2025-11-30 01:00:00,Phoenix,AZ
ORD0000743,SHP001753,E002550,in_transit,2025-08-31 21:00:00,Los Angeles,FL
ORD0001314,SHP000257,E004535,label_created,2025-05-10 16:00:00,Dallas,AZ
ORD0000982,SHP001413,E002181,out_for_delivery,2025-02-02 10:00:00,Seattle,FL
ORD0000048,SHP001767,E001923,out_for_delivery,2025-12-10 11:00:00,Phoenix,CA
ORD0002130,SHP000970,E000070,in_transit,2025-01-24 03:00:00,Phoenix,WA
ORD0002009,SHP000806,E001531,delivered,2025-08-27 17:00:00,Los Angeles,IL
ORD0000530,SHP000313,E003790,delivered,2025-01-04 01:00:00,Dallas,AZ
ORD0000068,SHP000061,E005417,label_created,2025-04-11 13:00:00,Phoenix,FL
ORD0001640,SHP000400,E003650,label_created,2025-06-18 09:00:00,Denver,CO
ORD0001629,SHP000007,E002379,delivered,2025-10-26 00:00:00,Phoenix,CO
ORD0002132,SHP001006,E002721,out_for_delivery,2025-07-28 12:00:00,Denver,TX
ORD0001705,SHP001160,E005063,delivered,2025-03-04 21:00:00,Phoenix,WA
ORD0001437,SHP001042,E004195,picked_up,2025-12-28 10:00:00,Miami,WA
ORD0001255,SHP001356,E001171,exception,2025-12-24 20:00:00,Dallas,AZ
ORD0000286,SHP000940,E004505,out_for_delivery,2025-02-12 09:00:00,New York,FL
ORD0000272,SHP000801,E002060,in_transit,2025-03-13 17:00:00,Denver,CA
ORD0001781,SHP001514,E001609,in_transit,2025-08-12 04:00:00,Miami,NY
ORD0002172,SHP001233,E002378,out_for_delivery,2025-03-09 16:00:00,Phoenix,TX
ORD0002007,SHP001548,E002782,label_created,2025-12-15 22:00:00,Miami,FL
ORD0000487,SHP000350,E005306,exception,2025-03-02 02:00:00,Phoenix,AZ
ORD0001123,SHP001724,E000524,out_for_delivery,2025-02-05 20:00:00,Phoenix,CO
ORD0001340,SHP001660,E003397,picked_up,2025-11-21 16:00:00,Denver,AZ
ORD0000138,SHP000106,E002660,picked_up,2025-09-18 21:00:00,Los Angeles,CA
ORD0001021,SHP000154,E003854,in_transit,2025-06-17 10:00:00,Dallas,WA
ORD0001144,SHP001742,E000295,delivered,2025-11-22 06:00:00,Seattle,FL
ORD0001413,SHP000959,E000216,delivered,2025-02-07 12:00:00,New York,CA
ORD0000121,SHP001782,E003151,picked_up,2025-10-12 20:00:00,Chicago,WA
ORD0001485,SHP001515,E004303,in_transit,2025-01-14 11:00:00,Chicago,CO
ORD0000919,SHP000021,E004265,in_transit,2025-07-23 15:00:00,New York,WA
ORD0001898,SHP001468,E000612,in_transit,2025-06-01 04:00:00,Seattle,CO
ORD0000671,SHP000307,E000327,in_transit,2025-05-27 11:00:00,Seattle,WA
ORD0000786,SHP000851,E001076,out_for_delivery,2025-09-18 08:00:00,Los Angeles,WA
ORD0000453,SHP000079,E001148,delivered,2025-06-18 19:00:00,Miami,TX
ORD0000753,SHP001537,E001800,in_transit,2025-11-26 13:00:00,Denver,IL
ORD0000695,SHP000452,E005354,picked_up,2025-06-25 17:00:00,Phoenix,WA
ORD0001117,SHP000279,E000141,exception,2025-12-16 04:00:00,Phoenix,AZ
ORD0001179,SHP001473,E003580,out_for_delivery,2025-01-14 09:00:00,Dallas,WA
ORD0000065,SHP000529,E000950,out_for_delivery,2025-03-29 19:00:00,Dallas,IL
ORD0001264,SHP000971,E001805,in_transit,2025-09-07 17:00:00,New York,CO
ORD0000087,SHP001307,E002029,in_transit,2025-07-28 09:00:00,Dallas,AZ
ORD0001223,SHP001491,E003635,in_transit,2025-11-10 12:00:00,Dallas,NY
ORD0001281,SHP001226,E001412,picked_up,2025-06-15 16:00:00,Denver,CA
ORD0000633,SHP000261,E005364,delivered,2025-10-15 10:00:00,Phoenix,IL
ORD0000725,SHP001481,E005540,delivered,2025-12-03 19:00:00,Miami,FL
ORD0000469,SHP001501,E005643,label_created,2025-02-14 10:00:00,Denver,CO
ORD0000114,SHP000075,E000537,label_created,2025-12-05 11:00:00,Phoenix,IL
ORD0000844,SHP000402,E004192,in_transit,2025-03-28 23:00:00,Phoenix,CA
ORD0000971,SHP001074,E001933,delivered,2025-10-09 02:00:00,Chicago,WA
ORD0001040,SHP000723,E002398,in_transit,2025-03-14 13:00:00,Miami,CA
ORD0001098,SHP000435,E001736,delivered,2025-11-11 07:00:00,Miami,TX
ORD0001560,SHP001548,E004755,picked_up,2025-08-19 23:00:00,Dallas,AZ
ORD0001256,SHP000420,E000173,out_for_delivery,2025-04-06 07:00:00,Seattle,AZ
ORD0000230,SHP000036,E004785,in_transit,2025-02-13 14:00:00,Dallas,WA
ORD0001935,SHP001728,E002381,delivered,2025-01-04 20:00:00,Phoenix,TX
ORD0000576,SHP001750,E001876,in_transit,2025-11-19 22:00:00,Miami,FL
ORD0000547,SHP000841,E003930,label_created,2025-01-14 09:00:00,New York,TX
ORD0001283,SHP001401,E003290,picked_up,2025-01-04 07:00:00,Chicago,WA
ORD0000306,SHP001425,E002344,in_transit,2025-01-05 07:00:00,Miami,CO
ORD0000307,SHP001460,E000419,out_for_delivery,2025-03-01 22:00:00,New York,CA
ORD0000833,SHP001357,E002692,label_created,2025-01-01 14:00:00,Denver,CA
ORD0001200,SHP000347,E000975,delivered,2025-12-08 17:00:00,Los Angeles,NY
ORD0000574,SHP000770,E005172,delivered,2025-02-19 18:00:00,Los Angeles,IL
ORD0001558,SHP000467,E001682,in_transit,2025-06-29 13:00:00,Seattle,CA
ORD0001930,SHP001032,E001324,picked_up,2025-03-01 14:00:00,Seattle,IL
ORD0000629,SHP001387,E000576,in_transit,2025-06-19 11:00:00,Miami,NY
ORD0000118,SHP000118,E001050,picked_up,2025-10-06 23:00:00,Seattle,AZ
ORD0002027,SHP000294,E004996,picked_up,2025-03-15 10:00:00,Los Angeles,AZ
ORD0000142,SHP000583,E003527,in_transit,2025-09-17 20:00:00,New York,CA
ORD0000823,SHP000357,E000207,picked_up,2025-08-10 11:00:00,Miami,IL
ORD0001176,SHP001114,E001981,label_created,2025-02-04 15:00:00,Los Angeles,AZ
ORD0000720,SHP000068,E003718,in_transit,2025-11-12 02:00:00,Phoenix,NY
ORD0000220,SHP000166,E004652,delivered,2025-12-21 09:00:00,Phoenix,WA
ORD0000553,SHP001553,E003645,in_transit,2025-10-01 00:00:00,Seattle,AZ
ORD0000121,SHP001782,E001495,picked_up,2025-03-02 12:00:00,Phoenix,AZ
ORD0000539,SHP001142,E002944,delivered,2025-11-25 03:00:00,Seattle,CO
ORD0000941,SHP000374,E004966,in_transit,2025-01-22 05:00:00,Miami,FL
ORD0001750,SHP001033,E003565,picked_up,2025-08-27 10:00:00,Chicago,IL
ORD0001330,SHP000587,E002208,picked_up,2025-07-17 23:00:00,Dallas,CA
ORD0000191,SHP000138,E000369,delivered,2025-05-18 16:00:00,Chicago,NY
ORD0001087,SHP001502,E000503,in_transit,2025-09-28 18:00:00,Chicago,FL
ORD0000348,SHP000333,E001883,label_created,2025-01-06 21:00:00,New York,CO
ORD0000575,SHP000851,E000465,picked_up,2025-05-20 12:00:00,Denver,WA
ORD0001690,SHP000715,E001686,picked_up,2025-12-28 04:00:00,Dallas,IL
ORD0001223,SHP001581,E000748,in_transit,2025-11-25 08:00:00,New York,NY
ORD0001288,SHP000323,E002243,in_transit,2025-07-19 07:00:00,Phoenix,NY
ORD0000424,SHP000871,E000005,in_transit,2025-11-18 20:00:00,Seattle,TX
ORD0001593,SHP000488,E000509,in_transit,2025-12-19 05:00:00,Denver,NY
ORD0001763,SHP001715,E000695,in_transit,2025-02-11 04:00:00,Seattle,FL
ORD0001956,SHP000175,E004019,picked_up,2025-06-21 07:00:00,Chicago,IL
ORD0001820,SHP001464,E005103,picked_up,2025-04-20 17:00:00,Phoenix,WA
ORD0000780,SHP000199,E004466,in_transit,2025-08-09 17:00:00,Phoenix,FL
ORD0000028,SHP000866,E004433,out_for_delivery,2025-02-16 06:00:00,Dallas,WA
ORD0000270,SHP000175,E001851,out_for_delivery,2025-09-30 11:00:00,Chicago,FL
ORD0001780,SHP001479,E003354,in_transit,2025-11-24 04:00:00,Dallas,NY
ORD0001697,SHP001303,E000100,delivered,2025-04-23 03:00:00,Los Angeles,CA
ORD0000327,SHP000037,E005283,picked_up,2025-11-20 23:00:00,Los Angeles,WA
ORD0000364,SHP001599,E003460,out_for_delivery,2025-09-14 11:00:00,Phoenix,WA
ORD0000555,SHP000565,E002011,in_transit,2025-10-21 06:00:00,New York,CO
ORD0000276,SHP000660,E000233,picked_up,2025-07-13 04:00:00,Denver,CA
ORD0001406,SHP000889,E004862,picked_up,2025-11-13 05:00:00,Seattle,IL
ORD0000458,SHP001355,E003530,picked_up,2025-01-03 21:00:00,Miami,FL
ORD0001076,SHP000990,E002274,picked_up,2025-12-06 17:00:00,New York,WA
ORD0001538,SHP000098,E004247,in_transit,2025-12-21 22:00:00,Dallas,CO
ORD0001236,SHP000987,E002034,in_transit,2025-08-17 10:00:00,New York,CA
ORD0000600,SHP001666,E003173,in_transit,2025-12-26 08:00:00,Dallas,CO
ORD0001283,SHP000444,E001272,picked_up,2025-03-29 16:00:00,Dallas,NY
ORD0000022,SHP000401,E000026,out_for_delivery,2025-03-04 16:00:00,Denver,CO
ORD0000453,SHP000079,E001685,in_transit,2025-09-15 04:00:00,Chicago,WA
ORD0002159,SHP000699,E005480,in_transit,2025-12-06 18:00:00,Denver,CA
ORD0001505,SHP001522,E003198,delivered,2025-02-12 05:00:00,New York,NY
ORD0000333,SHP001271,E003448,in_transit,2025-08-28 10:00:00,New York,FL
ORD0000462,SHP000777,E000571,picked_up,2025-04-04 04:00:00,Miami,TX
ORD0001595,SHP001213,E003766,delivered,2025-08-27 02:00:00,Phoenix,FL
ORD0000565,SHP001485,E001423,picked_up,2025-09-14 09:00:00,Seattle,AZ
ORD0002023,SHP001358,E004075,in_transit,2025-08-29 23:00:00,Dallas,CO
ORD0001504,SHP001550,E005158,picked_up,2025-11-14 03:00:00,Phoenix,CA
ORD0000388,SHP000643,E001509,in_transit,2025-07-19 05:00:00,Los Angeles,WA
ORD0000328,SHP001059,E000039,label_created,2025-02-16 00:00:00,Phoenix,CO
ORD0000564,SHP000662,E001992,in_transit,2025-02-07 14:00:00,Denver,TX
ORD0001690,SHP001724,E003216,in_transit,2025-01-01 07:00:00,Dallas,CO
ORD0001403,SHP000009,E004057,picked_up,2025-09-29 11:00:00,New York,WA
ORD0000105,SHP000914,E005196,label_created,2025-08-25 00:00:00,Denver,CA
ORD0001098,SHP000435,E004347,picked_up,2025-02-25 01:00:00,New York,TX
ORD0000748,SHP000291,E004699,picked_up,2025-08-13 03:00:00,Denver,TX
ORD0002059,SHP001157,E005014,in_transit,2025-04-23 12:00:00,Dallas,CA
ORD0000568,SHP000204,E004017,in_transit,2025-09-11 10:00:00,Los Angeles,WA
ORD0000020,SHP001702,E001312,in_transit,2025-03-16 22:00:00,Phoenix,FL
ORD0001970,SHP001076,E005097,delivered,2025-04-17 07:00:00,Miami,AZ
ORD0001535,SHP001225,E005147,out_for_delivery,2025-01-03 12:00:00,Los Angeles,AZ
ORD0000466,SHP000696,E003727,in_transit,2025-05-27 18:00:00,Dallas,CO
ORD0001379,SHP000489,E005040,label_created,2025-12-14 13:00:00,Chicago,TX
ORD0000361,SHP000069,E002700,in_transit,2025-06-27 18:00:00,Chicago,WA
ORD0001201,SHP001134,E005559,in_transit,2025-04-22 15:00:00,Miami,WA
ORD0001609,SHP000943,E001475,out_for_delivery,2025-04-12 03:00:00,Miami,FL
ORD0000895,SHP000389,E005532,out_for_delivery,2025-03-02 16:00:00,Seattle,FL
ORD0001272,SHP000774,E004818,out_for_delivery,2025-08-11 21:00:00,Chicago,AZ
ORD0001165,SHP000798,E004021,exception,2025-01-02 19:00:00,Seattle,TX
ORD0000158,SHP000116,E000940,in_transit,2025-03-14 07:00:00,Miami,FL
ORD0001376,SHP001734,E000881,picked_up,2025-02-14 02:00:00,Seattle,CO
ORD0002042,SHP000750,E003752,delivered,2025-06-02 23:00:00,Miami,TX
ORD0001589,SHP000069,E003184,out_for_delivery,2025-01-31 13:00:00,New York,AZ
ORD0000066,SHP001785,E002733,delivered,2025-08-11 23:00:00,Miami,AZ
ORD0000424,SHP001233,E001149,in_transit,2025-05-21 04:00:00,Chicago,IL
ORD0002037,SHP000891,E001308,delivered,2025-04-25 13:00:00,Dallas,AZ
ORD0001478,SHP001703,E000847,in_transit,2025-11-15 13:00:00,New York,AZ
ORD0000575,SHP001617,E000468,exception,2025-04-04 20:00:00,Seattle,FL
ORD0000562,SHP000393,E004294,picked_up,2025-08-02 23:00:00,Los Angeles,NY
ORD0000859,SHP000609,E005591,label_created,2025-04-30 03:00:00,Phoenix,FL
ORD0000476,SHP000641,E005211,out_for_delivery,2025-02-19 12:00:00,Miami,NY
ORD0002045,SHP000316,E001638,label_created,2025-03-29 05:00:00,Miami,WA
ORD0000224,SHP000827,E001312,in_transit,2025-06-02 14:00:00,New York,WA
ORD0000399,SHP001126,E001838,in_transit,2025-08-18 17:00:00,Los Angeles,NY
ORD0000194,SHP000286,E005294,in_transit,2025-05-30 21:00:00,Seattle,AZ
ORD0001158,SHP000088,E000955,label_created,2025-04-21 22:00:00,Miami,CO
ORD0000457,SHP001582,E005648,picked_up,2025-05-08 14:00:00,Chicago,TX
ORD0001070,SHP001445,E003902,delivered,2025-05-25 04:00:00,Phoenix,NY
ORD0001571,SHP000491,E002257,picked_up,2025-09-26 04:00:00,Chicago,FL
ORD0001652,SHP000885,E005123,picked_up,2025-09-27 04:00:00,Seattle,IL
ORD0001690,SHP000440,E001785,picked_up,2025-12-22 01:00:00,Los Angeles,AZ
ORD0000197,SHP000136,E002383,label_created,2025-03-31 08:00:00,Dallas,IL
ORD0000876,SHP001425,E002494,label_created,2025-09-04 19:00:00,Miami,TX
ORD0000539,SHP001371,E002188,in_transit,2025-03-25 16:00:00,New York,WA
ORD0001851,SHP000876,E002287,in_transit,2025-08-03 20:00:00,Seattle,CA
ORD0000389,SHP001596,E002058,in_transit,2025-03-19 17:00:00,Chicago,CA
ORD0000730,SHP000027,E001111,picked_up,2025-09-19 18:00:00,Seattle,WA
ORD0001937,SHP000114,E001013,in_transit,2025-03-22 13:00:00,Miami,WA
ORD0001343,SHP001153,E005365,label_created,2025-06-28 14:00:00,Chicago,CO
ORD0001418,SHP000525,E002555,delivered,2025-06-17 22:00:00,Denver,IL
ORD0001685,SHP000443,E002464,delivered,2025-02-19 05:00:00,New York,IL
ORD0001878,SHP000999,E000657,in_transit,2025-08-01 21:00:00,Los Angeles,FL
ORD0001231,SHP000160,E001833,out_for_delivery,2025-07-02 07:00:00,Denver,NY
ORD0001346,SHP001759,E004019,delivered,2025-02-18 11:00:00,Dallas,WA
ORD0001768,SHP001023,E004656,in_transit,2025-01-25 13:00:00,New York,FL
ORD0000765,SHP000118,E004087,in_transit,2025-06-23 22:00:00,Seattle,FL
ORD0001713,SHP000921,E000157,in_transit,2025-08-23 02:00:00,New York,CO
ORD0001579,SHP001597,E000057,in_transit,2025-02-11 17:00:00,Seattle,TX
ORD0000073,SHP001756,E004846,in_transit,2025-11-05 01:00:00,Seattle,FL
ORD0001568,SHP001539,E002750,in_transit,2025-02-11 20:00:00,Phoenix,TX
ORD0001464,SHP000409,E005037,in_transit,2025-11-28 17:00:00,New York,WA
ORD0000034,SHP001761,E002615,in_transit,2025-01-05 10:00:00,Dallas,FL
ORD0000056,SHP001635,E003323,out_for_delivery,2025-12-24 05:00:00,New York,TX
ORD0000572,SHP000119,E004073,label_created,2025-10-14 23:00:00,Denver,TX
ORD0002108,SHP000011,E002653,in_transit,2025-11-22 23:00:00,Denver,FL
ORD0000415,SHP000651,E001877,label_created,2025-06-08 13:00:00,Los Angeles,FL
ORD0001786,SHP001595,E002256,picked_up,2025-08-30 14:00:00,Los Angeles,IL
ORD0001891,SHP001063,E003947,in_transit,2025-11-11 21:00:00,Phoenix,AZ
ORD0001115,SHP000520,E001520,in_transit,2025-09-07 19:00:00,Los Angeles,AZ
ORD0001200,SHP000347,E002142,label_created,2025-08-19 03:00:00,Miami,AZ
ORD0002175,SHP001151,E001353,picked_up,2025-04-11 04:00:00,Los Angeles,TX
ORD0001830,SHP000701,E002308,picked_up,2025-07-27 07:00:00,Los Angeles,CA
ORD0000758,SHP000197,E005470,in_transit,2025-03-26 00:00:00,New York,FL
ORD0001756,SHP000708,E000915,in_transit,2025-11-03 05:00:00,Chicago,CA
ORD0000738,SHP000749,E003075,in_transit,2025-03-11 22:00:00,Los Angeles,CO
ORD0000803,SHP001756,E002269,delivered,2025-03-05 00:00:00,Dallas,FL
ORD0001668,SHP000956,E000763,in_transit,2025-12-12 06:00:00,Miami,AZ
ORD0000194,SHP000989,E003635,in_transit,2025-10-26 00:00:00,Denver,WA
ORD0002143,SHP001172,E002532,in_transit,2025-04-20 15:00:00,Phoenix,TX
ORD0001209,SHP001449,E001628,delivered,2025-01-25 12:00:00,Denver,NY
ORD0001937,SHP001200,E004529,in_transit,2025-04-19 21:00:00,Phoenix,AZ
ORD0001889,SHP000381,E001760,delivered,2025-12-20 20:00:00,Miami,FL
ORD0001571,SHP000320,E000780,label_created,2025-01-29 04:00:00,Dallas,IL
ORD0000575,SHP000402,E002924,picked_up,2025-04-05 21:00:00,New York,CO
ORD0002147,SHP000982,E004350,out_for_delivery,2025-01-16 10:00:00,Miami,AZ
ORD0002142,SHP001732,E002145,in_transit,2025-08-17 16:00:00,New York,CO
ORD0000911,SHP000919,E005294,out_for_delivery,2025-08-04 00:00:00,Chicago,TX
ORD0001703,SHP000956,E005510,in_transit,2025-01-08 10:00:00,Denver,CO
ORD0002191,SHP001557,E005256,in_transit,2025-08-23 17:00:00,Miami,CA
ORD0000181,SHP001345,E005599,in_transit,2025-08-25 04:00:00,Los Angeles,CO
ORD0000370,SHP000671,E002176,picked_up,2025-01-15 19:00:00,Los Angeles,CA
ORD0002175,SHP000534,E002836,in_transit,2025-06-11 12:00:00,Los Angeles,AZ
ORD0001896,SHP000925,E001297,in_transit,2025-09-18 19:00:00,Seattle,WA
ORD0000164,SHP000937,E004407,picked_up,2025-10-03 23:00:00,Phoenix,IL
ORD0001357,SHP001586,E001336,in_transit,2025-11-03 20:00:00,Phoenix,WA
ORD0001873,SHP000202,E004830,delivered,2025-01-15 12:00:00,Denver,AZ
ORD0001500,SHP000115,E004595,in_transit,2025-05-07 03:00:00,Miami,WA
ORD0000806,SHP001681,E000078,out_for_delivery,2025-12-21 11:00:00,New York,NY
ORD0001545,SHP001430,E001462,out_for_delivery,2025-10-03 18:00:00,Denver,CA
ORD0000894,SHP001609,E000950,in_transit,2025-09-22 01:00:00,Miami,CO
ORD0001350,SHP001301,E004915,delivered,2025-12-27 21:00:00,Phoenix,CA
ORD0000617,SHP000914,E002219,label_created,2025-03-17 19:00:00,Seattle,AZ
ORD0001124,SHP001424,E001695,delivered,2025-10-24 11:00:00,New York,IL
ORD0001420,SHP001015,E004092,exception,2025-04-18 18:00:00,Dallas,WA
ORD0001624,SHP000277,E003004,picked_up,2025-01-28 03:00:00,Phoenix,FL
ORD0000907,SHP001799,E001421,out_for_delivery,2025-01-15 14:00:00,Phoenix,WA
ORD0002098,SHP001283,E005121,in_transit,2025-10-18 06:00:00,Denver,AZ
ORD0000560,SHP001569,E003268,exception,2025-12-22 21:00:00,Phoenix,IL
ORD0001330,SHP000587,E003774,in_transit,2025-06-24 12:00:00,Phoenix,NY
ORD0001153,SHP001540,E004957,in_transit,2025-09-05 08:00:00,Miami,NY
ORD0000501,SHP001258,E001604,label_created,2025-08-10 04:00:00,Miami,CO
ORD0001602,SHP000352,E001790,in_transit,2025-10-14 10:00:00,Los Angeles,TX
ORD0000016,SHP000910,E000537,in_transit,2025-08-17 20:00:00,New York,CO
ORD0001303,SHP001033,E005243,out_for_delivery,2025-09-26 09:00:00,Chicago,FL
ORD0002060,SHP001054,E000802,label_created,2025-11-12 19:00:00,Chicago,TX
ORD0000888,SHP000808,E003549,in_transit,2025-12-02 05:00:00,New York,TX
ORD0001944,SHP001534,E004890,in_transit,2025-02-25 23:00:00,New York,TX
ORD0002140,SHP000829,E002448,label_created,2025-09-04 19:00:00,Chicago,CO
ORD0001961,SHP000819,E002146,in_transit,2025-08-12 05:00:00,Dallas,FL
ORD0000780,SHP000199,E002194,delivered,2025-01-13 17:00:00,Phoenix,AZ
ORD0001448,SHP000904,E003625,out_for_delivery,2025-04-27 01:00:00,Dallas,IL
ORD0000596,SHP001341,E003083,label_created,2025-12-06 11:00:00,Phoenix,WA
ORD0001467,SHP000748,E004618,label_created,2025-08-22 23:00:00,Los Angeles,IL
ORD0001068,SHP000120,E004742,in_transit,2025-01-16 00:00:00,New York,NY
ORD0000788,SHP000394,E001871,picked_up,2025-04-17 13:00:00,Phoenix,CO
ORD0001062,SHP001118,E000333,out_for_delivery,2025-10-15 16:00:00,Chicago,CA
ORD0001706,SHP001649,E003739,out_for_delivery,2025-11-01 00:00:00,Phoenix,WA
ORD0000958,SHP001367,E001978,delivered,2025-11-23 15:00:00,Seattle,AZ
ORD0000992,SHP000434,E004752,in_transit,2025-11-19 03:00:00,Los Angeles,WA
ORD0000695,SHP001324,E002027,in_transit,2025-11-20 03:00:00,Phoenix,IL
ORD0002027,SHP000300,E000895,picked_up,2025-09-02 02:00:00,Dallas,CO
ORD0001144,SHP001742,E004747,label_created,2025-12-02 21:00:00,Chicago,WA
ORD0001828,SHP001567,E004340,picked_up,2025-06-12 15:00:00,Denver,IL
ORD0001701,SHP001780,E002490,in_transit,2025-06-12 09:00:00,Dallas,FL
ORD0000862,SHP001669,E000304,in_transit,2025-01-05 11:00:00,Los Angeles,FL
ORD0000863,SHP001783,E001585,picked_up,2025-11-10 17:00:00,Dallas,AZ
ORD0001612,SHP000779,E001376,in_transit,2025-10-27 06:00:00,Los Angeles,WA
ORD0000544,SHP000694,E004934,delivered,2025-12-08 04:00:00,Seattle,CA
ORD0000259,SHP001551,E000603,in_transit,2025-01-04 23:00:00,Seattle,IL
ORD0001320,SHP001417,E001487,exception,2025-09-19 18:00:00,Miami,AZ
ORD0001324,SHP001574,E002776,picked_up,2025-03-06 23:00:00,Chicago,CA
ORD0000365,SHP000438,E001163,in_transit,2025-05-14 21:00:00,Dallas,CA
ORD0002153,SHP000119,E004070,out_for_delivery,2025-01-14 05:00:00,Miami,AZ
ORD0001964,SHP000132,E004818,out_for_delivery,2025-05-20 10:00:00,Miami,IL
ORD0001114,SHP000215,E004313,label_created,2025-01-06 23:00:00,Miami,NY
ORD0001152,SHP000920,E002076,in_transit,2025-04-10 04:00:00,Denver,CO
ORD0001130,SHP001098,E000470,label_created,2025-08-11 20:00:00,Phoenix,CO
ORD0002156,SHP001738,E002835,in_transit,2025-08-23 18:00:00,Miami,NY
ORD0000457,SHP001582,E002480,out_for_delivery,2025-01-21 22:00:00,Seattle,CO
ORD0000661,SHP000019,E004532,out_for_delivery,2025-03-31 13:00:00,Seattle,AZ
ORD0001553,SHP000902,E001291,in_transit,2025-01-26 07:00:00,Dallas,IL
ORD0000008,SHP000245,E001093,in_transit,2025-03-08 10:00:00,Chicago,IL
ORD0000359,SHP000588,E000420,in_transit,2025-05-11 22:00:00,Chicago,FL
ORD0001370,SHP000236,E003032,in_transit,2025-07-12 17:00:00,Chicago,AZ
ORD0000066,SHP001342,E005672,delivered,2025-05-26 17:00:00,Chicago,TX
ORD0002128,SHP000327,E003550,delivered,2025-02-09 17:00:00,Seattle,CO
ORD0000070,SHP001773,E005690,picked_up,2025-09-24 12:00:00,Phoenix,AZ
ORD0000224,SHP000387,E004391,picked_up,2025-06-30 01:00:00,Denver,CO
ORD0000783,SHP001399,E003842,delivered,2025-08-18 20:00:00,Dallas,TX
ORD0001354,SHP001537,E003773,out_for_delivery,2025-10-03 15:00:00,Seattle,NY
ORD0001349,SHP000942,E000233,out_for_delivery,2025-02-09 07:00:00,Chicago,WA
ORD0001248,SHP000489,E003295,picked_up,2025-04-19 21:00:00,Denver,NY
ORD0000620,SHP001049,E004101,label_created,2025-07-04 01:00:00,Phoenix,TX
ORD0000505,SHP000882,E002608,out_for_delivery,2025-11-25 16:00:00,New York,TX
ORD0000247,SHP001732,E004186,out_for_delivery,2025-02-22 04:00:00,Miami,NY
ORD0000857,SHP001131,E004586,delivered,2025-02-25 20:00:00,Los Angeles,CO
ORD0001642,SHP000104,E001883,picked_up,2025-10-08 12:00:00,Dallas,CO
ORD0001717,SHP000285,E002466,in_transit,2025-04-10 15:00:00,Miami,FL
ORD0002075,SHP001415,E005680,label_created,2025-09-15 09:00:00,Miami,NY
ORD0000594,SHP000242,E004186,label_created,2025-03-19 05:00:00,Phoenix,CA
ORD0000051,SHP000598,E001960,picked_up,2025-04-16 04:00:00,Chicago,FL
ORD0000105,SHP001652,E005340,out_for_delivery,2025-03-20 17:00:00,Dallas,NY
ORD0001603,SHP000235,E004848,out_for_delivery,2025-12-07 03:00:00,Denver,CO
ORD0001239,SHP000489,E000879,in_transit,2025-11-12 19:00:00,Dallas,CO
ORD0000242,SHP000908,E004051,exception,2025-04-12 00:00:00,Seattle,CO
ORD0001664,SHP000578,E001233,label_created,2025-08-09 13:00:00,Seattle,FL
ORD0001464,SHP001284,E001253,in_transit,2025-07-08 19:00:00,New York,CO
ORD0000143,SHP001758,E002988,label_created,2025-09-22 21:00:00,Phoenix,FL
ORD0001875,SHP000956,E004729,picked_up,2025-11-05 20:00:00,Denver,IL
ORD0001558,SHP000467,E002626,out_for_delivery,2025-09-10 08:00:00,Chicago,FL
ORD0001610,SHP001670,E003815,delivered,2025-02-24 00:00:00,Los Angeles,TX
ORD0000121,SHP000938,E002384,out_for_delivery,2025-01-17 17:00:00,Phoenix,AZ
ORD0000285,SHP001611,E004850,in_transit,2025-04-12 20:00:00,Miami,TX
ORD0001586,SHP001545,E004652,exception,2025-03-23 08:00:00,Dallas,AZ
ORD0001419,SHP001084,E002627,in_transit,2025-08-03 10:00:00,Chicago,AZ
ORD0000498,SHP001132,E001392,out_for_delivery,2025-09-03 05:00:00,Chicago,CA
ORD0000457,SHP001582,E001936,delivered,2025-06-08 07:00:00,Denver,CO
ORD0000762,SHP000859,E001245,picked_up,2025-01-24 00:00:00,Seattle,IL
ORD0000028,SHP000866,E004146,out_for_delivery,2025-03-18 14:00:00,New York,AZ
ORD0001372,SHP001048,E002877,in_transit,2025-01-08 17:00:00,Denver,WA
ORD0000902,SHP000338,E003755,in_transit,2025-01-13 13:00:00,Dallas,TX
ORD0000174,SHP000551,E003100,in_transit,2025-07-11 09:00:00,New York,FL
ORD0000817,SHP001702,E001471,label_created,2025-04-06 01:00:00,Seattle,CA
ORD0001892,SHP000531,E000281,label_created,2025-11-30 10:00:00,New York,TX
ORD0000695,SHP001324,E002447,delivered,2025-11-21 22:00:00,Chicago,FL
ORD0001577,SHP001353,E004813,exception,2025-08-23 10:00:00,Dallas,IL
ORD0002016,SHP001665,E000233,in_transit,2025-10-14 15:00:00,New York,IL
ORD0001370,SHP000409,E001857,picked_up,2025-08-05 13:00:00,Miami,NY
ORD0001896,SHP000341,E004805,exception,2025-10-29 14:00:00,Chicago,CA
ORD0001421,SHP001055,E001555,picked_up,2025-12-17 19:00:00,Chicago,AZ
ORD0000739,SHP001800,E000438,in_transit,2025-12-31 08:00:00,Dallas,IL
ORD0001824,SHP000181,E000040,picked_up,2025-01-04 05:00:00,Los Angeles,FL
ORD0001249,SHP000331,E002997,picked_up,2025-05-23 19:00:00,Chicago,TX
ORD0000987,SHP000867,E005446,picked_up,2025-08-08 08:00:00,Los Angeles,WA
ORD0001049,SHP001027,E002209,out_for_delivery,2025-10-28 08:00:00,Seattle,NY
ORD0000651,SHP000042,E000491,label_created,2025-01-27 04:00:00,Phoenix,CA
ORD0000651,SHP001514,E000830,delivered,2025-10-25 17:00:00,Phoenix,IL
ORD0000664,SHP000125,E002626,delivered,2025-03-31 08:00:00,Miami,FL
ORD0001957,SHP000199,E005048,out_for_delivery,2025-07-11 19:00:00,Dallas,WA
ORD0000246,SHP000290,E003503,out_for_delivery,2025-09-17 00:00:00,Chicago,FL
ORD0001273,SHP000237,E004888,in_transit,2025-01-17 10:00:00,Miami,CA
ORD0001610,SHP001039,E004066,in_transit,2025-12-20 10:00:00,Phoenix,CA
ORD0000884,SHP000669,E003169,exception,2025-05-01 19:00:00,Dallas,IL
ORD0001410,SHP000646,E001853,exception,2025-03-26 12:00:00,Denver,FL
ORD0001187,SHP000428,E002211,out_for_delivery,2025-04-08 00:00:00,Miami,CA
ORD0001229,SHP000374,E005388,in_transit,2025-11-04 18:00:00,Miami,TX
ORD0001959,SHP000190,E002428,exception,2025-03-05 05:00:00,New York,NY
ORD0001574,SHP001762,E000991,out_for_delivery,2025-09-18 06:00:00,Seattle,CA
ORD0002072,SHP000440,E002976,delivered,2025-12-01 22:00:00,Dallas,IL
ORD0001640,SHP000400,E003684,picked_up,2025-07-04 11:00:00,Denver,CO
ORD0001840,SHP000444,E005030,delivered,2025-06-21 21:00:00,Miami,AZ
ORD0001981,SHP000042,E000359,in_transit,2025-01-29 15:00:00,Los Angeles,WA
ORD0000926,SHP001219,E004475,label_created,2025-10-18 06:00:00,Chicago,AZ
ORD0001083,SHP001294,E000691,picked_up,2025-10-01 07:00:00,New York,TX
ORD0001033,SHP000784,E004431,in_transit,2025-11-10 22:00:00,New York,AZ
ORD0002145,SHP000554,E005099,picked_up,2025-04-11 08:00:00,Miami,FL
ORD0000886,SHP000046,E001147,picked_up,2025-10-17 23:00:00,Denver,WA
ORD0000800,SHP000201,E002676,in_transit,2025-04-01 06:00:00,New York,WA
ORD0000592,SHP000553,E001785,label_created,2025-07-25 16:00:00,Dallas,WA
ORD0000910,SHP000702,E001283,picked_up,2025-09-25 00:00:00,Seattle,IL
ORD0001697,SHP000516,E002569,out_for_delivery,2025-09-21 15:00:00,Los Angeles,CO
ORD0001065,SHP001570,E001490,in_transit,2025-09-25 20:00:00,Chicago,FL
ORD0001348,SHP001668,E004782,picked_up,2025-07-09 16:00:00,Seattle,NY
ORD0001060,SHP000385,E003719,label_created,2025-10-06 07:00:00,Phoenix,CA
ORD0001049,SHP000586,E002320,in_transit,2025-04-28 02:00:00,Los Angeles,WA
ORD0000747,SHP001149,E002184,in_transit,2025-03-17 05:00:00,Dallas,FL
ORD0000853,SHP001676,E004496,delivered,2025-05-31 17:00:00,Miami,WA
ORD0001284,SHP000235,E001938,delivered,2025-11-18 23:00:00,Seattle,WA
ORD0001158,SHP000983,E003601,picked_up,2025-07-23 11:00:00,Miami,IL
ORD0000857,SHP001131,E000114,exception,2025-04-11 08:00:00,Dallas,IL
ORD0001950,SHP001277,E002748,in_transit,2025-04-20 11:00:00,Dallas,CA
ORD0000723,SHP001623,E002436,exception,2025-08-29 22:00:00,Chicago,TX
ORD0000627,SHP000944,E002012,exception,2025-06-14 23:00:00,Phoenix,TX
ORD0001065,SHP001724,E002142,out_for_delivery,2025-02-01 04:00:00,New York,FL
ORD0001278,SHP000066,E005110,in_transit,2025-06-06 01:00:00,Phoenix,TX
ORD0001065,SHP001570,E000004,out_for_delivery,2025-01-12 07:00:00,Phoenix,CO
ORD0002048,SHP000205,E003921,in_transit,2025-01-12 17:00:00,Phoenix,FL
ORD0001019,SHP000091,E001447,in_transit,2025-07-21 12:00:00,Los Angeles,CA
ORD0000051,SHP000978,E001954,picked_up,2025-09-27 09:00:00,Denver,CA
ORD0000464,SHP000429,E005651,in_transit,2025-08-07 18:00:00,New York,CO
ORD0001380,SHP000211,E005684,in_transit,2025-05-24 12:00:00,Miami,CO
ORD0000860,SHP001482,E003339,picked_up,2025-12-11 16:00:00,Seattle,TX
ORD0001657,SHP000048,E004146,in_transit,2025-10-21 08:00:00,Chicago,TX
ORD0000242,SHP001520,E002275,in_transit,2025-06-20 15:00:00,Seattle,CA
ORD0001566,SHP001491,E004646,in_transit,2025-05-23 03:00:00,Seattle,CA
ORD0001731,SHP000285,E001728,out_for_delivery,2025-09-02 00:00:00,Dallas,AZ
ORD0000248,SHP001623,E003207,delivered,2025-08-05 01:00:00,Phoenix,WA
ORD0000048,SHP000475,E002533,label_created,2025-05-25 03:00:00,Phoenix,CA
ORD0000594,SHP000256,E000841,label_created,2025-09-13 01:00:00,Miami,IL
ORD0001374,SHP000203,E003022,in_transit,2025-06-20 05:00:00,Denver,NY
ORD0002065,SHP001458,E002990,in_transit,2025-12-29 02:00:00,Denver,CA
ORD0001066,SHP000373,E004371,label_created,2025-10-21 05:00:00,New York,CO
ORD0000934,SHP000056,E000551,picked_up,2025-10-08 03:00:00,Dallas,WA
ORD0001190,SHP000670,E002577,out_for_delivery,2025-10-03 11:00:00,New York,CA
ORD0000765,SHP001743,E005358,label_created,2025-09-11 05:00:00,Denver,TX
ORD0001704,SHP000713,E000361,delivered,2025-02-05 13:00:00,Chicago,IL
ORD0002137,SHP000347,E004286,delivered,2025-10-06 22:00:00,Miami,TX
ORD0001085,SHP001140,E002486,in_transit,2025-09-08 02:00:00,Seattle,NY
ORD0002014,SHP001380,E005406,in_transit,2025-06-15 13:00:00,Denver,FL
ORD0001637,SHP000162,E005541,exception,2025-02-22 13:00:00,Seattle,WA
ORD0000690,SHP000300,E005451,in_transit,2025-12-22 04:00:00,Dallas,CA
ORD0000953,SHP000735,E000153,picked_up,2025-06-04 13:00:00,Dallas,WA
ORD0000300,SHP001565,E005074,out_for_delivery,2025-01-26 13:00:00,Chicago,CA
ORD0000089,SHP000743,E003822,out_for_delivery,2025-10-25 12:00:00,New York,NY
ORD0000449,SHP000036,E003602,out_for_delivery,2025-06-18 13:00:00,Dallas,NY
ORD0000912,SHP000647,E002858,delivered,2025-12-02 22:00:00,New York,IL
ORD0001947,SHP000275,E000564,picked_up,2025-04-12 02:00:00,Denver,CA
ORD0000399,SHP001565,E002781,picked_up,2025-02-21 21:00:00,Seattle,CA
ORD0000419,SHP000364,E002534,picked_up,2025-07-02 17:00:00,Seattle,NY
ORD0001049,SHP000211,E005424,label_created,2025-10-10 22:00:00,New York,TX
ORD0001968,SHP000489,E003012,in_transit,2025-08-27 13:00:00,New York,FL
ORD0002037,SHP000105,E002599,picked_up,2025-01-15 05:00:00,Denver,FL
ORD0000651,SHP000768,E004270,in_transit,2025-04-15 06:00:00,Miami,FL
ORD0002076,SHP000559,E004332,picked_up,2025-10-21 13:00:00,Dallas,IL
ORD0000004,SHP000177,E004346,out_for_delivery,2025-06-21 16:00:00,Phoenix,CA
ORD0001897,SHP001530,E001460,out_for_delivery,2025-05-26 11:00:00,Chicago,WA
ORD0000437,SHP001269,E003340,delivered,2025-08-16 14:00:00,New York,WA
ORD0002073,SHP000415,E001250,out_for_delivery,2025-09-03 11:00:00,Miami,WA
ORD0001751,SHP000400,E005069,in_transit,2025-10-05 11:00:00,Dallas,IL
ORD0001203,SHP001669,E002813,picked_up,2025-09-09 18:00:00,Denver,WA
ORD0001348,SHP001069,E001318,picked_up,2025-03-08 09:00:00,Chicago,TX
ORD0000734,SHP000940,E004363,out_for_delivery,2025-04-10 16:00:00,Phoenix,CO
ORD0000457,SHP000507,E001241,out_for_delivery,2025-09-07 03:00:00,Phoenix,AZ
ORD0001441,SHP001245,E004030,delivered,2025-12-21 15:00:00,Los Angeles,WA
ORD0001683,SHP001744,E003540,in_transit,2025-09-05 12:00:00,New York,CA
ORD0001114,SHP000210,E000879,in_transit,2025-03-03 14:00:00,Seattle,CA
ORD0001695,SHP001609,E003792,exception,2025-01-27 10:00:00,Dallas,IL
ORD0001321,SHP001739,E002195,delivered,2025-10-25 09:00:00,Denver,FL
ORD0000579,SHP000258,E001510,in_transit,2025-04-16 00:00:00,Phoenix,FL
ORD0000774,SHP000310,E001313,picked_up,2025-08-23 06:00:00,Phoenix,CO
ORD0000929,SHP000470,E000798,label_created,2025-03-10 08:00:00,New York,FL
ORD0001769,SHP000527,E005122,exception,2025-03-05 07:00:00,Chicago,CO
ORD0002060,SHP000921,E005556,picked_up,2025-08-13 00:00:00,Chicago,WA
ORD0001077,SHP000598,E005218,label_created,2025-07-07 16:00:00,Dallas,TX
ORD0001427,SHP001494,E001645,picked_up,2025-03-20 16:00:00,Dallas,IL
ORD0001634,SHP001123,E001745,picked_up,2025-03-16 19:00:00,New York,IL
ORD0000414,SHP000513,E003721,label_created,2025-03-31 19:00:00,Dallas,CA
ORD0000852,SHP000601,E002608,in_transit,2025-03-29 03:00:00,Los Angeles,CO
ORD0001540,SHP000727,E004527,in_transit,2025-08-10 16:00:00,Denver,AZ
ORD0002159,SHP000470,E000803,in_transit,2025-05-03 09:00:00,Los Angeles,CA
ORD0000553,SHP001553,E002604,picked_up,2025-03-01 20:00:00,Phoenix,TX
ORD0000835,SHP001492,E000086,in_transit,2025-05-19 14:00:00,Dallas,CO
ORD0001627,SHP001128,E002402,in_transit,2025-12-12 02:00:00,Seattle,AZ
ORD0000705,SHP001026,E002740,in_transit,2025-08-21 09:00:00,Dallas,AZ
ORD0002179,SHP001730,E003843,picked_up,2025-02-03 18:00:00,Chicago,CO
ORD0001835,SHP000217,E000372,in_transit,2025-12-23 07:00:00,Denver,FL
ORD0000881,SHP000999,E001886,in_transit,2025-05-21 23:00:00,Los Angeles,FL
ORD0002132,SHP001164,E003976,in_transit,2025-03-13 20:00:00,Denver,CO
ORD0001139,SHP000122,E002834,in_transit,2025-04-23 11:00:00,Miami,TX
ORD0001079,SHP001312,E004211,in_transit,2025-12-20 14:00:00,Miami,CO
ORD0000164,SHP000692,E005032,delivered,2025-09-20 20:00:00,Los Angeles,WA
ORD0000695,SHP000452,E001079,in_transit,2025-03-01 08:00:00,New York,FL
ORD0001812,SHP000393,E002090,delivered,2025-02-16 11:00:00,Los Angeles,CA
ORD0001684,SHP000925,E005069,label_created,2025-03-09 19:00:00,New York,IL
ORD0002143,SHP000597,E004471,picked_up,2025-06-30 17:00:00,Dallas,NY
ORD0002190,SHP000001,E002751,in_transit,2025-03-21 04:00:00,Dallas,FL
ORD0000668,SHP000505,E000644,delivered,2025-08-11 06:00:00,Chicago,AZ
ORD0001865,SHP000205,E001952,in_transit,2025-02-26 12:00:00,Miami,TX
ORD0000517,SHP001661,E004079,picked_up,2025-04-16 08:00:00,Chicago,WA
ORD0000152,SHP001714,E002423,in_transit,2025-07-09 10:00:00,New York,FL
ORD0001208,SHP001674,E001425,out_for_delivery,2025-12-18 16:00:00,Chicago,NY
ORD0000679,SHP001150,E001785,in_transit,2025-11-25 03:00:00,Denver,CA
ORD0001452,SHP001285,E003221,picked_up,2025-04-21 04:00:00,Los Angeles,TX
ORD0001395,SHP001555,E004846,label_created,2025-03-01 04:00:00,Seattle,CO
ORD0000695,SHP000181,E001184,picked_up,2025-12-19 04:00:00,Miami,NY
ORD0001799,SHP000449,E001664,label_created,2025-09-02 23:00:00,Phoenix,FL
ORD0001287,SHP000706,E005360,out_for_delivery,2025-12-26 07:00:00,New York,CA
ORD0000238,SHP000732,E004251,picked_up,2025-01-08 02:00:00,Los Angeles,IL
ORD0000638,SHP001503,E000653,picked_up,2025-12-26 02:00:00,Los Angeles,NY
ORD0001076,SHP000505,E005197,picked_up,2025-07-12 17:00:00,Chicago,AZ
ORD0001664,SHP001603,E001026,in_transit,2025-08-16 20:00:00,Dallas,NY
ORD0001283,SHP001740,E002663,out_for_delivery,2025-04-19 09:00:00,Denver,NY
ORD0000625,SHP001667,E003206,picked_up,2025-05-17 13:00:00,Phoenix,NY
ORD0001230,SHP001122,E001244,picked_up,2025-06-06 08:00:00,Denver,FL
ORD0000438,SHP000989,E000969,in_transit,2025-06-27 10:00:00,New York,CA
ORD0000260,SHP001119,E004961,out_for_delivery,2025-01-14 13:00:00,Seattle,TX
ORD0001049,SHP001779,E002222,delivered,2025-10-31 07:00:00,Phoenix,WA
ORD0000197,SHP000136,E003355,in_transit,2025-09-18 10:00:00,Seattle,WA
ORD0001191,SHP001787,E002926,in_transit,2025-07-09 14:00:00,Denver,IL
ORD0000795,SHP000786,E001542,in_transit,2025-05-13 23:00:00,Chicago,AZ
ORD0001116,SHP000090,E005370,picked_up,2025-02-01 08:00:00,Chicago,WA
ORD0001591,SHP000940,E004363,out_for_delivery,2025-08-27 20:00:00,Phoenix,FL
ORD0001226,SHP000039,E002133,picked_up,2025-02-08 08:00:00,Dallas,AZ
ORD0000532,SHP001725,E002311,in_transit,2025-11-11 03:00:00,Chicago,CA
ORD0000344,SHP000400,E005449,in_transit,2025-07-22 20:00:00,Dallas,CO
ORD0002138,SHP001695,E002075,delivered,2025-07-31 09:00:00,Dallas,AZ
ORD0001977,SHP001779,E004759,picked_up,2025-09-05 08:00:00,Los Angeles,WA
ORD0000712,SHP000623,E001353,out_for_delivery,2025-03-08 06:00:00,Dallas,AZ
ORD0001233,SHP001215,E002717,out_for_delivery,2025-11-11 16:00:00,Phoenix,CA
ORD0001046,SHP000481,E002090,label_created,2025-08-13 03:00:00,Chicago,CA
ORD0002009,SHP000806,E000737,out_for_delivery,2025-10-16 06:00:00,Miami,TX
ORD0000860,SHP001420,E004619,label_created,2025-12-27 11:00:00,Chicago,WA
ORD0000240,SHP001059,E000530,picked_up,2025-12-24 04:00:00,Denver,FL
ORD0000853,SHP001676,E003881,in_transit,2025-06-19 22:00:00,Denver,IL
ORD0001460,SHP001260,E001786,in_transit,2025-07-18 23:00:00,Chicago,CA
ORD0002035,SHP000271,E000873,delivered,2025-12-20 01:00:00,Denver,CO
ORD0000858,SHP000272,E001017,picked_up,2025-12-17 06:00:00,New York,NY
ORD0000307,SHP001460,E004503,picked_up,2025-08-02 09:00:00,Denver,AZ
ORD0001894,SHP001414,E002054,delivered,2025-06-26 12:00:00,Los Angeles,TX
ORD0001615,SHP001591,E004856,in_transit,2025-01-23 15:00:00,New York,CO
ORD0001888,SHP001439,E003099,picked_up,2025-06-08 21:00:00,Dallas,CA
ORD0000022,SHP000245,E002599,delivered,2025-04-16 17:00:00,Denver,CO
ORD0001969,SHP000259,E002423,in_transit,2025-03-18 12:00:00,Chicago,CO
ORD0000887,SHP000383,E005127,picked_up,2025-05-05 13:00:00,Seattle,IL
ORD0000888,SHP000808,E004533,in_transit,2025-06-16 08:00:00,Phoenix,CO
ORD0001147,SHP001764,E004725,delivered,2025-10-21 00:00:00,Phoenix,TX
ORD0000107,SHP000281,E002047,out_for_delivery,2025-03-02 17:00:00,Miami,AZ
ORD0000053,SHP001531,E000121,delivered,2025-05-26 14:00:00,Phoenix,TX
ORD0000419,SHP000026,E004900,delivered,2025-11-25 19:00:00,Miami,CO
ORD0002019,SHP000847,E001445,out_for_delivery,2025-11-09 01:00:00,Phoenix,WA
ORD0000801,SHP000072,E002096,label_created,2025-06-08 01:00:00,Phoenix,CO
ORD0000565,SHP001666,E003440,in_transit,2025-08-06 00:00:00,Los Angeles,FL
ORD0001331,SHP000408,E004481,label_created,2025-02-02 16:00:00,Seattle,AZ
ORD0000212,SHP001670,E001847,in_transit,2025-07-28 07:00:00,Seattle,CA
ORD0001480,SHP000104,E005384,picked_up,2025-03-22 00:00:00,New York,AZ
ORD0001217,SHP000978,E000491,exception,2025-08-17 10:00:00,Phoenix,TX
ORD0001483,SHP001535,E003155,picked_up,2025-10-14 14:00:00,Miami,TX
ORD0001264,SHP000971,E005563,in_transit,2025-01-06 09:00:00,Chicago,IL
ORD0000276,SHP001476,E003723,delivered,2025-01-13 19:00:00,Denver,CO
ORD0001410,SHP000646,E002564,in_transit,2025-11-14 04:00:00,Dallas,WA
ORD0001223,SHP001581,E002129,in_transit,2025-02-08 10:00:00,Los Angeles,CA
ORD0001522,SHP000990,E003187,label_created,2025-01-04 07:00:00,Phoenix,CO
ORD0002014,SHP000610,E002753,in_transit,2025-01-02 10:00:00,Dallas,NY
ORD0000024,SHP000876,E004061,in_transit,2025-09-15 06:00:00,Los Angeles,NY
ORD0001775,SHP001219,E003015,in_transit,2025-11-05 22:00:00,Chicago,CO
ORD0000311,SHP000844,E000601,delivered,2025-06-24 06:00:00,Chicago,CO
ORD0000853,SHP001676,E001492,label_created,2025-01-11 00:00:00,Chicago,CA
ORD0000271,SHP000263,E004991,in_transit,2025-01-06 20:00:00,Los Angeles,WA
ORD0001149,SHP001353,E003872,out_for_delivery,2025-01-03 04:00:00,Chicago,IL
ORD0001647,SHP000963,E003909,in_transit,2025-08-20 16:00:00,Chicago,CA
ORD0001897,SHP001530,E004859,delivered,2025-05-06 13:00:00,Dallas,WA
ORD0000939,SHP001751,E000854,picked_up,2025-12-01 04:00:00,Miami,AZ
ORD0001552,SHP000845,E004066,in_transit,2025-12-02 18:00:00,Denver,NY
ORD0000151,SHP000437,E005544,picked_up,2025-09-09 09:00:00,Seattle,CA
ORD0001888,SHP000018,E004720,in_transit,2025-11-19 12:00:00,Miami,TX
ORD0002023,SHP001358,E003038,out_for_delivery,2025-08-07 06:00:00,Dallas,TX
ORD0001751,SHP000725,E004003,label_created,2025-05-25 16:00:00,Seattle,NY
ORD0000386,SHP000552,E003276,in_transit,2025-03-23 09:00:00,Chicago,WA
ORD0001730,SHP000527,E001743,in_transit,2025-06-09 07:00:00,Seattle,FL
ORD0001000,SHP001647,E004412,in_transit,2025-11-30 06:00:00,New York,CA
ORD0000251,SHP001364,E004386,label_created,2025-05-26 02:00:00,Los Angeles,WA
ORD0001968,SHP001503,E000148,in_transit,2025-12-25 05:00:00,Seattle,FL
ORD0000370,SHP001691,E002194,out_for_delivery,2025-01-22 17:00:00,Los Angeles,AZ
ORD0000914,SHP001023,E000489,in_transit,2025-10-29 11:00:00,Chicago,WA
ORD0002132,SHP001164,E003917,in_transit,2025-12-12 18:00:00,Los Angeles,CA
ORD0001657,SHP000031,E003510,delivered,2025-11-04 18:00:00,New York,CA
ORD0001763,SHP000357,E003375,in_transit,2025-06-28 06:00:00,Miami,TX
ORD0001298,SHP000330,E003256,picked_up,2025-06-11 15:00:00,Chicago,WA
ORD0000749,SHP001694,E002582,out_for_delivery,2025-06-26 05:00:00,Miami,CA
ORD0002199,SHP000413,E003961,out_for_delivery,2025-07-10 12:00:00,Chicago,IL
ORD0001415,SHP000508,E001986,label_created,2025-06-21 00:00:00,Phoenix,FL
ORD0001897,SHP001530,E003137,out_for_delivery,2025-09-19 19:00:00,Chicago,CA
ORD0000169,SHP001022,E001122,label_created,2025-11-11 09:00:00,Miami,CA
ORD0000532,SHP001164,E002355,in_transit,2025-06-29 09:00:00,Los Angeles,IL
ORD0001802,SHP000752,E003034,in_transit,2025-10-20 00:00:00,Phoenix,TX
ORD0002140,SHP000621,E005441,picked_up,2025-07-14 13:00:00,Seattle,IL
ORD0000868,SHP001572,E003342,in_transit,2025-12-19 17:00:00,Miami,FL
ORD0000670,SHP000880,E005329,in_transit,2025-11-13 13:00:00,Seattle,AZ
ORD0001115,SHP001492,E002931,in_transit,2025-05-25 05:00:00,Seattle,FL
ORD0000752,SHP000988,E005352,label_created,2025-02-03 03:00:00,Chicago,TX
ORD0001309,SHP001278,E003321,label_created,2025-02-18 04:00:00,Chicago,NY
ORD0001722,SHP001483,E000437,delivered,2025-09-05 05:00:00,Dallas,CO
ORD0000212,SHP001539,E000565,label_created,2025-11-13 03:00:00,Chicago,CA
ORD0000102,SHP000962,E001143,label_created,2025-06-17 17:00:00,Chicago,NY
ORD0001918,SHP000946,E002670,in_transit,2025-12-16 05:00:00,Dallas,WA
ORD0000123,SHP001337,E001389,out_for_delivery,2025-10-22 15:00:00,Chicago,TX
ORD0000531,SHP000985,E002429,in_transit,2025-09-24 18:00:00,Seattle,CA
ORD0001085,SHP001140,E003599,in_transit,2025-08-18 22:00:00,Miami,CA
ORD0000233,SHP001016,E002893,out_for_delivery,2025-12-10 22:00:00,Los Angeles,TX
ORD0000336,SHP001487,E005405,in_transit,2025-05-19 19:00:00,Denver,WA
ORD0002091,SHP000424,E002200,in_transit,2025-01-29 17:00:00,Chicago,FL
ORD0001466,SHP000914,E000461,in_transit,2025-07-11 06:00:00,New York,FL
ORD0000002,SHP001552,E000708,picked_up,2025-06-26 19:00:00,Denver,CA
ORD0000334,SHP000126,E001312,out_for_delivery,2025-01-20 23:00:00,New York,AZ
ORD0001481,SHP001537,E004356,delivered,2025-01-18 06:00:00,Miami,TX
ORD0001396,SHP000476,E004842,delivered,2025-11-07 18:00:00,Miami,IL
ORD0001987,SHP000596,E000657,in_transit,2025-07-26 06:00:00,Miami,TX
ORD0000362,SHP001395,E000457,out_for_delivery,2025-09-11 04:00:00,Denver,TX
ORD0001604,SHP000755,E000794,in_transit,2025-02-01 12:00:00,Los Angeles,TX
ORD0000672,SHP000641,E002860,picked_up,2025-11-15 19:00:00,New York,NY
ORD0001342,SHP000485,E005384,label_created,2025-08-01 18:00:00,New York,TX
ORD0000896,SHP001196,E001466,in_transit,2025-02-20 05:00:00,Chicago,FL
ORD0000840,SHP001288,E002081,out_for_delivery,2025-03-11 00:00:00,Seattle,FL
ORD0002199,SHP001368,E003290,picked_up,2025-03-30 07:00:00,Phoenix,NY
ORD0000603,SHP000181,E000653,out_for_delivery,2025-12-24 06:00:00,Denver,FL
ORD0000744,SHP001724,E002233,in_transit,2025-09-10 04:00:00,Chicago,CA
ORD0001526,SHP000282,E002267,in_transit,2025-07-19 04:00:00,Chicago,AZ
ORD0001762,SHP000010,E000779,in_transit,2025-04-10 07:00:00,Phoenix,TX
ORD0002174,SHP000909,E000440,delivered,2025-12-29 00:00:00,Phoenix,CO
ORD0001755,SHP001629,E001173,picked_up,2025-04-23 02:00:00,New York,FL
ORD0001498,SHP000049,E000008,out_for_delivery,2025-01-11 21:00:00,New York,TX
ORD0001763,SHP000357,E003226,label_created,2025-10-20 13:00:00,Seattle,TX
ORD0000397,SHP000286,E000615,in_transit,2025-03-05 02:00:00,Seattle,FL
ORD0001201,SHP001134,E001099,picked_up,2025-04-23 03:00:00,New York,WA
ORD0000855,SHP000614,E001535,picked_up,2025-12-23 03:00:00,New York,IL
ORD0001819,SHP000093,E005477,in_transit,2025-03-20 14:00:00,Dallas,TX
ORD0000420,SHP000552,E005435,picked_up,2025-08-29 10:00:00,Miami,FL
ORD0000962,SHP000166,E003283,exception,2025-06-20 22:00:00,Denver,FL
ORD0002049,SHP000765,E003456,exception,2025-09-05 22:00:00,New York,CO
ORD0001059,SHP001233,E003653,in_transit,2025-11-16 10:00:00,Los Angeles,AZ
ORD0000375,SHP001255,E001070,exception,2025-04-30 04:00:00,Dallas,WA
ORD0001049,SHP000368,E004222,picked_up,2025-10-26 16:00:00,Miami,FL
ORD0000431,SHP001207,E004916,delivered,2025-04-05 12:00:00,Seattle,WA
ORD0000479,SHP000387,E001627,out_for_delivery,2025-05-03 13:00:00,Denver,AZ
ORD0001543,SHP001380,E000996,out_for_delivery,2025-10-14 22:00:00,Los Angeles,AZ
ORD0002054,SHP000059,E003982,picked_up,2025-06-04 14:00:00,Chicago,AZ
ORD0000417,SHP001635,E002652,picked_up,2025-08-24 06:00:00,Seattle,NY
ORD0002016,SHP000339,E003600,delivered,2025-09-23 20:00:00,Chicago,TX
ORD0002025,SHP001319,E002450,in_transit,2025-01-27 14:00:00,New York,NY
ORD0000991,SHP001691,E003017,picked_up,2025-07-16 10:00:00,Los Angeles,IL
ORD0001501,SHP000464,E001321,label_created,2025-11-28 02:00:00,Denver,TX
ORD0001721,SHP000015,E003473,in_transit,2025-04-07 19:00:00,Seattle,TX
ORD0001385,SHP000014,E001367,picked_up,2025-02-09 12:00:00,Chicago,CA
ORD0000847,SHP000800,E001119,out_for_delivery,2025-11-20 02:00:00,Miami,CA
ORD0001956,SHP000678,E003969,delivered,2025-07-18 11:00:00,Los Angeles,AZ
ORD0000315,SHP000794,E001159,picked_up,2025-07-20 22:00:00,New York,FL
ORD0001679,SHP000811,E001608,picked_up,2025-12-26 13:00:00,Miami,AZ
ORD0001224,SHP001328,E003752,in_transit,2025-10-01 07:00:00,Phoenix,AZ
ORD0000611,SHP000906,E001535,exception,2025-05-28 17:00:00,Phoenix,CO
ORD0001412,SHP000914,E001951,in_transit,2025-03-02 00:00:00,Los Angeles,WA
ORD0001134,SHP000272,E005280,in_transit,2025-12-03 11:00:00,Miami,CO
ORD0000966,SHP000753,E001661,picked_up,2025-06-12 12:00:00,Miami,CA
ORD0001800,SHP000702,E001119,delivered,2025-01-01 02:00:00,Denver,FL
ORD0001369,SHP000133,E002990,in_transit,2025-01-09 11:00:00,Dallas,AZ
ORD0000807,SHP000727,E002853,in_transit,2025-03-12 22:00:00,Dallas,IL
ORD0001897,SHP000395,E000167,out_for_delivery,2025-01-15 09:00:00,Los Angeles,CO
ORD0001147,SHP000686,E003387,label_created,2025-05-09 15:00:00,Seattle,CA
ORD0001967,SHP000123,E005543,picked_up,2025-09-10 10:00:00,Miami,FL
ORD0000595,SHP000299,E005197,in_transit,2025-06-14 17:00:00,Dallas,NY
ORD0001956,SHP001105,E004653,label_created,2025-09-13 12:00:00,Chicago,IL
ORD0001724,SHP000254,E004853,in_transit,2025-06-09 19:00:00,Seattle,NY
ORD0000469,SHP001501,E002086,delivered,2025-09-18 05:00:00,Miami,AZ
ORD0001835,SHP000217,E005505,delivered,2025-04-21 23:00:00,Denver,WA
ORD0001689,SHP000232,E004304,out_for_delivery,2025-05-05 00:00:00,Miami,TX
ORD0001293,SHP001550,E004649,in_transit,2025-01-23 06:00:00,New York,AZ
ORD0001656,SHP001325,E002258,in_transit,2025-07-29 10:00:00,Miami,AZ
ORD0001354,SHP000831,E005525,in_transit,2025-05-22 17:00:00,Miami,CO
ORD0000940,SHP000333,E000990,in_transit,2025-07-26 20:00:00,New York,WA
ORD0002151,SHP000367,E005439,picked_up,2025-01-25 18:00:00,Dallas,AZ
ORD0001023,SHP000907,E002148,in_transit,2025-05-28 03:00:00,Dallas,AZ
ORD0000994,SHP000703,E005069,out_for_delivery,2025-07-29 04:00:00,Miami,IL
ORD0000868,SHP000585,E004558,delivered,2025-10-03 23:00:00,Los Angeles,FL
ORD0002078,SHP000310,E002555,in_transit,2025-11-25 16:00:00,Seattle,IL
ORD0000324,SHP000234,E001781,in_transit,2025-07-05 20:00:00,Phoenix,FL
ORD0001793,SHP001538,E001579,delivered,2025-04-14 15:00:00,Los Angeles,WA
ORD0001456,SHP000142,E005173,picked_up,2025-06-16 05:00:00,Dallas,NY
ORD0001723,SHP001491,E002602,out_for_delivery,2025-10-08 18:00:00,Chicago,NY
ORD0001382,SHP001565,E000552,picked_up,2025-06-09 17:00:00,Phoenix,IL
ORD0001229,SHP000498,E003156,delivered,2025-11-23 13:00:00,Miami,FL
ORD0000576,SHP000878,E003567,picked_up,2025-11-19 09:00:00,Denver,FL
ORD0001461,SHP001447,E005619,in_transit,2025-11-14 07:00:00,Miami,CO
ORD0000465,SHP000423,E000548,in_transit,2025-06-18 08:00:00,Miami,IL
ORD0001496,SHP001467,E002092,in_transit,2025-05-03 01:00:00,Seattle,NY
ORD0000765,SHP001415,E004788,in_transit,2025-05-03 19:00:00,Seattle,TX
ORD0001897,SHP000395,E001606,label_created,2025-10-08 15:00:00,Phoenix,AZ
ORD0002199,SHP000413,E000829,picked_up,2025-10-27 23:00:00,New York,IL
ORD0000582,SHP001629,E002845,label_created,2025-06-30 05:00:00,Seattle,CA
ORD0002185,SHP001012,E003139,out_for_delivery,2025-01-21 11:00:00,Seattle,WA
ORD0000900,SHP001118,E001761,picked_up,2025-03-04 23:00:00,Los Angeles,FL
ORD0001399,SHP000822,E003971,picked_up,2025-05-09 23:00:00,Phoenix,IL
ORD0001245,SHP001201,E004141,out_for_delivery,2025-10-29 16:00:00,New York,FL
ORD0002002,SHP000367,E003421,in_transit,2025-09-19 00:00:00,Denver,CO
ORD0000161,SHP001146,E001096,picked_up,2025-11-01 22:00:00,New York,TX
ORD0000363,SHP000957,E002146,in_transit,2025-12-03 23:00:00,Seattle,TX
ORD0001059,SHP001654,E001194,in_transit,2025-04-29 03:00:00,Miami,CO
ORD0000940,SHP001327,E002440,in_transit,2025-08-13 21:00:00,Los Angeles,CA
ORD0001215,SHP001297,E005612,out_for_delivery,2025-11-28 17:00:00,New York,CO
ORD0001622,SHP001361,E005688,in_transit,2025-12-19 02:00:00,Denver,NY
ORD0001393,SHP001280,E003107,picked_up,2025-06-23 07:00:00,Miami,NY
ORD0000164,SHP001503,E000756,delivered,2025-11-23 12:00:00,Phoenix,TX
ORD0001234,SHP000384,E005084,delivered,2025-09-26 23:00:00,Los Angeles,IL
ORD0000831,SHP000737,E000979,delivered,2025-06-20 00:00:00,Los Angeles,CO
ORD0001190,SHP000523,E001701,picked_up,2025-12-10 01:00:00,Los Angeles,FL
ORD0000548,SHP000144,E002959,delivered,2025-09-29 13:00:00,Los Angeles,AZ
ORD0001589,SHP001315,E001009,out_for_delivery,2025-10-23 00:00:00,Chicago,WA
ORD0001234,SHP000508,E004776,out_for_delivery,2025-07-22 00:00:00,Dallas,NY
ORD0000586,SHP000506,E002236,delivered,2025-08-27 19:00:00,New York,TX
ORD0000537,SHP000732,E004470,delivered,2025-09-07 22:00:00,Seattle,TX
ORD0000505,SHP000882,E004443,delivered,2025-10-12 21:00:00,New York,IL
ORD0000730,SHP000106,E004100,in_transit,2025-07-15 01:00:00,Denver,TX
ORD0000846,SHP000051,E001135,in_transit,2025-01-29 10:00:00,Dallas,AZ
ORD0000138,SHP000042,E004435,exception,2025-10-02 13:00:00,Chicago,CO
ORD0000106,SHP000125,E005298,out_for_delivery,2025-03-26 19:00:00,Denver,CO
ORD0001672,SHP000512,E004305,picked_up,2025-02-20 16:00:00,Seattle,TX
ORD0001489,SHP000851,E002565,delivered,2025-10-09 16:00:00,Seattle,WA
ORD0000381,SHP001622,E002049,in_transit,2025-03-04 07:00:00,Miami,IL
ORD0000368,SHP001248,E001155,in_transit,2025-07-17 05:00:00,Seattle,NY
ORD0001780,SHP001420,E002177,exception,2025-01-26 03:00:00,Dallas,CO
ORD0001650,SHP000152,E002714,out_for_delivery,2025-09-13 11:00:00,Seattle,NY
ORD0000298,SHP001288,E002738,exception,2025-05-06 14:00:00,Miami,AZ
ORD0000024,SHP000785,E002356,in_transit,2025-10-17 03:00:00,Miami,NY
ORD0000044,SHP000500,E001148,label_created,2025-10-28 09:00:00,New York,WA
ORD0001670,SHP001196,E005167,in_transit,2025-11-27 12:00:00,New York,AZ
ORD0001021,SHP001087,E004607,delivered,2025-11-16 04:00:00,New York,FL
ORD0000766,SHP001109,E001748,out_for_delivery,2025-01-14 01:00:00,New York,CA
ORD0000116,SHP000635,E001211,label_created,2025-07-17 02:00:00,Dallas,TX
ORD0000198,SHP000456,E005696,in_transit,2025-11-26 02:00:00,Chicago,TX
ORD0000215,SHP001739,E000795,exception,2025-01-21 23:00:00,Miami,CA
ORD0000492,SHP001652,E000902,in_transit,2025-12-31 06:00:00,Denver,CO
ORD0000618,SHP000475,E001888,picked_up,2025-08-04 20:00:00,Los Angeles,CA
ORD0000051,SHP000071,E005241,in_transit,2025-04-11 11:00:00,Seattle,WA
ORD0002104,SHP000266,E000331,picked_up,2025-02-20 15:00:00,Los Angeles,AZ
ORD0001687,SHP000673,E003615,delivered,2025-09-23 06:00:00,Dallas,TX
ORD0000020,SHP001340,E002752,out_for_delivery,2025-11-01 17:00:00,Dallas,AZ
ORD0001067,SHP001157,E005191,picked_up,2025-05-31 15:00:00,Phoenix,IL
ORD0001361,SHP001514,E000748,out_for_delivery,2025-01-01 20:00:00,Denver,IL
ORD0000592,SHP000553,E001769,out_for_delivery,2025-03-10 08:00:00,Phoenix,NY
ORD0001342,SHP001238,E001446,exception,2025-02-20 13:00:00,Miami,CO
ORD0001579,SHP001597,E000415,picked_up,2025-09-14 23:00:00,Denver,WA
ORD0001556,SHP000730,E001096,picked_up,2025-07-08 18:00:00,Dallas,WA
ORD0000351,SHP001742,E003392,picked_up,2025-07-22 08:00:00,Miami,CO
ORD0001097,SHP000772,E004753,out_for_delivery,2025-12-18 18:00:00,Phoenix,TX
ORD0000971,SHP001074,E005025,label_created,2025-04-28 02:00:00,Denver,TX
ORD0000175,SHP001388,E001359,exception,2025-11-27 13:00:00,Los Angeles,NY
ORD0000480,SHP000036,E002494,label_created,2025-11-07 17:00:00,Dallas,IL
ORD0000480,SHP000927,E001999,out_for_delivery,2025-12-14 00:00:00,Seattle,WA
ORD0000748,SHP000217,E005203,out_for_delivery,2025-11-22 19:00:00,Phoenix,AZ
ORD0001414,SHP000297,E002217,picked_up,2025-12-04 17:00:00,Miami,FL
ORD0000174,SHP000968,E004855,in_transit,2025-08-15 14:00:00,Miami,NY
ORD0001137,SHP001765,E002404,picked_up,2025-04-14 05:00:00,Chicago,CO
ORD0000633,SHP000804,E000730,out_for_delivery,2025-09-23 03:00:00,Los Angeles,AZ
ORD0001593,SHP000488,E003204,in_transit,2025-05-03 02:00:00,Seattle,FL
ORD0002161,SHP000873,E001898,label_created,2025-02-26 07:00:00,Los Angeles,FL
ORD0001957,SHP001188,E001784,picked_up,2025-09-17 10:00:00,Seattle,IL
ORD0000403,SHP001249,E005635,picked_up,2025-02-22 22:00:00,Chicago,TX
ORD0000903,SHP000195,E001897,in_transit,2025-06-10 06:00:00,Los Angeles,AZ
ORD0000641,SHP000086,E002709,picked_up,2025-01-09 19:00:00,Miami,CA
ORD0001604,SHP000475,E003085,out_for_delivery,2025-03-12 19:00:00,Chicago,CO
ORD0001613,SHP000777,E004908,label_created,2025-10-29 10:00:00,Phoenix,IL
ORD0002041,SHP000085,E002648,in_transit,2025-07-15 10:00:00,Dallas,NY
ORD0001809,SHP000654,E004405,out_for_delivery,2025-07-05 12:00:00,Denver,FL
ORD0000387,SHP001117,E001424,in_transit,2025-09-12 20:00:00,Phoenix,TX
ORD0000935,SHP001222,E000708,picked_up,2025-10-13 17:00:00,New York,IL
ORD0000807,SHP000425,E003370,label_created,2025-07-21 16:00:00,Miami,IL
ORD0001623,SHP000446,E004650,delivered,2025-12-18 16:00:00,New York,CO
ORD0002145,SHP000554,E001251,exception,2025-07-02 11:00:00,Chicago,CA
ORD0000275,SHP000508,E001131,label_created,2025-03-11 00:00:00,Phoenix,CO
ORD0000583,SHP000691,E002683,in_transit,2025-06-21 13:00:00,Seattle,IL
ORD0001294,SHP000376,E004810,out_for_delivery,2025-08-15 08:00:00,Phoenix,FL
ORD0001318,SHP000595,E003029,in_transit,2025-01-11 04:00:00,Los Angeles,CO
ORD0001685,SHP000443,E003515,picked_up,2025-09-16 17:00:00,Seattle,CO
ORD0002028,SHP001768,E004724,picked_up,2025-02-12 06:00:00,Miami,CO
ORD0002100,SHP000532,E000403,out_for_delivery,2025-08-10 22:00:00,New York,AZ
ORD0001249,SHP000075,E002265,out_for_delivery,2025-12-15 15:00:00,New York,CO
ORD0001419,SHP001661,E001759,in_transit,2025-09-26 15:00:00,Chicago,NY
ORD0001127,SHP001714,E004239,in_transit,2025-06-06 15:00:00,Denver,TX
ORD0001668,SHP000956,E002695,in_transit,2025-12-25 08:00:00,Miami,FL
ORD0000823,SHP000127,E001339,delivered,2025-05-08 01:00:00,New York,CA
ORD0000939,SHP000451,E001823,delivered,2025-09-18 06:00:00,New York,TX
ORD0001666,SHP000920,E002643,in_transit,2025-12-01 07:00:00,Los Angeles,AZ
ORD0001749,SHP000954,E000154,out_for_delivery,2025-02-16 04:00:00,Miami,WA
ORD0001109,SHP000643,E000536,out_for_delivery,2025-10-13 00:00:00,Miami,TX
ORD0002088,SHP000612,E003508,in_transit,2025-11-29 03:00:00,Los Angeles,AZ
ORD0000977,SHP000436,E004693,in_transit,2025-09-06 12:00:00,Phoenix,NY
ORD0000909,SHP001235,E001479,picked_up,2025-05-31 04:00:00,Miami,AZ
ORD0001629,SHP000791,E003328,in_transit,2025-03-24 02:00:00,Miami,IL
ORD0000258,SHP000522,E004244,out_for_delivery,2025-06-05 10:00:00,Chicago,AZ
ORD0000841,SHP000011,E003400,picked_up,2025-05-23 09:00:00,Seattle,NY
ORD0001200,SHP000843,E005360,in_transit,2025-01-15 08:00:00,Denver,NY
ORD0002076,SHP000297,E002582,label_created,2025-05-26 03:00:00,Dallas,FL
ORD0000388,SHP001769,E002097,exception,2025-01-02 14:00:00,Phoenix,NY
ORD0000048,SHP001478,E004430,in_transit,2025-03-29 04:00:00,Seattle,CO
ORD0000495,SHP000941,E003634,picked_up,2025-03-14 17:00:00,Phoenix,AZ
ORD0000618,SHP000475,E003667,in_transit,2025-10-14 19:00:00,Chicago,IL
ORD0001741,SHP000116,E002602,picked_up,2025-01-18 00:00:00,Dallas,NY
ORD0000861,SHP000320,E004327,in_transit,2025-04-02 18:00:00,Denver,CO
ORD0000335,SHP000487,E003288,picked_up,2025-10-08 01:00:00,Phoenix,IL
ORD0000992,SHP000061,E000154,delivered,2025-05-04 13:00:00,Chicago,CA
ORD0001046,SHP000241,E000189,in_transit,2025-05-19 13:00:00,Miami,TX
ORD0001683,SHP000979,E004674,out_for_delivery,2025-01-02 12:00:00,Los Angeles,TX
ORD0002062,SHP001591,E001262,in_transit,2025-08-26 08:00:00,Chicago,AZ
ORD0001013,SHP000388,E003434,out_for_delivery,2025-03-03 23:00:00,Phoenix,AZ
ORD0000391,SHP000294,E004572,in_transit,2025-01-30 22:00:00,Seattle,FL
ORD0001912,SHP001636,E004915,picked_up,2025-08-16 07:00:00,Los Angeles,AZ
ORD0000836,SHP000681,E000608,exception,2025-10-07 06:00:00,Phoenix,AZ
ORD0001653,SHP000866,E005276,picked_up,2025-08-25 10:00:00,Phoenix,CA
ORD0001249,SHP000331,E002260,delivered,2025-06-17 23:00:00,Miami,CO
ORD0000717,SHP000919,E000530,picked_up,2025-09-17 10:00:00,Chicago,TX
ORD0000466,SHP000708,E000934,out_for_delivery,2025-08-28 04:00:00,Los Angeles,FL
ORD0002137,SHP000347,E005268,in_transit,2025-07-29 12:00:00,Dallas,NY
ORD0002072,SHP000440,E005034,picked_up,2025-02-22 01:00:00,Los Angeles,CO
ORD0001358,SHP000544,E004230,out_for_delivery,2025-01-05 01:00:00,Los Angeles,FL
ORD0000140,SHP000761,E005526,in_transit,2025-03-10 03:00:00,Miami,TX
ORD0001217,SHP000978,E002642,in_transit,2025-05-29 13:00:00,Denver,FL
ORD0000378,SHP000211,E001356,in_transit,2025-10-07 14:00:00,Miami,TX
ORD0001409,SHP001090,E001702,picked_up,2025-08-02 15:00:00,Los Angeles,AZ
ORD0000638,SHP000399,E000205,delivered,2025-10-03 19:00:00,Miami,WA
ORD0000249,SHP001455,E000841,out_for_delivery,2025-05-15 10:00:00,Phoenix,FL
ORD0000611,SHP000969,E000649,delivered,2025-07-25 01:00:00,Phoenix,IL
ORD0002185,SHP001416,E004078,picked_up,2025-09-22 04:00:00,Seattle,CO
ORD0002009,SHP000805,E001964,in_transit,2025-09-01 01:00:00,Chicago,NY
ORD0001659,SHP001625,E003544,picked_up,2025-01-22 20:00:00,Denver,IL
ORD0001689,SHP000557,E000745,out_for_delivery,2025-10-21 02:00:00,Denver,IL
ORD0001361,SHP000180,E005250,in_transit,2025-07-22 09:00:00,Phoenix,CA
ORD0001737,SHP000332,E004491,out_for_delivery,2025-04-04 02:00:00,New York,WA
ORD0001865,SHP000259,E002819,picked_up,2025-03-03 00:00:00,Dallas,TX
ORD0001265,SHP001680,E002706,label_created,2025-09-28 02:00:00,Seattle,WA
ORD0001634,SHP001123,E005488,out_for_delivery,2025-12-08 17:00:00,Los Angeles,IL
ORD0001330,SHP000217,E002103,delivered,2025-05-17 14:00:00,Los Angeles,CA
ORD0000820,SHP000115,E003723,picked_up,2025-12-22 04:00:00,Miami,AZ
ORD0000789,SHP001522,E002849,out_for_delivery,2025-01-06 00:00:00,Dallas,AZ
ORD0000367,SHP001163,E004697,in_transit,2025-08-26 22:00:00,Los Angeles,TX
ORD0000544,SHP000694,E000330,in_transit,2025-11-25 17:00:00,Dallas,NY
ORD0000060,SHP001622,E002117,in_transit,2025-02-01 01:00:00,New York,CO
ORD0001108,SHP000087,E005250,label_created,2025-04-19 06:00:00,Miami,IL
ORD0000706,SHP001261,E001002,picked_up,2025-05-16 22:00:00,Los Angeles,IL
ORD0001279,SHP000585,E001251,in_transit,2025-05-02 02:00:00,Chicago,CO
ORD0000756,SHP001299,E005215,picked_up,2025-01-25 00:00:00,Los Angeles,CA
ORD0000470,SHP000814,E001940,out_for_delivery,2025-09-19 19:00:00,New York,FL
ORD0000063,SHP000282,E001111,picked_up,2025-10-26 04:00:00,Chicago,NY
ORD0001745,SHP001746,E005407,delivered,2025-09-29 12:00:00,New York,CA
ORD0001955,SHP000710,E002379,picked_up,2025-07-31 07:00:00,Denver,CO
ORD0001637,SHP000058,E000620,in_transit,2025-04-11 14:00:00,Dallas,NY
ORD0001992,SHP001066,E001891,in_transit,2025-09-29 09:00:00,Seattle,NY
ORD0000371,SHP000708,E003906,in_transit,2025-09-07 00:00:00,Denver,TX
ORD0000104,SHP001730,E001852,out_for_delivery,2025-03-14 17:00:00,Phoenix,NY
ORD0000256,SHP001500,E004635,out_for_delivery,2025-02-22 06:00:00,Seattle,CA
ORD0001123,SHP001724,E002947,delivered,2025-09-22 11:00:00,New York,NY
ORD0001719,SHP000881,E001177,in_transit,2025-02-25 08:00:00,Miami,NY
ORD0000196,SHP001323,E000364,picked_up,2025-02-06 10:00:00,Denver,AZ
ORD0001415,SHP001667,E002766,in_transit,2025-01-04 08:00:00,Phoenix,AZ
ORD0001160,SHP000133,E001577,in_transit,2025-01-31 14:00:00,New York,WA
ORD0001533,SHP000042,E003960,out_for_delivery,2025-02-02 09:00:00,Dallas,WA
ORD0001797,SHP000516,E003744,label_created,2025-09-28 23:00:00,New York,FL
ORD0000113,SHP001272,E002006,picked_up,2025-08-22 02:00:00,Seattle,CA
ORD0001836,SHP000761,E000033,out_for_delivery,2025-07-05 19:00:00,Seattle,TX
ORD0000810,SHP000587,E002660,picked_up,2025-02-08 05:00:00,Phoenix,NY
ORD0001487,SHP000820,E003170,in_transit,2025-08-08 08:00:00,Chicago,TX
ORD0002089,SHP000455,E005147,in_transit,2025-12-14 17:00:00,Dallas,CA
ORD0001533,SHP000042,E005314,out_for_delivery,2025-12-13 19:00:00,Chicago,CO
ORD0000544,SHP000591,E004071,exception,2025-10-22 17:00:00,Seattle,IL
ORD0000841,SHP000011,E004439,label_created,2025-11-09 13:00:00,New York,CO
ORD0001355,SHP000889,E000666,in_transit,2025-10-25 12:00:00,Chicago,WA
ORD0000137,SHP001607,E002198,in_transit,2025-07-05 00:00:00,Phoenix,FL
ORD0002167,SHP000057,E002211,label_created,2025-04-15 07:00:00,New York,IL
ORD0001741,SHP000116,E004040,in_transit,2025-09-09 15:00:00,Miami,FL
ORD0001809,SHP001362,E005173,label_created,2025-12-08 20:00:00,Los Angeles,IL
ORD0000037,SHP001166,E002845,in_transit,2025-08-23 12:00:00,Miami,CA
ORD0001971,SHP001392,E001459,in_transit,2025-02-03 09:00:00,Los Angeles,IL
ORD0001891,SHP001658,E001151,in_transit,2025-02-22 03:00:00,Dallas,TX
ORD0001345,SHP000851,E005516,picked_up,2025-03-06 04:00:00,Chicago,AZ
ORD0000138,SHP000042,E005568,out_for_delivery,2025-08-27 05:00:00,Miami,WA
ORD0001409,SHP001090,E000775,out_for_delivery,2025-10-02 22:00:00,Seattle,FL
ORD0000171,SHP001525,E001440,out_for_delivery,2025-07-22 06:00:00,Chicago,CA
ORD0000500,SHP001519,E000072,in_transit,2025-04-29 18:00:00,Dallas,IL
ORD0000835,SHP001492,E001180,in_transit,2025-02-20 05:00:00,Seattle,CA
ORD0000258,SHP000310,E002860,in_transit,2025-08-28 05:00:00,Seattle,IL
ORD0002059,SHP000470,E002195,picked_up,2025-08-06 01:00:00,Phoenix,AZ
ORD0002175,SHP000534,E001312,label_created,2025-07-17 18:00:00,Miami,WA
ORD0001134,SHP000796,E004166,in_transit,2025-09-18 09:00:00,New York,IL
ORD0001372,SHP001739,E001437,picked_up,2025-05-18 15:00:00,Denver,WA
ORD0000123,SHP000234,E000335,out_for_delivery,2025-01-05 11:00:00,Los Angeles,FL
ORD0001203,SHP001669,E005691,delivered,2025-08-06 09:00:00,Seattle,WA
ORD0000001,SHP000923,E004668,in_transit,2025-06-11 11:00:00,Denver,AZ
ORD0001871,SHP001260,E005343,delivered,2025-12-28 23:00:00,Los Angeles,WA
ORD0000392,SHP000426,E001667,in_transit,2025-10-01 07:00:00,Los Angeles,AZ
ORD0001938,SHP001377,E003293,out_for_delivery,2025-12-14 06:00:00,Los Angeles,AZ
ORD0000279,SHP001493,E000028,out_for_delivery,2025-03-06 23:00:00,Los Angeles,AZ
ORD0002067,SHP000619,E001467,out_for_delivery,2025-04-03 04:00:00,Chicago,IL
ORD0000878,SHP001698,E001304,label_created,2025-12-19 12:00:00,Dallas,IL
ORD0000733,SHP001345,E003551,out_for_delivery,2025-05-05 09:00:00,Denver,CA
ORD0002005,SHP000846,E001887,picked_up,2025-02-13 16:00:00,Seattle,CA
ORD0001549,SHP000963,E004330,label_created,2025-11-20 04:00:00,Dallas,AZ
ORD0001107,SHP001594,E001407,picked_up,2025-05-25 23:00:00,Chicago,CA
ORD0000505,SHP000882,E004295,in_transit,2025-05-31 00:00:00,Seattle,CO
ORD0001330,SHP000587,E001437,in_transit,2025-01-04 10:00:00,Chicago,CA
ORD0002034,SHP000267,E002683,exception,2025-03-03 19:00:00,Miami,FL
ORD0001281,SHP000651,E001118,in_transit,2025-06-29 06:00:00,New York,CA
ORD0000686,SHP001683,E004284,in_transit,2025-09-25 08:00:00,Miami,NY
ORD0000100,SHP001763,E004579,label_created,2025-07-27 07:00:00,New York,FL
ORD0000643,SHP000942,E005694,delivered,2025-09-27 23:00:00,Chicago,AZ
ORD0001508,SHP000726,E004810,in_transit,2025-02-11 12:00:00,Phoenix,CO
ORD0001145,SHP001306,E001172,delivered,2025-11-25 23:00:00,Dallas,CA
ORD0000194,SHP000989,E003624,out_for_delivery,2025-07-10 21:00:00,Seattle,CA
ORD0001543,SHP001301,E004657,in_transit,2025-10-22 09:00:00,New York,WA
ORD0000051,SHP000598,E001491,label_created,2025-11-26 00:00:00,Seattle,AZ
ORD0001331,SHP001135,E004031,in_transit,2025-11-25 13:00:00,Phoenix,IL
ORD0001296,SHP001315,E001892,picked_up,2025-08-01 13:00:00,Dallas,CO
ORD0001560,SHP000634,E004646,label_created,2025-03-10 16:00:00,Phoenix,TX
ORD0000748,SHP000342,E001166,in_transit,2025-01-31 05:00:00,Dallas,CA
ORD0002065,SHP000387,E002407,in_transit,2025-08-20 09:00:00,Seattle,NY
ORD0000690,SHP001795,E000970,in_transit,2025-10-19 03:00:00,Phoenix,CO
ORD0000391,SHP000294,E004803,in_transit,2025-02-14 07:00:00,Dallas,NY
ORD0000592,SHP000943,E005687,out_for_delivery,2025-01-30 16:00:00,Dallas,NY
ORD0001545,SHP001023,E005067,delivered,2025-02-06 17:00:00,Miami,WA
ORD0001843,SHP000340,E004472,picked_up,2025-12-01 09:00:00,Phoenix,TX
ORD0000773,SHP000959,E004315,in_transit,2025-08-25 00:00:00,Phoenix,FL
ORD0002146,SHP000312,E001950,in_transit,2025-12-20 13:00:00,Phoenix,CA
ORD0000669,SHP001170,E004298,out_for_delivery,2025-03-23 17:00:00,Phoenix,AZ
ORD0000936,SHP001615,E003086,in_transit,2025-12-17 00:00:00,Chicago,CO
ORD0001131,SHP000292,E003731,in_transit,2025-02-20 21:00:00,Chicago,TX
ORD0002062,SHP001764,E003830,picked_up,2025-01-15 00:00:00,Los Angeles,FL
ORD0001179,SHP001473,E004098,delivered,2025-03-18 01:00:00,Denver,WA
ORD0001094,SHP000051,E003426,in_transit,2025-05-30 22:00:00,Denver,FL
ORD0001258,SHP000147,E004251,in_transit,2025-10-14 04:00:00,Miami,TX
ORD0001436,SHP001765,E004687,in_transit,2025-11-10 03:00:00,Seattle,NY
ORD0001755,SHP000777,E003025,in_transit,2025-07-17 07:00:00,Phoenix,NY
ORD0002145,SHP001251,E003626,picked_up,2025-10-14 14:00:00,Dallas,CO
ORD0001050,SHP000693,E004404,in_transit,2025-12-26 01:00:00,Miami,FL
ORD0002057,SHP000972,E004535,out_for_delivery,2025-10-01 14:00:00,Chicago,CO
ORD0002019,SHP000988,E004038,in_transit,2025-03-16 13:00:00,Miami,CA
ORD0001049,SHP000918,E000835,out_for_delivery,2025-01-26 08:00:00,Dallas,IL
ORD0000315,SHP000417,E002534,picked_up,2025-05-18 13:00:00,Denver,FL
ORD0001047,SHP000465,E001911,in_transit,2025-03-09 05:00:00,New York,TX
ORD0000869,SHP000148,E003669,in_transit,2025-12-11 16:00:00,Dallas,WA
ORD0000358,SHP000858,E001772,label_created,2025-12-22 04:00:00,New York,WA
ORD0001757,SHP001528,E002404,delivered,2025-02-15 23:00:00,Dallas,AZ
ORD0001956,SHP000678,E005270,exception,2025-10-29 21:00:00,Phoenix,FL
ORD0000862,SHP001376,E004598,in_transit,2025-10-05 21:00:00,Phoenix,NY
ORD0000302,SHP000530,E005668,in_transit,2025-09-30 18:00:00,New York,NY
ORD0000623,SHP000551,E000981,exception,2025-04-06 09:00:00,Phoenix,AZ
ORD0000253,SHP001752,E000700,picked_up,2025-08-14 08:00:00,Dallas,IL
ORD0000479,SHP000021,E004545,in_transit,2025-08-16 18:00:00,Dallas,WA
ORD0001826,SHP000074,E003036,in_transit,2025-05-04 19:00:00,Chicago,IL
ORD0000778,SHP000960,E000934,in_transit,2025-03-31 12:00:00,Denver,NY
ORD0000900,SHP000478,E003016,in_transit,2025-11-07 10:00:00,Seattle,NY
ORD0002086,SHP001091,E001897,in_transit,2025-11-04 14:00:00,Los Angeles,WA
ORD0000962,SHP001334,E002518,delivered,2025-06-08 07:00:00,Phoenix,CA
ORD0000725,SHP001128,E003265,in_transit,2025-09-12 10:00:00,Los Angeles,CA
ORD0000967,SHP001145,E000439,in_transit,2025-07-14 16:00:00,Miami,AZ
ORD0000247,SHP001732,E004488,delivered,2025-09-05 11:00:00,Denver,CO
ORD0001832,SHP001012,E001861,in_transit,2025-08-12 01:00:00,Chicago,IL
ORD0000663,SHP000884,E000215,out_for_delivery,2025-02-14 16:00:00,New York,NY
ORD0000213,SHP000005,E005255,picked_up,2025-05-22 14:00:00,Los Angeles,CO
ORD0001782,SHP000317,E002550,in_transit,2025-03-16 12:00:00,Phoenix,TX
ORD0002077,SHP000667,E003623,picked_up,2025-12-15 22:00:00,Denver,CA
ORD0001821,SHP001020,E005083,in_transit,2025-07-11 13:00:00,Dallas,TX
ORD0001873,SHP001102,E004957,out_for_delivery,2025-04-23 11:00:00,Denver,WA
ORD0001088,SHP001316,E005087,out_for_delivery,2025-11-23 05:00:00,Denver,AZ
ORD0002006,SHP001341,E003789,in_transit,2025-08-16 02:00:00,Phoenix,TX
ORD0000541,SHP000300,E004869,delivered,2025-04-15 22:00:00,Dallas,AZ
ORD0000520,SHP000601,E005208,label_created,2025-06-18 22:00:00,Los Angeles,TX
ORD0001667,SHP001632,E000983,in_transit,2025-11-11 08:00:00,Dallas,WA
ORD0001781,SHP000487,E003954,picked_up,2025-10-04 11:00:00,Dallas,TX
ORD0001430,SHP001378,E003359,in_transit,2025-06-24 20:00:00,Phoenix,CO
ORD0001487,SHP001690,E004327,picked_up,2025-05-07 08:00:00,Seattle,WA
ORD0001371,SHP000488,E002435,in_transit,2025-04-12 13:00:00,Miami,CA
ORD0002035,SHP000271,E005616,picked_up,2025-06-07 02:00:00,Miami,CO
ORD0002149,SHP000519,E004342,out_for_delivery,2025-07-26 23:00:00,Phoenix,CA
ORD0000455,SHP000356,E004313,delivered,2025-01-06 05:00:00,Phoenix,AZ
ORD0000545,SHP000592,E001039,label_created,2025-02-09 23:00:00,Phoenix,WA
ORD0000453,SHP001659,E002269,delivered,2025-01-13 19:00:00,Chicago,NY
ORD0000492,SHP001652,E000599,delivered,2025-01-20 08:00:00,Phoenix,CO
ORD0002127,SHP000974,E000418,picked_up,2025-12-22 16:00:00,Miami,FL
ORD0001911,SHP001457,E001911,delivered,2025-02-19 22:00:00,Denver,FL
ORD0001709,SHP000523,E002936,in_transit,2025-12-14 22:00:00,Los Angeles,IL
ORD0000679,SHP000053,E003172,in_transit,2025-01-27 13:00:00,Dallas,AZ
ORD0000161,SHP001146,E000700,in_transit,2025-10-20 00:00:00,Phoenix,AZ
ORD0000818,SHP000800,E000069,label_created,2025-08-30 12:00:00,Phoenix,NY
ORD0000392,SHP000542,E003249,in_transit,2025-11-26 10:00:00,Dallas,NY
ORD0002129,SHP000237,E002300,in_transit,2025-08-30 01:00:00,Los Angeles,CA
ORD0000114,SHP001613,E004517,out_for_delivery,2025-05-19 01:00:00,Denver,FL
ORD0001376,SHP001734,E002629,picked_up,2025-01-14 03:00:00,Denver,AZ
ORD0000455,SHP001615,E005646,in_transit,2025-11-25 20:00:00,Chicago,AZ
ORD0000333,SHP000057,E001848,in_transit,2025-05-29 09:00:00,New York,AZ
ORD0000325,SHP001047,E001900,out_for_delivery,2025-06-30 22:00:00,Phoenix,AZ
ORD0001488,SHP000878,E004167,picked_up,2025-06-20 15:00:00,Seattle,AZ
ORD0000810,SHP000587,E000104,delivered,2025-07-01 20:00:00,Chicago,FL
ORD0002159,SHP001213,E002195,out_for_delivery,2025-04-03 10:00:00,New York,TX
ORD0001793,SHP001538,E002786,in_transit,2025-07-07 19:00:00,Phoenix,AZ
ORD0001466,SHP001226,E003352,in_transit,2025-12-02 10:00:00,Denver,CO
ORD0001180,SHP000966,E000418,in_transit,2025-12-13 11:00:00,Los Angeles,TX
ORD0000355,SHP000851,E003103,out_for_delivery,2025-06-20 06:00:00,Denver,NY
ORD0000851,SHP001366,E004279,delivered,2025-06-29 11:00:00,Denver,WA
ORD0001004,SHP000575,E003122,delivered,2025-11-25 11:00:00,Miami,IL
ORD0000172,SHP000964,E001003,in_transit,2025-08-29 05:00:00,Chicago,CO
ORD0000835,SHP001492,E000542,in_transit,2025-12-25 13:00:00,Seattle,NY
ORD0000660,SHP000893,E005650,delivered,2025-06-14 14:00:00,Dallas,AZ
ORD0001768,SHP000685,E002618,exception,2025-06-09 22:00:00,Chicago,FL
ORD0002060,SHP000921,E002996,in_transit,2025-06-07 04:00:00,Denver,CA
ORD0002075,SHP001415,E002847,label_created,2025-09-11 17:00:00,Phoenix,FL
ORD0000499,SHP000671,E005335,in_transit,2025-09-10 07:00:00,Dallas,AZ
ORD0000145,SHP000971,E000240,delivered,2025-03-27 14:00:00,Denver,NY
ORD0000597,SHP000061,E003986,in_transit,2025-03-29 19:00:00,New York,FL
ORD0000104,SHP001730,E000578,delivered,2025-04-14 14:00:00,Chicago,NY
ORD0000597,SHP000193,E003158,in_transit,2025-10-20 04:00:00,Chicago,NY
ORD0001157,SHP000799,E000704,label_created,2025-06-14 03:00:00,New York,AZ
ORD0001830,SHP001001,E001958,in_transit,2025-11-20 17:00:00,Denver,AZ
ORD0001991,SHP001110,E001118,in_transit,2025-06-26 12:00:00,Seattle,CO
ORD0002132,SHP000520,E004851,in_transit,2025-03-20 00:00:00,Seattle,WA
ORD0002172,SHP001197,E004127,in_transit,2025-09-29 12:00:00,Los Angeles,NY
ORD0000678,SHP001363,E001431,in_transit,2025-04-30 11:00:00,Denver,CA
ORD0001984,SHP001335,E004440,in_transit,2025-09-18 16:00:00,Denver,CA
ORD0001899,SHP000010,E005327,picked_up,2025-02-07 02:00:00,Phoenix,IL
ORD0000887,SHP000696,E001661,in_transit,2025-10-05 20:00:00,Dallas,FL
ORD0001789,SHP001051,E003610,picked_up,2025-12-21 14:00:00,Denver,AZ
ORD0001402,SHP000423,E000236,delivered,2025-10-29 14:00:00,Chicago,NY
ORD0000488,SHP001498,E003953,label_created,2025-11-15 23:00:00,Los Angeles,TX
ORD0000402,SHP000438,E004452,picked_up,2025-10-08 21:00:00,Los Angeles,AZ
ORD0000980,SHP001466,E005122,in_transit,2025-12-02 15:00:00,Seattle,AZ
ORD0001160,SHP000135,E000924,exception,2025-04-29 07:00:00,Denver,NY
ORD0001865,SHP001264,E004701,out_for_delivery,2025-09-03 19:00:00,Dallas,NY
ORD0000544,SHP000425,E003016,picked_up,2025-01-15 07:00:00,Miami,WA
ORD0001764,SHP000705,E001621,picked_up,2025-05-02 18:00:00,Chicago,AZ
ORD0000809,SHP000578,E001231,in_transit,2025-07-09 00:00:00,Chicago,WA
ORD0001204,SHP001478,E002871,delivered,2025-12-24 20:00:00,Los Angeles,TX
ORD0001207,SHP001564,E001470,label_created,2025-01-30 04:00:00,Denver,TX
ORD0000110,SHP001413,E003932,picked_up,2025-05-16 10:00:00,New York,CO
ORD0000121,SHP000076,E001484,in_transit,2025-07-04 23:00:00,Phoenix,WA
ORD0000803,SHP000899,E004047,picked_up,2025-10-11 01:00:00,Denver,AZ
ORD0001945,SHP000387,E003190,out_for_delivery,2025-02-14 19:00:00,New York,AZ
ORD0001468,SHP000797,E001974,label_created,2025-12-25 10:00:00,Miami,IL
ORD0001308,SHP000776,E004978,picked_up,2025-05-27 11:00:00,Dallas,IL
ORD0000818,SHP001553,E004417,label_created,2025-07-21 14:00:00,Dallas,IL
ORD0000462,SHP000777,E004276,out_for_delivery,2025-11-12 22:00:00,Miami,CA
ORD0000361,SHP000984,E003336,picked_up,2025-07-16 06:00:00,Los Angeles,CA
ORD0000638,SHP001503,E003704,delivered,2025-08-30 13:00:00,Phoenix,IL
ORD0001413,SHP001111,E000187,delivered,2025-01-05 00:00:00,Los Angeles,FL
ORD0002192,SHP001332,E001971,in_transit,2025-03-28 18:00:00,Chicago,AZ
ORD0001511,SHP000679,E003844,in_transit,2025-08-09 00:00:00,Phoenix,AZ
ORD0000880,SHP000062,E004397,in_transit,2025-08-19 06:00:00,Denver,CA
ORD0001220,SHP000721,E000912,delivered,2025-07-28 18:00:00,Dallas,CO
ORD0001129,SHP001078,E003228,in_transit,2025-11-01 02:00:00,Miami,CA
ORD0000428,SHP001325,E005095,picked_up,2025-01-07 03:00:00,Los Angeles,AZ
ORD0001113,SHP001035,E003879,delivered,2025-03-25 10:00:00,Dallas,WA
ORD0002011,SHP000912,E004417,delivered,2025-08-17 02:00:00,Denver,IL
ORD0000121,SHP000938,E002253,out_for_delivery,2025-01-11 23:00:00,Los Angeles,CO
ORD0000816,SHP000570,E004760,label_created,2025-12-21 22:00:00,Phoenix,FL
ORD0001898,SHP000118,E005100,label_created,2025-10-25 14:00:00,Los Angeles,WA
ORD0000715,SHP000658,E003373,delivered,2025-01-01 14:00:00,New York,CA
ORD0001134,SHP001744,E001898,picked_up,2025-06-14 09:00:00,Los Angeles,CA
ORD0000831,SHP001438,E000707,in_transit,2025-02-21 04:00:00,New York,AZ
ORD0000840,SHP000699,E005258,in_transit,2025-01-10 15:00:00,Dallas,AZ
ORD0000101,SHP001461,E002967,label_created,2025-03-02 02:00:00,Chicago,WA
ORD0001723,SHP001491,E005375,picked_up,2025-05-05 10:00:00,Denver,AZ
ORD0001217,SHP000087,E001252,in_transit,2025-06-09 17:00:00,Miami,AZ
ORD0000013,SHP000357,E001908,delivered,2025-10-01 22:00:00,Chicago,AZ
ORD0001314,SHP000134,E003026,picked_up,2025-04-21 01:00:00,Seattle,IL
ORD0001972,SHP001025,E005698,out_for_delivery,2025-09-06 23:00:00,Seattle,FL
ORD0000005,SHP000106,E000435,in_transit,2025-09-30 11:00:00,New York,NY
ORD0000918,SHP001372,E004462,picked_up,2025-03-30 16:00:00,Denver,FL
ORD0000241,SHP000793,E003676,in_transit,2025-11-15 08:00:00,Seattle,CA
ORD0000397,SHP000296,E004083,picked_up,2025-11-29 23:00:00,Miami,WA
ORD0001784,SHP000879,E000051,out_for_delivery,2025-12-09 19:00:00,Denver,CO
ORD0000826,SHP001699,E001953,label_created,2025-10-19 14:00:00,Los Angeles,AZ
ORD0000529,SHP000581,E000786,exception,2025-05-09 13:00:00,Los Angeles,CA
ORD0000515,SHP000986,E001753,in_transit,2025-06-28 22:00:00,New York,TX
ORD0001339,SHP001212,E000641,picked_up,2025-02-09 04:00:00,New York,FL
ORD0000486,SHP000735,E001041,in_transit,2025-05-25 20:00:00,Los Angeles,WA
ORD0001272,SHP000699,E003177,in_transit,2025-03-27 08:00:00,Dallas,IL
ORD0001821,SHP000460,E002576,in_transit,2025-05-17 06:00:00,New York,IL
ORD0000477,SHP001538,E004634,out_for_delivery,2025-07-19 05:00:00,Dallas,FL
ORD0000653,SHP001148,E005575,out_for_delivery,2025-11-09 02:00:00,Los Angeles,CO
ORD0001252,SHP000322,E004320,picked_up,2025-05-03 09:00:00,Seattle,IL
ORD0001415,SHP001667,E001003,in_transit,2025-01-12 23:00:00,Miami,NY
ORD0000605,SHP000064,E004635,in_transit,2025-09-15 13:00:00,New York,IL
ORD0001180,SHP000966,E005143,delivered,2025-04-13 11:00:00,Denver,CO
ORD0000948,SHP000608,E001659,out_for_delivery,2025-06-08 22:00:00,Phoenix,NY
ORD0002159,SHP001460,E003487,out_for_delivery,2025-06-07 07:00:00,Phoenix,WA
ORD0001863,SHP001626,E001938,in_transit,2025-05-22 00:00:00,Phoenix,WA
ORD0000589,SHP001782,E003904,picked_up,2025-03-15 09:00:00,Denver,AZ
ORD0000351,SHP000294,E002215,exception,2025-10-11 12:00:00,Dallas,CA
ORD0001475,SHP000596,E000066,picked_up,2025-10-22 09:00:00,Los Angeles,NY
ORD0001896,SHP000341,E003028,delivered,2025-12-01 20:00:00,Chicago,NY
ORD0000622,SHP000099,E002442,in_transit,2025-11-03 11:00:00,Seattle,WA
ORD0000062,SHP000597,E002826,out_for_delivery,2025-01-04 15:00:00,Miami,IL
ORD0002042,SHP000750,E001241,in_transit,2025-07-31 10:00:00,Los Angeles,TX
ORD0000397,SHP000296,E000236,picked_up,2025-10-02 00:00:00,Seattle,CA
ORD0000695,SHP000658,E000418,delivered,2025-07-02 15:00:00,Miami,WA
ORD0000476,SHP001595,E001221,delivered,2025-11-26 03:00:00,Chicago,WA
ORD0000170,SHP000791,E001258,out_for_delivery,2025-01-26 16:00:00,Seattle,AZ
ORD0001679,SHP000811,E005577,in_transit,2025-03-07 20:00:00,Los Angeles,FL
ORD0001310,SHP000081,E003383,in_transit,2025-04-10 19:00:00,Seattle,CA
ORD0000607,SHP001626,E004277,picked_up,2025-03-23 00:00:00,Dallas,WA
ORD0001852,SHP000061,E003926,in_transit,2025-07-10 20:00:00,Denver,WA
ORD0001888,SHP000018,E003332,delivered,2025-07-19 10:00:00,Phoenix,AZ
ORD0002172,SHP001233,E001383,picked_up,2025-02-11 17:00:00,Dallas,NY
ORD0000145,SHP000971,E005529,picked_up,2025-11-05 12:00:00,Denver,CO
ORD0002161,SHP001565,E005584,in_transit,2025-10-09 17:00:00,Seattle,AZ
ORD0001365,SHP000952,E000274,picked_up,2025-03-12 00:00:00,Seattle,NY
ORD0002145,SHP001251,E001884,label_created,2025-05-26 20:00:00,Phoenix,FL
ORD0001408,SHP001053,E000843,picked_up,2025-02-17 22:00:00,New York,IL
ORD0001086,SHP000170,E000419,label_created,2025-02-20 04:00:00,Los Angeles,NY
ORD0000021,SHP001253,E002037,label_created,2025-05-17 20:00:00,Los Angeles,FL
ORD0001389,SHP001504,E003509,label_created,2025-11-09 20:00:00,Dallas,NY
ORD0000558,SHP000128,E000225,label_created,2025-06-29 04:00:00,Chicago,NY
ORD0001387,SHP000319,E001863,picked_up,2025-12-21 21:00:00,Chicago,NY
ORD0002100,SHP001100,E000091,out_for_delivery,2025-11-16 17:00:00,Phoenix,AZ
ORD0000986,SHP000512,E004702,delivered,2025-01-06 03:00:00,Los Angeles,NY
ORD0000914,SHP001023,E003890,picked_up,2025-05-31 01:00:00,Denver,NY
ORD0001662,SHP001583,E001702,in_transit,2025-05-08 15:00:00,Phoenix,WA
ORD0001362,SHP001735,E000445,delivered,2025-01-21 08:00:00,Denver,AZ
ORD0001215,SHP000064,E003142,picked_up,2025-10-28 17:00:00,Los Angeles,AZ
ORD0002180,SHP000439,E002885,delivered,2025-09-21 11:00:00,Los Angeles,FL
ORD0000454,SHP001459,E001841,in_transit,2025-04-21 20:00:00,Seattle,CA
ORD0000081,SHP000646,E004971,in_transit,2025-05-20 08:00:00,Phoenix,WA
ORD0002138,SHP001695,E000461,out_for_delivery,2025-01-30 02:00:00,Phoenix,FL
ORD0001309,SHP000550,E001545,picked_up,2025-04-26 21:00:00,Denver,TX
ORD0002089,SHP001262,E004580,picked_up,2025-12-02 13:00:00,Phoenix,TX
ORD0000682,SHP001459,E005324,in_transit,2025-05-29 05:00:00,Los Angeles,CO
ORD0001058,SHP000526,E001469,in_transit,2025-06-19 21:00:00,Seattle,NY
ORD0001429,SHP000603,E004886,label_created,2025-10-11 06:00:00,Seattle,WA
ORD0000781,SHP000869,E001564,in_transit,2025-12-30 06:00:00,New York,CA
ORD0000241,SHP001231,E000381,picked_up,2025-06-15 11:00:00,New York,IL
ORD0001683,SHP000686,E003737,in_transit,2025-07-20 06:00:00,Phoenix,WA
ORD0001185,SHP000074,E003333,exception,2025-03-08 21:00:00,Seattle,IL
ORD0000259,SHP001184,E005213,picked_up,2025-06-28 01:00:00,Los Angeles,WA
ORD0001107,SHP001348,E002232,exception,2025-03-09 04:00:00,Chicago,CO
ORD0000821,SHP000820,E000521,in_transit,2025-11-07 08:00:00,Phoenix,CA
ORD0000978,SHP001606,E001987,out_for_delivery,2025-02-08 13:00:00,Dallas,WA
ORD0001026,SHP001657,E002974,picked_up,2025-07-02 04:00:00,Phoenix,NY
ORD0001364,SHP000316,E002986,in_transit,2025-04-06 01:00:00,Seattle,NY
ORD0000450,SHP001111,E002046,in_transit,2025-12-17 22:00:00,Dallas,FL
ORD0000904,SHP001778,E001418,picked_up,2025-05-10 12:00:00,Chicago,FL
ORD0001723,SHP000203,E004147,label_created,2025-10-21 19:00:00,Los Angeles,TX
ORD0000971,SHP001074,E000056,delivered,2025-03-22 12:00:00,Phoenix,CO
ORD0000193,SHP000987,E000269,out_for_delivery,2025-05-19 09:00:00,Dallas,CO
ORD0001466,SHP001420,E002694,in_transit,2025-05-15 07:00:00,Chicago,IL
ORD0001314,SHP000257,E003060,picked_up,2025-09-13 10:00:00,Denver,FL
ORD0001996,SHP001775,E004017,delivered,2025-06-17 14:00:00,Phoenix,NY
ORD0001241,SHP000736,E005337,label_created,2025-02-03 07:00:00,Phoenix,FL
ORD0001548,SHP001179,E002904,out_for_delivery,2025-08-28 02:00:00,Los Angeles,CA
ORD0002037,SHP000891,E001873,in_transit,2025-09-18 00:00:00,Denver,CO
ORD0001271,SHP000303,E000260,in_transit,2025-08-12 20:00:00,Miami,CO
ORD0002142,SHP001746,E001989,picked_up,2025-11-30 00:00:00,Miami,CA
ORD0001266,SHP001295,E002535,delivered,2025-04-29 19:00:00,Denver,CA
ORD0000499,SHP001112,E005263,picked_up,2025-12-13 18:00:00,Los Angeles,IL
ORD0000477,SHP000814,E005669,label_created,2025-10-24 10:00:00,Phoenix,NY
ORD0000081,SHP000712,E002217,picked_up,2025-05-01 18:00:00,Chicago,CA
ORD0001265,SHP000442,E005544,label_created,2025-07-19 02:00:00,Chicago,FL
ORD0001800,SHP001166,E000270,out_for_delivery,2025-05-25 05:00:00,Phoenix,NY
ORD0000063,SHP000282,E000325,in_transit,2025-09-09 08:00:00,Seattle,IL
ORD0001753,SHP000036,E005587,in_transit,2025-03-07 09:00:00,Chicago,IL
ORD0000846,SHP000449,E005287,label_created,2025-01-07 18:00:00,Chicago,AZ
ORD0001958,SHP000667,E003029,picked_up,2025-05-23 10:00:00,Seattle,TX
ORD0000024,SHP000876,E001888,picked_up,2025-08-08 15:00:00,Dallas,FL
ORD0000520,SHP001453,E001853,picked_up,2025-06-26 23:00:00,Dallas,IL
ORD0000895,SHP001391,E003313,in_transit,2025-10-05 22:00:00,Dallas,IL
ORD0001633,SHP001307,E002199,in_transit,2025-11-03 12:00:00,Denver,CA
ORD0001348,SHP001787,E002284,picked_up,2025-12-18 02:00:00,Phoenix,NY
ORD0001298,SHP000539,E002078,in_transit,2025-10-23 18:00:00,New York,NY
ORD0002057,SHP001708,E004363,in_transit,2025-08-12 01:00:00,Chicago,WA
ORD0000244,SHP000052,E003849,picked_up,2025-11-26 12:00:00,Seattle,CO
ORD0001316,SHP000287,E005400,in_transit,2025-04-10 13:00:00,New York,CO
ORD0000017,SHP001375,E003989,out_for_delivery,2025-01-21 19:00:00,Los Angeles,NY
ORD0000466,SHP000696,E005250,out_for_delivery,2025-04-12 08:00:00,Seattle,AZ
ORD0000108,SHP001202,E003428,picked_up,2025-10-12 22:00:00,Seattle,IL
ORD0000463,SHP000268,E002380,picked_up,2025-10-18 18:00:00,Phoenix,FL
ORD0001210,SHP001349,E001407,exception,2025-12-17 10:00:00,Dallas,TX
ORD0002122,SHP000534,E001334,out_for_delivery,2025-12-15 02:00:00,Dallas,IL
ORD0001888,SHP000438,E000209,in_transit,2025-05-29 16:00:00,New York,IL
ORD0000626,SHP000409,E004874,label_created,2025-04-20 17:00:00,Dallas,CA
ORD0000536,SHP001250,E004091,in_transit,2025-12-19 03:00:00,Miami,AZ
ORD0001601,SHP001366,E002849,delivered,2025-06-30 12:00:00,Seattle,AZ
ORD0001805,SHP001633,E004033,exception,2025-01-16 18:00:00,Miami,CO
ORD0001133,SHP001444,E000956,delivered,2025-09-22 11:00:00,Los Angeles,CA
ORD0001319,SHP000766,E005426,delivered,2025-10-11 05:00:00,Los Angeles,CA
ORD0001749,SHP001673,E003609,delivered,2025-12-22 13:00:00,Phoenix,CA
ORD0001820,SHP001464,E001170,picked_up,2025-06-19 12:00:00,Miami,AZ
ORD0001700,SHP000562,E000156,label_created,2025-10-16 21:00:00,Seattle,CO
ORD0001949,SHP001366,E005440,out_for_delivery,2025-02-22 09:00:00,Dallas,AZ
ORD0001516,SHP001054,E004903,delivered,2025-12-28 17:00:00,Miami,AZ
ORD0001172,SHP001151,E004816,picked_up,2025-03-11 22:00:00,Los Angeles,WA
ORD0000682,SHP000336,E003770,in_transit,2025-04-18 12:00:00,Denver,TX
ORD0000288,SHP001309,E003906,picked_up,2025-08-07 23:00:00,Chicago,TX
ORD0001227,SHP001305,E003243,picked_up,2025-08-14 19:00:00,New York,IL
ORD0001293,SHP001713,E004288,out_for_delivery,2025-10-11 04:00:00,Miami,IL
ORD0001671,SHP000422,E001259,delivered,2025-01-11 07:00:00,New York,WA
ORD0000370,SHP000671,E003547,in_transit,2025-11-05 18:00:00,Chicago,CA
ORD0001720,SHP001737,E001086,label_created,2025-05-31 09:00:00,Chicago,IL
ORD0000489,SHP001528,E000862,delivered,2025-12-12 10:00:00,Denver,IL
ORD0000421,SHP000308,E003095,picked_up,2025-05-29 04:00:00,New York,NY
ORD0000891,SHP000308,E005152,in_transit,2025-10-01 18:00:00,Denver,FL
ORD0000855,SHP000614,E003710,in_transit,2025-11-15 11:00:00,New York,CA
ORD0001229,SHP000569,E003900,in_transit,2025-09-25 05:00:00,New York,CA
ORD0000529,SHP001295,E003368,delivered,2025-02-08 15:00:00,Denver,WA
ORD0001554,SHP000085,E004800,label_created,2025-06-03 23:00:00,Miami,WA
ORD0000535,SHP000617,E005681,delivered,2025-06-04 03:00:00,Miami,NY
ORD0001371,SHP000104,E001738,label_created,2025-01-25 02:00:00,Phoenix,CO
ORD0001073,SHP001407,E001036,in_transit,2025-11-08 21:00:00,Miami,FL
ORD0000372,SHP000468,E003406,in_transit,2025-12-11 19:00:00,Seattle,AZ
ORD0001528,SHP001213,E005419,out_for_delivery,2025-03-06 20:00:00,Los Angeles,AZ
ORD0002007,SHP000696,E001310,picked_up,2025-08-15 08:00:00,Seattle,NY
ORD0000298,SHP001661,E000685,delivered,2025-10-23 08:00:00,Miami,IL
ORD0000113,SHP000080,E002363,in_transit,2025-01-08 06:00:00,Los Angeles,CA
ORD0001937,SHP000430,E003118,label_created,2025-01-24 04:00:00,Los Angeles,AZ
ORD0000205,SHP001495,E004501,in_transit,2025-08-13 22:00:00,Chicago,WA
ORD0000491,SHP000394,E005044,in_transit,2025-06-11 19:00:00,Miami,IL
ORD0001021,SHP000978,E001714,out_for_delivery,2025-08-19 23:00:00,Dallas,NY
ORD0000332,SHP001632,E002648,delivered,2025-07-17 05:00:00,New York,CO
ORD0000689,SHP000971,E002910,label_created,2025-12-31 15:00:00,Miami,TX
ORD0001717,SHP001521,E002518,out_for_delivery,2025-09-07 18:00:00,Dallas,WA
ORD0001873,SHP000502,E000325,delivered,2025-06-12 02:00:00,Los Angeles,FL
ORD0001860,SHP000927,E000689,in_transit,2025-07-07 03:00:00,New York,WA
ORD0002111,SHP001015,E002374,label_created,2025-06-30 18:00:00,Dallas,TX
ORD0002064,SHP000873,E004954,delivered,2025-11-03 21:00:00,Chicago,AZ
ORD0000945,SHP001591,E000605,delivered,2025-05-23 02:00:00,New York,AZ
ORD0001937,SHP001633,E001633,in_transit,2025-10-14 17:00:00,Phoenix,TX
ORD0001151,SHP001306,E001738,in_transit,2025-12-31 09:00:00,Miami,IL
ORD0000896,SHP001196,E002982,out_for_delivery,2025-01-18 20:00:00,Phoenix,FL
ORD0000205,SHP000762,E002099,out_for_delivery,2025-03-03 17:00:00,Seattle,FL
ORD0000136,SHP000168,E001345,in_transit,2025-12-13 14:00:00,Denver,NY
ORD0001325,SHP000224,E001809,picked_up,2025-08-02 03:00:00,Dallas,AZ
ORD0001409,SHP000263,E004037,picked_up,2025-07-03 05:00:00,Chicago,TX
ORD0000554,SHP000802,E002440,picked_up,2025-10-11 15:00:00,New York,NY
ORD0001209,SHP001449,E001857,in_transit,2025-11-06 03:00:00,Miami,CA
ORD0001259,SHP001292,E004709,picked_up,2025-09-16 05:00:00,Miami,CA
ORD0002128,SHP000327,E004390,picked_up,2025-12-11 11:00:00,Dallas,AZ
ORD0001077,SHP001621,E005652,in_transit,2025-02-22 17:00:00,Phoenix,AZ
ORD0000358,SHP001683,E005193,in_transit,2025-10-25 00:00:00,Denver,WA
ORD0000797,SHP000959,E003725,delivered,2025-10-15 16:00:00,Chicago,TX
ORD0000417,SHP000540,E003755,picked_up,2025-05-26 09:00:00,New York,TX
ORD0001689,SHP001741,E004878,in_transit,2025-08-08 11:00:00,Chicago,AZ
ORD0001379,SHP001698,E005623,delivered,2025-06-19 11:00:00,Los Angeles,WA
ORD0001637,SHP000222,E004280,in_transit,2025-08-31 19:00:00,Phoenix,WA
ORD0001833,SHP001414,E003931,picked_up,2025-01-28 06:00:00,Los Angeles,FL
ORD0000227,SHP000559,E004187,out_for_delivery,2025-10-11 05:00:00,New York,FL
ORD0000650,SHP001782,E000558,delivered,2025-07-14 09:00:00,New York,AZ
ORD0000279,SHP001030,E003538,in_transit,2025-05-25 01:00:00,Chicago,CA
ORD0000952,SHP000635,E004174,out_for_delivery,2025-04-06 02:00:00,Phoenix,WA
ORD0000064,SHP000952,E001309,in_transit,2025-12-04 22:00:00,Dallas,CO
ORD0001461,SHP001396,E001090,out_for_delivery,2025-07-18 20:00:00,Dallas,AZ
ORD0001226,SHP001677,E002716,picked_up,2025-08-04 06:00:00,Dallas,NY
ORD0000939,SHP000949,E004710,picked_up,2025-08-01 21:00:00,Los Angeles,NY
ORD0001995,SHP001371,E004584,picked_up,2025-07-10 18:00:00,New York,CO
ORD0000398,SHP001216,E000755,delivered,2025-11-13 06:00:00,Phoenix,CO
ORD0000735,SHP001126,E002630,out_for_delivery,2025-08-03 17:00:00,Denver,TX
ORD0000030,SHP000724,E005588,out_for_delivery,2025-11-20 14:00:00,Seattle,IL
ORD0000733,SHP001724,E004179,delivered,2025-05-15 10:00:00,Denver,FL
ORD0000881,SHP000932,E000767,out_for_delivery,2025-06-04 14:00:00,Phoenix,IL
ORD0002034,SHP000171,E002715,out_for_delivery,2025-01-05 03:00:00,Dallas,IL
ORD0000169,SHP001022,E002685,picked_up,2025-12-11 05:00:00,New York,FL
ORD0001877,SHP000893,E000412,picked_up,2025-04-13 05:00:00,Seattle,CA
ORD0000606,SHP001525,E000724,picked_up,2025-01-10 12:00:00,Miami,IL
ORD0000732,SHP000687,E002310,in_transit,2025-06-24 10:00:00,Denver,CA
ORD0002126,SHP001497,E003626,out_for_delivery,2025-11-03 03:00:00,Phoenix,IL
ORD0002177,SHP000976,E000686,in_transit,2025-05-28 06:00:00,Miami,TX
ORD0000264,SHP000851,E005674,in_transit,2025-02-04 05:00:00,Los Angeles,WA
ORD0001935,SHP001682,E004285,picked_up,2025-04-26 12:00:00,Chicago,FL
ORD0000134,SHP001799,E003962,label_created,2025-07-25 22:00:00,Denver,AZ
ORD0000534,SHP000508,E002026,in_transit,2025-04-17 22:00:00,Dallas,WA
ORD0000148,SHP000181,E003219,in_transit,2025-05-30 20:00:00,Seattle,NY
ORD0000539,SHP001643,E002540,in_transit,2025-03-06 03:00:00,Los Angeles,AZ
ORD0000924,SHP000864,E002425,in_transit,2025-10-30 13:00:00,Miami,WA
ORD0000259,SHP001551,E003591,label_created,2025-08-10 02:00:00,Denver,NY
ORD0000887,SHP000696,E001493,in_transit,2025-05-20 20:00:00,Dallas,AZ
ORD0001796,SHP000692,E001892,in_transit,2025-07-28 18:00:00,Denver,WA
ORD0001829,SHP001525,E002995,in_transit,2025-06-26 23:00:00,Denver,NY
ORD0001458,SHP001495,E001558,label_created,2025-06-05 11:00:00,Chicago,FL
ORD0000007,SHP001721,E000988,picked_up,2025-12-07 14:00:00,Seattle,WA
ORD0001317,SHP001035,E004248,picked_up,2025-06-18 21:00:00,Seattle,FL
ORD0001145,SHP001306,E003785,picked_up,2025-05-09 01:00:00,Phoenix,WA
ORD0001283,SHP000444,E001080,picked_up,2025-04-30 11:00:00,Phoenix,IL
ORD0000988,SHP000625,E000295,picked_up,2025-07-21 04:00:00,Dallas,AZ
ORD0001345,SHP000851,E005595,in_transit,2025-12-23 11:00:00,Seattle,FL
ORD0000500,SHP000295,E004079,delivered,2025-11-10 18:00:00,New York,FL
ORD0001054,SHP000841,E004365,out_for_delivery,2025-05-24 21:00:00,Phoenix,CO
ORD0000603,SHP001097,E005205,picked_up,2025-09-02 01:00:00,Dallas,IL
ORD0000149,SHP001615,E004344,in_transit,2025-02-02 10:00:00,Denver,IL
ORD0000852,SHP000601,E002560,out_for_delivery,2025-09-22 08:00:00,Dallas,TX
ORD0001818,SHP000498,E002188,label_created,2025-02-06 05:00:00,Chicago,IL
ORD0000492,SHP000324,E000166,delivered,2025-05-30 16:00:00,Denver,IL
ORD0000761,SHP000891,E003305,out_for_delivery,2025-01-05 17:00:00,Seattle,CA
ORD0000696,SHP001140,E003476,picked_up,2025-06-06 17:00:00,Phoenix,CA
ORD0001294,SHP001325,E003544,in_transit,2025-07-13 21:00:00,Chicago,FL
ORD0000678,SHP001363,E004061,delivered,2025-02-05 18:00:00,Los Angeles,TX
ORD0001271,SHP000381,E002557,in_transit,2025-08-24 08:00:00,Denver,IL
ORD0001215,SHP001297,E000127,picked_up,2025-02-15 07:00:00,Miami,FL
ORD0001888,SHP000620,E001326,out_for_delivery,2025-08-22 02:00:00,Chicago,TX
ORD0001853,SHP001180,E003749,picked_up,2025-08-03 17:00:00,Miami,CO
ORD0000513,SHP000007,E004871,in_transit,2025-06-18 14:00:00,Phoenix,AZ
ORD0001784,SHP000723,E002908,delivered,2025-07-29 13:00:00,Dallas,WA
ORD0001354,SHP001537,E002571,in_transit,2025-05-14 13:00:00,Seattle,WA
ORD0001711,SHP001438,E001708,delivered,2025-11-21 18:00:00,Seattle,AZ
ORD0000803,SHP001708,E004008,in_transit,2025-02-02 03:00:00,Los Angeles,IL
ORD0001945,SHP001586,E003845,delivered,2025-11-02 08:00:00,Phoenix,IL
ORD0002143,SHP001172,E004584,label_created,2025-03-22 05:00:00,Phoenix,CA
ORD0000309,SHP000377,E000943,picked_up,2025-04-16 04:00:00,Chicago,CA
ORD0001608,SHP001563,E003687,picked_up,2025-11-21 14:00:00,Denver,NY
ORD0000645,SHP000907,E000413,out_for_delivery,2025-02-20 09:00:00,Chicago,FL
ORD0001490,SHP001447,E000668,label_created,2025-10-03 18:00:00,Chicago,WA
ORD0000963,SHP000482,E004503,label_created,2025-02-05 11:00:00,Miami,TX
ORD0000404,SHP001188,E002514,in_transit,2025-08-20 19:00:00,Los Angeles,TX
ORD0000034,SHP001019,E004636,in_transit,2025-07-11 22:00:00,Los Angeles,CA
ORD0001055,SHP000367,E004857,delivered,2025-08-29 21:00:00,Chicago,FL
ORD0001722,SHP000355,E000432,picked_up,2025-07-23 09:00:00,New York,WA
ORD0001899,SHP001516,E005221,out_for_delivery,2025-07-28 16:00:00,Denver,IL
ORD0001732,SHP001038,E004773,picked_up,2025-12-10 12:00:00,Los Angeles,FL
ORD0000224,SHP000346,E002494,picked_up,2025-10-20 02:00:00,Denver,AZ
ORD0001507,SHP001591,E004940,label_created,2025-03-05 06:00:00,Dallas,CO
ORD0001058,SHP000601,E005268,out_for_delivery,2025-06-17 12:00:00,Denver,NY
ORD0000361,SHP001529,E002153,picked_up,2025-08-08 22:00:00,Chicago,CO
ORD0001076,SHP000505,E004776,in_transit,2025-10-10 08:00:00,New York,IL
ORD0001074,SHP001428,E003062,delivered,2025-07-16 05:00:00,Seattle,FL
ORD0000728,SHP001564,E001509,delivered,2025-01-31 04:00:00,Phoenix,FL
ORD0000333,SHP001717,E002739,label_created,2025-02-11 13:00:00,Phoenix,NY
ORD0000773,SHP000959,E002058,out_for_delivery,2025-12-03 03:00:00,Denver,TX
ORD0000306,SHP000849,E000404,in_transit,2025-01-31 08:00:00,Dallas,CA
ORD0000433,SHP001567,E002101,label_created,2025-08-04 06:00:00,Los Angeles,IL
ORD0000048,SHP001345,E005393,in_transit,2025-10-21 00:00:00,Dallas,TX
ORD0000067,SHP001146,E002695,picked_up,2025-07-06 07:00:00,New York,WA
ORD0000228,SHP000387,E005276,in_transit,2025-02-05 20:00:00,Phoenix,NY
ORD0000492,SHP001652,E000244,out_for_delivery,2025-03-18 03:00:00,New York,CO
ORD0001044,SHP000486,E001686,in_transit,2025-05-02 10:00:00,New York,FL
ORD0000177,SHP000120,E005689,in_transit,2025-12-13 09:00:00,Denver,CA
ORD0000450,SHP000935,E005610,in_transit,2025-12-22 15:00:00,Denver,WA
ORD0001500,SHP000660,E001645,out_for_delivery,2025-12-13 16:00:00,Chicago,CA
ORD0001692,SHP000140,E002442,out_for_delivery,2025-12-23 11:00:00,Seattle,AZ
ORD0000224,SHP000827,E005159,in_transit,2025-08-28 22:00:00,Phoenix,WA
ORD0000758,SHP000410,E001098,in_transit,2025-04-09 20:00:00,Dallas,WA
ORD0002190,SHP000509,E000763,picked_up,2025-02-07 11:00:00,Seattle,NY
ORD0001646,SHP001500,E003191,label_created,2025-09-04 01:00:00,Seattle,NY
ORD0001250,SHP000809,E002714,out_for_delivery,2025-07-03 00:00:00,Miami,CA
ORD0001054,SHP001217,E003321,picked_up,2025-12-24 03:00:00,Los Angeles,IL
ORD0000291,SHP000814,E001875,out_for_delivery,2025-05-24 01:00:00,Seattle,IL
ORD0001488,SHP000767,E004250,picked_up,2025-04-02 03:00:00,New York,CA
ORD0000597,SHP000211,E005354,in_transit,2025-01-01 06:00:00,Miami,CO
ORD0000307,SHP001460,E004138,in_transit,2025-09-23 19:00:00,Denver,WA
ORD0000603,SHP001448,E002933,in_transit,2025-06-26 20:00:00,New York,FL
ORD0000950,SHP000266,E001736,in_transit,2025-02-07 09:00:00,Dallas,CA
ORD0001438,SHP001774,E003777,in_transit,2025-04-23 20:00:00,New York,AZ
ORD0001761,SHP001394,E004604,label_created,2025-12-05 15:00:00,Phoenix,AZ
ORD0001142,SHP000479,E002925,in_transit,2025-09-21 22:00:00,Phoenix,WA
ORD0000953,SHP000735,E000709,picked_up,2025-07-13 22:00:00,New York,TX
ORD0000695,SHP001597,E005666,label_created,2025-04-21 04:00:00,Phoenix,WA
ORD0001106,SHP000211,E003479,in_transit,2025-05-28 17:00:00,Miami,IL
ORD0001295,SHP000958,E000908,picked_up,2025-08-31 09:00:00,Chicago,CA
ORD0000285,SHP001594,E001364,out_for_delivery,2025-11-14 03:00:00,Dallas,CA
ORD0000531,SHP001541,E001359,out_for_delivery,2025-05-07 02:00:00,New York,FL
ORD0002105,SHP000365,E000136,delivered,2025-08-04 03:00:00,Seattle,CA
ORD0000354,SHP000994,E001733,delivered,2025-12-27 15:00:00,Dallas,TX
ORD0000334,SHP000524,E001797,out_for_delivery,2025-12-15 14:00:00,Chicago,CO
ORD0000867,SHP001708,E005253,out_for_delivery,2025-11-17 23:00:00,Phoenix,WA
ORD0000419,SHP000872,E005068,exception,2025-04-01 19:00:00,New York,TX
ORD0000566,SHP000609,E001807,delivered,2025-06-27 04:00:00,Seattle,AZ
ORD0000668,SHP001670,E002741,out_for_delivery,2025-02-17 10:00:00,Chicago,WA
ORD0002161,SHP001565,E001129,picked_up,2025-09-08 08:00:00,Phoenix,NY
ORD0000112,SHP000322,E002577,delivered,2025-12-24 13:00:00,Miami,WA
ORD0000102,SHP000218,E002629,in_transit,2025-02-15 15:00:00,Seattle,CA
ORD0001021,SHP001652,E004762,delivered,2025-02-15 03:00:00,Chicago,CA
ORD0000153,SHP000590,E000950,in_transit,2025-04-15 10:00:00,Los Angeles,FL
ORD0000438,SHP001738,E002938,picked_up,2025-04-25 12:00:00,Seattle,IL
ORD0000283,SHP000896,E003654,out_for_delivery,2025-09-09 18:00:00,Chicago,CO
ORD0001458,SHP000047,E000969,label_created,2025-06-08 18:00:00,Seattle,CO
ORD0001325,SHP000732,E001831,out_for_delivery,2025-07-03 21:00:00,Los Angeles,TX
ORD0001487,SHP001348,E001780,in_transit,2025-07-31 10:00:00,Phoenix,IL
ORD0000772,SHP000929,E003612,in_transit,2025-06-26 07:00:00,Chicago,CA
ORD0001626,SHP000443,E000333,exception,2025-09-22 13:00:00,Dallas,FL
ORD0001722,SHP000329,E000824,in_transit,2025-04-02 12:00:00,Denver,CA
ORD0000126,SHP001182,E004468,in_transit,2025-10-19 10:00:00,Dallas,WA
ORD0000788,SHP001517,E001841,picked_up,2025-07-13 11:00:00,Los Angeles,WA
ORD0001138,SHP001292,E001193,label_created,2025-05-19 22:00:00,Phoenix,TX
ORD0000806,SHP000493,E001150,out_for_delivery,2025-11-13 06:00:00,Miami,CA
ORD0001629,SHP001034,E000103,delivered,2025-10-19 19:00:00,Seattle,TX
ORD0000881,SHP000932,E004640,in_transit,2025-12-17 16:00:00,New York,CO
ORD0000418,SHP001011,E005024,in_transit,2025-08-21 04:00:00,Dallas,NY
ORD0000271,SHP000834,E002192,in_transit,2025-04-04 14:00:00,New York,NY
ORD0000467,SHP001545,E000236,in_transit,2025-02-18 12:00:00,Phoenix,NY
ORD0000368,SHP000706,E005631,in_transit,2025-02-28 12:00:00,Dallas,CO
ORD0001155,SHP000680,E003904,out_for_delivery,2025-12-14 23:00:00,Seattle,WA
ORD0000454,SHP001090,E005665,label_created,2025-07-30 23:00:00,Miami,TX
ORD0001977,SHP000677,E003716,in_transit,2025-01-18 22:00:00,Seattle,WA
ORD0001899,SHP000096,E002808,label_created,2025-02-25 08:00:00,Miami,WA
ORD0001431,SHP000520,E002415,out_for_delivery,2025-10-09 19:00:00,New York,FL
ORD0000779,SHP000483,E000483,label_created,2025-09-10 06:00:00,Denver,IL
ORD0000196,SHP000394,E005392,in_transit,2025-10-02 05:00:00,Los Angeles,TX
ORD0001964,SHP001039,E000869,picked_up,2025-01-08 07:00:00,Dallas,NY
ORD0000306,SHP000849,E001335,label_created,2025-04-16 04:00:00,Chicago,CA
ORD0001661,SHP001372,E004357,in_transit,2025-01-14 12:00:00,Los Angeles,NY
ORD0000677,SHP001576,E002958,picked_up,2025-05-30 10:00:00,Los Angeles,IL
ORD0001328,SHP000409,E000940,in_transit,2025-03-27 11:00:00,New York,FL
ORD0001912,SHP000884,E001381,out_for_delivery,2025-03-08 08:00:00,Denver,WA
ORD0001884,SHP000404,E002288,delivered,2025-07-18 09:00:00,Miami,TX
ORD0001082,SHP001270,E001421,out_for_delivery,2025-02-17 03:00:00,Miami,NY
ORD0001706,SHP001440,E001434,in_transit,2025-08-07 00:00:00,Dallas,CO
ORD0002037,SHP001077,E000154,out_for_delivery,2025-09-26 14:00:00,Miami,TX
ORD0001114,SHP000210,E001027,out_for_delivery,2025-07-25 10:00:00,Seattle,TX
ORD0001182,SHP001169,E005162,picked_up,2025-04-25 07:00:00,Phoenix,NY
ORD0000322,SHP000464,E000207,in_transit,2025-09-05 15:00:00,Seattle,AZ
ORD0001682,SHP000606,E005212,in_transit,2025-12-20 07:00:00,New York,CO
ORD0001552,SHP001298,E000618,picked_up,2025-05-20 02:00:00,Phoenix,TX
ORD0000077,SHP000243,E001237,out_for_delivery,2025-10-18 00:00:00,New York,AZ
ORD0001005,SHP001769,E002009,delivered,2025-07-03 15:00:00,Seattle,TX
ORD0000351,SHP001742,E001915,delivered,2025-03-26 22:00:00,Miami,AZ
ORD0001218,SHP000721,E003001,in_transit,2025-01-02 23:00:00,Denver,IL
ORD0001965,SHP000834,E005001,in_transit,2025-06-10 06:00:00,Miami,NY
ORD0000486,SHP000735,E003855,delivered,2025-01-29 11:00:00,Los Angeles,IL
ORD0001756,SHP000155,E004510,out_for_delivery,2025-11-15 12:00:00,Phoenix,FL
ORD0001053,SHP001028,E003382,delivered,2025-04-21 04:00:00,Denver,CA
ORD0001719,SHP000881,E003349,picked_up,2025-05-19 02:00:00,Denver,TX
ORD0001494,SHP000368,E003085,delivered,2025-10-22 09:00:00,Miami,WA
ORD0001120,SHP000186,E004236,out_for_delivery,2025-04-12 13:00:00,New York,AZ
ORD0000815,SHP000903,E004654,delivered,2025-04-13 09:00:00,Phoenix,CO
ORD0000307,SHP001460,E002304,in_transit,2025-03-03 02:00:00,Denver,CO
ORD0002003,SHP001359,E001712,delivered,2025-01-31 21:00:00,Los Angeles,CA
ORD0001658,SHP000811,E005064,label_created,2025-06-08 07:00:00,Seattle,CO
ORD0000846,SHP000051,E004543,in_transit,2025-06-01 15:00:00,Los Angeles,FL
ORD0001433,SHP000467,E003320,in_transit,2025-01-25 10:00:00,New York,WA
ORD0001213,SHP001128,E001354,delivered,2025-12-22 08:00:00,Los Angeles,NY
ORD0001564,SHP001165,E005283,in_transit,2025-03-18 12:00:00,Los Angeles,TX
ORD0000868,SHP001310,E002554,in_transit,2025-12-14 13:00:00,Dallas,CO
ORD0000794,SHP000493,E000468,out_for_delivery,2025-02-11 09:00:00,Dallas,IL
ORD0000217,SHP000448,E001684,delivered,2025-02-24 08:00:00,Los Angeles,TX
ORD0002016,SHP001665,E003027,picked_up,2025-09-14 07:00:00,Los Angeles,FL
ORD0001511,SHP000679,E003462,delivered,2025-09-21 11:00:00,Dallas,NY
ORD0000516,SHP001432,E004299,in_transit,2025-11-11 17:00:00,Phoenix,CO
ORD0001198,SHP001497,E000818,in_transit,2025-10-12 23:00:00,Los Angeles,NY
ORD0002062,SHP001177,E005146,delivered,2025-04-26 14:00:00,Dallas,FL
ORD0001974,SHP000115,E002577,out_for_delivery,2025-01-19 01:00:00,Chicago,WA
ORD0002176,SHP001381,E004197,in_transit,2025-07-13 11:00:00,Seattle,CA
ORD0001021,SHP001331,E000774,out_for_delivery,2025-11-08 05:00:00,Los Angeles,CO
ORD0001389,SHP000117,E003512,out_for_delivery,2025-03-30 14:00:00,Seattle,IL
ORD0001124,SHP001424,E003069,picked_up,2025-12-02 07:00:00,Denver,IL
ORD0001722,SHP001745,E004244,out_for_delivery,2025-04-12 17:00:00,Seattle,WA
ORD0001049,SHP001086,E000209,delivered,2025-10-14 06:00:00,Chicago,NY
ORD0001838,SHP001050,E001277,delivered,2025-09-06 04:00:00,Seattle,TX
ORD0001585,SHP001144,E002138,picked_up,2025-03-24 08:00:00,Los Angeles,TX
ORD0000097,SHP001574,E003627,in_transit,2025-07-25 00:00:00,Los Angeles,AZ
ORD0000047,SHP001700,E000400,in_transit,2025-07-09 14:00:00,Miami,AZ
ORD0000016,SHP000910,E001904,picked_up,2025-08-05 00:00:00,New York,NY
ORD0000105,SHP001620,E002911,in_transit,2025-09-07 07:00:00,Seattle,NY
ORD0002185,SHP001416,E000368,out_for_delivery,2025-09-04 11:00:00,New York,NY
ORD0001361,SHP000722,E005200,in_transit,2025-04-22 01:00:00,New York,FL
ORD0001553,SHP000197,E003354,out_for_delivery,2025-10-12 03:00:00,Chicago,TX
ORD0001388,SHP000072,E002951,delivered,2025-03-06 10:00:00,New York,TX
ORD0001156,SHP000577,E004719,out_for_delivery,2025-04-14 01:00:00,Miami,NY
ORD0001490,SHP000943,E002200,in_transit,2025-03-03 16:00:00,Phoenix,CO
ORD0000688,SHP001276,E000317,label_created,2025-04-28 23:00:00,Miami,CA
ORD0001858,SHP000401,E003441,in_transit,2025-04-27 23:00:00,Chicago,AZ
ORD0000328,SHP001598,E004568,in_transit,2025-12-03 05:00:00,Los Angeles,IL
ORD0000579,SHP000258,E004747,label_created,2025-12-10 16:00:00,Denver,TX
ORD0000406,SHP000493,E003638,out_for_delivery,2025-12-05 15:00:00,Miami,AZ
ORD0002194,SHP001388,E005470,in_transit,2025-12-09 18:00:00,Los Angeles,IL
ORD0001503,SHP001513,E003047,picked_up,2025-06-08 19:00:00,Los Angeles,TX
ORD0001442,SHP000533,E001371,delivered,2025-05-28 14:00:00,Seattle,AZ
ORD0002100,SHP001100,E001838,label_created,2025-01-09 14:00:00,Seattle,CA
ORD0000023,SHP000252,E001279,delivered,2025-10-23 07:00:00,Miami,AZ
ORD0001128,SHP001727,E005357,in_transit,2025-09-22 07:00:00,Los Angeles,NY
ORD0001156,SHP000380,E002885,picked_up,2025-12-05 05:00:00,Miami,AZ
ORD0000413,SHP001705,E000425,in_transit,2025-10-27 08:00:00,Denver,AZ
ORD0000664,SHP000623,E005367,in_transit,2025-08-05 09:00:00,New York,CO
ORD0000933,SHP001205,E004751,out_for_delivery,2025-04-17 05:00:00,New York,AZ
ORD0002154,SHP000906,E004052,label_created,2025-04-30 14:00:00,Chicago,NY
ORD0001237,SHP000029,E000846,picked_up,2025-11-22 10:00:00,Dallas,IL
ORD0000639,SHP001400,E002140,in_transit,2025-11-22 10:00:00,Phoenix,WA
ORD0000048,SHP000475,E004131,in_transit,2025-04-08 03:00:00,Miami,TX
ORD0001846,SHP000164,E002822,label_created,2025-08-31 19:00:00,Los Angeles,CA
ORD0001967,SHP000902,E002548,picked_up,2025-06-28 10:00:00,Chicago,TX
ORD0000098,SHP000914,E005428,delivered,2025-06-09 04:00:00,Seattle,NY
ORD0001750,SHP001499,E004154,out_for_delivery,2025-02-01 00:00:00,Miami,CA
ORD0002146,SHP000535,E004636,in_transit,2025-07-09 03:00:00,Dallas,CA
ORD0001375,SHP001096,E004023,in_transit,2025-11-28 13:00:00,Chicago,NY
ORD0002038,SHP000133,E004761,delivered,2025-02-22 17:00:00,Dallas,CA
ORD0001822,SHP000151,E001230,label_created,2025-11-30 14:00:00,Seattle,IL
ORD0000114,SHP000075,E003209,out_for_delivery,2025-03-18 16:00:00,Dallas,NY
ORD0001598,SHP001602,E001922,out_for_delivery,2025-04-05 02:00:00,Miami,FL
ORD0002106,SHP001061,E002029,delivered,2025-02-16 22:00:00,Chicago,FL
ORD0000653,SHP000931,E001241,label_created,2025-08-05 09:00:00,Seattle,TX
ORD0000612,SHP000256,E004285,in_transit,2025-12-01 14:00:00,Dallas,CO
ORD0000108,SHP000246,E002254,in_transit,2025-08-04 17:00:00,Dallas,CA
ORD0000623,SHP000551,E001853,picked_up,2025-08-20 08:00:00,Miami,NY
ORD0002152,SHP000831,E002045,exception,2025-04-23 06:00:00,Miami,TX
ORD0001290,SHP000585,E004045,in_transit,2025-06-11 22:00:00,New York,FL
ORD0001543,SHP001690,E004850,in_transit,2025-09-28 17:00:00,Chicago,AZ
ORD0000029,SHP001076,E002758,picked_up,2025-07-21 15:00:00,Miami,AZ
ORD0000838,SHP001773,E004247,picked_up,2025-09-19 13:00:00,Denver,CA
ORD0000156,SHP000415,E002102,label_created,2025-04-12 14:00:00,Denver,CA
ORD0001566,SHP001491,E001339,out_for_delivery,2025-11-16 22:00:00,Dallas,NY
ORD0000508,SHP000686,E005386,label_created,2025-02-25 02:00:00,Dallas,WA
ORD0002043,SHP000964,E005319,picked_up,2025-08-18 16:00:00,Los Angeles,NY
ORD0001716,SHP001771,E001638,in_transit,2025-02-23 01:00:00,Miami,CO
ORD0000510,SHP000401,E002586,delivered,2025-06-18 01:00:00,Dallas,WA
ORD0001600,SHP000747,E003976,in_transit,2025-03-25 22:00:00,Seattle,WA
ORD0001430,SHP000376,E004785,picked_up,2025-03-26 12:00:00,Denver,IL
ORD0000388,SHP000643,E000758,in_transit,2025-10-15 19:00:00,Miami,CO
ORD0000347,SHP000934,E005287,out_for_delivery,2025-08-28 22:00:00,Chicago,IL
ORD0001108,SHP000826,E003308,out_for_delivery,2025-11-30 07:00:00,Denver,WA
ORD0000949,SHP000464,E002965,out_for_delivery,2025-01-22 15:00:00,Seattle,WA
ORD0000714,SHP000209,E001257,in_transit,2025-12-07 17:00:00,Chicago,WA
ORD0001407,SHP000330,E004414,label_created,2025-12-26 21:00:00,New York,CO
ORD0000326,SHP001135,E003061,delivered,2025-09-12 19:00:00,New York,AZ
ORD0000988,SHP000625,E001580,in_transit,2025-10-25 06:00:00,Seattle,CA
ORD0000157,SHP000858,E005606,in_transit,2025-07-05 10:00:00,Miami,CA
ORD0000610,SHP001477,E002625,picked_up,2025-08-09 21:00:00,Miami,CO
ORD0000612,SHP001364,E004918,in_transit,2025-07-25 12:00:00,Dallas,AZ
ORD0001608,SHP001528,E005543,out_for_delivery,2025-05-17 16:00:00,Los Angeles,TX
ORD0001313,SHP001089,E003841,picked_up,2025-08-14 02:00:00,Chicago,NY
ORD0002108,SHP001552,E000046,delivered,2025-08-12 11:00:00,Denver,NY
ORD0000486,SHP000220,E004924,exception,2025-11-09 04:00:00,Los Angeles,CO
ORD0001138,SHP000572,E001909,label_created,2025-07-19 05:00:00,New York,IL
ORD0001236,SHP000530,E004052,in_transit,2025-12-25 04:00:00,Seattle,CA
ORD0000884,SHP001346,E002491,delivered,2025-07-28 16:00:00,Miami,NY
ORD0001889,SHP000195,E003494,picked_up,2025-11-26 05:00:00,New York,IL
ORD0000149,SHP001681,E002177,picked_up,2025-02-02 22:00:00,Phoenix,FL
ORD0001409,SHP000263,E001791,in_transit,2025-01-02 16:00:00,Denver,IL
ORD0001107,SHP001348,E002550,picked_up,2025-07-02 09:00:00,Dallas,FL
ORD0001934,SHP001258,E004542,delivered,2025-07-14 08:00:00,New York,AZ
ORD0001766,SHP000644,E005109,delivered,2025-10-06 03:00:00,Denver,IL
ORD0000126,SHP001182,E002782,in_transit,2025-07-22 12:00:00,Denver,FL
ORD0000881,SHP000297,E000459,in_transit,2025-08-15 18:00:00,New York,NY
ORD0001491,SHP000468,E003434,in_transit,2025-08-22 13:00:00,Los Angeles,IL
ORD0000810,SHP001635,E003468,exception,2025-10-06 07:00:00,Seattle,IL
ORD0001153,SHP000057,E005090,in_transit,2025-04-29 21:00:00,Chicago,IL
ORD0002111,SHP000960,E003418,picked_up,2025-04-02 07:00:00,Denver,FL
ORD0000587,SHP000032,E003057,picked_up,2025-01-03 03:00:00,Miami,CA
ORD0001297,SHP000317,E004962,in_transit,2025-06-28 04:00:00,New York,NY
ORD0000696,SHP001140,E004981,delivered,2025-08-30 05:00:00,New York,CA
ORD0000952,SHP001169,E005279,label_created,2025-02-14 15:00:00,Phoenix,FL
ORD0002165,SHP000211,E002623,in_transit,2025-10-09 17:00:00,New York,CO
ORD0000006,SHP000140,E002843,picked_up,2025-06-07 23:00:00,Phoenix,NY
ORD0001756,SHP000708,E005529,out_for_delivery,2025-07-23 18:00:00,Dallas,TX
ORD0001200,SHP000843,E004400,label_created,2025-04-14 06:00:00,Seattle,NY
ORD0001899,SHP000869,E001149,in_transit,2025-07-28 16:00:00,Chicago,IL
ORD0000976,SHP001167,E005445,delivered,2025-05-15 00:00:00,Seattle,AZ
ORD0001657,SHP000031,E001321,delivered,2025-04-25 19:00:00,Dallas,IL
ORD0002157,SHP000717,E002907,picked_up,2025-04-30 20:00:00,Denver,TX
ORD0001519,SHP000286,E002862,in_transit,2025-05-07 11:00:00,Dallas,CA
ORD0000808,SHP000736,E003865,in_transit,2025-08-27 04:00:00,Chicago,WA
ORD0001042,SHP000072,E001262,in_transit,2025-01-24 23:00:00,Dallas,AZ
ORD0000443,SHP000461,E005064,exception,2025-09-03 21:00:00,Chicago,AZ
ORD0000619,SHP000611,E000631,picked_up,2025-04-10 20:00:00,Seattle,IL
ORD0001652,SHP000630,E003271,in_transit,2025-09-19 09:00:00,New York,NY
ORD0001315,SHP001611,E002854,in_transit,2025-10-11 14:00:00,Phoenix,FL
ORD0001075,SHP000001,E001368,label_created,2025-11-15 21:00:00,New York,NY
ORD0001977,SHP001383,E003713,in_transit,2025-07-13 03:00:00,Los Angeles,TX
ORD0001575,SHP000882,E000479,label_created,2025-02-09 22:00:00,Dallas,NY
ORD0000278,SHP000438,E005407,in_transit,2025-06-18 18:00:00,Seattle,CA
ORD0000229,SHP000989,E001974,in_transit,2025-12-22 10:00:00,Los Angeles,TX
ORD0000809,SHP000094,E001098,in_transit,2025-04-12 08:00:00,New York,WA
ORD0000090,SHP000226,E002235,out_for_delivery,2025-12-18 22:00:00,Denver,CA
ORD0002190,SHP001120,E001940,out_for_delivery,2025-02-09 00:00:00,Dallas,AZ
ORD0000208,SHP000213,E004383,label_created,2025-10-22 06:00:00,New York,TX
ORD0001179,SHP001231,E000742,in_transit,2025-01-12 21:00:00,Chicago,AZ
ORD0000152,SHP001714,E001423,picked_up,2025-01-02 10:00:00,New York,TX
ORD0001152,SHP000856,E002464,label_created,2025-04-10 22:00:00,Miami,TX
ORD0000457,SHP000507,E005564,picked_up,2025-03-23 14:00:00,Seattle,FL
ORD0000764,SHP000638,E003343,delivered,2025-05-17 20:00:00,Denver,IL
ORD0001821,SHP000366,E002792,label_created,2025-11-06 14:00:00,Dallas,AZ
ORD0002149,SHP001038,E004922,label_created,2025-08-29 18:00:00,Los Angeles,CO
ORD0000730,SHP001313,E000728,in_transit,2025-12-23 16:00:00,Miami,FL
ORD0000169,SHP000378,E005414,picked_up,2025-05-26 10:00:00,New York,FL
ORD0001858,SHP000401,E001583,label_created,2025-09-02 10:00:00,Seattle,WA
ORD0001497,SHP000750,E003478,out_for_delivery,2025-01-06 01:00:00,Miami,CA
ORD0001260,SHP000836,E004379,in_transit,2025-11-14 15:00:00,Miami,AZ
ORD0001900,SHP000543,E005698,picked_up,2025-03-06 22:00:00,Dallas,AZ
ORD0000793,SHP000533,E001923,picked_up,2025-10-05 23:00:00,Seattle,IL
ORD0000175,SHP001388,E001749,in_transit,2025-08-27 00:00:00,Los Angeles,FL
ORD0000579,SHP001020,E002353,delivered,2025-04-16 19:00:00,Phoenix,TX
ORD0000513,SHP000349,E000244,picked_up,2025-08-11 10:00:00,Chicago,AZ
ORD0000752,SHP000988,E005099,in_transit,2025-06-14 18:00:00,Seattle,WA
ORD0001119,SHP000176,E005651,out_for_delivery,2025-06-07 08:00:00,Dallas,NY
ORD0002111,SHP001180,E002069,out_for_delivery,2025-10-07 05:00:00,Denver,AZ
ORD0002016,SHP000964,E004608,delivered,2025-02-25 13:00:00,New York,IL
ORD0000037,SHP000692,E000199,label_created,2025-05-29 01:00:00,Seattle,TX
ORD0001051,SHP000135,E003225,in_transit,2025-06-07 18:00:00,Phoenix,IL
ORD0000263,SHP001294,E000905,label_created,2025-08-30 05:00:00,Dallas,AZ
ORD0001717,SHP000285,E002922,in_transit,2025-01-23 14:00:00,Los Angeles,CA
ORD0000597,SHP000211,E004068,label_created,2025-01-20 16:00:00,Chicago,IL
ORD0001520,SHP000975,E004516,picked_up,2025-12-07 15:00:00,Denver,CO
ORD0002091,SHP000424,E001572,picked_up,2025-10-28 16:00:00,Dallas,AZ
ORD0000173,SHP001099,E000254,label_created,2025-11-15 04:00:00,Denver,AZ
ORD0000306,SHP001405,E004081,in_transit,2025-07-14 06:00:00,Miami,TX
ORD0001977,SHP000691,E002369,out_for_delivery,2025-01-22 12:00:00,Dallas,FL
ORD0000256,SHP001500,E001025,in_transit,2025-07-15 12:00:00,Seattle,IL
ORD0001151,SHP000501,E003729,in_transit,2025-09-02 11:00:00,Miami,WA
ORD0000188,SHP001069,E005321,label_created,2025-04-04 10:00:00,Los Angeles,IL
ORD0002194,SHP001388,E003702,picked_up,2025-06-19 05:00:00,Los Angeles,TX
ORD0000423,SHP001516,E002731,label_created,2025-09-28 15:00:00,Denver,IL
ORD0000561,SHP001703,E000218,picked_up,2025-12-09 06:00:00,Denver,TX
ORD0002106,SHP001110,E005485,label_created,2025-02-25 01:00:00,Miami,AZ
ORD0000196,SHP000146,E000623,delivered,2025-08-21 03:00:00,Denver,AZ
ORD0000117,SHP000503,E005281,out_for_delivery,2025-01-05 17:00:00,Phoenix,NY
ORD0000315,SHP001173,E004734,delivered,2025-10-11 05:00:00,Denver,CO
ORD0001248,SHP001707,E001640,label_created,2025-02-10 00:00:00,Seattle,TX
ORD0001203,SHP000249,E001841,picked_up,2025-05-06 05:00:00,Seattle,AZ
ORD0001865,SHP001264,E003419,in_transit,2025-04-05 01:00:00,Phoenix,AZ
ORD0001870,SHP000608,E001316,label_created,2025-11-07 13:00:00,Chicago,NY
ORD0001660,SHP001247,E002875,out_for_delivery,2025-04-04 04:00:00,Miami,WA
ORD0001629,SHP001373,E004409,label_created,2025-10-02 22:00:00,Seattle,NY
ORD0001086,SHP000167,E002311,in_transit,2025-03-18 07:00:00,Los Angeles,CA
ORD0000324,SHP000936,E001322,out_for_delivery,2025-04-11 06:00:00,New York,AZ
ORD0001320,SHP001230,E002634,in_transit,2025-02-24 02:00:00,Los Angeles,IL
ORD0000205,SHP000762,E003197,delivered,2025-07-11 11:00:00,Los Angeles,TX
ORD0001498,SHP000049,E005334,out_for_delivery,2025-01-16 07:00:00,Denver,AZ
ORD0001454,SHP001507,E004864,label_created,2025-05-18 16:00:00,Seattle,AZ
ORD0000887,SHP000117,E000424,label_created,2025-12-07 11:00:00,Los Angeles,WA
ORD0001479,SHP000007,E002708,out_for_delivery,2025-11-12 01:00:00,Denver,CO
ORD0001395,SHP000658,E000091,out_for_delivery,2025-08-06 17:00:00,New York,IL
ORD0001016,SHP000792,E002121,in_transit,2025-12-19 18:00:00,New York,CO
ORD0000831,SHP001438,E003661,in_transit,2025-08-20 19:00:00,Chicago,WA
ORD0001734,SHP001220,E000388,picked_up,2025-06-09 15:00:00,Dallas,CO
ORD0000106,SHP000125,E000443,in_transit,2025-07-25 19:00:00,Los Angeles,CA
ORD0001915,SHP001559,E004748,out_for_delivery,2025-06-26 02:00:00,Chicago,NY
ORD0001342,SHP000485,E001967,out_for_delivery,2025-10-06 12:00:00,Miami,AZ
ORD0001051,SHP001686,E001234,in_transit,2025-01-26 01:00:00,Miami,CO
ORD0000364,SHP001259,E001939,in_transit,2025-11-18 13:00:00,Phoenix,CO
ORD0001809,SHP000758,E002191,delivered,2025-03-11 22:00:00,Phoenix,CO
ORD0001260,SHP000836,E004118,in_transit,2025-10-22 16:00:00,Dallas,WA
ORD0001967,SHP000106,E005136,out_for_delivery,2025-11-08 19:00:00,Miami,TX
ORD0000803,SHP000662,E001085,in_transit,2025-09-19 23:00:00,Los Angeles,TX
ORD0001642,SHP000104,E001481,label_created,2025-10-03 08:00:00,Miami,CA
ORD0002168,SHP001404,E000661,picked_up,2025-10-14 13:00:00,Phoenix,IL
ORD0000587,SHP000885,E001729,out_for_delivery,2025-02-11 07:00:00,Miami,WA
ORD0001086,SHP000224,E005135,in_transit,2025-07-21 22:00:00,Dallas,IL
ORD0000285,SHP001601,E000702,label_created,2025-03-26 19:00:00,Dallas,IL
ORD0001850,SHP000962,E002619,label_created,2025-12-18 17:00:00,Denver,CA
ORD0001918,SHP000515,E000867,in_transit,2025-10-29 00:00:00,Phoenix,CO
ORD0000794,SHP000493,E000422,delivered,2025-12-13 05:00:00,Chicago,TX
ORD0001905,SHP000917,E000292,in_transit,2025-09-16 13:00:00,Chicago,WA
ORD0001331,SHP000408,E002333,delivered,2025-08-03 09:00:00,Seattle,CO
ORD0001795,SHP001721,E000592,picked_up,2025-11-27 08:00:00,Chicago,FL
ORD0000629,SHP001387,E000073,picked_up,2025-07-05 09:00:00,New York,NY
ORD0000864,SHP000464,E003700,in_transit,2025-11-29 23:00:00,Phoenix,IL
ORD0001236,SHP000753,E004083,picked_up,2025-01-17 22:00:00,Denver,CA
ORD0001455,SHP000422,E002676,out_for_delivery,2025-08-27 12:00:00,Dallas,AZ
ORD0001401,SHP000497,E002036,delivered,2025-01-21 12:00:00,Miami,CA
ORD0001245,SHP001745,E001971,picked_up,2025-04-01 22:00:00,Dallas,NY
ORD0000856,SHP000526,E001033,in_transit,2025-04-26 08:00:00,Denver,IL
ORD0000504,SHP000551,E004704,label_created,2025-04-06 08:00:00,New York,WA
ORD0001628,SHP001183,E000522,delivered,2025-04-09 23:00:00,Dallas,IL
ORD0000641,SHP001270,E002244,in_transit,2025-01-29 05:00:00,Denver,CA
ORD0000919,SHP000946,E003215,in_transit,2025-08-27 09:00:00,Denver,CO
ORD0000724,SHP000630,E001768,in_transit,2025-10-07 04:00:00,Los Angeles,WA
ORD0000608,SHP001584,E000806,in_transit,2025-05-02 21:00:00,Seattle,FL
ORD0001127,SHP001763,E000478,delivered,2025-08-18 13:00:00,Denver,TX
ORD0000752,SHP001458,E005563,in_transit,2025-12-13 20:00:00,Los Angeles,AZ
ORD0000209,SHP000048,E001035,delivered,2025-11-10 17:00:00,Phoenix,AZ
ORD0001881,SHP000427,E004594,in_transit,2025-11-28 15:00:00,Seattle,FL
ORD0000130,SHP000935,E002327,in_transit,2025-03-14 21:00:00,Denver,CO
ORD0000029,SHP000910,E001597,in_transit,2025-09-27 07:00:00,Dallas,CA
ORD0001876,SHP001496,E004284,picked_up,2025-02-27 02:00:00,Los Angeles,AZ
ORD0000177,SHP000120,E003376,label_created,2025-07-04 06:00:00,Chicago,FL
ORD0001110,SHP000819,E003713,label_created,2025-01-15 07:00:00,New York,TX
ORD0000609,SHP000399,E005270,in_transit,2025-05-17 05:00:00,Chicago,IL
ORD0002060,SHP001054,E002122,delivered,2025-07-21 04:00:00,Seattle,TX
ORD0001261,SHP001281,E001555,out_for_delivery,2025-02-18 01:00:00,Denver,TX
ORD0001603,SHP000791,E004593,out_for_delivery,2025-06-13 23:00:00,Dallas,TX
ORD0000180,SHP000067,E004845,label_created,2025-04-06 17:00:00,Miami,FL
ORD0000581,SHP001019,E004789,picked_up,2025-07-06 13:00:00,Los Angeles,IL
ORD0001091,SHP000919,E003193,delivered,2025-09-06 10:00:00,Denver,AZ
ORD0000656,SHP000861,E003921,out_for_delivery,2025-11-22 11:00:00,New York,CA
ORD0000532,SHP001725,E001745,in_transit,2025-08-22 22:00:00,New York,AZ
ORD0000844,SHP000531,E001742,out_for_delivery,2025-10-19 07:00:00,Los Angeles,TX
ORD0001846,SHP001259,E003634,in_transit,2025-03-09 19:00:00,Denver,WA
ORD0001320,SHP001230,E000628,delivered,2025-04-29 14:00:00,Phoenix,CO
ORD0001438,SHP001774,E000887,in_transit,2025-07-26 09:00:00,New York,AZ
ORD0000121,SHP000076,E002450,picked_up,2025-09-26 09:00:00,Seattle,IL
ORD0001441,SHP000397,E001669,in_transit,2025-10-05 13:00:00,Seattle,IL
ORD0001871,SHP000064,E005664,out_for_delivery,2025-06-08 16:00:00,Miami,CO
ORD0002186,SHP001334,E001624,picked_up,2025-01-03 01:00:00,Dallas,AZ
ORD0000965,SHP000859,E002474,picked_up,2025-02-03 03:00:00,Denver,IL
ORD0000064,SHP000174,E003033,picked_up,2025-03-04 15:00:00,Chicago,CO
ORD0000350,SHP001534,E003329,delivered,2025-07-02 06:00:00,New York,NY
ORD0000834,SHP001529,E002244,delivered,2025-06-21 20:00:00,Miami,FL
ORD0000404,SHP000545,E000958,picked_up,2025-11-16 06:00:00,Phoenix,TX
ORD0000627,SHP000944,E002765,out_for_delivery,2025-03-29 15:00:00,Dallas,FL
ORD0001397,SHP000328,E005527,in_transit,2025-03-30 13:00:00,New York,AZ
ORD0001933,SHP001403,E004396,delivered,2025-01-09 18:00:00,Chicago,TX
ORD0000134,SHP001643,E005031,out_for_delivery,2025-08-09 13:00:00,Miami,NY
ORD0000774,SHP001547,E004553,delivered,2025-07-26 04:00:00,Chicago,WA
ORD0001891,SHP000239,E000395,picked_up,2025-10-22 18:00:00,Seattle,TX
ORD0000782,SHP000027,E002405,out_for_delivery,2025-08-21 22:00:00,Denver,AZ
ORD0002199,SHP001368,E004355,picked_up,2025-08-19 01:00:00,Miami,NY
ORD0000193,SHP001072,E005539,in_transit,2025-02-06 02:00:00,Seattle,IL
ORD0001293,SHP000549,E004626,in_transit,2025-10-09 23:00:00,Miami,NY
ORD0000199,SHP000481,E001111,picked_up,2025-02-09 19:00:00,Los Angeles,AZ
ORD0000326,SHP000078,E000929,in_transit,2025-01-22 20:00:00,Los Angeles,IL
ORD0000327,SHP000037,E001772,delivered,2025-01-29 12:00:00,Miami,CO
ORD0000503,SHP000170,E004658,out_for_delivery,2025-06-27 09:00:00,Chicago,CO
ORD0002175,SHP000027,E004641,out_for_delivery,2025-03-01 09:00:00,Dallas,NY
ORD0002141,SHP000758,E003804,in_transit,2025-02-14 14:00:00,Chicago,CO
ORD0000858,SHP000091,E003824,in_transit,2025-09-21 18:00:00,Phoenix,WA
ORD0000617,SHP000914,E000693,in_transit,2025-07-28 01:00:00,Seattle,AZ
ORD0001831,SHP001044,E003562,in_transit,2025-10-19 07:00:00,Los Angeles,FL
ORD0001354,SHP000998,E005240,delivered,2025-03-17 19:00:00,Miami,NY
ORD0001354,SHP001537,E005618,out_for_delivery,2025-06-27 19:00:00,Chicago,NY
ORD0000066,SHP000217,E003637,delivered,2025-08-16 01:00:00,Denver,AZ
ORD0000978,SHP001606,E001848,picked_up,2025-12-01 16:00:00,Seattle,FL
ORD0001314,SHP000599,E005266,in_transit,2025-03-01 02:00:00,Denver,CO
ORD0001256,SHP001756,E002652,out_for_delivery,2025-06-15 03:00:00,Phoenix,FL
ORD0001900,SHP000913,E000344,delivered,2025-07-17 23:00:00,New York,CO
ORD0000027,SHP000996,E001475,in_transit,2025-06-26 15:00:00,Dallas,WA
ORD0001339,SHP001651,E005399,picked_up,2025-03-04 04:00:00,Miami,CO
ORD0001497,SHP001775,E000022,in_transit,2025-11-05 11:00:00,Phoenix,AZ
ORD0000393,SHP001716,E001828,in_transit,2025-11-10 22:00:00,Dallas,CO
ORD0000140,SHP001702,E004693,out_for_delivery,2025-09-02 17:00:00,Los Angeles,CO
ORD0000775,SHP000094,E001731,label_created,2025-04-08 06:00:00,Los Angeles,WA
ORD0001546,SHP000136,E004857,delivered,2025-11-25 08:00:00,Dallas,CO
ORD0000701,SHP000753,E003678,label_created,2025-05-15 14:00:00,Miami,TX
ORD0000107,SHP001545,E001297,exception,2025-10-25 19:00:00,New York,TX
ORD0001753,SHP001159,E004821,exception,2025-10-26 22:00:00,Dallas,AZ
ORD0000033,SHP001611,E000505,picked_up,2025-07-08 16:00:00,Chicago,AZ
ORD0000345,SHP000466,E002907,picked_up,2025-06-16 19:00:00,Dallas,AZ
ORD0001526,SHP001209,E003604,delivered,2025-10-28 11:00:00,Dallas,CO
ORD0002025,SHP001762,E000233,picked_up,2025-06-27 19:00:00,Seattle,AZ
ORD0000594,SHP000242,E002758,in_transit,2025-02-08 06:00:00,Dallas,NY
ORD0002019,SHP001034,E000185,in_transit,2025-06-23 00:00:00,Denver,WA
ORD0002102,SHP000254,E003589,picked_up,2025-03-01 06:00:00,Seattle,AZ
ORD0000264,SHP000851,E001892,delivered,2025-08-14 00:00:00,New York,CO
ORD0001921,SHP001025,E001845,label_created,2025-01-06 10:00:00,Miami,TX
ORD0000118,SHP000118,E003442,picked_up,2025-12-14 14:00:00,Denver,WA
ORD0001003,SHP000715,E004706,out_for_delivery,2025-10-10 03:00:00,Chicago,WA
ORD0001911,SHP000979,E003619,in_transit,2025-07-25 16:00:00,Chicago,WA
ORD0001717,SHP001529,E005533,picked_up,2025-08-18 21:00:00,Denver,IL
ORD0000840,SHP000751,E003813,label_created,2025-08-06 15:00:00,New York,WA
ORD0002138,SHP001695,E002509,picked_up,2025-06-05 21:00:00,Phoenix,WA
ORD0000662,SHP000133,E002554,delivered,2025-02-14 19:00:00,Dallas,CO
ORD0001779,SHP000673,E003682,out_for_delivery,2025-07-23 03:00:00,Denver,TX
ORD0002139,SHP001015,E003389,label_created,2025-07-05 07:00:00,Dallas,NY
ORD0001475,SHP000596,E002020,in_transit,2025-05-16 03:00:00,New York,AZ
ORD0001588,SHP000106,E005417,label_created,2025-10-07 19:00:00,Phoenix,AZ
ORD0001911,SHP000979,E000325,delivered,2025-12-16 22:00:00,Dallas,FL
ORD0001986,SHP000400,E004001,in_transit,2025-07-24 03:00:00,Denver,WA
ORD0001033,SHP000738,E000191,in_transit,2025-04-07 02:00:00,Seattle,TX
ORD0002079,SHP000451,E005472,label_created,2025-08-29 02:00:00,Seattle,TX
ORD0002074,SHP001322,E003538,picked_up,2025-02-22 01:00:00,Chicago,TX
ORD0000004,SHP001563,E004405,out_for_delivery,2025-04-14 19:00:00,Denver,CO
ORD0001219,SHP000755,E001279,in_transit,2025-03-01 22:00:00,Dallas,NY
ORD0000226,SHP001116,E002203,delivered,2025-08-19 07:00:00,Dallas,CA
ORD0000479,SHP000387,E005352,in_transit,2025-07-15 07:00:00,Phoenix,IL
ORD0000352,SHP000504,E000638,in_transit,2025-04-27 03:00:00,Chicago,CA
ORD0000872,SHP000641,E002819,in_transit,2025-01-21 10:00:00,Phoenix,FL
ORD0002057,SHP001728,E005370,in_transit,2025-09-05 14:00:00,New York,AZ
ORD0000862,SHP000922,E003868,picked_up,2025-12-19 22:00:00,Dallas,WA
ORD0001844,SHP001443,E000989,in_transit,2025-06-17 12:00:00,Los Angeles,CA
ORD0001850,SHP000959,E005267,in_transit,2025-10-28 21:00:00,Chicago,TX
ORD0002134,SHP000727,E000660,in_transit,2025-11-25 21:00:00,Chicago,WA
ORD0000351,SHP000294,E001905,label_created,2025-05-28 19:00:00,Seattle,CA
ORD0001820,SHP001464,E001801,in_transit,2025-05-13 18:00:00,Los Angeles,FL
ORD0000433,SHP001567,E000367,in_transit,2025-02-01 19:00:00,Dallas,CO
ORD0000782,SHP001514,E004553,picked_up,2025-06-05 06:00:00,Los Angeles,AZ
ORD0001941,SHP001445,E005528,in_transit,2025-09-21 03:00:00,Chicago,TX
ORD0001467,SHP001274,E001271,out_for_delivery,2025-02-14 00:00:00,Phoenix,NY
ORD0001134,SHP001744,E005513,in_transit,2025-02-28 06:00:00,Miami,WA
ORD0000193,SHP001072,E005170,picked_up,2025-07-21 12:00:00,New York,CO
ORD0000510,SHP000244,E003890,delivered,2025-01-12 18:00:00,Los Angeles,FL
ORD0000953,SHP001062,E003102,picked_up,2025-09-26 17:00:00,Denver,FL
ORD0000650,SHP000713,E003408,in_transit,2025-11-28 19:00:00,Denver,NY
ORD0000665,SHP001068,E000125,in_transit,2025-06-30 05:00:00,Denver,CO
ORD0001124,SHP000562,E004983,label_created,2025-05-14 13:00:00,Seattle,CO
ORD0000136,SHP000168,E004890,out_for_delivery,2025-03-16 13:00:00,New York,NY
ORD0000521,SHP000477,E003759,out_for_delivery,2025-03-23 16:00:00,Dallas,IL
ORD0000130,SHP000935,E000749,in_transit,2025-03-20 12:00:00,Chicago,TX
ORD0002099,SHP001206,E003518,delivered,2025-06-13 12:00:00,Los Angeles,WA
ORD0000306,SHP000532,E001719,in_transit,2025-05-07 07:00:00,Miami,FL
ORD0000258,SHP000310,E002624,label_created,2025-10-07 15:00:00,Denver,CO
ORD0001916,SHP000123,E000381,delivered,2025-09-25 04:00:00,Phoenix,FL
ORD0002160,SHP000008,E004135,picked_up,2025-01-15 20:00:00,Dallas,CO
ORD0000853,SHP000430,E000902,delivered,2025-12-27 05:00:00,New York,AZ
ORD0001387,SHP001326,E000999,label_created,2025-06-10 11:00:00,Denver,IL
ORD0000936,SHP001615,E004077,in_transit,2025-03-29 06:00:00,Chicago,IL
ORD0000818,SHP001553,E004801,in_transit,2025-12-05 13:00:00,Los Angeles,AZ
ORD0001992,SHP001066,E000661,out_for_delivery,2025-05-04 07:00:00,Chicago,AZ
ORD0001437,SHP000241,E003214,in_transit,2025-02-24 04:00:00,Dallas,FL
ORD0000108,SHP000156,E000524,picked_up,2025-08-11 17:00:00,Miami,TX
ORD0000951,SHP000218,E002780,picked_up,2025-12-05 07:00:00,Dallas,FL
ORD0000093,SHP000089,E003826,delivered,2025-09-26 08:00:00,Miami,FL
ORD0001874,SHP001028,E000791,picked_up,2025-08-13 20:00:00,Miami,IL
ORD0001317,SHP001243,E005391,in_transit,2025-11-29 22:00:00,Los Angeles,IL
ORD0000644,SHP000504,E002059,out_for_delivery,2025-07-16 17:00:00,Phoenix,NY
ORD0001413,SHP000959,E003838,in_transit,2025-01-29 00:00:00,Chicago,NY
ORD0000218,SHP000137,E004934,picked_up,2025-07-10 14:00:00,New York,WA
ORD0000069,SHP000016,E000606,in_transit,2025-12-10 04:00:00,Dallas,CO
ORD0000687,SHP000478,E003429,in_transit,2025-12-22 18:00:00,Denver,AZ
ORD0001911,SHP001457,E004275,picked_up,2025-12-13 07:00:00,Los Angeles,TX
ORD0002104,SHP000266,E004197,picked_up,2025-01-26 10:00:00,Chicago,TX
ORD0000230,SHP001510,E002959,picked_up,2025-04-25 00:00:00,Seattle,WA
ORD0001920,SHP001621,E000491,in_transit,2025-07-23 18:00:00,Los Angeles,WA
ORD0001043,SHP001417,E003180,label_created,2025-01-18 15:00:00,Chicago,IL
ORD0000903,SHP000943,E004591,in_transit,2025-03-13 14:00:00,Miami,AZ
ORD0000513,SHP000007,E002176,in_transit,2025-02-16 12:00:00,New York,CA
ORD0000204,SHP000923,E001274,in_transit,2025-03-04 12:00:00,Miami,CO
ORD0001047,SHP001339,E001534,label_created,2025-04-06 10:00:00,Seattle,FL
ORD0000123,SHP001337,E004225,picked_up,2025-03-19 15:00:00,Los Angeles,FL
ORD0001313,SHP001375,E005649,in_transit,2025-03-22 13:00:00,Dallas,FL
ORD0000859,SHP001123,E001590,label_created,2025-09-27 07:00:00,Phoenix,NY
ORD0001183,SHP001463,E004513,out_for_delivery,2025-07-03 11:00:00,Miami,CA
ORD0000731,SHP000807,E003725,in_transit,2025-10-28 22:00:00,Dallas,WA
ORD0000893,SHP001022,E002785,out_for_delivery,2025-11-11 13:00:00,New York,IL
ORD0000332,SHP000864,E001228,in_transit,2025-12-25 06:00:00,New York,WA
ORD0001847,SHP001616,E000579,in_transit,2025-12-24 20:00:00,Dallas,AZ
ORD0000419,SHP000872,E005018,exception,2025-05-04 07:00:00,Miami,WA
ORD0001760,SHP000813,E002020,delivered,2025-07-04 22:00:00,Phoenix,IL
ORD0000300,SHP000426,E000677,picked_up,2025-03-21 14:00:00,Los Angeles,WA
ORD0000592,SHP000553,E000218,label_created,2025-01-30 23:00:00,Seattle,NY
ORD0001035,SHP000362,E003795,in_transit,2025-03-11 00:00:00,Phoenix,TX
ORD0000936,SHP001219,E001986,in_transit,2025-09-20 08:00:00,Phoenix,IL
ORD0001996,SHP000947,E004500,picked_up,2025-02-08 02:00:00,Dallas,CO
ORD0001649,SHP000833,E005342,delivered,2025-03-02 15:00:00,Chicago,CO
ORD0000734,SHP000940,E004978,delivered,2025-07-08 10:00:00,Chicago,TX
ORD0000545,SHP000015,E004235,in_transit,2025-01-08 22:00:00,Seattle,TX
ORD0002108,SHP001237,E001618,in_transit,2025-05-24 15:00:00,Phoenix,CO
ORD0000613,SHP000285,E001427,in_transit,2025-04-21 19:00:00,Los Angeles,CA
ORD0000040,SHP001033,E000160,in_transit,2025-09-05 19:00:00,Denver,CA
ORD0001995,SHP001319,E003834,delivered,2025-09-02 08:00:00,Phoenix,CO
ORD0001521,SHP001778,E003108,picked_up,2025-06-27 11:00:00,Chicago,CO
ORD0001481,SHP001537,E003995,picked_up,2025-12-22 21:00:00,Los Angeles,WA
ORD0001271,SHP001536,E004352,picked_up,2025-01-06 18:00:00,Dallas,CA
ORD0000028,SHP000866,E004065,in_transit,2025-02-06 16:00:00,Denver,IL
ORD0000444,SHP000321,E000085,in_transit,2025-11-19 17:00:00,Miami,AZ
ORD0000446,SHP000613,E005300,in_transit,2025-04-05 14:00:00,Phoenix,CO
ORD0001694,SHP000185,E002480,in_transit,2025-07-24 21:00:00,Denver,WA
ORD0001127,SHP001763,E000202,picked_up,2025-10-01 04:00:00,Los Angeles,FL
ORD0001972,SHP001025,E000152,picked_up,2025-03-08 14:00:00,Seattle,CO
ORD0001463,SHP001231,E004964,delivered,2025-02-15 05:00:00,Phoenix,AZ
ORD0001652,SHP001511,E001415,in_transit,2025-12-21 05:00:00,Chicago,CA
ORD0000998,SHP000658,E002494,in_transit,2025-11-19 17:00:00,Los Angeles,NY
ORD0001061,SHP000916,E002877,in_transit,2025-10-31 12:00:00,Miami,NY
ORD0001635,SHP000163,E000181,in_transit,2025-12-08 10:00:00,Los Angeles,AZ
ORD0000486,SHP000735,E000930,label_created,2025-07-17 23:00:00,Phoenix,FL
ORD0002168,SHP000528,E002481,in_transit,2025-06-26 04:00:00,Phoenix,CO
ORD0000540,SHP001275,E000998,picked_up,2025-03-29 07:00:00,Dallas,FL
ORD0002142,SHP001744,E001513,delivered,2025-01-03 20:00:00,Phoenix,FL
ORD0001034,SHP001227,E003986,delivered,2025-11-03 03:00:00,Miami,CO
ORD0001830,SHP000701,E002601,in_transit,2025-09-28 13:00:00,Dallas,TX
ORD0001828,SHP001567,E003871,in_transit,2025-03-04 04:00:00,Seattle,NY
ORD0000911,SHP000916,E002200,in_transit,2025-04-23 05:00:00,Phoenix,CO
ORD0000086,SHP001195,E004907,picked_up,2025-06-25 14:00:00,Los Angeles,NY
ORD0000029,SHP000192,E005270,in_transit,2025-06-05 18:00:00,Seattle,TX
ORD0001671,SHP001375,E004239,delivered,2025-12-28 06:00:00,Miami,FL
ORD0002146,SHP000312,E004120,delivered,2025-10-27 16:00:00,Chicago,NY
ORD0002072,SHP001148,E000018,picked_up,2025-03-17 23:00:00,Dallas,TX
ORD0001036,SHP000525,E000538,picked_up,2025-01-10 07:00:00,New York,WA
ORD0001262,SHP001205,E000191,delivered,2025-08-19 11:00:00,Chicago,WA
ORD0000730,SHP000850,E002162,delivered,2025-12-11 16:00:00,Phoenix,NY
ORD0001548,SHP000125,E004402,delivered,2025-10-15 15:00:00,Phoenix,FL
ORD0001939,SHP001643,E004310,delivered,2025-11-22 06:00:00,Phoenix,CA
ORD0001383,SHP000047,E000678,out_for_delivery,2025-05-21 20:00:00,Dallas,CA
ORD0001313,SHP000994,E003368,out_for_delivery,2025-04-17 22:00:00,Denver,AZ
ORD0001425,SHP001137,E000457,picked_up,2025-05-10 17:00:00,Los Angeles,CA
ORD0002066,SHP000936,E005626,in_transit,2025-07-13 12:00:00,Denver,TX
ORD0000912,SHP000862,E004779,picked_up,2025-07-06 07:00:00,Chicago,CA
ORD0001289,SHP001704,E003869,out_for_delivery,2025-09-11 04:00:00,Denver,TX
ORD0002172,SHP001233,E005479,out_for_delivery,2025-12-11 23:00:00,Seattle,CA
ORD0000059,SHP000159,E001015,out_for_delivery,2025-03-10 15:00:00,New York,NY
ORD0000394,SHP001363,E001599,in_transit,2025-01-26 07:00:00,Dallas,CA
ORD0001130,SHP001160,E001219,label_created,2025-03-30 05:00:00,Los Angeles,AZ
ORD0001107,SHP001300,E002325,exception,2025-06-04 02:00:00,Phoenix,FL
ORD0001504,SHP001766,E001586,picked_up,2025-12-27 08:00:00,Dallas,CO
ORD0001478,SHP001703,E000895,delivered,2025-09-26 02:00:00,Seattle,CA
ORD0001526,SHP000171,E002410,out_for_delivery,2025-01-14 06:00:00,Chicago,CA
ORD0001394,SHP001123,E000747,delivered,2025-04-23 23:00:00,New York,IL
ORD0000733,SHP000133,E000755,in_transit,2025-10-05 03:00:00,Seattle,AZ
ORD0001194,SHP001512,E003731,in_transit,2025-08-26 13:00:00,New York,CO
ORD0002182,SHP001203,E000413,picked_up,2025-05-08 04:00:00,Dallas,CA
ORD0000862,SHP001669,E004888,delivered,2025-12-10 04:00:00,Seattle,TX
ORD0001725,SHP001366,E000693,delivered,2025-09-24 21:00:00,Seattle,FL
ORD0001917,SHP001319,E004943,out_for_delivery,2025-12-07 13:00:00,Phoenix,NY
ORD0000378,SHP000034,E000882,in_transit,2025-01-14 11:00:00,Los Angeles,CA
ORD0001402,SHP001429,E000883,picked_up,2025-11-06 21:00:00,Denver,IL
ORD0001895,SHP000044,E003105,delivered,2025-09-19 08:00:00,Phoenix,CO
ORD0000969,SHP000745,E002189,delivered,2025-09-18 14:00:00,Dallas,NY
ORD0001114,SHP000997,E000225,in_transit,2025-07-21 01:00:00,Los Angeles,AZ
ORD0000345,SHP000437,E000671,exception,2025-10-13 19:00:00,Miami,CA
ORD0001991,SHP001110,E004267,out_for_delivery,2025-01-23 18:00:00,Los Angeles,CA
ORD0001540,SHP000727,E005253,in_transit,2025-10-08 21:00:00,New York,TX
ORD0000347,SHP000934,E001560,picked_up,2025-05-01 05:00:00,Chicago,WA
ORD0000077,SHP000243,E003961,picked_up,2025-05-25 00:00:00,New York,AZ
ORD0002099,SHP001602,E005585,out_for_delivery,2025-06-18 04:00:00,Miami,CA
ORD0002111,SHP000960,E002458,in_transit,2025-11-08 08:00:00,Phoenix,IL
ORD0001256,SHP000244,E005682,label_created,2025-09-09 11:00:00,Seattle,CA
ORD0000900,SHP000702,E005440,out_for_delivery,2025-03-26 18:00:00,Chicago,IL
ORD0001706,SHP000115,E000756,in_transit,2025-06-28 00:00:00,Seattle,WA
ORD0000958,SHP000734,E003680,delivered,2025-11-07 12:00:00,Chicago,CO
ORD0001707,SHP000893,E002169,in_transit,2025-02-26 20:00:00,Los Angeles,IL
ORD0001668,SHP000956,E002617,in_transit,2025-02-08 22:00:00,Seattle,NY
ORD0000524,SHP000946,E001500,in_transit,2025-03-02 11:00:00,Phoenix,NY
ORD0000733,SHP000133,E003586,in_transit,2025-01-23 18:00:00,Miami,AZ
ORD0001566,SHP001491,E000610,in_transit,2025-12-23 11:00:00,Los Angeles,CA
ORD0002003,SHP001359,E003613,in_transit,2025-01-11 22:00:00,Phoenix,IL
ORD0001202,SHP000283,E002398,in_transit,2025-09-09 01:00:00,Seattle,IL
ORD0000412,SHP000770,E005127,picked_up,2025-10-29 02:00:00,New York,CO
ORD0000730,SHP000677,E002823,label_created,2025-07-25 23:00:00,Denver,IL
ORD0001114,SHP000215,E003401,out_for_delivery,2025-07-01 22:00:00,New York,CO
ORD0000865,SHP001131,E005202,in_transit,2025-11-21 23:00:00,Phoenix,FL
ORD0001464,SHP001253,E000188,picked_up,2025-11-23 11:00:00,Los Angeles,WA
ORD0001313,SHP001507,E003716,picked_up,2025-10-04 07:00:00,Chicago,IL
ORD0000781,SHP000869,E001710,picked_up,2025-03-07 15:00:00,Denver,NY
ORD0000004,SHP000923,E005155,out_for_delivery,2025-09-20 03:00:00,Los Angeles,CA
ORD0001969,SHP000052,E002002,delivered,2025-10-26 08:00:00,Chicago,NY
ORD0001350,SHP000306,E002996,in_transit,2025-12-20 11:00:00,Seattle,CA
ORD0000346,SHP000203,E000453,in_transit,2025-07-30 23:00:00,Denver,TX
ORD0000046,SHP001792,E003818,delivered,2025-09-26 16:00:00,Phoenix,IL
ORD0001267,SHP000451,E003711,label_created,2025-06-21 20:00:00,Denver,CO
ORD0000112,SHP000778,E004514,out_for_delivery,2025-01-17 11:00:00,Phoenix,TX
ORD0002070,SHP000206,E003697,out_for_delivery,2025-04-20 14:00:00,Phoenix,WA
ORD0000467,SHP000607,E000192,picked_up,2025-11-17 07:00:00,Seattle,NY
ORD0001878,SHP000999,E002879,picked_up,2025-12-16 09:00:00,New York,FL
ORD0000212,SHP000197,E005599,in_transit,2025-12-14 13:00:00,Los Angeles,WA
ORD0000879,SHP001077,E000005,out_for_delivery,2025-05-31 16:00:00,Miami,TX
ORD0000799,SHP000046,E001799,picked_up,2025-04-02 13:00:00,Phoenix,CA
ORD0002088,SHP000743,E002601,in_transit,2025-02-16 01:00:00,Chicago,TX
ORD0000884,SHP001346,E003855,label_created,2025-03-03 06:00:00,Miami,WA
ORD0000885,SHP000890,E000826,out_for_delivery,2025-09-25 21:00:00,Seattle,TX
ORD0000421,SHP000308,E001041,out_for_delivery,2025-12-11 03:00:00,Chicago,CA
ORD0000244,SHP000052,E003364,in_transit,2025-09-27 23:00:00,Seattle,IL
ORD0001541,SHP000381,E000778,delivered,2025-10-28 03:00:00,Dallas,WA
ORD0000087,SHP001689,E003093,picked_up,2025-09-28 06:00:00,Seattle,NY
ORD0000440,SHP000528,E004803,out_for_delivery,2025-07-12 21:00:00,Los Angeles,CA
ORD0001819,SHP000093,E005655,in_transit,2025-08-19 09:00:00,Denver,IL
ORD0001278,SHP000149,E002306,out_for_delivery,2025-02-02 00:00:00,Dallas,FL
ORD0000544,SHP001578,E003302,label_created,2025-05-20 18:00:00,New York,NY
ORD0000692,SHP001671,E003175,label_created,2025-05-02 18:00:00,Denver,NY
ORD0000990,SHP000540,E001271,delivered,2025-07-27 03:00:00,Dallas,AZ
ORD0000723,SHP000936,E002004,picked_up,2025-09-14 07:00:00,Seattle,FL
ORD0001241,SHP000736,E003558,delivered,2025-05-14 10:00:00,Los Angeles,WA
ORD0000822,SHP000505,E001936,picked_up,2025-06-08 05:00:00,Seattle,WA
ORD0000359,SHP000397,E004663,in_transit,2025-03-29 16:00:00,Chicago,CO
ORD0000799,SHP001367,E002509,in_transit,2025-04-26 01:00:00,Dallas,IL
ORD0000762,SHP000606,E005486,in_transit,2025-04-30 22:00:00,Dallas,CA
ORD0001675,SHP000856,E004223,in_transit,2025-12-09 18:00:00,Miami,CO
ORD0000438,SHP001317,E003494,delivered,2025-05-04 14:00:00,Phoenix,TX
ORD0000029,SHP000768,E000878,in_transit,2025-11-15 20:00:00,Miami,AZ
ORD0002198,SHP001752,E003351,label_created,2025-04-26 09:00:00,New York,CA
ORD0001805,SHP000641,E003113,picked_up,2025-09-27 22:00:00,Phoenix,CO
ORD0000168,SHP000460,E000673,out_for_delivery,2025-03-22 04:00:00,Denver,CA
ORD0001862,SHP001059,E000879,in_transit,2025-09-29 09:00:00,Phoenix,CA
ORD0001311,SHP000190,E003315,in_transit,2025-01-16 16:00:00,Seattle,IL
ORD0000188,SHP001069,E000771,picked_up,2025-09-11 03:00:00,Seattle,NY
ORD0001326,SHP000920,E003968,out_for_delivery,2025-03-26 13:00:00,Chicago,FL
ORD0001686,SHP001293,E000693,out_for_delivery,2025-10-24 20:00:00,Dallas,TX
ORD0000559,SHP000521,E002474,delivered,2025-02-21 05:00:00,Miami,CA
ORD0001579,SHP001597,E000680,in_transit,2025-11-17 20:00:00,Dallas,CO
ORD0001379,SHP001654,E002362,picked_up,2025-08-10 08:00:00,Phoenix,WA
ORD0002146,SHP000312,E001932,picked_up,2025-04-04 05:00:00,Miami,TX
ORD0001751,SHP000725,E004535,in_transit,2025-04-04 05:00:00,Los Angeles,WA
ORD0000110,SHP001697,E003815,in_transit,2025-11-03 06:00:00,Chicago,CA
ORD0000300,SHP000587,E004088,in_transit,2025-07-09 03:00:00,Los Angeles,CA
ORD0001891,SHP001658,E005443,picked_up,2025-01-09 11:00:00,New York,CA
ORD0000512,SHP001267,E002814,in_transit,2025-02-22 16:00:00,Dallas,IL
ORD0001690,SHP000440,E002884,picked_up,2025-07-06 22:00:00,Dallas,CO
ORD0001134,SHP000272,E001230,in_transit,2025-09-02 21:00:00,Los Angeles,IL
ORD0002165,SHP000211,E003224,in_transit,2025-03-12 17:00:00,Chicago,FL
ORD0000813,SHP000843,E003360,label_created,2025-02-01 01:00:00,Denver,AZ
ORD0001025,SHP000452,E000137,picked_up,2025-05-23 01:00:00,New York,FL
ORD0000463,SHP001534,E003553,out_for_delivery,2025-08-26 11:00:00,Seattle,FL
ORD0001041,SHP001350,E005692,label_created,2025-07-22 06:00:00,New York,CO
ORD0000034,SHP000489,E001138,picked_up,2025-05-01 13:00:00,Chicago,WA
ORD0001371,SHP000104,E003997,picked_up,2025-12-29 11:00:00,Seattle,CA
ORD0001591,SHP000940,E004295,in_transit,2025-11-15 20:00:00,Dallas,WA
ORD0000717,SHP000729,E003779,in_transit,2025-08-04 12:00:00,New York,FL
ORD0001968,SHP000552,E005228,in_transit,2025-09-06 01:00:00,Los Angeles,NY
ORD0001361,SHP001315,E004761,in_transit,2025-04-20 17:00:00,Chicago,CO
ORD0000682,SHP000837,E001131,picked_up,2025-03-03 22:00:00,Dallas,IL
ORD0000894,SHP001609,E001365,out_for_delivery,2025-07-20 03:00:00,Denver,TX
ORD0000589,SHP001782,E001162,picked_up,2025-04-15 14:00:00,Denver,NY
ORD0001035,SHP000362,E001299,picked_up,2025-02-18 07:00:00,Seattle,IL
ORD0001293,SHP000549,E003571,delivered,2025-07-02 10:00:00,Phoenix,IL
ORD0000720,SHP000777,E002558,picked_up,2025-03-10 17:00:00,Dallas,WA
ORD0000345,SHP000466,E003164,in_transit,2025-12-22 12:00:00,Chicago,CO
ORD0000476,SHP001595,E001073,in_transit,2025-11-19 01:00:00,Denver,TX
ORD0001739,SHP001532,E000611,in_transit,2025-02-03 07:00:00,Phoenix,CO
ORD0000078,SHP000044,E003844,delivered,2025-12-14 18:00:00,Phoenix,CO
ORD0000779,SHP000483,E004388,in_transit,2025-07-04 06:00:00,Phoenix,TX
ORD0002170,SHP001663,E001543,delivered,2025-04-16 09:00:00,Chicago,CA
ORD0001294,SHP000376,E001246,exception,2025-05-24 13:00:00,New York,CA
ORD0000140,SHP001702,E004239,picked_up,2025-05-20 19:00:00,Seattle,CO
ORD0001264,SHP000248,E003406,out_for_delivery,2025-07-20 18:00:00,Los Angeles,WA
ORD0002188,SHP001287,E003374,in_transit,2025-02-28 05:00:00,Denver,CA
ORD0001781,SHP000487,E004902,out_for_delivery,2025-05-29 08:00:00,New York,NY
ORD0002173,SHP001390,E002615,in_transit,2025-11-15 20:00:00,Denver,AZ
ORD0000501,SHP001258,E005320,in_transit,2025-04-15 03:00:00,Phoenix,WA
ORD0000649,SHP001163,E004448,delivered,2025-01-13 20:00:00,Miami,AZ
ORD0000403,SHP000019,E001520,in_transit,2025-10-07 12:00:00,Miami,CA
ORD0001821,SHP000052,E005121,out_for_delivery,2025-09-09 19:00:00,Denver,NY
ORD0001010,SHP001139,E001836,delivered,2025-04-11 06:00:00,Los Angeles,WA
ORD0000212,SHP001389,E002203,in_transit,2025-01-01 16:00:00,Denver,FL
ORD0000453,SHP001708,E000697,picked_up,2025-05-03 10:00:00,Los Angeles,CO
ORD0000821,SHP000853,E002441,in_transit,2025-06-08 22:00:00,Miami,AZ
ORD0001271,SHP000977,E000056,out_for_delivery,2025-08-26 10:00:00,Phoenix,FL
ORD0001792,SHP001605,E000171,in_transit,2025-04-23 03:00:00,Los Angeles,AZ
ORD0000309,SHP000377,E001365,in_transit,2025-10-18 21:00:00,Chicago,IL
ORD0000960,SHP001157,E004265,delivered,2025-01-18 04:00:00,Denver,CO
ORD0000322,SHP000464,E000398,picked_up,2025-10-26 23:00:00,Miami,CA
ORD0002041,SHP000085,E001059,in_transit,2025-08-26 22:00:00,Dallas,IL
ORD0000575,SHP000851,E001988,out_for_delivery,2025-10-03 09:00:00,Los Angeles,AZ
ORD0000323,SHP000018,E001100,delivered,2025-07-20 16:00:00,New York,AZ
ORD0001112,SHP000709,E003607,out_for_delivery,2025-01-04 08:00:00,Phoenix,CO
ORD0000549,SHP000478,E005242,label_created,2025-08-02 07:00:00,Denver,AZ
ORD0001626,SHP000443,E004065,delivered,2025-12-15 08:00:00,Los Angeles,IL
ORD0000265,SHP000175,E000014,delivered,2025-10-12 20:00:00,Phoenix,TX
ORD0001408,SHP001756,E001770,out_for_delivery,2025-01-24 06:00:00,Chicago,AZ
ORD0000764,SHP000638,E001276,picked_up,2025-03-25 23:00:00,Chicago,TX
ORD0001659,SHP001175,E001442,exception,2025-05-31 18:00:00,Phoenix,AZ
ORD0000376,SHP000442,E000817,in_transit,2025-02-09 14:00:00,Chicago,IL
ORD0000070,SHP000521,E003480,exception,2025-03-16 17:00:00,Denver,NY
ORD0000412,SHP000744,E001420,delivered,2025-03-09 23:00:00,Chicago,AZ
ORD0001085,SHP001140,E002865,delivered,2025-02-04 09:00:00,Seattle,WA
ORD0001474,SHP000233,E001713,in_transit,2025-01-25 22:00:00,Los Angeles,IL
ORD0001830,SHP000701,E000148,out_for_delivery,2025-08-28 01:00:00,Denver,AZ
ORD0000056,SHP001635,E001585,in_transit,2025-04-14 19:00:00,Dallas,IL
ORD0000326,SHP000078,E000426,picked_up,2025-09-07 01:00:00,New York,FL
ORD0000984,SHP000987,E001774,in_transit,2025-05-23 08:00:00,Phoenix,IL
ORD0001202,SHP000030,E000325,in_transit,2025-11-24 06:00:00,Chicago,CA
ORD0002088,SHP000743,E000977,in_transit,2025-11-01 21:00:00,Los Angeles,FL
ORD0000433,SHP001567,E004699,out_for_delivery,2025-12-17 02:00:00,Denver,WA
ORD0000086,SHP001800,E003016,picked_up,2025-01-30 18:00:00,Denver,CA
ORD0001087,SHP001502,E002712,in_transit,2025-08-19 22:00:00,Denver,CO
ORD0000570,SHP001562,E005603,delivered,2025-06-05 18:00:00,Dallas,CA
ORD0001912,SHP000867,E005258,in_transit,2025-03-04 04:00:00,Los Angeles,IL
ORD0000940,SHP000333,E001140,in_transit,2025-04-16 23:00:00,Los Angeles,AZ
ORD0000755,SHP001633,E002425,label_created,2025-08-06 15:00:00,Seattle,AZ
ORD0001895,SHP000563,E002999,picked_up,2025-04-16 12:00:00,Miami,CO
ORD0001068,SHP000909,E001032,label_created,2025-12-18 21:00:00,Seattle,FL
ORD0000881,SHP000297,E004360,in_transit,2025-08-24 06:00:00,Los Angeles,CO
ORD0002192,SHP001193,E001726,out_for_delivery,2025-04-15 21:00:00,Phoenix,AZ
ORD0001981,SHP001521,E003249,in_transit,2025-06-21 14:00:00,Chicago,NY
ORD0000108,SHP000246,E005278,in_transit,2025-09-29 15:00:00,Los Angeles,NY
ORD0000638,SHP000399,E003926,delivered,2025-04-24 06:00:00,Dallas,FL
ORD0001310,SHP000525,E002010,in_transit,2025-02-08 23:00:00,Dallas,AZ
ORD0000991,SHP001442,E001931,out_for_delivery,2025-04-19 10:00:00,Los Angeles,CA
ORD0001025,SHP000612,E002912,picked_up,2025-12-28 19:00:00,Miami,CO
ORD0000110,SHP001697,E001455,label_created,2025-10-29 12:00:00,Chicago,FL
ORD0000134,SHP000859,E000900,picked_up,2025-05-07 03:00:00,Miami,TX
ORD0000165,SHP000985,E002975,picked_up,2025-06-17 06:00:00,Seattle,TX
ORD0001988,SHP000452,E003067,in_transit,2025-05-13 22:00:00,New York,CO
ORD0002078,SHP000310,E003758,in_transit,2025-05-09 11:00:00,Phoenix,CO
ORD0001264,SHP000242,E002763,delivered,2025-10-07 00:00:00,Chicago,FL
ORD0000917,SHP000597,E000236,out_for_delivery,2025-05-17 03:00:00,Miami,CO
ORD0002131,SHP001669,E004963,label_created,2025-11-14 03:00:00,Phoenix,IL
ORD0001762,SHP000083,E003147,in_transit,2025-01-27 19:00:00,Phoenix,IL
ORD0001282,SHP001155,E000857,picked_up,2025-02-22 05:00:00,Seattle,CO
ORD0000374,SHP001010,E001068,in_transit,2025-05-11 12:00:00,Dallas,AZ
ORD0001031,SHP001451,E001964,picked_up,2025-02-03 05:00:00,Miami,NY
ORD0001571,SHP000680,E004402,out_for_delivery,2025-06-04 20:00:00,Chicago,FL
ORD0001499,SHP000800,E000164,delivered,2025-03-13 10:00:00,Seattle,NY
ORD0002070,SHP000206,E005167,in_transit,2025-09-22 03:00:00,Chicago,CA
ORD0001810,SHP001390,E000258,in_transit,2025-05-18 21:00:00,New York,TX
ORD0001428,SHP000881,E002153,in_transit,2025-07-27 17:00:00,New York,FL
ORD0000431,SHP001207,E004743,label_created,2025-10-26 16:00:00,Seattle,CO
ORD0001821,SHP000043,E004311,out_for_delivery,2025-12-04 02:00:00,Los Angeles,IL
ORD0000685,SHP001533,E004036,label_created,2025-04-26 09:00:00,Dallas,WA
ORD0002169,SHP001356,E003331,out_for_delivery,2025-05-01 11:00:00,Denver,TX
ORD0001090,SHP000622,E005648,picked_up,2025-01-31 10:00:00,Dallas,FL
ORD0001610,SHP000597,E002226,picked_up,2025-09-23 08:00:00,Phoenix,CO
ORD0001079,SHP001312,E002072,in_transit,2025-02-20 09:00:00,Los Angeles,IL
ORD0001126,SHP000748,E005098,delivered,2025-11-13 10:00:00,Denver,NY
ORD0000384,SHP001592,E004208,in_transit,2025-12-15 01:00:00,Chicago,CO
ORD0000844,SHP000695,E004643,label_created,2025-05-04 01:00:00,New York,WA
ORD0001114,SHP000220,E004652,in_transit,2025-01-16 04:00:00,Denver,TX
ORD0001789,SHP001051,E003626,out_for_delivery,2025-01-25 18:00:00,Phoenix,IL
ORD0000251,SHP001364,E003359,in_transit,2025-05-12 21:00:00,Phoenix,WA
ORD0001188,SHP001370,E004415,delivered,2025-01-20 02:00:00,Los Angeles,NY
ORD0000402,SHP000348,E005074,in_transit,2025-04-02 21:00:00,New York,WA
ORD0000279,SHP000696,E005292,out_for_delivery,2025-11-30 03:00:00,Chicago,CO
ORD0000699,SHP000897,E004467,out_for_delivery,2025-01-09 08:00:00,Chicago,AZ
ORD0001139,SHP000122,E005528,picked_up,2025-07-13 09:00:00,Chicago,NY
ORD0001722,SHP000355,E004656,picked_up,2025-04-28 23:00:00,Phoenix,NY
ORD0000291,SHP000847,E001700,out_for_delivery,2025-01-05 19:00:00,Denver,FL
ORD0000646,SHP001410,E000186,picked_up,2025-08-23 01:00:00,Miami,IL
ORD0000268,SHP000821,E003840,label_created,2025-02-23 07:00:00,Denver,WA
ORD0001917,SHP001698,E000882,in_transit,2025-08-11 19:00:00,Los Angeles,AZ
ORD0000146,SHP001061,E000855,in_transit,2025-06-27 17:00:00,New York,NY
ORD0001414,SHP001563,E000976,picked_up,2025-11-19 23:00:00,Dallas,NY
ORD0000524,SHP000946,E003828,delivered,2025-04-27 00:00:00,Los Angeles,FL
ORD0001625,SHP001372,E000663,picked_up,2025-09-03 22:00:00,Seattle,WA
ORD0000786,SHP000157,E002112,label_created,2025-06-23 17:00:00,Seattle,NY
ORD0000699,SHP000897,E004931,in_transit,2025-11-05 21:00:00,New York,TX
ORD0000376,SHP001735,E000566,delivered,2025-07-21 19:00:00,Dallas,TX
ORD0000508,SHP000417,E004324,out_for_delivery,2025-06-24 12:00:00,Denver,IL
ORD0000723,SHP001242,E004764,label_created,2025-02-05 10:00:00,Miami,IL
ORD0000731,SHP001781,E000271,in_transit,2025-01-20 08:00:00,Miami,CA
ORD0000622,SHP001312,E005419,out_for_delivery,2025-08-17 16:00:00,New York,IL
ORD0002043,SHP000964,E001439,in_transit,2025-10-27 20:00:00,Dallas,TX
ORD0000868,SHP000585,E001730,label_created,2025-06-26 07:00:00,Phoenix,CA
ORD0002152,SHP000596,E005210,label_created,2025-04-22 15:00:00,Chicago,CO
ORD0000711,SHP000583,E002223,label_created,2025-01-28 02:00:00,Denver,TX
ORD0001805,SHP000641,E005688,out_for_delivery,2025-03-18 15:00:00,Miami,FL
ORD0001835,SHP000217,E004608,picked_up,2025-12-26 01:00:00,Seattle,WA
ORD0001276,SHP000344,E001335,in_transit,2025-01-16 20:00:00,Los Angeles,WA
ORD0000972,SHP001389,E004591,picked_up,2025-02-26 20:00:00,Miami,FL
ORD0000037,SHP001166,E001738,delivered,2025-02-05 14:00:00,Miami,CO
ORD0000986,SHP000512,E000843,exception,2025-02-05 23:00:00,Los Angeles,AZ
ORD0000004,SHP000980,E000864,delivered,2025-11-23 15:00:00,Los Angeles,FL
ORD0002149,SHP000199,E005421,label_created,2025-07-05 05:00:00,New York,AZ
ORD0000940,SHP001327,E002015,in_transit,2025-02-25 21:00:00,Los Angeles,NY
ORD0000402,SHP000438,E001762,out_for_delivery,2025-01-10 03:00:00,New York,IL
ORD0001639,SHP000039,E005507,in_transit,2025-11-25 13:00:00,Denver,CA
ORD0000624,SHP000642,E003229,in_transit,2025-05-19 23:00:00,Chicago,CA
ORD0002017,SHP000436,E003155,exception,2025-08-20 11:00:00,Phoenix,WA
ORD0000791,SHP001120,E005038,picked_up,2025-09-20 04:00:00,Los Angeles,TX
ORD0000450,SHP000935,E005008,picked_up,2025-03-13 15:00:00,Miami,AZ
ORD0000588,SHP000795,E001772,label_created,2025-06-10 22:00:00,Chicago,AZ
ORD0002092,SHP001666,E001648,delivered,2025-09-02 15:00:00,Chicago,IL
ORD0002196,SHP000903,E004186,delivered,2025-11-26 08:00:00,Miami,CA
ORD0000611,SHP000694,E002163,in_transit,2025-09-30 08:00:00,Seattle,AZ
ORD0000653,SHP001148,E002615,in_transit,2025-04-08 15:00:00,Dallas,CA
ORD0001498,SHP000049,E003121,delivered,2025-07-02 06:00:00,Phoenix,CO
ORD0001755,SHP000061,E002036,picked_up,2025-01-01 07:00:00,Chicago,NY
ORD0000958,SHP001059,E005103,out_for_delivery,2025-01-29 05:00:00,Denver,IL
ORD0000633,SHP001242,E001855,delivered,2025-11-24 07:00:00,Los Angeles,WA
ORD0000862,SHP001376,E004776,delivered,2025-02-10 06:00:00,Chicago,IL
ORD0001688,SHP001612,E002427,delivered,2025-04-09 19:00:00,Chicago,CO
ORD0000959,SHP001695,E005452,picked_up,2025-01-09 16:00:00,Chicago,IL
ORD0001085,SHP000090,E001687,exception,2025-10-11 11:00:00,Chicago,FL
ORD0001900,SHP000649,E004912,exception,2025-05-10 19:00:00,Chicago,WA
ORD0001664,SHP000539,E000676,label_created,2025-01-07 21:00:00,Los Angeles,NY
ORD0001428,SHP000571,E001139,exception,2025-09-03 10:00:00,Dallas,NY
ORD0000276,SHP001476,E004688,picked_up,2025-02-06 09:00:00,Seattle,CO
ORD0000886,SHP000474,E003521,in_transit,2025-10-17 10:00:00,New York,TX
ORD0002149,SHP000519,E003934,label_created,2025-06-18 19:00:00,Los Angeles,CO
ORD0001026,SHP001611,E003255,in_transit,2025-06-21 02:00:00,Denver,IL
ORD0001209,SHP001449,E001012,label_created,2025-05-02 07:00:00,Dallas,FL
ORD0000041,SHP001136,E004169,in_transit,2025-08-14 04:00:00,New York,NY
ORD0002016,SHP001665,E000930,picked_up,2025-11-24 03:00:00,Seattle,AZ
ORD0000146,SHP000097,E004338,delivered,2025-12-14 03:00:00,Los Angeles,TX
ORD0001330,SHP000800,E004815,picked_up,2025-06-30 05:00:00,New York,AZ
ORD0000381,SHP001622,E003173,in_transit,2025-01-07 14:00:00,Miami,TX
ORD0001059,SHP000381,E005590,in_transit,2025-03-16 00:00:00,Seattle,WA
ORD0001381,SHP001672,E002919,out_for_delivery,2025-05-05 00:00:00,Seattle,IL
ORD0001407,SHP000330,E002637,out_for_delivery,2025-07-21 01:00:00,Seattle,NY
ORD0001769,SHP001313,E005148,label_created,2025-10-31 21:00:00,New York,FL
ORD0000004,SHP001563,E001360,delivered,2025-11-30 13:00:00,New York,AZ
ORD0001263,SHP001090,E000879,in_transit,2025-04-15 16:00:00,Miami,CO
ORD0000304,SHP000423,E002519,in_transit,2025-07-23 11:00:00,New York,AZ
ORD0001129,SHP000178,E003885,picked_up,2025-03-12 21:00:00,Los Angeles,WA
ORD0000477,SHP000814,E000538,in_transit,2025-08-24 20:00:00,Chicago,FL
ORD0000371,SHP000296,E000567,picked_up,2025-02-07 20:00:00,Seattle,AZ
ORD0000502,SHP001720,E001510,in_transit,2025-10-31 18:00:00,New York,FL
ORD0000123,SHP000179,E000006,out_for_delivery,2025-09-15 17:00:00,Chicago,CO
ORD0002121,SHP000519,E000248,in_transit,2025-12-30 19:00:00,Phoenix,TX
ORD0001361,SHP001514,E001053,picked_up,2025-07-08 12:00:00,Dallas,FL
ORD0000486,SHP001266,E000847,in_transit,2025-11-20 14:00:00,Chicago,NY
ORD0000361,SHP000709,E004142,in_transit,2025-11-27 16:00:00,New York,NY
ORD0002070,SHP000756,E002007,in_transit,2025-06-16 19:00:00,Miami,AZ
ORD0001133,SHP000683,E002479,in_transit,2025-02-26 23:00:00,Dallas,WA
ORD0001367,SHP000890,E005615,delivered,2025-04-26 22:00:00,Phoenix,TX
ORD0000439,SHP001430,E005509,out_for_delivery,2025-09-03 07:00:00,Miami,TX
ORD0000987,SHP000867,E002163,in_transit,2025-12-21 22:00:00,Chicago,NY
ORD0000045,SHP000382,E005341,delivered,2025-07-19 23:00:00,New York,WA
ORD0001059,SHP000381,E001796,label_created,2025-11-03 14:00:00,Miami,NY
ORD0000329,SHP000767,E005285,in_transit,2025-09-09 07:00:00,Dallas,WA
ORD0000027,SHP000805,E004719,picked_up,2025-01-09 02:00:00,Los Angeles,TX
ORD0000824,SHP000254,E001885,in_transit,2025-12-23 17:00:00,Los Angeles,WA
ORD0001302,SHP000754,E001213,in_transit,2025-01-04 00:00:00,Dallas,FL
ORD0000812,SHP001077,E000730,picked_up,2025-08-23 11:00:00,Denver,CA
ORD0000383,SHP000882,E005586,label_created,2025-03-31 17:00:00,Dallas,AZ
ORD0000936,SHP000970,E000372,exception,2025-06-20 09:00:00,Seattle,AZ
ORD0000066,SHP000217,E004482,out_for_delivery,2025-07-12 18:00:00,Los Angeles,NY
ORD0000921,SHP000485,E002531,in_transit,2025-09-04 16:00:00,New York,AZ
ORD0001244,SHP000782,E002300,in_transit,2025-07-30 22:00:00,Phoenix,FL
ORD0001326,SHP000366,E001937,out_for_delivery,2025-03-18 19:00:00,Los Angeles,TX
ORD0000660,SHP000893,E002932,picked_up,2025-05-26 03:00:00,Miami,TX
ORD0002127,SHP000651,E001014,in_transit,2025-03-15 17:00:00,Seattle,AZ
ORD0000257,SHP000715,E005434,picked_up,2025-12-09 09:00:00,Miami,CA
ORD0000146,SHP001507,E003242,in_transit,2025-09-27 01:00:00,Los Angeles,FL
ORD0001031,SHP000696,E004406,in_transit,2025-06-25 23:00:00,Miami,CO
ORD0001645,SHP000814,E002861,exception,2025-11-11 13:00:00,Phoenix,CA
ORD0002191,SHP001557,E001994,picked_up,2025-10-13 00:00:00,Phoenix,TX
ORD0001065,SHP000679,E002440,in_transit,2025-10-15 09:00:00,Denver,IL
ORD0001836,SHP000761,E001251,delivered,2025-08-14 07:00:00,New York,CO
ORD0001348,SHP001069,E001893,in_transit,2025-10-15 00:00:00,Chicago,TX
ORD0001160,SHP000135,E001202,label_created,2025-04-22 16:00:00,Denver,CO
ORD0001125,SHP000772,E004647,picked_up,2025-10-03 07:00:00,Phoenix,NY
ORD0000624,SHP001016,E002746,in_transit,2025-12-28 08:00:00,Chicago,CA
ORD0000510,SHP001575,E005449,in_transit,2025-04-26 02:00:00,Phoenix,WA
ORD0000404,SHP001188,E004009,exception,2025-09-10 05:00:00,Chicago,AZ
ORD0000743,SHP000847,E004734,in_transit,2025-06-26 08:00:00,Los Angeles,CA
ORD0001314,SHP001533,E003464,label_created,2025-11-21 19:00:00,Miami,WA
ORD0000528,SHP001483,E005638,out_for_delivery,2025-02-08 00:00:00,Dallas,CO
ORD0000556,SHP000341,E003607,delivered,2025-08-02 23:00:00,Phoenix,IL
ORD0000594,SHP001222,E004217,out_for_delivery,2025-05-22 14:00:00,Denver,WA
ORD0001850,SHP001780,E002747,in_transit,2025-06-11 17:00:00,Seattle,NY
ORD0002123,SHP001536,E003753,label_created,2025-10-10 10:00:00,Chicago,NY
ORD0001560,SHP000374,E004671,out_for_delivery,2025-04-05 10:00:00,Los Angeles,AZ
ORD0000778,SHP000960,E003434,delivered,2025-02-22 08:00:00,New York,IL
ORD0000256,SHP000212,E002211,in_transit,2025-12-17 10:00:00,Dallas,FL
ORD0000782,SHP000027,E001701,in_transit,2025-07-28 04:00:00,Denver,CO
ORD0002143,SHP001172,E003800,in_transit,2025-08-18 05:00:00,New York,NY
ORD0000393,SHP000540,E000308,delivered,2025-06-23 12:00:00,Chicago,NY
ORD0001692,SHP000140,E004773,picked_up,2025-11-22 18:00:00,Denver,CO
ORD0001711,SHP000541,E004517,label_created,2025-12-06 18:00:00,Dallas,CA
ORD0002011,SHP000548,E000085,picked_up,2025-04-05 05:00:00,Miami,TX
ORD0000126,SHP001182,E000620,in_transit,2025-06-16 13:00:00,New York,CA
ORD0000207,SHP000378,E001078,out_for_delivery,2025-01-30 20:00:00,Chicago,NY
ORD0001191,SHP001787,E003555,delivered,2025-08-08 18:00:00,Los Angeles,NY
ORD0000098,SHP001347,E000802,out_for_delivery,2025-01-18 08:00:00,Los Angeles,AZ
ORD0000591,SHP000428,E001909,label_created,2025-06-24 07:00:00,New York,TX
ORD0001417,SHP000351,E004472,delivered,2025-09-24 05:00:00,New York,AZ
ORD0001921,SHP000095,E005623,in_transit,2025-12-05 01:00:00,Los Angeles,CO
ORD0000350,SHP000326,E005211,picked_up,2025-11-04 08:00:00,Seattle,IL
ORD0002171,SHP001685,E003898,in_transit,2025-09-24 20:00:00,Dallas,IL
ORD0002142,SHP001744,E003385,delivered,2025-01-20 11:00:00,Chicago,TX
ORD0001253,SHP000744,E000079,label_created,2025-07-23 22:00:00,Phoenix,CO
ORD0000650,SHP000892,E003553,label_created,2025-09-15 08:00:00,Chicago,CA
ORD0001290,SHP000283,E000361,out_for_delivery,2025-01-10 00:00:00,Denver,WA
ORD0001995,SHP000500,E000106,picked_up,2025-07-04 15:00:00,Phoenix,CO
ORD0000596,SHP000348,E003729,picked_up,2025-11-30 23:00:00,Phoenix,CA
ORD0000112,SHP000778,E004519,in_transit,2025-05-21 15:00:00,New York,CO
ORD0000420,SHP001232,E000639,label_created,2025-03-24 12:00:00,Los Angeles,WA
ORD0000776,SHP000614,E001906,in_transit,2025-09-18 16:00:00,Miami,NY
ORD0000158,SHP000116,E000265,label_created,2025-07-10 16:00:00,Los Angeles,FL
ORD0001526,SHP000025,E004236,delivered,2025-02-07 14:00:00,New York,CO
ORD0000927,SHP000992,E004466,label_created,2025-08-24 06:00:00,Miami,IL
ORD0001836,SHP001610,E001062,in_transit,2025-02-20 10:00:00,Los Angeles,AZ
ORD0000583,SHP000874,E001388,picked_up,2025-03-07 12:00:00,Phoenix,CA
ORD0000858,SHP001212,E001177,in_transit,2025-12-13 17:00:00,Miami,TX
ORD0001318,SHP000506,E002602,picked_up,2025-05-29 05:00:00,Phoenix,IL
ORD0000744,SHP000448,E002778,in_transit,2025-01-04 16:00:00,Phoenix,CA
ORD0000038,SHP000238,E003591,exception,2025-10-25 05:00:00,Chicago,CA
ORD0001483,SHP001535,E000810,picked_up,2025-07-26 12:00:00,Phoenix,IL
ORD0001139,SHP000122,E005399,in_transit,2025-12-18 17:00:00,Dallas,WA
ORD0001441,SHP001243,E002894,out_for_delivery,2025-12-24 00:00:00,Dallas,CO
ORD0000132,SHP000402,E005219,in_transit,2025-01-25 11:00:00,Miami,IL
ORD0001047,SHP000975,E000988,out_for_delivery,2025-03-07 17:00:00,Chicago,CO
ORD0001627,SHP001458,E004643,in_transit,2025-06-16 04:00:00,New York,IL
ORD0001506,SHP000215,E005178,out_for_delivery,2025-06-30 08:00:00,Miami,WA
ORD0001652,SHP000885,E004736,delivered,2025-06-27 23:00:00,Phoenix,CO
ORD0000867,SHP000745,E004429,label_created,2025-05-26 09:00:00,Miami,WA
ORD0001713,SHP001130,E002307,picked_up,2025-05-24 13:00:00,Los Angeles,WA
ORD0000005,SHP000106,E002537,in_transit,2025-07-23 19:00:00,Denver,AZ
ORD0001339,SHP001651,E004026,delivered,2025-04-20 13:00:00,Los Angeles,WA
ORD0001309,SHP000550,E000319,in_transit,2025-08-08 23:00:00,Phoenix,TX
ORD0001729,SHP000436,E002238,label_created,2025-09-22 02:00:00,New York,TX
ORD0001737,SHP000941,E004190,delivered,2025-11-22 08:00:00,Dallas,IL
ORD0000360,SHP000776,E003534,picked_up,2025-05-29 01:00:00,Denver,FL
ORD0001298,SHP000122,E001108,in_transit,2025-09-13 23:00:00,Chicago,WA
ORD0001750,SHP001033,E004026,label_created,2025-09-17 22:00:00,New York,CA
ORD0001326,SHP000920,E005112,in_transit,2025-12-19 06:00:00,Los Angeles,AZ
ORD0002161,SHP001075,E001428,out_for_delivery,2025-05-19 11:00:00,Seattle,WA
ORD0000762,SHP000178,E003378,out_for_delivery,2025-05-12 16:00:00,Phoenix,TX
ORD0000409,SHP001019,E001350,picked_up,2025-06-08 19:00:00,Seattle,WA
ORD0000575,SHP001617,E003728,delivered,2025-09-13 01:00:00,Phoenix,IL
ORD0000541,SHP000300,E003035,exception,2025-01-02 17:00:00,New York,IL
ORD0001972,SHP000753,E001526,picked_up,2025-04-10 22:00:00,Dallas,WA
ORD0000358,SHP001683,E000061,in_transit,2025-11-28 23:00:00,Denver,NY
ORD0001403,SHP000288,E003721,picked_up,2025-10-17 22:00:00,Dallas,IL
ORD0001099,SHP000874,E002129,delivered,2025-02-09 23:00:00,Los Angeles,WA
ORD0002019,SHP000988,E003639,label_created,2025-10-18 19:00:00,Los Angeles,FL
ORD0000635,SHP001426,E000553,in_transit,2025-07-01 02:00:00,Chicago,NY
ORD0000057,SHP000584,E004300,in_transit,2025-07-22 16:00:00,Dallas,CO
ORD0001290,SHP000201,E003467,out_for_delivery,2025-08-12 03:00:00,Los Angeles,CO
ORD0000618,SHP000863,E002336,out_for_delivery,2025-12-21 02:00:00,Los Angeles,AZ
ORD0000470,SHP001609,E005438,out_for_delivery,2025-10-22 01:00:00,Seattle,WA
ORD0000655,SHP001070,E004546,out_for_delivery,2025-04-09 05:00:00,Los Angeles,CO
ORD0001786,SHP000772,E004966,out_for_delivery,2025-10-31 16:00:00,Denver,CO
ORD0000945,SHP000396,E004402,in_transit,2025-02-16 12:00:00,Phoenix,FL
ORD0000934,SHP000381,E003402,out_for_delivery,2025-04-12 12:00:00,Denver,AZ
ORD0001143,SHP000020,E005066,label_created,2025-04-09 02:00:00,Phoenix,WA
ORD0000880,SHP000693,E000366,picked_up,2025-03-02 11:00:00,Seattle,TX
ORD0001102,SHP001312,E000602,exception,2025-03-09 05:00:00,Los Angeles,WA
ORD0000755,SHP000983,E002797,in_transit,2025-10-24 17:00:00,Denver,TX
ORD0000833,SHP001311,E005142,in_transit,2025-08-17 12:00:00,Seattle,WA
ORD0000478,SHP001536,E000505,label_created,2025-06-25 17:00:00,Phoenix,AZ
ORD0000358,SHP001683,E000122,picked_up,2025-09-12 06:00:00,Phoenix,TX
ORD0001413,SHP001111,E004403,in_transit,2025-12-18 06:00:00,Phoenix,WA
ORD0001683,SHP001744,E001175,in_transit,2025-04-30 18:00:00,Los Angeles,TX
ORD0001537,SHP000370,E004750,in_transit,2025-08-02 14:00:00,New York,IL
ORD0002111,SHP001015,E004932,delivered,2025-07-04 12:00:00,New York,CO
ORD0000430,SHP001480,E000714,label_created,2025-05-04 23:00:00,Los Angeles,WA
ORD0000212,SHP000138,E005572,out_for_delivery,2025-03-20 12:00:00,Phoenix,FL
ORD0001896,SHP000119,E000986,in_transit,2025-03-06 21:00:00,Seattle,NY
ORD0002110,SHP001378,E004794,picked_up,2025-08-09 10:00:00,New York,WA
ORD0000919,SHP000021,E004812,in_transit,2025-08-12 16:00:00,Dallas,FL
ORD0000857,SHP001131,E002447,in_transit,2025-03-22 05:00:00,Miami,FL
ORD0002153,SHP001004,E001124,picked_up,2025-09-25 05:00:00,Los Angeles,TX
ORD0001727,SHP001353,E002178,out_for_delivery,2025-05-02 05:00:00,Phoenix,IL
ORD0000025,SHP000125,E002473,in_transit,2025-01-20 00:00:00,Los Angeles,CO
ORD0000135,SHP001625,E005042,in_transit,2025-07-03 07:00:00,Phoenix,AZ
ORD0001123,SHP001724,E002167,in_transit,2025-08-07 15:00:00,Miami,AZ
ORD0000558,SHP000510,E003526,label_created,2025-01-17 05:00:00,Los Angeles,TX
ORD0002111,SHP000821,E002528,in_transit,2025-06-11 14:00:00,Miami,WA
ORD0000572,SHP001627,E003941,in_transit,2025-04-04 07:00:00,Denver,CO
ORD0000759,SHP000996,E001919,label_created,2025-01-17 13:00:00,Denver,TX
ORD0000611,SHP001637,E001277,in_transit,2025-08-09 00:00:00,Chicago,CA
ORD0002060,SHP001598,E000995,in_transit,2025-11-22 11:00:00,New York,NY
ORD0000022,SHP001461,E004842,delivered,2025-12-13 22:00:00,Dallas,TX
ORD0001683,SHP001726,E000763,picked_up,2025-01-25 13:00:00,Miami,TX
ORD0001222,SHP000270,E002515,picked_up,2025-04-10 14:00:00,Dallas,NY
ORD0001687,SHP000791,E005272,in_transit,2025-02-04 03:00:00,Miami,CA
ORD0001386,SHP000626,E000497,out_for_delivery,2025-04-05 20:00:00,Denver,CA
ORD0002164,SHP000017,E003739,in_transit,2025-02-05 11:00:00,Los Angeles,WA
ORD0001424,SHP001408,E002170,exception,2025-04-17 15:00:00,Chicago,IL
ORD0001932,SHP001789,E003326,out_for_delivery,2025-11-28 22:00:00,Los Angeles,CO
ORD0000350,SHP000326,E004321,picked_up,2025-02-03 06:00:00,New York,FL
ORD0000088,SHP001477,E001237,picked_up,2025-02-12 17:00:00,Miami,NY
ORD0000611,SHP000694,E004956,label_created,2025-11-04 09:00:00,Phoenix,WA
ORD0001663,SHP001611,E004766,in_transit,2025-01-15 18:00:00,Miami,WA
ORD0001785,SHP001631,E002583,in_transit,2025-02-17 19:00:00,Seattle,TX
ORD0000936,SHP000542,E001184,in_transit,2025-02-16 21:00:00,Miami,CA
ORD0001560,SHP000634,E003872,delivered,2025-01-07 23:00:00,Dallas,AZ
ORD0001707,SHP001496,E001942,in_transit,2025-01-08 14:00:00,Los Angeles,TX
ORD0001399,SHP001336,E005265,in_transit,2025-09-26 21:00:00,New York,CO
ORD0001534,SHP000122,E003987,in_transit,2025-01-21 18:00:00,Denver,CO
ORD0001535,SHP000734,E003802,in_transit,2025-02-05 21:00:00,Seattle,TX
ORD0000325,SHP001031,E000526,in_transit,2025-07-31 04:00:00,New York,FL
ORD0000016,SHP000167,E003633,in_transit,2025-09-01 03:00:00,Seattle,IL
ORD0001296,SHP000830,E000981,delivered,2025-03-23 04:00:00,Los Angeles,AZ
ORD0001691,SHP000525,E001203,label_created,2025-11-02 15:00:00,Phoenix,NY
ORD0000359,SHP000397,E003573,out_for_delivery,2025-04-14 16:00:00,New York,WA
ORD0000871,SHP001109,E001505,label_created,2025-05-02 08:00:00,Phoenix,TX
ORD0000057,SHP001449,E003979,in_transit,2025-07-07 11:00:00,Chicago,AZ
ORD0002004,SHP001628,E002179,in_transit,2025-02-24 11:00:00,Denver,TX
ORD0001394,SHP000557,E005118,in_transit,2025-11-15 07:00:00,Chicago,AZ
ORD0000672,SHP000641,E000573,delivered,2025-10-05 10:00:00,Denver,NY
ORD0001918,SHP000946,E002688,in_transit,2025-11-10 12:00:00,Phoenix,NY
ORD0001050,SHP000693,E001456,in_transit,2025-01-01 15:00:00,Phoenix,AZ
ORD0001923,SHP001160,E000513,delivered,2025-02-12 04:00:00,New York,IL
ORD0000283,SHP000804,E005585,out_for_delivery,2025-09-14 03:00:00,Phoenix,FL
ORD0001449,SHP001253,E004908,in_transit,2025-12-04 05:00:00,Seattle,FL
ORD0000194,SHP001085,E003791,label_created,2025-01-01 06:00:00,Chicago,NY
ORD0000354,SHP001419,E005607,in_transit,2025-11-13 16:00:00,Dallas,FL
ORD0001473,SHP001272,E003837,out_for_delivery,2025-06-21 16:00:00,Denver,NY
ORD0000327,SHP000037,E003819,out_for_delivery,2025-04-17 05:00:00,Chicago,AZ
ORD0001239,SHP000650,E002015,picked_up,2025-03-11 19:00:00,Phoenix,NY
ORD0001342,SHP000485,E004006,in_transit,2025-07-20 08:00:00,Denver,AZ
ORD0001049,SHP001779,E000534,label_created,2025-01-29 06:00:00,Dallas,CO
ORD0000774,SHP000310,E001271,out_for_delivery,2025-12-19 02:00:00,Seattle,IL
ORD0001272,SHP000699,E003596,label_created,2025-05-15 19:00:00,New York,TX
ORD0000711,SHP000583,E002050,in_transit,2025-10-09 16:00:00,Miami,IL
ORD0001939,SHP001643,E002570,out_for_delivery,2025-12-16 11:00:00,New York,FL
ORD0001905,SHP001023,E004182,label_created,2025-07-04 02:00:00,New York,FL
ORD0001669,SHP001524,E003403,label_created,2025-07-24 05:00:00,Phoenix,FL
ORD0001698,SHP000767,E001430,out_for_delivery,2025-09-16 22:00:00,Denver,CO
ORD0001371,SHP000488,E003196,in_transit,2025-05-09 03:00:00,Dallas,CO
ORD0000465,SHP000094,E003916,in_transit,2025-06-15 02:00:00,Chicago,WA
ORD0001834,SHP000067,E003653,in_transit,2025-08-09 02:00:00,Chicago,TX
ORD0000899,SHP001335,E004145,in_transit,2025-08-16 03:00:00,New York,IL
ORD0000147,SHP001123,E003012,in_transit,2025-01-21 14:00:00,New York,NY
ORD0001869,SHP000283,E001894,picked_up,2025-07-05 07:00:00,Miami,IL
ORD0000259,SHP001551,E002310,label_created,2025-01-18 14:00:00,Miami,AZ
ORD0000559,SHP001182,E002258,delivered,2025-10-08 10:00:00,Los Angeles,WA
ORD0000690,SHP000199,E000861,picked_up,2025-09-27 10:00:00,Los Angeles,CO
ORD0002032,SHP001762,E001410,delivered,2025-04-08 14:00:00,Dallas,TX
ORD0001311,SHP001310,E003901,picked_up,2025-10-29 03:00:00,Los Angeles,CO
ORD0001448,SHP000591,E005119,delivered,2025-08-26 02:00:00,Miami,FL
ORD0001414,SHP001563,E001812,in_transit,2025-03-01 15:00:00,Seattle,CA
ORD0000641,SHP001313,E001680,in_transit,2025-01-14 10:00:00,Los Angeles,CO
ORD0001154,SHP001170,E000999,out_for_delivery,2025-11-14 22:00:00,Chicago,TX
ORD0001193,SHP000844,E004566,out_for_delivery,2025-03-30 21:00:00,Seattle,CO
ORD0000695,SHP000452,E002654,picked_up,2025-08-17 08:00:00,New York,WA
ORD0002100,SHP001100,E002289,out_for_delivery,2025-11-10 15:00:00,Denver,FL
ORD0001609,SHP000943,E003477,delivered,2025-11-15 04:00:00,Los Angeles,CO
ORD0001222,SHP001742,E002557,delivered,2025-04-16 21:00:00,Chicago,IL
ORD0000737,SHP001477,E001683,in_transit,2025-08-24 15:00:00,Denver,AZ
ORD0002179,SHP001730,E000615,picked_up,2025-06-10 23:00:00,Seattle,AZ
ORD0001997,SHP001690,E000953,picked_up,2025-03-04 19:00:00,New York,AZ
ORD0000193,SHP000019,E002266,label_created,2025-10-26 10:00:00,Chicago,CO
ORD0001150,SHP001258,E005349,in_transit,2025-04-13 15:00:00,Denver,CA
ORD0002186,SHP001334,E002300,delivered,2025-03-29 11:00:00,Phoenix,AZ
ORD0000468,SHP001440,E001459,picked_up,2025-02-16 06:00:00,Miami,TX
ORD0001761,SHP001394,E000280,delivered,2025-09-12 12:00:00,Chicago,FL
ORD0000821,SHP000853,E001333,in_transit,2025-06-26 08:00:00,Dallas,FL
ORD0001262,SHP000004,E003986,picked_up,2025-08-13 14:00:00,Phoenix,NY
ORD0001429,SHP001238,E005454,delivered,2025-07-27 03:00:00,Dallas,FL
ORD0001606,SHP000270,E000943,exception,2025-01-09 09:00:00,Chicago,NY
ORD0000791,SHP000789,E004771,in_transit,2025-08-09 13:00:00,Phoenix,CO
ORD0001711,SHP000734,E002495,in_transit,2025-04-04 20:00:00,Miami,CA
ORD0000909,SHP001235,E001396,delivered,2025-09-26 11:00:00,Denver,CA
ORD0000058,SHP000856,E001434,in_transit,2025-07-27 05:00:00,Los Angeles,IL
ORD0001600,SHP000736,E001637,in_transit,2025-07-17 00:00:00,Denver,FL
ORD0001627,SHP000444,E000160,in_transit,2025-07-29 00:00:00,Phoenix,IL
ORD0000857,SHP001131,E005353,exception,2025-04-14 09:00:00,Seattle,CA
ORD0001396,SHP000476,E002035,picked_up,2025-12-27 01:00:00,Phoenix,AZ
ORD0000777,SHP000195,E005335,picked_up,2025-12-09 01:00:00,Seattle,CA
ORD0000133,SHP000078,E001275,picked_up,2025-01-02 00:00:00,Los Angeles,WA
ORD0001835,SHP000299,E001431,picked_up,2025-02-01 12:00:00,Phoenix,TX
ORD0000636,SHP000395,E002772,label_created,2025-06-02 16:00:00,Los Angeles,NY
ORD0000554,SHP000802,E005659,picked_up,2025-12-09 02:00:00,Chicago,FL
ORD0001037,SHP001562,E002386,out_for_delivery,2025-03-04 15:00:00,Chicago,AZ
ORD0001827,SHP000632,E002401,in_transit,2025-05-01 17:00:00,Denver,NY
ORD0001671,SHP001375,E004533,label_created,2025-09-16 20:00:00,Miami,WA
ORD0000391,SHP001406,E004267,delivered,2025-01-26 04:00:00,New York,CO
ORD0001096,SHP001379,E003494,in_transit,2025-11-14 13:00:00,New York,IL
ORD0000677,SHP000748,E001112,in_transit,2025-03-09 21:00:00,Chicago,IL
ORD0000070,SHP000521,E002910,picked_up,2025-11-29 01:00:00,Los Angeles,FL
ORD0001402,SHP001429,E001804,in_transit,2025-07-05 09:00:00,Los Angeles,FL
ORD0002042,SHP001259,E002071,label_created,2025-09-27 04:00:00,Phoenix,WA
ORD0001026,SHP000278,E002891,out_for_delivery,2025-08-24 04:00:00,Dallas,WA
ORD0000504,SHP000551,E002767,out_for_delivery,2025-12-01 05:00:00,New York,CO
ORD0001969,SHP000052,E001592,in_transit,2025-08-08 20:00:00,Miami,TX
ORD0001685,SHP001402,E003541,delivered,2025-01-23 07:00:00,New York,IL
ORD0000817,SHP001702,E002106,picked_up,2025-11-15 20:00:00,Dallas,WA
ORD0000903,SHP000731,E005352,label_created,2025-11-06 17:00:00,Los Angeles,WA
ORD0001896,SHP000341,E004730,in_transit,2025-09-23 15:00:00,Chicago,AZ
ORD0001603,SHP000947,E002511,out_for_delivery,2025-02-04 16:00:00,Phoenix,AZ
ORD0001114,SHP000687,E002951,label_created,2025-06-16 04:00:00,Dallas,CO
ORD0000139,SHP000318,E002228,in_transit,2025-12-23 18:00:00,Seattle,TX
ORD0001210,SHP001639,E005456,picked_up,2025-06-04 16:00:00,New York,AZ
ORD0001542,SHP000700,E003806,picked_up,2025-09-01 04:00:00,Dallas,IL
ORD0001568,SHP000947,E002860,picked_up,2025-03-31 22:00:00,Chicago,CA
ORD0000559,SHP000584,E001399,in_transit,2025-12-20 14:00:00,Miami,AZ
ORD0000876,SHP000588,E004107,out_for_delivery,2025-03-03 16:00:00,Phoenix,CA
ORD0001956,SHP000879,E003326,in_transit,2025-04-01 03:00:00,Chicago,IL
ORD0000481,SHP000132,E003626,label_created,2025-10-28 01:00:00,Phoenix,WA
ORD0001993,SHP000920,E000451,out_for_delivery,2025-11-16 13:00:00,Los Angeles,WA
ORD0001490,SHP001447,E002502,in_transit,2025-07-11 07:00:00,Dallas,FL
ORD0001133,SHP001444,E000015,in_transit,2025-01-02 12:00:00,Miami,WA
ORD0000991,SHP001329,E002166,out_for_delivery,2025-08-21 16:00:00,Seattle,WA
ORD0001918,SHP001514,E000334,picked_up,2025-07-10 05:00:00,Seattle,AZ
ORD0001596,SHP000031,E004774,in_transit,2025-05-27 05:00:00,Los Angeles,TX
ORD0000898,SHP001300,E003972,exception,2025-09-20 00:00:00,Seattle,AZ
ORD0000489,SHP001472,E004554,in_transit,2025-06-21 18:00:00,Chicago,WA
ORD0001535,SHP000786,E005675,out_for_delivery,2025-06-08 23:00:00,Denver,NY
ORD0000301,SHP001192,E002125,in_transit,2025-05-27 08:00:00,Miami,WA
ORD0000051,SHP000388,E005053,delivered,2025-10-02 08:00:00,Phoenix,AZ
ORD0001622,SHP000809,E001316,label_created,2025-09-15 23:00:00,Los Angeles,AZ
ORD0001309,SHP000550,E004587,label_created,2025-11-11 07:00:00,Seattle,TX
ORD0000685,SHP001533,E001622,in_transit,2025-03-17 03:00:00,Dallas,WA
ORD0002045,SHP000001,E003768,picked_up,2025-04-05 14:00:00,New York,CO
ORD0002124,SHP001208,E005464,label_created,2025-08-18 13:00:00,Chicago,FL
ORD0001618,SHP000470,E001206,picked_up,2025-06-01 21:00:00,Dallas,FL
ORD0001098,SHP000306,E003610,out_for_delivery,2025-05-31 02:00:00,Phoenix,CA
ORD0000905,SHP001389,E004314,in_transit,2025-08-10 13:00:00,Dallas,NY
ORD0001215,SHP000064,E002443,in_transit,2025-05-20 07:00:00,Phoenix,WA
ORD0001610,SHP001602,E001974,picked_up,2025-11-30 19:00:00,Dallas,AZ
ORD0000451,SHP000001,E002353,in_transit,2025-12-04 08:00:00,New York,IL
ORD0000395,SHP000048,E002764,in_transit,2025-08-25 04:00:00,Seattle,TX
ORD0001528,SHP001213,E001943,delivered,2025-05-02 19:00:00,Seattle,TX
ORD0000349,SHP001290,E005631,in_transit,2025-09-17 14:00:00,Los Angeles,CA
ORD0001761,SHP001394,E000111,delivered,2025-08-04 03:00:00,Denver,WA
ORD0000398,SHP001046,E002857,label_created,2025-12-07 02:00:00,Los Angeles,NY
ORD0002019,SHP000968,E000061,in_transit,2025-11-16 13:00:00,New York,WA
ORD0000419,SHP000872,E003651,in_transit,2025-03-25 01:00:00,Dallas,CA
ORD0000597,SHP000061,E000314,exception,2025-04-22 12:00:00,New York,AZ
ORD0001278,SHP000309,E004403,delivered,2025-12-23 07:00:00,Phoenix,CO
ORD0002078,SHP000815,E004029,in_transit,2025-01-28 14:00:00,Phoenix,WA
ORD0000812,SHP001077,E000893,label_created,2025-05-10 11:00:00,Denver,WA
ORD0000737,SHP000939,E002544,exception,2025-05-30 04:00:00,Denver,AZ
ORD0000495,SHP000941,E005412,exception,2025-01-31 12:00:00,Chicago,AZ
ORD0001984,SHP001335,E003590,picked_up,2025-11-19 07:00:00,Denver,CA
ORD0000675,SHP000541,E001402,delivered,2025-08-07 07:00:00,Phoenix,IL
ORD0001350,SHP000775,E000472,in_transit,2025-10-19 18:00:00,Seattle,CA
ORD0000810,SHP000364,E001809,in_transit,2025-05-27 12:00:00,Dallas,IL
ORD0000887,SHP000136,E004789,delivered,2025-02-11 14:00:00,Dallas,FL
ORD0001751,SHP000725,E003190,out_for_delivery,2025-08-20 14:00:00,Denver,AZ
ORD0000022,SHP000245,E004703,in_transit,2025-06-02 23:00:00,Denver,FL
ORD0001429,SHP000810,E001460,label_created,2025-09-24 00:00:00,Denver,AZ
ORD0001652,SHP000081,E000529,label_created,2025-02-20 09:00:00,Miami,FL
ORD0000510,SHP000381,E003971,delivered,2025-05-12 07:00:00,Los Angeles,AZ
ORD0001504,SHP001094,E004408,in_transit,2025-11-16 07:00:00,Los Angeles,CA
ORD0001604,SHP000827,E001650,label_created,2025-12-27 02:00:00,Los Angeles,AZ
ORD0001667,SHP001195,E002058,delivered,2025-04-30 17:00:00,Denver,AZ
ORD0001948,SHP000883,E004608,picked_up,2025-07-13 23:00:00,Seattle,AZ
ORD0001404,SHP001462,E000558,out_for_delivery,2025-10-17 05:00:00,Miami,FL
ORD0000559,SHP000584,E001428,in_transit,2025-01-22 10:00:00,Los Angeles,CO
ORD0001679,SHP000319,E005163,out_for_delivery,2025-05-26 05:00:00,Phoenix,WA
ORD0000398,SHP000088,E004393,in_transit,2025-07-17 04:00:00,Chicago,AZ
ORD0001468,SHP001293,E001693,in_transit,2025-09-14 06:00:00,Chicago,NY
ORD0001754,SHP000474,E004545,out_for_delivery,2025-06-12 13:00:00,Denver,WA
ORD0001610,SHP001735,E003601,label_created,2025-07-05 23:00:00,Dallas,CA
ORD0001344,SHP001459,E001532,picked_up,2025-07-11 10:00:00,Denver,CO
ORD0000755,SHP001633,E005404,in_transit,2025-05-26 02:00:00,Los Angeles,CO
ORD0000542,SHP001030,E005043,in_transit,2025-03-12 19:00:00,Denver,AZ
ORD0000767,SHP001733,E002584,label_created,2025-10-06 00:00:00,Denver,FL
ORD0000542,SHP001190,E004000,delivered,2025-11-11 16:00:00,Chicago,FL
ORD0001311,SHP001310,E001042,in_transit,2025-03-12 09:00:00,Seattle,NY
ORD0000079,SHP000454,E001962,in_transit,2025-03-26 05:00:00,Miami,NY
ORD0001812,SHP000393,E001894,picked_up,2025-11-05 02:00:00,Denver,WA
ORD0001539,SHP000992,E004072,out_for_delivery,2025-02-17 17:00:00,New York,AZ
ORD0000323,SHP000018,E001055,picked_up,2025-08-23 19:00:00,Seattle,CA
ORD0000485,SHP000772,E003458,exception,2025-02-28 21:00:00,Chicago,WA
ORD0001115,SHP000520,E002309,label_created,2025-11-29 02:00:00,Phoenix,CO
ORD0001125,SHP001187,E003196,picked_up,2025-08-12 12:00:00,Los Angeles,CO
ORD0000802,SHP000368,E005283,in_transit,2025-10-02 11:00:00,Seattle,NY
ORD0000066,SHP000217,E000451,out_for_delivery,2025-11-18 17:00:00,Denver,WA
ORD0001820,SHP000048,E000955,in_transit,2025-02-10 02:00:00,Phoenix,WA
ORD0002159,SHP000470,E004396,label_created,2025-03-11 10:00:00,Denver,WA
ORD0001063,SHP000506,E003804,in_transit,2025-04-28 18:00:00,Seattle,TX
ORD0000428,SHP000190,E005690,out_for_delivery,2025-11-06 16:00:00,Denver,TX
ORD0000190,SHP000084,E003036,out_for_delivery,2025-04-14 10:00:00,Los Angeles,CO
ORD0000494,SHP000826,E004002,exception,2025-10-17 07:00:00,Los Angeles,AZ
ORD0001949,SHP000952,E000604,out_for_delivery,2025-08-12 10:00:00,Phoenix,AZ
ORD0000958,SHP001367,E002238,in_transit,2025-06-03 05:00:00,Los Angeles,WA
ORD0002016,SHP001565,E002458,picked_up,2025-10-23 14:00:00,Seattle,IL
ORD0001719,SHP000262,E004109,delivered,2025-05-07 20:00:00,Los Angeles,CO
ORD0001679,SHP001011,E003520,picked_up,2025-01-03 14:00:00,New York,CO
ORD0000397,SHP000286,E004925,in_transit,2025-01-01 00:00:00,Denver,CO
ORD0002105,SHP000027,E001748,out_for_delivery,2025-07-25 16:00:00,Los Angeles,CO
ORD0000037,SHP000692,E002274,in_transit,2025-04-18 08:00:00,Los Angeles,CA
ORD0000491,SHP000072,E003672,in_transit,2025-03-15 13:00:00,Seattle,FL
ORD0000917,SHP001270,E005654,picked_up,2025-02-13 21:00:00,Miami,WA
ORD0002122,SHP000534,E002289,label_created,2025-03-13 03:00:00,Chicago,AZ
ORD0000678,SHP000359,E002645,in_transit,2025-04-07 19:00:00,Los Angeles,WA
ORD0001036,SHP000757,E004010,in_transit,2025-04-24 07:00:00,Miami,IL
ORD0000769,SHP000229,E001498,delivered,2025-12-23 22:00:00,Phoenix,AZ
ORD0001128,SHP001339,E000834,picked_up,2025-07-08 16:00:00,Denver,FL
ORD0001627,SHP000883,E002683,out_for_delivery,2025-10-31 15:00:00,Dallas,CO
ORD0001597,SHP001010,E001440,in_transit,2025-02-14 00:00:00,Phoenix,FL
ORD0000743,SHP000578,E001562,out_for_delivery,2025-07-22 23:00:00,Dallas,TX
ORD0001543,SHP001732,E002003,in_transit,2025-06-09 05:00:00,Chicago,CO
ORD0002098,SHP001283,E001605,out_for_delivery,2025-03-13 07:00:00,New York,TX
ORD0000565,SHP001485,E003847,out_for_delivery,2025-09-03 01:00:00,Seattle,NY
ORD0001957,SHP000430,E001986,out_for_delivery,2025-04-16 19:00:00,Los Angeles,IL
ORD0001093,SHP000007,E004831,label_created,2025-06-30 09:00:00,New York,CA
ORD0001785,SHP000667,E001423,delivered,2025-08-17 05:00:00,Phoenix,CO
ORD0001916,SHP001645,E005681,out_for_delivery,2025-07-30 15:00:00,Miami,CO
ORD0001437,SHP000384,E003290,picked_up,2025-01-29 09:00:00,Los Angeles,AZ
ORD0000982,SHP000093,E005315,picked_up,2025-09-01 07:00:00,Phoenix,FL
ORD0000859,SHP001120,E004944,label_created,2025-01-20 03:00:00,Miami,AZ
ORD0002132,SHP000325,E000931,in_transit,2025-04-14 20:00:00,Dallas,NY
ORD0001406,SHP000889,E005289,label_created,2025-03-11 06:00:00,Miami,TX
ORD0000613,SHP000285,E003690,in_transit,2025-09-22 13:00:00,Chicago,AZ
ORD0001680,SHP001431,E004847,exception,2025-03-17 19:00:00,Denver,NY
ORD0000726,SHP001393,E002569,in_transit,2025-03-08 19:00:00,New York,AZ
ORD0000324,SHP000658,E001189,label_created,2025-10-28 11:00:00,New York,FL
ORD0001507,SHP000993,E001702,label_created,2025-01-28 18:00:00,Denver,CA
ORD0001613,SHP000230,E000340,delivered,2025-07-19 17:00:00,Miami,NY
ORD0000222,SHP001652,E003599,out_for_delivery,2025-12-18 05:00:00,Los Angeles,IL
ORD0000991,SHP001442,E005601,in_transit,2025-05-29 00:00:00,Miami,WA
ORD0001931,SHP000211,E001883,out_for_delivery,2025-01-24 18:00:00,Miami,IL
ORD0000123,SHP000179,E003377,picked_up,2025-02-24 02:00:00,Chicago,CO
ORD0000198,SHP000511,E001219,in_transit,2025-12-01 17:00:00,Dallas,NY
ORD0000945,SHP000396,E000625,picked_up,2025-08-19 13:00:00,Miami,NY
ORD0000876,SHP001007,E003167,picked_up,2025-08-19 16:00:00,Dallas,FL
ORD0001059,SHP000928,E001460,in_transit,2025-02-07 12:00:00,Dallas,IL
ORD0000809,SHP000837,E005608,label_created,2025-09-24 09:00:00,Seattle,AZ
ORD0001964,SHP000132,E003457,delivered,2025-12-13 22:00:00,Los Angeles,CO
ORD0002113,SHP000690,E003579,in_transit,2025-02-04 23:00:00,Miami,NY
ORD0000928,SHP001710,E002542,in_transit,2025-06-10 07:00:00,Chicago,TX
ORD0000570,SHP000006,E002587,delivered,2025-12-27 01:00:00,Los Angeles,TX
ORD0000656,SHP001684,E000582,out_for_delivery,2025-06-25 09:00:00,Los Angeles,IL
ORD0000816,SHP001065,E002062,label_created,2025-01-17 17:00:00,Phoenix,IL
ORD0001297,SHP001347,E002828,label_created,2025-03-09 09:00:00,Dallas,TX
ORD0000620,SHP000480,E004545,picked_up,2025-03-30 17:00:00,Miami,IL
ORD0001098,SHP000306,E002610,in_transit,2025-09-01 15:00:00,Phoenix,FL
ORD0001758,SHP000038,E004835,out_for_delivery,2025-03-16 18:00:00,Miami,AZ
ORD0001337,SHP000625,E004197,delivered,2025-09-28 07:00:00,New York,AZ
ORD0001633,SHP001612,E001674,out_for_delivery,2025-01-31 21:00:00,Los Angeles,FL
ORD0001195,SHP001516,E001551,in_transit,2025-03-09 03:00:00,Dallas,NY
ORD0001279,SHP000223,E000261,picked_up,2025-09-11 19:00:00,Miami,CO
ORD0000935,SHP001222,E003163,delivered,2025-07-14 04:00:00,Denver,IL
ORD0002172,SHP001233,E000419,out_for_delivery,2025-12-20 08:00:00,Seattle,FL
ORD0001314,SHP001690,E003866,out_for_delivery,2025-01-31 21:00:00,Miami,FL
ORD0002102,SHP000047,E001848,delivered,2025-10-12 09:00:00,Seattle,WA
ORD0001345,SHP000851,E004764,delivered,2025-06-07 09:00:00,Phoenix,CA
ORD0001751,SHP000725,E001913,in_transit,2025-09-12 06:00:00,Miami,WA
ORD0000745,SHP000752,E005270,out_for_delivery,2025-12-22 14:00:00,Chicago,AZ
ORD0001271,SHP000977,E001084,delivered,2025-11-19 23:00:00,Phoenix,TX
ORD0001947,SHP000093,E004154,in_transit,2025-11-25 02:00:00,Seattle,IL
ORD0001866,SHP001114,E005233,in_transit,2025-08-16 02:00:00,Dallas,CO
ORD0002108,SHP001237,E003741,label_created,2025-12-22 03:00:00,Denver,IL
ORD0000780,SHP000800,E000021,exception,2025-04-05 03:00:00,Seattle,AZ
ORD0000536,SHP001250,E002566,in_transit,2025-11-13 19:00:00,New York,TX
ORD0002045,SHP001293,E003864,delivered,2025-12-17 02:00:00,Denver,IL
ORD0001840,SHP000444,E002028,in_transit,2025-11-24 19:00:00,Miami,WA
ORD0000465,SHP000094,E002925,in_transit,2025-06-14 11:00:00,Los Angeles,AZ
ORD0000065,SHP001256,E001752,picked_up,2025-02-22 03:00:00,Seattle,AZ
ORD0000730,SHP000027,E005518,delivered,2025-10-16 09:00:00,Denver,AZ
ORD0000895,SHP000389,E001270,in_transit,2025-09-30 17:00:00,Dallas,WA
ORD0000677,SHP000748,E003032,delivered,2025-06-21 09:00:00,New York,IL
ORD0000856,SHP000876,E000353,in_transit,2025-08-02 00:00:00,Phoenix,AZ
ORD0001333,SHP001441,E002351,delivered,2025-02-18 02:00:00,Dallas,CA
ORD0000605,SHP000610,E001891,in_transit,2025-04-13 11:00:00,New York,WA
ORD0000278,SHP000146,E001016,out_for_delivery,2025-12-26 03:00:00,Miami,WA
ORD0002066,SHP000936,E001929,in_transit,2025-12-28 07:00:00,Denver,IL
ORD0000029,SHP000499,E001000,picked_up,2025-01-30 05:00:00,Phoenix,NY
ORD0002175,SHP001151,E001007,in_transit,2025-01-08 13:00:00,Seattle,CO
ORD0001112,SHP000086,E000199,in_transit,2025-05-21 23:00:00,Dallas,TX
ORD0000086,SHP001195,E000637,picked_up,2025-07-30 20:00:00,Seattle,IL
ORD0001554,SHP001450,E005364,in_transit,2025-12-03 19:00:00,New York,FL
ORD0000012,SHP000417,E004635,picked_up,2025-03-31 15:00:00,Los Angeles,FL
ORD0001383,SHP000983,E002545,in_transit,2025-10-12 12:00:00,Chicago,NY
ORD0000226,SHP001177,E002330,in_transit,2025-04-05 03:00:00,Dallas,NY
ORD0000411,SHP000944,E000381,delivered,2025-09-08 12:00:00,Dallas,IL
ORD0001896,SHP000341,E000295,in_transit,2025-11-02 14:00:00,Los Angeles,FL
ORD0002008,SHP000217,E005502,label_created,2025-01-18 07:00:00,Phoenix,CA
ORD0001230,SHP000889,E002064,delivered,2025-07-18 04:00:00,Denver,IL
ORD0000803,SHP001756,E001964,label_created,2025-03-26 16:00:00,Denver,TX
ORD0001664,SHP000191,E003082,out_for_delivery,2025-07-19 11:00:00,Chicago,WA
ORD0000532,SHP000032,E005145,out_for_delivery,2025-12-02 04:00:00,Miami,NY
ORD0001072,SHP000701,E002612,delivered,2025-04-08 14:00:00,Miami,NY
ORD0001666,SHP001243,E003587,picked_up,2025-12-09 12:00:00,Denver,FL
ORD0000828,SHP001187,E001675,in_transit,2025-11-26 17:00:00,Los Angeles,IL
ORD0001225,SHP000581,E004140,delivered,2025-12-20 11:00:00,Los Angeles,CA
ORD0001723,SHP001491,E000376,label_created,2025-08-14 21:00:00,Phoenix,NY
ORD0000121,SHP000938,E002293,delivered,2025-12-08 13:00:00,Seattle,CA
ORD0000870,SHP000169,E000362,delivered,2025-05-01 23:00:00,Miami,AZ
ORD0000360,SHP001400,E003439,delivered,2025-08-14 01:00:00,Los Angeles,CA
ORD0000844,SHP001434,E004160,label_created,2025-03-26 09:00:00,Phoenix,TX
ORD0002199,SHP001744,E001986,label_created,2025-04-06 15:00:00,Chicago,CA
ORD0001876,SHP001496,E004373,delivered,2025-09-19 09:00:00,Phoenix,CO
ORD0000482,SHP000197,E001935,delivered,2025-05-09 17:00:00,Chicago,TX
ORD0000597,SHP000061,E003139,in_transit,2025-10-31 10:00:00,Los Angeles,AZ
ORD0000696,SHP000057,E000332,delivered,2025-05-27 08:00:00,Chicago,CA
ORD0001646,SHP000973,E004576,in_transit,2025-05-17 23:00:00,Dallas,IL
ORD0000868,SHP001572,E002620,label_created,2025-09-21 00:00:00,Seattle,IL
ORD0000463,SHP001032,E005005,out_for_delivery,2025-01-20 08:00:00,Denver,TX
ORD0000157,SHP000858,E000354,picked_up,2025-09-14 17:00:00,Miami,AZ
ORD0000944,SHP000623,E002054,picked_up,2025-02-02 04:00:00,Phoenix,CA
ORD0001326,SHP000366,E000153,in_transit,2025-07-16 23:00:00,Dallas,IL
ORD0000364,SHP001259,E003824,exception,2025-04-21 14:00:00,Phoenix,FL
ORD0001264,SHP000971,E000001,in_transit,2025-03-11 02:00:00,Chicago,CA
ORD0000885,SHP000890,E003016,in_transit,2025-11-05 09:00:00,New York,NY
ORD0000525,SHP001800,E004801,picked_up,2025-10-18 19:00:00,Phoenix,IL
ORD0000641,SHP001270,E000515,in_transit,2025-04-27 21:00:00,Denver,WA
ORD0001342,SHP001208,E000162,delivered,2025-09-12 20:00:00,Seattle,NY
ORD0000100,SHP001770,E004920,out_for_delivery,2025-07-13 02:00:00,Seattle,CA
ORD0001025,SHP000452,E000504,label_created,2025-08-24 16:00:00,Denver,FL
ORD0002142,SHP001744,E002985,delivered,2025-02-02 10:00:00,Seattle,WA
ORD0002125,SHP000920,E001264,picked_up,2025-04-27 00:00:00,Denver,FL
ORD0001656,SHP001325,E002260,picked_up,2025-01-05 12:00:00,Dallas,CO
ORD0000895,SHP000876,E005533,in_transit,2025-06-15 05:00:00,Dallas,IL
ORD0000536,SHP000358,E002863,picked_up,2025-06-02 16:00:00,Phoenix,NY
ORD0002132,SHP001006,E003182,picked_up,2025-09-17 19:00:00,Los Angeles,AZ
ORD0001719,SHP000881,E002782,label_created,2025-02-08 03:00:00,Phoenix,CA
ORD0001193,SHP000844,E003096,delivered,2025-08-24 01:00:00,Chicago,CA
ORD0000584,SHP001321,E000036,delivered,2025-07-15 11:00:00,Dallas,AZ
ORD0001653,SHP000866,E001430,in_transit,2025-04-13 00:00:00,Chicago,FL
ORD0002126,SHP001497,E004316,exception,2025-04-24 23:00:00,Denver,NY
ORD0001611,SHP001427,E005210,exception,2025-03-07 20:00:00,Phoenix,AZ
ORD0001646,SHP000752,E003650,label_created,2025-11-02 23:00:00,Chicago,FL
ORD0001439,SHP000616,E002930,in_transit,2025-02-06 21:00:00,Denver,TX
ORD0001324,SHP001574,E005354,out_for_delivery,2025-02-12 17:00:00,New York,AZ
ORD0000363,SHP000957,E005140,in_transit,2025-04-01 16:00:00,Miami,TX
ORD0001281,SHP000651,E003565,in_transit,2025-05-02 20:00:00,Miami,FL
ORD0000712,SHP000623,E003908,out_for_delivery,2025-12-11 13:00:00,Chicago,TX
ORD0000735,SHP000362,E004260,picked_up,2025-11-19 03:00:00,Dallas,CO
ORD0001871,SHP000240,E000232,in_transit,2025-12-03 19:00:00,Miami,AZ
ORD0001426,SHP001386,E000159,label_created,2025-06-17 15:00:00,Dallas,TX
ORD0002059,SHP001609,E004751,out_for_delivery,2025-01-17 22:00:00,Phoenix,AZ
ORD0001776,SHP001786,E004766,in_transit,2025-07-15 11:00:00,Seattle,FL
ORD0002076,SHP000683,E001396,delivered,2025-10-18 23:00:00,Dallas,CA
ORD0001479,SHP001021,E001136,out_for_delivery,2025-08-19 20:00:00,Seattle,AZ
ORD0001123,SHP001724,E003844,delivered,2025-11-12 01:00:00,Seattle,WA
ORD0000968,SHP001036,E003090,out_for_delivery,2025-06-27 06:00:00,Phoenix,FL
ORD0001941,SHP000065,E003488,delivered,2025-09-02 05:00:00,Chicago,CA
ORD0000171,SHP001525,E000476,out_for_delivery,2025-12-13 05:00:00,Miami,WA
ORD0000064,SHP000174,E000714,in_transit,2025-12-13 01:00:00,New York,CA
ORD0001823,SHP001299,E003602,in_transit,2025-04-29 12:00:00,Miami,CA
ORD0001494,SHP000368,E005215,exception,2025-11-01 22:00:00,Seattle,WA
ORD0000752,SHP000652,E004851,in_transit,2025-06-19 18:00:00,Phoenix,CA
ORD0001417,SHP000943,E004842,in_transit,2025-08-13 16:00:00,Dallas,NY
ORD0000407,SHP000586,E002213,in_transit,2025-10-20 06:00:00,Miami,IL
ORD0000328,SHP000770,E002074,out_for_delivery,2025-09-27 18:00:00,Miami,AZ
ORD0000508,SHP000047,E003435,delivered,2025-02-15 00:00:00,Chicago,FL
ORD0001296,SHP000830,E001221,picked_up,2025-12-07 17:00:00,Los Angeles,FL
ORD0001409,SHP000152,E003207,exception,2025-07-14 03:00:00,Miami,CO
ORD0000207,SHP001735,E002345,in_transit,2025-05-21 21:00:00,New York,CO
ORD0001138,SHP000984,E002259,in_transit,2025-05-03 21:00:00,Dallas,CA
ORD0000070,SHP001773,E005588,out_for_delivery,2025-03-13 14:00:00,New York,AZ
ORD0000434,SHP000465,E003105,out_for_delivery,2025-02-01 23:00:00,Phoenix,WA
ORD0001664,SHP001603,E002716,in_transit,2025-09-15 01:00:00,Miami,WA
ORD0001179,SHP001231,E002724,label_created,2025-05-27 12:00:00,Los Angeles,NY
ORD0002136,SHP000227,E002582,out_for_delivery,2025-11-20 05:00:00,Denver,CA
ORD0000170,SHP000848,E004137,delivered,2025-07-01 21:00:00,New York,AZ
ORD0000624,SHP001047,E003764,label_created,2025-11-08 02:00:00,Miami,CO
ORD0002049,SHP000765,E000074,in_transit,2025-10-20 17:00:00,Chicago,NY
ORD0000569,SHP000874,E003955,picked_up,2025-10-21 20:00:00,Los Angeles,CA
ORD0001508,SHP000726,E005480,picked_up,2025-11-09 08:00:00,Los Angeles,NY
ORD0001912,SHP000867,E004152,in_transit,2025-11-28 20:00:00,Chicago,WA
ORD0001745,SHP001746,E004663,delivered,2025-11-25 06:00:00,Los Angeles,NY
ORD0001299,SHP000825,E003268,delivered,2025-02-26 23:00:00,Seattle,NY
ORD0000430,SHP000975,E002955,out_for_delivery,2025-06-04 10:00:00,Denver,CO
ORD0000447,SHP000360,E000721,in_transit,2025-06-13 05:00:00,Dallas,WA
ORD0001543,SHP001695,E005590,exception,2025-05-12 07:00:00,Los Angeles,IL
ORD0000394,SHP001175,E000300,in_transit,2025-03-08 03:00:00,New York,CA
ORD0001256,SHP000847,E004043,in_transit,2025-01-12 06:00:00,Seattle,CA
ORD0001309,SHP000578,E002428,in_transit,2025-08-16 19:00:00,Miami,NY
ORD0000013,SHP000374,E004147,picked_up,2025-09-20 12:00:00,Los Angeles,CO
ORD0001278,SHP000309,E005219,out_for_delivery,2025-10-10 10:00:00,Miami,CA
ORD0000111,SHP001470,E001127,exception,2025-09-25 12:00:00,Seattle,IL
ORD0000111,SHP001030,E001768,in_transit,2025-06-09 07:00:00,Dallas,IL
ORD0000899,SHP001310,E002018,in_transit,2025-03-19 07:00:00,Seattle,CA
ORD0000736,SHP001727,E000131,out_for_delivery,2025-05-02 11:00:00,Los Angeles,TX
ORD0001809,SHP001362,E001420,picked_up,2025-06-24 22:00:00,Phoenix,NY
ORD0001084,SHP001263,E003258,picked_up,2025-12-12 04:00:00,New York,TX
ORD0000620,SHP000653,E001456,delivered,2025-09-28 03:00:00,Phoenix,CA
ORD0000269,SHP000235,E004382,out_for_delivery,2025-07-31 00:00:00,Chicago,WA
ORD0001475,SHP001222,E001898,label_created,2025-06-23 02:00:00,Phoenix,AZ
ORD0001319,SHP000766,E000677,in_transit,2025-06-16 06:00:00,Chicago,CA
ORD0001230,SHP001522,E000599,in_transit,2025-01-31 12:00:00,Seattle,TX
ORD0000123,SHP001337,E001243,in_transit,2025-07-05 04:00:00,Dallas,CA
ORD0002159,SHP000470,E002747,in_transit,2025-06-09 13:00:00,Denver,TX
ORD0000467,SHP000679,E004303,picked_up,2025-09-17 08:00:00,Denver,NY
ORD0001505,SHP000638,E004732,delivered,2025-11-18 01:00:00,Denver,FL
ORD0000924,SHP000864,E000860,label_created,2025-04-24 07:00:00,Seattle,AZ
ORD0000818,SHP000800,E004166,picked_up,2025-10-22 13:00:00,Denver,FL
ORD0001668,SHP000956,E004611,in_transit,2025-11-12 03:00:00,Los Angeles,AZ
ORD0002165,SHP000419,E003381,in_transit,2025-10-24 22:00:00,Chicago,WA
ORD0001545,SHP001023,E003006,in_transit,2025-05-27 23:00:00,Seattle,AZ
ORD0001779,SHP001165,E002390,in_transit,2025-08-29 05:00:00,Phoenix,AZ
ORD0000198,SHP000778,E003589,picked_up,2025-11-22 09:00:00,Denver,CO
ORD0001496,SHP000315,E001496,in_transit,2025-08-31 11:00:00,Los Angeles,CA
ORD0000449,SHP000903,E004386,in_transit,2025-08-16 06:00:00,New York,WA
ORD0001596,SHP001543,E004584,picked_up,2025-05-08 20:00:00,Denver,AZ
ORD0001571,SHP001498,E004219,picked_up,2025-02-28 23:00:00,Chicago,TX
ORD0002024,SHP001478,E001023,label_created,2025-11-25 09:00:00,Denver,TX
ORD0002058,SHP000326,E003872,out_for_delivery,2025-09-10 03:00:00,Seattle,NY
ORD0002028,SHP001768,E000843,in_transit,2025-10-14 07:00:00,Chicago,CA
ORD0001047,SHP000465,E002640,in_transit,2025-06-13 19:00:00,Chicago,CO
ORD0001222,SHP001614,E003497,in_transit,2025-07-19 15:00:00,Seattle,WA
ORD0001442,SHP000618,E003575,out_for_delivery,2025-05-30 14:00:00,Dallas,WA
ORD0000256,SHP000992,E001624,in_transit,2025-04-01 10:00:00,Dallas,FL
ORD0000200,SHP000852,E000712,picked_up,2025-11-04 08:00:00,New York,WA
ORD0000748,SHP000342,E000674,picked_up,2025-09-30 15:00:00,Los Angeles,CO
ORD0001019,SHP000091,E002524,in_transit,2025-09-26 08:00:00,Chicago,NY
ORD0002199,SHP001744,E003142,delivered,2025-07-23 15:00:00,Seattle,CA
ORD0001149,SHP000250,E002488,in_transit,2025-03-07 09:00:00,Denver,AZ
ORD0001649,SHP001475,E004801,in_transit,2025-01-26 13:00:00,Seattle,IL
ORD0000497,SHP001008,E000139,in_transit,2025-04-04 17:00:00,Dallas,IL
ORD0002170,SHP000944,E005294,delivered,2025-10-17 06:00:00,New York,IL
ORD0002165,SHP001259,E004437,in_transit,2025-05-27 10:00:00,New York,TX
ORD0000723,SHP001623,E002751,label_created,2025-07-24 09:00:00,Denver,TX
ORD0002124,SHP001208,E005638,exception,2025-10-29 19:00:00,Phoenix,CO
ORD0000615,SHP000333,E005446,in_transit,2025-09-07 18:00:00,Miami,TX
ORD0000426,SHP001383,E001116,in_transit,2025-11-13 19:00:00,Phoenix,TX
ORD0000824,SHP000254,E001422,exception,2025-11-30 06:00:00,New York,AZ
ORD0000748,SHP001573,E005162,picked_up,2025-07-11 14:00:00,Los Angeles,CO
ORD0000352,SHP001064,E002903,in_transit,2025-03-23 18:00:00,Denver,CA
ORD0001068,SHP001050,E002914,picked_up,2025-07-03 17:00:00,Los Angeles,AZ
ORD0001543,SHP001380,E001035,in_transit,2025-10-19 09:00:00,Chicago,AZ
ORD0000574,SHP001282,E003990,delivered,2025-03-07 13:00:00,Seattle,TX
ORD0001282,SHP001781,E000668,delivered,2025-09-17 17:00:00,Chicago,CA
ORD0001982,SHP000986,E002222,in_transit,2025-11-10 04:00:00,Seattle,NY
ORD0001598,SHP000198,E004903,in_transit,2025-06-12 16:00:00,Phoenix,NY
ORD0001835,SHP000633,E005393,picked_up,2025-10-18 01:00:00,Phoenix,TX
ORD0001258,SHP001115,E002657,picked_up,2025-04-14 08:00:00,Seattle,FL
ORD0000996,SHP001305,E000973,in_transit,2025-11-13 13:00:00,Dallas,NY
ORD0000689,SHP000602,E004622,in_transit,2025-12-18 08:00:00,Chicago,FL
ORD0000802,SHP000872,E003838,delivered,2025-04-25 03:00:00,Denver,AZ
ORD0000952,SHP001169,E001400,out_for_delivery,2025-08-25 16:00:00,Dallas,AZ
ORD0000173,SHP001099,E002026,in_transit,2025-12-19 19:00:00,New York,WA
ORD0001970,SHP000177,E001012,picked_up,2025-04-29 02:00:00,Chicago,NY
ORD0000552,SHP000414,E004782,label_created,2025-01-12 18:00:00,Denver,NY
ORD0001824,SHP000670,E005054,picked_up,2025-07-14 14:00:00,Denver,FL
ORD0000575,SHP000851,E002362,out_for_delivery,2025-07-25 16:00:00,Chicago,NY
ORD0001917,SHP001319,E003733,out_for_delivery,2025-09-23 23:00:00,Miami,IL
ORD0000867,SHP000203,E004970,in_transit,2025-08-16 08:00:00,New York,AZ
ORD0000074,SHP000671,E002580,delivered,2025-10-26 22:00:00,Los Angeles,FL
ORD0001703,SHP000956,E005686,out_for_delivery,2025-08-31 14:00:00,Dallas,FL
ORD0001114,SHP000220,E002480,in_transit,2025-04-01 05:00:00,Phoenix,FL
ORD0001748,SHP000017,E004528,picked_up,2025-10-03 06:00:00,Miami,WA
ORD0001524,SHP001535,E005027,picked_up,2025-01-21 03:00:00,Los Angeles,NY
ORD0001857,SHP000908,E002706,picked_up,2025-01-30 03:00:00,Chicago,WA
ORD0001679,SHP000319,E003955,label_created,2025-10-30 22:00:00,Seattle,FL
ORD0000365,SHP001162,E004068,picked_up,2025-07-06 07:00:00,Dallas,NY
ORD0001748,SHP000104,E002872,in_transit,2025-05-06 06:00:00,Miami,WA
ORD0000985,SHP001236,E000649,delivered,2025-05-02 23:00:00,Los Angeles,IL
ORD0001208,SHP000826,E000991,out_for_delivery,2025-11-20 04:00:00,Seattle,CO
ORD0001652,SHP000081,E000290,in_transit,2025-02-08 09:00:00,Phoenix,FL
ORD0001475,SHP001222,E001720,out_for_delivery,2025-07-11 07:00:00,Miami,NY
ORD0000968,SHP001036,E003554,picked_up,2025-05-27 06:00:00,Los Angeles,IL
ORD0002137,SHP000832,E001457,picked_up,2025-08-22 03:00:00,Miami,TX
ORD0000225,SHP001479,E002237,picked_up,2025-12-19 21:00:00,Los Angeles,AZ
ORD0000408,SHP001576,E004523,picked_up,2025-04-21 03:00:00,New York,WA
ORD0001342,SHP000485,E004416,label_created,2025-11-13 01:00:00,Los Angeles,FL
ORD0001604,SHP000827,E005059,out_for_delivery,2025-12-01 05:00:00,Miami,CO
ORD0000472,SHP000007,E004567,label_created,2025-10-21 23:00:00,New York,AZ
ORD0001724,SHP000420,E000335,in_transit,2025-12-22 17:00:00,Chicago,WA
ORD0000674,SHP000683,E003413,out_for_delivery,2025-06-08 08:00:00,Miami,IL
ORD0000052,SHP000570,E002974,picked_up,2025-10-17 08:00:00,Phoenix,FL
ORD0001449,SHP001660,E001648,in_transit,2025-10-23 16:00:00,Seattle,CA
ORD0001543,SHP001323,E004394,in_transit,2025-05-17 12:00:00,New York,CA
ORD0001865,SHP001264,E003106,delivered,2025-01-23 15:00:00,Miami,AZ
ORD0000003,SHP000963,E005585,in_transit,2025-07-20 11:00:00,Denver,CO
ORD0001937,SHP000402,E003155,label_created,2025-08-23 07:00:00,Denver,CO
ORD0000804,SHP000509,E000579,in_transit,2025-11-24 14:00:00,Dallas,CO
ORD0000753,SHP001537,E000087,out_for_delivery,2025-04-26 15:00:00,Phoenix,WA
ORD0002104,SHP000039,E001167,picked_up,2025-11-28 18:00:00,Seattle,WA
ORD0000567,SHP001656,E003766,delivered,2025-06-04 18:00:00,Phoenix,AZ
ORD0001431,SHP001458,E001059,delivered,2025-10-08 22:00:00,Dallas,FL
ORD0000233,SHP001016,E005363,picked_up,2025-08-19 18:00:00,Phoenix,CO
ORD0001900,SHP000543,E004026,in_transit,2025-03-28 23:00:00,Denver,CO
ORD0001656,SHP000588,E004276,label_created,2025-03-17 10:00:00,Miami,CO
ORD0001089,SHP000669,E000321,label_created,2025-06-06 07:00:00,Dallas,FL
ORD0001131,SHP000292,E001913,in_transit,2025-07-17 03:00:00,Dallas,TX
ORD0001872,SHP001259,E002091,out_for_delivery,2025-11-10 13:00:00,Seattle,WA
ORD0000358,SHP000033,E003220,label_created,2025-09-16 23:00:00,Denver,FL
ORD0001329,SHP001617,E002475,out_for_delivery,2025-11-21 00:00:00,Los Angeles,FL
ORD0001410,SHP001131,E002969,label_created,2025-04-29 03:00:00,New York,TX
ORD0002149,SHP000519,E001193,in_transit,2025-06-11 13:00:00,Seattle,TX
ORD0001180,SHP000966,E004863,out_for_delivery,2025-06-04 16:00:00,Seattle,AZ
ORD0000783,SHP001399,E003200,delivered,2025-11-08 13:00:00,Miami,CA
ORD0001692,SHP001211,E003948,in_transit,2025-01-08 08:00:00,Los Angeles,FL
ORD0000745,SHP000559,E001162,in_transit,2025-02-27 21:00:00,Los Angeles,TX
ORD0000957,SHP001138,E004252,exception,2025-11-03 02:00:00,Seattle,CA
ORD0000794,SHP000493,E005635,label_created,2025-11-07 04:00:00,Chicago,IL
ORD0001717,SHP001529,E001994,delivered,2025-07-21 06:00:00,Chicago,WA
ORD0002076,SHP001227,E004560,delivered,2025-02-23 02:00:00,Phoenix,IL
ORD0001225,SHP001381,E000636,delivered,2025-07-10 14:00:00,Dallas,NY
ORD0002053,SHP001222,E004365,out_for_delivery,2025-06-22 11:00:00,Los Angeles,CA
ORD0001750,SHP001644,E005625,delivered,2025-03-15 05:00:00,Phoenix,CA
ORD0000617,SHP000914,E000793,in_transit,2025-10-26 13:00:00,Denver,IL
ORD0000004,SHP001449,E003303,exception,2025-01-05 04:00:00,Seattle,TX
ORD0001977,SHP001212,E001358,picked_up,2025-01-24 07:00:00,Miami,AZ
ORD0000619,SHP000611,E002460,picked_up,2025-11-20 19:00:00,Phoenix,CA
ORD0000662,SHP000133,E005176,in_transit,2025-10-15 04:00:00,Seattle,CO
ORD0002076,SHP000559,E005279,in_transit,2025-06-27 13:00:00,Chicago,IL
ORD0000241,SHP000793,E004578,in_transit,2025-11-07 21:00:00,Los Angeles,FL
ORD0000474,SHP001703,E001341,in_transit,2025-07-31 23:00:00,Dallas,WA
ORD0001539,SHP001388,E002927,in_transit,2025-12-18 20:00:00,Los Angeles,IL
ORD0000760,SHP000792,E001081,out_for_delivery,2025-01-18 21:00:00,New York,TX
ORD0000694,SHP001592,E002507,out_for_delivery,2025-05-29 15:00:00,Seattle,WA
ORD0000594,SHP001222,E003956,picked_up,2025-01-22 20:00:00,New York,CA
ORD0000542,SHP001532,E005280,in_transit,2025-12-08 10:00:00,Seattle,IL
ORD0000212,SHP001539,E000733,out_for_delivery,2025-12-18 12:00:00,Los Angeles,IL
ORD0000703,SHP001574,E004307,delivered,2025-06-04 21:00:00,Chicago,CA
ORD0000764,SHP001710,E002845,delivered,2025-12-15 19:00:00,Denver,TX
ORD0001959,SHP000656,E001423,delivered,2025-06-25 00:00:00,Phoenix,CA
ORD0001667,SHP000761,E003831,in_transit,2025-10-13 02:00:00,Miami,AZ
ORD0000229,SHP000989,E000798,out_for_delivery,2025-12-27 00:00:00,Chicago,NY
ORD0002146,SHP001101,E004109,picked_up,2025-02-09 06:00:00,Denver,NY
ORD0000463,SHP001032,E003751,label_created,2025-08-12 14:00:00,Chicago,CA
ORD0000806,SHP001681,E001349,picked_up,2025-11-18 03:00:00,Chicago,IL
ORD0000352,SHP001064,E001987,delivered,2025-10-03 22:00:00,Miami,WA
ORD0000592,SHP000553,E001958,label_created,2025-04-02 06:00:00,Los Angeles,CO
ORD0001901,SHP000537,E001184,exception,2025-03-16 07:00:00,Miami,TX
ORD0001186,SHP001168,E002039,in_transit,2025-10-07 10:00:00,Phoenix,CO
ORD0002019,SHP000855,E005679,in_transit,2025-02-23 03:00:00,Dallas,CA
ORD0002044,SHP001031,E000537,out_for_delivery,2025-07-23 08:00:00,Denver,FL
ORD0002138,SHP001695,E003469,in_transit,2025-01-30 05:00:00,Chicago,WA
ORD0000255,SHP000576,E001605,out_for_delivery,2025-06-04 01:00:00,Phoenix,NY
ORD0001812,SHP000393,E003779,delivered,2025-04-14 13:00:00,Denver,WA
ORD0000143,SHP001569,E000013,in_transit,2025-09-02 09:00:00,Dallas,WA
ORD0000048,SHP001478,E003187,picked_up,2025-09-20 11:00:00,Seattle,TX
ORD0001093,SHP000007,E001362,label_created,2025-03-20 14:00:00,Phoenix,CO
ORD0001997,SHP001690,E003837,delivered,2025-12-30 14:00:00,Denver,WA
ORD0000311,SHP000279,E004219,in_transit,2025-04-12 21:00:00,Phoenix,WA
ORD0002182,SHP000527,E001340,delivered,2025-09-26 04:00:00,New York,AZ
ORD0001480,SHP000826,E002747,in_transit,2025-01-25 02:00:00,Dallas,AZ
ORD0001075,SHP001150,E003610,exception,2025-04-16 17:00:00,Miami,FL
ORD0001228,SHP000297,E004616,in_transit,2025-05-24 17:00:00,Phoenix,FL
ORD0000853,SHP001603,E003109,in_transit,2025-01-03 14:00:00,Dallas,FL
ORD0000758,SHP001419,E004391,out_for_delivery,2025-08-29 06:00:00,New York,AZ
ORD0001321,SHP001581,E003357,out_for_delivery,2025-02-24 05:00:00,New York,NY
ORD0000101,SHP001108,E002874,out_for_delivery,2025-06-28 00:00:00,Phoenix,CA
ORD0000130,SHP001177,E005497,out_for_delivery,2025-09-22 09:00:00,New York,TX
ORD0002193,SHP000165,E002548,in_transit,2025-10-29 08:00:00,Dallas,FL
ORD0000635,SHP000189,E003881,in_transit,2025-10-11 05:00:00,New York,FL
ORD0001653,SHP000866,E001797,label_created,2025-08-15 05:00:00,Miami,CO
ORD0001399,SHP001474,E003333,label_created,2025-08-25 09:00:00,New York,CA
ORD0001828,SHP001567,E002734,in_transit,2025-08-28 04:00:00,Seattle,WA
ORD0001969,SHP000259,E000780,delivered,2025-02-27 21:00:00,Chicago,CA
ORD0001892,SHP001456,E004609,delivered,2025-08-27 16:00:00,Seattle,AZ
ORD0000467,SHP000607,E003462,out_for_delivery,2025-09-28 09:00:00,Miami,CO
ORD0000153,SHP000590,E001199,delivered,2025-12-26 02:00:00,Phoenix,AZ
ORD0000728,SHP001091,E001009,out_for_delivery,2025-01-22 08:00:00,New York,CO
ORD0000649,SHP000212,E004914,picked_up,2025-02-18 18:00:00,Phoenix,AZ
ORD0000846,SHP000051,E001637,picked_up,2025-11-22 06:00:00,Phoenix,CA
ORD0000304,SHP000075,E004003,out_for_delivery,2025-07-01 06:00:00,Chicago,AZ
ORD0000169,SHP000378,E001977,picked_up,2025-03-26 19:00:00,Dallas,AZ
ORD0001185,SHP001328,E003127,in_transit,2025-12-06 05:00:00,Denver,TX
ORD0000216,SHP001379,E005379,out_for_delivery,2025-07-11 09:00:00,New York,NY
ORD0001894,SHP000900,E002500,in_transit,2025-11-24 09:00:00,Phoenix,WA
ORD0002016,SHP001039,E001644,delivered,2025-04-16 19:00:00,Phoenix,CA
ORD0001333,SHP001441,E001449,delivered,2025-01-08 22:00:00,Seattle,TX
ORD0001896,SHP000180,E004837,in_transit,2025-09-28 01:00:00,Denver,CO
ORD0002189,SHP000931,E000198,in_transit,2025-02-24 12:00:00,Dallas,NY
ORD0001719,SHP001025,E005546,in_transit,2025-05-12 21:00:00,Dallas,IL
ORD0000311,SHP000844,E000649,in_transit,2025-03-04 19:00:00,Dallas,AZ
ORD0000170,SHP000848,E002683,exception,2025-05-19 14:00:00,Los Angeles,WA
ORD0001717,SHP000643,E005542,label_created,2025-02-19 22:00:00,New York,CO
ORD0000780,SHP000800,E002614,picked_up,2025-10-15 03:00:00,New York,CA
ORD0000382,SHP000044,E004160,delivered,2025-12-31 21:00:00,Phoenix,WA
ORD0002088,SHP000743,E002546,out_for_delivery,2025-06-14 19:00:00,Seattle,IL
ORD0001775,SHP001155,E000169,in_transit,2025-01-30 22:00:00,Seattle,FL
ORD0002111,SHP000960,E000635,picked_up,2025-07-04 16:00:00,Los Angeles,AZ
ORD0001707,SHP000935,E005053,delivered,2025-04-24 05:00:00,Los Angeles,AZ
ORD0000051,SHP000978,E000955,delivered,2025-10-03 07:00:00,Miami,FL
ORD0000125,SHP001167,E003478,out_for_delivery,2025-05-24 10:00:00,Miami,FL
ORD0000335,SHP001708,E005098,in_transit,2025-08-10 19:00:00,Los Angeles,CO
ORD0000273,SHP000812,E000068,picked_up,2025-08-27 07:00:00,Phoenix,CO
ORD0001148,SHP000773,E000575,picked_up,2025-09-26 01:00:00,New York,IL
ORD0001793,SHP001538,E003016,picked_up,2025-12-27 10:00:00,Los Angeles,IL
ORD0000568,SHP000204,E004456,picked_up,2025-12-16 12:00:00,Denver,CO
ORD0000370,SHP000199,E005249,in_transit,2025-06-04 18:00:00,Miami,WA
ORD0001686,SHP000381,E003453,picked_up,2025-04-07 07:00:00,Dallas,TX
ORD0001473,SHP001044,E004214,in_transit,2025-04-18 21:00:00,Dallas,TX
ORD0000554,SHP001562,E002501,picked_up,2025-06-28 19:00:00,New York,FL
ORD0001232,SHP001248,E005074,label_created,2025-10-30 17:00:00,Dallas,WA
ORD0001720,SHP001737,E004062,in_transit,2025-09-04 05:00:00,Seattle,FL
ORD0000620,SHP000480,E001958,label_created,2025-05-15 11:00:00,Los Angeles,CO
ORD0000525,SHP000325,E001521,in_transit,2025-01-05 21:00:00,Seattle,FL
ORD0000587,SHP000032,E003934,picked_up,2025-04-03 19:00:00,New York,IL
ORD0000554,SHP001562,E001185,out_for_delivery,2025-02-05 12:00:00,New York,TX
ORD0001049,SHP001779,E003440,in_transit,2025-06-20 07:00:00,Dallas,NY
ORD0001043,SHP001417,E003480,delivered,2025-08-22 13:00:00,Phoenix,NY
ORD0002140,SHP000829,E005274,in_transit,2025-04-03 14:00:00,Phoenix,NY
ORD0000911,SHP000916,E005151,delivered,2025-06-06 06:00:00,Chicago,WA
ORD0001029,SHP001074,E000763,label_created,2025-10-19 07:00:00,Los Angeles,NY
ORD0001427,SHP000371,E005193,in_transit,2025-10-28 20:00:00,Chicago,WA
ORD0001684,SHP001313,E000240,in_transit,2025-02-09 02:00:00,Phoenix,AZ
ORD0001769,SHP001151,E003287,in_transit,2025-03-31 14:00:00,Seattle,AZ
ORD0001300,SHP000843,E003062,label_created,2025-09-16 07:00:00,Chicago,WA
ORD0002136,SHP000666,E003989,picked_up,2025-09-21 08:00:00,Miami,CA
ORD0001257,SHP000665,E001332,exception,2025-03-15 13:00:00,Seattle,IL
ORD0001786,SHP000909,E004884,picked_up,2025-08-16 22:00:00,Denver,CA
ORD0000304,SHP000251,E002990,in_transit,2025-11-28 16:00:00,New York,IL
ORD0000055,SHP000425,E003387,label_created,2025-06-04 07:00:00,New York,WA
ORD0000980,SHP000674,E000998,in_transit,2025-12-05 16:00:00,Miami,CO
ORD0001242,SHP001024,E004269,in_transit,2025-06-03 17:00:00,Miami,IL
ORD0001603,SHP000569,E003959,picked_up,2025-10-30 15:00:00,Denver,CO
ORD0002168,SHP001404,E003205,in_transit,2025-07-13 22:00:00,Chicago,AZ
ORD0000262,SHP000003,E000906,in_transit,2025-12-29 01:00:00,Chicago,TX
ORD0001296,SHP001497,E004352,in_transit,2025-01-20 02:00:00,Seattle,NY
ORD0000095,SHP001124,E000258,out_for_delivery,2025-04-05 02:00:00,Seattle,WA
ORD0000089,SHP000743,E002901,delivered,2025-04-06 13:00:00,Miami,WA
ORD0000306,SHP000849,E002422,delivered,2025-10-04 20:00:00,Phoenix,WA
ORD0000582,SHP000534,E005345,in_transit,2025-08-21 05:00:00,Denver,AZ
ORD0001234,SHP000508,E004429,in_transit,2025-08-26 06:00:00,Dallas,FL
ORD0001961,SHP000148,E000438,out_for_delivery,2025-04-27 10:00:00,Miami,WA
ORD0000622,SHP000878,E002765,out_for_delivery,2025-06-17 13:00:00,Dallas,WA
ORD0001362,SHP001735,E003073,in_transit,2025-05-22 17:00:00,Los Angeles,NY
ORD0000174,SHP001515,E000156,label_created,2025-01-17 21:00:00,Phoenix,NY
ORD0001686,SHP000565,E001288,picked_up,2025-09-24 08:00:00,Chicago,CO
ORD0000285,SHP000575,E001870,out_for_delivery,2025-10-07 12:00:00,New York,AZ
ORD0000611,SHP000969,E004247,in_transit,2025-08-15 10:00:00,Miami,IL
ORD0001169,SHP001255,E004159,picked_up,2025-01-31 01:00:00,New York,AZ
ORD0000149,SHP001615,E002508,picked_up,2025-12-15 01:00:00,Miami,FL
ORD0001595,SHP001082,E000426,label_created,2025-12-17 22:00:00,Los Angeles,FL
ORD0002009,SHP001138,E003447,in_transit,2025-09-06 04:00:00,Los Angeles,NY
ORD0001818,SHP000457,E004710,delivered,2025-10-15 21:00:00,New York,CO
ORD0001605,SHP000217,E001653,in_transit,2025-08-07 10:00:00,New York,CA
ORD0000559,SHP000584,E004682,out_for_delivery,2025-11-08 15:00:00,Seattle,FL
ORD0001298,SHP000122,E004444,picked_up,2025-10-30 02:00:00,Los Angeles,WA
ORD0000194,SHP001467,E005658,in_transit,2025-09-10 17:00:00,New York,CA
ORD0000037,SHP000692,E005132,in_transit,2025-11-27 19:00:00,Denver,TX
ORD0001768,SHP001536,E003057,in_transit,2025-03-13 15:00:00,Phoenix,AZ
ORD0001683,SHP000686,E002570,delivered,2025-02-28 01:00:00,Denver,FL
ORD0001534,SHP000122,E001822,in_transit,2025-06-02 13:00:00,Los Angeles,NY
ORD0000271,SHP000834,E000076,out_for_delivery,2025-06-04 22:00:00,Seattle,CO
ORD0001396,SHP000672,E002529,in_transit,2025-08-21 17:00:00,New York,WA
ORD0000840,SHP001776,E002198,out_for_delivery,2025-06-21 01:00:00,Chicago,TX
ORD0000451,SHP001294,E000860,in_transit,2025-12-16 12:00:00,Dallas,WA
ORD0001209,SHP001698,E000488,out_for_delivery,2025-08-27 08:00:00,Denver,CA
ORD0001758,SHP000207,E005686,in_transit,2025-05-02 20:00:00,New York,WA
ORD0001182,SHP001169,E003160,in_transit,2025-06-16 15:00:00,New York,AZ
ORD0001152,SHP000663,E000201,in_transit,2025-07-27 17:00:00,Los Angeles,CA
ORD0000240,SHP000810,E003507,delivered,2025-09-19 21:00:00,Los Angeles,NY
ORD0001021,SHP001652,E003273,out_for_delivery,2025-12-14 16:00:00,Dallas,WA
ORD0002199,SHP000413,E000458,in_transit,2025-03-07 08:00:00,Miami,FL
ORD0001936,SHP001108,E005227,in_transit,2025-06-16 04:00:00,New York,NY
ORD0001266,SHP001639,E004989,in_transit,2025-02-09 19:00:00,New York,AZ
ORD0000467,SHP000679,E002201,in_transit,2025-04-09 08:00:00,Phoenix,TX
ORD0001950,SHP001194,E005470,picked_up,2025-10-13 08:00:00,Los Angeles,CA
ORD0001910,SHP001382,E003805,exception,2025-03-16 23:00:00,Denver,TX
ORD0001916,SHP000687,E002208,label_created,2025-08-06 21:00:00,Los Angeles,CA
ORD0000426,SHP000624,E003014,in_transit,2025-02-27 22:00:00,Chicago,AZ
ORD0000662,SHP000133,E004678,delivered,2025-07-08 18:00:00,Chicago,IL
ORD0002116,SHP000612,E005035,in_transit,2025-07-25 21:00:00,Miami,WA
ORD0001907,SHP000191,E004683,out_for_delivery,2025-03-10 01:00:00,Seattle,AZ
ORD0001556,SHP001663,E001491,in_transit,2025-05-22 19:00:00,Seattle,WA
ORD0000421,SHP001721,E000171,label_created,2025-07-04 00:00:00,Chicago,FL
ORD0002137,SHP000347,E002045,out_for_delivery,2025-11-23 00:00:00,Los Angeles,NY
ORD0000325,SHP001047,E002352,label_created,2025-05-25 12:00:00,New York,CA
ORD0000426,SHP000624,E001262,picked_up,2025-01-03 10:00:00,Chicago,CO
ORD0000175,SHP001388,E004737,picked_up,2025-10-27 12:00:00,Phoenix,NY
ORD0000714,SHP000111,E000796,in_transit,2025-10-19 15:00:00,Seattle,CA
ORD0002154,SHP000906,E001486,exception,2025-01-09 19:00:00,Seattle,WA
ORD0001719,SHP000825,E003995,out_for_delivery,2025-06-08 12:00:00,Phoenix,CA
ORD0001014,SHP000044,E000727,delivered,2025-07-10 15:00:00,Seattle,IL
ORD0001834,SHP000067,E003870,picked_up,2025-12-08 03:00:00,New York,CA
ORD0001473,SHP001122,E004522,label_created,2025-10-16 09:00:00,New York,CA
ORD0000221,SHP000389,E002359,delivered,2025-07-02 02:00:00,Chicago,WA
ORD0001030,SHP001045,E002260,out_for_delivery,2025-11-21 07:00:00,Los Angeles,TX
ORD0001942,SHP000227,E002255,out_for_delivery,2025-08-03 22:00:00,Dallas,CA
ORD0001024,SHP001389,E003790,delivered,2025-09-24 22:00:00,Denver,CA
ORD0000158,SHP000116,E002467,in_transit,2025-03-16 21:00:00,New York,CO
ORD0001395,SHP001310,E004917,in_transit,2025-03-01 11:00:00,Denver,TX
ORD0001967,SHP000123,E004541,in_transit,2025-05-23 22:00:00,Los Angeles,CO
ORD0001535,SHP000786,E000155,picked_up,2025-10-24 12:00:00,Denver,FL
ORD0001364,SHP000943,E004537,out_for_delivery,2025-02-04 02:00:00,Phoenix,FL
ORD0001326,SHP001767,E004501,label_created,2025-02-04 08:00:00,Denver,FL
ORD0001905,SHP000917,E001818,delivered,2025-06-16 08:00:00,Dallas,IL
ORD0001863,SHP001626,E001575,exception,2025-07-29 12:00:00,Los Angeles,TX
ORD0000882,SHP001757,E000782,out_for_delivery,2025-06-17 15:00:00,Dallas,IL
ORD0000562,SHP001138,E003816,delivered,2025-06-16 00:00:00,Phoenix,TX
ORD0001769,SHP001313,E002573,label_created,2025-02-21 21:00:00,Miami,AZ
ORD0000070,SHP000417,E001109,label_created,2025-06-01 17:00:00,Seattle,CA
ORD0000736,SHP001727,E003093,delivered,2025-12-11 01:00:00,Seattle,FL
ORD0000073,SHP000595,E003789,in_transit,2025-05-14 22:00:00,Denver,TX
ORD0001404,SHP001462,E001257,exception,2025-03-17 19:00:00,Phoenix,NY
ORD0000844,SHP000531,E005271,label_created,2025-06-19 18:00:00,Miami,FL
ORD0001455,SHP000254,E004761,picked_up,2025-01-08 20:00:00,Phoenix,TX
ORD0000014,SHP001320,E001680,label_created,2025-01-16 00:00:00,New York,WA
ORD0001050,SHP000693,E004841,in_transit,2025-10-02 06:00:00,Seattle,WA
ORD0001430,SHP000376,E000066,in_transit,2025-05-08 20:00:00,Chicago,NY
ORD0000175,SHP000241,E005522,in_transit,2025-10-15 01:00:00,Seattle,CA
ORD0000067,SHP001146,E002316,in_transit,2025-01-09 22:00:00,Miami,FL
ORD0000951,SHP000865,E000674,label_created,2025-11-05 17:00:00,Miami,FL
ORD0001288,SHP001278,E001387,in_transit,2025-04-01 07:00:00,Los Angeles,FL
ORD0000273,SHP000812,E004316,label_created,2025-10-12 20:00:00,Los Angeles,WA
ORD0001761,SHP000193,E003877,exception,2025-10-04 00:00:00,Dallas,CO
ORD0000374,SHP000015,E003424,picked_up,2025-03-28 13:00:00,Miami,IL
ORD0000960,SHP001412,E002743,delivered,2025-04-22 07:00:00,New York,NY
ORD0000575,SHP001617,E002648,label_created,2025-01-28 11:00:00,Los Angeles,NY
ORD0001480,SHP001147,E001190,in_transit,2025-10-12 22:00:00,New York,NY
ORD0000198,SHP000511,E000627,out_for_delivery,2025-05-20 06:00:00,Seattle,WA
ORD0000730,SHP000677,E001191,out_for_delivery,2025-08-22 03:00:00,Dallas,AZ
ORD0001868,SHP000752,E000342,in_transit,2025-06-25 13:00:00,Los Angeles,WA
ORD0002159,SHP000699,E005063,out_for_delivery,2025-04-25 03:00:00,Chicago,CA
ORD0001915,SHP000446,E001034,label_created,2025-05-01 18:00:00,Seattle,FL
ORD0000896,SHP001196,E004433,in_transit,2025-05-05 07:00:00,Chicago,WA
ORD0001350,SHP000306,E000202,out_for_delivery,2025-04-12 04:00:00,New York,WA
ORD0001708,SHP001731,E003326,label_created,2025-04-21 17:00:00,Miami,NY
ORD0001383,SHP001219,E004640,exception,2025-03-17 16:00:00,Los Angeles,IL
ORD0001217,SHP000978,E000525,delivered,2025-09-30 12:00:00,Phoenix,CA
ORD0001026,SHP000278,E002231,in_transit,2025-10-31 17:00:00,New York,WA
ORD0000165,SHP001079,E002951,out_for_delivery,2025-01-13 11:00:00,Denver,TX
ORD0001637,SHP000058,E001799,in_transit,2025-09-30 09:00:00,New York,AZ
ORD0001949,SHP001630,E003646,in_transit,2025-04-04 09:00:00,Chicago,CA
ORD0000828,SHP001079,E001023,delivered,2025-12-16 15:00:00,Phoenix,WA
ORD0001617,SHP000981,E003397,label_created,2025-09-01 14:00:00,Dallas,AZ
ORD0001918,SHP001514,E000017,in_transit,2025-03-03 23:00:00,Miami,TX
ORD0000149,SHP000594,E001951,out_for_delivery,2025-04-24 19:00:00,Seattle,AZ
ORD0000075,SHP001733,E003615,picked_up,2025-12-17 01:00:00,New York,NY
ORD0000810,SHP000364,E003472,picked_up,2025-10-02 14:00:00,Los Angeles,AZ
ORD0000150,SHP001414,E002802,in_transit,2025-10-28 00:00:00,Seattle,FL
ORD0001832,SHP001012,E004034,label_created,2025-08-24 19:00:00,New York,AZ
ORD0001871,SHP001260,E004998,label_created,2025-01-22 04:00:00,Chicago,CA
ORD0001848,SHP001180,E005291,in_transit,2025-11-06 17:00:00,Phoenix,NY
ORD0000482,SHP000197,E002480,label_created,2025-06-10 07:00:00,Dallas,IL
ORD0000882,SHP001757,E004374,delivered,2025-03-22 21:00:00,Seattle,TX
ORD0001439,SHP000141,E001938,out_for_delivery,2025-12-17 14:00:00,Seattle,FL
ORD0000263,SHP000177,E002482,delivered,2025-10-09 16:00:00,Phoenix,CA
ORD0002055,SHP000697,E000423,out_for_delivery,2025-05-20 16:00:00,Miami,WA
ORD0000132,SHP000402,E002982,picked_up,2025-08-19 00:00:00,Chicago,NY
ORD0001500,SHP001154,E001224,in_transit,2025-01-12 03:00:00,New York,AZ
ORD0001957,SHP001421,E000175,picked_up,2025-09-03 10:00:00,Phoenix,NY
ORD0001296,SHP001525,E003983,picked_up,2025-12-27 19:00:00,Chicago,CA
ORD0001412,SHP000914,E000703,exception,2025-11-22 17:00:00,Denver,CA
ORD0000355,SHP000443,E000778,delivered,2025-04-19 12:00:00,New York,IL
ORD0000970,SHP000975,E001638,in_transit,2025-04-08 20:00:00,Denver,AZ
ORD0002195,SHP000890,E003397,in_transit,2025-01-01 14:00:00,Dallas,TX
ORD0000060,SHP000162,E000544,picked_up,2025-08-05 19:00:00,Denver,TX
ORD0000548,SHP001475,E005045,delivered,2025-08-20 00:00:00,Chicago,AZ
ORD0000246,SHP000870,E004716,delivered,2025-02-07 00:00:00,New York,TX
ORD0000991,SHP000848,E004141,out_for_delivery,2025-08-05 19:00:00,Dallas,CO
ORD0000087,SHP001689,E005177,exception,2025-08-28 23:00:00,Seattle,IL
ORD0001317,SHP000246,E000462,out_for_delivery,2025-05-16 20:00:00,Denver,WA
ORD0001536,SHP001015,E000910,in_transit,2025-07-28 03:00:00,Seattle,FL
ORD0001290,SHP000201,E002180,label_created,2025-01-26 04:00:00,Denver,WA
ORD0001543,SHP001690,E004439,in_transit,2025-12-27 21:00:00,Dallas,TX
ORD0001071,SHP000357,E003589,in_transit,2025-01-09 00:00:00,Chicago,IL
ORD0001956,SHP001105,E002855,label_created,2025-06-18 20:00:00,Phoenix,FL
ORD0001051,SHP001686,E002268,delivered,2025-02-04 08:00:00,Denver,NY
ORD0000727,SHP001317,E002151,out_for_delivery,2025-01-29 14:00:00,New York,AZ
ORD0000086,SHP001354,E002260,out_for_delivery,2025-05-29 16:00:00,Miami,CA
ORD0000606,SHP000666,E000134,label_created,2025-04-25 16:00:00,Denver,TX
ORD0002139,SHP001015,E005154,in_transit,2025-08-10 05:00:00,Los Angeles,TX
ORD0000886,SHP000106,E001463,picked_up,2025-09-04 11:00:00,Phoenix,FL
ORD0000704,SHP001199,E001682,out_for_delivery,2025-06-21 13:00:00,Denver,CO
ORD0000310,SHP001086,E004637,out_for_delivery,2025-05-18 19:00:00,Miami,CA
ORD0001195,SHP001516,E004981,in_transit,2025-08-18 00:00:00,Los Angeles,WA
ORD0000126,SHP000483,E004014,out_for_delivery,2025-01-08 15:00:00,Dallas,NY
ORD0002076,SHP000820,E004464,in_transit,2025-07-10 14:00:00,Seattle,IL
ORD0002128,SHP000991,E004676,picked_up,2025-12-12 16:00:00,New York,NY
ORD0000970,SHP000975,E004396,delivered,2025-07-09 06:00:00,New York,AZ
ORD0000194,SHP000900,E003346,out_for_delivery,2025-10-17 11:00:00,Seattle,NY
ORD0001647,SHP000963,E005537,picked_up,2025-05-06 12:00:00,Phoenix,AZ
ORD0000736,SHP001541,E001944,picked_up,2025-11-16 16:00:00,Denver,CA
ORD0001664,SHP000533,E000270,label_created,2025-12-22 15:00:00,Miami,AZ
ORD0002169,SHP001356,E003073,out_for_delivery,2025-11-19 07:00:00,New York,WA
ORD0000285,SHP001601,E001096,delivered,2025-05-02 04:00:00,Seattle,CA
ORD0001994,SHP000104,E005655,label_created,2025-03-30 09:00:00,Chicago,CA
ORD0000393,SHP000540,E001354,label_created,2025-09-06 03:00:00,Miami,NY
ORD0001134,SHP000217,E002093,in_transit,2025-04-03 03:00:00,Los Angeles,NY
ORD0001994,SHP001589,E004090,label_created,2025-05-09 04:00:00,Chicago,IL
ORD0001956,SHP001105,E001712,out_for_delivery,2025-04-29 05:00:00,Chicago,FL
ORD0001881,SHP000101,E002914,out_for_delivery,2025-05-24 03:00:00,Chicago,AZ
ORD0002014,SHP001380,E002602,in_transit,2025-09-03 21:00:00,Seattle,CO
ORD0002088,SHP001539,E000495,in_transit,2025-07-14 19:00:00,Phoenix,AZ
ORD0001046,SHP000241,E004058,picked_up,2025-12-26 20:00:00,Seattle,AZ
ORD0002092,SHP001002,E004208,in_transit,2025-02-10 13:00:00,Miami,CO
ORD0000039,SHP001188,E002846,exception,2025-12-04 13:00:00,Seattle,CO
ORD0001661,SHP000606,E005286,out_for_delivery,2025-02-19 22:00:00,Chicago,CO
ORD0001287,SHP000283,E004870,in_transit,2025-03-11 16:00:00,Miami,NY
ORD0000633,SHP001280,E003378,in_transit,2025-07-10 12:00:00,Miami,AZ
ORD0002180,SHP000439,E005673,in_transit,2025-07-22 05:00:00,Miami,AZ
ORD0000068,SHP001249,E003257,in_transit,2025-12-27 10:00:00,Los Angeles,FL
ORD0000269,SHP001376,E000788,in_transit,2025-12-24 03:00:00,Phoenix,NY
ORD0001298,SHP001542,E005490,in_transit,2025-01-28 20:00:00,Denver,AZ
ORD0001672,SHP001599,E005234,out_for_delivery,2025-08-05 12:00:00,New York,CA
ORD0002027,SHP000300,E002092,picked_up,2025-01-15 05:00:00,Seattle,FL
ORD0002117,SHP001124,E001614,delivered,2025-10-18 16:00:00,Chicago,CA
ORD0000521,SHP001580,E004754,in_transit,2025-04-23 16:00:00,Los Angeles,NY
ORD0000893,SHP001022,E005546,in_transit,2025-04-11 02:00:00,Chicago,IL
ORD0000940,SHP000333,E002911,out_for_delivery,2025-05-30 03:00:00,New York,NY
ORD0000278,SHP001173,E001885,in_transit,2025-01-08 07:00:00,Denver,TX
ORD0001388,SHP000072,E000148,exception,2025-01-17 00:00:00,Seattle,NY
ORD0001846,SHP000164,E002003,label_created,2025-01-08 03:00:00,Los Angeles,FL
ORD0000860,SHP001420,E002177,in_transit,2025-07-08 12:00:00,Seattle,WA
ORD0000464,SHP000346,E003570,label_created,2025-09-08 18:00:00,Los Angeles,AZ
ORD0001024,SHP000295,E001526,in_transit,2025-11-22 20:00:00,Dallas,TX
ORD0000536,SHP000358,E003028,in_transit,2025-01-15 20:00:00,Chicago,CO
ORD0000895,SHP001262,E004344,label_created,2025-08-22 21:00:00,Dallas,WA
ORD0000689,SHP000419,E003761,delivered,2025-01-23 07:00:00,Seattle,IL
ORD0001528,SHP001213,E004924,delivered,2025-02-05 16:00:00,Seattle,NY
ORD0000587,SHP000885,E001605,delivered,2025-05-25 06:00:00,Los Angeles,TX
ORD0001871,SHP000567,E000870,label_created,2025-03-21 19:00:00,Phoenix,AZ
ORD0000719,SHP000555,E004563,picked_up,2025-11-04 17:00:00,Chicago,FL
ORD0001122,SHP000841,E000353,out_for_delivery,2025-04-17 23:00:00,Phoenix,AZ
ORD0000700,SHP001635,E000822,picked_up,2025-03-13 11:00:00,Denver,WA
ORD0000263,SHP000177,E002596,in_transit,2025-10-02 20:00:00,New York,AZ
ORD0001601,SHP001366,E004928,picked_up,2025-05-22 17:00:00,Phoenix,FL
ORD0001386,SHP000123,E004957,label_created,2025-07-20 22:00:00,Seattle,FL
ORD0001844,SHP001443,E001024,out_for_delivery,2025-05-02 03:00:00,Los Angeles,WA
ORD0001562,SHP000429,E002653,in_transit,2025-05-26 01:00:00,Los Angeles,IL
ORD0000023,SHP001597,E001793,in_transit,2025-06-22 23:00:00,Phoenix,AZ
ORD0002156,SHP001738,E000438,in_transit,2025-03-05 21:00:00,Denver,IL
ORD0000172,SHP000173,E002639,in_transit,2025-06-05 19:00:00,Seattle,FL
ORD0000328,SHP000716,E003314,in_transit,2025-09-09 19:00:00,New York,IL
ORD0001148,SHP000773,E005515,in_transit,2025-01-28 06:00:00,Los Angeles,FL
ORD0002154,SHP000906,E004147,label_created,2025-06-17 10:00:00,Miami,TX
ORD0001502,SHP000358,E001498,delivered,2025-10-05 20:00:00,Los Angeles,CA
ORD0002131,SHP001063,E002582,in_transit,2025-11-30 12:00:00,Seattle,TX
ORD0000689,SHP000419,E004114,label_created,2025-03-11 00:00:00,Miami,CO
ORD0001877,SHP000893,E005185,label_created,2025-06-22 07:00:00,New York,WA
ORD0001812,SHP000393,E001920,delivered,2025-11-13 12:00:00,Denver,FL
ORD0001177,SHP001044,E003546,label_created,2025-09-20 13:00:00,Los Angeles,CO
ORD0000134,SHP001564,E002610,in_transit,2025-03-03 08:00:00,Dallas,AZ
ORD0001008,SHP000433,E001963,label_created,2025-01-29 02:00:00,Miami,NY
ORD0000654,SHP000607,E005193,in_transit,2025-10-04 17:00:00,Seattle,WA
ORD0000115,SHP000656,E003997,out_for_delivery,2025-09-02 22:00:00,Seattle,WA
ORD0002068,SHP000681,E003014,in_transit,2025-06-03 02:00:00,Phoenix,AZ
ORD0000411,SHP000944,E002879,picked_up,2025-11-07 23:00:00,Los Angeles,NY
ORD0002157,SHP001742,E002313,delivered,2025-06-05 08:00:00,Dallas,FL
ORD0002133,SHP001175,E002742,in_transit,2025-01-02 02:00:00,New York,CA
ORD0001645,SHP000240,E000704,picked_up,2025-05-22 13:00:00,New York,TX
ORD0000633,SHP001242,E003823,in_transit,2025-12-16 00:00:00,Miami,IL
ORD0001786,SHP000235,E003518,out_for_delivery,2025-01-14 02:00:00,Los Angeles,FL
ORD0000530,SHP000313,E002334,in_transit,2025-05-30 18:00:00,Denver,FL
ORD0000386,SHP001095,E003532,in_transit,2025-08-30 03:00:00,Miami,IL
ORD0000510,SHP000401,E003438,out_for_delivery,2025-03-23 21:00:00,Dallas,CA
ORD0002055,SHP000697,E000524,in_transit,2025-08-12 05:00:00,New York,AZ
ORD0000419,SHP000667,E002753,exception,2025-09-02 01:00:00,Chicago,NY
ORD0001320,SHP001369,E000925,label_created,2025-01-26 21:00:00,Dallas,AZ
ORD0001967,SHP001267,E004520,in_transit,2025-04-29 21:00:00,Seattle,IL
ORD0000075,SHP000234,E000853,label_created,2025-06-25 13:00:00,Dallas,AZ
ORD0000191,SHP001385,E005236,out_for_delivery,2025-10-28 14:00:00,Los Angeles,TX
ORD0000559,SHP000584,E004604,in_transit,2025-02-23 14:00:00,Seattle,NY
ORD0000965,SHP000176,E002174,picked_up,2025-04-16 20:00:00,Los Angeles,TX
ORD0000114,SHP000478,E001101,in_transit,2025-07-23 09:00:00,Chicago,AZ
ORD0000566,SHP001183,E000686,picked_up,2025-05-01 20:00:00,Denver,FL
ORD0001647,SHP000941,E001005,picked_up,2025-01-16 17:00:00,New York,AZ
ORD0000580,SHP000895,E001174,delivered,2025-09-06 11:00:00,New York,FL
ORD0000597,SHP000065,E003443,out_for_delivery,2025-10-21 18:00:00,Phoenix,FL
ORD0001413,SHP000959,E004372,delivered,2025-09-16 13:00:00,Chicago,CO
ORD0001899,SHP000869,E003953,in_transit,2025-05-29 11:00:00,Miami,CO
ORD0000799,SHP001367,E005622,out_for_delivery,2025-02-03 01:00:00,Los Angeles,FL
ORD0000079,SHP000458,E003357,out_for_delivery,2025-03-02 04:00:00,Los Angeles,CA
ORD0002187,SHP001405,E004417,in_transit,2025-05-24 03:00:00,Dallas,NY
ORD0000908,SHP001248,E001241,in_transit,2025-10-24 19:00:00,Los Angeles,IL
ORD0000278,SHP001659,E005077,out_for_delivery,2025-01-28 07:00:00,Dallas,AZ
ORD0000319,SHP000165,E003975,picked_up,2025-02-14 15:00:00,Denver,TX
ORD0001636,SHP000396,E002314,label_created,2025-09-21 00:00:00,Miami,AZ
ORD0000430,SHP001480,E001930,picked_up,2025-03-02 17:00:00,New York,CO
ORD0000378,SHP001087,E004734,in_transit,2025-08-11 10:00:00,Miami,CA
ORD0001712,SHP001778,E005453,out_for_delivery,2025-11-30 10:00:00,Seattle,NY
ORD0002025,SHP001762,E005205,in_transit,2025-11-07 18:00:00,Dallas,AZ
ORD0001258,SHP000320,E005564,in_transit,2025-08-03 05:00:00,Miami,WA
ORD0001828,SHP001567,E000171,picked_up,2025-11-28 19:00:00,New York,CO
ORD0000566,SHP000666,E004968,out_for_delivery,2025-12-13 21:00:00,Dallas,CA
ORD0001026,SHP001611,E001281,in_transit,2025-12-26 11:00:00,Denver,TX
ORD0000209,SHP000048,E000936,in_transit,2025-11-13 17:00:00,Los Angeles,AZ
ORD0000730,SHP000106,E000160,delivered,2025-06-12 08:00:00,Miami,IL
ORD0000439,SHP001430,E002681,picked_up,2025-11-18 13:00:00,Dallas,CO
ORD0001068,SHP000909,E000917,in_transit,2025-09-11 04:00:00,Miami,AZ
ORD0001387,SHP001766,E002069,in_transit,2025-12-12 01:00:00,Chicago,TX
ORD0000029,SHP000296,E003519,delivered,2025-10-07 07:00:00,Chicago,TX
ORD0001434,SHP000109,E000222,in_transit,2025-04-12 23:00:00,Miami,NY
ORD0001591,SHP000885,E004164,label_created,2025-12-04 04:00:00,Los Angeles,AZ
ORD0001661,SHP001772,E004450,in_transit,2025-12-16 05:00:00,Seattle,WA
ORD0001822,SHP000151,E003681,label_created,2025-10-03 09:00:00,Chicago,NY
ORD0001412,SHP000457,E001445,out_for_delivery,2025-07-26 02:00:00,New York,FL
ORD0000027,SHP000996,E003207,delivered,2025-06-13 16:00:00,New York,CA
ORD0001789,SHP001051,E004701,label_created,2025-10-16 16:00:00,Seattle,AZ
ORD0001383,SHP000748,E005492,exception,2025-08-01 05:00:00,Chicago,AZ
ORD0001127,SHP001763,E001921,out_for_delivery,2025-05-17 19:00:00,Chicago,FL
ORD0001383,SHP001219,E005249,out_for_delivery,2025-11-13 15:00:00,Miami,TX
ORD0000373,SHP001493,E003567,picked_up,2025-09-21 09:00:00,Phoenix,FL
ORD0001228,SHP000297,E001494,picked_up,2025-10-01 16:00:00,New York,TX
ORD0000367,SHP001163,E003471,in_transit,2025-04-16 12:00:00,Los Angeles,CA
ORD0001568,SHP000038,E000486,picked_up,2025-07-14 10:00:00,New York,CO
ORD0000589,SHP001782,E005508,out_for_delivery,2025-02-27 08:00:00,New York,CO
ORD0000800,SHP000364,E002569,label_created,2025-08-24 04:00:00,Seattle,IL
ORD0000957,SHP001138,E001948,picked_up,2025-04-29 14:00:00,Seattle,WA
ORD0001117,SHP000279,E004074,out_for_delivery,2025-07-02 18:00:00,Phoenix,AZ
ORD0001635,SHP001379,E003825,label_created,2025-01-31 01:00:00,Phoenix,IL
ORD0001326,SHP000920,E001354,in_transit,2025-04-03 04:00:00,Phoenix,IL
ORD0001539,SHP000387,E001208,delivered,2025-06-20 19:00:00,Phoenix,CA
ORD0001898,SHP000405,E004871,in_transit,2025-03-06 02:00:00,Los Angeles,AZ
ORD0000541,SHP000927,E000852,out_for_delivery,2025-04-23 05:00:00,Seattle,AZ
ORD0000457,SHP001582,E002706,picked_up,2025-05-08 00:00:00,Miami,FL
ORD0000723,SHP000842,E005185,in_transit,2025-05-26 18:00:00,Chicago,NY
ORD0001387,SHP000319,E001219,exception,2025-05-27 23:00:00,Phoenix,WA
ORD0000178,SHP001791,E001065,in_transit,2025-05-23 05:00:00,Phoenix,AZ
ORD0000803,SHP001596,E000836,in_transit,2025-01-04 07:00:00,Los Angeles,TX
ORD0001646,SHP000600,E002982,delivered,2025-12-24 01:00:00,New York,FL
ORD0001861,SHP000779,E002074,picked_up,2025-05-06 07:00:00,Denver,CA
ORD0000828,SHP001079,E001443,picked_up,2025-09-23 08:00:00,Dallas,IL
ORD0000332,SHP000925,E005618,delivered,2025-09-01 17:00:00,Miami,IL
ORD0001266,SHP001639,E004386,picked_up,2025-01-27 17:00:00,Seattle,NY
ORD0001099,SHP000874,E003864,label_created,2025-08-09 16:00:00,Chicago,NY
ORD0001518,SHP001188,E003041,out_for_delivery,2025-12-01 16:00:00,Los Angeles,WA
ORD0001704,SHP000868,E003032,in_transit,2025-05-18 17:00:00,Los Angeles,NY
ORD0002073,SHP000809,E000653,in_transit,2025-12-16 13:00:00,New York,NY
ORD0000261,SHP000424,E003211,delivered,2025-08-22 16:00:00,Miami,CO
ORD0000156,SHP000415,E005133,delivered,2025-11-14 12:00:00,Seattle,CO
ORD0001821,SHP001678,E004254,picked_up,2025-11-10 03:00:00,Dallas,CO
ORD0001177,SHP000766,E005587,out_for_delivery,2025-09-20 04:00:00,Phoenix,TX
ORD0001950,SHP000964,E002304,picked_up,2025-01-07 15:00:00,Denver,NY
ORD0000589,SHP001782,E002683,out_for_delivery,2025-01-01 03:00:00,Denver,WA
ORD0000606,SHP001525,E000425,exception,2025-08-29 01:00:00,Phoenix,FL
ORD0000276,SHP000660,E004541,in_transit,2025-04-15 08:00:00,Chicago,TX
ORD0000498,SHP001132,E000723,label_created,2025-12-03 06:00:00,New York,NY
ORD0002153,SHP001352,E002409,delivered,2025-12-22 01:00:00,Miami,IL
ORD0001672,SHP001599,E000958,delivered,2025-01-15 16:00:00,Seattle,AZ
ORD0002023,SHP001358,E003782,out_for_delivery,2025-11-29 16:00:00,Chicago,IL
ORD0001865,SHP000205,E004224,out_for_delivery,2025-03-03 05:00:00,Seattle,NY
ORD0000356,SHP001494,E002490,label_created,2025-05-22 12:00:00,New York,AZ
ORD0002161,SHP001565,E003078,picked_up,2025-02-21 18:00:00,Denver,NY
ORD0000365,SHP001162,E002305,out_for_delivery,2025-03-29 20:00:00,Dallas,IL
ORD0000851,SHP001765,E000041,in_transit,2025-04-04 06:00:00,Denver,WA
ORD0001968,SHP000489,E001745,in_transit,2025-07-22 14:00:00,Los Angeles,WA
ORD0000735,SHP001126,E004356,picked_up,2025-07-18 07:00:00,Los Angeles,CO
ORD0001441,SHP001243,E000093,out_for_delivery,2025-05-15 13:00:00,Seattle,CA
ORD0001227,SHP000984,E005276,label_created,2025-09-02 12:00:00,Chicago,FL
ORD0000275,SHP000508,E002326,picked_up,2025-05-29 20:00:00,Los Angeles,WA
ORD0001942,SHP000970,E000924,picked_up,2025-05-16 12:00:00,Chicago,AZ
ORD0001417,SHP000351,E000321,delivered,2025-06-07 05:00:00,Dallas,IL
ORD0002009,SHP001138,E004431,label_created,2025-03-11 17:00:00,Miami,WA
ORD0000935,SHP001222,E000113,picked_up,2025-04-17 04:00:00,Seattle,AZ
ORD0002145,SHP000739,E002066,in_transit,2025-02-16 04:00:00,New York,FL
ORD0000190,SHP001442,E001446,in_transit,2025-12-14 09:00:00,Los Angeles,NY
ORD0000635,SHP000189,E000695,delivered,2025-03-31 21:00:00,Los Angeles,AZ
ORD0000025,SHP001254,E002261,in_transit,2025-03-21 12:00:00,Dallas,CO
ORD0001361,SHP000180,E003276,picked_up,2025-12-09 02:00:00,Seattle,NY
ORD0001457,SHP001231,E002660,in_transit,2025-04-19 03:00:00,Dallas,CO
ORD0000486,SHP000220,E000957,picked_up,2025-05-02 16:00:00,Miami,CO
ORD0002095,SHP001717,E004695,out_for_delivery,2025-06-28 08:00:00,Los Angeles,AZ
ORD0000018,SHP001587,E001894,out_for_delivery,2025-10-30 15:00:00,Seattle,CA
ORD0000904,SHP001778,E002077,delivered,2025-05-13 10:00:00,Miami,CO
ORD0001449,SHP001253,E003682,in_transit,2025-05-22 21:00:00,Phoenix,NY
ORD0001008,SHP000644,E001631,in_transit,2025-08-18 23:00:00,Chicago,TX
ORD0000290,SHP000425,E001845,out_for_delivery,2025-12-26 13:00:00,New York,TX
ORD0001049,SHP000918,E002807,picked_up,2025-05-26 03:00:00,Phoenix,NY
ORD0001843,SHP001174,E004076,picked_up,2025-04-28 16:00:00,Seattle,WA
ORD0000432,SHP001124,E001374,out_for_delivery,2025-01-30 18:00:00,Phoenix,CA
ORD0000998,SHP001700,E004202,delivered,2025-07-19 11:00:00,New York,TX
ORD0000468,SHP000381,E000796,picked_up,2025-10-13 00:00:00,New York,IL
ORD0001977,SHP000641,E003061,picked_up,2025-05-30 20:00:00,Denver,IL
ORD0001054,SHP001217,E005369,out_for_delivery,2025-10-07 09:00:00,Los Angeles,WA
ORD0000951,SHP000865,E001213,picked_up,2025-01-04 12:00:00,Chicago,NY
ORD0001818,SHP001500,E000396,in_transit,2025-10-24 06:00:00,Chicago,AZ
ORD0000473,SHP001624,E005081,in_transit,2025-12-13 23:00:00,Denver,AZ
ORD0000023,SHP000937,E004171,in_transit,2025-01-07 11:00:00,Chicago,CA
ORD0001115,SHP001492,E003578,exception,2025-01-08 01:00:00,Chicago,FL
ORD0000661,SHP000154,E000056,in_transit,2025-12-07 00:00:00,Los Angeles,CO
ORD0000903,SHP000555,E002531,in_transit,2025-01-09 05:00:00,Seattle,WA
ORD0000355,SHP000443,E001800,in_transit,2025-10-17 19:00:00,Denver,CO
ORD0000690,SHP000300,E003206,picked_up,2025-08-27 08:00:00,New York,WA
ORD0002190,SHP000001,E002933,in_transit,2025-10-21 21:00:00,Los Angeles,WA
ORD0001156,SHP000380,E003903,picked_up,2025-01-13 11:00:00,New York,IL
ORD0001288,SHP000397,E004141,delivered,2025-01-04 19:00:00,Seattle,TX
ORD0002117,SHP001124,E004104,picked_up,2025-12-10 17:00:00,Miami,WA
ORD0000895,SHP001299,E005539,in_transit,2025-04-29 16:00:00,Miami,CA
ORD0000963,SHP000049,E004274,in_transit,2025-05-04 01:00:00,Miami,CA
ORD0001730,SHP000527,E001763,in_transit,2025-01-16 01:00:00,Dallas,AZ
ORD0001909,SHP001115,E005068,picked_up,2025-04-27 02:00:00,New York,TX
ORD0001111,SHP000846,E002192,out_for_delivery,2025-01-31 13:00:00,Denver,IL
ORD0001598,SHP000198,E004587,out_for_delivery,2025-04-12 07:00:00,Seattle,CO
ORD0000861,SHP000626,E004334,in_transit,2025-01-18 09:00:00,Phoenix,TX
ORD0001783,SHP001720,E005328,label_created,2025-03-24 21:00:00,New York,WA
ORD0000633,SHP000804,E000604,delivered,2025-02-08 11:00:00,Seattle,WA
ORD0002089,SHP001702,E000337,in_transit,2025-04-28 01:00:00,Chicago,IL
ORD0000577,SHP000656,E003887,out_for_delivery,2025-06-13 00:00:00,Miami,FL
ORD0001977,SHP001779,E004169,in_transit,2025-06-08 10:00:00,Miami,AZ
ORD0000285,SHP000556,E000826,label_created,2025-10-31 21:00:00,New York,AZ
ORD0000463,SHP001534,E003802,delivered,2025-04-30 11:00:00,Denver,IL
ORD0001062,SHP000361,E004996,out_for_delivery,2025-06-12 11:00:00,Phoenix,TX
ORD0001914,SHP000809,E000002,picked_up,2025-09-28 23:00:00,New York,WA
ORD0002182,SHP000527,E001244,label_created,2025-07-03 04:00:00,Dallas,CA
ORD0000760,SHP000792,E004615,in_transit,2025-08-17 23:00:00,Phoenix,IL
ORD0001033,SHP000415,E000643,in_transit,2025-08-03 00:00:00,New York,CO
ORD0001194,SHP001384,E004803,picked_up,2025-11-29 11:00:00,New York,FL
ORD0000838,SHP001354,E002620,out_for_delivery,2025-05-19 01:00:00,Los Angeles,CO
ORD0000931,SHP001496,E000273,in_transit,2025-02-03 22:00:00,New York,IL
ORD0000900,SHP001383,E005163,in_transit,2025-02-07 03:00:00,Chicago,CA
ORD0000959,SHP000098,E000366,out_for_delivery,2025-11-24 03:00:00,Phoenix,NY
ORD0000869,SHP000148,E002180,out_for_delivery,2025-04-25 06:00:00,New York,WA
ORD0001876,SHP001496,E004006,in_transit,2025-09-29 15:00:00,Seattle,TX
ORD0002049,SHP001304,E003396,label_created,2025-11-16 13:00:00,New York,NY
ORD0001381,SHP000240,E004148,out_for_delivery,2025-07-03 21:00:00,Los Angeles,CA
ORD0001066,SHP000373,E001006,picked_up,2025-07-15 03:00:00,Denver,FL
ORD0000944,SHP000908,E001351,delivered,2025-03-20 02:00:00,Denver,CO
ORD0000512,SHP001267,E003390,label_created,2025-03-22 02:00:00,Miami,NY
ORD0000325,SHP000337,E000592,out_for_delivery,2025-10-15 14:00:00,Phoenix,CO
ORD0000564,SHP001343,E001298,in_transit,2025-09-16 01:00:00,Dallas,CO
ORD0000530,SHP000313,E001516,picked_up,2025-05-08 09:00:00,Denver,CA
ORD0000362,SHP001395,E002347,in_transit,2025-07-05 07:00:00,Seattle,CO
ORD0001398,SHP001566,E003087,delivered,2025-09-20 21:00:00,Phoenix,FL
ORD0001337,SHP001561,E001434,out_for_delivery,2025-02-10 04:00:00,Seattle,TX
ORD0001284,SHP001646,E002643,delivered,2025-07-05 12:00:00,Phoenix,NY
ORD0001364,SHP001310,E002010,in_transit,2025-04-16 20:00:00,Chicago,AZ
ORD0001693,SHP000073,E002611,picked_up,2025-11-13 10:00:00,Phoenix,AZ
ORD0002078,SHP000310,E000229,in_transit,2025-08-07 11:00:00,New York,CA
ORD0001395,SHP001310,E003923,in_transit,2025-09-30 17:00:00,Miami,IL
ORD0002105,SHP000103,E004881,picked_up,2025-04-11 10:00:00,New York,NY
ORD0001321,SHP001581,E001013,out_for_delivery,2025-12-31 22:00:00,Chicago,CO
ORD0001889,SHP000413,E004591,picked_up,2025-08-12 19:00:00,New York,FL
ORD0000525,SHP000511,E001526,in_transit,2025-06-25 20:00:00,New York,CO
ORD0001288,SHP001000,E000677,out_for_delivery,2025-01-19 15:00:00,Chicago,CA
ORD0001545,SHP000691,E003080,label_created,2025-01-16 21:00:00,Denver,WA
ORD0001846,SHP001677,E000123,picked_up,2025-04-29 14:00:00,Phoenix,NY
ORD0001494,SHP000004,E003064,label_created,2025-11-19 14:00:00,Miami,AZ
ORD0000356,SHP001494,E003646,in_transit,2025-12-11 19:00:00,Chicago,IL
ORD0001013,SHP001036,E003698,picked_up,2025-12-18 14:00:00,Dallas,CO
ORD0000822,SHP001503,E003741,delivered,2025-06-14 23:00:00,Phoenix,IL
ORD0000723,SHP001242,E000390,in_transit,2025-02-07 07:00:00,Los Angeles,TX
ORD0001645,SHP000814,E000407,exception,2025-09-20 03:00:00,Los Angeles,FL
ORD0000825,SHP000745,E003696,in_transit,2025-03-04 01:00:00,Miami,IL
ORD0002009,SHP000805,E002764,label_created,2025-05-28 06:00:00,Denver,NY
ORD0000113,SHP001272,E002364,out_for_delivery,2025-09-05 02:00:00,Chicago,WA
ORD0001058,SHP000387,E003266,in_transit,2025-10-27 11:00:00,Dallas,NY
ORD0001085,SHP001140,E001763,out_for_delivery,2025-10-26 20:00:00,Denver,NY
ORD0000793,SHP000533,E001986,exception,2025-11-25 11:00:00,Miami,CO
ORD0000919,SHP000946,E002819,picked_up,2025-12-25 00:00:00,Denver,AZ
ORD0000022,SHP000245,E004053,in_transit,2025-01-03 04:00:00,New York,TX
ORD0000807,SHP000727,E002908,picked_up,2025-03-30 04:00:00,Chicago,AZ
ORD0002132,SHP000925,E002279,in_transit,2025-04-24 18:00:00,Denver,CO
ORD0000587,SHP000032,E005055,in_transit,2025-10-21 00:00:00,New York,CO
ORD0000470,SHP000814,E003007,in_transit,2025-05-14 21:00:00,Seattle,NY
ORD0000975,SHP000710,E004730,delivered,2025-08-15 21:00:00,Miami,WA
ORD0000446,SHP000613,E000209,picked_up,2025-03-01 17:00:00,Miami,WA
ORD0001733,SHP001645,E003153,in_transit,2025-09-28 01:00:00,New York,WA
ORD0001674,SHP000686,E001732,label_created,2025-03-10 19:00:00,Denver,CA
ORD0001750,SHP001644,E002025,label_created,2025-10-18 00:00:00,Seattle,CO
ORD0000809,SHP000837,E001731,in_transit,2025-10-15 17:00:00,Phoenix,TX
ORD0000546,SHP000134,E001247,out_for_delivery,2025-11-28 08:00:00,Chicago,AZ
ORD0001437,SHP000060,E000477,delivered,2025-02-09 08:00:00,Chicago,CA
ORD0001076,SHP000990,E000390,in_transit,2025-03-18 23:00:00,Chicago,NY
ORD0001516,SHP001054,E005630,delivered,2025-06-05 12:00:00,Seattle,NY
ORD0001427,SHP001060,E004821,picked_up,2025-01-29 16:00:00,Miami,CA
ORD0002082,SHP000629,E000890,delivered,2025-12-03 12:00:00,Chicago,CA
ORD0000774,SHP000310,E001690,in_transit,2025-06-26 17:00:00,Miami,CA
ORD0000440,SHP001452,E001255,picked_up,2025-01-12 15:00:00,Seattle,CA
ORD0001612,SHP000766,E003641,picked_up,2025-10-15 23:00:00,Phoenix,TX
ORD0001358,SHP001017,E002667,in_transit,2025-02-18 20:00:00,Denver,FL
ORD0002041,SHP000085,E001296,delivered,2025-08-18 16:00:00,Dallas,CO
ORD0000731,SHP000807,E002828,in_transit,2025-07-01 12:00:00,Seattle,FL
ORD0001094,SHP000051,E005674,in_transit,2025-05-02 05:00:00,Chicago,CA
ORD0000668,SHP001219,E001014,in_transit,2025-05-10 20:00:00,Los Angeles,CO
ORD0001091,SHP000919,E001593,in_transit,2025-03-17 21:00:00,Seattle,CO
ORD0001960,SHP000743,E004217,in_transit,2025-02-06 11:00:00,Dallas,AZ
ORD0002189,SHP001593,E000449,in_transit,2025-05-27 11:00:00,Denver,TX
ORD0001617,SHP000981,E002395,picked_up,2025-07-06 06:00:00,Miami,FL
ORD0001892,SHP001567,E000702,picked_up,2025-08-21 21:00:00,Chicago,CA
ORD0000121,SHP000938,E004302,delivered,2025-07-17 13:00:00,Denver,WA
ORD0000153,SHP000794,E001043,in_transit,2025-07-05 07:00:00,Seattle,WA
ORD0001483,SHP000828,E002104,delivered,2025-01-12 23:00:00,Los Angeles,IL
ORD0001556,SHP000654,E004795,label_created,2025-05-27 22:00:00,Phoenix,FL
ORD0000422,SHP001646,E000837,delivered,2025-11-14 06:00:00,Chicago,WA
ORD0001297,SHP000710,E004215,label_created,2025-02-13 19:00:00,Seattle,CO
ORD0000198,SHP000456,E003481,in_transit,2025-02-03 09:00:00,Phoenix,IL
ORD0000580,SHP001080,E001443,in_transit,2025-01-19 05:00:00,Seattle,FL
ORD0000169,SHP001022,E000583,picked_up,2025-02-15 20:00:00,New York,WA
ORD0001926,SHP001438,E003334,in_transit,2025-04-14 12:00:00,Phoenix,FL
ORD0001068,SHP000909,E005038,out_for_delivery,2025-09-13 11:00:00,Dallas,CA
ORD0000357,SHP000536,E004705,exception,2025-12-20 03:00:00,Dallas,WA
ORD0001476,SHP001098,E004606,label_created,2025-09-21 05:00:00,Phoenix,FL
ORD0000782,SHP001514,E003506,in_transit,2025-12-22 05:00:00,Phoenix,AZ
ORD0001061,SHP001485,E004341,label_created,2025-03-22 02:00:00,Los Angeles,IL
ORD0001357,SHP000048,E003422,delivered,2025-06-06 23:00:00,Seattle,CA
ORD0000402,SHP000701,E002971,delivered,2025-12-24 18:00:00,Denver,WA
ORD0000024,SHP000785,E004804,in_transit,2025-07-14 09:00:00,Denver,FL
ORD0000655,SHP000253,E003002,in_transit,2025-09-20 03:00:00,New York,CO
ORD0002181,SHP000907,E000098,in_transit,2025-06-28 10:00:00,Seattle,CA
ORD0000244,SHP001698,E002996,delivered,2025-07-06 02:00:00,Dallas,CO
ORD0001145,SHP001306,E002298,in_transit,2025-10-05 17:00:00,Miami,FL
ORD0000756,SHP001608,E000506,in_transit,2025-07-10 22:00:00,Los Angeles,FL
ORD0000044,SHP001794,E004130,picked_up,2025-11-11 02:00:00,Chicago,WA
ORD0001802,SHP000677,E003799,in_transit,2025-04-14 05:00:00,Seattle,CO
ORD0002034,SHP000267,E002666,delivered,2025-08-21 06:00:00,Chicago,IL
ORD0000134,SHP001564,E004492,delivered,2025-11-25 08:00:00,Seattle,CO
ORD0001578,SHP001629,E004912,delivered,2025-12-29 11:00:00,Los Angeles,CA
ORD0002053,SHP001526,E003901,delivered,2025-10-17 03:00:00,Los Angeles,CA
ORD0001543,SHP001380,E005434,picked_up,2025-12-10 08:00:00,Phoenix,AZ
ORD0000370,SHP000917,E005409,delivered,2025-01-02 05:00:00,Dallas,FL
ORD0001503,SHP001513,E001231,delivered,2025-09-11 05:00:00,Phoenix,WA
ORD0001394,SHP000321,E000339,delivered,2025-07-12 21:00:00,Phoenix,AZ
ORD0001908,SHP000730,E004347,out_for_delivery,2025-05-16 03:00:00,Phoenix,CA
ORD0002016,SHP000339,E005268,in_transit,2025-07-19 17:00:00,Miami,CO
ORD0000816,SHP000357,E005045,delivered,2025-11-27 23:00:00,Seattle,CO
ORD0000425,SHP001218,E003062,in_transit,2025-04-22 11:00:00,Chicago,TX
ORD0000956,SHP000491,E003011,out_for_delivery,2025-04-03 04:00:00,Miami,CA
ORD0001124,SHP000562,E004228,label_created,2025-05-23 08:00:00,Phoenix,FL
ORD0001364,SHP000089,E002674,picked_up,2025-05-02 15:00:00,Seattle,CA
ORD0001114,SHP000215,E002051,in_transit,2025-04-02 03:00:00,Dallas,CA
ORD0001438,SHP001774,E003622,label_created,2025-07-08 07:00:00,Miami,WA
ORD0001654,SHP000474,E005191,in_transit,2025-04-22 12:00:00,Dallas,FL
ORD0001126,SHP000113,E003986,picked_up,2025-04-17 19:00:00,Phoenix,CA
ORD0000951,SHP001291,E001106,label_created,2025-02-15 20:00:00,Seattle,AZ
ORD0000363,SHP000422,E003559,in_transit,2025-06-03 02:00:00,Chicago,AZ
ORD0000779,SHP000723,E003977,in_transit,2025-12-19 07:00:00,Chicago,WA
ORD0000764,SHP000638,E003680,out_for_delivery,2025-04-27 04:00:00,Chicago,CO
ORD0000867,SHP000608,E001610,delivered,2025-04-04 18:00:00,Seattle,TX
ORD0000279,SHP001030,E004501,out_for_delivery,2025-09-20 03:00:00,Denver,WA
ORD0001784,SHP000723,E002645,out_for_delivery,2025-10-07 13:00:00,Denver,CA
ORD0001177,SHP000018,E003541,out_for_delivery,2025-03-19 22:00:00,Miami,TX
ORD0000065,SHP000236,E001029,in_transit,2025-10-06 04:00:00,Phoenix,TX
ORD0001031,SHP001032,E003830,in_transit,2025-04-01 04:00:00,Chicago,FL
ORD0000138,SHP000739,E003758,out_for_delivery,2025-01-09 23:00:00,Phoenix,IL
ORD0000248,SHP001623,E002492,picked_up,2025-12-20 22:00:00,Seattle,IL
ORD0000497,SHP001008,E001089,in_transit,2025-06-12 07:00:00,Denver,FL
ORD0000880,SHP001083,E004960,picked_up,2025-09-28 09:00:00,Dallas,WA
ORD0000347,SHP000768,E002293,in_transit,2025-10-21 03:00:00,Los Angeles,TX
ORD0000298,SHP001665,E004454,in_transit,2025-12-26 11:00:00,Chicago,FL
ORD0001177,SHP000018,E002198,in_transit,2025-06-20 10:00:00,New York,CO
ORD0001567,SHP000332,E003894,in_transit,2025-05-14 00:00:00,Miami,IL
ORD0000940,SHP001578,E000153,picked_up,2025-12-19 23:00:00,Seattle,FL
ORD0001325,SHP000224,E002866,picked_up,2025-08-17 19:00:00,Miami,TX
ORD0000263,SHP000478,E004802,in_transit,2025-01-11 05:00:00,Chicago,NY
ORD0001785,SHP000667,E000788,picked_up,2025-12-07 01:00:00,New York,CA
ORD0000924,SHP000497,E002095,picked_up,2025-09-12 05:00:00,Los Angeles,IL
ORD0000283,SHP000024,E002706,label_created,2025-11-10 22:00:00,Dallas,NY
ORD0001040,SHP001776,E003356,in_transit,2025-04-27 12:00:00,Phoenix,WA
ORD0001365,SHP000470,E000926,in_transit,2025-09-09 20:00:00,Denver,TX
ORD0001327,SHP000758,E004731,in_transit,2025-09-27 16:00:00,Phoenix,WA
ORD0000332,SHP000925,E005627,in_transit,2025-07-29 15:00:00,Phoenix,CO
ORD0002011,SHP001731,E003474,picked_up,2025-01-22 09:00:00,Chicago,TX
ORD0000447,SHP001474,E002773,in_transit,2025-01-07 15:00:00,Phoenix,CA
ORD0002195,SHP001520,E002442,out_for_delivery,2025-04-22 01:00:00,Phoenix,CO
ORD0000222,SHP001170,E004988,in_transit,2025-07-02 05:00:00,Chicago,TX
ORD0001836,SHP000761,E005136,in_transit,2025-12-06 14:00:00,Los Angeles,TX
ORD0002179,SHP001045,E004230,delivered,2025-05-08 11:00:00,Denver,WA
ORD0001068,SHP001636,E005406,label_created,2025-05-16 18:00:00,Seattle,CA
ORD0001799,SHP000449,E003362,exception,2025-04-22 06:00:00,Denver,AZ
ORD0000724,SHP001648,E003514,picked_up,2025-03-10 04:00:00,Phoenix,IL
ORD0001825,SHP000708,E003649,picked_up,2025-12-01 05:00:00,Denver,CO
ORD0001554,SHP001395,E003705,in_transit,2025-06-15 12:00:00,Denver,CA
ORD0000005,SHP000421,E000285,out_for_delivery,2025-01-01 16:00:00,Denver,TX
ORD0001216,SHP001376,E004495,in_transit,2025-10-14 09:00:00,Los Angeles,NY
ORD0000525,SHP000511,E001176,delivered,2025-06-02 06:00:00,Dallas,IL
ORD0001054,SHP001217,E002167,out_for_delivery,2025-05-07 01:00:00,Dallas,WA
ORD0001803,SHP001696,E004668,out_for_delivery,2025-08-14 17:00:00,Denver,CO
ORD0001429,SHP000810,E003084,delivered,2025-05-02 23:00:00,Dallas,IL
ORD0000222,SHP001652,E002308,out_for_delivery,2025-09-02 11:00:00,Miami,FL
ORD0000919,SHP000946,E004038,in_transit,2025-03-26 02:00:00,Denver,AZ
ORD0001162,SHP000141,E005541,in_transit,2025-11-19 17:00:00,Dallas,IL
ORD0001825,SHP001332,E002500,in_transit,2025-05-12 16:00:00,Miami,CO
ORD0000529,SHP000427,E003258,out_for_delivery,2025-05-11 18:00:00,Miami,IL
ORD0000931,SHP001496,E005495,out_for_delivery,2025-10-22 11:00:00,Chicago,NY
ORD0001232,SHP001578,E005498,delivered,2025-12-13 14:00:00,Seattle,NY
ORD0000826,SHP001699,E003284,picked_up,2025-06-29 21:00:00,Miami,WA
ORD0001115,SHP000520,E004708,in_transit,2025-11-05 21:00:00,Dallas,CO
ORD0000081,SHP000646,E003293,delivered,2025-10-27 08:00:00,Denver,WA
ORD0000039,SHP000716,E000656,in_transit,2025-10-20 05:00:00,Seattle,IL
ORD0000994,SHP000962,E001092,in_transit,2025-08-26 04:00:00,Miami,WA
ORD0001240,SHP000448,E004355,out_for_delivery,2025-06-08 13:00:00,New York,NY
ORD0000222,SHP000183,E002719,delivered,2025-09-25 12:00:00,Dallas,AZ
ORD0002132,SHP001006,E001023,picked_up,2025-01-18 21:00:00,Miami,TX
ORD0000193,SHP000019,E004702,in_transit,2025-07-13 17:00:00,Dallas,CA
ORD0000705,SHP000169,E004502,delivered,2025-12-26 04:00:00,Denver,TX
ORD0001249,SHP000594,E004751,label_created,2025-04-17 07:00:00,Miami,TX
ORD0000053,SHP001531,E003797,label_created,2025-05-06 03:00:00,Dallas,CO
ORD0002105,SHP000761,E002329,picked_up,2025-07-25 00:00:00,Dallas,NY
ORD0001711,SHP001438,E001648,picked_up,2025-02-04 05:00:00,Miami,IL
ORD0001016,SHP000568,E003578,picked_up,2025-12-31 10:00:00,Miami,TX
ORD0000833,SHP001357,E004027,out_for_delivery,2025-03-30 22:00:00,Chicago,WA
ORD0001893,SHP001718,E000719,out_for_delivery,2025-09-29 05:00:00,Seattle,WA
ORD0000003,SHP000701,E003523,picked_up,2025-10-12 23:00:00,New York,TX
ORD0002060,SHP001054,E000746,out_for_delivery,2025-08-19 05:00:00,Los Angeles,IL
ORD0001400,SHP000127,E000035,out_for_delivery,2025-09-25 13:00:00,Los Angeles,WA
ORD0002113,SHP001694,E001709,out_for_delivery,2025-03-13 07:00:00,Seattle,IL
ORD0001053,SHP001028,E001997,in_transit,2025-07-04 05:00:00,Seattle,IL
ORD0000018,SHP001587,E004421,in_transit,2025-01-20 10:00:00,Los Angeles,FL
ORD0001313,SHP001778,E002035,in_transit,2025-06-03 06:00:00,Denver,CA
ORD0000752,SHP000988,E001131,delivered,2025-01-05 17:00:00,Seattle,TX
ORD0000672,SHP000641,E000510,delivered,2025-07-02 22:00:00,Phoenix,CA
ORD0000948,SHP001538,E002017,delivered,2025-05-08 15:00:00,Phoenix,TX
ORD0000270,SHP001161,E005637,exception,2025-10-25 10:00:00,Chicago,CA
ORD0000846,SHP000449,E001112,exception,2025-04-07 12:00:00,Miami,TX
ORD0000240,SHP001062,E002170,label_created,2025-12-28 13:00:00,Los Angeles,CA
ORD0002130,SHP001074,E001005,in_transit,2025-04-09 18:00:00,Miami,NY
ORD0000357,SHP000536,E004384,picked_up,2025-12-07 20:00:00,Phoenix,WA
ORD0002057,SHP001728,E001588,label_created,2025-07-16 16:00:00,Miami,NY
ORD0000845,SHP001186,E003798,in_transit,2025-01-29 23:00:00,New York,CO
ORD0000741,SHP000038,E001003,in_transit,2025-11-15 21:00:00,Miami,NY
ORD0000965,SHP000859,E001979,in_transit,2025-01-29 19:00:00,Chicago,IL
ORD0000744,SHP000448,E002710,label_created,2025-11-20 03:00:00,Seattle,TX
ORD0001418,SHP000525,E000384,in_transit,2025-12-21 01:00:00,Chicago,IL
ORD0002032,SHP001762,E001849,out_for_delivery,2025-11-27 16:00:00,Los Angeles,NY
ORD0000595,SHP001207,E000987,delivered,2025-01-23 00:00:00,Chicago,FL
ORD0000349,SHP001759,E002716,delivered,2025-01-18 19:00:00,Denver,IL
ORD0001994,SHP000104,E002443,in_transit,2025-12-27 21:00:00,Chicago,AZ
ORD0000065,SHP000027,E003736,delivered,2025-08-06 15:00:00,Chicago,IL
ORD0001458,SHP000047,E005354,out_for_delivery,2025-08-15 06:00:00,Miami,AZ
ORD0001629,SHP000007,E003587,delivered,2025-02-20 03:00:00,New York,CO
ORD0000991,SHP001329,E000769,in_transit,2025-03-05 22:00:00,Phoenix,IL
ORD0000765,SHP001743,E005553,label_created,2025-09-27 19:00:00,Dallas,AZ
ORD0000938,SHP001752,E005015,in_transit,2025-10-25 15:00:00,Chicago,AZ
ORD0001786,SHP000235,E001402,out_for_delivery,2025-04-04 11:00:00,Dallas,WA
ORD0000650,SHP001782,E003058,out_for_delivery,2025-03-18 02:00:00,Miami,TX
ORD0000220,SHP000427,E005543,delivered,2025-02-07 03:00:00,Chicago,CO
ORD0000478,SHP000902,E003788,in_transit,2025-12-10 14:00:00,Chicago,CA
ORD0000373,SHP000575,E005388,delivered,2025-05-18 23:00:00,Denver,TX
ORD0001960,SHP000314,E002375,in_transit,2025-10-18 19:00:00,Dallas,CO
ORD0001012,SHP000115,E005500,in_transit,2025-03-20 14:00:00,New York,TX
ORD0001129,SHP001069,E002057,label_created,2025-09-29 13:00:00,Miami,WA
ORD0000881,SHP000999,E005165,in_transit,2025-09-09 02:00:00,Chicago,FL
ORD0000919,SHP001190,E003102,out_for_delivery,2025-03-26 15:00:00,Los Angeles,TX
ORD0000315,SHP000417,E002158,out_for_delivery,2025-09-07 00:00:00,Phoenix,CO
ORD0000205,SHP001538,E005646,label_created,2025-08-07 07:00:00,Miami,WA
ORD0001925,SHP001778,E001499,in_transit,2025-08-28 04:00:00,Los Angeles,WA
ORD0001719,SHP000825,E001679,in_transit,2025-03-10 15:00:00,Chicago,NY
ORD0000373,SHP001731,E005042,picked_up,2025-04-28 00:00:00,Phoenix,IL
ORD0000281,SHP001313,E004619,in_transit,2025-03-06 22:00:00,Phoenix,IL
ORD0001897,SHP000395,E003919,picked_up,2025-04-21 21:00:00,Denver,CA
ORD0000381,SHP001622,E004332,out_for_delivery,2025-11-25 07:00:00,Los Angeles,TX
ORD0000635,SHP001521,E003316,label_created,2025-11-24 01:00:00,Seattle,NY
ORD0001163,SHP000867,E003338,in_transit,2025-06-18 12:00:00,Denver,TX
ORD0001795,SHP001142,E003739,picked_up,2025-11-14 03:00:00,Dallas,TX
ORD0000565,SHP000904,E003307,picked_up,2025-08-18 12:00:00,Chicago,CO
ORD0000403,SHP001249,E004120,out_for_delivery,2025-11-13 21:00:00,Phoenix,TX
ORD0001900,SHP000734,E001515,in_transit,2025-11-01 03:00:00,Seattle,WA
ORD0001850,SHP000962,E005657,label_created,2025-04-16 16:00:00,New York,AZ
ORD0000249,SHP001361,E000118,in_transit,2025-06-06 19:00:00,Seattle,IL
ORD0000013,SHP001227,E001952,in_transit,2025-12-12 23:00:00,Denver,NY
ORD0001708,SHP001731,E000702,in_transit,2025-09-07 07:00:00,Los Angeles,TX
ORD0001330,SHP000217,E000612,out_for_delivery,2025-01-19 00:00:00,Los Angeles,TX
ORD0001348,SHP001668,E000219,delivered,2025-08-30 19:00:00,Chicago,IL
ORD0001789,SHP001212,E004164,in_transit,2025-05-19 23:00:00,Los Angeles,CA
ORD0001524,SHP000959,E000585,picked_up,2025-01-02 18:00:00,Denver,CO
ORD0001996,SHP001429,E001520,delivered,2025-12-22 07:00:00,Los Angeles,IL
ORD0001126,SHP000113,E001867,label_created,2025-08-14 00:00:00,Seattle,AZ
ORD0001506,SHP001526,E002079,out_for_delivery,2025-03-12 07:00:00,Seattle,WA
ORD0000686,SHP001683,E000316,picked_up,2025-01-29 03:00:00,Miami,CA
ORD0000261,SHP001445,E004384,picked_up,2025-04-21 03:00:00,Phoenix,FL
ORD0000663,SHP000855,E000181,out_for_delivery,2025-04-25 18:00:00,Seattle,AZ
ORD0002038,SHP001675,E001128,in_transit,2025-03-07 17:00:00,Chicago,IL
ORD0001098,SHP001650,E002833,picked_up,2025-03-14 17:00:00,Seattle,NY
ORD0002026,SHP001145,E003564,delivered,2025-09-16 00:00:00,Denver,CO
ORD0001013,SHP000551,E002776,in_transit,2025-05-13 15:00:00,Denver,IL
ORD0001020,SHP000919,E005606,in_transit,2025-06-05 06:00:00,Seattle,CA
ORD0000731,SHP001310,E002784,out_for_delivery,2025-11-19 22:00:00,Phoenix,AZ
ORD0000705,SHP001787,E005296,exception,2025-05-05 01:00:00,Phoenix,FL
ORD0000459,SHP001370,E000461,in_transit,2025-03-21 06:00:00,Miami,WA
ORD0001389,SHP000117,E003376,delivered,2025-01-18 15:00:00,Dallas,NY
ORD0000912,SHP000213,E004517,in_transit,2025-08-13 11:00:00,Seattle,CO
ORD0000218,SHP000365,E002006,picked_up,2025-11-27 22:00:00,Miami,FL
ORD0000841,SHP000011,E003627,delivered,2025-02-22 18:00:00,Dallas,NY
ORD0000043,SHP000869,E002280,in_transit,2025-01-23 15:00:00,Miami,CA
ORD0000179,SHP001704,E002465,picked_up,2025-10-20 16:00:00,Miami,IL
ORD0000337,SHP001283,E005250,delivered,2025-06-25 15:00:00,New York,WA
ORD0000844,SHP000402,E005680,out_for_delivery,2025-07-21 23:00:00,Chicago,AZ
ORD0001340,SHP001344,E000678,in_transit,2025-05-01 12:00:00,Los Angeles,CA
ORD0000257,SHP000514,E001270,out_for_delivery,2025-11-01 01:00:00,Dallas,FL
ORD0000991,SHP001691,E003691,label_created,2025-01-06 09:00:00,Seattle,IL
ORD0001441,SHP001243,E003126,picked_up,2025-12-17 17:00:00,Miami,CO
ORD0000328,SHP001120,E000774,in_transit,2025-11-16 03:00:00,Denver,AZ
ORD0000378,SHP001087,E003033,out_for_delivery,2025-10-08 18:00:00,New York,NY
ORD0000753,SHP001493,E003926,delivered,2025-02-20 08:00:00,Seattle,FL
ORD0000535,SHP000504,E000726,picked_up,2025-07-03 04:00:00,Seattle,CO
ORD0000418,SHP000536,E001215,out_for_delivery,2025-07-29 12:00:00,Denver,NY
ORD0000089,SHP000743,E000377,in_transit,2025-12-22 18:00:00,Chicago,CO
ORD0002005,SHP000081,E003661,in_transit,2025-07-30 03:00:00,Seattle,FL
ORD0002100,SHP001100,E003805,in_transit,2025-04-04 00:00:00,Miami,CA
ORD0001687,SHP000766,E000067,in_transit,2025-09-18 19:00:00,Phoenix,NY
ORD0001144,SHP001742,E005222,in_transit,2025-06-28 16:00:00,Seattle,FL
ORD0001991,SHP001110,E004878,label_created,2025-07-17 00:00:00,Chicago,WA
ORD0000986,SHP000512,E003927,delivered,2025-03-04 19:00:00,Seattle,WA
ORD0001142,SHP000624,E001278,in_transit,2025-06-20 16:00:00,Phoenix,NY
ORD0000610,SHP001617,E001863,picked_up,2025-10-27 22:00:00,Denver,CA
ORD0001974,SHP000108,E004655,in_transit,2025-08-12 08:00:00,New York,IL
ORD0001186,SHP001288,E005672,in_transit,2025-10-29 12:00:00,Denver,TX
ORD0000817,SHP000806,E003044,picked_up,2025-04-05 03:00:00,Seattle,IL
ORD0000625,SHP001755,E003643,in_transit,2025-12-16 06:00:00,Phoenix,TX
ORD0000886,SHP001732,E004790,out_for_delivery,2025-09-29 23:00:00,Dallas,CO
ORD0001661,SHP000606,E001657,picked_up,2025-10-03 05:00:00,Chicago,AZ
ORD0000654,SHP000140,E003755,in_transit,2025-02-14 13:00:00,Seattle,CA
ORD0001783,SHP001720,E001058,in_transit,2025-12-28 14:00:00,Los Angeles,IL
ORD0001264,SHP000717,E001151,out_for_delivery,2025-01-13 12:00:00,Denver,NY
ORD0002159,SHP000470,E005657,in_transit,2025-05-01 23:00:00,New York,FL
ORD0001812,SHP000372,E003078,in_transit,2025-11-21 01:00:00,Miami,AZ
ORD0000645,SHP000907,E000880,in_transit,2025-12-20 13:00:00,Dallas,IL
ORD0000056,SHP001635,E002797,out_for_delivery,2025-07-28 18:00:00,New York,FL
ORD0001009,SHP000303,E000122,in_transit,2025-03-02 09:00:00,Los Angeles,WA
ORD0002123,SHP001536,E002832,delivered,2025-07-08 15:00:00,Phoenix,CO
ORD0000967,SHP001346,E003737,delivered,2025-04-19 20:00:00,Los Angeles,NY
ORD0000540,SHP001275,E005324,in_transit,2025-03-26 08:00:00,Miami,FL
ORD0000323,SHP000018,E005394,picked_up,2025-07-12 10:00:00,Seattle,AZ
ORD0001936,SHP001108,E002781,delivered,2025-08-15 09:00:00,New York,CO
ORD0000527,SHP000279,E000443,delivered,2025-08-10 05:00:00,Miami,TX
ORD0000335,SHP000403,E004595,out_for_delivery,2025-06-18 04:00:00,Dallas,NY
ORD0000536,SHP000849,E003335,out_for_delivery,2025-08-30 12:00:00,New York,FL
ORD0000274,SHP001045,E003461,delivered,2025-04-07 09:00:00,New York,IL
ORD0000326,SHP000078,E005414,in_transit,2025-02-12 05:00:00,Denver,CA
ORD0002173,SHP000744,E000376,in_transit,2025-12-27 13:00:00,Dallas,TX
ORD0002045,SHP001293,E000280,in_transit,2025-10-24 19:00:00,Phoenix,TX
ORD0000868,SHP000585,E005492,delivered,2025-12-28 22:00:00,Phoenix,CO
ORD0001731,SHP000642,E002266,in_transit,2025-02-23 06:00:00,Dallas,FL
ORD0000808,SHP000736,E003533,out_for_delivery,2025-11-23 09:00:00,Seattle,AZ
ORD0000911,SHP000919,E002739,in_transit,2025-05-17 17:00:00,New York,FL
ORD0001297,SHP001347,E000138,out_for_delivery,2025-03-01 21:00:00,Los Angeles,CA
ORD0001608,SHP000031,E003277,delivered,2025-12-21 23:00:00,Phoenix,NY
ORD0001169,SHP001255,E004395,delivered,2025-11-10 22:00:00,Chicago,WA
ORD0000634,SHP000192,E004411,picked_up,2025-01-21 04:00:00,Los Angeles,IL
ORD0001481,SHP001138,E003202,delivered,2025-07-26 21:00:00,Los Angeles,AZ
ORD0000202,SHP000324,E000683,in_transit,2025-10-20 09:00:00,Miami,FL
ORD0000111,SHP001470,E004718,label_created,2025-05-23 21:00:00,Phoenix,IL
ORD0002190,SHP001279,E005152,label_created,2025-07-03 04:00:00,Phoenix,CA
ORD0001701,SHP001780,E000359,delivered,2025-08-15 02:00:00,Los Angeles,CA
ORD0002125,SHP000671,E005198,out_for_delivery,2025-03-29 18:00:00,Seattle,AZ
ORD0001214,SHP000815,E000027,in_transit,2025-12-03 14:00:00,Seattle,IL
ORD0000477,SHP000305,E001945,in_transit,2025-04-06 21:00:00,Los Angeles,FL
ORD0000039,SHP001188,E001859,exception,2025-06-18 11:00:00,Miami,CA
ORD0000343,SHP000907,E003149,out_for_delivery,2025-06-09 10:00:00,Phoenix,NY
ORD0000329,SHP000767,E004019,out_for_delivery,2025-06-01 03:00:00,Denver,NY
ORD0001972,SHP000753,E000820,picked_up,2025-06-04 01:00:00,Seattle,FL
ORD0000302,SHP001039,E001816,in_transit,2025-12-07 03:00:00,Dallas,FL
ORD0000069,SHP001251,E001716,picked_up,2025-07-23 21:00:00,Miami,AZ
ORD0000837,SHP000847,E000249,out_for_delivery,2025-10-24 06:00:00,Los Angeles,IL
ORD0001124,SHP000562,E003644,delivered,2025-07-26 05:00:00,Denver,FL
ORD0001124,SHP001783,E003897,label_created,2025-04-24 22:00:00,Los Angeles,CO
ORD0001049,SHP000586,E005582,in_transit,2025-07-12 02:00:00,Miami,NY
ORD0000962,SHP001334,E002447,out_for_delivery,2025-12-01 07:00:00,New York,WA
ORD0000876,SHP000916,E002213,delivered,2025-09-29 14:00:00,Denver,CA
ORD0001994,SHP001456,E005030,in_transit,2025-02-28 19:00:00,Los Angeles,NY
ORD0002084,SHP000431,E001629,label_created,2025-04-29 19:00:00,Denver,CA
ORD0001158,SHP001349,E005306,delivered,2025-11-07 02:00:00,Dallas,NY
ORD0001060,SHP000653,E004797,in_transit,2025-04-02 02:00:00,Seattle,AZ
ORD0001505,SHP001522,E004502,in_transit,2025-10-23 16:00:00,Phoenix,AZ
ORD0000745,SHP001528,E001889,delivered,2025-04-03 02:00:00,Seattle,AZ
ORD0001225,SHP001381,E003922,out_for_delivery,2025-01-02 22:00:00,Chicago,TX
ORD0001987,SHP000596,E003268,out_for_delivery,2025-10-31 09:00:00,Dallas,WA
ORD0000492,SHP001571,E000121,in_transit,2025-05-24 13:00:00,Dallas,FL
ORD0002035,SHP000271,E005159,picked_up,2025-11-08 04:00:00,Los Angeles,CA
ORD0000087,SHP001689,E003761,in_transit,2025-05-10 04:00:00,Dallas,FL
ORD0000545,SHP001362,E001064,picked_up,2025-06-22 04:00:00,Miami,FL
ORD0001911,SHP001457,E003668,out_for_delivery,2025-10-20 05:00:00,Phoenix,AZ
ORD0001140,SHP001789,E002979,in_transit,2025-10-22 00:00:00,Miami,CO
ORD0001088,SHP001427,E000381,label_created,2025-01-29 12:00:00,Phoenix,TX
ORD0000690,SHP001795,E003892,picked_up,2025-03-24 03:00:00,Chicago,WA
ORD0001296,SHP000830,E005645,out_for_delivery,2025-07-18 17:00:00,Seattle,AZ
ORD0001190,SHP000683,E002915,in_transit,2025-07-29 08:00:00,Los Angeles,FL
ORD0001127,SHP000419,E002544,label_created,2025-06-22 12:00:00,Los Angeles,WA
ORD0000401,SHP000530,E001310,in_transit,2025-03-16 18:00:00,Seattle,WA
ORD0000123,SHP001724,E000926,in_transit,2025-05-01 16:00:00,Phoenix,AZ
ORD0001659,SHP000051,E001949,out_for_delivery,2025-07-28 10:00:00,Dallas,IL
ORD0001244,SHP000782,E001486,in_transit,2025-07-29 22:00:00,New York,IL
ORD0000695,SHP000440,E005147,label_created,2025-12-20 20:00:00,Seattle,IL
ORD0001339,SHP001651,E005443,in_transit,2025-03-13 19:00:00,Dallas,FL
ORD0000919,SHP000021,E001099,delivered,2025-02-10 09:00:00,New York,AZ
ORD0001975,SHP000968,E005593,delivered,2025-05-05 19:00:00,Miami,CA
ORD0001870,SHP001783,E000607,in_transit,2025-10-14 17:00:00,Chicago,FL
ORD0002045,SHP000316,E004644,exception,2025-01-11 14:00:00,Seattle,IL
ORD0001692,SHP000140,E003597,out_for_delivery,2025-10-29 03:00:00,Miami,FL
ORD0001061,SHP001485,E003551,picked_up,2025-10-27 20:00:00,Dallas,TX
ORD0000315,SHP000981,E004294,in_transit,2025-03-29 14:00:00,Chicago,WA
ORD0000944,SHP000908,E003790,picked_up,2025-04-23 21:00:00,Denver,TX
ORD0001671,SHP000422,E005072,delivered,2025-09-03 09:00:00,Phoenix,IL
ORD0001247,SHP000484,E003191,in_transit,2025-02-18 14:00:00,Miami,CO
ORD0000006,SHP000140,E001751,picked_up,2025-03-04 02:00:00,Seattle,FL
ORD0000399,SHP000136,E003995,in_transit,2025-09-17 14:00:00,Los Angeles,CO
ORD0001542,SHP000029,E004463,delivered,2025-08-02 17:00:00,Dallas,NY
ORD0000566,SHP000609,E000517,delivered,2025-01-18 07:00:00,Denver,AZ
ORD0000530,SHP000575,E000061,out_for_delivery,2025-07-02 07:00:00,Dallas,FL
ORD0000023,SHP000937,E001779,in_transit,2025-02-04 20:00:00,New York,WA
ORD0001191,SHP001787,E001140,in_transit,2025-06-10 03:00:00,Los Angeles,IL
ORD0001237,SHP000029,E000406,delivered,2025-02-26 23:00:00,New York,CO
ORD0000639,SHP001368,E005681,in_transit,2025-01-11 18:00:00,New York,IL
ORD0000247,SHP001732,E002515,in_transit,2025-12-28 10:00:00,Chicago,FL
ORD0001180,SHP000426,E002564,label_created,2025-11-07 20:00:00,Los Angeles,TX
ORD0001933,SHP001278,E004746,delivered,2025-09-25 02:00:00,Chicago,CO
ORD0001917,SHP001698,E001568,in_transit,2025-02-28 22:00:00,New York,FL
ORD0001556,SHP000654,E004615,picked_up,2025-04-11 23:00:00,Denver,AZ
ORD0001890,SHP001345,E005079,label_created,2025-02-12 09:00:00,Los Angeles,FL
ORD0002181,SHP000907,E004859,picked_up,2025-03-01 15:00:00,Seattle,TX
ORD0001207,SHP001564,E005404,out_for_delivery,2025-06-21 10:00:00,Seattle,AZ
ORD0000725,SHP000799,E003958,out_for_delivery,2025-09-20 02:00:00,Phoenix,IL
ORD0001853,SHP000246,E002208,delivered,2025-01-23 13:00:00,Phoenix,FL
ORD0001414,SHP001563,E002250,out_for_delivery,2025-02-28 10:00:00,Miami,IL
ORD0000391,SHP000294,E005382,label_created,2025-06-27 16:00:00,Los Angeles,AZ
ORD0000605,SHP001789,E003780,in_transit,2025-04-20 08:00:00,Chicago,CA
ORD0001837,SHP001304,E000902,in_transit,2025-05-26 00:00:00,Phoenix,WA
ORD0000833,SHP001311,E000798,delivered,2025-12-13 00:00:00,New York,NY
ORD0002139,SHP001015,E000894,delivered,2025-10-29 20:00:00,Seattle,WA
ORD0001968,SHP000727,E003854,label_created,2025-08-22 02:00:00,New York,CO
ORD0001685,SHP000312,E003485,out_for_delivery,2025-07-05 16:00:00,Miami,NY
ORD0000142,SHP000197,E002625,out_for_delivery,2025-08-09 23:00:00,Chicago,FL
ORD0001719,SHP000262,E001285,delivered,2025-05-28 16:00:00,Phoenix,NY
ORD0001326,SHP000156,E001849,picked_up,2025-04-11 12:00:00,New York,CA
ORD0001094,SHP000051,E001603,exception,2025-09-25 05:00:00,Phoenix,WA
ORD0000531,SHP000943,E001698,label_created,2025-08-14 22:00:00,Miami,CA
ORD0001751,SHP000400,E005580,out_for_delivery,2025-01-28 15:00:00,Seattle,CA
ORD0001407,SHP001227,E004999,in_transit,2025-03-01 22:00:00,Denver,FL
ORD0000527,SHP001235,E001695,label_created,2025-05-20 04:00:00,Los Angeles,WA
ORD0000228,SHP000200,E002339,in_transit,2025-07-18 14:00:00,Seattle,FL
ORD0000791,SHP000371,E001105,in_transit,2025-12-22 19:00:00,Chicago,FL
ORD0000620,SHP000480,E002877,out_for_delivery,2025-01-03 20:00:00,Seattle,CA
ORD0000310,SHP001386,E001795,delivered,2025-01-24 04:00:00,Miami,FL
ORD0000169,SHP000378,E004662,picked_up,2025-07-31 21:00:00,Seattle,WA
ORD0001230,SHP000870,E004361,in_transit,2025-03-03 14:00:00,Miami,IL
ORD0000375,SHP000464,E004191,out_for_delivery,2025-09-20 22:00:00,Seattle,CA
ORD0001101,SHP000596,E004063,picked_up,2025-12-13 04:00:00,Phoenix,IL
ORD0000285,SHP001601,E000459,in_transit,2025-08-21 01:00:00,Miami,WA
ORD0001101,SHP000784,E001840,delivered,2025-02-26 08:00:00,Los Angeles,FL
ORD0001565,SHP001092,E000201,in_transit,2025-01-12 13:00:00,Miami,IL
ORD0001440,SHP000612,E004126,delivered,2025-08-06 15:00:00,New York,IL
ORD0001977,SHP000677,E001819,out_for_delivery,2025-05-25 12:00:00,Seattle,TX
ORD0001338,SHP000019,E001930,delivered,2025-12-18 05:00:00,Phoenix,NY
ORD0000756,SHP001299,E000362,out_for_delivery,2025-10-01 11:00:00,Miami,CA
ORD0001531,SHP001447,E002662,delivered,2025-02-21 21:00:00,Dallas,WA
ORD0000360,SHP000776,E000207,out_for_delivery,2025-01-14 12:00:00,New York,IL
ORD0000158,SHP001059,E002975,picked_up,2025-04-19 02:00:00,Phoenix,FL
ORD0001436,SHP001765,E005317,in_transit,2025-06-08 19:00:00,New York,CO
ORD0001342,SHP000367,E005070,delivered,2025-08-13 05:00:00,Seattle,AZ
ORD0001504,SHP001550,E001239,picked_up,2025-11-13 12:00:00,Dallas,NY
ORD0000363,SHP001454,E002997,out_for_delivery,2025-05-13 23:00:00,New York,CA
ORD0000565,SHP001485,E005664,out_for_delivery,2025-07-15 00:00:00,Denver,TX
ORD0000624,SHP001016,E004095,out_for_delivery,2025-01-23 15:00:00,Dallas,TX
ORD0000677,SHP001462,E002236,out_for_delivery,2025-12-26 18:00:00,Seattle,CA
ORD0001425,SHP001301,E002390,label_created,2025-10-03 02:00:00,Chicago,CA
ORD0000228,SHP000200,E002013,delivered,2025-11-16 15:00:00,Seattle,AZ
ORD0000395,SHP000048,E003621,in_transit,2025-08-08 21:00:00,Chicago,TX
ORD0001532,SHP000748,E005379,in_transit,2025-03-05 09:00:00,Phoenix,AZ
ORD0000217,SHP000448,E003218,picked_up,2025-03-10 23:00:00,Los Angeles,IL
ORD0001770,SHP001342,E005177,label_created,2025-02-20 08:00:00,Los Angeles,NY
ORD0002148,SHP001254,E000302,picked_up,2025-07-11 07:00:00,Los Angeles,NY
ORD0000051,SHP000991,E005280,in_transit,2025-10-16 17:00:00,New York,AZ
ORD0002070,SHP001154,E005422,in_transit,2025-04-16 04:00:00,Phoenix,FL
ORD0001481,SHP000436,E004751,label_created,2025-09-17 18:00:00,Dallas,TX
ORD0000164,SHP001125,E002452,delivered,2025-06-28 02:00:00,Los Angeles,CA
ORD0000278,SHP001173,E004014,label_created,2025-05-04 17:00:00,Miami,AZ
ORD0001683,SHP000979,E000475,out_for_delivery,2025-12-16 23:00:00,Phoenix,FL
ORD0001586,SHP001545,E000026,in_transit,2025-04-19 20:00:00,New York,FL
ORD0000274,SHP001045,E000653,delivered,2025-06-30 06:00:00,Dallas,AZ
ORD0000130,SHP000457,E002783,delivered,2025-07-08 22:00:00,New York,CO
ORD0000283,SHP000804,E000650,in_transit,2025-09-25 12:00:00,New York,AZ
ORD0001520,SHP000975,E002298,picked_up,2025-07-09 21:00:00,Los Angeles,TX
ORD0000416,SHP001321,E004200,out_for_delivery,2025-04-29 15:00:00,Dallas,CA
ORD0000331,SHP000388,E005239,out_for_delivery,2025-09-13 04:00:00,Seattle,NY
ORD0001540,SHP001320,E000963,in_transit,2025-04-02 00:00:00,Phoenix,CA
ORD0001940,SHP000635,E002341,in_transit,2025-06-13 10:00:00,Seattle,FL
ORD0001535,SHP001641,E002598,delivered,2025-06-13 22:00:00,Miami,AZ
ORD0000760,SHP000878,E005501,in_transit,2025-03-20 10:00:00,Phoenix,CA
ORD0001956,SHP000375,E001270,picked_up,2025-07-12 22:00:00,Miami,CO
ORD0000542,SHP001030,E004501,out_for_delivery,2025-03-13 05:00:00,Seattle,CO
ORD0000392,SHP000542,E004031,label_created,2025-01-20 01:00:00,Chicago,WA
ORD0000625,SHP001755,E000194,delivered,2025-03-23 14:00:00,Phoenix,AZ
ORD0001302,SHP001137,E005574,picked_up,2025-07-01 02:00:00,Los Angeles,NY
ORD0001258,SHP001115,E000347,in_transit,2025-02-12 23:00:00,Los Angeles,NY
ORD0000565,SHP001485,E003863,delivered,2025-07-17 22:00:00,Seattle,CA
ORD0002033,SHP000522,E002241,in_transit,2025-05-25 12:00:00,Los Angeles,NY
ORD0001756,SHP000708,E001152,label_created,2025-06-19 03:00:00,New York,WA
ORD0000790,SHP001756,E005078,in_transit,2025-06-22 15:00:00,Dallas,CO
ORD0001184,SHP000889,E004243,delivered,2025-09-16 18:00:00,New York,IL
ORD0002038,SHP001437,E001123,picked_up,2025-01-16 06:00:00,Chicago,IL
ORD0000807,SHP000727,E003239,in_transit,2025-09-07 20:00:00,Chicago,FL
ORD0001466,SHP000914,E000587,delivered,2025-10-04 13:00:00,Phoenix,WA
ORD0000726,SHP001271,E004224,out_for_delivery,2025-04-10 20:00:00,Miami,FL
ORD0001393,SHP001015,E003526,picked_up,2025-03-30 03:00:00,New York,AZ
ORD0001612,SHP000766,E004262,in_transit,2025-03-17 07:00:00,New York,TX
ORD0000505,SHP000061,E001824,in_transit,2025-08-26 13:00:00,Chicago,AZ
ORD0001526,SHP001790,E000913,in_transit,2025-11-18 20:00:00,Chicago,WA
ORD0000581,SHP001019,E004822,label_created,2025-06-01 22:00:00,Denver,CO
ORD0000909,SHP001123,E001121,picked_up,2025-02-06 18:00:00,Los Angeles,AZ
ORD0001443,SHP000643,E005228,picked_up,2025-09-24 05:00:00,Denver,AZ
ORD0001768,SHP001023,E003852,in_transit,2025-10-03 11:00:00,Phoenix,TX
ORD0001428,SHP001680,E002320,in_transit,2025-10-20 17:00:00,Phoenix,NY
ORD0001383,SHP000983,E001928,picked_up,2025-07-26 14:00:00,Los Angeles,AZ
ORD0001834,SHP000931,E001915,out_for_delivery,2025-05-24 17:00:00,Denver,AZ
ORD0000579,SHP001070,E004285,out_for_delivery,2025-08-17 23:00:00,Dallas,AZ
ORD0000186,SHP000927,E004509,picked_up,2025-05-09 23:00:00,New York,NY
ORD0002048,SHP000235,E001129,out_for_delivery,2025-07-03 19:00:00,Seattle,NY
ORD0000318,SHP000664,E004441,picked_up,2025-11-08 16:00:00,Denver,FL
ORD0001080,SHP000918,E004494,picked_up,2025-03-18 01:00:00,Dallas,FL
ORD0001959,SHP001450,E005100,out_for_delivery,2025-11-07 16:00:00,Dallas,TX
ORD0002007,SHP001420,E004195,picked_up,2025-03-06 07:00:00,Dallas,AZ
ORD0001350,SHP000306,E002710,delivered,2025-05-25 12:00:00,Los Angeles,AZ
ORD0001677,SHP000275,E002755,in_transit,2025-11-06 18:00:00,Chicago,IL
ORD0000541,SHP000477,E001378,in_transit,2025-11-12 07:00:00,Miami,AZ
ORD0001062,SHP000461,E005104,in_transit,2025-12-20 17:00:00,Chicago,AZ
ORD0000982,SHP000992,E001223,picked_up,2025-01-31 06:00:00,Denver,CA
ORD0000178,SHP001270,E000694,picked_up,2025-12-13 19:00:00,Dallas,NY
ORD0001441,SHP001243,E001268,out_for_delivery,2025-11-22 05:00:00,Los Angeles,TX
ORD0000587,SHP000885,E000164,in_transit,2025-04-25 09:00:00,New York,IL
ORD0001830,SHP001001,E001333,picked_up,2025-11-30 18:00:00,New York,NY
ORD0000421,SHP001721,E001445,in_transit,2025-08-01 17:00:00,Miami,WA
ORD0000338,SHP000662,E000245,picked_up,2025-09-19 21:00:00,Los Angeles,AZ
ORD0002087,SHP000420,E002778,in_transit,2025-02-01 06:00:00,Seattle,WA
ORD0001045,SHP000988,E000948,out_for_delivery,2025-08-20 11:00:00,Seattle,IL
ORD0001612,SHP000779,E002057,out_for_delivery,2025-06-18 22:00:00,Seattle,TX
ORD0001892,SHP001456,E002540,label_created,2025-12-12 06:00:00,Denver,CA
ORD0000376,SHP000388,E004208,picked_up,2025-02-05 06:00:00,Phoenix,CO
ORD0002165,SHP000419,E003133,out_for_delivery,2025-03-05 18:00:00,Dallas,CA
ORD0001812,SHP000372,E004474,in_transit,2025-06-30 21:00:00,Miami,TX
ORD0001185,SHP001328,E002129,picked_up,2025-09-14 09:00:00,Denver,WA
ORD0000997,SHP000567,E001844,picked_up,2025-01-29 02:00:00,Dallas,TX
ORD0001064,SHP000258,E004695,picked_up,2025-01-12 09:00:00,Phoenix,TX
ORD0001719,SHP001014,E001787,label_created,2025-11-04 19:00:00,Los Angeles,TX
ORD0002192,SHP000411,E005385,in_transit,2025-09-14 10:00:00,Chicago,AZ
ORD0001085,SHP000039,E001123,out_for_delivery,2025-04-06 04:00:00,Chicago,TX
ORD0000954,SHP001503,E002218,in_transit,2025-05-08 18:00:00,Los Angeles,WA
ORD0001215,SHP000722,E004875,out_for_delivery,2025-04-12 01:00:00,Los Angeles,TX
ORD0001889,SHP000195,E001575,in_transit,2025-05-13 12:00:00,Chicago,TX
ORD0002108,SHP000392,E004169,delivered,2025-11-01 00:00:00,Denver,CO
ORD0001036,SHP001435,E002278,delivered,2025-09-19 04:00:00,Miami,NY
ORD0002151,SHP000367,E001961,picked_up,2025-07-03 10:00:00,Miami,IL
ORD0001387,SHP000319,E002629,in_transit,2025-03-24 01:00:00,Seattle,AZ
ORD0001466,SHP000320,E002120,out_for_delivery,2025-10-15 09:00:00,New York,TX
ORD0002157,SHP000988,E003779,delivered,2025-06-14 13:00:00,New York,WA
ORD0000703,SHP001122,E005494,in_transit,2025-10-05 08:00:00,Denver,WA
ORD0000774,SHP000310,E003037,picked_up,2025-12-23 16:00:00,Phoenix,AZ
ORD0002014,SHP000455,E002145,delivered,2025-02-12 02:00:00,Phoenix,AZ
ORD0001145,SHP000488,E002301,delivered,2025-05-09 07:00:00,Miami,FL
ORD0000111,SHP001030,E000847,in_transit,2025-11-25 17:00:00,Los Angeles,WA
ORD0001610,SHP001602,E004016,in_transit,2025-03-07 20:00:00,Seattle,CO
ORD0001310,SHP000525,E000473,picked_up,2025-07-27 05:00:00,Denver,IL
ORD0000233,SHP001019,E005263,out_for_delivery,2025-07-04 12:00:00,Phoenix,IL
ORD0001552,SHP001298,E001584,picked_up,2025-09-10 20:00:00,Los Angeles,AZ
ORD0000442,SHP000844,E002434,picked_up,2025-02-09 10:00:00,Los Angeles,IL
ORD0001045,SHP000988,E001392,in_transit,2025-03-16 14:00:00,Chicago,TX
ORD0001742,SHP001292,E000900,delivered,2025-01-29 06:00:00,Seattle,CA
ORD0000005,SHP000140,E001044,picked_up,2025-01-09 19:00:00,Miami,TX
ORD0001569,SHP001002,E004215,exception,2025-11-17 05:00:00,Denver,TX
ORD0000032,SHP000522,E004114,in_transit,2025-04-02 19:00:00,Chicago,TX
ORD0001029,SHP001074,E002999,in_transit,2025-10-04 04:00:00,Miami,IL
ORD0001122,SHP001507,E003618,out_for_delivery,2025-05-21 14:00:00,Denver,IL
ORD0001180,SHP000401,E004991,delivered,2025-04-20 18:00:00,Seattle,TX
ORD0001565,SHP000201,E002550,delivered,2025-06-03 11:00:00,New York,WA
ORD0000449,SHP001401,E002431,label_created,2025-08-15 23:00:00,Dallas,TX
ORD0001756,SHP000708,E004269,out_for_delivery,2025-09-23 03:00:00,Denver,NY
ORD0000703,SHP001574,E004618,in_transit,2025-06-17 15:00:00,Dallas,NY
ORD0001321,SHP000233,E003447,label_created,2025-10-03 07:00:00,Miami,IL
ORD0000424,SHP000784,E004584,picked_up,2025-11-30 04:00:00,Los Angeles,CO
ORD0001437,SHP000384,E000939,in_transit,2025-02-16 12:00:00,Los Angeles,CA
ORD0001330,SHP001787,E002571,in_transit,2025-05-01 14:00:00,Miami,WA
ORD0001473,SHP001526,E005614,in_transit,2025-10-24 03:00:00,Denver,WA
ORD0001172,SHP000067,E003185,picked_up,2025-03-27 14:00:00,Denver,TX
ORD0000418,SHP001011,E000786,in_transit,2025-05-24 20:00:00,Seattle,CA
ORD0001237,SHP000029,E002472,in_transit,2025-08-12 09:00:00,Denver,IL
ORD0001734,SHP000887,E005311,delivered,2025-09-29 08:00:00,Dallas,CO
ORD0001734,SHP001220,E005311,picked_up,2025-05-25 05:00:00,Denver,TX
ORD0001218,SHP001688,E005404,picked_up,2025-09-18 19:00:00,Los Angeles,TX
ORD0001218,SHP000721,E005404,picked_up,2025-11-28 16:00:00,Miami,IL
ORD0000467,SHP000055,E005360,label_created,2025-11-13 10:00:00,Dallas,FL
ORD0000467,SHP000679,E005360,out_for_delivery,2025-04-18 04:00:00,Phoenix,WA
ORD0000758,SHP001419,E000032,in_transit,2025-11-11 21:00:00,Los Angeles,NY
ORD0000758,SHP001629,E000032,in_transit,2025-04-07 13:00:00,Phoenix,TX
ORD0001338,SHP000271,E004581,in_transit,2025-06-05 05:00:00,Phoenix,WA
ORD0001338,SHP000019,E004581,in_transit,2025-05-11 04:00:00,Phoenix,AZ
ORD0000572,SHP001627,E002184,out_for_delivery,2025-11-25 09:00:00,Denver,NY
ORD0000572,SHP001696,E002184,delivered,2025-12-29 07:00:00,Phoenix,NY
ORD0001602,SHP000240,E004683,exception,2025-09-18 04:00:00,Dallas,FL
ORD0001602,SHP000293,E004683,in_transit,2025-08-18 11:00:00,Dallas,FL
ORD0000683,SHP000916,E001161,in_transit,2025-03-17 09:00:00,Chicago,NY
ORD0000683,SHP000797,E001161,in_transit,2025-10-22 15:00:00,Chicago,IL
ORD0000210,SHP001129,E001217,in_transit,2025-05-04 17:00:00,Seattle,NY
ORD0000210,SHP001147,E001217,label_created,2025-07-25 22:00:00,Chicago,IL
ORD0000984,SHP000485,E001753,label_created,2025-01-11 09:00:00,Phoenix,CA
ORD0000984,SHP000987,E001753,label_created,2025-12-14 11:00:00,Denver,AZ
ORD0000535,SHP000504,E002348,out_for_delivery,2025-12-30 06:00:00,Denver,NY
ORD0000535,SHP000617,E002348,in_transit,2025-09-02 01:00:00,Phoenix,TX
ORD0001306,SHP000391,E003520,in_transit,2025-06-02 07:00:00,Miami,NY
ORD0001306,SHP001114,E003520,in_transit,2025-09-25 02:00:00,Los Angeles,NY
ORD0002026,SHP000854,E002469,picked_up,2025-04-24 06:00:00,Denver,TX
ORD0002026,SHP001208,E002469,out_for_delivery,2025-02-13 03:00:00,Phoenix,CO
ORD0001269,SHP000567,E005203,delivered,2025-12-05 02:00:00,Miami,FL
ORD0001269,SHP000544,E005203,in_transit,2025-09-23 00:00:00,Dallas,CA
ORD0000776,SHP001025,E003319,out_for_delivery,2025-08-05 23:00:00,Phoenix,AZ
ORD0000776,SHP000204,E003319,picked_up,2025-04-10 20:00:00,New York,TX
ORD0000749,SHP001694,E004928,in_transit,2025-11-17 09:00:00,Miami,TX
ORD0000749,SHP000793,E004928,label_created,2025-02-05 01:00:00,Miami,FL
ORD0001866,SHP001114,E000869,out_for_delivery,2025-10-29 02:00:00,Miami,FL
ORD0001866,SHP000740,E000869,picked_up,2025-06-24 06:00:00,Dallas,TX
ORD0000851,SHP001765,E004198,label_created,2025-12-21 03:00:00,Chicago,TX
ORD0000851,SHP000786,E004198,in_transit,2025-06-29 23:00:00,Los Angeles,FL
ORD0001804,SHP001416,E003097,out_for_delivery,2025-08-21 18:00:00,Miami,IL
ORD0001804,SHP000371,E003097,delivered,2025-12-18 12:00:00,Dallas,AZ
ORD0000788,SHP000699,E000047,in_transit,2025-05-09 12:00:00,Miami,WA
ORD0000788,SHP000570,E000047,out_for_delivery,2025-01-23 23:00:00,Denver,FL
ORD0000793,SHP000571,E003127,delivered,2025-07-22 07:00:00,Denver,AZ
ORD0000793,SHP000533,E003127,out_for_delivery,2025-09-06 05:00:00,Chicago,WA
ORD0002181,SHP000907,E003434,in_transit,2025-05-26 00:00:00,Miami,NY
ORD0002181,SHP000875,E003434,out_for_delivery,2025-10-12 11:00:00,New York,WA
ORD0001348,SHP001787,E005684,in_transit,2025-07-30 11:00:00,Miami,CA
ORD0001348,SHP001668,E005684,out_for_delivery,2025-07-27 13:00:00,Miami,FL
ORD0001539,SHP000387,E002315,exception,2025-01-27 05:00:00,Los Angeles,CO
ORD0001539,SHP000480,E002315,delivered,2025-08-19 12:00:00,Denver,CA
ORD0001385,SHP000014,E000336,label_created,2025-03-03 20:00:00,Miami,TX
ORD0001385,SHP000063,E000336,delivered,2025-01-27 00:00:00,Seattle,IL
ORD0000559,SHP000521,E001776,in_transit,2025-06-08 12:00:00,Phoenix,AZ
ORD0000559,SHP001182,E001776,out_for_delivery,2025-08-30 00:00:00,Los Angeles,WA
ORD0000192,SHP000157,E004877,in_transit,2025-06-07 13:00:00,Chicago,IL
ORD0000192,SHP000349,E004877,in_transit,2025-07-29 21:00:00,New York,AZ
ORD0002176,SHP001425,E001393,out_for_delivery,2025-05-21 16:00:00,Chicago,CA
ORD0002176,SHP001381,E001393,picked_up,2025-08-15 08:00:00,Phoenix,NY
ORD0000314,SHP000936,E004550,out_for_delivery,2025-10-19 05:00:00,Seattle,IL
ORD0000314,SHP001109,E004550,picked_up,2025-09-24 16:00:00,Los Angeles,IL
ORD0000091,SHP001254,E002610,out_for_delivery,2025-05-19 15:00:00,Los Angeles,CA
ORD0000091,SHP001309,E002610,delivered,2025-07-03 01:00:00,Denver,WA
ORD0000282,SHP000892,E003278,delivered,2025-07-10 06:00:00,New York,FL
ORD0000282,SHP000165,E003278,delivered,2025-08-18 20:00:00,Seattle,CO
ORD0000717,SHP000919,E003340,in_transit,2025-12-04 10:00:00,Phoenix,CA
ORD0000717,SHP000070,E003340,in_transit,2025-07-18 23:00:00,Seattle,NY
ORD0001278,SHP000309,E003125,picked_up,2025-04-18 14:00:00,Los Angeles,WA
ORD0001278,SHP001749,E003125,delivered,2025-02-05 05:00:00,Denver,FL
ORD0000173,SHP001099,E004567,delivered,2025-08-31 23:00:00,Los Angeles,CA
ORD0000173,SHP001276,E004567,delivered,2025-09-23 21:00:00,Chicago,WA
ORD0001969,SHP000259,E001987,label_created,2025-06-05 22:00:00,Phoenix,CO
ORD0001969,SHP000905,E001987,in_transit,2025-02-03 04:00:00,Los Angeles,TX
ORD0000948,SHP001538,E005478,in_transit,2025-09-11 15:00:00,Miami,NY
ORD0000948,SHP000214,E005478,label_created,2025-11-22 02:00:00,Phoenix,CA
ORD0001092,SHP000458,E001211,in_transit,2025-09-25 07:00:00,Chicago,WA
ORD0001092,SHP001533,E001211,delivered,2025-10-24 09:00:00,Phoenix,FL
ORD0000418,SHP001011,E000901,in_transit,2025-05-18 21:00:00,Denver,IL
ORD0000418,SHP001695,E000901,out_for_delivery,2025-07-07 01:00:00,Chicago,TX
ORD0001234,SHP000384,E003657,delivered,2025-10-18 11:00:00,Phoenix,CA
ORD0001234,SHP001340,E003657,in_transit,2025-11-06 10:00:00,Miami,TX
ORD0001326,SHP000366,E000694,exception,2025-12-20 08:00:00,Seattle,TX
ORD0001326,SHP001767,E000694,in_transit,2025-10-04 08:00:00,New York,FL
ORD0000767,SHP001733,E003844,label_created,2025-08-10 04:00:00,Phoenix,AZ
ORD0000767,SHP000831,E003844,picked_up,2025-11-30 17:00:00,Los Angeles,NY
ORD0001934,SHP001605,E000567,in_transit,2025-12-14 12:00:00,New York,CO
ORD0001934,SHP001543,E000567,in_transit,2025-08-20 04:00:00,New York,IL
ORD0000095,SHP000450,E004782,label_created,2025-05-23 03:00:00,Los Angeles,CO
ORD0000095,SHP001124,E004782,out_for_delivery,2025-08-05 12:00:00,New York,NY
ORD0001117,SHP000467,E004136,label_created,2025-11-09 20:00:00,Dallas,AZ
ORD0001117,SHP000419,E004136,in_transit,2025-08-05 12:00:00,Phoenix,WA
ORD0001879,SHP001310,E005290,exception,2025-07-04 09:00:00,Denver,TX
ORD0001879,SHP001069,E005290,label_created,2025-10-29 01:00:00,Dallas,CO
ORD0001779,SHP001169,E004709,delivered,2025-11-01 22:00:00,Miami,CO
ORD0001779,SHP000269,E004709,in_transit,2025-12-08 16:00:00,Los Angeles,CA
ORD0002082,SHP001409,E001526,delivered,2025-08-20 15:00:00,Los Angeles,WA
ORD0002082,SHP001783,E001526,out_for_delivery,2025-06-02 02:00:00,Denver,IL
ORD0001559,SHP000232,E004866,picked_up,2025-07-10 14:00:00,Miami,WA
ORD0001559,SHP001608,E004866,label_created,2025-07-20 09:00:00,Phoenix,FL
ORD0001456,SHP001671,E003434,in_transit,2025-09-30 18:00:00,Chicago,FL
ORD0001456,SHP000142,E003434,picked_up,2025-03-19 09:00:00,Chicago,CA
ORD0001553,SHP001231,E000809,in_transit,2025-11-26 03:00:00,Los Angeles,NY
ORD0001553,SHP000902,E000809,picked_up,2025-12-11 02:00:00,Phoenix,AZ
ORD0002048,SHP001223,E002939,picked_up,2025-10-22 17:00:00,Denver,CA
ORD0002048,SHP000235,E002939,delivered,2025-08-08 13:00:00,New York,WA
ORD0000603,SHP000361,E000910,label_created,2025-06-08 22:00:00,Phoenix,WA
ORD0000603,SHP000181,E000910,out_for_delivery,2025-05-05 23:00:00,Miami,FL
ORD0000492,SHP001041,E003907,label_created,2025-04-28 02:00:00,New York,FL
ORD0000492,SHP000704,E003907,exception,2025-06-02 21:00:00,Phoenix,FL
ORD0000048,SHP001345,E004105,in_transit,2025-03-29 20:00:00,Phoenix,CO
ORD0000048,SHP000475,E004105,picked_up,2025-07-05 09:00:00,Los Angeles,FL
ORD0000425,SHP001218,E005700,picked_up,2025-10-12 21:00:00,Dallas,WA
ORD0000425,SHP000782,E005700,in_transit,2025-09-18 11:00:00,Chicago,NY
ORD0000067,SHP000575,E004520,in_transit,2025-05-14 07:00:00,Denver,FL
ORD0000067,SHP001146,E004520,label_created,2025-10-01 01:00:00,Los Angeles,CA
ORD0000199,SHP001492,E002561,delivered,2025-03-05 05:00:00,Denver,TX
ORD0000199,SHP000371,E002561,picked_up,2025-07-10 11:00:00,Chicago,IL
ORD0000482,SHP001338,E002929,label_created,2025-11-07 17:00:00,Los Angeles,CO
ORD0000482,SHP000197,E002929,label_created,2025-07-14 02:00:00,Los Angeles,NY
ORD0000165,SHP000255,E001721,delivered,2025-06-27 07:00:00,Los Angeles,WA
ORD0000165,SHP001079,E001721,out_for_delivery,2025-12-10 20:00:00,Denver,CO
ORD0000654,SHP000140,E001313,picked_up,2025-07-03 14:00:00,Seattle,NY
ORD0000654,SHP000607,E001313,picked_up,2025-03-31 09:00:00,Miami,CO
ORD0001035,SHP001274,E003491,out_for_delivery,2025-07-13 08:00:00,Seattle,CO
ORD0001035,SHP000362,E003491,in_transit,2025-05-07 17:00:00,Miami,AZ
ORD0001686,SHP000381,E003596,out_for_delivery,2025-06-27 23:00:00,Los Angeles,NY
ORD0001686,SHP000565,E003596,picked_up,2025-06-22 16:00:00,Chicago,WA
ORD0002045,SHP000001,E000116,label_created,2025-07-14 00:00:00,Los Angeles,CO
ORD0002045,SHP001109,E000116,in_transit,2025-11-08 11:00:00,Dallas,FL
ORD0002119,SHP000259,E002237,picked_up,2025-08-30 09:00:00,New York,AZ
ORD0002119,SHP000782,E002237,out_for_delivery,2025-10-18 00:00:00,Denver,WA
ORD0000398,SHP001216,E005508,out_for_delivery,2025-07-24 19:00:00,Los Angeles,IL
ORD0000398,SHP000088,E005508,in_transit,2025-04-30 08:00:00,Chicago,AZ
ORD0000752,SHP000998,E003029,in_transit,2025-05-16 21:00:00,Los Angeles,AZ
ORD0000752,SHP000061,E003029,out_for_delivery,2025-11-18 06:00:00,Phoenix,AZ
ORD0000944,SHP000908,E004100,label_created,2025-03-21 13:00:00,Seattle,CO
ORD0000944,SHP000045,E004100,in_transit,2025-07-18 07:00:00,Dallas,IL
ORD0000359,SHP000588,E003462,out_for_delivery,2025-04-19 14:00:00,Denver,AZ
ORD0000359,SHP000397,E003462,out_for_delivery,2025-02-08 06:00:00,Denver,WA
ORD0000608,SHP001584,E001713,picked_up,2025-07-26 04:00:00,Chicago,CO
ORD0000608,SHP000440,E001713,picked_up,2025-10-21 05:00:00,Los Angeles,WA
ORD0001468,SHP000797,E004684,out_for_delivery,2025-04-07 01:00:00,New York,NY
ORD0001468,SHP001101,E004684,out_for_delivery,2025-08-13 10:00:00,Phoenix,CO
ORD0001842,SHP000827,E003679,in_transit,2025-04-28 12:00:00,Denver,NY
ORD0001842,SHP000124,E003679,picked_up,2025-09-16 04:00:00,Dallas,IL
ORD0000812,SHP000155,E001069,in_transit,2025-07-26 19:00:00,Los Angeles,NY
ORD0000812,SHP001077,E001069,label_created,2025-08-23 17:00:00,Chicago,CO
ORD0001710,SHP001770,E003659,label_created,2025-02-19 23:00:00,Denver,TX
ORD0001710,SHP000553,E003659,in_transit,2025-12-25 05:00:00,Miami,IL
ORD0001437,SHP000384,E005612,in_transit,2025-01-20 15:00:00,Phoenix,CA
ORD0001437,SHP000060,E005612,picked_up,2025-06-12 07:00:00,Seattle,TX
ORD0000837,SHP001089,E005456,delivered,2025-12-16 20:00:00,Seattle,IL
ORD0000837,SHP000667,E005456,out_for_delivery,2025-07-16 23:00:00,Los Angeles,NY
ORD0000271,SHP000432,E000566,picked_up,2025-09-21 16:00:00,New York,CA
ORD0000271,SHP001393,E000566,delivered,2025-05-18 06:00:00,Chicago,AZ
ORD0000057,SHP000529,E004146,picked_up,2025-12-11 01:00:00,Chicago,CA
ORD0000057,SHP000584,E004146,in_transit,2025-04-07 17:00:00,Dallas,NY
ORD0001940,SHP001321,E001550,picked_up,2025-12-12 13:00:00,Phoenix,WA
ORD0001940,SHP001626,E001550,picked_up,2025-03-05 00:00:00,Seattle,CA
ORD0000872,SHP000137,E001213,out_for_delivery,2025-08-04 05:00:00,Phoenix,TX
ORD0000872,SHP000641,E001213,label_created,2025-04-18 02:00:00,New York,AZ
ORD0001297,SHP001347,E002747,out_for_delivery,2025-10-31 09:00:00,Los Angeles,CA
ORD0001297,SHP000317,E002747,in_transit,2025-02-17 19:00:00,Miami,IL
ORD0001668,SHP000956,E001379,in_transit,2025-02-05 02:00:00,Seattle,IL
ORD0001668,SHP000484,E001379,exception,2025-03-22 08:00:00,Dallas,FL
ORD0000409,SHP001118,E003680,in_transit,2025-05-08 13:00:00,Seattle,CA
ORD0000409,SHP001019,E003680,in_transit,2025-03-02 06:00:00,Denver,AZ
ORD0001011,SHP000588,E005346,in_transit,2025-05-31 12:00:00,Phoenix,WA
ORD0001011,SHP001718,E005346,in_transit,2025-09-04 11:00:00,Chicago,TX
ORD0000758,SHP001629,E002927,picked_up,2025-07-14 15:00:00,Miami,NY
ORD0000758,SHP000741,E002927,out_for_delivery,2025-06-14 21:00:00,Dallas,WA
ORD0000157,SHP001585,E001379,delivered,2025-05-03 02:00:00,Los Angeles,NY
ORD0000157,SHP000858,E001379,out_for_delivery,2025-08-24 09:00:00,New York,AZ
ORD0001284,SHP000235,E000177,picked_up,2025-02-11 19:00:00,Denver,WA
ORD0001284,SHP001646,E000177,delivered,2025-07-28 13:00:00,Denver,NY
ORD0002146,SHP000535,E005320,in_transit,2025-07-19 15:00:00,Phoenix,TX
ORD0002146,SHP000465,E005320,out_for_delivery,2025-06-09 04:00:00,Phoenix,CA
ORD0001195,SHP001083,E002945,delivered,2025-08-19 17:00:00,Phoenix,NY
ORD0001195,SHP001516,E002945,in_transit,2025-01-05 18:00:00,Chicago,FL
ORD0001828,SHP000422,E001887,label_created,2025-08-13 15:00:00,Chicago,CO
ORD0001828,SHP000685,E001887,in_transit,2025-02-28 05:00:00,Seattle,WA
ORD0001579,SHP000769,E005150,delivered,2025-04-26 20:00:00,Dallas,AZ
ORD0001579,SHP001597,E005150,in_transit,2025-11-13 22:00:00,Los Angeles,TX
ORD0000984,SHP000987,E004585,in_transit,2025-10-13 23:00:00,Seattle,FL
ORD0000984,SHP000715,E004585,label_created,2025-12-05 12:00:00,Denver,NY
ORD0000195,SHP000409,E002545,label_created,2025-03-29 23:00:00,Dallas,TX
ORD0000195,SHP001273,E002545,in_transit,2025-12-15 21:00:00,Miami,AZ
ORD0001635,SHP001379,E002745,in_transit,2025-11-12 22:00:00,Los Angeles,CO
ORD0001635,SHP000163,E002745,delivered,2025-07-30 12:00:00,Seattle,AZ
ORD0002016,SHP001665,E000471,label_created,2025-03-09 13:00:00,New York,TX
ORD0002016,SHP001039,E000471,picked_up,2025-03-19 21:00:00,Los Angeles,NY
ORD0000005,SHP000140,E001433,delivered,2025-01-19 09:00:00,Los Angeles,AZ
ORD0000005,SHP000134,E001433,exception,2025-11-10 05:00:00,Dallas,CO
ORD0001339,SHP001212,E003000,in_transit,2025-07-15 20:00:00,Miami,CA
ORD0001339,SHP001183,E003000,delivered,2025-06-01 16:00:00,New York,TX
ORD0000936,SHP000970,E005586,label_created,2025-06-02 16:00:00,Dallas,CA
ORD0000936,SHP001219,E005586,delivered,2025-11-09 06:00:00,Dallas,AZ
ORD0001234,SHP000384,E002795,out_for_delivery,2025-03-03 01:00:00,Miami,IL
ORD0001234,SHP001340,E002795,label_created,2025-12-15 21:00:00,Seattle,CA
ORD0001316,SHP000287,E003064,in_transit,2025-06-20 06:00:00,Dallas,IL
ORD0001316,SHP000800,E003064,delivered,2025-09-06 06:00:00,Chicago,TX
ORD0001786,SHP000909,E003726,in_transit,2025-09-21 05:00:00,Dallas,CO
ORD0001786,SHP000235,E003726,delivered,2025-07-06 05:00:00,Denver,NY
ORD0001409,SHP000263,E004650,out_for_delivery,2025-11-06 11:00:00,Miami,CA
ORD0001409,SHP000152,E004650,picked_up,2025-10-27 17:00:00,Chicago,IL
ORD0000833,SHP001357,E001212,in_transit,2025-09-06 22:00:00,Chicago,WA
ORD0000833,SHP001627,E001212,in_transit,2025-11-26 12:00:00,Denver,CA
ORD0000058,SHP000497,E004576,in_transit,2025-04-19 01:00:00,Chicago,IL
ORD0000058,SHP000856,E004576,in_transit,2025-11-20 08:00:00,Phoenix,FL
ORD0000168,SHP001623,E005622,in_transit,2025-06-17 19:00:00,Denver,NY
ORD0000168,SHP000460,E005622,in_transit,2025-07-27 10:00:00,Los Angeles,AZ
ORD0001561,SHP001430,E002392,in_transit,2025-04-08 11:00:00,Miami,CA
ORD0001561,SHP000021,E002392,exception,2025-04-16 19:00:00,New York,AZ
ORD0001034,SHP001227,E005506,picked_up,2025-10-20 15:00:00,Seattle,TX
ORD0001034,SHP001468,E005506,label_created,2025-04-10 22:00:00,Phoenix,WA
ORD0000399,SHP000136,E000128,picked_up,2025-11-15 02:00:00,New York,WA
ORD0000399,SHP001565,E000128,label_created,2025-11-14 19:00:00,Dallas,AZ
ORD0000543,SHP001327,E005243,delivered,2025-02-05 20:00:00,Seattle,AZ
ORD0000543,SHP001374,E005243,delivered,2025-06-27 20:00:00,Phoenix,CO
ORD0001350,SHP000306,E000613,out_for_delivery,2025-10-17 12:00:00,Denver,WA
ORD0001350,SHP001254,E000613,label_created,2025-03-08 18:00:00,Los Angeles,NY
ORD0000849,SHP001583,E002528,label_created,2025-01-06 00:00:00,Chicago,NY
ORD0000849,SHP000375,E002528,picked_up,2025-01-09 09:00:00,Seattle,AZ
ORD0000049,SHP001315,E001755,out_for_delivery,2025-01-21 19:00:00,Seattle,IL
ORD0000049,SHP001073,E001755,in_transit,2025-05-03 04:00:00,Miami,IL
ORD0001248,SHP000489,E002797,picked_up,2025-11-09 21:00:00,Chicago,CA
ORD0001248,SHP001707,E002797,out_for_delivery,2025-10-26 23:00:00,Phoenix,TX
ORD0000288,SHP000476,E004707,out_for_delivery,2025-01-02 21:00:00,Chicago,CO
ORD0000288,SHP001020,E004707,picked_up,2025-12-26 23:00:00,Denver,TX
ORD0001210,SHP001349,E000265,out_for_delivery,2025-08-17 21:00:00,Los Angeles,AZ
ORD0001210,SHP001318,E000265,out_for_delivery,2025-01-18 02:00:00,Miami,FL
ORD0002158,SHP000404,E004870,in_transit,2025-10-07 18:00:00,Chicago,AZ
ORD0002158,SHP000317,E004870,in_transit,2025-12-02 03:00:00,Seattle,NY
ORD0000160,SHP000962,E001284,exception,2025-08-25 03:00:00,Miami,WA
ORD0000160,SHP000620,E001284,delivered,2025-07-13 16:00:00,Phoenix,NY
ORD0001141,SHP000401,E005267,out_for_delivery,2025-08-24 13:00:00,Denver,WA
ORD0001141,SHP000605,E005267,out_for_delivery,2025-09-08 22:00:00,Phoenix,CO
ORD0001896,SHP000180,E001858,picked_up,2025-02-24 17:00:00,Miami,AZ
ORD0001896,SHP000341,E001858,delivered,2025-11-12 09:00:00,Seattle,TX
ORD0000824,SHP000472,E003210,label_created,2025-05-22 08:00:00,Dallas,CA
ORD0000824,SHP000276,E003210,delivered,2025-03-22 18:00:00,Seattle,FL
ORD0000764,SHP000638,E001998,delivered,2025-02-26 17:00:00,Seattle,TX
ORD0000764,SHP001710,E001998,in_transit,2025-03-09 16:00:00,Dallas,CO
ORD0000706,SHP000115,E002046,label_created,2025-06-05 10:00:00,Los Angeles,TX
ORD0000706,SHP000286,E002046,delivered,2025-12-13 03:00:00,Los Angeles,CO
ORD0001983,SHP000110,E001610,label_created,2025-12-31 00:00:00,Chicago,FL
ORD0001983,SHP000627,E001610,label_created,2025-11-16 15:00:00,New York,WA
ORD0000177,SHP001548,E002420,picked_up,2025-10-26 14:00:00,New York,IL
ORD0000177,SHP000120,E002420,label_created,2025-03-28 00:00:00,Phoenix,CO
ORD0001357,SHP000048,E000986,delivered,2025-05-16 15:00:00,Dallas,WA
ORD0001357,SHP001586,E000986,in_transit,2025-01-19 12:00:00,Dallas,IL
ORD0001351,SHP001136,E003827,out_for_delivery,2025-01-31 23:00:00,Dallas,NY
ORD0001351,SHP000381,E003827,in_transit,2025-01-28 22:00:00,Miami,WA
ORD0001579,SHP001597,E001913,delivered,2025-04-26 08:00:00,New York,CA
ORD0001579,SHP000769,E001913,in_transit,2025-11-30 14:00:00,Seattle,TX
ORD0001846,SHP001517,E003804,in_transit,2025-11-23 06:00:00,Chicago,AZ
ORD0001846,SHP001259,E003804,in_transit,2025-02-04 21:00:00,New York,CA
ORD0000774,SHP000310,E004561,out_for_delivery,2025-10-11 09:00:00,Los Angeles,CA
ORD0000774,SHP001547,E004561,in_transit,2025-06-24 20:00:00,Los Angeles,CA
ORD0000480,SHP000310,E005256,in_transit,2025-07-30 19:00:00,Dallas,NY
ORD0000480,SHP000036,E005256,delivered,2025-05-06 10:00:00,Phoenix,FL
ORD0001177,SHP000274,E002562,label_created,2025-03-09 09:00:00,Miami,NY
ORD0001177,SHP000091,E002562,picked_up,2025-04-22 16:00:00,Los Angeles,FL
ORD0000331,SHP000322,E005176,delivered,2025-02-20 17:00:00,Los Angeles,IL
ORD0000331,SHP000796,E005176,picked_up,2025-12-12 02:00:00,Los Angeles,AZ
ORD0001165,SHP000871,E004059,picked_up,2025-12-05 16:00:00,Dallas,AZ
ORD0001165,SHP000110,E004059,delivered,2025-08-09 05:00:00,Chicago,WA
ORD0001903,SHP000706,E001917,picked_up,2025-01-25 23:00:00,Chicago,CA
ORD0001903,SHP000891,E001917,delivered,2025-12-10 08:00:00,Phoenix,FL
ORD0001442,SHP000533,E004428,in_transit,2025-02-15 15:00:00,Miami,NY
ORD0001442,SHP000618,E004428,in_transit,2025-10-30 02:00:00,Phoenix,TX
ORD0001333,SHP001441,E004248,picked_up,2025-12-19 14:00:00,Dallas,WA
ORD0001333,SHP001523,E004248,delivered,2025-10-15 10:00:00,New York,CA
ORD0001505,SHP001376,E000080,delivered,2025-12-10 11:00:00,Dallas,TX
ORD0001505,SHP000638,E000080,in_transit,2025-10-31 09:00:00,New York,NY
ORD0001871,SHP001260,E005347,label_created,2025-03-01 16:00:00,Seattle,CO
ORD0001871,SHP001686,E005347,label_created,2025-10-29 17:00:00,Miami,CA
ORD0001040,SHP001077,E005129,picked_up,2025-10-10 23:00:00,Los Angeles,TX
ORD0001040,SHP000723,E005129,delivered,2025-05-30 00:00:00,Seattle,WA
ORD0000013,SHP000357,E003425,in_transit,2025-04-13 07:00:00,Miami,AZ
ORD0000013,SHP000314,E003425,exception,2025-04-12 03:00:00,New York,FL
ORD0000280,SHP000505,E000925,label_created,2025-10-22 22:00:00,Dallas,CA
ORD0000280,SHP000459,E000925,in_transit,2025-07-24 13:00:00,Chicago,CA
ORD0001372,SHP001739,E000415,in_transit,2025-06-04 20:00:00,Seattle,AZ
ORD0001372,SHP001048,E000415,delivered,2025-12-27 23:00:00,Denver,WA
ORD0001203,SHP000516,E001144,delivered,2025-03-08 05:00:00,Seattle,TX
ORD0001203,SHP001648,E001144,in_transit,2025-04-15 01:00:00,New York,FL
ORD0002057,SHP001708,E000801,delivered,2025-04-20 06:00:00,Dallas,TX
ORD0002057,SHP001715,E000801,label_created,2025-12-26 15:00:00,Miami,CA
ORD0000936,SHP000970,E000991,label_created,2025-01-22 11:00:00,Phoenix,TX
ORD0000936,SHP001219,E000991,picked_up,2025-11-20 09:00:00,Denver,AZ
ORD0001795,SHP000786,E001823,in_transit,2025-04-24 10:00:00,Los Angeles,CA
ORD0001795,SHP001721,E001823,picked_up,2025-02-19 17:00:00,Chicago,NY
ORD0000643,SHP001097,E004413,picked_up,2025-10-28 17:00:00,Denver,FL
ORD0000643,SHP000942,E004413,out_for_delivery,2025-04-19 00:00:00,Miami,NY
ORD0000030,SHP001397,E000586,out_for_delivery,2025-06-12 22:00:00,Chicago,IL
ORD0000030,SHP000724,E000586,out_for_delivery,2025-02-02 15:00:00,New York,WA
ORD0000368,SHP000267,E001566,in_transit,2025-11-21 04:00:00,Dallas,CO
ORD0000368,SHP000706,E001566,out_for_delivery,2025-01-21 23:00:00,New York,IL
ORD0001987,SHP001265,E002787,delivered,2025-06-17 08:00:00,Los Angeles,NY
ORD0001987,SHP000596,E002787,in_transit,2025-11-03 10:00:00,Miami,TX
ORD0001269,SHP000293,E002375,in_transit,2025-07-25 16:00:00,New York,WA
ORD0001269,SHP000544,E002375,out_for_delivery,2025-06-18 05:00:00,Denver,TX
ORD0001470,SHP000751,E002012,out_for_delivery,2025-07-10 10:00:00,Los Angeles,AZ
ORD0001470,SHP001480,E002012,in_transit,2025-04-19 20:00:00,Miami,FL
ORD0002130,SHP001074,E000128,picked_up,2025-09-02 13:00:00,Chicago,CA
ORD0002130,SHP000970,E000128,out_for_delivery,2025-08-05 23:00:00,Miami,NY
ORD0000111,SHP001470,E001735,delivered,2025-12-24 21:00:00,Chicago,CA
ORD0000111,SHP000328,E001735,out_for_delivery,2025-10-18 13:00:00,Miami,TX
ORD0001949,SHP000878,E004513,in_transit,2025-06-13 12:00:00,Seattle,WA
ORD0001949,SHP001366,E004513,in_transit,2025-12-08 06:00:00,Seattle,NY
ORD0000361,SHP000984,E001638,out_for_delivery,2025-11-19 23:00:00,Los Angeles,IL
ORD0000361,SHP001529,E001638,picked_up,2025-09-13 15:00:00,Seattle,TX
ORD0000126,SHP000483,E001098,label_created,2025-03-21 03:00:00,Phoenix,FL
ORD0000126,SHP001182,E001098,delivered,2025-01-03 17:00:00,Miami,TX
ORD0000587,SHP000032,E005256,in_transit,2025-01-31 03:00:00,Los Angeles,AZ
ORD0000587,SHP000885,E005256,label_created,2025-04-17 14:00:00,Seattle,FL
ORD0000532,SHP000032,E000070,in_transit,2025-10-28 21:00:00,Phoenix,AZ
ORD0000532,SHP001164,E000070,out_for_delivery,2025-02-25 17:00:00,Denver,IL
ORD0001899,SHP000096,E003078,in_transit,2025-11-06 19:00:00,Phoenix,TX
ORD0001899,SHP001490,E003078,picked_up,2025-07-27 01:00:00,Seattle,CO
ORD0000824,SHP000472,E005524,picked_up,2025-03-18 04:00:00,Denver,FL
ORD0000824,SHP000276,E005524,in_transit,2025-06-12 12:00:00,Denver,NY
ORD0001043,SHP000274,E002647,picked_up,2025-07-19 11:00:00,New York,FL
ORD0001043,SHP001417,E002647,picked_up,2025-05-30 10:00:00,Los Angeles,CA
ORD0001163,SHP000614,E002521,in_transit,2025-04-14 07:00:00,New York,CO
ORD0001163,SHP000867,E002521,in_transit,2025-03-17 06:00:00,Chicago,TX
ORD0000922,SHP001235,E000191,picked_up,2025-09-21 14:00:00,Dallas,CO
ORD0000922,SHP001348,E000191,label_created,2025-09-22 08:00:00,Chicago,NY
ORD0000240,SHP000724,E005316,in_transit,2025-08-23 02:00:00,Phoenix,TX
ORD0000240,SHP000810,E005316,delivered,2025-05-15 08:00:00,Los Angeles,TX
ORD0001793,SHP001460,E003416,in_transit,2025-08-09 11:00:00,Seattle,FL
ORD0001793,SHP001538,E003416,picked_up,2025-05-17 07:00:00,Chicago,NY
ORD0001498,SHP001626,E001094,in_transit,2025-04-15 21:00:00,Dallas,FL
ORD0001498,SHP000049,E001094,picked_up,2025-05-30 15:00:00,New York,TX
ORD0000314,SHP001109,E000763,delivered,2025-12-03 00:00:00,Denver,CA
ORD0000314,SHP000936,E000763,in_transit,2025-08-07 08:00:00,Seattle,IL
ORD0001011,SHP000588,E004227,delivered,2025-09-26 16:00:00,Phoenix,TX
ORD0001011,SHP000872,E004227,in_transit,2025-01-26 12:00:00,Phoenix,AZ
ORD0000354,SHP001419,E004367,out_for_delivery,2025-05-22 05:00:00,Dallas,WA
ORD0000354,SHP000994,E004367,picked_up,2025-10-07 23:00:00,Phoenix,CO
ORD0000388,SHP000643,E001202,label_created,2025-10-21 11:00:00,Denver,WA
ORD0000388,SHP001769,E001202,delivered,2025-05-19 23:00:00,New York,AZ
ORD0001425,SHP001301,E002006,label_created,2025-07-26 04:00:00,Dallas,AZ
ORD0001425,SHP001137,E002006,picked_up,2025-05-17 03:00:00,Denver,CO
ORD0001321,SHP000864,E005616,label_created,2025-09-10 05:00:00,Miami,IL
ORD0001321,SHP001581,E005616,delivered,2025-11-28 09:00:00,Chicago,TX
ORD0001034,SHP001227,E004960,delivered,2025-10-19 20:00:00,New York,CA
ORD0001034,SHP001468,E004960,label_created,2025-05-24 23:00:00,Miami,AZ
ORD0000392,SHP000426,E002253,out_for_delivery,2025-02-22 16:00:00,Los Angeles,WA
ORD0000392,SHP000885,E002253,in_transit,2025-06-29 20:00:00,Miami,AZ
ORD0000642,SHP001182,E000551,label_created,2025-01-26 12:00:00,Phoenix,TX
ORD0000642,SHP000861,E000551,in_transit,2025-04-25 04:00:00,Chicago,CO
ORD0001093,SHP001377,E004710,delivered,2025-04-18 12:00:00,Denver,CA
ORD0001093,SHP000207,E004710,label_created,2025-12-20 18:00:00,Seattle,CO
ORD0001722,SHP000355,E003633,delivered,2025-08-23 15:00:00,Chicago,NY
ORD0001722,SHP000975,E003633,picked_up,2025-11-13 18:00:00,Seattle,FL
ORD0001637,SHP000162,E001175,in_transit,2025-09-03 13:00:00,Denver,IL
ORD0001637,SHP000222,E001175,in_transit,2025-05-24 12:00:00,Los Angeles,WA
ORD0001108,SHP000826,E003371,in_transit,2025-06-17 09:00:00,New York,NY
ORD0001108,SHP000005,E003371,out_for_delivery,2025-07-22 04:00:00,Miami,NY
ORD0001591,SHP000657,E002394,in_transit,2025-03-15 07:00:00,Dallas,CO
ORD0001591,SHP000885,E002394,in_transit,2025-11-07 02:00:00,Seattle,TX
ORD0000538,SHP001740,E005200,picked_up,2025-07-18 17:00:00,New York,CA
ORD0000538,SHP001365,E005200,in_transit,2025-11-20 18:00:00,Los Angeles,CO
ORD0000365,SHP001162,E002994,in_transit,2025-02-12 18:00:00,Los Angeles,TX
ORD0000365,SHP001340,E002994,out_for_delivery,2025-06-21 14:00:00,Phoenix,TX
ORD0000703,SHP001574,E000909,out_for_delivery,2025-08-31 08:00:00,Phoenix,CA
ORD0000703,SHP001122,E000909,picked_up,2025-06-22 08:00:00,Seattle,CA
ORD0001894,SHP001414,E003511,picked_up,2025-12-01 17:00:00,Denver,AZ
ORD0001894,SHP001698,E003511,delivered,2025-11-23 06:00:00,New York,TX
ORD0000872,SHP000641,E000735,in_transit,2025-04-09 22:00:00,Miami,CO
ORD0000872,SHP000137,E000735,label_created,2025-07-16 06:00:00,Los Angeles,AZ
ORD0000828,SHP000301,E003546,label_created,2025-03-22 09:00:00,New York,WA
ORD0000828,SHP001079,E003546,in_transit,2025-04-14 17:00:00,Miami,CA
ORD0001305,SHP001051,E004826,label_created,2025-04-07 13:00:00,Dallas,TX
ORD0001305,SHP001546,E004826,label_created,2025-10-26 21:00:00,Miami,CA
ORD0000289,SHP001409,E005618,label_created,2025-09-07 17:00:00,Chicago,CA
ORD0000289,SHP001192,E005618,out_for_delivery,2025-11-05 02:00:00,Phoenix,IL
ORD0000009,SHP001546,E005104,delivered,2025-08-26 11:00:00,Dallas,FL
ORD0000009,SHP001208,E005104,label_created,2025-07-04 19:00:00,Miami,CA
ORD0000156,SHP000415,E001092,out_for_delivery,2025-12-14 19:00:00,Seattle,NY
ORD0000156,SHP000516,E001092,label_created,2025-07-30 11:00:00,New York,AZ
ORD0000973,SHP000889,E005304,in_transit,2025-09-25 03:00:00,Seattle,NY
ORD0000973,SHP001126,E005304,delivered,2025-09-05 08:00:00,Dallas,CO
ORD0001081,SHP001640,E004580,picked_up,2025-10-23 06:00:00,Phoenix,WA
ORD0001081,SHP000707,E004580,out_for_delivery,2025-10-17 19:00:00,Dallas,FL
ORD0000171,SHP000070,E001890,delivered,2025-02-21 13:00:00,Chicago,NY
ORD0000171,SHP001525,E001890,delivered,2025-11-28 15:00:00,Seattle,TX
ORD0001370,SHP000236,E001819,label_created,2025-06-26 11:00:00,Phoenix,WA
ORD0001370,SHP001701,E001819,picked_up,2025-01-25 21:00:00,Chicago,TX
ORD0000107,SHP001012,E003923,in_transit,2025-03-13 00:00:00,Miami,NY
ORD0000107,SHP000281,E003923,picked_up,2025-11-27 06:00:00,Seattle,WA
ORD0001006,SHP001391,E001673,in_transit,2025-02-06 12:00:00,Phoenix,WA
ORD0001006,SHP000617,E001673,out_for_delivery,2025-05-10 18:00:00,Chicago,IL
ORD0000508,SHP000686,E002175,out_for_delivery,2025-06-22 22:00:00,Chicago,FL
ORD0000508,SHP000047,E002175,label_created,2025-04-29 13:00:00,Chicago,CO
ORD0000736,SHP001541,E000883,label_created,2025-08-22 16:00:00,Seattle,IL
ORD0000736,SHP000233,E000883,label_created,2025-04-21 11:00:00,New York,FL
ORD0001790,SHP000323,E001616,label_created,2025-07-25 02:00:00,Chicago,TX
ORD0001790,SHP001063,E001616,out_for_delivery,2025-12-02 16:00:00,Dallas,CO
ORD0000740,SHP001016,E002523,picked_up,2025-11-27 17:00:00,New York,IL
ORD0000740,SHP000123,E002523,delivered,2025-01-01 04:00:00,Seattle,FL
ORD0001884,SHP001779,E002431,delivered,2025-09-19 13:00:00,Los Angeles,CA
ORD0001884,SHP000404,E002431,label_created,2025-06-08 16:00:00,New York,AZ
ORD0001930,SHP000799,E004248,picked_up,2025-11-11 02:00:00,Denver,NY
ORD0001930,SHP001032,E004248,in_transit,2025-05-06 13:00:00,Denver,CO
ORD0000223,SHP000442,E001319,label_created,2025-04-08 05:00:00,Seattle,AZ
ORD0000223,SHP001433,E001319,in_transit,2025-09-26 18:00:00,Seattle,IL
ORD0001452,SHP001284,E005148,delivered,2025-02-15 19:00:00,Dallas,CA
ORD0001452,SHP001285,E005148,picked_up,2025-08-12 21:00:00,New York,CO
ORD0000342,SHP001317,E003769,in_transit,2025-04-19 18:00:00,Seattle,NY
ORD0000342,SHP000373,E003769,in_transit,2025-01-02 00:00:00,Miami,CA
ORD0002179,SHP001045,E003077,in_transit,2025-11-17 02:00:00,Miami,AZ
ORD0002179,SHP000357,E003077,in_transit,2025-06-08 07:00:00,Phoenix,CA
ORD0001536,SHP001192,E003604,in_transit,2025-01-13 08:00:00,Chicago,WA
ORD0001536,SHP001015,E003604,out_for_delivery,2025-05-15 02:00:00,New York,AZ
ORD0000773,SHP000779,E003870,delivered,2025-09-01 06:00:00,Chicago,AZ
ORD0000773,SHP000959,E003870,delivered,2025-05-10 07:00:00,Chicago,WA
ORD0000748,SHP001573,E002626,out_for_delivery,2025-10-01 16:00:00,New York,NY
ORD0000748,SHP000342,E002626,in_transit,2025-05-09 08:00:00,New York,NY
ORD0000012,SHP001272,E004321,in_transit,2025-04-04 06:00:00,Miami,WA
ORD0000012,SHP001066,E004321,in_transit,2025-12-10 16:00:00,Denver,TX
ORD0000120,SHP000935,E001827,delivered,2025-09-12 23:00:00,Seattle,TX
ORD0000120,SHP000009,E001827,exception,2025-04-19 17:00:00,New York,WA
ORD0001224,SHP000153,E003189,exception,2025-07-15 09:00:00,Chicago,CO
ORD0001224,SHP000547,E003189,delivered,2025-10-26 10:00:00,Chicago,IL
ORD0001006,SHP000617,E003475,out_for_delivery,2025-02-27 12:00:00,Los Angeles,NY
ORD0001006,SHP001391,E003475,picked_up,2025-02-04 01:00:00,Denver,CA
ORD0000059,SHP000159,E005577,out_for_delivery,2025-09-25 22:00:00,Denver,CA
ORD0000059,SHP001414,E005577,picked_up,2025-05-19 08:00:00,Phoenix,CO
ORD0001562,SHP001166,E004364,out_for_delivery,2025-01-26 02:00:00,Chicago,TX
ORD0001562,SHP001475,E004364,picked_up,2025-10-12 01:00:00,New York,WA
ORD0002143,SHP000597,E004649,in_transit,2025-11-06 16:00:00,Seattle,TX
ORD0002143,SHP001172,E004649,in_transit,2025-09-01 08:00:00,Phoenix,NY
ORD0000810,SHP000364,E000125,in_transit,2025-06-26 04:00:00,Los Angeles,CO
ORD0000810,SHP000493,E000125,in_transit,2025-11-24 06:00:00,Phoenix,FL
ORD0001552,SHP000816,E002583,delivered,2025-12-11 02:00:00,Chicago,CA
ORD0001552,SHP001159,E002583,in_transit,2025-02-21 01:00:00,Chicago,TX
ORD0001807,SHP001800,E005227,picked_up,2025-08-30 06:00:00,Los Angeles,NY
ORD0001807,SHP001312,E005227,delivered,2025-12-11 04:00:00,Miami,IL
ORD0000858,SHP001212,E003682,delivered,2025-05-23 10:00:00,Dallas,IL
ORD0000858,SHP000272,E003682,in_transit,2025-11-23 16:00:00,Miami,FL
ORD0000592,SHP000943,E004855,picked_up,2025-07-26 09:00:00,Phoenix,IL
ORD0000592,SHP000553,E004855,out_for_delivery,2025-10-30 23:00:00,Los Angeles,CO
ORD0000793,SHP000571,E003313,picked_up,2025-06-30 18:00:00,Dallas,IL
ORD0000793,SHP000533,E003313,in_transit,2025-08-06 18:00:00,Los Angeles,FL
ORD0001055,SHP000367,E004050,picked_up,2025-03-16 18:00:00,Chicago,FL
ORD0001055,SHP000843,E004050,in_transit,2025-04-27 09:00:00,Chicago,CA
ORD0001913,SHP000526,E000283,label_created,2025-02-19 12:00:00,Phoenix,WA
ORD0001913,SHP000772,E000283,picked_up,2025-11-01 21:00:00,Denver,CA
ORD0001379,SHP001698,E001276,out_for_delivery,2025-05-17 17:00:00,New York,WA
ORD0001379,SHP000073,E001276,in_transit,2025-04-07 17:00:00,Seattle,CO
ORD0000020,SHP001702,E002734,delivered,2025-08-07 08:00:00,Los Angeles,IL
ORD0000020,SHP001570,E002734,out_for_delivery,2025-11-28 10:00:00,Los Angeles,FL
ORD0000787,SHP000599,E001046,in_transit,2025-12-31 17:00:00,Chicago,IL
ORD0000787,SHP001482,E001046,in_transit,2025-05-23 22:00:00,New York,WA
ORD0000350,SHP000598,E004341,label_created,2025-09-19 09:00:00,New York,TX
ORD0000350,SHP000326,E004341,delivered,2025-04-20 23:00:00,Dallas,CO
ORD0000477,SHP001538,E003188,picked_up,2025-11-22 10:00:00,Seattle,TX
ORD0000477,SHP000305,E003188,delivered,2025-12-11 17:00:00,Los Angeles,AZ
ORD0001583,SHP000852,E002377,in_transit,2025-04-26 09:00:00,Denver,IL
ORD0001583,SHP000100,E002377,picked_up,2025-09-09 00:00:00,Chicago,CA
ORD0000280,SHP000727,E004786,label_created,2025-05-03 13:00:00,Denver,FL
ORD0000280,SHP000505,E004786,in_transit,2025-10-02 23:00:00,Dallas,CO
ORD0001719,SHP000262,E004028,delivered,2025-09-30 16:00:00,Seattle,AZ
ORD0001719,SHP001014,E004028,in_transit,2025-09-30 13:00:00,Denver,CA
ORD0001350,SHP001301,E001185,out_for_delivery,2025-03-05 09:00:00,Denver,FL
ORD0001350,SHP001254,E001185,delivered,2025-08-27 17:00:00,Chicago,CO
ORD0001088,SHP001131,E002386,picked_up,2025-09-19 09:00:00,New York,WA
ORD0001088,SHP001427,E002386,delivered,2025-06-15 06:00:00,Phoenix,AZ
ORD0000992,SHP000061,E000369,in_transit,2025-11-26 03:00:00,Seattle,IL
ORD0000992,SHP001424,E000369,delivered,2025-11-18 21:00:00,Denver,AZ
ORD0000778,SHP000960,E001311,picked_up,2025-07-10 02:00:00,Chicago,WA
ORD0000778,SHP001133,E001311,picked_up,2025-06-13 23:00:00,Miami,IL
ORD0000524,SHP001477,E000032,in_transit,2025-06-08 01:00:00,Seattle,TX
ORD0000524,SHP000946,E000032,out_for_delivery,2025-09-13 10:00:00,Dallas,TX
ORD0001784,SHP000879,E000348,delivered,2025-03-06 00:00:00,Miami,CA
ORD0001784,SHP000723,E000348,in_transit,2025-06-25 14:00:00,Seattle,NY
ORD0000688,SHP000406,E003748,delivered,2025-12-08 15:00:00,Phoenix,FL
ORD0000688,SHP001276,E003748,delivered,2025-03-30 22:00:00,Denver,CO
ORD0001431,SHP000520,E002875,label_created,2025-08-03 06:00:00,Dallas,WA
ORD0001431,SHP001458,E002875,out_for_delivery,2025-11-05 09:00:00,Seattle,CA
ORD0001185,SHP001328,E003424,label_created,2025-09-14 12:00:00,Denver,FL
ORD0001185,SHP000074,E003424,out_for_delivery,2025-07-02 12:00:00,Miami,TX
ORD0001507,SHP000993,E000749,in_transit,2025-03-25 00:00:00,Dallas,TX
ORD0001507,SHP001648,E000749,in_transit,2025-01-16 11:00:00,Chicago,AZ
ORD0000104,SHP000051,E004171,out_for_delivery,2025-05-09 14:00:00,Phoenix,FL
ORD0000104,SHP001730,E004171,out_for_delivery,2025-09-01 11:00:00,Seattle,CO
ORD0000485,SHP001503,E004093,in_transit,2025-11-21 07:00:00,Miami,CA
ORD0000485,SHP000271,E004093,out_for_delivery,2025-05-30 23:00:00,Denver,IL
ORD0000890,SHP000762,E001753,in_transit,2025-03-08 22:00:00,Phoenix,AZ
ORD0000890,SHP000797,E001753,out_for_delivery,2025-01-13 07:00:00,Seattle,WA
ORD0000668,SHP001670,E003675,picked_up,2025-11-17 10:00:00,Dallas,CO
ORD0000668,SHP000020,E003675,picked_up,2025-05-18 14:00:00,New York,IL
ORD0000542,SHP001190,E001899,in_transit,2025-11-21 09:00:00,Los Angeles,AZ
ORD0000542,SHP001532,E001899,out_for_delivery,2025-02-24 20:00:00,Miami,CA
ORD0000361,SHP001529,E004524,in_transit,2025-06-03 09:00:00,Phoenix,FL
ORD0000361,SHP000069,E004524,picked_up,2025-02-01 19:00:00,Chicago,IL
ORD0000078,SHP000710,E003589,picked_up,2025-08-24 18:00:00,Chicago,FL
ORD0000078,SHP000044,E003589,out_for_delivery,2025-12-04 06:00:00,Phoenix,WA
ORD0001776,SHP001588,E002721,in_transit,2025-01-22 17:00:00,Los Angeles,NY
ORD0001776,SHP001786,E002721,picked_up,2025-12-02 08:00:00,Los Angeles,FL
ORD0001780,SHP001246,E004943,picked_up,2025-06-10 19:00:00,Seattle,NY
ORD0001780,SHP001420,E004943,label_created,2025-09-11 07:00:00,New York,WA
ORD0001754,SHP000474,E000785,delivered,2025-07-28 14:00:00,Seattle,TX
ORD0001754,SHP000033,E000785,picked_up,2025-11-14 05:00:00,New York,AZ
ORD0000077,SHP000478,E002536,in_transit,2025-07-07 10:00:00,Dallas,IL
ORD0000077,SHP000325,E002536,label_created,2025-11-19 05:00:00,Dallas,CA
ORD0000321,SHP001668,E000631,label_created,2025-10-09 03:00:00,Los Angeles,FL
ORD0000321,SHP001580,E000631,in_transit,2025-06-20 12:00:00,Dallas,NY
ORD0002188,SHP001287,E005179,delivered,2025-02-26 01:00:00,Phoenix,CA
ORD0002188,SHP000164,E005179,exception,2025-07-10 02:00:00,New York,WA
ORD0001964,SHP000477,E000648,in_transit,2025-10-29 22:00:00,Miami,IL
ORD0001964,SHP000132,E000648,in_transit,2025-07-02 04:00:00,Seattle,CA
ORD0001082,SHP001495,E004432,exception,2025-01-02 02:00:00,Seattle,CA
ORD0001082,SHP001055,E004432,in_transit,2025-11-12 14:00:00,Dallas,FL
ORD0001693,SHP001291,E003047,out_for_delivery,2025-07-04 13:00:00,Denver,CA
ORD0001693,SHP000073,E003047,out_for_delivery,2025-03-21 23:00:00,Dallas,WA
ORD0000821,SHP000820,E002552,in_transit,2025-10-26 04:00:00,Denver,WA
ORD0000821,SHP000853,E002552,exception,2025-09-14 06:00:00,Miami,NY
ORD0001048,SHP000345,E000039,exception,2025-02-16 16:00:00,Miami,NY
ORD0001048,SHP001789,E000039,picked_up,2025-09-07 08:00:00,Miami,NY
ORD0000178,SHP000287,E000535,delivered,2025-08-22 10:00:00,Chicago,AZ
ORD0000178,SHP001753,E000535,label_created,2025-07-12 22:00:00,Miami,CO
ORD0000264,SHP000851,E005398,in_transit,2025-12-24 14:00:00,Miami,AZ
ORD0000264,SHP001716,E005398,label_created,2025-03-22 07:00:00,Chicago,AZ
ORD0000058,SHP000202,E000653,label_created,2025-08-03 19:00:00,Seattle,NY
ORD0000058,SHP000856,E000653,in_transit,2025-03-11 12:00:00,New York,NY
ORD0001209,SHP001186,E003630,picked_up,2025-05-29 15:00:00,Denver,CA
ORD0001209,SHP001698,E003630,picked_up,2025-08-10 07:00:00,Seattle,TX
ORD0000732,SHP001045,E000547,delivered,2025-11-28 14:00:00,Miami,TX
ORD0000732,SHP000687,E000547,picked_up,2025-07-07 09:00:00,Chicago,CA
ORD0002028,SHP001794,E001942,out_for_delivery,2025-12-23 09:00:00,Chicago,CO
ORD0002028,SHP001768,E001942,in_transit,2025-07-27 05:00:00,Dallas,CA
ORD0002048,SHP000235,E000377,label_created,2025-02-05 13:00:00,Denver,IL
ORD0002048,SHP001223,E000377,out_for_delivery,2025-03-19 08:00:00,Chicago,IL
ORD0000228,SHP000387,E004052,delivered,2025-11-08 18:00:00,Phoenix,IL
ORD0000228,SHP000200,E004052,in_transit,2025-07-19 00:00:00,Phoenix,WA
ORD0000977,SHP000710,E002107,in_transit,2025-07-23 19:00:00,Los Angeles,NY
ORD0000977,SHP000436,E002107,picked_up,2025-03-22 06:00:00,Miami,NY
ORD0000775,SHP000333,E004071,in_transit,2025-01-01 04:00:00,Phoenix,CA
ORD0000775,SHP000094,E004071,delivered,2025-08-12 22:00:00,Seattle,CO
ORD0001400,SHP000127,E003880,label_created,2025-09-23 12:00:00,New York,NY
ORD0001400,SHP000662,E003880,out_for_delivery,2025-11-23 15:00:00,Chicago,IL
ORD0000731,SHP001781,E002662,label_created,2025-02-28 20:00:00,Chicago,TX
ORD0000731,SHP000807,E002662,out_for_delivery,2025-02-03 08:00:00,Denver,FL
ORD0000678,SHP000359,E002128,picked_up,2025-07-05 09:00:00,Chicago,CA
ORD0000678,SHP001363,E002128,in_transit,2025-05-18 06:00:00,Chicago,TX
ORD0002145,SHP000299,E001656,in_transit,2025-05-15 11:00:00,Dallas,WA
ORD0002145,SHP000739,E001656,label_created,2025-12-06 09:00:00,Denver,AZ
ORD0000383,SHP000882,E003917,in_transit,2025-09-28 01:00:00,Seattle,TX
ORD0000383,SHP000647,E003917,in_transit,2025-09-12 18:00:00,Phoenix,CO
ORD0002171,SHP000969,E002077,label_created,2025-07-27 20:00:00,Seattle,FL
ORD0002171,SHP001160,E002077,delivered,2025-07-28 03:00:00,Dallas,WA
ORD0002194,SHP001459,E001779,label_created,2025-03-28 02:00:00,Dallas,WA
ORD0002194,SHP000908,E001779,in_transit,2025-12-05 15:00:00,Seattle,CO
ORD0001628,SHP001469,E003598,in_transit,2025-04-17 15:00:00,Denver,AZ
ORD0001628,SHP001134,E003598,in_transit,2025-01-11 17:00:00,Los Angeles,AZ
ORD0000931,SHP000326,E001710,picked_up,2025-12-02 06:00:00,Los Angeles,TX
ORD0000931,SHP001496,E001710,picked_up,2025-12-05 04:00:00,Los Angeles,NY
ORD0000745,SHP000421,E003187,in_transit,2025-09-02 21:00:00,Dallas,AZ
ORD0000745,SHP000191,E003187,delivered,2025-10-07 19:00:00,Chicago,WA
ORD0000787,SHP000599,E000742,picked_up,2025-03-09 06:00:00,New York,CO
ORD0000787,SHP001482,E000742,out_for_delivery,2025-02-07 09:00:00,Chicago,NY
ORD0001692,SHP000140,E002229,in_transit,2025-11-14 18:00:00,Seattle,NY
ORD0001692,SHP000811,E002229,in_transit,2025-11-09 00:00:00,Chicago,FL
ORD0000402,SHP000438,E000396,in_transit,2025-12-17 02:00:00,New York,CO
ORD0000402,SHP000701,E000396,label_created,2025-09-10 23:00:00,Seattle,AZ
ORD0002115,SHP000042,E004069,label_created,2025-10-19 03:00:00,Denver,WA
ORD0002115,SHP001430,E004069,out_for_delivery,2025-04-06 14:00:00,Seattle,CO
ORD0000502,SHP000612,E001985,picked_up,2025-10-28 23:00:00,Los Angeles,AZ
ORD0000502,SHP001720,E001985,label_created,2025-10-19 21:00:00,Miami,TX
ORD0002131,SHP001063,E004191,label_created,2025-08-28 06:00:00,Denver,FL
ORD0002131,SHP000032,E004191,label_created,2025-08-09 03:00:00,New York,TX
ORD0001963,SHP000982,E001603,picked_up,2025-03-03 06:00:00,Chicago,AZ
ORD0001963,SHP001552,E001603,in_transit,2025-12-01 22:00:00,Chicago,AZ
ORD0000656,SHP001316,E000309,delivered,2025-01-23 07:00:00,Miami,WA
ORD0000656,SHP000689,E000309,out_for_delivery,2025-08-07 05:00:00,Miami,CA
ORD0000019,SHP000415,E000807,in_transit,2025-05-17 03:00:00,Phoenix,NY
ORD0000019,SHP000474,E000807,label_created,2025-09-03 04:00:00,Los Angeles,CA
ORD0001977,SHP001212,E005336,in_transit,2025-11-24 19:00:00,New York,CO
ORD0001977,SHP001383,E005336,label_created,2025-12-24 00:00:00,Seattle,AZ
ORD0001305,SHP001051,E002340,label_created,2025-03-05 22:00:00,Miami,NY
ORD0001305,SHP001546,E002340,picked_up,2025-06-28 06:00:00,Dallas,TX
ORD0000962,SHP001727,E002302,in_transit,2025-12-02 07:00:00,Denver,FL
ORD0000962,SHP000166,E002302,in_transit,2025-02-21 09:00:00,Phoenix,CA
ORD0001437,SHP001475,E002580,picked_up,2025-04-18 20:00:00,Seattle,CO
ORD0001437,SHP000060,E002580,out_for_delivery,2025-12-05 03:00:00,Denver,NY
ORD0001939,SHP000483,E000842,picked_up,2025-07-27 19:00:00,Dallas,CO
ORD0001939,SHP001643,E000842,label_created,2025-02-04 22:00:00,New York,AZ
ORD0000201,SHP000060,E004653,label_created,2025-01-12 09:00:00,Los Angeles,CO
ORD0000201,SHP000343,E004653,label_created,2025-04-23 06:00:00,Seattle,CA
ORD0001744,SHP000177,E002419,in_transit,2025-08-24 00:00:00,Miami,CA
ORD0001744,SHP000144,E002419,out_for_delivery,2025-05-12 14:00:00,New York,WA
ORD0002100,SHP000532,E004995,picked_up,2025-01-15 04:00:00,New York,FL
ORD0002100,SHP001100,E004995,delivered,2025-11-03 17:00:00,New York,WA
ORD0001931,SHP000211,E003532,label_created,2025-08-25 08:00:00,New York,CA
ORD0001931,SHP000233,E003532,label_created,2025-05-13 04:00:00,Chicago,FL
ORD0001921,SHP000095,E005395,out_for_delivery,2025-06-22 20:00:00,Chicago,AZ
ORD0001921,SHP000120,E005395,label_created,2025-06-19 10:00:00,Phoenix,NY
ORD0001107,SHP001348,E004467,in_transit,2025-10-17 00:00:00,Dallas,WA
ORD0001107,SHP001594,E004467,picked_up,2025-02-08 02:00:00,Phoenix,WA
ORD0000782,SHP001514,E002050,out_for_delivery,2025-07-06 22:00:00,Denver,FL
ORD0000782,SHP001110,E002050,in_transit,2025-02-19 09:00:00,Chicago,WA
ORD0001356,SHP001211,E001219,in_transit,2025-03-15 09:00:00,Los Angeles,WA
ORD0001356,SHP000837,E001219,label_created,2025-12-19 16:00:00,Seattle,TX
ORD0000082,SHP001618,E000540,picked_up,2025-03-31 12:00:00,Los Angeles,CO
ORD0000082,SHP000427,E000540,out_for_delivery,2025-08-14 00:00:00,Seattle,NY
ORD0000561,SHP000236,E001045,picked_up,2025-12-04 15:00:00,Denver,NY
ORD0000561,SHP001703,E001045,in_transit,2025-07-22 15:00:00,Miami,FL
ORD0000449,SHP000036,E001224,label_created,2025-07-08 08:00:00,Los Angeles,FL
ORD0000449,SHP001192,E001224,picked_up,2025-07-09 14:00:00,Phoenix,NY
ORD0000056,SHP001728,E004254,in_transit,2025-04-08 07:00:00,New York,TX
ORD0000056,SHP000553,E004254,delivered,2025-03-21 06:00:00,New York,CO
ORD0000383,SHP000882,E000943,delivered,2025-01-09 05:00:00,Los Angeles,CO
ORD0000383,SHP000647,E000943,picked_up,2025-05-04 23:00:00,Chicago,WA
ORD0001109,SHP001610,E000240,in_transit,2025-07-19 00:00:00,Chicago,CO
ORD0001109,SHP000643,E000240,in_transit,2025-09-29 17:00:00,Phoenix,TX
ORD0000150,SHP001414,E000636,out_for_delivery,2025-01-18 00:00:00,Dallas,CO
ORD0000150,SHP000476,E000636,in_transit,2025-06-29 18:00:00,Chicago,IL
ORD0001915,SHP001559,E001556,out_for_delivery,2025-09-20 17:00:00,Phoenix,TX
ORD0001915,SHP000446,E001556,in_transit,2025-03-06 07:00:00,Miami,CA
ORD0000954,SHP001503,E005445,picked_up,2025-12-11 00:00:00,Seattle,IL
ORD0000954,SHP001413,E005445,picked_up,2025-10-04 20:00:00,Chicago,FL
ORD0001664,SHP001603,E004863,in_transit,2025-02-21 05:00:00,Chicago,FL
ORD0001664,SHP000539,E004863,delivered,2025-04-17 22:00:00,Los Angeles,FL
ORD0001277,SHP000881,E004487,in_transit,2025-10-16 05:00:00,Chicago,FL
ORD0001277,SHP000079,E004487,in_transit,2025-07-21 01:00:00,Phoenix,TX
ORD0000869,SHP000148,E000582,in_transit,2025-12-30 19:00:00,Phoenix,NY
ORD0000869,SHP000858,E000582,in_transit,2025-08-04 09:00:00,Denver,NY
ORD0000986,SHP000695,E002606,in_transit,2025-04-29 15:00:00,Seattle,NY
ORD0000986,SHP000512,E002606,picked_up,2025-01-28 18:00:00,Chicago,AZ
ORD0001853,SHP001180,E002090,label_created,2025-10-16 15:00:00,Dallas,CO
ORD0001853,SHP000925,E002090,label_created,2025-12-15 07:00:00,Miami,FL
ORD0001742,SHP001292,E000135,in_transit,2025-09-12 05:00:00,Chicago,AZ
ORD0001742,SHP001081,E000135,in_transit,2025-06-01 01:00:00,Chicago,IL
ORD0001325,SHP000224,E001197,in_transit,2025-10-24 05:00:00,Denver,FL
ORD0001325,SHP000732,E001197,in_transit,2025-07-06 23:00:00,Seattle,NY
ORD0000016,SHP000167,E005089,in_transit,2025-10-07 04:00:00,Denver,NY
ORD0000016,SHP001679,E005089,picked_up,2025-05-02 21:00:00,Denver,AZ
ORD0001627,SHP000444,E001354,label_created,2025-03-03 21:00:00,Miami,TX
ORD0001627,SHP000459,E001354,picked_up,2025-08-31 08:00:00,Chicago,CA
ORD0001136,SHP000655,E003500,label_created,2025-07-31 17:00:00,Seattle,WA
ORD0001136,SHP000853,E003500,in_transit,2025-12-04 03:00:00,Dallas,IL
ORD0001079,SHP000235,E003837,label_created,2025-01-01 06:00:00,Dallas,FL
ORD0001079,SHP000387,E003837,exception,2025-02-25 17:00:00,Seattle,CA
ORD0001646,SHP000973,E004306,in_transit,2025-06-27 12:00:00,Miami,TX
ORD0001646,SHP000600,E004306,in_transit,2025-07-18 20:00:00,Miami,IL
ORD0001564,SHP000262,E004948,in_transit,2025-09-13 23:00:00,Dallas,AZ
ORD0001564,SHP000912,E004948,in_transit,2025-11-09 05:00:00,Miami,TX
ORD0000584,SHP001321,E001440,picked_up,2025-03-19 05:00:00,New York,CO
ORD0000584,SHP001164,E001440,in_transit,2025-01-06 15:00:00,Los Angeles,CO
ORD0001329,SHP001565,E004869,in_transit,2025-04-16 10:00:00,New York,CO
ORD0001329,SHP001291,E004869,delivered,2025-02-25 06:00:00,Phoenix,WA
ORD0000790,SHP001756,E004944,delivered,2025-07-03 09:00:00,Seattle,CO
ORD0000790,SHP001269,E004944,exception,2025-05-26 16:00:00,Los Angeles,FL
ORD0002033,SHP000522,E000112,in_transit,2025-06-27 11:00:00,New York,AZ
ORD0002033,SHP001590,E000112,in_transit,2025-07-04 17:00:00,Dallas,IL
ORD0000460,SHP000714,E003033,picked_up,2025-02-06 06:00:00,Chicago,CA
ORD0000460,SHP001239,E003033,in_transit,2025-01-18 08:00:00,Phoenix,WA
ORD0001614,SHP000667,E005225,in_transit,2025-04-21 16:00:00,New York,AZ
ORD0001614,SHP000731,E005225,exception,2025-12-20 05:00:00,Phoenix,FL
ORD0000607,SHP000455,E003326,in_transit,2025-08-31 06:00:00,Chicago,CO
ORD0000607,SHP001626,E003326,label_created,2025-08-26 05:00:00,Miami,FL
ORD0001290,SHP000909,E005366,picked_up,2025-06-13 18:00:00,Dallas,AZ
ORD0001290,SHP000201,E005366,picked_up,2025-01-08 18:00:00,New York,WA
ORD0002070,SHP000206,E001997,picked_up,2025-09-06 01:00:00,Los Angeles,CA
ORD0002070,SHP001154,E001997,label_created,2025-07-25 12:00:00,Denver,FL
ORD0000519,SHP000962,E005384,delivered,2025-02-02 12:00:00,Los Angeles,AZ
ORD0000519,SHP001240,E005384,in_transit,2025-01-02 09:00:00,Denver,IL
ORD0001316,SHP000800,E003258,label_created,2025-11-23 18:00:00,Dallas,TX
ORD0001316,SHP001619,E003258,in_transit,2025-06-07 08:00:00,Los Angeles,WA
ORD0001675,SHP001099,E005004,picked_up,2025-10-30 18:00:00,Miami,AZ
ORD0001675,SHP000856,E005004,label_created,2025-06-21 17:00:00,Phoenix,AZ
ORD0002198,SHP001484,E003802,label_created,2025-05-06 13:00:00,Chicago,CA
ORD0002198,SHP001752,E003802,out_for_delivery,2025-08-26 05:00:00,Dallas,CA
ORD0000129,SHP001767,E003321,in_transit,2025-12-21 13:00:00,Dallas,AZ
ORD0000129,SHP000603,E003321,delivered,2025-12-16 12:00:00,Seattle,CA
ORD0000636,SHP000395,E002557,in_transit,2025-08-23 06:00:00,Seattle,WA
ORD0000636,SHP000137,E002557,delivered,2025-12-09 03:00:00,Seattle,IL
ORD0000643,SHP001097,E002814,in_transit,2025-06-21 12:00:00,Denver,FL
ORD0000643,SHP001093,E002814,label_created,2025-11-24 17:00:00,Seattle,CO
ORD0001417,SHP000943,E002408,out_for_delivery,2025-09-14 18:00:00,Los Angeles,WA
ORD0001417,SHP001409,E002408,in_transit,2025-05-01 10:00:00,Dallas,CO
ORD0001720,SHP001737,E003315,out_for_delivery,2025-02-24 15:00:00,Denver,TX
ORD0001720,SHP000447,E003315,picked_up,2025-11-02 03:00:00,Dallas,AZ
ORD0001934,SHP001605,E000124,out_for_delivery,2025-06-09 15:00:00,Miami,CA
ORD0001934,SHP001543,E000124,in_transit,2025-09-22 09:00:00,Phoenix,WA
ORD0000397,SHP000296,E004355,delivered,2025-04-05 13:00:00,Chicago,FL
ORD0000397,SHP001176,E004355,picked_up,2025-09-05 05:00:00,New York,NY
ORD0000168,SHP000036,E000381,in_transit,2025-03-27 09:00:00,Phoenix,TX
ORD0000168,SHP000460,E000381,in_transit,2025-11-25 04:00:00,Miami,TX
ORD0000709,SHP000469,E000244,label_created,2025-05-20 11:00:00,Los Angeles,TX
ORD0000709,SHP001006,E000244,in_transit,2025-02-01 22:00:00,Seattle,TX
ORD0001155,SHP000760,E005564,out_for_delivery,2025-01-21 06:00:00,Seattle,NY
ORD0001155,SHP000686,E005564,in_transit,2025-04-05 14:00:00,Seattle,TX
ORD0000447,SHP000780,E004793,label_created,2025-01-15 15:00:00,Phoenix,NY
ORD0000447,SHP001474,E004793,exception,2025-04-03 13:00:00,Seattle,AZ
ORD0001114,SHP000210,E001388,in_transit,2025-05-18 08:00:00,Phoenix,AZ
ORD0001114,SHP000220,E001388,out_for_delivery,2025-10-18 17:00:00,Chicago,NY
ORD0001455,SHP001092,E002348,in_transit,2025-09-13 14:00:00,Phoenix,TX
ORD0001455,SHP000422,E002348,out_for_delivery,2025-01-28 03:00:00,Miami,CO
ORD0001776,SHP001786,E001069,out_for_delivery,2025-05-18 00:00:00,Los Angeles,FL
ORD0001776,SHP001588,E001069,delivered,2025-02-06 14:00:00,New York,CO
ORD0001032,SHP001049,E001213,exception,2025-05-11 18:00:00,Seattle,FL
ORD0001032,SHP001102,E001213,out_for_delivery,2025-11-27 13:00:00,Phoenix,AZ
ORD0000532,SHP001725,E002070,in_transit,2025-12-21 22:00:00,Denver,WA
ORD0000532,SHP000032,E002070,delivered,2025-10-31 15:00:00,Los Angeles,AZ
ORD0000701,SHP001078,E003519,delivered,2025-07-08 15:00:00,Los Angeles,CO
ORD0000701,SHP000753,E003519,in_transit,2025-12-28 16:00:00,Dallas,CO
ORD0002040,SHP001147,E004277,delivered,2025-08-19 23:00:00,Seattle,FL
ORD0002040,SHP000006,E004277,out_for_delivery,2025-08-08 07:00:00,New York,FL
ORD0000500,SHP000295,E004294,in_transit,2025-05-04 10:00:00,Phoenix,CA
ORD0000500,SHP001519,E004294,in_transit,2025-02-12 13:00:00,New York,AZ
ORD0000573,SHP001060,E000144,out_for_delivery,2025-05-11 23:00:00,Denver,IL
ORD0000573,SHP000319,E000144,in_transit,2025-12-09 04:00:00,Seattle,WA
ORD0000114,SHP001613,E003058,picked_up,2025-12-01 08:00:00,Phoenix,FL
ORD0000114,SHP000075,E003058,in_transit,2025-01-25 21:00:00,Miami,AZ
ORD0001158,SHP001349,E002576,label_created,2025-09-02 21:00:00,Miami,FL
ORD0001158,SHP000088,E002576,in_transit,2025-05-25 14:00:00,New York,WA
ORD0000346,SHP001431,E001113,in_transit,2025-03-05 01:00:00,Phoenix,CA
ORD0000346,SHP000203,E001113,in_transit,2025-04-07 12:00:00,Denver,TX
ORD0000056,SHP000212,E004346,delivered,2025-01-05 02:00:00,Dallas,FL
ORD0000056,SHP001635,E004346,picked_up,2025-10-05 17:00:00,Dallas,IL
ORD0000367,SHP000086,E001864,out_for_delivery,2025-02-09 09:00:00,Seattle,AZ
ORD0000367,SHP001720,E001864,in_transit,2025-08-20 12:00:00,New York,WA
ORD0000903,SHP000731,E004641,label_created,2025-01-24 01:00:00,Chicago,CO
ORD0000903,SHP000195,E004641,out_for_delivery,2025-11-17 05:00:00,Phoenix,CO
ORD0000129,SHP000603,E003004,picked_up,2025-06-06 02:00:00,Seattle,CA
ORD0000129,SHP001767,E003004,in_transit,2025-12-31 19:00:00,Denver,AZ
ORD0001058,SHP000526,E000620,out_for_delivery,2025-04-07 03:00:00,New York,WA
ORD0001058,SHP000379,E000620,in_transit,2025-07-20 12:00:00,Dallas,CA
ORD0000350,SHP000323,E001554,picked_up,2025-06-17 23:00:00,Miami,NY
ORD0000350,SHP001534,E001554,in_transit,2025-07-13 16:00:00,Denver,NY
ORD0001208,SHP000826,E002591,label_created,2025-04-14 03:00:00,Dallas,FL
ORD0001208,SHP000190,E002591,picked_up,2025-04-18 05:00:00,Dallas,AZ
ORD0001163,SHP000614,E001222,picked_up,2025-04-28 10:00:00,Chicago,TX
ORD0001163,SHP000867,E001222,delivered,2025-02-08 20:00:00,Miami,AZ
ORD0002082,SHP001409,E002574,out_for_delivery,2025-12-27 11:00:00,Chicago,NY
ORD0002082,SHP000629,E002574,picked_up,2025-05-22 22:00:00,New York,WA
ORD0001947,SHP000093,E003061,in_transit,2025-08-08 13:00:00,Chicago,IL
ORD0001947,SHP000053,E003061,in_transit,2025-09-09 06:00:00,Seattle,WA
ORD0000858,SHP001212,E001263,delivered,2025-06-01 18:00:00,Chicago,FL
ORD0000858,SHP001070,E001263,label_created,2025-09-11 18:00:00,Denver,WA
ORD0001755,SHP000777,E003655,delivered,2025-11-28 11:00:00,Seattle,AZ
ORD0001755,SHP000996,E003655,delivered,2025-11-25 09:00:00,Seattle,CA
ORD0001447,SHP001600,E005264,in_transit,2025-12-22 03:00:00,Denver,WA
ORD0001447,SHP001443,E005264,in_transit,2025-04-16 16:00:00,Seattle,CO
ORD0000995,SHP000050,E002377,out_for_delivery,2025-04-11 18:00:00,Miami,TX
ORD0000995,SHP000987,E002377,delivered,2025-12-08 20:00:00,Chicago,NY
ORD0002117,SHP001768,E003570,out_for_delivery,2025-10-13 17:00:00,Denver,WA
ORD0002117,SHP000105,E003570,out_for_delivery,2025-06-30 07:00:00,Chicago,AZ
ORD0001898,SHP000405,E000509,in_transit,2025-09-05 18:00:00,Chicago,CA
ORD0001898,SHP000118,E000509,picked_up,2025-10-21 09:00:00,Miami,NY
ORD0000346,SHP001431,E000520,in_transit,2025-08-30 21:00:00,Miami,IL
ORD0000346,SHP000742,E000520,out_for_delivery,2025-09-18 11:00:00,Miami,AZ
ORD0001872,SHP000882,E002717,out_for_delivery,2025-10-07 02:00:00,Denver,CO
ORD0001872,SHP001259,E002717,in_transit,2025-05-29 13:00:00,Phoenix,FL
ORD0001672,SHP001742,E003447,label_created,2025-05-13 15:00:00,Seattle,CA
ORD0001672,SHP001599,E003447,picked_up,2025-06-06 02:00:00,Seattle,IL
ORD0001625,SHP001699,E000459,picked_up,2025-04-21 12:00:00,Seattle,AZ
ORD0001625,SHP001372,E000459,out_for_delivery,2025-01-01 08:00:00,New York,IL
ORD0001505,SHP001522,E004839,out_for_delivery,2025-05-25 14:00:00,Phoenix,FL
ORD0001505,SHP000638,E004839,picked_up,2025-01-25 14:00:00,Dallas,FL
ORD0001675,SHP000856,E004530,label_created,2025-02-16 09:00:00,Los Angeles,FL
ORD0001675,SHP001099,E004530,in_transit,2025-11-29 11:00:00,Chicago,FL
ORD0001025,SHP000414,E002302,label_created,2025-01-05 22:00:00,Phoenix,TX
ORD0001025,SHP000612,E002302,label_created,2025-12-29 09:00:00,Dallas,WA
ORD0000348,SHP000333,E000731,in_transit,2025-08-30 22:00:00,Phoenix,IL
ORD0000348,SHP000850,E000731,in_transit,2025-05-14 18:00:00,Los Angeles,AZ
ORD0001070,SHP001445,E000352,picked_up,2025-02-04 00:00:00,Denver,CA
ORD0001070,SHP000006,E000352,in_transit,2025-04-29 13:00:00,Chicago,TX
ORD0001441,SHP000397,E003079,in_transit,2025-09-07 05:00:00,Los Angeles,NY
ORD0001441,SHP000221,E003079,label_created,2025-02-20 04:00:00,Miami,FL
ORD0000024,SHP000785,E005366,out_for_delivery,2025-02-05 22:00:00,Seattle,CA
ORD0000024,SHP000252,E005366,delivered,2025-04-28 04:00:00,Seattle,IL
ORD0002193,SHP000165,E003338,in_transit,2025-04-01 00:00:00,Los Angeles,TX
ORD0002193,SHP000204,E003338,picked_up,2025-01-11 02:00:00,Miami,FL
ORD0000345,SHP000437,E002935,in_transit,2025-01-21 17:00:00,Denver,IL
ORD0000345,SHP001775,E002935,picked_up,2025-05-27 06:00:00,New York,CO
ORD0000953,SHP000214,E004436,picked_up,2025-06-20 04:00:00,Miami,TX
ORD0000953,SHP001062,E004436,in_transit,2025-04-29 17:00:00,Chicago,IL
ORD0000565,SHP001485,E003315,in_transit,2025-12-16 04:00:00,Denver,IL
ORD0000565,SHP000904,E003315,delivered,2025-04-23 06:00:00,Phoenix,AZ
ORD0000890,SHP000467,E002811,label_created,2025-09-10 10:00:00,Los Angeles,NY
ORD0000890,SHP000762,E002811,picked_up,2025-04-17 04:00:00,Los Angeles,AZ
ORD0001695,SHP001609,E003432,delivered,2025-05-22 20:00:00,Denver,TX
ORD0001695,SHP000909,E003432,exception,2025-09-15 06:00:00,Dallas,IL
ORD0000470,SHP001564,E004132,in_transit,2025-03-25 03:00:00,Seattle,AZ
ORD0000470,SHP001609,E004132,out_for_delivery,2025-01-21 20:00:00,Miami,CA
ORD0000575,SHP000851,E001718,delivered,2025-05-03 00:00:00,Chicago,CO
ORD0000575,SHP001617,E001718,picked_up,2025-09-21 15:00:00,Chicago,CA
ORD0001331,SHP000408,E000135,picked_up,2025-11-13 18:00:00,New York,CO
ORD0001331,SHP000553,E000135,out_for_delivery,2025-01-26 09:00:00,Chicago,IL
ORD0000331,SHP000322,E003402,in_transit,2025-07-15 01:00:00,New York,NY
ORD0000331,SHP000388,E003402,out_for_delivery,2025-07-07 21:00:00,New York,CO
ORD0000350,SHP000323,E001686,picked_up,2025-11-30 06:00:00,Seattle,IL
ORD0000350,SHP000598,E001686,label_created,2025-01-03 21:00:00,Seattle,IL
ORD0000419,SHP000026,E000953,label_created,2025-09-18 18:00:00,Los Angeles,WA
ORD0000419,SHP000872,E000953,in_transit,2025-01-17 20:00:00,Phoenix,NY
ORD0000420,SHP001232,E000274,picked_up,2025-09-03 18:00:00,Denver,IL
ORD0000420,SHP000552,E000274,picked_up,2025-04-09 07:00:00,Los Angeles,CO
ORD0001352,SHP001191,E002841,delivered,2025-11-24 17:00:00,Miami,CA
ORD0001352,SHP001449,E002841,in_transit,2025-01-21 10:00:00,Phoenix,CO
ORD0000471,SHP001576,E003062,in_transit,2025-07-22 11:00:00,Los Angeles,FL
ORD0000471,SHP001701,E003062,label_created,2025-05-24 05:00:00,Chicago,IL
ORD0001224,SHP000547,E005082,in_transit,2025-01-28 01:00:00,Phoenix,FL
ORD0001224,SHP001328,E005082,in_transit,2025-03-07 21:00:00,Seattle,WA
ORD0001802,SHP000677,E003356,out_for_delivery,2025-02-14 00:00:00,Denver,AZ
ORD0001802,SHP000378,E003356,picked_up,2025-02-17 23:00:00,Phoenix,CA
ORD0000693,SHP001668,E002719,in_transit,2025-06-23 08:00:00,Los Angeles,CO
ORD0000693,SHP000160,E002719,delivered,2025-06-14 22:00:00,Seattle,FL
ORD0000368,SHP000706,E003586,out_for_delivery,2025-01-14 05:00:00,Los Angeles,AZ
ORD0000368,SHP000267,E003586,picked_up,2025-09-15 14:00:00,Dallas,FL
ORD0001339,SHP001190,E003610,out_for_delivery,2025-07-30 16:00:00,Dallas,CO
ORD0001339,SHP001212,E003610,in_transit,2025-05-02 15:00:00,Dallas,WA
ORD0000890,SHP000797,E003519,delivered,2025-03-04 19:00:00,Miami,IL
ORD0000890,SHP000762,E003519,exception,2025-08-17 13:00:00,Denver,CO
ORD0000609,SHP000399,E001670,picked_up,2025-06-30 06:00:00,Los Angeles,CA
ORD0000609,SHP000830,E001670,in_transit,2025-06-12 15:00:00,Los Angeles,CA
ORD0000470,SHP001609,E003461,out_for_delivery,2025-09-21 11:00:00,Denver,CA
ORD0000470,SHP001564,E003461,exception,2025-01-29 21:00:00,Chicago,IL
ORD0000871,SHP001109,E005103,in_transit,2025-07-22 23:00:00,Chicago,IL
ORD0000871,SHP000749,E005103,out_for_delivery,2025-10-19 02:00:00,Dallas,TX
ORD0001175,SHP000323,E000032,delivered,2025-10-14 10:00:00,Dallas,NY
ORD0001175,SHP001466,E000032,delivered,2025-02-20 09:00:00,Phoenix,NY
ORD0000020,SHP001570,E005554,delivered,2025-11-12 14:00:00,New York,CA
ORD0000020,SHP001340,E005554,in_transit,2025-01-02 08:00:00,Los Angeles,AZ
ORD0001372,SHP001739,E002599,picked_up,2025-02-13 13:00:00,New York,TX
ORD0001372,SHP001048,E002599,in_transit,2025-01-20 18:00:00,Dallas,WA
ORD0001224,SHP000547,E004950,in_transit,2025-05-28 13:00:00,Dallas,NY
ORD0001224,SHP000153,E004950,picked_up,2025-05-24 23:00:00,Seattle,WA
ORD0000835,SHP000326,E002111,in_transit,2025-09-13 13:00:00,Dallas,TX
ORD0000835,SHP000478,E002111,label_created,2025-08-30 07:00:00,Los Angeles,TX
ORD0000750,SHP001366,E002431,out_for_delivery,2025-09-16 08:00:00,Chicago,CO
ORD0000750,SHP001324,E002431,picked_up,2025-08-22 15:00:00,Denver,WA
ORD0000606,SHP000666,E001673,picked_up,2025-05-23 17:00:00,Seattle,AZ
ORD0000606,SHP001525,E001673,label_created,2025-11-04 06:00:00,New York,AZ
ORD0002109,SHP001481,E003833,exception,2025-10-08 23:00:00,Denver,WA
ORD0002109,SHP000419,E003833,exception,2025-07-20 00:00:00,Dallas,WA
ORD0001249,SHP001662,E000852,label_created,2025-07-05 05:00:00,Miami,IL
ORD0001249,SHP000331,E000852,label_created,2025-09-30 05:00:00,Los Angeles,IL
ORD0000735,SHP001126,E001115,in_transit,2025-06-21 16:00:00,New York,NY
ORD0000735,SHP001686,E001115,label_created,2025-02-25 09:00:00,Miami,WA
ORD0001652,SHP001511,E001359,in_transit,2025-01-27 19:00:00,Dallas,WA
ORD0001652,SHP000741,E001359,delivered,2025-01-05 03:00:00,Denver,WA
ORD0001216,SHP001376,E000795,picked_up,2025-09-05 22:00:00,Seattle,FL
ORD0001216,SHP000097,E000795,label_created,2025-01-14 13:00:00,Dallas,FL
ORD0001691,SHP000671,E005437,delivered,2025-05-22 13:00:00,New York,NY
ORD0001691,SHP000970,E005437,picked_up,2025-10-29 00:00:00,Dallas,TX
ORD0000572,SHP001627,E004687,label_created,2025-02-04 11:00:00,Phoenix,CA
ORD0000572,SHP000782,E004687,in_transit,2025-01-06 10:00:00,Phoenix,FL
ORD0000506,SHP001295,E001192,picked_up,2025-06-14 00:00:00,New York,IL
ORD0000506,SHP000685,E001192,delivered,2025-02-16 21:00:00,New York,NY
ORD0000152,SHP000925,E003170,in_transit,2025-03-10 00:00:00,Chicago,CO
ORD0000152,SHP001714,E003170,exception,2025-10-23 18:00:00,Seattle,FL
ORD0000290,SHP001611,E002801,out_for_delivery,2025-01-19 03:00:00,New York,NY
ORD0000290,SHP000497,E002801,in_transit,2025-04-24 18:00:00,Seattle,AZ
ORD0001043,SHP000299,E003404,in_transit,2025-04-04 16:00:00,Seattle,IL
ORD0001043,SHP000690,E003404,label_created,2025-08-01 06:00:00,Denver,TX
ORD0000452,SHP001422,E000645,out_for_delivery,2025-06-28 09:00:00,Denver,NY
ORD0000452,SHP001222,E000645,delivered,2025-10-18 10:00:00,Los Angeles,WA
ORD0000488,SHP000619,E000304,out_for_delivery,2025-08-30 14:00:00,Miami,NY
ORD0000488,SHP001498,E000304,delivered,2025-09-21 17:00:00,Dallas,NY
ORD0001269,SHP000293,E002812,label_created,2025-12-17 09:00:00,Los Angeles,CO
ORD0001269,SHP000567,E002812,in_transit,2025-01-06 02:00:00,New York,AZ
ORD0000855,SHP000472,E001181,in_transit,2025-06-03 06:00:00,Dallas,CA
ORD0000855,SHP000614,E001181,in_transit,2025-04-30 15:00:00,Dallas,CO
ORD0001789,SHP001018,E001227,delivered,2025-11-14 12:00:00,Miami,NY
ORD0001789,SHP001051,E001227,delivered,2025-09-12 07:00:00,Seattle,CO
ORD0001327,SHP001011,E001041,in_transit,2025-02-06 13:00:00,Phoenix,IL
ORD0001327,SHP000298,E001041,out_for_delivery,2025-12-27 10:00:00,Seattle,CA
ORD0001620,SHP000301,E002875,in_transit,2025-02-09 15:00:00,Phoenix,AZ
ORD0001620,SHP001115,E002875,picked_up,2025-06-04 23:00:00,Miami,WA
ORD0000438,SHP001157,E002441,picked_up,2025-01-31 08:00:00,New York,WA
ORD0000438,SHP001317,E002441,picked_up,2025-09-06 14:00:00,Seattle,NY
ORD0001744,SHP000177,E002281,delivered,2025-02-26 21:00:00,New York,FL
ORD0001744,SHP000144,E002281,in_transit,2025-02-25 11:00:00,Dallas,FL
ORD0001105,SHP001758,E001454,in_transit,2025-09-10 07:00:00,Seattle,AZ
ORD0001105,SHP000271,E001454,picked_up,2025-09-18 03:00:00,Miami,WA
ORD0001318,SHP001088,E004890,in_transit,2025-02-11 04:00:00,Chicago,AZ
ORD0001318,SHP000506,E004890,label_created,2025-05-25 18:00:00,New York,AZ
ORD0001098,SHP000435,E001087,label_created,2025-04-02 03:00:00,Dallas,NY
ORD0001098,SHP001650,E001087,picked_up,2025-11-12 12:00:00,Chicago,FL
ORD0000174,SHP000551,E004664,in_transit,2025-10-27 00:00:00,Miami,AZ
ORD0000174,SHP001515,E004664,in_transit,2025-11-11 13:00:00,Phoenix,CA
ORD0000819,SHP001063,E001966,out_for_delivery,2025-09-20 14:00:00,New York,CA
ORD0000819,SHP001395,E001966,delivered,2025-12-07 08:00:00,Chicago,AZ
ORD0001743,SHP001292,E000452,picked_up,2025-11-21 08:00:00,New York,WA
ORD0001743,SHP000549,E000452,in_transit,2025-03-26 10:00:00,Seattle,TX
ORD0001060,SHP000405,E004582,label_created,2025-04-06 22:00:00,New York,NY
ORD0001060,SHP000147,E004582,picked_up,2025-05-08 14:00:00,Denver,TX
ORD0002130,SHP000970,E001519,exception,2025-07-11 14:00:00,Denver,AZ
ORD0002130,SHP001074,E001519,delivered,2025-05-04 19:00:00,Seattle,CA
ORD0001500,SHP000731,E004464,in_transit,2025-05-31 22:00:00,New York,IL
ORD0001500,SHP001505,E004464,in_transit,2025-06-19 07:00:00,Los Angeles,WA
ORD0000125,SHP000087,E002641,in_transit,2025-08-27 23:00:00,Los Angeles,FL
ORD0000125,SHP000543,E002641,label_created,2025-05-16 10:00:00,Dallas,TX
ORD0002178,SHP000584,E004920,picked_up,2025-03-04 22:00:00,Chicago,AZ
ORD0002178,SHP001330,E004920,label_created,2025-08-11 16:00:00,Seattle,NY
ORD0000869,SHP000687,E000962,picked_up,2025-05-15 04:00:00,Seattle,WA
ORD0000869,SHP000858,E000962,out_for_delivery,2025-08-23 12:00:00,Los Angeles,CA
ORD0001139,SHP000122,E004513,out_for_delivery,2025-04-28 10:00:00,Denver,FL
ORD0001139,SHP000465,E004513,picked_up,2025-01-10 01:00:00,Miami,NY
ORD0002065,SHP001458,E002299,out_for_delivery,2025-09-15 21:00:00,Chicago,TX
ORD0002065,SHP000387,E002299,label_created,2025-01-23 02:00:00,Dallas,FL
ORD0000664,SHP000125,E002548,in_transit,2025-09-09 23:00:00,Chicago,IL
ORD0000664,SHP001139,E002548,in_transit,2025-02-24 15:00:00,Miami,NY
ORD0000113,SHP001377,E005394,delivered,2025-12-09 14:00:00,Los Angeles,WA
ORD0000113,SHP000931,E005394,in_transit,2025-05-07 05:00:00,New York,TX
ORD0001223,SHP001581,E003334,delivered,2025-02-20 04:00:00,Dallas,WA
ORD0001223,SHP000036,E003334,delivered,2025-03-29 23:00:00,Miami,TX
ORD0000653,SHP001633,E001814,delivered,2025-05-03 08:00:00,Los Angeles,CA
ORD0000653,SHP000931,E001814,in_transit,2025-07-17 22:00:00,New York,CA
ORD0001669,SHP000887,E001697,delivered,2025-03-17 22:00:00,Phoenix,IL
ORD0001669,SHP001524,E001697,out_for_delivery,2025-05-12 05:00:00,Denver,NY
ORD0001066,SHP000373,E000102,in_transit,2025-07-16 11:00:00,Los Angeles,AZ
ORD0001066,SHP000841,E000102,picked_up,2025-09-29 08:00:00,Phoenix,AZ
ORD0000387,SHP000264,E003737,in_transit,2025-09-10 14:00:00,Seattle,CO
ORD0000387,SHP000409,E003737,out_for_delivery,2025-08-30 13:00:00,Denver,AZ
ORD0002082,SHP001409,E003879,delivered,2025-11-20 14:00:00,Phoenix,WA
ORD0002082,SHP000629,E003879,out_for_delivery,2025-01-05 03:00:00,Dallas,NY
ORD0000853,SHP001200,E003413,in_transit,2025-09-09 05:00:00,Seattle,NY
ORD0000853,SHP001159,E003413,in_transit,2025-12-15 01:00:00,New York,IL
ORD0001667,SHP001077,E004334,in_transit,2025-04-06 09:00:00,Phoenix,NY
ORD0001667,SHP000686,E004334,picked_up,2025-01-18 06:00:00,Miami,AZ
ORD0000383,SHP000647,E002683,in_transit,2025-10-08 18:00:00,Los Angeles,CO
ORD0000383,SHP000882,E002683,out_for_delivery,2025-10-10 19:00:00,Seattle,CA
ORD0001321,SHP000864,E004253,label_created,2025-09-22 07:00:00,Los Angeles,TX
ORD0001321,SHP000233,E004253,out_for_delivery,2025-04-14 04:00:00,Dallas,NY
ORD0000999,SHP000125,E004705,out_for_delivery,2025-10-31 13:00:00,Denver,NY
ORD0000999,SHP000885,E004705,label_created,2025-05-27 04:00:00,Phoenix,AZ
ORD0000567,SHP001781,E003011,picked_up,2025-01-25 10:00:00,Denver,CA
ORD0000567,SHP000298,E003011,picked_up,2025-11-06 23:00:00,Chicago,TX
ORD0000237,SHP000477,E002983,in_transit,2025-04-24 02:00:00,Seattle,IL
ORD0000237,SHP001130,E002983,in_transit,2025-08-22 22:00:00,Miami,NY
ORD0000625,SHP000026,E003109,in_transit,2025-02-24 20:00:00,Los Angeles,NY
ORD0000625,SHP000210,E003109,in_transit,2025-03-22 08:00:00,Seattle,FL
ORD0001751,SHP000400,E003609,picked_up,2025-02-19 14:00:00,Los Angeles,AZ
ORD0001751,SHP000725,E003609,label_created,2025-01-26 20:00:00,Dallas,CO
ORD0001076,SHP001611,E000183,out_for_delivery,2025-11-12 15:00:00,New York,NY
ORD0001076,SHP000990,E000183,picked_up,2025-07-08 19:00:00,Denver,CA
ORD0001074,SHP000978,E003258,out_for_delivery,2025-10-23 23:00:00,New York,CA
ORD0001074,SHP001428,E003258,in_transit,2025-03-19 14:00:00,Denver,WA
ORD0001335,SHP000702,E002093,picked_up,2025-03-15 18:00:00,Dallas,IL
ORD0001335,SHP000807,E002093,in_transit,2025-10-21 14:00:00,Denver,TX
ORD0000382,SHP000691,E005595,in_transit,2025-12-15 14:00:00,Chicago,WA
ORD0000382,SHP000653,E005595,out_for_delivery,2025-09-21 06:00:00,New York,TX
ORD0001476,SHP000931,E004802,in_transit,2025-07-18 07:00:00,Dallas,CO
ORD0001476,SHP001098,E004802,label_created,2025-05-08 08:00:00,New York,CO
ORD0001239,SHP000943,E004484,picked_up,2025-03-07 22:00:00,Los Angeles,WA
ORD0001239,SHP000650,E004484,in_transit,2025-06-18 00:00:00,Denver,WA
ORD0001553,SHP001231,E004876,in_transit,2025-03-28 22:00:00,Chicago,AZ
ORD0001553,SHP000902,E004876,delivered,2025-08-11 08:00:00,Dallas,CO
ORD0000803,SHP001708,E003302,delivered,2025-04-30 21:00:00,New York,TX
ORD0000803,SHP001756,E003302,delivered,2025-05-27 15:00:00,Miami,CA
ORD0000109,SHP000533,E004836,delivered,2025-10-31 15:00:00,Seattle,CA
ORD0000109,SHP001794,E004836,in_transit,2025-07-01 23:00:00,Los Angeles,AZ
ORD0002139,SHP001015,E003498,label_created,2025-08-18 14:00:00,Seattle,TX
ORD0002139,SHP000949,E003498,delivered,2025-02-22 11:00:00,Chicago,FL
ORD0000919,SHP000898,E000066,label_created,2025-01-10 17:00:00,Seattle,CO
ORD0000919,SHP000021,E000066,picked_up,2025-04-06 06:00:00,Miami,IL
ORD0001319,SHP000249,E004224,delivered,2025-08-22 00:00:00,Los Angeles,FL
ORD0001319,SHP000766,E004224,exception,2025-02-08 11:00:00,Seattle,IL
ORD0001242,SHP000470,E001142,delivered,2025-02-08 16:00:00,Miami,TX
ORD0001242,SHP001024,E001142,in_transit,2025-07-02 09:00:00,Chicago,WA
ORD0001383,SHP001621,E002405,out_for_delivery,2025-09-25 05:00:00,Los Angeles,CA
ORD0001383,SHP000047,E002405,picked_up,2025-10-24 06:00:00,Chicago,NY
ORD0000014,SHP001320,E001348,in_transit,2025-08-04 23:00:00,Denver,WA
ORD0000014,SHP001003,E001348,in_transit,2025-03-19 13:00:00,Los Angeles,NY
ORD0001769,SHP001193,E002651,label_created,2025-07-18 15:00:00,New York,TX
ORD0001769,SHP001090,E002651,delivered,2025-04-02 04:00:00,New York,CA
ORD0001540,SHP000727,E000996,out_for_delivery,2025-12-24 02:00:00,Seattle,NY
ORD0001540,SHP001320,E000996,exception,2025-05-28 10:00:00,New York,CA
ORD0001993,SHP000154,E005686,out_for_delivery,2025-05-27 13:00:00,Denver,NY
ORD0001993,SHP000920,E005686,out_for_delivery,2025-02-28 01:00:00,Dallas,CO
ORD0001754,SHP000033,E004562,out_for_delivery,2025-09-01 10:00:00,Dallas,NY
ORD0001754,SHP000474,E004562,in_transit,2025-07-08 07:00:00,Phoenix,FL
ORD0001167,SHP000378,E003981,out_for_delivery,2025-12-11 11:00:00,Dallas,IL
ORD0001167,SHP001769,E003981,out_for_delivery,2025-05-22 02:00:00,Denver,TX
ORD0000829,SHP000339,E002385,in_transit,2025-08-31 00:00:00,New York,CO
ORD0000829,SHP001227,E002385,in_transit,2025-03-24 12:00:00,Phoenix,WA
ORD0000418,SHP000536,E004769,picked_up,2025-05-21 11:00:00,New York,NY
ORD0000418,SHP001011,E004769,delivered,2025-01-20 21:00:00,Chicago,TX
ORD0000191,SHP000311,E003976,in_transit,2025-12-21 22:00:00,Miami,TX
ORD0000191,SHP001761,E003976,out_for_delivery,2025-08-09 00:00:00,Los Angeles,CO
ORD0000171,SHP001028,E001884,in_transit,2025-03-20 19:00:00,Seattle,WA
ORD0000171,SHP000070,E001884,picked_up,2025-12-13 05:00:00,New York,CA
ORD0001695,SHP001609,E002309,out_for_delivery,2025-07-08 02:00:00,Dallas,NY
ORD0001695,SHP000909,E002309,delivered,2025-03-08 15:00:00,Phoenix,TX
ORD0000704,SHP000629,E003509,in_transit,2025-12-06 17:00:00,Los Angeles,FL
ORD0000704,SHP001199,E003509,picked_up,2025-03-12 23:00:00,Los Angeles,WA
ORD0000057,SHP000307,E004092,in_transit,2025-09-18 00:00:00,Miami,CA
ORD0000057,SHP000584,E004092,picked_up,2025-07-31 23:00:00,New York,IL
ORD0000535,SHP000504,E004505,label_created,2025-12-08 11:00:00,Seattle,CO
ORD0000535,SHP000617,E004505,delivered,2025-11-16 09:00:00,Phoenix,NY
ORD0001821,SHP000353,E000725,in_transit,2025-10-17 16:00:00,Miami,WA
ORD0001821,SHP001020,E000725,delivered,2025-07-27 10:00:00,Miami,IL
ORD0000625,SHP000669,E000412,delivered,2025-01-12 14:00:00,Miami,NY
ORD0000625,SHP001667,E000412,in_transit,2025-06-01 21:00:00,Los Angeles,WA
ORD0002035,SHP000894,E004660,delivered,2025-04-15 14:00:00,Chicago,FL
ORD0002035,SHP000271,E004660,label_created,2025-05-12 15:00:00,New York,WA
ORD0000849,SHP001583,E002370,in_transit,2025-12-26 21:00:00,Los Angeles,CA
ORD0000849,SHP000375,E002370,out_for_delivery,2025-01-05 10:00:00,New York,CO
ORD0000629,SHP000805,E000622,in_transit,2025-09-24 18:00:00,Dallas,TX
ORD0000629,SHP001387,E000622,delivered,2025-03-26 11:00:00,Seattle,TX
ORD0000797,SHP000959,E004591,label_created,2025-10-18 00:00:00,Dallas,AZ
ORD0000797,SHP000495,E004591,out_for_delivery,2025-11-29 01:00:00,Phoenix,AZ
ORD0001769,SHP001090,E002445,label_created,2025-01-06 16:00:00,Chicago,AZ
ORD0001769,SHP001193,E002445,in_transit,2025-02-09 14:00:00,Miami,CO
ORD0000634,SHP001723,E000884,in_transit,2025-11-16 05:00:00,Chicago,CO
ORD0000634,SHP000293,E000884,in_transit,2025-08-15 02:00:00,Phoenix,IL
ORD0000435,SHP000982,E001213,in_transit,2025-05-11 15:00:00,Chicago,AZ
ORD0000435,SHP001579,E001213,label_created,2025-11-03 06:00:00,Denver,CA
ORD0001070,SHP001445,E004234,label_created,2025-04-22 01:00:00,Seattle,FL
ORD0001070,SHP000369,E004234,picked_up,2025-12-31 20:00:00,Seattle,IL
ORD0001663,SHP001611,E004756,in_transit,2025-08-19 04:00:00,Dallas,WA
ORD0001663,SHP000231,E004756,in_transit,2025-02-20 04:00:00,Seattle,IL
ORD0000060,SHP001417,E004118,out_for_delivery,2025-02-26 09:00:00,Phoenix,IL
ORD0000060,SHP001622,E004118,delivered,2025-09-01 23:00:00,Dallas,TX
ORD0000732,SHP001045,E000299,picked_up,2025-10-24 23:00:00,Chicago,TX
ORD0000732,SHP000687,E000299,in_transit,2025-02-27 16:00:00,New York,IL
ORD0000226,SHP001177,E001313,delivered,2025-05-21 08:00:00,Denver,WA
ORD0000226,SHP000452,E001313,in_transit,2025-07-13 15:00:00,Los Angeles,CA
ORD0001281,SHP000651,E000012,in_transit,2025-10-30 18:00:00,Phoenix,NY
ORD0001281,SHP001226,E000012,in_transit,2025-11-11 03:00:00,Seattle,CA
ORD0002066,SHP001656,E002521,in_transit,2025-01-29 21:00:00,Denver,AZ
ORD0002066,SHP000936,E002521,out_for_delivery,2025-12-06 02:00:00,New York,IL
ORD0000191,SHP001761,E000116,in_transit,2025-03-06 05:00:00,Chicago,WA
ORD0000191,SHP000138,E000116,delivered,2025-04-06 19:00:00,Chicago,NY
ORD0000558,SHP000510,E001417,delivered,2025-12-01 04:00:00,Seattle,TX
ORD0000558,SHP000128,E001417,picked_up,2025-12-07 12:00:00,Denver,TX
ORD0001666,SHP000704,E005537,in_transit,2025-04-15 10:00:00,Seattle,TX
ORD0001666,SHP001243,E005537,label_created,2025-05-01 01:00:00,Los Angeles,FL
ORD0000836,SHP000681,E004205,in_transit,2025-09-09 04:00:00,Seattle,CA
ORD0000836,SHP000973,E004205,delivered,2025-01-08 10:00:00,Miami,AZ
ORD0000640,SHP001127,E003655,in_transit,2025-03-07 15:00:00,Seattle,WA
ORD0000640,SHP001115,E003655,in_transit,2025-02-22 15:00:00,Chicago,CA
ORD0000810,SHP001697,E001490,exception,2025-11-28 22:00:00,Seattle,TX
ORD0000810,SHP001635,E001490,in_transit,2025-01-11 10:00:00,Phoenix,AZ
ORD0002149,SHP000945,E004935,in_transit,2025-09-17 15:00:00,Los Angeles,FL
ORD0002149,SHP001038,E004935,exception,2025-08-20 16:00:00,New York,CA
ORD0001974,SHP000108,E004891,label_created,2025-12-01 00:00:00,New York,WA
ORD0001974,SHP000115,E004891,in_transit,2025-07-17 05:00:00,Seattle,CA
ORD0001311,SHP000058,E005138,in_transit,2025-11-05 07:00:00,Los Angeles,CA
ORD0001311,SHP001309,E005138,delivered,2025-02-11 14:00:00,Seattle,IL
ORD0000500,SHP000668,E003471,picked_up,2025-05-13 07:00:00,Seattle,CO
ORD0000500,SHP000295,E003471,in_transit,2025-12-04 04:00:00,Dallas,AZ
ORD0000149,SHP001681,E003603,in_transit,2025-12-18 03:00:00,Dallas,TX
ORD0000149,SHP001443,E003603,picked_up,2025-07-08 08:00:00,Dallas,TX
ORD0001905,SHP000917,E001826,delivered,2025-11-21 08:00:00,Chicago,TX
ORD0001905,SHP000726,E001826,delivered,2025-10-28 23:00:00,New York,TX
ORD0000011,SHP001646,E003594,in_transit,2025-10-17 04:00:00,Denver,FL
ORD0000011,SHP000301,E003594,in_transit,2025-04-14 14:00:00,New York,IL
ORD0002028,SHP001768,E000532,label_created,2025-10-16 21:00:00,Seattle,NY
ORD0002028,SHP001794,E000532,exception,2025-02-22 23:00:00,Los Angeles,AZ
ORD0001201,SHP000732,E005602,in_transit,2025-05-07 19:00:00,Miami,CO
ORD0001201,SHP001493,E005602,out_for_delivery,2025-05-18 22:00:00,Chicago,NY
ORD0000210,SHP001147,E003277,picked_up,2025-08-27 02:00:00,Phoenix,FL
ORD0000210,SHP001129,E003277,label_created,2025-07-06 00:00:00,Seattle,CA
ORD0001357,SHP001027,E003343,label_created,2025-04-12 06:00:00,Chicago,NY
ORD0001357,SHP001368,E003343,out_for_delivery,2025-02-03 18:00:00,Los Angeles,NY
ORD0000833,SHP001311,E003213,in_transit,2025-03-15 09:00:00,Dallas,TX
ORD0000833,SHP001357,E003213,delivered,2025-09-30 03:00:00,Denver,AZ
ORD0001127,SHP000093,E003243,delivered,2025-02-26 12:00:00,Miami,FL
ORD0001127,SHP001714,E003243,picked_up,2025-11-30 08:00:00,Denver,CA
ORD0000862,SHP001669,E002432,delivered,2025-07-15 23:00:00,New York,IL
ORD0000862,SHP001376,E002432,picked_up,2025-06-27 15:00:00,Dallas,FL
ORD0001847,SHP001616,E005291,out_for_delivery,2025-02-12 14:00:00,New York,FL
ORD0001847,SHP000510,E005291,in_transit,2025-04-16 16:00:00,Dallas,NY
ORD0000912,SHP000647,E001392,delivered,2025-08-25 22:00:00,Seattle,NY
ORD0000912,SHP001302,E001392,out_for_delivery,2025-12-14 17:00:00,Seattle,CA
ORD0001273,SHP000237,E002781,out_for_delivery,2025-10-27 22:00:00,New York,TX
ORD0001273,SHP000560,E002781,out_for_delivery,2025-01-05 08:00:00,Dallas,TX
ORD0001647,SHP000158,E000252,in_transit,2025-06-18 15:00:00,Phoenix,IL
ORD0001647,SHP000963,E000252,label_created,2025-04-25 11:00:00,Chicago,NY
ORD0000963,SHP000482,E004643,label_created,2025-10-13 13:00:00,Los Angeles,CO
ORD0000963,SHP000049,E004643,in_transit,2025-05-09 11:00:00,Seattle,CA
ORD0001597,SHP000705,E000969,in_transit,2025-08-29 14:00:00,Phoenix,WA
ORD0001597,SHP001495,E000969,in_transit,2025-11-30 15:00:00,Los Angeles,CO
ORD0000426,SHP001383,E002733,in_transit,2025-11-20 00:00:00,Phoenix,CO
ORD0000426,SHP000624,E002733,picked_up,2025-12-30 11:00:00,New York,IL
ORD0000481,SHP000132,E001762,exception,2025-02-08 05:00:00,Phoenix,IL
ORD0000481,SHP000147,E001762,in_transit,2025-09-27 05:00:00,Seattle,AZ
ORD0001283,SHP001401,E004970,in_transit,2025-11-07 23:00:00,Phoenix,TX
ORD0001283,SHP001768,E004970,picked_up,2025-01-24 13:00:00,Miami,CA
ORD0000224,SHP000387,E004775,delivered,2025-06-16 14:00:00,Denver,TX
ORD0000224,SHP000827,E004775,delivered,2025-12-30 22:00:00,New York,CA
ORD0000761,SHP001360,E005624,picked_up,2025-10-27 02:00:00,New York,NY
ORD0000761,SHP000127,E005624,label_created,2025-09-13 19:00:00,Chicago,IL
ORD0000844,SHP000402,E004286,in_transit,2025-01-15 20:00:00,Chicago,IL
ORD0000844,SHP001434,E004286,label_created,2025-06-29 23:00:00,New York,TX
ORD0001259,SHP000051,E002943,in_transit,2025-03-02 17:00:00,Phoenix,AZ
ORD0001259,SHP001292,E002943,out_for_delivery,2025-02-14 11:00:00,Seattle,CO
ORD0001347,SHP000436,E004952,in_transit,2025-06-03 18:00:00,New York,TX
ORD0001347,SHP001366,E004952,out_for_delivery,2025-04-19 21:00:00,Los Angeles,AZ
ORD0000566,SHP000208,E003094,delivered,2025-11-19 00:00:00,Dallas,CO
ORD0000566,SHP001183,E003094,in_transit,2025-01-18 21:00:00,Dallas,TX
ORD0001737,SHP000941,E005397,in_transit,2025-10-28 10:00:00,Los Angeles,AZ
ORD0001737,SHP000558,E005397,picked_up,2025-05-23 04:00:00,Miami,TX
ORD0001925,SHP001315,E003259,exception,2025-02-27 17:00:00,New York,CO
ORD0001925,SHP001778,E003259,out_for_delivery,2025-06-02 11:00:00,Dallas,IL
ORD0001754,SHP000033,E001338,exception,2025-03-07 06:00:00,Dallas,AZ
ORD0001754,SHP000474,E001338,in_transit,2025-01-02 09:00:00,Miami,AZ
ORD0001268,SHP000477,E000224,exception,2025-03-23 18:00:00,Seattle,AZ
ORD0001268,SHP000648,E000224,in_transit,2025-07-07 17:00:00,Phoenix,NY
ORD0001863,SHP001009,E000626,label_created,2025-05-20 01:00:00,Miami,IL
ORD0001863,SHP001626,E000626,in_transit,2025-04-11 09:00:00,Phoenix,NY
ORD0002185,SHP001012,E005678,out_for_delivery,2025-09-28 14:00:00,New York,TX
ORD0002185,SHP001416,E005678,out_for_delivery,2025-08-16 17:00:00,Phoenix,NY
ORD0000805,SHP000916,E004373,label_created,2025-07-29 21:00:00,Seattle,CA
ORD0000805,SHP000134,E004373,in_transit,2025-11-03 00:00:00,Miami,WA
ORD0001784,SHP000723,E005699,delivered,2025-05-12 11:00:00,Seattle,AZ
ORD0001784,SHP000879,E005699,picked_up,2025-10-30 17:00:00,Chicago,TX
ORD0001654,SHP000474,E002311,in_transit,2025-03-22 18:00:00,Chicago,FL
ORD0001654,SHP001482,E002311,picked_up,2025-04-11 01:00:00,Chicago,IL
ORD0001835,SHP000299,E004032,in_transit,2025-11-04 04:00:00,Dallas,TX
ORD0001835,SHP000772,E004032,in_transit,2025-07-13 09:00:00,New York,AZ
ORD0000444,SHP000321,E002217,in_transit,2025-02-17 04:00:00,Chicago,TX
ORD0000444,SHP000914,E002217,picked_up,2025-03-13 03:00:00,New York,TX
ORD0001261,SHP001281,E000090,in_transit,2025-10-02 12:00:00,Miami,NY
ORD0001261,SHP000990,E000090,in_transit,2025-01-20 03:00:00,New York,CO
ORD0000378,SHP001087,E000920,picked_up,2025-12-02 17:00:00,Denver,FL
ORD0000378,SHP000211,E000920,delivered,2025-12-03 09:00:00,New York,IL
ORD0000058,SHP000202,E005529,in_transit,2025-02-04 15:00:00,Denver,TX
ORD0000058,SHP000497,E005529,in_transit,2025-05-02 01:00:00,Dallas,WA
ORD0002095,SHP001717,E000466,picked_up,2025-08-29 00:00:00,New York,AZ
ORD0002095,SHP001633,E000466,picked_up,2025-09-25 18:00:00,Phoenix,TX
ORD0000543,SHP001070,E000908,out_for_delivery,2025-08-13 12:00:00,Chicago,FL
ORD0000543,SHP001374,E000908,in_transit,2025-07-03 10:00:00,New York,AZ
ORD0000027,SHP000996,E001780,delivered,2025-08-19 08:00:00,Los Angeles,CO
ORD0000027,SHP000202,E001780,delivered,2025-08-14 09:00:00,Miami,TX
ORD0002141,SHP000758,E004633,out_for_delivery,2025-05-23 01:00:00,Denver,IL
ORD0002141,SHP001296,E004633,in_transit,2025-04-03 05:00:00,Dallas,FL
ORD0000773,SHP000512,E002640,picked_up,2025-02-26 16:00:00,Chicago,WA
ORD0000773,SHP000779,E002640,picked_up,2025-10-12 21:00:00,Miami,CA
ORD0000261,SHP000424,E000034,in_transit,2025-01-08 04:00:00,Los Angeles,FL
ORD0000261,SHP000928,E000034,picked_up,2025-11-29 19:00:00,Seattle,WA
ORD0000612,SHP001364,E005113,in_transit,2025-11-25 08:00:00,Dallas,WA
ORD0000612,SHP000256,E005113,in_transit,2025-11-10 00:00:00,Dallas,IL
ORD0001783,SHP001720,E002798,in_transit,2025-06-22 15:00:00,Seattle,IL
ORD0001783,SHP000265,E002798,in_transit,2025-07-16 20:00:00,Seattle,IL
ORD0001607,SHP000636,E001128,picked_up,2025-06-09 08:00:00,Phoenix,CO
ORD0001607,SHP001353,E001128,in_transit,2025-09-16 07:00:00,Denver,TX
ORD0001512,SHP000385,E001221,picked_up,2025-09-14 21:00:00,New York,CO
ORD0001512,SHP000737,E001221,delivered,2025-11-30 05:00:00,Chicago,AZ
ORD0001539,SHP000387,E001414,in_transit,2025-07-19 06:00:00,Dallas,IL
ORD0001539,SHP001391,E001414,delivered,2025-09-03 13:00:00,Miami,AZ
ORD0000114,SHP000075,E000804,out_for_delivery,2025-06-17 11:00:00,Phoenix,WA
ORD0000114,SHP001613,E000804,picked_up,2025-10-12 05:00:00,Phoenix,TX
ORD0000486,SHP000220,E000351,out_for_delivery,2025-08-13 20:00:00,Seattle,TX
ORD0000486,SHP001266,E000351,label_created,2025-03-18 10:00:00,Dallas,CO
ORD0000568,SHP000204,E003641,label_created,2025-05-24 11:00:00,Chicago,CA
ORD0000568,SHP001005,E003641,delivered,2025-01-25 08:00:00,Seattle,IL
ORD0000033,SHP000388,E004448,delivered,2025-07-07 15:00:00,Phoenix,CA
ORD0000033,SHP000523,E004448,out_for_delivery,2025-09-20 09:00:00,Miami,NY
ORD0000477,SHP000305,E005034,picked_up,2025-12-27 09:00:00,New York,IL
ORD0000477,SHP001538,E005034,label_created,2025-12-28 09:00:00,Los Angeles,IL
ORD0000725,SHP001481,E001803,out_for_delivery,2025-12-08 03:00:00,Denver,CA
ORD0000725,SHP000799,E001803,in_transit,2025-02-20 07:00:00,Denver,CA
ORD0001417,SHP000351,E000904,out_for_delivery,2025-12-27 04:00:00,New York,WA
ORD0001417,SHP001409,E000904,out_for_delivery,2025-07-28 18:00:00,Chicago,WA
ORD0001930,SHP001032,E002782,delivered,2025-10-08 16:00:00,Denver,CA
ORD0001930,SHP000799,E002782,picked_up,2025-04-02 07:00:00,Chicago,TX
ORD0001293,SHP000980,E000031,delivered,2025-10-18 05:00:00,Seattle,TX
ORD0001293,SHP000549,E000031,in_transit,2025-07-14 15:00:00,Miami,WA
ORD0000335,SHP000403,E000587,label_created,2025-06-15 04:00:00,New York,IL
ORD0000335,SHP001012,E000587,picked_up,2025-10-22 01:00:00,Phoenix,WA
ORD0002027,SHP000949,E002985,in_transit,2025-07-27 23:00:00,Chicago,NY
ORD0002027,SHP001231,E002985,in_transit,2025-08-29 08:00:00,Miami,FL
ORD0001264,SHP000248,E003068,in_transit,2025-12-17 18:00:00,Denver,AZ
ORD0001264,SHP000717,E003068,out_for_delivery,2025-09-19 13:00:00,Miami,IL
ORD0001273,SHP000237,E002095,out_for_delivery,2025-05-18 04:00:00,Los Angeles,AZ
ORD0001273,SHP000560,E002095,delivered,2025-11-10 18:00:00,Miami,FL
ORD0000653,SHP001148,E000561,out_for_delivery,2025-01-11 06:00:00,Seattle,CA
ORD0000653,SHP000931,E000561,label_created,2025-03-07 21:00:00,Dallas,CO
ORD0001023,SHP001242,E000368,in_transit,2025-05-07 22:00:00,Denver,WA
ORD0001023,SHP000768,E000368,label_created,2025-10-19 01:00:00,Chicago,TX
ORD0000952,SHP000696,E000604,out_for_delivery,2025-05-19 19:00:00,Los Angeles,IL
ORD0000952,SHP001169,E000604,picked_up,2025-07-10 19:00:00,Miami,TX
ORD0000112,SHP000778,E002066,in_transit,2025-10-22 03:00:00,Denver,NY
ORD0000112,SHP000322,E002066,picked_up,2025-09-17 11:00:00,Dallas,WA
ORD0000392,SHP000815,E002921,in_transit,2025-07-14 18:00:00,Chicago,CA
ORD0000392,SHP000426,E002921,delivered,2025-01-02 23:00:00,Dallas,NY
ORD0000466,SHP000506,E000574,picked_up,2025-09-19 11:00:00,Seattle,AZ
ORD0000466,SHP001269,E000574,in_transit,2025-06-19 14:00:00,Miami,AZ
ORD0000774,SHP001547,E002210,delivered,2025-04-16 06:00:00,Denver,CO
ORD0000774,SHP000886,E002210,in_transit,2025-09-22 04:00:00,Phoenix,WA
ORD0001474,SHP000837,E000736,in_transit,2025-11-14 17:00:00,Dallas,CA
ORD0001474,SHP000233,E000736,exception,2025-05-11 16:00:00,Miami,CA
ORD0000116,SHP000097,E000506,delivered,2025-06-28 14:00:00,Denver,CA
ORD0000116,SHP000635,E000506,in_transit,2025-06-18 14:00:00,Phoenix,CA
ORD0000224,SHP000387,E000911,in_transit,2025-05-31 18:00:00,Miami,FL
ORD0000224,SHP000346,E000911,delivered,2025-07-31 03:00:00,Denver,TX
ORD0000802,SHP000923,E002125,in_transit,2025-08-15 07:00:00,New York,IL
ORD0000802,SHP000872,E002125,out_for_delivery,2025-03-13 16:00:00,Chicago,AZ
ORD0001536,SHP001015,E003120,out_for_delivery,2025-06-29 21:00:00,New York,FL
ORD0001536,SHP001192,E003120,picked_up,2025-07-24 02:00:00,Seattle,CO
ORD0000394,SHP000657,E005465,in_transit,2025-04-23 19:00:00,Denver,TX
ORD0000394,SHP001466,E005465,out_for_delivery,2025-02-26 10:00:00,Dallas,CO
ORD0000790,SHP001756,E005408,in_transit,2025-03-09 12:00:00,Chicago,CA
ORD0000790,SHP001269,E005408,delivered,2025-04-27 00:00:00,Seattle,NY
ORD0001446,SHP000408,E004704,delivered,2025-10-21 20:00:00,New York,FL
ORD0001446,SHP000931,E004704,delivered,2025-10-13 21:00:00,Dallas,CO
ORD0000860,SHP000862,E003143,picked_up,2025-08-18 00:00:00,Dallas,CO
ORD0000860,SHP001420,E003143,picked_up,2025-02-28 09:00:00,New York,IL
ORD0001215,SHP000064,E001894,in_transit,2025-08-12 14:00:00,Denver,CO
ORD0001215,SHP000722,E001894,label_created,2025-05-14 17:00:00,Miami,FL
ORD0000562,SHP001318,E005019,in_transit,2025-05-24 23:00:00,Miami,IL
ORD0000562,SHP000453,E005019,picked_up,2025-03-01 05:00:00,Phoenix,CA
ORD0001882,SHP000290,E005570,in_transit,2025-10-17 12:00:00,Los Angeles,WA
ORD0001882,SHP000765,E005570,picked_up,2025-03-16 18:00:00,Phoenix,FL
ORD0001786,SHP000772,E002741,out_for_delivery,2025-05-05 04:00:00,Dallas,AZ
ORD0001786,SHP000067,E002741,in_transit,2025-06-14 15:00:00,Phoenix,TX
ORD0000002,SHP001467,E001276,in_transit,2025-07-14 18:00:00,Los Angeles,NY
ORD0000002,SHP001552,E001276,exception,2025-03-08 18:00:00,Chicago,CA
ORD0000062,SHP000597,E001880,delivered,2025-01-30 16:00:00,New York,WA
ORD0000062,SHP000100,E001880,out_for_delivery,2025-06-28 16:00:00,Seattle,AZ
ORD0000479,SHP000387,E000522,picked_up,2025-05-30 15:00:00,Los Angeles,NY
ORD0000479,SHP000021,E000522,delivered,2025-07-17 04:00:00,Denver,IL
ORD0001278,SHP001610,E004767,delivered,2025-04-22 00:00:00,Chicago,TX
ORD0001278,SHP001749,E004767,label_created,2025-01-19 09:00:00,New York,WA
ORD0001991,SHP001110,E002408,out_for_delivery,2025-12-17 19:00:00,Los Angeles,WA
ORD0001991,SHP000871,E002408,in_transit,2025-11-01 10:00:00,Los Angeles,AZ
ORD0001710,SHP000553,E004833,in_transit,2025-03-22 19:00:00,Miami,TX
ORD0001710,SHP000491,E004833,delivered,2025-08-03 12:00:00,Los Angeles,CO
ORD0001893,SHP001559,E005610,label_created,2025-04-15 01:00:00,Los Angeles,IL
ORD0001893,SHP000090,E005610,picked_up,2025-11-09 15:00:00,Denver,FL
ORD0001898,SHP001468,E005545,delivered,2025-01-26 12:00:00,Los Angeles,CO
ORD0001898,SHP000118,E005545,in_transit,2025-10-23 22:00:00,Phoenix,NY
ORD0001974,SHP000115,E005297,delivered,2025-02-27 19:00:00,Chicago,NY
ORD0001974,SHP000405,E005297,label_created,2025-03-19 13:00:00,Dallas,CO
ORD0002028,SHP001768,E002430,in_transit,2025-11-21 16:00:00,Chicago,CO
ORD0002028,SHP001794,E002430,label_created,2025-08-30 01:00:00,Dallas,CO
ORD0001288,SHP000397,E001878,label_created,2025-07-15 15:00:00,New York,AZ
ORD0001288,SHP000512,E001878,out_for_delivery,2025-09-15 22:00:00,Denver,CA
ORD0001198,SHP001742,E003545,delivered,2025-09-08 23:00:00,Chicago,CO
ORD0001198,SHP001497,E003545,in_transit,2025-03-30 07:00:00,Phoenix,CA
ORD0001076,SHP000443,E004000,in_transit,2025-06-05 19:00:00,Dallas,CA
ORD0001076,SHP000810,E004000,out_for_delivery,2025-04-13 21:00:00,Denver,IL
ORD0000421,SHP001721,E000374,out_for_delivery,2025-08-22 13:00:00,Phoenix,FL
ORD0000421,SHP000308,E000374,in_transit,2025-09-05 10:00:00,Chicago,IL
ORD0000442,SHP000844,E004264,delivered,2025-02-07 17:00:00,Miami,WA
ORD0000442,SHP001125,E004264,in_transit,2025-12-12 12:00:00,Phoenix,AZ
ORD0001129,SHP001078,E003747,label_created,2025-05-25 13:00:00,New York,FL
ORD0001129,SHP001069,E003747,out_for_delivery,2025-10-27 15:00:00,Chicago,CO
ORD0000004,SHP001563,E004037,picked_up,2025-02-17 23:00:00,Chicago,AZ
ORD0000004,SHP000177,E004037,in_transit,2025-04-16 18:00:00,Denver,NY
ORD0000731,SHP000807,E000256,delivered,2025-05-26 15:00:00,Miami,FL
ORD0000731,SHP001781,E000256,out_for_delivery,2025-09-12 19:00:00,Seattle,WA
ORD0001577,SHP001353,E000632,in_transit,2025-09-10 10:00:00,Dallas,FL
ORD0001577,SHP001514,E000632,in_transit,2025-08-10 13:00:00,Seattle,IL
ORD0001905,SHP000568,E001126,label_created,2025-04-04 13:00:00,Miami,IL
ORD0001905,SHP001023,E001126,out_for_delivery,2025-04-16 20:00:00,Miami,CA
ORD0000982,SHP000351,E000875,in_transit,2025-07-31 04:00:00,Miami,FL
ORD0000982,SHP000093,E000875,in_transit,2025-08-22 08:00:00,Denver,WA
ORD0000377,SHP000270,E003730,picked_up,2025-01-26 07:00:00,Miami,CO
ORD0000377,SHP001535,E003730,exception,2025-12-17 20:00:00,Seattle,IL
ORD0002123,SHP001155,E004930,delivered,2025-04-28 21:00:00,New York,WA
ORD0002123,SHP001536,E004930,picked_up,2025-01-17 15:00:00,Seattle,TX
ORD0000134,SHP001799,E000832,picked_up,2025-05-22 15:00:00,Seattle,CA
ORD0000134,SHP000859,E000832,in_transit,2025-06-09 23:00:00,Denver,TX
ORD0001595,SHP000835,E003600,delivered,2025-01-18 00:00:00,Chicago,IL
ORD0001595,SHP001082,E003600,picked_up,2025-12-19 23:00:00,New York,TX
ORD0001485,SHP001515,E003397,out_for_delivery,2025-01-14 19:00:00,Dallas,FL
ORD0001485,SHP000287,E003397,label_created,2025-03-19 10:00:00,Dallas,TX
ORD0001675,SHP001099,E005117,label_created,2025-04-27 01:00:00,Phoenix,NY
ORD0001675,SHP000856,E005117,exception,2025-05-10 14:00:00,Seattle,IL
ORD0000714,SHP000285,E001567,in_transit,2025-06-05 01:00:00,Los Angeles,WA
ORD0000714,SHP000111,E001567,picked_up,2025-07-01 07:00:00,Denver,IL
ORD0001645,SHP000240,E004232,picked_up,2025-02-22 16:00:00,Dallas,AZ
ORD0001645,SHP000814,E004232,delivered,2025-10-20 00:00:00,Los Angeles,IL
ORD0000389,SHP001596,E005517,picked_up,2025-01-03 12:00:00,Denver,IL
ORD0000389,SHP000674,E005517,in_transit,2025-09-28 22:00:00,Seattle,FL
ORD0001469,SHP001439,E005524,in_transit,2025-06-16 21:00:00,New York,AZ
ORD0001469,SHP001773,E005524,picked_up,2025-01-31 09:00:00,Seattle,WA
ORD0002117,SHP001565,E004274,picked_up,2025-01-16 23:00:00,Miami,IL
ORD0002117,SHP001124,E004274,in_transit,2025-09-10 12:00:00,Los Angeles,CO
ORD0000794,SHP001324,E001973,out_for_delivery,2025-02-23 08:00:00,Phoenix,CA
ORD0000794,SHP000240,E001973,in_transit,2025-10-20 19:00:00,New York,TX
ORD0001661,SHP001328,E001198,label_created,2025-10-05 23:00:00,New York,TX
ORD0001661,SHP001372,E001198,in_transit,2025-10-25 22:00:00,Miami,NY
ORD0002092,SHP001002,E000601,in_transit,2025-09-24 02:00:00,Los Angeles,NY
ORD0002092,SHP001666,E000601,out_for_delivery,2025-11-06 06:00:00,Los Angeles,AZ
ORD0001895,SHP000154,E003844,out_for_delivery,2025-03-04 11:00:00,Denver,IL
ORD0001895,SHP000044,E003844,picked_up,2025-09-27 09:00:00,Miami,WA
ORD0000799,SHP001367,E004885,picked_up,2025-03-18 11:00:00,Seattle,CO
ORD0000799,SHP000046,E004885,in_transit,2025-09-14 15:00:00,Denver,CA
ORD0001614,SHP000667,E002649,in_transit,2025-06-26 12:00:00,Denver,TX
ORD0001614,SHP001525,E002649,in_transit,2025-05-06 19:00:00,Denver,NY
ORD0001247,SHP001189,E000076,picked_up,2025-06-14 19:00:00,Chicago,CA
ORD0001247,SHP001510,E000076,in_transit,2025-04-06 03:00:00,Chicago,CO
ORD0000900,SHP001638,E004727,in_transit,2025-06-14 23:00:00,Dallas,TX
ORD0000900,SHP001383,E004727,in_transit,2025-02-19 10:00:00,Seattle,IL
ORD0000795,SHP000786,E002517,out_for_delivery,2025-01-03 00:00:00,Miami,CO
ORD0000795,SHP000543,E002517,out_for_delivery,2025-10-26 15:00:00,Los Angeles,TX
ORD0000725,SHP001128,E000915,picked_up,2025-04-20 03:00:00,Chicago,IL
ORD0000725,SHP001481,E000915,exception,2025-03-09 16:00:00,Miami,FL
ORD0000488,SHP001498,E004375,in_transit,2025-03-01 00:00:00,Phoenix,CA
ORD0000488,SHP000619,E004375,picked_up,2025-11-25 16:00:00,Chicago,IL
ORD0001548,SHP000125,E001770,delivered,2025-04-29 05:00:00,Los Angeles,AZ
ORD0001548,SHP001179,E001770,out_for_delivery,2025-03-23 02:00:00,Seattle,IL
ORD0000876,SHP000380,E001131,delivered,2025-10-09 05:00:00,New York,WA
ORD0000876,SHP000916,E001131,exception,2025-09-11 12:00:00,New York,IL
ORD0000056,SHP001635,E004753,delivered,2025-04-11 06:00:00,New York,CA
ORD0000056,SHP001728,E004753,picked_up,2025-07-01 13:00:00,New York,NY
ORD0002122,SHP000534,E000753,in_transit,2025-05-03 18:00:00,Dallas,FL
ORD0002122,SHP000684,E000753,in_transit,2025-06-28 03:00:00,Phoenix,NY
ORD0001370,SHP000409,E003227,in_transit,2025-11-22 17:00:00,Phoenix,IL
ORD0001370,SHP000236,E003227,out_for_delivery,2025-12-04 00:00:00,Seattle,TX
ORD0001172,SHP001561,E003806,in_transit,2025-10-02 16:00:00,Los Angeles,WA
ORD0001172,SHP001151,E003806,picked_up,2025-01-30 19:00:00,Seattle,TX
ORD0001171,SHP001756,E005238,label_created,2025-04-28 16:00:00,Chicago,CA
ORD0001171,SHP000821,E005238,in_transit,2025-03-18 22:00:00,New York,NY
ORD0000420,SHP001232,E003596,in_transit,2025-01-19 08:00:00,New York,WA
ORD0000420,SHP000552,E003596,in_transit,2025-12-28 14:00:00,Dallas,FL
ORD0001939,SHP000483,E005022,in_transit,2025-10-03 04:00:00,Phoenix,NY
ORD0001939,SHP001314,E005022,label_created,2025-03-06 04:00:00,Seattle,CO
ORD0000264,SHP001219,E004499,picked_up,2025-08-19 16:00:00,New York,CO
ORD0000264,SHP001716,E004499,picked_up,2025-08-05 13:00:00,Los Angeles,AZ
ORD0000341,SHP001610,E001597,in_transit,2025-07-03 15:00:00,Phoenix,AZ
ORD0000341,SHP000094,E001597,in_transit,2025-06-23 14:00:00,Dallas,TX
ORD0001223,SHP001491,E000030,exception,2025-08-27 16:00:00,Los Angeles,FL
ORD0001223,SHP000036,E000030,picked_up,2025-10-03 04:00:00,Seattle,CO
ORD0000795,SHP000786,E004092,delivered,2025-06-17 12:00:00,Dallas,NY
ORD0000795,SHP000543,E004092,label_created,2025-09-20 01:00:00,Miami,AZ
ORD0001893,SHP001559,E003308,in_transit,2025-08-30 10:00:00,Chicago,AZ
ORD0001893,SHP001718,E003308,delivered,2025-02-24 10:00:00,Seattle,TX
ORD0000387,SHP000264,E003796,label_created,2025-04-06 23:00:00,Los Angeles,FL
ORD0000387,SHP000409,E003796,in_transit,2025-07-20 12:00:00,Chicago,CO
ORD0000536,SHP000358,E005234,out_for_delivery,2025-11-07 00:00:00,Chicago,WA
ORD0000536,SHP000035,E005234,delivered,2025-08-25 01:00:00,Seattle,AZ
ORD0001385,SHP000014,E002758,label_created,2025-02-19 13:00:00,Seattle,FL
ORD0001385,SHP000063,E002758,in_transit,2025-11-10 04:00:00,Los Angeles,CO
ORD0002046,SHP001503,E002127,picked_up,2025-01-26 11:00:00,Phoenix,NY
ORD0002046,SHP000495,E002127,delivered,2025-10-16 16:00:00,Miami,AZ
ORD0000153,SHP000794,E004100,in_transit,2025-04-14 18:00:00,New York,WA
ORD0000153,SHP000590,E004100,in_transit,2025-08-26 02:00:00,Miami,CO
ORD0000886,SHP000524,E003756,picked_up,2025-07-04 04:00:00,New York,NY
ORD0000886,SHP000474,E003756,out_for_delivery,2025-08-04 11:00:00,Chicago,CO
ORD0000088,SHP000099,E005478,label_created,2025-01-15 00:00:00,Miami,CA
ORD0000088,SHP001477,E005478,picked_up,2025-07-08 23:00:00,Miami,CO
ORD0001552,SHP001159,E003346,delivered,2025-01-31 13:00:00,Phoenix,CO
ORD0001552,SHP000816,E003346,in_transit,2025-01-26 15:00:00,Chicago,TX
ORD0000838,SHP001317,E004665,delivered,2025-11-03 03:00:00,Denver,AZ
ORD0000838,SHP001773,E004665,in_transit,2025-08-14 07:00:00,Miami,AZ
ORD0001254,SHP001286,E002784,in_transit,2025-04-21 23:00:00,Phoenix,FL
ORD0001254,SHP001616,E002784,label_created,2025-03-26 08:00:00,Miami,WA
ORD0001912,SHP000867,E001819,in_transit,2025-07-20 23:00:00,Phoenix,CO
ORD0001912,SHP000884,E001819,label_created,2025-12-22 19:00:00,Denver,WA
ORD0000224,SHP000827,E002804,label_created,2025-06-04 12:00:00,Phoenix,CO
ORD0000224,SHP000387,E002804,out_for_delivery,2025-12-31 20:00:00,Los Angeles,WA
ORD0001269,SHP000567,E000380,out_for_delivery,2025-05-24 17:00:00,Chicago,CO
ORD0001269,SHP001161,E000380,delivered,2025-06-02 06:00:00,Los Angeles,CA
ORD0000407,SHP000249,E005346,delivered,2025-01-30 07:00:00,Los Angeles,AZ
ORD0000407,SHP001379,E005346,exception,2025-11-23 21:00:00,Denver,AZ
ORD0000427,SHP000210,E000910,in_transit,2025-09-22 16:00:00,Denver,TX
ORD0000427,SHP000676,E000910,picked_up,2025-01-21 17:00:00,Los Angeles,IL
ORD0000387,SHP000264,E003259,label_created,2025-07-10 14:00:00,Seattle,IL
ORD0000387,SHP001117,E003259,in_transit,2025-05-25 04:00:00,Phoenix,TX
ORD0001335,SHP000702,E001236,in_transit,2025-05-17 10:00:00,Phoenix,CO
ORD0001335,SHP000224,E001236,picked_up,2025-07-15 12:00:00,Seattle,CA
ORD0000720,SHP000068,E004530,out_for_delivery,2025-12-01 20:00:00,Seattle,IL
ORD0000720,SHP001019,E004530,delivered,2025-12-15 05:00:00,Seattle,NY
ORD0000607,SHP000455,E003484,label_created,2025-07-05 05:00:00,Denver,IL
ORD0000607,SHP001626,E003484,delivered,2025-05-26 10:00:00,Denver,CA
ORD0002168,SHP001331,E004759,picked_up,2025-07-02 05:00:00,New York,IL
ORD0002168,SHP001734,E004759,in_transit,2025-03-19 01:00:00,Dallas,FL
ORD0000619,SHP000611,E005588,out_for_delivery,2025-01-01 01:00:00,Phoenix,TX
ORD0000619,SHP000030,E005588,in_transit,2025-12-01 21:00:00,Dallas,TX
ORD0001947,SHP000275,E002230,picked_up,2025-05-21 11:00:00,Denver,AZ
ORD0001947,SHP000995,E002230,in_transit,2025-06-11 19:00:00,New York,TX
ORD0001593,SHP000488,E005399,exception,2025-08-24 01:00:00,Miami,FL
ORD0001593,SHP001663,E005399,out_for_delivery,2025-10-14 00:00:00,Seattle,FL
ORD0000532,SHP000032,E005437,label_created,2025-01-15 01:00:00,Chicago,CO
ORD0000532,SHP001164,E005437,out_for_delivery,2025-12-26 15:00:00,New York,IL
ORD0001908,SHP000730,E001072,delivered,2025-09-10 15:00:00,Los Angeles,IL
ORD0001908,SHP000101,E001072,in_transit,2025-10-15 08:00:00,Seattle,CA
ORD0001430,SHP000465,E005600,out_for_delivery,2025-10-11 19:00:00,Chicago,AZ
ORD0001430,SHP001378,E005600,delivered,2025-12-07 16:00:00,Seattle,WA
ORD0001874,SHP001741,E004490,in_transit,2025-08-19 06:00:00,Seattle,AZ
ORD0001874,SHP001028,E004490,in_transit,2025-12-28 20:00:00,Phoenix,NY
ORD0002063,SHP000844,E002151,in_transit,2025-07-09 17:00:00,Miami,WA
ORD0002063,SHP001563,E002151,in_transit,2025-10-09 00:00:00,Dallas,CO
ORD0000434,SHP001655,E004918,delivered,2025-11-18 04:00:00,Los Angeles,TX
ORD0000434,SHP000465,E004918,picked_up,2025-03-20 05:00:00,Chicago,AZ
ORD0001185,SHP000074,E005671,delivered,2025-10-01 00:00:00,Seattle,CO
ORD0001185,SHP001328,E005671,in_transit,2025-08-22 07:00:00,Chicago,FL
ORD0001358,SHP001017,E004772,picked_up,2025-12-17 18:00:00,Dallas,AZ
ORD0001358,SHP000544,E004772,picked_up,2025-09-06 06:00:00,Seattle,CO
ORD0001068,SHP000245,E002748,label_created,2025-03-27 02:00:00,Dallas,CO
ORD0001068,SHP001106,E002748,in_transit,2025-06-21 01:00:00,New York,IL
ORD0000471,SHP001576,E005269,in_transit,2025-06-02 15:00:00,Denver,WA
ORD0000471,SHP001701,E005269,in_transit,2025-10-13 04:00:00,New York,CO
ORD0000268,SHP000932,E003450,in_transit,2025-02-20 08:00:00,Phoenix,NY
ORD0000268,SHP000821,E003450,out_for_delivery,2025-04-22 21:00:00,Dallas,CO
ORD0000682,SHP000837,E003774,delivered,2025-05-26 12:00:00,Chicago,AZ
ORD0000682,SHP000336,E003774,delivered,2025-08-06 23:00:00,Phoenix,IL
ORD0000524,SHP001477,E003363,out_for_delivery,2025-03-30 17:00:00,Miami,TX
ORD0000524,SHP000946,E003363,label_created,2025-10-09 18:00:00,New York,IL
ORD0001705,SHP001408,E003104,in_transit,2025-06-12 01:00:00,Seattle,FL
ORD0001705,SHP001160,E003104,in_transit,2025-05-11 23:00:00,Denver,FL
ORD0001974,SHP000405,E001829,picked_up,2025-09-17 06:00:00,Phoenix,WA
ORD0001974,SHP000108,E001829,out_for_delivery,2025-01-07 06:00:00,Miami,WA
ORD0001227,SHP000984,E003434,in_transit,2025-09-22 19:00:00,Seattle,IL
ORD0001227,SHP001305,E003434,delivered,2025-07-14 18:00:00,New York,NY
ORD0001911,SHP000979,E002576,out_for_delivery,2025-09-18 01:00:00,Miami,CO
ORD0001911,SHP001409,E002576,in_transit,2025-02-01 13:00:00,Miami,FL
ORD0000152,SHP001714,E001935,in_transit,2025-01-18 09:00:00,Seattle,CO
ORD0000152,SHP000307,E001935,in_transit,2025-09-04 15:00:00,Chicago,WA
ORD0002044,SHP000448,E004022,picked_up,2025-11-06 02:00:00,New York,TX
ORD0002044,SHP001031,E004022,delivered,2025-02-25 18:00:00,Dallas,WA
ORD0001590,SHP001097,E002824,delivered,2025-04-28 17:00:00,Los Angeles,CA
ORD0001590,SHP001776,E002824,picked_up,2025-09-28 21:00:00,Miami,CO
ORD0001111,SHP001130,E000091,exception,2025-11-23 14:00:00,Denver,AZ
ORD0001111,SHP000298,E000091,out_for_delivery,2025-03-21 08:00:00,Los Angeles,CO
ORD0002088,SHP000984,E002496,in_transit,2025-03-31 01:00:00,Phoenix,CA
ORD0002088,SHP001539,E002496,out_for_delivery,2025-06-19 06:00:00,Chicago,AZ
ORD0000119,SHP001003,E005179,out_for_delivery,2025-02-20 15:00:00,New York,AZ
ORD0000119,SHP000713,E005179,label_created,2025-01-05 20:00:00,Denver,FL
ORD0000116,SHP000635,E001081,picked_up,2025-04-12 05:00:00,Seattle,AZ
ORD0000116,SHP000097,E001081,in_transit,2025-06-06 00:00:00,Denver,IL
ORD0001307,SHP001150,E001234,out_for_delivery,2025-02-23 04:00:00,Phoenix,NY
ORD0001307,SHP001288,E001234,picked_up,2025-04-16 00:00:00,Phoenix,CA
ORD0002134,SHP000331,E005050,out_for_delivery,2025-05-15 08:00:00,Phoenix,IL
ORD0002134,SHP000727,E005050,label_created,2025-10-07 22:00:00,New York,NY
ORD0001392,SHP000277,E003872,in_transit,2025-10-23 06:00:00,Dallas,TX
ORD0001392,SHP000873,E003872,delivered,2025-06-24 16:00:00,Miami,IL
ORD0001088,SHP001131,E004753,in_transit,2025-05-17 23:00:00,New York,TX
ORD0001088,SHP001316,E004753,picked_up,2025-04-27 01:00:00,Phoenix,FL
ORD0000003,SHP000963,E001560,delivered,2025-02-14 19:00:00,Seattle,CO
ORD0000003,SHP000701,E001560,in_transit,2025-08-16 03:00:00,Dallas,TX
ORD0001730,SHP001091,E003950,delivered,2025-05-10 05:00:00,New York,CA
ORD0001730,SHP000527,E003950,in_transit,2025-03-08 23:00:00,New York,WA
ORD0000615,SHP000101,E002175,out_for_delivery,2025-05-19 18:00:00,New York,NY
ORD0000615,SHP000333,E002175,in_transit,2025-08-15 12:00:00,Dallas,TX
ORD0000395,SHP000021,E002572,out_for_delivery,2025-05-11 08:00:00,Phoenix,WA
ORD0000395,SHP000914,E002572,out_for_delivery,2025-02-28 11:00:00,New York,FL
ORD0000119,SHP001003,E000850,in_transit,2025-08-23 01:00:00,Miami,CO
ORD0000119,SHP000713,E000850,delivered,2025-07-20 21:00:00,Seattle,FL
ORD0001617,SHP000981,E005521,in_transit,2025-11-29 13:00:00,Los Angeles,FL
ORD0001617,SHP001324,E005521,label_created,2025-12-11 16:00:00,New York,CA
ORD0000361,SHP000984,E002104,out_for_delivery,2025-10-20 10:00:00,Denver,AZ
ORD0000361,SHP001630,E002104,picked_up,2025-08-21 03:00:00,New York,NY
ORD0000498,SHP000938,E002788,delivered,2025-09-01 13:00:00,Phoenix,NY
ORD0000498,SHP000839,E002788,in_transit,2025-05-18 21:00:00,Denver,FL
ORD0001379,SHP000860,E004241,label_created,2025-06-26 21:00:00,New York,CA
ORD0001379,SHP001698,E004241,in_transit,2025-09-02 21:00:00,Dallas,IL
ORD0000186,SHP000927,E003272,in_transit,2025-08-05 07:00:00,Los Angeles,IL
ORD0000186,SHP000578,E003272,delivered,2025-08-24 22:00:00,Chicago,CA
ORD0000346,SHP000203,E002547,in_transit,2025-01-15 12:00:00,New York,AZ
ORD0000346,SHP001431,E002547,in_transit,2025-12-15 21:00:00,Miami,FL
ORD0001600,SHP000736,E005171,in_transit,2025-03-14 04:00:00,Denver,AZ
ORD0001600,SHP001536,E005171,delivered,2025-05-26 01:00:00,New York,AZ
ORD0001349,SHP000942,E004612,in_transit,2025-10-27 23:00:00,Dallas,FL
ORD0001349,SHP001081,E004612,in_transit,2025-07-25 01:00:00,Chicago,NY
ORD0002164,SHP000607,E003483,out_for_delivery,2025-04-18 18:00:00,Miami,CA
ORD0002164,SHP000017,E003483,picked_up,2025-06-14 06:00:00,Miami,CO
ORD0000438,SHP001251,E003914,out_for_delivery,2025-08-13 02:00:00,Dallas,TX
ORD0000438,SHP000402,E003914,out_for_delivery,2025-04-01 17:00:00,Phoenix,IL
ORD0001296,SHP001315,E000290,in_transit,2025-12-02 08:00:00,Phoenix,WA
ORD0001296,SHP001497,E000290,picked_up,2025-09-11 17:00:00,Chicago,IL
ORD0001798,SHP000594,E003224,picked_up,2025-02-16 11:00:00,Dallas,TX
ORD0001798,SHP000879,E003224,exception,2025-09-22 04:00:00,Denver,IL
ORD0000535,SHP000617,E004115,in_transit,2025-10-05 15:00:00,Miami,IL
ORD0000535,SHP000504,E004115,out_for_delivery,2025-12-22 00:00:00,Miami,CA
ORD0001926,SHP001747,E002226,picked_up,2025-11-26 01:00:00,Dallas,AZ
ORD0001926,SHP001438,E002226,in_transit,2025-01-08 04:00:00,Seattle,CA
ORD0001786,SHP000235,E002083,delivered,2025-12-01 10:00:00,Los Angeles,WA
ORD0001786,SHP000909,E002083,out_for_delivery,2025-10-02 09:00:00,Chicago,IL
ORD0000274,SHP001045,E003434,in_transit,2025-01-09 12:00:00,Dallas,IL
ORD0000274,SHP000024,E003434,picked_up,2025-07-09 08:00:00,Phoenix,IL
ORD0001637,SHP000058,E003443,in_transit,2025-02-20 10:00:00,Phoenix,CO
ORD0001637,SHP000222,E003443,picked_up,2025-03-18 16:00:00,Chicago,IL
ORD0000799,SHP000046,E003465,label_created,2025-10-13 20:00:00,Denver,IL
ORD0000799,SHP001367,E003465,delivered,2025-05-07 00:00:00,Seattle,CO
ORD0001018,SHP000447,E003754,in_transit,2025-03-30 02:00:00,Seattle,FL
ORD0001018,SHP000239,E003754,in_transit,2025-12-01 14:00:00,Los Angeles,AZ
ORD0001851,SHP000876,E003031,picked_up,2025-03-07 16:00:00,Dallas,TX
ORD0001851,SHP000881,E003031,in_transit,2025-11-29 00:00:00,Seattle,FL
ORD0001526,SHP000025,E001245,out_for_delivery,2025-04-07 03:00:00,Miami,TX
ORD0001526,SHP001209,E001245,in_transit,2025-05-18 17:00:00,Dallas,TX
ORD0000237,SHP000477,E002930,in_transit,2025-11-24 12:00:00,Seattle,FL
ORD0000237,SHP001130,E002930,delivered,2025-12-07 00:00:00,Seattle,CO
ORD0002095,SHP001717,E000584,out_for_delivery,2025-03-21 07:00:00,Chicago,CO
ORD0002095,SHP001633,E000584,in_transit,2025-01-20 17:00:00,Seattle,CA
ORD0001288,SHP000397,E001249,picked_up,2025-08-11 12:00:00,Seattle,CO
ORD0001288,SHP001000,E001249,label_created,2025-09-16 21:00:00,Chicago,NY
ORD0001724,SHP001734,E000925,out_for_delivery,2025-06-04 02:00:00,Los Angeles,TX
ORD0001724,SHP000254,E000925,label_created,2025-06-08 09:00:00,New York,NY
ORD0001067,SHP001601,E001183,out_for_delivery,2025-05-15 12:00:00,Los Angeles,AZ
ORD0001067,SHP001157,E001183,delivered,2025-06-13 15:00:00,Denver,TX
ORD0000120,SHP000904,E002601,out_for_delivery,2025-10-20 05:00:00,Denver,TX
ORD0000120,SHP000009,E002601,delivered,2025-08-28 02:00:00,Denver,NY
ORD0001830,SHP000978,E001625,out_for_delivery,2025-04-17 12:00:00,Dallas,IL
ORD0001830,SHP001001,E001625,delivered,2025-11-16 10:00:00,Phoenix,TX
ORD0001688,SHP000176,E002458,label_created,2025-02-01 11:00:00,New York,CO
ORD0001688,SHP000751,E002458,picked_up,2025-07-31 04:00:00,Miami,NY
ORD0000146,SHP001507,E003593,picked_up,2025-04-18 18:00:00,Phoenix,CO
ORD0000146,SHP001517,E003593,exception,2025-10-31 08:00:00,Denver,FL
ORD0002141,SHP000758,E001993,label_created,2025-12-13 12:00:00,Seattle,CA
ORD0002141,SHP001296,E001993,label_created,2025-11-26 15:00:00,Chicago,WA
ORD0000038,SHP000238,E002295,out_for_delivery,2025-03-21 10:00:00,Miami,WA
ORD0000038,SHP001332,E002295,in_transit,2025-11-30 01:00:00,Denver,CA
ORD0000528,SHP001483,E000594,picked_up,2025-02-06 20:00:00,Seattle,CO
ORD0000528,SHP001542,E000594,in_transit,2025-03-05 10:00:00,Los Angeles,IL
ORD0000796,SHP001151,E001966,in_transit,2025-07-07 01:00:00,Los Angeles,CO
ORD0000796,SHP001103,E001966,delivered,2025-09-11 01:00:00,Dallas,CA
ORD0001495,SHP000135,E002683,picked_up,2025-04-17 11:00:00,Denver,WA
ORD0001495,SHP000885,E002683,in_transit,2025-01-02 15:00:00,Miami,FL
ORD0001711,SHP000541,E002067,in_transit,2025-04-27 19:00:00,Los Angeles,IL
ORD0001711,SHP001590,E002067,label_created,2025-09-24 11:00:00,Dallas,WA
ORD0000158,SHP001059,E000347,in_transit,2025-10-16 16:00:00,Phoenix,FL
ORD0000158,SHP000421,E000347,delivered,2025-12-05 14:00:00,Chicago,NY
ORD0000427,SHP000676,E001883,picked_up,2025-11-29 23:00:00,Phoenix,WA
ORD0000427,SHP000210,E001883,delivered,2025-10-04 12:00:00,Dallas,TX
ORD0000279,SHP001359,E002749,in_transit,2025-06-20 16:00:00,New York,CO
ORD0000279,SHP000696,E002749,in_transit,2025-08-27 10:00:00,Miami,FL
ORD0000673,SHP000714,E005369,exception,2025-05-14 19:00:00,Chicago,WA
ORD0000673,SHP001600,E005369,in_transit,2025-01-10 17:00:00,Dallas,WA
ORD0001098,SHP001650,E000083,in_transit,2025-06-01 05:00:00,Chicago,NY
ORD0001098,SHP000306,E000083,picked_up,2025-09-10 12:00:00,Denver,NY
ORD0001062,SHP000461,E003132,delivered,2025-01-16 23:00:00,Seattle,WA
ORD0001062,SHP000662,E003132,out_for_delivery,2025-12-21 18:00:00,New York,TX
ORD0001569,SHP001166,E001229,in_transit,2025-02-27 03:00:00,Denver,FL
ORD0001569,SHP001002,E001229,in_transit,2025-03-22 23:00:00,Chicago,CO
ORD0000081,SHP000646,E000586,in_transit,2025-09-05 16:00:00,Seattle,CA
ORD0000081,SHP000712,E000586,in_transit,2025-08-02 14:00:00,New York,WA
ORD0000683,SHP000797,E001369,picked_up,2025-05-17 17:00:00,New York,CA
ORD0000683,SHP000916,E001369,in_transit,2025-09-12 14:00:00,Chicago,CA
ORD0002073,SHP000809,E000475,out_for_delivery,2025-07-26 10:00:00,Los Angeles,NY
ORD0002073,SHP000415,E000475,delivered,2025-09-10 04:00:00,Chicago,CO
ORD0001224,SHP001328,E001868,out_for_delivery,2025-01-16 00:00:00,Seattle,WA
ORD0001224,SHP000153,E001868,in_transit,2025-03-22 05:00:00,Miami,CO
ORD0000348,SHP000850,E000030,out_for_delivery,2025-10-20 10:00:00,Seattle,CO
ORD0000348,SHP000333,E000030,delivered,2025-02-03 22:00:00,Los Angeles,WA
ORD0000331,SHP000796,E000625,out_for_delivery,2025-05-03 18:00:00,Miami,WA
ORD0000331,SHP000322,E000625,delivered,2025-01-01 09:00:00,Phoenix,FL
ORD0001130,SHP001098,E004375,picked_up,2025-07-13 19:00:00,Chicago,TX
ORD0001130,SHP001508,E004375,label_created,2025-05-31 15:00:00,Chicago,FL
ORD0000068,SHP001249,E000607,in_transit,2025-12-27 21:00:00,Seattle,TX
ORD0000068,SHP000061,E000607,out_for_delivery,2025-11-27 07:00:00,Dallas,NY
ORD0000024,SHP000252,E000512,picked_up,2025-11-11 06:00:00,New York,CA
ORD0000024,SHP000876,E000512,out_for_delivery,2025-09-17 04:00:00,New York,IL
ORD0000171,SHP001028,E000851,picked_up,2025-12-22 17:00:00,Phoenix,FL
ORD0000171,SHP000070,E000851,in_transit,2025-02-06 12:00:00,Denver,IL
ORD0001358,SHP000544,E003295,out_for_delivery,2025-08-10 19:00:00,Phoenix,TX
ORD0001358,SHP000100,E003295,label_created,2025-10-26 07:00:00,Phoenix,AZ
ORD0000371,SHP000421,E000201,picked_up,2025-08-24 12:00:00,New York,TX
ORD0000371,SHP000296,E000201,in_transit,2025-07-04 05:00:00,Miami,CO
ORD0001309,SHP001278,E003802,out_for_delivery,2025-04-10 23:00:00,Los Angeles,NY
ORD0001309,SHP000550,E003802,in_transit,2025-11-03 01:00:00,Los Angeles,CO
ORD0000342,SHP001317,E005455,in_transit,2025-09-28 16:00:00,New York,CO
ORD0000342,SHP000373,E005455,delivered,2025-10-03 14:00:00,Dallas,CO
ORD0001601,SHP001366,E004114,in_transit,2025-07-19 06:00:00,Dallas,NY
ORD0001601,SHP001777,E004114,delivered,2025-06-21 15:00:00,Phoenix,FL
ORD0000081,SHP000646,E004783,in_transit,2025-06-23 03:00:00,Dallas,AZ
ORD0000081,SHP000712,E004783,delivered,2025-08-03 07:00:00,Seattle,WA
ORD0000705,SHP000169,E000183,out_for_delivery,2025-10-20 09:00:00,Los Angeles,CA
ORD0000705,SHP001787,E000183,delivered,2025-08-28 12:00:00,Los Angeles,TX
ORD0001011,SHP000588,E000849,in_transit,2025-11-14 09:00:00,Chicago,NY
ORD0001011,SHP001718,E000849,delivered,2025-09-05 00:00:00,Miami,CO
ORD0001349,SHP001081,E001128,picked_up,2025-05-19 06:00:00,New York,CO
ORD0001349,SHP000942,E001128,picked_up,2025-06-04 01:00:00,Phoenix,CO
ORD0000449,SHP001002,E004400,delivered,2025-02-01 01:00:00,Seattle,CO
ORD0000449,SHP000315,E004400,delivered,2025-06-06 05:00:00,Los Angeles,NY
ORD0001131,SHP001276,E001621,picked_up,2025-11-02 10:00:00,Seattle,FL
ORD0001131,SHP000256,E001621,picked_up,2025-03-10 14:00:00,Chicago,AZ
ORD0001670,SHP000352,E004901,in_transit,2025-04-16 23:00:00,Denver,WA
ORD0001670,SHP001196,E004901,delivered,2025-01-29 12:00:00,Chicago,AZ
ORD0000887,SHP000136,E002803,out_for_delivery,2025-06-29 12:00:00,Dallas,FL
ORD0000887,SHP001263,E002803,out_for_delivery,2025-10-31 11:00:00,Los Angeles,AZ
ORD0001157,SHP000162,E002244,picked_up,2025-08-19 08:00:00,Los Angeles,AZ
ORD0001157,SHP000799,E002244,picked_up,2025-03-17 09:00:00,New York,AZ
ORD0001956,SHP000835,E002053,delivered,2025-01-02 18:00:00,New York,CA
ORD0001956,SHP000678,E002053,in_transit,2025-11-25 06:00:00,Los Angeles,FL
ORD0000951,SHP001291,E005538,in_transit,2025-02-12 01:00:00,Chicago,FL
ORD0000951,SHP000865,E005538,in_transit,2025-12-20 10:00:00,Seattle,CA
ORD0001826,SHP000273,E002180,delivered,2025-03-22 05:00:00,Chicago,CO
ORD0001826,SHP000074,E002180,in_transit,2025-01-07 05:00:00,Denver,CA
ORD0001466,SHP001420,E003838,out_for_delivery,2025-09-24 13:00:00,Los Angeles,WA
ORD0001466,SHP001226,E003838,in_transit,2025-12-25 11:00:00,New York,NY
ORD0001977,SHP001528,E004108,picked_up,2025-10-31 19:00:00,Chicago,WA
ORD0001977,SHP001779,E004108,picked_up,2025-11-13 01:00:00,Phoenix,FL
ORD0001335,SHP000807,E004826,picked_up,2025-09-06 05:00:00,Phoenix,IL
ORD0001335,SHP000702,E004826,delivered,2025-09-02 07:00:00,Miami,IL
ORD0001539,SHP001388,E005643,delivered,2025-09-01 02:00:00,Chicago,IL
ORD0001539,SHP001391,E005643,label_created,2025-10-09 21:00:00,New York,FL
ORD0001230,SHP000870,E003160,delivered,2025-03-31 20:00:00,Chicago,WA
ORD0001230,SHP000889,E003160,picked_up,2025-03-18 05:00:00,Dallas,CO
ORD0001556,SHP000654,E002011,picked_up,2025-01-26 07:00:00,Los Angeles,CO
ORD0001556,SHP001490,E002011,picked_up,2025-06-02 11:00:00,New York,CO
ORD0000097,SHP001574,E003216,picked_up,2025-02-24 13:00:00,Seattle,CA
ORD0000097,SHP000531,E003216,in_transit,2025-07-07 12:00:00,Phoenix,AZ
ORD0000609,SHP000178,E000389,out_for_delivery,2025-05-15 10:00:00,Dallas,AZ
ORD0000609,SHP000399,E000389,delivered,2025-04-14 21:00:00,Dallas,CO
ORD0000172,SHP000964,E002084,out_for_delivery,2025-05-13 20:00:00,Dallas,CO
ORD0000172,SHP000173,E002084,in_transit,2025-09-07 18:00:00,New York,WA
ORD0000448,SHP001747,E000863,picked_up,2025-03-03 18:00:00,Miami,NY
ORD0000448,SHP000519,E000863,in_transit,2025-04-29 00:00:00,Chicago,IL
ORD0000980,SHP000674,E005450,label_created,2025-08-10 05:00:00,Seattle,NY
ORD0000980,SHP001466,E005450,picked_up,2025-06-22 16:00:00,New York,TX
ORD0001531,SHP001118,E002605,in_transit,2025-08-03 20:00:00,Seattle,CA
ORD0001531,SHP001447,E002605,delivered,2025-08-27 15:00:00,Miami,AZ
ORD0000672,SHP000641,E002876,in_transit,2025-02-14 10:00:00,Dallas,CA
ORD0000672,SHP001516,E002876,in_transit,2025-04-23 02:00:00,Chicago,IL
ORD0002051,SHP000429,E002161,in_transit,2025-12-06 13:00:00,Chicago,CA
ORD0002051,SHP001101,E002161,in_transit,2025-11-13 17:00:00,Chicago,IL
ORD0001175,SHP000323,E002182,in_transit,2025-12-23 04:00:00,New York,CO
ORD0001175,SHP000003,E002182,in_transit,2025-10-07 07:00:00,Dallas,CO
ORD0001231,SHP000350,E005166,label_created,2025-04-12 17:00:00,Chicago,WA
ORD0001231,SHP000595,E005166,out_for_delivery,2025-12-16 22:00:00,Dallas,FL
ORD0001321,SHP001581,E002166,delivered,2025-11-16 18:00:00,New York,WA
ORD0001321,SHP001521,E002166,out_for_delivery,2025-02-02 17:00:00,Denver,CA
ORD0001096,SHP000181,E002744,label_created,2025-04-28 03:00:00,Denver,AZ
ORD0001096,SHP001379,E002744,in_transit,2025-01-18 07:00:00,New York,IL
ORD0001427,SHP000114,E004945,out_for_delivery,2025-05-21 21:00:00,Dallas,CA
ORD0001427,SHP000371,E004945,label_created,2025-08-23 14:00:00,Chicago,CA
ORD0001982,SHP000986,E000593,picked_up,2025-02-17 01:00:00,Denver,CO
ORD0001982,SHP000089,E000593,delivered,2025-09-04 11:00:00,Chicago,NY
ORD0001249,SHP000075,E003737,picked_up,2025-09-21 15:00:00,Chicago,CA
ORD0001249,SHP001115,E003737,in_transit,2025-09-14 10:00:00,Seattle,TX
ORD0001771,SHP000857,E000654,in_transit,2025-04-27 00:00:00,Denver,CO
ORD0001771,SHP001329,E000654,delivered,2025-06-30 08:00:00,Seattle,CA
ORD0001238,SHP000269,E001827,exception,2025-03-13 12:00:00,New York,AZ
ORD0001238,SHP000082,E001827,label_created,2025-12-17 06:00:00,Dallas,IL
ORD0000581,SHP000049,E000807,in_transit,2025-05-07 05:00:00,Miami,CO
ORD0000581,SHP001019,E000807,in_transit,2025-08-04 01:00:00,Dallas,NY
ORD0001866,SHP001114,E001821,label_created,2025-05-15 19:00:00,Chicago,WA
ORD0001866,SHP000487,E001821,out_for_delivery,2025-03-07 02:00:00,Seattle,FL
ORD0000377,SHP000270,E005690,in_transit,2025-08-25 09:00:00,Phoenix,NY
ORD0000377,SHP001535,E005690,in_transit,2025-12-24 15:00:00,Chicago,NY
ORD0000278,SHP001450,E003478,label_created,2025-08-22 20:00:00,Denver,CA
ORD0000278,SHP000146,E003478,delivered,2025-09-22 15:00:00,Phoenix,NY
ORD0001384,SHP000513,E005081,label_created,2025-01-11 13:00:00,New York,TX
ORD0001384,SHP001684,E005081,out_for_delivery,2025-10-17 15:00:00,Denver,AZ
ORD0000765,SHP001756,E000060,label_created,2025-06-20 08:00:00,Chicago,NY
ORD0000765,SHP001743,E000060,label_created,2025-07-31 07:00:00,Los Angeles,NY
ORD0001135,SHP000306,E005102,delivered,2025-12-09 17:00:00,New York,AZ
ORD0001135,SHP001551,E005102,picked_up,2025-08-07 07:00:00,Denver,CO
ORD0000966,SHP000779,E000405,picked_up,2025-04-13 09:00:00,Dallas,WA
ORD0000966,SHP000753,E000405,in_transit,2025-05-30 00:00:00,Miami,FL
ORD0001113,SHP001035,E000943,label_created,2025-01-20 16:00:00,Los Angeles,IL
ORD0001113,SHP000001,E000943,picked_up,2025-08-18 05:00:00,Denver,WA
ORD0000905,SHP000030,E001768,out_for_delivery,2025-01-17 03:00:00,Miami,IL
ORD0000905,SHP001389,E001768,in_transit,2025-07-05 16:00:00,Chicago,AZ
ORD0001030,SHP001045,E005325,delivered,2025-08-15 04:00:00,New York,AZ
ORD0001030,SHP000282,E005325,delivered,2025-03-17 08:00:00,Chicago,IL
ORD0001155,SHP000680,E004864,in_transit,2025-12-29 07:00:00,Dallas,FL
ORD0001155,SHP000760,E004864,out_for_delivery,2025-05-05 06:00:00,Dallas,CO
ORD0001986,SHP000885,E005377,out_for_delivery,2025-12-20 22:00:00,Phoenix,AZ
ORD0001986,SHP000206,E005377,in_transit,2025-02-19 21:00:00,Chicago,NY
ORD0002011,SHP000548,E001443,exception,2025-09-27 21:00:00,New York,AZ
ORD0002011,SHP001731,E001443,in_transit,2025-10-18 02:00:00,Phoenix,WA
ORD0000885,SHP000470,E002213,out_for_delivery,2025-05-25 00:00:00,Miami,CA
ORD0000885,SHP001314,E002213,delivered,2025-09-24 18:00:00,Los Angeles,AZ
ORD0000517,SHP001661,E000146,picked_up,2025-04-11 02:00:00,Chicago,IL
ORD0000517,SHP000100,E000146,in_transit,2025-04-24 07:00:00,Phoenix,IL
ORD0001472,SHP000575,E001690,in_transit,2025-05-16 18:00:00,New York,CO
ORD0001472,SHP000653,E001690,delivered,2025-06-10 04:00:00,Seattle,FL
ORD0000246,SHP000870,E000338,in_transit,2025-03-29 12:00:00,New York,IL
ORD0000246,SHP000290,E000338,in_transit,2025-05-09 08:00:00,Seattle,IL
ORD0002150,SHP001127,E004331,picked_up,2025-02-09 22:00:00,Chicago,CO
ORD0002150,SHP000453,E004331,out_for_delivery,2025-01-05 04:00:00,New York,CO
ORD0001227,SHP000984,E003863,in_transit,2025-10-11 00:00:00,Denver,AZ
ORD0001227,SHP001305,E003863,out_for_delivery,2025-02-14 22:00:00,Phoenix,AZ
ORD0001981,SHP001521,E002234,delivered,2025-12-31 21:00:00,Dallas,AZ
ORD0001981,SHP000042,E002234,picked_up,2025-10-19 23:00:00,New York,CA
ORD0001913,SHP000526,E000877,picked_up,2025-01-24 18:00:00,Seattle,AZ
ORD0001913,SHP000772,E000877,in_transit,2025-08-12 15:00:00,Dallas,CA
ORD0000099,SHP000059,E003204,in_transit,2025-11-11 23:00:00,Phoenix,AZ
ORD0000099,SHP000085,E003204,label_created,2025-07-17 01:00:00,Dallas,CA
ORD0000641,SHP000832,E002336,picked_up,2025-04-27 20:00:00,Seattle,IL
ORD0000641,SHP001313,E002336,out_for_delivery,2025-04-19 05:00:00,Los Angeles,FL
ORD0001879,SHP001069,E004425,delivered,2025-02-28 07:00:00,Miami,CA
ORD0001879,SHP001310,E004425,picked_up,2025-03-02 16:00:00,Dallas,NY
ORD0001956,SHP000835,E000854,label_created,2025-07-04 23:00:00,Dallas,IL
ORD0001956,SHP000678,E000854,in_transit,2025-01-10 04:00:00,Los Angeles,FL
ORD0000541,SHP000114,E002778,picked_up,2025-08-13 07:00:00,Phoenix,WA
ORD0000541,SHP000477,E002778,in_transit,2025-08-16 02:00:00,Los Angeles,FL
ORD0001123,SHP001724,E000240,in_transit,2025-05-15 05:00:00,Phoenix,CA
ORD0001123,SHP000457,E000240,picked_up,2025-07-18 17:00:00,Chicago,FL
ORD0001798,SHP001490,E004004,exception,2025-12-01 12:00:00,Seattle,FL
ORD0001798,SHP000594,E004004,label_created,2025-10-11 05:00:00,Seattle,IL
ORD0001945,SHP000052,E005299,delivered,2025-02-03 15:00:00,Dallas,FL
ORD0001945,SHP000482,E005299,out_for_delivery,2025-06-11 13:00:00,Denver,FL
ORD0000999,SHP001573,E001497,in_transit,2025-10-10 15:00:00,Miami,TX
ORD0000999,SHP001412,E001497,delivered,2025-12-23 20:00:00,Denver,TX
ORD0001195,SHP001516,E000069,in_transit,2025-10-06 05:00:00,Miami,IL
ORD0001195,SHP001083,E000069,picked_up,2025-11-01 17:00:00,Seattle,IL
ORD0001913,SHP000526,E005259,delivered,2025-02-04 15:00:00,Seattle,CO
ORD0001913,SHP000824,E005259,picked_up,2025-02-24 22:00:00,New York,TX
ORD0001459,SHP000192,E004383,in_transit,2025-06-30 04:00:00,Dallas,AZ
ORD0001459,SHP000816,E004383,in_transit,2025-03-09 05:00:00,Dallas,IL
ORD0001911,SHP000563,E000076,exception,2025-05-25 09:00:00,New York,IL
ORD0001911,SHP000979,E000076,picked_up,2025-01-31 12:00:00,Dallas,CA
ORD0000321,SHP001668,E002076,in_transit,2025-11-16 22:00:00,Seattle,WA
ORD0000321,SHP001580,E002076,picked_up,2025-05-22 10:00:00,New York,NY
ORD0000734,SHP001605,E001212,delivered,2025-08-10 05:00:00,Dallas,CO
ORD0000734,SHP001190,E001212,picked_up,2025-05-03 23:00:00,Phoenix,WA
ORD0001955,SHP000432,E004187,in_transit,2025-05-28 16:00:00,Los Angeles,CO
ORD0001955,SHP000710,E004187,in_transit,2025-02-11 12:00:00,Los Angeles,CA
ORD0001597,SHP000705,E001991,label_created,2025-10-26 17:00:00,Denver,TX
ORD0001597,SHP001010,E001991,out_for_delivery,2025-07-10 02:00:00,Dallas,AZ
ORD0001853,SHP001180,E004738,label_created,2025-08-18 23:00:00,Seattle,WA
ORD0001853,SHP000925,E004738,in_transit,2025-12-14 01:00:00,Seattle,NY
ORD0001457,SHP001231,E002795,picked_up,2025-02-18 00:00:00,Miami,IL
ORD0001457,SHP000746,E002795,in_transit,2025-03-03 08:00:00,Dallas,TX
ORD0000919,SHP000946,E002620,delivered,2025-03-09 05:00:00,Chicago,IL
ORD0000919,SHP000719,E002620,picked_up,2025-11-12 12:00:00,Seattle,CA
ORD0001593,SHP001663,E002026,label_created,2025-11-14 03:00:00,Chicago,TX
ORD0001593,SHP000488,E002026,picked_up,2025-03-08 00:00:00,Chicago,WA
ORD0001449,SHP001253,E005560,picked_up,2025-09-21 23:00:00,Los Angeles,IL
ORD0001449,SHP001660,E005560,delivered,2025-10-29 05:00:00,New York,FL
ORD0001220,SHP000492,E005502,picked_up,2025-08-03 21:00:00,New York,WA
ORD0001220,SHP001710,E005502,label_created,2025-09-30 13:00:00,Chicago,AZ
ORD0002142,SHP001744,E005130,out_for_delivery,2025-03-07 11:00:00,Denver,NY
ORD0002142,SHP001253,E005130,picked_up,2025-09-12 11:00:00,New York,TX
ORD0001622,SHP001432,E004914,picked_up,2025-05-24 06:00:00,Los Angeles,IL
ORD0001622,SHP000809,E004914,delivered,2025-03-29 19:00:00,Dallas,CO
ORD0001034,SHP001227,E001829,picked_up,2025-08-13 15:00:00,Miami,WA
ORD0001034,SHP001468,E001829,out_for_delivery,2025-04-22 16:00:00,Seattle,AZ
ORD0001273,SHP000560,E003177,in_transit,2025-10-15 15:00:00,Chicago,CO
ORD0001273,SHP000237,E003177,in_transit,2025-07-03 01:00:00,Dallas,FL
ORD0000372,SHP000468,E003289,picked_up,2025-11-23 00:00:00,Phoenix,TX
ORD0000372,SHP000627,E003289,delivered,2025-11-07 01:00:00,Miami,TX
ORD0001097,SHP000772,E001162,out_for_delivery,2025-07-16 17:00:00,Miami,CO
ORD0001097,SHP001352,E001162,delivered,2025-11-30 13:00:00,Chicago,CA
ORD0001050,SHP001226,E003744,out_for_delivery,2025-11-24 17:00:00,Phoenix,AZ
ORD0001050,SHP001791,E003744,delivered,2025-12-26 11:00:00,Denver,NY
ORD0001115,SHP001169,E005505,out_for_delivery,2025-10-05 20:00:00,Phoenix,WA
ORD0001115,SHP000520,E005505,picked_up,2025-05-19 18:00:00,Chicago,AZ
ORD0000926,SHP000778,E002413,label_created,2025-06-16 00:00:00,Chicago,TX
ORD0000926,SHP001219,E002413,in_transit,2025-12-13 17:00:00,Chicago,CA
ORD0001377,SHP001527,E003533,in_transit,2025-12-25 03:00:00,Miami,CA
ORD0001377,SHP000929,E003533,out_for_delivery,2025-05-03 05:00:00,Denver,TX
ORD0001897,SHP001530,E003618,label_created,2025-10-11 08:00:00,Dallas,TX
ORD0001897,SHP000168,E003618,out_for_delivery,2025-03-30 21:00:00,Los Angeles,FL
ORD0000034,SHP001761,E004785,picked_up,2025-11-09 22:00:00,Chicago,NY
ORD0000034,SHP000489,E004785,out_for_delivery,2025-06-05 18:00:00,Denver,FL
ORD0000512,SHP001267,E002557,label_created,2025-02-05 07:00:00,Dallas,TX
ORD0000512,SHP000197,E002557,in_transit,2025-11-02 09:00:00,Chicago,NY
ORD0001795,SHP000786,E004807,out_for_delivery,2025-05-26 18:00:00,Denver,CO
ORD0001795,SHP001142,E004807,in_transit,2025-08-13 02:00:00,Seattle,IL
ORD0000149,SHP001443,E002978,out_for_delivery,2025-01-12 22:00:00,Miami,CA
ORD0000149,SHP000594,E002978,delivered,2025-11-26 19:00:00,New York,TX
ORD0000683,SHP000916,E004465,picked_up,2025-07-31 08:00:00,Dallas,CA
ORD0000683,SHP000797,E004465,in_transit,2025-09-21 04:00:00,Los Angeles,IL
ORD0001579,SHP000769,E001361,picked_up,2025-11-27 10:00:00,Denver,CA
ORD0001579,SHP001597,E001361,label_created,2025-05-12 19:00:00,Denver,FL
ORD0002093,SHP000638,E001515,picked_up,2025-05-17 09:00:00,New York,WA
ORD0002093,SHP000430,E001515,delivered,2025-10-07 22:00:00,Los Angeles,IL
ORD0001917,SHP001698,E005004,out_for_delivery,2025-07-18 13:00:00,New York,AZ
ORD0001917,SHP001319,E005004,in_transit,2025-06-16 06:00:00,Seattle,NY
ORD0001641,SHP001176,E000728,label_created,2025-05-19 16:00:00,Denver,TX
ORD0001641,SHP001763,E000728,label_created,2025-12-08 07:00:00,Los Angeles,CA
ORD0001345,SHP000254,E002708,in_transit,2025-07-25 19:00:00,Seattle,IL
ORD0001345,SHP000851,E002708,out_for_delivery,2025-12-17 12:00:00,Seattle,IL
ORD0002172,SHP000209,E005039,in_transit,2025-12-16 03:00:00,Miami,CA
ORD0002172,SHP001781,E005039,in_transit,2025-02-21 06:00:00,Dallas,CA
ORD0001019,SHP000707,E000069,out_for_delivery,2025-12-25 10:00:00,New York,WA
ORD0001019,SHP000091,E000069,in_transit,2025-06-29 03:00:00,Phoenix,NY
ORD0002171,SHP001160,E000324,out_for_delivery,2025-12-17 04:00:00,Dallas,IL
ORD0002171,SHP000510,E000324,in_transit,2025-07-02 21:00:00,New York,FL
ORD0001595,SHP001352,E005442,picked_up,2025-09-17 20:00:00,Los Angeles,NY
ORD0001595,SHP001082,E005442,picked_up,2025-04-10 21:00:00,Seattle,FL
ORD0000517,SHP000396,E003903,delivered,2025-03-30 04:00:00,Dallas,NY
ORD0000517,SHP000100,E003903,in_transit,2025-04-04 04:00:00,New York,IL
ORD0001551,SHP000837,E000936,in_transit,2025-07-21 04:00:00,Phoenix,AZ
ORD0001551,SHP001379,E000936,delivered,2025-01-30 02:00:00,Seattle,CO
ORD0001805,SHP000641,E002731,exception,2025-02-21 18:00:00,New York,CO
ORD0001805,SHP001633,E002731,picked_up,2025-07-21 13:00:00,Chicago,IL
ORD0000373,SHP001493,E002158,exception,2025-12-09 17:00:00,Denver,NY
ORD0000373,SHP001203,E002158,in_transit,2025-03-07 17:00:00,New York,WA
ORD0001487,SHP000620,E001822,out_for_delivery,2025-07-24 21:00:00,Seattle,TX
ORD0001487,SHP000044,E001822,picked_up,2025-01-09 02:00:00,New York,AZ
ORD0001575,SHP000882,E000427,out_for_delivery,2025-07-18 01:00:00,Denver,CO
ORD0001575,SHP000198,E000427,in_transit,2025-07-14 09:00:00,Los Angeles,IL
ORD0000491,SHP000394,E002767,label_created,2025-05-06 10:00:00,Denver,TX
ORD0000491,SHP001661,E002767,label_created,2025-03-31 00:00:00,Denver,TX
ORD0001756,SHP001523,E001980,picked_up,2025-05-12 07:00:00,Denver,WA
ORD0001756,SHP000708,E001980,in_transit,2025-05-27 08:00:00,Los Angeles,NY
ORD0001032,SHP001049,E005535,in_transit,2025-12-03 11:00:00,Los Angeles,WA
ORD0001032,SHP001102,E005535,out_for_delivery,2025-11-08 13:00:00,Phoenix,CO
ORD0000875,SHP001150,E000590,picked_up,2025-09-06 12:00:00,New York,TX
ORD0000875,SHP000635,E000590,delivered,2025-12-21 20:00:00,Chicago,IL
ORD0001749,SHP000552,E004481,out_for_delivery,2025-01-11 08:00:00,Los Angeles,CA
ORD0001749,SHP000954,E004481,out_for_delivery,2025-12-08 22:00:00,Miami,TX
ORD0001690,SHP001399,E000195,delivered,2025-10-22 21:00:00,New York,IL
ORD0001690,SHP000715,E000195,picked_up,2025-07-06 02:00:00,Chicago,AZ
ORD0001776,SHP001588,E001713,picked_up,2025-05-07 19:00:00,Phoenix,CO
ORD0001776,SHP001786,E001713,out_for_delivery,2025-09-04 10:00:00,New York,AZ
ORD0000764,SHP001710,E001037,out_for_delivery,2025-09-16 21:00:00,Dallas,CO
ORD0000764,SHP000638,E001037,label_created,2025-09-03 20:00:00,Phoenix,CO
ORD0001404,SHP001462,E002960,picked_up,2025-02-18 20:00:00,New York,IL
ORD0001404,SHP001453,E002960,out_for_delivery,2025-12-31 03:00:00,Los Angeles,TX
ORD0001167,SHP001769,E003614,picked_up,2025-10-29 18:00:00,Chicago,CO
ORD0001167,SHP000378,E003614,out_for_delivery,2025-05-10 01:00:00,Chicago,CO
ORD0001744,SHP000144,E001383,out_for_delivery,2025-03-26 07:00:00,Phoenix,AZ
ORD0001744,SHP000177,E001383,in_transit,2025-06-16 12:00:00,Phoenix,IL
ORD0000462,SHP000777,E005516,out_for_delivery,2025-01-14 07:00:00,Miami,TX
ORD0000462,SHP001073,E005516,in_transit,2025-04-10 03:00:00,Denver,IL
ORD0000803,SHP001756,E003607,picked_up,2025-07-23 22:00:00,Dallas,CO
ORD0000803,SHP000662,E003607,label_created,2025-09-01 03:00:00,Phoenix,AZ
ORD0000719,SHP000555,E000517,out_for_delivery,2025-02-25 14:00:00,Chicago,NY
ORD0000719,SHP000420,E000517,out_for_delivery,2025-05-25 16:00:00,Chicago,CA
ORD0000393,SHP000540,E003226,in_transit,2025-07-22 18:00:00,Dallas,IL
ORD0000393,SHP000143,E003226,label_created,2025-12-19 22:00:00,Los Angeles,CA
ORD0000062,SHP000597,E002799,in_transit,2025-05-04 10:00:00,Chicago,AZ
ORD0000062,SHP000100,E002799,picked_up,2025-01-06 23:00:00,Seattle,CO
ORD0001109,SHP000643,E005598,out_for_delivery,2025-08-12 02:00:00,Chicago,IL
ORD0001109,SHP001610,E005598,picked_up,2025-10-17 13:00:00,New York,FL
ORD0001708,SHP001731,E001696,picked_up,2025-03-04 12:00:00,Seattle,CA
ORD0001708,SHP001404,E001696,picked_up,2025-03-18 02:00:00,Denver,WA
ORD0000665,SHP000270,E001369,in_transit,2025-10-05 10:00:00,Phoenix,FL
ORD0000665,SHP001068,E001369,in_transit,2025-04-16 07:00:00,Seattle,AZ
ORD0001789,SHP001051,E003237,out_for_delivery,2025-10-27 10:00:00,Phoenix,CO
ORD0001789,SHP001212,E003237,in_transit,2025-05-02 10:00:00,Los Angeles,CA
ORD0000969,SHP000035,E000162,in_transit,2025-01-29 12:00:00,Denver,WA
ORD0000969,SHP001398,E000162,out_for_delivery,2025-05-01 05:00:00,Los Angeles,WA
ORD0002121,SHP000519,E000988,in_transit,2025-10-29 03:00:00,Los Angeles,CO
ORD0002121,SHP000857,E000988,delivered,2025-09-15 06:00:00,Miami,TX
ORD0001645,SHP000814,E005237,picked_up,2025-06-12 11:00:00,Chicago,CO
ORD0001645,SHP000240,E005237,picked_up,2025-05-12 00:00:00,New York,CA
ORD0000986,SHP000626,E003760,exception,2025-09-25 02:00:00,Seattle,CO
ORD0000986,SHP000695,E003760,in_transit,2025-02-08 11:00:00,Seattle,TX
ORD0000596,SHP001509,E005075,in_transit,2025-04-22 13:00:00,Seattle,WA
ORD0000596,SHP000897,E005075,delivered,2025-05-21 13:00:00,Seattle,IL
ORD0000524,SHP000596,E000151,picked_up,2025-03-30 08:00:00,Chicago,AZ
ORD0000524,SHP001477,E000151,label_created,2025-06-13 23:00:00,Denver,TX
ORD0001783,SHP000265,E004851,in_transit,2025-12-11 04:00:00,Chicago,CA
ORD0001783,SHP000516,E004851,out_for_delivery,2025-09-18 19:00:00,New York,NY
ORD0001711,SHP001442,E001840,in_transit,2025-08-06 10:00:00,Denver,WA
ORD0001711,SHP001438,E001840,picked_up,2025-06-30 17:00:00,Los Angeles,CO
ORD0001713,SHP000921,E003868,out_for_delivery,2025-06-16 16:00:00,Denver,CA
ORD0001713,SHP001130,E003868,out_for_delivery,2025-02-24 05:00:00,Los Angeles,CO
ORD0002111,SHP000620,E002561,picked_up,2025-09-30 11:00:00,Los Angeles,CA
ORD0002111,SHP000423,E002561,in_transit,2025-05-26 17:00:00,Chicago,IL
ORD0001009,SHP000303,E004099,picked_up,2025-05-17 19:00:00,Denver,FL
ORD0001009,SHP001515,E004099,in_transit,2025-05-25 07:00:00,New York,AZ
ORD0001505,SHP001522,E003684,exception,2025-10-03 19:00:00,Dallas,NY
ORD0001505,SHP001376,E003684,in_transit,2025-10-05 22:00:00,Chicago,CO
ORD0001009,SHP000303,E002732,picked_up,2025-01-27 00:00:00,Chicago,FL
ORD0001009,SHP001515,E002732,label_created,2025-08-19 04:00:00,Seattle,CO
ORD0001806,SHP001226,E005180,picked_up,2025-07-05 11:00:00,Los Angeles,CO
ORD0001806,SHP001443,E005180,out_for_delivery,2025-06-13 10:00:00,Chicago,TX
ORD0001991,SHP000871,E005526,out_for_delivery,2025-01-05 21:00:00,Los Angeles,AZ
ORD0001991,SHP001110,E005526,out_for_delivery,2025-06-01 17:00:00,Denver,AZ
ORD0001688,SHP000176,E004182,picked_up,2025-04-21 08:00:00,Seattle,CA
ORD0001688,SHP001612,E004182,exception,2025-01-13 19:00:00,Phoenix,IL
ORD0001339,SHP001651,E002734,in_transit,2025-08-01 14:00:00,Denver,NY
ORD0001339,SHP001212,E002734,label_created,2025-05-06 05:00:00,Miami,WA
ORD0002038,SHP001437,E004068,in_transit,2025-03-17 22:00:00,Los Angeles,TX
ORD0002038,SHP000133,E004068,picked_up,2025-08-06 20:00:00,Phoenix,WA
ORD0002178,SHP000584,E003447,in_transit,2025-09-23 23:00:00,Miami,CO
ORD0002178,SHP001330,E003447,out_for_delivery,2025-10-15 09:00:00,Dallas,TX
ORD0000643,SHP001097,E002983,in_transit,2025-07-07 11:00:00,Dallas,NY
ORD0000643,SHP000942,E002983,label_created,2025-02-20 03:00:00,Seattle,TX
ORD0001516,SHP000840,E003172,delivered,2025-12-17 04:00:00,Dallas,AZ
ORD0001516,SHP000335,E003172,label_created,2025-11-14 09:00:00,Phoenix,TX
ORD0001248,SHP000489,E001191,delivered,2025-04-27 05:00:00,Chicago,WA
ORD0001248,SHP000771,E001191,in_transit,2025-09-28 21:00:00,Denver,NY
ORD0000763,SHP001311,E004344,out_for_delivery,2025-03-05 06:00:00,Seattle,TX
ORD0000763,SHP000698,E004344,out_for_delivery,2025-08-19 02:00:00,Seattle,FL
ORD0000736,SHP000233,E001503,picked_up,2025-03-27 02:00:00,New York,NY
ORD0000736,SHP001727,E001503,delivered,2025-11-27 14:00:00,Chicago,WA
ORD0001317,SHP000645,E002402,in_transit,2025-05-22 14:00:00,Dallas,FL
ORD0001317,SHP001650,E002402,picked_up,2025-03-03 10:00:00,Denver,AZ
ORD0000210,SHP001129,E000435,picked_up,2025-06-06 01:00:00,New York,WA
ORD0000210,SHP001147,E000435,in_transit,2025-06-23 04:00:00,Chicago,IL
ORD0000452,SHP000674,E001378,delivered,2025-12-17 07:00:00,Phoenix,AZ
ORD0000452,SHP001222,E001378,in_transit,2025-02-05 23:00:00,Seattle,FL
ORD0000164,SHP000692,E001975,in_transit,2025-11-04 17:00:00,Phoenix,CO
ORD0000164,SHP001634,E001975,in_transit,2025-07-26 20:00:00,Seattle,IL
ORD0002131,SHP001380,E004568,delivered,2025-01-30 11:00:00,Denver,TX
ORD0002131,SHP001063,E004568,label_created,2025-10-15 09:00:00,Miami,FL
ORD0001195,SHP001516,E005443,in_transit,2025-09-01 13:00:00,Denver,AZ
ORD0001195,SHP001083,E005443,label_created,2025-10-09 13:00:00,Dallas,TX
ORD0001823,SHP001621,E001734,label_created,2025-12-02 06:00:00,Chicago,NY
ORD0001823,SHP000204,E001734,delivered,2025-06-25 13:00:00,Seattle,CO
ORD0001595,SHP001213,E004870,label_created,2025-08-23 16:00:00,Chicago,FL
ORD0001595,SHP001082,E004870,delivered,2025-08-11 00:00:00,Seattle,AZ
ORD0000649,SHP001163,E005560,picked_up,2025-10-22 03:00:00,New York,NY
ORD0000649,SHP000212,E005560,picked_up,2025-07-11 19:00:00,Phoenix,NY
ORD0001573,SHP000837,E000860,exception,2025-05-11 01:00:00,Miami,CA
ORD0001573,SHP001769,E000860,in_transit,2025-10-11 02:00:00,Seattle,NY
ORD0001215,SHP000064,E004657,in_transit,2025-07-12 10:00:00,Los Angeles,WA
ORD0001215,SHP001473,E004657,in_transit,2025-09-02 15:00:00,Phoenix,WA
ORD0000917,SHP000597,E001329,in_transit,2025-04-01 02:00:00,New York,IL
ORD0000917,SHP001270,E001329,exception,2025-06-02 17:00:00,Los Angeles,FL
ORD0001409,SHP001090,E002159,out_for_delivery,2025-12-21 20:00:00,Phoenix,IL
ORD0001409,SHP000263,E002159,out_for_delivery,2025-12-09 08:00:00,Denver,CA
ORD0000940,SHP001664,E001009,in_transit,2025-01-19 15:00:00,New York,IL
ORD0000940,SHP001327,E001009,picked_up,2025-04-02 02:00:00,Seattle,CA
ORD0001655,SHP001382,E003117,delivered,2025-01-25 04:00:00,Chicago,NY
ORD0001655,SHP000706,E003117,out_for_delivery,2025-07-19 06:00:00,New York,IL
ORD0001495,SHP000885,E004997,label_created,2025-03-16 08:00:00,New York,AZ
ORD0001495,SHP000135,E004997,out_for_delivery,2025-06-07 16:00:00,Chicago,CA
ORD0001968,SHP000727,E001713,exception,2025-12-04 06:00:00,Seattle,NY
ORD0001968,SHP000489,E001713,out_for_delivery,2025-01-31 22:00:00,Dallas,CO
ORD0001231,SHP000595,E003204,in_transit,2025-09-02 03:00:00,New York,CO
ORD0001231,SHP000350,E003204,picked_up,2025-01-13 07:00:00,New York,FL
ORD0001571,SHP000680,E004564,in_transit,2025-11-08 17:00:00,Chicago,NY
ORD0001571,SHP001498,E004564,out_for_delivery,2025-08-21 02:00:00,New York,WA
ORD0001178,SHP000073,E004907,picked_up,2025-12-14 06:00:00,Phoenix,WA
ORD0001178,SHP001351,E004907,delivered,2025-07-25 08:00:00,Chicago,NY
ORD0000833,SHP001627,E004781,delivered,2025-07-07 22:00:00,Dallas,WA
ORD0000833,SHP001311,E004781,label_created,2025-07-07 15:00:00,Los Angeles,CO
ORD0000500,SHP000668,E001427,label_created,2025-05-29 05:00:00,Denver,AZ
ORD0000500,SHP000295,E001427,label_created,2025-06-16 05:00:00,Chicago,CA
ORD0000463,SHP001240,E001147,picked_up,2025-08-26 10:00:00,Phoenix,AZ
ORD0000463,SHP001534,E001147,out_for_delivery,2025-06-08 07:00:00,Seattle,TX
ORD0000840,SHP000918,E000658,out_for_delivery,2025-04-04 11:00:00,Chicago,CA
ORD0000840,SHP000816,E000658,delivered,2025-01-12 09:00:00,Miami,CA
ORD0001202,SHP000283,E000414,out_for_delivery,2025-08-01 02:00:00,Miami,AZ
ORD0001202,SHP000030,E000414,out_for_delivery,2025-06-24 03:00:00,Los Angeles,CO
ORD0000449,SHP001002,E000121,picked_up,2025-12-22 01:00:00,Chicago,AZ
ORD0000449,SHP000903,E000121,picked_up,2025-02-10 14:00:00,New York,IL
ORD0001175,SHP000323,E002216,in_transit,2025-04-27 10:00:00,Dallas,CA
ORD0001175,SHP000418,E002216,delivered,2025-01-02 15:00:00,Seattle,FL
ORD0000438,SHP000402,E000618,in_transit,2025-12-02 19:00:00,Denver,CO
ORD0000438,SHP001738,E000618,picked_up,2025-10-10 11:00:00,Los Angeles,CO
ORD0001588,SHP001668,E003770,out_for_delivery,2025-04-09 15:00:00,Los Angeles,FL
ORD0001588,SHP001135,E003770,picked_up,2025-01-01 19:00:00,Los Angeles,CO
ORD0000948,SHP000608,E002023,in_transit,2025-08-21 03:00:00,Seattle,CO
ORD0000948,SHP001605,E002023,label_created,2025-04-02 16:00:00,Los Angeles,IL
ORD0000769,SHP000634,E005634,in_transit,2025-02-09 11:00:00,Seattle,IL
ORD0000769,SHP000229,E005634,delivered,2025-06-14 12:00:00,New York,FL
ORD0000905,SHP001389,E005237,out_for_delivery,2025-09-04 18:00:00,Seattle,TX
ORD0000905,SHP000030,E005237,in_transit,2025-01-21 13:00:00,Miami,CA
ORD0000083,SHP000171,E000097,in_transit,2025-07-21 11:00:00,Chicago,CA
ORD0000083,SHP001421,E000097,in_transit,2025-04-12 08:00:00,Los Angeles,NY
ORD0000774,SHP000839,E005218,in_transit,2025-02-15 11:00:00,Miami,IL
ORD0000774,SHP000886,E005218,delivered,2025-06-28 06:00:00,Seattle,FL
ORD0002053,SHP001526,E000330,in_transit,2025-01-27 15:00:00,Denver,FL
ORD0002053,SHP001222,E000330,in_transit,2025-08-21 05:00:00,Phoenix,CA
ORD0001259,SHP000051,E001808,out_for_delivery,2025-08-24 16:00:00,Seattle,IL
ORD0001259,SHP001292,E001808,label_created,2025-03-29 00:00:00,Chicago,CA
ORD0001480,SHP000826,E000527,in_transit,2025-11-17 08:00:00,Chicago,WA
ORD0001480,SHP001147,E000527,label_created,2025-06-04 16:00:00,Miami,AZ
ORD0000414,SHP001446,E002975,delivered,2025-02-26 20:00:00,Seattle,WA
ORD0000414,SHP001577,E002975,picked_up,2025-02-25 08:00:00,Chicago,IL
ORD0001244,SHP001699,E004996,delivered,2025-05-09 02:00:00,Phoenix,FL
ORD0001244,SHP000782,E004996,picked_up,2025-06-22 02:00:00,Denver,TX
ORD0001447,SHP001443,E002998,out_for_delivery,2025-07-18 21:00:00,Miami,CO
ORD0001447,SHP001600,E002998,delivered,2025-04-08 07:00:00,Miami,NY
ORD0000341,SHP001610,E003377,label_created,2025-06-21 01:00:00,Miami,TX
ORD0000341,SHP000094,E003377,in_transit,2025-10-04 07:00:00,Dallas,WA
ORD0000342,SHP000373,E005231,in_transit,2025-08-10 08:00:00,Chicago,TX
ORD0000342,SHP001317,E005231,picked_up,2025-04-14 20:00:00,Dallas,NY
ORD0000589,SHP000275,E000585,out_for_delivery,2025-10-01 13:00:00,Dallas,AZ
ORD0000589,SHP000887,E000585,label_created,2025-11-05 00:00:00,Phoenix,CA
ORD0000208,SHP000213,E004246,in_transit,2025-01-20 23:00:00,Phoenix,AZ
ORD0000208,SHP000901,E004246,exception,2025-05-02 23:00:00,Chicago,WA
ORD0000509,SHP000337,E001619,in_transit,2025-12-15 00:00:00,Phoenix,FL
ORD0000509,SHP001664,E001619,label_created,2025-11-11 11:00:00,Denver,AZ
ORD0002053,SHP001222,E001798,in_transit,2025-06-02 06:00:00,Miami,AZ
ORD0002053,SHP001526,E001798,in_transit,2025-08-28 08:00:00,New York,CA
ORD0001470,SHP001480,E002277,in_transit,2025-03-14 06:00:00,Dallas,IL
ORD0001470,SHP000751,E002277,out_for_delivery,2025-12-23 05:00:00,Dallas,CO
ORD0000181,SHP001345,E001426,in_transit,2025-11-13 19:00:00,New York,CO
ORD0000181,SHP000861,E001426,out_for_delivery,2025-05-17 03:00:00,New York,FL
ORD0002042,SHP000629,E001367,in_transit,2025-04-14 18:00:00,Los Angeles,CO
ORD0002042,SHP000936,E001367,in_transit,2025-11-19 05:00:00,Chicago,NY
ORD0000815,SHP001397,E004590,in_transit,2025-08-21 04:00:00,Phoenix,IL
ORD0000815,SHP000903,E004590,out_for_delivery,2025-04-30 19:00:00,Los Angeles,CA
ORD0002152,SHP000596,E004993,label_created,2025-01-28 17:00:00,Chicago,CO
ORD0002152,SHP001167,E004993,delivered,2025-08-16 16:00:00,Phoenix,TX
ORD0001322,SHP000982,E005539,label_created,2025-12-07 16:00:00,Chicago,CO
ORD0001322,SHP000547,E005539,in_transit,2025-08-09 11:00:00,Phoenix,IL
ORD0000672,SHP001553,E002820,picked_up,2025-05-22 11:00:00,Dallas,IL
ORD0000672,SHP001516,E002820,delivered,2025-10-24 08:00:00,Dallas,FL
ORD0001364,SHP000316,E001883,delivered,2025-04-19 00:00:00,Phoenix,NY
ORD0001364,SHP000943,E001883,picked_up,2025-12-24 06:00:00,Phoenix,FL
ORD0000834,SHP001529,E001719,delivered,2025-06-24 14:00:00,Dallas,WA
ORD0000834,SHP001095,E001719,picked_up,2025-08-29 15:00:00,Phoenix,AZ
ORD0000148,SHP001476,E002681,delivered,2025-11-28 10:00:00,Chicago,FL
ORD0000148,SHP001748,E002681,in_transit,2025-07-03 12:00:00,Seattle,WA
ORD0000540,SHP000797,E002591,picked_up,2025-06-24 07:00:00,New York,FL
ORD0000540,SHP001275,E002591,exception,2025-01-16 07:00:00,Dallas,FL
ORD0001795,SHP000786,E003139,in_transit,2025-04-30 06:00:00,Miami,AZ
ORD0001795,SHP001721,E003139,delivered,2025-05-31 20:00:00,Miami,CO
ORD0001648,SHP001734,E002641,exception,2025-12-20 01:00:00,Phoenix,CO
ORD0001648,SHP001492,E002641,label_created,2025-01-25 12:00:00,Seattle,TX
ORD0002157,SHP000988,E003857,in_transit,2025-03-28 01:00:00,Dallas,NY
ORD0002157,SHP001742,E003857,in_transit,2025-03-21 05:00:00,New York,NY
ORD0001725,SHP001366,E004133,delivered,2025-03-07 13:00:00,Phoenix,CA
ORD0001725,SHP001588,E004133,picked_up,2025-03-30 14:00:00,Chicago,IL
ORD0001689,SHP001282,E002829,delivered,2025-08-23 02:00:00,Chicago,NY
ORD0001689,SHP001110,E002829,in_transit,2025-08-01 12:00:00,Phoenix,TX
ORD0000438,SHP001251,E004341,in_transit,2025-09-23 08:00:00,Phoenix,IL
ORD0000438,SHP001528,E004341,in_transit,2025-11-26 01:00:00,New York,AZ
ORD0000876,SHP000380,E005628,in_transit,2025-12-21 22:00:00,Miami,TX
ORD0000876,SHP001425,E005628,delivered,2025-01-22 14:00:00,Los Angeles,CA
ORD0001776,SHP001588,E005289,delivered,2025-11-08 19:00:00,New York,CO
ORD0001776,SHP001786,E005289,delivered,2025-09-21 13:00:00,New York,FL
ORD0000803,SHP000662,E005525,picked_up,2025-03-16 18:00:00,Phoenix,CA
ORD0000803,SHP001596,E005525,out_for_delivery,2025-12-02 20:00:00,Denver,TX
ORD0001867,SHP000799,E004298,in_transit,2025-06-27 00:00:00,Los Angeles,CO
ORD0001867,SHP000882,E004298,delivered,2025-12-22 13:00:00,New York,CO
ORD0001560,SHP001700,E003006,label_created,2025-01-09 19:00:00,New York,AZ
ORD0001560,SHP000374,E003006,in_transit,2025-09-10 09:00:00,Phoenix,FL
ORD0000565,SHP000904,E005164,in_transit,2025-05-27 06:00:00,Phoenix,TX
ORD0000565,SHP001485,E005164,out_for_delivery,2025-11-16 10:00:00,Phoenix,WA
ORD0000332,SHP000925,E001763,in_transit,2025-09-08 15:00:00,Phoenix,TX
ORD0000332,SHP001480,E001763,exception,2025-06-29 18:00:00,Seattle,NY
ORD0000365,SHP000438,E004663,label_created,2025-07-19 07:00:00,Miami,FL
ORD0000365,SHP001162,E004663,out_for_delivery,2025-09-14 14:00:00,Denver,NY
ORD0000221,SHP001180,E002038,delivered,2025-11-12 10:00:00,Chicago,AZ
ORD0000221,SHP001585,E002038,exception,2025-08-26 19:00:00,Chicago,WA
ORD0001864,SHP001026,E000615,in_transit,2025-06-19 15:00:00,Los Angeles,NY
ORD0001864,SHP001030,E000615,in_transit,2025-05-31 11:00:00,Los Angeles,IL
ORD0001669,SHP000644,E004772,delivered,2025-02-12 05:00:00,Chicago,FL
ORD0001669,SHP000887,E004772,picked_up,2025-02-13 13:00:00,Denver,CO
ORD0002083,SHP000186,E001458,picked_up,2025-11-02 04:00:00,Dallas,CA
ORD0002083,SHP000545,E001458,in_transit,2025-12-14 13:00:00,Chicago,WA
ORD0001614,SHP000731,E000337,delivered,2025-12-12 22:00:00,Phoenix,CO
ORD0001614,SHP001525,E000337,out_for_delivery,2025-01-01 10:00:00,New York,IL
ORD0001470,SHP000751,E002220,in_transit,2025-09-18 00:00:00,Dallas,FL
ORD0001470,SHP001480,E002220,in_transit,2025-03-14 03:00:00,Miami,AZ
ORD0001145,SHP001306,E001996,picked_up,2025-07-18 06:00:00,New York,TX
ORD0001145,SHP000488,E001996,picked_up,2025-12-04 01:00:00,Los Angeles,NY
ORD0000486,SHP000735,E003429,delivered,2025-09-04 13:00:00,New York,WA
ORD0000486,SHP001236,E003429,in_transit,2025-03-15 10:00:00,Chicago,CO
ORD0000919,SHP001190,E000754,in_transit,2025-02-09 12:00:00,Phoenix,WA
ORD0000919,SHP000898,E000754,label_created,2025-02-24 13:00:00,Seattle,TX
ORD0000739,SHP000848,E002069,in_transit,2025-07-04 02:00:00,Phoenix,CA
ORD0000739,SHP001800,E002069,label_created,2025-06-29 17:00:00,Dallas,TX
ORD0000153,SHP000715,E000503,picked_up,2025-03-17 22:00:00,Seattle,CA
ORD0000153,SHP000590,E000503,delivered,2025-04-27 12:00:00,New York,IL
ORD0000535,SHP000617,E002329,label_created,2025-08-07 08:00:00,Los Angeles,NY
ORD0000535,SHP000504,E002329,in_transit,2025-01-31 11:00:00,Chicago,TX
ORD0000595,SHP000299,E001083,in_transit,2025-01-15 14:00:00,Dallas,CO
ORD0000595,SHP001207,E001083,label_created,2025-07-14 17:00:00,Dallas,NY
ORD0001647,SHP000941,E000434,in_transit,2025-02-20 16:00:00,Phoenix,CO
ORD0001647,SHP000158,E000434,delivered,2025-10-04 23:00:00,Los Angeles,CA
ORD0001232,SHP000642,E000182,label_created,2025-05-31 08:00:00,Seattle,CA
ORD0001232,SHP001248,E000182,label_created,2025-11-10 16:00:00,Miami,AZ
ORD0001127,SHP001714,E001726,in_transit,2025-04-11 23:00:00,Phoenix,WA
ORD0001127,SHP001763,E001726,in_transit,2025-03-01 10:00:00,Denver,IL
ORD0000464,SHP001229,E001635,picked_up,2025-03-23 23:00:00,Denver,WA
ORD0000464,SHP001549,E001635,out_for_delivery,2025-01-20 19:00:00,New York,CA
ORD0000073,SHP000595,E000703,out_for_delivery,2025-04-20 05:00:00,Los Angeles,IL
ORD0000073,SHP001756,E000703,picked_up,2025-09-22 03:00:00,Miami,IL
ORD0001442,SHP000618,E004096,delivered,2025-08-26 13:00:00,Denver,CO
ORD0001442,SHP000350,E004096,in_transit,2025-01-04 12:00:00,Los Angeles,CA
ORD0000846,SHP000449,E000228,in_transit,2025-09-08 05:00:00,Seattle,CO
ORD0000846,SHP000051,E000228,in_transit,2025-11-25 19:00:00,Dallas,CA
ORD0001907,SHP000191,E003843,picked_up,2025-04-15 06:00:00,Miami,TX
ORD0001907,SHP001198,E003843,in_transit,2025-12-22 01:00:00,Chicago,TX
ORD0000499,SHP000663,E003704,picked_up,2025-08-05 11:00:00,Chicago,FL
ORD0000499,SHP001112,E003704,in_transit,2025-04-29 03:00:00,Dallas,TX
ORD0001693,SHP000073,E001648,label_created,2025-04-19 23:00:00,Chicago,FL
ORD0001693,SHP001291,E001648,picked_up,2025-01-30 01:00:00,Dallas,CA
ORD0001694,SHP000276,E004730,out_for_delivery,2025-05-29 01:00:00,Seattle,AZ
ORD0001694,SHP000184,E004730,picked_up,2025-08-31 09:00:00,Chicago,NY
ORD0000370,SHP000358,E003626,out_for_delivery,2025-08-09 03:00:00,Seattle,NY
ORD0000370,SHP000671,E003626,picked_up,2025-04-26 18:00:00,Chicago,CA
ORD0000224,SHP000577,E000709,in_transit,2025-09-04 12:00:00,Dallas,IL
ORD0000224,SHP000346,E000709,picked_up,2025-12-03 01:00:00,Dallas,NY
ORD0001508,SHP000726,E000704,label_created,2025-04-12 14:00:00,Seattle,FL
ORD0001508,SHP001539,E000704,in_transit,2025-12-18 11:00:00,Phoenix,IL
ORD0000473,SHP000068,E000342,label_created,2025-04-06 10:00:00,Seattle,WA
ORD0000473,SHP001624,E000342,delivered,2025-06-09 05:00:00,Los Angeles,AZ
ORD0001598,SHP000198,E000968,out_for_delivery,2025-06-20 07:00:00,Denver,NY
ORD0001598,SHP001602,E000968,in_transit,2025-03-07 21:00:00,Los Angeles,FL
ORD0001218,SHP001398,E000481,in_transit,2025-03-30 21:00:00,Seattle,IL
ORD0001218,SHP001688,E000481,in_transit,2025-01-22 07:00:00,Miami,WA
ORD0001179,SHP001668,E003889,in_transit,2025-01-11 07:00:00,Phoenix,CO
ORD0001179,SHP001151,E003889,delivered,2025-09-14 08:00:00,Chicago,CA
ORD0001275,SHP000294,E000587,in_transit,2025-02-27 12:00:00,New York,FL
ORD0001275,SHP001482,E000587,out_for_delivery,2025-01-13 04:00:00,Dallas,CA
ORD0001824,SHP000670,E004756,picked_up,2025-06-26 16:00:00,Seattle,NY
ORD0001824,SHP000181,E004756,in_transit,2025-05-18 09:00:00,Chicago,IL
ORD0000043,SHP000869,E002459,exception,2025-08-26 03:00:00,Chicago,WA
ORD0000043,SHP000213,E002459,out_for_delivery,2025-04-29 19:00:00,New York,IL
ORD0000001,SHP001650,E003201,delivered,2025-01-26 11:00:00,Miami,IL
ORD0000001,SHP000923,E003201,out_for_delivery,2025-09-28 22:00:00,Denver,IL
ORD0001208,SHP001674,E001253,delivered,2025-02-04 17:00:00,Chicago,IL
ORD0001208,SHP000826,E001253,in_transit,2025-12-29 15:00:00,Denver,NY
ORD0001360,SHP000168,E004967,delivered,2025-02-23 12:00:00,Seattle,CA
ORD0001360,SHP001780,E004967,picked_up,2025-09-07 18:00:00,Miami,FL
ORD0000039,SHP001519,E002766,out_for_delivery,2025-02-21 01:00:00,Los Angeles,AZ
ORD0000039,SHP000716,E002766,in_transit,2025-09-17 17:00:00,Dallas,WA
ORD0000899,SHP000065,E004220,delivered,2025-08-02 02:00:00,Seattle,WA
ORD0000899,SHP001310,E004220,in_transit,2025-11-08 12:00:00,New York,CO
ORD0000892,SHP001118,E002115,in_transit,2025-08-17 20:00:00,Los Angeles,WA
ORD0000892,SHP000906,E002115,in_transit,2025-03-10 20:00:00,Seattle,FL
ORD0000332,SHP000925,E002470,in_transit,2025-11-30 23:00:00,Phoenix,IL
ORD0000332,SHP000864,E002470,delivered,2025-07-22 00:00:00,Los Angeles,CA
ORD0000378,SHP000989,E002500,in_transit,2025-03-11 16:00:00,Seattle,AZ
ORD0000378,SHP001087,E002500,out_for_delivery,2025-12-27 02:00:00,Miami,CO
ORD0001525,SHP000294,E003653,delivered,2025-09-09 19:00:00,Denver,FL
ORD0001525,SHP001038,E003653,in_transit,2025-12-19 01:00:00,Miami,NY
ORD0000853,SHP001603,E000203,out_for_delivery,2025-08-05 21:00:00,Denver,CA
ORD0000853,SHP001200,E000203,delivered,2025-11-10 19:00:00,Seattle,IL
ORD0001577,SHP001353,E005575,in_transit,2025-09-01 12:00:00,Phoenix,NY
ORD0001577,SHP001514,E005575,in_transit,2025-08-21 21:00:00,New York,WA
ORD0000906,SHP000009,E003559,in_transit,2025-09-25 08:00:00,Miami,CA
ORD0000906,SHP000618,E003559,label_created,2025-09-13 09:00:00,New York,TX
ORD0000500,SHP001348,E004530,out_for_delivery,2025-06-10 20:00:00,New York,CO
ORD0000500,SHP000295,E004530,label_created,2025-06-26 21:00:00,Los Angeles,NY
ORD0001165,SHP000110,E001768,picked_up,2025-04-27 20:00:00,Miami,FL
ORD0001165,SHP000798,E001768,in_transit,2025-05-01 21:00:00,Dallas,NY
ORD0001646,SHP000600,E005394,in_transit,2025-12-31 16:00:00,Seattle,AZ
ORD0001646,SHP000752,E005394,label_created,2025-06-21 03:00:00,Miami,WA
ORD0000835,SHP000478,E005232,delivered,2025-12-28 00:00:00,Dallas,NY
ORD0000835,SHP001492,E005232,in_transit,2025-01-26 05:00:00,Phoenix,CO
ORD0000382,SHP000691,E001158,label_created,2025-05-12 02:00:00,Dallas,AZ
ORD0000382,SHP000122,E001158,in_transit,2025-11-04 20:00:00,Miami,IL
ORD0000196,SHP000394,E003722,in_transit,2025-10-06 08:00:00,Phoenix,CA
ORD0000196,SHP000146,E003722,in_transit,2025-05-06 15:00:00,Phoenix,WA
ORD0000528,SHP001542,E004937,label_created,2025-01-23 11:00:00,Seattle,CO
ORD0000528,SHP001483,E004937,picked_up,2025-03-30 01:00:00,Phoenix,CO
ORD0001512,SHP000737,E005391,in_transit,2025-07-11 07:00:00,Los Angeles,NY
ORD0001512,SHP001452,E005391,picked_up,2025-02-09 12:00:00,Seattle,IL
ORD0001982,SHP000745,E002688,label_created,2025-03-10 05:00:00,Dallas,CA
ORD0001982,SHP000089,E002688,exception,2025-08-06 02:00:00,Phoenix,FL
ORD0001789,SHP001018,E000963,in_transit,2025-07-15 17:00:00,Chicago,TX
ORD0001789,SHP001212,E000963,picked_up,2025-08-30 23:00:00,Chicago,CA
ORD0001574,SHP001765,E004735,in_transit,2025-03-25 02:00:00,New York,IL
ORD0001574,SHP001762,E004735,label_created,2025-02-16 08:00:00,Miami,TX
ORD0000625,SHP001755,E003673,out_for_delivery,2025-01-05 06:00:00,Seattle,CO
ORD0000625,SHP001667,E003673,in_transit,2025-05-09 08:00:00,Phoenix,AZ
ORD0001670,SHP000352,E003032,picked_up,2025-08-29 13:00:00,Chicago,IL
ORD0001670,SHP001196,E003032,in_transit,2025-07-21 02:00:00,Denver,WA
ORD0000544,SHP000591,E000704,in_transit,2025-12-08 01:00:00,Miami,IL
ORD0000544,SHP001251,E000704,in_transit,2025-11-24 02:00:00,New York,AZ
ORD0001111,SHP000846,E002360,picked_up,2025-07-09 16:00:00,Los Angeles,NY
ORD0001111,SHP000720,E002360,in_transit,2025-02-11 04:00:00,Miami,NY
ORD0000402,SHP000701,E000327,label_created,2025-12-01 15:00:00,Denver,AZ
ORD0000402,SHP000348,E000327,delivered,2025-11-27 03:00:00,Phoenix,CA
ORD0000489,SHP001472,E003488,picked_up,2025-03-13 03:00:00,Chicago,IL
ORD0000489,SHP001528,E003488,picked_up,2025-03-11 01:00:00,New York,WA
ORD0001662,SHP000470,E002115,in_transit,2025-11-16 10:00:00,Seattle,CA
ORD0001662,SHP001583,E002115,label_created,2025-06-10 23:00:00,Miami,CA
ORD0000008,SHP001408,E002237,exception,2025-12-16 23:00:00,Los Angeles,TX
ORD0000008,SHP000272,E002237,delivered,2025-03-13 02:00:00,Dallas,NY
ORD0000167,SHP000183,E003098,picked_up,2025-06-06 20:00:00,Chicago,FL
ORD0000167,SHP000596,E003098,delivered,2025-03-15 03:00:00,Chicago,WA
ORD0000743,SHP001753,E000297,in_transit,2025-10-20 22:00:00,New York,CA
ORD0000743,SHP000847,E000297,delivered,2025-01-11 20:00:00,Los Angeles,IL
ORD0000802,SHP000368,E004327,in_transit,2025-01-18 01:00:00,Phoenix,NY
ORD0000802,SHP000923,E004327,label_created,2025-05-22 04:00:00,Miami,FL
ORD0000165,SHP000255,E004121,in_transit,2025-06-10 19:00:00,Los Angeles,IL
ORD0000165,SHP000985,E004121,label_created,2025-11-12 14:00:00,Phoenix,WA
ORD0001684,SHP000925,E001102,in_transit,2025-02-07 17:00:00,Denver,TX
ORD0001684,SHP001313,E001102,picked_up,2025-01-09 19:00:00,Denver,NY
ORD0000631,SHP000215,E005685,in_transit,2025-06-10 01:00:00,Denver,AZ
ORD0000631,SHP001792,E005685,in_transit,2025-08-23 03:00:00,New York,WA
ORD0001604,SHP000755,E000822,in_transit,2025-03-17 04:00:00,Los Angeles,WA
ORD0001604,SHP000827,E000822,in_transit,2025-11-01 12:00:00,Miami,NY
ORD0000225,SHP000324,E002441,out_for_delivery,2025-06-19 03:00:00,Seattle,IL
ORD0000225,SHP001479,E002441,in_transit,2025-05-18 20:00:00,Chicago,WA
ORD0000935,SHP001222,E002597,label_created,2025-04-18 20:00:00,Miami,CO
ORD0000935,SHP000218,E002597,delivered,2025-01-02 12:00:00,Miami,AZ
ORD0000280,SHP000505,E004442,label_created,2025-08-07 18:00:00,Seattle,AZ
ORD0000280,SHP000727,E004442,picked_up,2025-08-26 00:00:00,Miami,AZ
ORD0000628,SHP001622,E004446,label_created,2025-04-17 09:00:00,Chicago,NY
ORD0000628,SHP000029,E004446,label_created,2025-11-01 20:00:00,Miami,CO
ORD0001621,SHP000542,E001245,exception,2025-05-20 05:00:00,Miami,CA
ORD0001621,SHP001288,E001245,in_transit,2025-04-19 14:00:00,Chicago,IL
ORD0000389,SHP000934,E000639,out_for_delivery,2025-11-16 20:00:00,Chicago,TX
ORD0000389,SHP000674,E000639,exception,2025-07-01 21:00:00,Chicago,FL
ORD0001624,SHP001497,E002319,delivered,2025-08-13 08:00:00,Miami,TX
ORD0001624,SHP001361,E002319,exception,2025-07-25 08:00:00,Denver,WA
ORD0000831,SHP001438,E003032,label_created,2025-03-04 18:00:00,Denver,IL
ORD0000831,SHP000094,E003032,delivered,2025-07-28 17:00:00,Phoenix,CA
ORD0001809,SHP000758,E003379,delivered,2025-06-24 23:00:00,Seattle,FL
ORD0001809,SHP000654,E003379,out_for_delivery,2025-10-11 04:00:00,Los Angeles,WA
ORD0000674,SHP001586,E003870,out_for_delivery,2025-06-22 20:00:00,Seattle,FL
ORD0000674,SHP000499,E003870,in_transit,2025-05-25 20:00:00,Chicago,CA
ORD0000747,SHP001149,E003722,label_created,2025-12-04 02:00:00,New York,CA
ORD0000747,SHP001254,E003722,label_created,2025-03-05 06:00:00,Seattle,FL
ORD0000806,SHP000458,E002471,in_transit,2025-02-08 15:00:00,Denver,AZ
ORD0000806,SHP000547,E002471,exception,2025-02-21 18:00:00,Denver,AZ
ORD0000038,SHP001332,E002127,out_for_delivery,2025-08-10 14:00:00,Los Angeles,TX
ORD0000038,SHP000238,E002127,in_transit,2025-12-25 22:00:00,Dallas,NY
ORD0000674,SHP000499,E000412,delivered,2025-03-17 03:00:00,New York,CA
ORD0000674,SHP000893,E000412,exception,2025-01-20 04:00:00,Phoenix,IL
ORD0001861,SHP000878,E000785,picked_up,2025-05-25 21:00:00,Denver,NY
ORD0001861,SHP000779,E000785,picked_up,2025-11-16 01:00:00,Miami,CO
ORD0001187,SHP000463,E001265,in_transit,2025-09-14 12:00:00,Chicago,FL
ORD0001187,SHP000076,E001265,in_transit,2025-06-29 23:00:00,Seattle,NY
ORD0001425,SHP001137,E003865,delivered,2025-01-01 08:00:00,Seattle,WA
ORD0001425,SHP001301,E003865,label_created,2025-05-12 02:00:00,Miami,AZ
ORD0001425,SHP001137,E002139,in_transit,2025-02-11 19:00:00,Chicago,IL
ORD0001425,SHP001301,E002139,delivered,2025-07-17 10:00:00,Dallas,CA
ORD0001063,SHP000506,E003938,label_created,2025-05-11 23:00:00,Chicago,WA
ORD0001063,SHP001383,E003938,in_transit,2025-05-23 04:00:00,Chicago,TX
ORD0001542,SHP000700,E000230,exception,2025-07-20 11:00:00,Chicago,CA
ORD0001542,SHP000029,E000230,delivered,2025-09-02 03:00:00,New York,NY
ORD0000138,SHP000739,E004264,label_created,2025-10-06 16:00:00,New York,AZ
ORD0000138,SHP000042,E004264,picked_up,2025-11-13 02:00:00,New York,NY
ORD0001825,SHP000768,E003086,in_transit,2025-12-23 14:00:00,Seattle,AZ
ORD0001825,SHP000357,E003086,in_transit,2025-01-14 00:00:00,Chicago,TX
ORD0001218,SHP000721,E003114,picked_up,2025-02-01 12:00:00,Chicago,CO
ORD0001218,SHP001398,E003114,label_created,2025-12-27 18:00:00,Chicago,CO
ORD0002068,SHP000736,E004387,in_transit,2025-05-04 13:00:00,New York,CA
ORD0002068,SHP000681,E004387,out_for_delivery,2025-01-08 21:00:00,Dallas,FL
ORD0000194,SHP000989,E000264,picked_up,2025-07-21 10:00:00,Seattle,CA
ORD0000194,SHP001085,E000264,in_transit,2025-05-12 18:00:00,Los Angeles,AZ
ORD0001448,SHP000904,E002487,in_transit,2025-05-10 02:00:00,Denver,FL
ORD0001448,SHP000591,E002487,in_transit,2025-08-22 14:00:00,Seattle,AZ
ORD0001722,SHP001745,E003967,out_for_delivery,2025-04-28 12:00:00,Dallas,NY
ORD0001722,SHP000355,E003967,in_transit,2025-10-14 05:00:00,Denver,NY
ORD0000319,SHP000097,E004349,picked_up,2025-02-02 01:00:00,Miami,NY
ORD0000319,SHP001308,E004349,exception,2025-11-28 03:00:00,Miami,CA
ORD0000114,SHP001613,E000350,picked_up,2025-11-02 19:00:00,Dallas,CO
ORD0000114,SHP000075,E000350,picked_up,2025-10-23 06:00:00,Seattle,TX
ORD0001757,SHP000969,E001066,out_for_delivery,2025-07-10 19:00:00,Dallas,IL
ORD0001757,SHP001528,E001066,out_for_delivery,2025-12-21 05:00:00,Denver,FL
ORD0001384,SHP000456,E002486,out_for_delivery,2025-05-29 10:00:00,Phoenix,NY
ORD0001384,SHP000513,E002486,exception,2025-01-14 08:00:00,Seattle,IL
ORD0000179,SHP001704,E004959,label_created,2025-07-31 09:00:00,Dallas,CA
ORD0000179,SHP001157,E004959,in_transit,2025-03-08 17:00:00,Los Angeles,CA
ORD0000282,SHP001091,E004252,label_created,2025-11-19 10:00:00,Denver,TX
ORD0000282,SHP000892,E004252,out_for_delivery,2025-07-21 08:00:00,Phoenix,CA
ORD0000821,SHP000820,E003203,delivered,2025-07-27 15:00:00,Miami,CA
ORD0000821,SHP000949,E003203,exception,2025-07-16 03:00:00,Denver,WA
ORD0001505,SHP001376,E004426,delivered,2025-01-26 18:00:00,New York,NY
ORD0001505,SHP000638,E004426,out_for_delivery,2025-03-10 03:00:00,Seattle,WA
ORD0002181,SHP000875,E004178,picked_up,2025-12-18 15:00:00,New York,CO
ORD0002181,SHP000907,E004178,out_for_delivery,2025-08-29 14:00:00,Dallas,TX
ORD0001203,SHP000516,E004201,picked_up,2025-02-04 07:00:00,Chicago,CO
ORD0001203,SHP001669,E004201,in_transit,2025-05-13 18:00:00,Los Angeles,IL
ORD0000620,SHP000653,E001649,in_transit,2025-02-17 15:00:00,Dallas,CA
ORD0000620,SHP001049,E001649,in_transit,2025-10-28 14:00:00,Seattle,WA
ORD0001322,SHP000547,E003799,in_transit,2025-04-26 05:00:00,New York,NY
ORD0001322,SHP000807,E003799,picked_up,2025-05-23 04:00:00,Phoenix,IL
ORD0001935,SHP000941,E000224,picked_up,2025-07-31 12:00:00,Chicago,CO
ORD0001935,SHP000309,E000224,delivered,2025-06-24 02:00:00,Los Angeles,WA
ORD0000698,SHP000036,E004091,in_transit,2025-08-16 22:00:00,Seattle,FL
ORD0000698,SHP000606,E004091,delivered,2025-03-06 05:00:00,Chicago,AZ
ORD0002136,SHP000666,E000265,label_created,2025-03-22 19:00:00,Chicago,TX
ORD0002136,SHP000227,E000265,in_transit,2025-12-22 00:00:00,Denver,FL
ORD0000520,SHP001453,E001068,in_transit,2025-05-30 08:00:00,New York,CO
ORD0000520,SHP000659,E001068,delivered,2025-07-30 18:00:00,Dallas,AZ
ORD0001877,SHP000826,E003580,picked_up,2025-02-01 13:00:00,Denver,AZ
ORD0001877,SHP000902,E003580,delivered,2025-07-27 14:00:00,Phoenix,NY
ORD0000013,SHP000374,E003936,exception,2025-08-06 11:00:00,Chicago,FL
ORD0000013,SHP000314,E003936,in_transit,2025-06-04 05:00:00,Miami,IL
ORD0001877,SHP000893,E003448,out_for_delivery,2025-06-15 03:00:00,New York,FL
ORD0001877,SHP000902,E003448,out_for_delivery,2025-11-29 07:00:00,Dallas,FL
ORD0000529,SHP000920,E002242,in_transit,2025-10-27 13:00:00,Phoenix,TX
ORD0000529,SHP000581,E002242,in_transit,2025-10-26 19:00:00,Miami,FL
ORD0001387,SHP001326,E002793,in_transit,2025-04-27 15:00:00,Los Angeles,IL
ORD0001387,SHP000762,E002793,in_transit,2025-03-31 22:00:00,Los Angeles,NY
ORD0001819,SHP000727,E005652,label_created,2025-03-20 07:00:00,Phoenix,IL
ORD0001819,SHP000353,E005652,in_transit,2025-02-05 18:00:00,Miami,FL
ORD0001247,SHP001510,E001839,in_transit,2025-03-06 04:00:00,Miami,WA
ORD0001247,SHP001529,E001839,in_transit,2025-11-26 20:00:00,Seattle,IL
ORD0000895,SHP000876,E004771,in_transit,2025-02-03 00:00:00,Dallas,FL
ORD0000895,SHP001191,E004771,in_transit,2025-03-25 03:00:00,Los Angeles,CO
ORD0000177,SHP000120,E005026,picked_up,2025-01-30 13:00:00,Phoenix,NY
ORD0000177,SHP001548,E005026,label_created,2025-04-08 17:00:00,New York,CO
ORD0001523,SHP000119,E003637,out_for_delivery,2025-05-21 05:00:00,Dallas,TX
ORD0001523,SHP000336,E003637,in_transit,2025-12-09 21:00:00,Dallas,TX
ORD0000251,SHP001677,E001058,in_transit,2025-05-17 23:00:00,Seattle,IL
ORD0000251,SHP000901,E001058,picked_up,2025-07-22 17:00:00,Los Angeles,CA
ORD0000633,SHP001242,E000192,picked_up,2025-05-14 15:00:00,Phoenix,WA
ORD0000633,SHP000403,E000192,in_transit,2025-09-20 10:00:00,Phoenix,NY
ORD0000931,SHP001496,E000255,delivered,2025-05-25 19:00:00,Dallas,NY
ORD0000931,SHP001687,E000255,in_transit,2025-02-28 04:00:00,Chicago,FL
ORD0001726,SHP001395,E001584,label_created,2025-08-23 05:00:00,Los Angeles,CA
ORD0001726,SHP001209,E001584,label_created,2025-05-28 14:00:00,Chicago,TX
ORD0000188,SHP001069,E003040,out_for_delivery,2025-10-09 14:00:00,Phoenix,CA
ORD0000188,SHP000847,E003040,picked_up,2025-01-13 15:00:00,New York,IL
ORD0001682,SHP001434,E004622,in_transit,2025-12-15 19:00:00,Los Angeles,WA
ORD0001682,SHP000606,E004622,delivered,2025-03-13 14:00:00,Chicago,AZ
ORD0000258,SHP000310,E003900,delivered,2025-06-13 04:00:00,Denver,CA
ORD0000258,SHP000522,E003900,delivered,2025-02-04 00:00:00,Chicago,AZ
ORD0000588,SHP000795,E000931,label_created,2025-04-23 08:00:00,Denver,CO
ORD0000588,SHP001738,E000931,in_transit,2025-10-26 07:00:00,Seattle,IL
ORD0002121,SHP000857,E005222,exception,2025-08-09 08:00:00,Miami,FL
ORD0002121,SHP000519,E005222,label_created,2025-12-03 01:00:00,Seattle,CA
ORD0001836,SHP001422,E004813,delivered,2025-03-15 10:00:00,Seattle,CO
ORD0001836,SHP001610,E004813,in_transit,2025-05-28 18:00:00,Chicago,TX
ORD0002165,SHP000419,E004544,in_transit,2025-04-25 11:00:00,Denver,TX
ORD0002165,SHP001259,E004544,label_created,2025-07-24 11:00:00,Dallas,TX
ORD0000072,SHP000104,E002726,picked_up,2025-08-23 00:00:00,Miami,FL
ORD0000072,SHP000590,E002726,label_created,2025-08-28 12:00:00,Phoenix,FL
ORD0001532,SHP000748,E001567,in_transit,2025-02-09 10:00:00,New York,TX
ORD0000677,SHP000748,E001567,in_transit,2025-08-31 16:00:00,New York,NY
ORD0000676,SHP001523,E002415,label_created,2025-04-23 01:00:00,Miami,CA
ORD0002151,SHP001523,E002415,picked_up,2025-09-11 22:00:00,Los Angeles,FL
ORD0001371,SHP000488,E004218,out_for_delivery,2025-07-11 11:00:00,Dallas,CO
ORD0001593,SHP000488,E004218,picked_up,2025-04-05 04:00:00,Phoenix,CO
ORD0001662,SHP001337,E004475,in_transit,2025-04-27 02:00:00,Dallas,NY
ORD0001562,SHP001337,E004475,delivered,2025-07-21 18:00:00,Los Angeles,FL
ORD0000171,SHP000070,E003225,out_for_delivery,2025-11-06 04:00:00,New York,TX
ORD0000490,SHP000070,E003225,in_transit,2025-02-24 04:00:00,New York,AZ
ORD0000913,SHP000095,E000668,in_transit,2025-02-09 06:00:00,Chicago,CA
ORD0000780,SHP000095,E000668,in_transit,2025-01-20 11:00:00,Denver,NY
ORD0001561,SHP001430,E000235,in_transit,2025-11-07 16:00:00,Los Angeles,TX
ORD0000735,SHP001430,E000235,in_transit,2025-12-09 15:00:00,Chicago,WA
ORD0001417,SHP000245,E002792,in_transit,2025-03-31 00:00:00,Phoenix,NY
ORD0001068,SHP000245,E002792,label_created,2025-01-11 05:00:00,Dallas,CO
ORD0000088,SHP001241,E005481,picked_up,2025-04-05 06:00:00,Chicago,WA
ORD0000087,SHP001241,E005481,in_transit,2025-12-03 08:00:00,New York,CO
ORD0001801,SHP000583,E002349,picked_up,2025-10-10 16:00:00,Los Angeles,NY
ORD0000158,SHP000583,E002349,in_transit,2025-05-12 14:00:00,Dallas,TX
ORD0001809,SHP000758,E000525,label_created,2025-10-01 05:00:00,Phoenix,FL
ORD0000478,SHP000758,E000525,delivered,2025-11-18 07:00:00,Denver,FL
ORD0000446,SHP000613,E001963,out_for_delivery,2025-04-02 03:00:00,New York,FL
ORD0000742,SHP000613,E001963,in_transit,2025-02-13 14:00:00,Los Angeles,IL
ORD0001842,SHP000827,E003790,in_transit,2025-12-20 20:00:00,Chicago,FL
ORD0001310,SHP000827,E003790,picked_up,2025-03-02 14:00:00,New York,CO
ORD0000140,SHP001471,E004781,label_created,2025-01-26 11:00:00,Seattle,NY
ORD0001134,SHP001471,E004781,in_transit,2025-12-30 04:00:00,Chicago,IL
ORD0000495,SHP000735,E000404,picked_up,2025-09-29 07:00:00,Los Angeles,IL
ORD0000705,SHP000735,E000404,delivered,2025-10-31 08:00:00,Phoenix,TX
ORD0000432,SHP000866,E000488,delivered,2025-10-18 18:00:00,Chicago,TX
ORD0000028,SHP000866,E000488,label_created,2025-09-24 08:00:00,Seattle,CO
ORD0001215,SHP000459,E000643,delivered,2025-04-20 23:00:00,Dallas,WA
ORD0001581,SHP000459,E000643,picked_up,2025-08-29 22:00:00,Chicago,NY
ORD0000460,SHP000714,E001639,delivered,2025-04-16 11:00:00,Seattle,CO
ORD0000673,SHP000714,E001639,delivered,2025-04-08 22:00:00,Phoenix,NY
ORD0000884,SHP000300,E004729,delivered,2025-12-10 11:00:00,Miami,CA
ORD0000479,SHP000300,E004729,in_transit,2025-04-11 19:00:00,Dallas,NY
ORD0001058,SHP001131,E004685,in_transit,2025-01-13 04:00:00,Seattle,NY
ORD0000857,SHP001131,E004685,delivered,2025-02-15 18:00:00,Chicago,CA
ORD0000250,SHP000524,E000533,picked_up,2025-06-18 19:00:00,Seattle,CO
ORD0000334,SHP000524,E000533,picked_up,2025-07-25 13:00:00,Miami,AZ
ORD0002169,SHP001356,E005015,in_transit,2025-01-22 15:00:00,Dallas,FL
ORD0001255,SHP001356,E005015,label_created,2025-09-18 07:00:00,Los Angeles,NY
ORD0001554,SHP001450,E001531,exception,2025-07-03 11:00:00,Seattle,AZ
ORD0001959,SHP001450,E001531,picked_up,2025-03-19 16:00:00,Denver,WA
ORD0000692,SHP000100,E002768,picked_up,2025-10-13 14:00:00,Los Angeles,WA
ORD0001358,SHP000100,E002768,delivered,2025-06-08 05:00:00,Dallas,AZ
ORD0001627,SHP001091,E002779,label_created,2025-07-27 12:00:00,Los Angeles,WA
ORD0000728,SHP001091,E002779,delivered,2025-04-07 16:00:00,Miami,CA
ORD0001816,SHP000048,E001771,picked_up,2025-09-21 04:00:00,Chicago,NY
ORD0001357,SHP000048,E001771,in_transit,2025-02-01 04:00:00,New York,CO
ORD0000355,SHP001441,E000549,picked_up,2025-06-05 11:00:00,Chicago,FL
ORD0000891,SHP001441,E000549,delivered,2025-06-03 17:00:00,Dallas,CA
ORD0001288,SHP001215,E005651,in_transit,2025-05-02 04:00:00,Los Angeles,CA
ORD0001233,SHP001215,E005651,picked_up,2025-03-21 05:00:00,Dallas,AZ
ORD0000270,SHP001163,E004015,in_transit,2025-07-12 08:00:00,Denver,CO
ORD0001177,SHP001163,E004015,in_transit,2025-11-16 11:00:00,Phoenix,NY
ORD0000656,SHP000689,E005168,label_created,2025-11-03 21:00:00,Chicago,CO
ORD0001419,SHP000689,E005168,in_transit,2025-05-05 14:00:00,Chicago,AZ
ORD0001504,SHP001766,E004840,in_transit,2025-01-11 21:00:00,Dallas,FL
ORD0000596,SHP001766,E004840,out_for_delivery,2025-03-01 19:00:00,Miami,CO
ORD0001394,SHP000557,E003630,out_for_delivery,2025-05-25 10:00:00,Los Angeles,IL
ORD0000663,SHP000557,E003630,picked_up,2025-11-23 13:00:00,Chicago,CO
ORD0000866,SHP001008,E002840,in_transit,2025-03-11 21:00:00,Miami,WA
ORD0001648,SHP001008,E002840,in_transit,2025-01-12 02:00:00,Miami,FL
ORD0000860,SHP001420,E002251,delivered,2025-08-16 14:00:00,Chicago,NY
ORD0002007,SHP001420,E002251,exception,2025-11-19 18:00:00,Denver,IL
ORD0002168,SHP001734,E003297,in_transit,2025-07-17 14:00:00,Chicago,WA
ORD0002166,SHP001734,E003297,out_for_delivery,2025-03-29 17:00:00,New York,FL
ORD0000565,SHP001485,E002219,in_transit,2025-06-30 10:00:00,Los Angeles,TX
ORD0001626,SHP001485,E002219,label_created,2025-06-15 16:00:00,Miami,CO
ORD0001722,SHP001483,E003094,in_transit,2025-08-17 14:00:00,Phoenix,TX
ORD0000528,SHP001483,E003094,delivered,2025-09-04 15:00:00,Miami,NY
ORD0001342,SHP000485,E001445,in_transit,2025-08-18 15:00:00,New York,WA
ORD0000921,SHP000485,E001445,in_transit,2025-12-17 22:00:00,Chicago,IL
ORD0001751,SHP000400,E001339,in_transit,2025-05-15 13:00:00,Miami,NY
ORD0000320,SHP000400,E001339,delivered,2025-08-18 01:00:00,New York,CO
ORD0000540,SHP001275,E005078,in_transit,2025-07-17 02:00:00,Los Angeles,TX
ORD0000855,SHP001275,E005078,delivered,2025-09-27 07:00:00,Chicago,NY
ORD0000136,SHP001474,E001194,in_transit,2025-11-09 20:00:00,New York,WA
ORD0001169,SHP001474,E001194,in_transit,2025-09-28 22:00:00,Denver,WA
ORD0000325,SHP001031,E000797,in_transit,2025-05-03 06:00:00,Denver,CA
ORD0001440,SHP001031,E000797,in_transit,2025-09-08 06:00:00,Miami,WA
ORD0001837,SHP001672,E001020,delivered,2025-01-07 23:00:00,Los Angeles,FL
ORD0001381,SHP001672,E001020,in_transit,2025-03-16 12:00:00,Denver,TX
ORD0000634,SHP000192,E003043,in_transit,2025-04-12 02:00:00,Seattle,AZ
ORD0000029,SHP000192,E003043,picked_up,2025-01-28 13:00:00,Chicago,FL
ORD0001248,SHP001707,E000625,in_transit,2025-04-07 17:00:00,Miami,NY
ORD0001179,SHP001707,E000625,out_for_delivery,2025-05-27 09:00:00,Miami,FL
ORD0001266,SHP001639,E001840,in_transit,2025-11-23 00:00:00,New York,TX
ORD0001941,SHP001639,E001840,picked_up,2025-09-02 10:00:00,Phoenix,WA
ORD0001796,SHP000692,E001221,in_transit,2025-09-20 00:00:00,New York,FL
ORD0001584,SHP000692,E001221,in_transit,2025-03-13 10:00:00,Chicago,TX
ORD0001552,SHP000842,E000791,label_created,2025-04-08 12:00:00,Miami,CO
ORD0001970,SHP000177,E002588,in_transit,2025-04-23 03:00:00,Miami,WA
