unit,shift_id,responder_id,experience_level,rescue_attempts,successful_rescues
Unit Bravo,S00000,R00448,mid,5,3
Unit Alpha,S00001,R02936,senior,4,4
Unit Alpha,S00002,R04955,mid,11,9
Unit Alpha,S00003,R01137,mid,8,8
Unit Echo,S00004,R03376,mid,7,6
Unit Echo,S00005,R04896,junior,9,4
Unit Delta,S00006,R00742,junior,7,4
Unit Alpha,S00007,R03310,senior,6,5
Unit Bravo,S00008,R01718,mid,8,6
Unit Alpha,S00009,R04574,mid,3,2
Unit Echo,S00010,R04930,junior,10,5
Unit Bravo,S00011,R02299,mid,6,4
Unit Bravo,S00012,R01620,mid,7,6
Unit Delta,S00013,R01514,junior,4,3
Unit Delta,S00014,R04458,junior,4,3
Unit Echo,S00015,R01306,junior,6,4
Unit Delta,S00016,R02745,junior,8,2
Unit Bravo,S00017,R02170,mid,8,4
Unit Alpha,S00018,R02866,mid,6,5
Unit Delta,S00019,R00096,junior,3,2
Unit Bravo,S00020,R01489,mid,5,3
Unit Bravo,S00021,R00742,junior,4,4
Unit Alpha,S00022,R00764,junior,6,4
Unit Bravo,S00023,R04640,mid,1,1
Unit Delta,S00024,R04844,mid,7,5
Unit Bravo,S00025,R03261,junior,7,3
Unit Delta,S00026,R01688,mid,7,5
Unit Delta,S00027,R03768,senior,4,3
Unit Delta,S00028,R02416,mid,8,6
Unit Delta,S00029,R01478,senior,5,4
Unit Delta,S00030,R04780,mid,7,5
Unit Bravo,S00031,R02841,mid,6,2
Unit Echo,S00032,R02949,junior,6,5
Unit Delta,S00033,R04399,junior,6,5
Unit Delta,S00034,R04274,mid,7,4
Unit Delta,S00035,R01011,mid,2,2
Unit Bravo,S00036,R04607,mid,6,5
Unit Bravo,S00037,R03946,mid,4,4
Unit Delta,S00038,R02484,junior,9,6
Unit Bravo,S00039,R04893,junior,9,3
Unit Echo,S00040,R00349,junior,6,5
Unit Bravo,S00041,R01107,senior,7,7
Unit Bravo,S00042,R04861,mid,6,1
Unit Echo,S00043,R03153,junior,4,2
Unit Echo,S00044,R02336,mid,10,9
Unit Delta,S00045,R03593,mid,8,7
Unit Echo,S00046,R04993,junior,2,0
Unit Bravo,S00047,R03477,junior,6,3
Unit Echo,S00048,R04386,mid,3,3
Unit Bravo,S00049,R04251,mid,6,5
Unit Delta,S00050,R01646,mid,5,3
Unit Alpha,S00051,R00717,junior,8,6
Unit Bravo,S00052,R00668,senior,10,10
Unit Echo,S00053,R02849,mid,7,5
Unit Delta,S00054,R04202,mid,8,4
Unit Alpha,S00055,R00153,junior,5,2
Unit Echo,S00056,R01353,mid,9,6
Unit Delta,S00057,R04286,junior,5,3
Unit Echo,S00058,R01102,mid,5,2
Unit Delta,S00059,R00736,mid,6,2
Unit Echo,S00060,R00960,junior,6,1
Unit Echo,S00061,R01769,senior,5,5
Unit Echo,S00062,R04660,senior,4,3
Unit Bravo,S00063,R04346,mid,5,1
Unit Echo,S00064,R03749,senior,7,7
Unit Echo,S00065,R00920,junior,10,4
Unit Bravo,S00066,R01800,senior,4,4
Unit Bravo,S00067,R01574,mid,7,6
Unit Delta,S00068,R04686,junior,3,3
Unit Echo,S00069,R04395,junior,5,3
Unit Echo,S00070,R04255,junior,9,5
Unit Delta,S00071,R03065,junior,4,3
Unit Echo,S00072,R00511,junior,3,1
Unit Delta,S00073,R04606,junior,2,2
Unit Bravo,S00074,R01899,mid,6,5
Unit Delta,S00075,R03657,senior,5,5
Unit Bravo,S00076,R04925,mid,4,2
Unit Delta,S00077,R01591,senior,4,4
Unit Alpha,S00078,R04509,mid,7,5
Unit Bravo,S00079,R01741,senior,10,9
Unit Delta,S00080,R04666,mid,4,3
Unit Alpha,S00081,R01306,senior,6,6
Unit Bravo,S00082,R00816,junior,7,5
Unit Bravo,S00083,R00590,senior,7,4
Unit Echo,S00084,R00122,mid,8,7
Unit Bravo,S00085,R02577,senior,9,9
Unit Delta,S00086,R01415,senior,6,5
Unit Alpha,S00087,R00874,mid,3,3
Unit Echo,S00088,R03916,mid,4,4
Unit Bravo,S00089,R00250,junior,9,7
Unit Echo,S00090,R04211,mid,6,6
Unit Delta,S00091,R01086,mid,8,6
Unit Bravo,S00092,R01012,senior,4,4
Unit Bravo,S00093,R03640,junior,2,1
Unit Alpha,S00094,R03532,mid,10,7
Unit Delta,S00095,R02131,mid,8,5
Unit Delta,S00096,R03557,mid,5,4
Unit Echo,S00097,R02980,junior,1,0
Unit Delta,S00098,R04031,senior,7,7
Unit Bravo,S00099,R04854,mid,6,4
Unit Echo,S00100,R00901,mid,9,4
Unit Alpha,S00101,R00613,junior,9,9
Unit Delta,S00102,R03465,junior,4,3
Unit Delta,S00103,R02625,junior,6,3
Unit Alpha,S00104,R03514,senior,8,7
Unit Alpha,S00105,R03395,junior,4,4
Unit Alpha,S00106,R01304,mid,3,1
Unit Alpha,S00107,R01138,mid,4,4
Unit Delta,S00108,R00824,mid,4,3
Unit Echo,S00109,R03296,senior,6,6
Unit Delta,S00110,R00621,junior,7,5
Unit Delta,S00111,R02032,junior,4,2
Unit Delta,S00112,R01441,senior,5,3
Unit Echo,S00113,R02721,mid,6,4
Unit Bravo,S00114,R03908,mid,7,6
Unit Delta,S00115,R03164,junior,2,1
Unit Echo,S00116,R01000,junior,8,5
Unit Delta,S00117,R02938,mid,8,4
Unit Echo,S00118,R00889,senior,7,6
Unit Delta,S00119,R03289,mid,5,5
Unit Bravo,S00120,R03102,mid,5,4
Unit Alpha,S00121,R03023,senior,4,4
Unit Delta,S00122,R03111,mid,7,6
Unit Alpha,S00123,R00672,junior,6,4
Unit Echo,S00124,R01624,senior,4,4
Unit Bravo,S00125,R01903,mid,3,3
Unit Alpha,S00126,R00006,junior,6,3
Unit Delta,S00127,R01096,senior,3,3
Unit Alpha,S00128,R02097,senior,5,5
Unit Delta,S00129,R02704,senior,7,6
Unit Delta,S00130,R02441,mid,4,3
Unit Delta,S00131,R03643,senior,5,4
Unit Echo,S00132,R04836,mid,8,6
Unit Alpha,S00133,R03306,mid,6,4
Unit Bravo,S00134,R00531,junior,6,3
Unit Delta,S00135,R04546,junior,6,1
Unit Alpha,S00136,R01782,senior,5,5
Unit Alpha,S00137,R04371,mid,3,3
Unit Echo,S00138,R02122,mid,5,4
Unit Echo,S00139,R01596,junior,4,3
Unit Alpha,S00140,R01239,senior,7,5
Unit Bravo,S00141,R01136,mid,4,3
Unit Echo,S00142,R02424,mid,10,6
Unit Echo,S00143,R04152,junior,6,4
Unit Delta,S00144,R01692,senior,7,6
Unit Alpha,S00145,R01611,mid,8,6
Unit Bravo,S00146,R01029,junior,1,0
Unit Bravo,S00147,R04801,junior,5,2
Unit Echo,S00148,R03449,mid,8,6
Unit Delta,S00149,R03347,mid,5,4
Unit Alpha,S00150,R04530,junior,5,2
Unit Delta,S00151,R03855,junior,5,3
Unit Echo,S00152,R01223,junior,4,2
Unit Echo,S00153,R00975,mid,6,5
Unit Bravo,S00154,R02583,junior,8,5
Unit Delta,S00155,R01591,mid,7,6
Unit Alpha,S00156,R03133,junior,2,1
Unit Echo,S00157,R00856,senior,8,7
Unit Bravo,S00158,R01677,mid,5,4
Unit Alpha,S00159,R02853,junior,6,1
Unit Delta,S00160,R00038,mid,6,5
Unit Bravo,S00161,R00450,junior,3,1
Unit Echo,S00162,R03512,senior,4,4
Unit Echo,S00163,R03854,junior,9,5
Unit Delta,S00164,R04426,junior,4,1
Unit Echo,S00165,R00083,mid,2,2
Unit Alpha,S00166,R00962,mid,3,1
Unit Bravo,S00167,R02160,junior,6,2
Unit Delta,S00168,R00539,junior,8,7
Unit Delta,S00169,R03724,junior,8,6
Unit Bravo,S00170,R02422,junior,3,1
Unit Delta,S00171,R00772,junior,7,3
Unit Delta,S00172,R00939,mid,4,4
Unit Delta,S00173,R04575,junior,6,5
Unit Echo,S00174,R01410,junior,6,4
Unit Bravo,S00175,R02020,junior,3,1
Unit Delta,S00176,R03254,mid,5,5
Unit Bravo,S00177,R00027,senior,7,7
Unit Bravo,S00178,R03259,mid,5,4
Unit Bravo,S00179,R01023,mid,8,6
Unit Bravo,S00180,R03771,senior,3,3
Unit Echo,S00181,R04823,mid,7,4
Unit Bravo,S00182,R03115,senior,4,3
Unit Bravo,S00183,R00804,mid,4,4
Unit Alpha,S00184,R00730,junior,2,1
Unit Echo,S00185,R04532,junior,7,3
Unit Echo,S00186,R03075,mid,11,7
Unit Delta,S00187,R02063,mid,5,5
Unit Bravo,S00188,R04933,mid,4,2
Unit Echo,S00189,R00709,junior,3,3
Unit Echo,S00190,R00253,junior,9,4
Unit Alpha,S00191,R00542,mid,6,4
Unit Alpha,S00192,R01092,senior,3,3
Unit Echo,S00193,R01330,mid,7,5
Unit Alpha,S00194,R00272,junior,6,4
Unit Alpha,S00195,R03817,mid,10,8
Unit Echo,S00196,R03981,mid,3,2
Unit Bravo,S00197,R01009,mid,8,6
Unit Bravo,S00198,R01668,senior,7,7
Unit Delta,S00199,R02069,mid,11,7
Unit Delta,S00200,R02221,junior,6,2
Unit Delta,S00201,R04996,mid,9,8
Unit Alpha,S00202,R01564,senior,7,6
Unit Alpha,S00203,R01191,mid,7,5
Unit Alpha,S00204,R03969,junior,6,5
Unit Alpha,S00205,R00322,junior,6,3
Unit Echo,S00206,R04064,junior,3,0
Unit Delta,S00207,R04604,junior,4,1
Unit Alpha,S00208,R00451,senior,5,5
Unit Alpha,S00209,R00299,junior,4,1
Unit Bravo,S00210,R04085,mid,5,4
Unit Delta,S00211,R02315,senior,3,3
Unit Delta,S00212,R02752,mid,9,4
Unit Bravo,S00213,R01430,mid,4,2
Unit Delta,S00214,R04055,junior,4,2
Unit Alpha,S00215,R04201,senior,4,3
Unit Alpha,S00216,R00071,senior,5,5
Unit Delta,S00217,R00394,mid,4,3
Unit Alpha,S00218,R00589,mid,6,4
Unit Alpha,S00219,R00288,junior,3,0
Unit Alpha,S00220,R01137,junior,7,4
Unit Delta,S00221,R00285,junior,2,2
Unit Alpha,S00222,R00228,mid,5,4
Unit Delta,S00223,R04103,junior,6,3
Unit Delta,S00224,R02017,junior,10,4
Unit Bravo,S00225,R04957,mid,5,5
Unit Echo,S00226,R01963,senior,5,4
Unit Echo,S00227,R00599,senior,7,5
Unit Echo,S00228,R02453,junior,3,1
Unit Alpha,S00229,R03664,junior,4,4
Unit Bravo,S00230,R00202,mid,6,2
Unit Delta,S00231,R03480,mid,4,3
Unit Bravo,S00232,R00159,mid,4,4
Unit Bravo,S00233,R04666,senior,6,6
Unit Delta,S00234,R00457,mid,5,4
Unit Echo,S00235,R01172,junior,8,3
Unit Bravo,S00236,R00884,mid,5,5
Unit Alpha,S00237,R00808,mid,8,6
Unit Bravo,S00238,R00172,junior,3,2
Unit Echo,S00239,R01721,junior,6,3
Unit Delta,S00240,R01026,mid,4,4
Unit Alpha,S00241,R00655,mid,9,8
Unit Echo,S00242,R01333,junior,6,4
Unit Alpha,S00243,R03163,junior,5,2
Unit Alpha,S00244,R04985,mid,9,6
Unit Delta,S00245,R01134,mid,4,3
Unit Echo,S00246,R00633,senior,2,1
Unit Delta,S00247,R04424,junior,5,2
Unit Bravo,S00248,R03467,junior,4,3
Unit Echo,S00249,R02182,mid,6,6
Unit Alpha,S00250,R04637,junior,8,4
Unit Echo,S00251,R04981,mid,6,5
Unit Alpha,S00252,R04298,senior,5,5
Unit Bravo,S00253,R04100,mid,5,4
Unit Alpha,S00254,R04092,mid,6,5
Unit Delta,S00255,R02030,mid,6,4
Unit Alpha,S00256,R04057,senior,7,6
Unit Bravo,S00257,R03199,senior,5,5
Unit Alpha,S00258,R02979,junior,5,2
Unit Bravo,S00259,R01393,mid,9,5
Unit Alpha,S00260,R00233,junior,4,4
Unit Echo,S00261,R04533,senior,5,4
Unit Delta,S00262,R04629,senior,5,5
Unit Bravo,S00263,R03601,junior,11,7
Unit Bravo,S00264,R00069,junior,4,3
Unit Alpha,S00265,R03797,mid,5,4
Unit Bravo,S00266,R00943,junior,7,4
Unit Bravo,S00267,R02452,junior,4,1
Unit Bravo,S00268,R04221,mid,5,3
Unit Bravo,S00269,R02838,senior,5,4
Unit Echo,S00270,R02480,junior,10,8
Unit Bravo,S00271,R02032,junior,5,3
Unit Alpha,S00272,R02974,junior,5,3
Unit Delta,S00273,R01133,mid,10,7
Unit Delta,S00274,R01980,junior,6,4
Unit Bravo,S00275,R02984,senior,6,5
Unit Alpha,S00276,R01623,senior,6,6
Unit Delta,S00277,R02712,junior,3,3
Unit Echo,S00278,R03881,junior,2,1
Unit Delta,S00279,R00261,mid,12,8
Unit Alpha,S00280,R01176,mid,7,7
Unit Alpha,S00281,R02384,mid,3,3
Unit Alpha,S00282,R00662,senior,5,5
Unit Echo,S00283,R03216,junior,4,3
Unit Alpha,S00284,R01435,mid,7,7
Unit Alpha,S00285,R03640,mid,8,6
Unit Bravo,S00286,R02467,mid,7,4
Unit Bravo,S00287,R04301,senior,8,8
Unit Bravo,S00288,R00335,senior,5,4
Unit Delta,S00289,R03338,mid,5,2
Unit Bravo,S00290,R04117,mid,5,4
Unit Bravo,S00291,R02580,junior,7,2
Unit Delta,S00292,R01117,junior,5,3
Unit Echo,S00293,R03712,junior,5,5
Unit Echo,S00294,R01384,mid,4,3
Unit Bravo,S00295,R01737,mid,6,4
Unit Delta,S00296,R04130,mid,3,2
Unit Bravo,S00297,R04852,junior,11,7
Unit Bravo,S00298,R02177,mid,5,3
Unit Bravo,S00299,R02865,mid,7,7
Unit Delta,S00300,R04878,mid,7,5
Unit Bravo,S00301,R00230,mid,2,2
Unit Echo,S00302,R04550,junior,8,5
Unit Echo,S00303,R00981,junior,9,3
Unit Delta,S00304,R03983,senior,2,2
Unit Echo,S00305,R03333,mid,6,5
Unit Delta,S00306,R01745,mid,10,10
Unit Alpha,S00307,R04557,senior,1,1
Unit Delta,S00308,R00844,junior,7,5
Unit Delta,S00309,R00739,mid,9,7
Unit Delta,S00310,R04841,senior,10,10
Unit Alpha,S00311,R02798,senior,3,2
Unit Alpha,S00312,R04488,junior,9,5
Unit Delta,S00313,R04757,mid,4,2
Unit Alpha,S00314,R04199,mid,6,5
Unit Delta,S00315,R04450,senior,7,7
Unit Echo,S00316,R02672,junior,6,4
Unit Echo,S00317,R04141,junior,7,4
Unit Delta,S00318,R01341,mid,9,8
Unit Echo,S00319,R01822,mid,5,5
Unit Bravo,S00320,R02517,senior,5,5
Unit Delta,S00321,R00917,senior,7,7
Unit Bravo,S00322,R03619,junior,7,5
Unit Delta,S00323,R04422,junior,7,5
Unit Bravo,S00324,R00201,mid,4,4
Unit Echo,S00325,R02714,mid,7,5
Unit Echo,S00326,R00169,mid,9,7
Unit Bravo,S00327,R01154,senior,6,4
Unit Delta,S00328,R00293,mid,5,3
Unit Bravo,S00329,R00831,mid,6,5
Unit Bravo,S00330,R01170,mid,10,6
Unit Alpha,S00331,R04865,junior,5,2
Unit Delta,S00332,R02332,junior,5,4
Unit Alpha,S00333,R00403,junior,4,4
Unit Bravo,S00334,R00536,mid,8,3
Unit Bravo,S00335,R02810,junior,4,4
Unit Echo,S00336,R04632,mid,4,3
Unit Echo,S00337,R00602,mid,5,4
Unit Echo,S00338,R01526,mid,7,5
Unit Bravo,S00339,R00283,mid,9,6
Unit Delta,S00340,R03220,senior,8,7
Unit Echo,S00341,R03850,senior,2,2
Unit Echo,S00342,R02503,mid,4,4
Unit Delta,S00343,R02340,junior,9,6
Unit Echo,S00344,R02580,junior,7,6
Unit Bravo,S00345,R04147,senior,5,4
Unit Delta,S00346,R03984,mid,7,5
Unit Alpha,S00347,R02313,mid,8,7
Unit Echo,S00348,R04832,junior,8,5
Unit Delta,S00349,R00522,senior,8,8
Unit Bravo,S00350,R02022,mid,7,6
Unit Delta,S00351,R00980,junior,5,3
Unit Echo,S00352,R04279,junior,3,2
Unit Alpha,S00353,R03634,senior,7,6
Unit Bravo,S00354,R01028,junior,6,3
Unit Echo,S00355,R00509,mid,5,3
Unit Bravo,S00356,R03528,junior,8,4
Unit Alpha,S00357,R00715,junior,8,4
Unit Echo,S00358,R03207,junior,8,5
Unit Echo,S00359,R01633,junior,8,3
Unit Bravo,S00360,R02469,senior,5,3
Unit Echo,S00361,R04807,mid,4,4
Unit Delta,S00362,R00890,mid,6,5
Unit Alpha,S00363,R00615,senior,4,3
Unit Echo,S00364,R04830,senior,6,6
Unit Echo,S00365,R03058,mid,4,3
Unit Alpha,S00366,R03220,junior,7,3
Unit Bravo,S00367,R03465,senior,6,6
Unit Alpha,S00368,R01768,junior,3,3
Unit Alpha,S00369,R03023,junior,4,3
Unit Delta,S00370,R01845,mid,8,5
Unit Echo,S00371,R03602,mid,7,4
Unit Bravo,S00372,R01710,senior,8,7
Unit Echo,S00373,R00826,mid,5,2
Unit Delta,S00374,R02966,mid,5,5
Unit Delta,S00375,R00374,junior,6,2
Unit Delta,S00376,R00073,mid,6,4
Unit Echo,S00377,R03720,senior,3,3
Unit Echo,S00378,R02751,junior,6,5
Unit Echo,S00379,R02668,mid,5,3
Unit Echo,S00380,R02266,mid,4,4
Unit Delta,S00381,R00116,junior,2,1
Unit Delta,S00382,R01943,mid,4,3
Unit Echo,S00383,R04287,senior,4,4
Unit Delta,S00384,R03392,junior,6,1
Unit Bravo,S00385,R00826,mid,5,4
Unit Delta,S00386,R02334,junior,5,3
Unit Echo,S00387,R02461,junior,4,1
Unit Bravo,S00388,R03066,senior,9,8
Unit Bravo,S00389,R04696,junior,3,0
Unit Alpha,S00390,R04979,mid,6,5
Unit Delta,S00391,R04951,senior,4,4
Unit Bravo,S00392,R00727,junior,5,4
Unit Delta,S00393,R03280,senior,7,7
Unit Echo,S00394,R02866,senior,4,4
Unit Bravo,S00395,R01490,senior,6,5
Unit Bravo,S00396,R04191,junior,6,3
Unit Echo,S00397,R03543,senior,5,5
Unit Echo,S00398,R04521,junior,10,5
Unit Bravo,S00399,R03579,mid,6,5
Unit Bravo,S00400,R04027,mid,5,4
Unit Echo,S00401,R01302,mid,4,1
Unit Alpha,S00402,R04773,mid,8,6
Unit Bravo,S00403,R03558,mid,8,7
Unit Bravo,S00404,R03119,senior,5,5
Unit Bravo,S00405,R03863,junior,4,2
Unit Delta,S00406,R03184,junior,6,0
Unit Delta,S00407,R02022,junior,6,2
Unit Bravo,S00408,R04132,junior,7,4
Unit Alpha,S00409,R04310,mid,8,6
Unit Bravo,S00410,R03375,junior,2,1
Unit Bravo,S00411,R02148,mid,7,6
Unit Delta,S00412,R01262,junior,9,5
Unit Alpha,S00413,R00941,mid,4,3
Unit Delta,S00414,R04283,junior,6,5
Unit Bravo,S00415,R01373,mid,9,5
Unit Delta,S00416,R02422,junior,5,2
Unit Alpha,S00417,R03098,junior,5,4
Unit Alpha,S00418,R03986,junior,7,4
Unit Echo,S00419,R04072,junior,5,3
Unit Bravo,S00420,R00475,junior,5,2
Unit Bravo,S00421,R03252,senior,4,2
Unit Bravo,S00422,R02155,mid,5,4
Unit Echo,S00423,R01897,mid,8,6
Unit Echo,S00424,R01619,mid,8,3
Unit Echo,S00425,R00005,mid,9,8
Unit Alpha,S00426,R01788,mid,10,8
Unit Delta,S00427,R02214,mid,8,6
Unit Bravo,S00428,R02985,mid,7,6
Unit Echo,S00429,R02268,mid,5,5
Unit Alpha,S00430,R01756,junior,6,2
Unit Delta,S00431,R04355,junior,3,2
Unit Bravo,S00432,R02302,mid,6,5
Unit Echo,S00433,R03942,senior,4,4
Unit Bravo,S00434,R02771,junior,4,4
Unit Delta,S00435,R03187,senior,11,10
Unit Alpha,S00436,R03111,junior,6,3
Unit Alpha,S00437,R03722,mid,6,4
Unit Bravo,S00438,R00361,senior,6,3
Unit Echo,S00439,R02860,senior,4,3
Unit Echo,S00440,R00321,mid,5,4
Unit Echo,S00441,R04345,mid,7,6
Unit Bravo,S00442,R00907,junior,5,3
Unit Bravo,S00443,R03292,mid,9,5
Unit Bravo,S00444,R04918,mid,8,7
Unit Alpha,S00445,R01528,junior,4,4
Unit Bravo,S00446,R02615,junior,9,6
Unit Echo,S00447,R02648,mid,4,4
Unit Bravo,S00448,R01617,senior,5,3
Unit Alpha,S00449,R03147,mid,4,3
Unit Bravo,S00450,R00238,mid,5,4
Unit Delta,S00451,R00866,junior,8,6
Unit Echo,S00452,R02956,senior,3,1
Unit Alpha,S00453,R02079,mid,8,7
Unit Echo,S00454,R02730,junior,2,2
Unit Echo,S00455,R04562,junior,7,5
Unit Echo,S00456,R03328,mid,5,4
Unit Bravo,S00457,R01652,junior,6,3
Unit Alpha,S00458,R02987,junior,6,3
Unit Echo,S00459,R01414,mid,5,4
Unit Echo,S00460,R01972,mid,5,1
Unit Bravo,S00461,R03239,senior,4,4
Unit Bravo,S00462,R04429,mid,5,5
Unit Echo,S00463,R00690,junior,6,4
Unit Echo,S00464,R01446,senior,7,6
Unit Delta,S00465,R01249,mid,8,6
Unit Bravo,S00466,R04464,mid,3,1
Unit Delta,S00467,R02339,junior,7,3
Unit Delta,S00468,R02296,senior,6,6
Unit Echo,S00469,R00510,junior,4,2
Unit Bravo,S00470,R00968,mid,4,4
Unit Bravo,S00471,R04501,senior,7,5
Unit Echo,S00472,R00317,junior,7,1
Unit Alpha,S00473,R01558,senior,7,7
Unit Bravo,S00474,R02153,junior,4,1
Unit Bravo,S00475,R02377,senior,2,1
Unit Bravo,S00476,R00640,mid,6,4
Unit Echo,S00477,R02903,mid,4,3
Unit Bravo,S00478,R03676,junior,7,3
Unit Bravo,S00479,R03461,mid,7,4
Unit Delta,S00480,R00662,junior,7,4
Unit Bravo,S00481,R00078,junior,5,3
Unit Alpha,S00482,R01953,junior,4,2
Unit Bravo,S00483,R03355,senior,5,5
Unit Alpha,S00484,R00173,junior,3,1
Unit Delta,S00485,R04923,mid,8,6
Unit Delta,S00486,R03700,mid,7,5
Unit Alpha,S00487,R04214,mid,7,7
Unit Alpha,S00488,R00306,junior,9,4
Unit Delta,S00489,R02381,senior,4,4
Unit Delta,S00490,R01269,junior,5,2
Unit Delta,S00491,R00683,mid,5,5
Unit Echo,S00492,R00705,junior,6,4
Unit Delta,S00493,R03169,senior,6,6
Unit Bravo,S00494,R00673,junior,5,2
Unit Alpha,S00495,R00503,mid,6,3
Unit Delta,S00496,R02468,senior,2,2
Unit Bravo,S00497,R04280,mid,7,6
Unit Alpha,S00498,R00736,junior,4,2
Unit Alpha,S00499,R02516,mid,9,8
Unit Echo,S00500,R02797,senior,4,3
Unit Alpha,S00501,R03210,mid,8,6
Unit Bravo,S00502,R02580,junior,8,3
Unit Echo,S00503,R01090,junior,4,1
Unit Delta,S00504,R00919,mid,9,7
Unit Echo,S00505,R02385,mid,4,3
Unit Bravo,S00506,R00878,senior,9,8
Unit Alpha,S00507,R01079,mid,8,8
Unit Delta,S00508,R01339,senior,5,5
Unit Alpha,S00509,R00373,mid,7,6
Unit Delta,S00510,R01069,mid,9,8
Unit Delta,S00511,R02458,senior,7,6
Unit Bravo,S00512,R04621,mid,4,3
Unit Delta,S00513,R02613,mid,3,1
Unit Echo,S00514,R04162,junior,5,5
Unit Echo,S00515,R04499,mid,4,2
Unit Delta,S00516,R02930,senior,8,7
Unit Delta,S00517,R02093,senior,5,5
Unit Bravo,S00518,R01202,junior,4,2
Unit Alpha,S00519,R02990,mid,4,4
Unit Alpha,S00520,R04791,junior,7,3
Unit Echo,S00521,R03530,junior,4,1
Unit Bravo,S00522,R04662,senior,4,4
Unit Bravo,S00523,R03344,junior,4,1
Unit Echo,S00524,R01867,junior,2,1
Unit Echo,S00525,R01669,junior,7,4
Unit Echo,S00526,R00093,senior,8,6
Unit Bravo,S00527,R04341,junior,5,1
Unit Delta,S00528,R00808,senior,6,5
Unit Delta,S00529,R03814,junior,2,1
Unit Bravo,S00530,R02364,mid,9,6
Unit Delta,S00531,R01874,mid,9,5
Unit Echo,S00532,R02599,junior,4,3
Unit Bravo,S00533,R03863,senior,4,2
Unit Echo,S00534,R01892,mid,8,8
Unit Bravo,S00535,R03746,junior,6,3
Unit Echo,S00536,R02571,senior,9,9
Unit Alpha,S00537,R02166,mid,11,10
Unit Alpha,S00538,R00989,junior,7,4
Unit Bravo,S00539,R02134,mid,2,1
Unit Alpha,S00540,R02858,mid,4,3
Unit Delta,S00541,R02150,junior,7,4
Unit Delta,S00542,R01145,junior,8,5
Unit Alpha,S00543,R02645,mid,4,4
Unit Bravo,S00544,R02201,senior,4,4
Unit Delta,S00545,R01671,senior,8,8
Unit Alpha,S00546,R04915,junior,4,2
Unit Bravo,S00547,R02287,senior,9,7
Unit Alpha,S00548,R02217,senior,3,3
Unit Bravo,S00549,R03636,junior,5,2
Unit Delta,S00550,R01486,mid,8,5
Unit Delta,S00551,R03655,junior,6,3
Unit Bravo,S00552,R01243,junior,9,4
Unit Echo,S00553,R03455,junior,3,1
Unit Delta,S00554,R04318,senior,5,5
Unit Alpha,S00555,R04106,mid,4,3
Unit Alpha,S00556,R04130,mid,7,5
Unit Alpha,S00557,R04404,junior,5,2
Unit Bravo,S00558,R04260,senior,3,3
Unit Alpha,S00559,R00358,mid,6,5
Unit Alpha,S00560,R01201,senior,2,2
Unit Bravo,S00561,R01649,junior,3,2
Unit Bravo,S00562,R00649,senior,6,5
Unit Bravo,S00563,R00310,mid,9,6
Unit Alpha,S00564,R01541,mid,3,3
Unit Delta,S00565,R02764,junior,5,3
Unit Echo,S00566,R00082,senior,5,5
Unit Bravo,S00567,R00214,mid,6,3
Unit Delta,S00568,R02409,senior,10,10
Unit Bravo,S00569,R01541,junior,8,6
Unit Echo,S00570,R01581,junior,8,4
Unit Echo,S00571,R00886,senior,8,6
Unit Bravo,S00572,R03710,senior,8,8
Unit Bravo,S00573,R01665,senior,7,4
Unit Delta,S00574,R02846,junior,9,6
Unit Delta,S00575,R04662,mid,1,1
Unit Echo,S00576,R04820,mid,5,5
Unit Bravo,S00577,R01785,junior,5,1
Unit Alpha,S00578,R04610,junior,7,6
Unit Alpha,S00579,R00655,mid,6,3
Unit Echo,S00580,R03138,senior,5,4
Unit Alpha,S00581,R00901,senior,6,6
Unit Delta,S00582,R01700,mid,6,2
Unit Delta,S00583,R01058,senior,5,5
Unit Alpha,S00584,R02787,mid,1,1
Unit Echo,S00585,R00726,junior,2,2
Unit Alpha,S00586,R00016,junior,6,3
Unit Echo,S00587,R02846,mid,4,4
Unit Bravo,S00588,R01476,senior,6,6
Unit Echo,S00589,R04437,junior,6,6
Unit Alpha,S00590,R03774,junior,1,0
Unit Delta,S00591,R01763,mid,5,4
Unit Delta,S00592,R04365,senior,7,7
Unit Alpha,S00593,R01516,junior,5,2
Unit Alpha,S00594,R00946,junior,12,4
Unit Delta,S00595,R01018,mid,5,4
Unit Echo,S00596,R02254,junior,4,2
Unit Bravo,S00597,R00159,mid,6,3
Unit Delta,S00598,R00603,mid,9,8
Unit Delta,S00599,R02362,junior,7,6
Unit Echo,S00600,R01737,mid,9,6
Unit Alpha,S00601,R00199,junior,5,3
Unit Alpha,S00602,R00048,junior,3,2
Unit Alpha,S00603,R01433,mid,5,2
Unit Echo,S00604,R01202,mid,9,7
Unit Alpha,S00605,R04144,mid,3,1
Unit Alpha,S00606,R03677,junior,4,1
Unit Alpha,S00607,R00121,mid,2,1
Unit Alpha,S00608,R04752,mid,5,4
Unit Delta,S00609,R01806,junior,5,3
Unit Alpha,S00610,R01132,junior,8,2
Unit Delta,S00611,R02035,junior,6,2
Unit Alpha,S00612,R02247,senior,7,6
Unit Delta,S00613,R03777,junior,4,3
Unit Echo,S00614,R04556,mid,8,6
Unit Echo,S00615,R01684,junior,7,3
Unit Bravo,S00616,R03809,mid,3,3
Unit Alpha,S00617,R04516,junior,4,1
Unit Echo,S00618,R04537,junior,7,2
Unit Echo,S00619,R01346,senior,3,2
Unit Bravo,S00620,R01466,mid,6,5
Unit Echo,S00621,R00093,mid,4,2
Unit Alpha,S00622,R02446,mid,5,2
Unit Bravo,S00623,R02388,junior,7,6
Unit Delta,S00624,R03587,junior,4,1
Unit Delta,S00625,R00236,junior,5,3
Unit Alpha,S00626,R04930,mid,5,4
Unit Echo,S00627,R03585,junior,5,4
Unit Alpha,S00628,R03913,junior,5,4
Unit Bravo,S00629,R04978,senior,10,10
Unit Bravo,S00630,R03859,mid,5,4
Unit Alpha,S00631,R04610,junior,4,2
Unit Delta,S00632,R00183,mid,7,6
Unit Alpha,S00633,R01686,junior,6,4
Unit Delta,S00634,R00565,junior,4,3
Unit Delta,S00635,R00760,mid,2,1
Unit Echo,S00636,R01416,mid,5,3
Unit Delta,S00637,R03565,junior,8,4
Unit Delta,S00638,R00318,junior,4,2
Unit Bravo,S00639,R03294,senior,5,5
Unit Delta,S00640,R04047,senior,7,5
Unit Delta,S00641,R00698,mid,5,3
Unit Alpha,S00642,R04999,mid,1,1
Unit Alpha,S00643,R01686,senior,7,5
Unit Alpha,S00644,R02697,junior,6,3
Unit Alpha,S00645,R03239,mid,6,4
Unit Echo,S00646,R02831,junior,4,3
Unit Bravo,S00647,R00368,mid,3,1
Unit Alpha,S00648,R03107,junior,5,3
Unit Delta,S00649,R00641,mid,4,2
Unit Alpha,S00650,R01685,mid,4,4
Unit Bravo,S00651,R00220,mid,10,8
Unit Alpha,S00652,R03391,mid,5,4
Unit Bravo,S00653,R04089,mid,6,4
Unit Delta,S00654,R01043,senior,4,4
Unit Bravo,S00655,R04428,senior,11,11
Unit Bravo,S00656,R01157,senior,5,4
Unit Alpha,S00657,R03848,junior,9,6
Unit Echo,S00658,R03959,mid,5,3
Unit Delta,S00659,R01771,junior,7,4
Unit Echo,S00660,R01274,mid,3,3
Unit Alpha,S00661,R03704,junior,3,2
Unit Bravo,S00662,R03364,mid,5,0
Unit Delta,S00663,R00130,junior,7,6
Unit Echo,S00664,R02930,junior,8,6
Unit Bravo,S00665,R04891,mid,4,4
Unit Delta,S00666,R04639,mid,4,3
Unit Bravo,S00667,R00191,junior,5,3
Unit Echo,S00668,R03275,senior,8,7
Unit Delta,S00669,R03963,senior,7,7
Unit Echo,S00670,R03435,senior,6,6
Unit Bravo,S00671,R03886,junior,5,2
Unit Echo,S00672,R02367,junior,3,2
Unit Delta,S00673,R02410,junior,3,2
Unit Echo,S00674,R00829,junior,5,3
Unit Echo,S00675,R04030,junior,4,2
Unit Alpha,S00676,R01367,junior,5,4
Unit Echo,S00677,R04061,mid,7,5
Unit Echo,S00678,R01190,junior,3,1
Unit Echo,S00679,R00016,junior,4,4
Unit Echo,S00680,R01515,junior,7,4
Unit Delta,S00681,R02644,junior,8,5
Unit Delta,S00682,R01866,junior,8,4
Unit Delta,S00683,R02131,mid,7,7
Unit Delta,S00684,R00874,senior,6,6
Unit Bravo,S00685,R02510,mid,8,6
Unit Delta,S00686,R01278,senior,6,6
Unit Alpha,S00687,R03555,junior,8,3
Unit Delta,S00688,R04045,senior,5,5
Unit Delta,S00689,R03081,junior,4,2
Unit Alpha,S00690,R03211,junior,4,4
Unit Alpha,S00691,R01035,senior,7,6
Unit Delta,S00692,R03732,junior,3,2
Unit Bravo,S00693,R03733,junior,6,4
Unit Bravo,S00694,R00698,junior,4,1
Unit Bravo,S00695,R01184,junior,10,5
Unit Bravo,S00696,R04236,mid,5,4
Unit Echo,S00697,R02678,senior,7,6
Unit Bravo,S00698,R03734,mid,8,6
Unit Echo,S00699,R00986,junior,4,1
Unit Delta,S00700,R00062,junior,9,7
Unit Echo,S00701,R00274,mid,5,4
Unit Bravo,S00702,R01889,mid,7,5
Unit Echo,S00703,R03201,senior,7,4
Unit Alpha,S00704,R04899,junior,3,2
Unit Alpha,S00705,R01097,senior,4,4
Unit Bravo,S00706,R04431,junior,4,3
Unit Bravo,S00707,R02734,junior,5,3
Unit Echo,S00708,R00997,mid,12,10
Unit Bravo,S00709,R04257,junior,5,1
Unit Delta,S00710,R02699,mid,6,3
Unit Alpha,S00711,R02767,senior,6,5
Unit Alpha,S00712,R02930,mid,8,6
Unit Alpha,S00713,R04858,junior,4,3
Unit Echo,S00714,R02220,mid,5,5
Unit Delta,S00715,R02955,mid,8,7
Unit Bravo,S00716,R01394,senior,6,5
Unit Bravo,S00717,R04967,junior,5,2
Unit Bravo,S00718,R01142,junior,4,4
Unit Delta,S00719,R01658,mid,7,6
Unit Bravo,S00720,R02336,senior,7,6
Unit Bravo,S00721,R04248,mid,5,5
Unit Alpha,S00722,R04226,mid,8,5
Unit Bravo,S00723,R01799,mid,7,5
Unit Bravo,S00724,R00082,junior,3,2
Unit Alpha,S00725,R00916,senior,5,5
Unit Echo,S00726,R00151,senior,7,7
Unit Delta,S00727,R00458,mid,6,3
Unit Bravo,S00728,R03855,junior,7,4
Unit Bravo,S00729,R01265,mid,3,2
Unit Alpha,S00730,R01420,junior,8,5
Unit Bravo,S00731,R01268,mid,13,11
Unit Echo,S00732,R01308,senior,6,5
Unit Alpha,S00733,R04773,senior,6,6
Unit Echo,S00734,R04094,junior,5,3
Unit Bravo,S00735,R02282,mid,5,4
Unit Bravo,S00736,R00681,junior,2,1
Unit Echo,S00737,R00415,junior,7,4
Unit Delta,S00738,R01493,mid,4,2
Unit Echo,S00739,R04098,junior,6,5
Unit Alpha,S00740,R01048,mid,7,3
Unit Bravo,S00741,R02294,mid,6,6
Unit Echo,S00742,R02432,senior,9,7
Unit Bravo,S00743,R04132,mid,9,7
Unit Echo,S00744,R04834,senior,6,6
Unit Alpha,S00745,R04599,junior,8,4
Unit Echo,S00746,R04200,junior,4,3
Unit Alpha,S00747,R02360,junior,2,1
Unit Alpha,S00748,R03425,mid,5,3
Unit Bravo,S00749,R00653,mid,6,3
Unit Bravo,S00750,R00458,mid,7,4
Unit Bravo,S00751,R03117,junior,6,5
Unit Bravo,S00752,R01225,senior,5,4
Unit Bravo,S00753,R00804,junior,2,1
Unit Echo,S00754,R01341,mid,8,6
Unit Echo,S00755,R01707,junior,7,4
Unit Echo,S00756,R01639,junior,7,5
Unit Delta,S00757,R02532,junior,5,3
Unit Bravo,S00758,R03671,senior,11,10
Unit Alpha,S00759,R03438,junior,7,4
Unit Echo,S00760,R04201,junior,6,1
Unit Alpha,S00761,R04909,mid,6,4
Unit Echo,S00762,R00182,mid,3,3
Unit Delta,S00763,R03183,mid,6,6
Unit Delta,S00764,R02318,mid,4,4
Unit Alpha,S00765,R02845,mid,5,4
Unit Alpha,S00766,R02609,mid,5,4
Unit Bravo,S00767,R04322,junior,6,3
Unit Alpha,S00768,R03754,junior,9,7
Unit Alpha,S00769,R01492,mid,4,2
Unit Alpha,S00770,R01255,mid,5,4
Unit Alpha,S00771,R04362,senior,4,4
Unit Delta,S00772,R03614,mid,6,3
Unit Echo,S00773,R00114,junior,3,1
Unit Alpha,S00774,R04471,senior,5,5
Unit Bravo,S00775,R03085,senior,5,5
Unit Delta,S00776,R01521,junior,3,2
Unit Bravo,S00777,R04156,junior,8,4
Unit Echo,S00778,R01984,junior,10,6
Unit Alpha,S00779,R01680,junior,5,4
Unit Bravo,S00780,R03441,mid,8,7
Unit Delta,S00781,R01682,junior,5,3
Unit Echo,S00782,R02651,junior,6,4
Unit Alpha,S00783,R01346,mid,4,3
Unit Alpha,S00784,R01556,junior,8,5
Unit Bravo,S00785,R04363,junior,12,8
Unit Bravo,S00786,R02724,senior,5,5
Unit Echo,S00787,R02490,junior,6,4
Unit Bravo,S00788,R03646,junior,4,0
Unit Delta,S00789,R04840,junior,7,4
Unit Delta,S00790,R04658,mid,4,3
Unit Echo,S00791,R03710,junior,6,2
Unit Delta,S00792,R03442,senior,8,6
Unit Bravo,S00793,R03875,mid,9,8
Unit Delta,S00794,R02454,junior,5,4
Unit Bravo,S00795,R00689,senior,10,9
Unit Delta,S00796,R04644,senior,5,4
Unit Echo,S00797,R04305,junior,7,5
Unit Echo,S00798,R02819,senior,6,6
Unit Delta,S00799,R04831,senior,4,4
Unit Alpha,S00800,R04915,junior,12,10
Unit Echo,S00801,R01333,senior,6,6
Unit Alpha,S00802,R00462,junior,7,4
Unit Bravo,S00803,R00641,junior,4,3
Unit Delta,S00804,R00451,junior,5,3
Unit Bravo,S00805,R02438,junior,3,2
Unit Bravo,S00806,R04062,junior,13,7
Unit Delta,S00807,R01105,senior,2,1
Unit Bravo,S00808,R00398,mid,4,4
Unit Bravo,S00809,R03474,junior,7,5
Unit Echo,S00810,R01223,mid,5,3
Unit Delta,S00811,R01188,junior,6,4
Unit Bravo,S00812,R01846,senior,5,4
Unit Bravo,S00813,R00733,mid,8,8
Unit Alpha,S00814,R04477,mid,10,10
Unit Delta,S00815,R03555,junior,5,3
Unit Bravo,S00816,R01023,junior,9,4
Unit Delta,S00817,R02410,senior,8,8
Unit Echo,S00818,R04099,mid,5,3
Unit Alpha,S00819,R00077,junior,7,5
Unit Delta,S00820,R03190,junior,6,5
Unit Bravo,S00821,R03982,senior,6,5
Unit Delta,S00822,R02439,junior,9,5
Unit Bravo,S00823,R00493,mid,6,3
Unit Bravo,S00824,R03756,senior,9,8
Unit Delta,S00825,R01120,junior,7,2
Unit Bravo,S00826,R03642,mid,11,7
Unit Echo,S00827,R02451,junior,5,3
Unit Alpha,S00828,R03481,junior,9,4
Unit Bravo,S00829,R02682,mid,7,5
Unit Alpha,S00830,R01290,mid,8,8
Unit Bravo,S00831,R04503,junior,5,2
Unit Bravo,S00832,R03603,mid,2,2
Unit Bravo,S00833,R02192,mid,3,3
Unit Bravo,S00834,R01011,senior,10,7
Unit Alpha,S00835,R04623,junior,4,2
Unit Bravo,S00836,R01234,mid,7,3
Unit Delta,S00837,R00332,junior,6,5
Unit Alpha,S00838,R02457,senior,9,9
Unit Alpha,S00839,R01559,mid,4,3
Unit Delta,S00840,R00348,senior,8,8
Unit Alpha,S00841,R03499,senior,4,4
Unit Bravo,S00842,R00054,junior,5,4
Unit Bravo,S00843,R01713,senior,5,4
Unit Delta,S00844,R00689,junior,5,5
Unit Delta,S00845,R04801,junior,5,3
Unit Bravo,S00846,R01431,junior,6,5
Unit Echo,S00847,R04121,mid,6,6
Unit Delta,S00848,R02878,junior,6,4
Unit Delta,S00849,R02478,senior,6,6
Unit Delta,S00850,R03891,junior,5,4
Unit Bravo,S00851,R04636,senior,6,5
Unit Echo,S00852,R02768,junior,5,3
Unit Delta,S00853,R03794,junior,7,5
Unit Alpha,S00854,R00681,senior,6,5
Unit Bravo,S00855,R01817,junior,9,5
Unit Alpha,S00856,R03775,mid,8,8
Unit Delta,S00857,R02426,mid,4,0
Unit Echo,S00858,R00812,junior,8,7
Unit Alpha,S00859,R00657,mid,8,6
Unit Bravo,S00860,R02667,junior,5,3
Unit Bravo,S00861,R01079,junior,8,3
Unit Alpha,S00862,R04081,junior,4,1
Unit Echo,S00863,R01873,senior,9,9
Unit Delta,S00864,R02505,junior,6,4
Unit Alpha,S00865,R00693,junior,7,5
Unit Alpha,S00866,R03722,junior,2,1
Unit Echo,S00867,R01378,mid,11,6
Unit Delta,S00868,R03583,senior,7,7
Unit Alpha,S00869,R01799,junior,5,3
Unit Alpha,S00870,R03252,senior,2,2
Unit Echo,S00871,R04926,junior,4,2
Unit Delta,S00872,R01950,mid,3,3
Unit Alpha,S00873,R01394,junior,6,5
Unit Alpha,S00874,R04303,mid,6,6
Unit Echo,S00875,R01897,junior,4,2
Unit Bravo,S00876,R00368,junior,6,4
Unit Bravo,S00877,R01632,senior,8,8
Unit Alpha,S00878,R04684,mid,8,5
Unit Delta,S00879,R00650,senior,7,7
Unit Echo,S00880,R02967,mid,7,5
Unit Alpha,S00881,R02276,mid,6,3
Unit Delta,S00882,R00586,senior,7,6
Unit Delta,S00883,R00996,mid,3,1
Unit Bravo,S00884,R01508,mid,8,8
Unit Alpha,S00885,R00159,mid,5,3
Unit Bravo,S00886,R00731,junior,9,5
Unit Echo,S00887,R00702,mid,11,8
Unit Echo,S00888,R00697,junior,9,8
Unit Echo,S00889,R03616,senior,8,8
Unit Alpha,S00890,R02215,senior,3,3
Unit Alpha,S00891,R00900,junior,4,1
Unit Delta,S00892,R03492,mid,5,3
Unit Alpha,S00893,R00856,mid,6,2
Unit Alpha,S00894,R02924,mid,6,6
Unit Echo,S00895,R02376,senior,2,2
Unit Echo,S00896,R01012,mid,3,3
Unit Alpha,S00897,R03583,senior,5,5
Unit Echo,S00898,R01907,senior,8,7
Unit Alpha,S00899,R00472,mid,6,6
Unit Alpha,S00900,R00084,junior,8,5
Unit Bravo,S00901,R00799,senior,4,4
Unit Delta,S00902,R03074,senior,9,9
Unit Echo,S00903,R02940,junior,5,3
Unit Echo,S00904,R01514,senior,6,5
Unit Delta,S00905,R00632,junior,6,4
Unit Echo,S00906,R00733,junior,9,5
Unit Echo,S00907,R03033,mid,6,4
Unit Alpha,S00908,R00541,mid,4,1
Unit Delta,S00909,R02019,junior,6,3
Unit Delta,S00910,R03864,junior,4,1
Unit Alpha,S00911,R00287,mid,6,5
Unit Bravo,S00912,R02091,junior,5,3
Unit Delta,S00913,R03868,senior,9,9
Unit Alpha,S00914,R03941,mid,7,7
Unit Delta,S00915,R04538,senior,9,8
Unit Delta,S00916,R02293,junior,8,6
Unit Echo,S00917,R04596,mid,8,8
Unit Echo,S00918,R00004,junior,5,4
Unit Echo,S00919,R00190,junior,6,3
Unit Alpha,S00920,R04865,junior,8,6
Unit Echo,S00921,R02280,junior,9,6
Unit Delta,S00922,R01036,mid,2,1
Unit Bravo,S00923,R03822,junior,7,5
Unit Delta,S00924,R01968,senior,6,6
Unit Delta,S00925,R04659,senior,2,2
Unit Delta,S00926,R02826,mid,8,4
Unit Bravo,S00927,R02680,senior,4,3
Unit Bravo,S00928,R02542,mid,2,2
Unit Echo,S00929,R01924,senior,8,8
Unit Delta,S00930,R01120,junior,3,2
Unit Alpha,S00931,R01778,mid,5,3
Unit Bravo,S00932,R00184,mid,11,8
Unit Delta,S00933,R00987,mid,12,11
Unit Alpha,S00934,R01398,senior,4,4
Unit Delta,S00935,R03255,mid,8,6
Unit Delta,S00936,R04260,junior,7,3
Unit Bravo,S00937,R04737,junior,4,3
Unit Bravo,S00938,R04342,mid,6,6
Unit Echo,S00939,R03448,junior,8,5
Unit Delta,S00940,R04540,senior,4,3
Unit Echo,S00941,R00075,senior,8,7
Unit Bravo,S00942,R03866,senior,13,9
Unit Echo,S00943,R01137,junior,9,5
Unit Alpha,S00944,R03743,junior,5,3
Unit Alpha,S00945,R02979,junior,5,3
Unit Echo,S00946,R02217,mid,6,2
Unit Echo,S00947,R02698,senior,6,6
Unit Delta,S00948,R01791,mid,7,3
Unit Bravo,S00949,R03471,senior,9,7
Unit Alpha,S00950,R01971,mid,7,5
Unit Delta,S00951,R01582,mid,6,5
Unit Alpha,S00952,R03769,mid,6,6
Unit Alpha,S00953,R04054,junior,5,4
Unit Alpha,S00954,R03809,mid,10,7
Unit Echo,S00955,R04137,junior,7,4
Unit Bravo,S00956,R04687,junior,9,4
Unit Bravo,S00957,R00369,mid,7,5
Unit Bravo,S00958,R02328,senior,4,2
Unit Echo,S00959,R03732,junior,5,2
Unit Alpha,S00960,R01660,mid,11,7
Unit Echo,S00961,R04102,mid,6,5
Unit Delta,S00962,R02511,mid,7,7
Unit Echo,S00963,R02509,senior,7,7
Unit Bravo,S00964,R02104,junior,6,3
Unit Echo,S00965,R01420,mid,7,5
Unit Bravo,S00966,R01571,senior,7,6
Unit Delta,S00967,R00932,junior,1,1
Unit Echo,S00968,R02972,mid,3,3
Unit Alpha,S00969,R01350,mid,3,2
Unit Bravo,S00970,R03564,junior,3,1
Unit Bravo,S00971,R02791,mid,12,9
Unit Bravo,S00972,R03615,mid,5,5
Unit Echo,S00973,R01372,mid,7,5
Unit Bravo,S00974,R02673,junior,5,0
Unit Echo,S00975,R04062,mid,5,3
Unit Echo,S00976,R03606,mid,5,3
Unit Alpha,S00977,R03387,junior,2,1
Unit Echo,S00978,R03708,senior,2,2
Unit Delta,S00979,R03469,junior,8,7
Unit Delta,S00980,R00979,junior,4,3
Unit Delta,S00981,R01252,mid,6,6
Unit Bravo,S00982,R01773,mid,5,4
Unit Echo,S00983,R01212,mid,3,3
Unit Delta,S00984,R01323,junior,3,3
Unit Delta,S00985,R00199,mid,8,7
Unit Echo,S00986,R01288,junior,6,5
Unit Bravo,S00987,R01163,mid,8,5
Unit Alpha,S00988,R04481,junior,10,5
Unit Delta,S00989,R04227,mid,6,5
Unit Alpha,S00990,R04066,mid,8,8
Unit Echo,S00991,R00401,mid,6,4
Unit Alpha,S00992,R00510,mid,5,4
Unit Alpha,S00993,R00644,junior,6,2
Unit Alpha,S00994,R03850,junior,4,3
Unit Bravo,S00995,R00932,mid,5,3
Unit Bravo,S00996,R04130,junior,6,4
Unit Echo,S00997,R01189,junior,12,7
Unit Echo,S00998,R04515,junior,7,2
Unit Echo,S00999,R03928,mid,3,3
Unit Alpha,S01000,R03690,mid,4,4
Unit Echo,S01001,R01186,mid,5,3
Unit Echo,S01002,R03214,junior,3,2
Unit Bravo,S01003,R04471,junior,3,3
Unit Delta,S01004,R02929,junior,11,9
Unit Echo,S01005,R03153,junior,4,2
Unit Echo,S01006,R01066,junior,13,8
Unit Bravo,S01007,R01176,junior,6,3
Unit Bravo,S01008,R00981,junior,5,2
Unit Alpha,S01009,R00891,junior,6,4
Unit Delta,S01010,R04122,mid,6,5
Unit Delta,S01011,R04502,senior,9,8
Unit Delta,S01012,R03221,mid,6,4
Unit Bravo,S01013,R04841,mid,8,4
Unit Alpha,S01014,R00714,mid,6,4
Unit Echo,S01015,R04923,mid,5,3
Unit Bravo,S01016,R00890,mid,5,4
Unit Alpha,S01017,R03741,senior,6,6
Unit Alpha,S01018,R00759,mid,4,4
Unit Bravo,S01019,R03278,senior,6,6
Unit Alpha,S01020,R01277,senior,5,5
Unit Alpha,S01021,R02312,junior,10,5
Unit Delta,S01022,R04385,senior,11,10
Unit Echo,S01023,R04107,junior,5,1
Unit Delta,S01024,R03507,junior,10,7
Unit Alpha,S01025,R01062,senior,9,8
Unit Alpha,S01026,R01232,junior,5,3
Unit Echo,S01027,R03999,mid,6,6
Unit Alpha,S01028,R03717,junior,6,0
Unit Delta,S01029,R02536,mid,2,1
Unit Bravo,S01030,R00317,mid,12,10
Unit Alpha,S01031,R04736,mid,6,4
Unit Bravo,S01032,R01504,mid,6,5
Unit Echo,S01033,R01798,senior,4,4
Unit Alpha,S01034,R01500,senior,6,4
Unit Echo,S01035,R02603,mid,5,3
Unit Bravo,S01036,R03117,mid,1,1
Unit Delta,S01037,R01572,junior,4,3
Unit Echo,S01038,R01283,mid,8,6
Unit Delta,S01039,R01365,junior,3,1
Unit Alpha,S01040,R03570,junior,5,4
Unit Echo,S01041,R01871,senior,9,9
Unit Bravo,S01042,R04415,senior,9,9
Unit Echo,S01043,R02337,junior,4,2
Unit Echo,S01044,R04040,junior,8,4
Unit Alpha,S01045,R04409,junior,9,5
Unit Bravo,S01046,R04339,junior,6,3
Unit Echo,S01047,R01829,mid,9,5
Unit Alpha,S01048,R00527,junior,4,2
Unit Delta,S01049,R02998,mid,4,4
Unit Delta,S01050,R00901,junior,4,3
Unit Delta,S01051,R03917,mid,2,1
Unit Bravo,S01052,R02055,junior,6,5
Unit Delta,S01053,R03028,mid,6,5
Unit Bravo,S01054,R00435,mid,5,5
Unit Alpha,S01055,R03458,junior,11,6
Unit Alpha,S01056,R01505,junior,5,0
Unit Delta,S01057,R01971,junior,6,3
Unit Echo,S01058,R03437,junior,8,4
Unit Echo,S01059,R02223,senior,9,9
Unit Alpha,S01060,R00542,senior,5,5
Unit Delta,S01061,R03017,mid,5,3
Unit Alpha,S01062,R00362,mid,7,5
Unit Echo,S01063,R00561,mid,8,5
Unit Echo,S01064,R01648,junior,7,6
Unit Echo,S01065,R04628,junior,4,1
Unit Bravo,S01066,R01126,senior,9,8
Unit Delta,S01067,R03430,senior,4,3
Unit Alpha,S01068,R02061,senior,4,4
Unit Delta,S01069,R00563,mid,7,5
Unit Bravo,S01070,R02685,mid,6,5
Unit Delta,S01071,R03844,mid,5,4
Unit Alpha,S01072,R03839,mid,10,6
Unit Alpha,S01073,R00323,mid,6,3
Unit Delta,S01074,R00636,junior,5,1
Unit Delta,S01075,R03819,junior,3,1
Unit Delta,S01076,R04664,junior,4,1
Unit Bravo,S01077,R02284,mid,6,5
Unit Echo,S01078,R03104,senior,6,6
Unit Bravo,S01079,R03684,mid,9,9
Unit Alpha,S01080,R03448,mid,7,5
Unit Alpha,S01081,R01975,junior,4,2
Unit Bravo,S01082,R00501,junior,2,1
Unit Delta,S01083,R04773,junior,6,5
Unit Echo,S01084,R01032,senior,6,6
Unit Bravo,S01085,R01721,senior,4,4
Unit Echo,S01086,R02289,mid,6,5
Unit Echo,S01087,R02082,junior,6,4
Unit Bravo,S01088,R04724,junior,9,4
Unit Echo,S01089,R03435,junior,6,2
Unit Bravo,S01090,R01695,senior,7,7
Unit Bravo,S01091,R00656,mid,8,6
Unit Alpha,S01092,R03274,junior,5,3
Unit Delta,S01093,R01612,mid,7,4
Unit Alpha,S01094,R03597,junior,7,4
Unit Bravo,S01095,R03293,mid,5,4
Unit Delta,S01096,R01208,junior,5,3
Unit Bravo,S01097,R03030,junior,8,5
Unit Delta,S01098,R02529,junior,9,4
Unit Alpha,S01099,R02545,junior,5,3
Unit Delta,S01100,R01156,mid,10,10
Unit Echo,S01101,R00039,junior,5,4
Unit Alpha,S01102,R00373,junior,7,6
Unit Alpha,S01103,R03001,junior,7,4
Unit Echo,S01104,R03277,senior,9,8
Unit Delta,S01105,R04199,senior,5,5
Unit Alpha,S01106,R03321,junior,9,7
Unit Delta,S01107,R01131,mid,3,3
Unit Echo,S01108,R01813,junior,6,5
Unit Bravo,S01109,R02359,junior,8,4
Unit Delta,S01110,R02445,junior,7,2
Unit Delta,S01111,R01545,mid,2,1
Unit Alpha,S01112,R02145,senior,4,4
Unit Echo,S01113,R01662,senior,3,3
Unit Alpha,S01114,R02777,junior,11,7
Unit Echo,S01115,R03839,mid,4,3
Unit Delta,S01116,R03001,junior,8,6
Unit Alpha,S01117,R00353,junior,9,3
Unit Bravo,S01118,R00607,mid,4,3
Unit Bravo,S01119,R04040,junior,5,5
Unit Echo,S01120,R04930,mid,14,11
Unit Alpha,S01121,R03288,senior,4,3
Unit Echo,S01122,R04272,mid,5,3
Unit Echo,S01123,R02384,mid,10,6
Unit Delta,S01124,R03228,junior,3,3
Unit Bravo,S01125,R03722,senior,7,7
Unit Bravo,S01126,R00714,junior,7,1
Unit Bravo,S01127,R00449,junior,2,1
Unit Delta,S01128,R01983,mid,6,6
Unit Delta,S01129,R04317,senior,7,6
Unit Alpha,S01130,R02207,mid,7,7
Unit Echo,S01131,R01122,junior,4,2
Unit Echo,S01132,R00937,junior,7,3
Unit Echo,S01133,R01971,mid,4,2
Unit Alpha,S01134,R03404,junior,9,6
Unit Alpha,S01135,R01437,senior,7,5
Unit Echo,S01136,R02985,mid,9,8
Unit Echo,S01137,R01100,junior,4,4
Unit Delta,S01138,R01790,junior,6,5
Unit Echo,S01139,R00638,junior,7,4
Unit Echo,S01140,R01225,junior,2,1
Unit Alpha,S01141,R00648,junior,4,2
Unit Echo,S01142,R03417,mid,5,4
Unit Alpha,S01143,R01014,senior,9,7
Unit Alpha,S01144,R01215,junior,3,3
Unit Echo,S01145,R04506,mid,10,9
Unit Alpha,S01146,R01552,junior,6,2
Unit Echo,S01147,R00305,mid,10,8
Unit Echo,S01148,R03269,senior,6,6
Unit Bravo,S01149,R04523,senior,4,4
Unit Alpha,S01150,R03961,junior,11,7
Unit Bravo,S01151,R04459,senior,4,4
Unit Alpha,S01152,R01666,mid,4,4
Unit Delta,S01153,R00196,mid,9,8
Unit Echo,S01154,R03294,junior,6,4
Unit Alpha,S01155,R03663,junior,10,4
Unit Echo,S01156,R03376,junior,12,8
Unit Echo,S01157,R00699,junior,5,3
Unit Alpha,S01158,R02363,junior,6,2
Unit Echo,S01159,R01655,junior,3,1
Unit Alpha,S01160,R00436,senior,7,5
Unit Bravo,S01161,R03325,senior,3,3
Unit Echo,S01162,R03932,senior,8,7
Unit Echo,S01163,R03370,senior,7,6
Unit Bravo,S01164,R04289,senior,7,6
Unit Delta,S01165,R01141,junior,2,2
Unit Delta,S01166,R01968,mid,5,5
Unit Echo,S01167,R01044,mid,3,1
Unit Bravo,S01168,R03631,senior,3,3
Unit Alpha,S01169,R00142,junior,8,4
Unit Bravo,S01170,R01749,senior,6,4
Unit Echo,S01171,R01687,senior,6,6
Unit Delta,S01172,R02848,junior,3,2
Unit Delta,S01173,R01286,junior,4,2
Unit Delta,S01174,R04850,junior,3,2
Unit Alpha,S01175,R04970,junior,5,3
Unit Alpha,S01176,R01470,senior,13,12
Unit Echo,S01177,R01515,junior,10,7
Unit Echo,S01178,R02056,junior,7,6
Unit Alpha,S01179,R01792,mid,4,3
Unit Delta,S01180,R02359,mid,9,6
Unit Alpha,S01181,R04294,senior,10,8
Unit Delta,S01182,R01883,junior,7,5
Unit Delta,S01183,R01450,mid,6,5
Unit Delta,S01184,R00507,mid,4,1
Unit Echo,S01185,R02888,mid,5,4
Unit Alpha,S01186,R02829,senior,8,6
Unit Echo,S01187,R00009,junior,10,4
Unit Bravo,S01188,R04435,mid,8,8
Unit Bravo,S01189,R01311,junior,6,4
Unit Bravo,S01190,R03560,mid,6,3
Unit Bravo,S01191,R02759,mid,8,5
Unit Echo,S01192,R01584,junior,7,4
Unit Bravo,S01193,R04274,senior,4,2
Unit Delta,S01194,R02478,mid,3,2
Unit Bravo,S01195,R02078,senior,3,3
Unit Echo,S01196,R02797,junior,4,4
Unit Delta,S01197,R00453,junior,5,5
Unit Delta,S01198,R02252,mid,8,6
Unit Alpha,S01199,R00823,mid,2,2
Unit Delta,S01200,R02097,junior,5,3
Unit Echo,S01201,R04167,mid,7,5
Unit Echo,S01202,R01448,mid,5,4
Unit Alpha,S01203,R01971,mid,7,6
Unit Bravo,S01204,R04796,junior,5,2
Unit Alpha,S01205,R00767,mid,6,4
Unit Delta,S01206,R02767,junior,4,0
Unit Bravo,S01207,R02055,mid,8,6
Unit Echo,S01208,R01557,mid,8,7
Unit Alpha,S01209,R00087,junior,5,2
Unit Bravo,S01210,R03589,senior,9,7
Unit Delta,S01211,R04069,mid,5,3
Unit Bravo,S01212,R01294,mid,5,3
Unit Alpha,S01213,R01125,junior,4,1
Unit Echo,S01214,R02030,junior,4,3
Unit Bravo,S01215,R02898,mid,7,3
Unit Alpha,S01216,R01122,mid,7,2
Unit Delta,S01217,R02991,mid,7,4
Unit Echo,S01218,R04555,mid,8,7
Unit Echo,S01219,R04874,junior,6,2
Unit Delta,S01220,R01062,junior,10,7
Unit Echo,S01221,R03471,senior,3,3
Unit Bravo,S01222,R00120,mid,4,3
Unit Delta,S01223,R01135,junior,5,3
Unit Bravo,S01224,R03461,mid,8,6
Unit Echo,S01225,R00228,junior,6,4
Unit Bravo,S01226,R02809,mid,8,6
Unit Alpha,S01227,R00354,senior,7,6
Unit Alpha,S01228,R02876,mid,6,4
Unit Echo,S01229,R04190,junior,8,5
Unit Alpha,S01230,R03300,mid,7,5
Unit Echo,S01231,R01213,mid,6,6
Unit Delta,S01232,R02196,mid,7,6
Unit Bravo,S01233,R00347,senior,3,3
Unit Delta,S01234,R01327,mid,6,5
Unit Alpha,S01235,R03401,mid,6,6
Unit Alpha,S01236,R02659,junior,6,4
Unit Echo,S01237,R04103,mid,4,2
Unit Bravo,S01238,R01378,mid,9,4
Unit Bravo,S01239,R00398,junior,6,2
Unit Bravo,S01240,R04608,junior,7,6
Unit Echo,S01241,R04643,mid,5,3
Unit Delta,S01242,R03660,senior,8,7
Unit Alpha,S01243,R01448,senior,6,5
Unit Bravo,S01244,R02778,junior,6,2
Unit Alpha,S01245,R00923,mid,7,5
Unit Delta,S01246,R02348,junior,8,6
Unit Bravo,S01247,R01280,mid,6,4
Unit Delta,S01248,R04978,senior,2,1
Unit Bravo,S01249,R00868,junior,3,3
Unit Alpha,S01250,R02184,junior,9,6
Unit Alpha,S01251,R04772,junior,4,3
Unit Bravo,S01252,R01639,junior,8,4
Unit Alpha,S01253,R02546,senior,6,5
Unit Bravo,S01254,R01476,junior,7,2
Unit Bravo,S01255,R03264,junior,7,1
Unit Delta,S01256,R01128,senior,6,6
Unit Alpha,S01257,R04167,senior,9,9
Unit Echo,S01258,R02126,senior,6,5
Unit Echo,S01259,R04524,senior,7,7
Unit Alpha,S01260,R00991,junior,9,4
Unit Delta,S01261,R02147,junior,8,6
Unit Bravo,S01262,R02368,mid,5,4
Unit Bravo,S01263,R04904,senior,9,9
Unit Bravo,S01264,R04808,mid,2,2
Unit Bravo,S01265,R04714,mid,10,9
Unit Delta,S01266,R03078,mid,7,6
Unit Delta,S01267,R04146,junior,4,1
Unit Bravo,S01268,R00693,junior,7,6
Unit Delta,S01269,R04820,mid,6,4
Unit Alpha,S01270,R04091,senior,11,11
Unit Echo,S01271,R03892,mid,2,2
Unit Echo,S01272,R02351,mid,5,3
Unit Delta,S01273,R03711,junior,5,4
Unit Delta,S01274,R03771,mid,6,3
Unit Echo,S01275,R02575,mid,8,5
Unit Bravo,S01276,R04151,junior,9,7
Unit Bravo,S01277,R01428,senior,6,4
Unit Bravo,S01278,R01865,mid,8,3
Unit Echo,S01279,R03314,mid,6,3
Unit Delta,S01280,R00676,mid,5,4
Unit Echo,S01281,R01354,mid,7,6
Unit Bravo,S01282,R04191,mid,13,12
Unit Delta,S01283,R03414,mid,8,5
Unit Bravo,S01284,R04441,mid,5,4
Unit Delta,S01285,R02481,junior,6,3
Unit Alpha,S01286,R01008,mid,10,8
Unit Bravo,S01287,R01786,mid,8,8
Unit Bravo,S01288,R02342,mid,6,5
Unit Echo,S01289,R02452,junior,7,3
Unit Delta,S01290,R02225,junior,6,2
Unit Bravo,S01291,R01244,senior,5,5
Unit Bravo,S01292,R02348,senior,6,6
Unit Echo,S01293,R02509,mid,7,4
Unit Echo,S01294,R02521,mid,6,5
Unit Alpha,S01295,R04895,mid,6,4
Unit Bravo,S01296,R03446,junior,6,3
Unit Alpha,S01297,R03957,mid,5,5
Unit Alpha,S01298,R01779,mid,8,4
Unit Echo,S01299,R01392,junior,5,3
Unit Echo,S01300,R03677,senior,6,6
Unit Delta,S01301,R01016,junior,5,3
Unit Delta,S01302,R04109,mid,5,5
Unit Echo,S01303,R02295,mid,9,7
Unit Alpha,S01304,R01727,junior,6,4
Unit Echo,S01305,R03808,mid,7,4
Unit Bravo,S01306,R01923,senior,4,4
Unit Bravo,S01307,R00289,senior,7,7
Unit Delta,S01308,R04229,mid,8,6
Unit Echo,S01309,R01398,mid,3,3
Unit Echo,S01310,R03035,mid,9,7
Unit Echo,S01311,R01309,junior,5,3
Unit Bravo,S01312,R03571,junior,7,5
Unit Bravo,S01313,R02825,junior,6,5
Unit Delta,S01314,R04371,senior,9,8
Unit Delta,S01315,R00133,mid,8,8
Unit Alpha,S01316,R01985,junior,4,2
Unit Bravo,S01317,R02230,mid,6,4
Unit Bravo,S01318,R00508,senior,7,7
Unit Echo,S01319,R00163,junior,5,2
Unit Delta,S01320,R01048,senior,7,7
Unit Alpha,S01321,R01054,mid,4,3
Unit Delta,S01322,R03810,senior,7,7
Unit Alpha,S01323,R01273,senior,3,3
Unit Delta,S01324,R02643,mid,5,4
Unit Bravo,S01325,R02181,junior,3,1
Unit Alpha,S01326,R01618,junior,7,4
Unit Bravo,S01327,R01320,senior,3,3
Unit Alpha,S01328,R03104,junior,3,2
Unit Bravo,S01329,R02087,junior,4,4
Unit Delta,S01330,R04582,senior,5,5
Unit Alpha,S01331,R00413,junior,7,3
Unit Delta,S01332,R03545,junior,6,6
Unit Bravo,S01333,R02440,mid,10,8
Unit Delta,S01334,R00605,junior,7,3
Unit Alpha,S01335,R04376,junior,9,7
Unit Delta,S01336,R04984,senior,6,6
Unit Delta,S01337,R04289,mid,11,9
Unit Delta,S01338,R02092,mid,10,4
Unit Delta,S01339,R00258,junior,7,5
Unit Alpha,S01340,R03507,junior,9,4
Unit Delta,S01341,R02994,senior,7,6
Unit Alpha,S01342,R02909,junior,3,1
Unit Delta,S01343,R02388,senior,8,8
Unit Delta,S01344,R03482,junior,11,7
Unit Alpha,S01345,R04014,junior,4,3
Unit Bravo,S01346,R00327,junior,13,9
Unit Delta,S01347,R01507,mid,10,5
Unit Delta,S01348,R00168,mid,6,4
Unit Echo,S01349,R02509,senior,4,4
Unit Bravo,S01350,R02012,mid,6,4
Unit Alpha,S01351,R04431,mid,5,2
Unit Echo,S01352,R00988,junior,5,4
Unit Delta,S01353,R00783,mid,4,3
Unit Delta,S01354,R00738,mid,5,2
Unit Echo,S01355,R04613,mid,10,8
Unit Delta,S01356,R02200,mid,6,6
Unit Bravo,S01357,R04031,mid,4,2
Unit Echo,S01358,R04699,junior,2,1
Unit Bravo,S01359,R00413,mid,7,6
Unit Delta,S01360,R03444,mid,9,6
Unit Alpha,S01361,R00224,mid,8,7
Unit Alpha,S01362,R00198,mid,9,6
Unit Alpha,S01363,R00418,junior,4,3
Unit Bravo,S01364,R03224,junior,9,4
Unit Delta,S01365,R04627,junior,4,3
Unit Echo,S01366,R01440,junior,5,4
Unit Bravo,S01367,R01172,junior,7,3
Unit Alpha,S01368,R04567,junior,3,1
Unit Delta,S01369,R01216,senior,5,5
Unit Alpha,S01370,R02004,mid,5,4
Unit Alpha,S01371,R02953,mid,6,4
Unit Alpha,S01372,R01436,mid,4,2
Unit Echo,S01373,R02168,junior,5,3
Unit Bravo,S01374,R04128,senior,8,7
Unit Alpha,S01375,R04591,senior,6,5
Unit Delta,S01376,R00562,junior,8,4
Unit Alpha,S01377,R04439,junior,7,3
Unit Alpha,S01378,R02951,mid,8,5
Unit Bravo,S01379,R02202,junior,6,2
Unit Delta,S01380,R03230,junior,4,1
Unit Echo,S01381,R04517,mid,7,4
Unit Echo,S01382,R04128,senior,5,4
Unit Echo,S01383,R00099,senior,7,7
Unit Bravo,S01384,R04030,senior,4,4
Unit Echo,S01385,R04062,mid,11,9
Unit Delta,S01386,R04302,junior,4,3
Unit Delta,S01387,R04700,senior,6,4
Unit Echo,S01388,R01268,mid,6,2
Unit Delta,S01389,R04055,senior,5,3
Unit Delta,S01390,R00939,junior,8,7
Unit Bravo,S01391,R04960,senior,4,4
Unit Bravo,S01392,R02324,junior,2,1
Unit Alpha,S01393,R00902,senior,9,8
Unit Echo,S01394,R02592,junior,5,2
Unit Delta,S01395,R02727,mid,6,5
Unit Bravo,S01396,R02448,junior,4,3
Unit Echo,S01397,R02404,junior,6,4
Unit Bravo,S01398,R01670,junior,3,2
Unit Echo,S01399,R00954,senior,7,6
Unit Bravo,S01400,R03922,junior,6,5
Unit Bravo,S01401,R01937,mid,6,6
Unit Echo,S01402,R00898,junior,3,0
Unit Delta,S01403,R03219,junior,4,2
Unit Bravo,S01404,R01062,mid,8,4
Unit Bravo,S01405,R01781,mid,7,6
Unit Alpha,S01406,R04801,mid,4,2
Unit Echo,S01407,R02404,mid,10,9
Unit Delta,S01408,R01211,senior,2,2
Unit Delta,S01409,R02590,mid,6,5
Unit Echo,S01410,R00501,junior,5,3
Unit Bravo,S01411,R03338,junior,7,5
Unit Bravo,S01412,R00404,mid,5,5
Unit Alpha,S01413,R03702,senior,12,11
Unit Alpha,S01414,R00763,senior,7,7
Unit Delta,S01415,R03638,mid,3,2
Unit Alpha,S01416,R03602,mid,6,5
Unit Delta,S01417,R00256,junior,2,1
Unit Alpha,S01418,R04872,mid,6,5
Unit Echo,S01419,R04119,junior,2,2
Unit Echo,S01420,R03050,junior,5,0
Unit Alpha,S01421,R04887,junior,4,2
Unit Echo,S01422,R04600,junior,3,2
Unit Alpha,S01423,R03482,mid,6,4
Unit Bravo,S01424,R03044,mid,4,3
Unit Bravo,S01425,R00743,senior,3,3
Unit Alpha,S01426,R01933,mid,6,4
Unit Alpha,S01427,R00472,mid,8,5
Unit Delta,S01428,R04455,mid,2,1
Unit Bravo,S01429,R01642,mid,7,5
Unit Alpha,S01430,R01659,senior,4,4
Unit Delta,S01431,R04314,senior,7,7
Unit Alpha,S01432,R01760,junior,11,7
Unit Bravo,S01433,R04813,mid,5,4
Unit Delta,S01434,R02087,mid,5,4
Unit Delta,S01435,R00217,mid,6,6
Unit Bravo,S01436,R01141,junior,7,3
Unit Delta,S01437,R04705,junior,2,1
Unit Alpha,S01438,R00527,senior,7,7
Unit Bravo,S01439,R04560,senior,3,2
Unit Alpha,S01440,R02337,mid,5,2
Unit Bravo,S01441,R02620,junior,7,5
Unit Alpha,S01442,R02471,mid,3,2
Unit Bravo,S01443,R00461,senior,6,6
Unit Bravo,S01444,R04246,mid,6,5
Unit Bravo,S01445,R01588,mid,4,4
Unit Bravo,S01446,R02519,mid,4,3
Unit Bravo,S01447,R02868,junior,7,4
Unit Bravo,S01448,R03665,junior,7,3
Unit Bravo,S01449,R01509,mid,8,8
Unit Echo,S01450,R04494,junior,8,2
Unit Bravo,S01451,R00449,junior,3,1
Unit Alpha,S01452,R03129,senior,9,8
Unit Echo,S01453,R01405,junior,5,3
Unit Alpha,S01454,R00515,junior,4,1
Unit Echo,S01455,R00810,mid,5,5
Unit Echo,S01456,R02205,mid,7,5
Unit Echo,S01457,R00456,junior,5,4
Unit Bravo,S01458,R03173,mid,4,2
Unit Delta,S01459,R02190,senior,8,8
Unit Alpha,S01460,R03305,mid,4,3
Unit Bravo,S01461,R04125,junior,4,1
Unit Delta,S01462,R00120,mid,6,4
Unit Bravo,S01463,R04912,mid,11,10
Unit Echo,S01464,R03383,junior,7,6
Unit Echo,S01465,R03676,junior,7,6
Unit Delta,S01466,R01396,junior,4,3
Unit Echo,S01467,R01471,mid,5,3
Unit Delta,S01468,R00547,mid,5,5
Unit Delta,S01469,R01142,junior,5,1
Unit Echo,S01470,R00459,mid,5,5
Unit Echo,S01471,R04186,junior,6,3
Unit Alpha,S01472,R00891,mid,6,3
Unit Delta,S01473,R04705,junior,5,2
Unit Alpha,S01474,R03489,junior,6,3
Unit Delta,S01475,R02619,mid,10,5
Unit Alpha,S01476,R03905,mid,2,1
Unit Echo,S01477,R02129,junior,8,4
Unit Bravo,S01478,R00916,mid,6,5
Unit Delta,S01479,R02929,mid,5,5
Unit Echo,S01480,R00740,mid,9,3
Unit Echo,S01481,R04302,junior,5,3
Unit Delta,S01482,R02324,mid,4,3
Unit Echo,S01483,R00752,junior,6,3
Unit Echo,S01484,R00407,junior,5,4
Unit Alpha,S01485,R01018,senior,9,9
Unit Alpha,S01486,R04196,senior,6,6
Unit Bravo,S01487,R00695,junior,7,5
Unit Delta,S01488,R03916,senior,6,5
Unit Bravo,S01489,R00175,mid,6,6
Unit Bravo,S01490,R03057,mid,5,4
Unit Bravo,S01491,R04182,junior,6,5
Unit Alpha,S01492,R02598,mid,6,5
Unit Echo,S01493,R01737,junior,11,8
Unit Delta,S01494,R04772,junior,4,2
Unit Bravo,S01495,R00989,junior,10,5
Unit Echo,S01496,R02336,senior,5,5
Unit Delta,S01497,R04932,junior,5,4
Unit Echo,S01498,R04526,junior,6,5
Unit Delta,S01499,R02938,junior,8,6
Unit Echo,S01500,R04236,junior,4,3
Unit Delta,S01501,R01446,senior,5,4
Unit Echo,S01502,R04386,junior,7,3
Unit Bravo,S01503,R02277,junior,12,9
Unit Delta,S01504,R03678,mid,5,4
Unit Bravo,S01505,R03024,mid,7,5
Unit Echo,S01506,R02315,mid,4,2
Unit Bravo,S01507,R00635,junior,13,7
Unit Bravo,S01508,R03608,junior,2,1
Unit Delta,S01509,R03750,junior,9,7
Unit Delta,S01510,R04354,senior,7,6
Unit Bravo,S01511,R04070,junior,9,4
Unit Echo,S01512,R02972,junior,4,2
Unit Alpha,S01513,R02615,junior,6,3
Unit Echo,S01514,R01057,senior,6,5
Unit Alpha,S01515,R02756,senior,9,9
Unit Alpha,S01516,R02786,senior,5,3
Unit Alpha,S01517,R01065,junior,8,4
Unit Alpha,S01518,R01001,junior,7,4
Unit Delta,S01519,R01302,mid,6,4
Unit Bravo,S01520,R01132,senior,7,6
Unit Alpha,S01521,R02281,senior,4,4
Unit Delta,S01522,R04482,junior,4,2
Unit Bravo,S01523,R02763,mid,8,6
Unit Delta,S01524,R00999,mid,7,7
Unit Delta,S01525,R02902,mid,4,3
Unit Echo,S01526,R03985,senior,6,5
Unit Delta,S01527,R03947,mid,3,3
Unit Echo,S01528,R00460,senior,5,4
Unit Bravo,S01529,R03046,mid,4,1
Unit Alpha,S01530,R01460,mid,5,5
Unit Delta,S01531,R01039,mid,8,6
Unit Alpha,S01532,R03226,mid,8,6
Unit Delta,S01533,R04880,mid,6,3
Unit Alpha,S01534,R00314,junior,3,2
Unit Bravo,S01535,R03896,junior,7,4
Unit Bravo,S01536,R02139,mid,9,7
Unit Alpha,S01537,R01191,junior,10,6
Unit Echo,S01538,R02708,junior,6,1
Unit Alpha,S01539,R02738,junior,6,5
Unit Bravo,S01540,R00008,mid,3,2
Unit Bravo,S01541,R04780,mid,5,3
Unit Echo,S01542,R01471,junior,7,7
Unit Echo,S01543,R01624,junior,8,5
Unit Delta,S01544,R02215,junior,4,1
Unit Bravo,S01545,R02784,senior,5,4
Unit Bravo,S01546,R04649,junior,5,1
Unit Bravo,S01547,R02153,mid,9,5
Unit Delta,S01548,R03153,junior,4,2
Unit Echo,S01549,R00121,junior,10,5
Unit Bravo,S01550,R03725,junior,4,3
Unit Echo,S01551,R04819,junior,13,11
Unit Bravo,S01552,R04986,junior,7,6
Unit Bravo,S01553,R04006,mid,5,4
Unit Alpha,S01554,R03327,mid,5,4
Unit Delta,S01555,R03867,senior,2,2
Unit Echo,S01556,R02029,mid,5,4
Unit Bravo,S01557,R01412,junior,7,3
Unit Bravo,S01558,R01856,junior,5,4
Unit Delta,S01559,R01365,mid,4,2
Unit Delta,S01560,R04564,mid,4,4
Unit Delta,S01561,R01652,senior,10,10
Unit Delta,S01562,R01810,junior,6,5
Unit Bravo,S01563,R04474,junior,4,2
Unit Bravo,S01564,R00872,junior,8,7
Unit Echo,S01565,R00844,mid,2,2
Unit Alpha,S01566,R04001,junior,4,2
Unit Bravo,S01567,R02567,junior,5,3
Unit Delta,S01568,R04727,senior,3,3
Unit Alpha,S01569,R00302,senior,6,6
Unit Bravo,S01570,R03054,mid,4,3
Unit Delta,S01571,R01465,mid,4,4
Unit Bravo,S01572,R02231,senior,8,8
Unit Delta,S01573,R01110,mid,9,7
Unit Delta,S01574,R04379,junior,3,3
Unit Alpha,S01575,R02867,junior,8,5
Unit Bravo,S01576,R04257,senior,5,5
Unit Bravo,S01577,R04269,senior,6,6
Unit Delta,S01578,R04623,senior,5,4
Unit Alpha,S01579,R04450,junior,7,2
Unit Bravo,S01580,R03898,mid,7,6
Unit Alpha,S01581,R04960,mid,4,3
Unit Alpha,S01582,R02052,junior,3,2
Unit Echo,S01583,R01124,senior,7,6
Unit Delta,S01584,R02295,junior,7,4
Unit Alpha,S01585,R01917,mid,10,9
Unit Alpha,S01586,R04215,junior,6,4
Unit Delta,S01587,R01649,mid,5,4
Unit Echo,S01588,R00309,senior,9,8
Unit Echo,S01589,R02312,mid,11,8
Unit Alpha,S01590,R04336,mid,8,7
Unit Alpha,S01591,R03108,junior,7,5
Unit Alpha,S01592,R00227,senior,6,5
Unit Bravo,S01593,R04365,junior,8,5
Unit Bravo,S01594,R03006,mid,5,4
Unit Bravo,S01595,R00401,mid,7,6
Unit Delta,S01596,R00490,junior,8,5
Unit Delta,S01597,R02653,senior,8,8
Unit Delta,S01598,R04716,junior,5,3
Unit Alpha,S01599,R03584,junior,6,5
Unit Alpha,S01600,R03111,junior,11,8
Unit Delta,S01601,R01782,mid,7,2
Unit Bravo,S01602,R00918,mid,6,3
Unit Alpha,S01603,R00781,mid,1,1
Unit Bravo,S01604,R03369,junior,9,6
Unit Echo,S01605,R04986,senior,5,5
Unit Delta,S01606,R04118,junior,3,1
Unit Delta,S01607,R04539,mid,8,5
Unit Echo,S01608,R04349,junior,8,3
Unit Delta,S01609,R04875,junior,5,2
Unit Echo,S01610,R04874,junior,7,5
Unit Delta,S01611,R04551,mid,5,2
Unit Echo,S01612,R04016,senior,12,9
Unit Alpha,S01613,R02409,mid,3,2
Unit Alpha,S01614,R00219,junior,5,2
Unit Alpha,S01615,R02213,mid,9,8
Unit Delta,S01616,R04605,senior,5,4
Unit Alpha,S01617,R02598,junior,5,2
Unit Bravo,S01618,R00392,junior,5,3
Unit Delta,S01619,R01031,mid,7,5
Unit Bravo,S01620,R03955,junior,6,4
Unit Echo,S01621,R02385,mid,7,6
Unit Bravo,S01622,R03454,senior,5,5
Unit Echo,S01623,R04520,mid,11,10
Unit Delta,S01624,R00531,mid,9,7
Unit Alpha,S01625,R03740,mid,11,8
Unit Alpha,S01626,R04768,junior,8,5
Unit Echo,S01627,R01591,junior,9,9
Unit Bravo,S01628,R01623,mid,7,5
Unit Echo,S01629,R01240,junior,5,3
Unit Delta,S01630,R04621,junior,3,2
Unit Bravo,S01631,R02773,senior,7,6
Unit Alpha,S01632,R04722,junior,6,2
Unit Bravo,S01633,R02954,junior,8,3
Unit Echo,S01634,R00783,senior,5,5
Unit Echo,S01635,R04257,junior,6,3
Unit Echo,S01636,R02871,mid,7,5
Unit Bravo,S01637,R03621,mid,8,6
Unit Alpha,S01638,R01202,mid,5,4
Unit Delta,S01639,R00912,senior,6,6
Unit Alpha,S01640,R03667,junior,5,2
Unit Alpha,S01641,R00239,junior,5,4
Unit Echo,S01642,R03531,junior,9,3
Unit Echo,S01643,R03791,mid,5,3
Unit Echo,S01644,R03770,senior,5,4
Unit Bravo,S01645,R02447,senior,11,11
Unit Alpha,S01646,R03627,senior,9,7
Unit Delta,S01647,R02181,mid,4,3
Unit Bravo,S01648,R01744,junior,7,6
Unit Echo,S01649,R04968,junior,7,4
Unit Delta,S01650,R04440,junior,6,5
Unit Alpha,S01651,R02371,mid,6,5
Unit Delta,S01652,R00740,junior,9,5
Unit Echo,S01653,R04211,junior,13,6
Unit Echo,S01654,R01864,junior,7,3
Unit Delta,S01655,R02169,senior,7,7
Unit Echo,S01656,R00167,mid,6,2
Unit Delta,S01657,R04905,junior,7,4
Unit Echo,S01658,R02194,senior,6,6
Unit Echo,S01659,R01986,senior,3,2
Unit Bravo,S01660,R00798,junior,7,6
Unit Alpha,S01661,R04989,senior,8,8
Unit Bravo,S01662,R00458,senior,4,3
Unit Bravo,S01663,R04112,junior,6,4
Unit Echo,S01664,R00826,junior,4,3
Unit Echo,S01665,R04996,mid,6,5
Unit Delta,S01666,R00727,mid,8,6
Unit Delta,S01667,R01233,senior,7,7
Unit Alpha,S01668,R03414,senior,7,7
Unit Alpha,S01669,R02963,mid,6,6
Unit Alpha,S01670,R00957,mid,3,2
Unit Echo,S01671,R01015,junior,4,4
Unit Bravo,S01672,R04210,junior,8,5
Unit Bravo,S01673,R02931,junior,6,2
Unit Delta,S01674,R01652,junior,5,3
Unit Alpha,S01675,R01560,mid,8,7
Unit Echo,S01676,R03429,junior,3,3
Unit Bravo,S01677,R00730,mid,10,9
Unit Delta,S01678,R01813,junior,5,1
Unit Alpha,S01679,R00257,senior,7,7
Unit Delta,S01680,R04321,mid,8,6
Unit Echo,S01681,R04044,junior,3,1
Unit Bravo,S01682,R03592,mid,3,2
Unit Bravo,S01683,R00589,mid,11,7
Unit Echo,S01684,R04226,mid,12,8
Unit Alpha,S01685,R00803,senior,4,3
Unit Bravo,S01686,R04933,mid,8,4
Unit Alpha,S01687,R01519,mid,10,9
Unit Bravo,S01688,R04289,junior,2,2
Unit Delta,S01689,R00914,mid,12,10
Unit Alpha,S01690,R01911,junior,8,5
Unit Delta,S01691,R03277,mid,4,3
Unit Bravo,S01692,R03174,junior,11,4
Unit Delta,S01693,R02690,mid,8,3
Unit Bravo,S01694,R03909,junior,9,4
Unit Echo,S01695,R04157,junior,6,4
Unit Alpha,S01696,R03744,mid,4,3
Unit Echo,S01697,R03987,junior,5,4
Unit Echo,S01698,R00035,junior,4,3
Unit Bravo,S01699,R04051,senior,10,9
Unit Bravo,S01700,R02371,senior,9,7
Unit Delta,S01701,R01029,junior,6,4
Unit Echo,S01702,R01200,mid,4,1
Unit Bravo,S01703,R03941,senior,9,9
Unit Echo,S01704,R00858,mid,7,6
Unit Echo,S01705,R04714,mid,4,3
Unit Delta,S01706,R03807,junior,5,5
Unit Alpha,S01707,R01757,junior,6,4
Unit Echo,S01708,R04482,mid,7,7
Unit Echo,S01709,R01531,junior,4,4
Unit Alpha,S01710,R04717,junior,7,6
Unit Alpha,S01711,R01354,junior,9,5
Unit Delta,S01712,R00669,senior,10,7
Unit Echo,S01713,R02843,senior,9,9
Unit Bravo,S01714,R01877,junior,4,2
Unit Delta,S01715,R04410,mid,4,4
Unit Delta,S01716,R02529,junior,4,3
Unit Echo,S01717,R00333,senior,7,7
Unit Delta,S01718,R01116,senior,7,4
Unit Delta,S01719,R01400,mid,6,6
Unit Echo,S01720,R04594,junior,3,1
Unit Alpha,S01721,R04964,junior,5,2
Unit Bravo,S01722,R04759,junior,3,3
Unit Alpha,S01723,R01625,mid,4,4
Unit Alpha,S01724,R01714,junior,7,4
Unit Echo,S01725,R01604,junior,6,4
Unit Bravo,S01726,R04024,senior,6,6
Unit Echo,S01727,R03509,senior,5,5
Unit Delta,S01728,R04493,mid,9,8
Unit Echo,S01729,R00814,junior,3,0
Unit Delta,S01730,R00721,mid,5,4
Unit Bravo,S01731,R04502,senior,6,6
Unit Alpha,S01732,R02113,junior,9,6
Unit Alpha,S01733,R03151,mid,5,5
Unit Alpha,S01734,R02722,mid,5,5
Unit Alpha,S01735,R02263,junior,3,2
Unit Alpha,S01736,R02820,junior,5,3
Unit Alpha,S01737,R00648,junior,9,8
Unit Echo,S01738,R04853,junior,5,3
Unit Delta,S01739,R01624,junior,6,5
Unit Bravo,S01740,R00947,senior,6,5
Unit Echo,S01741,R01769,junior,11,6
Unit Alpha,S01742,R03997,junior,2,1
Unit Alpha,S01743,R02598,mid,5,4
Unit Alpha,S01744,R01620,mid,6,3
Unit Bravo,S01745,R01362,junior,7,6
Unit Delta,S01746,R00267,junior,6,5
Unit Alpha,S01747,R01997,senior,10,9
Unit Echo,S01748,R03598,mid,9,8
Unit Delta,S01749,R02364,junior,4,4
Unit Delta,S01750,R04793,senior,4,4
Unit Echo,S01751,R02441,mid,5,5
Unit Alpha,S01752,R01052,mid,7,5
Unit Alpha,S01753,R02517,junior,3,1
Unit Bravo,S01754,R03656,junior,5,1
Unit Delta,S01755,R04756,senior,8,7
Unit Bravo,S01756,R03061,mid,5,3
Unit Alpha,S01757,R00878,senior,6,6
Unit Bravo,S01758,R02999,junior,5,2
Unit Alpha,S01759,R03652,mid,4,3
Unit Echo,S01760,R01594,junior,7,5
Unit Alpha,S01761,R02874,junior,5,4
Unit Echo,S01762,R00638,junior,4,1
Unit Bravo,S01763,R01093,senior,2,2
Unit Alpha,S01764,R03957,junior,6,3
Unit Bravo,S01765,R03181,mid,5,5
Unit Echo,S01766,R03128,mid,2,2
Unit Bravo,S01767,R03224,senior,3,2
Unit Bravo,S01768,R03136,mid,3,3
Unit Bravo,S01769,R03931,junior,3,1
Unit Alpha,S01770,R00112,mid,4,3
Unit Delta,S01771,R01311,junior,3,1
Unit Delta,S01772,R04371,junior,6,4
Unit Delta,S01773,R00624,mid,6,4
Unit Delta,S01774,R01641,junior,4,2
Unit Alpha,S01775,R01475,mid,8,4
Unit Delta,S01776,R01485,mid,10,7
Unit Echo,S01777,R00629,mid,4,4
Unit Alpha,S01778,R04895,senior,6,5
Unit Alpha,S01779,R02078,senior,6,6
Unit Delta,S01780,R00480,junior,5,3
Unit Echo,S01781,R03903,mid,4,3
Unit Bravo,S01782,R01374,junior,8,6
Unit Echo,S01783,R04091,mid,5,3
Unit Bravo,S01784,R04092,mid,7,5
Unit Alpha,S01785,R03505,mid,5,5
Unit Delta,S01786,R02632,mid,3,3
Unit Alpha,S01787,R02685,junior,3,3
Unit Echo,S01788,R02165,senior,9,9
Unit Echo,S01789,R01492,junior,6,4
Unit Echo,S01790,R04154,mid,3,2
Unit Bravo,S01791,R04841,mid,5,4
Unit Delta,S01792,R01048,junior,4,2
Unit Echo,S01793,R02136,senior,4,4
Unit Alpha,S01794,R04375,junior,7,5
Unit Echo,S01795,R02180,junior,9,8
Unit Alpha,S01796,R02458,mid,8,7
Unit Bravo,S01797,R04601,mid,10,7
Unit Echo,S01798,R04499,mid,5,3
Unit Delta,S01799,R02835,junior,10,4
Unit Echo,S01800,R04222,mid,6,4
Unit Delta,S01801,R02501,mid,1,1
Unit Alpha,S01802,R01070,senior,8,8
Unit Bravo,S01803,R00996,mid,4,3
Unit Bravo,S01804,R03460,junior,6,3
Unit Delta,S01805,R04731,mid,8,7
Unit Delta,S01806,R02085,mid,4,4
Unit Bravo,S01807,R00109,junior,4,2
Unit Bravo,S01808,R04474,junior,2,2
Unit Alpha,S01809,R00497,mid,8,7
Unit Delta,S01810,R02022,senior,7,5
Unit Delta,S01811,R03952,senior,8,6
Unit Alpha,S01812,R00939,mid,10,6
Unit Echo,S01813,R01002,mid,6,4
Unit Bravo,S01814,R01943,mid,6,4
Unit Bravo,S01815,R00128,mid,3,2
Unit Delta,S01816,R01160,junior,11,8
Unit Echo,S01817,R02938,mid,6,5
Unit Delta,S01818,R01705,junior,6,1
Unit Alpha,S01819,R01324,junior,5,1
Unit Bravo,S01820,R00899,mid,6,6
Unit Echo,S01821,R00001,junior,5,4
Unit Echo,S01822,R02059,junior,5,0
Unit Echo,S01823,R04985,senior,8,8
Unit Echo,S01824,R03346,mid,7,5
Unit Delta,S01825,R02452,junior,7,4
Unit Bravo,S01826,R04860,junior,6,6
Unit Echo,S01827,R04612,junior,6,3
Unit Echo,S01828,R02473,senior,5,4
Unit Delta,S01829,R01033,mid,6,6
Unit Bravo,S01830,R01907,junior,6,4
Unit Alpha,S01831,R00500,mid,4,4
Unit Alpha,S01832,R01905,mid,10,8
Unit Bravo,S01833,R02297,junior,4,4
Unit Delta,S01834,R04353,mid,2,2
Unit Alpha,S01835,R00392,junior,5,5
Unit Bravo,S01836,R02142,junior,11,5
Unit Bravo,S01837,R04355,junior,5,4
Unit Alpha,S01838,R02161,junior,5,4
Unit Echo,S01839,R01520,mid,2,1
Unit Alpha,S01840,R02503,mid,7,5
Unit Alpha,S01841,R00776,mid,4,3
Unit Alpha,S01842,R00915,senior,4,4
Unit Echo,S01843,R04265,mid,4,3
Unit Bravo,S01844,R00077,senior,11,10
Unit Echo,S01845,R03574,senior,5,4
Unit Alpha,S01846,R03207,mid,4,3
Unit Bravo,S01847,R02041,mid,4,4
Unit Bravo,S01848,R04565,mid,6,4
Unit Delta,S01849,R01124,senior,5,5
Unit Alpha,S01850,R02500,junior,7,4
Unit Bravo,S01851,R04032,mid,7,5
Unit Delta,S01852,R03213,junior,7,5
Unit Delta,S01853,R00937,junior,1,1
Unit Alpha,S01854,R04549,senior,4,3
Unit Delta,S01855,R00796,mid,5,5
Unit Alpha,S01856,R01588,mid,5,2
Unit Delta,S01857,R04231,mid,2,2
Unit Alpha,S01858,R00444,junior,5,2
Unit Echo,S01859,R00792,mid,7,5
Unit Echo,S01860,R00459,mid,4,2
Unit Echo,S01861,R01406,mid,7,3
Unit Bravo,S01862,R03921,mid,8,5
Unit Alpha,S01863,R04608,junior,11,5
Unit Bravo,S01864,R00810,mid,7,6
Unit Delta,S01865,R02584,senior,6,5
Unit Bravo,S01866,R00816,mid,5,3
Unit Delta,S01867,R00274,junior,9,5
Unit Bravo,S01868,R02881,mid,6,4
Unit Delta,S01869,R03526,junior,3,2
Unit Delta,S01870,R04881,mid,10,6
Unit Delta,S01871,R03794,mid,13,10
Unit Delta,S01872,R04537,mid,7,3
Unit Alpha,S01873,R00640,senior,6,6
Unit Delta,S01874,R04081,mid,3,3
Unit Bravo,S01875,R02942,mid,4,3
Unit Delta,S01876,R01722,mid,1,1
Unit Bravo,S01877,R03764,junior,3,1
Unit Delta,S01878,R00275,junior,2,2
Unit Alpha,S01879,R04113,senior,4,4
Unit Bravo,S01880,R01528,mid,7,5
Unit Bravo,S01881,R04139,senior,7,7
Unit Alpha,S01882,R03316,mid,7,5
Unit Alpha,S01883,R04428,senior,3,2
Unit Alpha,S01884,R03021,mid,6,5
Unit Echo,S01885,R03197,mid,6,4
Unit Delta,S01886,R03307,junior,9,7
Unit Alpha,S01887,R01189,mid,3,2
Unit Delta,S01888,R00609,junior,6,2
Unit Alpha,S01889,R01763,senior,3,3
Unit Delta,S01890,R04561,junior,4,2
Unit Bravo,S01891,R04057,mid,8,8
Unit Alpha,S01892,R03758,junior,4,4
Unit Alpha,S01893,R03352,mid,4,3
Unit Echo,S01894,R04545,mid,5,3
Unit Alpha,S01895,R00879,mid,8,7
Unit Alpha,S01896,R02315,mid,7,4
Unit Echo,S01897,R03989,junior,9,6
Unit Delta,S01898,R02100,senior,11,10
Unit Alpha,S01899,R02086,mid,4,3
Unit Echo,S01900,R00432,junior,4,4
Unit Bravo,S01901,R00150,junior,4,2
Unit Echo,S01902,R03581,junior,8,6
Unit Bravo,S01903,R02052,mid,6,4
Unit Alpha,S01904,R00154,senior,4,4
Unit Bravo,S01905,R01444,senior,4,3
Unit Echo,S01906,R00836,mid,5,5
Unit Delta,S01907,R00752,senior,5,5
Unit Bravo,S01908,R03878,mid,3,3
Unit Alpha,S01909,R02006,junior,5,1
Unit Delta,S01910,R00884,senior,8,7
Unit Bravo,S01911,R01435,mid,6,4
Unit Alpha,S01912,R00003,junior,3,2
Unit Echo,S01913,R03737,mid,6,5
Unit Echo,S01914,R01284,senior,3,3
Unit Alpha,S01915,R01561,mid,3,3
Unit Echo,S01916,R03978,senior,4,4
Unit Bravo,S01917,R00368,junior,5,4
Unit Delta,S01918,R04178,junior,4,4
Unit Delta,S01919,R00525,mid,5,5
Unit Echo,S01920,R02148,mid,7,6
Unit Echo,S01921,R00157,mid,7,7
Unit Echo,S01922,R02084,mid,6,2
Unit Alpha,S01923,R04781,senior,2,2
Unit Delta,S01924,R01523,junior,3,3
Unit Bravo,S01925,R00911,junior,4,3
Unit Bravo,S01926,R04264,mid,5,2
Unit Bravo,S01927,R01914,junior,4,2
Unit Alpha,S01928,R00831,senior,5,3
Unit Alpha,S01929,R03218,senior,2,2
Unit Bravo,S01930,R02926,senior,7,7
Unit Echo,S01931,R02655,mid,7,7
Unit Alpha,S01932,R02686,mid,6,5
Unit Alpha,S01933,R01111,senior,9,9
Unit Bravo,S01934,R03132,junior,3,3
Unit Alpha,S01935,R02074,junior,4,2
Unit Echo,S01936,R01173,senior,7,4
Unit Alpha,S01937,R00782,mid,7,4
Unit Echo,S01938,R02644,mid,2,1
Unit Bravo,S01939,R01728,mid,4,2
Unit Echo,S01940,R01006,senior,7,6
Unit Echo,S01941,R02280,senior,5,5
Unit Alpha,S01942,R01563,junior,3,3
Unit Delta,S01943,R02464,mid,7,7
Unit Delta,S01944,R02827,junior,5,3
Unit Bravo,S01945,R02976,mid,4,3
Unit Alpha,S01946,R00110,junior,6,3
Unit Bravo,S01947,R02301,senior,10,10
Unit Bravo,S01948,R01833,junior,7,6
Unit Delta,S01949,R02146,junior,3,2
Unit Alpha,S01950,R02604,mid,5,2
Unit Bravo,S01951,R01779,mid,8,5
Unit Bravo,S01952,R03545,junior,5,5
Unit Bravo,S01953,R01122,mid,6,5
Unit Echo,S01954,R01909,junior,6,4
Unit Alpha,S01955,R02688,mid,6,4
Unit Echo,S01956,R01533,junior,5,2
Unit Delta,S01957,R00010,junior,5,3
Unit Bravo,S01958,R02197,junior,1,1
Unit Bravo,S01959,R03948,junior,8,4
Unit Delta,S01960,R01881,junior,10,5
Unit Bravo,S01961,R00004,junior,7,3
Unit Alpha,S01962,R03734,senior,8,7
Unit Alpha,S01963,R04303,junior,5,2
Unit Bravo,S01964,R02343,junior,7,2
Unit Delta,S01965,R03394,junior,4,0
Unit Echo,S01966,R00124,mid,12,12
Unit Alpha,S01967,R01258,junior,8,4
Unit Echo,S01968,R02372,mid,5,2
Unit Alpha,S01969,R01229,mid,7,4
Unit Echo,S01970,R04703,mid,5,5
Unit Echo,S01971,R00984,senior,4,3
Unit Delta,S01972,R02655,senior,3,3
Unit Delta,S01973,R01674,senior,8,8
Unit Alpha,S01974,R01677,senior,7,7
Unit Echo,S01975,R04774,junior,5,4
Unit Delta,S01976,R01598,mid,10,6
Unit Bravo,S01977,R02494,junior,4,1
Unit Bravo,S01978,R00969,mid,4,3
Unit Echo,S01979,R01181,senior,4,4
Unit Alpha,S01980,R04131,mid,5,4
Unit Bravo,S01981,R00714,junior,7,4
Unit Alpha,S01982,R04799,junior,9,7
Unit Echo,S01983,R02638,junior,5,5
Unit Bravo,S01984,R03794,senior,11,10
Unit Bravo,S01985,R01691,mid,4,4
Unit Bravo,S01986,R00953,mid,9,7
Unit Echo,S01987,R02990,junior,6,1
Unit Bravo,S01988,R01882,junior,9,7
Unit Bravo,S01989,R04411,junior,7,5
Unit Delta,S01990,R01505,junior,2,2
Unit Alpha,S01991,R04423,junior,2,1
Unit Echo,S01992,R02994,mid,5,4
Unit Alpha,S01993,R04500,senior,5,5
Unit Echo,S01994,R04135,senior,4,4
Unit Alpha,S01995,R01395,junior,7,5
Unit Alpha,S01996,R04339,senior,5,4
Unit Echo,S01997,R04730,senior,5,4
Unit Alpha,S01998,R01729,senior,6,6
Unit Echo,S01999,R04751,mid,6,4
Unit Alpha,S02000,R02012,mid,2,2
Unit Echo,S02001,R04824,junior,1,0
Unit Alpha,S02002,R01869,mid,10,8
Unit Bravo,S02003,R04364,senior,8,7
Unit Alpha,S02004,R02512,mid,8,7
Unit Alpha,S02005,R01137,senior,7,7
Unit Delta,S02006,R02538,junior,5,1
Unit Alpha,S02007,R00432,mid,4,3
Unit Delta,S02008,R00964,junior,9,7
Unit Echo,S02009,R02987,junior,9,3
Unit Delta,S02010,R03507,junior,8,4
Unit Alpha,S02011,R03995,mid,3,0
Unit Echo,S02012,R00731,mid,4,2
Unit Bravo,S02013,R02929,mid,5,5
Unit Echo,S02014,R03687,junior,5,4
Unit Echo,S02015,R02276,senior,7,7
Unit Echo,S02016,R02009,senior,9,8
Unit Alpha,S02017,R02661,junior,4,3
Unit Delta,S02018,R03205,mid,8,7
Unit Echo,S02019,R03046,mid,9,7
Unit Echo,S02020,R00771,senior,11,9
Unit Bravo,S02021,R02177,mid,9,7
Unit Echo,S02022,R04012,junior,2,1
Unit Delta,S02023,R01702,senior,3,3
Unit Delta,S02024,R04417,junior,9,7
Unit Echo,S02025,R02605,mid,6,2
Unit Echo,S02026,R04592,junior,6,3
Unit Alpha,S02027,R00531,senior,4,3
Unit Bravo,S02028,R02389,senior,7,6
Unit Alpha,S02029,R01702,mid,6,2
Unit Bravo,S02030,R01753,junior,4,1
Unit Echo,S02031,R00142,mid,8,5
Unit Alpha,S02032,R00117,mid,6,5
Unit Delta,S02033,R01839,mid,3,3
Unit Delta,S02034,R03625,senior,8,8
Unit Echo,S02035,R03437,mid,7,5
Unit Delta,S02036,R01536,junior,6,5
Unit Echo,S02037,R01714,mid,6,6
Unit Bravo,S02038,R01233,junior,8,7
Unit Alpha,S02039,R01533,junior,7,6
Unit Bravo,S02040,R01737,mid,3,2
Unit Alpha,S02041,R01535,junior,7,2
Unit Bravo,S02042,R00678,mid,8,7
Unit Echo,S02043,R01536,mid,2,2
Unit Delta,S02044,R00267,junior,5,5
Unit Echo,S02045,R04030,mid,5,4
Unit Alpha,S02046,R04902,senior,4,4
Unit Bravo,S02047,R02545,mid,5,3
Unit Bravo,S02048,R01411,junior,3,3
Unit Bravo,S02049,R01938,junior,5,5
Unit Bravo,S02050,R04917,senior,8,7
Unit Delta,S02051,R00226,mid,6,4
Unit Delta,S02052,R01913,mid,4,2
Unit Delta,S02053,R00501,junior,8,5
Unit Alpha,S02054,R04915,mid,4,2
Unit Alpha,S02055,R00361,mid,4,3
Unit Delta,S02056,R00598,senior,8,8
Unit Alpha,S02057,R04774,mid,8,7
Unit Echo,S02058,R04730,senior,5,4
Unit Bravo,S02059,R01900,junior,5,4
Unit Bravo,S02060,R02672,mid,3,2
Unit Echo,S02061,R00933,mid,7,7
Unit Bravo,S02062,R04047,junior,5,4
Unit Delta,S02063,R01069,mid,4,4
Unit Delta,S02064,R02858,junior,5,4
Unit Bravo,S02065,R03250,junior,5,4
Unit Delta,S02066,R00032,mid,6,5
Unit Bravo,S02067,R02989,mid,7,7
Unit Bravo,S02068,R02072,senior,6,6
Unit Delta,S02069,R03993,junior,7,7
Unit Alpha,S02070,R02348,senior,6,5
Unit Echo,S02071,R03456,senior,5,5
Unit Bravo,S02072,R04322,mid,8,7
Unit Echo,S02073,R01698,mid,9,5
Unit Alpha,S02074,R00718,mid,5,4
Unit Delta,S02075,R04721,junior,6,5
Unit Delta,S02076,R01334,junior,4,4
Unit Bravo,S02077,R02994,senior,6,6
Unit Bravo,S02078,R04507,mid,4,3
Unit Echo,S02079,R03200,senior,8,8
Unit Bravo,S02080,R02235,junior,9,4
Unit Bravo,S02081,R04756,senior,6,5
Unit Bravo,S02082,R03461,senior,6,5
Unit Bravo,S02083,R00669,senior,4,4
Unit Echo,S02084,R01994,mid,8,8
Unit Bravo,S02085,R01546,mid,5,4
Unit Echo,S02086,R00666,mid,5,3
Unit Delta,S02087,R02210,junior,9,4
Unit Delta,S02088,R02260,junior,3,2
Unit Bravo,S02089,R02179,junior,5,3
Unit Bravo,S02090,R00050,senior,5,3
Unit Bravo,S02091,R02560,junior,4,3
Unit Alpha,S02092,R02367,junior,4,1
Unit Echo,S02093,R01199,mid,5,5
Unit Bravo,S02094,R04664,junior,8,2
Unit Bravo,S02095,R01946,mid,4,3
Unit Bravo,S02096,R01943,junior,13,7
Unit Delta,S02097,R02713,mid,3,2
Unit Bravo,S02098,R03672,junior,2,1
Unit Bravo,S02099,R02564,mid,4,4
Unit Delta,S02100,R02634,senior,4,4
Unit Alpha,S02101,R00999,senior,4,3
Unit Echo,S02102,R01259,mid,9,8
Unit Delta,S02103,R00892,mid,4,2
Unit Bravo,S02104,R04900,mid,8,7
Unit Echo,S02105,R01711,junior,7,5
Unit Delta,S02106,R01448,junior,6,2
Unit Bravo,S02107,R00055,junior,8,5
Unit Alpha,S02108,R00625,mid,4,4
Unit Alpha,S02109,R01098,junior,6,6
Unit Delta,S02110,R03229,junior,4,1
Unit Bravo,S02111,R01851,mid,3,2
Unit Echo,S02112,R04662,mid,2,1
Unit Bravo,S02113,R03562,senior,5,4
Unit Alpha,S02114,R01275,senior,6,6
Unit Alpha,S02115,R02788,junior,3,1
Unit Echo,S02116,R02105,mid,5,4
Unit Alpha,S02117,R02980,junior,10,6
Unit Alpha,S02118,R01937,mid,7,5
Unit Echo,S02119,R03574,mid,8,7
Unit Alpha,S02120,R04763,mid,5,4
Unit Delta,S02121,R02447,junior,7,2
Unit Echo,S02122,R02056,mid,7,6
Unit Delta,S02123,R03571,junior,4,2
Unit Bravo,S02124,R02331,mid,7,5
Unit Bravo,S02125,R04558,mid,6,4
Unit Echo,S02126,R04582,mid,9,6
Unit Echo,S02127,R03501,junior,10,5
Unit Delta,S02128,R00243,junior,8,5
Unit Alpha,S02129,R01577,mid,5,3
Unit Delta,S02130,R02839,senior,6,4
Unit Delta,S02131,R03858,mid,4,4
Unit Bravo,S02132,R01593,mid,4,3
Unit Bravo,S02133,R03888,junior,4,4
Unit Echo,S02134,R00100,mid,5,4
Unit Echo,S02135,R02368,mid,6,2
Unit Echo,S02136,R03702,junior,3,2
Unit Delta,S02137,R04931,junior,3,3
Unit Delta,S02138,R00179,junior,2,2
Unit Delta,S02139,R04248,senior,9,7
Unit Delta,S02140,R00354,junior,8,4
Unit Bravo,S02141,R01838,mid,7,6
Unit Alpha,S02142,R04866,junior,9,4
Unit Delta,S02143,R04478,junior,5,4
Unit Alpha,S02144,R00398,senior,13,12
Unit Bravo,S02145,R02311,junior,2,1
Unit Echo,S02146,R01254,mid,4,4
Unit Bravo,S02147,R03603,junior,6,3
Unit Alpha,S02148,R04418,mid,8,4
Unit Echo,S02149,R00500,junior,3,1
Unit Echo,S02150,R01214,junior,4,4
Unit Echo,S02151,R03101,junior,5,1
Unit Alpha,S02152,R00107,junior,3,2
Unit Alpha,S02153,R01927,mid,5,3
Unit Delta,S02154,R01679,senior,5,5
Unit Delta,S02155,R04855,junior,7,5
Unit Echo,S02156,R03829,mid,4,4
Unit Bravo,S02157,R04827,mid,5,2
Unit Alpha,S02158,R01681,junior,13,8
Unit Alpha,S02159,R03021,junior,3,0
Unit Bravo,S02160,R04819,mid,5,3
Unit Bravo,S02161,R03010,junior,9,6
Unit Delta,S02162,R00608,senior,2,2
Unit Bravo,S02163,R03702,senior,11,11
Unit Delta,S02164,R00244,mid,6,5
Unit Alpha,S02165,R03424,junior,9,7
Unit Delta,S02166,R03540,junior,8,5
Unit Echo,S02167,R01494,junior,7,3
Unit Bravo,S02168,R02025,mid,5,3
Unit Echo,S02169,R01328,mid,7,5
Unit Alpha,S02170,R01100,mid,7,6
Unit Bravo,S02171,R02505,senior,4,3
Unit Delta,S02172,R01160,mid,6,4
Unit Bravo,S02173,R03154,mid,5,4
Unit Alpha,S02174,R00221,mid,3,1
Unit Bravo,S02175,R00397,junior,10,9
Unit Alpha,S02176,R04568,mid,4,4
Unit Echo,S02177,R03709,mid,4,3
Unit Alpha,S02178,R01099,junior,4,4
Unit Delta,S02179,R04171,junior,6,3
Unit Delta,S02180,R03932,mid,9,7
Unit Delta,S02181,R04654,mid,3,2
Unit Alpha,S02182,R03255,junior,7,4
Unit Delta,S02183,R02698,senior,6,4
Unit Alpha,S02184,R02330,senior,9,8
Unit Alpha,S02185,R03590,junior,5,0
Unit Echo,S02186,R01971,junior,3,1
Unit Echo,S02187,R02037,junior,5,2
Unit Alpha,S02188,R03646,mid,6,4
Unit Bravo,S02189,R03152,mid,5,3
Unit Echo,S02190,R00411,senior,7,5
Unit Delta,S02191,R02157,junior,6,3
Unit Alpha,S02192,R03930,senior,6,6
Unit Bravo,S02193,R00251,senior,6,4
Unit Echo,S02194,R04050,mid,6,5
Unit Echo,S02195,R03228,mid,9,6
Unit Alpha,S02196,R04737,mid,5,4
Unit Bravo,S02197,R03133,mid,6,4
Unit Alpha,S02198,R02787,mid,11,10
Unit Alpha,S02199,R02518,mid,5,5
Unit Alpha,S02200,R03196,junior,2,1
Unit Alpha,S02201,R03486,mid,4,2
Unit Alpha,S02202,R04605,junior,8,6
Unit Bravo,S02203,R01030,junior,4,3
Unit Bravo,S02204,R04203,senior,8,8
Unit Echo,S02205,R02471,senior,4,4
Unit Alpha,S02206,R03609,junior,5,2
Unit Delta,S02207,R02797,mid,8,6
Unit Bravo,S02208,R04046,junior,4,1
Unit Delta,S02209,R02496,mid,4,3
Unit Echo,S02210,R01779,junior,7,5
Unit Echo,S02211,R01852,mid,9,7
Unit Delta,S02212,R04203,senior,10,9
Unit Delta,S02213,R01381,junior,8,4
Unit Delta,S02214,R00897,junior,9,6
Unit Delta,S02215,R02272,mid,5,5
Unit Delta,S02216,R01084,senior,10,10
Unit Echo,S02217,R04701,mid,5,2
Unit Alpha,S02218,R03632,senior,2,1
Unit Echo,S02219,R03853,senior,2,2
Unit Bravo,S02220,R01520,mid,7,4
Unit Bravo,S02221,R03206,junior,4,3
Unit Alpha,S02222,R04586,junior,7,4
Unit Bravo,S02223,R04145,mid,3,3
Unit Delta,S02224,R00503,junior,4,1
Unit Delta,S02225,R04018,mid,5,2
Unit Alpha,S02226,R01329,junior,6,3
Unit Bravo,S02227,R02599,mid,5,4
Unit Bravo,S02228,R03131,junior,7,2
Unit Echo,S02229,R03885,senior,9,7
Unit Bravo,S02230,R04723,mid,4,3
Unit Echo,S02231,R01401,mid,2,2
Unit Bravo,S02232,R04773,junior,4,3
Unit Delta,S02233,R02297,junior,3,3
Unit Echo,S02234,R04669,junior,6,2
Unit Bravo,S02235,R01124,junior,7,4
Unit Bravo,S02236,R01282,mid,6,3
Unit Bravo,S02237,R02383,mid,3,3
Unit Echo,S02238,R04257,senior,7,6
Unit Echo,S02239,R00583,mid,8,7
Unit Delta,S02240,R02081,junior,3,0
Unit Alpha,S02241,R01853,mid,4,4
Unit Bravo,S02242,R04715,mid,7,6
Unit Alpha,S02243,R03038,mid,4,3
Unit Bravo,S02244,R00478,senior,4,4
Unit Delta,S02245,R03549,junior,8,5
Unit Echo,S02246,R02347,junior,5,3
Unit Alpha,S02247,R04250,mid,7,4
Unit Delta,S02248,R01882,mid,5,3
Unit Echo,S02249,R02902,senior,6,5
Unit Bravo,S02250,R04223,mid,4,3
Unit Echo,S02251,R02039,mid,8,6
Unit Delta,S02252,R03813,senior,6,5
Unit Alpha,S02253,R01102,junior,4,2
Unit Echo,S02254,R03234,mid,7,7
Unit Alpha,S02255,R02846,senior,3,3
Unit Bravo,S02256,R04482,mid,3,3
Unit Echo,S02257,R02170,senior,6,5
Unit Echo,S02258,R00593,senior,6,4
Unit Echo,S02259,R01205,mid,10,6
Unit Bravo,S02260,R03984,junior,6,3
Unit Delta,S02261,R01785,junior,4,1
Unit Alpha,S02262,R01560,mid,4,2
Unit Bravo,S02263,R03640,senior,6,6
Unit Delta,S02264,R03337,junior,3,1
Unit Alpha,S02265,R01468,mid,6,4
Unit Delta,S02266,R00725,junior,9,3
Unit Delta,S02267,R01209,junior,5,3
Unit Delta,S02268,R02033,junior,5,2
Unit Alpha,S02269,R04262,mid,7,4
Unit Echo,S02270,R01455,mid,4,3
Unit Echo,S02271,R00275,mid,4,3
Unit Alpha,S02272,R02266,junior,4,3
Unit Echo,S02273,R01425,junior,6,6
Unit Delta,S02274,R01220,junior,9,5
Unit Alpha,S02275,R03554,mid,5,2
Unit Delta,S02276,R03515,senior,7,5
Unit Bravo,S02277,R03370,junior,5,3
Unit Echo,S02278,R03392,junior,3,2
Unit Alpha,S02279,R03433,senior,6,5
Unit Delta,S02280,R04812,mid,6,6
Unit Alpha,S02281,R00773,junior,7,5
Unit Delta,S02282,R00735,junior,6,4
Unit Alpha,S02283,R03539,senior,6,5
Unit Delta,S02284,R02083,senior,8,6
Unit Echo,S02285,R01717,mid,4,4
Unit Echo,S02286,R02469,senior,6,6
Unit Echo,S02287,R01506,junior,7,3
Unit Echo,S02288,R04968,senior,11,10
Unit Alpha,S02289,R03200,junior,5,2
Unit Delta,S02290,R00806,junior,6,3
Unit Delta,S02291,R04371,mid,5,4
Unit Bravo,S02292,R04513,mid,6,5
Unit Delta,S02293,R02566,junior,7,4
Unit Bravo,S02294,R01996,junior,5,3
Unit Bravo,S02295,R01152,mid,3,2
Unit Echo,S02296,R04757,senior,2,2
Unit Bravo,S02297,R01408,mid,8,5
Unit Echo,S02298,R02969,junior,9,5
Unit Delta,S02299,R00569,junior,9,3
Unit Echo,S02300,R00304,junior,7,6
Unit Bravo,S02301,R02950,mid,4,3
Unit Delta,S02302,R00942,mid,6,3
Unit Alpha,S02303,R02096,senior,9,8
Unit Delta,S02304,R01616,mid,5,4
Unit Bravo,S02305,R04675,senior,5,4
Unit Echo,S02306,R01259,junior,10,8
Unit Bravo,S02307,R02741,mid,3,2
Unit Bravo,S02308,R03064,junior,3,1
Unit Echo,S02309,R03899,mid,6,5
Unit Alpha,S02310,R02085,senior,9,6
Unit Alpha,S02311,R02398,junior,6,3
Unit Echo,S02312,R03137,mid,6,6
Unit Delta,S02313,R02746,senior,4,3
Unit Echo,S02314,R03254,mid,10,9
Unit Bravo,S02315,R03584,mid,7,4
Unit Delta,S02316,R03309,mid,5,5
Unit Echo,S02317,R03236,senior,6,6
Unit Echo,S02318,R02716,junior,7,4
Unit Alpha,S02319,R01603,mid,8,7
Unit Echo,S02320,R00894,senior,5,5
Unit Delta,S02321,R00912,mid,8,7
Unit Bravo,S02322,R04543,senior,10,8
Unit Delta,S02323,R02988,senior,2,2
Unit Delta,S02324,R00672,junior,6,4
Unit Alpha,S02325,R03428,mid,9,4
Unit Echo,S02326,R02378,senior,7,6
Unit Delta,S02327,R04943,mid,8,6
Unit Bravo,S02328,R04238,mid,5,4
Unit Delta,S02329,R00056,junior,5,3
Unit Echo,S02330,R04014,mid,9,6
Unit Delta,S02331,R01302,mid,3,1
Unit Bravo,S02332,R00671,junior,5,3
Unit Alpha,S02333,R03753,mid,8,5
Unit Delta,S02334,R01921,mid,5,3
Unit Delta,S02335,R03423,junior,7,2
Unit Alpha,S02336,R01992,junior,9,5
Unit Echo,S02337,R04915,mid,5,3
Unit Bravo,S02338,R01994,junior,5,1
Unit Delta,S02339,R03797,mid,3,3
Unit Bravo,S02340,R01570,mid,1,1
Unit Bravo,S02341,R00690,mid,5,4
Unit Echo,S02342,R03195,mid,3,1
Unit Delta,S02343,R01667,mid,4,4
Unit Alpha,S02344,R03429,senior,4,4
Unit Alpha,S02345,R02957,junior,4,3
Unit Echo,S02346,R02786,mid,6,5
Unit Alpha,S02347,R02332,junior,5,2
Unit Delta,S02348,R02071,senior,5,5
Unit Delta,S02349,R00375,mid,6,6
Unit Echo,S02350,R04800,mid,4,3
Unit Bravo,S02351,R02780,junior,6,4
Unit Bravo,S02352,R04589,mid,5,4
Unit Alpha,S02353,R03822,junior,5,2
Unit Echo,S02354,R03486,junior,4,2
Unit Alpha,S02355,R02063,junior,4,4
Unit Delta,S02356,R04426,senior,6,6
Unit Delta,S02357,R00579,junior,9,6
Unit Echo,S02358,R01889,junior,5,5
Unit Bravo,S02359,R03252,senior,11,10
Unit Echo,S02360,R02018,junior,9,4
Unit Echo,S02361,R03018,mid,4,2
Unit Bravo,S02362,R02437,mid,3,2
Unit Delta,S02363,R02017,senior,7,5
Unit Echo,S02364,R02576,mid,5,3
Unit Bravo,S02365,R04836,mid,6,4
Unit Echo,S02366,R01631,junior,9,5
Unit Bravo,S02367,R01791,junior,5,2
Unit Echo,S02368,R04295,mid,7,7
Unit Alpha,S02369,R02161,junior,7,4
Unit Bravo,S02370,R03325,senior,7,6
Unit Echo,S02371,R01535,mid,10,5
Unit Echo,S02372,R01749,junior,5,4
Unit Alpha,S02373,R01599,mid,7,3
Unit Alpha,S02374,R02724,junior,10,6
Unit Echo,S02375,R00025,mid,2,1
Unit Alpha,S02376,R00069,mid,6,5
Unit Alpha,S02377,R00157,senior,6,5
Unit Alpha,S02378,R04412,senior,6,6
Unit Delta,S02379,R03154,senior,3,3
Unit Delta,S02380,R01850,mid,7,3
Unit Echo,S02381,R03879,mid,10,8
Unit Echo,S02382,R01389,junior,8,8
Unit Echo,S02383,R00808,junior,4,2
Unit Alpha,S02384,R02082,mid,6,5
Unit Bravo,S02385,R01165,senior,6,5
Unit Bravo,S02386,R03538,junior,4,2
Unit Bravo,S02387,R04114,junior,6,5
Unit Echo,S02388,R04386,mid,4,3
Unit Echo,S02389,R04672,junior,6,6
Unit Alpha,S02390,R01787,mid,8,7
Unit Delta,S02391,R04964,junior,9,6
Unit Alpha,S02392,R01550,senior,4,3
Unit Echo,S02393,R03926,junior,7,3
Unit Alpha,S02394,R02620,junior,4,3
Unit Echo,S02395,R01389,mid,6,5
Unit Bravo,S02396,R02167,senior,8,7
Unit Alpha,S02397,R04756,junior,4,1
Unit Echo,S02398,R04962,junior,4,3
Unit Bravo,S02399,R03144,junior,8,5
Unit Alpha,S02400,R04092,junior,9,5
Unit Delta,S02401,R03063,junior,2,2
Unit Alpha,S02402,R03978,senior,5,5
Unit Bravo,S02403,R04078,junior,4,3
Unit Delta,S02404,R01842,senior,5,4
Unit Bravo,S02405,R02051,junior,4,3
Unit Bravo,S02406,R02173,senior,9,9
Unit Echo,S02407,R00798,junior,5,3
Unit Echo,S02408,R00336,mid,8,7
Unit Delta,S02409,R04688,mid,11,9
Unit Bravo,S02410,R03317,junior,3,3
Unit Delta,S02411,R04370,junior,6,3
Unit Alpha,S02412,R03382,mid,2,0
Unit Echo,S02413,R03479,junior,5,3
Unit Bravo,S02414,R01500,junior,9,6
Unit Echo,S02415,R01305,junior,7,6
Unit Alpha,S02416,R02129,mid,8,5
Unit Bravo,S02417,R01493,mid,7,6
Unit Delta,S02418,R01322,junior,10,5
Unit Alpha,S02419,R02765,junior,7,4
Unit Alpha,S02420,R00481,mid,8,7
Unit Echo,S02421,R00029,junior,7,6
Unit Bravo,S02422,R03221,mid,6,5
Unit Echo,S02423,R02808,junior,4,3
Unit Bravo,S02424,R01031,junior,5,4
Unit Delta,S02425,R01473,senior,4,4
Unit Delta,S02426,R00875,junior,8,5
Unit Bravo,S02427,R01334,mid,5,4
Unit Delta,S02428,R02022,mid,8,5
Unit Echo,S02429,R01336,mid,5,4
Unit Delta,S02430,R04887,junior,8,5
Unit Echo,S02431,R03364,mid,5,3
Unit Delta,S02432,R04172,junior,5,2
Unit Delta,S02433,R04489,mid,7,3
Unit Echo,S02434,R04575,junior,11,3
Unit Alpha,S02435,R01295,senior,5,3
Unit Delta,S02436,R03701,junior,10,6
Unit Delta,S02437,R04310,mid,9,8
Unit Delta,S02438,R02180,mid,6,4
Unit Alpha,S02439,R01400,senior,9,8
Unit Delta,S02440,R04087,mid,5,4
Unit Bravo,S02441,R01008,mid,9,6
Unit Delta,S02442,R01837,mid,6,3
Unit Alpha,S02443,R03523,mid,5,5
Unit Echo,S02444,R03296,mid,9,7
Unit Bravo,S02445,R01362,mid,8,5
Unit Echo,S02446,R03579,senior,9,7
Unit Echo,S02447,R03091,junior,6,4
Unit Delta,S02448,R00480,junior,5,3
Unit Alpha,S02449,R00748,junior,6,3
Unit Bravo,S02450,R04512,senior,9,9
Unit Echo,S02451,R01524,senior,6,6
Unit Echo,S02452,R01163,mid,7,4
Unit Delta,S02453,R02432,junior,5,4
Unit Alpha,S02454,R04534,junior,8,6
Unit Alpha,S02455,R03780,senior,6,6
Unit Alpha,S02456,R00808,junior,2,0
Unit Bravo,S02457,R01058,mid,7,5
Unit Delta,S02458,R02446,junior,7,4
Unit Bravo,S02459,R01161,junior,7,5
Unit Delta,S02460,R03649,senior,3,2
Unit Alpha,S02461,R02041,senior,8,7
Unit Echo,S02462,R04932,junior,7,4
Unit Echo,S02463,R03828,mid,4,4
Unit Alpha,S02464,R04461,senior,3,3
Unit Alpha,S02465,R03882,mid,6,6
Unit Echo,S02466,R03252,junior,11,5
Unit Delta,S02467,R01464,junior,7,4
Unit Delta,S02468,R03148,junior,5,2
Unit Alpha,S02469,R00397,junior,4,1
Unit Bravo,S02470,R01751,mid,5,5
Unit Alpha,S02471,R03405,mid,6,5
Unit Delta,S02472,R00081,senior,8,6
Unit Delta,S02473,R04035,junior,10,5
Unit Echo,S02474,R00538,junior,7,4
Unit Alpha,S02475,R01382,junior,7,3
Unit Bravo,S02476,R01450,senior,8,5
Unit Bravo,S02477,R02123,junior,5,2
Unit Bravo,S02478,R03592,senior,7,7
Unit Delta,S02479,R00117,mid,7,7
Unit Echo,S02480,R02109,mid,4,3
Unit Alpha,S02481,R03667,mid,9,7
Unit Bravo,S02482,R03001,junior,3,2
Unit Delta,S02483,R04806,senior,5,5
Unit Bravo,S02484,R02023,junior,9,6
Unit Delta,S02485,R03256,mid,12,11
Unit Bravo,S02486,R01202,junior,6,5
Unit Bravo,S02487,R02897,junior,8,5
Unit Delta,S02488,R01948,senior,8,8
Unit Delta,S02489,R01961,junior,2,1
Unit Echo,S02490,R02628,mid,9,9
Unit Bravo,S02491,R01927,mid,6,5
Unit Alpha,S02492,R01843,mid,5,4
Unit Alpha,S02493,R04663,junior,7,3
Unit Bravo,S02494,R03684,junior,8,5
Unit Delta,S02495,R01070,junior,6,4
Unit Delta,S02496,R03411,senior,5,4
Unit Echo,S02497,R02038,junior,5,4
Unit Bravo,S02498,R02505,mid,9,7
Unit Echo,S02499,R02485,mid,6,4
Unit Delta,S02500,R01311,mid,4,3
Unit Delta,S02501,R02613,junior,7,5
Unit Bravo,S02502,R00460,senior,6,6
Unit Delta,S02503,R01647,senior,2,2
Unit Delta,S02504,R03419,senior,5,5
Unit Bravo,S02505,R02925,junior,4,3
Unit Alpha,S02506,R03344,senior,8,8
Unit Bravo,S02507,R03508,junior,8,6
Unit Echo,S02508,R00412,junior,6,5
Unit Alpha,S02509,R03077,junior,7,6
Unit Bravo,S02510,R04757,junior,6,4
Unit Bravo,S02511,R04174,junior,3,3
Unit Delta,S02512,R00822,mid,3,3
Unit Alpha,S02513,R03936,junior,1,0
Unit Bravo,S02514,R04773,mid,5,4
Unit Bravo,S02515,R04645,junior,10,5
Unit Delta,S02516,R01388,mid,4,3
Unit Alpha,S02517,R04464,junior,7,4
Unit Alpha,S02518,R01122,junior,7,6
Unit Delta,S02519,R02891,senior,6,6
Unit Alpha,S02520,R00333,mid,5,3
Unit Bravo,S02521,R03170,mid,3,3
Unit Alpha,S02522,R03196,mid,5,5
Unit Echo,S02523,R02867,junior,4,3
Unit Echo,S02524,R04775,mid,6,6
Unit Alpha,S02525,R00447,mid,9,7
Unit Bravo,S02526,R02705,mid,2,1
Unit Bravo,S02527,R01759,junior,5,2
Unit Bravo,S02528,R02785,mid,8,7
Unit Delta,S02529,R01397,mid,6,4
Unit Alpha,S02530,R02031,junior,2,1
Unit Echo,S02531,R00692,senior,10,8
Unit Delta,S02532,R03982,mid,10,7
Unit Alpha,S02533,R00311,junior,3,3
Unit Delta,S02534,R04343,senior,3,2
Unit Echo,S02535,R04425,mid,11,8
Unit Alpha,S02536,R02111,junior,6,2
Unit Echo,S02537,R02621,junior,7,3
Unit Delta,S02538,R04034,mid,6,5
Unit Bravo,S02539,R04175,junior,6,2
Unit Alpha,S02540,R00317,junior,2,1
Unit Echo,S02541,R00968,junior,7,5
Unit Alpha,S02542,R02144,senior,9,7
Unit Echo,S02543,R01169,mid,6,5
Unit Echo,S02544,R01647,mid,11,11
Unit Delta,S02545,R03938,senior,3,3
Unit Delta,S02546,R00282,mid,4,4
Unit Alpha,S02547,R02931,junior,2,2
Unit Bravo,S02548,R04306,junior,7,3
Unit Alpha,S02549,R00856,senior,5,5
Unit Alpha,S02550,R03052,junior,3,1
Unit Echo,S02551,R00954,junior,5,5
Unit Echo,S02552,R03380,junior,8,4
Unit Echo,S02553,R00543,mid,7,5
Unit Bravo,S02554,R03988,junior,7,4
Unit Echo,S02555,R04955,junior,7,3
Unit Delta,S02556,R04430,mid,5,4
Unit Echo,S02557,R03128,mid,4,3
Unit Delta,S02558,R00639,senior,12,10
Unit Alpha,S02559,R03471,mid,7,4
Unit Bravo,S02560,R01960,mid,9,8
Unit Delta,S02561,R03681,senior,7,7
Unit Bravo,S02562,R02037,mid,8,4
Unit Delta,S02563,R03635,mid,7,5
Unit Echo,S02564,R02407,junior,5,4
Unit Bravo,S02565,R00297,mid,5,5
Unit Bravo,S02566,R02906,mid,5,4
Unit Alpha,S02567,R01528,senior,4,4
Unit Echo,S02568,R03648,mid,2,1
Unit Echo,S02569,R00700,junior,6,5
Unit Alpha,S02570,R01890,senior,6,4
Unit Delta,S02571,R04933,senior,5,3
Unit Bravo,S02572,R00953,junior,6,3
Unit Bravo,S02573,R04620,mid,7,6
Unit Bravo,S02574,R04948,junior,7,4
Unit Bravo,S02575,R03749,mid,6,6
Unit Echo,S02576,R02638,mid,4,4
Unit Bravo,S02577,R02528,senior,4,3
Unit Echo,S02578,R03902,senior,2,2
Unit Alpha,S02579,R01000,mid,6,4
Unit Alpha,S02580,R02165,senior,6,6
Unit Delta,S02581,R00557,junior,7,2
Unit Bravo,S02582,R04913,senior,5,3
Unit Delta,S02583,R03410,mid,3,2
Unit Echo,S02584,R01207,junior,6,4
Unit Echo,S02585,R03183,mid,7,4
Unit Bravo,S02586,R01911,senior,9,9
Unit Echo,S02587,R02340,mid,3,3
Unit Bravo,S02588,R02193,mid,9,7
Unit Delta,S02589,R02256,junior,7,3
Unit Delta,S02590,R04839,senior,8,7
Unit Alpha,S02591,R02147,senior,6,6
Unit Alpha,S02592,R00460,senior,8,5
Unit Echo,S02593,R02079,senior,5,5
Unit Delta,S02594,R03933,mid,8,5
Unit Bravo,S02595,R01298,junior,4,2
Unit Delta,S02596,R02294,mid,5,3
Unit Delta,S02597,R00995,junior,11,9
Unit Echo,S02598,R04200,mid,2,1
Unit Bravo,S02599,R03761,senior,6,5
Unit Delta,S02600,R02689,junior,4,1
Unit Bravo,S02601,R03247,senior,5,5
Unit Bravo,S02602,R00030,junior,3,2
Unit Alpha,S02603,R04399,mid,4,2
Unit Delta,S02604,R01925,junior,5,5
Unit Echo,S02605,R04755,mid,4,3
Unit Alpha,S02606,R01917,junior,7,6
Unit Echo,S02607,R03859,senior,7,6
Unit Echo,S02608,R02761,senior,6,5
Unit Alpha,S02609,R02169,mid,8,4
Unit Echo,S02610,R01744,mid,2,2
Unit Delta,S02611,R00369,junior,6,6
Unit Delta,S02612,R00727,mid,7,5
Unit Echo,S02613,R03698,mid,8,6
Unit Alpha,S02614,R03408,junior,8,3
Unit Bravo,S02615,R01100,junior,3,3
Unit Alpha,S02616,R00552,junior,6,2
Unit Delta,S02617,R02453,mid,9,7
Unit Bravo,S02618,R03704,mid,6,3
Unit Delta,S02619,R01254,mid,5,5
Unit Delta,S02620,R03324,mid,8,7
Unit Alpha,S02621,R01893,junior,7,3
Unit Bravo,S02622,R00545,mid,7,6
Unit Echo,S02623,R02078,mid,8,6
Unit Delta,S02624,R03451,senior,5,4
Unit Echo,S02625,R02574,junior,3,3
Unit Delta,S02626,R01882,junior,3,1
Unit Bravo,S02627,R04334,mid,4,4
Unit Alpha,S02628,R02188,mid,7,4
Unit Bravo,S02629,R03746,junior,11,4
Unit Bravo,S02630,R04539,junior,4,3
Unit Delta,S02631,R04064,junior,4,1
Unit Echo,S02632,R00721,junior,7,1
Unit Alpha,S02633,R00476,junior,9,4
Unit Bravo,S02634,R04870,junior,7,5
Unit Bravo,S02635,R04959,senior,5,5
Unit Alpha,S02636,R03547,junior,3,2
Unit Bravo,S02637,R03646,junior,6,6
Unit Alpha,S02638,R04443,junior,2,1
Unit Echo,S02639,R03640,senior,5,4
Unit Delta,S02640,R03876,senior,7,6
Unit Bravo,S02641,R03319,mid,9,5
Unit Bravo,S02642,R04150,junior,3,1
Unit Delta,S02643,R01917,mid,9,6
Unit Bravo,S02644,R00339,junior,5,3
Unit Bravo,S02645,R04025,senior,6,6
Unit Echo,S02646,R04952,mid,6,5
Unit Delta,S02647,R02066,mid,7,4
Unit Delta,S02648,R01333,senior,7,7
Unit Echo,S02649,R02782,senior,9,8
Unit Delta,S02650,R02915,senior,10,9
Unit Bravo,S02651,R03030,senior,6,6
Unit Bravo,S02652,R02832,junior,7,6
Unit Delta,S02653,R02888,senior,5,5
Unit Bravo,S02654,R03285,mid,5,5
Unit Echo,S02655,R00371,junior,5,4
Unit Alpha,S02656,R03288,mid,6,5
Unit Alpha,S02657,R01058,senior,5,5
Unit Echo,S02658,R00318,mid,2,2
Unit Alpha,S02659,R02762,mid,7,5
Unit Echo,S02660,R00014,senior,11,9
Unit Alpha,S02661,R00156,senior,12,9
Unit Delta,S02662,R03132,junior,4,3
Unit Delta,S02663,R02538,mid,2,2
Unit Echo,S02664,R00112,senior,7,7
Unit Alpha,S02665,R02990,mid,8,7
Unit Alpha,S02666,R03147,junior,8,5
Unit Alpha,S02667,R02617,junior,6,3
Unit Echo,S02668,R03880,junior,5,3
Unit Echo,S02669,R04569,senior,6,5
Unit Delta,S02670,R00614,junior,6,4
Unit Echo,S02671,R04020,mid,11,9
Unit Bravo,S02672,R00673,junior,5,3
Unit Alpha,S02673,R04668,mid,5,3
Unit Delta,S02674,R00238,senior,5,4
Unit Alpha,S02675,R02062,senior,11,10
Unit Echo,S02676,R01676,junior,4,2
Unit Alpha,S02677,R04607,senior,6,4
Unit Alpha,S02678,R00668,senior,7,7
Unit Alpha,S02679,R00917,junior,6,1
Unit Bravo,S02680,R03097,junior,7,5
Unit Alpha,S02681,R02283,mid,6,3
Unit Delta,S02682,R01831,senior,7,6
Unit Echo,S02683,R04992,junior,6,3
Unit Bravo,S02684,R00699,mid,5,3
Unit Alpha,S02685,R04375,senior,9,9
Unit Bravo,S02686,R04831,mid,1,1
Unit Bravo,S02687,R01544,mid,4,4
Unit Bravo,S02688,R03627,junior,6,4
Unit Delta,S02689,R04569,junior,13,9
Unit Echo,S02690,R01407,junior,5,1
Unit Delta,S02691,R02610,mid,3,3
Unit Bravo,S02692,R04980,junior,5,3
Unit Alpha,S02693,R04956,mid,9,6
Unit Bravo,S02694,R01042,junior,4,2
Unit Bravo,S02695,R00677,junior,5,4
Unit Bravo,S02696,R02394,junior,11,7
Unit Delta,S02697,R04482,junior,2,0
Unit Bravo,S02698,R00322,senior,5,4
Unit Echo,S02699,R01919,senior,3,2
Unit Alpha,S02700,R00919,junior,7,4
Unit Alpha,S02701,R03253,senior,5,5
Unit Alpha,S02702,R00306,senior,4,4
Unit Echo,S02703,R00764,junior,4,0
Unit Delta,S02704,R01790,mid,5,5
Unit Delta,S02705,R01752,junior,8,2
Unit Alpha,S02706,R03188,mid,5,2
Unit Echo,S02707,R04850,mid,9,8
Unit Delta,S02708,R02212,mid,11,8
Unit Bravo,S02709,R04749,junior,4,2
Unit Bravo,S02710,R02884,junior,7,3
Unit Alpha,S02711,R03300,junior,13,10
Unit Echo,S02712,R03682,mid,10,8
Unit Echo,S02713,R03074,mid,6,5
Unit Bravo,S02714,R04894,junior,8,6
Unit Delta,S02715,R01668,mid,3,2
Unit Alpha,S02716,R03557,senior,10,9
Unit Alpha,S02717,R02035,junior,11,6
Unit Alpha,S02718,R04382,senior,9,6
Unit Echo,S02719,R04644,junior,11,10
Unit Alpha,S02720,R01370,junior,8,4
Unit Echo,S02721,R00797,junior,4,2
Unit Delta,S02722,R00788,mid,8,7
Unit Alpha,S02723,R04110,senior,6,6
Unit Alpha,S02724,R01645,mid,5,4
Unit Bravo,S02725,R02424,junior,4,2
Unit Bravo,S02726,R02491,junior,5,3
Unit Alpha,S02727,R01290,junior,6,2
Unit Alpha,S02728,R02097,senior,6,6
Unit Bravo,S02729,R02496,junior,6,5
Unit Bravo,S02730,R02583,mid,8,8
Unit Delta,S02731,R03985,junior,7,2
Unit Alpha,S02732,R02948,mid,7,5
Unit Delta,S02733,R01018,mid,9,6
Unit Echo,S02734,R01535,mid,6,6
Unit Delta,S02735,R00877,junior,6,4
Unit Delta,S02736,R00071,mid,6,4
Unit Alpha,S02737,R00324,mid,3,3
Unit Bravo,S02738,R01936,senior,8,8
Unit Delta,S02739,R00436,junior,8,5
Unit Bravo,S02740,R04993,junior,9,6
Unit Delta,S02741,R02742,mid,6,6
Unit Alpha,S02742,R00753,junior,5,3
Unit Bravo,S02743,R01580,junior,6,2
Unit Echo,S02744,R00732,mid,11,11
Unit Echo,S02745,R02008,senior,8,7
Unit Delta,S02746,R03693,junior,5,3
Unit Delta,S02747,R04225,junior,4,2
Unit Alpha,S02748,R00975,mid,3,2
Unit Delta,S02749,R02301,mid,3,2
Unit Alpha,S02750,R02178,junior,12,5
Unit Echo,S02751,R00559,junior,5,3
Unit Alpha,S02752,R03813,mid,7,6
Unit Bravo,S02753,R03971,junior,5,2
Unit Bravo,S02754,R04264,junior,6,2
Unit Bravo,S02755,R04788,mid,9,6
Unit Bravo,S02756,R00126,mid,6,5
Unit Alpha,S02757,R04825,junior,10,5
Unit Alpha,S02758,R02030,senior,5,4
Unit Alpha,S02759,R01252,senior,7,7
Unit Delta,S02760,R01417,senior,8,8
Unit Alpha,S02761,R01645,senior,11,10
Unit Delta,S02762,R00572,mid,5,4
Unit Delta,S02763,R01451,junior,6,3
Unit Bravo,S02764,R01877,mid,5,5
Unit Delta,S02765,R00225,junior,9,4
Unit Bravo,S02766,R01013,junior,7,5
Unit Echo,S02767,R00562,senior,9,9
Unit Alpha,S02768,R00726,junior,8,2
Unit Delta,S02769,R02631,senior,4,4
Unit Alpha,S02770,R03697,mid,5,3
Unit Echo,S02771,R04596,senior,7,7
Unit Bravo,S02772,R01057,mid,4,4
Unit Alpha,S02773,R02485,mid,10,6
Unit Alpha,S02774,R02587,senior,8,6
Unit Alpha,S02775,R03733,mid,4,3
Unit Bravo,S02776,R03418,mid,6,2
Unit Echo,S02777,R02627,mid,6,4
Unit Delta,S02778,R02628,mid,2,2
Unit Alpha,S02779,R04005,junior,6,3
Unit Bravo,S02780,R01355,junior,5,3
Unit Bravo,S02781,R04919,junior,7,4
Unit Delta,S02782,R03083,junior,10,6
Unit Alpha,S02783,R02888,mid,4,4
Unit Delta,S02784,R02170,senior,5,4
Unit Delta,S02785,R00506,junior,8,2
Unit Alpha,S02786,R03668,mid,11,8
Unit Bravo,S02787,R03956,mid,2,1
Unit Alpha,S02788,R00880,junior,11,9
Unit Bravo,S02789,R04274,junior,6,3
Unit Bravo,S02790,R02445,junior,8,5
Unit Delta,S02791,R03595,junior,6,5
Unit Alpha,S02792,R03573,junior,7,3
Unit Bravo,S02793,R01567,mid,7,4
Unit Echo,S02794,R04253,junior,5,2
Unit Alpha,S02795,R01973,senior,5,4
Unit Alpha,S02796,R04808,junior,4,4
Unit Delta,S02797,R02143,junior,4,3
Unit Bravo,S02798,R04368,senior,5,4
Unit Echo,S02799,R00573,senior,5,5
Unit Bravo,S02800,R00569,senior,10,10
Unit Delta,S02801,R00766,junior,4,2
Unit Bravo,S02802,R00889,senior,6,6
Unit Echo,S02803,R02475,senior,11,10
Unit Bravo,S02804,R04950,senior,6,6
Unit Alpha,S02805,R04914,mid,3,1
Unit Alpha,S02806,R01370,junior,6,5
Unit Echo,S02807,R00855,junior,9,6
Unit Echo,S02808,R00855,senior,5,5
Unit Bravo,S02809,R01665,mid,2,0
Unit Alpha,S02810,R04532,junior,6,4
Unit Delta,S02811,R03854,mid,5,3
Unit Alpha,S02812,R01593,senior,2,2
Unit Echo,S02813,R04012,mid,8,4
Unit Bravo,S02814,R04240,senior,9,8
Unit Bravo,S02815,R00437,junior,8,5
Unit Alpha,S02816,R01539,junior,8,6
Unit Alpha,S02817,R04178,mid,5,2
Unit Alpha,S02818,R03555,junior,3,2
Unit Echo,S02819,R04565,senior,2,1
Unit Echo,S02820,R02005,junior,7,4
Unit Echo,S02821,R01694,mid,7,3
Unit Delta,S02822,R02125,senior,2,2
Unit Echo,S02823,R02976,mid,2,2
Unit Alpha,S02824,R00713,junior,3,0
Unit Echo,S02825,R03022,mid,7,6
Unit Alpha,S02826,R03412,mid,5,3
Unit Echo,S02827,R03013,junior,10,7
Unit Delta,S02828,R01981,mid,5,3
Unit Echo,S02829,R01847,senior,8,8
Unit Delta,S02830,R01027,junior,5,4
Unit Alpha,S02831,R02373,senior,7,7
Unit Echo,S02832,R00020,senior,3,2
Unit Echo,S02833,R02950,junior,5,1
Unit Alpha,S02834,R00929,junior,7,5
Unit Alpha,S02835,R02424,mid,6,5
Unit Echo,S02836,R04703,junior,4,1
Unit Bravo,S02837,R00504,junior,4,3
Unit Delta,S02838,R02084,junior,6,4
Unit Delta,S02839,R04449,mid,11,9
Unit Echo,S02840,R02830,mid,6,3
Unit Bravo,S02841,R01379,junior,3,2
Unit Delta,S02842,R02929,junior,8,6
Unit Alpha,S02843,R00167,senior,3,2
Unit Alpha,S02844,R03193,junior,4,1
Unit Delta,S02845,R00475,senior,5,5
Unit Bravo,S02846,R00210,senior,3,2
Unit Echo,S02847,R04520,mid,4,3
Unit Bravo,S02848,R03564,junior,6,3
Unit Alpha,S02849,R01112,junior,4,3
Unit Bravo,S02850,R02814,senior,6,5
Unit Alpha,S02851,R00660,junior,5,3
Unit Bravo,S02852,R04829,senior,10,10
Unit Echo,S02853,R01542,junior,6,4
Unit Echo,S02854,R01879,mid,5,5
Unit Alpha,S02855,R03757,senior,6,6
Unit Delta,S02856,R04879,mid,4,3
Unit Bravo,S02857,R04681,senior,5,5
Unit Bravo,S02858,R00164,junior,7,5
Unit Echo,S02859,R01849,mid,7,6
Unit Delta,S02860,R00656,senior,7,6
Unit Delta,S02861,R04852,junior,3,2
Unit Alpha,S02862,R01562,mid,6,4
Unit Delta,S02863,R03891,senior,6,6
Unit Alpha,S02864,R04546,mid,4,3
Unit Bravo,S02865,R03979,junior,10,7
Unit Delta,S02866,R03197,junior,9,5
Unit Echo,S02867,R00827,junior,8,4
Unit Alpha,S02868,R02837,mid,11,9
Unit Alpha,S02869,R00319,mid,9,7
Unit Bravo,S02870,R00624,senior,8,7
Unit Bravo,S02871,R04533,mid,9,8
Unit Bravo,S02872,R03921,mid,5,4
Unit Alpha,S02873,R04466,senior,12,11
Unit Alpha,S02874,R03429,junior,7,6
Unit Alpha,S02875,R01672,senior,6,3
Unit Delta,S02876,R02844,junior,6,3
Unit Bravo,S02877,R02294,junior,6,3
Unit Delta,S02878,R01281,mid,6,4
Unit Bravo,S02879,R01317,junior,6,5
Unit Delta,S02880,R02459,senior,6,5
Unit Bravo,S02881,R04952,mid,7,6
Unit Alpha,S02882,R00852,senior,5,4
Unit Alpha,S02883,R00617,mid,5,5
Unit Delta,S02884,R03396,mid,4,4
Unit Echo,S02885,R03017,junior,9,2
Unit Bravo,S02886,R03934,senior,8,8
Unit Echo,S02887,R02410,junior,6,1
Unit Bravo,S02888,R03460,mid,8,7
Unit Bravo,S02889,R03876,mid,9,5
Unit Echo,S02890,R03256,junior,4,3
Unit Alpha,S02891,R01555,mid,4,1
Unit Alpha,S02892,R02071,senior,7,7
Unit Alpha,S02893,R03914,junior,7,5
Unit Bravo,S02894,R00615,mid,8,6
Unit Bravo,S02895,R04111,senior,5,5
Unit Alpha,S02896,R01081,junior,6,5
Unit Bravo,S02897,R04119,mid,3,3
Unit Delta,S02898,R04865,mid,7,6
Unit Delta,S02899,R01486,senior,5,5
Unit Bravo,S02900,R03135,mid,3,3
Unit Bravo,S02901,R01221,mid,11,9
Unit Alpha,S02902,R02458,junior,6,4
Unit Echo,S02903,R01106,junior,7,4
Unit Alpha,S02904,R04088,mid,7,5
Unit Bravo,S02905,R00706,mid,2,2
Unit Alpha,S02906,R04162,junior,8,6
Unit Delta,S02907,R01644,mid,4,4
Unit Alpha,S02908,R04288,junior,8,5
Unit Bravo,S02909,R01143,senior,8,8
Unit Bravo,S02910,R04080,mid,6,6
Unit Echo,S02911,R01533,mid,8,4
Unit Bravo,S02912,R00470,mid,5,4
Unit Echo,S02913,R04885,junior,6,3
Unit Echo,S02914,R03782,senior,6,5
Unit Delta,S02915,R00519,mid,11,10
Unit Delta,S02916,R03171,senior,12,12
Unit Bravo,S02917,R00788,senior,9,8
Unit Delta,S02918,R02828,mid,2,2
Unit Echo,S02919,R04935,senior,3,3
Unit Echo,S02920,R00284,mid,7,6
Unit Echo,S02921,R03747,senior,2,2
Unit Bravo,S02922,R02227,senior,2,2
Unit Echo,S02923,R03624,mid,7,4
Unit Alpha,S02924,R00388,mid,6,4
Unit Alpha,S02925,R02093,junior,6,3
Unit Bravo,S02926,R00306,mid,10,8
Unit Bravo,S02927,R03212,mid,6,4
Unit Bravo,S02928,R03273,junior,2,2
Unit Bravo,S02929,R04891,mid,6,5
Unit Bravo,S02930,R01460,senior,4,4
Unit Bravo,S02931,R02828,junior,9,4
Unit Echo,S02932,R04700,junior,4,2
Unit Delta,S02933,R02972,mid,6,5
Unit Bravo,S02934,R00725,mid,6,5
Unit Alpha,S02935,R02842,senior,7,6
Unit Bravo,S02936,R02099,senior,4,3
Unit Echo,S02937,R02514,junior,8,4
Unit Echo,S02938,R01937,junior,7,6
Unit Alpha,S02939,R02013,junior,6,2
Unit Echo,S02940,R02257,mid,14,9
Unit Delta,S02941,R04387,mid,3,2
Unit Delta,S02942,R04325,junior,6,2
Unit Alpha,S02943,R02243,junior,3,0
Unit Alpha,S02944,R04619,senior,10,8
Unit Alpha,S02945,R03286,junior,5,0
Unit Echo,S02946,R01771,junior,5,2
Unit Bravo,S02947,R02598,junior,6,4
Unit Delta,S02948,R04252,junior,5,3
Unit Echo,S02949,R02936,senior,11,10
Unit Delta,S02950,R04612,mid,6,4
Unit Alpha,S02951,R03622,junior,7,5
Unit Alpha,S02952,R04695,junior,7,3
Unit Echo,S02953,R01590,junior,1,1
Unit Alpha,S02954,R04531,mid,6,4
Unit Bravo,S02955,R03418,senior,6,6
Unit Echo,S02956,R02115,mid,5,5
Unit Delta,S02957,R01884,mid,5,3
Unit Delta,S02958,R04928,mid,5,2
Unit Bravo,S02959,R01469,junior,4,3
Unit Delta,S02960,R03834,junior,4,2
Unit Echo,S02961,R01398,senior,7,7
Unit Alpha,S02962,R04232,mid,5,5
Unit Alpha,S02963,R02955,mid,8,6
Unit Alpha,S02964,R01153,mid,6,5
Unit Alpha,S02965,R04858,senior,5,5
Unit Bravo,S02966,R02879,mid,5,3
Unit Alpha,S02967,R02766,mid,6,6
Unit Alpha,S02968,R04926,junior,4,1
Unit Alpha,S02969,R01820,mid,6,4
Unit Echo,S02970,R00868,senior,6,5
Unit Echo,S02971,R04149,junior,5,4
Unit Bravo,S02972,R04239,junior,2,2
Unit Echo,S02973,R04478,senior,7,7
Unit Delta,S02974,R01253,junior,9,4
Unit Alpha,S02975,R02666,junior,7,5
Unit Echo,S02976,R03665,junior,6,5
Unit Delta,S02977,R02194,junior,8,5
Unit Alpha,S02978,R01245,mid,2,1
Unit Echo,S02979,R03053,senior,4,4
Unit Delta,S02980,R03972,junior,6,2
Unit Bravo,S02981,R03436,mid,6,4
Unit Echo,S02982,R01314,junior,3,2
Unit Echo,S02983,R03373,senior,6,6
Unit Bravo,S02984,R00276,mid,4,3
Unit Bravo,S02985,R03650,senior,4,4
Unit Bravo,S02986,R03009,mid,4,3
Unit Echo,S02987,R04868,mid,5,5
Unit Alpha,S02988,R01837,senior,5,5
Unit Alpha,S02989,R04495,junior,10,6
Unit Bravo,S02990,R04752,mid,7,6
Unit Echo,S02991,R04740,senior,4,4
Unit Echo,S02992,R03555,mid,4,3
Unit Echo,S02993,R01939,senior,5,5
Unit Delta,S02994,R00125,mid,7,4
Unit Delta,S02995,R02908,junior,7,4
Unit Alpha,S02996,R01987,mid,5,4
Unit Bravo,S02997,R00525,mid,7,6
Unit Bravo,S02998,R00239,mid,6,6
Unit Alpha,S02999,R02166,junior,7,3
Unit Alpha,S03000,R03545,junior,6,4
Unit Echo,S03001,R04526,junior,5,2
Unit Echo,S03002,R01661,mid,2,1
Unit Alpha,S03003,R02613,junior,6,4
Unit Alpha,S03004,R01353,mid,9,6
Unit Alpha,S03005,R00682,junior,3,2
Unit Bravo,S03006,R03918,junior,9,6
Unit Delta,S03007,R00930,mid,5,1
Unit Echo,S03008,R01174,mid,10,9
Unit Echo,S03009,R03050,junior,5,3
Unit Bravo,S03010,R01922,junior,11,7
Unit Delta,S03011,R00112,junior,5,4
Unit Delta,S03012,R01677,senior,5,4
Unit Echo,S03013,R03984,junior,5,2
Unit Bravo,S03014,R04669,senior,5,5
Unit Alpha,S03015,R02893,mid,2,0
Unit Bravo,S03016,R01062,senior,7,6
Unit Delta,S03017,R03772,senior,3,3
Unit Alpha,S03018,R01034,mid,4,3
Unit Delta,S03019,R01169,junior,3,1
Unit Alpha,S03020,R02152,mid,10,6
Unit Echo,S03021,R00729,mid,5,5
Unit Bravo,S03022,R04158,junior,5,2
Unit Delta,S03023,R02824,junior,8,2
Unit Alpha,S03024,R01970,mid,9,7
Unit Alpha,S03025,R02500,mid,4,3
Unit Alpha,S03026,R03039,mid,6,5
Unit Delta,S03027,R00704,mid,7,6
Unit Alpha,S03028,R03828,junior,6,3
Unit Echo,S03029,R01916,junior,6,5
Unit Bravo,S03030,R00854,junior,4,4
Unit Delta,S03031,R00165,senior,8,6
Unit Echo,S03032,R01761,senior,5,5
Unit Alpha,S03033,R04667,senior,6,6
Unit Echo,S03034,R03934,senior,7,7
Unit Alpha,S03035,R04821,junior,9,5
Unit Bravo,S03036,R02664,senior,3,3
Unit Delta,S03037,R01107,senior,9,9
Unit Alpha,S03038,R04734,mid,5,2
Unit Bravo,S03039,R00416,junior,4,4
Unit Alpha,S03040,R01343,mid,9,7
Unit Delta,S03041,R04817,mid,6,2
Unit Bravo,S03042,R01496,junior,6,2
Unit Delta,S03043,R02081,junior,7,3
Unit Alpha,S03044,R01016,mid,4,4
Unit Delta,S03045,R03638,mid,7,2
Unit Alpha,S03046,R03508,mid,4,3
Unit Bravo,S03047,R03600,senior,7,6
Unit Bravo,S03048,R01404,senior,6,4
Unit Bravo,S03049,R01392,senior,8,8
Unit Echo,S03050,R04082,junior,6,4
Unit Delta,S03051,R01784,mid,6,5
Unit Delta,S03052,R00167,junior,2,2
Unit Echo,S03053,R02352,mid,5,5
Unit Bravo,S03054,R04403,mid,7,5
Unit Bravo,S03055,R00854,mid,7,6
Unit Alpha,S03056,R02653,junior,7,5
Unit Bravo,S03057,R04682,junior,10,4
Unit Bravo,S03058,R03290,mid,7,5
Unit Delta,S03059,R02171,mid,5,2
Unit Echo,S03060,R04888,junior,6,5
Unit Delta,S03061,R02979,mid,4,4
Unit Bravo,S03062,R00900,junior,7,5
Unit Delta,S03063,R04713,junior,5,2
Unit Delta,S03064,R02140,mid,4,4
Unit Alpha,S03065,R03002,junior,8,6
Unit Alpha,S03066,R00197,junior,7,6
Unit Alpha,S03067,R01491,junior,7,4
Unit Alpha,S03068,R03477,mid,5,4
Unit Delta,S03069,R02373,junior,9,4
Unit Delta,S03070,R03332,mid,6,5
Unit Delta,S03071,R01434,mid,7,5
Unit Bravo,S03072,R04182,junior,8,6
Unit Delta,S03073,R00289,senior,6,5
Unit Echo,S03074,R00794,junior,10,4
Unit Delta,S03075,R03892,junior,2,1
Unit Alpha,S03076,R01743,junior,3,3
Unit Alpha,S03077,R02398,mid,4,3
Unit Delta,S03078,R04843,junior,5,3
Unit Bravo,S03079,R04157,senior,6,6
Unit Bravo,S03080,R04103,junior,2,2
Unit Alpha,S03081,R03458,junior,3,1
Unit Bravo,S03082,R01887,mid,5,5
Unit Bravo,S03083,R01603,senior,5,4
Unit Delta,S03084,R03703,mid,1,1
Unit Echo,S03085,R01512,mid,4,3
Unit Alpha,S03086,R00628,junior,6,1
Unit Bravo,S03087,R01051,mid,2,2
Unit Bravo,S03088,R04140,junior,6,1
Unit Alpha,S03089,R04817,mid,4,3
Unit Delta,S03090,R01128,junior,5,3
Unit Delta,S03091,R02569,mid,10,5
Unit Delta,S03092,R01471,mid,6,5
Unit Echo,S03093,R04338,mid,6,5
Unit Alpha,S03094,R04126,mid,6,6
Unit Echo,S03095,R03317,junior,3,2
Unit Alpha,S03096,R02250,mid,4,3
Unit Delta,S03097,R04318,senior,5,5
Unit Bravo,S03098,R01258,junior,2,2
Unit Echo,S03099,R03534,junior,2,1
Unit Echo,S03100,R02973,senior,2,2
Unit Bravo,S03101,R04988,junior,7,3
Unit Echo,S03102,R01180,junior,4,3
Unit Echo,S03103,R04546,junior,4,3
Unit Bravo,S03104,R01269,mid,6,6
Unit Alpha,S03105,R02310,senior,5,5
Unit Bravo,S03106,R04303,junior,6,3
Unit Bravo,S03107,R04528,junior,8,7
Unit Alpha,S03108,R01270,junior,6,3
Unit Delta,S03109,R04967,junior,6,3
Unit Delta,S03110,R00978,junior,12,7
Unit Bravo,S03111,R00517,junior,7,6
Unit Alpha,S03112,R00360,mid,4,2
Unit Echo,S03113,R00552,junior,7,6
Unit Alpha,S03114,R00997,junior,4,1
Unit Delta,S03115,R03678,senior,5,5
Unit Echo,S03116,R03907,senior,9,8
Unit Bravo,S03117,R04559,mid,6,4
Unit Echo,S03118,R03445,junior,5,3
Unit Alpha,S03119,R01826,senior,6,6
Unit Delta,S03120,R00030,junior,7,5
Unit Echo,S03121,R04133,junior,7,4
Unit Echo,S03122,R00545,junior,7,4
Unit Bravo,S03123,R03838,mid,11,8
Unit Alpha,S03124,R00698,senior,5,3
Unit Delta,S03125,R03538,mid,3,3
Unit Alpha,S03126,R03023,junior,10,5
Unit Alpha,S03127,R04983,junior,5,5
Unit Alpha,S03128,R01699,junior,7,4
Unit Alpha,S03129,R02255,junior,6,4
Unit Echo,S03130,R01937,junior,7,3
Unit Delta,S03131,R01827,mid,7,3
Unit Alpha,S03132,R01203,mid,4,3
Unit Alpha,S03133,R00015,senior,8,6
Unit Echo,S03134,R01240,junior,3,2
Unit Alpha,S03135,R01238,mid,4,4
Unit Echo,S03136,R03073,mid,7,6
Unit Echo,S03137,R03227,senior,11,10
Unit Bravo,S03138,R03503,mid,6,4
Unit Delta,S03139,R04428,junior,6,4
Unit Alpha,S03140,R01407,mid,3,1
Unit Echo,S03141,R03247,junior,6,5
Unit Delta,S03142,R02849,senior,5,5
Unit Echo,S03143,R04180,senior,5,5
Unit Echo,S03144,R01660,junior,3,0
Unit Bravo,S03145,R04261,junior,8,3
Unit Bravo,S03146,R00045,mid,6,4
Unit Echo,S03147,R03641,mid,7,3
Unit Alpha,S03148,R04424,junior,4,3
Unit Alpha,S03149,R03930,mid,2,2
Unit Echo,S03150,R02372,junior,10,5
Unit Echo,S03151,R01153,junior,6,3
Unit Alpha,S03152,R02345,mid,7,5
Unit Bravo,S03153,R04386,mid,5,3
Unit Bravo,S03154,R01516,mid,9,7
Unit Bravo,S03155,R01442,junior,4,2
Unit Alpha,S03156,R01222,senior,3,3
Unit Echo,S03157,R02866,senior,6,5
Unit Delta,S03158,R00142,junior,2,0
Unit Delta,S03159,R01220,mid,7,7
Unit Bravo,S03160,R00922,senior,5,5
Unit Alpha,S03161,R00596,mid,6,6
Unit Alpha,S03162,R04999,junior,5,3
Unit Bravo,S03163,R00041,junior,6,3
Unit Alpha,S03164,R03476,mid,6,5
Unit Delta,S03165,R00039,junior,8,4
Unit Bravo,S03166,R00267,junior,4,3
Unit Delta,S03167,R04401,mid,6,5
Unit Echo,S03168,R04527,junior,3,1
Unit Echo,S03169,R00742,junior,9,8
Unit Echo,S03170,R03220,senior,3,2
Unit Echo,S03171,R02017,mid,11,10
Unit Alpha,S03172,R03512,junior,3,1
Unit Echo,S03173,R02210,mid,3,3
Unit Bravo,S03174,R00148,mid,7,3
Unit Echo,S03175,R04478,junior,6,4
Unit Echo,S03176,R04453,senior,3,2
Unit Delta,S03177,R04591,junior,5,5
Unit Delta,S03178,R01832,junior,6,4
Unit Bravo,S03179,R03634,junior,3,2
Unit Alpha,S03180,R02596,junior,7,6
Unit Delta,S03181,R03502,senior,8,8
Unit Delta,S03182,R01245,junior,7,3
Unit Bravo,S03183,R01663,junior,2,1
Unit Alpha,S03184,R04129,junior,5,2
Unit Alpha,S03185,R04137,mid,3,2
Unit Bravo,S03186,R03036,junior,7,5
Unit Alpha,S03187,R02257,mid,7,5
Unit Alpha,S03188,R01209,senior,4,4
Unit Echo,S03189,R02623,junior,5,2
Unit Echo,S03190,R04820,mid,6,5
Unit Echo,S03191,R04004,senior,5,4
Unit Delta,S03192,R02032,senior,6,6
Unit Bravo,S03193,R00623,mid,4,3
Unit Bravo,S03194,R04721,senior,6,5
Unit Echo,S03195,R00225,mid,8,7
Unit Delta,S03196,R04258,mid,3,2
Unit Echo,S03197,R03165,junior,9,6
Unit Delta,S03198,R03629,junior,4,4
Unit Alpha,S03199,R00034,junior,8,8
Unit Echo,S03200,R03769,mid,8,7
Unit Echo,S03201,R00374,mid,7,7
Unit Bravo,S03202,R00196,senior,4,4
Unit Delta,S03203,R03724,mid,6,5
Unit Delta,S03204,R00688,mid,5,4
Unit Alpha,S03205,R02652,junior,5,4
Unit Bravo,S03206,R04862,mid,7,6
Unit Bravo,S03207,R04155,mid,8,6
Unit Delta,S03208,R00184,mid,3,3
Unit Delta,S03209,R03778,mid,5,4
Unit Bravo,S03210,R01653,mid,11,9
Unit Alpha,S03211,R04040,senior,11,11
Unit Echo,S03212,R02020,junior,11,6
Unit Bravo,S03213,R01940,junior,4,1
Unit Alpha,S03214,R04662,mid,5,3
Unit Echo,S03215,R03253,junior,5,3
Unit Alpha,S03216,R01856,mid,5,4
Unit Alpha,S03217,R04801,senior,8,7
Unit Delta,S03218,R00337,mid,6,5
Unit Delta,S03219,R04836,mid,6,5
Unit Bravo,S03220,R01898,mid,6,5
Unit Delta,S03221,R04074,mid,6,3
Unit Alpha,S03222,R04661,senior,4,4
Unit Delta,S03223,R00269,senior,7,6
Unit Bravo,S03224,R04747,senior,6,6
Unit Bravo,S03225,R01892,senior,9,9
Unit Alpha,S03226,R03244,junior,5,4
Unit Bravo,S03227,R04735,junior,4,3
Unit Echo,S03228,R00571,junior,7,3
Unit Echo,S03229,R04651,mid,9,8
Unit Delta,S03230,R00397,mid,6,4
Unit Delta,S03231,R04805,mid,2,1
Unit Alpha,S03232,R02252,senior,6,6
Unit Echo,S03233,R04217,junior,7,4
Unit Bravo,S03234,R01536,mid,6,4
Unit Bravo,S03235,R02546,junior,5,4
Unit Alpha,S03236,R02217,junior,4,1
Unit Bravo,S03237,R01563,mid,4,2
Unit Bravo,S03238,R01756,junior,2,2
Unit Echo,S03239,R01146,mid,4,4
Unit Delta,S03240,R02993,mid,7,5
Unit Delta,S03241,R01092,mid,7,6
Unit Delta,S03242,R03598,junior,6,4
Unit Delta,S03243,R01640,junior,8,4
Unit Echo,S03244,R00660,senior,4,4
Unit Echo,S03245,R01416,senior,9,7
Unit Alpha,S03246,R01855,mid,9,8
Unit Bravo,S03247,R04636,junior,5,3
Unit Alpha,S03248,R00258,mid,9,7
Unit Alpha,S03249,R02199,junior,5,3
Unit Delta,S03250,R01665,junior,10,8
Unit Delta,S03251,R01215,junior,4,3
Unit Echo,S03252,R00362,senior,6,6
Unit Delta,S03253,R00612,junior,8,4
Unit Echo,S03254,R01176,senior,5,5
Unit Echo,S03255,R03788,senior,4,4
Unit Alpha,S03256,R03845,mid,7,4
Unit Echo,S03257,R00549,junior,3,1
Unit Alpha,S03258,R01163,mid,5,4
Unit Echo,S03259,R04435,junior,4,3
Unit Bravo,S03260,R01537,mid,3,3
Unit Echo,S03261,R02057,junior,7,6
Unit Echo,S03262,R01873,senior,5,5
Unit Alpha,S03263,R04775,junior,2,2
Unit Delta,S03264,R03864,mid,9,6
Unit Echo,S03265,R02652,junior,6,2
Unit Bravo,S03266,R00034,junior,7,4
Unit Alpha,S03267,R01861,junior,5,2
Unit Bravo,S03268,R02691,junior,4,2
Unit Echo,S03269,R02808,mid,5,4
Unit Delta,S03270,R01572,mid,6,5
Unit Bravo,S03271,R01711,junior,12,9
Unit Delta,S03272,R00222,junior,8,3
Unit Bravo,S03273,R02719,junior,6,6
Unit Delta,S03274,R03852,senior,5,5
Unit Alpha,S03275,R02418,junior,7,3
Unit Delta,S03276,R04951,senior,4,4
Unit Delta,S03277,R04608,mid,6,5
Unit Bravo,S03278,R02415,mid,6,6
Unit Alpha,S03279,R00206,junior,8,5
Unit Bravo,S03280,R03116,junior,4,2
Unit Alpha,S03281,R04004,senior,6,5
Unit Bravo,S03282,R04271,senior,7,7
Unit Echo,S03283,R01482,mid,6,5
Unit Delta,S03284,R04876,mid,8,8
Unit Echo,S03285,R01218,mid,8,6
Unit Alpha,S03286,R04702,junior,5,3
Unit Bravo,S03287,R03680,junior,6,5
Unit Delta,S03288,R02381,junior,8,8
Unit Delta,S03289,R03035,junior,4,2
Unit Echo,S03290,R04179,mid,8,6
Unit Echo,S03291,R04025,mid,6,2
Unit Alpha,S03292,R01843,mid,5,3
Unit Echo,S03293,R04172,junior,4,3
Unit Alpha,S03294,R00870,mid,4,2
Unit Delta,S03295,R03119,junior,10,7
Unit Bravo,S03296,R03199,mid,7,6
Unit Echo,S03297,R01426,junior,2,1
Unit Alpha,S03298,R00585,mid,7,5
Unit Delta,S03299,R01634,junior,6,3
Unit Echo,S03300,R03225,mid,8,5
Unit Alpha,S03301,R01792,mid,6,5
Unit Bravo,S03302,R01389,mid,14,12
Unit Delta,S03303,R04351,mid,7,4
Unit Alpha,S03304,R03241,junior,4,3
Unit Alpha,S03305,R00034,junior,3,0
Unit Delta,S03306,R02676,junior,3,2
Unit Echo,S03307,R01989,senior,5,5
Unit Bravo,S03308,R00672,junior,6,4
Unit Alpha,S03309,R01474,junior,3,1
Unit Delta,S03310,R01220,mid,11,9
Unit Alpha,S03311,R04953,junior,2,0
Unit Bravo,S03312,R04402,mid,5,3
Unit Delta,S03313,R02204,mid,4,2
Unit Delta,S03314,R04603,junior,8,5
Unit Echo,S03315,R03472,mid,7,5
Unit Bravo,S03316,R02342,junior,5,4
Unit Echo,S03317,R00005,junior,8,5
Unit Alpha,S03318,R04158,mid,6,4
Unit Bravo,S03319,R04713,junior,8,2
Unit Delta,S03320,R00311,senior,3,3
Unit Delta,S03321,R03362,mid,5,3
Unit Alpha,S03322,R02735,senior,4,3
Unit Echo,S03323,R01150,senior,5,5
Unit Alpha,S03324,R04664,mid,10,8
Unit Echo,S03325,R00240,junior,3,2
Unit Alpha,S03326,R04932,junior,4,2
Unit Alpha,S03327,R00050,senior,11,11
Unit Alpha,S03328,R04556,senior,4,3
Unit Bravo,S03329,R01794,mid,8,5
Unit Delta,S03330,R02295,mid,4,3
Unit Bravo,S03331,R01851,mid,7,2
Unit Alpha,S03332,R02787,junior,7,6
Unit Delta,S03333,R00824,junior,3,1
Unit Delta,S03334,R04829,senior,2,1
Unit Alpha,S03335,R01806,junior,5,2
Unit Delta,S03336,R01929,junior,5,2
Unit Echo,S03337,R02555,mid,4,3
Unit Alpha,S03338,R00999,mid,5,3
Unit Bravo,S03339,R00341,mid,5,4
Unit Echo,S03340,R04999,junior,7,4
Unit Delta,S03341,R02317,mid,3,3
Unit Bravo,S03342,R03826,mid,3,1
Unit Delta,S03343,R00227,senior,8,6
Unit Delta,S03344,R03740,mid,4,4
Unit Bravo,S03345,R02531,junior,6,4
Unit Delta,S03346,R00330,mid,6,4
Unit Alpha,S03347,R01480,junior,12,7
Unit Delta,S03348,R04793,senior,5,5
Unit Alpha,S03349,R02794,senior,6,5
Unit Delta,S03350,R00476,senior,6,5
Unit Delta,S03351,R00523,senior,13,10
Unit Alpha,S03352,R02589,junior,5,3
Unit Delta,S03353,R02102,senior,7,5
Unit Delta,S03354,R03529,mid,4,3
Unit Bravo,S03355,R00041,junior,6,1
Unit Bravo,S03356,R04354,mid,9,7
Unit Echo,S03357,R03220,mid,5,5
Unit Delta,S03358,R03566,mid,4,4
Unit Bravo,S03359,R00462,senior,5,3
Unit Alpha,S03360,R00312,junior,4,3
Unit Alpha,S03361,R01114,mid,6,5
Unit Bravo,S03362,R02619,junior,5,2
Unit Delta,S03363,R03248,junior,9,3
Unit Bravo,S03364,R03190,mid,7,5
Unit Echo,S03365,R02301,senior,6,4
Unit Bravo,S03366,R01748,senior,5,5
Unit Echo,S03367,R04406,junior,5,4
Unit Bravo,S03368,R03615,mid,9,7
Unit Alpha,S03369,R04650,senior,8,7
Unit Alpha,S03370,R03488,junior,6,5
Unit Bravo,S03371,R00915,mid,6,4
Unit Bravo,S03372,R04625,mid,2,2
Unit Delta,S03373,R01559,senior,5,5
Unit Echo,S03374,R01350,mid,5,4
Unit Bravo,S03375,R01465,junior,5,2
Unit Bravo,S03376,R00634,mid,9,7
Unit Bravo,S03377,R03691,mid,6,6
Unit Alpha,S03378,R04288,mid,5,4
Unit Bravo,S03379,R01093,mid,6,6
Unit Delta,S03380,R01843,mid,8,7
Unit Alpha,S03381,R02182,junior,11,8
Unit Delta,S03382,R01998,mid,6,5
Unit Alpha,S03383,R02914,junior,6,3
Unit Echo,S03384,R02152,mid,5,4
Unit Delta,S03385,R00681,junior,7,4
Unit Delta,S03386,R01305,junior,6,6
Unit Delta,S03387,R04262,mid,4,3
Unit Alpha,S03388,R00850,senior,11,9
Unit Echo,S03389,R04460,mid,1,1
Unit Alpha,S03390,R00397,senior,3,3
Unit Echo,S03391,R04700,mid,7,5
Unit Delta,S03392,R01972,junior,4,2
Unit Alpha,S03393,R04496,junior,5,3
Unit Delta,S03394,R03025,mid,6,3
Unit Bravo,S03395,R04236,junior,5,3
Unit Delta,S03396,R00886,junior,11,6
Unit Delta,S03397,R04683,junior,10,7
Unit Echo,S03398,R03800,senior,7,7
Unit Delta,S03399,R02614,junior,6,4
Unit Echo,S03400,R03271,mid,8,5
Unit Bravo,S03401,R04004,junior,8,7
Unit Echo,S03402,R01221,mid,10,10
Unit Alpha,S03403,R01308,senior,8,7
Unit Alpha,S03404,R03698,mid,8,5
Unit Echo,S03405,R04040,junior,6,5
Unit Alpha,S03406,R01273,senior,6,6
Unit Bravo,S03407,R04336,senior,3,3
Unit Delta,S03408,R00596,mid,7,7
Unit Bravo,S03409,R04926,senior,6,5
Unit Alpha,S03410,R02516,junior,9,4
Unit Alpha,S03411,R04947,junior,6,5
Unit Echo,S03412,R00824,junior,5,3
Unit Bravo,S03413,R02166,mid,6,5
Unit Bravo,S03414,R01789,mid,6,5
Unit Alpha,S03415,R00069,mid,8,7
Unit Delta,S03416,R01416,junior,7,4
Unit Echo,S03417,R03636,mid,4,2
Unit Alpha,S03418,R01952,junior,5,2
Unit Alpha,S03419,R00826,mid,10,7
Unit Echo,S03420,R04474,junior,7,5
Unit Echo,S03421,R00075,junior,9,7
Unit Delta,S03422,R02011,senior,5,4
Unit Delta,S03423,R01177,mid,11,8
Unit Alpha,S03424,R03711,mid,4,4
Unit Echo,S03425,R00001,senior,8,6
Unit Alpha,S03426,R03085,junior,7,4
Unit Echo,S03427,R00772,mid,9,6
Unit Delta,S03428,R01993,mid,6,6
Unit Echo,S03429,R04683,senior,4,4
Unit Alpha,S03430,R04685,mid,5,4
Unit Echo,S03431,R01376,junior,9,6
Unit Echo,S03432,R04978,senior,2,2
Unit Bravo,S03433,R01145,mid,8,6
Unit Echo,S03434,R00836,junior,7,1
Unit Bravo,S03435,R03932,junior,10,6
Unit Bravo,S03436,R03248,junior,7,4
Unit Alpha,S03437,R01370,junior,10,5
Unit Echo,S03438,R03976,junior,4,3
Unit Bravo,S03439,R04808,mid,4,2
Unit Echo,S03440,R04462,mid,5,3
Unit Echo,S03441,R01873,mid,8,7
Unit Delta,S03442,R02953,mid,6,3
Unit Echo,S03443,R00358,junior,5,2
Unit Delta,S03444,R01908,senior,6,6
Unit Delta,S03445,R00559,mid,3,2
Unit Bravo,S03446,R01898,junior,6,3
Unit Alpha,S03447,R00835,junior,4,2
Unit Alpha,S03448,R00463,senior,6,6
Unit Alpha,S03449,R01012,mid,10,7
Unit Echo,S03450,R03506,junior,6,4
Unit Echo,S03451,R00489,mid,5,1
Unit Alpha,S03452,R02436,junior,5,4
Unit Bravo,S03453,R00582,mid,4,3
Unit Echo,S03454,R00354,junior,5,5
Unit Echo,S03455,R01021,mid,7,5
Unit Alpha,S03456,R01159,junior,3,1
Unit Echo,S03457,R02622,mid,3,2
Unit Alpha,S03458,R00064,junior,6,4
Unit Echo,S03459,R01290,mid,6,5
Unit Alpha,S03460,R01327,mid,4,3
Unit Delta,S03461,R00560,mid,6,2
Unit Bravo,S03462,R02297,junior,4,2
Unit Echo,S03463,R02121,mid,8,6
Unit Echo,S03464,R01661,junior,7,5
Unit Echo,S03465,R04922,mid,4,3
Unit Alpha,S03466,R00958,mid,7,5
Unit Delta,S03467,R00327,junior,4,1
Unit Delta,S03468,R00648,junior,5,3
Unit Delta,S03469,R02803,mid,7,6
Unit Alpha,S03470,R03644,junior,7,5
Unit Bravo,S03471,R00530,mid,7,7
Unit Alpha,S03472,R01181,mid,4,2
Unit Echo,S03473,R02630,junior,5,4
Unit Delta,S03474,R00451,junior,4,3
Unit Delta,S03475,R02221,mid,5,4
Unit Bravo,S03476,R01931,mid,6,5
Unit Echo,S03477,R00607,mid,10,7
Unit Echo,S03478,R04782,junior,2,2
Unit Echo,S03479,R04683,senior,12,11
Unit Delta,S03480,R04413,senior,6,6
Unit Echo,S03481,R02109,junior,6,5
Unit Echo,S03482,R04163,mid,6,2
Unit Bravo,S03483,R01431,mid,8,7
Unit Alpha,S03484,R00075,junior,4,2
Unit Echo,S03485,R04070,senior,6,5
Unit Alpha,S03486,R03654,senior,5,5
Unit Alpha,S03487,R00122,mid,8,7
Unit Bravo,S03488,R04799,junior,8,5
Unit Bravo,S03489,R03886,junior,3,2
Unit Alpha,S03490,R01667,junior,6,3
Unit Delta,S03491,R00316,junior,7,3
Unit Alpha,S03492,R03450,junior,4,3
Unit Bravo,S03493,R00953,junior,10,6
Unit Echo,S03494,R00975,mid,6,3
Unit Delta,S03495,R04278,mid,2,0
Unit Delta,S03496,R03701,senior,5,5
Unit Delta,S03497,R04439,junior,7,3
Unit Bravo,S03498,R03274,junior,5,3
Unit Alpha,S03499,R02217,mid,9,5
Unit Echo,S03500,R03840,senior,6,6
Unit Bravo,S03501,R02975,junior,6,3
Unit Alpha,S03502,R01839,mid,6,3
Unit Delta,S03503,R04181,junior,8,7
Unit Alpha,S03504,R04729,senior,7,6
Unit Echo,S03505,R00257,mid,3,2
Unit Delta,S03506,R04713,mid,7,6
Unit Alpha,S03507,R04624,mid,4,3
Unit Alpha,S03508,R01746,junior,3,2
Unit Delta,S03509,R00660,mid,4,3
Unit Delta,S03510,R00477,mid,6,6
Unit Echo,S03511,R03211,senior,6,6
Unit Echo,S03512,R03426,junior,8,4
Unit Echo,S03513,R01957,junior,6,2
Unit Echo,S03514,R02197,mid,8,8
Unit Alpha,S03515,R03866,junior,7,5
Unit Bravo,S03516,R03301,junior,9,6
Unit Delta,S03517,R01317,senior,7,7
Unit Bravo,S03518,R02236,junior,3,1
Unit Delta,S03519,R01684,junior,3,0
Unit Alpha,S03520,R03449,mid,8,4
Unit Bravo,S03521,R00289,junior,5,3
Unit Bravo,S03522,R00806,mid,10,8
Unit Alpha,S03523,R03114,mid,8,5
Unit Bravo,S03524,R01683,senior,4,3
Unit Alpha,S03525,R00029,senior,10,9
Unit Echo,S03526,R04669,mid,7,7
Unit Bravo,S03527,R03878,senior,9,9
Unit Delta,S03528,R04405,junior,6,4
Unit Bravo,S03529,R03455,junior,11,8
Unit Delta,S03530,R01097,junior,6,6
Unit Echo,S03531,R01832,junior,5,3
Unit Delta,S03532,R02109,mid,6,3
Unit Delta,S03533,R03834,mid,2,1
Unit Echo,S03534,R01795,junior,9,7
Unit Alpha,S03535,R01669,junior,7,5
Unit Delta,S03536,R00801,mid,3,2
Unit Delta,S03537,R04237,mid,3,2
Unit Delta,S03538,R02654,mid,9,7
Unit Alpha,S03539,R02488,junior,7,5
Unit Echo,S03540,R02380,mid,5,5
Unit Echo,S03541,R01618,mid,6,6
Unit Alpha,S03542,R03866,mid,5,3
Unit Alpha,S03543,R04920,mid,10,9
Unit Delta,S03544,R02781,junior,5,4
Unit Bravo,S03545,R00741,senior,6,6
Unit Delta,S03546,R01113,mid,8,3
Unit Delta,S03547,R00007,mid,7,6
Unit Delta,S03548,R02781,junior,4,2
Unit Bravo,S03549,R02833,junior,4,1
Unit Bravo,S03550,R02685,senior,5,5
Unit Bravo,S03551,R01698,mid,8,6
Unit Delta,S03552,R02384,senior,5,4
Unit Bravo,S03553,R01348,mid,5,2
Unit Delta,S03554,R01127,junior,7,5
Unit Bravo,S03555,R03070,mid,4,3
Unit Bravo,S03556,R02320,junior,11,6
Unit Bravo,S03557,R04773,senior,3,2
Unit Delta,S03558,R04113,mid,7,4
Unit Bravo,S03559,R00334,junior,9,6
Unit Echo,S03560,R02932,mid,8,4
Unit Bravo,S03561,R03774,mid,8,8
Unit Alpha,S03562,R00159,junior,7,3
Unit Alpha,S03563,R01052,mid,6,1
Unit Echo,S03564,R02590,mid,6,5
Unit Bravo,S03565,R03657,mid,12,8
Unit Bravo,S03566,R01794,junior,4,3
Unit Delta,S03567,R04974,mid,5,4
Unit Delta,S03568,R00209,mid,5,4
Unit Bravo,S03569,R03291,mid,4,2
Unit Bravo,S03570,R00109,senior,5,5
Unit Alpha,S03571,R01078,mid,6,5
Unit Delta,S03572,R02517,senior,3,3
Unit Echo,S03573,R04530,junior,5,4
Unit Echo,S03574,R04521,mid,5,4
Unit Bravo,S03575,R03757,junior,7,4
Unit Alpha,S03576,R02407,mid,4,3
Unit Bravo,S03577,R00232,mid,8,8
Unit Alpha,S03578,R04013,mid,10,9
Unit Delta,S03579,R01767,junior,10,6
Unit Bravo,S03580,R04215,junior,4,3
Unit Delta,S03581,R04643,senior,2,2
Unit Echo,S03582,R04075,junior,7,4
Unit Echo,S03583,R02387,senior,4,3
Unit Alpha,S03584,R04671,junior,5,2
Unit Alpha,S03585,R02097,junior,8,4
Unit Delta,S03586,R01651,mid,5,3
Unit Bravo,S03587,R03060,junior,5,4
Unit Delta,S03588,R02649,senior,6,6
Unit Alpha,S03589,R04617,mid,7,2
Unit Bravo,S03590,R03421,junior,8,5
Unit Bravo,S03591,R00552,mid,4,4
Unit Alpha,S03592,R02839,junior,1,0
Unit Delta,S03593,R00608,mid,7,6
Unit Echo,S03594,R00758,senior,12,10
Unit Delta,S03595,R01496,senior,4,3
Unit Echo,S03596,R00801,junior,7,6
Unit Echo,S03597,R01985,senior,9,9
Unit Echo,S03598,R00201,senior,6,6
Unit Bravo,S03599,R01583,mid,5,2
Unit Alpha,S03600,R03399,mid,8,7
Unit Alpha,S03601,R04109,junior,3,3
Unit Delta,S03602,R04946,senior,3,3
Unit Echo,S03603,R02886,mid,7,6
Unit Alpha,S03604,R03477,mid,8,7
Unit Alpha,S03605,R03188,junior,4,2
Unit Echo,S03606,R02754,mid,5,2
Unit Bravo,S03607,R01219,mid,7,6
Unit Bravo,S03608,R03879,junior,6,4
Unit Bravo,S03609,R00437,junior,7,5
Unit Echo,S03610,R04432,senior,10,10
Unit Delta,S03611,R03949,junior,6,2
Unit Delta,S03612,R04520,mid,4,2
Unit Alpha,S03613,R00732,junior,4,2
Unit Delta,S03614,R02827,mid,9,7
Unit Echo,S03615,R04154,junior,5,4
Unit Bravo,S03616,R04520,mid,7,5
Unit Echo,S03617,R04979,junior,6,2
Unit Bravo,S03618,R04161,mid,9,7
Unit Bravo,S03619,R04972,senior,8,8
Unit Alpha,S03620,R03778,mid,7,4
Unit Delta,S03621,R04192,mid,5,3
Unit Delta,S03622,R01398,senior,11,10
Unit Delta,S03623,R04475,mid,6,4
Unit Delta,S03624,R01199,junior,3,1
Unit Bravo,S03625,R01550,mid,5,5
Unit Alpha,S03626,R04075,mid,4,3
Unit Delta,S03627,R01929,senior,8,8
Unit Delta,S03628,R01694,junior,8,4
Unit Echo,S03629,R04704,senior,6,5
Unit Bravo,S03630,R03639,mid,6,5
Unit Delta,S03631,R01973,junior,5,2
Unit Bravo,S03632,R04670,senior,9,8
Unit Delta,S03633,R02037,mid,4,3
Unit Bravo,S03634,R02526,senior,6,4
Unit Echo,S03635,R04875,junior,3,2
Unit Bravo,S03636,R02319,mid,6,4
Unit Alpha,S03637,R04162,mid,8,7
Unit Delta,S03638,R02096,junior,3,2
Unit Echo,S03639,R01336,junior,5,1
Unit Alpha,S03640,R04875,junior,4,2
Unit Bravo,S03641,R04949,mid,2,1
Unit Delta,S03642,R01407,junior,5,4
Unit Echo,S03643,R00701,mid,1,1
Unit Bravo,S03644,R01974,junior,5,3
Unit Echo,S03645,R03332,junior,7,2
Unit Delta,S03646,R03267,senior,7,7
Unit Alpha,S03647,R00750,junior,3,2
Unit Delta,S03648,R00835,junior,9,7
Unit Delta,S03649,R02155,mid,7,6
Unit Delta,S03650,R03428,senior,5,4
Unit Delta,S03651,R04457,senior,6,5
Unit Alpha,S03652,R04497,senior,6,6
Unit Bravo,S03653,R01169,junior,5,3
Unit Alpha,S03654,R03066,mid,3,2
Unit Delta,S03655,R03728,junior,4,0
Unit Bravo,S03656,R01461,junior,4,3
Unit Alpha,S03657,R03540,junior,4,1
Unit Echo,S03658,R00092,junior,7,4
Unit Bravo,S03659,R03685,mid,4,1
Unit Alpha,S03660,R03221,mid,5,5
Unit Alpha,S03661,R00549,junior,8,6
Unit Echo,S03662,R03700,mid,8,7
Unit Alpha,S03663,R01373,junior,3,1
Unit Echo,S03664,R04233,mid,5,4
Unit Echo,S03665,R04123,mid,8,7
Unit Delta,S03666,R01850,junior,8,8
Unit Bravo,S03667,R00354,mid,8,6
Unit Alpha,S03668,R02885,mid,3,3
Unit Delta,S03669,R01954,junior,9,4
Unit Echo,S03670,R00938,senior,4,3
Unit Bravo,S03671,R03556,senior,3,3
Unit Alpha,S03672,R00495,junior,4,2
Unit Delta,S03673,R02048,mid,5,4
Unit Echo,S03674,R02732,mid,7,5
Unit Alpha,S03675,R04047,mid,5,4
Unit Bravo,S03676,R02829,mid,8,7
Unit Echo,S03677,R03998,mid,6,4
Unit Bravo,S03678,R00879,junior,6,4
Unit Delta,S03679,R00526,mid,4,4
Unit Delta,S03680,R01045,senior,7,5
Unit Bravo,S03681,R02392,senior,11,11
Unit Echo,S03682,R02163,mid,6,6
Unit Delta,S03683,R01706,junior,8,7
Unit Alpha,S03684,R01131,senior,7,6
Unit Echo,S03685,R04206,mid,3,2
Unit Bravo,S03686,R00481,junior,9,7
Unit Delta,S03687,R01867,junior,7,7
Unit Bravo,S03688,R02917,junior,9,6
Unit Bravo,S03689,R00560,mid,8,5
Unit Alpha,S03690,R01088,mid,3,2
Unit Alpha,S03691,R03399,senior,8,8
Unit Alpha,S03692,R03136,mid,7,5
Unit Bravo,S03693,R04010,junior,9,6
Unit Echo,S03694,R04307,junior,8,3
Unit Delta,S03695,R01069,mid,8,6
Unit Delta,S03696,R02358,senior,7,6
Unit Echo,S03697,R04385,senior,5,3
Unit Bravo,S03698,R01979,junior,7,5
Unit Bravo,S03699,R01072,senior,4,4
Unit Echo,S03700,R00252,junior,9,5
Unit Echo,S03701,R00267,senior,6,6
Unit Echo,S03702,R03034,junior,3,2
Unit Bravo,S03703,R03722,junior,4,3
Unit Delta,S03704,R03675,mid,10,6
Unit Alpha,S03705,R02623,senior,12,12
Unit Echo,S03706,R01731,mid,5,4
Unit Echo,S03707,R00576,junior,3,1
Unit Delta,S03708,R02728,mid,4,4
Unit Delta,S03709,R01823,junior,6,2
Unit Delta,S03710,R01956,senior,11,9
Unit Alpha,S03711,R00537,mid,5,4
Unit Alpha,S03712,R03000,mid,3,3
Unit Echo,S03713,R00817,junior,3,3
Unit Echo,S03714,R01890,mid,5,4
Unit Bravo,S03715,R04020,mid,5,5
Unit Alpha,S03716,R03594,junior,2,2
Unit Alpha,S03717,R04787,mid,5,5
Unit Bravo,S03718,R00748,junior,3,2
Unit Bravo,S03719,R03544,junior,4,2
Unit Alpha,S03720,R02279,senior,10,10
Unit Bravo,S03721,R01431,junior,9,6
Unit Alpha,S03722,R04911,junior,4,2
Unit Alpha,S03723,R04494,junior,5,3
Unit Delta,S03724,R00982,mid,4,3
Unit Delta,S03725,R04448,senior,3,3
Unit Delta,S03726,R00746,mid,9,7
Unit Delta,S03727,R04175,mid,4,3
Unit Alpha,S03728,R02186,senior,8,8
Unit Delta,S03729,R02497,junior,5,2
Unit Bravo,S03730,R01698,senior,7,5
Unit Echo,S03731,R00083,junior,4,4
Unit Bravo,S03732,R01612,senior,6,4
Unit Alpha,S03733,R04083,mid,9,5
Unit Echo,S03734,R03726,junior,6,2
Unit Delta,S03735,R04547,mid,7,3
Unit Delta,S03736,R04178,junior,4,2
Unit Echo,S03737,R02306,mid,9,7
Unit Bravo,S03738,R04341,senior,9,8
Unit Bravo,S03739,R00532,mid,5,3
Unit Alpha,S03740,R00007,junior,5,4
Unit Bravo,S03741,R04886,mid,3,3
Unit Alpha,S03742,R00571,junior,5,3
Unit Bravo,S03743,R02760,junior,7,3
Unit Bravo,S03744,R00784,junior,6,5
Unit Echo,S03745,R00454,mid,9,6
Unit Delta,S03746,R02779,mid,8,7
Unit Alpha,S03747,R01518,mid,4,4
Unit Echo,S03748,R01691,junior,3,2
Unit Alpha,S03749,R03779,senior,5,5
Unit Delta,S03750,R03273,mid,7,6
Unit Bravo,S03751,R03428,senior,6,6
Unit Echo,S03752,R01390,mid,3,2
Unit Delta,S03753,R03069,mid,8,5
Unit Bravo,S03754,R04272,senior,7,6
Unit Echo,S03755,R01118,senior,6,6
Unit Delta,S03756,R02358,junior,6,3
Unit Alpha,S03757,R02120,senior,5,5
Unit Bravo,S03758,R01562,junior,5,4
Unit Alpha,S03759,R04158,mid,10,8
Unit Bravo,S03760,R04278,mid,5,3
Unit Bravo,S03761,R03014,mid,8,8
Unit Delta,S03762,R01459,mid,4,3
Unit Alpha,S03763,R02270,junior,4,1
Unit Delta,S03764,R00439,senior,6,5
Unit Alpha,S03765,R00920,junior,5,0
Unit Bravo,S03766,R00715,junior,7,3
Unit Delta,S03767,R04423,mid,8,8
Unit Echo,S03768,R00039,mid,5,4
Unit Delta,S03769,R02646,senior,5,5
Unit Delta,S03770,R01076,senior,4,4
Unit Bravo,S03771,R02607,junior,6,5
Unit Delta,S03772,R04649,senior,11,11
Unit Delta,S03773,R02785,senior,6,5
Unit Alpha,S03774,R04436,junior,11,5
Unit Alpha,S03775,R04686,junior,9,7
Unit Alpha,S03776,R01450,mid,6,6
Unit Bravo,S03777,R02576,senior,3,3
Unit Alpha,S03778,R01955,junior,6,5
Unit Delta,S03779,R01441,junior,6,2
Unit Alpha,S03780,R03361,mid,6,3
Unit Bravo,S03781,R00122,senior,6,6
Unit Alpha,S03782,R03402,mid,7,5
Unit Bravo,S03783,R03174,senior,5,4
Unit Bravo,S03784,R04941,junior,6,4
Unit Alpha,S03785,R04654,senior,7,6
Unit Echo,S03786,R04318,mid,5,3
Unit Bravo,S03787,R00452,mid,8,6
Unit Echo,S03788,R00326,mid,4,4
Unit Delta,S03789,R04569,senior,10,9
Unit Bravo,S03790,R00851,junior,8,5
Unit Alpha,S03791,R02487,mid,10,8
Unit Echo,S03792,R04249,junior,4,1
Unit Alpha,S03793,R03314,mid,4,2
Unit Alpha,S03794,R00724,senior,5,5
Unit Bravo,S03795,R03174,mid,8,6
Unit Bravo,S03796,R04198,junior,4,1
Unit Delta,S03797,R01974,junior,3,1
Unit Delta,S03798,R02871,junior,6,5
Unit Echo,S03799,R03589,mid,6,4
Unit Delta,S03800,R04342,junior,4,0
Unit Bravo,S03801,R04856,mid,6,4
Unit Alpha,S03802,R01043,junior,6,3
Unit Echo,S03803,R01080,junior,5,1
Unit Echo,S03804,R00429,mid,7,5
Unit Echo,S03805,R04476,junior,8,6
Unit Alpha,S03806,R03300,senior,7,6
Unit Bravo,S03807,R04092,junior,9,7
Unit Alpha,S03808,R02921,mid,7,6
Unit Alpha,S03809,R02532,senior,6,5
Unit Alpha,S03810,R00856,mid,5,3
Unit Delta,S03811,R04273,mid,3,1
Unit Delta,S03812,R01140,mid,2,1
Unit Bravo,S03813,R04660,senior,6,5
Unit Delta,S03814,R02019,mid,9,8
Unit Bravo,S03815,R03560,mid,5,3
Unit Bravo,S03816,R02273,mid,6,2
Unit Echo,S03817,R04315,mid,8,6
Unit Delta,S03818,R00700,senior,4,4
Unit Bravo,S03819,R04827,junior,6,3
Unit Alpha,S03820,R04982,mid,4,3
Unit Echo,S03821,R04605,junior,8,3
Unit Alpha,S03822,R01670,mid,7,4
Unit Delta,S03823,R03656,junior,7,4
Unit Alpha,S03824,R02103,mid,5,3
Unit Bravo,S03825,R02169,mid,3,2
Unit Delta,S03826,R04296,mid,6,6
Unit Alpha,S03827,R03969,mid,7,4
Unit Bravo,S03828,R00700,mid,9,6
Unit Alpha,S03829,R04430,mid,8,4
Unit Alpha,S03830,R02838,mid,2,1
Unit Bravo,S03831,R04892,mid,6,4
Unit Echo,S03832,R04978,junior,6,5
Unit Bravo,S03833,R03316,junior,6,3
Unit Echo,S03834,R01898,senior,4,4
Unit Alpha,S03835,R00070,mid,6,4
Unit Bravo,S03836,R04857,mid,9,6
Unit Delta,S03837,R04250,junior,6,2
Unit Alpha,S03838,R03968,senior,9,9
Unit Delta,S03839,R02817,junior,10,5
Unit Alpha,S03840,R03337,mid,9,6
Unit Echo,S03841,R01337,junior,5,1
Unit Alpha,S03842,R00824,junior,5,4
Unit Bravo,S03843,R01881,junior,6,4
Unit Echo,S03844,R04592,senior,8,7
Unit Echo,S03845,R00713,mid,2,2
Unit Bravo,S03846,R03278,mid,4,3
Unit Echo,S03847,R03426,mid,5,3
Unit Alpha,S03848,R01583,senior,5,3
Unit Echo,S03849,R02909,mid,4,2
Unit Delta,S03850,R03595,senior,5,5
Unit Alpha,S03851,R04831,senior,3,3
Unit Alpha,S03852,R03544,mid,6,5
Unit Echo,S03853,R01378,junior,6,5
Unit Echo,S03854,R02488,mid,4,3
Unit Delta,S03855,R01920,junior,9,6
Unit Delta,S03856,R04619,mid,5,5
Unit Bravo,S03857,R02050,senior,7,7
Unit Alpha,S03858,R00992,mid,6,6
Unit Delta,S03859,R03199,senior,8,7
Unit Bravo,S03860,R04488,junior,3,1
Unit Alpha,S03861,R01003,senior,5,4
Unit Alpha,S03862,R01342,junior,4,3
Unit Echo,S03863,R01120,mid,3,3
Unit Alpha,S03864,R00936,mid,7,5
Unit Alpha,S03865,R04399,mid,4,2
Unit Bravo,S03866,R02724,mid,4,2
Unit Alpha,S03867,R02308,senior,5,5
Unit Delta,S03868,R03358,junior,7,6
Unit Echo,S03869,R01578,senior,11,10
Unit Echo,S03870,R04596,junior,6,3
Unit Alpha,S03871,R01684,mid,9,8
Unit Echo,S03872,R03185,mid,3,3
Unit Echo,S03873,R02119,mid,7,7
Unit Alpha,S03874,R00851,senior,9,8
Unit Echo,S03875,R00420,senior,5,5
Unit Alpha,S03876,R02784,junior,7,4
Unit Bravo,S03877,R03478,mid,8,7
Unit Delta,S03878,R01715,junior,12,7
Unit Bravo,S03879,R01988,mid,5,4
Unit Delta,S03880,R02744,mid,4,3
Unit Delta,S03881,R02878,mid,7,6
Unit Echo,S03882,R03654,junior,5,2
Unit Echo,S03883,R00614,mid,9,6
Unit Delta,S03884,R00328,junior,7,6
Unit Alpha,S03885,R01596,junior,8,6
Unit Alpha,S03886,R01810,mid,6,4
Unit Echo,S03887,R01134,junior,7,5
Unit Bravo,S03888,R03821,junior,9,4
Unit Echo,S03889,R00899,junior,4,3
Unit Bravo,S03890,R02988,mid,6,6
Unit Echo,S03891,R03551,mid,9,8
Unit Echo,S03892,R00383,junior,5,1
Unit Bravo,S03893,R02100,mid,9,9
Unit Alpha,S03894,R04717,junior,6,6
Unit Bravo,S03895,R00883,mid,8,6
Unit Echo,S03896,R03624,senior,4,4
Unit Alpha,S03897,R02683,mid,7,5
Unit Alpha,S03898,R04218,mid,7,6
Unit Echo,S03899,R04285,junior,2,2
Unit Alpha,S03900,R04251,junior,12,10
Unit Echo,S03901,R04404,junior,1,1
Unit Echo,S03902,R03213,senior,4,4
Unit Echo,S03903,R01866,junior,7,5
Unit Delta,S03904,R02541,senior,4,3
Unit Delta,S03905,R04916,mid,5,4
Unit Echo,S03906,R00162,mid,7,6
Unit Delta,S03907,R01711,junior,9,7
Unit Delta,S03908,R04128,junior,7,5
Unit Alpha,S03909,R01943,mid,6,4
Unit Alpha,S03910,R04567,junior,5,3
Unit Alpha,S03911,R03994,junior,8,2
Unit Alpha,S03912,R02814,senior,6,6
Unit Echo,S03913,R00147,senior,3,3
Unit Bravo,S03914,R00111,junior,4,3
Unit Delta,S03915,R01522,senior,6,6
Unit Alpha,S03916,R03948,mid,9,5
Unit Bravo,S03917,R02071,mid,6,5
Unit Echo,S03918,R03851,mid,4,4
Unit Delta,S03919,R02361,senior,8,8
Unit Delta,S03920,R03742,mid,5,3
Unit Delta,S03921,R04195,junior,6,5
Unit Alpha,S03922,R01765,senior,3,3
Unit Alpha,S03923,R04625,mid,5,3
Unit Echo,S03924,R00721,senior,8,8
Unit Bravo,S03925,R02003,junior,5,5
Unit Alpha,S03926,R00312,junior,9,6
Unit Echo,S03927,R01869,senior,7,7
Unit Bravo,S03928,R01702,junior,7,4
Unit Delta,S03929,R04023,mid,4,4
Unit Delta,S03930,R04849,junior,4,3
Unit Bravo,S03931,R00784,junior,4,3
Unit Alpha,S03932,R01889,junior,5,4
Unit Delta,S03933,R01228,mid,4,4
Unit Bravo,S03934,R03480,junior,7,4
Unit Echo,S03935,R01716,senior,4,4
Unit Bravo,S03936,R01063,mid,9,6
Unit Delta,S03937,R00721,mid,5,4
Unit Delta,S03938,R00858,senior,3,3
Unit Bravo,S03939,R03709,junior,7,4
Unit Echo,S03940,R02718,junior,6,3
Unit Alpha,S03941,R02487,mid,5,2
Unit Echo,S03942,R02313,junior,5,3
Unit Echo,S03943,R04000,junior,6,5
Unit Alpha,S03944,R04160,senior,9,7
Unit Echo,S03945,R02575,junior,8,8
Unit Bravo,S03946,R04595,mid,8,7
Unit Bravo,S03947,R01737,junior,7,2
Unit Alpha,S03948,R03674,mid,8,6
Unit Bravo,S03949,R02370,senior,4,4
Unit Alpha,S03950,R01525,senior,4,4
Unit Bravo,S03951,R00690,junior,9,5
Unit Echo,S03952,R01071,mid,5,2
Unit Echo,S03953,R00004,mid,5,4
Unit Echo,S03954,R00521,senior,8,7
Unit Alpha,S03955,R04840,mid,5,2
Unit Echo,S03956,R04135,senior,6,6
Unit Bravo,S03957,R03115,mid,7,2
Unit Delta,S03958,R04266,mid,3,0
Unit Bravo,S03959,R00401,senior,5,4
Unit Bravo,S03960,R00537,mid,6,3
Unit Bravo,S03961,R03544,mid,11,10
Unit Bravo,S03962,R00522,mid,4,3
Unit Bravo,S03963,R03578,mid,6,4
Unit Bravo,S03964,R02141,junior,7,2
Unit Alpha,S03965,R04133,mid,7,5
Unit Delta,S03966,R00703,junior,8,4
Unit Alpha,S03967,R04008,senior,4,4
Unit Delta,S03968,R02029,junior,7,4
Unit Echo,S03969,R04109,mid,6,5
Unit Alpha,S03970,R01021,junior,8,4
Unit Delta,S03971,R04510,senior,6,6
Unit Alpha,S03972,R00127,mid,7,7
Unit Bravo,S03973,R01129,mid,2,2
Unit Echo,S03974,R04090,junior,9,5
Unit Alpha,S03975,R03257,senior,8,7
Unit Echo,S03976,R03391,junior,2,1
Unit Delta,S03977,R01689,mid,4,2
Unit Alpha,S03978,R00566,senior,6,6
Unit Delta,S03979,R00345,junior,5,2
Unit Echo,S03980,R03137,mid,8,6
Unit Delta,S03981,R00421,mid,11,10
Unit Delta,S03982,R03279,junior,6,4
Unit Alpha,S03983,R04625,mid,4,3
Unit Alpha,S03984,R04596,junior,2,2
Unit Bravo,S03985,R03069,junior,4,4
Unit Alpha,S03986,R03635,mid,6,6
Unit Alpha,S03987,R02933,junior,2,0
Unit Delta,S03988,R03496,senior,7,7
Unit Alpha,S03989,R04853,senior,4,4
Unit Alpha,S03990,R01415,junior,4,2
Unit Bravo,S03991,R01400,junior,4,4
Unit Alpha,S03992,R00681,junior,5,3
Unit Delta,S03993,R02976,mid,7,4
Unit Bravo,S03994,R00823,mid,6,6
Unit Delta,S03995,R04061,mid,4,3
Unit Delta,S03996,R04052,mid,3,0
Unit Echo,S03997,R04699,junior,8,6
Unit Delta,S03998,R03631,mid,4,3
Unit Echo,S03999,R02150,junior,6,0
Unit Bravo,S04000,R01922,mid,3,2
Unit Echo,S04001,R02696,senior,7,6
Unit Alpha,S04002,R00769,senior,3,2
Unit Echo,S04003,R04347,senior,7,6
Unit Delta,S04004,R01649,junior,8,5
Unit Bravo,S04005,R01919,mid,4,4
Unit Echo,S04006,R03246,junior,6,5
Unit Bravo,S04007,R02471,senior,7,6
Unit Bravo,S04008,R03354,junior,4,2
Unit Alpha,S04009,R03825,junior,7,5
Unit Bravo,S04010,R03914,mid,7,3
Unit Alpha,S04011,R04201,junior,4,3
Unit Alpha,S04012,R00733,junior,3,3
Unit Echo,S04013,R02977,junior,11,4
Unit Alpha,S04014,R02469,junior,7,1
Unit Echo,S04015,R00489,senior,8,6
Unit Alpha,S04016,R04481,junior,4,3
Unit Bravo,S04017,R04216,junior,2,2
Unit Delta,S04018,R04131,senior,4,3
Unit Alpha,S04019,R02725,senior,7,7
Unit Echo,S04020,R02228,mid,8,5
Unit Alpha,S04021,R01335,senior,6,5
Unit Delta,S04022,R02340,junior,6,3
Unit Alpha,S04023,R00765,junior,7,2
Unit Delta,S04024,R02153,senior,6,6
Unit Delta,S04025,R04660,senior,10,8
Unit Bravo,S04026,R01793,junior,3,2
Unit Delta,S04027,R01686,mid,5,5
Unit Alpha,S04028,R04961,junior,7,5
Unit Alpha,S04029,R03888,mid,7,6
Unit Echo,S04030,R04086,mid,7,4
Unit Echo,S04031,R02447,junior,6,4
Unit Bravo,S04032,R02255,junior,9,3
Unit Delta,S04033,R01927,junior,6,3
Unit Bravo,S04034,R04162,mid,4,3
Unit Echo,S04035,R00833,junior,3,2
Unit Bravo,S04036,R00083,junior,9,5
Unit Bravo,S04037,R02171,junior,4,3
Unit Echo,S04038,R03631,mid,10,7
Unit Delta,S04039,R00998,mid,9,7
Unit Echo,S04040,R00785,mid,6,3
Unit Bravo,S04041,R02890,junior,8,7
Unit Delta,S04042,R02089,mid,5,4
Unit Alpha,S04043,R03666,mid,6,6
Unit Bravo,S04044,R00174,junior,5,3
Unit Delta,S04045,R04890,junior,2,2
Unit Alpha,S04046,R00155,mid,3,3
Unit Alpha,S04047,R01364,mid,7,4
Unit Delta,S04048,R02338,mid,6,5
Unit Alpha,S04049,R04077,senior,3,3
Unit Echo,S04050,R02632,mid,4,2
Unit Echo,S04051,R04692,mid,4,2
Unit Bravo,S04052,R04779,mid,6,5
Unit Echo,S04053,R02190,senior,7,5
Unit Alpha,S04054,R01384,mid,4,1
Unit Alpha,S04055,R00702,mid,7,7
Unit Delta,S04056,R04211,mid,4,3
Unit Echo,S04057,R04002,mid,8,7
Unit Echo,S04058,R00827,junior,7,4
Unit Alpha,S04059,R02073,mid,6,5
Unit Delta,S04060,R02437,mid,9,8
Unit Delta,S04061,R02529,mid,7,3
Unit Bravo,S04062,R04700,mid,6,5
Unit Alpha,S04063,R01548,junior,10,4
Unit Alpha,S04064,R02636,senior,7,7
Unit Echo,S04065,R02585,mid,6,6
Unit Alpha,S04066,R04096,junior,8,7
Unit Echo,S04067,R00618,senior,5,4
Unit Delta,S04068,R02973,senior,6,6
Unit Bravo,S04069,R02434,junior,3,2
Unit Echo,S04070,R03671,mid,5,4
Unit Echo,S04071,R02214,junior,6,3
Unit Delta,S04072,R01045,junior,7,4
Unit Echo,S04073,R02228,junior,9,5
Unit Echo,S04074,R01000,junior,6,4
Unit Alpha,S04075,R02818,junior,3,1
Unit Alpha,S04076,R01379,mid,6,4
Unit Delta,S04077,R02463,junior,6,2
Unit Delta,S04078,R00367,senior,3,3
Unit Echo,S04079,R01640,junior,3,2
Unit Echo,S04080,R04393,mid,6,4
Unit Alpha,S04081,R02966,junior,2,2
Unit Bravo,S04082,R03679,mid,8,6
Unit Echo,S04083,R02643,junior,3,2
Unit Alpha,S04084,R00126,senior,5,5
Unit Bravo,S04085,R03960,junior,6,5
Unit Bravo,S04086,R04196,junior,8,5
Unit Alpha,S04087,R01899,mid,6,4
Unit Delta,S04088,R03116,senior,5,4
Unit Alpha,S04089,R01579,mid,4,3
Unit Alpha,S04090,R00957,mid,7,4
Unit Bravo,S04091,R03239,mid,6,5
Unit Echo,S04092,R01732,junior,2,2
Unit Bravo,S04093,R03522,mid,6,3
Unit Bravo,S04094,R04489,mid,6,4
Unit Bravo,S04095,R04678,mid,5,4
Unit Echo,S04096,R00305,mid,5,3
Unit Bravo,S04097,R01985,mid,4,3
Unit Echo,S04098,R03355,junior,5,3
Unit Alpha,S04099,R02871,mid,4,4
Unit Alpha,S04100,R03473,junior,4,3
Unit Alpha,S04101,R00447,mid,8,7
Unit Alpha,S04102,R03969,junior,5,4
Unit Delta,S04103,R03274,senior,5,3
Unit Delta,S04104,R04945,mid,3,2
Unit Delta,S04105,R00889,senior,6,5
Unit Alpha,S04106,R04826,junior,7,7
Unit Bravo,S04107,R01187,junior,7,5
Unit Bravo,S04108,R02650,junior,7,3
Unit Echo,S04109,R02970,senior,6,5
Unit Alpha,S04110,R00901,junior,8,6
Unit Alpha,S04111,R02977,senior,4,4
Unit Alpha,S04112,R02923,mid,6,6
Unit Echo,S04113,R02973,senior,3,2
Unit Bravo,S04114,R02733,senior,6,5
Unit Bravo,S04115,R01182,mid,6,4
Unit Delta,S04116,R03434,junior,5,3
Unit Delta,S04117,R01130,junior,7,5
Unit Bravo,S04118,R01479,junior,7,4
Unit Bravo,S04119,R01880,senior,4,4
Unit Delta,S04120,R01934,junior,7,4
Unit Echo,S04121,R04043,mid,9,8
Unit Echo,S04122,R02063,junior,6,2
Unit Bravo,S04123,R03514,junior,10,4
Unit Alpha,S04124,R01259,junior,5,3
Unit Delta,S04125,R03031,mid,5,5
Unit Delta,S04126,R01893,mid,4,2
Unit Delta,S04127,R01790,senior,2,1
Unit Alpha,S04128,R03822,mid,4,3
Unit Echo,S04129,R03096,junior,10,6
Unit Alpha,S04130,R02051,mid,7,4
Unit Bravo,S04131,R01601,junior,3,2
Unit Echo,S04132,R04790,mid,6,4
Unit Alpha,S04133,R00803,junior,6,3
Unit Delta,S04134,R03343,mid,5,4
Unit Echo,S04135,R01971,junior,6,6
Unit Bravo,S04136,R03284,mid,6,4
Unit Alpha,S04137,R04790,mid,7,3
Unit Bravo,S04138,R03097,mid,3,2
Unit Echo,S04139,R03135,senior,8,8
Unit Alpha,S04140,R03337,junior,10,6
Unit Delta,S04141,R04806,junior,7,2
Unit Bravo,S04142,R02962,senior,5,4
Unit Alpha,S04143,R01309,senior,3,2
Unit Echo,S04144,R02667,mid,5,4
Unit Echo,S04145,R04875,junior,9,7
Unit Bravo,S04146,R00756,senior,5,5
Unit Delta,S04147,R04515,mid,4,4
Unit Alpha,S04148,R03240,junior,5,2
Unit Bravo,S04149,R02299,senior,6,4
Unit Delta,S04150,R04466,mid,8,6
Unit Bravo,S04151,R04311,junior,10,8
Unit Bravo,S04152,R00351,junior,4,3
Unit Delta,S04153,R00310,mid,4,2
Unit Echo,S04154,R04930,senior,9,7
Unit Bravo,S04155,R04242,junior,7,5
Unit Alpha,S04156,R00832,mid,6,5
Unit Bravo,S04157,R00413,senior,7,6
Unit Echo,S04158,R03455,mid,6,4
Unit Bravo,S04159,R03556,senior,4,4
Unit Delta,S04160,R04405,junior,7,5
Unit Delta,S04161,R03008,mid,10,6
Unit Echo,S04162,R00012,senior,4,4
Unit Delta,S04163,R03941,senior,8,7
Unit Bravo,S04164,R00675,junior,7,5
Unit Alpha,S04165,R00898,mid,5,3
Unit Bravo,S04166,R02103,mid,8,5
Unit Alpha,S04167,R02549,mid,6,4
Unit Alpha,S04168,R01387,senior,2,2
Unit Bravo,S04169,R04580,junior,5,4
Unit Echo,S04170,R00385,junior,6,5
Unit Alpha,S04171,R03378,senior,5,4
Unit Alpha,S04172,R00964,junior,8,6
Unit Alpha,S04173,R04233,mid,7,4
Unit Delta,S04174,R00305,senior,5,4
Unit Delta,S04175,R03905,senior,3,3
Unit Echo,S04176,R02372,senior,7,7
Unit Echo,S04177,R04367,junior,6,4
Unit Echo,S04178,R02415,mid,5,3
Unit Delta,S04179,R01047,senior,6,6
Unit Delta,S04180,R00387,junior,5,3
Unit Bravo,S04181,R04489,mid,3,2
Unit Echo,S04182,R01871,senior,8,8
Unit Delta,S04183,R03546,junior,6,4
Unit Delta,S04184,R00306,junior,6,0
Unit Echo,S04185,R02564,mid,8,7
Unit Alpha,S04186,R02127,mid,4,3
Unit Bravo,S04187,R04302,mid,12,9
Unit Alpha,S04188,R00951,senior,2,2
Unit Echo,S04189,R02698,junior,8,6
Unit Bravo,S04190,R00826,junior,3,2
Unit Delta,S04191,R00310,mid,6,6
Unit Alpha,S04192,R02030,junior,5,5
Unit Delta,S04193,R03087,senior,5,4
Unit Bravo,S04194,R03506,mid,8,6
Unit Delta,S04195,R01641,junior,2,2
Unit Alpha,S04196,R01100,junior,7,6
Unit Delta,S04197,R04723,junior,7,4
Unit Alpha,S04198,R00978,junior,7,5
Unit Bravo,S04199,R00010,junior,7,1
Unit Delta,S04200,R00922,mid,4,3
Unit Alpha,S04201,R03735,senior,2,2
Unit Echo,S04202,R00834,senior,7,6
Unit Delta,S04203,R00515,mid,6,5
Unit Bravo,S04204,R03032,junior,2,1
Unit Delta,S04205,R04234,senior,8,8
Unit Delta,S04206,R02677,mid,5,4
Unit Bravo,S04207,R02820,mid,5,5
Unit Alpha,S04208,R01242,junior,5,3
Unit Bravo,S04209,R01860,mid,9,4
Unit Alpha,S04210,R02583,junior,8,7
Unit Alpha,S04211,R03554,junior,4,4
Unit Echo,S04212,R03025,senior,2,2
Unit Echo,S04213,R01094,mid,4,2
Unit Echo,S04214,R01346,junior,9,4
Unit Alpha,S04215,R00656,junior,8,4
Unit Alpha,S04216,R00070,junior,6,5
Unit Delta,S04217,R03925,junior,6,4
Unit Alpha,S04218,R04930,senior,3,3
Unit Echo,S04219,R04206,junior,4,3
Unit Bravo,S04220,R04183,junior,5,4
Unit Bravo,S04221,R01876,junior,6,4
Unit Bravo,S04222,R01266,junior,4,3
Unit Echo,S04223,R00297,junior,6,4
Unit Delta,S04224,R01064,mid,6,5
Unit Alpha,S04225,R01076,mid,5,3
Unit Echo,S04226,R02899,junior,7,5
Unit Delta,S04227,R04612,mid,5,2
Unit Bravo,S04228,R03915,junior,8,7
Unit Bravo,S04229,R01576,junior,11,8
Unit Alpha,S04230,R04639,junior,7,5
Unit Echo,S04231,R03295,senior,2,2
Unit Bravo,S04232,R02165,mid,10,6
Unit Alpha,S04233,R00448,mid,12,10
Unit Echo,S04234,R02732,junior,9,6
Unit Alpha,S04235,R01027,junior,9,4
Unit Bravo,S04236,R01150,junior,5,3
Unit Bravo,S04237,R04798,junior,3,2
Unit Bravo,S04238,R03178,mid,5,4
Unit Delta,S04239,R03581,mid,8,8
Unit Bravo,S04240,R01852,mid,6,3
Unit Alpha,S04241,R04606,senior,6,6
Unit Alpha,S04242,R01424,mid,6,5
Unit Bravo,S04243,R04501,senior,13,11
Unit Echo,S04244,R01871,junior,5,4
Unit Alpha,S04245,R01587,junior,6,5
Unit Delta,S04246,R00502,mid,4,2
Unit Delta,S04247,R00404,mid,12,7
Unit Delta,S04248,R04325,junior,8,4
Unit Bravo,S04249,R02540,junior,6,2
Unit Delta,S04250,R01104,senior,8,8
Unit Alpha,S04251,R04525,mid,6,5
Unit Delta,S04252,R01078,mid,6,5
Unit Bravo,S04253,R02047,senior,6,5
Unit Delta,S04254,R01360,mid,9,6
Unit Alpha,S04255,R02810,junior,5,3
Unit Delta,S04256,R01192,mid,4,2
Unit Alpha,S04257,R01406,mid,4,3
Unit Delta,S04258,R02231,mid,9,7
Unit Alpha,S04259,R03062,junior,4,2
Unit Echo,S04260,R02282,junior,4,4
Unit Delta,S04261,R04779,mid,8,4
Unit Alpha,S04262,R01346,junior,9,5
Unit Delta,S04263,R02937,mid,7,6
Unit Alpha,S04264,R04933,junior,8,4
Unit Delta,S04265,R02649,mid,6,6
Unit Delta,S04266,R01998,senior,9,9
Unit Echo,S04267,R00965,junior,9,7
Unit Echo,S04268,R02538,senior,8,7
Unit Delta,S04269,R00778,senior,5,5
Unit Delta,S04270,R00197,mid,7,6
Unit Alpha,S04271,R04290,mid,4,4
Unit Bravo,S04272,R01992,mid,3,3
Unit Echo,S04273,R02379,mid,4,4
Unit Delta,S04274,R03933,junior,5,2
Unit Alpha,S04275,R01073,mid,6,4
Unit Echo,S04276,R02074,junior,1,1
Unit Echo,S04277,R04451,mid,3,2
Unit Delta,S04278,R02529,mid,9,6
Unit Bravo,S04279,R04444,mid,5,3
Unit Alpha,S04280,R02359,mid,12,8
Unit Echo,S04281,R02636,junior,3,3
Unit Alpha,S04282,R03923,mid,3,3
Unit Delta,S04283,R01777,junior,5,3
Unit Alpha,S04284,R00835,junior,6,4
Unit Bravo,S04285,R03183,senior,10,8
Unit Bravo,S04286,R00060,mid,5,4
Unit Echo,S04287,R03858,mid,5,3
Unit Bravo,S04288,R00673,junior,6,3
Unit Delta,S04289,R03035,senior,5,5
Unit Delta,S04290,R00224,junior,5,3
Unit Delta,S04291,R01329,mid,7,6
Unit Alpha,S04292,R01357,senior,4,4
Unit Bravo,S04293,R01097,mid,5,4
Unit Alpha,S04294,R00390,mid,9,7
Unit Delta,S04295,R01613,mid,6,2
Unit Alpha,S04296,R02880,senior,3,2
Unit Echo,S04297,R02703,mid,4,3
Unit Alpha,S04298,R01113,junior,2,0
Unit Alpha,S04299,R02844,mid,6,4
Unit Delta,S04300,R01640,junior,5,4
Unit Echo,S04301,R00362,mid,5,4
Unit Alpha,S04302,R01586,mid,5,3
Unit Alpha,S04303,R04474,senior,3,3
Unit Alpha,S04304,R04394,junior,4,2
Unit Bravo,S04305,R03725,junior,4,2
Unit Alpha,S04306,R04951,mid,4,2
Unit Delta,S04307,R02114,senior,8,8
Unit Delta,S04308,R03403,senior,4,4
Unit Echo,S04309,R04401,mid,6,4
Unit Echo,S04310,R00957,senior,6,4
Unit Bravo,S04311,R04555,mid,3,2
Unit Alpha,S04312,R04848,mid,5,3
Unit Echo,S04313,R01288,junior,7,3
Unit Bravo,S04314,R02178,junior,9,7
Unit Echo,S04315,R04332,mid,7,4
Unit Delta,S04316,R02881,junior,5,2
Unit Delta,S04317,R03966,senior,5,4
Unit Alpha,S04318,R00231,mid,3,3
Unit Echo,S04319,R01458,junior,4,2
Unit Bravo,S04320,R04708,junior,2,2
Unit Bravo,S04321,R00827,senior,6,6
Unit Echo,S04322,R00588,senior,8,7
Unit Echo,S04323,R00403,mid,9,6
Unit Bravo,S04324,R02390,senior,4,4
Unit Alpha,S04325,R00850,mid,5,3
Unit Delta,S04326,R02893,mid,9,7
Unit Alpha,S04327,R04839,senior,9,8
Unit Echo,S04328,R02729,mid,3,1
Unit Delta,S04329,R00434,junior,7,5
Unit Bravo,S04330,R04048,junior,2,2
Unit Echo,S04331,R03835,mid,8,7
Unit Alpha,S04332,R01387,mid,8,5
Unit Alpha,S04333,R00411,junior,3,2
Unit Echo,S04334,R01668,junior,6,4
Unit Alpha,S04335,R01283,mid,13,9
Unit Delta,S04336,R04382,mid,9,7
Unit Delta,S04337,R01543,senior,4,4
Unit Bravo,S04338,R04687,senior,7,7
Unit Alpha,S04339,R03096,mid,4,3
Unit Delta,S04340,R00296,senior,5,5
Unit Alpha,S04341,R04949,mid,8,8
Unit Bravo,S04342,R01425,senior,4,4
Unit Delta,S04343,R00548,junior,5,4
Unit Delta,S04344,R03540,mid,9,6
Unit Echo,S04345,R03333,mid,5,5
Unit Echo,S04346,R00851,senior,3,2
Unit Alpha,S04347,R04674,junior,9,3
Unit Bravo,S04348,R04411,mid,7,6
Unit Alpha,S04349,R04284,senior,7,7
Unit Echo,S04350,R00500,mid,5,3
Unit Echo,S04351,R02344,junior,8,5
Unit Delta,S04352,R00626,mid,7,3
Unit Bravo,S04353,R01974,mid,5,4
Unit Echo,S04354,R03660,junior,11,6
Unit Bravo,S04355,R01795,junior,5,3
Unit Delta,S04356,R00689,mid,10,9
Unit Echo,S04357,R00386,mid,8,4
Unit Delta,S04358,R03001,mid,6,6
Unit Echo,S04359,R00234,junior,3,2
Unit Alpha,S04360,R03787,mid,9,8
Unit Echo,S04361,R00319,senior,6,5
Unit Bravo,S04362,R03132,junior,6,3
Unit Bravo,S04363,R04593,mid,7,5
Unit Delta,S04364,R02199,junior,2,1
Unit Alpha,S04365,R00947,mid,4,3
Unit Delta,S04366,R02591,mid,6,3
Unit Alpha,S04367,R01274,senior,6,5
Unit Delta,S04368,R00385,junior,8,6
Unit Delta,S04369,R01159,mid,4,4
Unit Bravo,S04370,R00677,mid,7,4
Unit Delta,S04371,R03788,mid,3,3
Unit Bravo,S04372,R03683,junior,8,4
Unit Alpha,S04373,R04987,senior,5,5
Unit Bravo,S04374,R04120,mid,6,6
Unit Delta,S04375,R00784,mid,6,5
Unit Bravo,S04376,R02716,mid,3,2
Unit Bravo,S04377,R04067,senior,5,4
Unit Alpha,S04378,R00272,junior,5,3
Unit Delta,S04379,R03194,junior,3,1
Unit Alpha,S04380,R00198,mid,5,2
Unit Alpha,S04381,R00899,senior,7,5
Unit Delta,S04382,R03624,junior,6,3
Unit Echo,S04383,R01565,senior,6,6
Unit Echo,S04384,R01003,senior,7,7
Unit Alpha,S04385,R03000,senior,7,5
Unit Alpha,S04386,R01001,junior,5,5
Unit Bravo,S04387,R04190,senior,5,3
Unit Echo,S04388,R00347,junior,5,3
Unit Bravo,S04389,R01087,mid,7,5
Unit Delta,S04390,R00179,junior,6,6
Unit Bravo,S04391,R03545,mid,6,3
Unit Bravo,S04392,R01199,junior,6,3
Unit Echo,S04393,R02620,junior,8,4
Unit Alpha,S04394,R00386,senior,8,8
Unit Delta,S04395,R03695,senior,7,5
Unit Bravo,S04396,R00866,mid,5,4
Unit Delta,S04397,R03776,mid,6,6
Unit Delta,S04398,R00663,junior,3,2
Unit Bravo,S04399,R01424,mid,7,6
Unit Echo,S04400,R03976,junior,3,2
Unit Delta,S04401,R04783,mid,6,5
Unit Bravo,S04402,R02207,mid,4,3
Unit Alpha,S04403,R04521,junior,7,5
Unit Echo,S04404,R00661,junior,3,3
Unit Echo,S04405,R00967,junior,5,3
Unit Delta,S04406,R02677,mid,9,5
Unit Bravo,S04407,R01832,junior,8,3
Unit Bravo,S04408,R02912,mid,6,6
Unit Alpha,S04409,R01639,junior,5,1
Unit Echo,S04410,R03866,junior,6,3
Unit Delta,S04411,R00323,junior,4,2
Unit Delta,S04412,R03325,mid,3,2
Unit Bravo,S04413,R01157,junior,5,4
Unit Delta,S04414,R04338,junior,10,7
Unit Echo,S04415,R00616,mid,4,2
Unit Echo,S04416,R00736,mid,6,3
Unit Alpha,S04417,R01870,mid,7,5
Unit Bravo,S04418,R00790,mid,6,5
Unit Bravo,S04419,R01837,mid,8,1
Unit Delta,S04420,R04665,junior,4,2
Unit Alpha,S04421,R02874,mid,9,7
Unit Echo,S04422,R00079,junior,8,5
Unit Alpha,S04423,R04933,junior,6,4
Unit Delta,S04424,R04239,junior,3,1
Unit Alpha,S04425,R00608,junior,8,8
Unit Delta,S04426,R04433,mid,7,7
Unit Delta,S04427,R01151,senior,3,2
Unit Bravo,S04428,R03857,junior,4,2
Unit Bravo,S04429,R00580,junior,7,5
Unit Echo,S04430,R04200,mid,7,4
Unit Bravo,S04431,R00148,mid,6,6
Unit Alpha,S04432,R01782,junior,10,7
Unit Bravo,S04433,R02397,senior,4,4
Unit Bravo,S04434,R03555,senior,4,4
Unit Alpha,S04435,R00260,mid,5,3
Unit Echo,S04436,R04668,mid,7,7
Unit Delta,S04437,R04213,mid,7,4
Unit Delta,S04438,R02368,mid,2,1
Unit Delta,S04439,R04317,junior,4,2
Unit Bravo,S04440,R01120,mid,6,5
Unit Alpha,S04441,R03844,mid,11,9
Unit Delta,S04442,R01173,senior,3,3
Unit Delta,S04443,R00346,mid,8,4
Unit Delta,S04444,R02374,senior,7,6
Unit Echo,S04445,R03087,mid,4,4
Unit Alpha,S04446,R04629,mid,4,3
Unit Echo,S04447,R02828,junior,8,5
Unit Delta,S04448,R00219,junior,8,5
Unit Delta,S04449,R01965,senior,10,8
Unit Echo,S04450,R02401,senior,6,5
Unit Alpha,S04451,R02884,junior,3,0
Unit Delta,S04452,R03088,mid,2,1
Unit Alpha,S04453,R00376,mid,5,3
Unit Delta,S04454,R01483,senior,7,6
Unit Delta,S04455,R02141,senior,7,7
Unit Bravo,S04456,R00645,mid,6,4
Unit Bravo,S04457,R02624,senior,3,3
Unit Delta,S04458,R04133,mid,3,2
Unit Echo,S04459,R03540,junior,6,5
Unit Delta,S04460,R04096,junior,6,5
Unit Bravo,S04461,R03423,junior,2,0
Unit Alpha,S04462,R02159,senior,3,3
Unit Delta,S04463,R02835,mid,6,5
Unit Delta,S04464,R02487,junior,6,5
Unit Delta,S04465,R03488,junior,10,8
Unit Bravo,S04466,R00775,junior,9,4
Unit Echo,S04467,R00957,mid,6,4
Unit Alpha,S04468,R03575,junior,7,6
Unit Delta,S04469,R00839,junior,5,3
Unit Bravo,S04470,R03622,mid,4,2
Unit Bravo,S04471,R01098,junior,5,4
Unit Delta,S04472,R00737,junior,6,4
Unit Echo,S04473,R04878,mid,10,7
Unit Bravo,S04474,R04587,mid,5,4
Unit Echo,S04475,R01935,junior,6,5
Unit Alpha,S04476,R00725,mid,7,6
Unit Alpha,S04477,R04980,junior,5,4
Unit Alpha,S04478,R03900,mid,5,5
Unit Alpha,S04479,R03623,mid,10,8
Unit Bravo,S04480,R01187,mid,4,4
Unit Delta,S04481,R03746,mid,5,4
Unit Bravo,S04482,R03854,mid,8,4
Unit Alpha,S04483,R01111,senior,6,6
Unit Echo,S04484,R00406,junior,7,5
Unit Delta,S04485,R04837,senior,2,2
Unit Bravo,S04486,R03286,mid,8,7
Unit Echo,S04487,R01744,mid,8,3
Unit Echo,S04488,R00568,junior,3,1
Unit Delta,S04489,R02825,junior,10,6
Unit Bravo,S04490,R01461,mid,9,9
Unit Bravo,S04491,R01069,mid,7,6
Unit Alpha,S04492,R03872,senior,5,4
Unit Delta,S04493,R04498,junior,7,5
Unit Echo,S04494,R01602,junior,4,1
Unit Delta,S04495,R03207,mid,4,3
Unit Delta,S04496,R03892,senior,5,5
Unit Alpha,S04497,R03931,junior,6,4
Unit Alpha,S04498,R04414,junior,7,4
Unit Bravo,S04499,R00075,mid,4,2
Unit Echo,S04500,R01820,mid,7,6
Unit Delta,S04501,R00329,junior,3,2
Unit Bravo,S04502,R02363,mid,4,2
Unit Bravo,S04503,R02550,junior,5,3
Unit Delta,S04504,R02302,junior,2,0
Unit Echo,S04505,R01157,junior,5,3
Unit Delta,S04506,R00222,mid,7,6
Unit Bravo,S04507,R00614,mid,5,2
Unit Delta,S04508,R02154,mid,8,4
Unit Echo,S04509,R04880,senior,9,8
Unit Bravo,S04510,R01866,junior,7,3
Unit Echo,S04511,R02839,junior,7,5
Unit Bravo,S04512,R03275,senior,7,7
Unit Echo,S04513,R01688,mid,4,3
Unit Echo,S04514,R01812,mid,7,7
Unit Alpha,S04515,R00493,mid,5,4
Unit Bravo,S04516,R03241,mid,11,9
Unit Bravo,S04517,R02409,mid,6,5
Unit Echo,S04518,R03599,mid,5,3
Unit Delta,S04519,R04051,junior,8,4
Unit Alpha,S04520,R00236,junior,8,6
Unit Bravo,S04521,R04536,junior,6,3
Unit Echo,S04522,R02613,mid,5,2
Unit Delta,S04523,R04226,junior,7,5
Unit Alpha,S04524,R01880,mid,6,5
Unit Bravo,S04525,R04467,mid,3,2
Unit Alpha,S04526,R00084,mid,9,7
Unit Delta,S04527,R01186,junior,6,4
Unit Bravo,S04528,R02909,mid,3,2
Unit Alpha,S04529,R00152,junior,8,4
Unit Delta,S04530,R03054,senior,8,8
Unit Delta,S04531,R00997,mid,9,6
Unit Echo,S04532,R04551,junior,8,6
Unit Echo,S04533,R03457,senior,9,9
Unit Delta,S04534,R04360,senior,8,8
Unit Alpha,S04535,R03167,junior,6,4
Unit Echo,S04536,R00311,mid,4,2
Unit Alpha,S04537,R02402,junior,7,4
Unit Delta,S04538,R00032,senior,4,4
Unit Alpha,S04539,R01475,senior,7,7
Unit Echo,S04540,R01279,mid,4,3
Unit Bravo,S04541,R04244,senior,5,4
Unit Alpha,S04542,R04103,mid,3,3
Unit Delta,S04543,R04983,senior,6,6
Unit Echo,S04544,R02128,mid,13,7
Unit Bravo,S04545,R04458,junior,4,3
Unit Echo,S04546,R03339,junior,8,6
Unit Alpha,S04547,R02308,mid,7,5
Unit Bravo,S04548,R00113,junior,7,4
Unit Alpha,S04549,R03035,mid,7,6
Unit Bravo,S04550,R04423,mid,12,11
Unit Echo,S04551,R02154,junior,5,3
Unit Alpha,S04552,R03164,junior,3,2
Unit Echo,S04553,R02651,junior,9,6
Unit Bravo,S04554,R03085,senior,6,6
Unit Bravo,S04555,R03758,junior,1,1
Unit Echo,S04556,R00425,junior,9,7
Unit Echo,S04557,R02425,senior,7,5
Unit Alpha,S04558,R04965,mid,6,2
Unit Bravo,S04559,R03223,mid,5,4
Unit Delta,S04560,R03524,mid,8,7
Unit Echo,S04561,R02394,junior,9,7
Unit Delta,S04562,R04262,junior,9,4
Unit Alpha,S04563,R03641,junior,4,2
Unit Alpha,S04564,R03469,senior,5,5
Unit Bravo,S04565,R01201,senior,5,4
Unit Bravo,S04566,R04305,junior,6,6
Unit Delta,S04567,R00938,junior,5,4
Unit Delta,S04568,R00544,junior,3,3
Unit Bravo,S04569,R04555,senior,5,4
Unit Delta,S04570,R01236,senior,7,5
Unit Alpha,S04571,R01642,mid,5,5
Unit Delta,S04572,R01337,junior,6,5
Unit Alpha,S04573,R04599,junior,6,3
Unit Bravo,S04574,R04207,mid,2,1
Unit Delta,S04575,R01240,junior,5,3
Unit Delta,S04576,R02440,junior,6,2
Unit Bravo,S04577,R01293,junior,5,4
Unit Alpha,S04578,R02006,junior,4,3
Unit Alpha,S04579,R02965,mid,5,5
Unit Delta,S04580,R01456,junior,6,3
Unit Delta,S04581,R00515,senior,5,5
Unit Bravo,S04582,R02639,junior,5,3
Unit Delta,S04583,R00851,junior,5,4
Unit Delta,S04584,R04831,mid,8,8
Unit Echo,S04585,R01486,junior,6,3
Unit Delta,S04586,R01728,junior,5,4
Unit Echo,S04587,R01663,junior,5,1
Unit Bravo,S04588,R04938,mid,8,6
Unit Bravo,S04589,R00108,junior,5,1
Unit Alpha,S04590,R00347,mid,4,3
Unit Bravo,S04591,R00351,junior,5,3
Unit Bravo,S04592,R03199,senior,8,8
Unit Alpha,S04593,R00426,mid,9,9
Unit Bravo,S04594,R03831,junior,4,1
Unit Bravo,S04595,R00896,mid,4,1
Unit Alpha,S04596,R02390,junior,8,5
Unit Alpha,S04597,R02865,mid,6,5
Unit Delta,S04598,R03960,mid,5,3
Unit Delta,S04599,R04832,senior,11,11
Unit Bravo,S04600,R02727,mid,5,2
Unit Alpha,S04601,R00783,mid,9,8
Unit Delta,S04602,R01514,junior,5,5
Unit Delta,S04603,R04303,mid,7,6
Unit Bravo,S04604,R01358,junior,5,1
Unit Alpha,S04605,R01372,junior,4,2
Unit Echo,S04606,R01692,mid,4,4
Unit Alpha,S04607,R01844,mid,8,5
Unit Echo,S04608,R04141,mid,7,7
Unit Echo,S04609,R00449,junior,9,7
Unit Alpha,S04610,R02512,mid,5,4
Unit Alpha,S04611,R01015,junior,1,0
Unit Echo,S04612,R00091,senior,5,5
Unit Bravo,S04613,R04812,junior,4,3
Unit Delta,S04614,R04049,junior,7,4
Unit Echo,S04615,R02239,mid,4,4
Unit Bravo,S04616,R04908,mid,5,3
Unit Echo,S04617,R00096,mid,3,1
Unit Echo,S04618,R03411,senior,8,8
Unit Alpha,S04619,R02971,junior,9,7
Unit Bravo,S04620,R02968,junior,3,3
Unit Bravo,S04621,R00264,junior,9,6
Unit Alpha,S04622,R03936,mid,7,4
Unit Delta,S04623,R04632,senior,5,4
Unit Echo,S04624,R01437,mid,5,2
Unit Alpha,S04625,R00169,junior,4,0
Unit Delta,S04626,R03822,mid,6,5
Unit Alpha,S04627,R00766,mid,10,9
Unit Echo,S04628,R00995,junior,5,4
Unit Echo,S04629,R04027,senior,7,7
Unit Delta,S04630,R03342,mid,5,4
Unit Alpha,S04631,R04371,mid,4,4
Unit Bravo,S04632,R02344,junior,4,1
Unit Echo,S04633,R00209,junior,4,4
Unit Delta,S04634,R03236,junior,6,4
Unit Delta,S04635,R01184,junior,7,4
Unit Alpha,S04636,R00751,mid,4,2
Unit Alpha,S04637,R00397,senior,6,6
Unit Bravo,S04638,R00577,junior,4,1
Unit Echo,S04639,R00102,mid,4,2
Unit Bravo,S04640,R01383,junior,4,4
Unit Echo,S04641,R03975,mid,3,3
Unit Alpha,S04642,R01989,mid,5,3
Unit Delta,S04643,R04178,junior,6,2
Unit Echo,S04644,R04805,junior,4,4
Unit Delta,S04645,R03618,junior,4,3
Unit Bravo,S04646,R00590,junior,4,3
Unit Delta,S04647,R01756,junior,7,4
Unit Delta,S04648,R00753,mid,8,6
Unit Bravo,S04649,R02634,senior,13,10
Unit Bravo,S04650,R04635,junior,8,3
Unit Echo,S04651,R02878,mid,5,3
Unit Bravo,S04652,R00111,senior,5,5
Unit Delta,S04653,R01355,mid,6,6
Unit Delta,S04654,R01518,mid,9,7
Unit Alpha,S04655,R02236,junior,9,7
Unit Bravo,S04656,R01892,junior,4,4
Unit Alpha,S04657,R03427,mid,6,4
Unit Delta,S04658,R04532,junior,6,4
Unit Alpha,S04659,R00106,junior,4,1
Unit Echo,S04660,R01673,senior,5,5
Unit Alpha,S04661,R03120,senior,5,5
Unit Alpha,S04662,R02685,mid,3,1
Unit Bravo,S04663,R04970,mid,2,2
Unit Alpha,S04664,R02811,junior,5,3
Unit Alpha,S04665,R00502,mid,6,6
Unit Delta,S04666,R01576,mid,5,4
Unit Delta,S04667,R01378,senior,4,4
Unit Delta,S04668,R00262,senior,4,4
Unit Bravo,S04669,R02255,mid,3,2
Unit Echo,S04670,R01184,junior,6,3
Unit Echo,S04671,R01131,mid,2,2
Unit Echo,S04672,R03635,senior,8,6
Unit Bravo,S04673,R03356,senior,7,7
Unit Alpha,S04674,R02907,junior,4,2
Unit Bravo,S04675,R00462,mid,11,9
Unit Delta,S04676,R00378,mid,8,5
Unit Delta,S04677,R02086,mid,10,8
Unit Alpha,S04678,R04647,junior,7,4
Unit Echo,S04679,R03406,senior,5,4
Unit Echo,S04680,R02813,junior,4,2
Unit Delta,S04681,R00299,junior,5,4
Unit Echo,S04682,R03734,senior,5,3
Unit Echo,S04683,R02731,junior,5,2
Unit Echo,S04684,R03002,mid,4,3
Unit Alpha,S04685,R00347,mid,7,6
Unit Alpha,S04686,R00308,senior,5,3
Unit Alpha,S04687,R04608,junior,5,3
Unit Echo,S04688,R02862,junior,8,6
Unit Echo,S04689,R00815,mid,8,7
Unit Alpha,S04690,R01720,junior,6,4
Unit Bravo,S04691,R00690,junior,6,2
Unit Bravo,S04692,R01495,senior,7,6
Unit Delta,S04693,R02816,junior,5,3
Unit Alpha,S04694,R00448,senior,9,7
Unit Bravo,S04695,R04120,mid,3,3
Unit Echo,S04696,R03452,mid,7,6
Unit Alpha,S04697,R01486,senior,2,2
Unit Bravo,S04698,R03890,mid,5,5
Unit Alpha,S04699,R03636,senior,7,4
Unit Delta,S04700,R00152,senior,9,7
Unit Echo,S04701,R01805,senior,4,4
Unit Echo,S04702,R02870,junior,3,1
Unit Echo,S04703,R01159,senior,5,5
Unit Alpha,S04704,R00821,junior,6,5
Unit Echo,S04705,R01580,junior,5,3
Unit Alpha,S04706,R02458,mid,7,5
Unit Delta,S04707,R04104,junior,5,3
Unit Alpha,S04708,R03058,junior,8,5
Unit Alpha,S04709,R01553,junior,8,7
Unit Echo,S04710,R03461,mid,8,5
Unit Delta,S04711,R03538,mid,8,6
Unit Alpha,S04712,R03107,mid,7,6
Unit Delta,S04713,R04099,mid,9,8
Unit Echo,S04714,R03628,mid,7,5
Unit Delta,S04715,R03171,mid,3,2
Unit Bravo,S04716,R04919,mid,10,8
Unit Alpha,S04717,R04405,junior,8,5
Unit Alpha,S04718,R02041,mid,5,2
Unit Echo,S04719,R01508,mid,7,7
Unit Delta,S04720,R03738,junior,7,6
Unit Alpha,S04721,R03809,mid,8,8
Unit Echo,S04722,R02398,junior,7,4
Unit Echo,S04723,R02885,mid,8,6
Unit Delta,S04724,R04293,junior,9,4
Unit Delta,S04725,R03421,senior,6,6
Unit Bravo,S04726,R00849,junior,6,4
Unit Echo,S04727,R00105,junior,3,3
Unit Alpha,S04728,R04142,mid,4,4
Unit Echo,S04729,R03817,junior,6,3
Unit Echo,S04730,R03480,mid,3,1
Unit Bravo,S04731,R00904,junior,4,1
Unit Echo,S04732,R04347,mid,7,6
Unit Alpha,S04733,R04313,senior,6,5
Unit Delta,S04734,R00427,mid,10,7
Unit Bravo,S04735,R04929,mid,9,7
Unit Alpha,S04736,R03696,junior,5,2
Unit Bravo,S04737,R03777,mid,5,4
Unit Delta,S04738,R04838,mid,7,7
Unit Alpha,S04739,R01805,junior,6,5
Unit Delta,S04740,R02364,senior,4,3
Unit Delta,S04741,R02330,senior,5,5
Unit Delta,S04742,R01802,junior,5,3
Unit Bravo,S04743,R03830,senior,8,7
Unit Delta,S04744,R02229,junior,6,4
Unit Bravo,S04745,R02379,mid,6,5
Unit Alpha,S04746,R02606,junior,7,5
Unit Echo,S04747,R02551,mid,12,11
Unit Delta,S04748,R01811,mid,8,4
Unit Bravo,S04749,R03118,mid,3,2
Unit Bravo,S04750,R00258,junior,4,3
Unit Bravo,S04751,R03194,mid,7,4
Unit Delta,S04752,R03948,mid,5,2
Unit Bravo,S04753,R01646,junior,4,3
Unit Delta,S04754,R01543,mid,10,7
Unit Delta,S04755,R02125,mid,6,4
Unit Bravo,S04756,R00039,senior,5,5
Unit Bravo,S04757,R03042,junior,9,4
Unit Echo,S04758,R01999,senior,12,12
Unit Bravo,S04759,R01627,mid,5,2
Unit Echo,S04760,R04815,mid,9,6
Unit Alpha,S04761,R04919,mid,4,4
Unit Echo,S04762,R00344,mid,5,3
Unit Alpha,S04763,R01244,junior,5,3
Unit Delta,S04764,R01201,mid,4,3
Unit Echo,S04765,R00364,mid,5,4
Unit Alpha,S04766,R02966,mid,6,5
Unit Bravo,S04767,R04983,junior,9,4
Unit Echo,S04768,R01349,senior,8,7
Unit Delta,S04769,R01233,senior,9,9
Unit Echo,S04770,R02655,mid,3,2
Unit Alpha,S04771,R01001,mid,5,4
Unit Bravo,S04772,R00845,junior,5,3
Unit Bravo,S04773,R02640,senior,5,4
Unit Alpha,S04774,R03943,senior,3,3
Unit Echo,S04775,R03630,junior,3,2
Unit Bravo,S04776,R02758,junior,4,2
Unit Echo,S04777,R02697,junior,6,5
Unit Echo,S04778,R04285,mid,7,6
Unit Alpha,S04779,R01094,junior,5,1
Unit Echo,S04780,R03806,junior,3,2
Unit Alpha,S04781,R01179,junior,10,6
Unit Alpha,S04782,R02085,mid,9,6
Unit Alpha,S04783,R00680,senior,10,7
Unit Bravo,S04784,R00872,senior,8,7
Unit Delta,S04785,R03286,mid,11,11
Unit Delta,S04786,R02662,junior,3,1
Unit Alpha,S04787,R03988,senior,6,5
Unit Bravo,S04788,R01389,mid,7,5
Unit Alpha,S04789,R04307,mid,6,6
Unit Bravo,S04790,R02921,junior,6,4
Unit Echo,S04791,R04499,senior,7,6
Unit Delta,S04792,R03885,senior,6,5
Unit Echo,S04793,R03386,junior,4,3
Unit Alpha,S04794,R01065,junior,6,5
Unit Alpha,S04795,R04411,senior,10,9
Unit Alpha,S04796,R02728,junior,7,4
Unit Echo,S04797,R01304,junior,4,3
Unit Delta,S04798,R04647,mid,4,4
Unit Bravo,S04799,R04602,mid,6,6
Unit Delta,S04800,R01069,mid,6,5
Unit Alpha,S04801,R03179,mid,9,8
Unit Alpha,S04802,R02958,mid,5,4
Unit Alpha,S04803,R02081,mid,5,3
Unit Alpha,S04804,R00555,junior,12,8
Unit Echo,S04805,R01720,junior,5,2
Unit Echo,S04806,R03029,junior,6,4
Unit Bravo,S04807,R03349,junior,2,2
Unit Bravo,S04808,R01095,junior,6,3
Unit Delta,S04809,R02596,mid,4,3
Unit Delta,S04810,R04954,mid,6,6
Unit Echo,S04811,R00966,junior,8,4
Unit Echo,S04812,R04188,mid,3,2
Unit Alpha,S04813,R00718,junior,6,4
Unit Alpha,S04814,R01957,senior,9,9
Unit Echo,S04815,R03651,mid,10,8
Unit Echo,S04816,R03463,senior,7,6
Unit Bravo,S04817,R01191,mid,7,4
Unit Delta,S04818,R00281,mid,4,4
Unit Alpha,S04819,R01061,mid,4,2
Unit Alpha,S04820,R04015,junior,5,3
Unit Alpha,S04821,R00618,mid,6,6
Unit Bravo,S04822,R01315,senior,6,5
Unit Bravo,S04823,R01055,junior,11,5
Unit Bravo,S04824,R04646,mid,7,4
Unit Bravo,S04825,R04354,junior,6,2
Unit Bravo,S04826,R02700,junior,8,3
Unit Echo,S04827,R03857,mid,4,2
Unit Delta,S04828,R01920,mid,5,4
Unit Delta,S04829,R00467,mid,2,1
Unit Echo,S04830,R02109,junior,7,4
Unit Echo,S04831,R02451,junior,6,4
Unit Echo,S04832,R04196,mid,8,6
Unit Delta,S04833,R04329,senior,4,4
Unit Alpha,S04834,R04628,junior,4,4
Unit Echo,S04835,R04356,mid,9,7
Unit Bravo,S04836,R02049,junior,6,2
Unit Delta,S04837,R03602,senior,9,7
Unit Alpha,S04838,R01434,mid,7,5
Unit Delta,S04839,R03673,mid,7,7
Unit Bravo,S04840,R03825,mid,7,6
Unit Bravo,S04841,R00357,junior,8,7
Unit Alpha,S04842,R02084,mid,8,5
Unit Delta,S04843,R03308,mid,8,6
Unit Bravo,S04844,R00567,senior,7,6
Unit Bravo,S04845,R04018,mid,4,1
Unit Alpha,S04846,R02344,mid,3,3
Unit Alpha,S04847,R00844,senior,3,2
Unit Alpha,S04848,R03419,junior,9,6
Unit Echo,S04849,R04062,senior,11,9
Unit Echo,S04850,R04283,senior,4,3
Unit Alpha,S04851,R01081,senior,8,7
Unit Alpha,S04852,R04860,junior,4,4
Unit Echo,S04853,R02238,mid,4,3
Unit Echo,S04854,R04436,junior,6,3
Unit Alpha,S04855,R04888,senior,5,3
Unit Delta,S04856,R03774,mid,4,3
Unit Alpha,S04857,R00753,junior,8,7
Unit Bravo,S04858,R03750,mid,7,7
Unit Delta,S04859,R02705,mid,4,3
Unit Echo,S04860,R00419,senior,6,6
Unit Alpha,S04861,R04430,mid,4,4
Unit Delta,S04862,R00028,senior,6,6
Unit Alpha,S04863,R03558,senior,7,6
Unit Bravo,S04864,R01073,mid,7,7
Unit Bravo,S04865,R02690,mid,7,5
Unit Alpha,S04866,R01153,junior,7,3
Unit Echo,S04867,R00286,senior,6,5
Unit Bravo,S04868,R02449,mid,5,5
Unit Alpha,S04869,R00576,junior,8,4
Unit Alpha,S04870,R02635,junior,6,3
Unit Alpha,S04871,R00568,mid,2,1
Unit Bravo,S04872,R00928,junior,7,4
Unit Delta,S04873,R04004,senior,3,3
Unit Delta,S04874,R00324,mid,10,8
Unit Echo,S04875,R04062,senior,2,2
Unit Echo,S04876,R01938,mid,3,3
Unit Bravo,S04877,R03819,senior,2,1
Unit Bravo,S04878,R01470,senior,2,2
Unit Alpha,S04879,R00762,mid,5,2
Unit Bravo,S04880,R03455,senior,10,10
Unit Delta,S04881,R03124,junior,9,4
Unit Delta,S04882,R04969,junior,5,5
Unit Alpha,S04883,R01813,junior,9,8
Unit Delta,S04884,R01474,mid,9,9
Unit Echo,S04885,R02695,senior,10,9
Unit Alpha,S04886,R03536,mid,7,5
Unit Delta,S04887,R00675,junior,5,3
Unit Delta,S04888,R00761,mid,4,2
Unit Echo,S04889,R04214,junior,10,8
Unit Bravo,S04890,R01259,mid,6,6
Unit Delta,S04891,R00808,senior,7,6
Unit Bravo,S04892,R03420,junior,4,4
Unit Bravo,S04893,R02638,mid,6,6
Unit Delta,S04894,R01371,senior,9,9
Unit Bravo,S04895,R00314,mid,10,9
Unit Bravo,S04896,R00497,senior,6,4
Unit Echo,S04897,R00038,mid,4,2
Unit Bravo,S04898,R03620,mid,4,4
Unit Bravo,S04899,R04903,junior,9,7
Unit Delta,S04900,R02983,junior,11,9
Unit Bravo,S04901,R04093,junior,4,3
Unit Echo,S04902,R04147,mid,5,1
Unit Echo,S04903,R02186,junior,7,3
Unit Echo,S04904,R01976,mid,4,3
Unit Bravo,S04905,R03229,junior,8,5
Unit Alpha,S04906,R00308,mid,2,2
Unit Bravo,S04907,R03143,junior,7,4
Unit Bravo,S04908,R04250,mid,5,5
Unit Bravo,S04909,R03131,junior,10,8
Unit Delta,S04910,R01718,mid,13,11
Unit Bravo,S04911,R03791,junior,6,2
Unit Echo,S04912,R01999,junior,5,2
Unit Echo,S04913,R00784,senior,13,12
Unit Delta,S04914,R00989,mid,8,6
Unit Delta,S04915,R02698,junior,5,4
Unit Bravo,S04916,R03464,junior,3,1
Unit Bravo,S04917,R03572,senior,5,5
Unit Alpha,S04918,R01495,mid,5,5
Unit Alpha,S04919,R03934,senior,6,5
Unit Alpha,S04920,R01085,senior,4,4
Unit Echo,S04921,R04214,mid,4,4
Unit Echo,S04922,R01042,junior,4,2
Unit Echo,S04923,R01282,senior,6,5
Unit Echo,S04924,R00218,senior,5,4
Unit Bravo,S04925,R02092,senior,6,6
Unit Delta,S04926,R04130,mid,10,9
Unit Alpha,S04927,R04196,mid,5,4
Unit Delta,S04928,R01940,mid,6,5
Unit Bravo,S04929,R02081,mid,7,5
Unit Bravo,S04930,R02395,mid,4,4
Unit Echo,S04931,R04574,junior,6,3
Unit Alpha,S04932,R00615,senior,6,5
Unit Alpha,S04933,R02895,junior,11,7
Unit Bravo,S04934,R04089,mid,4,3
Unit Alpha,S04935,R02863,junior,5,2
Unit Echo,S04936,R02226,senior,5,3
Unit Bravo,S04937,R03078,mid,3,2
Unit Alpha,S04938,R01888,junior,6,4
Unit Delta,S04939,R04753,junior,2,1
Unit Echo,S04940,R03015,mid,9,8
Unit Bravo,S04941,R03044,mid,3,3
Unit Delta,S04942,R01715,junior,7,4
Unit Alpha,S04943,R00062,mid,3,3
Unit Alpha,S04944,R00814,junior,13,10
Unit Alpha,S04945,R01109,senior,12,12
Unit Delta,S04946,R04435,senior,6,6
Unit Alpha,S04947,R01816,junior,8,6
Unit Bravo,S04948,R00688,senior,6,6
Unit Alpha,S04949,R01307,senior,9,9
Unit Delta,S04950,R03250,junior,9,7
Unit Delta,S04951,R01214,senior,9,9
Unit Bravo,S04952,R02441,senior,6,5
Unit Alpha,S04953,R02599,mid,7,3
Unit Delta,S04954,R00333,mid,6,4
Unit Alpha,S04955,R03418,junior,4,4
Unit Alpha,S04956,R00166,senior,6,5
Unit Alpha,S04957,R01603,junior,3,2
Unit Echo,S04958,R02953,junior,10,3
Unit Alpha,S04959,R04247,junior,8,7
Unit Bravo,S04960,R00891,junior,5,3
Unit Alpha,S04961,R02021,mid,10,7
Unit Alpha,S04962,R04138,junior,9,8
Unit Echo,S04963,R00837,senior,10,9
Unit Bravo,S04964,R03058,junior,12,9
Unit Echo,S04965,R02132,mid,7,6
Unit Echo,S04966,R02706,senior,8,7
Unit Alpha,S04967,R00009,junior,4,3
Unit Bravo,S04968,R01350,junior,7,5
Unit Bravo,S04969,R01170,senior,6,6
Unit Alpha,S04970,R04674,mid,3,3
Unit Echo,S04971,R02373,mid,2,1
Unit Bravo,S04972,R01163,mid,11,6
Unit Alpha,S04973,R03587,mid,9,6
Unit Echo,S04974,R02781,senior,7,7
Unit Delta,S04975,R02889,mid,8,6
Unit Alpha,S04976,R03075,junior,7,5
Unit Delta,S04977,R02156,junior,13,7
Unit Echo,S04978,R03363,senior,6,5
Unit Delta,S04979,R00274,junior,12,9
Unit Delta,S04980,R04410,junior,6,4
Unit Echo,S04981,R00036,mid,2,2
Unit Delta,S04982,R01271,junior,7,5
Unit Alpha,S04983,R00141,mid,4,2
Unit Bravo,S04984,R03184,junior,4,1
Unit Bravo,S04985,R01272,mid,7,7
Unit Delta,S04986,R02757,junior,9,6
Unit Alpha,S04987,R02614,junior,3,2
Unit Delta,S04988,R00158,mid,6,4
Unit Echo,S04989,R03584,mid,8,6
Unit Delta,S04990,R03258,junior,7,5
Unit Echo,S04991,R00128,mid,3,2
Unit Echo,S04992,R02293,mid,4,3
Unit Delta,S04993,R04419,mid,6,5
Unit Bravo,S04994,R02734,junior,5,3
Unit Delta,S04995,R02635,mid,5,4
Unit Echo,S04996,R00228,junior,8,5
Unit Bravo,S04997,R02248,junior,6,2
Unit Delta,S04998,R00469,mid,8,6
Unit Echo,S04999,R04527,junior,9,2
Unit Echo,S05000,R04463,junior,7,3
Unit Bravo,S05001,R03373,junior,6,5
Unit Echo,S05002,R01313,junior,5,4
Unit Bravo,S05003,R04139,junior,4,4
Unit Alpha,S05004,R03681,mid,5,3
Unit Delta,S05005,R04602,senior,7,7
Unit Delta,S05006,R04636,mid,7,6
Unit Alpha,S05007,R02426,senior,8,8
Unit Echo,S05008,R02370,mid,5,5
Unit Bravo,S05009,R00472,junior,5,4
Unit Bravo,S05010,R01236,mid,5,2
Unit Alpha,S05011,R00593,senior,4,3
Unit Alpha,S05012,R04153,junior,7,2
Unit Bravo,S05013,R02039,mid,5,4
Unit Delta,S05014,R02557,junior,9,6
Unit Bravo,S05015,R00917,mid,6,5
Unit Delta,S05016,R00857,junior,3,3
Unit Bravo,S05017,R03427,mid,10,9
Unit Bravo,S05018,R02019,senior,2,2
Unit Delta,S05019,R01283,mid,5,4
Unit Alpha,S05020,R02225,junior,7,5
Unit Bravo,S05021,R02001,senior,2,2
Unit Alpha,S05022,R03655,junior,7,4
Unit Bravo,S05023,R02257,mid,10,5
Unit Alpha,S05024,R00041,junior,3,2
Unit Delta,S05025,R02251,senior,8,7
Unit Bravo,S05026,R02696,junior,2,1
Unit Delta,S05027,R02626,junior,13,11
Unit Alpha,S05028,R01840,senior,3,3
Unit Alpha,S05029,R04549,mid,5,3
Unit Delta,S05030,R01905,junior,3,1
Unit Delta,S05031,R00439,senior,4,4
Unit Echo,S05032,R04439,mid,6,5
Unit Delta,S05033,R04358,junior,8,5
Unit Alpha,S05034,R01319,junior,4,4
Unit Delta,S05035,R04088,mid,6,4
Unit Echo,S05036,R02724,junior,3,3
Unit Delta,S05037,R03089,junior,7,2
Unit Delta,S05038,R01121,mid,8,5
Unit Delta,S05039,R01043,junior,9,4
Unit Echo,S05040,R03052,junior,4,2
Unit Echo,S05041,R02214,senior,8,7
Unit Alpha,S05042,R02029,junior,6,3
Unit Echo,S05043,R00205,mid,4,3
Unit Bravo,S05044,R00455,junior,7,4
Unit Alpha,S05045,R02749,mid,4,3
Unit Delta,S05046,R03704,mid,10,7
Unit Bravo,S05047,R02821,senior,4,4
Unit Echo,S05048,R03027,junior,8,5
Unit Alpha,S05049,R00897,junior,9,6
Unit Echo,S05050,R03000,senior,5,3
Unit Echo,S05051,R03296,senior,8,8
Unit Delta,S05052,R02607,senior,5,5
Unit Alpha,S05053,R01165,mid,9,6
Unit Echo,S05054,R02476,mid,4,3
Unit Delta,S05055,R04375,junior,4,3
Unit Echo,S05056,R04084,mid,6,5
Unit Alpha,S05057,R03713,mid,7,4
Unit Delta,S05058,R03987,mid,4,1
Unit Echo,S05059,R03824,mid,3,2
Unit Bravo,S05060,R03450,mid,12,9
Unit Echo,S05061,R00794,senior,4,3
Unit Alpha,S05062,R00909,junior,5,1
Unit Bravo,S05063,R00425,mid,7,5
Unit Echo,S05064,R04052,junior,4,2
Unit Delta,S05065,R03629,junior,3,1
Unit Echo,S05066,R02922,mid,9,8
Unit Echo,S05067,R02708,junior,4,4
Unit Bravo,S05068,R02008,senior,10,9
Unit Echo,S05069,R02564,junior,5,4
Unit Echo,S05070,R01324,senior,10,8
Unit Echo,S05071,R04706,mid,3,2
Unit Delta,S05072,R02200,junior,5,4
Unit Bravo,S05073,R02934,junior,1,1
Unit Alpha,S05074,R03838,senior,5,4
Unit Delta,S05075,R03203,mid,10,8
Unit Echo,S05076,R01459,mid,6,5
Unit Alpha,S05077,R02124,junior,4,2
Unit Alpha,S05078,R02517,junior,3,1
Unit Bravo,S05079,R04363,junior,10,5
Unit Bravo,S05080,R00050,mid,1,1
Unit Echo,S05081,R01210,senior,8,8
Unit Echo,S05082,R03619,junior,6,3
Unit Echo,S05083,R02466,junior,4,1
Unit Echo,S05084,R03193,junior,8,6
Unit Alpha,S05085,R02844,junior,5,5
Unit Delta,S05086,R03760,junior,8,5
Unit Echo,S05087,R03158,junior,6,5
Unit Delta,S05088,R00038,junior,4,4
Unit Bravo,S05089,R03635,mid,7,6
Unit Alpha,S05090,R02283,senior,5,4
Unit Delta,S05091,R03784,mid,5,4
Unit Echo,S05092,R01086,senior,8,6
Unit Delta,S05093,R00422,junior,10,6
Unit Echo,S05094,R04804,mid,7,4
Unit Alpha,S05095,R04157,mid,9,6
Unit Echo,S05096,R03107,junior,9,6
Unit Alpha,S05097,R04518,senior,10,9
Unit Echo,S05098,R02643,junior,2,2
Unit Alpha,S05099,R03141,junior,6,6
Unit Echo,S05100,R03413,mid,7,6
Unit Bravo,S05101,R03715,mid,8,8
Unit Delta,S05102,R02272,senior,9,8
Unit Echo,S05103,R01391,mid,7,6
Unit Alpha,S05104,R04178,junior,7,6
Unit Echo,S05105,R01568,junior,9,7
Unit Bravo,S05106,R04264,mid,5,3
Unit Delta,S05107,R03914,junior,6,3
Unit Alpha,S05108,R02345,senior,6,6
Unit Delta,S05109,R03466,junior,5,1
Unit Alpha,S05110,R01636,mid,6,4
Unit Delta,S05111,R01445,mid,7,3
Unit Alpha,S05112,R03754,mid,4,3
Unit Delta,S05113,R03473,junior,4,4
Unit Bravo,S05114,R02183,junior,8,6
Unit Bravo,S05115,R00708,junior,6,4
Unit Alpha,S05116,R03031,junior,10,6
Unit Delta,S05117,R00368,junior,6,3
Unit Delta,S05118,R00936,junior,4,3
Unit Delta,S05119,R03478,mid,8,7
Unit Bravo,S05120,R03830,junior,3,2
Unit Bravo,S05121,R01769,junior,4,3
Unit Echo,S05122,R00111,junior,3,3
Unit Bravo,S05123,R00073,junior,5,4
Unit Delta,S05124,R01524,mid,6,6
Unit Echo,S05125,R03578,senior,7,7
Unit Bravo,S05126,R01140,mid,8,7
Unit Bravo,S05127,R01773,mid,7,7
Unit Alpha,S05128,R02473,junior,5,4
Unit Bravo,S05129,R01380,mid,7,4
Unit Bravo,S05130,R03533,junior,3,2
Unit Delta,S05131,R03020,mid,4,4
Unit Bravo,S05132,R02294,mid,9,6
Unit Delta,S05133,R02927,junior,6,3
Unit Delta,S05134,R02450,senior,9,7
Unit Alpha,S05135,R01586,mid,9,6
Unit Bravo,S05136,R03334,senior,5,5
Unit Bravo,S05137,R03146,senior,5,5
Unit Alpha,S05138,R01797,junior,6,3
Unit Delta,S05139,R00453,mid,8,7
Unit Echo,S05140,R04382,junior,9,3
Unit Bravo,S05141,R00219,mid,5,4
Unit Echo,S05142,R00594,senior,5,5
Unit Delta,S05143,R04150,junior,4,1
Unit Bravo,S05144,R02979,mid,5,3
Unit Bravo,S05145,R02937,junior,11,3
Unit Delta,S05146,R03098,mid,6,5
Unit Bravo,S05147,R03151,junior,6,2
Unit Echo,S05148,R00037,mid,4,4
Unit Bravo,S05149,R03563,junior,5,4
Unit Delta,S05150,R03062,senior,5,5
Unit Alpha,S05151,R03199,junior,6,4
Unit Echo,S05152,R04439,senior,5,4
Unit Delta,S05153,R03120,mid,5,3
Unit Alpha,S05154,R01599,senior,2,2
Unit Alpha,S05155,R00327,senior,8,5
Unit Delta,S05156,R04236,junior,6,3
Unit Delta,S05157,R02115,mid,7,4
Unit Bravo,S05158,R02376,junior,6,3
Unit Bravo,S05159,R03718,mid,4,4
Unit Bravo,S05160,R02662,senior,13,13
Unit Echo,S05161,R00084,mid,5,4
Unit Delta,S05162,R00793,junior,6,4
Unit Echo,S05163,R00639,mid,6,4
Unit Delta,S05164,R04933,senior,5,5
Unit Delta,S05165,R01544,mid,12,6
Unit Alpha,S05166,R02822,mid,9,3
Unit Echo,S05167,R04239,mid,8,7
Unit Delta,S05168,R04725,senior,6,6
Unit Alpha,S05169,R03097,junior,7,6
Unit Bravo,S05170,R04530,mid,7,7
Unit Delta,S05171,R01705,senior,5,4
Unit Delta,S05172,R01252,junior,7,4
Unit Alpha,S05173,R01388,senior,5,4
Unit Delta,S05174,R00254,mid,4,3
Unit Delta,S05175,R00434,junior,7,5
Unit Delta,S05176,R02084,junior,4,3
Unit Bravo,S05177,R04880,senior,8,7
Unit Bravo,S05178,R03259,junior,10,8
Unit Alpha,S05179,R03019,junior,10,6
Unit Delta,S05180,R04692,junior,9,5
Unit Echo,S05181,R04866,mid,4,4
Unit Delta,S05182,R00751,junior,8,3
Unit Delta,S05183,R02788,mid,5,3
Unit Bravo,S05184,R01467,junior,8,5
Unit Echo,S05185,R03649,mid,7,5
Unit Bravo,S05186,R03845,senior,3,2
Unit Bravo,S05187,R02768,mid,7,7
Unit Delta,S05188,R01276,mid,3,3
Unit Delta,S05189,R02601,mid,6,6
Unit Bravo,S05190,R03610,junior,4,4
Unit Delta,S05191,R03271,mid,5,3
Unit Bravo,S05192,R02932,mid,4,3
Unit Echo,S05193,R01865,junior,6,5
Unit Alpha,S05194,R02764,junior,5,3
Unit Echo,S05195,R04704,junior,5,2
Unit Alpha,S05196,R03969,junior,8,6
Unit Echo,S05197,R02316,junior,9,7
Unit Bravo,S05198,R02988,mid,5,4
Unit Alpha,S05199,R01971,junior,7,2
Unit Delta,S05200,R01041,senior,5,5
Unit Alpha,S05201,R01922,junior,3,2
Unit Bravo,S05202,R02345,junior,6,4
Unit Delta,S05203,R03206,mid,10,6
Unit Bravo,S05204,R00206,junior,9,7
Unit Echo,S05205,R02911,junior,9,4
Unit Bravo,S05206,R04553,junior,7,3
Unit Delta,S05207,R00571,mid,6,5
Unit Echo,S05208,R03889,senior,5,4
Unit Alpha,S05209,R03060,senior,6,4
Unit Alpha,S05210,R03500,senior,2,2
Unit Echo,S05211,R04969,mid,6,4
Unit Bravo,S05212,R00271,junior,5,5
Unit Alpha,S05213,R01575,mid,6,4
Unit Delta,S05214,R04674,mid,6,4
Unit Bravo,S05215,R00115,mid,5,4
Unit Bravo,S05216,R04736,mid,4,4
Unit Delta,S05217,R04514,mid,4,4
Unit Delta,S05218,R04312,senior,12,12
Unit Echo,S05219,R00468,junior,6,2
Unit Alpha,S05220,R01043,senior,10,6
Unit Delta,S05221,R02916,senior,9,8
Unit Echo,S05222,R04951,mid,5,4
Unit Delta,S05223,R02587,junior,2,2
Unit Alpha,S05224,R00648,junior,7,5
Unit Bravo,S05225,R01343,junior,4,4
Unit Alpha,S05226,R03383,junior,8,6
Unit Echo,S05227,R00186,junior,7,5
Unit Bravo,S05228,R00386,junior,7,2
Unit Echo,S05229,R00566,junior,5,5
Unit Bravo,S05230,R01614,senior,4,4
Unit Alpha,S05231,R03965,junior,5,4
Unit Echo,S05232,R04784,junior,3,3
Unit Alpha,S05233,R04055,mid,1,1
Unit Alpha,S05234,R00294,junior,8,5
Unit Echo,S05235,R03255,mid,10,8
Unit Bravo,S05236,R00138,mid,3,3
Unit Bravo,S05237,R00532,junior,7,5
Unit Delta,S05238,R01862,senior,9,9
Unit Echo,S05239,R02600,junior,6,5
Unit Alpha,S05240,R03539,senior,2,2
Unit Delta,S05241,R03885,senior,3,3
Unit Alpha,S05242,R03348,mid,9,8
Unit Echo,S05243,R00266,junior,4,1
Unit Alpha,S05244,R02829,mid,6,3
Unit Delta,S05245,R03036,senior,6,5
Unit Bravo,S05246,R01650,junior,7,5
Unit Delta,S05247,R02077,senior,7,7
Unit Bravo,S05248,R04110,mid,6,4
Unit Bravo,S05249,R03922,junior,1,0
Unit Echo,S05250,R00857,mid,2,2
Unit Alpha,S05251,R03787,junior,2,2
Unit Alpha,S05252,R00749,mid,8,6
Unit Delta,S05253,R00190,junior,7,4
Unit Echo,S05254,R01316,mid,9,6
Unit Echo,S05255,R02492,senior,6,6
Unit Alpha,S05256,R02495,junior,9,7
Unit Alpha,S05257,R03783,mid,5,3
Unit Bravo,S05258,R04315,mid,4,3
Unit Echo,S05259,R01949,junior,4,2
Unit Alpha,S05260,R04206,mid,5,5
Unit Alpha,S05261,R02165,senior,6,6
Unit Alpha,S05262,R00544,mid,10,6
Unit Echo,S05263,R01320,junior,8,4
Unit Bravo,S05264,R00175,junior,4,2
Unit Alpha,S05265,R01488,mid,4,3
Unit Alpha,S05266,R02069,junior,6,2
Unit Bravo,S05267,R03898,junior,7,4
Unit Echo,S05268,R02539,mid,5,4
Unit Alpha,S05269,R00398,junior,5,2
Unit Delta,S05270,R01347,mid,5,3
Unit Alpha,S05271,R01432,junior,7,3
Unit Bravo,S05272,R02814,junior,8,5
Unit Delta,S05273,R02769,junior,6,4
Unit Bravo,S05274,R03748,senior,7,7
Unit Delta,S05275,R00391,junior,9,6
Unit Bravo,S05276,R04834,mid,9,8
Unit Echo,S05277,R03401,junior,5,4
Unit Bravo,S05278,R01473,mid,8,4
Unit Delta,S05279,R02387,senior,7,7
Unit Bravo,S05280,R02246,mid,3,1
Unit Bravo,S05281,R03153,mid,6,4
Unit Echo,S05282,R02227,mid,5,5
Unit Bravo,S05283,R00830,mid,5,3
Unit Bravo,S05284,R04252,mid,6,6
Unit Echo,S05285,R04308,mid,3,2
Unit Alpha,S05286,R03824,junior,8,4
Unit Bravo,S05287,R00381,mid,5,4
Unit Alpha,S05288,R04706,junior,6,5
Unit Delta,S05289,R03145,mid,4,2
Unit Alpha,S05290,R02031,mid,6,5
Unit Bravo,S05291,R00338,mid,2,1
Unit Alpha,S05292,R00322,senior,9,8
Unit Echo,S05293,R03873,mid,7,4
Unit Bravo,S05294,R04148,junior,8,4
Unit Bravo,S05295,R03090,junior,6,5
Unit Echo,S05296,R01655,junior,5,2
Unit Alpha,S05297,R00045,senior,5,5
Unit Bravo,S05298,R01877,mid,4,4
Unit Alpha,S05299,R01684,mid,3,3
Unit Delta,S05300,R02505,junior,9,7
Unit Echo,S05301,R02587,mid,7,4
Unit Echo,S05302,R03018,mid,6,4
Unit Bravo,S05303,R03594,mid,4,3
Unit Delta,S05304,R03710,senior,6,5
Unit Echo,S05305,R03805,junior,7,3
Unit Bravo,S05306,R04964,mid,3,3
Unit Alpha,S05307,R00602,mid,4,3
Unit Bravo,S05308,R00817,mid,6,6
Unit Bravo,S05309,R04557,senior,3,1
Unit Alpha,S05310,R01466,junior,6,3
Unit Echo,S05311,R01906,senior,7,7
Unit Echo,S05312,R04881,junior,1,1
Unit Bravo,S05313,R01387,senior,5,5
Unit Delta,S05314,R03893,senior,9,9
Unit Alpha,S05315,R02128,mid,8,5
Unit Echo,S05316,R04903,mid,7,5
Unit Delta,S05317,R01810,junior,3,0
Unit Bravo,S05318,R04962,senior,5,5
Unit Bravo,S05319,R04428,senior,7,7
Unit Echo,S05320,R02673,junior,7,3
Unit Delta,S05321,R04080,junior,10,4
Unit Delta,S05322,R04887,mid,4,3
Unit Delta,S05323,R00799,mid,8,7
Unit Alpha,S05324,R01738,mid,7,4
Unit Alpha,S05325,R04799,junior,3,2
Unit Bravo,S05326,R03940,mid,8,8
Unit Alpha,S05327,R03431,mid,5,4
Unit Bravo,S05328,R01170,junior,5,3
Unit Echo,S05329,R02130,mid,8,7
Unit Delta,S05330,R00551,mid,5,4
Unit Bravo,S05331,R04067,mid,7,4
Unit Echo,S05332,R01375,senior,5,5
Unit Echo,S05333,R01154,junior,6,5
Unit Alpha,S05334,R02234,junior,8,5
Unit Alpha,S05335,R00214,senior,3,3
Unit Alpha,S05336,R01927,senior,4,4
Unit Bravo,S05337,R01028,mid,6,4
Unit Alpha,S05338,R01350,mid,3,2
Unit Alpha,S05339,R00301,junior,4,1
Unit Echo,S05340,R03677,junior,6,4
Unit Echo,S05341,R03559,junior,7,3
Unit Delta,S05342,R01024,junior,5,1
Unit Bravo,S05343,R04881,mid,2,2
Unit Alpha,S05344,R01717,senior,12,9
Unit Echo,S05345,R04340,junior,4,4
Unit Delta,S05346,R03993,junior,7,4
Unit Echo,S05347,R04167,junior,7,4
Unit Alpha,S05348,R02996,mid,4,3
Unit Alpha,S05349,R01199,junior,7,4
Unit Echo,S05350,R03293,mid,9,7
Unit Delta,S05351,R02835,mid,11,5
Unit Echo,S05352,R03125,mid,5,3
Unit Alpha,S05353,R04476,senior,4,4
Unit Alpha,S05354,R01197,mid,3,2
Unit Delta,S05355,R02896,mid,5,5
Unit Alpha,S05356,R04001,senior,2,2
Unit Bravo,S05357,R01480,mid,4,3
Unit Delta,S05358,R03005,junior,6,4
Unit Delta,S05359,R02974,junior,7,3
Unit Delta,S05360,R02828,senior,8,8
Unit Bravo,S05361,R00966,senior,5,3
Unit Delta,S05362,R04559,junior,8,6
Unit Alpha,S05363,R01666,junior,5,4
Unit Delta,S05364,R01911,junior,4,2
Unit Alpha,S05365,R03267,junior,8,2
Unit Alpha,S05366,R01846,junior,4,2
Unit Alpha,S05367,R02457,mid,6,5
Unit Bravo,S05368,R00026,mid,5,4
Unit Bravo,S05369,R00678,junior,4,3
Unit Echo,S05370,R04642,junior,2,1
Unit Echo,S05371,R00104,mid,3,3
Unit Alpha,S05372,R03667,junior,9,4
Unit Bravo,S05373,R00483,mid,11,9
Unit Echo,S05374,R02943,senior,8,8
Unit Delta,S05375,R02722,mid,7,6
Unit Bravo,S05376,R02273,mid,5,2
Unit Echo,S05377,R01098,mid,7,4
Unit Bravo,S05378,R00300,senior,4,4
Unit Alpha,S05379,R00330,senior,3,3
Unit Alpha,S05380,R02190,junior,12,11
Unit Bravo,S05381,R03802,junior,8,5
Unit Alpha,S05382,R04771,mid,2,0
Unit Echo,S05383,R02367,junior,7,6
Unit Echo,S05384,R03480,junior,2,1
Unit Echo,S05385,R00481,junior,6,4
Unit Delta,S05386,R02816,junior,6,3
Unit Echo,S05387,R04233,senior,7,6
Unit Echo,S05388,R03932,mid,7,5
Unit Delta,S05389,R01427,junior,6,4
Unit Alpha,S05390,R00227,mid,4,4
Unit Echo,S05391,R01907,mid,5,3
Unit Bravo,S05392,R03313,mid,7,6
Unit Bravo,S05393,R04745,mid,9,8
Unit Bravo,S05394,R00228,senior,4,4
Unit Alpha,S05395,R02397,junior,5,3
Unit Delta,S05396,R00828,mid,8,6
Unit Bravo,S05397,R00852,mid,7,4
Unit Echo,S05398,R00724,senior,6,5
Unit Delta,S05399,R03954,junior,3,0
Unit Echo,S05400,R02208,junior,4,4
Unit Bravo,S05401,R03873,junior,6,4
Unit Bravo,S05402,R01341,senior,8,7
Unit Delta,S05403,R00870,senior,5,5
Unit Alpha,S05404,R01883,junior,6,4
Unit Delta,S05405,R04363,mid,7,2
Unit Echo,S05406,R03847,junior,7,4
Unit Alpha,S05407,R01850,mid,7,6
Unit Delta,S05408,R04771,senior,7,6
Unit Echo,S05409,R01515,mid,6,5
Unit Bravo,S05410,R03124,junior,6,4
Unit Bravo,S05411,R00265,junior,5,4
Unit Echo,S05412,R01581,mid,4,4
Unit Bravo,S05413,R00179,mid,7,6
Unit Echo,S05414,R00288,junior,6,4
Unit Alpha,S05415,R00292,mid,5,3
Unit Alpha,S05416,R01196,junior,5,3
Unit Alpha,S05417,R01048,junior,1,0
Unit Bravo,S05418,R03819,mid,7,4
Unit Alpha,S05419,R00422,mid,5,4
Unit Echo,S05420,R03572,mid,4,2
Unit Alpha,S05421,R01400,mid,6,3
Unit Echo,S05422,R00760,mid,5,4
Unit Alpha,S05423,R02743,mid,7,7
Unit Delta,S05424,R00735,junior,8,7
Unit Delta,S05425,R04206,junior,8,8
Unit Bravo,S05426,R00022,mid,7,4
Unit Echo,S05427,R00973,junior,6,3
Unit Bravo,S05428,R03288,senior,4,4
Unit Delta,S05429,R03267,junior,4,2
Unit Delta,S05430,R01174,mid,5,4
Unit Delta,S05431,R00364,junior,6,3
Unit Echo,S05432,R01106,junior,5,2
Unit Bravo,S05433,R03427,junior,4,2
Unit Echo,S05434,R00622,junior,13,7
Unit Bravo,S05435,R01476,mid,6,5
Unit Delta,S05436,R02357,junior,2,2
Unit Bravo,S05437,R04824,senior,5,5
Unit Delta,S05438,R00363,mid,2,2
Unit Delta,S05439,R01830,mid,5,4
Unit Echo,S05440,R01558,junior,5,4
Unit Delta,S05441,R02226,mid,6,6
Unit Delta,S05442,R02505,mid,8,8
Unit Echo,S05443,R01280,mid,4,3
Unit Delta,S05444,R00705,mid,6,5
Unit Bravo,S05445,R00951,mid,5,4
Unit Alpha,S05446,R03184,mid,7,5
Unit Delta,S05447,R02643,junior,5,4
Unit Delta,S05448,R04517,mid,9,8
Unit Bravo,S05449,R03032,mid,5,4
Unit Bravo,S05450,R04517,senior,7,5
Unit Alpha,S05451,R03257,junior,3,0
Unit Echo,S05452,R01799,junior,5,3
Unit Echo,S05453,R02557,mid,8,5
Unit Delta,S05454,R00849,mid,7,7
Unit Bravo,S05455,R02935,mid,11,7
Unit Echo,S05456,R03863,senior,10,9
Unit Alpha,S05457,R00928,mid,6,5
Unit Echo,S05458,R04431,mid,11,9
Unit Echo,S05459,R03554,junior,7,4
Unit Bravo,S05460,R03355,mid,7,6
Unit Delta,S05461,R04061,senior,3,3
Unit Bravo,S05462,R03436,junior,3,1
Unit Bravo,S05463,R04985,mid,6,5
Unit Bravo,S05464,R03907,mid,6,5
Unit Echo,S05465,R00034,mid,4,4
Unit Echo,S05466,R00065,mid,7,7
Unit Bravo,S05467,R04536,junior,5,4
Unit Bravo,S05468,R01548,junior,6,3
Unit Echo,S05469,R04801,junior,2,1
Unit Bravo,S05470,R04320,mid,5,3
Unit Alpha,S05471,R02134,junior,5,4
Unit Alpha,S05472,R02071,senior,2,1
Unit Alpha,S05473,R00877,junior,2,0
Unit Echo,S05474,R01374,junior,12,8
Unit Alpha,S05475,R02177,senior,7,6
Unit Delta,S05476,R02780,junior,8,4
Unit Alpha,S05477,R02716,senior,6,6
Unit Bravo,S05478,R00891,junior,4,2
Unit Alpha,S05479,R03733,mid,6,6
Unit Bravo,S05480,R03203,mid,5,4
Unit Echo,S05481,R00275,mid,2,2
Unit Delta,S05482,R01550,senior,6,6
Unit Delta,S05483,R04915,junior,8,7
Unit Delta,S05484,R03277,mid,8,6
Unit Echo,S05485,R03036,junior,6,2
Unit Alpha,S05486,R02484,senior,4,3
Unit Bravo,S05487,R00682,junior,6,4
Unit Alpha,S05488,R04526,mid,9,4
Unit Alpha,S05489,R02343,junior,7,7
Unit Echo,S05490,R01898,junior,12,8
Unit Echo,S05491,R03512,senior,4,4
Unit Alpha,S05492,R01537,mid,10,5
Unit Delta,S05493,R03715,mid,2,2
Unit Alpha,S05494,R04395,senior,3,3
Unit Bravo,S05495,R03364,mid,5,4
Unit Delta,S05496,R04060,mid,5,4
Unit Echo,S05497,R02423,mid,3,2
Unit Alpha,S05498,R02211,mid,6,5
Unit Alpha,S05499,R03675,junior,4,3
Unit Bravo,S05500,R04379,junior,8,4
Unit Echo,S05501,R04592,mid,14,10
Unit Delta,S05502,R03947,junior,4,1
Unit Alpha,S05503,R04428,junior,6,5
Unit Delta,S05504,R01932,senior,7,6
Unit Alpha,S05505,R00665,junior,10,6
Unit Delta,S05506,R02784,mid,3,2
Unit Delta,S05507,R04282,junior,6,1
Unit Alpha,S05508,R02044,mid,8,8
Unit Alpha,S05509,R01952,junior,4,2
Unit Echo,S05510,R04967,mid,4,2
Unit Delta,S05511,R00452,mid,6,5
Unit Delta,S05512,R01532,junior,4,3
Unit Echo,S05513,R02179,junior,8,6
Unit Delta,S05514,R01442,mid,3,1
Unit Echo,S05515,R03679,mid,4,2
Unit Echo,S05516,R02717,junior,8,6
Unit Echo,S05517,R03079,senior,5,5
Unit Alpha,S05518,R03288,mid,4,3
Unit Bravo,S05519,R03434,senior,8,8
Unit Alpha,S05520,R00249,junior,9,6
Unit Echo,S05521,R00701,senior,6,6
Unit Bravo,S05522,R02712,junior,7,4
Unit Echo,S05523,R04042,mid,8,6
Unit Bravo,S05524,R04220,junior,5,1
Unit Bravo,S05525,R04233,mid,6,4
Unit Delta,S05526,R02065,senior,7,6
Unit Alpha,S05527,R03810,mid,2,1
Unit Bravo,S05528,R03470,mid,7,4
Unit Bravo,S05529,R01720,mid,6,6
Unit Delta,S05530,R00905,mid,5,5
Unit Delta,S05531,R00688,mid,2,2
Unit Echo,S05532,R02316,senior,7,7
Unit Delta,S05533,R02187,junior,4,2
Unit Delta,S05534,R01584,senior,5,3
Unit Bravo,S05535,R03647,senior,6,6
Unit Bravo,S05536,R03340,mid,8,6
Unit Delta,S05537,R04185,junior,5,2
Unit Delta,S05538,R04795,mid,5,3
Unit Alpha,S05539,R02295,junior,4,3
Unit Bravo,S05540,R01858,senior,6,6
Unit Bravo,S05541,R01426,junior,5,3
Unit Bravo,S05542,R03197,mid,7,4
Unit Delta,S05543,R00574,senior,8,8
Unit Delta,S05544,R04005,mid,13,11
Unit Alpha,S05545,R01674,senior,4,2
Unit Delta,S05546,R00555,junior,4,3
Unit Echo,S05547,R00904,senior,10,9
Unit Bravo,S05548,R03523,mid,10,6
Unit Bravo,S05549,R02036,mid,6,6
Unit Echo,S05550,R00574,mid,6,6
Unit Bravo,S05551,R03453,mid,5,5
Unit Delta,S05552,R03417,mid,5,3
Unit Alpha,S05553,R03657,junior,8,4
Unit Alpha,S05554,R04347,senior,6,5
Unit Delta,S05555,R03990,junior,6,3
Unit Bravo,S05556,R00666,junior,9,7
Unit Echo,S05557,R01500,senior,7,6
Unit Bravo,S05558,R01807,senior,6,6
Unit Bravo,S05559,R00701,mid,8,6
Unit Alpha,S05560,R00783,mid,4,3
Unit Echo,S05561,R00143,junior,5,3
Unit Bravo,S05562,R02203,senior,5,4
Unit Delta,S05563,R00349,mid,10,8
Unit Alpha,S05564,R02672,junior,5,5
Unit Echo,S05565,R04162,mid,6,4
Unit Bravo,S05566,R02595,mid,1,1
Unit Bravo,S05567,R00715,mid,7,6
Unit Delta,S05568,R03555,junior,5,2
Unit Echo,S05569,R00338,mid,2,2
Unit Delta,S05570,R03953,mid,8,7
Unit Delta,S05571,R02095,junior,8,5
Unit Bravo,S05572,R02982,senior,8,8
Unit Alpha,S05573,R01067,junior,7,6
Unit Delta,S05574,R03773,junior,6,5
Unit Echo,S05575,R04121,mid,5,5
Unit Bravo,S05576,R01289,mid,8,6
Unit Bravo,S05577,R00516,mid,1,1
Unit Bravo,S05578,R01822,senior,3,3
Unit Alpha,S05579,R00727,senior,8,8
Unit Echo,S05580,R01068,junior,5,3
Unit Bravo,S05581,R01095,junior,7,5
Unit Delta,S05582,R00002,senior,6,6
Unit Echo,S05583,R04207,junior,5,0
Unit Delta,S05584,R01288,mid,5,4
Unit Delta,S05585,R04404,mid,11,7
Unit Bravo,S05586,R02385,junior,5,5
Unit Alpha,S05587,R04624,mid,9,8
Unit Delta,S05588,R00500,mid,8,7
Unit Bravo,S05589,R01456,mid,9,8
Unit Delta,S05590,R03227,mid,8,7
Unit Bravo,S05591,R02839,junior,4,3
Unit Delta,S05592,R00450,mid,4,4
Unit Delta,S05593,R00830,junior,9,7
Unit Echo,S05594,R04060,mid,5,3
Unit Alpha,S05595,R01935,mid,3,1
Unit Delta,S05596,R04708,mid,7,5
Unit Bravo,S05597,R02544,mid,3,2
Unit Delta,S05598,R02763,senior,8,5
Unit Echo,S05599,R04649,mid,9,5
Unit Alpha,S05600,R02781,mid,7,4
Unit Delta,S05601,R04697,junior,5,2
Unit Echo,S05602,R03456,mid,6,4
Unit Delta,S05603,R04411,mid,4,2
Unit Alpha,S05604,R04974,mid,4,3
Unit Bravo,S05605,R01071,junior,9,6
Unit Alpha,S05606,R03806,junior,8,5
Unit Bravo,S05607,R03797,mid,3,3
Unit Echo,S05608,R02197,mid,3,3
Unit Bravo,S05609,R03818,junior,7,3
Unit Bravo,S05610,R02394,junior,6,3
Unit Delta,S05611,R01922,junior,8,5
Unit Alpha,S05612,R03327,junior,5,4
Unit Alpha,S05613,R04271,mid,4,2
Unit Delta,S05614,R02816,senior,6,5
Unit Alpha,S05615,R02107,mid,8,6
Unit Alpha,S05616,R00373,senior,3,3
Unit Delta,S05617,R00052,mid,7,5
Unit Alpha,S05618,R02191,junior,5,4
Unit Delta,S05619,R03107,junior,10,7
Unit Echo,S05620,R02914,mid,5,4
Unit Alpha,S05621,R02883,junior,5,2
Unit Alpha,S05622,R03409,mid,6,5
Unit Alpha,S05623,R03323,mid,7,4
Unit Bravo,S05624,R01762,mid,6,5
Unit Bravo,S05625,R04113,junior,6,4
Unit Delta,S05626,R04374,mid,3,1
Unit Echo,S05627,R00844,junior,2,1
Unit Echo,S05628,R02362,junior,7,6
Unit Echo,S05629,R02701,mid,2,2
Unit Bravo,S05630,R04941,mid,7,6
Unit Delta,S05631,R01621,mid,8,5
Unit Bravo,S05632,R04150,senior,4,4
Unit Bravo,S05633,R01856,junior,6,5
Unit Alpha,S05634,R04508,mid,8,7
Unit Bravo,S05635,R00513,senior,7,7
Unit Bravo,S05636,R02735,junior,8,6
Unit Alpha,S05637,R04385,senior,5,5
Unit Bravo,S05638,R04923,mid,10,10
Unit Alpha,S05639,R00539,mid,6,5
Unit Echo,S05640,R02650,mid,6,5
Unit Echo,S05641,R01413,mid,7,6
Unit Echo,S05642,R02142,mid,6,5
Unit Bravo,S05643,R04663,mid,8,6
Unit Echo,S05644,R02949,senior,8,8
Unit Alpha,S05645,R03168,senior,9,9
Unit Alpha,S05646,R04330,junior,9,4
Unit Echo,S05647,R02317,junior,8,6
Unit Alpha,S05648,R00523,mid,4,3
Unit Alpha,S05649,R01677,junior,7,6
Unit Delta,S05650,R03889,mid,2,2
Unit Delta,S05651,R03055,mid,9,4
Unit Alpha,S05652,R00762,mid,10,9
Unit Alpha,S05653,R01801,junior,8,4
Unit Alpha,S05654,R01381,junior,9,5
Unit Echo,S05655,R01867,junior,4,3
Unit Delta,S05656,R04298,mid,8,6
Unit Echo,S05657,R04283,mid,7,4
Unit Echo,S05658,R01305,mid,4,4
Unit Bravo,S05659,R04254,junior,10,6
Unit Delta,S05660,R02758,mid,5,5
Unit Bravo,S05661,R04549,senior,3,3
Unit Alpha,S05662,R01429,mid,4,3
Unit Delta,S05663,R04529,junior,5,3
Unit Alpha,S05664,R01949,junior,7,5
Unit Alpha,S05665,R00713,junior,5,4
Unit Alpha,S05666,R02164,mid,8,8
Unit Alpha,S05667,R03308,mid,5,4
Unit Echo,S05668,R04942,senior,7,5
Unit Bravo,S05669,R01829,mid,7,7
Unit Alpha,S05670,R00522,junior,6,2
Unit Echo,S05671,R00174,mid,5,2
Unit Bravo,S05672,R01025,mid,5,3
Unit Echo,S05673,R02851,senior,3,3
Unit Bravo,S05674,R01738,mid,6,6
Unit Bravo,S05675,R01692,junior,6,4
Unit Delta,S05676,R04585,mid,5,4
Unit Bravo,S05677,R04511,mid,4,3
Unit Alpha,S05678,R00737,senior,8,7
Unit Delta,S05679,R00864,mid,7,6
Unit Delta,S05680,R04721,junior,4,0
Unit Alpha,S05681,R02958,junior,9,4
Unit Echo,S05682,R00865,mid,8,5
Unit Echo,S05683,R01028,junior,9,6
Unit Delta,S05684,R03898,junior,3,2
Unit Bravo,S05685,R03703,mid,5,2
Unit Bravo,S05686,R01641,junior,5,3
Unit Echo,S05687,R03734,senior,8,7
Unit Bravo,S05688,R03605,mid,4,2
Unit Bravo,S05689,R03160,mid,12,11
Unit Bravo,S05690,R04556,mid,4,3
Unit Echo,S05691,R03966,junior,10,7
Unit Echo,S05692,R03786,mid,10,9
Unit Echo,S05693,R04867,mid,7,5
Unit Bravo,S05694,R00025,junior,7,7
Unit Echo,S05695,R03492,senior,8,6
Unit Alpha,S05696,R03456,junior,7,4
Unit Delta,S05697,R03291,mid,9,6
Unit Bravo,S05698,R01976,junior,4,4
Unit Alpha,S05699,R00228,mid,9,6
Unit Delta,S05700,R04325,junior,7,5
Unit Echo,S05701,R01728,mid,9,5
Unit Echo,S05702,R01724,mid,3,3
Unit Echo,S05703,R00543,junior,6,3
Unit Bravo,S05704,R04963,junior,6,4
Unit Bravo,S05705,R00653,mid,6,6
Unit Bravo,S05706,R03189,junior,7,4
Unit Alpha,S05707,R01750,mid,5,4
Unit Bravo,S05708,R03902,mid,4,3
Unit Delta,S05709,R02163,mid,4,3
Unit Delta,S05710,R02277,junior,4,2
Unit Bravo,S05711,R04867,mid,9,9
Unit Delta,S05712,R02081,mid,3,2
Unit Alpha,S05713,R04590,junior,3,2
Unit Echo,S05714,R01622,mid,3,2
Unit Delta,S05715,R00477,mid,4,4
Unit Alpha,S05716,R00323,mid,8,6
Unit Bravo,S05717,R04149,junior,7,5
Unit Alpha,S05718,R04695,senior,5,4
Unit Echo,S05719,R02724,junior,6,4
Unit Delta,S05720,R04956,junior,4,2
Unit Delta,S05721,R00540,mid,6,6
Unit Delta,S05722,R03622,mid,7,6
Unit Bravo,S05723,R03181,senior,7,5
Unit Bravo,S05724,R00617,junior,7,4
Unit Echo,S05725,R03973,mid,10,9
Unit Echo,S05726,R04174,mid,3,3
Unit Alpha,S05727,R03509,senior,6,5
Unit Bravo,S05728,R02081,junior,9,7
Unit Echo,S05729,R04715,mid,4,4
Unit Bravo,S05730,R02005,junior,14,10
Unit Echo,S05731,R03748,mid,5,4
Unit Alpha,S05732,R03268,junior,6,2
Unit Echo,S05733,R02882,mid,9,4
Unit Echo,S05734,R02977,mid,5,5
Unit Echo,S05735,R02566,junior,3,1
Unit Alpha,S05736,R02567,junior,5,5
Unit Echo,S05737,R00382,junior,7,3
Unit Alpha,S05738,R00469,senior,6,6
Unit Alpha,S05739,R02129,mid,4,1
Unit Echo,S05740,R01630,junior,10,5
Unit Echo,S05741,R01091,junior,6,3
Unit Alpha,S05742,R03122,mid,3,1
Unit Alpha,S05743,R00569,junior,6,5
Unit Delta,S05744,R01306,junior,5,2
Unit Bravo,S05745,R01826,mid,7,6
Unit Alpha,S05746,R03701,junior,8,4
Unit Alpha,S05747,R02404,junior,2,0
Unit Echo,S05748,R01941,junior,5,3
Unit Alpha,S05749,R03039,senior,5,4
Unit Bravo,S05750,R01425,mid,6,5
Unit Alpha,S05751,R03536,junior,5,4
Unit Echo,S05752,R04150,mid,7,5
Unit Echo,S05753,R03540,junior,6,4
Unit Delta,S05754,R02699,senior,6,6
Unit Alpha,S05755,R00236,senior,8,6
Unit Delta,S05756,R03648,mid,6,5
Unit Echo,S05757,R01162,senior,9,6
Unit Delta,S05758,R01081,junior,4,1
Unit Delta,S05759,R00697,junior,7,4
Unit Alpha,S05760,R03762,mid,9,7
Unit Delta,S05761,R03187,senior,9,9
Unit Delta,S05762,R04861,junior,9,5
Unit Delta,S05763,R04150,junior,9,6
Unit Bravo,S05764,R00336,mid,4,3
Unit Alpha,S05765,R01953,junior,6,3
Unit Bravo,S05766,R01307,junior,4,3
Unit Echo,S05767,R04829,junior,9,7
Unit Delta,S05768,R01715,junior,6,5
Unit Echo,S05769,R04950,junior,8,4
Unit Echo,S05770,R00474,junior,7,4
Unit Echo,S05771,R02365,senior,3,3
Unit Bravo,S05772,R02635,mid,7,5
Unit Alpha,S05773,R01567,mid,4,2
Unit Delta,S05774,R00357,junior,6,2
Unit Delta,S05775,R02083,mid,6,4
Unit Bravo,S05776,R01396,senior,4,4
Unit Echo,S05777,R04055,mid,5,4
Unit Alpha,S05778,R04103,junior,4,2
Unit Echo,S05779,R04687,senior,4,4
Unit Alpha,S05780,R04724,junior,6,4
Unit Bravo,S05781,R03168,mid,2,2
Unit Echo,S05782,R01540,mid,5,4
Unit Delta,S05783,R04968,mid,5,3
Unit Delta,S05784,R03992,mid,7,5
Unit Delta,S05785,R03508,senior,7,6
Unit Alpha,S05786,R02777,senior,1,1
Unit Bravo,S05787,R00281,senior,6,6
Unit Echo,S05788,R02573,mid,5,5
Unit Delta,S05789,R03285,junior,5,4
Unit Bravo,S05790,R04585,mid,7,6
Unit Alpha,S05791,R00120,junior,7,3
Unit Bravo,S05792,R03575,junior,9,4
Unit Bravo,S05793,R04751,senior,6,6
Unit Delta,S05794,R02321,mid,6,4
Unit Bravo,S05795,R03309,junior,5,4
Unit Bravo,S05796,R04242,junior,7,3
Unit Bravo,S05797,R03415,mid,4,4
Unit Echo,S05798,R00235,mid,7,7
Unit Delta,S05799,R00296,junior,10,4
Unit Alpha,S05800,R00991,mid,6,4
Unit Echo,S05801,R04172,junior,6,4
Unit Alpha,S05802,R03909,mid,3,3
Unit Delta,S05803,R03760,mid,4,3
Unit Alpha,S05804,R02770,mid,4,4
Unit Bravo,S05805,R02446,junior,6,2
Unit Alpha,S05806,R01394,senior,9,8
Unit Echo,S05807,R03379,senior,4,4
Unit Bravo,S05808,R02315,mid,5,5
Unit Delta,S05809,R04993,mid,4,2
Unit Echo,S05810,R04492,mid,3,2
Unit Delta,S05811,R03829,junior,11,3
Unit Alpha,S05812,R02873,junior,5,3
Unit Echo,S05813,R01272,mid,7,6
Unit Bravo,S05814,R04296,mid,6,4
Unit Echo,S05815,R01857,junior,8,4
Unit Bravo,S05816,R01634,mid,8,6
Unit Delta,S05817,R01585,mid,8,6
Unit Bravo,S05818,R01523,junior,5,1
Unit Alpha,S05819,R01577,junior,2,1
Unit Echo,S05820,R01120,mid,7,4
Unit Alpha,S05821,R03170,senior,5,4
Unit Echo,S05822,R03669,mid,2,2
Unit Alpha,S05823,R00996,senior,8,8
Unit Bravo,S05824,R03283,junior,6,3
Unit Bravo,S05825,R01163,senior,3,3
Unit Delta,S05826,R01209,senior,5,5
Unit Alpha,S05827,R02383,senior,6,5
Unit Alpha,S05828,R00226,junior,5,2
Unit Delta,S05829,R02225,mid,10,9
Unit Alpha,S05830,R02868,mid,4,1
Unit Echo,S05831,R03156,junior,8,5
Unit Echo,S05832,R03333,mid,6,4
Unit Echo,S05833,R04048,mid,3,2
Unit Echo,S05834,R01113,mid,8,8
Unit Echo,S05835,R02312,mid,6,5
Unit Delta,S05836,R03865,mid,8,5
Unit Echo,S05837,R03596,junior,5,4
Unit Echo,S05838,R00050,junior,4,3
Unit Alpha,S05839,R03102,mid,7,7
Unit Echo,S05840,R03424,junior,4,3
Unit Bravo,S05841,R01456,mid,5,3
Unit Bravo,S05842,R02364,junior,3,2
Unit Echo,S05843,R02020,junior,3,3
Unit Delta,S05844,R03493,senior,6,6
Unit Echo,S05845,R01711,mid,3,2
Unit Bravo,S05846,R03077,junior,4,2
Unit Alpha,S05847,R00579,junior,7,4
Unit Alpha,S05848,R01779,junior,6,2
Unit Delta,S05849,R04554,senior,4,3
Unit Echo,S05850,R03172,mid,7,5
Unit Delta,S05851,R01945,senior,5,4
Unit Echo,S05852,R00073,mid,5,3
Unit Echo,S05853,R04402,mid,4,3
Unit Alpha,S05854,R02382,junior,5,3
Unit Alpha,S05855,R00283,senior,1,1
Unit Alpha,S05856,R02105,mid,6,6
Unit Echo,S05857,R04721,junior,7,5
Unit Delta,S05858,R00954,mid,8,5
Unit Echo,S05859,R02314,junior,4,2
Unit Alpha,S05860,R04137,mid,4,2
Unit Alpha,S05861,R00062,junior,4,1
Unit Echo,S05862,R00220,mid,7,4
Unit Delta,S05863,R01797,mid,9,7
Unit Echo,S05864,R00162,mid,5,5
Unit Echo,S05865,R00335,senior,3,2
Unit Alpha,S05866,R02916,senior,8,8
Unit Alpha,S05867,R01503,mid,5,4
Unit Alpha,S05868,R00961,junior,6,4
Unit Echo,S05869,R03416,mid,7,6
Unit Delta,S05870,R00746,senior,5,5
Unit Bravo,S05871,R00631,mid,4,3
Unit Bravo,S05872,R03775,junior,2,1
Unit Echo,S05873,R02025,junior,7,4
Unit Bravo,S05874,R00488,mid,5,4
Unit Alpha,S05875,R04306,mid,11,8
Unit Echo,S05876,R04118,junior,5,3
Unit Echo,S05877,R04192,junior,5,1
Unit Alpha,S05878,R00808,junior,4,3
Unit Bravo,S05879,R03678,junior,8,3
Unit Delta,S05880,R01701,mid,6,4
Unit Bravo,S05881,R03276,mid,5,4
Unit Echo,S05882,R01031,senior,9,8
Unit Echo,S05883,R01088,junior,4,3
Unit Alpha,S05884,R02694,junior,3,1
Unit Bravo,S05885,R04526,junior,7,3
Unit Delta,S05886,R00161,mid,4,3
Unit Delta,S05887,R00551,senior,6,6
Unit Alpha,S05888,R02601,mid,7,6
Unit Bravo,S05889,R01151,mid,7,4
Unit Echo,S05890,R04353,junior,6,3
Unit Bravo,S05891,R02651,junior,9,7
Unit Bravo,S05892,R03609,mid,4,3
Unit Delta,S05893,R03597,junior,5,3
Unit Bravo,S05894,R03898,mid,10,8
Unit Delta,S05895,R00962,junior,7,4
Unit Bravo,S05896,R04879,junior,4,2
Unit Alpha,S05897,R00991,junior,5,2
Unit Bravo,S05898,R01138,mid,6,5
Unit Delta,S05899,R02565,mid,7,5
Unit Delta,S05900,R02325,mid,4,2
Unit Delta,S05901,R00644,mid,4,2
Unit Alpha,S05902,R00753,junior,8,5
Unit Bravo,S05903,R02104,mid,5,4
Unit Bravo,S05904,R02433,senior,6,5
Unit Bravo,S05905,R04433,junior,7,5
Unit Delta,S05906,R01737,mid,5,5
Unit Delta,S05907,R03161,junior,6,2
Unit Bravo,S05908,R00455,mid,4,3
Unit Alpha,S05909,R00779,senior,4,1
Unit Bravo,S05910,R01815,mid,5,4
Unit Delta,S05911,R04243,senior,6,6
Unit Echo,S05912,R02359,junior,7,5
Unit Alpha,S05913,R00647,mid,9,7
Unit Echo,S05914,R00888,mid,5,5
Unit Alpha,S05915,R03404,senior,10,10
Unit Bravo,S05916,R00668,senior,10,8
Unit Bravo,S05917,R01187,junior,3,3
Unit Delta,S05918,R02894,junior,5,3
Unit Echo,S05919,R04078,mid,7,6
Unit Echo,S05920,R03485,mid,7,6
Unit Bravo,S05921,R02772,mid,4,2
Unit Bravo,S05922,R02099,senior,9,9
Unit Delta,S05923,R01349,mid,6,5
Unit Bravo,S05924,R01084,junior,5,4
Unit Echo,S05925,R04812,senior,6,4
Unit Alpha,S05926,R00820,junior,8,6
Unit Alpha,S05927,R01105,junior,5,3
Unit Alpha,S05928,R01779,mid,6,6
Unit Alpha,S05929,R02169,mid,5,4
Unit Delta,S05930,R01699,junior,6,4
Unit Delta,S05931,R02040,mid,9,9
Unit Alpha,S05932,R01860,mid,4,4
Unit Alpha,S05933,R04480,mid,6,5
Unit Alpha,S05934,R04500,junior,2,2
Unit Alpha,S05935,R04809,senior,3,2
Unit Bravo,S05936,R03144,junior,3,1
Unit Alpha,S05937,R03331,mid,6,5
Unit Bravo,S05938,R04911,junior,3,1
Unit Delta,S05939,R04494,mid,7,4
Unit Delta,S05940,R02222,mid,7,6
Unit Bravo,S05941,R03621,senior,4,3
Unit Echo,S05942,R02358,junior,5,4
Unit Bravo,S05943,R02840,senior,5,5
Unit Bravo,S05944,R00348,mid,5,4
Unit Delta,S05945,R04008,junior,6,4
Unit Delta,S05946,R03622,junior,4,2
Unit Bravo,S05947,R00740,junior,6,4
Unit Alpha,S05948,R04749,mid,5,3
Unit Echo,S05949,R03922,mid,2,1
Unit Echo,S05950,R04081,junior,3,3
Unit Alpha,S05951,R03221,mid,6,4
Unit Bravo,S05952,R04879,junior,4,2
Unit Echo,S05953,R03312,mid,2,2
Unit Alpha,S05954,R04110,junior,2,2
Unit Echo,S05955,R01919,junior,4,2
Unit Echo,S05956,R03952,junior,3,2
Unit Delta,S05957,R02312,senior,10,10
Unit Echo,S05958,R04151,senior,5,4
Unit Delta,S05959,R04564,junior,7,2
Unit Echo,S05960,R02195,mid,11,8
Unit Alpha,S05961,R04106,junior,9,4
Unit Alpha,S05962,R04072,mid,8,3
Unit Delta,S05963,R01640,mid,6,3
Unit Bravo,S05964,R00398,senior,4,1
Unit Delta,S05965,R01025,junior,3,0
Unit Alpha,S05966,R00614,mid,9,6
Unit Delta,S05967,R01329,junior,9,5
Unit Echo,S05968,R03840,mid,1,1
Unit Delta,S05969,R01239,mid,2,2
Unit Delta,S05970,R01999,mid,7,7
Unit Alpha,S05971,R02271,junior,8,5
Unit Delta,S05972,R02875,mid,6,4
Unit Bravo,S05973,R03926,mid,4,2
Unit Delta,S05974,R02895,mid,4,3
Unit Bravo,S05975,R01394,senior,3,3
Unit Bravo,S05976,R02850,mid,7,3
Unit Bravo,S05977,R00501,mid,4,3
Unit Delta,S05978,R00324,junior,10,4
Unit Alpha,S05979,R04557,mid,6,5
Unit Bravo,S05980,R04731,senior,4,4
Unit Delta,S05981,R04535,junior,8,3
Unit Delta,S05982,R00779,junior,8,4
Unit Echo,S05983,R00910,junior,6,3
Unit Echo,S05984,R02563,junior,9,7
Unit Alpha,S05985,R00275,junior,6,4
Unit Echo,S05986,R00839,junior,7,5
Unit Delta,S05987,R04140,junior,7,4
Unit Delta,S05988,R02527,mid,5,4
Unit Delta,S05989,R03606,mid,10,8
Unit Bravo,S05990,R02414,senior,7,7
Unit Echo,S05991,R01909,junior,4,3
Unit Echo,S05992,R00472,mid,9,6
Unit Alpha,S05993,R03940,junior,5,4
Unit Echo,S05994,R02619,senior,6,6
Unit Alpha,S05995,R04156,mid,7,6
Unit Delta,S05996,R03218,junior,1,0
Unit Delta,S05997,R00662,junior,9,4
Unit Alpha,S05998,R03629,junior,10,5
Unit Echo,S05999,R01810,mid,3,3
Unit Bravo,S06000,R04908,mid,10,7
Unit Bravo,S06001,R01033,junior,4,3
Unit Bravo,S06002,R02208,junior,10,5
Unit Delta,S06003,R02402,junior,8,5
Unit Bravo,S06004,R01192,junior,6,2
Unit Bravo,S06005,R03322,mid,6,3
Unit Delta,S06006,R01827,mid,5,5
Unit Delta,S06007,R01409,senior,5,3
Unit Echo,S06008,R04141,mid,6,4
Unit Echo,S06009,R01878,mid,7,6
Unit Alpha,S06010,R02104,senior,6,5
Unit Echo,S06011,R04712,junior,4,3
Unit Echo,S06012,R04747,mid,7,6
Unit Delta,S06013,R01394,junior,3,3
Unit Delta,S06014,R01883,mid,7,6
Unit Bravo,S06015,R04654,junior,5,2
Unit Echo,S06016,R01524,mid,3,3
Unit Echo,S06017,R02385,junior,7,5
Unit Alpha,S06018,R04971,junior,8,4
Unit Echo,S06019,R01532,mid,8,6
Unit Echo,S06020,R00046,mid,4,2
Unit Alpha,S06021,R01310,senior,6,5
Unit Alpha,S06022,R03509,mid,6,4
Unit Echo,S06023,R04058,senior,2,2
Unit Delta,S06024,R04047,senior,3,3
Unit Echo,S06025,R03718,mid,6,4
Unit Echo,S06026,R01367,mid,5,3
Unit Alpha,S06027,R00019,mid,3,3
Unit Bravo,S06028,R00314,mid,4,2
Unit Delta,S06029,R04465,mid,5,5
Unit Bravo,S06030,R01818,mid,6,6
Unit Echo,S06031,R03797,senior,6,6
Unit Bravo,S06032,R02971,senior,2,1
Unit Delta,S06033,R04458,junior,6,4
Unit Delta,S06034,R02206,junior,5,4
Unit Delta,S06035,R02800,mid,6,6
Unit Bravo,S06036,R02297,junior,8,4
Unit Alpha,S06037,R03289,senior,9,8
Unit Echo,S06038,R03068,mid,7,5
Unit Echo,S06039,R00880,junior,10,6
Unit Bravo,S06040,R04045,mid,3,3
Unit Delta,S06041,R02712,senior,5,5
Unit Alpha,S06042,R03550,senior,4,4
Unit Alpha,S06043,R01634,senior,5,3
Unit Bravo,S06044,R02767,mid,7,6
Unit Delta,S06045,R01125,junior,8,4
Unit Bravo,S06046,R01446,mid,3,3
Unit Alpha,S06047,R03641,mid,5,2
Unit Bravo,S06048,R00672,mid,2,2
Unit Alpha,S06049,R03382,senior,8,8
Unit Echo,S06050,R04012,senior,6,5
Unit Echo,S06051,R00901,senior,10,10
Unit Alpha,S06052,R01276,junior,6,5
Unit Bravo,S06053,R02496,junior,7,5
Unit Bravo,S06054,R00231,junior,7,3
Unit Bravo,S06055,R00844,senior,3,3
Unit Echo,S06056,R03171,mid,5,4
Unit Echo,S06057,R02632,mid,4,4
Unit Bravo,S06058,R02174,mid,4,2
Unit Alpha,S06059,R04832,junior,4,1
Unit Echo,S06060,R04740,junior,5,3
Unit Delta,S06061,R04300,senior,6,5
Unit Alpha,S06062,R04083,mid,5,4
Unit Delta,S06063,R01617,junior,6,4
Unit Delta,S06064,R00875,mid,8,7
Unit Alpha,S06065,R04806,junior,6,2
Unit Delta,S06066,R04104,senior,9,9
Unit Bravo,S06067,R01666,senior,3,2
Unit Echo,S06068,R01681,mid,8,7
Unit Echo,S06069,R00031,mid,4,2
Unit Delta,S06070,R00911,mid,11,9
Unit Bravo,S06071,R01017,mid,4,3
Unit Delta,S06072,R03986,mid,7,4
Unit Alpha,S06073,R04178,senior,5,5
Unit Delta,S06074,R00074,senior,3,2
Unit Delta,S06075,R04112,junior,8,3
Unit Echo,S06076,R02207,junior,5,2
Unit Bravo,S06077,R01027,junior,3,3
Unit Alpha,S06078,R04100,mid,5,4
Unit Delta,S06079,R02343,mid,6,6
Unit Echo,S06080,R04600,junior,5,3
Unit Delta,S06081,R02653,junior,7,5
Unit Alpha,S06082,R03140,senior,2,2
Unit Echo,S06083,R04343,senior,4,2
Unit Bravo,S06084,R04429,mid,13,11
Unit Echo,S06085,R03733,mid,5,4
Unit Delta,S06086,R01623,mid,3,1
Unit Alpha,S06087,R03311,mid,6,5
Unit Echo,S06088,R04268,junior,7,4
Unit Echo,S06089,R02671,mid,5,4
Unit Echo,S06090,R00292,mid,5,3
Unit Bravo,S06091,R02119,junior,1,1
Unit Delta,S06092,R04847,junior,6,3
Unit Alpha,S06093,R02564,junior,3,2
Unit Bravo,S06094,R00550,senior,4,3
Unit Delta,S06095,R01909,senior,7,6
Unit Delta,S06096,R04251,junior,7,5
Unit Delta,S06097,R01531,mid,4,4
Unit Echo,S06098,R02239,mid,4,4
Unit Delta,S06099,R00477,junior,9,5
Unit Delta,S06100,R00500,junior,9,6
Unit Echo,S06101,R03152,junior,11,5
Unit Bravo,S06102,R04681,junior,1,0
Unit Echo,S06103,R00622,junior,9,3
Unit Delta,S06104,R04755,mid,6,4
Unit Bravo,S06105,R01600,junior,3,3
Unit Bravo,S06106,R03843,junior,4,2
Unit Delta,S06107,R01096,junior,5,2
Unit Bravo,S06108,R00646,senior,5,4
Unit Delta,S06109,R00432,junior,4,1
Unit Bravo,S06110,R04420,mid,6,6
Unit Delta,S06111,R03077,junior,7,3
Unit Alpha,S06112,R03532,junior,6,4
Unit Alpha,S06113,R01920,junior,7,6
Unit Bravo,S06114,R00673,junior,6,4
Unit Alpha,S06115,R02960,mid,4,4
Unit Echo,S06116,R01799,mid,8,8
Unit Bravo,S06117,R00104,mid,5,3
Unit Alpha,S06118,R00702,junior,8,3
Unit Echo,S06119,R00133,junior,6,4
Unit Echo,S06120,R01699,junior,5,1
Unit Delta,S06121,R04096,senior,9,9
Unit Echo,S06122,R01121,junior,1,0
Unit Echo,S06123,R00703,mid,5,5
Unit Delta,S06124,R01827,senior,8,6
Unit Alpha,S06125,R02634,mid,7,3
Unit Bravo,S06126,R03894,senior,9,8
Unit Echo,S06127,R01564,junior,5,5
Unit Echo,S06128,R04715,senior,10,10
Unit Bravo,S06129,R02361,junior,6,4
Unit Bravo,S06130,R03624,mid,5,5
Unit Bravo,S06131,R01846,mid,3,3
Unit Bravo,S06132,R01861,mid,10,9
Unit Alpha,S06133,R02939,mid,6,6
Unit Delta,S06134,R01571,mid,8,8
Unit Bravo,S06135,R02925,senior,5,4
Unit Echo,S06136,R01737,junior,7,4
Unit Bravo,S06137,R01827,junior,4,3
Unit Bravo,S06138,R01279,senior,4,4
Unit Echo,S06139,R03910,junior,6,5
Unit Bravo,S06140,R04412,mid,5,4
Unit Delta,S06141,R02635,mid,6,3
Unit Delta,S06142,R03335,junior,7,5
Unit Delta,S06143,R01806,senior,7,7
Unit Alpha,S06144,R01499,junior,9,6
Unit Echo,S06145,R02207,mid,8,6
Unit Alpha,S06146,R03137,junior,7,4
Unit Bravo,S06147,R03730,mid,8,6
Unit Echo,S06148,R01495,mid,4,2
Unit Bravo,S06149,R00251,mid,7,6
Unit Delta,S06150,R01015,mid,6,4
Unit Delta,S06151,R03283,mid,5,3
Unit Echo,S06152,R01591,senior,5,4
Unit Echo,S06153,R03624,senior,5,5
Unit Delta,S06154,R04498,mid,8,7
Unit Alpha,S06155,R00880,mid,4,3
Unit Bravo,S06156,R03293,mid,8,5
Unit Echo,S06157,R03929,junior,7,6
Unit Echo,S06158,R02349,mid,7,5
Unit Bravo,S06159,R00651,mid,3,3
Unit Delta,S06160,R00435,mid,4,3
Unit Alpha,S06161,R03290,mid,2,2
Unit Bravo,S06162,R03928,junior,9,4
Unit Delta,S06163,R03549,senior,6,5
Unit Alpha,S06164,R02321,junior,1,0
Unit Alpha,S06165,R01362,junior,7,4
Unit Delta,S06166,R03723,mid,3,3
Unit Delta,S06167,R00796,junior,6,4
Unit Bravo,S06168,R04449,mid,13,11
Unit Bravo,S06169,R01460,senior,3,3
Unit Alpha,S06170,R00187,mid,2,2
Unit Echo,S06171,R00245,junior,4,2
Unit Alpha,S06172,R04987,senior,3,3
Unit Alpha,S06173,R00153,junior,3,2
Unit Alpha,S06174,R03046,mid,10,7
Unit Delta,S06175,R01763,junior,3,2
Unit Delta,S06176,R02902,junior,6,2
Unit Bravo,S06177,R03705,junior,4,4
Unit Delta,S06178,R01865,mid,5,3
Unit Alpha,S06179,R02435,senior,3,2
Unit Bravo,S06180,R04720,mid,9,6
Unit Bravo,S06181,R01367,mid,6,4
Unit Delta,S06182,R03860,junior,5,4
Unit Echo,S06183,R01628,junior,9,5
Unit Delta,S06184,R04882,mid,6,4
Unit Echo,S06185,R03660,senior,3,3
Unit Delta,S06186,R02852,junior,8,4
Unit Echo,S06187,R04400,senior,4,3
Unit Alpha,S06188,R04326,junior,10,7
Unit Delta,S06189,R03985,senior,5,5
Unit Alpha,S06190,R03854,senior,7,7
Unit Echo,S06191,R00517,mid,5,4
Unit Echo,S06192,R03478,junior,4,1
Unit Delta,S06193,R04096,junior,8,5
Unit Alpha,S06194,R02346,senior,11,10
Unit Alpha,S06195,R01012,mid,10,7
Unit Bravo,S06196,R04156,junior,5,4
Unit Alpha,S06197,R04957,junior,5,4
Unit Alpha,S06198,R04798,senior,8,7
Unit Alpha,S06199,R02995,senior,4,4
Unit Delta,S06200,R02966,mid,6,4
Unit Delta,S06201,R03405,junior,8,4
Unit Delta,S06202,R04156,mid,7,5
Unit Alpha,S06203,R03685,mid,4,3
Unit Delta,S06204,R03695,senior,4,3
Unit Echo,S06205,R03975,junior,9,6
Unit Delta,S06206,R03126,mid,8,7
Unit Bravo,S06207,R01643,junior,7,4
Unit Alpha,S06208,R01901,junior,8,3
Unit Alpha,S06209,R00073,mid,7,5
Unit Delta,S06210,R02579,junior,4,1
Unit Bravo,S06211,R04878,mid,4,3
Unit Delta,S06212,R01510,junior,3,2
Unit Bravo,S06213,R02690,junior,8,4
Unit Alpha,S06214,R03183,junior,11,7
Unit Bravo,S06215,R02374,junior,6,3
Unit Bravo,S06216,R04880,senior,9,9
Unit Alpha,S06217,R03462,junior,5,3
Unit Alpha,S06218,R01454,senior,4,4
Unit Bravo,S06219,R04832,junior,6,2
Unit Echo,S06220,R04678,mid,4,3
Unit Delta,S06221,R04336,mid,4,4
Unit Echo,S06222,R03368,junior,7,6
Unit Echo,S06223,R04128,junior,7,4
Unit Alpha,S06224,R02144,junior,11,9
Unit Echo,S06225,R01710,junior,5,3
Unit Echo,S06226,R00614,senior,6,4
Unit Delta,S06227,R03570,mid,7,4
Unit Echo,S06228,R04363,senior,4,3
Unit Delta,S06229,R00718,mid,6,4
Unit Alpha,S06230,R00806,mid,7,5
Unit Delta,S06231,R04600,junior,8,5
Unit Delta,S06232,R04722,junior,4,3
Unit Echo,S06233,R00675,mid,8,4
Unit Echo,S06234,R02781,senior,8,8
Unit Alpha,S06235,R00815,senior,6,6
Unit Bravo,S06236,R03847,junior,7,6
Unit Alpha,S06237,R01017,senior,4,4
Unit Echo,S06238,R00314,mid,8,6
Unit Echo,S06239,R00203,junior,8,4
Unit Alpha,S06240,R00431,mid,6,2
Unit Alpha,S06241,R01443,senior,7,7
Unit Bravo,S06242,R02667,junior,5,3
Unit Bravo,S06243,R04299,mid,5,4
Unit Echo,S06244,R02943,mid,6,4
Unit Echo,S06245,R00935,senior,6,5
Unit Delta,S06246,R01667,mid,5,4
Unit Alpha,S06247,R04097,mid,6,6
Unit Delta,S06248,R00391,mid,4,3
Unit Delta,S06249,R04351,junior,5,3
Unit Bravo,S06250,R01527,junior,4,2
Unit Delta,S06251,R03107,senior,3,2
Unit Bravo,S06252,R04231,mid,5,3
Unit Alpha,S06253,R01421,senior,5,5
Unit Alpha,S06254,R02165,senior,7,6
Unit Delta,S06255,R03599,junior,6,3
Unit Bravo,S06256,R01858,junior,6,3
Unit Echo,S06257,R02191,junior,3,2
Unit Delta,S06258,R00346,senior,6,6
Unit Delta,S06259,R01643,senior,4,4
Unit Alpha,S06260,R00683,mid,8,6
Unit Bravo,S06261,R04015,mid,8,6
Unit Bravo,S06262,R04633,senior,6,6
Unit Echo,S06263,R03183,mid,9,7
Unit Delta,S06264,R01851,senior,8,7
Unit Echo,S06265,R03520,mid,8,6
Unit Alpha,S06266,R00121,junior,8,7
Unit Echo,S06267,R01010,mid,7,4
Unit Alpha,S06268,R01299,mid,7,5
Unit Echo,S06269,R04545,senior,4,4
Unit Bravo,S06270,R03942,mid,3,2
Unit Alpha,S06271,R00360,senior,3,3
Unit Echo,S06272,R04940,mid,5,4
Unit Bravo,S06273,R02795,mid,7,7
Unit Echo,S06274,R03601,mid,7,7
Unit Bravo,S06275,R01811,mid,6,4
Unit Alpha,S06276,R04095,mid,7,4
Unit Bravo,S06277,R04682,mid,7,4
Unit Bravo,S06278,R03415,mid,10,7
Unit Echo,S06279,R02545,mid,4,4
Unit Alpha,S06280,R00748,junior,5,4
Unit Echo,S06281,R01671,mid,4,3
Unit Delta,S06282,R01723,senior,8,8
Unit Echo,S06283,R01223,mid,8,5
Unit Echo,S06284,R00883,mid,7,7
Unit Echo,S06285,R03657,mid,5,4
Unit Alpha,S06286,R03717,mid,8,8
Unit Bravo,S06287,R01855,senior,7,5
Unit Bravo,S06288,R03675,junior,4,3
Unit Delta,S06289,R04645,mid,6,5
Unit Echo,S06290,R04685,senior,9,9
Unit Alpha,S06291,R02113,mid,6,5
Unit Alpha,S06292,R03620,mid,7,7
Unit Bravo,S06293,R04041,senior,9,9
Unit Bravo,S06294,R04253,senior,7,6
Unit Alpha,S06295,R00122,senior,5,4
Unit Bravo,S06296,R02397,mid,8,7
Unit Delta,S06297,R01023,senior,9,9
Unit Alpha,S06298,R02157,senior,9,7
Unit Bravo,S06299,R03486,junior,10,5
Unit Alpha,S06300,R02252,junior,8,3
Unit Bravo,S06301,R00905,junior,5,2
Unit Bravo,S06302,R01099,mid,8,4
Unit Echo,S06303,R00073,senior,9,8
Unit Alpha,S06304,R02803,junior,2,2
Unit Alpha,S06305,R03875,mid,8,5
Unit Alpha,S06306,R03246,junior,4,2
Unit Bravo,S06307,R04883,mid,4,3
Unit Echo,S06308,R01840,junior,6,2
Unit Alpha,S06309,R02968,junior,5,4
Unit Echo,S06310,R01487,junior,7,5
Unit Bravo,S06311,R00077,junior,5,2
Unit Delta,S06312,R04800,mid,6,3
Unit Echo,S06313,R03782,mid,6,4
Unit Echo,S06314,R04651,junior,8,5
Unit Delta,S06315,R01534,senior,3,3
Unit Alpha,S06316,R01025,senior,5,4
Unit Alpha,S06317,R00594,mid,4,3
Unit Echo,S06318,R02436,senior,6,6
Unit Bravo,S06319,R04281,junior,5,3
Unit Alpha,S06320,R00584,mid,6,5
Unit Alpha,S06321,R00439,senior,3,3
Unit Bravo,S06322,R01975,junior,7,4
Unit Delta,S06323,R04168,junior,4,2
Unit Alpha,S06324,R01255,junior,8,4
Unit Delta,S06325,R02608,senior,6,6
Unit Bravo,S06326,R04481,mid,8,6
Unit Delta,S06327,R00352,mid,3,3
Unit Echo,S06328,R04405,senior,5,5
Unit Delta,S06329,R03492,mid,7,7
Unit Alpha,S06330,R04019,junior,8,5
Unit Delta,S06331,R00508,junior,7,3
Unit Echo,S06332,R00272,junior,5,4
Unit Echo,S06333,R04659,junior,12,12
Unit Alpha,S06334,R01089,mid,8,8
Unit Bravo,S06335,R01716,mid,6,4
Unit Bravo,S06336,R02891,junior,7,3
Unit Alpha,S06337,R00606,junior,6,4
Unit Bravo,S06338,R04657,mid,7,5
Unit Echo,S06339,R03177,senior,5,4
Unit Alpha,S06340,R02120,junior,7,3
Unit Bravo,S06341,R04674,mid,11,9
Unit Echo,S06342,R03417,junior,11,6
Unit Delta,S06343,R02527,mid,7,7
Unit Delta,S06344,R03928,junior,3,2
Unit Delta,S06345,R00215,senior,3,3
Unit Alpha,S06346,R04288,senior,4,4
Unit Echo,S06347,R03598,mid,6,5
Unit Alpha,S06348,R01207,mid,7,5
Unit Bravo,S06349,R00536,senior,7,6
Unit Delta,S06350,R02257,mid,9,6
Unit Alpha,S06351,R00161,mid,4,4
Unit Bravo,S06352,R03633,junior,6,4
Unit Alpha,S06353,R01278,mid,7,5
Unit Echo,S06354,R03081,junior,7,3
Unit Bravo,S06355,R03643,junior,10,7
Unit Alpha,S06356,R03159,junior,4,3
Unit Echo,S06357,R01901,mid,5,3
Unit Echo,S06358,R01044,junior,8,3
Unit Bravo,S06359,R03697,mid,6,5
Unit Bravo,S06360,R02606,mid,6,5
Unit Delta,S06361,R00814,senior,5,3
Unit Alpha,S06362,R04011,junior,5,4
Unit Alpha,S06363,R04723,mid,4,3
Unit Echo,S06364,R00549,mid,5,5
Unit Delta,S06365,R04006,mid,7,5
Unit Alpha,S06366,R03020,mid,6,4
Unit Bravo,S06367,R03942,junior,5,3
Unit Bravo,S06368,R01227,mid,5,4
Unit Bravo,S06369,R01306,junior,5,4
Unit Echo,S06370,R02113,mid,3,2
Unit Echo,S06371,R00977,junior,5,2
Unit Delta,S06372,R02726,junior,6,3
Unit Echo,S06373,R03139,mid,4,2
Unit Bravo,S06374,R04412,junior,6,5
Unit Echo,S06375,R02559,junior,4,2
Unit Alpha,S06376,R02913,mid,3,3
Unit Alpha,S06377,R00135,senior,5,4
Unit Bravo,S06378,R01589,mid,6,5
Unit Echo,S06379,R04983,junior,3,2
Unit Delta,S06380,R01351,mid,4,3
Unit Echo,S06381,R03396,senior,8,7
Unit Alpha,S06382,R04569,junior,4,3
Unit Alpha,S06383,R01012,senior,7,7
Unit Echo,S06384,R01368,mid,9,7
Unit Bravo,S06385,R00595,junior,5,2
Unit Echo,S06386,R03594,senior,6,6
Unit Bravo,S06387,R02716,junior,3,1
Unit Echo,S06388,R02563,junior,8,5
Unit Alpha,S06389,R03366,mid,4,1
Unit Delta,S06390,R04519,mid,3,2
Unit Alpha,S06391,R03252,mid,7,7
Unit Alpha,S06392,R00512,mid,6,6
Unit Bravo,S06393,R01837,junior,9,3
Unit Echo,S06394,R00712,mid,7,4
Unit Bravo,S06395,R02271,junior,7,2
Unit Bravo,S06396,R02808,mid,5,5
Unit Alpha,S06397,R00323,junior,6,3
Unit Alpha,S06398,R03244,senior,7,5
Unit Delta,S06399,R03268,junior,4,1
Unit Alpha,S06400,R01096,mid,8,5
Unit Delta,S06401,R00699,mid,6,5
Unit Delta,S06402,R02460,senior,4,4
Unit Delta,S06403,R03984,junior,6,6
Unit Alpha,S06404,R00180,junior,5,4
Unit Delta,S06405,R00234,junior,6,4
Unit Bravo,S06406,R04054,junior,7,2
Unit Alpha,S06407,R03956,mid,3,1
Unit Echo,S06408,R03402,junior,3,2
Unit Alpha,S06409,R00533,junior,6,6
Unit Echo,S06410,R01633,senior,9,8
Unit Alpha,S06411,R00970,junior,4,4
Unit Delta,S06412,R00257,junior,2,1
Unit Bravo,S06413,R02015,junior,6,4
Unit Alpha,S06414,R02322,junior,10,4
Unit Echo,S06415,R00736,mid,7,4
Unit Echo,S06416,R04599,mid,10,8
Unit Echo,S06417,R02621,senior,12,9
Unit Alpha,S06418,R04423,mid,10,8
Unit Echo,S06419,R02042,senior,3,2
Unit Alpha,S06420,R03831,junior,7,2
Unit Bravo,S06421,R04853,senior,6,5
Unit Bravo,S06422,R04278,mid,3,2
Unit Bravo,S06423,R04471,senior,8,7
Unit Echo,S06424,R03124,mid,8,6
Unit Delta,S06425,R01149,senior,5,5
Unit Delta,S06426,R01214,junior,3,2
Unit Bravo,S06427,R04620,junior,7,4
Unit Echo,S06428,R02384,mid,4,2
Unit Delta,S06429,R03045,mid,7,4
Unit Bravo,S06430,R00872,junior,4,4
Unit Echo,S06431,R03974,mid,9,8
Unit Bravo,S06432,R00997,mid,7,4
Unit Bravo,S06433,R00633,junior,3,2
Unit Delta,S06434,R02018,junior,6,6
Unit Alpha,S06435,R02736,junior,5,2
Unit Bravo,S06436,R00498,junior,5,2
Unit Echo,S06437,R02935,mid,10,8
Unit Delta,S06438,R02385,mid,7,5
Unit Echo,S06439,R02866,mid,14,10
Unit Alpha,S06440,R02040,senior,3,3
Unit Bravo,S06441,R00264,mid,3,2
Unit Echo,S06442,R02846,mid,7,5
Unit Alpha,S06443,R01257,junior,5,4
Unit Bravo,S06444,R02063,mid,4,3
Unit Alpha,S06445,R04334,junior,6,4
Unit Alpha,S06446,R04377,junior,4,2
Unit Echo,S06447,R03990,mid,6,5
Unit Bravo,S06448,R01454,mid,4,4
Unit Bravo,S06449,R03991,junior,8,5
Unit Alpha,S06450,R02634,mid,8,5
Unit Bravo,S06451,R00799,junior,6,6
Unit Alpha,S06452,R01983,junior,9,5
Unit Delta,S06453,R01205,junior,3,1
Unit Delta,S06454,R03858,senior,6,5
Unit Bravo,S06455,R01945,junior,4,3
Unit Bravo,S06456,R02640,senior,4,4
Unit Echo,S06457,R00996,junior,7,5
Unit Echo,S06458,R00144,mid,8,6
Unit Delta,S06459,R00351,junior,3,0
Unit Echo,S06460,R04009,junior,5,1
Unit Bravo,S06461,R01645,junior,9,4
Unit Echo,S06462,R04853,mid,9,7
Unit Delta,S06463,R03279,mid,8,7
Unit Echo,S06464,R02692,mid,7,3
Unit Alpha,S06465,R04083,junior,4,4
Unit Delta,S06466,R00742,junior,4,0
Unit Delta,S06467,R01401,mid,8,7
Unit Bravo,S06468,R01614,mid,9,5
Unit Delta,S06469,R04697,senior,4,3
Unit Echo,S06470,R00901,senior,4,4
Unit Alpha,S06471,R01903,junior,7,4
Unit Alpha,S06472,R04605,senior,6,6
Unit Echo,S06473,R01623,senior,10,9
Unit Alpha,S06474,R04238,junior,4,3
Unit Delta,S06475,R01869,mid,5,2
Unit Delta,S06476,R01503,senior,5,5
Unit Echo,S06477,R01112,mid,7,5
Unit Echo,S06478,R01933,junior,7,6
Unit Delta,S06479,R02663,junior,9,8
Unit Alpha,S06480,R03458,junior,7,3
Unit Echo,S06481,R04267,mid,7,5
Unit Delta,S06482,R02679,junior,4,2
Unit Bravo,S06483,R04882,mid,9,7
Unit Delta,S06484,R03912,mid,4,3
Unit Bravo,S06485,R01476,junior,5,3
Unit Bravo,S06486,R01621,senior,6,5
Unit Bravo,S06487,R04105,mid,6,6
Unit Echo,S06488,R03632,junior,10,9
Unit Alpha,S06489,R01764,mid,7,4
Unit Delta,S06490,R03499,mid,7,5
Unit Echo,S06491,R04276,junior,6,5
Unit Echo,S06492,R02670,mid,8,3
Unit Bravo,S06493,R02321,mid,5,5
Unit Delta,S06494,R00940,junior,6,2
Unit Delta,S06495,R01784,junior,9,7
Unit Delta,S06496,R01438,mid,11,9
Unit Echo,S06497,R01452,mid,7,4
Unit Alpha,S06498,R03601,mid,6,4
Unit Bravo,S06499,R02418,mid,6,3
Unit Bravo,S06500,R01899,senior,13,10
Unit Echo,S06501,R00874,mid,7,6
Unit Bravo,S06502,R02917,senior,8,7
Unit Alpha,S06503,R02572,junior,5,2
Unit Alpha,S06504,R04432,junior,5,2
Unit Echo,S06505,R01842,mid,8,6
Unit Alpha,S06506,R01774,junior,8,6
Unit Echo,S06507,R02781,mid,9,5
Unit Delta,S06508,R00346,junior,3,2
Unit Echo,S06509,R02253,senior,7,7
Unit Echo,S06510,R00933,mid,4,3
Unit Echo,S06511,R03831,junior,6,5
Unit Alpha,S06512,R02341,junior,3,2
Unit Echo,S06513,R03993,senior,9,7
Unit Delta,S06514,R03001,mid,5,4
Unit Bravo,S06515,R01623,junior,4,2
Unit Bravo,S06516,R02337,junior,6,2
Unit Delta,S06517,R00903,senior,8,7
Unit Echo,S06518,R00160,senior,6,4
Unit Alpha,S06519,R02983,mid,7,5
Unit Alpha,S06520,R03227,mid,4,4
Unit Echo,S06521,R02692,mid,8,7
Unit Bravo,S06522,R00388,mid,7,6
Unit Alpha,S06523,R02318,junior,3,1
Unit Echo,S06524,R04235,junior,5,4
Unit Alpha,S06525,R00278,senior,8,8
Unit Alpha,S06526,R01974,mid,9,7
Unit Alpha,S06527,R04555,senior,4,4
Unit Alpha,S06528,R03688,mid,4,2
Unit Echo,S06529,R03207,junior,4,1
Unit Alpha,S06530,R00412,mid,3,2
Unit Alpha,S06531,R02839,senior,8,8
Unit Echo,S06532,R00205,senior,3,3
Unit Echo,S06533,R01837,mid,4,4
Unit Alpha,S06534,R04285,mid,7,5
Unit Alpha,S06535,R00440,mid,2,1
Unit Delta,S06536,R02489,mid,5,2
Unit Alpha,S06537,R01508,junior,3,1
Unit Delta,S06538,R02922,junior,4,1
Unit Delta,S06539,R00696,mid,5,3
Unit Bravo,S06540,R04841,junior,3,2
Unit Bravo,S06541,R03105,mid,8,5
Unit Bravo,S06542,R03722,mid,5,2
Unit Bravo,S06543,R02793,mid,7,6
Unit Bravo,S06544,R00043,senior,5,5
Unit Delta,S06545,R02309,senior,10,8
Unit Alpha,S06546,R01621,senior,4,3
Unit Delta,S06547,R00146,junior,8,6
Unit Bravo,S06548,R04013,mid,6,5
Unit Alpha,S06549,R03416,junior,9,4
Unit Alpha,S06550,R01804,mid,3,2
Unit Delta,S06551,R01563,mid,1,1
Unit Alpha,S06552,R02990,junior,5,3
Unit Bravo,S06553,R03814,junior,3,1
Unit Alpha,S06554,R01210,junior,5,3
Unit Echo,S06555,R03807,junior,7,4
Unit Alpha,S06556,R00953,mid,7,6
Unit Alpha,S06557,R01525,senior,5,5
Unit Alpha,S06558,R01876,senior,4,4
Unit Echo,S06559,R03509,senior,5,5
Unit Alpha,S06560,R04373,mid,4,3
Unit Echo,S06561,R04992,senior,5,5
Unit Bravo,S06562,R00961,mid,7,6
Unit Echo,S06563,R00627,mid,8,7
Unit Bravo,S06564,R01838,mid,7,5
Unit Alpha,S06565,R00383,junior,2,2
Unit Bravo,S06566,R04959,senior,6,6
Unit Echo,S06567,R00982,senior,8,7
Unit Echo,S06568,R03869,mid,8,6
Unit Delta,S06569,R00416,senior,5,5
Unit Delta,S06570,R04619,mid,5,3
Unit Echo,S06571,R04632,senior,7,6
Unit Bravo,S06572,R00633,junior,6,5
Unit Bravo,S06573,R02283,senior,4,3
Unit Alpha,S06574,R01706,junior,4,3
Unit Bravo,S06575,R01013,mid,7,5
Unit Alpha,S06576,R01351,mid,8,5
Unit Bravo,S06577,R00335,junior,5,3
Unit Bravo,S06578,R03966,mid,10,4
Unit Delta,S06579,R01898,junior,8,7
Unit Delta,S06580,R01216,junior,7,3
Unit Bravo,S06581,R02954,mid,7,7
Unit Bravo,S06582,R00049,junior,10,7
Unit Alpha,S06583,R01429,senior,4,3
Unit Echo,S06584,R01229,senior,3,3
Unit Echo,S06585,R01894,mid,6,4
Unit Delta,S06586,R01608,mid,8,6
Unit Bravo,S06587,R02182,senior,8,8
Unit Echo,S06588,R02695,mid,6,6
Unit Bravo,S06589,R04950,senior,8,8
Unit Alpha,S06590,R01326,mid,10,7
Unit Alpha,S06591,R03776,mid,7,6
Unit Bravo,S06592,R02914,mid,7,6
Unit Delta,S06593,R02463,senior,4,4
Unit Bravo,S06594,R03289,mid,6,4
Unit Alpha,S06595,R02207,senior,6,5
Unit Bravo,S06596,R02854,senior,5,5
Unit Echo,S06597,R04438,junior,12,7
Unit Bravo,S06598,R04301,senior,5,5
Unit Delta,S06599,R02370,junior,5,2
Unit Alpha,S06600,R01480,mid,3,3
Unit Echo,S06601,R02219,junior,6,6
Unit Bravo,S06602,R00630,junior,5,3
Unit Bravo,S06603,R04489,senior,5,5
Unit Alpha,S06604,R00869,senior,7,6
Unit Bravo,S06605,R03064,junior,7,3
Unit Echo,S06606,R02164,junior,4,1
Unit Echo,S06607,R00272,mid,5,4
Unit Alpha,S06608,R01848,junior,9,4
Unit Echo,S06609,R02521,junior,4,2
Unit Delta,S06610,R00167,junior,5,3
Unit Alpha,S06611,R03531,mid,5,4
Unit Alpha,S06612,R04448,senior,10,10
Unit Echo,S06613,R03585,mid,9,4
Unit Alpha,S06614,R00164,junior,3,2
Unit Delta,S06615,R02278,junior,5,5
Unit Delta,S06616,R01319,junior,7,4
Unit Echo,S06617,R02355,junior,5,3
Unit Alpha,S06618,R03264,junior,6,2
Unit Bravo,S06619,R03993,senior,7,6
Unit Echo,S06620,R03850,mid,9,8
Unit Delta,S06621,R01670,junior,3,0
Unit Alpha,S06622,R04407,junior,6,3
Unit Bravo,S06623,R00326,junior,3,1
Unit Bravo,S06624,R00076,junior,8,5
Unit Echo,S06625,R04905,junior,3,1
Unit Bravo,S06626,R04786,junior,7,2
Unit Echo,S06627,R02823,mid,4,4
Unit Alpha,S06628,R01140,mid,6,6
Unit Bravo,S06629,R01895,junior,5,4
Unit Echo,S06630,R02472,senior,5,5
Unit Delta,S06631,R02003,senior,7,7
Unit Alpha,S06632,R00001,senior,9,8
Unit Delta,S06633,R03081,mid,7,4
Unit Echo,S06634,R00327,mid,4,2
Unit Delta,S06635,R01892,mid,8,7
Unit Echo,S06636,R02296,senior,10,9
Unit Delta,S06637,R03626,senior,5,5
Unit Delta,S06638,R04742,mid,2,1
Unit Bravo,S06639,R04795,mid,7,7
Unit Echo,S06640,R01110,senior,8,8
Unit Alpha,S06641,R03729,junior,9,4
Unit Alpha,S06642,R02850,junior,4,2
Unit Echo,S06643,R03940,mid,9,6
Unit Delta,S06644,R02255,mid,4,1
Unit Delta,S06645,R01354,senior,6,4
Unit Alpha,S06646,R01157,junior,7,4
Unit Bravo,S06647,R03677,junior,4,3
Unit Echo,S06648,R00038,junior,5,5
Unit Echo,S06649,R02234,mid,9,6
Unit Echo,S06650,R03037,senior,6,5
Unit Bravo,S06651,R01984,junior,7,6
Unit Delta,S06652,R04072,senior,3,3
Unit Alpha,S06653,R03111,mid,5,3
Unit Echo,S06654,R03403,junior,5,2
Unit Echo,S06655,R00883,junior,5,3
Unit Echo,S06656,R02103,senior,5,3
Unit Echo,S06657,R00199,junior,3,3
Unit Delta,S06658,R04355,mid,4,4
Unit Delta,S06659,R01773,mid,5,3
Unit Alpha,S06660,R01588,senior,9,8
Unit Delta,S06661,R03895,mid,5,3
Unit Echo,S06662,R02376,senior,9,9
Unit Delta,S06663,R03664,junior,4,1
Unit Alpha,S06664,R01181,mid,4,4
Unit Bravo,S06665,R01245,senior,4,3
Unit Echo,S06666,R04832,junior,4,2
Unit Alpha,S06667,R02735,mid,6,3
Unit Echo,S06668,R00424,mid,5,5
Unit Delta,S06669,R04129,mid,7,7
Unit Bravo,S06670,R02872,junior,7,6
Unit Delta,S06671,R01552,mid,8,6
Unit Delta,S06672,R01779,mid,7,6
Unit Bravo,S06673,R01352,junior,7,5
Unit Bravo,S06674,R02742,junior,5,4
Unit Echo,S06675,R01766,junior,3,1
Unit Bravo,S06676,R00591,junior,4,3
Unit Echo,S06677,R02406,junior,8,6
Unit Bravo,S06678,R02274,mid,6,4
Unit Alpha,S06679,R04532,mid,6,4
Unit Echo,S06680,R02014,mid,6,4
Unit Delta,S06681,R02557,mid,5,3
Unit Delta,S06682,R04678,junior,7,3
Unit Echo,S06683,R04087,mid,7,4
Unit Alpha,S06684,R02060,junior,9,6
Unit Echo,S06685,R04629,junior,9,5
Unit Bravo,S06686,R01691,junior,5,4
Unit Delta,S06687,R01493,mid,9,5
Unit Alpha,S06688,R01956,junior,2,2
Unit Alpha,S06689,R04103,junior,5,2
Unit Bravo,S06690,R00827,senior,6,6
Unit Delta,S06691,R04503,mid,4,4
Unit Delta,S06692,R00901,senior,10,10
Unit Bravo,S06693,R04311,junior,3,2
Unit Delta,S06694,R00423,junior,8,1
Unit Echo,S06695,R00626,senior,8,7
Unit Echo,S06696,R02908,mid,6,5
Unit Echo,S06697,R02625,junior,5,4
Unit Alpha,S06698,R01438,senior,5,3
Unit Echo,S06699,R03064,mid,5,4
Unit Bravo,S06700,R03394,junior,10,6
Unit Echo,S06701,R01597,senior,5,4
Unit Delta,S06702,R03449,senior,4,4
Unit Alpha,S06703,R00420,junior,4,2
Unit Bravo,S06704,R02745,junior,10,6
Unit Delta,S06705,R01658,senior,4,4
Unit Echo,S06706,R04899,mid,8,7
Unit Delta,S06707,R04033,junior,4,2
Unit Echo,S06708,R03375,mid,3,3
Unit Alpha,S06709,R01428,mid,4,2
Unit Bravo,S06710,R04160,mid,8,6
Unit Echo,S06711,R02157,mid,6,5
Unit Alpha,S06712,R04216,mid,6,5
Unit Echo,S06713,R04767,junior,5,4
Unit Bravo,S06714,R01128,mid,5,3
Unit Bravo,S06715,R01142,junior,7,5
Unit Alpha,S06716,R01065,junior,8,6
Unit Delta,S06717,R02704,senior,4,4
Unit Bravo,S06718,R00666,mid,13,10
Unit Delta,S06719,R04401,junior,3,2
Unit Bravo,S06720,R02577,junior,8,4
Unit Alpha,S06721,R03903,junior,7,3
Unit Alpha,S06722,R03197,senior,7,7
Unit Delta,S06723,R04397,senior,3,3
Unit Delta,S06724,R04071,mid,4,4
Unit Bravo,S06725,R03229,mid,6,5
Unit Bravo,S06726,R02001,junior,10,7
Unit Alpha,S06727,R04558,junior,6,6
Unit Echo,S06728,R04051,junior,5,4
Unit Bravo,S06729,R03422,mid,5,5
Unit Delta,S06730,R04014,mid,10,9
Unit Delta,S06731,R04072,junior,5,3
Unit Alpha,S06732,R02043,mid,3,3
Unit Alpha,S06733,R03587,mid,9,7
Unit Echo,S06734,R01103,mid,6,6
Unit Bravo,S06735,R00177,mid,6,3
Unit Alpha,S06736,R02111,junior,5,5
Unit Bravo,S06737,R02867,mid,8,6
Unit Alpha,S06738,R01596,mid,7,7
Unit Alpha,S06739,R01263,senior,5,4
Unit Bravo,S06740,R03498,mid,3,2
Unit Bravo,S06741,R04066,mid,8,7
Unit Delta,S06742,R04632,mid,10,9
Unit Alpha,S06743,R04643,mid,9,6
Unit Delta,S06744,R04090,mid,7,5
Unit Echo,S06745,R00569,junior,4,2
Unit Bravo,S06746,R01692,senior,2,2
Unit Bravo,S06747,R02178,junior,4,2
Unit Echo,S06748,R01470,junior,5,5
Unit Echo,S06749,R02825,senior,7,7
Unit Alpha,S06750,R00616,senior,7,7
Unit Echo,S06751,R00084,senior,7,7
Unit Echo,S06752,R02176,senior,9,9
Unit Alpha,S06753,R02485,junior,6,4
Unit Alpha,S06754,R00285,junior,8,3
Unit Alpha,S06755,R00839,mid,6,5
Unit Delta,S06756,R02086,junior,3,2
Unit Alpha,S06757,R03813,senior,6,6
Unit Delta,S06758,R00659,mid,5,5
Unit Bravo,S06759,R03923,mid,7,6
Unit Delta,S06760,R02690,mid,9,7
Unit Echo,S06761,R04966,junior,5,5
Unit Delta,S06762,R04399,senior,5,5
Unit Delta,S06763,R04202,junior,2,2
Unit Echo,S06764,R00348,senior,6,5
Unit Echo,S06765,R02766,mid,9,6
Unit Bravo,S06766,R04261,mid,6,4
Unit Echo,S06767,R00199,senior,11,9
Unit Bravo,S06768,R02885,mid,5,5
Unit Alpha,S06769,R01114,senior,5,5
Unit Delta,S06770,R04654,mid,9,8
Unit Alpha,S06771,R01464,senior,10,9
Unit Bravo,S06772,R04662,junior,6,6
Unit Alpha,S06773,R03374,junior,5,2
Unit Echo,S06774,R04217,mid,4,3
Unit Echo,S06775,R00721,junior,5,2
Unit Bravo,S06776,R01510,junior,9,5
Unit Echo,S06777,R02374,mid,3,2
Unit Bravo,S06778,R01325,mid,8,5
Unit Echo,S06779,R04339,mid,4,4
Unit Alpha,S06780,R04362,senior,7,6
Unit Bravo,S06781,R03954,junior,6,4
Unit Bravo,S06782,R00453,senior,6,6
Unit Alpha,S06783,R02719,junior,8,8
Unit Delta,S06784,R04599,mid,7,6
Unit Alpha,S06785,R02984,senior,6,3
Unit Echo,S06786,R02722,junior,8,5
Unit Echo,S06787,R01012,junior,5,1
Unit Echo,S06788,R00776,senior,7,6
Unit Bravo,S06789,R02973,mid,9,7
Unit Alpha,S06790,R04267,junior,9,5
Unit Delta,S06791,R04330,mid,7,6
Unit Delta,S06792,R01894,mid,6,5
Unit Delta,S06793,R02776,mid,6,4
Unit Delta,S06794,R01904,junior,5,1
Unit Echo,S06795,R00239,mid,3,3
Unit Alpha,S06796,R04059,senior,4,4
Unit Alpha,S06797,R02813,junior,5,2
Unit Delta,S06798,R00825,senior,5,5
Unit Echo,S06799,R02745,senior,7,7
Unit Alpha,S06800,R00775,junior,5,3
Unit Alpha,S06801,R00937,mid,7,5
Unit Bravo,S06802,R03894,junior,6,2
Unit Bravo,S06803,R02198,junior,7,4
Unit Bravo,S06804,R04541,senior,6,5
Unit Echo,S06805,R02033,mid,7,6
Unit Delta,S06806,R00471,senior,7,6
Unit Bravo,S06807,R00002,mid,2,2
Unit Bravo,S06808,R03978,mid,5,3
Unit Delta,S06809,R02362,junior,5,3
Unit Alpha,S06810,R00634,mid,6,4
Unit Bravo,S06811,R00958,junior,12,9
Unit Alpha,S06812,R03302,mid,8,8
Unit Echo,S06813,R04635,junior,6,6
Unit Bravo,S06814,R03809,junior,8,4
Unit Echo,S06815,R04906,junior,9,6
Unit Alpha,S06816,R04652,mid,8,8
Unit Alpha,S06817,R03476,junior,4,3
Unit Bravo,S06818,R00730,junior,6,3
Unit Bravo,S06819,R04683,senior,8,7
Unit Bravo,S06820,R03794,mid,5,4
Unit Echo,S06821,R01285,junior,2,2
Unit Echo,S06822,R02528,junior,5,3
Unit Bravo,S06823,R01220,senior,4,4
Unit Bravo,S06824,R01867,mid,3,2
Unit Alpha,S06825,R00461,senior,9,8
Unit Bravo,S06826,R03005,junior,4,2
Unit Bravo,S06827,R02333,senior,6,4
Unit Bravo,S06828,R03975,senior,12,10
Unit Alpha,S06829,R00106,junior,5,1
Unit Echo,S06830,R04218,mid,9,8
Unit Echo,S06831,R01275,junior,5,3
Unit Echo,S06832,R04243,mid,3,2
Unit Bravo,S06833,R03518,senior,8,7
Unit Alpha,S06834,R02411,senior,5,5
Unit Bravo,S06835,R04488,junior,6,3
Unit Echo,S06836,R00198,junior,2,1
Unit Delta,S06837,R03194,junior,10,7
Unit Echo,S06838,R02106,mid,3,2
Unit Echo,S06839,R01869,junior,4,3
Unit Delta,S06840,R01071,senior,7,7
Unit Alpha,S06841,R04310,junior,5,2
Unit Alpha,S06842,R03336,mid,4,2
Unit Bravo,S06843,R01901,mid,5,4
Unit Alpha,S06844,R00220,mid,5,5
Unit Delta,S06845,R03608,mid,8,6
Unit Delta,S06846,R02295,junior,4,1
Unit Delta,S06847,R02490,junior,12,7
Unit Echo,S06848,R02738,junior,2,0
Unit Bravo,S06849,R03200,junior,6,2
Unit Delta,S06850,R01192,junior,5,4
Unit Delta,S06851,R04066,junior,9,5
Unit Alpha,S06852,R04545,junior,2,2
Unit Bravo,S06853,R02080,mid,8,5
Unit Echo,S06854,R03692,senior,5,5
Unit Echo,S06855,R02150,junior,12,7
Unit Alpha,S06856,R04017,junior,8,6
Unit Bravo,S06857,R00282,junior,5,3
Unit Alpha,S06858,R02724,junior,6,5
Unit Echo,S06859,R00620,mid,4,3
Unit Alpha,S06860,R01068,junior,6,4
Unit Delta,S06861,R01495,junior,10,6
Unit Delta,S06862,R00610,mid,9,9
Unit Echo,S06863,R01802,junior,8,5
Unit Echo,S06864,R04920,junior,8,4
Unit Echo,S06865,R01134,mid,7,4
Unit Echo,S06866,R02722,junior,5,3
Unit Delta,S06867,R03227,mid,8,6
Unit Bravo,S06868,R04911,junior,6,3
Unit Delta,S06869,R04848,senior,9,8
Unit Echo,S06870,R04255,mid,6,4
Unit Alpha,S06871,R00846,junior,8,2
Unit Echo,S06872,R02271,mid,5,3
Unit Echo,S06873,R04357,junior,4,2
Unit Delta,S06874,R02349,mid,7,4
Unit Bravo,S06875,R00626,junior,4,0
Unit Alpha,S06876,R03154,senior,9,7
Unit Delta,S06877,R01344,mid,4,2
Unit Echo,S06878,R00720,mid,8,6
Unit Delta,S06879,R03302,senior,8,8
Unit Echo,S06880,R00856,junior,6,0
Unit Echo,S06881,R04902,mid,4,3
Unit Bravo,S06882,R04939,mid,4,4
Unit Alpha,S06883,R04711,junior,6,3
Unit Bravo,S06884,R04604,mid,3,2
Unit Echo,S06885,R04442,senior,5,5
Unit Bravo,S06886,R03607,senior,7,4
Unit Echo,S06887,R04945,senior,9,8
Unit Bravo,S06888,R04562,mid,4,3
Unit Bravo,S06889,R00051,mid,7,4
Unit Bravo,S06890,R03377,mid,7,6
Unit Delta,S06891,R03176,senior,7,6
Unit Alpha,S06892,R00109,junior,7,4
Unit Delta,S06893,R00749,mid,3,3
Unit Echo,S06894,R02666,senior,5,5
Unit Echo,S06895,R03386,junior,7,7
Unit Alpha,S06896,R03027,mid,6,4
Unit Bravo,S06897,R01392,junior,4,2
Unit Bravo,S06898,R03060,junior,3,3
Unit Delta,S06899,R01832,junior,5,1
Unit Bravo,S06900,R03564,junior,3,2
Unit Echo,S06901,R04635,senior,4,4
Unit Alpha,S06902,R04850,junior,8,4
Unit Bravo,S06903,R02508,junior,10,2
Unit Bravo,S06904,R04818,mid,6,5
Unit Bravo,S06905,R01199,senior,6,5
Unit Delta,S06906,R01818,junior,8,6
Unit Delta,S06907,R01335,mid,5,3
Unit Bravo,S06908,R02873,senior,5,5
Unit Delta,S06909,R00931,mid,3,3
Unit Delta,S06910,R03075,junior,8,4
Unit Delta,S06911,R03026,senior,6,6
Unit Echo,S06912,R01768,junior,5,3
Unit Echo,S06913,R02015,junior,4,3
Unit Alpha,S06914,R01912,junior,3,0
Unit Alpha,S06915,R03448,mid,6,3
Unit Bravo,S06916,R04257,junior,8,5
Unit Alpha,S06917,R02116,mid,6,3
Unit Bravo,S06918,R04614,mid,9,8
Unit Delta,S06919,R00371,junior,4,3
Unit Alpha,S06920,R01720,senior,4,3
Unit Alpha,S06921,R01528,junior,4,4
Unit Echo,S06922,R02964,senior,9,7
Unit Bravo,S06923,R03918,mid,10,8
Unit Delta,S06924,R00730,mid,6,5
Unit Delta,S06925,R03708,senior,8,6
Unit Bravo,S06926,R02924,mid,6,6
Unit Alpha,S06927,R04500,junior,6,3
Unit Delta,S06928,R00868,junior,7,4
Unit Bravo,S06929,R04399,junior,6,3
Unit Echo,S06930,R01100,mid,6,4
Unit Alpha,S06931,R00641,junior,7,4
Unit Echo,S06932,R02882,senior,6,6
Unit Echo,S06933,R00929,senior,8,6
Unit Echo,S06934,R00810,senior,7,7
Unit Delta,S06935,R04697,mid,6,3
Unit Bravo,S06936,R01198,mid,7,6
Unit Bravo,S06937,R04371,mid,5,5
Unit Bravo,S06938,R00901,mid,6,5
Unit Delta,S06939,R03049,junior,7,4
Unit Bravo,S06940,R01141,junior,9,5
Unit Alpha,S06941,R01786,junior,7,5
Unit Echo,S06942,R02847,junior,3,1
Unit Echo,S06943,R04192,senior,11,11
Unit Delta,S06944,R02167,junior,4,3
Unit Echo,S06945,R02831,mid,8,6
Unit Delta,S06946,R01206,junior,8,3
Unit Echo,S06947,R01622,junior,4,3
Unit Delta,S06948,R02540,junior,6,3
Unit Delta,S06949,R02276,senior,8,6
Unit Echo,S06950,R00135,junior,3,2
Unit Bravo,S06951,R00898,mid,6,3
Unit Alpha,S06952,R02397,junior,13,6
Unit Bravo,S06953,R02631,junior,5,5
Unit Echo,S06954,R04682,junior,5,4
Unit Echo,S06955,R02900,junior,14,9
Unit Delta,S06956,R02668,junior,5,2
Unit Echo,S06957,R00823,mid,7,5
Unit Delta,S06958,R01442,mid,4,3
Unit Bravo,S06959,R04336,mid,4,4
Unit Bravo,S06960,R01581,mid,8,5
Unit Delta,S06961,R03287,mid,3,3
Unit Bravo,S06962,R00125,mid,6,2
Unit Alpha,S06963,R03982,mid,5,4
Unit Bravo,S06964,R02864,junior,3,1
Unit Delta,S06965,R00024,mid,9,9
Unit Alpha,S06966,R01629,mid,5,5
Unit Delta,S06967,R02431,senior,3,3
Unit Delta,S06968,R00344,junior,7,4
Unit Alpha,S06969,R02752,junior,7,4
Unit Delta,S06970,R03966,junior,10,6
Unit Alpha,S06971,R00926,junior,5,3
Unit Delta,S06972,R01011,mid,4,4
Unit Bravo,S06973,R02248,mid,9,6
Unit Echo,S06974,R04256,junior,5,4
Unit Bravo,S06975,R01875,mid,8,6
Unit Echo,S06976,R00006,mid,8,7
Unit Bravo,S06977,R02420,junior,5,3
Unit Alpha,S06978,R03787,mid,5,5
Unit Alpha,S06979,R01737,junior,6,3
Unit Echo,S06980,R04835,junior,6,1
Unit Delta,S06981,R04569,junior,5,3
Unit Echo,S06982,R00118,senior,2,2
Unit Bravo,S06983,R02476,senior,4,4
Unit Delta,S06984,R00129,junior,7,5
Unit Delta,S06985,R00143,senior,8,6
Unit Alpha,S06986,R02127,mid,6,3
Unit Alpha,S06987,R02757,junior,6,3
Unit Bravo,S06988,R00915,mid,8,7
Unit Alpha,S06989,R00470,junior,6,4
Unit Delta,S06990,R04642,mid,8,4
Unit Delta,S06991,R04786,mid,8,4
Unit Echo,S06992,R00305,senior,6,6
Unit Alpha,S06993,R01115,mid,6,5
Unit Bravo,S06994,R03116,senior,6,6
Unit Echo,S06995,R00080,junior,7,4
Unit Alpha,S06996,R04428,senior,9,6
Unit Bravo,S06997,R01202,junior,8,3
Unit Echo,S06998,R02696,junior,4,3
Unit Delta,S06999,R01709,mid,7,5
Unit Delta,S07000,R03341,junior,6,1
Unit Delta,S07001,R03536,mid,5,5
Unit Bravo,S07002,R02265,mid,3,3
Unit Echo,S07003,R00390,senior,11,11
Unit Delta,S07004,R03855,senior,7,7
Unit Echo,S07005,R00705,senior,8,5
Unit Bravo,S07006,R04400,mid,6,6
Unit Delta,S07007,R02182,senior,7,6
Unit Echo,S07008,R02650,mid,8,6
Unit Alpha,S07009,R02802,mid,3,3
Unit Echo,S07010,R00273,mid,7,6
Unit Echo,S07011,R04175,junior,5,1
Unit Alpha,S07012,R00884,junior,4,1
Unit Bravo,S07013,R03684,mid,9,8
Unit Delta,S07014,R01129,junior,9,4
Unit Alpha,S07015,R00868,junior,4,1
Unit Alpha,S07016,R01952,mid,11,5
Unit Bravo,S07017,R03699,senior,9,7
Unit Bravo,S07018,R00778,senior,5,5
Unit Echo,S07019,R04804,mid,7,4
Unit Bravo,S07020,R01253,junior,8,4
Unit Echo,S07021,R04628,junior,5,4
Unit Delta,S07022,R00786,mid,7,6
Unit Echo,S07023,R00308,junior,4,3
Unit Alpha,S07024,R01968,junior,6,3
Unit Alpha,S07025,R02581,junior,7,6
Unit Bravo,S07026,R00476,junior,7,5
Unit Alpha,S07027,R00664,junior,4,0
Unit Alpha,S07028,R03182,mid,4,3
Unit Alpha,S07029,R01134,junior,3,2
Unit Alpha,S07030,R00639,senior,6,6
Unit Alpha,S07031,R00073,mid,3,3
Unit Alpha,S07032,R02910,mid,5,3
Unit Delta,S07033,R01407,junior,8,3
Unit Alpha,S07034,R01921,junior,5,2
Unit Delta,S07035,R00223,mid,5,4
Unit Bravo,S07036,R03317,junior,9,7
Unit Echo,S07037,R01153,senior,4,4
Unit Bravo,S07038,R03006,junior,7,4
Unit Delta,S07039,R00570,junior,8,4
Unit Alpha,S07040,R03598,junior,3,3
Unit Alpha,S07041,R04491,mid,4,3
Unit Delta,S07042,R02870,senior,5,5
Unit Alpha,S07043,R03381,mid,8,6
Unit Echo,S07044,R04872,mid,6,4
Unit Bravo,S07045,R00075,mid,4,1
Unit Delta,S07046,R01339,junior,7,5
Unit Bravo,S07047,R02898,junior,3,2
Unit Alpha,S07048,R01762,junior,6,4
Unit Alpha,S07049,R02719,mid,9,9
Unit Delta,S07050,R01659,mid,7,6
Unit Alpha,S07051,R00197,senior,3,2
Unit Alpha,S07052,R01869,mid,4,3
Unit Echo,S07053,R00793,mid,5,4
Unit Alpha,S07054,R04251,mid,6,5
Unit Alpha,S07055,R04945,junior,4,4
Unit Bravo,S07056,R02602,mid,3,2
Unit Bravo,S07057,R00411,mid,4,3
Unit Bravo,S07058,R00614,junior,6,3
Unit Echo,S07059,R01492,junior,7,6
Unit Delta,S07060,R00280,senior,5,5
Unit Alpha,S07061,R04983,junior,5,3
Unit Delta,S07062,R03296,mid,3,2
Unit Echo,S07063,R01562,senior,6,6
Unit Delta,S07064,R01027,junior,2,0
Unit Delta,S07065,R01667,mid,5,5
Unit Echo,S07066,R02913,junior,9,5
Unit Echo,S07067,R02305,mid,2,1
Unit Echo,S07068,R02089,mid,7,5
Unit Bravo,S07069,R00811,junior,8,3
Unit Echo,S07070,R04758,junior,5,4
Unit Delta,S07071,R04439,junior,10,6
Unit Bravo,S07072,R00268,junior,4,2
Unit Bravo,S07073,R03641,mid,7,5
Unit Echo,S07074,R02805,senior,5,5
Unit Bravo,S07075,R04662,mid,7,4
Unit Bravo,S07076,R04959,junior,8,4
Unit Bravo,S07077,R02327,mid,6,5
Unit Echo,S07078,R02010,junior,2,2
Unit Bravo,S07079,R00575,mid,5,3
Unit Delta,S07080,R00488,mid,9,8
Unit Delta,S07081,R03424,mid,4,4
Unit Echo,S07082,R04304,senior,5,5
Unit Alpha,S07083,R02114,junior,5,2
Unit Bravo,S07084,R03132,senior,9,9
Unit Echo,S07085,R02653,mid,5,5
Unit Alpha,S07086,R01915,junior,4,2
Unit Delta,S07087,R03444,junior,5,3
Unit Echo,S07088,R03894,senior,3,3
Unit Alpha,S07089,R03703,junior,2,1
Unit Bravo,S07090,R00237,senior,7,7
Unit Echo,S07091,R04878,junior,5,2
Unit Alpha,S07092,R01059,junior,6,3
Unit Alpha,S07093,R03877,senior,7,7
Unit Bravo,S07094,R02284,senior,5,4
Unit Alpha,S07095,R03143,senior,10,10
Unit Bravo,S07096,R01905,mid,7,5
Unit Bravo,S07097,R04207,junior,3,1
Unit Delta,S07098,R03260,mid,5,5
Unit Bravo,S07099,R01544,senior,10,7
Unit Alpha,S07100,R03137,junior,6,4
Unit Delta,S07101,R00627,junior,6,3
Unit Echo,S07102,R03276,junior,8,5
Unit Bravo,S07103,R00705,junior,6,1
Unit Echo,S07104,R01451,mid,4,3
Unit Alpha,S07105,R02047,junior,5,5
Unit Delta,S07106,R03012,mid,5,3
Unit Delta,S07107,R03012,junior,2,1
Unit Bravo,S07108,R02561,mid,4,3
Unit Delta,S07109,R00328,mid,3,3
Unit Alpha,S07110,R00039,junior,8,3
Unit Delta,S07111,R03395,junior,4,4
Unit Bravo,S07112,R00859,junior,7,3
Unit Bravo,S07113,R00775,junior,4,2
Unit Echo,S07114,R04699,senior,3,2
Unit Delta,S07115,R00954,senior,4,4
Unit Echo,S07116,R01732,mid,7,5
Unit Delta,S07117,R03023,mid,4,4
Unit Alpha,S07118,R00802,mid,3,2
Unit Delta,S07119,R00180,junior,5,3
Unit Echo,S07120,R02746,mid,5,2
Unit Bravo,S07121,R02465,junior,7,4
Unit Alpha,S07122,R04639,junior,7,7
Unit Delta,S07123,R03262,junior,8,4
Unit Delta,S07124,R03468,junior,9,5
Unit Delta,S07125,R00782,mid,8,6
Unit Alpha,S07126,R04534,junior,2,2
Unit Echo,S07127,R01345,junior,10,5
Unit Delta,S07128,R00090,mid,10,8
Unit Delta,S07129,R00268,junior,8,4
Unit Echo,S07130,R00253,mid,7,5
Unit Echo,S07131,R01852,mid,8,6
Unit Delta,S07132,R01842,mid,3,3
Unit Alpha,S07133,R03957,mid,4,1
Unit Alpha,S07134,R01107,mid,9,6
Unit Delta,S07135,R04736,mid,8,7
Unit Echo,S07136,R00974,junior,4,3
Unit Alpha,S07137,R04901,junior,4,2
Unit Delta,S07138,R01607,mid,4,2
Unit Delta,S07139,R03000,junior,1,0
Unit Alpha,S07140,R03943,mid,5,4
Unit Alpha,S07141,R00238,mid,6,5
Unit Delta,S07142,R01440,mid,9,8
Unit Echo,S07143,R04696,junior,5,5
Unit Alpha,S07144,R01086,mid,8,6
Unit Alpha,S07145,R03540,mid,4,4
Unit Bravo,S07146,R03908,junior,7,6
Unit Echo,S07147,R00623,junior,6,3
Unit Delta,S07148,R00266,junior,5,3
Unit Bravo,S07149,R04832,mid,10,8
Unit Alpha,S07150,R01514,senior,8,7
Unit Alpha,S07151,R03668,senior,3,2
Unit Echo,S07152,R00371,senior,9,7
Unit Alpha,S07153,R03632,junior,4,1
Unit Alpha,S07154,R03385,junior,1,0
Unit Bravo,S07155,R01385,senior,13,11
Unit Alpha,S07156,R03022,mid,9,2
Unit Delta,S07157,R00873,junior,7,3
Unit Bravo,S07158,R04884,junior,3,3
Unit Delta,S07159,R02646,mid,11,10
Unit Echo,S07160,R03776,mid,5,4
Unit Alpha,S07161,R01730,senior,7,7
Unit Delta,S07162,R02724,junior,3,3
Unit Bravo,S07163,R04128,junior,3,2
Unit Alpha,S07164,R01564,junior,8,2
Unit Alpha,S07165,R01838,mid,7,7
Unit Delta,S07166,R02917,junior,4,2
Unit Echo,S07167,R02807,senior,5,4
Unit Echo,S07168,R04377,mid,7,4
Unit Echo,S07169,R00332,junior,6,5
Unit Alpha,S07170,R02177,senior,4,4
Unit Echo,S07171,R03692,junior,3,2
Unit Echo,S07172,R01373,senior,8,8
Unit Bravo,S07173,R02066,junior,4,2
Unit Echo,S07174,R00769,senior,3,3
Unit Bravo,S07175,R01510,junior,6,3
Unit Echo,S07176,R03392,senior,5,5
Unit Delta,S07177,R04903,mid,7,6
Unit Alpha,S07178,R00668,junior,5,5
Unit Delta,S07179,R01638,mid,4,2
Unit Alpha,S07180,R02313,senior,6,6
Unit Echo,S07181,R01718,senior,5,5
Unit Delta,S07182,R00414,senior,6,5
Unit Bravo,S07183,R00865,junior,9,6
Unit Alpha,S07184,R03641,senior,10,8
Unit Alpha,S07185,R02856,mid,4,3
Unit Echo,S07186,R01377,mid,4,4
Unit Echo,S07187,R04423,junior,8,5
Unit Echo,S07188,R01568,mid,7,5
Unit Bravo,S07189,R04471,junior,6,5
Unit Delta,S07190,R01408,senior,5,5
Unit Bravo,S07191,R02164,junior,7,4
Unit Echo,S07192,R01724,junior,2,1
Unit Alpha,S07193,R02677,mid,3,2
Unit Alpha,S07194,R02927,mid,5,4
Unit Delta,S07195,R00287,junior,3,3
Unit Echo,S07196,R01824,junior,4,4
Unit Bravo,S07197,R01727,junior,5,2
Unit Echo,S07198,R02758,mid,6,6
Unit Bravo,S07199,R03023,senior,7,7
Unit Delta,S07200,R00078,junior,8,4
Unit Echo,S07201,R01025,mid,3,3
Unit Echo,S07202,R01276,junior,10,6
Unit Bravo,S07203,R03367,junior,4,1
Unit Alpha,S07204,R00037,junior,9,9
Unit Delta,S07205,R03401,junior,4,2
Unit Echo,S07206,R00707,mid,5,3
Unit Delta,S07207,R04749,junior,7,3
Unit Echo,S07208,R00237,senior,6,6
Unit Delta,S07209,R01867,junior,6,4
Unit Echo,S07210,R02536,junior,4,3
Unit Delta,S07211,R02679,junior,7,3
Unit Echo,S07212,R02361,senior,9,9
Unit Delta,S07213,R03123,senior,6,6
Unit Delta,S07214,R00447,mid,8,7
Unit Delta,S07215,R01623,junior,5,3
Unit Delta,S07216,R04915,mid,3,3
Unit Echo,S07217,R04413,mid,8,7
Unit Delta,S07218,R00467,junior,5,3
Unit Echo,S07219,R00243,mid,7,6
Unit Alpha,S07220,R04546,senior,3,3
Unit Delta,S07221,R04605,junior,2,1
Unit Echo,S07222,R00382,senior,6,6
Unit Delta,S07223,R01249,senior,6,6
Unit Alpha,S07224,R01903,mid,10,9
Unit Delta,S07225,R04147,senior,6,6
Unit Alpha,S07226,R02853,senior,6,6
Unit Echo,S07227,R04465,junior,8,2
Unit Alpha,S07228,R03696,mid,4,4
Unit Delta,S07229,R02469,senior,3,3
Unit Bravo,S07230,R00208,mid,6,6
Unit Alpha,S07231,R04596,junior,3,1
Unit Delta,S07232,R04942,mid,5,4
Unit Delta,S07233,R00577,junior,2,1
Unit Delta,S07234,R01426,senior,7,7
Unit Bravo,S07235,R02767,mid,8,6
Unit Bravo,S07236,R04604,senior,6,5
Unit Echo,S07237,R00985,junior,5,2
Unit Alpha,S07238,R01469,senior,9,8
Unit Echo,S07239,R00521,mid,5,5
Unit Alpha,S07240,R02537,mid,5,2
Unit Alpha,S07241,R04715,mid,8,5
Unit Alpha,S07242,R03701,junior,11,5
Unit Echo,S07243,R01449,senior,4,4
Unit Bravo,S07244,R04432,junior,7,2
Unit Bravo,S07245,R03243,junior,5,3
Unit Echo,S07246,R04325,mid,3,3
Unit Bravo,S07247,R02611,mid,10,9
Unit Echo,S07248,R02515,senior,11,11
Unit Bravo,S07249,R00078,mid,7,4
Unit Delta,S07250,R04385,senior,11,9
Unit Delta,S07251,R04503,mid,4,2
Unit Delta,S07252,R02175,mid,13,9
Unit Echo,S07253,R02048,senior,7,6
Unit Echo,S07254,R02655,junior,9,6
Unit Alpha,S07255,R04638,mid,2,2
Unit Echo,S07256,R01655,junior,6,3
Unit Alpha,S07257,R01362,junior,11,9
Unit Delta,S07258,R04006,junior,6,4
Unit Bravo,S07259,R04848,junior,3,2
Unit Alpha,S07260,R00998,junior,7,3
Unit Alpha,S07261,R02846,junior,7,6
Unit Delta,S07262,R03859,mid,7,5
Unit Bravo,S07263,R01212,junior,6,3
Unit Delta,S07264,R00459,junior,9,7
Unit Alpha,S07265,R04098,mid,4,2
Unit Alpha,S07266,R04005,senior,7,7
Unit Bravo,S07267,R03020,junior,5,4
Unit Delta,S07268,R04428,junior,4,1
Unit Alpha,S07269,R04051,mid,6,4
Unit Bravo,S07270,R02272,mid,8,6
Unit Alpha,S07271,R03242,junior,5,2
Unit Bravo,S07272,R02935,mid,11,8
Unit Alpha,S07273,R00091,senior,7,6
Unit Delta,S07274,R03598,mid,5,3
Unit Delta,S07275,R01266,mid,10,8
Unit Echo,S07276,R01334,senior,9,8
Unit Bravo,S07277,R02086,mid,4,2
Unit Echo,S07278,R01520,junior,10,4
Unit Echo,S07279,R00952,junior,5,3
Unit Bravo,S07280,R01113,mid,5,4
Unit Alpha,S07281,R04528,senior,6,5
Unit Echo,S07282,R03380,senior,11,8
Unit Alpha,S07283,R00043,junior,7,4
Unit Echo,S07284,R03976,mid,7,6
Unit Delta,S07285,R02362,junior,8,7
Unit Bravo,S07286,R01013,senior,6,6
Unit Echo,S07287,R01252,junior,9,5
Unit Bravo,S07288,R02942,senior,5,5
Unit Delta,S07289,R04628,junior,5,3
Unit Alpha,S07290,R00865,mid,5,5
Unit Bravo,S07291,R04792,senior,4,3
Unit Echo,S07292,R01732,senior,5,5
Unit Echo,S07293,R03345,senior,9,8
Unit Alpha,S07294,R00863,senior,2,1
Unit Alpha,S07295,R02721,junior,10,3
Unit Alpha,S07296,R02283,junior,7,4
Unit Delta,S07297,R04676,senior,6,6
Unit Alpha,S07298,R03233,mid,8,5
Unit Delta,S07299,R00959,junior,8,5
Unit Echo,S07300,R00941,junior,4,3
Unit Bravo,S07301,R00055,mid,8,4
Unit Alpha,S07302,R04499,junior,8,3
Unit Echo,S07303,R01553,mid,6,4
Unit Alpha,S07304,R04163,mid,11,10
Unit Bravo,S07305,R03001,mid,1,0
Unit Delta,S07306,R02365,mid,6,4
Unit Echo,S07307,R04321,junior,3,3
Unit Alpha,S07308,R04587,mid,8,6
Unit Delta,S07309,R02437,junior,11,6
Unit Echo,S07310,R02999,senior,5,2
Unit Alpha,S07311,R03572,mid,6,4
Unit Bravo,S07312,R03397,junior,8,3
Unit Echo,S07313,R01606,mid,5,2
Unit Bravo,S07314,R04748,mid,13,10
Unit Bravo,S07315,R03312,junior,4,4
Unit Echo,S07316,R01470,mid,7,5
Unit Alpha,S07317,R04567,mid,7,3
Unit Echo,S07318,R03460,senior,13,9
Unit Bravo,S07319,R02311,senior,5,5
Unit Alpha,S07320,R03398,mid,5,4
Unit Delta,S07321,R04354,mid,3,2
Unit Bravo,S07322,R02265,junior,5,3
Unit Delta,S07323,R01250,junior,6,4
Unit Delta,S07324,R03322,junior,5,2
Unit Echo,S07325,R04568,junior,11,4
Unit Delta,S07326,R02159,junior,10,7
Unit Delta,S07327,R04187,mid,7,6
Unit Alpha,S07328,R01402,junior,7,5
Unit Echo,S07329,R00062,junior,5,3
Unit Delta,S07330,R00628,junior,9,6
Unit Alpha,S07331,R03613,junior,4,3
Unit Echo,S07332,R02871,mid,7,7
Unit Alpha,S07333,R02979,senior,6,3
Unit Alpha,S07334,R02575,junior,4,4
Unit Alpha,S07335,R00334,mid,7,6
Unit Echo,S07336,R03575,senior,4,4
Unit Bravo,S07337,R02984,mid,5,5
Unit Delta,S07338,R01159,mid,7,6
Unit Delta,S07339,R00674,junior,6,3
Unit Echo,S07340,R02934,junior,8,6
Unit Delta,S07341,R00753,mid,5,2
Unit Echo,S07342,R02774,junior,6,3
Unit Echo,S07343,R00449,junior,9,7
Unit Alpha,S07344,R02079,senior,8,6
Unit Alpha,S07345,R03622,junior,11,7
Unit Bravo,S07346,R03737,junior,5,4
Unit Delta,S07347,R04679,junior,9,7
Unit Bravo,S07348,R03824,mid,5,3
Unit Echo,S07349,R04146,mid,6,3
Unit Delta,S07350,R01052,mid,3,1
Unit Echo,S07351,R04945,mid,6,5
Unit Echo,S07352,R03134,mid,7,4
Unit Delta,S07353,R01039,mid,11,6
Unit Bravo,S07354,R00659,mid,7,7
Unit Delta,S07355,R04468,mid,6,6
Unit Echo,S07356,R00952,junior,10,7
Unit Bravo,S07357,R01710,senior,4,3
Unit Bravo,S07358,R00604,junior,4,4
Unit Bravo,S07359,R01681,senior,9,8
Unit Echo,S07360,R00102,mid,10,6
Unit Delta,S07361,R02923,mid,4,3
Unit Delta,S07362,R03548,junior,5,5
Unit Bravo,S07363,R01592,mid,3,2
Unit Bravo,S07364,R04319,mid,9,9
Unit Alpha,S07365,R01564,junior,7,3
Unit Echo,S07366,R01011,senior,9,7
Unit Bravo,S07367,R02565,mid,8,5
Unit Alpha,S07368,R04124,junior,3,3
Unit Delta,S07369,R00358,junior,11,7
Unit Bravo,S07370,R01447,senior,5,4
Unit Alpha,S07371,R00723,senior,8,8
Unit Bravo,S07372,R02989,senior,7,7
Unit Bravo,S07373,R01581,mid,9,5
Unit Delta,S07374,R04618,junior,11,7
Unit Echo,S07375,R02547,mid,8,3
Unit Echo,S07376,R03226,mid,4,3
Unit Echo,S07377,R03349,mid,3,2
Unit Delta,S07378,R03613,mid,8,3
Unit Alpha,S07379,R02476,mid,3,1
Unit Echo,S07380,R01688,mid,6,5
Unit Alpha,S07381,R04938,junior,7,4
Unit Alpha,S07382,R00985,junior,6,6
Unit Echo,S07383,R02765,senior,7,7
Unit Alpha,S07384,R00597,junior,6,4
Unit Alpha,S07385,R01371,mid,9,6
Unit Delta,S07386,R04331,junior,8,5
Unit Bravo,S07387,R04664,senior,8,7
Unit Echo,S07388,R04519,junior,2,2
Unit Echo,S07389,R02401,junior,11,7
Unit Bravo,S07390,R02081,junior,7,3
Unit Bravo,S07391,R04148,junior,6,2
Unit Delta,S07392,R04929,mid,5,2
Unit Alpha,S07393,R04327,mid,3,3
Unit Delta,S07394,R04048,senior,5,5
Unit Delta,S07395,R01302,mid,6,5
Unit Bravo,S07396,R00865,senior,8,8
Unit Bravo,S07397,R03600,junior,8,4
Unit Echo,S07398,R02155,junior,2,1
Unit Delta,S07399,R02201,senior,5,5
Unit Delta,S07400,R01907,mid,7,5
Unit Echo,S07401,R04673,mid,3,2
Unit Alpha,S07402,R04260,mid,11,7
Unit Echo,S07403,R04420,mid,1,0
Unit Delta,S07404,R02987,mid,7,6
Unit Bravo,S07405,R04651,senior,7,7
Unit Echo,S07406,R03756,mid,7,5
Unit Alpha,S07407,R03824,junior,8,5
Unit Delta,S07408,R01379,mid,6,6
Unit Delta,S07409,R04360,junior,2,2
Unit Bravo,S07410,R00029,junior,10,3
Unit Echo,S07411,R01780,senior,6,6
Unit Bravo,S07412,R03639,junior,3,3
Unit Delta,S07413,R01271,senior,5,5
Unit Delta,S07414,R04127,mid,4,2
Unit Bravo,S07415,R01522,senior,5,5
Unit Echo,S07416,R01040,mid,4,4
Unit Bravo,S07417,R02857,junior,5,4
Unit Delta,S07418,R00864,senior,7,5
Unit Delta,S07419,R03804,junior,7,5
Unit Bravo,S07420,R03025,mid,9,6
Unit Delta,S07421,R01550,mid,7,5
Unit Delta,S07422,R00818,senior,9,8
Unit Bravo,S07423,R04828,junior,2,2
Unit Echo,S07424,R04834,junior,5,5
Unit Delta,S07425,R02812,junior,9,4
Unit Bravo,S07426,R04382,senior,5,5
Unit Delta,S07427,R00923,mid,5,5
Unit Bravo,S07428,R03407,mid,6,6
Unit Alpha,S07429,R01494,senior,4,4
Unit Bravo,S07430,R00782,junior,4,3
Unit Delta,S07431,R03305,senior,8,8
Unit Bravo,S07432,R04251,mid,5,2
Unit Alpha,S07433,R03468,junior,8,4
Unit Alpha,S07434,R02412,junior,8,3
Unit Alpha,S07435,R03568,mid,2,2
Unit Delta,S07436,R03741,mid,3,2
Unit Echo,S07437,R02459,senior,5,5
Unit Alpha,S07438,R02104,junior,5,5
Unit Delta,S07439,R01919,junior,4,2
Unit Echo,S07440,R03785,mid,6,4
Unit Echo,S07441,R02964,junior,9,7
Unit Echo,S07442,R04010,senior,11,10
Unit Bravo,S07443,R03186,junior,4,2
Unit Delta,S07444,R02725,junior,5,4
Unit Alpha,S07445,R02646,senior,4,1
Unit Bravo,S07446,R01197,senior,4,3
Unit Echo,S07447,R04745,senior,3,3
Unit Echo,S07448,R03150,junior,6,6
Unit Bravo,S07449,R01046,junior,7,4
Unit Echo,S07450,R02029,mid,2,2
Unit Echo,S07451,R04640,mid,4,4
Unit Bravo,S07452,R00213,mid,10,7
Unit Bravo,S07453,R03037,senior,10,10
Unit Delta,S07454,R03099,senior,3,3
Unit Echo,S07455,R00499,junior,4,2
Unit Echo,S07456,R00927,junior,7,3
Unit Delta,S07457,R04746,mid,4,2
Unit Echo,S07458,R02691,junior,9,8
Unit Delta,S07459,R03815,junior,4,3
Unit Delta,S07460,R01588,junior,7,5
Unit Bravo,S07461,R04358,junior,12,4
Unit Bravo,S07462,R02879,mid,5,2
Unit Bravo,S07463,R01644,junior,8,5
Unit Echo,S07464,R01696,mid,6,5
Unit Bravo,S07465,R04444,junior,8,5
Unit Bravo,S07466,R00131,mid,5,4
Unit Alpha,S07467,R01719,mid,6,4
Unit Alpha,S07468,R03416,junior,4,1
Unit Alpha,S07469,R00943,mid,2,2
Unit Bravo,S07470,R04897,mid,12,8
Unit Alpha,S07471,R01094,junior,8,6
Unit Bravo,S07472,R04003,mid,12,8
Unit Alpha,S07473,R01243,junior,7,5
Unit Bravo,S07474,R02479,mid,3,2
Unit Delta,S07475,R02721,junior,10,4
Unit Alpha,S07476,R04538,mid,4,1
Unit Delta,S07477,R02926,mid,6,4
Unit Bravo,S07478,R00879,senior,4,4
Unit Alpha,S07479,R00494,mid,6,4
Unit Alpha,S07480,R04312,senior,4,4
Unit Echo,S07481,R00556,mid,9,8
Unit Alpha,S07482,R01300,senior,11,10
Unit Delta,S07483,R00359,mid,3,2
Unit Delta,S07484,R00149,junior,9,6
Unit Delta,S07485,R02475,junior,6,1
Unit Bravo,S07486,R01562,mid,4,4
Unit Alpha,S07487,R04909,mid,4,3
Unit Delta,S07488,R04942,mid,3,2
Unit Bravo,S07489,R00842,senior,4,4
Unit Bravo,S07490,R00672,mid,4,4
Unit Alpha,S07491,R04128,mid,3,3
Unit Bravo,S07492,R03498,senior,4,4
Unit Alpha,S07493,R01275,mid,3,3
Unit Echo,S07494,R00215,junior,3,2
Unit Echo,S07495,R00352,junior,4,4
Unit Delta,S07496,R02021,senior,8,8
Unit Delta,S07497,R04281,senior,12,11
Unit Bravo,S07498,R00421,junior,7,6
Unit Bravo,S07499,R03297,junior,4,2
Unit Delta,S07500,R00515,junior,5,3
Unit Echo,S07501,R01989,mid,6,6
Unit Alpha,S07502,R04051,mid,9,6
Unit Echo,S07503,R00631,junior,7,3
Unit Alpha,S07504,R02254,mid,3,3
Unit Delta,S07505,R04171,junior,6,3
Unit Echo,S07506,R03731,mid,5,4
Unit Bravo,S07507,R02590,senior,5,5
Unit Bravo,S07508,R00432,mid,6,5
Unit Echo,S07509,R00522,mid,11,6
Unit Delta,S07510,R02484,mid,4,1
Unit Bravo,S07511,R04998,senior,10,8
Unit Alpha,S07512,R02305,mid,9,6
Unit Echo,S07513,R02855,senior,4,4
Unit Bravo,S07514,R04238,senior,5,5
Unit Echo,S07515,R03445,junior,8,8
Unit Echo,S07516,R03300,junior,7,4
Unit Echo,S07517,R04077,mid,5,4
Unit Alpha,S07518,R04202,junior,5,5
Unit Echo,S07519,R01294,junior,2,1
Unit Bravo,S07520,R02779,senior,8,7
Unit Alpha,S07521,R02673,junior,3,2
Unit Bravo,S07522,R04444,senior,8,6
Unit Bravo,S07523,R03133,mid,9,4
Unit Delta,S07524,R02557,junior,4,4
Unit Echo,S07525,R04570,junior,7,6
Unit Delta,S07526,R03172,mid,4,3
Unit Echo,S07527,R03260,junior,8,4
Unit Alpha,S07528,R01193,senior,5,4
Unit Bravo,S07529,R04361,mid,12,10
Unit Alpha,S07530,R02994,mid,6,6
Unit Alpha,S07531,R01169,junior,4,2
Unit Delta,S07532,R02711,senior,10,7
Unit Echo,S07533,R00518,senior,5,5
Unit Bravo,S07534,R04602,mid,4,4
Unit Alpha,S07535,R00588,senior,5,5
Unit Bravo,S07536,R04438,mid,9,7
Unit Alpha,S07537,R04831,senior,3,2
Unit Delta,S07538,R00852,mid,6,5
Unit Bravo,S07539,R03104,senior,4,4
Unit Delta,S07540,R03386,junior,8,5
Unit Alpha,S07541,R01597,junior,6,4
Unit Bravo,S07542,R02663,junior,5,4
Unit Delta,S07543,R04487,junior,8,5
Unit Delta,S07544,R03623,mid,7,4
Unit Alpha,S07545,R03391,junior,8,7
Unit Alpha,S07546,R03923,mid,5,3
Unit Echo,S07547,R04233,junior,7,3
Unit Bravo,S07548,R03028,junior,4,1
Unit Bravo,S07549,R03533,senior,9,9
Unit Delta,S07550,R01954,mid,5,4
Unit Bravo,S07551,R02429,junior,3,2
Unit Echo,S07552,R03104,senior,4,3
Unit Delta,S07553,R00078,junior,4,2
Unit Bravo,S07554,R01208,senior,6,5
Unit Echo,S07555,R03369,mid,7,7
Unit Delta,S07556,R00045,junior,2,2
Unit Delta,S07557,R03738,mid,6,4
Unit Alpha,S07558,R03211,junior,11,8
Unit Bravo,S07559,R04977,junior,8,7
Unit Delta,S07560,R03309,junior,6,5
Unit Echo,S07561,R02623,mid,6,4
Unit Alpha,S07562,R02092,senior,7,6
Unit Bravo,S07563,R00836,mid,4,2
Unit Bravo,S07564,R02471,mid,6,5
Unit Alpha,S07565,R03143,senior,8,7
Unit Bravo,S07566,R02959,mid,7,7
Unit Alpha,S07567,R04977,junior,6,4
Unit Echo,S07568,R00586,senior,5,5
Unit Delta,S07569,R04947,senior,4,4
Unit Echo,S07570,R02098,mid,5,5
Unit Echo,S07571,R00606,junior,2,1
Unit Echo,S07572,R04283,junior,8,4
Unit Delta,S07573,R03760,junior,8,4
Unit Alpha,S07574,R02833,junior,4,2
Unit Bravo,S07575,R02648,mid,5,5
Unit Bravo,S07576,R00778,mid,7,5
Unit Alpha,S07577,R01865,junior,6,4
Unit Delta,S07578,R00777,junior,3,3
Unit Echo,S07579,R02912,senior,5,4
Unit Alpha,S07580,R02734,senior,9,7
Unit Alpha,S07581,R02142,junior,6,4
Unit Bravo,S07582,R04994,mid,5,4
Unit Bravo,S07583,R04432,senior,8,7
Unit Bravo,S07584,R01321,junior,7,5
Unit Delta,S07585,R00981,junior,7,7
Unit Echo,S07586,R02955,junior,2,2
Unit Echo,S07587,R00699,junior,8,5
Unit Alpha,S07588,R04993,senior,3,3
Unit Echo,S07589,R01548,mid,5,2
Unit Alpha,S07590,R01854,mid,5,4
Unit Alpha,S07591,R03525,mid,8,7
Unit Delta,S07592,R01348,mid,6,6
Unit Bravo,S07593,R01299,senior,5,5
Unit Bravo,S07594,R01011,junior,4,3
Unit Bravo,S07595,R03779,mid,6,3
Unit Delta,S07596,R03518,junior,6,3
Unit Echo,S07597,R00135,senior,3,3
Unit Echo,S07598,R00721,junior,8,5
Unit Delta,S07599,R04864,mid,6,4
Unit Alpha,S07600,R04684,junior,6,4
Unit Echo,S07601,R03117,mid,9,7
Unit Bravo,S07602,R04438,junior,8,6
Unit Alpha,S07603,R01811,mid,9,7
Unit Echo,S07604,R03715,mid,5,4
Unit Alpha,S07605,R04276,mid,7,4
Unit Bravo,S07606,R04014,junior,6,6
Unit Echo,S07607,R03691,senior,6,6
Unit Bravo,S07608,R01584,mid,4,2
Unit Alpha,S07609,R03904,senior,8,6
Unit Bravo,S07610,R02657,mid,4,4
Unit Echo,S07611,R01203,senior,6,6
Unit Bravo,S07612,R03569,junior,4,2
Unit Alpha,S07613,R04924,junior,3,1
Unit Echo,S07614,R04220,mid,4,3
Unit Alpha,S07615,R00927,mid,6,4
Unit Delta,S07616,R03087,senior,9,6
Unit Alpha,S07617,R04852,senior,3,3
Unit Delta,S07618,R03966,mid,4,3
Unit Alpha,S07619,R02353,junior,5,3
Unit Delta,S07620,R03400,senior,6,6
Unit Bravo,S07621,R02410,mid,6,2
Unit Echo,S07622,R03186,junior,5,2
Unit Delta,S07623,R01089,senior,3,2
Unit Alpha,S07624,R00705,junior,4,1
Unit Alpha,S07625,R02602,junior,5,2
Unit Echo,S07626,R02479,mid,9,9
Unit Delta,S07627,R00143,mid,6,5
Unit Delta,S07628,R03821,mid,10,5
Unit Delta,S07629,R02696,mid,7,5
Unit Echo,S07630,R00667,junior,7,3
Unit Alpha,S07631,R03561,junior,5,5
Unit Delta,S07632,R01012,mid,5,4
Unit Delta,S07633,R02887,senior,3,3
Unit Alpha,S07634,R02060,junior,9,2
Unit Delta,S07635,R04216,junior,4,2
Unit Echo,S07636,R01936,mid,9,6
Unit Echo,S07637,R00433,mid,7,5
Unit Echo,S07638,R03769,junior,7,4
Unit Echo,S07639,R03117,junior,6,5
Unit Echo,S07640,R03989,senior,7,6
Unit Alpha,S07641,R02132,mid,8,6
Unit Alpha,S07642,R04422,mid,7,6
Unit Delta,S07643,R01028,senior,10,10
Unit Echo,S07644,R02028,mid,5,4
Unit Bravo,S07645,R02584,junior,7,5
Unit Echo,S07646,R03883,mid,4,4
Unit Bravo,S07647,R04784,mid,7,3
Unit Alpha,S07648,R00604,mid,8,3
Unit Echo,S07649,R03686,senior,7,6
Unit Bravo,S07650,R01136,mid,6,4
Unit Alpha,S07651,R01820,mid,5,3
Unit Delta,S07652,R01398,junior,5,3
Unit Alpha,S07653,R03105,junior,7,4
Unit Delta,S07654,R01920,senior,5,5
Unit Alpha,S07655,R03648,junior,12,8
Unit Alpha,S07656,R02817,junior,7,6
Unit Delta,S07657,R02801,junior,10,8
Unit Bravo,S07658,R04773,junior,7,4
Unit Echo,S07659,R04806,junior,6,2
Unit Alpha,S07660,R00880,senior,7,7
Unit Delta,S07661,R01508,mid,9,5
Unit Bravo,S07662,R03020,mid,3,3
Unit Echo,S07663,R00065,senior,7,7
Unit Delta,S07664,R03988,senior,7,7
Unit Delta,S07665,R00313,junior,4,1
Unit Delta,S07666,R03903,mid,3,1
Unit Alpha,S07667,R01541,senior,5,5
Unit Delta,S07668,R02771,mid,6,4
Unit Alpha,S07669,R00226,junior,6,4
Unit Alpha,S07670,R00253,junior,4,2
Unit Delta,S07671,R04733,mid,3,2
Unit Delta,S07672,R00109,mid,6,5
Unit Alpha,S07673,R04657,mid,7,7
Unit Echo,S07674,R02546,senior,7,7
Unit Alpha,S07675,R04642,mid,5,4
Unit Delta,S07676,R04871,senior,4,4
Unit Delta,S07677,R02725,junior,11,7
Unit Alpha,S07678,R03354,senior,3,3
Unit Alpha,S07679,R03025,junior,5,5
Unit Delta,S07680,R00648,junior,10,7
Unit Bravo,S07681,R03804,junior,5,4
Unit Alpha,S07682,R04123,mid,2,2
Unit Bravo,S07683,R00755,junior,5,3
Unit Delta,S07684,R02550,mid,5,4
Unit Delta,S07685,R03668,junior,9,7
Unit Echo,S07686,R02373,junior,7,7
Unit Alpha,S07687,R02120,mid,7,7
Unit Alpha,S07688,R02222,senior,5,4
Unit Delta,S07689,R00214,junior,3,2
Unit Alpha,S07690,R00344,junior,6,2
Unit Bravo,S07691,R01476,junior,5,1
Unit Alpha,S07692,R01857,senior,8,7
Unit Delta,S07693,R04311,senior,5,5
Unit Delta,S07694,R03911,junior,1,1
Unit Delta,S07695,R00944,junior,8,5
Unit Delta,S07696,R03679,junior,9,6
Unit Alpha,S07697,R04616,junior,7,5
Unit Bravo,S07698,R04765,senior,8,7
Unit Echo,S07699,R02212,mid,1,1
Unit Bravo,S07700,R04437,junior,5,3
Unit Delta,S07701,R01184,mid,5,2
Unit Bravo,S07702,R04601,junior,6,5
Unit Alpha,S07703,R01283,senior,8,8
Unit Echo,S07704,R02598,senior,5,3
Unit Delta,S07705,R01728,junior,7,4
Unit Bravo,S07706,R04525,mid,9,7
Unit Echo,S07707,R02324,junior,7,4
Unit Bravo,S07708,R04428,junior,9,5
Unit Echo,S07709,R04403,senior,5,5
Unit Bravo,S07710,R03407,junior,1,0
Unit Alpha,S07711,R04243,mid,8,5
Unit Alpha,S07712,R04542,junior,6,2
Unit Alpha,S07713,R04392,mid,8,8
Unit Alpha,S07714,R01055,mid,10,6
Unit Bravo,S07715,R04353,mid,9,7
Unit Bravo,S07716,R00933,junior,6,2
Unit Echo,S07717,R04601,mid,1,0
Unit Alpha,S07718,R01825,junior,6,3
Unit Bravo,S07719,R01479,junior,7,3
Unit Bravo,S07720,R01561,senior,4,4
Unit Echo,S07721,R02239,junior,7,4
Unit Alpha,S07722,R02574,mid,5,3
Unit Echo,S07723,R04369,mid,7,6
Unit Bravo,S07724,R00460,junior,5,3
Unit Echo,S07725,R02339,junior,7,5
Unit Delta,S07726,R04909,junior,4,4
Unit Delta,S07727,R02415,junior,9,5
Unit Echo,S07728,R04343,junior,8,5
Unit Bravo,S07729,R00073,junior,8,7
Unit Bravo,S07730,R04487,senior,7,7
Unit Alpha,S07731,R04878,mid,4,3
Unit Bravo,S07732,R03749,senior,9,9
Unit Echo,S07733,R01334,senior,5,5
Unit Echo,S07734,R03083,mid,10,8
Unit Delta,S07735,R01644,mid,7,5
Unit Bravo,S07736,R04138,senior,8,5
Unit Delta,S07737,R01275,mid,6,4
Unit Bravo,S07738,R03738,mid,3,3
Unit Alpha,S07739,R00821,mid,6,6
Unit Bravo,S07740,R00296,mid,9,7
Unit Delta,S07741,R02936,senior,7,7
Unit Alpha,S07742,R01416,mid,5,4
Unit Alpha,S07743,R04994,senior,2,2
Unit Alpha,S07744,R00279,junior,8,6
Unit Bravo,S07745,R01910,mid,6,5
Unit Echo,S07746,R01478,junior,3,1
Unit Alpha,S07747,R00398,senior,6,6
Unit Alpha,S07748,R02316,senior,4,4
Unit Bravo,S07749,R02625,junior,9,3
Unit Bravo,S07750,R04046,mid,5,4
Unit Delta,S07751,R02102,senior,8,8
Unit Delta,S07752,R04009,senior,4,3
Unit Delta,S07753,R03708,mid,7,5
Unit Bravo,S07754,R01512,junior,8,5
Unit Alpha,S07755,R01609,senior,4,3
Unit Echo,S07756,R02441,junior,6,5
Unit Bravo,S07757,R02304,mid,4,3
Unit Bravo,S07758,R03463,senior,7,6
Unit Delta,S07759,R03879,junior,8,4
Unit Echo,S07760,R03650,mid,4,3
Unit Delta,S07761,R03757,junior,6,4
Unit Echo,S07762,R00778,mid,5,5
Unit Delta,S07763,R01959,senior,5,5
Unit Bravo,S07764,R04606,senior,6,4
Unit Echo,S07765,R04544,mid,6,4
Unit Bravo,S07766,R00008,senior,3,1
Unit Alpha,S07767,R04973,junior,5,3
Unit Bravo,S07768,R01033,junior,6,3
Unit Echo,S07769,R03634,mid,7,5
Unit Echo,S07770,R01563,mid,9,9
Unit Echo,S07771,R03793,mid,3,3
Unit Alpha,S07772,R00782,mid,7,5
Unit Echo,S07773,R00411,senior,8,7
Unit Delta,S07774,R03722,senior,5,5
Unit Echo,S07775,R04563,junior,5,4
Unit Alpha,S07776,R02756,mid,5,4
Unit Delta,S07777,R04657,mid,5,5
Unit Alpha,S07778,R02939,senior,4,4
Unit Bravo,S07779,R02985,mid,8,6
Unit Echo,S07780,R00754,junior,9,7
Unit Alpha,S07781,R03910,junior,3,2
Unit Echo,S07782,R01987,junior,9,4
Unit Bravo,S07783,R03645,mid,6,6
Unit Delta,S07784,R00933,senior,6,5
Unit Echo,S07785,R03486,junior,6,3
Unit Alpha,S07786,R01650,senior,9,9
Unit Delta,S07787,R04202,mid,5,5
Unit Bravo,S07788,R02881,mid,8,6
Unit Delta,S07789,R01034,junior,6,3
Unit Delta,S07790,R02349,junior,9,4
Unit Bravo,S07791,R00163,mid,6,3
Unit Echo,S07792,R03376,junior,10,6
Unit Bravo,S07793,R03597,mid,6,2
Unit Echo,S07794,R03898,senior,7,7
Unit Bravo,S07795,R01855,junior,6,5
Unit Bravo,S07796,R04728,mid,5,2
Unit Echo,S07797,R04469,senior,8,8
Unit Alpha,S07798,R02872,junior,7,5
Unit Echo,S07799,R00234,senior,5,5
Unit Alpha,S07800,R02602,senior,8,7
Unit Delta,S07801,R04654,mid,4,3
Unit Alpha,S07802,R02498,junior,6,5
Unit Alpha,S07803,R01214,mid,5,3
Unit Alpha,S07804,R03497,junior,7,5
Unit Bravo,S07805,R03496,mid,5,2
Unit Bravo,S07806,R03893,junior,4,2
Unit Alpha,S07807,R02556,senior,5,5
Unit Alpha,S07808,R02307,mid,3,1
Unit Bravo,S07809,R02819,junior,6,5
Unit Echo,S07810,R04681,senior,3,2
Unit Bravo,S07811,R00997,mid,6,5
Unit Echo,S07812,R02131,junior,7,3
Unit Echo,S07813,R03364,mid,14,13
Unit Delta,S07814,R03416,junior,8,8
Unit Delta,S07815,R02350,mid,1,1
Unit Echo,S07816,R01111,junior,7,7
Unit Echo,S07817,R01279,junior,5,5
Unit Delta,S07818,R04087,mid,9,6
Unit Bravo,S07819,R00483,junior,9,7
Unit Bravo,S07820,R03318,mid,4,0
Unit Delta,S07821,R01111,mid,7,5
Unit Bravo,S07822,R04101,junior,8,2
Unit Alpha,S07823,R00044,senior,8,7
Unit Alpha,S07824,R03560,mid,4,4
Unit Alpha,S07825,R02078,mid,4,3
Unit Delta,S07826,R01878,mid,3,2
Unit Bravo,S07827,R01624,senior,7,7
Unit Alpha,S07828,R01276,senior,5,5
Unit Alpha,S07829,R00064,mid,9,6
Unit Alpha,S07830,R01305,junior,4,1
Unit Delta,S07831,R01610,mid,4,4
Unit Echo,S07832,R00452,senior,3,3
Unit Echo,S07833,R00779,mid,4,3
Unit Alpha,S07834,R01341,mid,4,4
Unit Alpha,S07835,R00517,junior,7,6
Unit Echo,S07836,R04745,junior,3,3
Unit Bravo,S07837,R01561,junior,6,6
Unit Alpha,S07838,R02644,junior,7,6
Unit Alpha,S07839,R01524,senior,5,5
Unit Bravo,S07840,R00171,mid,7,4
Unit Bravo,S07841,R02788,junior,4,1
Unit Delta,S07842,R03151,mid,4,4
Unit Delta,S07843,R03316,junior,5,4
Unit Delta,S07844,R00321,mid,6,4
Unit Bravo,S07845,R02423,senior,6,6
Unit Alpha,S07846,R03041,junior,4,3
Unit Bravo,S07847,R00021,junior,7,4
Unit Delta,S07848,R04553,mid,9,7
Unit Bravo,S07849,R02193,mid,4,3
Unit Alpha,S07850,R03532,mid,3,1
Unit Delta,S07851,R01597,mid,7,7
Unit Echo,S07852,R01228,mid,3,3
Unit Alpha,S07853,R03054,senior,8,6
Unit Delta,S07854,R02824,senior,4,3
Unit Bravo,S07855,R03475,mid,10,6
Unit Alpha,S07856,R03374,mid,7,4
Unit Bravo,S07857,R02730,mid,6,5
Unit Delta,S07858,R00522,junior,7,4
Unit Alpha,S07859,R03505,mid,6,6
Unit Bravo,S07860,R00332,senior,5,5
Unit Echo,S07861,R03916,mid,10,7
Unit Echo,S07862,R01382,senior,4,4
Unit Delta,S07863,R01653,mid,8,8
Unit Echo,S07864,R01718,junior,2,1
Unit Alpha,S07865,R04777,junior,3,2
Unit Alpha,S07866,R02807,mid,2,1
Unit Bravo,S07867,R04679,mid,5,5
Unit Echo,S07868,R02463,junior,3,2
Unit Alpha,S07869,R04103,mid,7,5
Unit Bravo,S07870,R03344,mid,10,9
Unit Delta,S07871,R01548,junior,7,5
Unit Alpha,S07872,R00150,junior,4,3
Unit Delta,S07873,R00461,junior,7,4
Unit Delta,S07874,R02342,senior,4,4
Unit Alpha,S07875,R00667,mid,2,2
Unit Echo,S07876,R04990,senior,6,6
Unit Bravo,S07877,R02509,mid,7,7
Unit Alpha,S07878,R00350,mid,3,1
Unit Delta,S07879,R00088,junior,8,5
Unit Bravo,S07880,R01782,junior,2,2
Unit Echo,S07881,R04053,junior,9,3
Unit Delta,S07882,R03570,mid,5,3
Unit Echo,S07883,R03562,junior,5,2
Unit Echo,S07884,R02718,junior,4,4
Unit Alpha,S07885,R03282,junior,2,0
Unit Echo,S07886,R02110,junior,8,5
Unit Alpha,S07887,R00712,junior,8,4
Unit Delta,S07888,R04617,junior,4,2
Unit Alpha,S07889,R02044,senior,7,7
Unit Alpha,S07890,R01259,junior,3,1
Unit Alpha,S07891,R01256,senior,6,5
Unit Delta,S07892,R03241,junior,4,2
Unit Echo,S07893,R00043,mid,7,5
Unit Alpha,S07894,R03718,junior,10,7
Unit Delta,S07895,R04605,senior,4,3
Unit Delta,S07896,R01633,junior,5,2
Unit Alpha,S07897,R01264,junior,9,6
Unit Delta,S07898,R03743,mid,4,3
Unit Echo,S07899,R04438,mid,3,2
Unit Bravo,S07900,R01250,junior,9,6
Unit Echo,S07901,R04602,senior,7,7
Unit Bravo,S07902,R03851,junior,4,1
Unit Alpha,S07903,R02992,mid,5,3
Unit Echo,S07904,R00650,mid,8,7
Unit Bravo,S07905,R00332,junior,6,2
Unit Echo,S07906,R01017,junior,2,1
Unit Echo,S07907,R02558,mid,5,5
Unit Alpha,S07908,R04154,mid,8,6
Unit Alpha,S07909,R04978,senior,5,5
Unit Alpha,S07910,R02916,junior,8,5
Unit Alpha,S07911,R01487,mid,4,4
Unit Delta,S07912,R01872,senior,5,5
Unit Bravo,S07913,R03621,mid,7,6
Unit Echo,S07914,R03815,junior,7,3
Unit Bravo,S07915,R04438,mid,2,0
Unit Alpha,S07916,R04467,mid,5,4
Unit Echo,S07917,R04722,mid,4,3
Unit Alpha,S07918,R00082,mid,8,7
Unit Echo,S07919,R00575,junior,4,3
Unit Alpha,S07920,R00012,mid,5,5
Unit Bravo,S07921,R04458,junior,4,2
Unit Delta,S07922,R00219,junior,7,4
Unit Bravo,S07923,R04139,junior,5,4
Unit Bravo,S07924,R02146,mid,9,8
Unit Delta,S07925,R02689,junior,10,6
Unit Echo,S07926,R00755,senior,7,7
Unit Echo,S07927,R03307,mid,4,4
Unit Delta,S07928,R02307,mid,7,5
Unit Alpha,S07929,R04088,junior,7,4
Unit Delta,S07930,R02836,mid,6,3
Unit Echo,S07931,R04206,mid,9,6
Unit Delta,S07932,R00597,junior,4,2
Unit Delta,S07933,R02016,senior,4,4
Unit Delta,S07934,R04219,junior,8,2
Unit Alpha,S07935,R04704,junior,6,6
Unit Alpha,S07936,R03144,senior,3,2
Unit Alpha,S07937,R01582,junior,8,4
Unit Bravo,S07938,R00639,senior,4,3
Unit Echo,S07939,R03865,senior,4,3
Unit Delta,S07940,R01854,junior,6,5
Unit Delta,S07941,R03870,mid,3,3
Unit Alpha,S07942,R02868,senior,8,6
Unit Echo,S07943,R04821,mid,5,5
Unit Alpha,S07944,R04064,senior,4,4
Unit Alpha,S07945,R03915,senior,6,5
Unit Alpha,S07946,R04562,junior,6,4
Unit Echo,S07947,R04167,senior,6,5
Unit Bravo,S07948,R00114,junior,3,3
Unit Bravo,S07949,R01170,mid,10,8
Unit Bravo,S07950,R01730,junior,3,2
Unit Alpha,S07951,R03083,junior,10,9
Unit Delta,S07952,R02896,junior,4,1
Unit Bravo,S07953,R02819,junior,8,4
Unit Bravo,S07954,R03352,junior,3,1
Unit Bravo,S07955,R00699,senior,3,3
Unit Alpha,S07956,R03287,mid,3,3
Unit Alpha,S07957,R04570,senior,5,5
Unit Bravo,S07958,R00983,junior,2,1
Unit Bravo,S07959,R01845,mid,5,4
Unit Bravo,S07960,R01936,senior,4,3
Unit Echo,S07961,R04487,junior,4,2
Unit Delta,S07962,R01851,senior,9,9
Unit Alpha,S07963,R03236,mid,3,3
Unit Echo,S07964,R00591,junior,8,3
Unit Echo,S07965,R00124,junior,7,3
Unit Delta,S07966,R01169,junior,7,5
Unit Bravo,S07967,R00818,mid,5,2
Unit Echo,S07968,R00545,junior,6,4
Unit Echo,S07969,R02882,mid,7,5
Unit Echo,S07970,R00608,junior,4,4
Unit Delta,S07971,R02677,mid,6,5
Unit Delta,S07972,R02374,junior,6,6
Unit Alpha,S07973,R03639,junior,4,0
Unit Bravo,S07974,R02842,mid,4,3
Unit Delta,S07975,R01810,junior,7,5
Unit Bravo,S07976,R03909,senior,2,2
Unit Bravo,S07977,R02855,mid,8,6
Unit Alpha,S07978,R03431,mid,5,5
Unit Echo,S07979,R02303,mid,6,6
Unit Echo,S07980,R01195,junior,6,3
Unit Echo,S07981,R01049,mid,7,7
Unit Echo,S07982,R00217,mid,8,6
Unit Alpha,S07983,R04690,senior,2,1
Unit Alpha,S07984,R03104,junior,3,3
Unit Echo,S07985,R01167,mid,8,7
Unit Delta,S07986,R03114,mid,8,7
Unit Bravo,S07987,R00260,mid,5,5
Unit Echo,S07988,R00379,mid,7,5
Unit Alpha,S07989,R00091,junior,6,3
Unit Echo,S07990,R00490,junior,4,3
Unit Bravo,S07991,R04671,mid,9,5
Unit Delta,S07992,R02258,mid,6,3
Unit Delta,S07993,R02330,mid,3,2
Unit Bravo,S07994,R04697,junior,5,2
Unit Alpha,S07995,R03456,junior,9,6
Unit Alpha,S07996,R01136,junior,3,2
Unit Bravo,S07997,R03633,mid,10,6
Unit Echo,S07998,R03784,junior,4,2
Unit Bravo,S07999,R04089,senior,5,5
Unit Bravo,S08000,R04043,senior,7,7
Unit Echo,S08001,R00766,mid,9,7
Unit Echo,S08002,R04001,mid,8,6
Unit Delta,S08003,R00324,mid,8,7
Unit Alpha,S08004,R03699,junior,4,4
Unit Alpha,S08005,R00287,junior,5,3
Unit Echo,S08006,R02667,mid,4,4
Unit Bravo,S08007,R04833,mid,7,4
Unit Echo,S08008,R04743,junior,7,5
Unit Bravo,S08009,R01681,mid,2,1
Unit Echo,S08010,R04776,senior,5,4
Unit Echo,S08011,R01360,mid,8,5
Unit Echo,S08012,R03018,junior,3,1
Unit Echo,S08013,R01999,junior,5,1
Unit Delta,S08014,R00617,mid,8,4
Unit Echo,S08015,R02142,mid,4,3
Unit Delta,S08016,R00238,junior,11,7
Unit Echo,S08017,R03854,mid,7,5
Unit Echo,S08018,R00714,senior,2,2
Unit Alpha,S08019,R00674,junior,3,2
Unit Delta,S08020,R00021,junior,3,2
Unit Echo,S08021,R02488,junior,9,5
Unit Delta,S08022,R02117,junior,4,1
Unit Alpha,S08023,R01793,senior,8,7
Unit Delta,S08024,R03483,junior,10,9
Unit Echo,S08025,R00907,mid,5,2
Unit Bravo,S08026,R03199,junior,5,4
Unit Echo,S08027,R04919,mid,6,4
Unit Delta,S08028,R01358,junior,5,2
Unit Bravo,S08029,R00356,junior,4,1
Unit Alpha,S08030,R01855,mid,6,5
Unit Bravo,S08031,R03071,mid,5,4
Unit Delta,S08032,R00605,mid,1,1
Unit Echo,S08033,R00529,junior,2,1
Unit Bravo,S08034,R02566,senior,6,5
Unit Delta,S08035,R02454,mid,3,3
Unit Delta,S08036,R03210,senior,5,3
Unit Delta,S08037,R04221,junior,11,7
Unit Bravo,S08038,R01751,junior,5,2
Unit Alpha,S08039,R00047,junior,2,2
Unit Alpha,S08040,R01951,mid,7,3
Unit Bravo,S08041,R02276,mid,4,4
Unit Bravo,S08042,R04805,mid,6,6
Unit Bravo,S08043,R02333,junior,6,5
Unit Alpha,S08044,R04503,senior,11,11
Unit Delta,S08045,R03694,mid,5,4
Unit Echo,S08046,R02493,junior,1,1
Unit Echo,S08047,R01599,mid,4,2
Unit Echo,S08048,R00419,mid,4,3
Unit Delta,S08049,R00018,junior,8,3
Unit Alpha,S08050,R03502,junior,7,5
Unit Alpha,S08051,R03191,junior,9,5
Unit Bravo,S08052,R02972,junior,5,2
Unit Delta,S08053,R01718,junior,5,4
Unit Delta,S08054,R00173,junior,4,2
Unit Bravo,S08055,R00847,senior,11,9
Unit Delta,S08056,R00664,junior,3,1
Unit Delta,S08057,R04352,mid,7,4
Unit Bravo,S08058,R03000,senior,2,2
Unit Delta,S08059,R01485,senior,6,5
Unit Alpha,S08060,R01194,mid,6,4
Unit Alpha,S08061,R04772,junior,5,3
Unit Echo,S08062,R00115,mid,6,5
Unit Bravo,S08063,R04176,junior,7,3
Unit Echo,S08064,R03254,mid,7,3
Unit Bravo,S08065,R04806,senior,3,3
Unit Echo,S08066,R01266,junior,2,1
Unit Echo,S08067,R01469,junior,5,2
Unit Bravo,S08068,R02051,mid,4,4
Unit Bravo,S08069,R04923,mid,5,4
Unit Delta,S08070,R03795,junior,8,4
Unit Delta,S08071,R03891,mid,4,3
Unit Echo,S08072,R03644,senior,4,4
Unit Alpha,S08073,R03191,junior,10,6
Unit Bravo,S08074,R00926,junior,9,4
Unit Delta,S08075,R04795,senior,4,4
Unit Bravo,S08076,R01304,junior,8,5
Unit Echo,S08077,R01474,mid,8,4
Unit Bravo,S08078,R02874,senior,6,6
Unit Delta,S08079,R03301,senior,5,4
Unit Alpha,S08080,R03091,senior,9,8
Unit Echo,S08081,R01943,junior,2,2
Unit Alpha,S08082,R00907,junior,8,7
Unit Echo,S08083,R01733,junior,9,5
Unit Bravo,S08084,R01564,junior,4,3
Unit Echo,S08085,R01803,junior,1,0
Unit Delta,S08086,R00193,junior,4,2
Unit Alpha,S08087,R03151,junior,7,4
Unit Echo,S08088,R02846,junior,5,3
Unit Alpha,S08089,R00328,junior,7,3
Unit Alpha,S08090,R00218,senior,6,5
Unit Bravo,S08091,R00290,mid,7,6
Unit Delta,S08092,R00224,senior,7,7
Unit Bravo,S08093,R02074,senior,6,6
Unit Delta,S08094,R03908,junior,3,2
Unit Bravo,S08095,R01091,mid,4,3
Unit Bravo,S08096,R03223,mid,12,10
Unit Delta,S08097,R03892,mid,6,4
Unit Bravo,S08098,R00187,senior,4,4
Unit Delta,S08099,R02376,junior,8,5
Unit Alpha,S08100,R04405,mid,9,7
Unit Bravo,S08101,R02749,mid,6,5
Unit Alpha,S08102,R02585,senior,5,3
Unit Bravo,S08103,R04804,mid,7,7
Unit Echo,S08104,R03688,mid,9,8
Unit Echo,S08105,R01392,junior,8,5
Unit Bravo,S08106,R00423,senior,11,10
Unit Echo,S08107,R00057,junior,7,1
Unit Echo,S08108,R01406,mid,4,2
Unit Bravo,S08109,R04576,mid,4,3
Unit Alpha,S08110,R03491,junior,4,3
Unit Echo,S08111,R01657,mid,4,4
Unit Delta,S08112,R03057,mid,3,3
Unit Alpha,S08113,R01547,senior,5,4
Unit Bravo,S08114,R01753,mid,8,6
Unit Bravo,S08115,R04558,junior,4,4
Unit Alpha,S08116,R00313,mid,6,5
Unit Alpha,S08117,R01458,mid,6,5
Unit Alpha,S08118,R04036,senior,7,6
Unit Bravo,S08119,R02887,junior,9,4
Unit Echo,S08120,R04998,junior,5,3
Unit Delta,S08121,R02509,mid,7,3
Unit Delta,S08122,R00242,junior,2,2
Unit Alpha,S08123,R04649,junior,10,10
Unit Echo,S08124,R01109,junior,4,1
Unit Delta,S08125,R00508,senior,5,5
Unit Bravo,S08126,R01372,junior,4,1
Unit Delta,S08127,R02450,junior,7,3
Unit Echo,S08128,R01560,mid,10,9
Unit Bravo,S08129,R02981,senior,7,5
Unit Bravo,S08130,R03888,mid,14,12
Unit Echo,S08131,R03676,mid,4,3
Unit Alpha,S08132,R01456,mid,6,5
Unit Bravo,S08133,R04895,mid,4,2
Unit Delta,S08134,R00910,mid,3,2
Unit Echo,S08135,R00432,junior,5,2
Unit Alpha,S08136,R02947,junior,3,2
Unit Echo,S08137,R03951,mid,2,2
Unit Alpha,S08138,R02494,mid,5,4
Unit Echo,S08139,R02871,mid,3,3
Unit Echo,S08140,R03581,junior,4,2
Unit Delta,S08141,R03211,senior,5,4
Unit Alpha,S08142,R00360,junior,2,1
Unit Bravo,S08143,R03161,mid,5,5
Unit Echo,S08144,R01324,junior,10,9
Unit Delta,S08145,R02178,mid,4,3
Unit Echo,S08146,R00497,junior,4,2
Unit Delta,S08147,R04552,junior,4,3
Unit Echo,S08148,R01533,junior,7,3
Unit Bravo,S08149,R00636,junior,6,3
Unit Alpha,S08150,R00254,junior,5,5
Unit Alpha,S08151,R01626,junior,6,4
Unit Alpha,S08152,R02095,mid,3,2
Unit Alpha,S08153,R00179,mid,4,3
Unit Alpha,S08154,R00459,mid,5,2
Unit Alpha,S08155,R04424,mid,5,3
Unit Alpha,S08156,R04208,senior,8,7
Unit Echo,S08157,R02249,junior,6,4
Unit Echo,S08158,R02989,senior,3,3
Unit Alpha,S08159,R04425,junior,4,3
Unit Echo,S08160,R02106,junior,8,4
Unit Delta,S08161,R02893,senior,6,5
Unit Alpha,S08162,R02194,junior,8,3
Unit Bravo,S08163,R02896,junior,8,4
Unit Echo,S08164,R02655,senior,6,6
Unit Bravo,S08165,R01287,mid,10,6
Unit Alpha,S08166,R04026,mid,4,3
Unit Bravo,S08167,R04838,senior,9,9
Unit Echo,S08168,R02301,senior,8,7
Unit Alpha,S08169,R02343,mid,7,4
Unit Alpha,S08170,R01204,mid,8,5
Unit Bravo,S08171,R04554,junior,6,2
Unit Alpha,S08172,R01707,junior,6,4
Unit Delta,S08173,R03810,junior,5,2
Unit Delta,S08174,R01449,mid,8,7
Unit Alpha,S08175,R03739,mid,6,5
Unit Alpha,S08176,R03127,mid,8,7
Unit Bravo,S08177,R02913,mid,6,6
Unit Delta,S08178,R00855,senior,7,6
Unit Delta,S08179,R00195,mid,10,7
Unit Echo,S08180,R02203,mid,9,6
Unit Echo,S08181,R00838,junior,8,5
Unit Echo,S08182,R00668,senior,7,4
Unit Bravo,S08183,R02237,senior,3,3
Unit Echo,S08184,R02632,mid,6,3
Unit Alpha,S08185,R01389,junior,4,3
Unit Delta,S08186,R00020,junior,8,6
Unit Alpha,S08187,R03172,mid,7,5
Unit Delta,S08188,R03795,mid,6,5
Unit Alpha,S08189,R02953,mid,5,4
Unit Delta,S08190,R01760,senior,7,7
Unit Alpha,S08191,R01293,mid,5,5
Unit Delta,S08192,R03548,mid,7,5
Unit Bravo,S08193,R01984,mid,7,4
Unit Alpha,S08194,R03392,junior,5,2
Unit Bravo,S08195,R01634,junior,2,1
Unit Echo,S08196,R02159,senior,6,5
Unit Alpha,S08197,R02516,mid,6,6
Unit Bravo,S08198,R03732,senior,5,5
Unit Delta,S08199,R03296,junior,9,5
Unit Alpha,S08200,R04068,senior,6,6
Unit Delta,S08201,R01705,junior,4,3
Unit Delta,S08202,R00670,mid,4,4
Unit Echo,S08203,R02425,junior,5,4
Unit Alpha,S08204,R04437,mid,6,5
Unit Echo,S08205,R04632,mid,7,5
Unit Delta,S08206,R04674,senior,5,5
Unit Bravo,S08207,R01591,mid,8,7
Unit Delta,S08208,R01768,mid,4,3
Unit Bravo,S08209,R03736,junior,4,2
Unit Delta,S08210,R04119,senior,8,8
Unit Bravo,S08211,R02238,junior,4,3
Unit Delta,S08212,R04913,mid,6,3
Unit Delta,S08213,R02394,mid,5,4
Unit Delta,S08214,R00390,junior,8,4
Unit Delta,S08215,R04890,senior,9,8
Unit Echo,S08216,R03502,mid,4,1
Unit Delta,S08217,R04770,junior,5,3
Unit Delta,S08218,R04464,mid,8,7
Unit Alpha,S08219,R02303,senior,4,4
Unit Echo,S08220,R01026,mid,5,4
Unit Delta,S08221,R00151,mid,6,4
Unit Alpha,S08222,R04591,senior,5,4
Unit Bravo,S08223,R03462,mid,7,4
Unit Alpha,S08224,R00016,junior,4,1
Unit Echo,S08225,R00503,junior,3,1
Unit Delta,S08226,R04589,junior,7,6
Unit Echo,S08227,R02975,junior,3,3
Unit Bravo,S08228,R02803,senior,6,5
Unit Delta,S08229,R04073,senior,8,7
Unit Bravo,S08230,R04247,mid,6,4
Unit Bravo,S08231,R03296,junior,4,3
Unit Alpha,S08232,R02982,mid,4,4
Unit Echo,S08233,R00463,mid,6,3
Unit Echo,S08234,R03105,mid,4,3
Unit Alpha,S08235,R00016,mid,5,5
Unit Bravo,S08236,R00593,mid,7,4
Unit Alpha,S08237,R01014,mid,7,6
Unit Delta,S08238,R04548,junior,5,4
Unit Alpha,S08239,R02769,mid,5,3
Unit Echo,S08240,R02185,senior,7,5
Unit Bravo,S08241,R04059,junior,4,3
Unit Alpha,S08242,R04042,junior,6,4
Unit Bravo,S08243,R01439,mid,3,3
Unit Echo,S08244,R02956,mid,5,3
Unit Bravo,S08245,R01088,mid,9,7
Unit Alpha,S08246,R04954,junior,3,2
Unit Delta,S08247,R02151,mid,9,8
Unit Alpha,S08248,R02909,mid,4,3
Unit Delta,S08249,R02035,mid,5,4
Unit Echo,S08250,R00567,junior,7,4
Unit Echo,S08251,R00648,mid,8,6
Unit Delta,S08252,R03979,mid,5,5
Unit Alpha,S08253,R01826,mid,6,5
Unit Bravo,S08254,R04703,junior,7,5
Unit Alpha,S08255,R03899,senior,5,5
Unit Bravo,S08256,R00376,junior,8,5
Unit Echo,S08257,R02239,mid,3,2
Unit Delta,S08258,R04006,senior,6,5
Unit Bravo,S08259,R01569,junior,8,5
Unit Bravo,S08260,R02362,senior,3,3
Unit Echo,S08261,R00179,junior,4,1
Unit Delta,S08262,R04294,mid,5,4
Unit Echo,S08263,R03420,mid,5,5
Unit Bravo,S08264,R03516,senior,9,8
Unit Bravo,S08265,R01430,junior,3,1
Unit Echo,S08266,R00873,junior,6,3
Unit Delta,S08267,R03559,senior,6,5
Unit Echo,S08268,R01234,mid,7,6
Unit Echo,S08269,R03187,junior,3,1
Unit Echo,S08270,R01031,junior,4,3
Unit Echo,S08271,R03838,mid,10,8
Unit Delta,S08272,R03113,junior,4,3
Unit Bravo,S08273,R02397,senior,5,5
Unit Echo,S08274,R00536,mid,7,5
Unit Bravo,S08275,R03805,mid,3,3
Unit Delta,S08276,R01023,junior,6,4
Unit Delta,S08277,R02334,junior,7,4
Unit Delta,S08278,R02957,junior,7,5
Unit Alpha,S08279,R00811,mid,5,5
Unit Echo,S08280,R04899,junior,9,4
Unit Delta,S08281,R00411,junior,3,2
Unit Alpha,S08282,R02427,mid,6,4
Unit Alpha,S08283,R02409,mid,7,6
Unit Delta,S08284,R02506,junior,7,7
Unit Bravo,S08285,R02467,senior,7,7
Unit Echo,S08286,R02403,junior,3,2
Unit Alpha,S08287,R04303,junior,7,4
Unit Echo,S08288,R04902,senior,8,8
Unit Echo,S08289,R04402,mid,3,2
Unit Bravo,S08290,R03370,junior,8,3
Unit Bravo,S08291,R01218,junior,4,3
Unit Bravo,S08292,R02199,junior,7,4
Unit Delta,S08293,R04026,junior,10,6
Unit Echo,S08294,R01177,junior,9,7
Unit Alpha,S08295,R02055,mid,7,6
Unit Bravo,S08296,R02123,senior,3,3
Unit Alpha,S08297,R00773,mid,5,4
Unit Bravo,S08298,R04206,mid,5,4
Unit Echo,S08299,R01577,senior,7,7
Unit Bravo,S08300,R01603,junior,6,4
Unit Delta,S08301,R04279,junior,6,5
Unit Delta,S08302,R02064,senior,9,8
Unit Echo,S08303,R04068,mid,3,2
Unit Alpha,S08304,R04138,mid,2,2
Unit Delta,S08305,R02053,junior,4,4
Unit Echo,S08306,R00786,mid,5,2
Unit Alpha,S08307,R02938,junior,5,4
Unit Bravo,S08308,R03525,junior,4,3
Unit Alpha,S08309,R04453,junior,7,5
Unit Bravo,S08310,R03708,junior,10,5
Unit Bravo,S08311,R03421,mid,2,2
Unit Echo,S08312,R04693,senior,7,6
Unit Delta,S08313,R02389,junior,5,4
Unit Echo,S08314,R01658,junior,2,1
Unit Alpha,S08315,R04555,mid,9,7
Unit Bravo,S08316,R03602,junior,6,4
Unit Echo,S08317,R03875,mid,5,5
Unit Echo,S08318,R00272,mid,6,5
Unit Delta,S08319,R00987,mid,6,6
Unit Echo,S08320,R04584,mid,8,4
Unit Delta,S08321,R04634,senior,7,7
Unit Echo,S08322,R01966,senior,6,4
Unit Alpha,S08323,R01570,junior,5,3
Unit Bravo,S08324,R00211,junior,6,2
Unit Echo,S08325,R01742,mid,4,4
Unit Alpha,S08326,R00121,junior,4,2
Unit Alpha,S08327,R02660,mid,7,6
Unit Echo,S08328,R00140,junior,4,4
Unit Echo,S08329,R02819,senior,6,6
Unit Alpha,S08330,R02069,senior,10,9
Unit Bravo,S08331,R04622,junior,9,7
Unit Delta,S08332,R00647,mid,3,2
Unit Alpha,S08333,R01477,mid,7,5
Unit Bravo,S08334,R04600,mid,8,5
Unit Echo,S08335,R00102,senior,6,6
Unit Echo,S08336,R00186,senior,8,6
Unit Echo,S08337,R01076,mid,3,3
Unit Alpha,S08338,R00258,mid,9,8
Unit Alpha,S08339,R01917,junior,8,5
Unit Alpha,S08340,R02861,junior,3,2
Unit Echo,S08341,R02032,junior,6,5
Unit Delta,S08342,R01333,junior,9,6
Unit Alpha,S08343,R00404,junior,7,7
Unit Alpha,S08344,R04785,senior,3,3
Unit Bravo,S08345,R03932,mid,8,7
Unit Bravo,S08346,R04423,mid,5,4
Unit Echo,S08347,R03629,senior,3,3
Unit Bravo,S08348,R01830,junior,5,3
Unit Bravo,S08349,R04243,junior,3,2
Unit Echo,S08350,R04798,junior,4,2
Unit Alpha,S08351,R03653,senior,6,6
Unit Echo,S08352,R00374,junior,6,2
Unit Delta,S08353,R02218,senior,6,6
Unit Alpha,S08354,R00829,junior,9,2
Unit Bravo,S08355,R04631,junior,6,5
Unit Alpha,S08356,R04791,junior,5,2
Unit Alpha,S08357,R00711,junior,3,1
Unit Alpha,S08358,R01398,junior,7,4
Unit Bravo,S08359,R03898,junior,5,5
Unit Echo,S08360,R04178,senior,6,6
Unit Alpha,S08361,R03179,junior,10,4
Unit Echo,S08362,R01922,mid,7,7
Unit Delta,S08363,R03434,mid,6,4
Unit Delta,S08364,R03816,mid,6,5
Unit Alpha,S08365,R04867,junior,3,1
Unit Delta,S08366,R02907,junior,5,2
Unit Echo,S08367,R01599,junior,11,6
Unit Bravo,S08368,R03636,mid,5,5
Unit Alpha,S08369,R00838,mid,5,4
Unit Echo,S08370,R01106,mid,4,3
Unit Bravo,S08371,R00300,mid,5,4
Unit Echo,S08372,R00333,junior,1,1
Unit Alpha,S08373,R02196,mid,6,4
Unit Delta,S08374,R04763,mid,5,4
Unit Delta,S08375,R01372,junior,3,1
Unit Bravo,S08376,R01984,mid,5,5
Unit Delta,S08377,R03967,junior,4,3
Unit Alpha,S08378,R04365,mid,6,2
Unit Alpha,S08379,R03972,mid,7,5
Unit Echo,S08380,R02520,mid,7,6
Unit Delta,S08381,R00452,senior,6,6
Unit Echo,S08382,R04810,mid,10,9
Unit Alpha,S08383,R01176,junior,6,3
Unit Alpha,S08384,R02926,mid,6,6
Unit Delta,S08385,R04689,mid,2,1
Unit Delta,S08386,R01406,mid,7,2
Unit Bravo,S08387,R02496,junior,8,7
Unit Alpha,S08388,R03157,junior,6,4
Unit Echo,S08389,R03738,junior,6,4
Unit Echo,S08390,R00118,mid,4,3
Unit Bravo,S08391,R00877,junior,5,1
Unit Delta,S08392,R00830,mid,5,4
Unit Alpha,S08393,R02078,mid,5,5
Unit Alpha,S08394,R01376,mid,4,3
Unit Delta,S08395,R00592,senior,9,7
Unit Echo,S08396,R02145,mid,4,2
Unit Alpha,S08397,R01483,mid,5,3
Unit Delta,S08398,R02912,junior,7,5
Unit Bravo,S08399,R02494,junior,5,3
Unit Alpha,S08400,R00854,mid,7,5
Unit Bravo,S08401,R02863,mid,10,6
Unit Delta,S08402,R01140,mid,9,6
Unit Delta,S08403,R03307,junior,10,8
Unit Bravo,S08404,R04976,mid,7,5
Unit Delta,S08405,R04257,mid,3,2
Unit Alpha,S08406,R02424,senior,3,3
Unit Echo,S08407,R01483,mid,6,6
Unit Echo,S08408,R00234,junior,5,2
Unit Bravo,S08409,R01254,mid,6,4
Unit Bravo,S08410,R04499,mid,10,7
Unit Bravo,S08411,R00738,mid,6,6
Unit Bravo,S08412,R04944,mid,5,4
Unit Echo,S08413,R03761,mid,8,5
Unit Delta,S08414,R02009,senior,4,4
Unit Alpha,S08415,R01995,junior,8,5
Unit Bravo,S08416,R02117,senior,2,2
Unit Alpha,S08417,R02304,mid,6,5
Unit Alpha,S08418,R01504,mid,4,1
Unit Bravo,S08419,R02234,mid,9,7
Unit Bravo,S08420,R01538,junior,8,4
Unit Bravo,S08421,R01767,mid,5,3
Unit Alpha,S08422,R01186,mid,6,4
Unit Delta,S08423,R00266,junior,7,5
Unit Delta,S08424,R02007,junior,5,2
Unit Alpha,S08425,R03474,mid,4,1
Unit Bravo,S08426,R03369,mid,7,6
Unit Delta,S08427,R04205,senior,2,2
Unit Alpha,S08428,R00878,junior,4,3
Unit Delta,S08429,R01882,mid,6,4
Unit Echo,S08430,R00572,junior,5,3
Unit Echo,S08431,R02877,mid,5,2
Unit Bravo,S08432,R02822,junior,5,3
Unit Alpha,S08433,R04079,mid,4,4
Unit Echo,S08434,R01884,senior,5,4
Unit Alpha,S08435,R01792,senior,5,5
Unit Alpha,S08436,R04546,mid,6,2
Unit Alpha,S08437,R02647,junior,5,3
Unit Delta,S08438,R01797,mid,2,1
Unit Echo,S08439,R01961,junior,6,3
Unit Alpha,S08440,R00877,mid,8,7
Unit Bravo,S08441,R03356,junior,7,5
Unit Alpha,S08442,R02684,junior,5,5
Unit Echo,S08443,R01590,mid,9,8
Unit Alpha,S08444,R00621,mid,5,4
Unit Bravo,S08445,R01466,mid,6,6
Unit Delta,S08446,R03994,mid,4,4
Unit Alpha,S08447,R02162,mid,6,5
Unit Echo,S08448,R01073,junior,7,5
Unit Echo,S08449,R04418,junior,5,5
Unit Delta,S08450,R02916,junior,7,4
Unit Echo,S08451,R03237,junior,5,5
Unit Alpha,S08452,R00553,senior,9,8
Unit Alpha,S08453,R01303,junior,7,2
Unit Echo,S08454,R00558,senior,5,5
Unit Alpha,S08455,R02879,junior,2,2
Unit Alpha,S08456,R03253,junior,7,2
Unit Echo,S08457,R00381,junior,7,3
Unit Alpha,S08458,R00437,junior,6,2
Unit Bravo,S08459,R01081,mid,10,8
Unit Alpha,S08460,R03014,mid,7,6
Unit Alpha,S08461,R02344,mid,3,2
Unit Delta,S08462,R03163,mid,5,3
Unit Delta,S08463,R00489,junior,6,3
Unit Alpha,S08464,R04267,mid,8,6
Unit Alpha,S08465,R01650,mid,7,7
Unit Echo,S08466,R03423,mid,7,5
Unit Delta,S08467,R04957,junior,7,6
Unit Delta,S08468,R01720,senior,7,6
Unit Echo,S08469,R03252,junior,6,4
Unit Bravo,S08470,R01047,senior,5,5
Unit Alpha,S08471,R02430,junior,6,2
Unit Alpha,S08472,R03963,mid,9,8
Unit Bravo,S08473,R02803,mid,8,5
Unit Alpha,S08474,R01210,junior,5,2
Unit Alpha,S08475,R03998,mid,6,5
Unit Bravo,S08476,R03600,mid,8,5
Unit Bravo,S08477,R03844,junior,5,1
Unit Echo,S08478,R03568,junior,7,4
Unit Delta,S08479,R00584,mid,5,5
Unit Bravo,S08480,R03439,junior,6,4
Unit Alpha,S08481,R03184,mid,10,9
Unit Echo,S08482,R02200,mid,6,5
Unit Alpha,S08483,R04786,junior,5,0
Unit Alpha,S08484,R02285,mid,7,3
Unit Echo,S08485,R01171,mid,7,7
Unit Bravo,S08486,R04432,mid,5,5
Unit Delta,S08487,R01156,mid,7,6
Unit Echo,S08488,R02469,mid,5,4
Unit Echo,S08489,R02646,mid,11,6
Unit Bravo,S08490,R03914,junior,7,5
Unit Delta,S08491,R03306,senior,7,6
Unit Alpha,S08492,R02888,junior,7,6
Unit Delta,S08493,R00691,mid,8,4
Unit Bravo,S08494,R02989,mid,3,2
Unit Echo,S08495,R03555,junior,10,8
Unit Echo,S08496,R03670,junior,8,4
Unit Delta,S08497,R00054,mid,6,4
Unit Bravo,S08498,R00468,junior,5,2
Unit Delta,S08499,R02397,mid,8,7
Unit Alpha,S08500,R00171,junior,5,3
Unit Alpha,S08501,R04029,junior,3,3
Unit Alpha,S08502,R00052,senior,7,5
Unit Bravo,S08503,R01108,mid,5,2
Unit Delta,S08504,R02755,junior,6,3
Unit Delta,S08505,R02382,senior,4,4
Unit Echo,S08506,R01671,senior,1,1
Unit Alpha,S08507,R00180,junior,7,4
Unit Bravo,S08508,R01337,junior,8,4
Unit Echo,S08509,R03738,junior,4,2
Unit Alpha,S08510,R02268,mid,9,7
Unit Delta,S08511,R00878,senior,6,6
Unit Bravo,S08512,R00030,senior,4,4
Unit Echo,S08513,R01328,junior,5,4
Unit Echo,S08514,R02004,senior,4,4
Unit Delta,S08515,R04754,mid,5,4
Unit Delta,S08516,R04249,junior,6,4
Unit Delta,S08517,R04566,mid,6,6
Unit Echo,S08518,R02488,senior,8,6
Unit Alpha,S08519,R00702,mid,10,7
Unit Alpha,S08520,R00847,mid,5,3
Unit Alpha,S08521,R01780,mid,2,2
Unit Echo,S08522,R02549,senior,6,5
Unit Bravo,S08523,R02086,mid,4,3
Unit Alpha,S08524,R00317,junior,6,3
Unit Alpha,S08525,R03444,junior,7,3
Unit Echo,S08526,R02927,senior,9,8
Unit Alpha,S08527,R01470,mid,6,5
Unit Alpha,S08528,R01864,junior,5,4
Unit Echo,S08529,R03124,junior,9,4
Unit Bravo,S08530,R04108,mid,6,4
Unit Alpha,S08531,R00601,mid,4,2
Unit Bravo,S08532,R00381,mid,6,4
Unit Alpha,S08533,R01538,junior,7,4
Unit Echo,S08534,R03862,mid,7,5
Unit Bravo,S08535,R00457,mid,4,3
Unit Delta,S08536,R00669,senior,6,6
Unit Delta,S08537,R03392,mid,7,6
Unit Echo,S08538,R02329,senior,6,6
Unit Bravo,S08539,R01421,mid,8,5
Unit Echo,S08540,R02379,senior,9,7
Unit Delta,S08541,R00906,junior,5,3
Unit Delta,S08542,R01228,junior,5,4
Unit Alpha,S08543,R03987,senior,4,4
Unit Delta,S08544,R03503,junior,6,3
Unit Alpha,S08545,R02189,mid,5,4
Unit Bravo,S08546,R03696,senior,7,7
Unit Bravo,S08547,R04421,mid,6,5
Unit Bravo,S08548,R03270,junior,3,1
Unit Echo,S08549,R04781,junior,4,3
Unit Echo,S08550,R04059,senior,7,6
Unit Alpha,S08551,R03380,junior,5,2
Unit Echo,S08552,R01041,senior,6,6
Unit Bravo,S08553,R02960,senior,5,4
Unit Bravo,S08554,R01168,mid,7,3
Unit Alpha,S08555,R01493,junior,7,5
Unit Echo,S08556,R00840,junior,3,2
Unit Alpha,S08557,R04005,mid,7,5
Unit Delta,S08558,R00514,junior,5,3
Unit Delta,S08559,R04801,junior,4,3
Unit Bravo,S08560,R02489,mid,9,6
Unit Alpha,S08561,R02795,mid,2,2
Unit Bravo,S08562,R02856,junior,3,2
Unit Echo,S08563,R04645,mid,6,4
Unit Alpha,S08564,R04720,mid,6,6
Unit Bravo,S08565,R02499,mid,4,2
Unit Bravo,S08566,R04365,mid,3,2
Unit Delta,S08567,R03340,senior,12,10
Unit Bravo,S08568,R01317,mid,6,5
Unit Echo,S08569,R04406,junior,2,1
Unit Echo,S08570,R03009,junior,13,7
Unit Alpha,S08571,R03999,senior,6,5
Unit Alpha,S08572,R00603,senior,9,9
Unit Bravo,S08573,R01926,junior,5,3
Unit Bravo,S08574,R03883,senior,6,5
Unit Echo,S08575,R04891,junior,4,3
Unit Bravo,S08576,R01071,junior,7,6
Unit Bravo,S08577,R04503,senior,5,5
Unit Echo,S08578,R02901,mid,4,1
Unit Echo,S08579,R03392,senior,4,4
Unit Echo,S08580,R00850,mid,5,3
Unit Echo,S08581,R03166,mid,8,5
Unit Delta,S08582,R00084,mid,6,1
Unit Bravo,S08583,R01996,mid,5,4
Unit Echo,S08584,R03890,senior,5,5
Unit Bravo,S08585,R04962,senior,5,5
Unit Echo,S08586,R00236,senior,3,3
Unit Delta,S08587,R04448,mid,3,2
Unit Delta,S08588,R01461,mid,3,2
Unit Alpha,S08589,R01435,junior,5,2
Unit Alpha,S08590,R03212,junior,4,2
Unit Echo,S08591,R03776,mid,7,5
Unit Delta,S08592,R04998,mid,5,5
Unit Alpha,S08593,R01217,junior,4,1
Unit Bravo,S08594,R03461,junior,9,5
Unit Bravo,S08595,R01170,senior,7,7
Unit Echo,S08596,R00166,senior,7,7
Unit Delta,S08597,R04263,mid,9,7
Unit Echo,S08598,R02515,junior,6,4
Unit Alpha,S08599,R03517,mid,6,3
Unit Bravo,S08600,R03160,mid,6,4
Unit Echo,S08601,R02701,senior,4,4
Unit Echo,S08602,R01404,mid,10,8
Unit Bravo,S08603,R00105,junior,3,2
Unit Echo,S08604,R04544,mid,6,6
Unit Delta,S08605,R01799,mid,4,3
Unit Echo,S08606,R01408,mid,10,6
Unit Delta,S08607,R02370,mid,4,4
Unit Alpha,S08608,R02201,mid,4,2
Unit Echo,S08609,R01914,mid,7,4
Unit Bravo,S08610,R02719,junior,4,3
Unit Delta,S08611,R03352,senior,3,2
Unit Alpha,S08612,R00727,mid,3,3
Unit Echo,S08613,R00652,junior,5,4
Unit Echo,S08614,R00461,junior,4,2
Unit Delta,S08615,R04322,junior,5,4
Unit Alpha,S08616,R00242,mid,5,4
Unit Delta,S08617,R00009,junior,6,3
Unit Bravo,S08618,R02267,junior,6,4
Unit Delta,S08619,R01194,mid,4,3
Unit Delta,S08620,R03685,mid,13,10
Unit Delta,S08621,R00352,junior,5,2
Unit Alpha,S08622,R02982,junior,5,1
Unit Echo,S08623,R04912,mid,8,6
Unit Delta,S08624,R02521,senior,10,7
Unit Alpha,S08625,R00023,junior,3,2
Unit Echo,S08626,R04527,mid,6,3
Unit Echo,S08627,R02852,mid,5,3
Unit Bravo,S08628,R03785,junior,6,4
Unit Echo,S08629,R00757,senior,5,4
Unit Echo,S08630,R03192,senior,3,3
Unit Bravo,S08631,R03328,mid,5,5
Unit Delta,S08632,R03891,mid,7,5
Unit Alpha,S08633,R03414,senior,9,8
Unit Delta,S08634,R03142,mid,3,3
Unit Delta,S08635,R00415,junior,6,3
Unit Bravo,S08636,R02991,mid,2,2
Unit Echo,S08637,R03561,junior,6,4
Unit Alpha,S08638,R02936,mid,6,4
Unit Echo,S08639,R02865,mid,7,5
Unit Echo,S08640,R04673,senior,6,4
Unit Delta,S08641,R03746,junior,5,3
Unit Echo,S08642,R02362,mid,7,5
Unit Bravo,S08643,R02627,senior,6,5
Unit Alpha,S08644,R04782,senior,9,9
Unit Alpha,S08645,R03831,junior,6,5
Unit Alpha,S08646,R03311,senior,4,4
Unit Delta,S08647,R00838,mid,8,8
Unit Echo,S08648,R04874,mid,8,4
Unit Bravo,S08649,R01689,senior,5,4
Unit Echo,S08650,R03139,senior,6,5
Unit Echo,S08651,R01918,senior,6,4
Unit Delta,S08652,R01879,junior,6,3
Unit Echo,S08653,R01738,junior,5,0
Unit Alpha,S08654,R02277,senior,9,9
Unit Delta,S08655,R03775,senior,5,5
Unit Delta,S08656,R01208,junior,4,2
Unit Alpha,S08657,R04636,mid,6,5
Unit Delta,S08658,R03549,senior,9,8
Unit Echo,S08659,R00080,junior,5,4
Unit Echo,S08660,R01361,mid,4,4
Unit Alpha,S08661,R02772,junior,4,2
Unit Alpha,S08662,R01011,senior,6,6
Unit Delta,S08663,R00832,mid,6,5
Unit Echo,S08664,R02598,mid,9,5
Unit Bravo,S08665,R01955,mid,2,1
Unit Echo,S08666,R03616,senior,4,3
Unit Echo,S08667,R00411,junior,3,3
Unit Alpha,S08668,R00477,mid,5,3
Unit Echo,S08669,R04098,mid,5,3
Unit Bravo,S08670,R03401,junior,6,3
Unit Delta,S08671,R03787,junior,2,0
Unit Echo,S08672,R00519,junior,8,5
Unit Alpha,S08673,R04023,junior,4,2
Unit Alpha,S08674,R04385,junior,9,7
Unit Delta,S08675,R04829,junior,9,6
Unit Alpha,S08676,R02215,junior,4,3
Unit Alpha,S08677,R00215,mid,6,5
Unit Alpha,S08678,R03776,senior,11,8
Unit Delta,S08679,R03452,junior,6,3
Unit Delta,S08680,R02383,senior,7,7
Unit Echo,S08681,R01776,junior,7,3
Unit Echo,S08682,R02547,mid,14,13
Unit Delta,S08683,R03021,junior,3,2
Unit Bravo,S08684,R00062,junior,7,4
Unit Echo,S08685,R03863,junior,3,3
Unit Alpha,S08686,R00157,junior,5,2
Unit Delta,S08687,R01565,junior,5,3
Unit Alpha,S08688,R04888,mid,8,7
Unit Delta,S08689,R03544,mid,7,5
Unit Delta,S08690,R03931,senior,4,4
Unit Delta,S08691,R04881,junior,7,4
Unit Delta,S08692,R02889,senior,5,4
Unit Bravo,S08693,R01524,junior,3,0
Unit Echo,S08694,R03696,junior,6,3
Unit Echo,S08695,R04048,junior,9,6
Unit Delta,S08696,R01167,mid,8,6
Unit Delta,S08697,R01266,junior,6,1
Unit Alpha,S08698,R03123,junior,3,2
Unit Alpha,S08699,R04418,mid,7,4
Unit Bravo,S08700,R03649,senior,9,9
Unit Delta,S08701,R04729,mid,4,4
Unit Bravo,S08702,R02158,junior,11,7
Unit Bravo,S08703,R02510,mid,7,4
Unit Alpha,S08704,R01032,mid,4,3
Unit Alpha,S08705,R00401,mid,4,2
Unit Echo,S08706,R01494,mid,5,4
Unit Alpha,S08707,R04410,junior,8,5
Unit Alpha,S08708,R02473,junior,8,6
Unit Delta,S08709,R02363,mid,8,6
Unit Echo,S08710,R03691,mid,7,6
Unit Echo,S08711,R02814,mid,6,4
Unit Alpha,S08712,R00570,junior,7,3
Unit Delta,S08713,R03886,senior,7,6
Unit Bravo,S08714,R01051,junior,4,2
Unit Bravo,S08715,R02397,mid,8,6
Unit Bravo,S08716,R04631,junior,7,3
Unit Delta,S08717,R03835,junior,4,3
Unit Alpha,S08718,R02337,junior,9,6
Unit Echo,S08719,R01482,senior,5,4
Unit Echo,S08720,R02283,senior,10,10
Unit Delta,S08721,R00533,junior,5,3
Unit Echo,S08722,R01965,mid,7,7
Unit Echo,S08723,R01840,junior,6,5
Unit Bravo,S08724,R03581,mid,6,4
Unit Echo,S08725,R02177,senior,10,9
Unit Alpha,S08726,R01918,junior,8,5
Unit Delta,S08727,R00001,junior,5,1
Unit Alpha,S08728,R01331,junior,4,2
Unit Echo,S08729,R01799,junior,5,2
Unit Bravo,S08730,R02237,mid,7,6
Unit Delta,S08731,R04122,junior,1,1
Unit Alpha,S08732,R03616,junior,7,4
Unit Delta,S08733,R00583,senior,6,4
Unit Echo,S08734,R00698,junior,5,4
Unit Delta,S08735,R00023,senior,7,5
Unit Echo,S08736,R02355,mid,5,5
Unit Bravo,S08737,R00304,mid,6,5
Unit Alpha,S08738,R04322,junior,7,3
Unit Bravo,S08739,R02816,junior,6,1
Unit Echo,S08740,R03862,junior,2,0
Unit Alpha,S08741,R02666,mid,6,3
Unit Echo,S08742,R01343,senior,9,9
Unit Bravo,S08743,R00415,senior,7,6
Unit Alpha,S08744,R04894,junior,5,4
Unit Echo,S08745,R03739,mid,8,5
Unit Alpha,S08746,R00705,senior,6,6
Unit Bravo,S08747,R01462,senior,5,4
Unit Delta,S08748,R01729,junior,7,4
Unit Echo,S08749,R01897,senior,7,6
Unit Bravo,S08750,R03684,junior,8,5
Unit Alpha,S08751,R04193,junior,7,6
Unit Bravo,S08752,R01585,mid,4,4
Unit Delta,S08753,R02708,junior,6,4
Unit Alpha,S08754,R02979,senior,5,5
Unit Bravo,S08755,R04791,mid,8,5
Unit Alpha,S08756,R02153,senior,7,6
Unit Delta,S08757,R04315,junior,4,2
Unit Alpha,S08758,R00346,senior,9,9
Unit Alpha,S08759,R01219,senior,8,7
Unit Alpha,S08760,R00067,mid,8,5
Unit Echo,S08761,R02334,junior,9,6
Unit Delta,S08762,R01034,senior,6,6
Unit Delta,S08763,R03034,senior,5,4
Unit Delta,S08764,R00037,mid,7,5
Unit Echo,S08765,R02393,junior,5,3
Unit Echo,S08766,R04322,mid,4,2
Unit Bravo,S08767,R01003,junior,7,6
Unit Alpha,S08768,R00310,senior,5,4
Unit Alpha,S08769,R02834,junior,9,5
Unit Echo,S08770,R00278,junior,7,4
Unit Alpha,S08771,R02382,junior,8,6
Unit Alpha,S08772,R01475,senior,5,5
Unit Bravo,S08773,R02609,senior,3,3
Unit Delta,S08774,R04556,mid,4,3
Unit Echo,S08775,R02795,mid,1,1
Unit Alpha,S08776,R01242,mid,7,5
Unit Delta,S08777,R03060,junior,7,4
Unit Delta,S08778,R01840,junior,4,2
Unit Bravo,S08779,R04587,mid,6,5
Unit Echo,S08780,R00299,junior,8,3
Unit Delta,S08781,R00208,junior,8,3
Unit Echo,S08782,R00335,mid,5,4
Unit Echo,S08783,R00765,mid,4,4
Unit Echo,S08784,R03417,junior,9,6
Unit Alpha,S08785,R04726,mid,5,3
Unit Alpha,S08786,R00180,senior,12,10
Unit Echo,S08787,R02877,mid,7,5
Unit Delta,S08788,R02912,senior,3,3
Unit Alpha,S08789,R03199,mid,3,2
Unit Alpha,S08790,R00617,junior,6,5
Unit Alpha,S08791,R00983,junior,7,5
Unit Delta,S08792,R00950,junior,5,4
Unit Echo,S08793,R04978,mid,4,4
Unit Alpha,S08794,R03406,junior,5,2
Unit Bravo,S08795,R04799,mid,4,3
Unit Alpha,S08796,R03783,mid,6,5
Unit Bravo,S08797,R00883,mid,8,6
Unit Echo,S08798,R03964,mid,7,5
Unit Echo,S08799,R04614,junior,2,0
Unit Alpha,S08800,R03128,junior,6,5
Unit Echo,S08801,R03963,junior,6,0
Unit Bravo,S08802,R02687,junior,7,4
Unit Echo,S08803,R00891,junior,5,4
Unit Delta,S08804,R02894,senior,8,8
Unit Bravo,S08805,R00356,mid,6,3
Unit Alpha,S08806,R02030,senior,5,5
Unit Delta,S08807,R03977,mid,4,4
Unit Alpha,S08808,R01496,junior,9,6
Unit Bravo,S08809,R02788,junior,5,5
Unit Echo,S08810,R02774,mid,7,4
Unit Delta,S08811,R03843,junior,7,3
Unit Delta,S08812,R02201,senior,4,4
Unit Delta,S08813,R03203,senior,6,6
Unit Bravo,S08814,R02105,mid,4,3
Unit Delta,S08815,R01708,junior,6,5
Unit Alpha,S08816,R03315,mid,9,7
Unit Bravo,S08817,R01669,junior,5,2
Unit Bravo,S08818,R03543,senior,7,6
Unit Alpha,S08819,R01136,junior,6,3
Unit Delta,S08820,R03940,junior,6,5
Unit Echo,S08821,R02695,junior,9,8
Unit Echo,S08822,R00136,mid,5,5
Unit Alpha,S08823,R04763,mid,5,4
Unit Delta,S08824,R04572,junior,6,2
Unit Delta,S08825,R00985,junior,6,3
Unit Echo,S08826,R01477,senior,3,3
Unit Bravo,S08827,R03474,junior,6,4
Unit Echo,S08828,R03618,junior,2,2
Unit Echo,S08829,R04156,mid,4,3
Unit Echo,S08830,R00626,junior,3,0
Unit Delta,S08831,R00859,junior,8,5
Unit Bravo,S08832,R02982,junior,8,6
Unit Echo,S08833,R04439,junior,9,6
Unit Alpha,S08834,R03857,senior,7,7
Unit Alpha,S08835,R02080,junior,7,5
Unit Delta,S08836,R00667,junior,9,6
Unit Echo,S08837,R04733,junior,3,1
Unit Alpha,S08838,R03158,mid,5,3
Unit Echo,S08839,R04968,senior,10,10
Unit Alpha,S08840,R00717,mid,7,4
Unit Alpha,S08841,R04433,junior,6,3
Unit Delta,S08842,R00025,mid,6,5
Unit Bravo,S08843,R04278,mid,5,4
Unit Bravo,S08844,R03847,mid,5,5
Unit Alpha,S08845,R01085,junior,8,4
Unit Echo,S08846,R02916,junior,5,2
Unit Bravo,S08847,R04169,junior,9,6
Unit Bravo,S08848,R01073,mid,6,2
Unit Bravo,S08849,R01587,mid,6,4
Unit Delta,S08850,R04102,junior,10,4
Unit Bravo,S08851,R02044,junior,4,1
Unit Alpha,S08852,R02035,senior,5,5
Unit Alpha,S08853,R01226,mid,6,6
Unit Bravo,S08854,R02547,junior,6,4
Unit Echo,S08855,R04953,senior,4,4
Unit Bravo,S08856,R04746,junior,2,1
Unit Bravo,S08857,R03343,mid,5,4
Unit Bravo,S08858,R00135,mid,7,6
Unit Delta,S08859,R01613,senior,8,6
Unit Alpha,S08860,R03811,senior,9,8
Unit Echo,S08861,R04110,mid,6,5
Unit Echo,S08862,R02127,junior,9,6
Unit Echo,S08863,R03669,junior,3,2
Unit Alpha,S08864,R03298,junior,5,3
Unit Delta,S08865,R00119,mid,3,1
Unit Bravo,S08866,R00284,junior,5,3
Unit Alpha,S08867,R00758,mid,5,5
Unit Echo,S08868,R03382,mid,9,7
Unit Bravo,S08869,R04906,mid,1,1
Unit Alpha,S08870,R02672,junior,8,5
Unit Bravo,S08871,R01698,mid,9,6
Unit Echo,S08872,R04697,junior,10,4
Unit Bravo,S08873,R01501,junior,9,6
Unit Delta,S08874,R00024,senior,7,5
Unit Delta,S08875,R00938,junior,7,5
Unit Bravo,S08876,R03242,junior,6,2
Unit Echo,S08877,R04336,junior,8,6
Unit Delta,S08878,R03940,senior,4,4
Unit Bravo,S08879,R00486,mid,6,4
Unit Echo,S08880,R00448,junior,6,4
Unit Alpha,S08881,R03422,senior,5,5
Unit Delta,S08882,R02266,mid,4,2
Unit Echo,S08883,R04153,junior,6,4
Unit Bravo,S08884,R01125,junior,5,3
Unit Bravo,S08885,R03358,mid,4,4
Unit Alpha,S08886,R00218,mid,9,6
Unit Bravo,S08887,R00336,junior,6,5
Unit Bravo,S08888,R02813,junior,7,6
Unit Bravo,S08889,R00447,mid,6,6
Unit Delta,S08890,R02379,mid,4,3
Unit Echo,S08891,R04706,mid,6,6
Unit Echo,S08892,R01918,senior,5,5
Unit Echo,S08893,R01268,junior,10,7
Unit Bravo,S08894,R02251,mid,3,3
Unit Echo,S08895,R03502,junior,8,5
Unit Echo,S08896,R02235,junior,7,3
Unit Alpha,S08897,R01923,mid,8,5
Unit Echo,S08898,R03704,junior,7,5
Unit Alpha,S08899,R02608,mid,10,8
Unit Delta,S08900,R02099,senior,6,5
Unit Echo,S08901,R03585,senior,1,1
Unit Delta,S08902,R01630,senior,6,6
Unit Bravo,S08903,R02839,mid,9,8
Unit Delta,S08904,R04524,junior,7,4
Unit Echo,S08905,R04971,senior,5,5
Unit Bravo,S08906,R00547,senior,7,5
Unit Bravo,S08907,R00056,senior,8,8
Unit Alpha,S08908,R00950,junior,6,4
Unit Bravo,S08909,R02821,senior,4,3
Unit Bravo,S08910,R04870,mid,10,8
Unit Echo,S08911,R03676,junior,6,5
Unit Echo,S08912,R01143,junior,8,5
Unit Echo,S08913,R00358,mid,5,4
Unit Echo,S08914,R00037,junior,3,2
Unit Delta,S08915,R04369,junior,4,2
Unit Delta,S08916,R01316,senior,7,6
Unit Delta,S08917,R02892,senior,10,7
Unit Echo,S08918,R00283,mid,2,2
Unit Alpha,S08919,R02395,junior,8,4
Unit Echo,S08920,R00069,senior,6,4
Unit Echo,S08921,R00609,junior,4,3
Unit Echo,S08922,R02045,mid,2,2
Unit Delta,S08923,R04303,mid,9,8
Unit Bravo,S08924,R03589,mid,3,2
Unit Alpha,S08925,R03241,mid,4,3
Unit Delta,S08926,R03370,junior,6,4
Unit Bravo,S08927,R04439,mid,9,5
Unit Delta,S08928,R03872,senior,3,3
Unit Echo,S08929,R03717,mid,8,5
Unit Bravo,S08930,R04707,mid,2,2
Unit Alpha,S08931,R01315,mid,2,1
Unit Delta,S08932,R02120,junior,5,2
Unit Alpha,S08933,R04855,senior,6,5
Unit Delta,S08934,R01381,mid,7,5
Unit Bravo,S08935,R04920,junior,7,2
Unit Alpha,S08936,R01735,junior,3,1
Unit Alpha,S08937,R01190,junior,3,3
Unit Echo,S08938,R01426,junior,6,3
Unit Alpha,S08939,R03124,senior,3,2
Unit Alpha,S08940,R03348,mid,5,4
Unit Bravo,S08941,R01590,senior,4,4
Unit Bravo,S08942,R04701,junior,6,3
Unit Echo,S08943,R04014,junior,5,2
Unit Echo,S08944,R00297,senior,3,3
Unit Alpha,S08945,R00955,senior,4,3
Unit Delta,S08946,R00758,mid,3,3
Unit Delta,S08947,R01732,mid,3,2
Unit Alpha,S08948,R03858,mid,6,2
Unit Delta,S08949,R04289,mid,7,5
Unit Alpha,S08950,R00028,mid,10,9
Unit Delta,S08951,R02313,junior,9,5
Unit Delta,S08952,R02839,senior,4,3
Unit Echo,S08953,R04502,mid,9,8
Unit Alpha,S08954,R01888,mid,7,5
Unit Delta,S08955,R00128,senior,6,6
Unit Bravo,S08956,R04359,senior,5,5
Unit Echo,S08957,R00265,mid,5,4
Unit Bravo,S08958,R03269,junior,8,4
Unit Bravo,S08959,R04818,mid,8,7
Unit Bravo,S08960,R03279,junior,7,6
Unit Delta,S08961,R03447,senior,4,4
Unit Alpha,S08962,R01824,mid,6,4
Unit Bravo,S08963,R04412,mid,4,4
Unit Alpha,S08964,R02749,senior,5,5
Unit Alpha,S08965,R02936,mid,7,6
Unit Alpha,S08966,R04153,mid,5,3
Unit Echo,S08967,R00958,mid,4,1
Unit Bravo,S08968,R04894,senior,9,9
Unit Delta,S08969,R04857,junior,5,4
Unit Alpha,S08970,R02187,junior,8,3
Unit Alpha,S08971,R02195,senior,8,8
Unit Echo,S08972,R01309,junior,4,3
Unit Delta,S08973,R00904,mid,11,8
Unit Echo,S08974,R00895,senior,4,3
Unit Delta,S08975,R01020,mid,7,7
Unit Alpha,S08976,R04356,mid,10,7
Unit Alpha,S08977,R04845,senior,8,8
Unit Alpha,S08978,R02205,mid,9,4
Unit Bravo,S08979,R03039,mid,6,6
Unit Echo,S08980,R00129,mid,6,5
Unit Bravo,S08981,R00343,junior,2,1
Unit Alpha,S08982,R02528,mid,6,4
Unit Echo,S08983,R03862,junior,8,4
Unit Echo,S08984,R01031,junior,7,4
Unit Echo,S08985,R02273,mid,6,1
Unit Echo,S08986,R02172,senior,9,8
Unit Echo,S08987,R01161,senior,8,8
Unit Alpha,S08988,R01550,senior,12,9
Unit Echo,S08989,R02368,junior,4,3
Unit Delta,S08990,R03696,junior,5,4
Unit Alpha,S08991,R03678,senior,7,7
Unit Bravo,S08992,R01858,mid,7,6
Unit Delta,S08993,R04355,mid,6,4
Unit Bravo,S08994,R00694,junior,7,5
Unit Alpha,S08995,R00092,senior,6,6
Unit Bravo,S08996,R03512,junior,5,3
Unit Echo,S08997,R04315,mid,5,5
Unit Delta,S08998,R03268,junior,5,2
Unit Bravo,S08999,R04977,mid,9,8
Unit Alpha,S09000,R02823,junior,4,4
Unit Alpha,S09001,R02819,junior,6,5
Unit Echo,S09002,R03084,junior,10,9
Unit Echo,S09003,R04748,senior,7,6
Unit Delta,S09004,R04876,mid,7,6
Unit Delta,S09005,R01206,senior,5,4
Unit Echo,S09006,R02485,mid,9,7
Unit Echo,S09007,R00499,senior,7,6
Unit Delta,S09008,R03875,mid,3,3
Unit Delta,S09009,R01206,mid,7,5
Unit Bravo,S09010,R01388,senior,3,2
Unit Delta,S09011,R00858,junior,7,4
Unit Echo,S09012,R02482,mid,5,5
Unit Echo,S09013,R03690,junior,6,3
Unit Delta,S09014,R04708,junior,4,3
Unit Alpha,S09015,R04807,mid,3,3
Unit Bravo,S09016,R04820,junior,6,3
Unit Bravo,S09017,R03837,junior,4,2
Unit Delta,S09018,R00296,junior,11,8
Unit Bravo,S09019,R03036,junior,9,5
Unit Echo,S09020,R00973,junior,9,8
Unit Echo,S09021,R02299,junior,9,6
Unit Bravo,S09022,R04744,mid,3,2
Unit Bravo,S09023,R00952,junior,6,2
Unit Bravo,S09024,R00977,junior,6,5
Unit Alpha,S09025,R00472,mid,7,5
Unit Delta,S09026,R03264,senior,7,6
Unit Echo,S09027,R03489,mid,5,4
Unit Alpha,S09028,R03064,senior,3,2
Unit Bravo,S09029,R00981,mid,6,5
Unit Delta,S09030,R04431,junior,6,1
Unit Bravo,S09031,R02567,junior,5,2
Unit Alpha,S09032,R03794,mid,4,3
Unit Echo,S09033,R00498,mid,6,5
Unit Alpha,S09034,R00816,mid,6,3
Unit Bravo,S09035,R02863,junior,5,5
Unit Delta,S09036,R04653,mid,6,5
Unit Echo,S09037,R04952,mid,7,6
Unit Delta,S09038,R01378,mid,5,3
Unit Bravo,S09039,R00065,junior,2,2
Unit Bravo,S09040,R00602,junior,5,5
Unit Delta,S09041,R02537,junior,11,6
Unit Echo,S09042,R04016,junior,3,1
Unit Alpha,S09043,R03889,senior,3,3
Unit Echo,S09044,R00244,mid,8,5
Unit Bravo,S09045,R04222,senior,8,8
Unit Bravo,S09046,R04256,senior,7,6
Unit Alpha,S09047,R04164,senior,6,6
Unit Delta,S09048,R02572,junior,7,2
Unit Alpha,S09049,R00366,senior,5,5
Unit Delta,S09050,R04158,mid,5,5
Unit Delta,S09051,R02027,mid,9,8
Unit Delta,S09052,R00837,junior,11,7
Unit Bravo,S09053,R02696,senior,5,5
Unit Echo,S09054,R00859,mid,2,1
Unit Delta,S09055,R02419,junior,7,5
Unit Bravo,S09056,R01601,mid,8,8
Unit Echo,S09057,R04078,junior,2,0
Unit Echo,S09058,R00932,senior,4,4
Unit Alpha,S09059,R04006,junior,8,5
Unit Delta,S09060,R01522,mid,5,5
Unit Alpha,S09061,R03831,senior,11,9
Unit Alpha,S09062,R04799,junior,6,3
Unit Delta,S09063,R04464,junior,7,4
Unit Delta,S09064,R03554,junior,9,7
Unit Bravo,S09065,R03105,senior,9,6
Unit Delta,S09066,R00247,senior,5,5
Unit Echo,S09067,R04832,senior,4,4
Unit Alpha,S09068,R00996,junior,8,7
Unit Echo,S09069,R03895,senior,12,11
Unit Bravo,S09070,R02713,senior,9,6
Unit Echo,S09071,R03874,senior,3,3
Unit Alpha,S09072,R04465,junior,5,4
Unit Bravo,S09073,R01348,mid,8,7
Unit Delta,S09074,R03421,mid,6,6
Unit Echo,S09075,R04572,mid,3,3
Unit Bravo,S09076,R00954,junior,7,4
Unit Echo,S09077,R01696,mid,6,6
Unit Bravo,S09078,R02953,mid,5,4
Unit Echo,S09079,R01085,mid,10,9
Unit Alpha,S09080,R01488,junior,3,1
Unit Alpha,S09081,R04965,mid,5,4
Unit Echo,S09082,R00667,junior,8,3
Unit Delta,S09083,R03376,mid,5,4
Unit Echo,S09084,R01645,junior,5,2
Unit Bravo,S09085,R03576,junior,5,2
Unit Bravo,S09086,R01426,senior,10,10
Unit Bravo,S09087,R02772,mid,7,3
Unit Echo,S09088,R02926,junior,6,3
Unit Bravo,S09089,R04386,senior,5,5
Unit Bravo,S09090,R03096,mid,6,5
Unit Alpha,S09091,R00028,junior,4,2
Unit Echo,S09092,R00133,junior,7,4
Unit Echo,S09093,R03688,junior,5,5
Unit Bravo,S09094,R02916,senior,7,6
Unit Alpha,S09095,R01984,junior,7,5
Unit Echo,S09096,R04145,mid,6,4
Unit Delta,S09097,R04002,junior,9,6
Unit Bravo,S09098,R02723,mid,8,2
Unit Bravo,S09099,R04766,senior,4,4
Unit Bravo,S09100,R03174,mid,8,6
Unit Bravo,S09101,R03519,senior,8,8
Unit Bravo,S09102,R00077,mid,4,3
Unit Echo,S09103,R01066,junior,7,7
Unit Delta,S09104,R04309,mid,8,4
Unit Echo,S09105,R00375,mid,7,5
Unit Alpha,S09106,R03215,mid,6,3
Unit Alpha,S09107,R04179,junior,5,4
Unit Delta,S09108,R02653,junior,7,3
Unit Bravo,S09109,R02886,mid,8,4
Unit Delta,S09110,R04029,junior,9,5
Unit Echo,S09111,R02801,junior,6,3
Unit Alpha,S09112,R04244,junior,7,3
Unit Echo,S09113,R02367,mid,5,2
Unit Alpha,S09114,R02473,junior,7,3
Unit Bravo,S09115,R03725,junior,4,3
Unit Echo,S09116,R01977,senior,1,1
Unit Bravo,S09117,R03084,mid,9,7
Unit Bravo,S09118,R03214,mid,6,5
Unit Delta,S09119,R01572,mid,3,3
Unit Bravo,S09120,R00178,junior,13,10
Unit Bravo,S09121,R04779,senior,2,2
Unit Bravo,S09122,R04288,junior,3,1
Unit Delta,S09123,R01501,senior,5,5
Unit Alpha,S09124,R04582,junior,10,5
Unit Echo,S09125,R02720,mid,2,2
Unit Alpha,S09126,R03058,junior,4,1
Unit Bravo,S09127,R04634,junior,11,5
Unit Echo,S09128,R00299,senior,5,4
Unit Bravo,S09129,R03669,junior,10,6
Unit Echo,S09130,R02956,mid,7,5
Unit Bravo,S09131,R01331,junior,6,1
Unit Alpha,S09132,R01235,junior,6,6
Unit Echo,S09133,R00657,senior,8,8
Unit Echo,S09134,R00839,junior,4,4
Unit Delta,S09135,R02480,junior,12,9
Unit Echo,S09136,R03541,senior,4,3
Unit Echo,S09137,R03033,mid,5,5
Unit Bravo,S09138,R02469,junior,11,5
Unit Bravo,S09139,R03233,mid,3,2
Unit Echo,S09140,R04843,mid,6,3
Unit Delta,S09141,R01818,mid,4,2
Unit Alpha,S09142,R03751,mid,5,3
Unit Echo,S09143,R03726,senior,5,5
Unit Delta,S09144,R02802,junior,11,4
Unit Echo,S09145,R02400,senior,7,7
Unit Alpha,S09146,R04382,mid,6,6
Unit Echo,S09147,R00500,mid,4,4
Unit Bravo,S09148,R01489,mid,3,2
Unit Delta,S09149,R01374,junior,3,2
Unit Echo,S09150,R00830,mid,9,9
Unit Echo,S09151,R03852,junior,7,4
Unit Echo,S09152,R02883,mid,3,2
Unit Delta,S09153,R00281,junior,5,2
Unit Alpha,S09154,R00233,senior,4,4
Unit Echo,S09155,R02786,junior,6,5
Unit Alpha,S09156,R04907,junior,4,3
Unit Echo,S09157,R02481,junior,5,3
Unit Echo,S09158,R02072,junior,7,3
Unit Delta,S09159,R01328,mid,5,5
Unit Alpha,S09160,R04807,junior,3,2
Unit Echo,S09161,R03902,junior,4,3
Unit Delta,S09162,R02967,junior,3,3
Unit Delta,S09163,R02830,mid,6,5
Unit Echo,S09164,R00483,senior,5,5
Unit Delta,S09165,R03507,mid,6,5
Unit Bravo,S09166,R02877,senior,4,3
Unit Echo,S09167,R00408,junior,4,3
Unit Echo,S09168,R01586,senior,5,5
Unit Delta,S09169,R00818,mid,8,7
Unit Echo,S09170,R03364,mid,4,3
Unit Alpha,S09171,R01957,junior,8,6
Unit Bravo,S09172,R03121,senior,6,6
Unit Bravo,S09173,R00038,junior,11,7
Unit Alpha,S09174,R04739,senior,11,10
Unit Alpha,S09175,R04807,junior,11,7
Unit Alpha,S09176,R04865,junior,6,3
Unit Delta,S09177,R02007,mid,5,4
Unit Delta,S09178,R04218,junior,7,4
Unit Echo,S09179,R01837,mid,3,2
Unit Bravo,S09180,R04927,junior,10,5
Unit Echo,S09181,R01801,mid,4,3
Unit Delta,S09182,R03505,senior,7,7
Unit Bravo,S09183,R00918,mid,9,6
Unit Alpha,S09184,R00627,junior,5,4
Unit Delta,S09185,R03968,senior,5,3
Unit Echo,S09186,R02995,junior,4,4
Unit Echo,S09187,R00260,senior,5,5
Unit Bravo,S09188,R04201,mid,11,9
Unit Alpha,S09189,R00512,senior,8,7
Unit Echo,S09190,R03337,senior,6,6
Unit Echo,S09191,R02968,mid,9,8
Unit Bravo,S09192,R02765,senior,6,6
Unit Echo,S09193,R04731,senior,6,6
Unit Alpha,S09194,R02258,mid,4,3
Unit Echo,S09195,R04804,junior,7,4
Unit Echo,S09196,R02544,senior,7,6
Unit Delta,S09197,R04064,mid,4,2
Unit Bravo,S09198,R03030,junior,9,5
Unit Bravo,S09199,R04168,mid,4,3
Unit Alpha,S09200,R02232,mid,7,5
Unit Bravo,S09201,R03890,senior,6,5
Unit Alpha,S09202,R03331,mid,4,4
Unit Bravo,S09203,R00240,junior,7,4
Unit Echo,S09204,R03103,mid,3,3
Unit Delta,S09205,R04136,junior,6,4
Unit Echo,S09206,R01669,senior,8,8
Unit Delta,S09207,R00574,junior,4,2
Unit Delta,S09208,R03099,mid,5,3
Unit Alpha,S09209,R00828,junior,9,5
Unit Delta,S09210,R01759,mid,9,6
Unit Alpha,S09211,R01537,mid,9,8
Unit Alpha,S09212,R01045,junior,6,4
Unit Alpha,S09213,R01947,junior,5,5
Unit Echo,S09214,R01541,senior,8,8
Unit Delta,S09215,R02035,mid,5,5
Unit Delta,S09216,R00753,junior,3,1
Unit Echo,S09217,R00923,junior,5,4
Unit Delta,S09218,R00165,senior,11,10
Unit Alpha,S09219,R02072,senior,4,4
Unit Delta,S09220,R02107,junior,6,4
Unit Delta,S09221,R01636,senior,7,5
Unit Echo,S09222,R01294,junior,8,5
Unit Bravo,S09223,R03386,junior,10,8
Unit Delta,S09224,R00426,mid,12,7
Unit Echo,S09225,R02221,junior,7,5
Unit Bravo,S09226,R00553,junior,4,3
Unit Echo,S09227,R00883,senior,9,8
Unit Echo,S09228,R02083,junior,4,2
Unit Alpha,S09229,R00094,mid,1,1
Unit Alpha,S09230,R03232,mid,6,5
Unit Alpha,S09231,R02644,junior,6,5
Unit Alpha,S09232,R01931,senior,5,3
Unit Delta,S09233,R02232,junior,2,0
Unit Alpha,S09234,R02406,mid,6,3
Unit Delta,S09235,R04120,senior,10,9
Unit Echo,S09236,R04213,junior,12,10
Unit Echo,S09237,R00715,junior,5,3
Unit Alpha,S09238,R04351,junior,11,5
Unit Delta,S09239,R02141,senior,5,5
Unit Alpha,S09240,R04418,senior,10,10
Unit Alpha,S09241,R01581,mid,2,1
Unit Bravo,S09242,R01275,senior,10,8
Unit Delta,S09243,R01061,mid,9,4
Unit Bravo,S09244,R02273,junior,6,4
Unit Delta,S09245,R04460,junior,5,4
Unit Delta,S09246,R00990,junior,11,3
Unit Echo,S09247,R02697,senior,7,6
Unit Delta,S09248,R03470,mid,4,2
Unit Delta,S09249,R02258,senior,5,4
Unit Alpha,S09250,R00640,junior,5,3
Unit Alpha,S09251,R00597,mid,9,9
Unit Bravo,S09252,R01643,junior,8,4
Unit Echo,S09253,R04627,senior,4,3
Unit Echo,S09254,R00431,junior,6,3
Unit Alpha,S09255,R04382,senior,7,6
Unit Bravo,S09256,R01011,junior,8,4
Unit Delta,S09257,R04185,junior,4,2
Unit Alpha,S09258,R01153,mid,6,4
Unit Echo,S09259,R00930,mid,10,8
Unit Alpha,S09260,R04176,junior,8,6
Unit Bravo,S09261,R04984,mid,7,4
Unit Alpha,S09262,R00708,junior,7,4
Unit Alpha,S09263,R04795,mid,5,1
Unit Alpha,S09264,R01575,mid,5,3
Unit Echo,S09265,R02164,junior,7,5
Unit Alpha,S09266,R04145,junior,8,5
Unit Bravo,S09267,R04241,senior,6,5
Unit Alpha,S09268,R00708,junior,11,7
Unit Bravo,S09269,R02245,mid,4,1
Unit Echo,S09270,R01241,mid,4,3
Unit Bravo,S09271,R04506,junior,8,5
Unit Bravo,S09272,R00435,junior,6,3
Unit Echo,S09273,R04591,junior,4,4
Unit Alpha,S09274,R04475,mid,2,1
Unit Alpha,S09275,R04084,senior,9,9
Unit Alpha,S09276,R00872,mid,5,5
Unit Echo,S09277,R04214,mid,3,2
Unit Echo,S09278,R00947,junior,7,6
Unit Delta,S09279,R04627,senior,4,4
Unit Alpha,S09280,R04704,senior,5,5
Unit Alpha,S09281,R03832,mid,6,4
Unit Bravo,S09282,R02393,junior,4,2
Unit Delta,S09283,R01352,mid,3,1
Unit Delta,S09284,R04022,junior,8,6
Unit Delta,S09285,R03783,junior,6,3
Unit Delta,S09286,R00224,mid,11,8
Unit Delta,S09287,R02521,junior,10,4
Unit Bravo,S09288,R03033,junior,7,5
Unit Echo,S09289,R01949,junior,6,3
Unit Alpha,S09290,R01460,senior,4,4
Unit Bravo,S09291,R04002,junior,3,2
Unit Bravo,S09292,R02691,senior,5,5
Unit Delta,S09293,R01827,junior,8,3
Unit Alpha,S09294,R02899,senior,6,6
Unit Alpha,S09295,R03270,mid,3,1
Unit Delta,S09296,R01565,junior,7,5
Unit Delta,S09297,R01161,mid,8,5
Unit Bravo,S09298,R04486,junior,6,3
Unit Echo,S09299,R00395,mid,3,3
Unit Alpha,S09300,R04751,mid,7,4
Unit Alpha,S09301,R04196,senior,12,12
Unit Alpha,S09302,R03978,mid,9,4
Unit Delta,S09303,R03107,mid,10,6
Unit Alpha,S09304,R01386,mid,12,7
Unit Alpha,S09305,R01827,junior,3,1
Unit Alpha,S09306,R00508,mid,7,5
Unit Echo,S09307,R01599,mid,8,5
Unit Bravo,S09308,R01569,junior,7,3
Unit Alpha,S09309,R00096,senior,1,1
Unit Alpha,S09310,R02528,mid,8,4
Unit Delta,S09311,R00004,mid,6,6
Unit Echo,S09312,R03568,junior,7,2
Unit Alpha,S09313,R01950,junior,10,6
Unit Echo,S09314,R03137,junior,8,5
Unit Delta,S09315,R00808,mid,3,1
Unit Bravo,S09316,R02661,senior,8,7
Unit Alpha,S09317,R01742,mid,5,3
Unit Echo,S09318,R01105,junior,4,2
Unit Delta,S09319,R03740,mid,6,1
Unit Alpha,S09320,R04235,junior,5,1
Unit Delta,S09321,R01840,mid,8,6
Unit Bravo,S09322,R00621,junior,5,3
Unit Echo,S09323,R02098,junior,5,5
Unit Alpha,S09324,R03642,mid,10,6
Unit Alpha,S09325,R03835,junior,6,3
Unit Echo,S09326,R02217,junior,7,5
Unit Echo,S09327,R04056,junior,5,5
Unit Alpha,S09328,R01887,mid,7,7
Unit Alpha,S09329,R01408,senior,6,6
Unit Bravo,S09330,R04480,junior,5,3
Unit Delta,S09331,R01627,mid,3,3
Unit Alpha,S09332,R03332,junior,6,5
Unit Bravo,S09333,R00472,mid,10,7
Unit Bravo,S09334,R00319,junior,7,5
Unit Bravo,S09335,R02694,junior,7,3
Unit Echo,S09336,R01698,junior,10,7
Unit Delta,S09337,R02529,junior,7,5
Unit Delta,S09338,R01746,senior,4,4
Unit Echo,S09339,R02902,mid,4,2
Unit Bravo,S09340,R02188,junior,4,1
Unit Bravo,S09341,R02698,junior,6,3
Unit Bravo,S09342,R01987,senior,4,3
Unit Delta,S09343,R02818,mid,5,4
Unit Alpha,S09344,R03838,junior,4,2
Unit Delta,S09345,R01572,mid,5,4
Unit Alpha,S09346,R02121,mid,3,0
Unit Echo,S09347,R00241,mid,4,3
Unit Alpha,S09348,R04350,mid,6,5
Unit Echo,S09349,R00082,junior,8,5
Unit Alpha,S09350,R00815,mid,4,2
Unit Echo,S09351,R02157,junior,4,3
Unit Alpha,S09352,R00659,mid,7,6
Unit Delta,S09353,R00879,junior,8,3
Unit Echo,S09354,R04682,mid,8,5
Unit Delta,S09355,R03750,mid,7,5
Unit Delta,S09356,R04240,junior,3,2
Unit Bravo,S09357,R03403,mid,2,2
Unit Alpha,S09358,R03614,junior,7,5
Unit Bravo,S09359,R04949,junior,3,3
Unit Echo,S09360,R04536,mid,3,1
Unit Echo,S09361,R02678,senior,4,4
Unit Bravo,S09362,R01487,junior,8,4
Unit Echo,S09363,R02682,junior,6,4
Unit Echo,S09364,R03326,junior,6,4
Unit Bravo,S09365,R03009,junior,2,1
Unit Delta,S09366,R02338,junior,10,7
Unit Bravo,S09367,R04202,mid,8,8
Unit Delta,S09368,R02776,mid,5,3
Unit Echo,S09369,R04215,junior,4,4
Unit Echo,S09370,R00514,mid,6,4
Unit Alpha,S09371,R00835,junior,5,3
Unit Bravo,S09372,R01780,junior,2,2
Unit Delta,S09373,R02252,junior,8,4
Unit Echo,S09374,R03399,mid,6,2
Unit Echo,S09375,R02067,mid,6,6
Unit Alpha,S09376,R01770,junior,6,5
Unit Bravo,S09377,R03324,mid,3,1
Unit Bravo,S09378,R00150,mid,8,7
Unit Alpha,S09379,R04228,junior,7,5
Unit Bravo,S09380,R04854,junior,8,6
Unit Bravo,S09381,R01152,junior,6,1
Unit Echo,S09382,R02298,mid,5,4
Unit Delta,S09383,R04904,mid,4,4
Unit Bravo,S09384,R02586,junior,3,2
Unit Echo,S09385,R04742,mid,7,3
Unit Bravo,S09386,R00020,mid,3,2
Unit Delta,S09387,R04281,senior,5,5
Unit Delta,S09388,R03550,junior,5,3
Unit Bravo,S09389,R00118,senior,11,11
Unit Alpha,S09390,R03716,senior,7,7
Unit Alpha,S09391,R00061,junior,7,4
Unit Delta,S09392,R03800,senior,4,4
Unit Alpha,S09393,R04965,mid,6,6
Unit Echo,S09394,R00631,mid,4,3
Unit Alpha,S09395,R02177,junior,9,3
Unit Bravo,S09396,R01223,senior,4,3
Unit Echo,S09397,R00240,junior,8,7
Unit Delta,S09398,R00351,junior,4,4
Unit Echo,S09399,R00001,junior,5,3
Unit Bravo,S09400,R00817,mid,10,9
Unit Bravo,S09401,R00925,junior,11,7
Unit Bravo,S09402,R04354,junior,10,2
Unit Bravo,S09403,R02113,junior,8,3
Unit Delta,S09404,R04449,junior,6,3
Unit Delta,S09405,R00837,mid,6,3
Unit Alpha,S09406,R03297,junior,5,3
Unit Bravo,S09407,R00203,junior,5,3
Unit Alpha,S09408,R00593,junior,4,3
Unit Echo,S09409,R01705,junior,7,2
Unit Alpha,S09410,R00416,senior,8,7
Unit Alpha,S09411,R02030,senior,8,7
Unit Alpha,S09412,R04397,mid,7,6
Unit Bravo,S09413,R01241,senior,7,5
Unit Alpha,S09414,R01701,mid,6,3
Unit Delta,S09415,R00860,junior,6,2
Unit Bravo,S09416,R01991,junior,6,3
Unit Bravo,S09417,R04789,mid,3,3
Unit Delta,S09418,R00639,mid,6,4
Unit Alpha,S09419,R04465,senior,6,5
Unit Echo,S09420,R02901,mid,13,11
Unit Echo,S09421,R01586,mid,4,2
Unit Delta,S09422,R01141,junior,6,3
Unit Alpha,S09423,R01689,junior,8,4
Unit Alpha,S09424,R03219,senior,5,3
Unit Alpha,S09425,R01948,junior,6,4
Unit Alpha,S09426,R03072,mid,9,8
Unit Echo,S09427,R04788,senior,3,2
Unit Echo,S09428,R00582,mid,8,5
Unit Bravo,S09429,R02278,junior,2,2
Unit Echo,S09430,R03960,mid,4,3
Unit Bravo,S09431,R03021,junior,6,3
Unit Alpha,S09432,R03365,junior,11,4
Unit Delta,S09433,R00331,junior,8,8
Unit Echo,S09434,R03856,mid,5,4
Unit Echo,S09435,R04176,junior,7,5
Unit Echo,S09436,R00873,junior,10,6
Unit Echo,S09437,R00924,mid,7,6
Unit Echo,S09438,R03681,senior,8,8
Unit Delta,S09439,R04958,junior,7,6
Unit Echo,S09440,R04173,junior,8,6
Unit Delta,S09441,R04821,junior,7,4
Unit Echo,S09442,R03998,junior,4,3
Unit Delta,S09443,R00746,mid,3,2
Unit Alpha,S09444,R02248,senior,5,4
Unit Delta,S09445,R00463,junior,7,3
Unit Echo,S09446,R02150,junior,8,5
Unit Bravo,S09447,R01315,junior,5,3
Unit Echo,S09448,R01950,senior,8,6
Unit Echo,S09449,R01017,junior,4,3
Unit Echo,S09450,R00073,junior,5,1
Unit Alpha,S09451,R00842,mid,6,6
Unit Bravo,S09452,R03519,senior,8,8
Unit Bravo,S09453,R02732,senior,7,7
Unit Alpha,S09454,R00251,mid,5,4
Unit Alpha,S09455,R00735,mid,6,6
Unit Echo,S09456,R03923,junior,6,2
Unit Bravo,S09457,R02367,senior,4,3
Unit Delta,S09458,R02144,junior,9,6
Unit Alpha,S09459,R02616,mid,6,4
Unit Bravo,S09460,R02841,mid,3,2
Unit Echo,S09461,R02788,junior,4,2
Unit Delta,S09462,R02586,mid,7,5
Unit Alpha,S09463,R02421,mid,3,3
Unit Bravo,S09464,R00776,junior,3,2
Unit Delta,S09465,R00989,mid,9,8
Unit Alpha,S09466,R00649,mid,5,5
Unit Bravo,S09467,R00084,junior,10,7
Unit Echo,S09468,R01439,mid,6,5
Unit Bravo,S09469,R00552,mid,5,4
Unit Bravo,S09470,R02805,mid,4,3
Unit Echo,S09471,R01358,mid,5,2
Unit Delta,S09472,R01810,junior,5,4
Unit Bravo,S09473,R00642,junior,6,4
Unit Bravo,S09474,R03713,mid,8,5
Unit Delta,S09475,R00569,junior,3,3
Unit Alpha,S09476,R04706,senior,7,7
Unit Delta,S09477,R00896,senior,5,5
Unit Alpha,S09478,R02390,mid,6,4
Unit Bravo,S09479,R04318,junior,4,2
Unit Alpha,S09480,R00318,mid,6,5
Unit Delta,S09481,R04022,mid,8,8
Unit Delta,S09482,R03432,mid,6,5
Unit Delta,S09483,R02326,junior,5,4
Unit Alpha,S09484,R03998,junior,10,7
Unit Bravo,S09485,R02687,mid,4,3
Unit Bravo,S09486,R03379,junior,5,3
Unit Delta,S09487,R04482,mid,2,1
Unit Delta,S09488,R00680,junior,6,4
Unit Echo,S09489,R00209,mid,4,2
Unit Bravo,S09490,R04270,mid,5,4
Unit Bravo,S09491,R01704,mid,8,6
Unit Bravo,S09492,R03694,mid,5,4
Unit Delta,S09493,R02701,junior,6,3
Unit Delta,S09494,R02817,senior,9,8
Unit Bravo,S09495,R03227,mid,4,4
Unit Echo,S09496,R01690,junior,9,9
Unit Delta,S09497,R02078,mid,5,4
Unit Bravo,S09498,R00585,junior,6,4
Unit Alpha,S09499,R00045,mid,5,4
Unit Alpha,S09500,R03375,mid,7,7
Unit Alpha,S09501,R04338,mid,5,3
Unit Delta,S09502,R04027,junior,6,3
Unit Bravo,S09503,R00558,senior,7,7
Unit Alpha,S09504,R01994,junior,6,3
Unit Bravo,S09505,R00539,senior,5,3
Unit Alpha,S09506,R03910,junior,4,3
Unit Delta,S09507,R02100,junior,6,4
Unit Bravo,S09508,R04104,mid,2,1
Unit Bravo,S09509,R01884,mid,9,8
Unit Echo,S09510,R00793,mid,4,4
Unit Delta,S09511,R00595,mid,5,5
Unit Echo,S09512,R01357,mid,4,3
Unit Echo,S09513,R01310,senior,5,5
Unit Alpha,S09514,R02694,mid,9,5
Unit Alpha,S09515,R03448,mid,9,6
Unit Bravo,S09516,R00082,junior,4,4
Unit Bravo,S09517,R01378,senior,3,3
Unit Alpha,S09518,R01482,junior,5,2
Unit Delta,S09519,R04978,junior,3,2
Unit Echo,S09520,R03006,junior,5,2
Unit Echo,S09521,R02622,junior,8,5
Unit Alpha,S09522,R04301,junior,9,4
Unit Bravo,S09523,R02686,junior,6,6
Unit Delta,S09524,R00270,junior,5,5
Unit Bravo,S09525,R03994,senior,4,4
Unit Echo,S09526,R01045,senior,6,5
Unit Delta,S09527,R04234,junior,5,3
Unit Echo,S09528,R04848,mid,7,6
Unit Alpha,S09529,R00103,junior,10,5
Unit Bravo,S09530,R03230,mid,3,2
Unit Alpha,S09531,R01514,junior,9,6
Unit Echo,S09532,R00097,mid,4,4
Unit Alpha,S09533,R02864,senior,4,4
Unit Bravo,S09534,R04832,mid,6,4
Unit Alpha,S09535,R01994,junior,4,2
Unit Delta,S09536,R04762,mid,4,2
Unit Echo,S09537,R00263,mid,8,4
Unit Bravo,S09538,R00362,junior,7,4
Unit Delta,S09539,R01129,senior,7,5
Unit Bravo,S09540,R01416,senior,9,7
Unit Echo,S09541,R04843,senior,6,6
Unit Delta,S09542,R01480,junior,10,6
Unit Alpha,S09543,R04516,senior,6,6
Unit Delta,S09544,R03648,mid,10,10
Unit Echo,S09545,R02662,senior,4,3
Unit Echo,S09546,R04071,mid,8,6
Unit Echo,S09547,R00971,mid,9,6
Unit Echo,S09548,R03806,senior,7,7
Unit Echo,S09549,R01752,senior,5,5
Unit Delta,S09550,R03801,junior,11,7
Unit Delta,S09551,R01762,junior,5,3
Unit Bravo,S09552,R00576,senior,8,8
Unit Alpha,S09553,R03935,senior,4,3
Unit Bravo,S09554,R03471,junior,9,7
Unit Echo,S09555,R04291,junior,4,3
Unit Delta,S09556,R04053,junior,3,3
Unit Alpha,S09557,R03163,mid,9,6
Unit Bravo,S09558,R03065,junior,8,4
Unit Delta,S09559,R01236,mid,4,3
Unit Delta,S09560,R03649,junior,4,2
Unit Alpha,S09561,R00592,junior,5,3
Unit Delta,S09562,R01024,junior,4,4
Unit Bravo,S09563,R04838,junior,5,3
Unit Delta,S09564,R04016,mid,5,4
Unit Delta,S09565,R01771,junior,5,4
Unit Echo,S09566,R02099,mid,6,5
Unit Alpha,S09567,R04006,mid,2,1
Unit Echo,S09568,R00745,mid,2,2
Unit Bravo,S09569,R01132,mid,6,5
Unit Echo,S09570,R01407,mid,3,2
Unit Alpha,S09571,R03231,mid,6,4
Unit Bravo,S09572,R03773,senior,9,8
Unit Alpha,S09573,R00160,senior,7,6
Unit Delta,S09574,R00097,junior,6,5
Unit Echo,S09575,R04569,senior,8,7
Unit Alpha,S09576,R02977,mid,3,2
Unit Alpha,S09577,R04166,junior,8,5
Unit Bravo,S09578,R00193,senior,6,5
Unit Echo,S09579,R03509,junior,7,5
Unit Delta,S09580,R00619,junior,4,1
Unit Alpha,S09581,R02655,mid,4,4
Unit Echo,S09582,R02272,senior,7,5
Unit Echo,S09583,R01720,junior,7,5
Unit Echo,S09584,R03268,senior,6,5
Unit Delta,S09585,R01482,mid,4,4
Unit Delta,S09586,R01417,junior,2,2
Unit Delta,S09587,R00165,junior,5,5
Unit Echo,S09588,R03406,junior,10,5
Unit Bravo,S09589,R03501,junior,7,2
Unit Bravo,S09590,R03641,mid,5,4
Unit Delta,S09591,R02550,mid,6,5
Unit Alpha,S09592,R01684,junior,5,2
Unit Alpha,S09593,R03147,mid,3,1
Unit Echo,S09594,R00380,junior,5,2
Unit Echo,S09595,R01653,junior,6,2
Unit Bravo,S09596,R00730,senior,4,4
Unit Bravo,S09597,R01068,junior,12,7
Unit Delta,S09598,R01280,mid,3,2
Unit Delta,S09599,R01832,senior,6,6
Unit Echo,S09600,R01134,senior,4,2
Unit Bravo,S09601,R01742,junior,4,3
Unit Alpha,S09602,R03677,mid,2,2
Unit Delta,S09603,R00406,junior,9,4
Unit Echo,S09604,R01657,junior,3,3
Unit Echo,S09605,R01722,senior,9,8
Unit Bravo,S09606,R03290,senior,6,6
Unit Bravo,S09607,R02274,senior,5,4
Unit Bravo,S09608,R00266,junior,3,2
Unit Delta,S09609,R04300,senior,5,5
Unit Echo,S09610,R04003,mid,6,5
Unit Echo,S09611,R03406,junior,6,2
Unit Alpha,S09612,R04122,junior,5,2
Unit Echo,S09613,R03681,mid,6,5
Unit Delta,S09614,R03075,junior,9,5
Unit Echo,S09615,R04138,junior,6,5
Unit Alpha,S09616,R04362,mid,4,4
Unit Bravo,S09617,R04370,senior,3,3
Unit Echo,S09618,R02168,junior,8,5
Unit Alpha,S09619,R03974,mid,4,3
Unit Echo,S09620,R04681,senior,5,4
Unit Delta,S09621,R00511,junior,4,3
Unit Alpha,S09622,R03851,junior,5,5
Unit Echo,S09623,R00183,senior,4,3
Unit Delta,S09624,R01845,junior,7,3
Unit Delta,S09625,R04938,senior,4,4
Unit Echo,S09626,R01107,senior,6,6
Unit Alpha,S09627,R04599,mid,10,7
Unit Delta,S09628,R02817,junior,8,5
Unit Echo,S09629,R00686,senior,8,7
Unit Delta,S09630,R03898,mid,9,5
Unit Echo,S09631,R00551,mid,7,4
Unit Delta,S09632,R03553,junior,5,3
Unit Delta,S09633,R03965,junior,5,1
Unit Echo,S09634,R03637,mid,3,3
Unit Echo,S09635,R01247,mid,8,5
Unit Bravo,S09636,R00875,junior,8,6
Unit Bravo,S09637,R03973,senior,3,3
Unit Alpha,S09638,R03632,senior,9,9
Unit Alpha,S09639,R01992,senior,8,7
Unit Delta,S09640,R04897,mid,8,5
Unit Bravo,S09641,R00464,senior,3,2
Unit Delta,S09642,R04931,junior,5,4
Unit Delta,S09643,R01956,junior,5,3
Unit Alpha,S09644,R04373,mid,6,5
Unit Delta,S09645,R04440,junior,4,3
Unit Delta,S09646,R03399,junior,8,6
Unit Alpha,S09647,R03327,mid,6,5
Unit Alpha,S09648,R04891,mid,9,7
Unit Delta,S09649,R04471,junior,7,4
Unit Bravo,S09650,R01087,senior,4,4
Unit Delta,S09651,R01642,senior,6,6
Unit Bravo,S09652,R02274,mid,6,5
Unit Bravo,S09653,R03174,mid,5,2
Unit Echo,S09654,R04081,senior,5,5
Unit Echo,S09655,R01444,junior,4,3
Unit Alpha,S09656,R04052,senior,4,4
Unit Alpha,S09657,R03982,mid,11,9
Unit Echo,S09658,R04030,junior,6,4
Unit Echo,S09659,R02052,mid,5,4
Unit Alpha,S09660,R01902,mid,8,8
Unit Delta,S09661,R01104,mid,8,6
Unit Echo,S09662,R02758,senior,5,5
Unit Delta,S09663,R01519,junior,5,0
Unit Delta,S09664,R03659,mid,5,1
Unit Delta,S09665,R00117,mid,7,3
Unit Echo,S09666,R01031,mid,3,0
Unit Delta,S09667,R04375,mid,2,1
Unit Alpha,S09668,R03227,junior,6,2
Unit Bravo,S09669,R00054,junior,5,3
Unit Bravo,S09670,R03809,junior,8,5
Unit Bravo,S09671,R03660,mid,5,4
Unit Bravo,S09672,R04106,junior,6,4
Unit Delta,S09673,R00833,junior,3,2
Unit Delta,S09674,R03396,senior,6,6
Unit Alpha,S09675,R00438,mid,5,5
Unit Bravo,S09676,R00797,junior,6,2
Unit Alpha,S09677,R03520,mid,7,6
Unit Bravo,S09678,R02206,mid,4,4
Unit Delta,S09679,R00288,mid,6,5
Unit Delta,S09680,R02807,senior,3,2
Unit Delta,S09681,R00386,senior,5,5
Unit Bravo,S09682,R01325,mid,11,9
Unit Bravo,S09683,R03314,junior,5,2
Unit Alpha,S09684,R00168,junior,6,4
Unit Echo,S09685,R01995,junior,8,4
Unit Alpha,S09686,R03231,mid,10,7
Unit Bravo,S09687,R01622,junior,7,3
Unit Alpha,S09688,R02724,senior,7,7
Unit Alpha,S09689,R02962,junior,6,1
Unit Alpha,S09690,R02500,mid,3,3
Unit Bravo,S09691,R00566,junior,4,3
Unit Delta,S09692,R03493,mid,4,4
Unit Alpha,S09693,R03899,junior,7,4
Unit Bravo,S09694,R04841,mid,7,4
Unit Echo,S09695,R04439,junior,5,3
Unit Delta,S09696,R04094,junior,5,3
Unit Delta,S09697,R02221,mid,6,5
Unit Alpha,S09698,R03967,senior,7,6
Unit Bravo,S09699,R04952,junior,6,2
Unit Alpha,S09700,R02131,senior,11,11
Unit Alpha,S09701,R03232,mid,7,4
Unit Echo,S09702,R04180,junior,3,3
Unit Delta,S09703,R03507,mid,8,6
Unit Alpha,S09704,R00367,junior,4,2
Unit Bravo,S09705,R03626,mid,11,9
Unit Delta,S09706,R04829,junior,7,5
Unit Alpha,S09707,R03496,junior,8,6
Unit Echo,S09708,R04461,mid,8,6
Unit Alpha,S09709,R00021,mid,5,5
Unit Alpha,S09710,R01953,junior,3,2
Unit Delta,S09711,R01172,junior,9,4
Unit Echo,S09712,R00599,junior,5,2
Unit Delta,S09713,R00670,junior,9,6
Unit Delta,S09714,R01370,mid,4,3
Unit Bravo,S09715,R00866,senior,6,5
Unit Alpha,S09716,R01016,mid,7,5
Unit Bravo,S09717,R03856,junior,8,5
Unit Alpha,S09718,R00600,mid,9,7
Unit Alpha,S09719,R00950,junior,6,4
Unit Alpha,S09720,R02258,junior,4,4
Unit Alpha,S09721,R02911,mid,7,5
Unit Delta,S09722,R02437,senior,6,6
Unit Alpha,S09723,R03713,mid,7,5
Unit Echo,S09724,R04012,mid,6,5
Unit Delta,S09725,R04207,senior,6,6
Unit Delta,S09726,R03756,mid,12,8
Unit Bravo,S09727,R01296,junior,10,5
Unit Delta,S09728,R00095,mid,4,4
Unit Bravo,S09729,R04087,mid,8,6
Unit Alpha,S09730,R03162,junior,4,2
Unit Echo,S09731,R00721,mid,4,2
Unit Echo,S09732,R04566,junior,8,3
Unit Echo,S09733,R02986,mid,5,4
Unit Delta,S09734,R01401,mid,9,8
Unit Alpha,S09735,R01401,senior,5,5
Unit Bravo,S09736,R03380,mid,7,7
Unit Delta,S09737,R03968,mid,3,3
Unit Bravo,S09738,R04499,junior,12,7
Unit Alpha,S09739,R00993,mid,4,3
Unit Delta,S09740,R04501,junior,7,6
Unit Echo,S09741,R04472,mid,8,5
Unit Delta,S09742,R02088,senior,4,4
Unit Echo,S09743,R02262,mid,2,1
Unit Delta,S09744,R04464,mid,11,9
Unit Echo,S09745,R02854,junior,6,6
Unit Echo,S09746,R03674,junior,8,6
Unit Echo,S09747,R04475,mid,3,1
Unit Alpha,S09748,R01782,mid,9,9
Unit Delta,S09749,R00277,mid,4,2
Unit Bravo,S09750,R00550,mid,5,4
Unit Delta,S09751,R02961,junior,7,3
Unit Echo,S09752,R04291,senior,5,5
Unit Delta,S09753,R03657,senior,6,5
Unit Delta,S09754,R00265,mid,4,2
Unit Alpha,S09755,R03462,junior,12,7
Unit Echo,S09756,R00347,mid,5,4
Unit Alpha,S09757,R03149,senior,6,6
Unit Alpha,S09758,R02771,mid,6,4
Unit Alpha,S09759,R00999,junior,8,7
Unit Delta,S09760,R04557,mid,5,5
Unit Delta,S09761,R00463,mid,4,3
Unit Delta,S09762,R01185,junior,5,2
Unit Bravo,S09763,R04485,senior,4,4
Unit Alpha,S09764,R04911,mid,6,3
Unit Delta,S09765,R03412,junior,7,3
Unit Bravo,S09766,R00356,junior,8,2
Unit Bravo,S09767,R02146,senior,5,5
Unit Delta,S09768,R00866,senior,11,10
Unit Echo,S09769,R00593,junior,5,4
Unit Echo,S09770,R01720,mid,5,5
Unit Delta,S09771,R03529,mid,6,6
Unit Delta,S09772,R01848,junior,7,6
Unit Delta,S09773,R04020,mid,9,6
Unit Bravo,S09774,R00627,mid,7,4
Unit Bravo,S09775,R03833,mid,5,2
Unit Delta,S09776,R03605,mid,2,1
Unit Delta,S09777,R02251,senior,7,6
Unit Delta,S09778,R02427,junior,7,5
Unit Delta,S09779,R01756,mid,8,3
Unit Alpha,S09780,R00386,junior,7,5
Unit Delta,S09781,R04964,junior,5,1
Unit Alpha,S09782,R02976,senior,5,5
Unit Bravo,S09783,R04526,senior,11,10
Unit Echo,S09784,R00668,mid,7,7
Unit Alpha,S09785,R04140,junior,6,3
Unit Bravo,S09786,R03477,junior,6,2
Unit Echo,S09787,R03732,junior,4,1
Unit Bravo,S09788,R04169,junior,2,1
Unit Bravo,S09789,R03281,junior,7,6
Unit Delta,S09790,R01936,junior,4,2
Unit Delta,S09791,R02717,junior,7,4
Unit Delta,S09792,R04926,junior,5,4
Unit Bravo,S09793,R02808,mid,6,2
Unit Echo,S09794,R02730,senior,9,8
Unit Delta,S09795,R02649,junior,4,3
Unit Echo,S09796,R00385,mid,5,5
Unit Alpha,S09797,R01445,mid,4,3
Unit Bravo,S09798,R01186,junior,6,3
Unit Delta,S09799,R03322,senior,2,0
Unit Echo,S09800,R01184,senior,4,4
Unit Echo,S09801,R03529,mid,6,5
Unit Alpha,S09802,R02439,mid,6,4
Unit Delta,S09803,R04434,senior,2,1
Unit Echo,S09804,R00439,mid,5,3
Unit Bravo,S09805,R03781,junior,4,3
Unit Alpha,S09806,R04030,mid,6,3
Unit Alpha,S09807,R02271,junior,4,4
Unit Alpha,S09808,R00503,junior,7,2
Unit Alpha,S09809,R03210,senior,7,6
Unit Alpha,S09810,R00106,senior,6,5
Unit Echo,S09811,R01206,senior,6,5
Unit Bravo,S09812,R03740,senior,4,4
Unit Echo,S09813,R03977,junior,6,4
Unit Bravo,S09814,R03705,junior,5,2
Unit Alpha,S09815,R03433,junior,4,2
Unit Alpha,S09816,R04024,senior,4,4
Unit Echo,S09817,R00886,junior,6,5
Unit Alpha,S09818,R04392,mid,6,5
Unit Bravo,S09819,R03857,mid,8,6
Unit Echo,S09820,R00590,mid,8,7
Unit Delta,S09821,R03852,mid,9,9
Unit Echo,S09822,R03662,senior,11,10
Unit Delta,S09823,R01078,mid,7,4
Unit Echo,S09824,R01182,junior,5,2
Unit Bravo,S09825,R01648,mid,9,6
Unit Alpha,S09826,R03022,junior,6,3
Unit Bravo,S09827,R02696,mid,7,5
Unit Bravo,S09828,R02674,mid,5,4
Unit Delta,S09829,R03820,junior,7,4
Unit Bravo,S09830,R04429,senior,9,9
Unit Echo,S09831,R02657,junior,6,1
Unit Alpha,S09832,R02579,senior,3,3
Unit Alpha,S09833,R04066,junior,7,4
Unit Alpha,S09834,R00529,junior,5,3
Unit Bravo,S09835,R02000,mid,11,8
Unit Delta,S09836,R04658,mid,5,3
Unit Delta,S09837,R00417,junior,7,5
Unit Alpha,S09838,R03222,junior,5,3
Unit Delta,S09839,R00767,senior,9,8
Unit Bravo,S09840,R04144,mid,6,4
Unit Echo,S09841,R01049,mid,9,6
Unit Echo,S09842,R00054,mid,12,8
Unit Bravo,S09843,R01738,junior,6,3
Unit Echo,S09844,R03002,mid,6,5
Unit Echo,S09845,R02446,senior,11,11
Unit Echo,S09846,R03045,senior,7,7
Unit Echo,S09847,R04629,junior,2,0
Unit Delta,S09848,R04380,junior,5,2
Unit Echo,S09849,R01010,junior,10,6
Unit Delta,S09850,R01455,senior,9,9
Unit Echo,S09851,R02758,mid,7,5
Unit Delta,S09852,R00619,senior,3,3
Unit Echo,S09853,R00228,senior,8,6
Unit Echo,S09854,R02625,mid,6,3
Unit Echo,S09855,R04674,junior,6,1
Unit Delta,S09856,R01362,senior,7,7
Unit Delta,S09857,R01523,senior,5,4
Unit Delta,S09858,R02807,senior,8,5
Unit Echo,S09859,R01023,junior,5,3
Unit Alpha,S09860,R02694,mid,3,3
Unit Echo,S09861,R02541,senior,5,5
Unit Delta,S09862,R04538,mid,2,0
Unit Delta,S09863,R03580,mid,3,3
Unit Echo,S09864,R02990,junior,13,8
Unit Delta,S09865,R03274,senior,3,2
Unit Echo,S09866,R02732,senior,6,6
Unit Bravo,S09867,R00826,mid,7,4
Unit Alpha,S09868,R02655,junior,6,2
Unit Echo,S09869,R03334,mid,5,4
Unit Echo,S09870,R02770,junior,8,4
Unit Echo,S09871,R00880,junior,1,1
Unit Delta,S09872,R04127,mid,4,4
Unit Alpha,S09873,R04304,mid,6,4
Unit Alpha,S09874,R01261,junior,7,5
Unit Echo,S09875,R00350,mid,6,6
Unit Echo,S09876,R00311,mid,4,3
Unit Bravo,S09877,R03605,senior,5,5
Unit Echo,S09878,R02069,junior,10,9
Unit Delta,S09879,R01702,mid,5,3
Unit Alpha,S09880,R00244,junior,6,2
Unit Bravo,S09881,R03522,junior,4,2
Unit Echo,S09882,R00367,junior,9,5
Unit Delta,S09883,R02433,senior,4,3
Unit Delta,S09884,R03400,mid,4,3
Unit Echo,S09885,R01037,mid,8,7
Unit Delta,S09886,R04585,senior,6,5
Unit Echo,S09887,R00782,junior,5,5
Unit Echo,S09888,R01734,mid,4,2
Unit Alpha,S09889,R04583,senior,4,3
Unit Delta,S09890,R03330,mid,4,3
Unit Delta,S09891,R04454,mid,2,1
Unit Alpha,S09892,R02320,junior,4,3
Unit Alpha,S09893,R04493,junior,9,6
Unit Echo,S09894,R00059,junior,9,3
Unit Bravo,S09895,R00183,mid,6,3
Unit Delta,S09896,R03071,junior,5,4
Unit Bravo,S09897,R02167,mid,6,4
Unit Alpha,S09898,R02597,mid,9,5
Unit Bravo,S09899,R02360,senior,9,7
Unit Bravo,S09900,R02665,mid,2,2
Unit Echo,S09901,R02522,senior,6,6
Unit Delta,S09902,R00716,senior,3,3
Unit Bravo,S09903,R01153,junior,3,3
Unit Delta,S09904,R00580,junior,4,4
Unit Delta,S09905,R04260,junior,2,0
Unit Bravo,S09906,R00968,senior,5,3
Unit Bravo,S09907,R00533,junior,6,4
Unit Delta,S09908,R04995,mid,3,3
Unit Delta,S09909,R03551,junior,7,3
Unit Delta,S09910,R00838,mid,5,5
Unit Bravo,S09911,R00417,mid,6,3
Unit Alpha,S09912,R04152,junior,4,1
Unit Echo,S09913,R01320,mid,6,4
Unit Alpha,S09914,R00361,mid,4,3
Unit Echo,S09915,R00195,senior,14,13
Unit Echo,S09916,R02177,senior,10,10
Unit Bravo,S09917,R00596,junior,5,3
Unit Alpha,S09918,R01999,mid,8,5
Unit Delta,S09919,R04687,junior,3,1
Unit Delta,S09920,R00258,mid,6,4
Unit Alpha,S09921,R01335,junior,4,4
Unit Alpha,S09922,R02771,mid,3,2
Unit Echo,S09923,R04713,junior,2,2
Unit Echo,S09924,R04848,mid,9,6
Unit Delta,S09925,R04750,mid,5,4
Unit Echo,S09926,R02458,junior,6,4
Unit Alpha,S09927,R01421,junior,8,3
Unit Echo,S09928,R03805,junior,5,2
Unit Bravo,S09929,R03123,mid,7,4
Unit Alpha,S09930,R03440,senior,7,7
Unit Alpha,S09931,R00152,junior,5,5
Unit Delta,S09932,R03525,junior,5,3
Unit Delta,S09933,R00843,senior,2,2
Unit Delta,S09934,R01172,junior,6,2
Unit Alpha,S09935,R04733,junior,10,5
Unit Bravo,S09936,R02376,junior,4,1
Unit Delta,S09937,R02007,junior,5,5
Unit Bravo,S09938,R00354,junior,5,2
Unit Delta,S09939,R00972,junior,7,6
Unit Bravo,S09940,R02527,mid,1,0
Unit Alpha,S09941,R02500,junior,9,5
Unit Bravo,S09942,R01663,mid,4,3
Unit Delta,S09943,R01819,mid,3,0
Unit Bravo,S09944,R00334,junior,6,3
Unit Bravo,S09945,R04523,mid,1,1
Unit Bravo,S09946,R03264,junior,5,1
Unit Alpha,S09947,R01124,senior,6,6
Unit Bravo,S09948,R04660,mid,4,3
Unit Echo,S09949,R03590,mid,5,3
Unit Delta,S09950,R03502,junior,3,0
Unit Echo,S09951,R00254,mid,2,2
Unit Alpha,S09952,R03092,senior,7,6
Unit Bravo,S09953,R01081,mid,6,6
Unit Bravo,S09954,R03820,mid,3,1
Unit Bravo,S09955,R03053,mid,10,9
Unit Alpha,S09956,R02559,mid,5,3
Unit Echo,S09957,R04782,mid,6,3
Unit Delta,S09958,R04350,mid,6,5
Unit Bravo,S09959,R02020,junior,4,3
Unit Echo,S09960,R03210,mid,6,4
Unit Alpha,S09961,R01282,mid,5,3
Unit Alpha,S09962,R03087,mid,5,4
Unit Alpha,S09963,R00358,mid,3,1
Unit Delta,S09964,R02862,junior,2,1
Unit Delta,S09965,R01943,mid,4,2
Unit Alpha,S09966,R04480,mid,7,6
Unit Alpha,S09967,R04733,mid,6,5
Unit Echo,S09968,R00925,mid,5,2
Unit Delta,S09969,R02490,mid,6,6
Unit Echo,S09970,R03640,mid,10,8
Unit Delta,S09971,R00951,mid,6,4
Unit Delta,S09972,R00485,senior,6,5
Unit Echo,S09973,R04241,junior,6,4
Unit Echo,S09974,R02787,mid,7,5
Unit Echo,S09975,R01756,junior,7,2
Unit Bravo,S09976,R00259,mid,4,2
Unit Delta,S09977,R02212,senior,5,5
Unit Echo,S09978,R00780,junior,2,1
Unit Alpha,S09979,R01708,mid,5,3
Unit Delta,S09980,R03079,mid,7,7
Unit Delta,S09981,R02294,senior,8,7
Unit Alpha,S09982,R02758,mid,5,5
Unit Echo,S09983,R04159,mid,6,4
Unit Alpha,S09984,R04332,junior,6,4
Unit Echo,S09985,R01049,mid,9,7
Unit Delta,S09986,R04921,junior,7,5
Unit Bravo,S09987,R00316,senior,6,6
Unit Bravo,S09988,R00958,senior,4,2
Unit Bravo,S09989,R03493,junior,4,2
Unit Bravo,S09990,R03196,junior,3,3
Unit Alpha,S09991,R02624,junior,4,3
Unit Echo,S09992,R01797,senior,2,1
Unit Delta,S09993,R00414,senior,5,4
Unit Echo,S09994,R01890,junior,6,2
Unit Echo,S09995,R02176,junior,8,6
Unit Echo,S09996,R01068,senior,5,5
Unit Alpha,S09997,R04705,senior,5,4
Unit Alpha,S09998,R02297,senior,5,4
Unit Alpha,S09999,R02093,junior,4,2
