sighting_id,sighting_ts,park_name,trail_id,observer_badge,species_raw,count_seen
S000001,2025-08-13,Grand Canyon National Park ,T024,B0371,SC18,8
S000002,2025-08-15,yElLoWsToNe National Park,T114,B0302,SC30,4
S000003,2025-08-05,Redwood National Park ,T031,B0260,SC04,2
S000004,2025-08-03,rEdWoOd National Park,T096,,SC26,1
S000005,2025-08-21,Redwood National Park ,T109,,SC19,4
S000006,2025-06-06,zion National Park,T114,B0055,SC12 - Elk,3
S000007,2025-07-30,yElLoWsToNe National Park,T021,B0148,SC26,2
S000008,2025-07-09,zion National Park,T040,B0307,SC03,1
S000009,2025-07-21,yellowstone National Park,T065,B0189,SC25 - Mountain Goat,1
S000010,2025-06-15,glacier National Park,T041,,SC19,3
S000011,2025-08-21,zIoN National Park,T058,B0372,sc07,1
S000012,2025-08-26,Glacier National Park ,T030,B0398,SC14,1
S000013,2025-06-17,gLaCiEr National Park,T008,B0183,SC02,1
S000014,2025-06-06,Redwood National Park ,T027,B0345,SC12 - Elk,1
S000015,2025-07-10,rEdWoOd National Park,T082,B0395,SC09,1
S000016,2025-08-24,zion National Park,T074,B0033,SC10,2
S000017,2025-06-03,zIoN National Park,T043,B0055,SC03 - River Otter,4
S000018,2025-06-23,glacier National Park,T058,B0245,SC12 - Elk,4
S000019,2025-06-05,acadia National Park,T077,,SC26,1
S000020,2025-07-22,gLaCiEr National Park,T098,B0138,SC29,1
S000021,2025-08-28,zIoN National Park,T017,B0294,SC22,3
S000022,2025-07-20,Glacier National Park ,T003,B0312,SC18,2
S000023,2025-07-25,glacier National Park,T111,B0204,SC08,2
S000024,2025-06-11,zIoN National Park,T046,B0167,SC09,1
S000025,2025-06-17,gLaCiEr National Park,T063,B0234,SC30,2
S000026,2025-07-12,gRaNd Canyon National Park,T025,B0068,SC25,1
S000027,2025-07-14,yElLoWsToNe National Park,T026,B0276,SC14,3
S000028,2025-07-29,Zion National Park ,T078,,SC05,2
S000029,2025-06-20,Acadia National Park ,T002,B0302,SC05,4
S000030,2025-06-19,rEdWoOd National Park,T041,B0351,SC10,1
S000031,2025-07-15,gLaCiEr National Park,T078,,SC04,3
S000032,2025-08-22,Grand Canyon National Park ,T108,B0228,SC12,4
S000033,2025-07-28,gRaNd Canyon National Park,T019,B0145,SC02,1
S000034,2025-06-01,redwood National Park,T052,B0145,SC12 - Elk,1
S000035,2025-06-13,yellowstone National Park,T083,B0141,SC12 - Elk,2
S000036,2025-07-16,grand Canyon National Park,T084,B0095,SC14,3
S000037,2025-06-22,yElLoWsToNe National Park,T035,B0326,SC14,1
S000038,2025-06-17,acadia National Park,T054,B0058,SC10,2
S000039,2025-07-17,gLaCiEr National Park,T101,B0277,SC04,3
S000040,2025-07-31,gRaNd Canyon National Park,T110,,SC27,1
S000041,2025-08-22,gRaNd Canyon National Park,T047,B0015,SC08,1
S000042,2025-06-16,Glacier National Park ,T025,B0124,SC12 - Elk,1
S000043,2025-06-20,Redwood National Park ,T067,B0065,SC16,2
S000044,2025-08-14,gRaNd Canyon National Park,T093,B0361,SC13,2
S000045,2025-07-15,acadia National Park,T017,B0185,SC18,5
S000046,2025-08-29,Acadia National Park ,T010,B0009,SC26,4
S000047,2025-08-04,aCaDiA National Park,T073,,SC20,2
S000048,2025-08-28,Acadia National Park ,T034,,SC08,3
S000049,2025-07-03,Grand Canyon National Park ,T120,B0275,SC03 - River Otter,2
S000050,2025-07-10,aCaDiA National Park,T029,B0164,SC19,1
S000051,2025-07-19,yElLoWsToNe National Park,T061,B0148,SC06,1
S000052,2025-08-18,glacier National Park,T013,B0156,SC25,1
S000053,2025-07-08,redwood National Park,T012,B0256,SC01,1
S000054,2025-07-10,grand Canyon National Park,T113,B0035,SC12,2
S000055,2025-06-15,zIoN National Park,T078,,SC14,2
S000056,2025-06-28,yellowstone National Park,T079,B0128,SC01,3
S000057,2025-07-22,yElLoWsToNe National Park,T119,B0112,SC11,2
S000058,2025-06-03,Grand Canyon National Park ,T063,B0258,SC03 - River Otter,3
S000059,2025-08-21,Yellowstone National Park ,T046,B0008,SC21,2
S000060,2025-07-27,Grand Canyon National Park ,T072,B0308,SC08,1
S000061,2025-06-02,Grand Canyon National Park ,T030,B0130,SC04,3
S000062,2025-08-06,Yellowstone National Park ,T062,,SC24,2
S000063,2025-07-01,zion National Park,T087,B0243,SC14,1
S000064,2025-08-13,zion National Park,T020,B0289,SC05,2
S000065,2025-08-27,zion National Park,T095,B0350,SC12 - Elk,1
S000066,2025-08-08,glacier National Park,T103,B0391,SC06,1
S000067,2025-07-16,grand Canyon National Park,T051,B0080,SC28,2
S000068,2025-07-15,yElLoWsToNe National Park,T071,,SC22,2
S000069,2025-07-01,gLaCiEr National Park,T087,B0064,SC02,5
S000070,2025-08-20,Zion National Park ,T069,B0261,SC12,1
S000071,2025-08-09,Glacier National Park ,T110,B0170,SC27,3
S000072,2025-07-23,Acadia National Park ,T022,B0047,SC21,4
S000073,2025-07-10,rEdWoOd National Park,T024,B0071,SC04,4
S000074,2025-08-05,Acadia National Park ,T107,B0063,SC08,4
S000075,2025-07-18,yElLoWsToNe National Park,T062,B0358,SC16,1
S000076,2025-08-17,yellowstone National Park,T029,B0053,SC03,5
S000077,2025-08-15,aCaDiA National Park,T102,,SC10,1
S000078,2025-07-10,zion National Park,T077,,SC21,3
S000079,2025-06-12,zIoN National Park,T081,,SC02,3
S000080,2025-07-08,rEdWoOd National Park,T097,,SC26,2
S000081,2025-07-25,redwood National Park,T099,B0305,SC18,2
S000082,2025-08-28,glacier National Park,T111,B0022,SC28,1
S000083,2025-06-27,Redwood National Park ,T073,B0306,SC25,8
S000084,2025-08-24,glacier National Park,T040,,SC16,2
S000085,2025-07-03,zIoN National Park,T089,B0253,SC01,2
S000086,2025-07-09,zIoN National Park,T073,,SC08,1
S000087,2025-07-22,gRaNd Canyon National Park,T089,B0122,SC08,2
S000088,2025-08-22,yellowstone National Park,T076,B0334,SC21,3
S000089,2025-06-02,Yellowstone National Park ,T015,B0314,SC19,3
S000090,2025-07-15,yElLoWsToNe National Park,T056,B0154,SC07,1
S000091,2025-08-14,grand Canyon National Park,T019,B0057,SC02,1
S000092,2025-08-14,Redwood National Park ,T099,,SC24,1
S000093,2025-07-19,acadia National Park,T021,B0206,SC30,1
S000094,2025-06-03,acadia National Park,T089,B0042,SC29,1
S000095,2025-07-02,redwood National Park,T056,B0242,SC25,1
S000096,2025-07-02,gLaCiEr National Park,T093,B0024,SC07,4
S000097,2025-07-20,aCaDiA National Park,T081,B0062,SC04,2
S000098,2025-06-16,Redwood National Park ,T087,B0187,SC25,4
S000099,2025-07-16,Grand Canyon National Park ,T007,B0114,SC20,4
S000100,2025-06-07,Redwood National Park ,T091,B0065,SC09,5
S000101,2025-08-24,gRaNd Canyon National Park,T076,,SC17,1
S000102,2025-06-23,zIoN National Park,T053,B0387,sc07,1
S000103,2025-06-09,zIoN National Park,T060,B0360,SC04,3
S000104,2025-06-18,glacier National Park,T116,B0024,SC20,4
S000105,2025-07-02,zIoN National Park,T087,B0300,sc07,3
S000106,2025-08-11,Zion National Park ,T083,B0049,SC12,1
S000107,2025-07-13,Yellowstone National Park ,T032,B0218,SC25 - Mountain Goat,3
S000108,2025-08-13,zion National Park,T066,B0331,SC09,2
S000109,2025-07-02,yElLoWsToNe National Park,T009,,SC09,3
S000110,2025-07-29,Redwood National Park ,T058,B0075,SC02,1
S000111,2025-08-12,gRaNd Canyon National Park,T018,B0385,SC09,4
S000112,2025-07-09,Zion National Park ,T014,B0342,SC17,1
S000113,2025-07-20,gRaNd Canyon National Park,T060,B0152,SC16,3
S000114,2025-06-01,Acadia National Park ,T010,B0345,SC03 - River Otter,3
S000115,2025-07-02,grand Canyon National Park,T082,B0249,SC10,3
S000116,2025-06-24,redwood National Park,T031,B0119,SC04,3
S000117,2025-06-08,zIoN National Park,T002,B0205,SC16,3
S000118,2025-06-01,yElLoWsToNe National Park,T041,B0245,SC18,2
S000119,2025-07-30,Glacier National Park ,T079,B0109,SC01,1
S000120,2025-07-01,Yellowstone National Park ,T086,B0198,SC24,2
S000121,2025-07-19,Grand Canyon National Park ,T077,,SC03 - River Otter,1
S000122,2025-06-21,Redwood National Park ,T013,B0323,SC12,5
S000123,2025-08-04,Redwood National Park ,T042,B0335,SC19,2
S000124,2025-07-30,Acadia National Park ,T074,B0354,SC03 - River Otter,1
S000125,2025-06-03,Yellowstone National Park ,T005,,SC26,2
S000126,2025-08-10,Yellowstone National Park ,T093,B0319,SC20,3
S000127,2025-07-05,grand Canyon National Park,T068,B0089,SC04,3
S000128,2025-07-20,aCaDiA National Park,T115,B0032,SC07,2
S000129,2025-08-17,Yellowstone National Park ,T032,B0173,SC13,1
S000130,2025-06-29,Redwood National Park ,T049,,SC21,2
S000131,2025-06-05,Zion National Park ,T030,B0318,SC08,1
S000132,2025-08-02,redwood National Park,T043,B0400,SC03,2
S000133,2025-07-18,Yellowstone National Park ,T063,B0264,Sc18,1
S000134,2025-06-21,zIoN National Park,T050,B0107,SC28,4
S000135,2025-06-18,Glacier National Park ,T106,B0303,SC23,7
S000136,2025-07-10,Acadia National Park ,T084,B0306,SC25,1
S000137,2025-08-26,zIoN National Park,T037,B0253,SC29,1
S000138,2025-08-22,zion National Park,T083,B0381,SC30,4
S000139,2025-08-27,aCaDiA National Park,T075,B0387,SC05,4
S000140,2025-06-15,Glacier National Park ,T004,B0283,SC09,3
S000141,2025-06-17,zIoN National Park,T097,B0273,Sc18,2
S000142,2025-06-18,Zion National Park ,T105,B0136,SC15,4
S000143,2025-06-08,zion National Park,T038,B0143,SC05,4
S000144,2025-08-01,zion National Park,T100,B0112,SC23,3
S000145,2025-08-11,Zion National Park ,T106,B0265,SC16,1
S000146,2025-07-06,grand Canyon National Park,T036,,SC10,1
S000147,2025-08-04,Yellowstone National Park ,T074,B0110,SC12,3
S000148,2025-06-22,Redwood National Park ,T094,B0235,SC24,1
S000149,2025-07-01,Grand Canyon National Park ,T006,B0003,SC10,1
S000150,2025-08-13,aCaDiA National Park,T065,B0201,SC30,2
S000151,2025-07-28,gLaCiEr National Park,T106,B0267,SC06,1
S000152,2025-07-16,glacier National Park,T070,B0340,SC27,4
S000153,2025-07-27,zIoN National Park,T100,,SC08,1
S000154,2025-06-10,Redwood National Park ,T074,,Sc18,3
S000155,2025-06-02,zIoN National Park,T104,B0369,SC01,4
S000156,2025-06-21,zion National Park,T039,B0077,SC07,3
S000157,2025-06-17,yElLoWsToNe National Park,T040,B0108,SC02,4
S000158,2025-06-16,rEdWoOd National Park,T106,B0271,SC28,2
S000159,2025-07-06,Grand Canyon National Park ,T016,B0261,SC12,4
S000160,2025-08-06,gLaCiEr National Park,T011,B0361,SC15,5
S000161,2025-06-20,Redwood National Park ,T007,B0299,SC09,3
S000162,2025-08-09,redwood National Park,T025,B0364,SC11,1
S000163,2025-08-17,grand Canyon National Park,T081,B0297,SC03 - River Otter,1
S000164,2025-08-06,rEdWoOd National Park,T016,B0032,SC24,2
S000165,2025-07-09,glacier National Park,T092,B0236,SC13,1
S000166,2025-07-02,rEdWoOd National Park,T040,B0261,SC01,3
S000167,2025-06-12,Glacier National Park ,T098,B0353,SC04,2
S000168,2025-08-26,gLaCiEr National Park,T107,B0235,SC13,1
S000169,2025-08-03,acadia National Park,T047,,SC10,2
S000170,2025-08-04,gLaCiEr National Park,T022,B0004,SC22,4
S000171,2025-06-22,yElLoWsToNe National Park,T045,B0265,SC20,2
S000172,2025-07-14,Zion National Park ,T101,B0005,SC06,3
S000173,2025-06-02,Grand Canyon National Park ,T094,,SC17,5
S000174,2025-06-15,Zion National Park ,T107,B0023,SC27,2
S000175,2025-08-22,zIoN National Park,T014,B0349,SC02,2
S000176,2025-07-26,yElLoWsToNe National Park,T064,B0220,SC12,2
S000177,2025-07-06,Redwood National Park ,T107,B0062,SC10,1
S000178,2025-06-11,yellowstone National Park,T010,B0382,SC28,1
S000179,2025-07-20,acadia National Park,T066,B0133,SC16,3
S000180,2025-06-07,Redwood National Park ,T073,B0211,SC25,1
S000181,2025-06-11,Zion National Park ,T061,B0161,SC25,5
S000182,2025-07-17,Acadia National Park ,T035,B0147,SC28,1
S000183,2025-07-28,zion National Park,T106,B0182,SC09,2
S000184,2025-06-27,Zion National Park ,T116,B0111,SC26,5
S000185,2025-06-15,Zion National Park ,T005,B0252,SC25,1
S000186,2025-06-08,rEdWoOd National Park,T109,B0151,SC01,2
S000187,2025-08-03,yellowstone National Park,T039,B0238,SC16,1
S000188,2025-07-01,Acadia National Park ,T036,B0126,SC23,1
S000189,2025-07-16,Zion National Park ,T076,B0376,SC21,1
S000190,2025-08-28,gLaCiEr National Park,T053,B0160,SC03 - River Otter,4
S000191,2025-07-15,yellowstone National Park,T024,B0191,SC09,2
S000192,2025-08-12,grand Canyon National Park,T054,B0275,SC23,2
S000193,2025-07-27,grand Canyon National Park,T060,B0359,SC21,4
S000194,2025-08-29,gLaCiEr National Park,T082,B0257,SC17,1
S000195,2025-07-02,acadia National Park,T009,B0163,SC25,4
S000196,2025-07-12,gRaNd Canyon National Park,T038,B0082,SC12,2
S000197,2025-08-28,gRaNd Canyon National Park,T005,B0395,SC23,3
S000198,2025-08-18,redwood National Park,T002,B0323,SC16,2
S000199,2025-07-28,Zion National Park ,T075,B0150,SC12,5
S000200,2025-08-19,redwood National Park,T092,,SC08,2
S000201,2025-06-11,grand Canyon National Park,T086,B0193,SC19,3
S000202,2025-07-04,zion National Park,T038,B0268,SC30,1
S000203,2025-08-14,Zion National Park ,T073,,SC07,1
S000204,2025-07-19,Acadia National Park ,T066,B0057,SC30,2
S000205,2025-07-15,gRaNd Canyon National Park,T031,,SC03,2
S000206,2025-07-20,Glacier National Park ,T094,,SC25 - Mountain Goat,3
S000207,2025-06-30,gLaCiEr National Park,T021,B0164,SC16,2
S000208,2025-07-02,grand Canyon National Park,T103,B0356,SC14,3
S000209,2025-06-09,Redwood National Park ,T055,B0074,SC29,1
S000210,2025-08-12,zIoN National Park,T118,B0243,SC04,1
S000211,2025-08-27,redwood National Park,T041,,SC03,4
S000212,2025-07-07,rEdWoOd National Park,T108,B0308,SC28,2
S000213,2025-07-23,grand Canyon National Park,T002,B0213,SC08,1
S000214,2025-08-02,zion National Park,T011,B0225,SC13,2
S000215,2025-06-17,rEdWoOd National Park,T092,B0180,SC28,1
S000216,2025-06-06,Grand Canyon National Park ,T042,B0186,SC22,3
S000217,2025-07-13,Yellowstone National Park ,T047,B0238,SC25,4
S000218,2025-08-16,gRaNd Canyon National Park,T114,B0390,SC25 - Mountain Goat,4
S000219,2025-08-23,rEdWoOd National Park,T096,B0373,SC08,3
S000220,2025-08-07,Zion National Park ,T015,B0213,SC16,3
S000221,2025-08-16,zion National Park,T041,B0201,SC01,2
S000222,2025-07-20,zion National Park,T119,B0258,SC30,1
S000223,2025-08-01,gRaNd Canyon National Park,T039,B0393,SC30,6
S000224,2025-08-16,Glacier National Park ,T042,B0185,SC26,2
S000225,2025-07-24,gRaNd Canyon National Park,T059,B0091,SC08,1
S000226,2025-07-05,acadia National Park,T046,B0190,SC24,2
S000227,2025-08-09,Grand Canyon National Park ,T098,B0072,SC18,1
S000228,2025-08-20,grand Canyon National Park,T119,B0004,SC16,1
S000229,2025-07-06,Redwood National Park ,T007,B0029,SC15,2
S000230,2025-08-08,Glacier National Park ,T098,B0103,SC01,3
S000231,2025-06-27,gLaCiEr National Park,T064,B0163,SC06,3
S000232,2025-07-16,yellowstone National Park,T094,B0175,SC02,1
S000233,2025-06-18,aCaDiA National Park,T032,B0091,SC25,1
S000234,2025-07-22,yElLoWsToNe National Park,T087,B0341,SC03 - River Otter,2
S000235,2025-07-11,Yellowstone National Park ,T075,B0244,SC05,3
S000236,2025-08-25,Grand Canyon National Park ,T022,B0253,SC28,2
S000237,2025-08-08,zIoN National Park,T096,B0068,SC07,3
S000238,2025-08-22,Acadia National Park ,T082,B0366,SC04,3
S000239,2025-06-04,zIoN National Park,T096,B0335,SC11,4
S000240,2025-08-03,Grand Canyon National Park ,T046,B0337,SC27,2
S000241,2025-08-18,zion National Park,T073,B0211,SC03,3
S000242,2025-06-04,Acadia National Park ,T088,B0116,SC06,1
S000243,2025-07-20,gRaNd Canyon National Park,T020,B0127,SC28,2
S000244,2025-06-07,redwood National Park,T076,B0163,SC03,5
S000245,2025-08-26,Yellowstone National Park ,T018,B0352,SC29,3
S000246,2025-07-26,Acadia National Park ,T074,B0004,SC30,2
S000247,2025-08-11,glacier National Park,T112,B0168,SC21,1
S000248,2025-08-05,grand Canyon National Park,T003,B0142,SC11,1
S000249,2025-08-17,zion National Park,T106,B0013,SC21,2
S000250,2025-07-24,yellowstone National Park,T037,,SC24,2
S000251,2025-08-23,Grand Canyon National Park ,T038,,SC05,1
S000252,2025-08-08,glacier National Park,T030,B0108,SC03,2
S000253,2025-07-28,Redwood National Park ,T114,B0387,SC14,1
S000254,2025-08-20,grand Canyon National Park,T078,B0367,SC19,2
S000255,2025-07-07,zion National Park,T048,,SC12 - Elk,4
S000256,2025-08-15,yellowstone National Park,T090,B0387,SC29,1
S000257,2025-08-23,gRaNd Canyon National Park,T048,B0151,SC23,1
S000258,2025-08-12,zion National Park,T115,B0136,SC29,3
S000259,2025-08-03,redwood National Park,T017,B0128,SC13,5
S000260,2025-08-19,redwood National Park,T008,B0357,SC03 - River Otter,1
S000261,2025-07-31,glacier National Park,T010,B0208,SC26,2
S000262,2025-06-27,redwood National Park,T007,B0075,SC11,3
S000263,2025-06-04,acadia National Park,T070,B0001,SC21,3
S000264,2025-06-26,Glacier National Park ,T066,,SC14,1
S000265,2025-06-03,zIoN National Park,T038,B0335,SC12,1
S000266,2025-07-04,Acadia National Park ,T088,B0011,SC12 - Elk,3
S000267,2025-08-03,gLaCiEr National Park,T095,B0281,SC26,4
S000268,2025-08-26,Grand Canyon National Park ,T100,B0118,SC19,3
S000269,2025-06-26,yellowstone National Park,T107,B0027,SC03 - River Otter,5
S000270,2025-07-12,aCaDiA National Park,T084,B0042,sc07,1
S000271,2025-08-26,zion National Park,T002,B0146,SC04,1
S000272,2025-06-08,Acadia National Park ,T064,,SC04,2
S000273,2025-06-25,aCaDiA National Park,T081,B0217,Sc18,5
S000274,2025-08-01,Acadia National Park ,T088,B0325,SC07,1
S000275,2025-08-14,Zion National Park ,T004,B0377,SC12,2
S000276,2025-08-19,gLaCiEr National Park,T023,B0075,SC19,3
S000277,2025-07-29,Redwood National Park ,T120,B0317,SC09,1
S000278,2025-07-02,Glacier National Park ,T037,B0303,SC25 - Mountain Goat,1
S000279,2025-06-26,Acadia National Park ,T104,B0330,SC16,3
S000280,2025-08-26,aCaDiA National Park,T029,B0040,SC21,1
S000281,2025-07-07,redwood National Park,T049,B0395,SC30,3
S000282,2025-08-26,zIoN National Park,T067,B0117,SC14,3
S000283,2025-08-08,rEdWoOd National Park,T046,B0383,SC27,2
S000284,2025-08-09,yElLoWsToNe National Park,T084,,SC25 - Mountain Goat,2
S000285,2025-07-26,acadia National Park,T043,,SC26,3
S000286,2025-06-29,Glacier National Park ,T023,B0384,SC20,5
S000287,2025-07-07,yellowstone National Park,T107,B0081,SC26,4
S000288,2025-06-16,Yellowstone National Park ,T032,B0093,SC02,1
S000289,2025-08-20,Acadia National Park ,T054,B0128,SC12 - Elk,2
S000290,2025-07-16,glacier National Park,T112,B0124,SC22,2
S000291,2025-06-22,glacier National Park,T077,B0038,SC03,3
S000292,2025-06-03,aCaDiA National Park,T089,B0021,SC15,1
S000293,2025-06-22,Redwood National Park ,T020,,SC20,4
S000294,2025-06-30,Zion National Park ,T059,B0283,SC09,1
S000295,2025-06-05,zion National Park,T104,B0371,SC05,4
S000296,2025-06-22,Acadia National Park ,T037,B0042,SC23,1
S000297,2025-07-31,Yellowstone National Park ,T019,B0109,Sc18,1
S000298,2025-07-16,rEdWoOd National Park,T009,B0097,SC16,1
S000299,2025-07-20,acadia National Park,T068,,SC24,4
S000300,2025-08-11,rEdWoOd National Park,T003,B0090,SC09,3
S000301,2025-06-21,acadia National Park,T002,B0020,SC28,1
S000302,2025-06-21,glacier National Park,T027,,SC25 - Mountain Goat,1
S000303,2025-08-24,gRaNd Canyon National Park,T052,B0045,SC22,1
S000304,2025-08-18,acadia National Park,T040,B0147,SC15,5
S000305,2025-08-06,glacier National Park,T099,B0079,SC05,1
S000306,2025-07-18,yellowstone National Park,T059,B0035,SC03 - River Otter,2
S000307,2025-06-09,Grand Canyon National Park ,T024,B0082,SC12,1
S000308,2025-08-11,Redwood National Park ,T099,B0341,SC29,2
S000309,2025-06-23,aCaDiA National Park,T116,B0072,SC02,4
S000310,2025-07-09,aCaDiA National Park,T118,B0045,SC14,5
S000311,2025-06-14,yElLoWsToNe National Park,T037,B0196,SC27,4
S000312,2025-06-14,Redwood National Park ,T045,B0319,SC05,1
S000313,2025-06-25,glacier National Park,T074,,SC03,2
S000314,2025-06-15,Redwood National Park ,T069,B0155,SC10,2
S000315,2025-08-20,redwood National Park,T034,B0051,SC24,2
S000316,2025-06-07,Redwood National Park ,T007,,SC14,3
S000317,2025-06-29,Yellowstone National Park ,T009,,SC21,3
S000318,2025-07-21,yellowstone National Park,T080,B0001,SC24,1
S000319,2025-07-09,zion National Park,T081,B0279,SC03,1
S000320,2025-08-02,redwood National Park,T086,B0147,SC06,2
S000321,2025-06-05,glacier National Park,T077,,SC13,1
S000322,2025-07-18,grand Canyon National Park,T055,,SC08,3
S000323,2025-07-27,aCaDiA National Park,T035,B0173,SC24,2
S000324,2025-07-13,Redwood National Park ,T114,B0384,SC10,3
S000325,2025-08-07,zIoN National Park,T048,B0022,SC22,2
S000326,2025-08-23,yElLoWsToNe National Park,T070,B0020,SC24,1
S000327,2025-08-15,zion National Park,T113,B0051,SC26,1
S000328,2025-07-07,Yellowstone National Park ,T089,B0282,SC28,7
S000329,2025-08-03,yellowstone National Park,T079,B0371,SC23,2
S000330,2025-06-17,zIoN National Park,T108,B0065,SC12,3
S000331,2025-08-06,yellowstone National Park,T057,B0260,SC02,2
S000332,2025-08-14,grand Canyon National Park,T093,B0378,SC11,3
S000333,2025-06-09,Grand Canyon National Park ,T097,B0392,SC24,1
S000334,2025-07-11,Redwood National Park ,T095,B0102,Sc18,3
S000335,2025-06-03,Zion National Park ,T092,B0193,SC02,2
S000336,2025-07-14,acadia National Park,T102,B0143,SC07,3
S000337,2025-07-02,grand Canyon National Park,T022,B0353,SC05,1
S000338,2025-08-09,Yellowstone National Park ,T046,B0109,SC05,1
S000339,2025-08-10,glacier National Park,T105,,SC07,2
S000340,2025-08-12,Yellowstone National Park ,T108,,SC17,2
S000341,2025-07-10,redwood National Park,T042,B0360,SC13,2
S000342,2025-06-20,Redwood National Park ,T089,B0361,Sc18,4
S000343,2025-06-25,gRaNd Canyon National Park,T099,B0059,SC01,3
S000344,2025-07-14,zion National Park,T115,B0080,SC29,2
S000345,2025-07-31,gRaNd Canyon National Park,T085,B0065,SC19,3
S000346,2025-08-25,grand Canyon National Park,T113,B0372,SC09,2
S000347,2025-07-19,Grand Canyon National Park ,T021,B0397,SC27,1
S000348,2025-07-23,Yellowstone National Park ,T113,B0020,SC12 - Elk,4
S000349,2025-07-04,aCaDiA National Park,T050,B0303,SC01,2
S000350,2025-06-11,gLaCiEr National Park,T104,B0239,Sc18,2
S000351,2025-08-02,acadia National Park,T081,B0374,SC02,2
S000352,2025-07-29,aCaDiA National Park,T081,B0132,SC05,1
S000353,2025-06-20,Glacier National Park ,T049,B0082,SC13,3
S000354,2025-08-29,Acadia National Park ,T027,B0392,SC05,2
S000355,2025-06-22,yellowstone National Park,T024,B0276,SC10,5
S000356,2025-08-24,glacier National Park,T055,B0368,SC21,3
S000357,2025-06-24,yElLoWsToNe National Park,T077,B0351,SC29,2
S000358,2025-06-04,grand Canyon National Park,T105,B0013,SC08,2
S000359,2025-06-27,Acadia National Park ,T116,B0102,SC29,1
S000360,2025-06-23,acadia National Park,T003,B0130,sc07,1
S000361,2025-06-27,acadia National Park,T065,B0022,SC11,1
S000362,2025-08-25,yElLoWsToNe National Park,T005,B0243,SC24,1
S000363,2025-08-13,yellowstone National Park,T099,B0328,SC06,3
S000364,2025-08-06,acadia National Park,T012,B0186,SC10,4
S000365,2025-08-27,zIoN National Park,T089,B0356,SC28,1
S000366,2025-08-02,yElLoWsToNe National Park,T059,B0232,SC02,2
S000367,2025-08-15,Yellowstone National Park ,T062,B0005,SC26,5
S000368,2025-06-19,yElLoWsToNe National Park,T059,B0084,SC25 - Mountain Goat,1
S000369,2025-07-02,glacier National Park,T082,,SC25,4
S000370,2025-08-19,redwood National Park,T042,,SC27,2
S000371,2025-07-07,glacier National Park,T041,B0290,SC02,4
S000372,2025-07-01,zIoN National Park,T064,B0185,SC03,2
S000373,2025-06-16,glacier National Park,T047,,SC17,1
S000374,2025-06-16,Redwood National Park ,T018,B0266,SC19,2
S000375,2025-06-12,yElLoWsToNe National Park,T009,B0067,SC25,2
S000376,2025-08-13,aCaDiA National Park,T035,B0334,SC10,2
S000377,2025-07-06,yellowstone National Park,T052,B0214,SC01,2
S000378,2025-06-17,rEdWoOd National Park,T030,B0333,SC14,2
S000379,2025-07-20,Glacier National Park ,T069,B0381,SC29,3
S000380,2025-07-03,Zion National Park ,T082,B0265,SC15,4
S000381,2025-06-13,gLaCiEr National Park,T036,B0235,SC04,2
S000382,2025-08-18,zion National Park,T028,B0394,SC22,1
S000383,2025-06-12,zIoN National Park,T040,B0251,SC21,6
S000384,2025-08-03,aCaDiA National Park,T064,B0017,SC17,2
S000385,2025-06-30,Grand Canyon National Park ,T086,B0097,sc07,2
S000386,2025-07-06,redwood National Park,T077,B0281,sc07,2
S000387,2025-08-22,Yellowstone National Park ,T012,B0255,SC01,2
S000388,2025-06-17,Yellowstone National Park ,T017,B0212,SC29,1
S000389,2025-07-16,yellowstone National Park,T052,B0107,SC21,3
S000390,2025-06-22,Yellowstone National Park ,T095,B0172,SC24,1
S000391,2025-08-29,Glacier National Park ,T092,,SC09,3
S000392,2025-07-05,yellowstone National Park,T080,B0202,SC28,3
S000393,2025-07-23,redwood National Park,T071,B0016,SC25 - Mountain Goat,2
S000394,2025-08-14,zIoN National Park,T076,B0114,SC21,1
S000395,2025-07-24,acadia National Park,T017,,SC04,2
S000396,2025-06-18,Acadia National Park ,T006,B0160,SC22,2
S000397,2025-08-11,yellowstone National Park,T003,,SC03 - River Otter,1
S000398,2025-06-23,redwood National Park,T046,B0383,SC28,1
S000399,2025-07-18,zion National Park,T093,B0111,SC18,5
S000400,2025-06-04,rEdWoOd National Park,T065,,SC07,3
S000401,2025-08-17,Grand Canyon National Park ,T083,B0348,SC05,1
S000402,2025-08-13,acadia National Park,T091,B0234,SC20,5
S000403,2025-08-29,aCaDiA National Park,T053,B0115,SC04,3
S000404,2025-06-15,redwood National Park,T093,,SC15,5
S000405,2025-08-17,gRaNd Canyon National Park,T105,B0264,sc07,1
S000406,2025-07-12,glacier National Park,T105,B0065,SC19,3
S000407,2025-08-12,grand Canyon National Park,T073,B0044,SC11,1
S000408,2025-08-24,glacier National Park,T039,B0265,SC07,3
S000409,2025-07-01,glacier National Park,T059,B0111,SC25,3
S000410,2025-06-21,yellowstone National Park,T012,B0382,SC03,3
S000411,2025-08-20,gRaNd Canyon National Park,T097,B0051,SC05,2
S000412,2025-08-29,zIoN National Park,T059,B0400,SC20,3
S000413,2025-08-07,zIoN National Park,T018,B0199,SC01,3
S000414,2025-08-25,Redwood National Park ,T027,B0232,SC05,5
S000415,2025-06-06,aCaDiA National Park,T054,B0086,SC03 - River Otter,2
S000416,2025-07-26,redwood National Park,T016,B0361,SC22,1
S000417,2025-06-09,Yellowstone National Park ,T033,B0312,SC04,1
S000418,2025-06-14,aCaDiA National Park,T100,B0255,SC27,5
S000419,2025-07-19,grand Canyon National Park,T082,B0335,SC03 - River Otter,2
S000420,2025-07-10,Yellowstone National Park ,T064,B0048,SC05,3
S000421,2025-07-19,zIoN National Park,T063,B0178,SC18,4
S000422,2025-06-30,aCaDiA National Park,T016,,SC16,1
S000423,2025-06-13,yElLoWsToNe National Park,T039,B0058,SC15,3
S000424,2025-07-28,yellowstone National Park,T076,B0016,SC22,1
S000425,2025-07-11,Grand Canyon National Park ,T013,B0293,SC23,1
S000426,2025-06-12,glacier National Park,T072,B0094,SC05,6
S000427,2025-08-05,Yellowstone National Park ,T110,B0208,SC14,2
S000428,2025-08-25,Grand Canyon National Park ,T080,,SC21,2
S000429,2025-07-12,zion National Park,T009,,SC25,3
S000430,2025-06-02,zion National Park,T108,B0156,SC21,1
S000431,2025-06-13,grand Canyon National Park,T049,B0340,SC20,2
S000432,2025-08-29,gLaCiEr National Park,T015,B0075,SC20,1
S000433,2025-06-07,Zion National Park ,T043,B0387,Sc18,1
S000434,2025-07-18,yElLoWsToNe National Park,T065,B0283,SC20,2
S000435,2025-06-11,acadia National Park,T030,B0292,SC03,1
S000436,2025-07-25,glacier National Park,T010,B0299,SC25,6
S000437,2025-06-26,yellowstone National Park,T069,B0386,SC10,6
S000438,2025-08-23,Redwood National Park ,T022,B0306,SC30,1
S000439,2025-08-26,zIoN National Park,T097,B0069,SC03,2
S000440,2025-08-21,acadia National Park,T105,,SC26,2
S000441,2025-07-19,yElLoWsToNe National Park,T066,B0075,SC16,5
S000442,2025-07-09,Acadia National Park ,T087,B0298,SC30,1
S000443,2025-07-25,acadia National Park,T021,B0293,SC08,1
S000444,2025-08-10,Redwood National Park ,T053,B0306,SC26,1
S000445,2025-08-20,grand Canyon National Park,T091,B0068,SC09,2
S000446,2025-07-27,Acadia National Park ,T114,B0098,SC25,2
S000447,2025-08-17,aCaDiA National Park,T099,B0047,SC12,3
S000448,2025-06-15,Grand Canyon National Park ,T063,B0136,SC10,2
S000449,2025-06-02,Yellowstone National Park ,T045,B0362,SC19,1
S000450,2025-07-01,gRaNd Canyon National Park,T014,B0399,SC19,4
S000451,2025-08-21,redwood National Park,T039,B0372,SC07,6
S000452,2025-07-30,grand Canyon National Park,T097,B0395,SC24,1
S000453,2025-08-04,Yellowstone National Park ,T087,B0342,SC17,1
S000454,2025-08-23,rEdWoOd National Park,T055,B0307,SC14,2
S000455,2025-06-29,zIoN National Park,T055,B0131,SC04,4
S000456,2025-06-06,Grand Canyon National Park ,T076,B0250,SC25 - Mountain Goat,2
S000457,2025-06-21,yellowstone National Park,T074,B0394,SC27,1
S000458,2025-08-23,aCaDiA National Park,T081,B0156,SC05,2
S000459,2025-07-11,gRaNd Canyon National Park,T110,B0328,SC03 - River Otter,2
S000460,2025-08-05,yellowstone National Park,T007,B0206,SC25 - Mountain Goat,4
S000461,2025-07-29,Grand Canyon National Park ,T015,B0046,SC17,2
S000462,2025-07-16,yellowstone National Park,T066,B0153,SC17,2
S000463,2025-08-19,yellowstone National Park,T085,B0397,SC25,7
S000464,2025-06-16,Acadia National Park ,T082,B0029,SC21,1
S000465,2025-07-24,rEdWoOd National Park,T013,B0007,SC14,2
S000466,2025-08-21,yellowstone National Park,T071,B0321,SC08,7
S000467,2025-06-10,redwood National Park,T056,B0163,SC20,3
S000468,2025-06-26,acadia National Park,T045,B0274,SC25 - Mountain Goat,3
S000469,2025-07-04,gLaCiEr National Park,T015,B0038,SC03 - River Otter,2
S000470,2025-06-03,gRaNd Canyon National Park,T088,B0145,SC11,3
S000471,2025-07-09,glacier National Park,T043,B0215,SC04,2
S000472,2025-06-01,Acadia National Park ,T013,B0371,SC03 - River Otter,1
S000473,2025-08-04,Grand Canyon National Park ,T100,B0343,SC20,2
S000474,2025-06-09,grand Canyon National Park,T024,B0043,SC03,1
S000475,2025-06-07,Glacier National Park ,T017,,SC11,1
S000476,2025-08-21,Acadia National Park ,T050,,SC28,2
S000477,2025-08-25,redwood National Park,T061,B0040,SC03,1
S000478,2025-06-08,zion National Park,T084,B0261,SC15,1
S000479,2025-06-05,Acadia National Park ,T084,B0304,SC04,5
S000480,2025-08-09,Yellowstone National Park ,T036,,SC30,3
S000481,2025-07-31,Yellowstone National Park ,T070,B0060,SC04,1
S000482,2025-07-18,Zion National Park ,T110,B0326,Sc18,2
S000483,2025-08-02,zion National Park,T052,B0387,SC20,4
S000484,2025-07-01,acadia National Park,T021,B0280,SC15,3
S000485,2025-07-20,Acadia National Park ,T066,B0176,SC13,3
S000486,2025-06-06,glacier National Park,T072,B0270,SC25,3
S000487,2025-08-28,gRaNd Canyon National Park,T091,B0107,SC19,1
S000488,2025-08-01,glacier National Park,T030,,SC13,4
S000489,2025-06-01,zIoN National Park,T032,B0075,SC19,2
S000490,2025-07-10,zion National Park,T017,B0091,SC19,2
S000491,2025-06-17,rEdWoOd National Park,T095,B0113,SC11,1
S000492,2025-08-20,yElLoWsToNe National Park,T049,,SC03 - River Otter,2
S000493,2025-07-27,grand Canyon National Park,T052,B0215,SC27,2
S000494,2025-08-16,Yellowstone National Park ,T115,B0074,SC15,1
S000495,2025-08-26,redwood National Park,T118,B0363,SC22,1
S000496,2025-08-07,redwood National Park,T047,B0180,SC18,4
S000497,2025-08-24,yElLoWsToNe National Park,T009,B0286,SC29,1
S000498,2025-06-05,Acadia National Park ,T028,B0093,SC12,2
S000499,2025-06-07,zion National Park,T082,B0196,SC16,2
S000500,2025-07-08,yElLoWsToNe National Park,T089,B0219,SC23,1
S000501,2025-08-18,acadia National Park,T033,B0377,SC13,4
S000502,2025-06-07,Glacier National Park ,T088,B0337,sc07,3
S000503,2025-06-08,Acadia National Park ,T022,,SC19,4
S000504,2025-06-07,grand Canyon National Park,T061,B0001,SC13,3
S000505,2025-07-18,glacier National Park,T057,B0041,SC12 - Elk,2
S000506,2025-07-23,Grand Canyon National Park ,T014,B0215,SC22,2
S000507,2025-07-04,zIoN National Park,T036,B0032,SC30,3
S000508,2025-07-17,zion National Park,T029,B0012,SC03,2
S000509,2025-08-15,zion National Park,T050,B0060,SC09,1
S000510,2025-06-25,glacier National Park,T003,B0068,SC23,5
S000511,2025-07-19,rEdWoOd National Park,T076,,SC04,1
S000512,2025-07-29,zIoN National Park,T038,B0096,SC29,2
S000513,2025-06-16,zIoN National Park,T061,B0059,SC15,4
S000514,2025-08-19,rEdWoOd National Park,T029,B0154,SC25 - Mountain Goat,1
S000515,2025-08-19,redwood National Park,T016,B0295,SC23,1
S000516,2025-08-05,Yellowstone National Park ,T025,B0270,SC04,1
S000517,2025-06-08,Zion National Park ,T052,B0166,SC13,5
S000518,2025-06-30,grand Canyon National Park,T013,B0269,SC20,1
S000519,2025-06-27,grand Canyon National Park,T092,B0123,SC11,1
S000520,2025-06-28,redwood National Park,T070,B0016,SC06,2
S000521,2025-07-18,glacier National Park,T010,B0267,SC30,1
S000522,2025-07-17,rEdWoOd National Park,T097,B0057,SC17,5
S000523,2025-07-23,zIoN National Park,T019,B0099,SC21,1
S000524,2025-08-18,Grand Canyon National Park ,T076,B0347,SC19,1
S000525,2025-06-04,Acadia National Park ,T085,B0100,SC13,5
S000526,2025-06-28,rEdWoOd National Park,T012,B0208,SC27,3
S000527,2025-06-17,aCaDiA National Park,T002,B0021,SC08,4
S000528,2025-07-30,zion National Park,T045,B0048,SC30,1
S000529,2025-08-16,grand Canyon National Park,T079,B0297,SC24,1
S000530,2025-08-20,Zion National Park ,T076,B0246,SC02,1
S000531,2025-07-24,rEdWoOd National Park,T071,B0366,SC24,1
S000532,2025-08-11,Acadia National Park ,T050,B0191,SC14,2
S000533,2025-08-11,Redwood National Park ,T037,,SC29,2
S000534,2025-08-17,Yellowstone National Park ,T075,,SC12,1
S000535,2025-08-15,zIoN National Park,T018,B0025,SC27,3
S000536,2025-06-19,redwood National Park,T007,B0309,SC03,3
S000537,2025-06-10,yElLoWsToNe National Park,T116,B0093,SC20,3
S000538,2025-07-15,rEdWoOd National Park,T059,B0041,SC04,2
S000539,2025-06-10,Yellowstone National Park ,T078,B0039,SC30,2
S000540,2025-06-03,zIoN National Park,T069,B0302,SC10,3
S000541,2025-08-08,rEdWoOd National Park,T066,B0283,SC27,1
S000542,2025-06-03,Yellowstone National Park ,T074,B0283,SC26,2
S000543,2025-08-28,Yellowstone National Park ,T032,B0014,SC10,1
S000544,2025-08-09,acadia National Park,T079,B0399,SC13,3
S000545,2025-08-06,redwood National Park,T062,B0202,Sc18,3
S000546,2025-07-20,Glacier National Park ,T086,B0058,SC17,1
S000547,2025-08-12,yElLoWsToNe National Park,T074,B0124,SC04,1
S000548,2025-08-06,gRaNd Canyon National Park,T021,B0277,SC30,2
S000549,2025-06-25,Yellowstone National Park ,T021,B0264,SC25,3
S000550,2025-08-28,Zion National Park ,T005,B0184,SC25,1
S000551,2025-07-20,Yellowstone National Park ,T010,B0130,SC06,4
S000552,2025-07-17,yellowstone National Park,T079,B0362,SC17,2
S000553,2025-07-09,rEdWoOd National Park,T043,B0013,SC10,4
S000554,2025-07-23,gRaNd Canyon National Park,T085,B0310,SC25,1
S000555,2025-08-14,zion National Park,T103,B0240,SC08,3
S000556,2025-08-29,rEdWoOd National Park,T074,B0132,SC12 - Elk,6
S000557,2025-08-11,Acadia National Park ,T120,B0362,SC08,1
S000558,2025-06-24,yellowstone National Park,T073,B0224,SC22,1
S000559,2025-06-20,Glacier National Park ,T099,B0154,SC16,4
S000560,2025-06-03,aCaDiA National Park,T112,B0270,sc07,3
S000561,2025-08-13,zIoN National Park,T089,B0283,SC24,1
S000562,2025-07-08,zIoN National Park,T032,B0194,SC16,2
S000563,2025-07-14,redwood National Park,T100,B0029,SC15,4
S000564,2025-08-25,Yellowstone National Park ,T047,B0289,SC11,2
S000565,2025-07-24,zion National Park,T099,B0202,SC27,2
S000566,2025-07-18,Redwood National Park ,T024,B0047,SC11,2
S000567,2025-06-09,yellowstone National Park,T026,,SC26,4
S000568,2025-07-02,Glacier National Park ,T096,B0216,SC07,1
S000569,2025-06-28,yellowstone National Park,T062,B0068,SC25,5
S000570,2025-08-06,aCaDiA National Park,T105,B0055,SC29,1
S000571,2025-08-25,zIoN National Park,T033,B0205,SC25,2
S000572,2025-08-28,zIoN National Park,T008,,SC09,1
S000573,2025-08-07,Glacier National Park ,T018,B0260,SC26,2
S000574,2025-07-25,yellowstone National Park,T065,B0295,SC21,4
S000575,2025-06-23,zion National Park,T064,B0386,SC08,1
S000576,2025-06-30,glacier National Park,T061,B0144,sc07,5
S000577,2025-07-12,grand Canyon National Park,T061,,SC22,1
S000578,2025-07-06,Zion National Park ,T036,B0204,SC22,2
S000579,2025-06-26,zion National Park,T005,B0378,SC08,6
S000580,2025-07-01,Glacier National Park ,T120,B0006,SC05,1
S000581,2025-06-09,acadia National Park,T051,B0196,SC15,2
S000582,2025-06-23,grand Canyon National Park,T051,B0030,SC29,2
S000583,2025-08-10,gLaCiEr National Park,T031,B0365,SC11,1
S000584,2025-08-09,Acadia National Park ,T120,B0375,SC27,1
S000585,2025-08-01,aCaDiA National Park,T118,B0103,SC01,3
S000586,2025-08-27,glacier National Park,T036,B0125,SC28,1
S000587,2025-07-03,yElLoWsToNe National Park,T077,B0316,SC30,3
S000588,2025-07-14,yElLoWsToNe National Park,T105,B0119,SC01,1
S000589,2025-07-16,zion National Park,T001,B0009,SC20,1
S000590,2025-07-31,Glacier National Park ,T056,B0291,SC17,2
S000591,2025-07-13,yellowstone National Park,T074,B0099,SC29,1
S000592,2025-06-05,Glacier National Park ,T041,B0090,SC13,1
S000593,2025-08-20,Yellowstone National Park ,T061,B0159,SC13,1
S000594,2025-06-03,yElLoWsToNe National Park,T035,B0181,SC09,2
S000595,2025-08-09,redwood National Park,T097,B0378,SC05,2
S000596,2025-07-18,yElLoWsToNe National Park,T085,B0061,SC14,1
S000597,2025-07-26,yElLoWsToNe National Park,T083,B0011,SC18,1
S000598,2025-06-23,acadia National Park,T029,,SC26,2
S000599,2025-06-25,acadia National Park,T009,,SC23,1
S000600,2025-08-24,acadia National Park,T103,B0047,SC27,5
S000601,2025-08-24,aCaDiA National Park,T073,B0051,SC13,4
S000602,2025-07-19,Redwood National Park ,T113,B0180,SC28,3
S000603,2025-08-22,yElLoWsToNe National Park,T005,B0315,SC04,3
S000604,2025-08-05,zion National Park,T020,,SC30,1
S000605,2025-08-18,Redwood National Park ,T003,B0035,SC06,2
S000606,2025-08-01,Acadia National Park ,T025,B0310,SC13,2
S000607,2025-08-28,redwood National Park,T107,B0230,SC01,2
S000608,2025-08-09,yellowstone National Park,T109,,SC14,4
S000609,2025-07-03,Zion National Park ,T057,,SC03,2
S000610,2025-08-08,Acadia National Park ,T005,B0015,SC25,3
S000611,2025-06-21,Redwood National Park ,T013,B0018,SC15,3
S000612,2025-08-03,Glacier National Park ,T040,B0097,SC23,5
S000613,2025-07-02,zion National Park,T010,B0400,SC24,1
S000614,2025-07-19,glacier National Park,T056,B0334,SC18,2
S000615,2025-07-03,yellowstone National Park,T005,B0332,SC05,1
S000616,2025-08-14,Glacier National Park ,T057,B0168,SC09,1
S000617,2025-07-20,yellowstone National Park,T091,B0398,SC12 - Elk,1
S000618,2025-07-23,gRaNd Canyon National Park,T077,B0164,SC19,1
S000619,2025-06-28,zion National Park,T039,B0077,SC05,3
S000620,2025-06-24,redwood National Park,T087,B0006,SC26,1
S000621,2025-06-11,yellowstone National Park,T049,B0043,SC21,2
S000622,2025-08-21,Grand Canyon National Park ,T090,B0007,sc07,2
S000623,2025-08-25,yellowstone National Park,T109,B0268,SC09,4
S000624,2025-07-09,grand Canyon National Park,T008,B0203,SC05,3
S000625,2025-06-09,glacier National Park,T116,B0311,SC16,2
S000626,2025-06-11,Grand Canyon National Park ,T039,B0269,SC08,1
S000627,2025-06-04,yElLoWsToNe National Park,T087,B0352,Sc18,1
S000628,2025-07-28,Glacier National Park ,T092,B0215,SC21,2
S000629,2025-07-01,redwood National Park,T016,B0092,SC25 - Mountain Goat,3
S000630,2025-07-26,gLaCiEr National Park,T111,B0291,SC19,1
S000631,2025-08-06,Yellowstone National Park ,T026,B0179,SC25,3
S000632,2025-06-01,grand Canyon National Park,T025,B0111,sc07,1
S000633,2025-07-20,gRaNd Canyon National Park,T085,B0130,SC03 - River Otter,2
S000634,2025-07-08,gRaNd Canyon National Park,T038,B0096,Sc18,1
S000635,2025-08-25,rEdWoOd National Park,T084,,SC05,2
S000636,2025-07-04,zIoN National Park,T009,B0171,SC02,3
S000637,2025-08-27,redwood National Park,T106,B0386,SC05,6
S000638,2025-06-06,glacier National Park,T059,B0345,SC21,1
S000639,2025-06-20,Acadia National Park ,T118,B0226,SC24,2
S000640,2025-06-03,Glacier National Park ,T120,B0215,SC13,3
S000641,2025-06-27,Grand Canyon National Park ,T014,B0240,SC08,3
S000642,2025-06-06,acadia National Park,T006,B0320,SC27,1
S000643,2025-07-25,zion National Park,T117,B0064,SC25,2
S000644,2025-06-12,aCaDiA National Park,T041,B0120,SC17,1
S000645,2025-08-01,gLaCiEr National Park,T052,B0039,SC12 - Elk,4
S000646,2025-07-18,redwood National Park,T037,B0292,SC09,1
S000647,2025-07-09,zIoN National Park,T095,B0144,SC24,6
S000648,2025-07-17,redwood National Park,T059,,SC06,1
S000649,2025-06-21,rEdWoOd National Park,T119,B0089,SC15,2
S000650,2025-06-04,grand Canyon National Park,T100,B0245,SC03,1
S000651,2025-07-27,gRaNd Canyon National Park,T039,B0186,SC06,2
S000652,2025-08-08,yElLoWsToNe National Park,T088,B0282,SC22,5
S000653,2025-08-01,glacier National Park,T069,,SC29,7
S000654,2025-06-07,gRaNd Canyon National Park,T003,B0248,SC12,1
S000655,2025-06-24,yellowstone National Park,T084,B0289,SC03 - River Otter,3
S000656,2025-08-19,Redwood National Park ,T018,B0364,SC16,1
S000657,2025-07-19,Zion National Park ,T083,,SC14,1
S000658,2025-07-07,yellowstone National Park,T116,B0365,SC23,2
S000659,2025-06-08,acadia National Park,T075,,Sc18,5
S000660,2025-07-18,Acadia National Park ,T013,B0230,SC25,1
S000661,2025-06-07,Yellowstone National Park ,T055,B0253,SC23,1
S000662,2025-06-12,redwood National Park,T055,B0125,SC28,1
S000663,2025-08-09,Glacier National Park ,T034,B0003,SC10,2
S000664,2025-08-28,gLaCiEr National Park,T012,B0289,SC20,4
S000665,2025-06-30,yElLoWsToNe National Park,T021,B0160,SC11,5
S000666,2025-08-14,Glacier National Park ,T084,B0106,SC18,1
S000667,2025-08-01,zion National Park,T020,,SC12,1
S000668,2025-06-30,redwood National Park,T103,,SC18,1
S000669,2025-07-22,glacier National Park,T020,B0022,SC13,1
S000670,2025-07-13,zion National Park,T057,B0206,SC16,2
S000671,2025-07-23,Redwood National Park ,T045,B0326,SC26,1
S000672,2025-07-25,redwood National Park,T115,B0174,SC26,2
S000673,2025-08-29,gLaCiEr National Park,T103,B0135,SC23,4
S000674,2025-08-14,zion National Park,T031,B0216,SC17,3
S000675,2025-06-23,zIoN National Park,T115,B0377,SC16,2
S000676,2025-06-17,aCaDiA National Park,T003,B0278,SC05,3
S000677,2025-08-20,aCaDiA National Park,T023,B0076,SC17,1
S000678,2025-08-20,glacier National Park,T047,,SC20,2
S000679,2025-08-16,grand Canyon National Park,T081,B0270,SC17,5
S000680,2025-08-07,acadia National Park,T071,B0183,SC19,3
S000681,2025-07-21,Acadia National Park ,T020,B0215,SC23,2
S000682,2025-06-27,aCaDiA National Park,T110,B0271,SC26,2
S000683,2025-08-01,Yellowstone National Park ,T032,B0075,SC07,1
S000684,2025-07-08,Acadia National Park ,T036,B0270,SC11,2
S000685,2025-08-29,Redwood National Park ,T035,,SC12 - Elk,3
S000686,2025-08-26,yellowstone National Park,T113,B0289,SC01,4
S000687,2025-06-09,redwood National Park,T018,B0184,SC26,1
S000688,2025-08-05,acadia National Park,T014,B0102,SC15,3
S000689,2025-07-02,Grand Canyon National Park ,T082,,SC19,2
S000690,2025-07-12,Acadia National Park ,T096,,SC15,3
S000691,2025-07-17,Grand Canyon National Park ,T076,B0249,SC25,3
S000692,2025-07-01,gRaNd Canyon National Park,T008,B0172,SC16,3
S000693,2025-06-05,aCaDiA National Park,T104,B0391,SC28,1
S000694,2025-07-27,Glacier National Park ,T016,B0387,SC07,3
S000695,2025-07-19,gRaNd Canyon National Park,T105,B0212,SC08,2
S000696,2025-07-28,zion National Park,T030,B0320,SC30,3
S000697,2025-07-20,glacier National Park,T080,B0174,SC27,1
S000698,2025-06-10,Grand Canyon National Park ,T018,B0356,SC18,4
S000699,2025-06-27,acadia National Park,T005,B0019,SC18,4
S000700,2025-06-30,Zion National Park ,T032,B0282,SC06,1
S000701,2025-07-23,grand Canyon National Park,T053,B0109,SC17,2
S000702,2025-06-20,yellowstone National Park,T079,B0068,SC12 - Elk,1
S000703,2025-08-08,zIoN National Park,T035,B0302,SC20,1
S000704,2025-07-12,Acadia National Park ,T055,B0236,SC17,2
S000705,2025-08-19,Acadia National Park ,T052,B0341,SC09,1
S000706,2025-06-16,gLaCiEr National Park,T022,B0032,SC14,1
S000707,2025-06-25,Glacier National Park ,T076,B0047,SC27,2
S000708,2025-06-30,rEdWoOd National Park,T001,B0093,SC21,3
S000709,2025-06-02,acadia National Park,T055,B0195,SC10,1
S000710,2025-07-29,Grand Canyon National Park ,T072,B0366,SC16,5
S000711,2025-06-20,yElLoWsToNe National Park,T021,B0070,SC25,1
S000712,2025-07-17,rEdWoOd National Park,T022,,SC03,3
S000713,2025-08-22,zion National Park,T014,B0223,SC02,4
S000714,2025-08-07,redwood National Park,T009,B0186,SC28,1
S000715,2025-07-03,Glacier National Park ,T084,B0031,SC19,2
S000716,2025-08-28,Grand Canyon National Park ,T080,,SC07,2
S000717,2025-06-01,acadia National Park,T116,B0311,SC26,1
S000718,2025-07-27,redwood National Park,T018,B0132,SC15,1
S000719,2025-08-19,aCaDiA National Park,T082,B0117,SC01,2
S000720,2025-06-25,acadia National Park,T039,B0303,SC29,2
S000721,2025-08-14,redwood National Park,T039,B0112,SC18,4
S000722,2025-08-27,Glacier National Park ,T063,B0121,SC22,4
S000723,2025-07-05,Zion National Park ,T088,B0327,SC06,2
S000724,2025-06-21,Glacier National Park ,T086,B0167,SC11,1
S000725,2025-07-26,Redwood National Park ,T111,,SC17,4
S000726,2025-07-23,Acadia National Park ,T070,B0007,SC20,2
S000727,2025-08-07,redwood National Park,T112,B0280,SC03 - River Otter,6
S000728,2025-06-14,zion National Park,T038,B0367,SC13,1
S000729,2025-07-03,Redwood National Park ,T051,,SC14,4
S000730,2025-06-16,acadia National Park,T100,B0299,SC22,2
S000731,2025-08-05,aCaDiA National Park,T001,B0054,SC20,1
S000732,2025-07-03,yellowstone National Park,T108,B0250,SC04,1
S000733,2025-06-02,Redwood National Park ,T013,B0389,SC27,2
S000734,2025-08-26,acadia National Park,T004,B0216,SC29,1
S000735,2025-08-01,gRaNd Canyon National Park,T030,B0171,SC05,4
S000736,2025-06-02,grand Canyon National Park,T023,B0006,SC09,3
S000737,2025-08-25,Grand Canyon National Park ,T110,B0358,SC27,1
S000738,2025-06-15,Redwood National Park ,T013,B0181,SC28,3
S000739,2025-06-09,Grand Canyon National Park ,T015,B0209,SC12,1
S000740,2025-06-20,gLaCiEr National Park,T059,B0268,SC23,1
S000741,2025-06-04,gRaNd Canyon National Park,T090,B0251,SC11,3
S000742,2025-08-13,Redwood National Park ,T065,B0172,SC27,4
S000743,2025-06-24,rEdWoOd National Park,T040,B0099,SC20,1
S000744,2025-07-14,rEdWoOd National Park,T058,,SC20,3
S000745,2025-08-05,acadia National Park,T075,B0175,SC14,3
S000746,2025-07-18,glacier National Park,T115,B0355,SC12 - Elk,2
S000747,2025-06-24,rEdWoOd National Park,T046,,SC16,4
S000748,2025-07-26,grand Canyon National Park,T073,B0093,SC04,1
S000749,2025-07-30,rEdWoOd National Park,T004,,SC03,5
S000750,2025-08-22,Grand Canyon National Park ,T062,B0118,SC08,1
S000751,2025-06-28,redwood National Park,T019,,SC10,4
S000752,2025-06-11,yellowstone National Park,T109,B0165,SC21,1
S000753,2025-07-02,Acadia National Park ,T069,B0252,SC27,5
S000754,2025-07-27,Zion National Park ,T030,B0186,SC27,2
S000755,2025-08-24,gLaCiEr National Park,T048,B0256,SC26,1
S000756,2025-06-04,glacier National Park,T042,,SC02,1
S000757,2025-07-23,zion National Park,T002,B0061,SC01,3
S000758,2025-07-10,Zion National Park ,T065,B0215,SC10,1
S000759,2025-07-25,zIoN National Park,T118,B0116,SC20,1
S000760,2025-07-24,Redwood National Park ,T012,,SC05,3
S000761,2025-08-17,rEdWoOd National Park,T115,B0007,SC07,2
S000762,2025-06-08,aCaDiA National Park,T083,B0349,SC19,2
S000763,2025-06-27,rEdWoOd National Park,T066,B0252,SC20,3
S000764,2025-07-30,grand Canyon National Park,T030,B0060,SC10,1
S000765,2025-07-17,Yellowstone National Park ,T070,B0233,SC13,4
S000766,2025-08-01,acadia National Park,T007,B0326,SC25,2
S000767,2025-08-28,acadia National Park,T015,B0307,SC27,1
S000768,2025-07-19,zion National Park,T079,B0384,SC13,7
S000769,2025-06-18,Yellowstone National Park ,T054,B0208,SC23,1
S000770,2025-06-30,glacier National Park,T114,B0285,SC18,4
S000771,2025-06-30,acadia National Park,T034,B0254,SC25,2
S000772,2025-06-22,yellowstone National Park,T012,B0037,SC20,2
S000773,2025-08-15,Glacier National Park ,T044,B0054,SC27,3
S000774,2025-07-26,gLaCiEr National Park,T083,B0357,SC05,1
S000775,2025-07-18,gRaNd Canyon National Park,T076,B0386,SC11,2
S000776,2025-08-10,glacier National Park,T112,B0183,SC30,2
S000777,2025-08-09,Yellowstone National Park ,T081,B0266,SC02,1
S000778,2025-08-13,acadia National Park,T061,B0312,SC17,3
S000779,2025-06-11,yElLoWsToNe National Park,T007,B0086,SC17,5
S000780,2025-08-17,gRaNd Canyon National Park,T082,B0315,SC23,5
S000781,2025-07-25,zIoN National Park,T072,,SC26,6
S000782,2025-08-05,Acadia National Park ,T119,B0022,SC25 - Mountain Goat,1
S000783,2025-07-06,zIoN National Park,T110,B0224,SC12,3
S000784,2025-06-06,grand Canyon National Park,T057,B0099,SC27,1
S000785,2025-06-05,Acadia National Park ,T073,B0140,SC10,3
S000786,2025-06-12,glacier National Park,T060,B0245,SC06,1
S000787,2025-08-02,Zion National Park ,T079,B0188,SC17,1
S000788,2025-07-21,acadia National Park,T049,B0091,SC01,2
S000789,2025-07-19,gLaCiEr National Park,T088,B0071,SC24,2
S000790,2025-06-19,zion National Park,T021,,SC03 - River Otter,4
S000791,2025-06-10,zion National Park,T064,B0137,SC12,4
S000792,2025-06-05,Acadia National Park ,T060,B0400,SC03,1
S000793,2025-06-28,Zion National Park ,T056,,SC19,1
S000794,2025-08-01,redwood National Park,T065,B0162,SC26,1
S000795,2025-07-19,Zion National Park ,T004,B0173,SC26,2
S000796,2025-06-26,Grand Canyon National Park ,T036,B0307,SC19,1
S000797,2025-06-03,yellowstone National Park,T081,B0169,SC28,1
S000798,2025-07-12,rEdWoOd National Park,T014,B0010,SC14,6
S000799,2025-06-17,redwood National Park,T117,B0122,SC24,2
S000800,2025-07-30,yElLoWsToNe National Park,T068,B0046,SC08,1
S000801,2025-08-05,rEdWoOd National Park,T059,B0159,SC15,3
S000802,2025-07-15,Yellowstone National Park ,T103,B0348,SC12 - Elk,2
S000803,2025-07-01,Glacier National Park ,T116,,SC10,3
S000804,2025-08-09,gRaNd Canyon National Park,T069,B0168,SC06,3
S000805,2025-07-17,zion National Park,T055,B0053,SC17,4
S000806,2025-07-09,aCaDiA National Park,T093,B0101,SC12,1
S000807,2025-08-15,acadia National Park,T089,B0346,SC20,1
S000808,2025-08-07,Yellowstone National Park ,T086,B0293,SC16,4
S000809,2025-07-29,Glacier National Park ,T070,,SC17,3
S000810,2025-07-04,Yellowstone National Park ,T106,B0394,SC24,4
S000811,2025-07-29,Acadia National Park ,T090,B0127,SC25,6
S000812,2025-08-03,Acadia National Park ,T054,,sc07,2
S000813,2025-08-28,Zion National Park ,T044,,SC09,1
S000814,2025-07-23,acadia National Park,T008,B0026,SC12,2
S000815,2025-06-15,yellowstone National Park,T103,B0390,SC11,3
S000816,2025-07-23,Acadia National Park ,T059,B0248,SC21,1
S000817,2025-07-20,yellowstone National Park,T107,B0216,SC05,3
S000818,2025-08-21,Yellowstone National Park ,T109,B0112,SC24,2
S000819,2025-07-03,acadia National Park,T057,B0093,SC03,2
S000820,2025-08-05,yElLoWsToNe National Park,T064,B0063,SC11,2
S000821,2025-07-07,rEdWoOd National Park,T050,B0228,SC12,3
S000822,2025-08-03,yElLoWsToNe National Park,T040,B0125,SC26,3
S000823,2025-07-19,Acadia National Park ,T092,B0215,SC30,1
S000824,2025-06-25,Zion National Park ,T080,B0377,SC05,1
S000825,2025-06-26,Grand Canyon National Park ,T030,,SC25,4
S000826,2025-06-21,Yellowstone National Park ,T107,B0295,SC03 - River Otter,1
S000827,2025-06-22,redwood National Park,T041,B0299,SC29,2
S000828,2025-08-25,glacier National Park,T045,B0067,SC09,1
S000829,2025-06-15,Acadia National Park ,T047,B0049,SC19,5
S000830,2025-06-27,zIoN National Park,T034,B0147,SC21,1
S000831,2025-08-17,Redwood National Park ,T025,B0069,SC06,3
S000832,2025-07-24,yElLoWsToNe National Park,T051,B0034,SC10,3
S000833,2025-06-01,aCaDiA National Park,T021,B0370,SC12,1
S000834,2025-06-12,rEdWoOd National Park,T086,B0387,SC23,2
S000835,2025-07-20,gRaNd Canyon National Park,T090,,SC14,3
S000836,2025-08-05,Yellowstone National Park ,T089,B0242,SC26,5
S000837,2025-06-09,yellowstone National Park,T064,B0013,SC05,1
S000838,2025-07-12,acadia National Park,T093,B0078,SC21,3
S000839,2025-08-29,Glacier National Park ,T040,B0230,SC17,2
S000840,2025-08-14,Redwood National Park ,T001,B0106,SC29,5
S000841,2025-08-28,gLaCiEr National Park,T077,B0357,SC16,4
S000842,2025-08-09,redwood National Park,T049,B0131,SC22,1
S000843,2025-08-14,yElLoWsToNe National Park,T113,B0098,SC28,1
S000844,2025-06-05,redwood National Park,T116,B0156,SC25,1
S000845,2025-08-04,yElLoWsToNe National Park,T062,B0322,SC02,2
S000846,2025-08-22,aCaDiA National Park,T116,B0239,SC08,3
S000847,2025-06-25,grand Canyon National Park,T002,B0305,SC17,3
S000848,2025-06-01,Grand Canyon National Park ,T097,B0266,SC21,3
S000849,2025-08-04,Glacier National Park ,T103,,SC18,3
S000850,2025-08-01,yElLoWsToNe National Park,T022,B0397,SC22,4
S000851,2025-06-26,zion National Park,T057,B0102,SC18,3
S000852,2025-08-13,Redwood National Park ,T011,B0272,SC26,1
S000853,2025-07-08,acadia National Park,T030,B0026,SC24,4
S000854,2025-06-27,aCaDiA National Park,T045,B0162,SC14,1
S000855,2025-07-15,Zion National Park ,T019,B0343,SC02,5
S000856,2025-08-03,zIoN National Park,T098,B0003,SC27,3
S000857,2025-07-22,Acadia National Park ,T073,B0026,SC22,4
S000858,2025-08-03,yElLoWsToNe National Park,T037,,SC11,1
S000859,2025-06-10,Grand Canyon National Park ,T015,B0249,SC13,5
S000860,2025-06-20,acadia National Park,T066,B0055,SC06,1
S000861,2025-07-08,yElLoWsToNe National Park,T020,B0072,SC05,5
S000862,2025-06-17,zion National Park,T026,B0317,SC24,1
S000863,2025-07-30,Yellowstone National Park ,T013,B0383,SC19,2
S000864,2025-06-22,Yellowstone National Park ,T013,B0091,SC23,1
S000865,2025-07-26,yellowstone National Park,T031,B0221,SC16,3
S000866,2025-08-09,Acadia National Park ,T009,B0013,SC19,2
S000867,2025-06-28,grand Canyon National Park,T052,,SC12 - Elk,1
S000868,2025-07-26,grand Canyon National Park,T005,B0031,SC20,1
S000869,2025-06-06,yElLoWsToNe National Park,T119,B0343,SC14,3
S000870,2025-06-14,acadia National Park,T104,B0130,SC19,3
S000871,2025-06-04,grand Canyon National Park,T079,B0100,SC23,2
S000872,2025-06-20,Grand Canyon National Park ,T017,B0297,SC02,2
S000873,2025-06-10,redwood National Park,T032,B0305,SC07,2
S000874,2025-06-11,Glacier National Park ,T021,B0253,SC09,4
S000875,2025-07-14,zIoN National Park,T047,,SC29,3
S000876,2025-06-26,gRaNd Canyon National Park,T057,B0174,SC15,1
S000877,2025-08-11,rEdWoOd National Park,T079,B0177,SC12,1
S000878,2025-07-31,Zion National Park ,T050,B0053,SC13,2
S000879,2025-06-03,acadia National Park,T094,B0141,SC13,2
S000880,2025-07-10,glacier National Park,T031,B0175,SC10,1
S000881,2025-07-30,Zion National Park ,T114,B0033,SC06,3
S000882,2025-06-13,Zion National Park ,T050,B0276,SC25 - Mountain Goat,2
S000883,2025-06-17,Grand Canyon National Park ,T082,B0363,SC03,2
S000884,2025-07-01,Zion National Park ,T033,B0031,SC26,1
S000885,2025-07-21,glacier National Park,T090,B0339,SC21,3
S000886,2025-06-09,aCaDiA National Park,T061,B0363,SC05,1
S000887,2025-06-19,Redwood National Park ,T044,B0263,SC04,4
S000888,2025-08-20,Glacier National Park ,T105,B0311,SC03 - River Otter,1
S000889,2025-08-27,grand Canyon National Park,T102,B0122,SC14,2
S000890,2025-06-24,acadia National Park,T031,B0382,SC07,5
S000891,2025-06-04,Redwood National Park ,T050,B0031,SC05,2
S000892,2025-07-18,Yellowstone National Park ,T091,B0306,SC05,4
S000893,2025-08-25,rEdWoOd National Park,T072,B0184,SC25,1
S000894,2025-07-29,gRaNd Canyon National Park,T041,B0114,SC04,3
S000895,2025-07-20,zIoN National Park,T114,B0078,SC25,4
S000896,2025-06-18,glacier National Park,T108,B0041,SC10,2
S000897,2025-07-20,Yellowstone National Park ,T011,B0290,SC07,1
S000898,2025-06-21,aCaDiA National Park,T048,B0381,SC19,2
S000899,2025-07-12,yellowstone National Park,T096,B0149,SC26,4
S000900,2025-07-16,Glacier National Park ,T115,B0232,SC23,4
S000901,2025-06-06,redwood National Park,T074,B0241,SC03,2
S000902,2025-07-22,gRaNd Canyon National Park,T078,B0064,SC10,3
S000903,2025-06-20,gLaCiEr National Park,T067,B0005,SC06,2
S000904,2025-07-05,Grand Canyon National Park ,T115,B0287,SC10,1
S000905,2025-07-18,gRaNd Canyon National Park,T060,B0058,SC16,2
S000906,2025-07-21,acadia National Park,T077,B0136,SC04,1
S000907,2025-06-29,aCaDiA National Park,T086,B0231,SC29,6
S000908,2025-08-18,acadia National Park,T019,B0135,sc07,3
S000909,2025-06-11,glacier National Park,T033,B0175,SC11,1
S000910,2025-08-08,Acadia National Park ,T013,,SC25 - Mountain Goat,1
S000911,2025-08-11,Grand Canyon National Park ,T061,B0184,SC11,2
S000912,2025-07-12,rEdWoOd National Park,T074,B0317,SC09,2
S000913,2025-07-27,Yellowstone National Park ,T059,B0345,SC03 - River Otter,1
S000914,2025-06-01,zion National Park,T050,B0384,SC11,2
S000915,2025-06-26,aCaDiA National Park,T074,B0387,SC25,2
S000916,2025-08-06,zIoN National Park,T078,,SC23,3
S000917,2025-08-21,aCaDiA National Park,T022,B0282,SC24,2
S000918,2025-08-21,Yellowstone National Park ,T090,B0224,SC26,2
S000919,2025-06-27,Glacier National Park ,T013,B0131,SC18,1
S000920,2025-06-26,zion National Park,T044,B0232,SC21,3
S000921,2025-06-27,gRaNd Canyon National Park,T071,B0364,SC04,2
S000922,2025-08-22,glacier National Park,T102,B0222,SC03,1
S000923,2025-08-06,grand Canyon National Park,T114,B0118,SC14,2
S000924,2025-06-01,yElLoWsToNe National Park,T023,B0184,SC12 - Elk,2
S000925,2025-07-25,Glacier National Park ,T032,B0173,SC10,3
S000926,2025-07-21,gLaCiEr National Park,T016,B0399,SC08,4
S000927,2025-07-31,zIoN National Park,T028,B0032,sc07,7
S000928,2025-06-17,rEdWoOd National Park,T086,,SC01,2
S000929,2025-07-25,Grand Canyon National Park ,T090,B0199,SC20,1
S000930,2025-06-01,zIoN National Park,T108,B0153,SC01,1
S000931,2025-08-28,acadia National Park,T023,B0394,SC09,6
S000932,2025-08-22,rEdWoOd National Park,T029,B0365,SC29,1
S000933,2025-06-17,Glacier National Park ,T049,B0343,SC07,3
S000934,2025-06-01,gLaCiEr National Park,T024,B0111,SC29,4
S000935,2025-08-02,yellowstone National Park,T059,B0104,SC25,2
S000936,2025-06-07,redwood National Park,T048,B0005,SC15,1
S000937,2025-07-19,yElLoWsToNe National Park,T058,B0090,SC03,6
S000938,2025-08-02,acadia National Park,T006,B0351,SC03,3
S000939,2025-07-01,Glacier National Park ,T118,B0142,SC14,3
S000940,2025-06-20,gLaCiEr National Park,T029,B0398,SC12,2
S000941,2025-06-08,zIoN National Park,T015,B0080,SC17,1
S000942,2025-07-25,Acadia National Park ,T040,B0169,SC13,2
S000943,2025-07-13,acadia National Park,T059,B0236,SC07,1
S000944,2025-07-30,Redwood National Park ,T090,B0033,SC01,6
S000945,2025-08-19,yElLoWsToNe National Park,T101,B0369,SC13,5
S000946,2025-08-15,zion National Park,T068,B0363,SC29,3
S000947,2025-07-09,Zion National Park ,T043,B0165,SC10,1
S000948,2025-06-26,Yellowstone National Park ,T074,B0333,sc07,2
S000949,2025-07-06,acadia National Park,T041,B0390,SC30,1
S000950,2025-06-23,Zion National Park ,T061,B0370,SC24,4
S000951,2025-06-18,Glacier National Park ,T102,,SC15,2
S000952,2025-06-04,grand Canyon National Park,T103,B0072,SC20,3
S000953,2025-06-26,redwood National Park,T041,B0251,SC15,3
S000954,2025-08-10,yElLoWsToNe National Park,T094,B0067,SC10,4
S000955,2025-06-07,Glacier National Park ,T055,B0223,SC11,1
S000956,2025-08-10,rEdWoOd National Park,T089,B0141,SC09,1
S000957,2025-07-25,glacier National Park,T041,B0334,SC07,2
S000958,2025-08-16,Redwood National Park ,T061,B0194,SC04,2
S000959,2025-07-31,yElLoWsToNe National Park,T084,B0337,SC09,2
S000960,2025-07-19,yElLoWsToNe National Park,T056,B0271,SC29,2
S000961,2025-08-26,Redwood National Park ,T051,B0078,SC24,1
S000962,2025-08-25,gLaCiEr National Park,T029,B0270,SC12 - Elk,1
S000963,2025-07-25,Acadia National Park ,T097,B0267,SC02,4
S000964,2025-08-01,Yellowstone National Park ,T089,B0151,SC24,2
S000965,2025-08-14,glacier National Park,T086,B0053,SC11,3
S000966,2025-08-14,aCaDiA National Park,T096,B0031,SC16,3
S000967,2025-08-07,zIoN National Park,T079,B0389,SC25 - Mountain Goat,1
S000968,2025-08-21,yellowstone National Park,T066,B0324,SC15,2
S000969,2025-08-25,Acadia National Park ,T114,B0286,SC03 - River Otter,3
S000970,2025-07-02,redwood National Park,T118,B0368,SC01,1
S000971,2025-07-28,redwood National Park,T077,B0356,SC26,1
S000972,2025-08-01,redwood National Park,T101,B0048,SC13,3
S000973,2025-07-23,glacier National Park,T098,B0204,SC22,1
S000974,2025-07-29,Acadia National Park ,T039,,SC13,1
S000975,2025-06-26,rEdWoOd National Park,T016,,SC27,1
S000976,2025-06-14,Acadia National Park ,T030,B0230,SC10,2
S000977,2025-06-10,Zion National Park ,T026,B0009,SC29,3
S000978,2025-06-17,redwood National Park,T021,B0073,SC19,1
S000979,2025-08-13,Glacier National Park ,T052,B0067,SC25,1
S000980,2025-08-23,Yellowstone National Park ,T074,B0010,SC08,3
S000981,2025-08-17,Grand Canyon National Park ,T058,B0128,SC23,3
S000982,2025-07-04,Redwood National Park ,T110,B0284,SC19,3
S000983,2025-06-18,redwood National Park,T027,B0139,SC08,3
S000984,2025-06-11,Acadia National Park ,T060,B0268,SC18,1
S000985,2025-06-22,glacier National Park,T094,B0087,SC27,5
S000986,2025-06-01,grand Canyon National Park,T069,B0117,SC21,1
S000987,2025-06-09,glacier National Park,T021,B0270,SC14,3
S000988,2025-07-06,yElLoWsToNe National Park,T111,B0243,SC28,1
S000989,2025-07-04,gRaNd Canyon National Park,T065,B0002,SC09,2
S000990,2025-07-25,Glacier National Park ,T040,B0250,SC09,3
S000991,2025-08-22,Yellowstone National Park ,T096,B0019,SC08,1
S000992,2025-06-19,Zion National Park ,T015,B0249,SC29,2
S000993,2025-06-20,rEdWoOd National Park,T075,B0312,SC03,5
S000994,2025-07-14,acadia National Park,T117,,SC14,2
S000995,2025-07-07,yElLoWsToNe National Park,T089,,SC17,2
S000996,2025-08-28,Yellowstone National Park ,T028,B0036,SC12,1
S000997,2025-07-26,gLaCiEr National Park,T028,B0205,SC06,2
S000998,2025-08-04,grand Canyon National Park,T075,B0336,SC09,4
S000999,2025-06-16,Acadia National Park ,T105,B0284,SC15,2
S001000,2025-06-06,gLaCiEr National Park,T111,B0261,SC14,1
S001001,2025-07-11,Glacier National Park ,T056,B0172,SC29,1
S001002,2025-07-11,Redwood National Park ,T109,B0276,SC11,1
S001003,2025-06-30,Glacier National Park ,T108,B0119,SC16,1
S001004,2025-06-11,gLaCiEr National Park,T049,,SC12 - Elk,2
S001005,2025-07-07,zIoN National Park,T008,,SC14,1
S001006,2025-07-01,aCaDiA National Park,T054,B0329,SC25,1
S001007,2025-08-14,Zion National Park ,T103,,SC28,4
S001008,2025-06-04,Grand Canyon National Park ,T075,B0074,SC03,4
S001009,2025-07-16,grand Canyon National Park,T008,B0350,SC10,1
S001010,2025-07-22,yellowstone National Park,T101,,SC12 - Elk,5
S001011,2025-07-16,redwood National Park,T056,B0222,SC20,2
S001012,2025-06-27,Zion National Park ,T008,B0060,SC06,1
S001013,2025-08-09,glacier National Park,T085,B0079,SC06,3
S001014,2025-08-21,Glacier National Park ,T019,,SC06,1
S001015,2025-08-02,yElLoWsToNe National Park,T048,B0061,sc07,1
S001016,2025-06-29,rEdWoOd National Park,T086,B0164,SC05,2
S001017,2025-08-08,Yellowstone National Park ,T011,B0138,SC28,1
S001018,2025-06-30,Zion National Park ,T065,B0213,SC22,1
S001019,2025-06-01,Acadia National Park ,T015,,Sc18,4
S001020,2025-08-26,zion National Park,T001,B0357,SC24,5
S001021,2025-07-09,Redwood National Park ,T116,B0387,SC13,3
S001022,2025-08-21,Yellowstone National Park ,T117,B0371,SC06,3
S001023,2025-08-06,gRaNd Canyon National Park,T073,B0201,Sc18,3
S001024,2025-08-05,Redwood National Park ,T115,B0029,SC07,1
S001025,2025-07-11,yElLoWsToNe National Park,T030,B0269,SC23,1
S001026,2025-06-02,Glacier National Park ,T024,B0114,SC28,3
S001027,2025-06-05,redwood National Park,T061,,SC25 - Mountain Goat,2
S001028,2025-06-21,gLaCiEr National Park,T061,B0325,SC11,1
S001029,2025-08-28,Grand Canyon National Park ,T022,B0030,SC07,1
S001030,2025-08-05,glacier National Park,T003,B0165,SC08,1
S001031,2025-07-21,gLaCiEr National Park,T029,B0277,SC11,2
S001032,2025-08-11,zion National Park,T029,B0373,SC02,3
S001033,2025-08-29,redwood National Park,T083,B0291,SC22,1
S001034,2025-06-07,acadia National Park,T032,B0017,SC23,1
S001035,2025-07-17,gLaCiEr National Park,T030,B0368,SC13,3
S001036,2025-06-05,Yellowstone National Park ,T019,,SC24,2
S001037,2025-08-04,zion National Park,T007,B0176,SC03,2
S001038,2025-07-01,yElLoWsToNe National Park,T008,B0293,SC13,3
S001039,2025-06-19,rEdWoOd National Park,T025,B0311,SC12,2
S001040,2025-06-01,Yellowstone National Park ,T012,B0362,SC03,3
S001041,2025-08-15,zion National Park,T039,B0377,SC28,3
S001042,2025-08-24,rEdWoOd National Park,T110,B0163,SC23,4
S001043,2025-07-10,gLaCiEr National Park,T117,B0196,SC09,2
S001044,2025-07-18,redwood National Park,T084,B0154,SC10,6
S001045,2025-06-03,gLaCiEr National Park,T002,B0350,SC30,5
S001046,2025-07-01,glacier National Park,T034,B0353,SC24,3
S001047,2025-08-02,gRaNd Canyon National Park,T081,B0008,SC03,4
S001048,2025-07-06,Yellowstone National Park ,T120,B0190,SC13,3
S001049,2025-08-08,Glacier National Park ,T087,B0084,SC05,4
S001050,2025-08-12,Grand Canyon National Park ,T044,B0270,SC09,3
S001051,2025-06-20,grand Canyon National Park,T069,B0327,SC24,1
S001052,2025-06-02,zIoN National Park,T011,B0248,SC11,1
S001053,2025-08-08,redwood National Park,T111,B0196,sc07,3
S001054,2025-06-07,gLaCiEr National Park,T091,,SC03,2
S001055,2025-08-11,aCaDiA National Park,T042,B0395,SC03 - River Otter,1
S001056,2025-06-28,Redwood National Park ,T055,B0139,SC01,1
S001057,2025-08-13,aCaDiA National Park,T069,B0386,SC21,3
S001058,2025-07-11,Redwood National Park ,T028,B0147,SC26,1
S001059,2025-07-13,redwood National Park,T008,B0202,SC26,4
S001060,2025-07-09,glacier National Park,T040,B0201,SC04,1
S001061,2025-06-09,Redwood National Park ,T080,B0316,sc07,3
S001062,2025-08-14,aCaDiA National Park,T048,B0334,SC10,1
S001063,2025-07-22,zIoN National Park,T103,B0242,SC19,1
S001064,2025-06-22,zIoN National Park,T063,B0080,SC30,1
S001065,2025-06-26,Zion National Park ,T052,B0176,SC17,1
S001066,2025-08-09,zion National Park,T047,B0118,SC12,1
S001067,2025-07-16,Grand Canyon National Park ,T091,B0258,SC14,2
S001068,2025-07-02,Redwood National Park ,T116,B0049,SC30,1
S001069,2025-07-25,Redwood National Park ,T086,B0375,SC11,3
S001070,2025-08-23,redwood National Park,T059,B0078,SC19,1
S001071,2025-07-27,Glacier National Park ,T041,B0212,SC07,1
S001072,2025-07-05,Acadia National Park ,T051,B0014,SC11,3
S001073,2025-06-30,yellowstone National Park,T079,B0137,SC02,2
S001074,2025-07-31,zion National Park,T040,B0198,SC12 - Elk,1
S001075,2025-06-24,Redwood National Park ,T076,B0326,SC06,1
S001076,2025-08-27,Acadia National Park ,T005,B0293,SC06,6
S001077,2025-06-24,gLaCiEr National Park,T043,,SC01,3
S001078,2025-07-12,acadia National Park,T097,B0047,SC05,1
S001079,2025-08-06,gRaNd Canyon National Park,T043,B0150,SC28,2
S001080,2025-08-22,yellowstone National Park,T094,B0106,SC18,1
S001081,2025-06-14,yElLoWsToNe National Park,T079,B0301,SC02,2
S001082,2025-06-07,yellowstone National Park,T026,,SC20,1
S001083,2025-06-09,Zion National Park ,T029,B0236,SC26,4
S001084,2025-08-20,rEdWoOd National Park,T114,B0163,SC07,2
S001085,2025-08-10,Zion National Park ,T071,B0015,SC23,3
S001086,2025-06-27,Zion National Park ,T084,B0036,SC09,1
S001087,2025-08-01,zion National Park,T002,B0127,SC13,1
S001088,2025-08-28,Glacier National Park ,T060,B0353,sc07,3
S001089,2025-07-08,acadia National Park,T058,B0173,sc07,1
S001090,2025-08-16,Yellowstone National Park ,T044,B0333,Sc18,1
S001091,2025-08-05,Yellowstone National Park ,T091,B0076,SC10,2
S001092,2025-06-09,acadia National Park,T042,B0090,SC26,2
S001093,2025-06-09,grand Canyon National Park,T035,B0117,SC25,1
S001094,2025-07-09,zIoN National Park,T038,B0249,SC30,4
S001095,2025-07-12,aCaDiA National Park,T042,B0070,SC23,1
S001096,2025-08-09,grand Canyon National Park,T038,B0139,SC30,1
S001097,2025-07-16,redwood National Park,T083,B0290,sc07,3
S001098,2025-06-25,yElLoWsToNe National Park,T006,B0166,SC07,3
S001099,2025-06-22,zIoN National Park,T035,B0353,SC06,3
S001100,2025-06-11,zion National Park,T073,B0164,SC12,3
S001101,2025-06-19,yellowstone National Park,T026,B0266,SC28,1
S001102,2025-06-26,redwood National Park,T026,B0073,SC24,2
S001103,2025-08-14,gRaNd Canyon National Park,T051,B0385,SC21,2
S001104,2025-08-23,zion National Park,T090,B0142,SC12,1
S001105,2025-06-24,redwood National Park,T079,B0319,SC10,1
S001106,2025-08-10,yellowstone National Park,T112,B0343,SC21,3
S001107,2025-06-17,glacier National Park,T100,B0043,SC24,1
S001108,2025-06-09,Acadia National Park ,T086,B0214,SC12 - Elk,1
S001109,2025-08-17,gLaCiEr National Park,T018,B0337,SC03,2
S001110,2025-07-23,grand Canyon National Park,T071,B0362,SC21,2
S001111,2025-06-08,Zion National Park ,T035,B0248,SC21,2
S001112,2025-08-21,Yellowstone National Park ,T044,B0276,SC24,2
S001113,2025-08-06,Zion National Park ,T038,B0389,SC16,1
S001114,2025-08-04,rEdWoOd National Park,T001,B0159,SC22,1
S001115,2025-06-06,Yellowstone National Park ,T112,B0198,SC24,4
S001116,2025-08-13,Redwood National Park ,T069,B0181,SC04,2
S001117,2025-07-07,grand Canyon National Park,T082,B0330,SC25,1
S001118,2025-07-22,acadia National Park,T042,,SC02,2
S001119,2025-06-16,gLaCiEr National Park,T081,B0011,SC29,1
S001120,2025-07-04,zIoN National Park,T029,B0118,SC10,1
S001121,2025-07-23,glacier National Park,T032,B0252,SC13,3
S001122,2025-07-17,gRaNd Canyon National Park,T095,B0333,SC09,1
S001123,2025-07-19,yellowstone National Park,T028,B0315,SC09,3
S001124,2025-07-22,glacier National Park,T115,B0003,SC03,1
S001125,2025-07-27,zIoN National Park,T104,B0254,SC19,5
S001126,2025-07-15,Zion National Park ,T017,,SC18,1
S001127,2025-06-16,zIoN National Park,T048,B0085,SC10,1
S001128,2025-06-19,Redwood National Park ,T023,B0229,SC25 - Mountain Goat,4
S001129,2025-08-04,aCaDiA National Park,T024,B0301,SC02,1
S001130,2025-07-24,grand Canyon National Park,T118,B0233,SC16,2
S001131,2025-08-11,zIoN National Park,T038,B0370,SC12,4
S001132,2025-07-24,aCaDiA National Park,T010,B0255,SC10,2
S001133,2025-08-19,zIoN National Park,T014,B0191,SC20,2
S001134,2025-07-29,zion National Park,T057,B0057,SC16,1
S001135,2025-08-06,Acadia National Park ,T112,B0118,SC06,1
S001136,2025-07-12,Yellowstone National Park ,T061,B0237,SC15,7
S001137,2025-06-02,rEdWoOd National Park,T020,B0355,SC28,2
S001138,2025-07-26,gRaNd Canyon National Park,T026,B0110,SC22,3
S001139,2025-07-25,Acadia National Park ,T079,B0322,SC03,4
S001140,2025-06-21,yellowstone National Park,T087,B0170,SC25 - Mountain Goat,1
S001141,2025-08-18,Yellowstone National Park ,T105,B0028,SC05,1
S001142,2025-08-17,yellowstone National Park,T007,B0151,SC15,2
S001143,2025-07-02,acadia National Park,T113,B0139,SC14,2
S001144,2025-07-14,zIoN National Park,T114,B0201,SC27,3
S001145,2025-08-07,grand Canyon National Park,T094,B0318,SC26,4
S001146,2025-08-11,aCaDiA National Park,T027,B0145,SC19,2
S001147,2025-06-14,Glacier National Park ,T081,B0244,Sc18,2
S001148,2025-08-22,gRaNd Canyon National Park,T064,B0151,SC10,2
S001149,2025-08-26,Yellowstone National Park ,T082,B0037,SC19,1
S001150,2025-08-09,redwood National Park,T117,B0296,SC13,1
S001151,2025-06-21,acadia National Park,T036,B0024,SC07,2
S001152,2025-07-10,Grand Canyon National Park ,T081,B0191,SC23,4
S001153,2025-08-07,yElLoWsToNe National Park,T104,B0302,SC25 - Mountain Goat,2
S001154,2025-08-17,redwood National Park,T030,B0081,SC02,1
S001155,2025-06-15,Redwood National Park ,T115,B0203,SC29,2
S001156,2025-06-20,yElLoWsToNe National Park,T019,B0067,SC19,6
S001157,2025-07-14,rEdWoOd National Park,T044,B0188,SC03 - River Otter,4
S001158,2025-07-09,glacier National Park,T030,B0116,SC06,2
S001159,2025-06-17,Zion National Park ,T105,B0194,SC17,2
S001160,2025-06-08,zIoN National Park,T052,B0088,SC25 - Mountain Goat,2
S001161,2025-07-18,zion National Park,T073,B0258,SC20,4
S001162,2025-08-19,gRaNd Canyon National Park,T022,B0228,SC01,4
S001163,2025-07-03,redwood National Park,T119,,SC30,1
S001164,2025-08-24,Acadia National Park ,T061,B0146,SC11,3
S001165,2025-08-15,grand Canyon National Park,T016,B0300,sc07,1
S001166,2025-07-28,gLaCiEr National Park,T001,B0346,SC15,3
S001167,2025-07-27,yElLoWsToNe National Park,T081,B0271,SC21,1
S001168,2025-07-05,aCaDiA National Park,T048,,SC10,5
S001169,2025-08-21,Grand Canyon National Park ,T071,B0037,SC22,2
S001170,2025-08-08,acadia National Park,T020,B0348,SC21,2
S001171,2025-06-10,grand Canyon National Park,T112,B0014,SC09,2
S001172,2025-07-17,yElLoWsToNe National Park,T064,B0010,SC05,1
S001173,2025-06-15,grand Canyon National Park,T038,B0058,SC11,2
S001174,2025-08-16,rEdWoOd National Park,T018,B0224,SC21,2
S001175,2025-06-01,zIoN National Park,T005,B0159,SC17,3
S001176,2025-07-29,Zion National Park ,T072,B0248,sc07,2
S001177,2025-07-03,Zion National Park ,T048,B0069,SC30,3
S001178,2025-06-11,Yellowstone National Park ,T066,B0073,SC10,4
S001179,2025-07-09,Zion National Park ,T029,B0222,SC05,2
S001180,2025-08-02,Redwood National Park ,T063,B0119,SC12,1
S001181,2025-07-08,Yellowstone National Park ,T017,B0187,SC27,2
S001182,2025-06-11,Glacier National Park ,T048,B0238,SC16,1
S001183,2025-08-17,glacier National Park,T059,B0373,SC20,2
S001184,2025-07-11,Redwood National Park ,T042,B0363,SC30,1
S001185,2025-06-10,gRaNd Canyon National Park,T054,B0350,SC14,2
S001186,2025-06-26,Grand Canyon National Park ,T028,B0037,SC03,3
S001187,2025-07-01,Glacier National Park ,T027,B0216,SC10,3
S001188,2025-07-26,Grand Canyon National Park ,T075,B0359,SC16,2
S001189,2025-07-31,glacier National Park,T068,B0330,SC07,2
S001190,2025-06-22,glacier National Park,T117,B0068,SC13,3
S001191,2025-06-27,Acadia National Park ,T029,B0242,SC30,5
S001192,2025-08-01,Zion National Park ,T078,B0313,SC25 - Mountain Goat,2
S001193,2025-06-25,aCaDiA National Park,T027,B0078,SC25,1
S001194,2025-07-14,grand Canyon National Park,T105,,SC24,4
S001195,2025-06-24,zion National Park,T006,B0011,SC12,1
S001196,2025-08-20,yellowstone National Park,T076,,SC24,2
S001197,2025-06-06,acadia National Park,T079,B0145,SC28,1
S001198,2025-07-17,zIoN National Park,T057,B0072,SC04,6
S001199,2025-06-16,Yellowstone National Park ,T044,B0086,SC13,2
S001200,2025-08-16,yElLoWsToNe National Park,T040,B0078,SC17,4
S001201,2025-08-13,redwood National Park,T019,B0358,SC29,1
S001202,2025-06-21,aCaDiA National Park,T117,B0022,SC10,1
S001203,2025-07-18,aCaDiA National Park,T037,B0391,SC03,3
S001204,2025-07-27,aCaDiA National Park,T019,,SC30,2
S001205,2025-06-02,rEdWoOd National Park,T017,B0035,SC23,2
S001206,2025-07-31,grand Canyon National Park,T099,B0379,SC01,2
S001207,2025-07-14,rEdWoOd National Park,T031,B0317,SC15,3
S001208,2025-06-11,redwood National Park,T120,B0152,SC14,1
S001209,2025-08-17,gRaNd Canyon National Park,T111,B0012,SC06,4
S001210,2025-07-27,zion National Park,T018,B0056,SC29,2
S001211,2025-07-27,Glacier National Park ,T023,B0378,SC06,2
S001212,2025-08-05,Glacier National Park ,T018,B0154,SC02,1
S001213,2025-06-13,rEdWoOd National Park,T075,,SC15,1
S001214,2025-06-11,Glacier National Park ,T093,B0165,SC11,2
S001215,2025-06-11,yellowstone National Park,T081,B0163,SC25 - Mountain Goat,2
S001216,2025-07-21,Zion National Park ,T046,B0002,SC12 - Elk,3
S001217,2025-07-20,yElLoWsToNe National Park,T057,B0150,SC13,1
S001218,2025-08-14,grand Canyon National Park,T116,B0376,SC03,5
S001219,2025-07-12,Redwood National Park ,T056,B0048,SC08,1
S001220,2025-08-07,Grand Canyon National Park ,T111,B0359,SC24,3
S001221,2025-08-13,Glacier National Park ,T042,B0318,Sc18,1
S001222,2025-07-23,zIoN National Park,T037,B0152,SC05,1
S001223,2025-06-25,zIoN National Park,T097,B0188,SC08,1
S001224,2025-07-08,gRaNd Canyon National Park,T063,B0301,Sc18,3
S001225,2025-08-18,glacier National Park,T092,B0169,SC11,3
S001226,2025-07-05,yElLoWsToNe National Park,T032,B0114,SC03 - River Otter,1
S001227,2025-07-02,grand Canyon National Park,T027,,SC24,1
S001228,2025-08-14,grand Canyon National Park,T096,,SC08,1
S001229,2025-08-20,gLaCiEr National Park,T015,B0202,SC04,5
S001230,2025-08-11,gLaCiEr National Park,T021,B0187,SC30,4
S001231,2025-08-24,grand Canyon National Park,T024,,SC23,1
S001232,2025-08-26,zion National Park,T079,B0114,SC25 - Mountain Goat,2
S001233,2025-07-26,gRaNd Canyon National Park,T020,B0102,SC04,1
S001234,2025-08-04,Grand Canyon National Park ,T046,B0367,SC12,1
S001235,2025-07-19,zion National Park,T106,B0219,SC22,1
S001236,2025-08-26,redwood National Park,T091,B0304,SC10,1
S001237,2025-08-22,rEdWoOd National Park,T028,B0227,SC28,5
S001238,2025-07-21,gRaNd Canyon National Park,T091,B0241,SC28,4
S001239,2025-06-29,rEdWoOd National Park,T061,B0160,SC24,3
S001240,2025-06-18,yElLoWsToNe National Park,T106,,SC02,2
S001241,2025-06-16,rEdWoOd National Park,T045,B0372,SC03 - River Otter,2
S001242,2025-07-06,Acadia National Park ,T120,B0078,SC15,1
S001243,2025-06-18,zIoN National Park,T018,,SC24,2
S001244,2025-07-30,aCaDiA National Park,T061,B0241,SC14,2
S001245,2025-06-10,acadia National Park,T025,B0114,SC18,1
S001246,2025-06-03,Glacier National Park ,T028,,SC12,2
S001247,2025-06-10,glacier National Park,T112,B0049,SC17,1
S001248,2025-08-06,Acadia National Park ,T096,B0206,SC08,1
S001249,2025-06-29,yellowstone National Park,T002,B0135,SC12,2
S001250,2025-08-10,Acadia National Park ,T061,B0217,SC17,2
S001251,2025-07-21,acadia National Park,T062,B0369,SC08,3
S001252,2025-07-24,redwood National Park,T008,,SC30,1
S001253,2025-07-11,gLaCiEr National Park,T065,,SC05,3
S001254,2025-07-05,yElLoWsToNe National Park,T016,B0185,SC11,3
S001255,2025-08-03,glacier National Park,T065,B0387,SC11,1
S001256,2025-08-05,Grand Canyon National Park ,T109,B0192,SC06,4
S001257,2025-08-28,glacier National Park,T060,B0361,SC12 - Elk,1
S001258,2025-07-04,Yellowstone National Park ,T003,,SC10,1
S001259,2025-08-26,Grand Canyon National Park ,T048,,SC06,1
S001260,2025-07-18,gRaNd Canyon National Park,T081,B0073,SC06,4
S001261,2025-06-02,gLaCiEr National Park,T047,B0374,SC27,2
S001262,2025-06-30,yElLoWsToNe National Park,T056,B0273,SC12,3
S001263,2025-07-13,Redwood National Park ,T058,B0199,SC14,1
S001264,2025-07-28,yElLoWsToNe National Park,T021,B0093,SC23,2
S001265,2025-08-10,grand Canyon National Park,T086,B0004,sc07,2
S001266,2025-07-05,Grand Canyon National Park ,T092,B0176,SC03,1
S001267,2025-07-09,yElLoWsToNe National Park,T053,B0270,SC07,2
S001268,2025-07-01,glacier National Park,T095,B0159,SC06,2
S001269,2025-07-26,grand Canyon National Park,T073,B0182,SC25,4
S001270,2025-07-18,Glacier National Park ,T076,B0398,SC22,1
S001271,2025-07-16,grand Canyon National Park,T086,B0001,SC28,5
S001272,2025-06-26,Yellowstone National Park ,T054,B0080,SC01,1
S001273,2025-06-24,redwood National Park,T019,B0020,SC06,4
S001274,2025-07-28,gRaNd Canyon National Park,T064,B0158,SC16,3
S001275,2025-07-05,yellowstone National Park,T102,B0235,SC22,1
S001276,2025-06-09,Glacier National Park ,T075,B0149,SC24,3
S001277,2025-08-01,gLaCiEr National Park,T073,B0009,SC21,1
S001278,2025-06-09,yElLoWsToNe National Park,T052,B0362,SC13,2
S001279,2025-08-15,Glacier National Park ,T095,B0185,SC01,4
S001280,2025-07-23,yElLoWsToNe National Park,T082,,SC10,1
S001281,2025-07-28,grand Canyon National Park,T016,,SC04,4
S001282,2025-07-14,aCaDiA National Park,T052,B0005,sc07,3
S001283,2025-07-26,Redwood National Park ,T104,B0345,SC12 - Elk,1
S001284,2025-06-11,glacier National Park,T020,,SC20,1
S001285,2025-07-23,yElLoWsToNe National Park,T099,B0345,sc07,1
S001286,2025-06-22,yElLoWsToNe National Park,T047,B0174,SC20,2
S001287,2025-06-26,glacier National Park,T055,B0250,SC16,5
S001288,2025-07-26,Zion National Park ,T046,,SC26,1
S001289,2025-07-27,yElLoWsToNe National Park,T098,B0047,SC11,3
S001290,2025-07-16,Glacier National Park ,T107,B0080,SC12 - Elk,3
S001291,2025-06-10,gLaCiEr National Park,T037,,SC17,4
S001292,2025-08-15,Glacier National Park ,T023,B0291,SC28,2
S001293,2025-07-29,redwood National Park,T002,B0390,SC25,1
S001294,2025-07-13,gRaNd Canyon National Park,T004,B0353,SC24,2
S001295,2025-07-09,Redwood National Park ,T027,B0245,SC20,6
S001296,2025-07-11,glacier National Park,T064,B0387,SC09,1
S001297,2025-08-14,Acadia National Park ,T002,B0288,SC13,1
S001298,2025-06-10,aCaDiA National Park,T101,B0083,SC15,2
S001299,2025-08-14,Glacier National Park ,T038,,SC15,2
S001300,2025-06-05,yElLoWsToNe National Park,T091,B0218,SC10,2
S001301,2025-06-23,glacier National Park,T082,B0254,SC19,2
S001302,2025-08-24,glacier National Park,T038,B0161,SC18,1
S001303,2025-08-21,zIoN National Park,T089,B0244,SC09,2
S001304,2025-08-28,rEdWoOd National Park,T064,B0292,SC07,3
S001305,2025-08-23,glacier National Park,T047,B0249,sc07,1
S001306,2025-06-30,Glacier National Park ,T113,B0348,SC20,4
S001307,2025-07-20,Acadia National Park ,T038,B0377,SC01,1
S001308,2025-07-12,aCaDiA National Park,T095,B0377,SC16,4
S001309,2025-08-16,redwood National Park,T071,B0246,SC16,1
S001310,2025-08-27,aCaDiA National Park,T091,B0172,SC17,1
S001311,2025-07-15,gRaNd Canyon National Park,T020,B0300,SC08,2
S001312,2025-07-05,rEdWoOd National Park,T112,B0398,SC12 - Elk,1
S001313,2025-07-11,acadia National Park,T092,B0108,SC06,4
S001314,2025-07-11,zIoN National Park,T014,B0193,SC30,1
S001315,2025-06-23,gLaCiEr National Park,T076,B0349,SC06,1
S001316,2025-06-07,Acadia National Park ,T092,B0345,SC02,2
S001317,2025-06-29,Glacier National Park ,T065,,SC04,1
S001318,2025-06-22,glacier National Park,T111,B0194,Sc18,3
S001319,2025-06-03,glacier National Park,T039,B0003,SC13,1
S001320,2025-08-22,zIoN National Park,T075,B0356,SC18,2
S001321,2025-08-03,glacier National Park,T103,B0381,SC17,4
S001322,2025-06-05,redwood National Park,T112,B0399,SC27,2
S001323,2025-06-24,gLaCiEr National Park,T046,B0055,SC08,5
S001324,2025-06-09,yElLoWsToNe National Park,T068,B0196,SC15,4
S001325,2025-08-17,rEdWoOd National Park,T081,B0180,SC03 - River Otter,2
S001326,2025-06-30,Acadia National Park ,T073,,SC24,1
S001327,2025-06-27,grand Canyon National Park,T041,B0222,SC09,1
S001328,2025-08-18,zIoN National Park,T110,B0310,SC24,3
S001329,2025-07-15,zion National Park,T039,B0293,SC28,1
S001330,2025-07-08,acadia National Park,T085,B0018,SC13,1
S001331,2025-06-28,glacier National Park,T064,B0387,SC16,1
S001332,2025-08-22,zIoN National Park,T031,B0280,SC24,1
S001333,2025-08-12,yellowstone National Park,T013,B0146,SC11,2
S001334,2025-07-16,Zion National Park ,T108,B0266,SC11,2
S001335,2025-06-13,Glacier National Park ,T055,B0033,SC24,6
S001336,2025-08-22,rEdWoOd National Park,T038,,SC28,3
S001337,2025-07-16,glacier National Park,T113,B0293,SC19,1
S001338,2025-06-04,zion National Park,T082,B0110,SC12,2
S001339,2025-08-23,Glacier National Park ,T099,B0186,SC24,1
S001340,2025-08-19,grand Canyon National Park,T080,B0371,SC10,4
S001341,2025-07-25,yellowstone National Park,T087,B0208,SC02,1
S001342,2025-07-23,glacier National Park,T036,B0369,SC21,2
S001343,2025-06-18,Yellowstone National Park ,T084,B0023,SC01,2
S001344,2025-08-04,redwood National Park,T032,B0386,SC22,1
S001345,2025-08-11,Yellowstone National Park ,T111,B0230,SC14,1
S001346,2025-08-27,glacier National Park,T026,B0216,SC19,3
S001347,2025-07-17,gRaNd Canyon National Park,T099,B0317,SC10,2
S001348,2025-07-25,aCaDiA National Park,T111,B0061,SC22,1
S001349,2025-06-09,zion National Park,T049,B0100,SC29,2
S001350,2025-08-14,zIoN National Park,T114,,SC13,1
S001351,2025-06-20,zion National Park,T048,B0279,SC18,3
S001352,2025-06-03,gRaNd Canyon National Park,T061,,SC25 - Mountain Goat,3
S001353,2025-08-02,grand Canyon National Park,T015,B0080,SC18,1
S001354,2025-07-16,Glacier National Park ,T081,B0370,SC07,2
S001355,2025-06-19,gRaNd Canyon National Park,T106,,SC19,5
S001356,2025-08-26,Redwood National Park ,T010,B0112,SC10,4
S001357,2025-07-23,Yellowstone National Park ,T094,B0311,SC02,2
S001358,2025-07-15,gRaNd Canyon National Park,T023,B0256,SC09,2
S001359,2025-07-28,yellowstone National Park,T019,B0237,SC01,1
S001360,2025-07-22,gRaNd Canyon National Park,T106,B0264,SC04,2
S001361,2025-06-24,yellowstone National Park,T081,B0187,SC13,2
S001362,2025-06-21,acadia National Park,T040,,SC13,3
S001363,2025-06-26,zion National Park,T051,B0251,SC26,1
S001364,2025-06-04,zion National Park,T030,,SC02,1
S001365,2025-08-16,gRaNd Canyon National Park,T010,B0235,SC08,4
S001366,2025-08-07,zIoN National Park,T092,B0220,SC04,1
S001367,2025-08-11,Yellowstone National Park ,T028,B0250,SC07,3
S001368,2025-07-14,zion National Park,T105,B0321,SC25,1
S001369,2025-08-02,grand Canyon National Park,T105,B0122,SC16,6
S001370,2025-08-20,yElLoWsToNe National Park,T109,B0369,SC20,2
S001371,2025-08-15,glacier National Park,T099,,SC27,2
S001372,2025-07-02,yElLoWsToNe National Park,T086,B0091,SC05,1
S001373,2025-06-17,Zion National Park ,T047,B0123,SC08,6
S001374,2025-07-09,acadia National Park,T115,B0395,SC17,1
S001375,2025-06-05,Acadia National Park ,T012,B0022,SC10,1
S001376,2025-06-04,Glacier National Park ,T095,B0196,SC09,2
S001377,2025-08-18,Glacier National Park ,T002,B0316,SC12 - Elk,2
S001378,2025-07-23,glacier National Park,T119,B0306,SC09,4
S001379,2025-06-20,gLaCiEr National Park,T017,B0392,SC03 - River Otter,3
S001380,2025-06-25,Zion National Park ,T017,B0289,SC25,4
S001381,2025-06-04,Redwood National Park ,T016,B0333,SC11,4
S001382,2025-08-16,rEdWoOd National Park,T058,B0379,SC01,1
S001383,2025-07-21,Grand Canyon National Park ,T073,B0168,SC07,3
S001384,2025-06-18,yellowstone National Park,T028,B0154,SC20,2
S001385,2025-08-10,aCaDiA National Park,T077,B0307,sc07,1
S001386,2025-06-10,grand Canyon National Park,T025,B0348,SC19,3
S001387,2025-06-28,acadia National Park,T026,B0100,SC26,2
S001388,2025-06-14,Zion National Park ,T049,B0190,SC16,4
S001389,2025-07-09,zion National Park,T067,,SC24,1
S001390,2025-08-19,Acadia National Park ,T115,,SC02,2
S001391,2025-08-19,rEdWoOd National Park,T108,,SC21,3
S001392,2025-06-14,Grand Canyon National Park ,T029,B0253,SC11,2
S001393,2025-08-08,grand Canyon National Park,T003,B0300,SC28,2
S001394,2025-07-14,acadia National Park,T024,B0330,SC01,1
S001395,2025-07-01,zion National Park,T065,B0381,SC05,2
S001396,2025-08-21,aCaDiA National Park,T051,B0054,SC30,2
S001397,2025-06-06,gRaNd Canyon National Park,T062,B0144,SC06,1
S001398,2025-06-13,Yellowstone National Park ,T095,B0118,SC22,1
S001399,2025-07-11,Acadia National Park ,T026,B0003,SC12 - Elk,3
S001400,2025-08-25,Zion National Park ,T019,B0159,SC21,2
S001401,2025-07-11,zion National Park,T060,B0011,SC16,3
S001402,2025-08-13,Acadia National Park ,T070,B0269,SC15,2
S001403,2025-07-01,aCaDiA National Park,T060,B0039,SC29,4
S001404,2025-07-29,yellowstone National Park,T089,B0331,SC01,1
S001405,2025-06-04,Acadia National Park ,T096,B0115,sc07,2
S001406,2025-07-30,Zion National Park ,T055,,SC22,4
S001407,2025-07-07,yElLoWsToNe National Park,T094,B0393,SC30,1
S001408,2025-06-21,acadia National Park,T019,,SC24,2
S001409,2025-07-08,grand Canyon National Park,T119,B0340,SC16,4
S001410,2025-07-02,Glacier National Park ,T041,B0198,SC25,4
S001411,2025-06-13,Acadia National Park ,T015,B0250,SC27,3
S001412,2025-06-05,yellowstone National Park,T038,B0200,SC01,3
S001413,2025-06-05,zIoN National Park,T015,B0200,SC12,5
S001414,2025-07-30,grand Canyon National Park,T036,B0229,SC28,1
S001415,2025-06-21,acadia National Park,T099,B0373,SC26,3
S001416,2025-07-15,gRaNd Canyon National Park,T042,,SC22,3
S001417,2025-06-05,zIoN National Park,T059,B0126,SC30,1
S001418,2025-07-22,zIoN National Park,T018,B0186,SC04,3
S001419,2025-06-12,aCaDiA National Park,T008,,SC25 - Mountain Goat,1
S001420,2025-07-14,Yellowstone National Park ,T120,B0215,SC26,3
S001421,2025-06-09,gLaCiEr National Park,T051,B0148,SC03 - River Otter,1
S001422,2025-06-04,redwood National Park,T052,B0188,SC12 - Elk,3
S001423,2025-07-01,acadia National Park,T024,B0176,SC03,3
S001424,2025-07-09,Redwood National Park ,T002,B0079,SC16,4
S001425,2025-08-11,gLaCiEr National Park,T046,B0211,SC08,2
S001426,2025-07-26,Redwood National Park ,T018,B0105,SC22,4
S001427,2025-08-21,acadia National Park,T107,,SC21,1
S001428,2025-07-07,grand Canyon National Park,T087,B0342,SC07,1
S001429,2025-08-22,Grand Canyon National Park ,T012,B0032,SC25 - Mountain Goat,3
S001430,2025-06-10,rEdWoOd National Park,T038,B0094,SC04,4
S001431,2025-08-22,aCaDiA National Park,T033,B0041,SC21,3
S001432,2025-06-01,aCaDiA National Park,T106,,SC11,1
S001433,2025-07-02,zion National Park,T084,,SC26,1
S001434,2025-08-03,rEdWoOd National Park,T074,B0287,SC11,4
S001435,2025-07-12,yElLoWsToNe National Park,T036,B0261,SC12,2
S001436,2025-06-15,Grand Canyon National Park ,T086,B0329,SC19,4
S001437,2025-07-23,Acadia National Park ,T009,B0285,SC15,3
S001438,2025-08-09,aCaDiA National Park,T100,B0154,SC15,1
S001439,2025-06-13,glacier National Park,T096,B0392,SC17,1
S001440,2025-08-03,acadia National Park,T110,B0070,SC07,4
S001441,2025-08-14,aCaDiA National Park,T043,,sc07,1
S001442,2025-06-29,zIoN National Park,T081,,SC11,2
S001443,2025-07-03,zion National Park,T064,B0196,SC14,1
S001444,2025-08-09,Acadia National Park ,T028,B0256,SC10,2
S001445,2025-07-07,glacier National Park,T062,,SC27,3
S001446,2025-06-19,glacier National Park,T076,B0113,SC26,1
S001447,2025-06-04,acadia National Park,T005,B0392,SC07,2
S001448,2025-08-20,grand Canyon National Park,T091,B0129,SC14,3
S001449,2025-06-22,redwood National Park,T020,B0064,SC24,1
S001450,2025-07-12,gRaNd Canyon National Park,T046,,SC02,2
S001451,2025-08-29,zIoN National Park,T054,B0272,SC07,1
S001452,2025-08-07,zion National Park,T032,B0329,SC04,3
S001453,2025-08-25,aCaDiA National Park,T080,B0257,SC16,6
S001454,2025-06-07,yellowstone National Park,T046,B0229,SC20,3
S001455,2025-08-01,zion National Park,T099,B0375,SC30,1
S001456,2025-08-23,aCaDiA National Park,T071,B0328,sc07,1
S001457,2025-07-28,aCaDiA National Park,T053,B0337,SC12 - Elk,2
S001458,2025-06-03,grand Canyon National Park,T014,B0095,SC03,5
S001459,2025-06-01,acadia National Park,T005,B0002,SC19,4
S001460,2025-08-20,glacier National Park,T035,B0388,SC15,3
S001461,2025-06-17,Acadia National Park ,T058,B0183,SC27,1
S001462,2025-08-21,gLaCiEr National Park,T045,B0361,Sc18,3
S001463,2025-08-23,Zion National Park ,T061,B0295,SC29,3
S001464,2025-06-07,zIoN National Park,T059,B0144,SC23,1
S001465,2025-06-09,Yellowstone National Park ,T059,B0095,SC23,4
S001466,2025-07-02,Yellowstone National Park ,T013,B0025,SC15,5
S001467,2025-08-05,Redwood National Park ,T001,B0278,SC06,3
S001468,2025-08-15,rEdWoOd National Park,T001,B0027,Sc18,3
S001469,2025-06-20,zion National Park,T055,B0167,SC04,4
S001470,2025-07-04,grand Canyon National Park,T103,B0370,SC14,3
S001471,2025-06-21,Redwood National Park ,T056,B0135,SC25 - Mountain Goat,1
S001472,2025-08-27,Yellowstone National Park ,T059,B0309,SC05,2
S001473,2025-08-19,zion National Park,T110,B0379,SC20,1
S001474,2025-06-30,yElLoWsToNe National Park,T006,B0185,SC12 - Elk,5
S001475,2025-07-29,grand Canyon National Park,T030,B0381,SC11,2
S001476,2025-08-07,redwood National Park,T055,B0098,SC09,4
S001477,2025-07-17,Yellowstone National Park ,T106,B0384,SC01,1
S001478,2025-07-16,yellowstone National Park,T055,B0330,SC01,2
S001479,2025-07-19,aCaDiA National Park,T117,B0193,sc07,3
S001480,2025-06-30,aCaDiA National Park,T095,B0101,SC16,3
S001481,2025-07-17,rEdWoOd National Park,T104,B0017,SC09,3
S001482,2025-07-27,yElLoWsToNe National Park,T103,B0300,SC04,2
S001483,2025-06-25,glacier National Park,T005,,SC25,2
S001484,2025-08-13,Grand Canyon National Park ,T034,B0040,SC27,4
S001485,2025-07-12,acadia National Park,T007,B0283,Sc18,3
S001486,2025-07-27,Glacier National Park ,T021,B0357,SC09,3
S001487,2025-08-25,Acadia National Park ,T110,B0297,SC14,1
S001488,2025-07-30,acadia National Park,T009,B0213,SC01,1
S001489,2025-06-11,Zion National Park ,T086,B0351,SC03,6
S001490,2025-07-25,Redwood National Park ,T035,B0394,SC08,1
S001491,2025-08-15,zion National Park,T010,B0281,SC01,1
S001492,2025-07-20,Zion National Park ,T081,B0346,SC25 - Mountain Goat,1
S001493,2025-06-11,Glacier National Park ,T110,B0217,SC17,4
S001494,2025-07-02,acadia National Park,T078,B0005,SC28,2
S001495,2025-06-03,Acadia National Park ,T075,B0270,SC16,1
S001496,2025-06-05,aCaDiA National Park,T042,B0215,SC01,1
S001497,2025-08-17,yellowstone National Park,T057,B0316,SC17,1
S001498,2025-07-17,grand Canyon National Park,T038,B0294,SC20,1
S001499,2025-07-23,grand Canyon National Park,T043,B0209,SC24,2
S001500,2025-08-28,Grand Canyon National Park ,T011,B0181,SC24,4
S001501,2025-06-26,grand Canyon National Park,T057,B0122,SC23,2
S001502,2025-07-30,redwood National Park,T040,B0210,SC06,4
S001503,2025-06-07,Acadia National Park ,T104,B0306,SC11,1
S001504,2025-07-30,aCaDiA National Park,T020,B0090,SC15,4
S001505,2025-07-04,Redwood National Park ,T003,B0005,SC19,3
S001506,2025-06-20,yElLoWsToNe National Park,T116,,Sc18,4
S001507,2025-06-30,acadia National Park,T118,B0320,SC05,1
S001508,2025-08-21,gRaNd Canyon National Park,T116,B0082,SC25,1
S001509,2025-07-11,acadia National Park,T021,B0212,SC15,2
S001510,2025-06-02,acadia National Park,T100,B0294,SC27,5
S001511,2025-06-13,zIoN National Park,T098,,SC08,3
S001512,2025-06-19,yellowstone National Park,T085,,SC21,1
S001513,2025-06-17,Redwood National Park ,T060,,SC16,1
S001514,2025-08-01,yellowstone National Park,T074,B0068,SC12 - Elk,1
S001515,2025-07-31,aCaDiA National Park,T103,B0246,SC06,1
S001516,2025-06-11,Redwood National Park ,T032,,SC30,1
S001517,2025-08-05,gLaCiEr National Park,T066,B0110,SC04,4
S001518,2025-06-29,grand Canyon National Park,T058,B0160,sc07,3
S001519,2025-06-19,rEdWoOd National Park,T077,B0100,SC16,1
S001520,2025-07-19,Yellowstone National Park ,T030,B0129,SC22,1
S001521,2025-08-07,rEdWoOd National Park,T054,B0055,SC09,3
S001522,2025-06-24,Acadia National Park ,T064,B0020,SC12 - Elk,1
S001523,2025-07-12,Zion National Park ,T050,,Sc18,2
S001524,2025-07-15,zIoN National Park,T033,B0055,SC09,3
S001525,2025-07-19,rEdWoOd National Park,T081,B0156,SC29,2
S001526,2025-06-26,Glacier National Park ,T067,B0138,SC13,1
S001527,2025-06-25,glacier National Park,T021,B0163,sc07,2
S001528,2025-07-19,rEdWoOd National Park,T099,B0271,SC05,1
S001529,2025-08-08,gLaCiEr National Park,T060,,SC27,1
S001530,2025-08-05,Glacier National Park ,T060,B0352,SC07,3
S001531,2025-06-08,Zion National Park ,T051,B0089,SC13,2
S001532,2025-06-20,gLaCiEr National Park,T033,B0232,SC28,1
S001533,2025-06-28,Redwood National Park ,T037,B0148,SC03,2
S001534,2025-07-25,gRaNd Canyon National Park,T026,B0033,SC11,3
S001535,2025-07-28,gRaNd Canyon National Park,T113,B0191,sc07,1
S001536,2025-06-10,Yellowstone National Park ,T025,B0039,SC24,1
S001537,2025-06-28,yElLoWsToNe National Park,T041,B0328,SC14,2
S001538,2025-08-23,zion National Park,T120,B0163,SC02,1
S001539,2025-06-09,gRaNd Canyon National Park,T089,B0182,SC08,2
S001540,2025-06-14,acadia National Park,T004,,SC01,3
S001541,2025-08-02,zion National Park,T103,B0343,SC20,2
S001542,2025-08-20,aCaDiA National Park,T091,B0274,SC27,2
S001543,2025-07-23,redwood National Park,T030,B0077,SC10,1
S001544,2025-07-24,gLaCiEr National Park,T097,B0150,SC03,3
S001545,2025-06-15,Glacier National Park ,T039,B0023,SC20,4
S001546,2025-07-23,gRaNd Canyon National Park,T094,B0218,SC03 - River Otter,1
S001547,2025-06-10,gLaCiEr National Park,T078,B0297,SC11,2
S001548,2025-06-15,grand Canyon National Park,T067,B0256,SC30,1
S001549,2025-07-26,Zion National Park ,T083,B0371,SC04,1
S001550,2025-06-28,zIoN National Park,T112,B0054,SC29,1
S001551,2025-06-19,redwood National Park,T098,B0069,SC18,3
S001552,2025-08-01,gRaNd Canyon National Park,T090,,SC21,1
S001553,2025-07-20,zIoN National Park,T120,B0025,SC19,3
S001554,2025-07-08,Grand Canyon National Park ,T110,B0164,SC16,3
S001555,2025-08-27,zIoN National Park,T013,B0343,SC02,2
S001556,2025-08-26,zIoN National Park,T114,B0172,SC06,2
S001557,2025-07-03,acadia National Park,T026,B0034,SC06,1
S001558,2025-06-08,Glacier National Park ,T091,B0141,SC01,2
S001559,2025-07-14,glacier National Park,T044,B0080,SC21,3
S001560,2025-06-30,Yellowstone National Park ,T106,B0354,SC12 - Elk,1
S001561,2025-07-18,yellowstone National Park,T103,B0051,SC10,1
S001562,2025-08-14,gLaCiEr National Park,T005,B0083,SC01,4
S001563,2025-06-25,Acadia National Park ,T097,B0207,SC26,4
S001564,2025-07-27,rEdWoOd National Park,T017,B0210,SC10,5
S001565,2025-07-10,aCaDiA National Park,T025,B0366,SC23,4
S001566,2025-07-11,Yellowstone National Park ,T033,B0029,SC12 - Elk,4
S001567,2025-06-20,yElLoWsToNe National Park,T019,B0045,SC19,1
S001568,2025-06-12,zIoN National Park,T027,,SC17,2
S001569,2025-08-04,redwood National Park,T056,B0181,SC30,3
S001570,2025-08-15,glacier National Park,T050,,SC21,2
S001571,2025-08-29,zion National Park,T066,,Sc18,3
S001572,2025-07-03,redwood National Park,T038,B0018,SC13,1
S001573,2025-08-23,Glacier National Park ,T078,B0386,SC12 - Elk,1
S001574,2025-07-23,yellowstone National Park,T064,B0327,SC25,2
S001575,2025-08-01,acadia National Park,T001,B0233,SC22,3
S001576,2025-08-02,rEdWoOd National Park,T045,B0300,SC16,4
S001577,2025-06-07,zIoN National Park,T053,B0162,SC23,2
S001578,2025-08-23,Acadia National Park ,T001,B0262,SC25 - Mountain Goat,1
S001579,2025-07-20,zIoN National Park,T021,B0259,SC01,1
S001580,2025-06-27,Grand Canyon National Park ,T006,B0336,SC22,1
S001581,2025-07-01,Acadia National Park ,T058,B0255,SC30,3
S001582,2025-06-01,grand Canyon National Park,T039,B0204,SC07,5
S001583,2025-08-19,gRaNd Canyon National Park,T013,,SC28,1
S001584,2025-06-11,Glacier National Park ,T089,,SC12 - Elk,3
S001585,2025-06-22,aCaDiA National Park,T097,B0155,SC21,2
S001586,2025-08-08,gLaCiEr National Park,T084,B0208,SC03 - River Otter,4
S001587,2025-06-02,gRaNd Canyon National Park,T086,B0289,SC06,3
S001588,2025-07-17,glacier National Park,T002,B0348,SC01,3
S001589,2025-06-11,acadia National Park,T030,B0274,SC20,5
S001590,2025-08-22,grand Canyon National Park,T116,B0177,SC19,3
S001591,2025-07-22,yellowstone National Park,T050,B0177,SC28,5
S001592,2025-07-29,gLaCiEr National Park,T057,B0173,SC22,1
S001593,2025-07-11,rEdWoOd National Park,T031,B0222,SC01,2
S001594,2025-07-10,Redwood National Park ,T014,,SC03,2
S001595,2025-08-27,zion National Park,T096,B0206,SC14,1
S001596,2025-06-21,Grand Canyon National Park ,T100,B0108,SC12,2
S001597,2025-07-03,aCaDiA National Park,T088,B0043,sc07,2
S001598,2025-07-17,zIoN National Park,T116,B0182,SC27,1
S001599,2025-07-27,gRaNd Canyon National Park,T113,,SC25 - Mountain Goat,3
S001600,2025-06-07,Acadia National Park ,T108,B0372,SC23,1
S001601,2025-08-04,Grand Canyon National Park ,T098,B0097,SC10,3
S001602,2025-06-11,redwood National Park,T099,B0333,SC07,2
S001603,2025-06-05,zIoN National Park,T116,B0245,SC15,2
S001604,2025-06-13,Yellowstone National Park ,T045,B0113,SC02,1
S001605,2025-06-05,redwood National Park,T045,B0146,SC16,1
S001606,2025-07-30,Glacier National Park ,T022,B0057,SC03 - River Otter,3
S001607,2025-08-22,aCaDiA National Park,T024,B0297,sc07,2
S001608,2025-06-08,Yellowstone National Park ,T021,B0306,SC26,1
S001609,2025-06-13,Acadia National Park ,T007,B0396,SC02,4
S001610,2025-06-09,yellowstone National Park,T061,B0125,SC06,4
S001611,2025-06-13,gLaCiEr National Park,T045,B0060,SC19,2
S001612,2025-06-23,grand Canyon National Park,T110,B0319,SC09,4
S001613,2025-06-22,zion National Park,T040,B0250,SC15,1
S001614,2025-07-14,zIoN National Park,T005,B0330,SC18,3
S001615,2025-08-07,redwood National Park,T019,B0097,SC07,3
S001616,2025-07-02,Grand Canyon National Park ,T081,B0123,SC25,4
S001617,2025-08-04,gRaNd Canyon National Park,T024,B0331,SC14,1
S001618,2025-08-17,Yellowstone National Park ,T078,B0325,SC30,1
S001619,2025-08-26,grand Canyon National Park,T105,B0348,SC29,1
S001620,2025-08-04,gLaCiEr National Park,T014,,SC20,3
S001621,2025-07-12,zion National Park,T068,B0114,SC03,4
S001622,2025-06-11,Yellowstone National Park ,T029,B0248,SC22,2
S001623,2025-07-24,glacier National Park,T115,B0119,SC13,4
S001624,2025-06-26,Zion National Park ,T107,B0287,SC08,4
S001625,2025-06-11,zion National Park,T096,B0156,SC17,1
S001626,2025-08-21,grand Canyon National Park,T083,B0169,SC02,5
S001627,2025-08-16,gRaNd Canyon National Park,T074,,SC03,1
S001628,2025-06-14,gLaCiEr National Park,T009,,SC08,2
S001629,2025-07-16,Zion National Park ,T101,,sc07,4
S001630,2025-08-17,Redwood National Park ,T071,B0144,SC03,2
S001631,2025-06-18,Redwood National Park ,T102,B0202,SC23,1
S001632,2025-06-05,yElLoWsToNe National Park,T073,B0235,SC19,3
S001633,2025-06-10,acadia National Park,T092,B0370,SC21,1
S001634,2025-08-02,Grand Canyon National Park ,T077,B0104,SC26,3
S001635,2025-07-08,Zion National Park ,T094,B0373,SC08,4
S001636,2025-06-14,Zion National Park ,T048,B0236,SC08,3
S001637,2025-07-03,Grand Canyon National Park ,T096,B0321,SC29,1
S001638,2025-06-25,Grand Canyon National Park ,T110,B0251,SC07,2
S001639,2025-08-25,Glacier National Park ,T092,B0047,SC05,4
S001640,2025-07-16,zIoN National Park,T070,B0400,SC21,2
S001641,2025-06-04,Glacier National Park ,T006,B0202,SC05,1
S001642,2025-08-21,grand Canyon National Park,T072,B0271,SC14,2
S001643,2025-06-11,Grand Canyon National Park ,T029,B0101,SC02,4
S001644,2025-08-13,yElLoWsToNe National Park,T120,B0392,SC04,1
S001645,2025-07-02,Zion National Park ,T027,,SC11,2
S001646,2025-07-17,grand Canyon National Park,T011,B0357,SC18,1
S001647,2025-07-28,zion National Park,T006,B0155,SC24,2
S001648,2025-08-29,aCaDiA National Park,T053,B0269,SC20,2
S001649,2025-06-08,yElLoWsToNe National Park,T032,B0250,SC18,1
S001650,2025-08-14,Grand Canyon National Park ,T114,B0297,SC26,1
S001651,2025-06-18,glacier National Park,T035,B0027,SC01,2
S001652,2025-08-21,Grand Canyon National Park ,T017,B0097,SC02,2
S001653,2025-06-17,Grand Canyon National Park ,T056,B0354,SC16,2
S001654,2025-08-16,gLaCiEr National Park,T019,B0325,SC14,3
S001655,2025-06-14,grand Canyon National Park,T039,B0264,SC13,3
S001656,2025-06-23,zIoN National Park,T067,B0204,SC09,1
S001657,2025-08-04,rEdWoOd National Park,T063,,SC21,2
S001658,2025-08-26,gRaNd Canyon National Park,T092,B0370,SC17,1
S001659,2025-08-05,yElLoWsToNe National Park,T014,B0256,SC11,2
S001660,2025-07-15,aCaDiA National Park,T036,B0382,SC25,1
S001661,2025-06-02,Redwood National Park ,T001,B0135,SC17,1
S001662,2025-07-12,Grand Canyon National Park ,T001,B0254,SC22,4
S001663,2025-07-02,Grand Canyon National Park ,T009,B0129,SC11,3
S001664,2025-06-04,glacier National Park,T090,B0146,SC19,4
S001665,2025-07-23,zIoN National Park,T051,B0307,SC15,3
S001666,2025-06-13,Zion National Park ,T108,B0377,SC01,1
S001667,2025-08-11,zion National Park,T050,B0026,SC02,5
S001668,2025-06-15,yellowstone National Park,T110,B0369,SC05,1
S001669,2025-07-18,glacier National Park,T021,B0128,SC21,2
S001670,2025-07-10,gLaCiEr National Park,T044,B0253,SC19,3
S001671,2025-08-11,zion National Park,T104,,SC28,2
S001672,2025-08-05,Redwood National Park ,T039,B0186,SC01,2
S001673,2025-08-29,glacier National Park,T020,B0040,SC05,1
S001674,2025-06-14,Redwood National Park ,T007,B0284,SC06,3
S001675,2025-06-01,gLaCiEr National Park,T067,,SC02,1
S001676,2025-08-09,zion National Park,T112,B0396,SC18,1
S001677,2025-08-28,gRaNd Canyon National Park,T063,B0038,SC12 - Elk,2
S001678,2025-08-12,rEdWoOd National Park,T004,B0061,SC23,1
S001679,2025-08-26,redwood National Park,T048,B0306,SC27,2
S001680,2025-08-25,Grand Canyon National Park ,T117,B0051,SC10,1
S001681,2025-06-11,rEdWoOd National Park,T119,B0352,SC09,2
S001682,2025-06-28,yElLoWsToNe National Park,T079,B0241,SC25,4
S001683,2025-08-16,grand Canyon National Park,T082,B0385,SC08,1
S001684,2025-06-20,Yellowstone National Park ,T010,,SC23,1
S001685,2025-08-05,rEdWoOd National Park,T033,B0234,SC03 - River Otter,4
S001686,2025-07-26,Grand Canyon National Park ,T111,B0211,SC03,1
S001687,2025-06-05,gLaCiEr National Park,T041,B0053,SC12,4
S001688,2025-07-07,Yellowstone National Park ,T006,,SC03 - River Otter,1
S001689,2025-07-02,Redwood National Park ,T020,B0313,SC03 - River Otter,1
S001690,2025-06-26,gLaCiEr National Park,T005,B0165,SC01,3
S001691,2025-08-12,grand Canyon National Park,T047,B0106,SC02,6
S001692,2025-06-04,Glacier National Park ,T111,B0275,SC12 - Elk,4
S001693,2025-06-12,grand Canyon National Park,T045,,SC30,2
S001694,2025-08-04,redwood National Park,T120,B0301,SC30,3
S001695,2025-07-12,zIoN National Park,T035,B0046,SC22,3
S001696,2025-06-01,rEdWoOd National Park,T038,B0231,SC03,2
S001697,2025-08-25,gRaNd Canyon National Park,T106,,SC12 - Elk,7
S001698,2025-07-03,Glacier National Park ,T010,,SC24,3
S001699,2025-08-14,glacier National Park,T015,B0362,SC20,1
S001700,2025-07-18,gLaCiEr National Park,T087,B0053,SC16,5
S001701,2025-08-18,Zion National Park ,T003,,SC25,2
S001702,2025-07-21,Grand Canyon National Park ,T058,B0337,SC18,4
S001703,2025-07-15,Yellowstone National Park ,T013,B0130,SC19,1
S001704,2025-06-08,acadia National Park,T004,B0230,SC29,1
S001705,2025-06-30,Glacier National Park ,T042,B0259,SC27,1
S001706,2025-08-18,yElLoWsToNe National Park,T031,B0027,SC08,2
S001707,2025-07-23,gRaNd Canyon National Park,T113,B0279,SC28,5
S001708,2025-06-22,grand Canyon National Park,T114,B0344,SC19,4
S001709,2025-06-08,rEdWoOd National Park,T089,B0299,SC02,1
S001710,2025-08-17,rEdWoOd National Park,T118,,SC15,4
S001711,2025-06-04,grand Canyon National Park,T100,B0009,SC17,4
S001712,2025-07-31,acadia National Park,T115,B0118,SC02,2
S001713,2025-07-05,Redwood National Park ,T038,,SC24,1
S001714,2025-07-13,glacier National Park,T019,B0097,SC11,1
S001715,2025-07-03,rEdWoOd National Park,T082,B0230,SC19,2
S001716,2025-07-15,zIoN National Park,T042,,SC06,3
S001717,2025-08-21,zion National Park,T055,B0082,SC29,1
S001718,2025-06-26,gLaCiEr National Park,T109,B0047,SC27,1
S001719,2025-06-03,Zion National Park ,T069,,SC09,2
S001720,2025-07-22,Acadia National Park ,T113,B0064,SC08,3
S001721,2025-07-22,zIoN National Park,T089,B0285,SC10,1
S001722,2025-06-17,Grand Canyon National Park ,T053,B0308,SC27,4
S001723,2025-06-24,zIoN National Park,T056,B0380,SC30,2
S001724,2025-07-12,yellowstone National Park,T036,B0060,SC08,1
S001725,2025-08-01,Grand Canyon National Park ,T091,B0379,SC08,2
S001726,2025-07-09,yElLoWsToNe National Park,T029,B0110,SC23,3
S001727,2025-06-28,Grand Canyon National Park ,T035,B0319,SC04,2
S001728,2025-08-27,redwood National Park,T088,B0367,sc07,5
S001729,2025-08-06,acadia National Park,T004,B0304,SC25 - Mountain Goat,2
S001730,2025-06-22,Acadia National Park ,T041,B0029,SC29,1
S001731,2025-08-01,Acadia National Park ,T015,B0039,SC24,1
S001732,2025-06-24,redwood National Park,T104,B0171,SC01,5
S001733,2025-08-08,yElLoWsToNe National Park,T083,B0084,SC03,2
S001734,2025-07-27,Yellowstone National Park ,T043,B0352,SC04,2
S001735,2025-07-07,Acadia National Park ,T070,B0326,SC16,1
S001736,2025-07-21,redwood National Park,T011,B0196,SC20,2
S001737,2025-06-07,Grand Canyon National Park ,T022,B0113,SC18,2
S001738,2025-08-24,zion National Park,T112,B0388,SC14,2
S001739,2025-06-10,zion National Park,T001,B0015,SC23,3
S001740,2025-07-29,yElLoWsToNe National Park,T046,B0052,SC15,1
S001741,2025-06-06,Grand Canyon National Park ,T059,B0070,sc07,1
S001742,2025-07-07,yellowstone National Park,T070,,SC05,2
S001743,2025-06-17,Glacier National Park ,T071,B0090,SC04,2
S001744,2025-08-03,Yellowstone National Park ,T057,B0277,SC02,4
S001745,2025-07-18,Grand Canyon National Park ,T011,B0162,SC11,2
S001746,2025-06-24,Zion National Park ,T088,B0234,SC04,4
S001747,2025-06-12,grand Canyon National Park,T017,B0175,SC06,4
S001748,2025-06-06,rEdWoOd National Park,T100,B0238,SC03,1
S001749,2025-06-26,zion National Park,T012,B0260,SC29,1
S001750,2025-08-13,aCaDiA National Park,T032,B0007,SC10,1
S001751,2025-06-04,yellowstone National Park,T011,,SC13,4
S001752,2025-08-11,Redwood National Park ,T050,B0271,SC06,1
S001753,2025-07-13,Zion National Park ,T048,B0387,SC12 - Elk,3
S001754,2025-06-15,aCaDiA National Park,T055,B0130,SC12 - Elk,3
S001755,2025-08-01,yellowstone National Park,T090,B0188,SC07,1
S001756,2025-06-08,Zion National Park ,T112,B0047,SC06,4
S001757,2025-06-06,Grand Canyon National Park ,T038,,SC12 - Elk,1
S001758,2025-07-08,redwood National Park,T057,B0030,SC06,3
S001759,2025-06-01,redwood National Park,T096,B0003,SC22,1
S001760,2025-07-03,grand Canyon National Park,T091,B0078,SC29,1
S001761,2025-06-11,aCaDiA National Park,T048,,SC01,2
S001762,2025-06-14,zIoN National Park,T021,B0206,SC09,3
S001763,2025-07-13,yellowstone National Park,T016,B0086,SC05,1
S001764,2025-07-19,gRaNd Canyon National Park,T057,B0238,SC02,4
S001765,2025-07-13,Acadia National Park ,T119,,SC21,5
S001766,2025-06-03,Grand Canyon National Park ,T037,B0084,SC02,1
S001767,2025-06-13,rEdWoOd National Park,T007,B0060,SC12,2
S001768,2025-06-07,Zion National Park ,T023,B0377,SC30,1
S001769,2025-07-24,acadia National Park,T019,B0264,SC26,3
S001770,2025-07-04,zIoN National Park,T089,,SC20,4
S001771,2025-08-10,zIoN National Park,T029,B0166,SC26,1
S001772,2025-07-18,acadia National Park,T034,B0319,SC27,3
S001773,2025-06-15,redwood National Park,T101,B0037,SC07,2
S001774,2025-08-19,grand Canyon National Park,T039,B0044,SC11,4
S001775,2025-07-07,redwood National Park,T071,B0072,SC28,3
S001776,2025-07-25,Yellowstone National Park ,T078,B0333,SC29,1
S001777,2025-06-25,gLaCiEr National Park,T070,,SC03 - River Otter,4
S001778,2025-08-17,zion National Park,T083,B0388,SC13,1
S001779,2025-08-10,glacier National Park,T088,B0347,SC16,1
S001780,2025-07-11,aCaDiA National Park,T053,B0248,SC18,1
S001781,2025-06-18,rEdWoOd National Park,T083,B0076,SC27,5
S001782,2025-07-16,Yellowstone National Park ,T015,B0308,SC13,4
S001783,2025-06-20,rEdWoOd National Park,T060,B0369,SC21,1
S001784,2025-08-29,Zion National Park ,T006,B0284,SC03,1
S001785,2025-07-26,Zion National Park ,T096,B0060,SC02,3
S001786,2025-08-14,Grand Canyon National Park ,T057,B0170,SC26,1
S001787,2025-07-01,redwood National Park,T039,,SC02,2
S001788,2025-08-12,Redwood National Park ,T068,,SC25 - Mountain Goat,2
S001789,2025-08-26,zIoN National Park,T040,B0224,SC08,1
S001790,2025-08-22,Yellowstone National Park ,T106,B0017,SC18,3
S001791,2025-06-26,grand Canyon National Park,T028,B0263,SC13,1
S001792,2025-07-20,Grand Canyon National Park ,T062,B0251,SC20,4
S001793,2025-08-23,aCaDiA National Park,T094,,SC04,4
S001794,2025-07-19,gRaNd Canyon National Park,T113,B0068,SC26,4
S001795,2025-08-04,aCaDiA National Park,T106,B0195,SC09,5
S001796,2025-07-07,Acadia National Park ,T034,B0026,SC08,2
S001797,2025-07-17,yElLoWsToNe National Park,T076,B0131,sc07,1
S001798,2025-06-06,gLaCiEr National Park,T042,B0051,SC10,2
S001799,2025-07-18,zIoN National Park,T107,B0017,SC02,1
S001800,2025-06-01,Yellowstone National Park ,T028,B0131,SC08,5
S001801,2025-08-27,Zion National Park ,T093,B0105,SC29,1
S001802,2025-07-28,acadia National Park,T015,B0264,SC30,4
S001803,2025-07-28,gLaCiEr National Park,T120,B0072,SC28,2
S001804,2025-07-30,Grand Canyon National Park ,T032,B0087,SC27,1
S001805,2025-07-11,aCaDiA National Park,T059,B0159,SC01,5
S001806,2025-06-10,Zion National Park ,T081,B0108,SC28,4
S001807,2025-06-04,acadia National Park,T059,B0181,SC14,4
S001808,2025-07-29,Glacier National Park ,T001,B0337,Sc18,5
S001809,2025-07-09,acadia National Park,T062,B0118,SC13,1
S001810,2025-06-08,aCaDiA National Park,T028,B0354,SC21,1
S001811,2025-06-05,aCaDiA National Park,T002,B0044,SC12 - Elk,3
S001812,2025-07-24,Glacier National Park ,T089,B0223,SC23,2
S001813,2025-07-12,Yellowstone National Park ,T110,B0266,SC19,3
S001814,2025-08-07,rEdWoOd National Park,T077,B0054,SC11,4
S001815,2025-07-21,Acadia National Park ,T004,B0381,SC22,1
S001816,2025-06-23,gLaCiEr National Park,T018,B0188,SC16,3
S001817,2025-07-05,Glacier National Park ,T040,B0146,SC13,2
S001818,2025-06-07,Zion National Park ,T108,B0149,SC17,5
S001819,2025-06-02,Acadia National Park ,T108,B0389,SC17,1
S001820,2025-08-18,Grand Canyon National Park ,T054,B0074,SC10,2
S001821,2025-08-07,Yellowstone National Park ,T028,B0216,SC09,1
S001822,2025-06-23,gRaNd Canyon National Park,T116,B0258,sc07,2
S001823,2025-08-15,Acadia National Park ,T114,B0139,SC23,1
S001824,2025-06-25,rEdWoOd National Park,T067,B0306,SC16,3
S001825,2025-06-22,Glacier National Park ,T058,B0025,SC22,1
S001826,2025-06-24,Glacier National Park ,T020,B0323,SC29,2
S001827,2025-08-13,Grand Canyon National Park ,T008,B0152,SC02,2
S001828,2025-08-05,Yellowstone National Park ,T010,B0039,SC06,2
S001829,2025-06-08,gRaNd Canyon National Park,T064,B0352,SC02,2
S001830,2025-07-03,yElLoWsToNe National Park,T031,,SC23,1
S001831,2025-07-22,zion National Park,T079,B0069,SC03,1
S001832,2025-07-10,gLaCiEr National Park,T002,B0305,SC15,1
S001833,2025-06-03,zIoN National Park,T076,B0028,SC29,3
S001834,2025-06-15,grand Canyon National Park,T094,B0146,SC15,2
S001835,2025-06-09,zion National Park,T074,B0187,SC16,3
S001836,2025-07-27,aCaDiA National Park,T030,,SC25 - Mountain Goat,3
S001837,2025-06-10,Acadia National Park ,T103,B0395,SC19,1
S001838,2025-08-23,Acadia National Park ,T096,B0220,SC14,1
S001839,2025-08-04,redwood National Park,T031,B0061,SC03 - River Otter,1
S001840,2025-08-23,Grand Canyon National Park ,T062,B0165,Sc18,1
S001841,2025-06-19,yellowstone National Park,T072,B0286,SC08,7
S001842,2025-06-16,Zion National Park ,T098,B0145,SC20,1
S001843,2025-08-14,yellowstone National Park,T059,B0055,SC20,3
S001844,2025-06-11,Grand Canyon National Park ,T052,B0193,SC19,3
S001845,2025-08-08,gLaCiEr National Park,T112,B0285,SC23,1
S001846,2025-08-29,Yellowstone National Park ,T033,B0354,SC10,3
S001847,2025-08-10,gRaNd Canyon National Park,T017,B0060,SC22,6
S001848,2025-06-09,Yellowstone National Park ,T064,B0373,SC08,2
S001849,2025-06-08,yElLoWsToNe National Park,T053,B0230,SC29,1
S001850,2025-06-15,Acadia National Park ,T083,B0336,SC01,2
S001851,2025-08-29,glacier National Park,T019,B0012,SC24,3
S001852,2025-07-07,acadia National Park,T066,,SC12,7
S001853,2025-06-05,yElLoWsToNe National Park,T003,B0353,SC28,1
S001854,2025-08-16,zIoN National Park,T116,B0204,SC04,3
S001855,2025-08-01,gLaCiEr National Park,T095,B0391,SC14,1
S001856,2025-06-20,yellowstone National Park,T057,B0090,SC03,3
S001857,2025-08-25,glacier National Park,T074,B0100,SC05,3
S001858,2025-07-15,glacier National Park,T029,,SC18,1
S001859,2025-08-25,glacier National Park,T106,B0049,SC24,3
S001860,2025-07-22,aCaDiA National Park,T088,B0204,SC13,1
S001861,2025-06-21,grand Canyon National Park,T057,B0035,SC05,3
S001862,2025-08-09,Grand Canyon National Park ,T120,B0157,SC23,1
S001863,2025-07-15,rEdWoOd National Park,T060,B0279,SC12,1
S001864,2025-08-01,Yellowstone National Park ,T020,,SC19,1
S001865,2025-06-06,zion National Park,T098,B0055,SC28,2
S001866,2025-06-06,gRaNd Canyon National Park,T052,B0162,SC08,2
S001867,2025-07-18,Grand Canyon National Park ,T026,,SC19,1
S001868,2025-06-01,aCaDiA National Park,T075,B0196,SC17,1
S001869,2025-06-11,grand Canyon National Park,T058,B0213,SC26,2
S001870,2025-08-26,Grand Canyon National Park ,T103,B0109,SC16,1
S001871,2025-06-05,yElLoWsToNe National Park,T078,B0396,SC22,7
S001872,2025-07-01,gRaNd Canyon National Park,T060,B0376,SC29,2
S001873,2025-07-17,Yellowstone National Park ,T118,,SC23,4
S001874,2025-07-29,Zion National Park ,T086,B0220,SC15,3
S001875,2025-06-08,Zion National Park ,T016,B0011,sc07,2
S001876,2025-08-29,aCaDiA National Park,T017,B0094,SC21,1
S001877,2025-07-20,Redwood National Park ,T061,B0219,SC28,1
S001878,2025-07-03,Grand Canyon National Park ,T058,B0311,SC04,2
S001879,2025-08-25,Redwood National Park ,T039,B0285,SC18,1
S001880,2025-06-18,yElLoWsToNe National Park,T050,,SC18,2
S001881,2025-07-03,yElLoWsToNe National Park,T021,B0178,SC28,7
S001882,2025-08-06,Acadia National Park ,T056,B0309,SC15,5
S001883,2025-07-25,redwood National Park,T084,B0167,Sc18,1
S001884,2025-06-12,gLaCiEr National Park,T070,B0024,SC03,2
S001885,2025-07-26,Yellowstone National Park ,T030,B0012,sc07,4
S001886,2025-08-19,yElLoWsToNe National Park,T045,B0341,sc07,3
S001887,2025-07-20,yellowstone National Park,T112,B0154,SC27,2
S001888,2025-08-25,rEdWoOd National Park,T005,B0352,SC06,2
S001889,2025-06-18,yellowstone National Park,T091,B0020,SC28,3
S001890,2025-06-17,Redwood National Park ,T092,B0332,SC18,3
S001891,2025-07-08,acadia National Park,T049,B0334,SC18,4
S001892,2025-06-21,glacier National Park,T048,,SC23,1
S001893,2025-08-03,acadia National Park,T053,,SC30,2
S001894,2025-08-14,Grand Canyon National Park ,T010,B0080,SC08,5
S001895,2025-07-19,yellowstone National Park,T023,B0321,SC12 - Elk,4
S001896,2025-08-14,Zion National Park ,T028,,SC07,3
S001897,2025-08-10,Glacier National Park ,T108,B0143,SC25,2
S001898,2025-06-02,rEdWoOd National Park,T101,B0065,SC15,1
S001899,2025-07-20,zIoN National Park,T110,B0271,SC12 - Elk,3
S001900,2025-08-23,Redwood National Park ,T113,B0360,SC05,1
S001901,2025-08-28,Zion National Park ,T088,B0342,SC10,5
S001902,2025-08-26,Yellowstone National Park ,T056,,SC04,1
S001903,2025-08-27,Glacier National Park ,T004,B0049,SC05,6
S001904,2025-07-23,Yellowstone National Park ,T035,B0162,SC26,2
S001905,2025-06-06,Zion National Park ,T079,B0087,SC06,2
S001906,2025-07-09,Redwood National Park ,T058,,Sc18,3
S001907,2025-06-16,zion National Park,T091,B0329,SC27,1
S001908,2025-08-23,zIoN National Park,T083,B0047,SC03,5
S001909,2025-06-04,redwood National Park,T047,B0157,SC18,2
S001910,2025-06-13,glacier National Park,T083,B0318,SC22,3
S001911,2025-08-16,grand Canyon National Park,T096,B0143,SC12 - Elk,2
S001912,2025-06-05,yellowstone National Park,T058,B0209,SC27,3
S001913,2025-07-19,gRaNd Canyon National Park,T016,B0249,SC17,2
S001914,2025-07-14,Glacier National Park ,T024,B0305,SC07,1
S001915,2025-08-24,acadia National Park,T025,B0258,SC15,2
S001916,2025-06-18,grand Canyon National Park,T078,B0234,Sc18,1
S001917,2025-08-11,Yellowstone National Park ,T106,B0028,SC07,3
S001918,2025-08-29,glacier National Park,T024,B0156,SC04,4
S001919,2025-08-21,zion National Park,T098,,SC19,2
S001920,2025-07-14,zIoN National Park,T110,,SC25,2
S001921,2025-06-18,Grand Canyon National Park ,T038,B0371,SC28,1
S001922,2025-08-22,aCaDiA National Park,T012,B0245,SC30,5
S001923,2025-07-13,glacier National Park,T038,B0292,SC09,2
S001924,2025-06-27,grand Canyon National Park,T104,B0153,SC06,1
S001925,2025-07-13,aCaDiA National Park,T099,,SC07,1
S001926,2025-06-23,Redwood National Park ,T067,B0104,SC03,2
S001927,2025-06-13,rEdWoOd National Park,T044,B0384,SC12 - Elk,1
S001928,2025-07-22,Yellowstone National Park ,T015,B0279,SC04,3
S001929,2025-08-08,grand Canyon National Park,T070,B0280,SC25 - Mountain Goat,6
S001930,2025-08-21,Zion National Park ,T097,,SC15,2
S001931,2025-07-20,grand Canyon National Park,T037,B0023,SC15,3
S001932,2025-06-02,Zion National Park ,T094,B0113,SC25,1
S001933,2025-08-03,gLaCiEr National Park,T115,B0017,SC15,1
S001934,2025-06-08,Yellowstone National Park ,T107,B0334,SC16,4
S001935,2025-07-24,yellowstone National Park,T111,B0218,SC05,4
S001936,2025-08-01,zion National Park,T120,B0060,SC26,6
S001937,2025-06-27,Yellowstone National Park ,T092,B0078,SC06,4
S001938,2025-07-05,redwood National Park,T101,B0330,SC15,2
S001939,2025-08-04,Redwood National Park ,T010,B0178,SC03,2
S001940,2025-07-22,yellowstone National Park,T106,B0082,SC19,4
S001941,2025-07-13,aCaDiA National Park,T059,B0199,SC25 - Mountain Goat,3
S001942,2025-08-22,zIoN National Park,T047,B0007,SC05,1
S001943,2025-07-20,Acadia National Park ,T019,,SC27,3
S001944,2025-08-02,acadia National Park,T019,B0205,Sc18,5
S001945,2025-08-04,zIoN National Park,T093,,SC01,2
S001946,2025-07-26,zion National Park,T108,,SC04,4
S001947,2025-08-04,acadia National Park,T037,B0383,SC08,1
S001948,2025-08-26,rEdWoOd National Park,T032,B0040,SC28,1
S001949,2025-06-26,Zion National Park ,T055,B0229,SC26,1
S001950,2025-07-21,rEdWoOd National Park,T113,B0259,SC24,3
S001951,2025-06-12,Acadia National Park ,T058,B0275,SC29,4
S001952,2025-07-22,Acadia National Park ,T041,B0060,SC12,1
S001953,2025-08-04,aCaDiA National Park,T062,B0350,SC06,3
S001954,2025-07-31,Redwood National Park ,T082,B0312,SC19,2
S001955,2025-08-19,zion National Park,T103,,Sc18,3
S001956,2025-07-03,yellowstone National Park,T101,B0041,SC09,2
S001957,2025-06-22,Zion National Park ,T001,B0290,SC23,4
S001958,2025-08-25,Grand Canyon National Park ,T067,B0390,SC09,2
S001959,2025-06-27,acadia National Park,T057,B0024,SC09,1
S001960,2025-08-26,grand Canyon National Park,T062,B0377,SC02,2
S001961,2025-06-17,zion National Park,T058,B0060,SC03 - River Otter,2
S001962,2025-06-24,Acadia National Park ,T100,B0368,SC04,2
S001963,2025-07-02,Yellowstone National Park ,T072,B0338,SC23,2
S001964,2025-06-11,gRaNd Canyon National Park,T019,B0185,SC22,4
S001965,2025-08-08,acadia National Park,T056,B0101,SC05,1
S001966,2025-08-18,aCaDiA National Park,T099,B0387,SC06,1
S001967,2025-08-22,redwood National Park,T009,B0386,SC13,4
S001968,2025-07-24,Zion National Park ,T062,B0234,SC03 - River Otter,1
S001969,2025-06-06,yElLoWsToNe National Park,T090,B0352,SC28,1
S001970,2025-07-31,yellowstone National Park,T047,B0058,SC13,1
S001971,2025-07-06,grand Canyon National Park,T057,B0085,Sc18,1
S001972,2025-08-11,Zion National Park ,T003,B0072,SC28,1
S001973,2025-07-03,gLaCiEr National Park,T059,B0342,SC27,4
S001974,2025-08-01,gRaNd Canyon National Park,T086,B0337,SC06,4
S001975,2025-07-28,Redwood National Park ,T021,B0369,SC05,2
S001976,2025-07-25,Yellowstone National Park ,T075,,SC10,3
S001977,2025-08-19,redwood National Park,T093,,SC04,5
S001978,2025-08-19,Grand Canyon National Park ,T054,B0148,sc07,1
S001979,2025-08-03,gLaCiEr National Park,T073,B0243,SC14,1
S001980,2025-08-01,redwood National Park,T075,B0351,SC30,1
S001981,2025-07-13,yellowstone National Park,T072,,SC17,3
S001982,2025-07-24,zIoN National Park,T084,B0275,SC17,2
S001983,2025-08-29,grand Canyon National Park,T064,B0218,SC02,2
S001984,2025-06-07,glacier National Park,T088,B0357,SC12,1
S001985,2025-07-14,rEdWoOd National Park,T068,B0334,SC22,2
S001986,2025-06-24,zIoN National Park,T048,B0043,SC22,4
S001987,2025-06-22,redwood National Park,T083,B0260,SC08,5
S001988,2025-07-06,gRaNd Canyon National Park,T011,B0191,SC01,2
S001989,2025-08-13,zion National Park,T039,B0210,SC11,1
S001990,2025-07-16,grand Canyon National Park,T029,B0361,SC27,2
S001991,2025-08-26,Grand Canyon National Park ,T043,B0067,SC24,4
S001992,2025-06-15,aCaDiA National Park,T030,B0188,SC26,2
S001993,2025-08-12,Redwood National Park ,T037,B0040,SC24,1
S001994,2025-06-17,Redwood National Park ,T068,B0086,SC17,5
S001995,2025-07-31,gLaCiEr National Park,T070,B0337,SC01,3
S001996,2025-08-03,redwood National Park,T040,B0234,SC07,2
S001997,2025-08-12,gLaCiEr National Park,T006,B0073,SC22,2
S001998,2025-07-24,yElLoWsToNe National Park,T041,B0282,SC13,1
S001999,2025-07-17,zIoN National Park,T017,B0243,SC08,3
S002000,2025-07-10,grand Canyon National Park,T011,B0279,SC24,3
S002001,2025-08-16,Acadia National Park ,T049,B0051,SC27,1
S002002,2025-06-17,zIoN National Park,T089,B0171,SC13,1
S002003,2025-07-16,Acadia National Park ,T054,B0373,SC08,3
S002004,2025-06-10,grand Canyon National Park,T019,B0021,SC19,1
S002005,2025-06-11,Acadia National Park ,T028,B0110,SC02,2
S002006,2025-08-19,yellowstone National Park,T106,B0224,SC16,1
S002007,2025-06-26,grand Canyon National Park,T103,B0374,SC25 - Mountain Goat,1
S002008,2025-07-08,zion National Park,T110,B0055,SC25,1
S002009,2025-06-14,yellowstone National Park,T021,B0076,SC10,2
S002010,2025-06-06,glacier National Park,T001,B0324,SC10,4
S002011,2025-07-14,yellowstone National Park,T108,B0271,SC24,3
S002012,2025-07-17,gLaCiEr National Park,T002,B0330,SC30,6
S002013,2025-06-30,glacier National Park,T104,B0101,SC15,3
S002014,2025-06-12,zion National Park,T034,B0102,SC09,2
S002015,2025-06-20,glacier National Park,T117,B0391,Sc18,1
S002016,2025-08-28,Zion National Park ,T049,B0322,SC30,3
S002017,2025-07-21,Acadia National Park ,T029,B0266,SC26,1
S002018,2025-07-09,glacier National Park,T051,B0282,SC27,2
S002019,2025-06-21,redwood National Park,T091,B0201,SC14,2
S002020,2025-07-05,rEdWoOd National Park,T035,B0316,SC24,1
S002021,2025-07-20,aCaDiA National Park,T020,B0390,SC09,1
S002022,2025-08-03,Acadia National Park ,T080,B0095,SC14,4
S002023,2025-06-24,Redwood National Park ,T068,B0318,SC24,1
S002024,2025-08-21,Zion National Park ,T021,B0245,SC22,5
S002025,2025-08-28,rEdWoOd National Park,T097,B0203,SC25,4
S002026,2025-07-13,gLaCiEr National Park,T114,,SC21,3
S002027,2025-06-15,gRaNd Canyon National Park,T070,,SC02,1
S002028,2025-08-12,redwood National Park,T107,B0317,SC14,3
S002029,2025-07-09,glacier National Park,T070,B0349,SC27,1
S002030,2025-06-14,zIoN National Park,T044,B0125,SC15,3
S002031,2025-08-06,Glacier National Park ,T027,,SC17,2
S002032,2025-06-08,Redwood National Park ,T066,B0172,SC15,1
S002033,2025-08-22,rEdWoOd National Park,T087,B0200,SC09,3
S002034,2025-06-04,redwood National Park,T020,,Sc18,2
S002035,2025-07-15,Glacier National Park ,T105,,SC27,1
S002036,2025-08-05,Zion National Park ,T009,B0028,SC12 - Elk,1
S002037,2025-07-23,grand Canyon National Park,T071,B0302,SC14,2
S002038,2025-07-10,yElLoWsToNe National Park,T079,B0245,SC23,1
S002039,2025-07-09,zion National Park,T049,B0269,SC20,2
S002040,2025-08-12,Yellowstone National Park ,T079,B0263,SC19,5
S002041,2025-06-06,redwood National Park,T041,B0221,SC18,1
S002042,2025-08-07,zion National Park,T111,B0002,SC26,3
S002043,2025-07-20,Glacier National Park ,T038,B0055,SC22,1
S002044,2025-07-21,Zion National Park ,T027,B0318,SC27,5
S002045,2025-07-10,zion National Park,T004,,SC02,2
S002046,2025-08-08,Zion National Park ,T021,B0400,SC24,1
S002047,2025-06-05,Acadia National Park ,T029,B0233,SC05,1
S002048,2025-07-31,Redwood National Park ,T073,B0366,SC25,3
S002049,2025-06-24,yellowstone National Park,T009,B0150,SC25,3
S002050,2025-07-21,Glacier National Park ,T090,B0207,SC16,1
S002051,2025-06-17,Redwood National Park ,T071,B0232,SC01,1
S002052,2025-06-01,acadia National Park,T034,B0253,SC03 - River Otter,1
S002053,2025-08-04,acadia National Park,T009,B0027,SC02,3
S002054,2025-06-22,Grand Canyon National Park ,T008,B0217,SC20,3
S002055,2025-06-25,rEdWoOd National Park,T061,B0042,SC06,2
S002056,2025-06-21,gRaNd Canyon National Park,T020,,SC24,4
S002057,2025-06-27,Yellowstone National Park ,T101,B0204,SC10,2
S002058,2025-08-22,aCaDiA National Park,T104,B0389,SC25 - Mountain Goat,2
S002059,2025-08-10,Grand Canyon National Park ,T050,B0165,SC05,1
S002060,2025-07-06,Grand Canyon National Park ,T094,B0101,SC03 - River Otter,3
S002061,2025-08-07,aCaDiA National Park,T049,,SC22,4
S002062,2025-06-08,aCaDiA National Park,T041,B0163,SC04,3
S002063,2025-08-25,yElLoWsToNe National Park,T115,B0073,SC04,4
S002064,2025-06-09,Acadia National Park ,T030,B0040,SC02,1
S002065,2025-06-22,glacier National Park,T063,B0133,SC29,4
S002066,2025-06-19,gLaCiEr National Park,T065,B0163,SC26,2
S002067,2025-08-09,acadia National Park,T073,B0178,SC29,1
S002068,2025-07-16,Grand Canyon National Park ,T095,B0267,SC19,2
S002069,2025-08-23,zion National Park,T073,B0386,sc07,3
S002070,2025-08-28,gLaCiEr National Park,T076,B0269,SC21,3
S002071,2025-07-11,Zion National Park ,T105,B0260,SC12,1
S002072,2025-08-16,Glacier National Park ,T038,B0100,SC02,3
S002073,2025-06-17,Acadia National Park ,T108,,SC02,3
S002074,2025-08-19,rEdWoOd National Park,T057,B0165,SC27,3
S002075,2025-08-16,Yellowstone National Park ,T026,B0370,SC10,1
S002076,2025-06-08,Acadia National Park ,T014,B0291,SC01,1
S002077,2025-08-13,Grand Canyon National Park ,T037,,SC12,7
S002078,2025-07-01,Yellowstone National Park ,T079,B0023,SC26,2
S002079,2025-06-15,zIoN National Park,T055,B0303,SC29,1
S002080,2025-07-14,Grand Canyon National Park ,T083,B0069,SC03 - River Otter,1
S002081,2025-06-06,Yellowstone National Park ,T053,B0360,SC25,3
S002082,2025-06-07,redwood National Park,T058,B0345,SC20,3
S002083,2025-06-23,glacier National Park,T090,B0250,SC25 - Mountain Goat,2
S002084,2025-06-10,Redwood National Park ,T080,B0067,SC12 - Elk,3
S002085,2025-08-17,yElLoWsToNe National Park,T112,B0201,SC12,1
S002086,2025-07-18,glacier National Park,T003,B0387,SC09,1
S002087,2025-07-11,zIoN National Park,T092,B0028,SC29,1
S002088,2025-08-19,zion National Park,T073,B0313,SC01,3
S002089,2025-08-29,Yellowstone National Park ,T004,B0029,SC29,2
S002090,2025-06-06,glacier National Park,T015,B0389,SC06,2
S002091,2025-07-07,grand Canyon National Park,T001,B0142,SC19,2
S002092,2025-07-26,grand Canyon National Park,T014,B0209,SC03,3
S002093,2025-06-26,yElLoWsToNe National Park,T049,B0096,SC05,2
S002094,2025-06-24,Glacier National Park ,T099,B0285,SC11,3
S002095,2025-08-18,redwood National Park,T008,B0260,SC14,2
S002096,2025-08-09,acadia National Park,T006,B0306,SC04,4
S002097,2025-06-11,zIoN National Park,T036,B0156,SC28,2
S002098,2025-08-17,Grand Canyon National Park ,T014,B0061,SC30,1
S002099,2025-08-27,grand Canyon National Park,T102,B0007,SC08,6
S002100,2025-07-27,Grand Canyon National Park ,T050,B0172,SC29,3
S002101,2025-08-11,Glacier National Park ,T002,B0038,SC25 - Mountain Goat,1
S002102,2025-07-28,yellowstone National Park,T099,B0189,SC08,1
S002103,2025-08-26,Grand Canyon National Park ,T109,B0214,SC22,2
S002104,2025-06-05,Glacier National Park ,T066,B0378,SC08,3
S002105,2025-08-08,glacier National Park,T088,B0174,SC24,1
S002106,2025-08-24,zIoN National Park,T027,,SC01,3
S002107,2025-07-09,redwood National Park,T029,B0171,SC27,5
S002108,2025-07-21,zion National Park,T016,B0356,SC05,6
S002109,2025-08-04,zIoN National Park,T052,B0049,SC08,3
S002110,2025-08-25,acadia National Park,T058,B0093,SC25 - Mountain Goat,1
S002111,2025-08-28,Grand Canyon National Park ,T061,B0237,SC03 - River Otter,1
S002112,2025-06-30,Glacier National Park ,T004,,SC03 - River Otter,1
S002113,2025-06-02,Glacier National Park ,T046,B0132,SC01,1
S002114,2025-08-11,Zion National Park ,T111,B0090,SC18,1
S002115,2025-08-21,Grand Canyon National Park ,T109,B0075,SC27,5
S002116,2025-06-27,rEdWoOd National Park,T002,B0179,SC19,4
S002117,2025-07-08,gRaNd Canyon National Park,T104,B0316,SC22,4
S002118,2025-08-27,gRaNd Canyon National Park,T026,B0362,SC03 - River Otter,2
S002119,2025-06-11,Acadia National Park ,T035,B0013,SC09,2
S002120,2025-07-28,aCaDiA National Park,T086,B0189,SC24,1
S002121,2025-08-03,Glacier National Park ,T020,B0354,SC01,2
S002122,2025-07-06,Redwood National Park ,T013,B0301,SC26,1
S002123,2025-07-08,yElLoWsToNe National Park,T060,B0237,sc07,1
S002124,2025-08-27,Acadia National Park ,T024,B0063,SC12,1
S002125,2025-06-29,Redwood National Park ,T101,B0271,SC25,1
S002126,2025-06-01,acadia National Park,T056,,SC16,3
S002127,2025-08-06,yElLoWsToNe National Park,T018,B0050,SC01,3
S002128,2025-08-25,Glacier National Park ,T054,,SC07,1
S002129,2025-06-18,aCaDiA National Park,T042,B0307,SC05,1
S002130,2025-07-30,yellowstone National Park,T113,B0219,SC18,1
S002131,2025-08-28,gRaNd Canyon National Park,T038,B0163,SC26,2
S002132,2025-08-05,Redwood National Park ,T041,B0216,SC05,2
S002133,2025-06-11,grand Canyon National Park,T053,B0387,SC07,2
S002134,2025-07-20,Glacier National Park ,T095,B0297,SC03 - River Otter,4
S002135,2025-06-11,glacier National Park,T078,B0366,Sc18,2
S002136,2025-08-27,yellowstone National Park,T003,B0238,SC22,1
S002137,2025-08-11,gLaCiEr National Park,T025,B0213,SC09,3
S002138,2025-06-13,gRaNd Canyon National Park,T034,,SC18,1
S002139,2025-07-22,zion National Park,T068,B0078,SC17,2
S002140,2025-08-14,glacier National Park,T080,B0391,SC06,1
S002141,2025-07-07,Glacier National Park ,T115,B0392,SC27,7
S002142,2025-07-06,acadia National Park,T105,B0359,SC13,2
S002143,2025-07-17,aCaDiA National Park,T120,B0350,SC06,1
S002144,2025-06-09,Yellowstone National Park ,T002,B0289,SC05,2
S002145,2025-07-08,aCaDiA National Park,T038,B0082,SC26,2
S002146,2025-08-22,grand Canyon National Park,T022,B0382,SC27,1
S002147,2025-08-11,gLaCiEr National Park,T111,B0309,SC26,1
S002148,2025-06-17,Redwood National Park ,T001,B0026,SC27,3
S002149,2025-07-12,Grand Canyon National Park ,T057,B0126,SC28,1
S002150,2025-07-14,zIoN National Park,T014,B0376,SC02,2
S002151,2025-07-04,redwood National Park,T018,B0354,SC18,1
S002152,2025-07-06,aCaDiA National Park,T099,B0077,SC23,2
S002153,2025-07-10,acadia National Park,T068,,SC01,3
S002154,2025-07-08,rEdWoOd National Park,T109,,SC12,3
S002155,2025-08-22,Yellowstone National Park ,T067,B0137,SC13,2
S002156,2025-08-16,Grand Canyon National Park ,T034,B0377,SC29,4
S002157,2025-06-23,zion National Park,T049,B0394,SC09,2
S002158,2025-08-12,yellowstone National Park,T106,B0161,SC04,1
S002159,2025-08-05,Grand Canyon National Park ,T090,B0346,SC17,2
S002160,2025-08-09,yellowstone National Park,T018,,SC28,1
S002161,2025-07-18,gRaNd Canyon National Park,T067,B0299,SC03,1
S002162,2025-06-06,gRaNd Canyon National Park,T089,B0045,SC09,4
S002163,2025-06-30,yellowstone National Park,T073,B0377,SC25,1
S002164,2025-06-14,Zion National Park ,T040,,SC11,1
S002165,2025-07-07,gLaCiEr National Park,T047,B0329,SC10,3
S002166,2025-08-07,yElLoWsToNe National Park,T069,,SC25 - Mountain Goat,1
S002167,2025-06-21,grand Canyon National Park,T016,B0342,SC09,1
S002168,2025-06-11,Grand Canyon National Park ,T029,B0190,SC15,2
S002169,2025-08-06,Yellowstone National Park ,T059,B0133,SC02,4
S002170,2025-08-28,aCaDiA National Park,T005,B0235,SC12,1
S002171,2025-06-15,redwood National Park,T109,B0169,SC13,3
S002172,2025-08-16,Grand Canyon National Park ,T025,B0301,SC25,1
S002173,2025-07-28,yElLoWsToNe National Park,T098,B0135,SC03 - River Otter,2
S002174,2025-06-05,Grand Canyon National Park ,T109,,SC02,3
S002175,2025-08-13,redwood National Park,T088,B0214,SC25 - Mountain Goat,2
S002176,2025-08-29,redwood National Park,T009,B0068,SC04,1
S002177,2025-08-02,aCaDiA National Park,T056,B0094,SC30,1
S002178,2025-06-03,gRaNd Canyon National Park,T003,B0111,SC29,1
S002179,2025-07-23,grand Canyon National Park,T015,B0217,SC25,3
S002180,2025-07-04,Zion National Park ,T091,B0267,SC25,4
S002181,2025-07-12,glacier National Park,T080,,SC17,2
S002182,2025-08-17,Glacier National Park ,T046,B0075,SC12,1
S002183,2025-07-09,Yellowstone National Park ,T117,B0088,SC01,4
S002184,2025-06-14,acadia National Park,T050,B0091,SC20,4
S002185,2025-06-15,grand Canyon National Park,T080,B0149,SC28,2
S002186,2025-06-26,Zion National Park ,T097,B0007,SC15,6
S002187,2025-07-07,Acadia National Park ,T047,B0025,SC01,2
S002188,2025-08-13,Redwood National Park ,T103,,SC23,2
S002189,2025-07-12,Yellowstone National Park ,T093,B0292,SC07,1
S002190,2025-06-10,Acadia National Park ,T025,,sc07,2
S002191,2025-08-13,yElLoWsToNe National Park,T078,B0318,SC10,4
S002192,2025-08-09,gRaNd Canyon National Park,T071,B0249,SC22,1
S002193,2025-06-24,Zion National Park ,T017,B0203,SC26,4
S002194,2025-07-31,zIoN National Park,T082,B0329,SC30,2
S002195,2025-06-23,gLaCiEr National Park,T005,,SC26,6
S002196,2025-08-06,grand Canyon National Park,T088,B0344,SC30,1
S002197,2025-08-23,Grand Canyon National Park ,T106,B0280,SC02,5
S002198,2025-08-09,yellowstone National Park,T029,B0351,SC26,2
S002199,2025-07-10,Redwood National Park ,T116,B0350,SC18,1
S002200,2025-08-13,acadia National Park,T035,,SC16,1
S002201,2025-08-11,yElLoWsToNe National Park,T067,B0044,SC10,2
S002202,2025-07-10,Glacier National Park ,T079,B0243,SC03,5
S002203,2025-07-24,Acadia National Park ,T091,B0169,SC01,4
S002204,2025-06-22,zion National Park,T046,B0011,SC23,3
S002205,2025-08-01,Acadia National Park ,T024,B0397,SC05,1
S002206,2025-08-17,zIoN National Park,T062,B0082,SC25,1
S002207,2025-08-07,Grand Canyon National Park ,T040,B0284,SC03,1
S002208,2025-08-13,Acadia National Park ,T084,,SC18,2
S002209,2025-08-07,aCaDiA National Park,T109,B0184,SC24,3
S002210,2025-07-13,grand Canyon National Park,T081,B0070,SC11,2
S002211,2025-07-07,Acadia National Park ,T111,B0056,SC30,2
S002212,2025-07-16,yElLoWsToNe National Park,T064,B0306,Sc18,1
S002213,2025-07-06,Grand Canyon National Park ,T038,B0076,SC09,2
S002214,2025-06-30,gLaCiEr National Park,T092,B0194,SC02,1
S002215,2025-08-26,glacier National Park,T104,B0177,SC05,5
S002216,2025-06-13,Zion National Park ,T023,B0345,SC07,2
S002217,2025-07-13,grand Canyon National Park,T055,B0249,SC10,2
S002218,2025-07-04,aCaDiA National Park,T025,,Sc18,3
S002219,2025-06-16,rEdWoOd National Park,T110,,SC12 - Elk,3
S002220,2025-06-23,aCaDiA National Park,T083,B0042,SC12,2
S002221,2025-06-24,Redwood National Park ,T041,B0290,SC24,2
S002222,2025-07-23,grand Canyon National Park,T012,B0103,SC24,5
S002223,2025-08-01,yElLoWsToNe National Park,T045,B0205,SC01,3
S002224,2025-07-31,zIoN National Park,T027,B0181,SC22,3
S002225,2025-06-22,glacier National Park,T050,B0250,SC16,2
S002226,2025-07-27,yElLoWsToNe National Park,T041,B0391,SC06,2
S002227,2025-08-26,Glacier National Park ,T081,B0194,SC04,1
S002228,2025-08-24,rEdWoOd National Park,T065,B0143,SC19,2
S002229,2025-07-13,yellowstone National Park,T018,B0396,Sc18,3
S002230,2025-07-14,zion National Park,T031,B0169,SC05,3
S002231,2025-07-04,Grand Canyon National Park ,T001,B0269,SC15,4
S002232,2025-08-22,gLaCiEr National Park,T068,B0276,SC01,1
S002233,2025-06-22,zIoN National Park,T087,,SC10,1
S002234,2025-06-14,zion National Park,T107,B0159,SC29,3
S002235,2025-06-15,gLaCiEr National Park,T059,B0051,SC22,1
S002236,2025-07-14,redwood National Park,T089,B0130,SC11,3
S002237,2025-06-03,zion National Park,T045,B0306,SC05,1
S002238,2025-06-01,glacier National Park,T070,B0344,SC30,2
S002239,2025-06-11,grand Canyon National Park,T107,B0056,SC03 - River Otter,4
S002240,2025-08-26,acadia National Park,T011,B0304,SC15,2
S002241,2025-07-18,rEdWoOd National Park,T108,B0006,SC26,4
S002242,2025-08-07,yElLoWsToNe National Park,T005,B0209,SC21,3
S002243,2025-08-20,gLaCiEr National Park,T067,B0346,SC19,2
S002244,2025-08-02,Acadia National Park ,T030,B0196,SC16,1
S002245,2025-08-01,Redwood National Park ,T037,B0316,SC03,2
S002246,2025-08-03,glacier National Park,T055,B0208,SC02,5
S002247,2025-06-16,grand Canyon National Park,T082,B0367,SC09,3
S002248,2025-06-25,yElLoWsToNe National Park,T002,B0228,SC13,2
S002249,2025-07-28,yElLoWsToNe National Park,T016,B0227,SC15,1
S002250,2025-06-23,Acadia National Park ,T042,B0051,SC01,2
S002251,2025-06-25,gLaCiEr National Park,T015,B0366,SC20,2
S002252,2025-07-13,gRaNd Canyon National Park,T107,,SC02,2
S002253,2025-08-07,rEdWoOd National Park,T037,,SC09,1
S002254,2025-07-15,Grand Canyon National Park ,T005,B0295,SC22,1
S002255,2025-08-12,Redwood National Park ,T059,B0045,SC27,1
S002256,2025-07-15,glacier National Park,T063,B0010,SC03 - River Otter,1
S002257,2025-07-16,Zion National Park ,T047,B0173,SC09,3
S002258,2025-06-15,acadia National Park,T007,B0155,SC29,1
S002259,2025-07-19,grand Canyon National Park,T097,B0100,SC03,6
S002260,2025-07-03,Acadia National Park ,T069,B0074,SC08,2
S002261,2025-07-15,Grand Canyon National Park ,T020,,SC13,3
S002262,2025-08-17,Redwood National Park ,T066,B0033,SC07,1
S002263,2025-06-17,aCaDiA National Park,T094,B0208,SC08,2
S002264,2025-07-30,redwood National Park,T074,B0042,SC03,3
S002265,2025-06-18,zIoN National Park,T096,B0116,SC01,1
S002266,2025-08-19,Acadia National Park ,T034,,SC25,2
S002267,2025-06-08,aCaDiA National Park,T035,B0007,SC10,2
S002268,2025-07-30,gLaCiEr National Park,T028,B0117,SC09,4
S002269,2025-08-24,zIoN National Park,T085,B0220,SC11,1
S002270,2025-07-25,Grand Canyon National Park ,T079,B0111,sc07,1
S002271,2025-07-29,grand Canyon National Park,T052,B0308,SC23,3
S002272,2025-07-08,acadia National Park,T088,B0028,SC19,1
S002273,2025-08-23,gRaNd Canyon National Park,T090,B0078,SC26,2
S002274,2025-07-22,Redwood National Park ,T108,B0006,SC12,2
S002275,2025-08-15,Yellowstone National Park ,T012,B0295,SC10,2
S002276,2025-06-20,grand Canyon National Park,T010,B0148,SC10,2
S002277,2025-08-25,zIoN National Park,T024,B0110,SC27,2
S002278,2025-07-17,yElLoWsToNe National Park,T004,,SC30,1
S002279,2025-06-25,Redwood National Park ,T084,B0385,SC25 - Mountain Goat,1
S002280,2025-07-02,gRaNd Canyon National Park,T028,B0397,SC24,2
S002281,2025-06-11,Zion National Park ,T024,B0132,SC19,1
S002282,2025-08-25,gLaCiEr National Park,T042,B0240,SC13,2
S002283,2025-08-24,gLaCiEr National Park,T001,B0207,SC13,1
S002284,2025-08-19,grand Canyon National Park,T078,B0089,SC14,1
S002285,2025-08-22,Redwood National Park ,T086,B0214,SC01,3
S002286,2025-08-21,Zion National Park ,T007,B0302,SC10,1
S002287,2025-08-19,gLaCiEr National Park,T118,B0363,SC21,1
S002288,2025-06-09,Acadia National Park ,T111,B0093,SC11,2
S002289,2025-08-28,Zion National Park ,T022,B0146,SC03 - River Otter,1
S002290,2025-07-26,yellowstone National Park,T087,B0333,SC16,1
S002291,2025-06-03,redwood National Park,T018,B0182,SC09,4
S002292,2025-07-27,aCaDiA National Park,T113,B0225,SC25,5
S002293,2025-08-09,yellowstone National Park,T063,B0258,SC19,1
S002294,2025-06-09,rEdWoOd National Park,T006,B0365,SC27,1
S002295,2025-07-27,redwood National Park,T004,B0122,SC08,1
S002296,2025-06-16,gLaCiEr National Park,T067,B0390,SC23,1
S002297,2025-06-14,Redwood National Park ,T010,B0220,SC10,1
S002298,2025-06-23,gRaNd Canyon National Park,T030,B0135,SC27,2
S002299,2025-07-10,yElLoWsToNe National Park,T060,B0383,SC18,2
S002300,2025-07-31,Acadia National Park ,T012,B0363,SC12,2
S002301,2025-07-19,redwood National Park,T063,B0259,SC11,1
S002302,2025-06-06,gRaNd Canyon National Park,T065,B0094,SC20,2
S002303,2025-08-11,redwood National Park,T066,B0029,SC14,4
S002304,2025-07-01,Zion National Park ,T017,B0091,SC10,3
S002305,2025-07-26,yElLoWsToNe National Park,T063,B0179,SC15,1
S002306,2025-06-25,Glacier National Park ,T073,B0292,SC29,1
S002307,2025-06-19,Acadia National Park ,T053,B0025,SC01,5
S002308,2025-08-16,Yellowstone National Park ,T088,B0119,SC26,2
S002309,2025-06-15,Glacier National Park ,T118,,SC09,3
S002310,2025-06-20,Redwood National Park ,T054,B0199,SC25,2
S002311,2025-06-02,zIoN National Park,T089,B0241,SC29,3
S002312,2025-06-08,Acadia National Park ,T001,B0287,SC16,1
S002313,2025-07-05,Zion National Park ,T117,B0019,SC06,2
S002314,2025-08-11,Yellowstone National Park ,T060,B0187,SC15,1
S002315,2025-06-19,yElLoWsToNe National Park,T116,B0062,SC14,4
S002316,2025-08-05,Redwood National Park ,T108,B0094,SC28,2
S002317,2025-07-05,gLaCiEr National Park,T109,B0361,SC24,5
S002318,2025-07-09,acadia National Park,T005,,SC10,2
S002319,2025-07-19,zion National Park,T066,B0080,SC16,1
S002320,2025-08-20,Glacier National Park ,T026,B0034,SC12,3
S002321,2025-08-23,zIoN National Park,T036,B0137,SC05,3
S002322,2025-08-10,aCaDiA National Park,T010,B0120,SC14,1
S002323,2025-06-22,zion National Park,T113,B0049,SC25,2
S002324,2025-06-28,Zion National Park ,T106,,SC13,3
S002325,2025-07-15,rEdWoOd National Park,T112,B0284,SC12,3
S002326,2025-07-11,yellowstone National Park,T069,B0280,SC28,4
S002327,2025-08-15,Zion National Park ,T071,B0100,SC03,3
S002328,2025-06-08,Redwood National Park ,T111,B0210,SC10,2
S002329,2025-07-01,aCaDiA National Park,T051,,SC06,5
S002330,2025-06-07,yellowstone National Park,T107,B0321,SC24,4
S002331,2025-06-02,zIoN National Park,T056,B0104,SC16,1
S002332,2025-08-22,Yellowstone National Park ,T073,,SC12,3
S002333,2025-07-20,Redwood National Park ,T069,B0382,SC16,1
S002334,2025-06-25,acadia National Park,T088,B0164,SC10,2
S002335,2025-07-14,Zion National Park ,T082,,SC26,6
S002336,2025-06-11,zIoN National Park,T004,B0031,SC25 - Mountain Goat,3
S002337,2025-07-31,grand Canyon National Park,T112,B0162,SC21,2
S002338,2025-08-02,Yellowstone National Park ,T051,B0103,SC09,4
S002339,2025-08-11,redwood National Park,T012,B0038,SC07,2
S002340,2025-08-14,rEdWoOd National Park,T058,,SC23,4
S002341,2025-08-23,rEdWoOd National Park,T042,B0307,SC12 - Elk,3
S002342,2025-06-16,gLaCiEr National Park,T071,B0337,SC07,2
S002343,2025-08-19,glacier National Park,T019,B0387,SC29,3
S002344,2025-08-13,Redwood National Park ,T068,B0179,SC05,1
S002345,2025-07-07,glacier National Park,T091,B0200,SC18,2
S002346,2025-07-28,Yellowstone National Park ,T106,B0238,SC11,5
S002347,2025-07-29,Glacier National Park ,T006,B0166,SC07,3
S002348,2025-08-11,redwood National Park,T096,B0290,SC10,1
S002349,2025-06-27,Glacier National Park ,T034,B0354,SC15,6
S002350,2025-07-23,yellowstone National Park,T091,B0373,SC23,1
S002351,2025-06-20,aCaDiA National Park,T002,B0291,SC11,2
S002352,2025-07-30,Zion National Park ,T019,B0123,SC23,1
S002353,2025-06-22,rEdWoOd National Park,T063,B0156,SC21,2
S002354,2025-08-06,rEdWoOd National Park,T092,B0083,SC24,2
S002355,2025-07-17,Grand Canyon National Park ,T098,B0205,SC25,1
S002356,2025-08-10,Redwood National Park ,T104,B0176,SC20,2
S002357,2025-07-09,redwood National Park,T082,B0344,SC24,3
S002358,2025-08-15,grand Canyon National Park,T107,B0354,SC07,5
S002359,2025-06-12,grand Canyon National Park,T100,B0373,SC05,4
S002360,2025-06-27,gLaCiEr National Park,T051,B0336,SC30,2
S002361,2025-07-07,Grand Canyon National Park ,T043,B0239,SC27,1
S002362,2025-06-24,redwood National Park,T087,B0260,SC03,2
S002363,2025-06-12,redwood National Park,T096,,SC10,3
S002364,2025-07-17,Acadia National Park ,T026,B0233,SC03,1
S002365,2025-06-18,zIoN National Park,T082,B0057,SC16,1
S002366,2025-08-20,Yellowstone National Park ,T088,,SC18,2
S002367,2025-07-19,gLaCiEr National Park,T116,B0328,SC22,3
S002368,2025-07-23,Zion National Park ,T005,B0377,SC19,1
S002369,2025-08-26,Acadia National Park ,T008,B0169,SC12,3
S002370,2025-07-02,Redwood National Park ,T040,B0244,SC13,2
S002371,2025-08-10,Redwood National Park ,T022,B0356,SC04,1
S002372,2025-06-22,Redwood National Park ,T062,B0037,SC04,2
S002373,2025-06-04,Zion National Park ,T071,B0153,SC28,5
S002374,2025-06-03,Yellowstone National Park ,T053,B0253,SC01,1
S002375,2025-08-08,redwood National Park,T118,B0096,SC04,1
S002376,2025-08-28,gRaNd Canyon National Park,T050,B0216,SC03 - River Otter,5
S002377,2025-08-25,acadia National Park,T019,B0138,SC17,1
S002378,2025-07-18,Grand Canyon National Park ,T087,B0269,SC25 - Mountain Goat,1
S002379,2025-06-21,redwood National Park,T026,B0371,SC15,3
S002380,2025-08-16,redwood National Park,T085,B0205,SC22,1
S002381,2025-06-20,Zion National Park ,T114,B0365,SC17,3
S002382,2025-08-01,aCaDiA National Park,T098,B0246,SC03,1
S002383,2025-07-06,Yellowstone National Park ,T053,B0219,SC17,3
S002384,2025-08-14,grand Canyon National Park,T063,B0212,SC17,2
S002385,2025-08-03,zion National Park,T073,B0349,SC06,1
S002386,2025-06-17,glacier National Park,T054,B0034,SC23,1
S002387,2025-07-29,zIoN National Park,T061,B0176,SC03,3
S002388,2025-06-03,Grand Canyon National Park ,T116,,SC06,3
S002389,2025-08-07,grand Canyon National Park,T114,B0091,SC21,3
S002390,2025-07-18,Zion National Park ,T002,B0132,SC05,2
S002391,2025-06-01,rEdWoOd National Park,T037,B0344,SC05,2
S002392,2025-07-30,redwood National Park,T090,B0368,SC03,2
S002393,2025-07-12,gRaNd Canyon National Park,T082,B0225,SC19,4
S002394,2025-08-03,gRaNd Canyon National Park,T001,B0251,SC07,3
S002395,2025-08-22,glacier National Park,T049,B0227,SC10,4
S002396,2025-08-22,yellowstone National Park,T054,B0228,SC03,1
S002397,2025-06-04,glacier National Park,T014,,SC13,3
S002398,2025-07-04,aCaDiA National Park,T059,B0016,SC11,2
S002399,2025-07-31,Yellowstone National Park ,T055,B0117,SC04,2
S002400,2025-06-08,Glacier National Park ,T072,B0013,SC22,3
S002401,2025-08-29,acadia National Park,T095,B0384,SC12,2
S002402,2025-07-14,zion National Park,T048,B0208,SC10,2
S002403,2025-07-15,Redwood National Park ,T068,B0236,SC30,4
S002404,2025-08-03,Yellowstone National Park ,T069,B0159,SC05,2
S002405,2025-08-25,zIoN National Park,T032,,SC21,3
S002406,2025-06-05,Glacier National Park ,T001,,SC08,2
S002407,2025-08-16,Acadia National Park ,T060,,SC18,2
S002408,2025-06-26,Grand Canyon National Park ,T077,B0274,sc07,1
S002409,2025-06-11,zIoN National Park,T094,B0259,SC09,1
S002410,2025-08-28,redwood National Park,T073,B0287,SC30,4
S002411,2025-08-03,zIoN National Park,T018,B0002,SC11,2
S002412,2025-06-14,Glacier National Park ,T113,B0157,SC19,2
S002413,2025-08-16,Acadia National Park ,T050,B0206,SC03,1
S002414,2025-08-09,zIoN National Park,T028,B0291,SC27,2
S002415,2025-08-28,glacier National Park,T011,B0274,SC28,2
S002416,2025-08-21,yellowstone National Park,T017,B0225,SC26,3
S002417,2025-07-30,Redwood National Park ,T030,B0028,SC17,2
S002418,2025-08-21,glacier National Park,T052,B0021,SC12 - Elk,1
S002419,2025-07-01,grand Canyon National Park,T020,,SC09,1
S002420,2025-08-26,glacier National Park,T051,B0079,SC25,4
S002421,2025-08-01,yElLoWsToNe National Park,T023,B0077,SC27,3
S002422,2025-06-27,Glacier National Park ,T062,B0054,SC19,3
S002423,2025-06-13,Grand Canyon National Park ,T022,B0298,SC03,1
S002424,2025-08-05,yellowstone National Park,T105,,SC23,3
S002425,2025-08-11,redwood National Park,T028,B0139,SC16,3
S002426,2025-06-24,yElLoWsToNe National Park,T052,B0266,SC30,1
S002427,2025-08-11,acadia National Park,T023,B0196,SC12 - Elk,4
S002428,2025-08-11,Acadia National Park ,T003,B0383,SC05,3
S002429,2025-06-18,yElLoWsToNe National Park,T015,B0239,SC23,1
S002430,2025-06-12,zion National Park,T075,,SC26,1
S002431,2025-06-08,zion National Park,T051,B0149,SC24,3
S002432,2025-06-13,Zion National Park ,T073,B0226,SC02,5
S002433,2025-07-13,aCaDiA National Park,T056,B0088,SC25,1
S002434,2025-06-17,glacier National Park,T107,B0226,SC05,1
S002435,2025-06-14,zion National Park,T058,B0342,SC30,1
S002436,2025-06-06,redwood National Park,T040,,SC22,2
S002437,2025-06-27,Acadia National Park ,T042,B0321,SC02,3
S002438,2025-06-21,Grand Canyon National Park ,T107,B0391,SC17,1
S002439,2025-07-24,zion National Park,T025,B0042,SC21,4
S002440,2025-07-27,yellowstone National Park,T020,B0007,SC19,3
S002441,2025-07-04,rEdWoOd National Park,T029,B0217,SC17,4
S002442,2025-08-21,acadia National Park,T044,B0055,SC05,4
S002443,2025-07-21,glacier National Park,T020,B0115,SC17,3
S002444,2025-06-15,redwood National Park,T070,B0006,SC19,1
S002445,2025-06-01,Grand Canyon National Park ,T110,B0145,SC04,3
S002446,2025-07-02,Zion National Park ,T071,B0002,SC08,2
S002447,2025-07-12,gRaNd Canyon National Park,T090,B0187,SC25,6
S002448,2025-08-25,acadia National Park,T072,B0381,SC19,1
S002449,2025-07-11,Grand Canyon National Park ,T086,B0252,SC12,1
S002450,2025-08-14,gRaNd Canyon National Park,T056,B0177,SC03,5
S002451,2025-08-01,zIoN National Park,T057,B0052,SC11,1
S002452,2025-08-27,Redwood National Park ,T086,B0053,SC25,1
S002453,2025-07-16,zion National Park,T043,B0294,SC11,5
S002454,2025-07-19,Yellowstone National Park ,T103,B0048,sc07,1
S002455,2025-08-29,redwood National Park,T047,B0320,SC09,3
S002456,2025-06-25,Zion National Park ,T029,,SC06,3
S002457,2025-06-25,Yellowstone National Park ,T035,B0132,SC16,1
S002458,2025-06-23,zIoN National Park,T015,B0278,SC12 - Elk,1
S002459,2025-06-22,yellowstone National Park,T010,B0182,SC12 - Elk,1
S002460,2025-07-30,redwood National Park,T040,B0035,SC12,6
S002461,2025-06-14,aCaDiA National Park,T066,B0228,SC06,1
S002462,2025-06-06,grand Canyon National Park,T061,B0193,SC14,1
S002463,2025-08-24,rEdWoOd National Park,T064,,SC08,1
S002464,2025-06-10,yellowstone National Park,T026,B0377,Sc18,5
S002465,2025-08-23,yElLoWsToNe National Park,T010,B0398,SC25 - Mountain Goat,1
S002466,2025-08-14,yellowstone National Park,T057,B0051,SC23,4
S002467,2025-08-17,rEdWoOd National Park,T003,B0246,SC26,1
S002468,2025-08-07,Zion National Park ,T052,B0137,SC25,3
S002469,2025-08-14,yElLoWsToNe National Park,T067,B0036,SC25,1
S002470,2025-08-11,redwood National Park,T096,B0108,SC12 - Elk,4
S002471,2025-07-03,gRaNd Canyon National Park,T042,B0184,SC23,3
S002472,2025-08-13,yellowstone National Park,T061,B0113,SC20,1
S002473,2025-07-23,gRaNd Canyon National Park,T008,,SC11,2
S002474,2025-06-04,rEdWoOd National Park,T071,B0145,SC22,2
S002475,2025-08-15,Yellowstone National Park ,T022,B0223,sc07,2
S002476,2025-06-14,gLaCiEr National Park,T072,B0386,SC06,3
S002477,2025-07-03,yellowstone National Park,T044,B0201,SC25 - Mountain Goat,2
S002478,2025-06-12,yElLoWsToNe National Park,T050,B0375,SC05,2
S002479,2025-08-21,zIoN National Park,T037,B0328,SC20,2
S002480,2025-06-30,Glacier National Park ,T017,B0053,SC29,4
S002481,2025-07-23,zion National Park,T015,B0021,Sc18,2
S002482,2025-06-28,yellowstone National Park,T068,,SC09,1
S002483,2025-08-15,Yellowstone National Park ,T047,B0332,SC15,5
S002484,2025-08-28,zion National Park,T043,B0066,SC10,1
S002485,2025-07-29,yElLoWsToNe National Park,T099,B0352,SC04,1
S002486,2025-07-20,redwood National Park,T025,B0367,SC27,4
S002487,2025-06-20,Acadia National Park ,T047,B0058,SC12,5
S002488,2025-07-29,redwood National Park,T057,B0108,SC22,3
S002489,2025-07-08,yElLoWsToNe National Park,T115,B0214,SC04,2
S002490,2025-08-18,zIoN National Park,T108,B0343,SC06,3
S002491,2025-07-28,aCaDiA National Park,T031,,SC29,1
S002492,2025-08-27,Glacier National Park ,T019,B0167,SC26,3
S002493,2025-07-09,aCaDiA National Park,T044,B0135,SC29,4
S002494,2025-06-20,acadia National Park,T025,B0022,SC28,1
S002495,2025-07-15,acadia National Park,T049,B0272,SC14,1
S002496,2025-06-08,Yellowstone National Park ,T104,B0177,SC12 - Elk,4
S002497,2025-06-08,zIoN National Park,T057,B0178,SC14,1
S002498,2025-07-24,zIoN National Park,T052,B0348,SC10,2
S002499,2025-08-10,Grand Canyon National Park ,T051,B0283,SC09,1
S002500,2025-07-18,gRaNd Canyon National Park,T041,B0210,SC22,3
S002501,2025-06-26,acadia National Park,T069,B0201,SC18,1
S002502,2025-06-03,zion National Park,T106,B0189,SC12,1
S002503,2025-07-02,Yellowstone National Park ,T117,B0177,SC11,2
S002504,2025-08-23,rEdWoOd National Park,T098,B0121,SC10,1
S002505,2025-07-01,redwood National Park,T079,B0318,SC05,3
S002506,2025-06-18,Zion National Park ,T095,B0355,SC30,1
S002507,2025-06-13,Grand Canyon National Park ,T073,,SC18,1
S002508,2025-06-12,glacier National Park,T081,B0227,SC12 - Elk,1
S002509,2025-07-27,rEdWoOd National Park,T076,B0172,SC13,1
S002510,2025-06-13,acadia National Park,T082,B0087,SC02,4
S002511,2025-08-22,Grand Canyon National Park ,T013,B0239,SC18,2
S002512,2025-07-22,zion National Park,T070,B0258,SC28,2
S002513,2025-06-15,gRaNd Canyon National Park,T017,B0188,SC07,2
S002514,2025-08-05,aCaDiA National Park,T073,B0268,SC28,1
S002515,2025-07-17,zIoN National Park,T047,,SC19,1
S002516,2025-08-20,zion National Park,T017,B0374,SC10,1
S002517,2025-06-16,yellowstone National Park,T049,B0189,sc07,5
S002518,2025-06-25,yellowstone National Park,T097,B0346,SC11,4
S002519,2025-07-14,grand Canyon National Park,T012,B0349,SC08,2
S002520,2025-07-19,zIoN National Park,T074,B0337,SC27,3
S002521,2025-06-19,Acadia National Park ,T057,B0091,SC29,4
S002522,2025-07-24,gLaCiEr National Park,T001,B0220,SC14,1
S002523,2025-08-21,zion National Park,T116,B0278,SC25,1
S002524,2025-06-04,redwood National Park,T003,B0229,SC16,1
S002525,2025-07-03,gRaNd Canyon National Park,T053,B0139,SC12 - Elk,3
S002526,2025-08-06,yElLoWsToNe National Park,T040,B0395,SC15,3
S002527,2025-07-24,aCaDiA National Park,T041,B0188,SC13,4
S002528,2025-07-16,grand Canyon National Park,T089,B0261,SC05,2
S002529,2025-06-07,redwood National Park,T069,B0085,SC27,3
S002530,2025-07-17,yellowstone National Park,T021,B0291,SC27,4
S002531,2025-07-22,Zion National Park ,T118,B0194,SC12,1
S002532,2025-07-02,zIoN National Park,T063,B0175,SC03 - River Otter,1
S002533,2025-08-04,redwood National Park,T118,B0103,SC09,2
S002534,2025-06-17,yellowstone National Park,T017,B0283,SC11,2
S002535,2025-07-19,Glacier National Park ,T017,B0045,SC29,2
S002536,2025-07-28,yellowstone National Park,T029,,SC07,2
S002537,2025-06-14,Glacier National Park ,T024,B0356,SC24,2
S002538,2025-06-30,Zion National Park ,T022,B0115,SC23,3
S002539,2025-06-22,Grand Canyon National Park ,T054,,SC11,3
S002540,2025-06-21,aCaDiA National Park,T028,B0115,SC04,4
S002541,2025-07-26,rEdWoOd National Park,T012,B0291,sc07,2
S002542,2025-06-25,Redwood National Park ,T075,B0203,SC22,2
S002543,2025-06-28,grand Canyon National Park,T119,B0317,SC26,1
S002544,2025-08-12,Zion National Park ,T034,B0069,SC11,1
S002545,2025-06-20,yellowstone National Park,T087,B0072,SC04,1
S002546,2025-08-10,Yellowstone National Park ,T079,B0047,SC09,1
S002547,2025-08-19,aCaDiA National Park,T058,,SC09,3
S002548,2025-07-13,gLaCiEr National Park,T049,B0331,SC02,4
S002549,2025-06-27,yellowstone National Park,T103,B0328,SC22,4
S002550,2025-07-12,aCaDiA National Park,T102,B0332,SC12,1
S002551,2025-08-19,Acadia National Park ,T026,B0332,SC21,2
S002552,2025-07-04,Glacier National Park ,T022,B0024,SC07,3
S002553,2025-06-23,zIoN National Park,T044,B0156,SC13,3
S002554,2025-07-21,Glacier National Park ,T102,B0223,SC02,3
S002555,2025-08-24,gLaCiEr National Park,T044,B0391,sc07,3
S002556,2025-07-23,Acadia National Park ,T071,B0120,SC21,1
S002557,2025-08-07,acadia National Park,T063,B0270,SC14,2
S002558,2025-06-22,Grand Canyon National Park ,T094,B0363,SC20,3
S002559,2025-07-27,Grand Canyon National Park ,T060,B0165,SC26,2
S002560,2025-06-12,Redwood National Park ,T040,B0189,SC28,1
S002561,2025-06-06,rEdWoOd National Park,T026,B0259,SC27,7
S002562,2025-08-14,yellowstone National Park,T103,B0396,SC15,3
S002563,2025-06-01,Grand Canyon National Park ,T055,B0348,SC17,1
S002564,2025-06-30,rEdWoOd National Park,T067,B0063,SC18,2
S002565,2025-08-23,Grand Canyon National Park ,T008,,SC13,5
S002566,2025-06-01,Acadia National Park ,T054,B0397,SC18,1
S002567,2025-07-10,zIoN National Park,T072,B0357,SC15,1
S002568,2025-08-14,Grand Canyon National Park ,T037,B0025,SC22,2
S002569,2025-07-29,Zion National Park ,T114,B0197,SC30,1
S002570,2025-06-22,Redwood National Park ,T044,B0169,SC30,3
S002571,2025-07-28,zIoN National Park,T020,B0008,SC24,1
S002572,2025-08-13,Yellowstone National Park ,T085,B0209,SC24,1
S002573,2025-08-06,acadia National Park,T108,B0344,SC15,1
S002574,2025-08-09,Acadia National Park ,T114,B0347,SC26,1
S002575,2025-07-19,Yellowstone National Park ,T069,B0223,Sc18,1
S002576,2025-08-15,grand Canyon National Park,T031,B0307,SC04,1
S002577,2025-06-17,zIoN National Park,T102,B0257,SC13,1
S002578,2025-06-15,grand Canyon National Park,T085,B0153,Sc18,1
S002579,2025-08-19,glacier National Park,T046,B0024,SC01,3
S002580,2025-08-14,yElLoWsToNe National Park,T025,B0189,SC18,1
S002581,2025-07-26,acadia National Park,T048,,SC25,4
S002582,2025-07-14,gLaCiEr National Park,T093,B0106,SC28,2
S002583,2025-06-30,gRaNd Canyon National Park,T060,,SC20,1
S002584,2025-08-19,gRaNd Canyon National Park,T120,B0178,SC05,1
S002585,2025-06-21,yellowstone National Park,T073,B0305,SC03,3
S002586,2025-06-24,Yellowstone National Park ,T069,B0324,SC17,2
S002587,2025-07-23,Acadia National Park ,T072,B0239,SC23,1
S002588,2025-07-08,zIoN National Park,T029,B0217,SC03,1
S002589,2025-07-20,Redwood National Park ,T089,,SC08,4
S002590,2025-06-07,Grand Canyon National Park ,T092,B0069,SC07,1
S002591,2025-08-16,acadia National Park,T077,B0011,SC18,2
S002592,2025-06-17,Zion National Park ,T011,B0243,SC26,2
S002593,2025-07-08,zIoN National Park,T033,B0205,SC17,1
S002594,2025-07-10,gRaNd Canyon National Park,T115,B0129,SC09,1
S002595,2025-06-02,Zion National Park ,T007,B0222,sc07,5
S002596,2025-08-24,gLaCiEr National Park,T110,B0312,SC08,2
S002597,2025-08-19,Acadia National Park ,T028,B0317,SC10,2
S002598,2025-07-21,glacier National Park,T067,B0182,sc07,2
S002599,2025-06-25,rEdWoOd National Park,T031,B0152,SC12 - Elk,2
S002600,2025-06-01,Yellowstone National Park ,T096,B0311,SC14,2
S002601,2025-06-20,grand Canyon National Park,T022,B0346,SC13,5
S002602,2025-06-14,Redwood National Park ,T042,B0207,SC12,5
S002603,2025-06-04,Redwood National Park ,T107,B0211,SC01,3
S002604,2025-06-11,redwood National Park,T068,B0002,SC02,6
S002605,2025-07-29,zion National Park,T046,B0059,SC04,5
S002606,2025-08-01,Acadia National Park ,T083,B0066,SC17,1
S002607,2025-06-18,zion National Park,T052,B0007,SC06,3
S002608,2025-08-26,redwood National Park,T046,B0228,SC01,3
S002609,2025-06-13,Redwood National Park ,T017,,SC22,1
S002610,2025-07-11,zIoN National Park,T024,B0245,SC11,6
S002611,2025-08-05,rEdWoOd National Park,T012,B0240,SC18,3
S002612,2025-07-30,grand Canyon National Park,T054,B0322,SC27,2
S002613,2025-07-15,aCaDiA National Park,T030,B0227,SC20,3
S002614,2025-08-28,gRaNd Canyon National Park,T047,B0150,SC09,1
S002615,2025-06-06,redwood National Park,T013,B0016,SC26,4
S002616,2025-07-06,grand Canyon National Park,T087,B0053,SC10,1
S002617,2025-07-16,glacier National Park,T081,B0367,SC28,3
S002618,2025-07-26,grand Canyon National Park,T046,B0001,SC11,1
S002619,2025-07-16,acadia National Park,T097,B0246,SC12,2
S002620,2025-06-10,gLaCiEr National Park,T027,B0388,SC15,1
S002621,2025-06-04,zIoN National Park,T030,B0025,SC08,2
S002622,2025-07-04,Glacier National Park ,T015,B0251,sc07,2
S002623,2025-08-15,Zion National Park ,T011,B0165,SC30,3
S002624,2025-06-24,yElLoWsToNe National Park,T058,B0360,SC11,1
S002625,2025-08-08,acadia National Park,T036,B0243,SC19,1
S002626,2025-07-26,Grand Canyon National Park ,T050,B0031,SC19,2
S002627,2025-07-14,yellowstone National Park,T034,B0294,SC13,1
S002628,2025-08-07,glacier National Park,T086,B0265,SC21,3
S002629,2025-06-19,aCaDiA National Park,T086,B0114,SC16,1
S002630,2025-07-29,Yellowstone National Park ,T106,B0381,SC08,1
S002631,2025-08-07,zIoN National Park,T021,B0331,SC20,1
S002632,2025-06-21,aCaDiA National Park,T047,B0153,SC25,4
S002633,2025-06-24,yellowstone National Park,T073,B0328,SC24,3
S002634,2025-08-21,Zion National Park ,T078,B0122,SC16,5
S002635,2025-06-08,zion National Park,T113,B0221,SC09,3
S002636,2025-06-17,aCaDiA National Park,T013,B0048,SC03,3
S002637,2025-07-27,gRaNd Canyon National Park,T098,B0152,SC29,2
S002638,2025-06-29,gLaCiEr National Park,T079,B0381,SC13,1
S002639,2025-06-08,acadia National Park,T013,B0053,SC21,1
S002640,2025-06-18,Zion National Park ,T086,B0223,SC05,2
S002641,2025-08-16,zIoN National Park,T053,B0149,SC03,3
S002642,2025-08-19,zIoN National Park,T040,B0120,SC27,3
S002643,2025-08-08,aCaDiA National Park,T060,B0110,SC29,2
S002644,2025-07-13,Zion National Park ,T076,,SC20,1
S002645,2025-08-02,Zion National Park ,T026,B0016,SC21,1
S002646,2025-06-11,Acadia National Park ,T096,B0346,SC25 - Mountain Goat,1
S002647,2025-08-05,zion National Park,T100,,SC03,2
S002648,2025-07-11,zIoN National Park,T084,B0144,SC08,3
S002649,2025-07-31,Grand Canyon National Park ,T049,B0141,SC15,3
S002650,2025-08-07,Acadia National Park ,T004,B0382,sc07,2
S002651,2025-08-16,Acadia National Park ,T119,B0241,SC04,1
S002652,2025-08-26,gRaNd Canyon National Park,T046,,SC21,1
S002653,2025-08-19,Glacier National Park ,T002,B0086,SC01,1
S002654,2025-07-20,Redwood National Park ,T012,,SC01,1
S002655,2025-06-21,grand Canyon National Park,T060,B0387,SC16,1
S002656,2025-08-18,redwood National Park,T022,B0013,SC24,2
S002657,2025-06-21,zion National Park,T091,B0342,SC12,1
S002658,2025-08-01,Acadia National Park ,T027,B0301,SC05,5
S002659,2025-07-11,yellowstone National Park,T066,B0028,SC11,1
S002660,2025-07-20,grand Canyon National Park,T090,,SC26,1
S002661,2025-06-07,Glacier National Park ,T118,B0238,SC03 - River Otter,6
S002662,2025-08-21,Grand Canyon National Park ,T087,B0324,SC29,1
S002663,2025-08-02,yElLoWsToNe National Park,T015,B0310,SC17,1
S002664,2025-06-11,redwood National Park,T103,B0265,SC20,1
S002665,2025-08-07,rEdWoOd National Park,T012,B0218,SC05,2
S002666,2025-08-01,yElLoWsToNe National Park,T055,B0055,SC12,5
S002667,2025-07-30,Grand Canyon National Park ,T019,,SC28,2
S002668,2025-06-12,glacier National Park,T025,B0043,SC12 - Elk,7
S002669,2025-08-20,Grand Canyon National Park ,T081,B0274,SC20,2
S002670,2025-08-23,aCaDiA National Park,T025,B0039,SC17,1
S002671,2025-07-16,aCaDiA National Park,T033,B0181,Sc18,1
S002672,2025-07-06,Yellowstone National Park ,T105,B0168,SC12,3
S002673,2025-08-21,Acadia National Park ,T085,B0254,SC10,3
S002674,2025-08-09,glacier National Park,T043,B0396,SC01,1
S002675,2025-07-14,yellowstone National Park,T111,B0242,SC18,1
S002676,2025-07-09,grand Canyon National Park,T066,B0306,SC04,1
S002677,2025-08-01,glacier National Park,T026,B0096,SC10,4
S002678,2025-08-07,Yellowstone National Park ,T062,B0345,SC20,1
S002679,2025-06-28,redwood National Park,T096,B0043,SC10,2
S002680,2025-08-18,Redwood National Park ,T028,,SC23,1
S002681,2025-07-27,Acadia National Park ,T044,B0240,SC13,3
S002682,2025-06-05,yElLoWsToNe National Park,T073,B0335,SC18,2
S002683,2025-07-22,zIoN National Park,T061,B0016,SC19,1
S002684,2025-07-05,Redwood National Park ,T110,B0006,SC04,2
S002685,2025-07-14,acadia National Park,T050,B0091,SC30,5
S002686,2025-08-14,Grand Canyon National Park ,T074,B0208,SC06,2
S002687,2025-08-24,acadia National Park,T018,B0212,SC26,2
S002688,2025-06-14,Redwood National Park ,T029,B0393,SC12,3
S002689,2025-07-21,grand Canyon National Park,T050,B0237,SC05,7
S002690,2025-06-12,gLaCiEr National Park,T073,B0068,SC09,3
S002691,2025-08-25,yellowstone National Park,T025,,SC01,2
S002692,2025-06-02,zIoN National Park,T008,B0259,SC18,3
S002693,2025-08-17,Yellowstone National Park ,T013,B0237,SC30,1
S002694,2025-07-30,grand Canyon National Park,T064,B0350,SC21,2
S002695,2025-08-23,zIoN National Park,T104,,SC10,1
S002696,2025-07-13,glacier National Park,T035,B0274,SC29,1
S002697,2025-06-15,Grand Canyon National Park ,T109,B0220,SC10,2
S002698,2025-07-28,Acadia National Park ,T113,B0170,SC03,2
S002699,2025-07-28,yellowstone National Park,T034,B0077,SC17,3
S002700,2025-06-27,zIoN National Park,T079,B0009,SC29,3
S002701,2025-06-26,Grand Canyon National Park ,T017,,SC10,1
S002702,2025-06-23,Yellowstone National Park ,T031,B0361,Sc18,1
S002703,2025-06-10,Acadia National Park ,T080,B0093,SC10,1
S002704,2025-07-03,acadia National Park,T041,B0086,SC26,1
S002705,2025-07-26,yellowstone National Park,T053,,SC13,1
S002706,2025-06-13,gLaCiEr National Park,T035,B0308,SC05,2
S002707,2025-08-14,zion National Park,T043,B0022,SC25 - Mountain Goat,3
S002708,2025-08-03,gLaCiEr National Park,T068,B0269,SC25,1
S002709,2025-08-07,acadia National Park,T023,B0149,SC13,6
S002710,2025-06-30,glacier National Park,T090,B0371,SC12,2
S002711,2025-06-14,Zion National Park ,T084,B0323,SC11,3
S002712,2025-07-12,Grand Canyon National Park ,T032,B0058,SC25,3
S002713,2025-08-29,aCaDiA National Park,T099,B0259,SC20,1
S002714,2025-07-28,Redwood National Park ,T085,B0019,SC30,1
S002715,2025-08-27,gLaCiEr National Park,T009,B0383,SC12,1
S002716,2025-07-06,gRaNd Canyon National Park,T036,B0170,SC09,1
S002717,2025-07-25,Redwood National Park ,T057,,SC10,4
S002718,2025-07-10,grand Canyon National Park,T086,B0095,SC23,3
S002719,2025-08-06,Grand Canyon National Park ,T032,,SC17,1
S002720,2025-07-23,Grand Canyon National Park ,T115,B0369,SC08,1
S002721,2025-06-28,gRaNd Canyon National Park,T101,B0279,SC16,3
S002722,2025-08-20,gRaNd Canyon National Park,T022,B0194,SC06,3
S002723,2025-07-02,grand Canyon National Park,T102,B0086,SC12 - Elk,5
S002724,2025-07-08,zion National Park,T006,B0359,SC17,1
S002725,2025-07-21,aCaDiA National Park,T003,B0049,SC13,1
S002726,2025-07-08,Acadia National Park ,T098,B0358,SC09,2
S002727,2025-07-10,Glacier National Park ,T011,B0117,SC30,2
S002728,2025-07-23,Zion National Park ,T073,B0210,SC12 - Elk,1
S002729,2025-07-15,Acadia National Park ,T029,,SC03,3
S002730,2025-08-17,acadia National Park,T090,,SC03,1
S002731,2025-06-12,Zion National Park ,T059,B0225,SC20,2
S002732,2025-06-08,gRaNd Canyon National Park,T045,B0060,SC21,1
S002733,2025-06-17,gRaNd Canyon National Park,T012,B0240,SC27,1
S002734,2025-08-10,grand Canyon National Park,T084,B0055,SC13,4
S002735,2025-06-30,Glacier National Park ,T009,B0367,SC09,2
S002736,2025-06-13,Acadia National Park ,T060,,SC16,3
S002737,2025-06-09,Grand Canyon National Park ,T032,B0078,SC29,4
S002738,2025-06-07,Zion National Park ,T052,B0375,SC16,1
S002739,2025-07-21,Zion National Park ,T102,B0186,SC13,1
S002740,2025-06-08,Acadia National Park ,T041,B0171,SC15,3
S002741,2025-07-07,gLaCiEr National Park,T086,B0368,SC17,1
S002742,2025-08-17,Redwood National Park ,T047,,SC27,8
S002743,2025-06-06,Glacier National Park ,T062,B0114,SC20,3
S002744,2025-07-30,gRaNd Canyon National Park,T115,B0075,SC07,3
S002745,2025-06-02,Yellowstone National Park ,T086,B0136,SC11,3
S002746,2025-08-06,Zion National Park ,T030,B0064,SC04,1
S002747,2025-07-03,grand Canyon National Park,T096,,SC10,2
S002748,2025-08-03,redwood National Park,T027,B0303,SC12 - Elk,1
S002749,2025-07-09,Redwood National Park ,T026,B0225,SC12,3
S002750,2025-08-09,redwood National Park,T082,B0124,SC15,2
S002751,2025-08-01,rEdWoOd National Park,T015,B0098,SC09,2
S002752,2025-08-26,Yellowstone National Park ,T095,B0226,SC16,4
S002753,2025-08-25,Zion National Park ,T026,B0057,SC25,3
S002754,2025-06-15,aCaDiA National Park,T082,B0103,SC25 - Mountain Goat,4
S002755,2025-08-14,Yellowstone National Park ,T096,B0359,SC19,4
S002756,2025-06-28,gRaNd Canyon National Park,T013,B0371,SC03 - River Otter,3
S002757,2025-06-24,gLaCiEr National Park,T007,B0356,SC08,1
S002758,2025-06-05,Grand Canyon National Park ,T078,B0378,SC28,1
S002759,2025-08-02,Grand Canyon National Park ,T041,B0390,SC01,1
S002760,2025-07-28,gRaNd Canyon National Park,T082,B0352,SC10,3
S002761,2025-08-03,rEdWoOd National Park,T106,B0035,SC13,2
S002762,2025-07-17,glacier National Park,T102,B0069,SC17,4
S002763,2025-07-19,yElLoWsToNe National Park,T048,B0114,SC22,3
S002764,2025-06-03,acadia National Park,T111,B0025,SC03 - River Otter,5
S002765,2025-07-05,zIoN National Park,T058,B0063,SC28,2
S002766,2025-06-09,Grand Canyon National Park ,T078,B0299,SC23,2
S002767,2025-07-01,Acadia National Park ,T020,B0324,SC09,2
S002768,2025-08-01,rEdWoOd National Park,T013,B0042,SC06,1
S002769,2025-08-28,glacier National Park,T096,B0072,SC12,3
S002770,2025-06-17,gLaCiEr National Park,T035,B0367,SC09,2
S002771,2025-06-19,Redwood National Park ,T085,B0137,SC14,2
S002772,2025-08-01,Yellowstone National Park ,T074,B0281,SC23,4
S002773,2025-07-10,zIoN National Park,T102,B0220,SC09,2
S002774,2025-06-03,Glacier National Park ,T053,B0031,SC05,2
S002775,2025-08-15,grand Canyon National Park,T011,,SC03 - River Otter,6
S002776,2025-06-04,aCaDiA National Park,T078,B0198,SC01,4
S002777,2025-06-09,redwood National Park,T001,B0336,SC18,2
S002778,2025-07-17,aCaDiA National Park,T090,,SC22,4
S002779,2025-06-27,yElLoWsToNe National Park,T004,B0260,SC27,3
S002780,2025-07-22,Redwood National Park ,T071,B0125,SC09,3
S002781,2025-08-04,zion National Park,T015,B0149,SC15,1
S002782,2025-06-24,gRaNd Canyon National Park,T024,B0290,SC27,3
S002783,2025-07-12,zIoN National Park,T089,B0032,SC12,4
S002784,2025-08-16,glacier National Park,T032,B0233,SC21,1
S002785,2025-07-27,zIoN National Park,T078,B0361,SC15,1
S002786,2025-06-11,Yellowstone National Park ,T017,B0388,SC08,3
S002787,2025-08-14,Glacier National Park ,T076,B0341,SC15,1
S002788,2025-06-16,zion National Park,T024,B0385,SC26,3
S002789,2025-08-05,aCaDiA National Park,T120,B0324,SC13,1
S002790,2025-08-19,Redwood National Park ,T089,B0351,SC23,2
S002791,2025-08-20,grand Canyon National Park,T061,B0263,SC04,3
S002792,2025-08-01,redwood National Park,T068,B0057,SC07,3
S002793,2025-07-31,Redwood National Park ,T069,B0234,SC27,4
S002794,2025-06-14,Acadia National Park ,T043,B0177,SC29,2
S002795,2025-07-28,zIoN National Park,T115,B0193,SC04,7
S002796,2025-07-29,zIoN National Park,T087,B0023,SC24,1
S002797,2025-06-28,zion National Park,T066,B0072,SC22,1
S002798,2025-07-05,Yellowstone National Park ,T062,,SC11,3
S002799,2025-08-12,yellowstone National Park,T060,B0390,SC19,2
S002800,2025-08-09,acadia National Park,T075,B0368,SC01,2
S002801,2025-06-17,grand Canyon National Park,T101,B0155,SC12,2
S002802,2025-06-03,zIoN National Park,T062,B0280,sc07,3
S002803,2025-08-14,yellowstone National Park,T072,B0224,SC22,1
S002804,2025-06-17,Redwood National Park ,T107,B0265,SC23,3
S002805,2025-06-19,acadia National Park,T009,B0080,SC20,1
S002806,2025-06-02,zIoN National Park,T051,B0332,SC15,1
S002807,2025-07-06,zIoN National Park,T084,B0253,SC25 - Mountain Goat,2
S002808,2025-08-19,zion National Park,T074,B0089,SC15,3
S002809,2025-08-22,Zion National Park ,T105,B0251,SC14,1
S002810,2025-08-17,Zion National Park ,T003,,SC10,3
S002811,2025-08-20,Acadia National Park ,T004,B0199,SC23,2
S002812,2025-06-27,aCaDiA National Park,T038,,SC10,1
S002813,2025-07-11,Glacier National Park ,T113,B0147,SC16,1
S002814,2025-07-24,Grand Canyon National Park ,T010,B0129,SC07,6
S002815,2025-07-21,Yellowstone National Park ,T102,B0223,SC14,1
S002816,2025-06-16,rEdWoOd National Park,T037,B0109,SC01,4
S002817,2025-08-14,rEdWoOd National Park,T119,B0107,SC12 - Elk,2
S002818,2025-07-17,Redwood National Park ,T072,B0146,SC11,1
S002819,2025-06-10,Glacier National Park ,T035,B0216,SC12 - Elk,3
S002820,2025-07-12,zion National Park,T110,,SC09,3
S002821,2025-08-21,zIoN National Park,T021,B0321,SC19,2
S002822,2025-08-14,gLaCiEr National Park,T115,B0120,SC30,1
S002823,2025-08-28,acadia National Park,T037,B0158,SC12,5
S002824,2025-06-01,zion National Park,T021,B0372,SC17,2
S002825,2025-06-28,yElLoWsToNe National Park,T096,B0141,SC16,1
S002826,2025-07-23,yellowstone National Park,T109,B0261,sc07,1
S002827,2025-08-13,zIoN National Park,T053,B0210,SC13,2
S002828,2025-08-22,yellowstone National Park,T013,B0184,SC28,2
S002829,2025-07-06,zIoN National Park,T070,B0241,SC27,1
S002830,2025-07-19,rEdWoOd National Park,T021,B0127,SC03 - River Otter,7
S002831,2025-07-17,zIoN National Park,T082,B0165,SC22,2
S002832,2025-07-21,Yellowstone National Park ,T083,,SC07,1
S002833,2025-07-27,gLaCiEr National Park,T091,B0353,SC05,4
S002834,2025-08-07,gRaNd Canyon National Park,T001,B0191,sc07,1
S002835,2025-06-25,zIoN National Park,T062,B0151,sc07,2
S002836,2025-08-23,glacier National Park,T041,B0082,SC15,2
S002837,2025-06-05,zion National Park,T065,B0225,SC06,5
S002838,2025-08-10,Grand Canyon National Park ,T050,B0014,SC26,2
S002839,2025-08-12,rEdWoOd National Park,T063,B0342,SC15,3
S002840,2025-07-06,Grand Canyon National Park ,T005,B0226,SC09,2
S002841,2025-06-18,gRaNd Canyon National Park,T061,B0269,SC25 - Mountain Goat,1
S002842,2025-07-24,Acadia National Park ,T108,B0380,SC19,2
S002843,2025-08-28,acadia National Park,T015,B0281,SC06,4
S002844,2025-07-07,gLaCiEr National Park,T116,,SC01,1
S002845,2025-06-14,Redwood National Park ,T051,B0271,SC03 - River Otter,4
S002846,2025-08-25,aCaDiA National Park,T004,B0126,SC16,4
S002847,2025-07-10,gLaCiEr National Park,T007,B0350,SC01,1
S002848,2025-08-24,aCaDiA National Park,T077,B0134,SC15,2
S002849,2025-07-13,yElLoWsToNe National Park,T060,B0277,SC30,2
S002850,2025-08-06,zIoN National Park,T021,B0206,SC18,1
S002851,2025-07-23,Acadia National Park ,T022,B0123,SC04,1
S002852,2025-06-08,Redwood National Park ,T032,B0034,SC21,1
S002853,2025-08-29,zIoN National Park,T095,B0202,SC30,2
S002854,2025-07-13,Acadia National Park ,T034,B0212,SC12 - Elk,3
S002855,2025-06-27,gRaNd Canyon National Park,T107,B0385,SC05,1
S002856,2025-07-03,acadia National Park,T105,B0178,SC09,2
S002857,2025-08-01,zIoN National Park,T096,B0162,SC21,1
S002858,2025-07-26,yElLoWsToNe National Park,T002,B0095,SC10,1
S002859,2025-07-30,grand Canyon National Park,T044,B0276,SC28,2
S002860,2025-07-22,rEdWoOd National Park,T084,B0240,SC30,5
S002861,2025-07-15,yElLoWsToNe National Park,T012,B0331,SC30,1
S002862,2025-08-17,gRaNd Canyon National Park,T094,B0057,SC19,1
S002863,2025-08-26,rEdWoOd National Park,T095,B0310,SC06,5
S002864,2025-07-15,Glacier National Park ,T067,B0222,SC19,3
S002865,2025-06-17,gRaNd Canyon National Park,T053,B0137,SC08,3
S002866,2025-06-04,yellowstone National Park,T071,B0118,SC14,3
S002867,2025-07-02,gRaNd Canyon National Park,T078,B0080,SC25,2
S002868,2025-07-07,gLaCiEr National Park,T099,,SC25,2
S002869,2025-07-05,grand Canyon National Park,T032,B0259,SC10,2
S002870,2025-07-02,yellowstone National Park,T103,B0215,SC28,2
S002871,2025-07-31,aCaDiA National Park,T092,B0265,SC25,2
S002872,2025-08-10,Grand Canyon National Park ,T119,B0228,SC15,3
S002873,2025-07-04,Grand Canyon National Park ,T118,B0390,SC12,3
S002874,2025-07-28,Zion National Park ,T076,,SC14,1
S002875,2025-06-05,yellowstone National Park,T008,B0068,SC23,1
S002876,2025-06-18,zion National Park,T027,B0153,Sc18,2
S002877,2025-08-02,Acadia National Park ,T119,B0230,SC01,1
S002878,2025-07-08,zion National Park,T069,B0055,sc07,1
S002879,2025-07-17,zion National Park,T021,B0157,SC29,2
S002880,2025-08-25,grand Canyon National Park,T062,B0268,SC19,1
S002881,2025-08-21,Acadia National Park ,T029,B0277,SC02,1
S002882,2025-06-15,Redwood National Park ,T004,B0018,SC04,4
S002883,2025-06-04,gLaCiEr National Park,T070,B0332,SC27,1
S002884,2025-06-13,Redwood National Park ,T010,B0384,SC18,1
S002885,2025-08-02,zIoN National Park,T004,B0172,SC15,2
S002886,2025-06-07,zion National Park,T017,B0069,SC23,4
S002887,2025-06-04,Yellowstone National Park ,T101,B0323,SC10,2
S002888,2025-06-28,yElLoWsToNe National Park,T009,B0184,SC11,1
S002889,2025-06-15,Acadia National Park ,T069,B0216,SC23,3
S002890,2025-06-06,zIoN National Park,T050,B0171,SC27,2
S002891,2025-07-04,grand Canyon National Park,T006,,SC12 - Elk,1
S002892,2025-06-16,redwood National Park,T024,B0369,SC12 - Elk,1
S002893,2025-07-19,redwood National Park,T102,B0286,SC25,8
S002894,2025-06-26,Acadia National Park ,T032,B0196,SC03 - River Otter,2
S002895,2025-06-19,zion National Park,T064,B0373,SC04,2
S002896,2025-06-04,zion National Park,T087,B0379,SC03 - River Otter,1
S002897,2025-08-13,zIoN National Park,T003,B0294,SC01,2
S002898,2025-08-22,Acadia National Park ,T020,B0296,SC26,5
S002899,2025-08-27,zIoN National Park,T058,B0357,SC18,1
S002900,2025-08-04,yellowstone National Park,T063,,SC20,4
S002901,2025-06-10,yellowstone National Park,T009,B0200,SC23,1
S002902,2025-07-31,zIoN National Park,T016,B0099,SC26,3
S002903,2025-06-08,Redwood National Park ,T115,B0076,SC05,2
S002904,2025-06-05,Acadia National Park ,T009,B0162,SC24,1
S002905,2025-08-17,zion National Park,T063,B0187,SC13,2
S002906,2025-07-29,Zion National Park ,T071,B0229,SC27,1
S002907,2025-07-11,Acadia National Park ,T105,B0167,SC20,2
S002908,2025-08-16,rEdWoOd National Park,T013,B0363,SC16,1
S002909,2025-08-12,Glacier National Park ,T002,B0008,SC14,3
S002910,2025-06-23,Redwood National Park ,T099,B0235,SC02,3
S002911,2025-08-10,Glacier National Park ,T101,B0394,Sc18,1
S002912,2025-06-13,glacier National Park,T006,B0238,SC08,2
S002913,2025-07-30,Yellowstone National Park ,T110,B0269,SC06,4
S002914,2025-06-04,gLaCiEr National Park,T042,B0246,SC20,3
S002915,2025-06-23,aCaDiA National Park,T031,B0102,SC07,1
S002916,2025-08-20,Zion National Park ,T086,B0361,SC03 - River Otter,1
S002917,2025-06-15,gLaCiEr National Park,T026,B0011,SC30,1
S002918,2025-07-25,yellowstone National Park,T061,B0035,SC22,2
S002919,2025-06-18,yellowstone National Park,T023,B0284,SC15,1
S002920,2025-07-03,acadia National Park,T021,B0065,SC06,4
S002921,2025-07-01,aCaDiA National Park,T017,B0291,SC08,1
S002922,2025-06-01,Redwood National Park ,T073,B0368,SC04,2
S002923,2025-08-03,gRaNd Canyon National Park,T048,B0274,SC05,3
S002924,2025-07-30,acadia National Park,T078,B0021,SC25,2
S002925,2025-06-24,Yellowstone National Park ,T039,B0375,SC06,1
S002926,2025-08-20,yElLoWsToNe National Park,T066,,SC05,1
S002927,2025-07-21,Yellowstone National Park ,T056,B0230,SC21,3
S002928,2025-07-29,glacier National Park,T012,B0261,SC17,2
S002929,2025-08-09,yellowstone National Park,T063,B0220,SC16,3
S002930,2025-08-11,Zion National Park ,T058,B0163,SC17,1
S002931,2025-06-26,Glacier National Park ,T059,,SC03,1
S002932,2025-08-01,Glacier National Park ,T106,B0097,SC21,1
S002933,2025-06-12,gRaNd Canyon National Park,T044,B0209,SC04,3
S002934,2025-06-21,glacier National Park,T108,B0216,SC19,3
S002935,2025-06-15,gLaCiEr National Park,T009,B0176,SC06,3
S002936,2025-07-18,Glacier National Park ,T118,B0272,SC30,2
S002937,2025-06-28,Yellowstone National Park ,T066,B0223,SC13,2
S002938,2025-08-20,rEdWoOd National Park,T053,B0187,SC28,4
S002939,2025-07-17,redwood National Park,T108,B0394,SC01,6
S002940,2025-08-28,rEdWoOd National Park,T114,B0112,sc07,5
S002941,2025-06-24,gRaNd Canyon National Park,T082,B0237,SC13,3
S002942,2025-08-14,Yellowstone National Park ,T067,B0322,SC25 - Mountain Goat,3
S002943,2025-06-24,redwood National Park,T033,B0369,SC29,4
S002944,2025-06-03,zion National Park,T006,B0265,SC08,1
S002945,2025-06-25,Grand Canyon National Park ,T037,B0013,SC04,2
S002946,2025-08-24,Glacier National Park ,T036,B0384,SC09,3
S002947,2025-06-10,Yellowstone National Park ,T058,B0186,SC13,1
S002948,2025-08-13,grand Canyon National Park,T101,B0263,SC11,4
S002949,2025-08-16,yElLoWsToNe National Park,T036,B0183,Sc18,2
S002950,2025-06-25,redwood National Park,T002,B0380,SC20,4
S002951,2025-08-04,acadia National Park,T105,B0276,SC26,4
S002952,2025-06-03,rEdWoOd National Park,T002,B0253,SC19,1
S002953,2025-08-14,Grand Canyon National Park ,T044,B0298,SC19,2
S002954,2025-08-09,Zion National Park ,T039,B0119,SC05,3
S002955,2025-08-21,Glacier National Park ,T049,B0216,SC20,2
S002956,2025-06-15,Yellowstone National Park ,T047,B0234,SC30,6
S002957,2025-06-03,Acadia National Park ,T109,,SC14,1
S002958,2025-07-18,gRaNd Canyon National Park,T026,B0291,SC30,5
S002959,2025-08-08,gRaNd Canyon National Park,T047,B0337,SC16,1
S002960,2025-06-25,aCaDiA National Park,T024,B0287,SC21,3
S002961,2025-08-19,redwood National Park,T006,B0268,SC02,2
S002962,2025-06-16,Zion National Park ,T037,B0053,SC24,3
S002963,2025-07-29,grand Canyon National Park,T042,B0372,SC27,1
S002964,2025-07-25,Glacier National Park ,T085,B0290,SC27,2
S002965,2025-07-14,zIoN National Park,T047,B0347,SC30,2
S002966,2025-07-02,Yellowstone National Park ,T060,,SC15,1
S002967,2025-06-05,Grand Canyon National Park ,T083,B0125,SC12 - Elk,3
S002968,2025-07-30,rEdWoOd National Park,T035,B0391,SC11,2
S002969,2025-07-21,redwood National Park,T036,B0397,SC27,2
S002970,2025-07-05,redwood National Park,T016,B0120,SC21,2
S002971,2025-06-25,gLaCiEr National Park,T091,B0131,SC25 - Mountain Goat,2
S002972,2025-07-18,acadia National Park,T031,B0337,SC17,6
S002973,2025-08-27,gRaNd Canyon National Park,T086,B0366,SC19,1
S002974,2025-08-04,glacier National Park,T015,,SC11,2
S002975,2025-08-17,zIoN National Park,T099,B0145,SC14,1
S002976,2025-07-06,rEdWoOd National Park,T002,B0144,SC25 - Mountain Goat,1
S002977,2025-07-01,glacier National Park,T068,B0305,SC25,2
S002978,2025-07-06,zion National Park,T055,B0272,SC22,2
S002979,2025-08-11,zIoN National Park,T021,B0397,SC25 - Mountain Goat,5
S002980,2025-07-08,zion National Park,T041,B0388,SC22,3
S002981,2025-06-07,redwood National Park,T065,B0017,SC05,1
S002982,2025-07-24,glacier National Park,T114,B0012,SC03,1
S002983,2025-07-05,rEdWoOd National Park,T077,,SC01,1
S002984,2025-08-15,gLaCiEr National Park,T111,B0125,SC03 - River Otter,4
S002985,2025-07-01,yellowstone National Park,T021,B0269,SC30,1
S002986,2025-06-12,Yellowstone National Park ,T013,B0307,SC03 - River Otter,3
S002987,2025-07-13,Grand Canyon National Park ,T040,B0126,SC04,3
S002988,2025-08-13,aCaDiA National Park,T082,B0159,SC28,2
S002989,2025-07-17,aCaDiA National Park,T054,B0158,SC13,1
S002990,2025-07-16,Glacier National Park ,T047,,SC05,4
S002991,2025-06-08,grand Canyon National Park,T041,B0284,SC13,2
S002992,2025-08-07,acadia National Park,T026,B0094,SC04,1
S002993,2025-07-23,gRaNd Canyon National Park,T106,B0380,SC10,6
S002994,2025-06-29,Zion National Park ,T118,B0260,SC06,1
S002995,2025-08-04,yElLoWsToNe National Park,T008,B0092,SC15,1
S002996,2025-07-19,gRaNd Canyon National Park,T056,B0211,SC10,1
S002997,2025-06-27,rEdWoOd National Park,T071,B0036,SC17,3
S002998,2025-08-28,glacier National Park,T083,B0091,SC05,2
S002999,2025-08-29,Grand Canyon National Park ,T013,B0119,SC28,1
S003000,2025-08-22,gRaNd Canyon National Park,T038,,SC28,4
S003001,2025-07-29,Redwood National Park ,T044,B0325,SC04,2
S003002,2025-07-25,zIoN National Park,T032,B0179,SC30,1
S003003,2025-08-14,Grand Canyon National Park ,T088,B0207,SC03,5
S003004,2025-06-22,yElLoWsToNe National Park,T096,B0046,SC03,2
S003005,2025-07-23,zion National Park,T118,B0391,SC14,3
S003006,2025-06-05,redwood National Park,T027,B0152,Sc18,1
S003007,2025-06-20,yellowstone National Park,T120,B0373,SC12,2
S003008,2025-07-13,gRaNd Canyon National Park,T100,B0385,SC20,4
S003009,2025-08-09,gRaNd Canyon National Park,T027,B0189,SC12,3
S003010,2025-07-06,Acadia National Park ,T109,B0353,SC12 - Elk,3
S003011,2025-07-23,Yellowstone National Park ,T037,B0302,SC12,2
S003012,2025-07-01,acadia National Park,T018,B0095,SC13,1
S003013,2025-08-24,Acadia National Park ,T034,B0075,SC22,1
S003014,2025-07-15,grand Canyon National Park,T100,B0219,SC10,2
S003015,2025-07-06,zion National Park,T060,B0312,SC10,6
S003016,2025-06-16,acadia National Park,T014,B0118,SC04,2
S003017,2025-07-03,glacier National Park,T099,B0332,SC18,1
S003018,2025-08-10,redwood National Park,T071,B0154,SC23,1
S003019,2025-07-28,redwood National Park,T098,B0122,SC14,5
S003020,2025-08-18,Glacier National Park ,T019,B0394,SC03 - River Otter,1
S003021,2025-07-04,Zion National Park ,T085,B0342,SC09,1
S003022,2025-07-29,acadia National Park,T101,B0123,SC23,3
S003023,2025-08-07,Redwood National Park ,T046,B0072,SC21,6
S003024,2025-08-29,aCaDiA National Park,T101,B0007,SC20,1
S003025,2025-07-15,acadia National Park,T029,B0284,SC08,2
S003026,2025-08-14,Redwood National Park ,T084,B0281,SC26,1
S003027,2025-06-05,Redwood National Park ,T065,B0082,SC23,1
S003028,2025-08-14,Grand Canyon National Park ,T012,B0257,SC25 - Mountain Goat,1
S003029,2025-06-08,acadia National Park,T120,B0343,SC24,1
S003030,2025-07-13,yElLoWsToNe National Park,T104,B0247,SC09,2
S003031,2025-06-20,aCaDiA National Park,T024,B0110,SC05,1
S003032,2025-06-02,zion National Park,T039,B0119,SC22,4
S003033,2025-07-17,Zion National Park ,T079,B0375,Sc18,1
S003034,2025-08-07,zion National Park,T043,B0108,SC04,4
S003035,2025-08-08,redwood National Park,T018,B0315,SC10,3
S003036,2025-07-24,aCaDiA National Park,T103,,SC02,1
S003037,2025-07-27,Grand Canyon National Park ,T110,B0194,SC06,3
S003038,2025-06-22,yElLoWsToNe National Park,T052,B0054,SC02,2
S003039,2025-08-27,acadia National Park,T055,B0355,SC11,3
S003040,2025-06-07,Glacier National Park ,T054,,SC07,1
S003041,2025-08-04,yellowstone National Park,T101,B0390,SC01,1
S003042,2025-08-24,Acadia National Park ,T061,B0285,SC03,2
S003043,2025-08-01,glacier National Park,T046,B0349,SC23,3
S003044,2025-08-21,Grand Canyon National Park ,T037,B0339,SC12,2
S003045,2025-06-05,Redwood National Park ,T057,B0112,SC06,1
S003046,2025-07-09,Redwood National Park ,T115,B0367,SC29,2
S003047,2025-07-23,gLaCiEr National Park,T018,,SC15,2
S003048,2025-08-07,yellowstone National Park,T076,B0166,Sc18,2
S003049,2025-06-07,aCaDiA National Park,T056,B0223,SC25,2
S003050,2025-08-06,zIoN National Park,T103,B0055,SC12,2
S003051,2025-06-08,grand Canyon National Park,T002,B0118,SC16,2
S003052,2025-06-14,zion National Park,T085,B0268,SC19,1
S003053,2025-07-27,zion National Park,T067,B0177,SC20,2
S003054,2025-07-10,Glacier National Park ,T063,B0252,SC27,1
S003055,2025-06-28,redwood National Park,T107,B0098,SC03,8
S003056,2025-06-22,gLaCiEr National Park,T048,B0273,sc07,2
S003057,2025-07-05,rEdWoOd National Park,T058,B0125,SC03,5
S003058,2025-07-30,yElLoWsToNe National Park,T023,B0093,SC26,5
S003059,2025-06-24,Redwood National Park ,T075,B0251,SC28,1
S003060,2025-06-26,zIoN National Park,T011,B0227,SC05,3
S003061,2025-08-06,Zion National Park ,T040,B0074,SC03 - River Otter,1
S003062,2025-06-14,redwood National Park,T081,B0148,SC25,3
S003063,2025-06-13,grand Canyon National Park,T008,B0122,SC17,3
S003064,2025-06-06,Redwood National Park ,T046,B0015,SC23,2
S003065,2025-08-06,gLaCiEr National Park,T055,B0375,SC09,2
S003066,2025-06-28,gRaNd Canyon National Park,T067,B0359,SC20,1
S003067,2025-08-23,redwood National Park,T050,B0010,SC18,1
S003068,2025-07-22,Acadia National Park ,T049,B0221,SC26,2
S003069,2025-06-13,rEdWoOd National Park,T027,B0314,SC17,1
S003070,2025-07-29,glacier National Park,T009,B0110,SC06,2
S003071,2025-08-29,rEdWoOd National Park,T112,B0209,SC23,1
S003072,2025-08-04,zion National Park,T047,B0364,SC24,1
S003073,2025-08-03,grand Canyon National Park,T004,B0207,SC12,1
S003074,2025-07-11,Grand Canyon National Park ,T049,B0133,SC15,2
S003075,2025-06-21,gRaNd Canyon National Park,T099,B0205,SC06,3
S003076,2025-08-24,Yellowstone National Park ,T040,B0245,SC25 - Mountain Goat,1
S003077,2025-07-24,rEdWoOd National Park,T090,B0248,SC01,4
S003078,2025-06-28,yellowstone National Park,T050,B0110,SC14,2
S003079,2025-08-21,zion National Park,T104,B0074,SC23,2
S003080,2025-07-04,yellowstone National Park,T109,B0009,SC23,4
S003081,2025-07-29,Redwood National Park ,T002,B0053,SC19,2
S003082,2025-06-09,Yellowstone National Park ,T069,,SC21,2
S003083,2025-07-17,glacier National Park,T068,B0166,SC24,2
S003084,2025-08-20,Redwood National Park ,T107,B0188,SC23,3
S003085,2025-08-19,aCaDiA National Park,T047,B0392,SC15,2
S003086,2025-07-23,Zion National Park ,T072,B0152,SC20,1
S003087,2025-06-19,redwood National Park,T065,B0219,SC12 - Elk,1
S003088,2025-06-09,rEdWoOd National Park,T021,B0190,SC03 - River Otter,1
S003089,2025-07-13,rEdWoOd National Park,T074,B0205,SC04,4
S003090,2025-06-03,Acadia National Park ,T096,B0278,SC14,2
S003091,2025-07-20,gLaCiEr National Park,T010,B0114,SC15,1
S003092,2025-08-04,Zion National Park ,T039,B0072,SC06,4
S003093,2025-08-28,yellowstone National Park,T008,B0037,SC28,1
S003094,2025-08-08,yellowstone National Park,T087,B0211,SC04,1
S003095,2025-06-26,yellowstone National Park,T042,,SC05,1
S003096,2025-08-12,Zion National Park ,T111,,SC20,1
S003097,2025-08-29,redwood National Park,T059,B0355,SC11,1
S003098,2025-06-15,rEdWoOd National Park,T074,,SC04,1
S003099,2025-08-29,Grand Canyon National Park ,T042,B0141,SC24,2
S003100,2025-07-14,grand Canyon National Park,T106,,SC30,1
S003101,2025-07-09,Acadia National Park ,T018,B0214,SC09,3
S003102,2025-06-29,zion National Park,T088,B0119,sc07,1
S003103,2025-08-22,Yellowstone National Park ,T115,B0099,SC08,3
S003104,2025-07-17,yellowstone National Park,T053,B0027,SC06,5
S003105,2025-07-04,redwood National Park,T019,B0116,SC24,1
S003106,2025-07-20,glacier National Park,T111,B0067,SC15,1
S003107,2025-08-13,Grand Canyon National Park ,T045,B0205,SC30,2
S003108,2025-06-09,rEdWoOd National Park,T103,B0334,SC16,2
S003109,2025-08-12,aCaDiA National Park,T050,B0382,SC04,1
S003110,2025-07-01,zion National Park,T039,B0280,SC01,4
S003111,2025-08-26,yElLoWsToNe National Park,T035,B0272,SC01,4
S003112,2025-07-26,yellowstone National Park,T034,B0190,SC23,2
S003113,2025-08-16,Glacier National Park ,T089,B0117,SC01,2
S003114,2025-08-08,yellowstone National Park,T103,B0365,SC29,2
S003115,2025-07-01,rEdWoOd National Park,T097,B0014,SC18,1
S003116,2025-08-06,zIoN National Park,T099,B0113,SC13,3
S003117,2025-08-06,Redwood National Park ,T086,B0275,SC18,1
S003118,2025-06-29,Glacier National Park ,T107,B0312,SC23,1
S003119,2025-07-09,acadia National Park,T001,B0231,SC09,1
S003120,2025-07-02,Acadia National Park ,T023,B0214,sc07,1
S003121,2025-07-13,redwood National Park,T052,B0028,SC06,2
S003122,2025-07-09,grand Canyon National Park,T067,B0072,SC05,2
S003123,2025-08-18,zIoN National Park,T030,B0327,SC21,1
S003124,2025-08-27,acadia National Park,T005,B0398,SC25,5
S003125,2025-08-17,Zion National Park ,T014,B0088,SC15,1
S003126,2025-08-18,gRaNd Canyon National Park,T078,B0095,SC18,1
S003127,2025-08-14,grand Canyon National Park,T083,B0337,SC15,2
S003128,2025-07-28,yElLoWsToNe National Park,T063,,SC12,1
S003129,2025-06-09,redwood National Park,T056,B0088,SC27,3
S003130,2025-07-31,Glacier National Park ,T067,B0390,SC03 - River Otter,1
S003131,2025-08-07,zIoN National Park,T111,B0279,SC09,1
S003132,2025-07-13,zIoN National Park,T005,B0224,SC12 - Elk,2
S003133,2025-08-12,Grand Canyon National Park ,T070,B0233,SC21,2
S003134,2025-07-15,Redwood National Park ,T077,B0030,SC13,3
S003135,2025-07-16,Redwood National Park ,T037,B0105,SC27,4
S003136,2025-07-31,redwood National Park,T084,B0306,Sc18,2
S003137,2025-07-01,grand Canyon National Park,T116,B0072,SC18,4
S003138,2025-06-26,Grand Canyon National Park ,T026,B0164,Sc18,1
S003139,2025-07-23,Grand Canyon National Park ,T013,B0357,sc07,4
S003140,2025-07-18,Acadia National Park ,T032,B0235,SC17,1
S003141,2025-08-25,gLaCiEr National Park,T115,B0190,SC01,2
S003142,2025-08-15,Acadia National Park ,T114,B0016,SC14,4
S003143,2025-06-11,gLaCiEr National Park,T030,B0289,SC19,4
S003144,2025-06-19,gRaNd Canyon National Park,T024,B0022,SC03,3
S003145,2025-07-23,Yellowstone National Park ,T120,B0189,SC02,1
S003146,2025-06-03,zIoN National Park,T054,,SC02,1
S003147,2025-07-22,gLaCiEr National Park,T054,B0137,SC03,2
S003148,2025-08-21,zIoN National Park,T076,B0211,SC12 - Elk,1
S003149,2025-08-07,aCaDiA National Park,T027,B0084,sc07,1
S003150,2025-06-04,glacier National Park,T117,B0062,SC04,7
S003151,2025-07-22,Yellowstone National Park ,T089,B0391,SC25,2
S003152,2025-06-30,zion National Park,T030,B0214,SC15,3
S003153,2025-08-08,grand Canyon National Park,T018,B0222,SC05,2
S003154,2025-08-08,Acadia National Park ,T094,B0331,SC29,1
S003155,2025-08-13,gRaNd Canyon National Park,T089,B0079,SC23,3
S003156,2025-06-23,Zion National Park ,T097,B0016,SC26,3
S003157,2025-08-21,gLaCiEr National Park,T094,,SC08,1
S003158,2025-07-21,glacier National Park,T078,,SC19,2
S003159,2025-08-18,Yellowstone National Park ,T056,B0079,SC26,1
S003160,2025-06-16,Redwood National Park ,T089,B0178,SC25,3
S003161,2025-07-10,yellowstone National Park,T087,B0118,SC28,1
S003162,2025-06-27,acadia National Park,T005,B0126,SC23,4
S003163,2025-06-13,Yellowstone National Park ,T100,B0081,SC01,2
S003164,2025-06-13,acadia National Park,T074,,SC08,3
S003165,2025-06-05,grand Canyon National Park,T024,B0287,SC24,1
S003166,2025-08-03,Grand Canyon National Park ,T063,B0240,SC21,4
S003167,2025-06-15,Zion National Park ,T076,B0399,SC27,3
S003168,2025-06-15,yElLoWsToNe National Park,T092,B0065,SC20,3
S003169,2025-07-20,acadia National Park,T109,B0016,SC22,1
S003170,2025-07-30,Grand Canyon National Park ,T061,B0096,sc07,1
S003171,2025-06-09,gRaNd Canyon National Park,T011,B0367,SC04,2
S003172,2025-08-18,gRaNd Canyon National Park,T092,B0360,SC03,1
S003173,2025-08-26,rEdWoOd National Park,T078,B0281,Sc18,1
S003174,2025-07-14,gLaCiEr National Park,T074,,SC25,2
S003175,2025-06-09,Acadia National Park ,T068,B0224,SC12,2
S003176,2025-07-31,Grand Canyon National Park ,T089,B0216,SC22,1
S003177,2025-08-14,zIoN National Park,T062,B0380,SC23,2
S003178,2025-07-20,yellowstone National Park,T103,B0224,SC02,1
S003179,2025-06-29,Acadia National Park ,T085,B0171,SC30,3
S003180,2025-07-14,yellowstone National Park,T100,B0049,SC03,1
S003181,2025-07-18,zion National Park,T009,B0087,SC03 - River Otter,4
S003182,2025-06-30,yellowstone National Park,T103,B0135,SC04,4
S003183,2025-08-27,Zion National Park ,T108,B0327,SC08,2
S003184,2025-06-15,Yellowstone National Park ,T093,,SC13,4
S003185,2025-07-13,yellowstone National Park,T017,B0111,SC25,7
S003186,2025-06-15,zion National Park,T025,B0146,SC20,7
S003187,2025-07-01,acadia National Park,T010,B0143,SC30,2
S003188,2025-06-02,zIoN National Park,T032,B0031,SC10,1
S003189,2025-06-24,Redwood National Park ,T103,,SC04,2
S003190,2025-07-16,zIoN National Park,T034,B0326,SC27,3
S003191,2025-07-19,Zion National Park ,T074,B0347,Sc18,1
S003192,2025-08-17,yElLoWsToNe National Park,T026,B0072,SC28,1
S003193,2025-08-20,Zion National Park ,T062,,SC08,1
S003194,2025-08-19,gRaNd Canyon National Park,T011,B0217,SC17,3
S003195,2025-06-13,Redwood National Park ,T065,B0092,SC02,1
S003196,2025-06-13,yElLoWsToNe National Park,T055,,sc07,3
S003197,2025-06-04,Glacier National Park ,T069,B0389,SC11,2
S003198,2025-07-29,rEdWoOd National Park,T112,B0160,SC11,1
S003199,2025-06-13,zIoN National Park,T066,B0137,SC22,3
S003200,2025-07-14,Redwood National Park ,T001,B0126,SC06,6
S003201,2025-08-22,Redwood National Park ,T054,B0257,SC26,2
S003202,2025-08-02,grand Canyon National Park,T080,B0011,SC04,1
S003203,2025-08-28,rEdWoOd National Park,T084,B0264,SC04,2
S003204,2025-06-07,zion National Park,T120,B0274,SC09,2
S003205,2025-06-09,Glacier National Park ,T089,B0373,SC03,3
S003206,2025-08-07,glacier National Park,T107,B0282,SC20,4
S003207,2025-06-09,redwood National Park,T077,B0054,SC20,1
S003208,2025-06-01,zion National Park,T030,B0109,SC06,5
S003209,2025-08-25,Glacier National Park ,T041,B0214,SC06,1
S003210,2025-06-17,grand Canyon National Park,T058,B0133,SC20,6
S003211,2025-07-04,glacier National Park,T113,,SC25,1
S003212,2025-06-30,Acadia National Park ,T035,B0325,SC15,1
S003213,2025-06-09,rEdWoOd National Park,T111,B0130,SC23,3
S003214,2025-07-25,redwood National Park,T044,B0089,SC13,1
S003215,2025-06-30,yellowstone National Park,T031,B0029,SC28,5
S003216,2025-06-26,Yellowstone National Park ,T001,,SC18,2
S003217,2025-08-03,Redwood National Park ,T101,B0241,SC15,4
S003218,2025-08-02,rEdWoOd National Park,T109,,SC25,1
S003219,2025-07-15,yellowstone National Park,T025,B0172,SC08,2
S003220,2025-08-23,yellowstone National Park,T119,B0216,SC28,3
S003221,2025-08-09,glacier National Park,T103,,SC15,2
S003222,2025-07-16,acadia National Park,T067,B0067,SC13,1
S003223,2025-06-15,Glacier National Park ,T021,B0251,SC13,3
S003224,2025-06-01,gRaNd Canyon National Park,T025,B0293,SC21,1
S003225,2025-06-01,aCaDiA National Park,T036,B0361,SC22,2
S003226,2025-08-16,redwood National Park,T113,B0152,SC08,1
S003227,2025-07-06,yElLoWsToNe National Park,T089,B0355,SC18,2
S003228,2025-07-01,gLaCiEr National Park,T017,B0054,SC20,4
S003229,2025-07-29,Glacier National Park ,T111,B0043,SC18,5
S003230,2025-07-18,Glacier National Park ,T054,B0364,SC05,4
S003231,2025-06-28,Zion National Park ,T066,B0342,SC07,1
S003232,2025-08-01,Redwood National Park ,T095,B0287,SC24,1
S003233,2025-06-01,aCaDiA National Park,T002,B0203,SC06,4
S003234,2025-08-15,redwood National Park,T086,B0139,SC08,1
S003235,2025-06-06,Zion National Park ,T030,B0237,SC17,1
S003236,2025-07-07,redwood National Park,T096,B0127,SC27,2
S003237,2025-07-10,redwood National Park,T044,B0332,SC11,1
S003238,2025-08-24,rEdWoOd National Park,T060,B0371,SC20,2
S003239,2025-06-07,gLaCiEr National Park,T002,B0213,SC05,4
S003240,2025-06-21,aCaDiA National Park,T013,B0040,SC03,1
S003241,2025-06-01,Grand Canyon National Park ,T057,B0181,SC03 - River Otter,1
S003242,2025-08-04,zion National Park,T112,B0313,SC24,2
S003243,2025-06-26,gLaCiEr National Park,T039,B0300,SC26,1
S003244,2025-06-25,grand Canyon National Park,T118,B0336,SC19,1
S003245,2025-06-03,glacier National Park,T092,B0114,SC11,2
S003246,2025-06-29,yElLoWsToNe National Park,T090,B0239,SC13,1
S003247,2025-08-06,gRaNd Canyon National Park,T066,B0298,SC15,2
S003248,2025-08-19,gLaCiEr National Park,T050,B0021,SC01,2
S003249,2025-08-09,Grand Canyon National Park ,T020,B0157,SC20,4
S003250,2025-07-21,Glacier National Park ,T012,B0349,SC09,1
S003251,2025-07-26,Grand Canyon National Park ,T004,B0310,SC19,1
S003252,2025-07-26,gRaNd Canyon National Park,T005,B0049,Sc18,2
S003253,2025-07-31,gLaCiEr National Park,T116,B0278,SC26,1
S003254,2025-07-05,zion National Park,T111,B0367,SC28,2
S003255,2025-07-23,rEdWoOd National Park,T119,B0023,SC15,2
S003256,2025-08-05,yellowstone National Park,T025,B0061,SC14,1
S003257,2025-07-19,grand Canyon National Park,T034,B0195,SC12 - Elk,2
S003258,2025-06-04,redwood National Park,T017,B0213,SC25 - Mountain Goat,4
S003259,2025-07-05,acadia National Park,T022,,SC07,1
S003260,2025-08-16,gLaCiEr National Park,T110,B0076,SC18,3
S003261,2025-08-26,yellowstone National Park,T077,B0368,SC03 - River Otter,4
S003262,2025-06-22,Zion National Park ,T072,B0280,SC26,1
S003263,2025-06-26,yellowstone National Park,T042,B0254,SC23,1
S003264,2025-07-28,Grand Canyon National Park ,T099,B0304,SC23,3
S003265,2025-08-03,redwood National Park,T117,B0321,SC14,1
S003266,2025-06-07,Zion National Park ,T100,B0150,SC23,1
S003267,2025-07-02,Grand Canyon National Park ,T036,,SC02,3
S003268,2025-06-10,acadia National Park,T113,B0166,SC03,3
S003269,2025-06-02,gLaCiEr National Park,T103,B0312,SC01,1
S003270,2025-06-12,zIoN National Park,T016,,SC03,3
S003271,2025-08-07,rEdWoOd National Park,T116,B0396,SC26,5
S003272,2025-06-04,acadia National Park,T064,B0210,SC28,2
S003273,2025-07-23,aCaDiA National Park,T050,B0060,SC08,1
S003274,2025-08-08,aCaDiA National Park,T088,B0061,SC26,1
S003275,2025-06-08,zIoN National Park,T056,,SC06,1
S003276,2025-08-27,grand Canyon National Park,T046,B0297,SC09,3
S003277,2025-08-17,glacier National Park,T050,B0309,SC28,2
S003278,2025-07-17,Yellowstone National Park ,T028,B0303,SC30,4
S003279,2025-08-08,redwood National Park,T079,B0202,SC09,1
S003280,2025-06-30,grand Canyon National Park,T059,,SC02,2
S003281,2025-08-06,zIoN National Park,T011,B0135,SC30,1
S003282,2025-07-23,Glacier National Park ,T077,B0282,SC12 - Elk,1
S003283,2025-08-02,Glacier National Park ,T039,B0157,SC16,4
S003284,2025-06-29,aCaDiA National Park,T084,B0223,SC01,1
S003285,2025-08-23,gRaNd Canyon National Park,T019,B0400,SC14,1
S003286,2025-07-11,gRaNd Canyon National Park,T100,B0083,SC03,2
S003287,2025-06-23,Glacier National Park ,T047,B0309,SC07,2
S003288,2025-06-17,rEdWoOd National Park,T071,B0247,SC30,6
S003289,2025-06-13,redwood National Park,T005,B0057,SC07,4
S003290,2025-06-21,glacier National Park,T076,B0366,SC30,1
S003291,2025-08-18,Acadia National Park ,T022,,SC01,2
S003292,2025-07-16,acadia National Park,T097,B0215,Sc18,1
S003293,2025-06-19,redwood National Park,T071,B0299,SC10,1
S003294,2025-07-12,glacier National Park,T040,B0266,SC04,2
S003295,2025-06-15,Glacier National Park ,T012,B0179,SC04,4
S003296,2025-07-21,yellowstone National Park,T042,B0191,SC12,4
S003297,2025-07-16,aCaDiA National Park,T067,B0354,SC20,4
S003298,2025-07-04,Zion National Park ,T089,B0010,SC08,1
S003299,2025-08-17,zion National Park,T065,B0290,SC06,3
S003300,2025-07-22,aCaDiA National Park,T034,B0219,SC10,1
S003301,2025-08-16,redwood National Park,T079,B0317,SC06,1
S003302,2025-07-07,grand Canyon National Park,T034,B0277,SC25,1
S003303,2025-08-15,redwood National Park,T009,B0213,SC01,1
S003304,2025-07-12,acadia National Park,T066,B0396,sc07,2
S003305,2025-06-16,Zion National Park ,T097,,SC29,3
S003306,2025-07-29,acadia National Park,T099,B0120,SC22,4
S003307,2025-07-07,Acadia National Park ,T104,B0259,SC25 - Mountain Goat,2
S003308,2025-07-26,Zion National Park ,T031,B0013,SC23,3
S003309,2025-08-07,yElLoWsToNe National Park,T062,B0221,SC24,3
S003310,2025-07-08,gRaNd Canyon National Park,T062,B0370,SC06,1
S003311,2025-07-04,Redwood National Park ,T023,B0315,SC03 - River Otter,1
S003312,2025-06-30,acadia National Park,T012,B0098,SC09,2
S003313,2025-08-07,grand Canyon National Park,T105,B0350,SC14,5
S003314,2025-06-27,aCaDiA National Park,T054,,SC29,1
S003315,2025-08-24,gLaCiEr National Park,T101,B0094,SC27,1
S003316,2025-08-25,zIoN National Park,T064,B0290,SC19,1
S003317,2025-08-14,gLaCiEr National Park,T052,B0168,SC06,1
S003318,2025-08-10,Yellowstone National Park ,T077,B0070,SC30,2
S003319,2025-07-18,zion National Park,T018,B0163,SC03,1
S003320,2025-06-23,Acadia National Park ,T057,B0267,SC29,1
S003321,2025-08-12,glacier National Park,T120,B0277,SC25,3
S003322,2025-08-03,acadia National Park,T007,B0396,SC27,2
S003323,2025-08-20,redwood National Park,T060,B0115,SC06,1
S003324,2025-07-24,zIoN National Park,T041,,SC03 - River Otter,1
S003325,2025-07-23,gRaNd Canyon National Park,T005,B0212,SC14,1
S003326,2025-08-26,gRaNd Canyon National Park,T115,B0029,SC03 - River Otter,1
S003327,2025-08-07,rEdWoOd National Park,T094,B0215,SC23,3
S003328,2025-06-30,Acadia National Park ,T025,B0077,Sc18,2
S003329,2025-08-24,aCaDiA National Park,T048,B0127,sc07,1
S003330,2025-08-28,zion National Park,T031,B0305,SC01,1
S003331,2025-07-06,Yellowstone National Park ,T010,B0386,SC17,1
S003332,2025-06-21,Acadia National Park ,T100,B0347,SC21,3
S003333,2025-06-24,zIoN National Park,T075,B0195,SC25 - Mountain Goat,2
S003334,2025-08-29,zIoN National Park,T037,B0309,SC03 - River Otter,4
S003335,2025-07-26,zIoN National Park,T014,B0092,SC21,5
S003336,2025-07-08,glacier National Park,T120,,sc07,2
S003337,2025-08-01,zIoN National Park,T032,B0104,SC12 - Elk,1
S003338,2025-08-28,zIoN National Park,T111,B0368,SC28,1
S003339,2025-06-26,redwood National Park,T019,B0024,SC06,1
S003340,2025-08-15,gRaNd Canyon National Park,T089,B0177,SC01,2
S003341,2025-08-18,yellowstone National Park,T101,B0276,SC14,1
S003342,2025-06-01,gLaCiEr National Park,T082,,SC16,1
S003343,2025-08-27,zion National Park,T077,B0180,SC21,3
S003344,2025-08-27,Redwood National Park ,T073,B0331,SC12,1
S003345,2025-06-07,grand Canyon National Park,T061,B0203,SC10,4
S003346,2025-06-05,zIoN National Park,T043,B0303,SC17,2
S003347,2025-06-07,gLaCiEr National Park,T100,B0203,SC01,1
S003348,2025-07-11,Zion National Park ,T110,,SC16,1
S003349,2025-06-16,zion National Park,T010,B0184,SC16,1
S003350,2025-07-08,Redwood National Park ,T115,B0147,SC02,1
S003351,2025-07-24,aCaDiA National Park,T066,B0297,SC04,2
S003352,2025-08-08,yElLoWsToNe National Park,T092,B0355,SC02,2
S003353,2025-06-18,Acadia National Park ,T003,B0302,SC04,2
S003354,2025-07-30,yellowstone National Park,T065,B0291,SC09,1
S003355,2025-07-16,redwood National Park,T081,B0185,SC21,3
S003356,2025-06-17,zIoN National Park,T094,B0146,SC26,4
S003357,2025-06-06,zion National Park,T102,B0252,SC22,4
S003358,2025-08-26,Acadia National Park ,T054,B0131,SC17,4
S003359,2025-07-06,yellowstone National Park,T098,B0241,SC16,1
S003360,2025-06-25,redwood National Park,T036,B0154,SC29,1
S003361,2025-07-24,Glacier National Park ,T025,B0016,SC30,3
S003362,2025-07-10,zIoN National Park,T011,B0099,SC01,3
S003363,2025-08-29,glacier National Park,T076,B0227,SC18,1
S003364,2025-06-26,aCaDiA National Park,T083,B0359,SC14,3
S003365,2025-06-12,redwood National Park,T120,B0355,Sc18,4
S003366,2025-08-04,zIoN National Park,T003,B0008,SC24,3
S003367,2025-06-14,aCaDiA National Park,T051,B0187,SC19,1
S003368,2025-08-01,gLaCiEr National Park,T011,B0327,SC06,4
S003369,2025-08-03,gRaNd Canyon National Park,T087,B0061,Sc18,3
S003370,2025-06-09,glacier National Park,T042,B0048,SC06,1
S003371,2025-08-04,glacier National Park,T018,B0305,SC20,1
S003372,2025-07-01,gRaNd Canyon National Park,T098,B0271,SC04,3
S003373,2025-08-04,Yellowstone National Park ,T070,B0173,SC05,1
S003374,2025-06-20,acadia National Park,T045,B0376,SC08,1
S003375,2025-07-30,grand Canyon National Park,T009,B0282,SC12 - Elk,4
S003376,2025-07-17,Glacier National Park ,T060,B0028,SC22,3
S003377,2025-06-24,redwood National Park,T073,B0336,SC23,2
S003378,2025-07-23,Glacier National Park ,T004,B0380,SC02,1
S003379,2025-07-10,redwood National Park,T118,B0001,SC26,5
S003380,2025-06-21,zion National Park,T008,B0058,SC20,2
S003381,2025-06-15,Grand Canyon National Park ,T007,B0024,SC27,1
S003382,2025-06-03,gRaNd Canyon National Park,T043,B0173,SC22,2
S003383,2025-08-27,grand Canyon National Park,T097,,SC19,2
S003384,2025-06-27,yellowstone National Park,T090,B0142,SC02,1
S003385,2025-06-17,Zion National Park ,T040,,SC15,3
S003386,2025-07-26,aCaDiA National Park,T068,B0259,SC15,1
S003387,2025-08-28,Zion National Park ,T056,B0045,SC27,2
S003388,2025-07-01,redwood National Park,T107,B0365,SC12,3
S003389,2025-06-24,rEdWoOd National Park,T089,B0115,SC27,3
S003390,2025-07-18,Yellowstone National Park ,T003,B0325,SC26,4
S003391,2025-08-27,zion National Park,T098,B0219,SC04,1
S003392,2025-08-17,redwood National Park,T079,B0244,SC04,2
S003393,2025-08-21,yElLoWsToNe National Park,T014,,SC23,1
S003394,2025-06-16,gLaCiEr National Park,T099,B0036,SC15,3
S003395,2025-07-02,gRaNd Canyon National Park,T056,B0159,SC25,1
S003396,2025-07-25,Glacier National Park ,T116,,SC08,1
S003397,2025-07-22,Glacier National Park ,T104,B0240,SC25,1
S003398,2025-08-18,aCaDiA National Park,T108,B0047,SC07,2
S003399,2025-07-21,Glacier National Park ,T001,B0004,SC07,1
S003400,2025-07-31,yellowstone National Park,T072,B0030,SC29,5
S003401,2025-07-08,Yellowstone National Park ,T093,B0309,SC29,1
S003402,2025-08-17,yellowstone National Park,T035,B0347,SC20,1
S003403,2025-08-03,rEdWoOd National Park,T087,B0230,SC25 - Mountain Goat,2
S003404,2025-08-12,Yellowstone National Park ,T008,B0370,Sc18,1
S003405,2025-08-29,Zion National Park ,T025,B0270,SC24,1
S003406,2025-08-13,Glacier National Park ,T049,B0192,SC25,1
S003407,2025-06-03,Redwood National Park ,T115,B0180,SC25,1
S003408,2025-06-09,Yellowstone National Park ,T076,B0128,SC23,2
S003409,2025-06-08,redwood National Park,T085,B0304,SC02,4
S003410,2025-07-10,yElLoWsToNe National Park,T117,B0060,SC29,1
S003411,2025-06-11,zIoN National Park,T033,B0141,SC25,1
S003412,2025-08-24,Zion National Park ,T006,B0069,SC10,4
S003413,2025-08-02,Yellowstone National Park ,T068,B0396,SC30,3
S003414,2025-07-29,Acadia National Park ,T061,B0316,SC22,1
S003415,2025-08-28,zIoN National Park,T083,B0110,SC02,1
S003416,2025-07-23,acadia National Park,T066,B0201,SC06,3
S003417,2025-08-23,grand Canyon National Park,T110,B0236,SC23,6
S003418,2025-07-23,Yellowstone National Park ,T036,B0395,SC13,1
S003419,2025-07-22,gLaCiEr National Park,T019,,SC05,1
S003420,2025-06-24,grand Canyon National Park,T039,B0294,SC02,2
S003421,2025-07-10,Redwood National Park ,T014,B0176,SC20,1
S003422,2025-08-21,grand Canyon National Park,T032,B0222,SC28,3
S003423,2025-06-18,grand Canyon National Park,T027,B0175,Sc18,3
S003424,2025-07-01,Glacier National Park ,T073,B0230,SC05,1
S003425,2025-08-20,zion National Park,T072,B0139,SC11,3
S003426,2025-06-27,aCaDiA National Park,T120,B0086,SC11,2
S003427,2025-07-30,grand Canyon National Park,T083,B0191,SC19,2
S003428,2025-07-03,Acadia National Park ,T015,B0141,SC04,3
S003429,2025-07-15,acadia National Park,T118,B0304,Sc18,1
S003430,2025-06-16,yElLoWsToNe National Park,T076,,SC02,4
S003431,2025-06-01,aCaDiA National Park,T023,B0142,SC17,1
S003432,2025-08-13,redwood National Park,T020,B0134,SC25 - Mountain Goat,3
S003433,2025-06-19,yellowstone National Park,T044,B0090,SC21,3
S003434,2025-07-01,yElLoWsToNe National Park,T012,,SC18,4
S003435,2025-07-26,Yellowstone National Park ,T072,,SC16,1
S003436,2025-08-17,Yellowstone National Park ,T073,B0038,SC24,1
S003437,2025-08-11,gRaNd Canyon National Park,T006,B0292,SC20,1
S003438,2025-06-18,Acadia National Park ,T030,B0222,SC26,2
S003439,2025-06-04,yElLoWsToNe National Park,T087,B0155,SC25,4
S003440,2025-07-28,glacier National Park,T040,B0164,SC25,1
S003441,2025-08-05,rEdWoOd National Park,T065,B0001,SC20,1
S003442,2025-08-18,aCaDiA National Park,T024,B0276,Sc18,2
S003443,2025-06-03,zion National Park,T099,B0061,SC08,2
S003444,2025-06-06,Yellowstone National Park ,T112,B0307,SC16,1
S003445,2025-07-09,gRaNd Canyon National Park,T102,,SC06,3
S003446,2025-07-30,gLaCiEr National Park,T070,B0231,SC24,4
S003447,2025-06-02,yellowstone National Park,T098,B0148,SC25 - Mountain Goat,2
S003448,2025-07-06,Grand Canyon National Park ,T011,B0011,SC25,2
S003449,2025-06-29,zion National Park,T032,B0144,SC09,1
S003450,2025-06-02,rEdWoOd National Park,T112,B0298,SC03 - River Otter,6
S003451,2025-06-16,rEdWoOd National Park,T095,,SC02,2
S003452,2025-07-14,Acadia National Park ,T047,B0226,SC26,2
S003453,2025-06-17,Grand Canyon National Park ,T112,B0267,SC19,1
S003454,2025-07-21,Yellowstone National Park ,T031,B0189,SC03,4
S003455,2025-08-02,redwood National Park,T030,B0347,SC03,3
S003456,2025-06-19,rEdWoOd National Park,T091,B0150,SC06,2
S003457,2025-06-22,Glacier National Park ,T029,,SC29,1
S003458,2025-08-27,Redwood National Park ,T034,B0387,SC03,2
S003459,2025-08-13,grand Canyon National Park,T090,B0348,SC14,5
S003460,2025-08-14,yellowstone National Park,T101,B0153,SC17,2
S003461,2025-07-07,redwood National Park,T109,B0147,SC11,2
S003462,2025-08-10,zIoN National Park,T105,B0363,SC01,1
S003463,2025-06-10,rEdWoOd National Park,T060,B0055,SC03,2
S003464,2025-07-06,gLaCiEr National Park,T042,B0174,SC26,2
S003465,2025-06-13,zion National Park,T067,B0094,SC01,4
S003466,2025-06-07,yElLoWsToNe National Park,T108,B0053,SC12 - Elk,2
S003467,2025-07-08,glacier National Park,T091,B0135,SC27,1
S003468,2025-06-09,rEdWoOd National Park,T007,B0361,SC06,2
S003469,2025-08-14,rEdWoOd National Park,T094,B0099,SC07,1
S003470,2025-07-04,aCaDiA National Park,T030,B0293,SC18,1
S003471,2025-08-06,glacier National Park,T115,B0206,SC05,2
S003472,2025-08-25,redwood National Park,T008,B0162,SC21,3
S003473,2025-06-25,rEdWoOd National Park,T101,B0111,SC05,1
S003474,2025-06-02,zIoN National Park,T037,,Sc18,3
S003475,2025-07-13,Acadia National Park ,T076,,SC27,3
S003476,2025-08-24,aCaDiA National Park,T108,B0189,SC04,2
S003477,2025-08-16,zIoN National Park,T010,B0278,SC08,6
S003478,2025-08-24,redwood National Park,T022,B0002,SC19,2
S003479,2025-08-23,glacier National Park,T012,,SC08,2
S003480,2025-08-25,glacier National Park,T029,B0005,SC15,6
S003481,2025-07-30,aCaDiA National Park,T045,B0315,SC03 - River Otter,1
S003482,2025-07-07,Redwood National Park ,T008,B0283,SC28,1
S003483,2025-07-16,yElLoWsToNe National Park,T080,,SC08,1
S003484,2025-06-20,grand Canyon National Park,T066,B0016,SC11,2
S003485,2025-06-14,Glacier National Park ,T120,B0094,SC29,2
S003486,2025-08-24,Grand Canyon National Park ,T054,B0286,SC18,3
S003487,2025-07-26,grand Canyon National Park,T108,B0215,SC19,1
S003488,2025-08-22,glacier National Park,T089,B0014,SC20,1
S003489,2025-08-10,Glacier National Park ,T091,B0099,SC26,3
S003490,2025-06-19,Yellowstone National Park ,T051,B0241,SC02,3
S003491,2025-06-07,Grand Canyon National Park ,T091,B0167,SC08,4
S003492,2025-08-13,Glacier National Park ,T043,B0317,SC05,4
S003493,2025-06-19,Zion National Park ,T034,B0008,SC22,2
S003494,2025-06-02,acadia National Park,T041,B0277,SC22,3
S003495,2025-07-15,glacier National Park,T086,B0242,SC01,4
S003496,2025-07-08,Grand Canyon National Park ,T060,B0111,SC07,3
S003497,2025-07-14,zIoN National Park,T043,B0252,SC03,3
S003498,2025-06-22,aCaDiA National Park,T064,,Sc18,1
S003499,2025-06-09,zIoN National Park,T028,B0235,SC05,2
S003500,2025-06-16,Zion National Park ,T001,B0084,SC09,1
S003501,2025-06-19,redwood National Park,T083,,SC29,2
S003502,2025-06-24,redwood National Park,T079,B0022,SC12 - Elk,1
S003503,2025-07-23,aCaDiA National Park,T068,B0241,SC08,4
S003504,2025-07-09,aCaDiA National Park,T015,B0189,SC25,2
S003505,2025-08-09,Zion National Park ,T076,B0043,SC11,3
S003506,2025-08-27,yElLoWsToNe National Park,T061,B0279,SC03,4
S003507,2025-08-17,yellowstone National Park,T082,B0114,SC05,4
S003508,2025-07-13,Acadia National Park ,T109,B0212,SC12,2
S003509,2025-08-14,Acadia National Park ,T113,B0388,SC01,1
S003510,2025-07-25,gRaNd Canyon National Park,T107,,SC30,4
S003511,2025-06-25,gLaCiEr National Park,T085,B0044,SC28,4
S003512,2025-06-16,yellowstone National Park,T011,B0087,SC28,1
S003513,2025-06-23,Zion National Park ,T004,B0350,SC04,1
S003514,2025-08-11,Grand Canyon National Park ,T042,B0116,SC30,3
S003515,2025-07-22,yellowstone National Park,T115,B0163,SC19,2
S003516,2025-06-18,redwood National Park,T110,B0231,SC02,4
S003517,2025-07-29,acadia National Park,T119,B0279,SC20,3
S003518,2025-07-05,Glacier National Park ,T017,B0098,SC13,3
S003519,2025-07-22,Grand Canyon National Park ,T008,,SC17,3
S003520,2025-08-01,Grand Canyon National Park ,T100,B0172,SC02,2
S003521,2025-07-26,yElLoWsToNe National Park,T063,B0171,SC29,1
S003522,2025-06-23,gRaNd Canyon National Park,T021,B0003,SC30,2
S003523,2025-06-04,Zion National Park ,T032,B0199,SC28,3
S003524,2025-06-23,acadia National Park,T005,,SC05,2
S003525,2025-07-13,redwood National Park,T105,,SC03,1
S003526,2025-08-16,gLaCiEr National Park,T087,B0359,SC23,2
S003527,2025-08-01,yElLoWsToNe National Park,T074,B0050,SC28,3
S003528,2025-07-29,rEdWoOd National Park,T062,B0396,SC15,1
S003529,2025-07-18,Zion National Park ,T021,B0266,SC29,1
S003530,2025-08-20,Zion National Park ,T079,B0109,SC19,1
S003531,2025-06-13,Grand Canyon National Park ,T078,B0308,SC21,1
S003532,2025-06-23,grand Canyon National Park,T045,,SC15,1
S003533,2025-06-29,grand Canyon National Park,T068,B0137,SC15,4
S003534,2025-08-07,Redwood National Park ,T068,B0168,Sc18,1
S003535,2025-07-21,zIoN National Park,T049,B0274,SC03,2
S003536,2025-07-19,rEdWoOd National Park,T077,B0311,SC07,3
S003537,2025-08-11,aCaDiA National Park,T082,B0194,SC19,1
S003538,2025-06-14,redwood National Park,T069,B0075,SC05,5
S003539,2025-08-03,zIoN National Park,T068,B0290,SC07,2
S003540,2025-06-21,zion National Park,T017,B0213,SC26,4
S003541,2025-07-07,rEdWoOd National Park,T114,B0174,SC15,2
S003542,2025-07-27,yElLoWsToNe National Park,T109,,SC28,1
S003543,2025-08-23,glacier National Park,T008,B0333,SC26,1
S003544,2025-08-10,yellowstone National Park,T024,B0164,SC19,3
S003545,2025-08-02,rEdWoOd National Park,T120,B0374,SC17,1
S003546,2025-08-22,Redwood National Park ,T015,B0185,SC13,4
S003547,2025-06-29,Redwood National Park ,T052,B0349,SC26,1
S003548,2025-08-08,glacier National Park,T029,B0219,SC07,2
S003549,2025-07-02,aCaDiA National Park,T019,B0346,SC25,5
S003550,2025-08-19,aCaDiA National Park,T047,B0098,SC10,3
S003551,2025-06-01,Zion National Park ,T109,B0197,SC02,3
S003552,2025-08-16,Zion National Park ,T101,B0037,SC14,3
S003553,2025-06-21,yellowstone National Park,T055,B0367,SC14,6
S003554,2025-06-23,yellowstone National Park,T077,B0217,SC22,1
S003555,2025-08-24,Redwood National Park ,T065,B0181,SC07,1
S003556,2025-08-27,Glacier National Park ,T120,B0190,SC18,5
S003557,2025-06-07,aCaDiA National Park,T048,B0120,SC15,3
S003558,2025-06-13,gLaCiEr National Park,T056,B0265,SC16,2
S003559,2025-08-04,Zion National Park ,T002,B0052,SC13,2
S003560,2025-06-21,Glacier National Park ,T008,B0037,SC28,2
S003561,2025-06-14,Redwood National Park ,T011,B0284,SC09,2
S003562,2025-07-01,gRaNd Canyon National Park,T017,B0021,SC05,3
S003563,2025-08-24,rEdWoOd National Park,T066,B0088,SC17,3
S003564,2025-08-02,Acadia National Park ,T022,B0169,SC04,3
S003565,2025-08-10,acadia National Park,T055,B0145,SC12 - Elk,3
S003566,2025-06-09,Grand Canyon National Park ,T058,B0143,SC10,1
S003567,2025-06-13,gLaCiEr National Park,T073,B0153,SC01,2
S003568,2025-07-17,yElLoWsToNe National Park,T091,B0033,SC23,4
S003569,2025-06-04,glacier National Park,T006,B0191,SC03,1
S003570,2025-07-07,Redwood National Park ,T040,B0273,SC20,1
S003571,2025-07-12,Zion National Park ,T109,B0214,SC29,2
S003572,2025-06-26,Zion National Park ,T078,B0397,SC27,4
S003573,2025-07-23,Acadia National Park ,T058,B0256,SC04,4
S003574,2025-08-29,zion National Park,T051,B0270,SC02,4
S003575,2025-06-29,zIoN National Park,T026,B0282,SC11,3
S003576,2025-06-22,grand Canyon National Park,T036,B0289,SC14,2
S003577,2025-07-28,Grand Canyon National Park ,T005,B0206,SC24,1
S003578,2025-07-01,yElLoWsToNe National Park,T072,B0006,SC27,1
S003579,2025-08-01,rEdWoOd National Park,T101,B0281,SC05,1
S003580,2025-08-27,Zion National Park ,T034,B0247,SC13,1
S003581,2025-07-13,redwood National Park,T012,,SC20,1
S003582,2025-08-09,redwood National Park,T111,B0338,SC24,1
S003583,2025-06-21,redwood National Park,T118,B0268,SC23,2
S003584,2025-08-14,Yellowstone National Park ,T095,B0334,SC10,1
S003585,2025-06-05,Glacier National Park ,T104,B0263,SC18,2
S003586,2025-07-08,yellowstone National Park,T018,B0311,SC14,2
S003587,2025-08-07,Zion National Park ,T009,B0180,SC03,1
S003588,2025-08-08,gLaCiEr National Park,T106,B0049,SC06,4
S003589,2025-08-26,grand Canyon National Park,T082,B0095,SC20,1
S003590,2025-07-07,yElLoWsToNe National Park,T014,B0357,SC03 - River Otter,1
S003591,2025-06-30,rEdWoOd National Park,T014,B0110,SC12,1
S003592,2025-06-18,glacier National Park,T069,B0068,SC10,1
S003593,2025-08-10,rEdWoOd National Park,T045,B0046,SC04,1
S003594,2025-08-20,yellowstone National Park,T104,B0036,SC03 - River Otter,8
S003595,2025-06-22,Grand Canyon National Park ,T035,B0146,SC05,2
S003596,2025-08-23,redwood National Park,T007,B0017,SC07,2
S003597,2025-08-27,Redwood National Park ,T037,B0021,sc07,3
S003598,2025-06-10,Yellowstone National Park ,T100,B0280,SC08,2
S003599,2025-08-17,Grand Canyon National Park ,T115,B0213,SC14,2
S003600,2025-08-24,gLaCiEr National Park,T011,B0045,SC09,2
S003601,2025-06-12,grand Canyon National Park,T073,B0294,SC04,3
S003602,2025-06-10,yElLoWsToNe National Park,T018,B0059,SC08,1
S003603,2025-08-03,yElLoWsToNe National Park,T062,B0124,SC26,3
S003604,2025-08-02,rEdWoOd National Park,T075,B0387,SC14,1
S003605,2025-07-06,gLaCiEr National Park,T118,B0258,SC08,4
S003606,2025-08-19,yellowstone National Park,T094,B0232,SC24,4
S003607,2025-06-18,acadia National Park,T011,B0149,SC06,5
S003608,2025-07-14,aCaDiA National Park,T031,B0320,SC09,1
S003609,2025-06-27,gLaCiEr National Park,T093,B0012,SC14,1
S003610,2025-06-09,Redwood National Park ,T101,B0221,SC15,2
S003611,2025-07-03,Yellowstone National Park ,T077,,SC12 - Elk,3
S003612,2025-06-29,grand Canyon National Park,T018,B0157,sc07,2
S003613,2025-08-16,Yellowstone National Park ,T106,B0348,SC24,1
S003614,2025-06-11,Grand Canyon National Park ,T073,B0319,SC10,3
S003615,2025-08-14,Redwood National Park ,T106,B0062,SC25,1
S003616,2025-07-16,zIoN National Park,T023,,SC19,4
S003617,2025-08-16,yElLoWsToNe National Park,T096,B0281,SC12 - Elk,5
S003618,2025-08-17,gRaNd Canyon National Park,T025,B0398,SC02,1
S003619,2025-07-03,gLaCiEr National Park,T097,B0136,SC24,1
S003620,2025-07-30,grand Canyon National Park,T071,B0072,SC23,2
S003621,2025-08-21,Zion National Park ,T027,B0383,SC03,2
S003622,2025-06-25,gLaCiEr National Park,T064,B0199,SC02,3
S003623,2025-06-23,Glacier National Park ,T020,B0190,SC03,1
S003624,2025-06-05,acadia National Park,T042,B0115,SC12 - Elk,2
S003625,2025-07-31,Yellowstone National Park ,T057,B0187,SC18,1
S003626,2025-08-06,Acadia National Park ,T120,B0018,SC13,5
S003627,2025-08-20,zIoN National Park,T094,B0341,SC23,1
S003628,2025-08-16,yellowstone National Park,T063,B0230,SC28,1
S003629,2025-08-11,glacier National Park,T063,B0061,SC04,3
S003630,2025-07-31,Grand Canyon National Park ,T032,B0387,SC20,2
S003631,2025-07-31,redwood National Park,T008,B0129,SC21,1
S003632,2025-08-10,Acadia National Park ,T075,B0341,SC16,4
S003633,2025-07-19,Redwood National Park ,T025,B0198,SC05,1
S003634,2025-07-05,zion National Park,T092,B0027,SC29,2
S003635,2025-06-09,acadia National Park,T071,,SC01,1
S003636,2025-06-23,grand Canyon National Park,T020,B0211,SC29,3
S003637,2025-06-09,Yellowstone National Park ,T018,B0156,SC17,4
S003638,2025-08-01,Acadia National Park ,T016,B0222,SC23,1
S003639,2025-08-28,Glacier National Park ,T018,B0163,SC14,2
S003640,2025-06-09,gRaNd Canyon National Park,T081,B0349,SC13,1
S003641,2025-06-04,Zion National Park ,T118,B0357,SC06,1
S003642,2025-06-14,redwood National Park,T068,,SC08,1
S003643,2025-08-27,Glacier National Park ,T046,B0128,SC13,1
S003644,2025-07-31,grand Canyon National Park,T088,B0248,SC12,2
S003645,2025-07-08,yellowstone National Park,T059,B0164,SC07,1
S003646,2025-08-06,Glacier National Park ,T071,B0385,sc07,3
S003647,2025-07-01,Grand Canyon National Park ,T115,B0044,SC06,1
S003648,2025-06-11,rEdWoOd National Park,T032,B0116,SC04,3
S003649,2025-06-20,yellowstone National Park,T056,B0111,SC11,3
S003650,2025-08-01,redwood National Park,T060,B0168,SC15,3
S003651,2025-08-04,rEdWoOd National Park,T091,B0003,SC16,4
S003652,2025-07-27,Glacier National Park ,T054,B0271,SC24,4
S003653,2025-08-18,acadia National Park,T067,B0138,SC16,2
S003654,2025-07-19,grand Canyon National Park,T077,B0319,SC21,3
S003655,2025-06-25,yellowstone National Park,T003,B0318,SC22,3
S003656,2025-07-15,gRaNd Canyon National Park,T072,B0075,SC29,3
S003657,2025-07-26,rEdWoOd National Park,T002,B0082,SC08,2
S003658,2025-07-27,Redwood National Park ,T066,B0051,SC07,2
S003659,2025-06-02,yElLoWsToNe National Park,T029,B0128,SC06,1
S003660,2025-06-22,zIoN National Park,T104,B0138,SC30,5
S003661,2025-07-16,redwood National Park,T103,B0177,SC19,3
S003662,2025-06-30,Zion National Park ,T047,,SC02,2
S003663,2025-08-08,Zion National Park ,T002,,SC27,7
S003664,2025-06-04,Redwood National Park ,T119,B0301,SC06,1
S003665,2025-08-19,grand Canyon National Park,T009,B0212,SC09,3
S003666,2025-07-17,Zion National Park ,T055,B0205,SC08,1
S003667,2025-06-02,aCaDiA National Park,T071,B0286,SC17,4
S003668,2025-07-08,Grand Canyon National Park ,T082,B0037,SC25,1
S003669,2025-06-08,Zion National Park ,T091,B0085,SC24,1
S003670,2025-08-11,Grand Canyon National Park ,T095,B0029,SC23,2
S003671,2025-08-04,Yellowstone National Park ,T034,B0371,SC26,3
S003672,2025-06-18,aCaDiA National Park,T010,B0112,SC12,1
S003673,2025-07-08,Grand Canyon National Park ,T117,,SC03,3
S003674,2025-08-15,gLaCiEr National Park,T084,B0316,SC21,2
S003675,2025-07-14,zIoN National Park,T086,B0302,SC05,3
S003676,2025-06-23,Grand Canyon National Park ,T063,B0030,Sc18,1
S003677,2025-08-20,Zion National Park ,T091,,SC30,3
S003678,2025-06-14,Redwood National Park ,T103,B0258,SC15,4
S003679,2025-08-01,redwood National Park,T103,B0303,SC21,3
S003680,2025-07-01,Grand Canyon National Park ,T112,,SC26,3
S003681,2025-08-08,grand Canyon National Park,T120,B0312,SC21,2
S003682,2025-07-07,acadia National Park,T062,B0002,SC30,1
S003683,2025-08-07,aCaDiA National Park,T005,B0147,Sc18,1
S003684,2025-07-28,glacier National Park,T114,B0148,SC21,2
S003685,2025-06-03,redwood National Park,T093,B0013,SC15,2
S003686,2025-08-16,Yellowstone National Park ,T044,B0212,SC15,2
S003687,2025-08-04,zion National Park,T028,B0301,SC02,2
S003688,2025-07-11,redwood National Park,T015,B0313,SC29,2
S003689,2025-08-12,aCaDiA National Park,T012,B0176,SC22,1
S003690,2025-07-19,zion National Park,T117,B0377,SC01,6
S003691,2025-06-13,acadia National Park,T108,B0393,SC03,1
S003692,2025-08-08,yElLoWsToNe National Park,T051,B0348,SC13,1
S003693,2025-08-16,redwood National Park,T002,B0249,SC03 - River Otter,3
S003694,2025-07-26,grand Canyon National Park,T120,B0223,Sc18,1
S003695,2025-06-10,Glacier National Park ,T067,B0112,SC25 - Mountain Goat,3
S003696,2025-08-11,aCaDiA National Park,T104,B0174,SC13,1
S003697,2025-08-19,yElLoWsToNe National Park,T045,B0047,SC16,1
S003698,2025-07-11,Acadia National Park ,T012,B0321,SC27,3
S003699,2025-08-26,yellowstone National Park,T021,B0129,SC13,1
S003700,2025-06-23,yellowstone National Park,T104,B0236,SC25,3
S003701,2025-07-12,acadia National Park,T099,B0326,SC07,1
S003702,2025-07-15,yellowstone National Park,T039,B0283,SC21,4
S003703,2025-07-13,grand Canyon National Park,T051,B0271,sc07,2
S003704,2025-06-14,Acadia National Park ,T037,B0037,SC25 - Mountain Goat,3
S003705,2025-07-09,gRaNd Canyon National Park,T012,B0300,SC29,3
S003706,2025-06-21,Redwood National Park ,T037,B0246,SC07,3
S003707,2025-07-05,yellowstone National Park,T062,B0341,SC07,2
S003708,2025-08-04,Yellowstone National Park ,T006,B0187,SC09,1
S003709,2025-07-22,gRaNd Canyon National Park,T087,B0247,SC17,4
S003710,2025-06-22,yellowstone National Park,T093,B0253,SC30,3
S003711,2025-08-13,Glacier National Park ,T008,,SC04,2
S003712,2025-08-19,acadia National Park,T085,B0340,SC12,1
S003713,2025-07-02,yellowstone National Park,T031,,SC23,5
S003714,2025-07-03,rEdWoOd National Park,T001,B0308,SC07,1
S003715,2025-08-11,Yellowstone National Park ,T107,B0121,SC07,3
S003716,2025-08-08,gRaNd Canyon National Park,T107,,SC30,1
S003717,2025-08-26,rEdWoOd National Park,T044,B0157,SC08,1
S003718,2025-08-27,Acadia National Park ,T094,B0184,SC19,2
S003719,2025-08-12,Yellowstone National Park ,T033,B0254,SC28,1
S003720,2025-06-15,gRaNd Canyon National Park,T065,B0334,SC15,1
S003721,2025-06-04,zion National Park,T035,,SC26,1
S003722,2025-08-03,Yellowstone National Park ,T102,,SC27,3
S003723,2025-08-25,Grand Canyon National Park ,T037,B0119,SC25,1
S003724,2025-06-01,gLaCiEr National Park,T090,B0284,sc07,2
S003725,2025-06-17,glacier National Park,T111,B0156,SC20,1
S003726,2025-06-18,gRaNd Canyon National Park,T038,B0152,SC24,3
S003727,2025-08-15,rEdWoOd National Park,T050,B0092,SC12,3
S003728,2025-08-18,redwood National Park,T105,B0331,SC20,4
S003729,2025-06-20,Glacier National Park ,T056,B0213,SC03 - River Otter,3
S003730,2025-06-24,Grand Canyon National Park ,T058,B0219,SC30,3
S003731,2025-06-18,zIoN National Park,T074,B0089,SC12,4
S003732,2025-08-24,rEdWoOd National Park,T017,B0222,SC23,2
S003733,2025-08-27,Yellowstone National Park ,T111,B0065,SC08,1
S003734,2025-08-26,Acadia National Park ,T117,B0132,SC20,5
S003735,2025-08-14,acadia National Park,T050,,SC18,2
S003736,2025-07-19,Acadia National Park ,T035,B0247,Sc18,1
S003737,2025-06-05,zion National Park,T045,B0288,SC04,6
S003738,2025-06-29,zIoN National Park,T040,B0294,SC28,4
S003739,2025-07-01,Glacier National Park ,T093,B0046,SC17,2
S003740,2025-06-08,Acadia National Park ,T105,B0053,SC10,2
S003741,2025-06-02,aCaDiA National Park,T113,B0338,SC20,1
S003742,2025-06-22,yellowstone National Park,T058,,SC03 - River Otter,4
S003743,2025-07-04,redwood National Park,T105,B0364,SC28,4
S003744,2025-07-15,rEdWoOd National Park,T091,B0393,SC05,2
S003745,2025-08-08,Yellowstone National Park ,T112,B0100,sc07,2
S003746,2025-06-17,Yellowstone National Park ,T111,B0392,SC13,1
S003747,2025-08-27,gLaCiEr National Park,T033,B0128,SC08,4
S003748,2025-06-10,zion National Park,T033,B0030,SC23,3
S003749,2025-08-21,aCaDiA National Park,T033,B0020,SC21,2
S003750,2025-07-08,Glacier National Park ,T036,B0088,SC03 - River Otter,5
S003751,2025-06-30,grand Canyon National Park,T118,B0242,SC10,2
S003752,2025-06-18,Grand Canyon National Park ,T083,B0020,SC04,3
S003753,2025-07-25,aCaDiA National Park,T110,B0346,SC02,1
S003754,2025-08-03,yElLoWsToNe National Park,T046,B0258,SC14,2
S003755,2025-06-29,Zion National Park ,T022,B0211,SC18,3
S003756,2025-08-16,zion National Park,T078,B0011,SC23,1
S003757,2025-07-15,Grand Canyon National Park ,T022,B0302,SC22,2
S003758,2025-07-19,zion National Park,T001,B0037,SC04,3
S003759,2025-07-06,gRaNd Canyon National Park,T019,B0310,SC05,5
S003760,2025-08-16,gLaCiEr National Park,T060,B0023,SC16,5
S003761,2025-07-19,redwood National Park,T024,B0071,SC14,2
S003762,2025-08-28,redwood National Park,T059,B0028,SC05,4
S003763,2025-06-10,Zion National Park ,T067,,SC05,5
S003764,2025-08-14,yellowstone National Park,T068,B0260,SC24,2
S003765,2025-08-12,Glacier National Park ,T098,B0290,SC23,4
S003766,2025-07-21,gRaNd Canyon National Park,T033,B0181,SC28,1
S003767,2025-06-01,zIoN National Park,T074,B0362,SC09,1
S003768,2025-08-26,aCaDiA National Park,T114,B0293,SC11,1
S003769,2025-08-28,redwood National Park,T044,B0229,SC04,2
S003770,2025-06-16,yellowstone National Park,T057,B0358,SC03 - River Otter,2
S003771,2025-07-16,aCaDiA National Park,T030,B0133,SC23,1
S003772,2025-07-01,acadia National Park,T031,B0174,SC23,1
S003773,2025-06-12,Yellowstone National Park ,T073,B0068,SC15,5
S003774,2025-08-10,grand Canyon National Park,T079,B0270,SC01,1
S003775,2025-07-10,zion National Park,T108,B0331,sc07,5
S003776,2025-06-22,Yellowstone National Park ,T088,B0354,SC19,5
S003777,2025-07-11,Grand Canyon National Park ,T099,B0392,SC25 - Mountain Goat,2
S003778,2025-08-21,zIoN National Park,T079,B0306,SC09,4
S003779,2025-06-16,Acadia National Park ,T011,B0202,SC27,4
S003780,2025-07-15,glacier National Park,T118,B0172,SC13,2
S003781,2025-06-01,Grand Canyon National Park ,T085,B0044,SC18,1
S003782,2025-06-08,acadia National Park,T042,B0170,SC16,1
S003783,2025-08-16,zIoN National Park,T075,B0142,SC09,1
S003784,2025-07-16,rEdWoOd National Park,T036,B0115,SC11,2
S003785,2025-07-19,yellowstone National Park,T077,B0363,Sc18,3
S003786,2025-06-28,grand Canyon National Park,T048,B0216,SC29,3
S003787,2025-07-01,Yellowstone National Park ,T028,B0395,Sc18,1
S003788,2025-07-22,Yellowstone National Park ,T087,B0003,SC08,3
S003789,2025-08-16,aCaDiA National Park,T048,B0205,SC05,1
S003790,2025-08-17,yellowstone National Park,T039,B0123,SC27,2
S003791,2025-08-01,acadia National Park,T063,,SC07,1
S003792,2025-08-21,Zion National Park ,T002,B0135,SC13,5
S003793,2025-08-12,gRaNd Canyon National Park,T025,B0200,SC27,5
S003794,2025-08-02,yElLoWsToNe National Park,T066,B0086,SC21,1
S003795,2025-06-14,Acadia National Park ,T075,B0013,SC29,1
S003796,2025-06-22,yellowstone National Park,T100,B0041,SC12,5
S003797,2025-07-08,rEdWoOd National Park,T008,B0105,SC12,1
S003798,2025-06-29,rEdWoOd National Park,T072,B0200,SC29,4
S003799,2025-06-05,aCaDiA National Park,T009,,SC18,1
S003800,2025-08-08,acadia National Park,T014,B0273,SC13,3
S003801,2025-06-30,zIoN National Park,T119,B0362,SC15,2
S003802,2025-08-04,aCaDiA National Park,T057,B0118,SC24,4
S003803,2025-06-03,zIoN National Park,T089,B0045,SC23,1
S003804,2025-07-05,rEdWoOd National Park,T002,B0207,SC07,1
S003805,2025-08-17,zion National Park,T013,B0147,Sc18,2
S003806,2025-08-25,Redwood National Park ,T004,,SC29,1
S003807,2025-07-26,Grand Canyon National Park ,T120,B0203,SC15,1
S003808,2025-06-07,zIoN National Park,T110,B0247,SC03,1
S003809,2025-08-10,Yellowstone National Park ,T063,B0176,SC30,1
S003810,2025-07-30,Glacier National Park ,T064,B0013,SC15,1
S003811,2025-06-11,zion National Park,T051,B0022,SC22,1
S003812,2025-06-23,yElLoWsToNe National Park,T008,B0085,SC06,1
S003813,2025-07-10,Acadia National Park ,T035,B0272,SC06,2
S003814,2025-07-18,gRaNd Canyon National Park,T043,B0193,SC11,5
S003815,2025-06-01,redwood National Park,T002,B0136,SC25,1
S003816,2025-08-15,Grand Canyon National Park ,T119,B0095,SC28,3
S003817,2025-08-20,zIoN National Park,T088,B0017,SC15,4
S003818,2025-07-05,zIoN National Park,T077,B0115,SC24,1
S003819,2025-07-23,grand Canyon National Park,T029,B0293,SC24,1
S003820,2025-07-29,glacier National Park,T094,B0333,SC23,2
S003821,2025-07-16,redwood National Park,T107,,SC06,2
S003822,2025-07-07,gLaCiEr National Park,T067,B0368,SC28,1
S003823,2025-08-12,Acadia National Park ,T091,B0391,SC11,1
S003824,2025-07-26,Grand Canyon National Park ,T011,,SC28,1
S003825,2025-07-26,Acadia National Park ,T052,B0275,SC25,2
S003826,2025-06-23,gLaCiEr National Park,T109,,SC30,1
S003827,2025-06-24,Acadia National Park ,T107,B0262,SC07,2
S003828,2025-06-28,acadia National Park,T052,B0341,SC11,2
S003829,2025-08-17,grand Canyon National Park,T019,B0341,sc07,4
S003830,2025-07-18,Zion National Park ,T082,B0030,SC05,2
S003831,2025-07-21,Grand Canyon National Park ,T023,B0092,SC22,3
S003832,2025-08-02,Redwood National Park ,T108,B0160,SC06,2
S003833,2025-07-25,acadia National Park,T095,B0121,SC01,1
S003834,2025-06-06,rEdWoOd National Park,T071,B0298,SC12,2
S003835,2025-07-15,grand Canyon National Park,T022,B0361,SC14,4
S003836,2025-06-23,grand Canyon National Park,T098,B0214,SC03 - River Otter,2
S003837,2025-06-22,gRaNd Canyon National Park,T114,B0318,SC15,4
S003838,2025-08-04,glacier National Park,T012,B0112,SC11,1
S003839,2025-07-07,grand Canyon National Park,T056,B0182,SC19,2
S003840,2025-07-09,yElLoWsToNe National Park,T094,B0035,SC03,1
S003841,2025-07-24,gRaNd Canyon National Park,T109,B0082,SC05,1
S003842,2025-06-27,acadia National Park,T103,,sc07,1
S003843,2025-07-18,Yellowstone National Park ,T075,B0172,SC26,1
S003844,2025-07-05,gRaNd Canyon National Park,T077,B0342,SC12 - Elk,3
S003845,2025-07-21,yElLoWsToNe National Park,T109,B0331,SC01,3
S003846,2025-06-23,zion National Park,T026,B0154,SC03 - River Otter,1
S003847,2025-06-13,gRaNd Canyon National Park,T056,B0130,SC28,1
S003848,2025-06-30,redwood National Park,T106,B0241,SC20,3
S003849,2025-07-15,Zion National Park ,T023,B0355,Sc18,2
S003850,2025-07-31,redwood National Park,T042,,SC12 - Elk,2
S003851,2025-07-21,glacier National Park,T116,B0074,SC03 - River Otter,2
S003852,2025-07-22,Glacier National Park ,T060,B0006,SC01,1
S003853,2025-07-21,yElLoWsToNe National Park,T090,B0323,SC19,1
S003854,2025-06-05,yElLoWsToNe National Park,T057,B0063,SC12 - Elk,2
S003855,2025-08-24,redwood National Park,T056,B0120,SC11,1
S003856,2025-06-21,acadia National Park,T096,B0369,SC26,2
S003857,2025-06-11,Glacier National Park ,T059,B0396,SC21,1
S003858,2025-06-06,zion National Park,T054,,SC21,2
S003859,2025-07-14,grand Canyon National Park,T101,B0058,SC20,3
S003860,2025-07-05,gRaNd Canyon National Park,T011,B0160,SC06,5
S003861,2025-06-08,yellowstone National Park,T114,B0197,SC01,2
S003862,2025-07-19,Glacier National Park ,T103,,SC08,3
S003863,2025-08-20,acadia National Park,T046,B0260,SC28,1
S003864,2025-08-29,glacier National Park,T042,B0103,SC03,4
S003865,2025-06-15,yellowstone National Park,T029,B0165,SC02,2
S003866,2025-07-26,zIoN National Park,T069,B0199,SC12,1
S003867,2025-06-02,gRaNd Canyon National Park,T038,B0180,SC23,1
S003868,2025-06-01,yElLoWsToNe National Park,T008,B0224,SC09,1
S003869,2025-07-17,yellowstone National Park,T001,B0262,SC25,1
S003870,2025-07-22,grand Canyon National Park,T043,B0287,SC27,3
S003871,2025-07-02,Yellowstone National Park ,T100,B0251,SC13,3
S003872,2025-06-28,zion National Park,T106,B0260,SC27,3
S003873,2025-06-29,Glacier National Park ,T051,B0339,SC12,3
S003874,2025-06-05,Redwood National Park ,T120,B0257,SC15,1
S003875,2025-07-17,Yellowstone National Park ,T020,,SC12 - Elk,4
S003876,2025-08-22,acadia National Park,T105,B0221,SC25,2
S003877,2025-08-20,rEdWoOd National Park,T111,B0064,SC27,6
S003878,2025-06-19,zion National Park,T109,B0143,SC25 - Mountain Goat,3
S003879,2025-06-06,Glacier National Park ,T068,,SC14,6
S003880,2025-07-06,gRaNd Canyon National Park,T046,,SC03,1
S003881,2025-06-25,rEdWoOd National Park,T048,B0146,SC22,5
S003882,2025-06-22,glacier National Park,T111,B0262,SC13,2
S003883,2025-07-08,aCaDiA National Park,T106,B0185,SC30,1
S003884,2025-06-07,yElLoWsToNe National Park,T040,B0354,Sc18,1
S003885,2025-06-13,grand Canyon National Park,T004,B0085,SC17,1
S003886,2025-08-23,Glacier National Park ,T007,B0111,SC25 - Mountain Goat,2
S003887,2025-06-17,zIoN National Park,T028,B0132,SC15,1
S003888,2025-07-30,redwood National Park,T088,B0398,SC28,1
S003889,2025-08-14,Grand Canyon National Park ,T051,B0100,SC29,1
S003890,2025-08-19,yellowstone National Park,T098,B0036,SC27,1
S003891,2025-07-15,Acadia National Park ,T070,B0055,SC19,2
S003892,2025-08-07,acadia National Park,T035,B0333,SC25 - Mountain Goat,2
S003893,2025-07-04,Acadia National Park ,T012,B0151,SC22,2
S003894,2025-08-05,rEdWoOd National Park,T105,B0263,SC07,1
S003895,2025-06-12,rEdWoOd National Park,T079,,SC06,2
S003896,2025-06-06,yElLoWsToNe National Park,T096,B0164,SC14,1
S003897,2025-06-07,Glacier National Park ,T049,B0259,SC16,3
S003898,2025-08-07,grand Canyon National Park,T103,B0088,SC25,1
S003899,2025-06-09,rEdWoOd National Park,T040,B0382,SC28,2
S003900,2025-06-01,glacier National Park,T032,B0327,SC13,2
S003901,2025-06-06,redwood National Park,T043,B0352,SC22,2
S003902,2025-06-22,Yellowstone National Park ,T069,,SC09,3
S003903,2025-08-25,Acadia National Park ,T102,B0226,SC06,1
S003904,2025-08-12,zion National Park,T042,B0254,SC19,2
S003905,2025-08-08,Acadia National Park ,T030,B0267,SC22,2
S003906,2025-08-29,glacier National Park,T058,B0263,SC21,3
S003907,2025-07-04,yElLoWsToNe National Park,T117,B0066,SC01,1
S003908,2025-08-10,rEdWoOd National Park,T056,B0187,SC12 - Elk,3
S003909,2025-06-16,acadia National Park,T085,B0124,SC26,3
S003910,2025-06-08,rEdWoOd National Park,T037,B0177,SC03 - River Otter,4
S003911,2025-06-30,Glacier National Park ,T093,B0068,SC25 - Mountain Goat,5
S003912,2025-07-03,Acadia National Park ,T083,B0183,SC06,1
S003913,2025-07-05,Yellowstone National Park ,T057,,SC21,2
S003914,2025-08-25,Yellowstone National Park ,T061,B0338,SC06,1
S003915,2025-08-17,zion National Park,T101,B0160,SC22,3
S003916,2025-06-24,gLaCiEr National Park,T039,B0124,sc07,4
S003917,2025-08-01,zIoN National Park,T051,B0084,SC20,3
S003918,2025-07-22,yellowstone National Park,T119,B0122,SC04,6
S003919,2025-08-10,redwood National Park,T072,B0219,SC24,6
S003920,2025-07-11,Yellowstone National Park ,T083,,sc07,2
S003921,2025-06-30,gRaNd Canyon National Park,T032,B0299,SC29,2
S003922,2025-07-14,gLaCiEr National Park,T046,,SC12 - Elk,2
S003923,2025-07-16,Zion National Park ,T089,B0037,SC04,2
S003924,2025-07-08,zion National Park,T047,B0093,SC30,3
S003925,2025-06-10,redwood National Park,T033,B0399,SC13,5
S003926,2025-07-28,grand Canyon National Park,T117,B0266,SC07,2
S003927,2025-06-05,rEdWoOd National Park,T060,B0100,SC14,3
S003928,2025-07-03,redwood National Park,T114,B0112,SC03,1
S003929,2025-06-11,yElLoWsToNe National Park,T080,B0250,SC10,1
S003930,2025-07-16,Acadia National Park ,T107,,SC19,2
S003931,2025-07-12,acadia National Park,T030,,SC01,1
S003932,2025-06-28,yellowstone National Park,T030,B0057,SC06,1
S003933,2025-06-09,aCaDiA National Park,T118,,SC06,3
S003934,2025-08-13,zIoN National Park,T076,B0033,SC24,2
S003935,2025-06-10,gLaCiEr National Park,T110,B0117,SC28,1
S003936,2025-06-11,yellowstone National Park,T012,B0248,SC18,2
S003937,2025-06-23,gRaNd Canyon National Park,T094,B0375,SC30,2
S003938,2025-08-21,Zion National Park ,T010,B0302,SC04,4
S003939,2025-07-15,Redwood National Park ,T040,B0006,SC03 - River Otter,2
S003940,2025-06-10,yellowstone National Park,T084,B0261,SC28,1
S003941,2025-07-13,Acadia National Park ,T056,B0125,SC05,4
S003942,2025-08-10,gRaNd Canyon National Park,T115,B0207,SC13,4
S003943,2025-06-08,gLaCiEr National Park,T109,B0380,SC11,3
S003944,2025-06-29,Zion National Park ,T070,B0323,SC11,1
S003945,2025-06-10,acadia National Park,T009,B0342,SC29,2
S003946,2025-07-16,gRaNd Canyon National Park,T029,B0280,SC07,1
S003947,2025-08-08,yElLoWsToNe National Park,T076,B0229,SC11,1
S003948,2025-07-12,yElLoWsToNe National Park,T024,B0142,SC07,2
S003949,2025-08-22,zion National Park,T116,B0293,SC21,3
S003950,2025-08-14,aCaDiA National Park,T117,B0095,SC19,2
S003951,2025-06-20,yellowstone National Park,T087,B0271,SC29,1
S003952,2025-07-15,gLaCiEr National Park,T093,B0178,SC27,1
S003953,2025-07-09,yellowstone National Park,T113,B0114,SC03 - River Otter,2
S003954,2025-08-15,gRaNd Canyon National Park,T085,B0044,SC15,1
S003955,2025-08-16,glacier National Park,T057,B0020,SC10,1
S003956,2025-07-30,redwood National Park,T019,B0380,SC23,5
S003957,2025-07-31,rEdWoOd National Park,T004,B0215,SC06,2
S003958,2025-07-14,yellowstone National Park,T110,B0396,SC07,1
S003959,2025-07-14,rEdWoOd National Park,T066,B0155,SC28,1
S003960,2025-06-30,zIoN National Park,T068,B0223,SC25,1
S003961,2025-07-13,Zion National Park ,T114,B0265,SC05,1
S003962,2025-08-29,acadia National Park,T079,B0394,SC05,1
S003963,2025-07-31,Yellowstone National Park ,T119,B0065,sc07,1
S003964,2025-06-27,Redwood National Park ,T068,,sc07,3
S003965,2025-07-09,Zion National Park ,T023,B0244,SC03 - River Otter,1
S003966,2025-07-21,zIoN National Park,T075,B0355,SC26,4
S003967,2025-06-14,Acadia National Park ,T027,B0164,SC13,1
S003968,2025-06-08,yElLoWsToNe National Park,T060,,SC24,1
S003969,2025-06-06,redwood National Park,T035,B0117,SC04,4
S003970,2025-08-03,grand Canyon National Park,T007,,SC18,1
S003971,2025-08-22,Glacier National Park ,T082,B0021,SC11,3
S003972,2025-06-16,Acadia National Park ,T074,B0104,SC23,5
S003973,2025-07-24,Yellowstone National Park ,T056,,SC03,2
S003974,2025-08-10,rEdWoOd National Park,T048,B0232,SC05,1
S003975,2025-07-18,zion National Park,T020,B0399,SC05,2
S003976,2025-07-12,Yellowstone National Park ,T098,B0293,SC02,4
S003977,2025-07-24,Yellowstone National Park ,T024,B0378,SC23,1
S003978,2025-06-12,glacier National Park,T033,B0359,SC25 - Mountain Goat,2
S003979,2025-07-01,aCaDiA National Park,T038,B0051,SC30,1
S003980,2025-07-27,yElLoWsToNe National Park,T044,,SC15,1
S003981,2025-08-01,Glacier National Park ,T098,B0301,SC29,3
S003982,2025-06-27,Acadia National Park ,T067,B0046,SC16,2
S003983,2025-08-18,glacier National Park,T073,B0384,SC16,3
S003984,2025-07-15,grand Canyon National Park,T020,B0375,SC04,1
S003985,2025-07-19,grand Canyon National Park,T004,B0169,SC18,3
S003986,2025-06-28,Glacier National Park ,T055,B0174,SC23,4
S003987,2025-08-25,Zion National Park ,T043,B0124,SC10,4
S003988,2025-07-05,gLaCiEr National Park,T062,B0193,SC01,3
S003989,2025-08-06,Acadia National Park ,T018,B0222,SC01,1
S003990,2025-06-12,Grand Canyon National Park ,T027,B0140,Sc18,3
S003991,2025-06-04,redwood National Park,T024,B0380,SC09,3
S003992,2025-06-25,Yellowstone National Park ,T012,,SC30,1
S003993,2025-08-23,zIoN National Park,T012,B0350,SC13,1
S003994,2025-07-02,Grand Canyon National Park ,T043,B0329,SC11,2
S003995,2025-08-13,yellowstone National Park,T103,B0184,SC29,3
S003996,2025-07-09,glacier National Park,T087,B0153,SC06,2
S003997,2025-07-09,gRaNd Canyon National Park,T050,B0218,SC18,5
S003998,2025-07-09,Zion National Park ,T106,B0380,SC13,1
S003999,2025-07-19,glacier National Park,T067,,Sc18,3
S004000,2025-07-07,Glacier National Park ,T022,B0095,SC21,7
S004001,2025-07-21,Yellowstone National Park ,T073,,SC25,1
S004002,2025-08-20,zion National Park,T118,,SC03,1
S004003,2025-07-29,aCaDiA National Park,T023,B0273,SC13,2
S004004,2025-07-15,glacier National Park,T037,B0310,SC14,1
S004005,2025-06-15,zIoN National Park,T098,B0060,SC01,2
S004006,2025-07-31,Zion National Park ,T118,B0393,SC27,1
S004007,2025-07-16,zIoN National Park,T080,B0154,sc07,4
S004008,2025-07-16,gRaNd Canyon National Park,T054,B0316,SC27,1
S004009,2025-07-22,Yellowstone National Park ,T066,B0145,SC24,1
S004010,2025-07-13,Zion National Park ,T019,B0233,SC12,2
S004011,2025-07-08,rEdWoOd National Park,T119,B0356,SC11,2
S004012,2025-07-19,acadia National Park,T011,B0267,SC03,6
S004013,2025-07-18,gLaCiEr National Park,T098,B0238,SC05,1
S004014,2025-06-18,zIoN National Park,T076,B0227,SC06,3
S004015,2025-08-21,Grand Canyon National Park ,T092,B0303,SC19,2
S004016,2025-06-08,Zion National Park ,T086,B0291,SC10,2
S004017,2025-07-15,Grand Canyon National Park ,T056,,SC17,1
S004018,2025-08-09,yElLoWsToNe National Park,T108,B0147,SC01,1
S004019,2025-08-12,glacier National Park,T081,B0071,SC27,1
S004020,2025-06-09,zIoN National Park,T101,B0157,SC01,2
S004021,2025-08-27,Acadia National Park ,T078,B0382,SC24,3
S004022,2025-07-06,grand Canyon National Park,T090,,SC05,1
S004023,2025-06-12,Acadia National Park ,T046,B0265,SC08,2
S004024,2025-06-05,zion National Park,T076,,SC05,1
S004025,2025-07-20,grand Canyon National Park,T048,B0045,SC10,2
S004026,2025-07-21,Redwood National Park ,T111,B0147,SC29,3
S004027,2025-08-24,gLaCiEr National Park,T019,B0352,SC23,3
S004028,2025-06-24,glacier National Park,T115,B0272,SC10,1
S004029,2025-07-08,Grand Canyon National Park ,T069,B0259,SC30,4
S004030,2025-06-26,Grand Canyon National Park ,T041,B0205,SC05,2
S004031,2025-07-06,Acadia National Park ,T108,B0203,SC11,3
S004032,2025-07-19,Acadia National Park ,T107,,SC13,3
S004033,2025-06-28,gLaCiEr National Park,T002,B0362,SC04,3
S004034,2025-06-20,rEdWoOd National Park,T010,B0397,SC05,4
S004035,2025-08-25,redwood National Park,T036,B0333,SC07,1
S004036,2025-08-15,Grand Canyon National Park ,T015,B0118,SC28,3
S004037,2025-06-14,Redwood National Park ,T093,B0001,SC04,4
S004038,2025-07-13,Glacier National Park ,T090,B0383,sc07,1
S004039,2025-07-04,zion National Park,T081,B0144,SC20,2
S004040,2025-06-30,Glacier National Park ,T063,B0197,SC11,5
S004041,2025-08-18,gRaNd Canyon National Park,T102,B0323,SC04,4
S004042,2025-06-11,grand Canyon National Park,T061,B0143,Sc18,2
S004043,2025-07-17,rEdWoOd National Park,T004,B0024,SC28,2
S004044,2025-08-01,Grand Canyon National Park ,T030,B0400,SC21,1
S004045,2025-08-27,glacier National Park,T104,B0170,SC12 - Elk,2
S004046,2025-07-28,Redwood National Park ,T005,B0220,SC09,1
S004047,2025-07-26,gLaCiEr National Park,T118,B0013,SC12,2
S004048,2025-07-18,acadia National Park,T105,B0202,SC07,4
S004049,2025-06-05,grand Canyon National Park,T063,B0079,SC22,4
S004050,2025-07-18,redwood National Park,T013,B0028,SC02,2
S004051,2025-07-02,redwood National Park,T052,B0271,Sc18,4
S004052,2025-06-13,yElLoWsToNe National Park,T025,B0254,SC05,1
S004053,2025-07-29,zIoN National Park,T068,B0010,SC21,1
S004054,2025-06-29,Grand Canyon National Park ,T020,B0142,SC14,1
S004055,2025-06-26,zIoN National Park,T056,B0049,SC22,4
S004056,2025-06-25,Acadia National Park ,T019,B0381,SC04,2
S004057,2025-07-23,gLaCiEr National Park,T054,B0161,SC07,4
S004058,2025-07-09,zIoN National Park,T056,B0389,SC01,2
S004059,2025-08-21,rEdWoOd National Park,T100,,SC11,3
S004060,2025-07-12,redwood National Park,T004,B0339,SC20,3
S004061,2025-08-18,gLaCiEr National Park,T045,B0193,SC24,4
S004062,2025-06-08,zIoN National Park,T018,B0306,SC22,3
S004063,2025-08-12,aCaDiA National Park,T045,B0083,SC23,2
S004064,2025-06-05,gLaCiEr National Park,T060,B0128,SC08,1
S004065,2025-07-14,rEdWoOd National Park,T054,B0068,SC30,2
S004066,2025-08-25,redwood National Park,T037,B0346,SC16,1
S004067,2025-07-21,Grand Canyon National Park ,T042,,SC21,2
S004068,2025-06-08,rEdWoOd National Park,T034,B0300,SC07,1
S004069,2025-06-25,zion National Park,T058,B0279,SC18,2
S004070,2025-07-02,Grand Canyon National Park ,T120,B0400,SC02,1
S004071,2025-06-23,Acadia National Park ,T046,B0264,SC02,2
S004072,2025-08-03,Glacier National Park ,T015,B0240,Sc18,7
S004073,2025-06-12,yElLoWsToNe National Park,T052,B0182,SC16,2
S004074,2025-08-03,gLaCiEr National Park,T062,B0107,SC28,1
S004075,2025-07-07,grand Canyon National Park,T027,B0058,SC03,2
S004076,2025-07-15,yellowstone National Park,T087,B0320,SC20,1
S004077,2025-07-12,yellowstone National Park,T065,B0046,SC03,2
S004078,2025-07-29,gRaNd Canyon National Park,T059,B0175,SC05,3
S004079,2025-08-11,glacier National Park,T044,B0063,SC07,2
S004080,2025-06-09,zIoN National Park,T109,B0333,SC28,3
S004081,2025-06-07,rEdWoOd National Park,T015,B0213,SC25,2
S004082,2025-07-29,Glacier National Park ,T069,B0079,SC03,4
S004083,2025-08-11,Acadia National Park ,T086,B0053,SC30,2
S004084,2025-06-05,gLaCiEr National Park,T070,B0097,SC11,1
S004085,2025-08-22,aCaDiA National Park,T107,,SC14,3
S004086,2025-06-26,rEdWoOd National Park,T003,,SC06,3
S004087,2025-06-01,glacier National Park,T013,B0238,SC22,2
S004088,2025-07-24,grand Canyon National Park,T106,B0335,SC06,4
S004089,2025-08-15,yellowstone National Park,T110,,Sc18,2
S004090,2025-08-22,redwood National Park,T014,B0110,SC05,2
S004091,2025-07-27,Acadia National Park ,T003,B0325,SC11,3
S004092,2025-07-29,Yellowstone National Park ,T007,B0242,SC03,4
S004093,2025-06-10,grand Canyon National Park,T086,,SC01,2
S004094,2025-07-02,Zion National Park ,T055,B0122,SC21,1
S004095,2025-08-17,Grand Canyon National Park ,T014,B0391,SC19,3
S004096,2025-06-30,gRaNd Canyon National Park,T103,,SC22,1
S004097,2025-08-24,acadia National Park,T073,B0214,SC16,6
S004098,2025-06-19,yElLoWsToNe National Park,T053,B0306,SC02,1
S004099,2025-06-22,rEdWoOd National Park,T100,,SC23,1
S004100,2025-07-04,Grand Canyon National Park ,T057,B0202,SC22,1
S004101,2025-06-01,Redwood National Park ,T038,B0334,SC20,1
S004102,2025-08-08,rEdWoOd National Park,T006,B0197,SC04,2
S004103,2025-06-23,aCaDiA National Park,T105,B0299,SC08,2
S004104,2025-06-16,Acadia National Park ,T044,B0109,SC20,5
S004105,2025-08-21,gLaCiEr National Park,T010,B0238,SC23,3
S004106,2025-06-06,gRaNd Canyon National Park,T051,B0108,SC17,2
S004107,2025-08-16,Zion National Park ,T103,B0147,SC15,4
S004108,2025-08-24,gRaNd Canyon National Park,T084,B0354,SC29,3
S004109,2025-07-03,acadia National Park,T008,B0092,SC12 - Elk,3
S004110,2025-07-11,yellowstone National Park,T106,B0160,SC09,1
S004111,2025-07-04,glacier National Park,T025,B0119,SC07,4
S004112,2025-07-10,glacier National Park,T118,B0054,SC25 - Mountain Goat,4
S004113,2025-08-14,gLaCiEr National Park,T104,B0311,SC03,2
S004114,2025-06-15,Zion National Park ,T058,B0198,SC02,1
S004115,2025-08-04,Redwood National Park ,T075,B0351,SC20,3
S004116,2025-07-08,aCaDiA National Park,T053,B0232,SC23,1
S004117,2025-07-18,Glacier National Park ,T051,B0130,SC16,1
S004118,2025-08-10,acadia National Park,T103,B0205,SC18,3
S004119,2025-07-08,zion National Park,T042,B0198,SC08,1
S004120,2025-07-29,Redwood National Park ,T061,B0310,SC09,1
S004121,2025-07-04,zIoN National Park,T085,B0207,SC20,1
S004122,2025-08-10,zion National Park,T018,B0338,SC29,1
S004123,2025-07-18,Glacier National Park ,T041,B0223,SC03,2
S004124,2025-07-31,aCaDiA National Park,T060,B0370,SC11,4
S004125,2025-07-28,Yellowstone National Park ,T100,B0174,SC11,1
S004126,2025-06-30,Redwood National Park ,T043,B0235,SC09,1
S004127,2025-07-26,Zion National Park ,T075,,SC23,4
S004128,2025-07-15,gRaNd Canyon National Park,T102,B0204,SC07,1
S004129,2025-07-15,Yellowstone National Park ,T013,B0114,SC21,1
S004130,2025-07-21,rEdWoOd National Park,T019,B0116,SC20,2
S004131,2025-07-02,Zion National Park ,T072,B0345,SC07,4
S004132,2025-08-10,yellowstone National Park,T006,B0079,SC09,3
S004133,2025-07-19,Glacier National Park ,T058,B0237,SC22,4
S004134,2025-07-13,gLaCiEr National Park,T041,B0242,SC20,1
S004135,2025-08-07,acadia National Park,T068,B0113,SC05,3
S004136,2025-06-11,Acadia National Park ,T078,B0328,SC10,2
S004137,2025-07-05,Glacier National Park ,T065,B0262,SC11,1
S004138,2025-08-11,zion National Park,T109,B0055,SC20,3
S004139,2025-07-02,Yellowstone National Park ,T118,B0244,SC05,2
S004140,2025-08-03,yElLoWsToNe National Park,T026,B0057,SC18,3
S004141,2025-07-31,rEdWoOd National Park,T081,B0089,SC16,3
S004142,2025-08-08,Redwood National Park ,T092,B0283,SC27,1
S004143,2025-07-30,yellowstone National Park,T048,B0309,SC03 - River Otter,4
S004144,2025-07-08,gLaCiEr National Park,T109,B0258,SC21,2
S004145,2025-08-28,zion National Park,T040,B0177,SC22,4
S004146,2025-06-23,yElLoWsToNe National Park,T038,B0133,SC04,5
S004147,2025-06-26,Yellowstone National Park ,T065,B0341,SC12,1
S004148,2025-07-25,Glacier National Park ,T093,B0045,SC07,2
S004149,2025-06-23,glacier National Park,T005,,SC01,1
S004150,2025-06-22,gLaCiEr National Park,T045,B0315,SC07,3
S004151,2025-07-22,Yellowstone National Park ,T029,B0208,SC22,1
S004152,2025-07-26,acadia National Park,T064,B0169,SC12 - Elk,1
S004153,2025-08-10,yellowstone National Park,T014,B0196,sc07,5
S004154,2025-07-20,rEdWoOd National Park,T077,B0315,SC16,2
S004155,2025-06-16,acadia National Park,T033,B0041,SC22,2
S004156,2025-08-12,Yellowstone National Park ,T032,B0230,SC23,3
S004157,2025-08-03,Acadia National Park ,T085,B0109,SC26,3
S004158,2025-06-20,zion National Park,T082,B0319,SC09,2
S004159,2025-07-30,zIoN National Park,T107,B0176,SC04,5
S004160,2025-07-28,yellowstone National Park,T083,,SC18,1
S004161,2025-07-03,redwood National Park,T118,B0323,SC03,4
S004162,2025-08-14,yellowstone National Park,T089,B0071,sc07,1
S004163,2025-07-13,Acadia National Park ,T074,B0304,SC06,3
S004164,2025-06-15,yElLoWsToNe National Park,T016,B0209,SC16,3
S004165,2025-06-15,Grand Canyon National Park ,T052,B0226,Sc18,1
S004166,2025-07-03,Glacier National Park ,T107,B0188,SC16,4
S004167,2025-06-12,acadia National Park,T111,B0218,SC01,2
S004168,2025-06-04,yElLoWsToNe National Park,T046,B0277,SC23,3
S004169,2025-06-14,gRaNd Canyon National Park,T010,B0340,SC25,3
S004170,2025-06-06,rEdWoOd National Park,T055,B0345,SC05,3
S004171,2025-08-06,glacier National Park,T095,B0279,SC25,4
S004172,2025-06-29,Acadia National Park ,T004,B0169,SC27,4
S004173,2025-07-07,Redwood National Park ,T106,B0343,SC06,2
S004174,2025-08-05,Yellowstone National Park ,T050,B0188,SC05,5
S004175,2025-06-01,zion National Park,T057,B0370,SC10,2
S004176,2025-08-11,aCaDiA National Park,T056,B0237,SC18,1
S004177,2025-06-07,glacier National Park,T045,B0249,SC28,2
S004178,2025-08-20,rEdWoOd National Park,T011,B0313,SC01,1
S004179,2025-06-16,gRaNd Canyon National Park,T023,B0224,SC18,2
S004180,2025-08-22,Redwood National Park ,T096,B0208,SC03,1
S004181,2025-07-07,gRaNd Canyon National Park,T015,B0289,SC21,2
S004182,2025-07-03,acadia National Park,T022,B0229,SC25 - Mountain Goat,1
S004183,2025-08-03,grand Canyon National Park,T054,B0060,SC02,1
S004184,2025-06-25,rEdWoOd National Park,T015,B0007,SC03 - River Otter,1
S004185,2025-08-06,rEdWoOd National Park,T099,B0241,SC21,1
S004186,2025-07-14,acadia National Park,T017,B0203,SC08,2
S004187,2025-07-27,Zion National Park ,T001,B0151,SC19,3
S004188,2025-07-11,redwood National Park,T026,B0291,SC27,1
S004189,2025-08-05,Zion National Park ,T071,B0086,SC06,8
S004190,2025-07-25,glacier National Park,T046,B0041,SC30,1
S004191,2025-08-22,grand Canyon National Park,T002,B0269,SC20,4
S004192,2025-08-14,redwood National Park,T100,B0343,SC12,1
S004193,2025-06-03,glacier National Park,T087,B0360,SC02,3
S004194,2025-08-12,gLaCiEr National Park,T098,B0264,SC02,2
S004195,2025-07-19,rEdWoOd National Park,T118,B0270,SC01,3
S004196,2025-07-12,Acadia National Park ,T106,B0256,SC15,1
S004197,2025-06-03,glacier National Park,T046,B0245,SC03 - River Otter,1
S004198,2025-07-09,rEdWoOd National Park,T005,B0343,SC11,2
S004199,2025-07-22,Redwood National Park ,T073,B0316,SC20,4
S004200,2025-06-04,grand Canyon National Park,T068,B0216,SC24,1
S004201,2025-08-11,rEdWoOd National Park,T058,B0400,SC09,1
S004202,2025-08-07,zIoN National Park,T063,B0110,SC26,3
S004203,2025-07-29,gLaCiEr National Park,T117,B0116,SC27,2
S004204,2025-07-02,rEdWoOd National Park,T087,B0005,SC26,3
S004205,2025-07-05,grand Canyon National Park,T070,B0369,SC25,1
S004206,2025-06-06,acadia National Park,T020,B0292,SC23,2
S004207,2025-07-26,redwood National Park,T073,B0357,SC13,4
S004208,2025-07-06,Redwood National Park ,T067,B0276,SC03,2
S004209,2025-07-14,yElLoWsToNe National Park,T103,B0196,Sc18,1
S004210,2025-07-11,Zion National Park ,T074,B0185,sc07,4
S004211,2025-07-25,aCaDiA National Park,T060,B0205,SC01,3
S004212,2025-08-17,Grand Canyon National Park ,T084,B0239,SC02,2
S004213,2025-07-01,Grand Canyon National Park ,T081,B0176,SC27,4
S004214,2025-06-16,aCaDiA National Park,T055,B0126,SC09,1
S004215,2025-08-16,gRaNd Canyon National Park,T005,B0125,SC22,2
S004216,2025-06-19,gLaCiEr National Park,T061,B0034,SC19,3
S004217,2025-06-30,zion National Park,T076,,SC07,1
S004218,2025-07-20,rEdWoOd National Park,T022,B0175,SC24,2
S004219,2025-06-06,glacier National Park,T100,,SC05,2
S004220,2025-06-17,yElLoWsToNe National Park,T073,B0021,SC02,1
S004221,2025-07-16,yElLoWsToNe National Park,T006,B0143,SC07,4
S004222,2025-08-16,glacier National Park,T036,B0205,SC09,2
S004223,2025-07-17,zion National Park,T118,B0290,SC15,2
S004224,2025-07-25,Redwood National Park ,T043,B0224,SC11,3
S004225,2025-07-10,glacier National Park,T090,B0236,SC06,2
S004226,2025-07-21,gRaNd Canyon National Park,T109,B0005,sc07,1
S004227,2025-06-06,Glacier National Park ,T069,B0068,SC15,2
S004228,2025-07-05,acadia National Park,T010,B0275,SC24,2
S004229,2025-08-03,Redwood National Park ,T094,B0376,SC05,1
S004230,2025-07-09,rEdWoOd National Park,T050,B0321,SC08,5
S004231,2025-07-19,grand Canyon National Park,T024,B0273,SC04,3
S004232,2025-08-09,rEdWoOd National Park,T060,B0145,SC16,4
S004233,2025-08-23,zion National Park,T083,B0165,SC13,1
S004234,2025-08-14,Redwood National Park ,T010,B0194,SC20,1
S004235,2025-07-01,Zion National Park ,T021,B0135,SC09,1
S004236,2025-08-14,Acadia National Park ,T072,B0177,SC12 - Elk,1
S004237,2025-07-31,redwood National Park,T032,B0057,Sc18,1
S004238,2025-07-13,rEdWoOd National Park,T033,B0167,SC21,2
S004239,2025-06-11,redwood National Park,T117,,SC29,1
S004240,2025-07-06,Grand Canyon National Park ,T101,B0045,SC18,3
S004241,2025-06-25,Zion National Park ,T107,B0056,SC24,4
S004242,2025-06-26,Yellowstone National Park ,T008,,SC10,5
S004243,2025-08-22,gRaNd Canyon National Park,T050,B0352,SC29,2
S004244,2025-07-24,yellowstone National Park,T011,B0284,SC05,3
S004245,2025-08-12,Redwood National Park ,T020,B0090,SC20,1
S004246,2025-07-24,rEdWoOd National Park,T066,B0202,SC05,1
S004247,2025-07-28,yellowstone National Park,T118,B0362,Sc18,1
S004248,2025-06-17,acadia National Park,T115,B0153,SC29,4
S004249,2025-07-01,Grand Canyon National Park ,T096,B0028,SC12,1
S004250,2025-06-23,rEdWoOd National Park,T094,B0260,SC02,2
S004251,2025-06-23,yElLoWsToNe National Park,T087,B0045,SC13,3
S004252,2025-06-28,yElLoWsToNe National Park,T118,B0051,sc07,2
S004253,2025-06-19,zIoN National Park,T111,,SC10,2
S004254,2025-06-23,yElLoWsToNe National Park,T072,B0156,SC02,2
S004255,2025-08-05,yellowstone National Park,T113,B0264,SC03,3
S004256,2025-06-07,Redwood National Park ,T071,B0108,SC06,1
S004257,2025-08-20,glacier National Park,T046,B0231,SC01,2
S004258,2025-07-20,grand Canyon National Park,T001,B0381,SC12,2
S004259,2025-07-14,Acadia National Park ,T040,,SC21,1
S004260,2025-06-27,zion National Park,T028,,SC02,3
S004261,2025-06-02,Acadia National Park ,T025,B0308,SC10,1
S004262,2025-07-12,yElLoWsToNe National Park,T090,B0116,SC12,2
S004263,2025-08-19,yElLoWsToNe National Park,T075,B0071,SC02,4
S004264,2025-08-27,Acadia National Park ,T064,B0362,SC28,2
S004265,2025-08-07,zion National Park,T090,B0062,SC22,1
S004266,2025-07-11,Grand Canyon National Park ,T053,B0198,SC14,2
S004267,2025-06-12,grand Canyon National Park,T012,B0046,SC13,2
S004268,2025-08-21,grand Canyon National Park,T107,B0238,SC08,7
S004269,2025-08-04,Zion National Park ,T017,B0267,SC17,1
S004270,2025-06-28,Acadia National Park ,T038,B0161,SC05,1
S004271,2025-06-29,aCaDiA National Park,T061,B0391,SC22,1
S004272,2025-06-07,yellowstone National Park,T049,B0117,SC06,3
S004273,2025-07-06,rEdWoOd National Park,T018,B0189,SC15,1
S004274,2025-07-21,zion National Park,T093,B0155,SC19,1
S004275,2025-06-18,Glacier National Park ,T072,B0180,SC16,1
S004276,2025-08-06,zion National Park,T117,B0140,SC27,1
S004277,2025-08-14,gRaNd Canyon National Park,T045,B0097,SC14,4
S004278,2025-06-13,zIoN National Park,T009,B0156,SC12 - Elk,1
S004279,2025-08-07,glacier National Park,T052,,SC13,6
S004280,2025-06-29,grand Canyon National Park,T060,B0151,SC22,1
S004281,2025-06-11,Redwood National Park ,T033,B0195,SC05,2
S004282,2025-07-01,Grand Canyon National Park ,T036,B0324,SC15,3
S004283,2025-06-13,glacier National Park,T037,B0288,SC17,2
S004284,2025-06-08,acadia National Park,T043,B0024,SC17,1
S004285,2025-07-23,Glacier National Park ,T065,,SC15,3
S004286,2025-07-31,redwood National Park,T031,B0348,SC06,3
S004287,2025-08-19,Yellowstone National Park ,T005,B0313,SC24,2
S004288,2025-08-26,Yellowstone National Park ,T115,B0081,SC06,3
S004289,2025-08-19,Grand Canyon National Park ,T084,B0267,SC03 - River Otter,2
S004290,2025-08-20,Redwood National Park ,T094,B0318,SC12,1
S004291,2025-06-05,aCaDiA National Park,T070,,SC08,1
S004292,2025-08-28,yellowstone National Park,T068,B0228,SC14,1
S004293,2025-07-16,redwood National Park,T032,B0169,SC19,3
S004294,2025-06-17,Acadia National Park ,T093,B0314,SC06,1
S004295,2025-07-13,yellowstone National Park,T080,,SC25 - Mountain Goat,1
S004296,2025-07-26,Grand Canyon National Park ,T015,B0079,SC28,2
S004297,2025-07-01,gLaCiEr National Park,T025,B0329,SC23,5
S004298,2025-07-11,gRaNd Canyon National Park,T003,B0373,SC13,2
S004299,2025-06-13,grand Canyon National Park,T041,B0016,SC11,2
S004300,2025-08-11,Redwood National Park ,T071,B0004,SC01,1
S004301,2025-06-16,rEdWoOd National Park,T014,B0194,Sc18,2
S004302,2025-06-13,Redwood National Park ,T073,B0328,SC06,1
S004303,2025-08-21,Yellowstone National Park ,T019,B0358,SC10,4
S004304,2025-07-01,Redwood National Park ,T084,B0074,SC16,5
S004305,2025-07-05,redwood National Park,T077,B0279,sc07,1
S004306,2025-06-15,yellowstone National Park,T015,B0346,SC22,4
S004307,2025-08-28,Glacier National Park ,T014,,SC03,1
S004308,2025-06-04,Glacier National Park ,T047,,SC12,3
S004309,2025-08-21,Yellowstone National Park ,T106,B0031,SC28,1
S004310,2025-06-17,Redwood National Park ,T031,,SC24,2
S004311,2025-06-25,glacier National Park,T099,B0033,SC08,2
S004312,2025-06-14,gLaCiEr National Park,T044,B0180,SC21,1
S004313,2025-06-03,gLaCiEr National Park,T096,B0176,SC21,2
S004314,2025-08-04,Glacier National Park ,T091,B0173,SC12,1
S004315,2025-06-03,Acadia National Park ,T033,B0303,SC03 - River Otter,2
S004316,2025-06-01,redwood National Park,T014,B0002,SC25,1
S004317,2025-07-14,zion National Park,T056,,SC29,3
S004318,2025-06-11,Grand Canyon National Park ,T079,,sc07,3
S004319,2025-07-17,Yellowstone National Park ,T053,B0076,SC25,3
S004320,2025-07-23,rEdWoOd National Park,T048,B0045,SC14,3
S004321,2025-06-21,acadia National Park,T097,B0064,SC12 - Elk,1
S004322,2025-07-16,yellowstone National Park,T054,B0256,SC24,1
S004323,2025-08-05,gRaNd Canyon National Park,T033,B0226,SC26,3
S004324,2025-07-13,zIoN National Park,T037,B0340,SC22,4
S004325,2025-07-18,yellowstone National Park,T001,B0037,SC08,1
S004326,2025-07-18,Yellowstone National Park ,T007,B0326,SC18,1
S004327,2025-08-26,zion National Park,T075,B0225,SC04,3
S004328,2025-08-24,Grand Canyon National Park ,T104,,sc07,1
S004329,2025-07-28,glacier National Park,T108,B0221,SC11,3
S004330,2025-08-16,gLaCiEr National Park,T021,B0115,SC02,3
S004331,2025-07-22,redwood National Park,T085,B0026,SC07,7
S004332,2025-06-03,gRaNd Canyon National Park,T017,B0126,SC08,2
S004333,2025-07-30,yellowstone National Park,T104,B0296,SC05,1
S004334,2025-07-23,acadia National Park,T009,B0395,SC07,1
S004335,2025-08-12,aCaDiA National Park,T052,B0271,SC07,2
S004336,2025-07-07,zion National Park,T019,B0208,SC20,4
S004337,2025-08-01,Zion National Park ,T073,B0010,SC08,2
S004338,2025-06-27,gLaCiEr National Park,T117,B0369,SC24,2
S004339,2025-06-01,gLaCiEr National Park,T035,B0158,SC04,1
S004340,2025-06-05,yellowstone National Park,T095,B0120,Sc18,3
S004341,2025-07-23,grand Canyon National Park,T094,B0142,SC15,1
S004342,2025-07-17,gRaNd Canyon National Park,T020,B0071,SC08,3
S004343,2025-06-08,zIoN National Park,T069,B0149,SC21,2
S004344,2025-07-30,gLaCiEr National Park,T054,B0151,SC30,1
S004345,2025-06-28,grand Canyon National Park,T004,B0231,SC06,3
S004346,2025-06-18,zIoN National Park,T109,B0311,SC08,4
S004347,2025-06-12,Glacier National Park ,T105,,SC08,1
S004348,2025-07-13,gLaCiEr National Park,T116,B0339,SC28,1
S004349,2025-06-30,gLaCiEr National Park,T040,,SC20,1
S004350,2025-08-21,Redwood National Park ,T019,B0231,SC28,4
S004351,2025-07-02,Glacier National Park ,T108,B0198,SC26,4
S004352,2025-07-24,zion National Park,T107,B0156,SC01,1
S004353,2025-06-13,Zion National Park ,T078,B0342,SC28,1
S004354,2025-08-14,acadia National Park,T012,B0275,SC25 - Mountain Goat,2
S004355,2025-07-26,redwood National Park,T020,B0015,SC06,1
S004356,2025-08-05,zion National Park,T060,B0339,SC24,1
S004357,2025-08-01,gRaNd Canyon National Park,T054,B0034,SC18,1
S004358,2025-06-03,zIoN National Park,T046,,SC06,4
S004359,2025-06-16,Grand Canyon National Park ,T119,B0191,SC05,5
S004360,2025-07-25,grand Canyon National Park,T089,B0373,SC03 - River Otter,1
S004361,2025-06-28,gRaNd Canyon National Park,T109,B0325,SC18,1
S004362,2025-08-09,grand Canyon National Park,T093,B0213,SC17,2
S004363,2025-08-16,Glacier National Park ,T030,B0072,SC18,2
S004364,2025-07-24,aCaDiA National Park,T009,B0022,SC06,1
S004365,2025-07-05,acadia National Park,T031,B0257,SC03,3
S004366,2025-07-01,zion National Park,T070,,SC08,2
S004367,2025-07-22,yElLoWsToNe National Park,T101,B0340,SC17,1
S004368,2025-06-29,Zion National Park ,T083,B0096,SC19,5
S004369,2025-08-23,Yellowstone National Park ,T011,B0146,SC15,2
S004370,2025-06-02,Redwood National Park ,T038,B0029,SC04,2
S004371,2025-06-25,yElLoWsToNe National Park,T040,B0087,SC18,2
S004372,2025-07-01,redwood National Park,T038,B0044,SC07,3
S004373,2025-08-28,zIoN National Park,T074,B0126,SC12,2
S004374,2025-06-27,acadia National Park,T058,B0041,SC02,1
S004375,2025-07-24,gLaCiEr National Park,T120,,SC17,2
S004376,2025-08-21,yElLoWsToNe National Park,T005,B0147,SC26,6
S004377,2025-08-22,acadia National Park,T047,B0292,SC20,1
S004378,2025-08-04,Glacier National Park ,T060,B0297,SC18,4
S004379,2025-06-07,grand Canyon National Park,T087,B0140,Sc18,3
S004380,2025-06-05,redwood National Park,T002,B0337,SC28,3
S004381,2025-08-28,grand Canyon National Park,T082,B0149,SC17,5
S004382,2025-07-26,Glacier National Park ,T048,B0147,SC12,1
S004383,2025-08-07,yellowstone National Park,T093,,SC10,1
S004384,2025-08-01,zion National Park,T107,B0264,SC07,4
S004385,2025-07-26,glacier National Park,T113,B0166,SC13,2
S004386,2025-07-31,yellowstone National Park,T088,B0171,SC08,2
S004387,2025-07-02,yElLoWsToNe National Park,T038,B0107,SC29,1
S004388,2025-07-24,Yellowstone National Park ,T019,B0297,SC23,1
S004389,2025-06-16,zion National Park,T029,B0218,SC06,2
S004390,2025-08-10,grand Canyon National Park,T034,B0056,SC03 - River Otter,1
S004391,2025-07-29,aCaDiA National Park,T030,B0320,SC06,7
S004392,2025-08-10,Glacier National Park ,T079,B0001,Sc18,3
S004393,2025-06-05,Acadia National Park ,T016,,SC14,2
S004394,2025-08-10,zIoN National Park,T033,,SC02,2
S004395,2025-07-24,zion National Park,T074,B0108,SC17,1
S004396,2025-07-19,zion National Park,T099,B0197,SC22,2
S004397,2025-06-06,rEdWoOd National Park,T043,B0284,SC06,3
S004398,2025-07-01,Acadia National Park ,T093,B0134,SC25,2
S004399,2025-06-29,Acadia National Park ,T004,B0097,SC10,1
S004400,2025-06-20,zion National Park,T028,B0265,SC15,2
S004401,2025-06-05,glacier National Park,T013,B0228,SC25 - Mountain Goat,2
S004402,2025-08-23,acadia National Park,T069,B0003,SC24,2
S004403,2025-08-08,Glacier National Park ,T070,B0136,SC14,2
S004404,2025-07-20,redwood National Park,T099,B0329,SC03 - River Otter,1
S004405,2025-08-25,grand Canyon National Park,T008,B0118,SC10,3
S004406,2025-06-06,gLaCiEr National Park,T113,B0399,SC27,2
S004407,2025-06-30,gRaNd Canyon National Park,T077,B0064,SC12,1
S004408,2025-07-09,aCaDiA National Park,T118,,SC28,2
S004409,2025-08-06,yElLoWsToNe National Park,T062,B0293,SC22,3
S004410,2025-06-27,Acadia National Park ,T081,B0063,SC15,1
S004411,2025-07-31,aCaDiA National Park,T083,B0234,SC03 - River Otter,2
S004412,2025-07-24,Acadia National Park ,T079,,SC18,1
S004413,2025-08-08,Redwood National Park ,T047,B0282,SC03,2
S004414,2025-07-09,zion National Park,T032,B0222,SC10,5
S004415,2025-06-15,gLaCiEr National Park,T083,B0180,SC04,3
S004416,2025-08-08,zIoN National Park,T087,B0263,SC20,1
S004417,2025-06-10,yellowstone National Park,T053,B0148,SC23,3
S004418,2025-07-02,acadia National Park,T120,,SC30,1
S004419,2025-08-16,yElLoWsToNe National Park,T031,B0261,SC24,1
S004420,2025-06-22,Grand Canyon National Park ,T059,B0212,SC21,3
S004421,2025-08-21,Yellowstone National Park ,T084,B0029,SC30,3
S004422,2025-07-05,Grand Canyon National Park ,T019,B0265,SC29,2
S004423,2025-07-27,Yellowstone National Park ,T045,B0383,SC05,2
S004424,2025-06-18,rEdWoOd National Park,T071,B0199,SC25 - Mountain Goat,2
S004425,2025-07-03,gRaNd Canyon National Park,T054,B0166,SC17,2
S004426,2025-06-21,aCaDiA National Park,T040,B0065,SC22,1
S004427,2025-08-23,Glacier National Park ,T097,B0307,SC18,1
S004428,2025-07-21,grand Canyon National Park,T031,B0229,SC19,4
S004429,2025-08-27,yellowstone National Park,T107,B0136,SC05,2
S004430,2025-08-25,zIoN National Park,T040,B0365,SC21,2
S004431,2025-07-14,gRaNd Canyon National Park,T083,B0369,SC16,3
S004432,2025-08-20,gRaNd Canyon National Park,T054,B0041,SC27,2
S004433,2025-08-20,yElLoWsToNe National Park,T064,B0255,SC02,1
S004434,2025-07-14,yellowstone National Park,T014,B0159,SC27,3
S004435,2025-07-03,glacier National Park,T035,B0124,SC14,3
S004436,2025-08-15,grand Canyon National Park,T058,B0230,SC26,5
S004437,2025-07-10,Grand Canyon National Park ,T040,B0335,SC28,1
S004438,2025-08-25,Grand Canyon National Park ,T001,B0003,SC22,6
S004439,2025-08-25,yElLoWsToNe National Park,T041,,SC27,3
S004440,2025-06-17,redwood National Park,T102,B0051,SC23,2
S004441,2025-07-30,Zion National Park ,T092,B0045,SC17,3
S004442,2025-07-07,zIoN National Park,T095,B0121,SC12,2
S004443,2025-08-19,yellowstone National Park,T092,B0043,SC14,1
S004444,2025-06-15,gLaCiEr National Park,T116,,sc07,3
S004445,2025-07-11,gLaCiEr National Park,T066,B0204,SC08,3
S004446,2025-08-25,rEdWoOd National Park,T087,B0343,SC27,2
S004447,2025-07-23,Glacier National Park ,T063,B0028,SC09,2
S004448,2025-07-15,zIoN National Park,T067,B0019,SC22,3
S004449,2025-06-29,Redwood National Park ,T099,B0305,SC03,2
S004450,2025-08-19,zIoN National Park,T049,B0369,SC24,5
S004451,2025-08-04,gLaCiEr National Park,T078,B0106,SC26,1
S004452,2025-07-16,acadia National Park,T038,B0175,SC27,4
S004453,2025-07-05,yElLoWsToNe National Park,T119,,SC21,1
S004454,2025-08-13,gRaNd Canyon National Park,T077,B0223,SC29,2
S004455,2025-08-07,gLaCiEr National Park,T083,B0311,SC19,3
S004456,2025-07-27,gRaNd Canyon National Park,T020,B0301,SC05,2
S004457,2025-08-15,zion National Park,T071,B0219,SC02,1
S004458,2025-07-21,grand Canyon National Park,T043,B0310,SC25,1
S004459,2025-07-30,Acadia National Park ,T119,B0088,SC19,2
S004460,2025-06-05,Redwood National Park ,T005,B0046,SC08,2
S004461,2025-07-05,Yellowstone National Park ,T035,B0260,sc07,2
S004462,2025-06-04,Redwood National Park ,T087,B0384,SC19,4
S004463,2025-07-21,Glacier National Park ,T021,B0163,SC28,1
S004464,2025-07-28,acadia National Park,T058,,SC22,3
S004465,2025-08-22,redwood National Park,T091,B0361,SC24,1
S004466,2025-07-05,rEdWoOd National Park,T089,B0377,SC23,1
S004467,2025-08-03,zIoN National Park,T107,B0302,SC28,1
S004468,2025-07-10,yElLoWsToNe National Park,T085,B0349,SC13,3
S004469,2025-06-01,Zion National Park ,T052,B0366,SC05,2
S004470,2025-06-07,zion National Park,T044,B0066,SC23,2
S004471,2025-07-19,Zion National Park ,T029,B0090,SC22,3
S004472,2025-07-03,zIoN National Park,T004,B0210,Sc18,3
S004473,2025-08-22,glacier National Park,T099,B0119,SC10,1
S004474,2025-06-12,yellowstone National Park,T022,B0261,SC13,3
S004475,2025-08-17,redwood National Park,T048,,SC09,2
S004476,2025-08-09,Grand Canyon National Park ,T100,B0021,SC14,6
S004477,2025-08-17,Acadia National Park ,T102,B0029,SC13,5
S004478,2025-08-17,Glacier National Park ,T010,B0393,SC10,3
S004479,2025-08-20,Grand Canyon National Park ,T073,B0045,SC29,1
S004480,2025-08-21,gRaNd Canyon National Park,T117,B0053,SC25,5
S004481,2025-08-28,redwood National Park,T048,B0289,SC20,1
S004482,2025-06-22,acadia National Park,T088,B0050,SC01,5
S004483,2025-06-04,zIoN National Park,T062,B0137,SC10,4
S004484,2025-08-04,gLaCiEr National Park,T089,B0179,SC19,4
S004485,2025-07-05,Glacier National Park ,T115,B0084,SC08,1
S004486,2025-07-28,zIoN National Park,T010,B0345,SC28,1
S004487,2025-07-12,zion National Park,T014,B0064,SC26,1
S004488,2025-07-06,gLaCiEr National Park,T071,B0318,SC23,7
S004489,2025-06-07,Grand Canyon National Park ,T114,B0376,SC22,2
S004490,2025-07-02,Redwood National Park ,T092,B0358,SC08,2
S004491,2025-06-03,yellowstone National Park,T025,B0311,SC26,3
S004492,2025-08-28,yellowstone National Park,T076,B0367,SC20,2
S004493,2025-06-18,zion National Park,T076,B0289,SC19,1
S004494,2025-08-02,Acadia National Park ,T082,B0141,SC19,4
S004495,2025-06-06,redwood National Park,T057,,SC04,1
S004496,2025-08-10,Glacier National Park ,T042,B0240,SC13,5
S004497,2025-08-05,Zion National Park ,T099,B0033,SC12 - Elk,1
S004498,2025-08-13,yellowstone National Park,T087,B0194,SC03 - River Otter,1
S004499,2025-07-18,gRaNd Canyon National Park,T080,B0054,SC05,4
S004500,2025-07-15,gLaCiEr National Park,T097,B0113,SC28,2
S004501,2025-06-20,zion National Park,T054,B0208,SC27,4
S004502,2025-08-23,Grand Canyon National Park ,T040,B0306,SC16,2
S004503,2025-06-16,yellowstone National Park,T021,B0285,SC28,5
S004504,2025-07-06,gLaCiEr National Park,T075,B0202,SC23,1
S004505,2025-07-26,Redwood National Park ,T098,B0348,SC17,1
S004506,2025-08-11,Yellowstone National Park ,T022,B0328,SC15,1
S004507,2025-06-17,zion National Park,T041,B0120,SC28,5
S004508,2025-06-22,redwood National Park,T067,B0340,SC19,1
S004509,2025-08-02,redwood National Park,T094,B0138,SC04,2
S004510,2025-06-27,acadia National Park,T101,B0084,SC17,1
S004511,2025-07-10,Yellowstone National Park ,T033,B0294,sc07,4
S004512,2025-08-17,gLaCiEr National Park,T020,B0370,SC11,1
S004513,2025-08-11,Acadia National Park ,T034,,SC10,4
S004514,2025-06-16,glacier National Park,T053,B0220,SC26,1
S004515,2025-07-04,glacier National Park,T027,B0387,SC12 - Elk,4
S004516,2025-07-08,Glacier National Park ,T069,B0192,SC25 - Mountain Goat,1
S004517,2025-06-01,grand Canyon National Park,T099,B0027,SC02,2
S004518,2025-08-06,Grand Canyon National Park ,T073,B0376,SC05,2
S004519,2025-07-27,rEdWoOd National Park,T088,B0369,SC30,3
S004520,2025-07-21,grand Canyon National Park,T026,B0077,SC22,2
S004521,2025-06-04,gRaNd Canyon National Park,T038,B0240,SC03,3
S004522,2025-07-10,Glacier National Park ,T080,B0370,SC27,3
S004523,2025-06-25,Grand Canyon National Park ,T120,B0116,SC21,1
S004524,2025-06-18,rEdWoOd National Park,T078,B0117,SC07,2
S004525,2025-08-25,Yellowstone National Park ,T099,B0131,SC09,1
S004526,2025-07-13,zIoN National Park,T049,,SC14,1
S004527,2025-08-23,redwood National Park,T054,B0176,SC11,4
S004528,2025-07-23,acadia National Park,T026,B0038,SC04,5
S004529,2025-06-07,glacier National Park,T001,B0045,SC08,2
S004530,2025-06-30,acadia National Park,T064,B0072,Sc18,1
S004531,2025-06-15,redwood National Park,T073,,SC12,2
S004532,2025-06-14,zion National Park,T093,B0186,SC06,2
S004533,2025-08-02,grand Canyon National Park,T107,B0013,sc07,1
S004534,2025-06-11,redwood National Park,T018,B0076,SC01,1
S004535,2025-07-28,Grand Canyon National Park ,T006,B0082,Sc18,1
S004536,2025-06-16,Glacier National Park ,T112,B0175,SC07,3
S004537,2025-06-29,redwood National Park,T060,B0336,SC15,2
S004538,2025-06-15,zIoN National Park,T015,,SC30,2
S004539,2025-06-03,gLaCiEr National Park,T054,B0157,SC26,1
S004540,2025-07-13,redwood National Park,T068,B0150,SC18,4
S004541,2025-06-24,zIoN National Park,T039,B0067,SC17,2
S004542,2025-08-20,Redwood National Park ,T063,,SC16,1
S004543,2025-07-07,grand Canyon National Park,T037,B0223,SC15,6
S004544,2025-06-01,yElLoWsToNe National Park,T073,B0297,SC03 - River Otter,2
S004545,2025-07-29,gRaNd Canyon National Park,T113,B0126,SC04,1
S004546,2025-08-01,rEdWoOd National Park,T016,B0127,SC07,2
S004547,2025-06-01,zion National Park,T072,B0118,SC07,3
S004548,2025-07-14,Yellowstone National Park ,T063,B0353,SC22,4
S004549,2025-06-22,Grand Canyon National Park ,T055,B0213,SC04,3
S004550,2025-08-17,yElLoWsToNe National Park,T046,B0121,SC22,3
S004551,2025-06-03,gLaCiEr National Park,T109,B0073,SC27,1
S004552,2025-08-27,zion National Park,T024,B0219,SC25,1
S004553,2025-08-05,gRaNd Canyon National Park,T120,,SC19,3
S004554,2025-07-22,Redwood National Park ,T113,B0319,SC16,3
S004555,2025-07-21,Redwood National Park ,T103,B0368,SC07,4
S004556,2025-08-26,grand Canyon National Park,T030,B0318,SC03,1
S004557,2025-07-08,gLaCiEr National Park,T108,B0125,SC29,1
S004558,2025-06-30,Yellowstone National Park ,T007,B0111,SC03,2
S004559,2025-07-04,redwood National Park,T038,B0219,SC05,1
S004560,2025-07-17,grand Canyon National Park,T020,B0089,SC03,1
S004561,2025-06-23,rEdWoOd National Park,T080,B0350,SC25,4
S004562,2025-08-21,zIoN National Park,T036,B0192,SC02,2
S004563,2025-06-05,yellowstone National Park,T013,B0191,SC10,2
S004564,2025-07-17,grand Canyon National Park,T020,B0110,SC07,1
S004565,2025-08-15,Grand Canyon National Park ,T103,B0132,SC12,1
S004566,2025-06-08,grand Canyon National Park,T060,B0271,SC14,1
S004567,2025-07-26,rEdWoOd National Park,T076,B0270,SC05,5
S004568,2025-06-02,glacier National Park,T112,B0375,SC29,1
S004569,2025-06-02,acadia National Park,T083,B0120,SC26,2
S004570,2025-07-02,gLaCiEr National Park,T061,B0049,SC14,1
S004571,2025-07-17,acadia National Park,T085,B0305,SC18,2
S004572,2025-08-15,yElLoWsToNe National Park,T043,B0129,SC09,4
S004573,2025-07-17,Redwood National Park ,T071,B0151,SC11,1
S004574,2025-07-27,Glacier National Park ,T065,B0248,SC12 - Elk,1
S004575,2025-07-24,redwood National Park,T095,B0095,SC24,2
S004576,2025-07-14,Grand Canyon National Park ,T094,B0371,SC29,3
S004577,2025-06-01,gRaNd Canyon National Park,T040,B0393,SC13,1
S004578,2025-07-31,gLaCiEr National Park,T050,B0005,SC02,1
S004579,2025-07-14,yElLoWsToNe National Park,T100,B0062,SC03,2
S004580,2025-07-06,yElLoWsToNe National Park,T043,B0329,SC22,4
S004581,2025-07-20,gLaCiEr National Park,T053,B0022,SC02,2
S004582,2025-07-17,rEdWoOd National Park,T064,B0071,SC27,1
S004583,2025-08-25,yElLoWsToNe National Park,T027,,SC28,2
S004584,2025-07-15,gRaNd Canyon National Park,T073,B0106,SC27,2
S004585,2025-08-11,zion National Park,T041,B0300,SC15,1
S004586,2025-07-24,rEdWoOd National Park,T009,B0070,SC26,5
S004587,2025-06-20,yElLoWsToNe National Park,T115,B0296,SC24,1
S004588,2025-08-26,Zion National Park ,T042,B0256,SC28,2
S004589,2025-08-05,rEdWoOd National Park,T039,B0295,SC30,1
S004590,2025-06-13,Grand Canyon National Park ,T011,B0095,SC12,3
S004591,2025-06-21,glacier National Park,T116,B0006,SC15,3
S004592,2025-07-10,gLaCiEr National Park,T073,B0189,SC12,1
S004593,2025-07-30,rEdWoOd National Park,T026,B0190,SC13,4
S004594,2025-06-08,Glacier National Park ,T052,,SC25 - Mountain Goat,1
S004595,2025-08-24,glacier National Park,T084,B0353,SC03,2
S004596,2025-07-22,grand Canyon National Park,T023,B0329,SC07,2
S004597,2025-06-28,rEdWoOd National Park,T075,B0039,SC17,1
S004598,2025-07-19,zion National Park,T117,B0041,SC06,1
S004599,2025-06-25,Acadia National Park ,T028,B0141,SC11,2
S004600,2025-07-03,redwood National Park,T063,,SC01,5
S004601,2025-07-21,yElLoWsToNe National Park,T025,,SC17,6
S004602,2025-07-26,zion National Park,T119,B0068,SC22,3
S004603,2025-08-23,Glacier National Park ,T039,B0263,SC24,2
S004604,2025-08-15,redwood National Park,T108,B0354,SC03,6
S004605,2025-07-15,Glacier National Park ,T002,B0264,SC12 - Elk,3
S004606,2025-06-12,gLaCiEr National Park,T107,B0094,SC25 - Mountain Goat,1
S004607,2025-08-23,rEdWoOd National Park,T011,B0150,SC09,2
S004608,2025-06-15,grand Canyon National Park,T099,B0251,SC05,1
S004609,2025-07-01,Grand Canyon National Park ,T021,B0277,SC12 - Elk,4
S004610,2025-07-09,Yellowstone National Park ,T066,B0389,SC18,1
S004611,2025-08-21,Acadia National Park ,T079,B0285,SC26,1
S004612,2025-07-17,Zion National Park ,T040,B0249,SC20,2
S004613,2025-07-16,redwood National Park,T093,B0274,SC12,3
S004614,2025-07-23,gLaCiEr National Park,T085,B0157,SC16,4
S004615,2025-08-26,gRaNd Canyon National Park,T086,B0244,SC23,2
S004616,2025-06-04,redwood National Park,T074,B0069,SC16,1
S004617,2025-07-21,Zion National Park ,T080,B0103,SC27,4
S004618,2025-07-15,Glacier National Park ,T113,B0378,SC07,5
S004619,2025-07-05,zIoN National Park,T018,B0239,SC30,1
S004620,2025-08-06,grand Canyon National Park,T010,B0308,SC08,4
S004621,2025-08-01,Grand Canyon National Park ,T028,,SC06,1
S004622,2025-06-27,yElLoWsToNe National Park,T087,,SC18,1
S004623,2025-07-16,yellowstone National Park,T097,B0062,SC09,1
S004624,2025-06-02,glacier National Park,T098,B0173,sc07,3
S004625,2025-07-22,zion National Park,T091,B0381,SC20,1
S004626,2025-06-26,gRaNd Canyon National Park,T034,B0238,Sc18,4
S004627,2025-06-19,Redwood National Park ,T056,B0236,SC16,1
S004628,2025-07-15,Yellowstone National Park ,T118,,SC19,1
S004629,2025-06-15,Grand Canyon National Park ,T056,B0323,SC21,1
S004630,2025-06-16,acadia National Park,T030,B0131,SC12 - Elk,1
S004631,2025-08-12,redwood National Park,T015,,SC10,5
S004632,2025-06-17,Zion National Park ,T084,B0191,SC28,3
S004633,2025-07-02,grand Canyon National Park,T085,B0277,SC17,4
S004634,2025-08-16,Acadia National Park ,T082,,SC28,3
S004635,2025-07-03,yElLoWsToNe National Park,T087,,SC12,1
S004636,2025-08-16,acadia National Park,T066,B0333,SC12,2
S004637,2025-07-06,glacier National Park,T089,B0122,SC01,2
S004638,2025-07-10,aCaDiA National Park,T093,B0251,SC14,2
S004639,2025-06-28,acadia National Park,T044,B0330,SC18,1
S004640,2025-06-23,rEdWoOd National Park,T045,B0008,Sc18,1
S004641,2025-06-26,Glacier National Park ,T052,B0033,SC24,2
S004642,2025-06-20,yElLoWsToNe National Park,T100,B0392,SC06,4
S004643,2025-08-03,Yellowstone National Park ,T017,,SC27,1
S004644,2025-08-19,acadia National Park,T005,B0213,SC17,1
S004645,2025-07-31,gRaNd Canyon National Park,T024,B0251,SC04,1
S004646,2025-07-24,Grand Canyon National Park ,T073,B0122,SC21,2
S004647,2025-08-05,rEdWoOd National Park,T007,B0203,SC18,4
S004648,2025-06-01,zIoN National Park,T082,B0198,SC03,3
S004649,2025-06-30,zion National Park,T012,B0113,SC18,5
S004650,2025-07-08,rEdWoOd National Park,T097,B0071,SC12 - Elk,1
S004651,2025-06-14,Glacier National Park ,T028,B0009,SC14,1
S004652,2025-06-10,acadia National Park,T073,,SC13,3
S004653,2025-08-21,Glacier National Park ,T109,B0127,SC25 - Mountain Goat,1
S004654,2025-08-07,zion National Park,T029,,SC01,3
S004655,2025-07-04,yElLoWsToNe National Park,T031,B0223,SC09,1
S004656,2025-08-03,glacier National Park,T111,B0346,SC14,1
S004657,2025-08-02,Glacier National Park ,T082,,SC04,1
S004658,2025-08-15,yElLoWsToNe National Park,T026,B0083,SC14,1
S004659,2025-08-25,Glacier National Park ,T020,B0359,SC12,2
S004660,2025-06-05,redwood National Park,T005,B0217,SC29,4
S004661,2025-08-23,Redwood National Park ,T088,B0130,SC10,1
S004662,2025-08-22,glacier National Park,T077,B0388,SC09,1
S004663,2025-07-03,acadia National Park,T083,B0001,SC09,2
S004664,2025-07-08,Zion National Park ,T078,B0176,SC04,1
S004665,2025-08-25,rEdWoOd National Park,T060,B0318,SC16,2
S004666,2025-08-19,Glacier National Park ,T054,B0077,SC28,1
S004667,2025-08-18,grand Canyon National Park,T106,B0186,SC04,1
S004668,2025-06-09,glacier National Park,T026,B0088,SC06,2
S004669,2025-06-23,rEdWoOd National Park,T042,B0225,SC12 - Elk,1
S004670,2025-07-11,rEdWoOd National Park,T094,B0141,SC06,3
S004671,2025-07-10,Redwood National Park ,T108,B0357,SC11,1
S004672,2025-08-06,zIoN National Park,T018,B0317,Sc18,2
S004673,2025-07-18,Grand Canyon National Park ,T008,B0245,SC30,3
S004674,2025-08-21,Redwood National Park ,T119,B0035,SC15,1
S004675,2025-08-07,Glacier National Park ,T076,B0170,SC24,2
S004676,2025-08-21,Redwood National Park ,T118,,SC18,3
S004677,2025-07-30,aCaDiA National Park,T088,B0112,SC27,2
S004678,2025-08-13,Yellowstone National Park ,T095,B0221,SC14,4
S004679,2025-06-16,gRaNd Canyon National Park,T097,B0235,SC22,2
S004680,2025-08-01,Glacier National Park ,T032,B0089,SC03,5
S004681,2025-07-02,Grand Canyon National Park ,T107,B0259,SC04,2
S004682,2025-06-14,grand Canyon National Park,T120,B0052,SC13,3
S004683,2025-08-19,gLaCiEr National Park,T007,B0326,SC17,1
S004684,2025-07-18,aCaDiA National Park,T037,B0269,SC21,1
S004685,2025-06-30,yellowstone National Park,T105,B0086,SC26,5
S004686,2025-06-27,aCaDiA National Park,T117,B0179,SC01,2
S004687,2025-06-17,Yellowstone National Park ,T108,B0239,SC25,1
S004688,2025-07-17,redwood National Park,T041,B0257,SC23,3
S004689,2025-06-11,acadia National Park,T020,B0158,SC16,1
S004690,2025-07-23,gRaNd Canyon National Park,T096,B0056,SC18,1
S004691,2025-08-15,aCaDiA National Park,T040,B0172,SC18,3
S004692,2025-06-15,Zion National Park ,T019,B0182,SC18,1
S004693,2025-08-05,Grand Canyon National Park ,T086,B0296,SC26,4
S004694,2025-06-07,Zion National Park ,T083,B0259,SC02,1
S004695,2025-07-21,acadia National Park,T022,B0112,SC28,6
S004696,2025-06-04,Yellowstone National Park ,T078,B0044,SC20,3
S004697,2025-08-10,Acadia National Park ,T111,B0002,SC25 - Mountain Goat,1
S004698,2025-06-25,glacier National Park,T032,B0257,SC10,1
S004699,2025-07-12,grand Canyon National Park,T025,B0193,SC13,3
S004700,2025-06-07,Yellowstone National Park ,T090,,SC13,1
S004701,2025-07-31,zion National Park,T098,B0194,SC20,1
S004702,2025-06-18,glacier National Park,T019,B0303,Sc18,2
S004703,2025-08-29,rEdWoOd National Park,T097,B0354,SC01,2
S004704,2025-08-22,acadia National Park,T079,B0067,SC25,3
S004705,2025-07-21,zIoN National Park,T075,B0309,SC16,4
S004706,2025-08-26,yElLoWsToNe National Park,T090,B0324,SC07,2
S004707,2025-07-10,rEdWoOd National Park,T104,B0255,SC20,5
S004708,2025-07-13,Acadia National Park ,T088,B0043,SC25,5
S004709,2025-06-02,gLaCiEr National Park,T070,B0043,SC12,3
S004710,2025-08-28,glacier National Park,T096,B0073,SC12,3
S004711,2025-06-17,Glacier National Park ,T002,B0005,SC06,1
S004712,2025-08-12,zion National Park,T085,B0159,SC17,2
S004713,2025-08-06,gLaCiEr National Park,T024,B0272,SC07,1
S004714,2025-06-21,yElLoWsToNe National Park,T014,B0211,SC27,3
S004715,2025-06-25,rEdWoOd National Park,T002,B0091,SC11,2
S004716,2025-06-08,Zion National Park ,T111,B0182,SC03 - River Otter,2
S004717,2025-08-22,acadia National Park,T044,B0143,SC02,2
S004718,2025-07-13,aCaDiA National Park,T004,B0325,SC02,4
S004719,2025-07-17,gRaNd Canyon National Park,T096,B0062,SC01,3
S004720,2025-06-23,Redwood National Park ,T087,B0099,SC12,4
S004721,2025-06-16,Yellowstone National Park ,T096,B0075,SC06,1
S004722,2025-08-25,gRaNd Canyon National Park,T045,B0112,SC18,1
S004723,2025-06-05,Glacier National Park ,T104,B0346,SC15,3
S004724,2025-08-19,Redwood National Park ,T083,B0084,SC15,2
S004725,2025-07-05,Zion National Park ,T059,,SC28,3
S004726,2025-06-23,Glacier National Park ,T070,B0231,SC12 - Elk,2
S004727,2025-06-11,Zion National Park ,T038,B0126,SC22,2
S004728,2025-07-28,rEdWoOd National Park,T077,B0299,SC12,3
S004729,2025-06-17,grand Canyon National Park,T117,B0034,SC21,1
S004730,2025-07-19,Grand Canyon National Park ,T012,B0171,SC21,2
S004731,2025-07-16,zion National Park,T068,B0055,SC16,1
S004732,2025-07-30,glacier National Park,T013,,SC22,1
S004733,2025-08-28,aCaDiA National Park,T091,B0178,SC27,1
S004734,2025-08-18,Acadia National Park ,T008,B0352,SC02,2
S004735,2025-06-20,grand Canyon National Park,T115,B0383,SC06,1
S004736,2025-06-03,gLaCiEr National Park,T008,B0040,SC03 - River Otter,2
S004737,2025-08-28,aCaDiA National Park,T097,B0045,SC18,2
S004738,2025-06-06,yElLoWsToNe National Park,T011,B0361,SC25,7
S004739,2025-08-28,grand Canyon National Park,T091,B0340,SC25,3
S004740,2025-08-11,zIoN National Park,T020,B0073,SC18,1
S004741,2025-06-11,glacier National Park,T083,,SC05,1
S004742,2025-06-08,Acadia National Park ,T068,B0247,SC27,1
S004743,2025-06-17,Zion National Park ,T118,B0165,SC29,3
S004744,2025-08-17,Zion National Park ,T039,B0094,SC04,3
S004745,2025-07-02,zIoN National Park,T015,B0384,SC04,3
S004746,2025-07-29,Acadia National Park ,T104,B0248,SC03 - River Otter,4
S004747,2025-07-08,Glacier National Park ,T070,B0268,SC05,5
S004748,2025-06-24,Redwood National Park ,T044,B0336,SC15,1
S004749,2025-07-31,aCaDiA National Park,T003,B0331,SC05,2
S004750,2025-08-02,Glacier National Park ,T074,B0376,SC03,1
S004751,2025-07-05,gLaCiEr National Park,T093,,SC02,5
S004752,2025-07-18,Redwood National Park ,T008,B0167,SC12,4
S004753,2025-08-23,Yellowstone National Park ,T080,B0047,SC05,1
S004754,2025-06-26,grand Canyon National Park,T069,B0028,sc07,1
S004755,2025-08-18,redwood National Park,T033,B0031,SC27,3
S004756,2025-06-30,Redwood National Park ,T002,B0231,SC03 - River Otter,1
S004757,2025-06-11,grand Canyon National Park,T028,B0144,SC23,1
S004758,2025-07-09,Glacier National Park ,T089,B0283,SC27,2
S004759,2025-07-03,redwood National Park,T044,B0318,SC23,3
S004760,2025-08-10,zion National Park,T073,B0201,SC06,2
S004761,2025-07-02,glacier National Park,T084,B0393,SC19,3
S004762,2025-06-03,Grand Canyon National Park ,T050,B0079,SC02,3
S004763,2025-08-19,Yellowstone National Park ,T026,B0327,SC20,3
S004764,2025-07-15,yellowstone National Park,T110,,SC04,2
S004765,2025-08-09,zion National Park,T062,B0097,SC02,1
S004766,2025-08-23,Grand Canyon National Park ,T023,B0058,SC15,1
S004767,2025-07-18,glacier National Park,T076,B0379,SC10,3
S004768,2025-08-07,gRaNd Canyon National Park,T109,B0254,SC28,3
S004769,2025-07-04,yElLoWsToNe National Park,T014,,SC22,1
S004770,2025-07-11,aCaDiA National Park,T035,B0375,SC07,1
S004771,2025-08-02,grand Canyon National Park,T084,B0073,SC16,2
S004772,2025-07-05,Grand Canyon National Park ,T003,B0102,SC27,2
S004773,2025-08-14,gLaCiEr National Park,T003,B0136,sc07,2
S004774,2025-07-27,Grand Canyon National Park ,T008,B0344,SC03,1
S004775,2025-07-15,acadia National Park,T057,B0364,SC16,1
S004776,2025-08-20,redwood National Park,T009,B0298,SC12,2
S004777,2025-06-25,acadia National Park,T013,B0260,SC23,4
S004778,2025-08-22,grand Canyon National Park,T039,,SC14,5
S004779,2025-08-27,zIoN National Park,T067,B0397,SC30,1
S004780,2025-08-04,Glacier National Park ,T041,B0362,SC23,1
S004781,2025-07-26,acadia National Park,T079,B0170,SC01,3
S004782,2025-08-23,zIoN National Park,T028,B0088,SC06,1
S004783,2025-07-24,Zion National Park ,T027,B0001,SC30,1
S004784,2025-06-19,zion National Park,T113,B0337,SC05,1
S004785,2025-07-30,zion National Park,T107,B0272,SC24,1
S004786,2025-07-02,Redwood National Park ,T087,B0057,SC17,1
S004787,2025-07-26,gLaCiEr National Park,T050,B0277,Sc18,2
S004788,2025-07-13,rEdWoOd National Park,T019,B0254,SC05,4
S004789,2025-07-29,Grand Canyon National Park ,T031,B0260,SC15,3
S004790,2025-07-12,Yellowstone National Park ,T117,B0142,SC11,3
S004791,2025-06-10,rEdWoOd National Park,T016,B0390,SC15,2
S004792,2025-07-21,gLaCiEr National Park,T049,B0206,SC10,1
S004793,2025-08-14,Yellowstone National Park ,T075,B0394,SC03 - River Otter,1
S004794,2025-07-10,Glacier National Park ,T091,B0335,SC13,2
S004795,2025-07-19,redwood National Park,T031,B0325,SC21,1
S004796,2025-08-26,Zion National Park ,T042,B0065,SC20,1
S004797,2025-07-24,Acadia National Park ,T116,B0317,SC25,4
S004798,2025-08-24,Yellowstone National Park ,T089,B0085,SC28,1
S004799,2025-07-16,rEdWoOd National Park,T004,B0031,SC07,5
S004800,2025-07-29,zIoN National Park,T117,B0317,SC12,3
S004801,2025-08-25,Zion National Park ,T030,B0016,SC12,4
S004802,2025-07-20,Zion National Park ,T014,B0361,SC14,4
S004803,2025-08-22,glacier National Park,T027,B0010,SC19,2
S004804,2025-06-26,Redwood National Park ,T112,B0160,SC27,1
S004805,2025-07-13,zIoN National Park,T016,B0314,SC17,2
S004806,2025-06-12,glacier National Park,T055,B0331,SC28,1
S004807,2025-06-30,Glacier National Park ,T112,,SC18,1
S004808,2025-07-09,glacier National Park,T044,B0018,SC12 - Elk,4
S004809,2025-08-07,Yellowstone National Park ,T106,B0383,SC09,1
S004810,2025-07-12,Yellowstone National Park ,T088,,SC03,2
S004811,2025-06-12,redwood National Park,T004,B0325,SC13,3
S004812,2025-08-21,yellowstone National Park,T043,B0057,SC23,1
S004813,2025-08-13,rEdWoOd National Park,T062,B0021,SC25,6
S004814,2025-07-04,rEdWoOd National Park,T015,B0013,SC27,1
S004815,2025-07-08,yellowstone National Park,T022,B0047,SC17,4
S004816,2025-07-09,aCaDiA National Park,T075,B0368,SC23,6
S004817,2025-07-13,Yellowstone National Park ,T112,B0283,SC11,3
S004818,2025-08-09,glacier National Park,T008,,SC26,1
S004819,2025-07-01,Yellowstone National Park ,T022,B0198,SC04,3
S004820,2025-07-13,gRaNd Canyon National Park,T080,B0022,SC03 - River Otter,1
S004821,2025-08-16,rEdWoOd National Park,T023,B0108,SC26,2
S004822,2025-07-16,Glacier National Park ,T039,B0226,SC26,4
S004823,2025-07-30,gLaCiEr National Park,T038,B0119,SC20,1
S004824,2025-07-11,gRaNd Canyon National Park,T083,,SC12 - Elk,2
S004825,2025-08-24,Redwood National Park ,T071,B0191,SC28,2
S004826,2025-08-11,zIoN National Park,T033,B0387,SC18,3
S004827,2025-06-26,Redwood National Park ,T008,B0136,SC27,1
S004828,2025-06-19,Glacier National Park ,T074,B0067,SC04,6
S004829,2025-08-19,Yellowstone National Park ,T016,B0043,SC19,2
S004830,2025-07-09,Grand Canyon National Park ,T074,B0104,SC20,3
S004831,2025-07-09,Acadia National Park ,T099,B0330,SC23,3
S004832,2025-06-05,Glacier National Park ,T062,B0107,SC23,3
S004833,2025-07-01,Redwood National Park ,T091,B0227,SC03,1
S004834,2025-07-15,zIoN National Park,T001,B0382,SC14,3
S004835,2025-06-22,rEdWoOd National Park,T073,B0231,SC25,1
S004836,2025-08-20,zion National Park,T020,B0129,SC19,6
S004837,2025-07-25,glacier National Park,T069,,SC25 - Mountain Goat,1
S004838,2025-07-31,zIoN National Park,T068,,SC29,2
S004839,2025-06-10,Acadia National Park ,T118,B0062,Sc18,1
S004840,2025-08-04,glacier National Park,T083,B0211,SC25,4
S004841,2025-06-30,Grand Canyon National Park ,T113,B0183,SC03,3
S004842,2025-07-21,glacier National Park,T085,B0099,SC19,2
S004843,2025-06-18,yElLoWsToNe National Park,T040,B0301,SC13,1
S004844,2025-08-14,yellowstone National Park,T040,B0213,SC23,2
S004845,2025-06-18,acadia National Park,T105,B0221,SC02,1
S004846,2025-06-27,aCaDiA National Park,T081,B0072,SC19,1
S004847,2025-06-09,Acadia National Park ,T035,B0212,SC16,1
S004848,2025-06-05,gLaCiEr National Park,T003,,SC11,3
S004849,2025-08-07,grand Canyon National Park,T095,B0304,SC19,2
S004850,2025-06-24,rEdWoOd National Park,T119,B0012,SC10,1
S004851,2025-06-26,Acadia National Park ,T015,B0285,SC04,4
S004852,2025-06-12,zIoN National Park,T100,B0214,SC04,3
S004853,2025-08-14,Yellowstone National Park ,T011,B0060,SC12 - Elk,4
S004854,2025-06-07,yellowstone National Park,T107,B0194,SC10,3
S004855,2025-06-01,yellowstone National Park,T049,B0231,SC12,2
S004856,2025-06-22,gRaNd Canyon National Park,T061,B0020,SC12,2
S004857,2025-07-26,acadia National Park,T039,B0114,SC09,2
S004858,2025-07-11,yellowstone National Park,T072,B0296,SC30,2
S004859,2025-06-15,yElLoWsToNe National Park,T096,B0374,SC27,3
S004860,2025-07-10,yElLoWsToNe National Park,T082,,SC16,2
S004861,2025-08-22,yElLoWsToNe National Park,T073,B0141,SC28,2
S004862,2025-08-04,yElLoWsToNe National Park,T047,B0216,SC17,1
S004863,2025-08-13,Acadia National Park ,T024,B0007,SC12,3
S004864,2025-08-04,redwood National Park,T042,,SC11,1
S004865,2025-07-31,grand Canyon National Park,T116,,SC23,2
S004866,2025-07-15,glacier National Park,T010,B0114,SC03 - River Otter,3
S004867,2025-07-29,zion National Park,T113,,SC25,1
S004868,2025-08-15,redwood National Park,T022,B0266,SC07,1
S004869,2025-06-07,grand Canyon National Park,T043,B0372,SC04,3
S004870,2025-07-15,rEdWoOd National Park,T117,B0078,SC15,1
S004871,2025-06-13,Redwood National Park ,T111,B0291,SC05,3
S004872,2025-07-31,glacier National Park,T079,B0382,SC01,2
S004873,2025-07-12,acadia National Park,T080,B0262,SC02,1
S004874,2025-08-17,yElLoWsToNe National Park,T046,,SC13,7
S004875,2025-08-11,glacier National Park,T022,B0367,SC01,2
S004876,2025-08-10,aCaDiA National Park,T042,B0007,SC23,3
S004877,2025-06-04,aCaDiA National Park,T100,B0308,SC13,2
S004878,2025-06-26,gLaCiEr National Park,T087,,SC19,1
S004879,2025-06-27,Glacier National Park ,T027,B0308,SC12 - Elk,3
S004880,2025-06-19,glacier National Park,T055,B0093,SC26,1
S004881,2025-07-09,gLaCiEr National Park,T058,B0372,SC27,2
S004882,2025-08-01,yellowstone National Park,T003,B0105,SC10,2
S004883,2025-07-21,Acadia National Park ,T081,B0387,SC12,3
S004884,2025-06-11,zion National Park,T108,,SC13,3
S004885,2025-08-09,yellowstone National Park,T026,B0227,SC12,2
S004886,2025-08-07,Yellowstone National Park ,T015,B0100,SC25,2
S004887,2025-07-07,gLaCiEr National Park,T042,,SC23,2
S004888,2025-07-17,acadia National Park,T002,B0390,SC13,2
S004889,2025-07-31,glacier National Park,T034,B0147,SC22,2
S004890,2025-07-30,Glacier National Park ,T097,B0248,SC29,1
S004891,2025-06-13,gRaNd Canyon National Park,T063,B0201,SC17,4
S004892,2025-08-29,Glacier National Park ,T040,B0258,SC01,3
S004893,2025-07-09,zion National Park,T095,B0296,SC11,2
S004894,2025-07-18,zion National Park,T101,B0176,SC16,5
S004895,2025-06-07,Acadia National Park ,T102,B0125,SC24,2
S004896,2025-08-17,aCaDiA National Park,T020,B0083,SC06,2
S004897,2025-08-24,glacier National Park,T116,,SC06,5
S004898,2025-08-26,zion National Park,T026,B0197,SC04,1
S004899,2025-06-04,Redwood National Park ,T080,B0337,SC06,1
S004900,2025-08-07,redwood National Park,T113,B0280,SC29,3
S004901,2025-07-27,grand Canyon National Park,T016,B0074,SC24,7
S004902,2025-06-17,redwood National Park,T102,B0154,SC12,1
S004903,2025-06-23,grand Canyon National Park,T014,B0093,SC28,2
S004904,2025-06-01,yellowstone National Park,T052,B0340,SC13,7
S004905,2025-08-11,Yellowstone National Park ,T003,B0328,SC23,1
S004906,2025-06-13,Yellowstone National Park ,T106,,SC26,3
S004907,2025-06-10,Glacier National Park ,T087,B0168,SC21,5
S004908,2025-08-29,zIoN National Park,T009,,SC21,2
S004909,2025-06-26,Redwood National Park ,T117,B0054,SC28,2
S004910,2025-07-25,Glacier National Park ,T072,B0358,SC15,1
S004911,2025-07-21,zion National Park,T079,B0031,SC01,1
S004912,2025-07-07,grand Canyon National Park,T012,,SC08,1
S004913,2025-07-29,acadia National Park,T078,B0325,SC08,1
S004914,2025-08-18,glacier National Park,T111,,SC24,2
S004915,2025-08-14,Redwood National Park ,T091,B0283,SC11,1
S004916,2025-08-02,Glacier National Park ,T020,,SC28,1
S004917,2025-07-26,grand Canyon National Park,T028,B0099,SC30,4
S004918,2025-06-14,gRaNd Canyon National Park,T088,B0390,SC12,2
S004919,2025-06-15,Acadia National Park ,T086,B0266,SC08,2
S004920,2025-06-25,Acadia National Park ,T112,B0169,SC08,1
S004921,2025-07-16,Glacier National Park ,T011,B0133,SC25 - Mountain Goat,1
S004922,2025-07-20,glacier National Park,T005,B0181,SC20,3
S004923,2025-08-03,zion National Park,T087,B0022,SC27,3
S004924,2025-06-09,redwood National Park,T085,B0188,SC20,1
S004925,2025-07-06,glacier National Park,T029,B0156,SC20,3
S004926,2025-06-09,redwood National Park,T119,B0032,SC01,1
S004927,2025-08-04,yElLoWsToNe National Park,T045,B0123,SC06,1
S004928,2025-06-01,Glacier National Park ,T080,B0366,SC28,3
S004929,2025-07-19,Redwood National Park ,T051,,SC21,2
S004930,2025-06-22,zion National Park,T096,B0094,SC20,3
S004931,2025-08-20,Glacier National Park ,T056,B0246,SC05,2
S004932,2025-08-07,yellowstone National Park,T119,B0393,SC19,3
S004933,2025-08-21,zIoN National Park,T024,B0205,SC24,2
S004934,2025-07-14,gLaCiEr National Park,T116,B0101,SC01,1
S004935,2025-06-08,Redwood National Park ,T072,B0358,SC03,3
S004936,2025-08-11,grand Canyon National Park,T086,B0175,SC19,5
S004937,2025-06-26,Redwood National Park ,T040,B0391,SC17,1
S004938,2025-08-13,aCaDiA National Park,T016,B0173,SC10,2
S004939,2025-06-10,Redwood National Park ,T086,B0065,SC22,2
S004940,2025-06-18,yElLoWsToNe National Park,T066,B0384,SC12 - Elk,1
S004941,2025-06-17,gRaNd Canyon National Park,T060,B0298,SC27,2
S004942,2025-08-16,gLaCiEr National Park,T099,,SC30,5
S004943,2025-06-25,redwood National Park,T007,B0141,SC05,1
S004944,2025-07-29,Yellowstone National Park ,T032,B0120,SC15,4
S004945,2025-08-02,grand Canyon National Park,T079,B0388,SC18,1
S004946,2025-07-05,Redwood National Park ,T056,B0221,SC26,1
S004947,2025-08-22,redwood National Park,T080,B0035,SC28,2
S004948,2025-06-16,grand Canyon National Park,T072,B0119,SC05,1
S004949,2025-08-25,Glacier National Park ,T036,B0347,SC10,2
S004950,2025-06-13,yElLoWsToNe National Park,T092,B0132,SC07,1
S004951,2025-08-28,gRaNd Canyon National Park,T118,B0169,SC01,5
S004952,2025-06-04,aCaDiA National Park,T047,B0283,SC19,1
S004953,2025-07-06,yElLoWsToNe National Park,T050,B0343,SC17,1
S004954,2025-08-11,gLaCiEr National Park,T032,B0396,SC11,1
S004955,2025-08-19,Zion National Park ,T051,B0015,SC08,2
S004956,2025-08-02,Yellowstone National Park ,T056,B0121,SC02,1
S004957,2025-07-09,Grand Canyon National Park ,T084,B0290,SC12,3
S004958,2025-07-03,acadia National Park,T063,B0325,SC19,2
S004959,2025-08-16,aCaDiA National Park,T003,B0144,SC24,4
S004960,2025-06-10,aCaDiA National Park,T071,,SC03 - River Otter,3
S004961,2025-06-07,yellowstone National Park,T111,B0381,SC16,1
S004962,2025-06-15,yellowstone National Park,T107,B0338,SC14,1
S004963,2025-07-12,yellowstone National Park,T112,B0031,Sc18,2
S004964,2025-06-23,grand Canyon National Park,T018,B0264,SC12 - Elk,1
S004965,2025-06-30,zion National Park,T058,B0381,SC28,3
S004966,2025-06-06,Glacier National Park ,T095,B0228,SC13,3
S004967,2025-06-26,zion National Park,T072,B0195,SC01,1
S004968,2025-07-28,yElLoWsToNe National Park,T021,B0356,SC01,1
S004969,2025-06-22,Yellowstone National Park ,T087,B0103,SC15,1
S004970,2025-07-08,gLaCiEr National Park,T025,B0015,SC28,4
S004971,2025-07-09,redwood National Park,T117,,SC17,2
S004972,2025-07-03,Redwood National Park ,T002,B0340,SC01,3
S004973,2025-06-06,yellowstone National Park,T001,B0003,SC28,1
S004974,2025-07-18,zIoN National Park,T001,B0179,SC03,1
S004975,2025-08-16,Acadia National Park ,T061,B0095,SC06,1
S004976,2025-08-27,Zion National Park ,T066,B0037,SC01,1
S004977,2025-07-21,acadia National Park,T089,B0333,SC01,1
S004978,2025-08-07,Glacier National Park ,T108,B0213,SC21,2
S004979,2025-07-19,Acadia National Park ,T092,B0031,SC07,4
S004980,2025-06-30,rEdWoOd National Park,T120,,SC17,4
S004981,2025-07-17,Acadia National Park ,T097,B0123,sc07,1
S004982,2025-07-12,zion National Park,T068,B0146,SC29,3
S004983,2025-06-27,Grand Canyon National Park ,T016,B0025,SC18,1
S004984,2025-06-05,yElLoWsToNe National Park,T001,B0089,SC08,4
S004985,2025-06-21,zion National Park,T075,B0069,SC01,4
S004986,2025-07-31,yellowstone National Park,T079,B0383,SC30,3
S004987,2025-08-09,glacier National Park,T094,B0287,SC11,2
S004988,2025-07-23,Yellowstone National Park ,T039,B0137,SC23,2
S004989,2025-06-09,Grand Canyon National Park ,T035,B0084,SC03 - River Otter,1
S004990,2025-06-01,zIoN National Park,T109,B0130,SC30,2
S004991,2025-07-28,Acadia National Park ,T007,B0143,SC21,3
S004992,2025-07-02,Grand Canyon National Park ,T056,B0181,SC13,3
S004993,2025-07-31,Glacier National Park ,T109,,SC23,4
S004994,2025-07-29,gLaCiEr National Park,T115,B0339,SC12,4
S004995,2025-07-21,Glacier National Park ,T088,B0377,SC27,6
S004996,2025-07-15,grand Canyon National Park,T063,B0084,SC22,2
S004997,2025-08-10,gRaNd Canyon National Park,T072,B0330,SC04,2
S004998,2025-06-10,Grand Canyon National Park ,T064,B0254,SC09,2
S004999,2025-07-04,acadia National Park,T057,B0310,SC19,1
S005000,2025-06-05,Acadia National Park ,T064,B0187,SC16,3
