order_id,payment_id,payment_method,payment_status,attempt_number,payment_amount,payment_created_at,processor
ORD000934,P01390,apple_pay,authorized,1,160.83,2025-07-19,stripe
ORD000968,P01349,mastercard,authorized,3,411.91,2025-07-01,stripe
ORD001300,P01487,klarna,authorized,1,77.29,2025-08-05,adyen
ORD000126,P01220,paypal,authorized,3,239.78,2025-09-14,adyen
ORD000850,P00527,apple_pay,chargeback,1,284.38,2025-01-22,adyen
ORD001120,P00434,amex,captured,1,286.38,2025-11-05,stripe
ORD001394,P00926,paypal,captured,1,171.21,2025-04-21,adyen
ORD000338,P00577,paypal,captured,1,322.23,2025-03-29,braintree
ORD000661,P00602,paypal,captured,2,173.65,2025-07-14,stripe
ORD001227,P01288,paypal,authorized,1,108.25,2025-12-27,stripe
ORD000920,P00506,apple_pay,authorized,1,88.67,2025-11-01,braintree
ORD000656,P01501,klarna,captured,2,537.88,2025-06-28,braintree
ORD000909,P01075,klarna,failed,2,87.08,2025-08-03,stripe
ORD000034,P01311,mastercard,authorized,2,243.16,2025-07-03,stripe
ORD000426,P00037,klarna,failed,1,158.62,2025-09-07,adyen
ORD001307,P00528,amex,captured,1,373.47,2025-11-10,stripe
ORD000900,P00533,mastercard,captured,1,214.0,2025-02-21,stripe
ORD000896,P01419,mastercard,authorized,3,178.93,2025-05-29,stripe
ORD000416,P00544,apple_pay,captured,2,581.72,2025-07-27,stripe
ORD001172,P00547,amex,captured,1,598.08,2025-10-04,stripe
ORD000810,P01551,apple_pay,authorized,2,88.25,2025-02-04,stripe
ORD000359,P00033,klarna,refunded,3,418.74,2025-07-27,stripe
ORD000350,P01438,paypal,captured,3,535.0,2025-10-10,adyen
ORD000606,P00687,mastercard,authorized,3,582.79,2025-02-19,adyen
ORD000524,P01405,visa,captured,1,185.88,2025-03-04,adyen
ORD000752,P01017,klarna,authorized,1,472.82,2025-01-13,stripe
ORD000457,P01328,mastercard,refunded,3,203.36,2025-11-07,braintree
ORD000819,P00259,visa,authorized,3,376.74,2025-12-07,braintree
ORD000221,P01588,amex,captured,1,312.65,2025-06-21,stripe
ORD001087,P00322,apple_pay,captured,3,427.42,2025-11-13,braintree
ORD000381,P01517,visa,authorized,2,548.49,2025-08-06,stripe
ORD000603,P00186,apple_pay,captured,3,76.54,2025-12-25,stripe
ORD000519,P00845,amex,captured,1,141.47,2025-02-09,stripe
ORD001372,P00450,klarna,refunded,2,355.59,2025-09-04,stripe
ORD000142,P00573,amex,captured,2,220.76,2025-09-22,braintree
ORD000893,P00667,paypal,authorized,3,339.14,2025-08-24,stripe
ORD000093,P00546,amex,captured,3,471.84,2025-06-30,adyen
ORD000984,P01583,apple_pay,captured,2,422.7,2025-03-18,adyen
ORD000692,P01119,visa,captured,2,462.29,2025-03-03,stripe
ORD001162,P00822,visa,refunded,1,105.1,2025-08-23,adyen
ORD001055,P01309,paypal,authorized,2,27.91,2025-07-31,stripe
ORD000845,P00794,amex,captured,3,524.32,2025-06-28,stripe
ORD001166,P00465,mastercard,captured,1,276.4,2025-01-15,stripe
ORD001248,P00635,apple_pay,authorized,3,385.05,2025-05-18,braintree
ORD000386,P00955,apple_pay,captured,1,53.04,2025-11-13,adyen
ORD001110,P00350,visa,authorized,1,427.56,2025-09-07,adyen
ORD001302,P01255,mastercard,failed,3,69.98,2025-10-05,stripe
ORD000778,P00702,apple_pay,authorized,2,474.53,2025-02-01,adyen
ORD000731,P01027,amex,captured,3,45.82,2025-06-15,adyen
ORD001075,P00895,mastercard,captured,3,59.09,2025-07-03,braintree
ORD001153,P00394,paypal,captured,1,212.55,2025-10-12,adyen
ORD001005,P01404,amex,captured,2,135.09,2025-10-04,stripe
ORD001056,P00194,visa,captured,1,590.82,2025-02-05,braintree
ORD000847,P00007,paypal,failed,2,276.28,2025-10-30,adyen
ORD001075,P00237,apple_pay,captured,1,286.62,2025-01-15,stripe
ORD000365,P01277,visa,captured,1,37.42,2025-06-28,adyen
ORD000675,P01561,mastercard,captured,2,299.92,2025-04-01,stripe
ORD000919,P00556,paypal,captured,2,47.73,2025-05-09,adyen
ORD000556,P00795,apple_pay,captured,3,380.59,2025-06-05,stripe
ORD000538,P00283,klarna,authorized,2,589.12,2025-07-28,adyen
ORD001392,P00602,paypal,captured,2,204.45,2025-01-12,stripe
ORD001102,P01533,visa,refunded,3,486.74,2025-02-16,adyen
ORD000991,P00108,amex,captured,1,579.65,2025-09-09,stripe
ORD000802,P00507,mastercard,captured,2,581.1,2025-02-03,stripe
ORD001082,P00428,klarna,failed,2,450.09,2025-03-31,stripe
ORD000691,P01313,visa,captured,2,523.29,2025-10-26,stripe
ORD000034,P01057,amex,captured,1,217.36,2025-03-19,adyen
ORD000649,P00259,paypal,authorized,1,354.47,2025-02-16,stripe
ORD000662,P01498,mastercard,authorized,3,401.1,2025-06-24,stripe
ORD000377,P00705,apple_pay,authorized,3,138.25,2025-06-02,braintree
ORD000464,P01196,visa,captured,2,194.91,2025-02-15,stripe
ORD000236,P00357,klarna,captured,1,223.24,2025-05-31,stripe
ORD000905,P00766,amex,refunded,1,48.77,2025-11-06,stripe
ORD001146,P01076,amex,authorized,2,279.36,2025-12-25,braintree
ORD000400,P01070,klarna,authorized,3,472.18,2025-01-24,stripe
ORD000537,P00972,visa,captured,3,393.37,2025-09-15,stripe
ORD000112,P00707,amex,authorized,2,378.83,2025-09-09,stripe
ORD001105,P00634,visa,captured,3,367.49,2025-10-07,adyen
ORD000682,P01123,paypal,authorized,1,23.29,2025-10-08,stripe
ORD000937,P00311,mastercard,authorized,1,11.94,2025-09-02,braintree
ORD000219,P00122,apple_pay,captured,2,109.78,2025-11-14,stripe
ORD000198,P01310,paypal,captured,3,548.85,2025-04-10,adyen
ORD000794,P00280,paypal,authorized,3,515.7,2025-02-16,stripe
ORD001288,P01166,klarna,authorized,1,350.31,2025-05-12,braintree
ORD000637,P01547,klarna,authorized,1,237.39,2025-03-13,stripe
ORD000986,P01217,mastercard,authorized,1,578.53,2025-03-08,stripe
ORD000723,P00683,paypal,refunded,3,48.93,2025-01-17,stripe
ORD000949,P00963,apple_pay,captured,3,67.3,2025-07-17,stripe
ORD000346,P01048,visa,authorized,3,376.4,2025-10-28,stripe
ORD000196,P01566,amex,captured,1,333.04,2025-01-29,stripe
ORD000733,P01263,paypal,authorized,2,588.97,2025-08-30,stripe
ORD001242,P00844,klarna,authorized,2,483.5,2025-11-26,stripe
ORD001257,P00474,visa,refunded,3,563.55,2025-06-25,stripe
ORD000911,P00210,klarna,authorized,3,435.8,2025-03-13,stripe
ORD001390,P00464,mastercard,refunded,3,556.84,2025-09-03,stripe
ORD001313,P01248,klarna,failed,1,415.21,2025-03-19,braintree
ORD001274,P01520,paypal,captured,2,320.15,2025-02-17,stripe
ORD000118,P01054,amex,captured,3,352.22,2025-06-26,adyen
ORD000525,P01370,visa,authorized,2,541.71,2025-01-06,stripe
ORD000850,P01279,amex,failed,2,71.75,2025-04-27,stripe
ORD000254,P00997,apple_pay,failed,1,343.58,2025-10-14,braintree
ORD000537,P00915,mastercard,captured,2,241.44,2025-03-02,adyen
ORD000347,P00930,apple_pay,authorized,3,401.14,2025-07-08,adyen
ORD000899,P00784,mastercard,authorized,2,366.24,2025-12-26,stripe
ORD000686,P00340,visa,authorized,3,245.77,2025-03-21,adyen
ORD000781,P00688,paypal,authorized,2,416.69,2025-04-13,braintree
ORD000135,P00296,apple_pay,captured,3,326.23,2025-09-14,stripe
ORD001164,P00369,klarna,failed,3,120.61,2025-09-27,stripe
ORD000144,P01388,paypal,captured,2,386.46,2025-06-27,braintree
ORD001340,P00732,paypal,captured,3,25.74,2025-09-23,stripe
ORD000096,P00415,apple_pay,captured,1,495.56,2025-08-19,stripe
ORD000243,P01417,amex,captured,2,544.83,2025-03-31,stripe
ORD000187,P00789,visa,captured,1,55.98,2025-10-28,stripe
ORD000250,P00091,mastercard,failed,3,161.5,2025-04-12,stripe
ORD000988,P01046,amex,captured,1,84.82,2025-09-05,stripe
ORD000761,P00597,paypal,refunded,2,465.38,2025-07-15,stripe
ORD000349,P00285,mastercard,authorized,3,51.92,2025-07-15,stripe
ORD000842,P00781,mastercard,captured,3,329.25,2025-11-11,stripe
ORD001074,P00168,klarna,captured,2,239.05,2025-11-27,adyen
ORD001136,P00746,visa,captured,1,453.01,2025-09-27,adyen
ORD000085,P00676,apple_pay,captured,2,387.09,2025-08-07,stripe
ORD000091,P01027,visa,authorized,2,331.07,2025-04-21,stripe
ORD000956,P00016,mastercard,failed,3,307.06,2025-09-21,adyen
ORD000254,P01590,klarna,captured,2,467.26,2025-01-16,stripe
ORD000642,P01241,klarna,captured,3,291.56,2025-02-07,braintree
ORD001334,P01219,amex,failed,2,257.69,2025-08-10,braintree
ORD000596,P01074,visa,captured,2,24.94,2025-04-10,stripe
ORD000073,P00827,klarna,failed,1,168.45,2025-06-23,stripe
ORD001238,P01099,klarna,authorized,1,228.22,2025-12-10,stripe
ORD001366,P00729,amex,authorized,2,351.47,2025-05-06,stripe
ORD000458,P00388,visa,authorized,3,407.19,2025-06-04,adyen
ORD001036,P00030,apple_pay,refunded,3,577.99,2025-08-24,stripe
ORD001282,P00242,apple_pay,failed,1,173.25,2025-09-26,braintree
ORD001384,P01076,apple_pay,failed,1,331.2,2025-12-14,adyen
ORD001226,P01339,apple_pay,captured,1,456.06,2025-04-27,braintree
ORD001332,P00938,klarna,authorized,2,193.21,2025-11-26,stripe
ORD000206,P01514,paypal,captured,2,333.63,2025-03-22,stripe
ORD000479,P00940,visa,captured,1,256.94,2025-08-31,stripe
ORD001318,P00791,apple_pay,authorized,1,244.38,2025-01-30,adyen
ORD000150,P00783,mastercard,captured,2,46.98,2025-12-17,stripe
ORD000783,P01372,paypal,failed,1,24.3,2025-10-15,braintree
ORD001235,P00898,visa,captured,1,184.27,2025-05-25,stripe
ORD001266,P00071,visa,captured,2,548.25,2025-11-25,adyen
ORD001327,P00864,amex,captured,3,123.74,2025-02-06,stripe
ORD000657,P00091,paypal,authorized,3,47.17,2025-05-13,adyen
ORD000287,P00812,visa,authorized,1,375.92,2025-06-15,adyen
ORD001318,P01423,apple_pay,captured,3,575.54,2025-08-29,stripe
ORD000250,P00821,paypal,captured,3,43.73,2025-08-30,braintree
ORD000924,P00278,apple_pay,captured,1,449.82,2025-01-20,stripe
ORD001173,P01027,amex,authorized,1,74.01,2025-10-20,stripe
ORD000794,P00409,paypal,authorized,1,89.85,2025-02-22,braintree
ORD000554,P01153,klarna,captured,3,562.29,2025-12-09,adyen
ORD000802,P00779,mastercard,captured,1,423.71,2025-05-30,stripe
ORD000406,P00286,apple_pay,captured,1,339.99,2025-07-08,stripe
ORD001309,P00564,paypal,authorized,3,107.14,2025-05-23,braintree
ORD000610,P01488,apple_pay,failed,1,339.84,2025-05-17,stripe
ORD000284,P00737,paypal,captured,2,46.74,2025-06-14,stripe
ORD000722,P01316,apple_pay,authorized,3,242.71,2025-04-13,stripe
ORD000089,P00292,apple_pay,captured,3,425.63,2025-11-27,stripe
ORD000902,P00945,visa,captured,1,345.31,2025-08-10,stripe
ORD000881,P00419,visa,refunded,1,408.35,2025-06-15,stripe
ORD000656,P01047,visa,chargeback,2,78.35,2025-09-10,stripe
ORD000323,P00169,klarna,captured,1,457.57,2025-01-22,stripe
ORD000078,P00458,amex,captured,3,574.21,2025-08-19,stripe
ORD000670,P01155,klarna,captured,3,545.44,2025-03-03,adyen
ORD001117,P00440,klarna,captured,2,61.88,2025-03-13,adyen
ORD000121,P01332,amex,authorized,2,68.17,2025-08-29,stripe
ORD000491,P01114,visa,captured,1,312.89,2025-06-12,stripe
ORD000588,P00982,klarna,refunded,3,319.2,2025-03-06,adyen
ORD001216,P01497,amex,authorized,3,515.7,2025-01-28,stripe
ORD001392,P01469,mastercard,captured,3,227.64,2025-08-11,stripe
ORD000589,P01088,apple_pay,authorized,2,313.54,2025-07-09,adyen
ORD000206,P00475,amex,captured,3,130.18,2025-03-28,stripe
ORD000622,P01202,mastercard,captured,3,568.49,2025-03-20,stripe
ORD000740,P00794,amex,captured,1,81.34,2025-09-29,adyen
ORD000535,P01388,klarna,captured,3,543.4,2025-11-21,stripe
ORD001282,P00746,mastercard,failed,1,535.5,2025-12-08,stripe
ORD001128,P00162,klarna,authorized,3,39.78,2025-10-23,braintree
ORD001167,P01145,paypal,failed,1,467.5,2025-03-28,stripe
ORD000703,P01366,visa,failed,2,209.14,2025-09-24,stripe
ORD001118,P01380,visa,captured,1,142.58,2025-05-21,stripe
ORD001126,P00195,paypal,captured,1,247.44,2025-02-11,braintree
ORD001390,P00960,visa,refunded,2,555.12,2025-03-03,stripe
ORD000946,P00934,visa,captured,3,245.35,2025-06-13,braintree
ORD000028,P01276,amex,authorized,1,153.2,2025-04-13,stripe
ORD000590,P00377,amex,authorized,3,319.51,2025-03-07,adyen
ORD000696,P00983,klarna,refunded,3,251.68,2025-10-09,adyen
ORD001289,P00697,klarna,authorized,3,21.22,2025-01-16,stripe
ORD000497,P00455,klarna,captured,1,119.91,2025-12-15,adyen
ORD001198,P00736,visa,captured,3,20.17,2025-05-27,stripe
ORD001384,P01018,apple_pay,captured,2,318.09,2025-04-30,stripe
ORD000771,P01560,klarna,captured,1,388.38,2025-04-25,stripe
ORD000200,P00211,paypal,captured,3,433.82,2025-09-04,adyen
ORD000847,P00539,klarna,captured,1,132.66,2025-12-02,stripe
ORD001204,P01503,apple_pay,authorized,2,484.96,2025-04-09,adyen
ORD001354,P01017,apple_pay,authorized,1,252.51,2025-12-05,adyen
ORD001267,P01239,amex,authorized,2,39.02,2025-11-28,stripe
ORD000958,P00531,amex,captured,2,557.34,2025-12-08,stripe
ORD000054,P00815,amex,authorized,3,419.13,2025-08-14,stripe
ORD001374,P01242,mastercard,captured,2,341.91,2025-01-06,stripe
ORD001016,P01002,paypal,authorized,2,33.73,2025-04-24,stripe
ORD000714,P00960,amex,captured,1,18.25,2025-07-09,stripe
ORD000962,P00337,mastercard,authorized,1,343.25,2025-10-18,stripe
ORD000845,P00780,mastercard,captured,2,528.48,2025-01-07,adyen
ORD000146,P01466,paypal,failed,1,392.0,2025-08-01,stripe
ORD000201,P01487,visa,captured,2,13.27,2025-08-09,braintree
ORD000226,P01373,amex,captured,1,386.43,2025-01-16,adyen
ORD000135,P00414,visa,captured,2,215.68,2025-07-05,braintree
ORD000172,P00173,amex,authorized,1,82.0,2025-06-02,adyen
ORD000091,P00988,paypal,captured,1,488.82,2025-06-07,stripe
ORD001110,P00235,paypal,captured,2,350.11,2025-09-30,stripe
ORD000033,P00151,visa,captured,1,437.3,2025-01-20,stripe
ORD000324,P00810,apple_pay,authorized,3,107.39,2025-10-02,adyen
ORD001264,P00852,mastercard,chargeback,2,78.51,2025-02-08,adyen
ORD000438,P01166,amex,captured,3,313.56,2025-09-17,stripe
ORD000422,P00741,apple_pay,captured,1,321.44,2025-04-25,adyen
ORD001358,P00863,visa,chargeback,1,353.41,2025-07-10,stripe
ORD000957,P00842,mastercard,authorized,2,449.1,2025-03-30,adyen
ORD001206,P00818,visa,failed,1,401.52,2025-12-25,stripe
ORD001239,P01345,mastercard,authorized,2,408.99,2025-03-07,stripe
ORD000220,P00062,visa,captured,3,113.25,2025-05-30,stripe
ORD001028,P00604,visa,authorized,3,256.68,2025-11-07,braintree
ORD000772,P01411,paypal,failed,2,363.99,2025-05-19,adyen
ORD000794,P01153,visa,captured,1,316.0,2025-01-11,stripe
ORD001063,P00018,amex,captured,2,189.5,2025-03-15,stripe
ORD000112,P01104,mastercard,refunded,1,567.12,2025-03-21,stripe
ORD000520,P00113,klarna,authorized,1,92.71,2025-01-30,stripe
ORD000318,P00708,visa,refunded,3,585.03,2025-12-01,adyen
ORD000387,P00721,amex,captured,3,471.42,2025-10-30,stripe
ORD000036,P00137,amex,failed,1,361.75,2025-11-15,stripe
ORD000297,P01089,apple_pay,captured,2,85.21,2025-07-20,stripe
ORD000752,P00695,visa,failed,2,342.71,2025-05-10,adyen
ORD001178,P00035,klarna,refunded,2,61.88,2025-11-09,stripe
ORD000793,P00182,mastercard,captured,3,559.84,2025-10-21,stripe
ORD001315,P01481,visa,captured,3,178.51,2025-09-23,stripe
ORD000181,P00930,apple_pay,chargeback,1,245.71,2025-02-25,adyen
ORD000591,P01165,paypal,failed,1,385.7,2025-11-04,braintree
ORD000975,P00245,paypal,refunded,3,21.06,2025-08-22,stripe
ORD001342,P00506,klarna,captured,2,329.74,2025-09-13,stripe
ORD000262,P00404,amex,captured,2,431.75,2025-11-19,adyen
ORD001106,P00210,klarna,failed,3,132.29,2025-04-08,stripe
ORD000208,P00126,klarna,captured,3,100.87,2025-06-22,stripe
ORD000134,P01450,paypal,authorized,2,297.71,2025-05-04,stripe
ORD001301,P00246,apple_pay,authorized,3,326.57,2025-03-02,stripe
ORD001034,P00082,visa,authorized,2,269.04,2025-07-05,stripe
ORD000726,P00183,paypal,captured,3,184.41,2025-07-31,stripe
ORD000735,P00764,visa,failed,2,251.8,2025-04-09,stripe
ORD001282,P00832,amex,failed,1,194.25,2025-10-01,stripe
ORD000090,P00111,apple_pay,authorized,1,157.3,2025-04-21,stripe
ORD001332,P00249,visa,authorized,2,288.55,2025-11-12,braintree
ORD000270,P00431,amex,authorized,3,243.43,2025-09-26,stripe
ORD000422,P01599,amex,captured,2,266.88,2025-05-19,braintree
ORD000468,P01245,mastercard,failed,3,10.14,2025-09-26,braintree
ORD000721,P00026,paypal,failed,2,418.7,2025-04-14,stripe
ORD000865,P01307,apple_pay,authorized,3,37.66,2025-08-06,braintree
ORD000952,P00260,klarna,failed,3,131.95,2025-09-08,stripe
ORD000987,P00674,klarna,captured,3,484.04,2025-03-15,stripe
ORD000155,P00348,klarna,refunded,2,590.65,2025-04-02,adyen
ORD000980,P01457,mastercard,failed,2,594.97,2025-02-15,stripe
ORD000134,P00288,visa,captured,2,359.42,2025-03-30,stripe
ORD000772,P01047,mastercard,failed,3,163.05,2025-09-13,braintree
ORD000404,P01209,klarna,captured,2,502.55,2025-03-08,braintree
ORD000638,P01141,mastercard,failed,1,393.69,2025-11-20,stripe
ORD000956,P00284,apple_pay,failed,1,591.85,2025-05-15,adyen
ORD000735,P00859,amex,failed,1,333.97,2025-04-20,adyen
ORD000154,P01540,apple_pay,authorized,2,320.44,2025-06-10,stripe
ORD000203,P00185,apple_pay,failed,3,35.84,2025-08-20,stripe
ORD000730,P00528,klarna,authorized,1,124.7,2025-09-22,adyen
ORD000419,P00204,visa,failed,3,403.48,2025-09-04,stripe
ORD000358,P00930,mastercard,refunded,2,596.33,2025-02-09,adyen
ORD001162,P01063,visa,authorized,1,290.62,2025-11-15,stripe
ORD000551,P01230,amex,captured,1,27.17,2025-06-05,adyen
ORD000147,P00043,amex,captured,1,245.73,2025-11-11,stripe
ORD000343,P00305,klarna,failed,3,84.52,2025-08-29,stripe
ORD000236,P01333,apple_pay,authorized,1,576.23,2025-01-27,adyen
ORD001367,P01117,visa,refunded,1,93.37,2025-07-18,stripe
ORD000279,P00202,amex,chargeback,2,79.54,2025-10-31,adyen
ORD000484,P00374,apple_pay,captured,2,280.08,2025-10-15,stripe
ORD001032,P00985,apple_pay,captured,2,329.73,2025-09-22,stripe
ORD000686,P01397,apple_pay,captured,2,433.21,2025-11-22,braintree
ORD000359,P00677,mastercard,authorized,2,227.11,2025-07-25,stripe
ORD000179,P00182,klarna,failed,2,539.22,2025-03-19,stripe
ORD000990,P01208,klarna,authorized,2,363.18,2025-01-02,stripe
ORD000287,P00702,mastercard,captured,2,37.89,2025-11-28,stripe
ORD000796,P00546,paypal,authorized,3,30.16,2025-08-25,braintree
ORD000677,P01051,apple_pay,captured,3,286.58,2025-11-20,stripe
ORD000045,P00452,klarna,captured,1,269.26,2025-10-17,stripe
ORD000736,P00514,visa,captured,1,276.9,2025-05-13,stripe
ORD001192,P01579,mastercard,authorized,1,43.74,2025-03-03,stripe
ORD001140,P00244,klarna,captured,3,41.43,2025-10-24,adyen
ORD000717,P00283,visa,captured,2,45.85,2025-11-09,stripe
ORD000653,P01164,amex,captured,2,443.02,2025-07-08,stripe
ORD000687,P01182,mastercard,authorized,3,364.86,2025-04-01,stripe
ORD001033,P00481,paypal,captured,3,90.51,2025-10-23,stripe
ORD000123,P00196,amex,captured,3,264.28,2025-11-03,braintree
ORD000535,P00112,klarna,refunded,3,566.33,2025-10-01,adyen
ORD000279,P01278,visa,captured,3,50.79,2025-07-12,stripe
ORD001335,P01144,paypal,authorized,2,121.6,2025-12-18,stripe
ORD000924,P00286,paypal,authorized,3,239.87,2025-12-12,stripe
ORD000868,P00971,paypal,authorized,1,149.18,2025-03-22,stripe
ORD000338,P00299,visa,authorized,3,103.53,2025-04-25,stripe
ORD000531,P00459,amex,failed,2,584.27,2025-09-26,braintree
ORD000330,P00050,klarna,captured,1,462.2,2025-02-26,adyen
ORD000597,P01229,paypal,authorized,2,440.21,2025-01-06,stripe
ORD000033,P00544,visa,failed,3,560.06,2025-07-08,stripe
ORD001313,P00022,apple_pay,authorized,1,120.36,2025-12-03,adyen
ORD000495,P00796,klarna,failed,1,534.94,2025-11-17,stripe
ORD000401,P01137,apple_pay,authorized,2,589.78,2025-03-14,stripe
ORD000980,P00695,visa,captured,3,355.93,2025-03-24,stripe
ORD000032,P01200,visa,failed,3,542.91,2025-05-17,braintree
ORD001128,P00599,mastercard,authorized,3,491.51,2025-12-05,stripe
ORD000845,P01567,amex,authorized,3,197.55,2025-11-04,adyen
ORD000921,P01486,klarna,failed,3,206.08,2025-11-27,braintree
ORD000447,P00295,amex,captured,1,408.73,2025-06-24,stripe
ORD001210,P00873,klarna,refunded,2,335.76,2025-01-29,braintree
ORD000105,P01148,visa,captured,3,237.12,2025-08-31,stripe
ORD000356,P00481,apple_pay,authorized,3,37.76,2025-11-26,adyen
ORD001046,P01042,apple_pay,captured,2,23.54,2025-05-12,stripe
ORD000539,P01434,klarna,failed,2,67.81,2025-03-29,stripe
ORD000384,P01075,paypal,authorized,1,248.44,2025-07-22,adyen
ORD000330,P01482,paypal,authorized,3,26.17,2025-03-29,adyen
ORD000859,P01548,visa,captured,2,97.42,2025-11-05,stripe
ORD000596,P01007,klarna,failed,1,581.16,2025-05-27,stripe
ORD000642,P00199,paypal,captured,2,275.84,2025-11-22,stripe
ORD000483,P00540,apple_pay,captured,1,560.62,2025-08-09,braintree
ORD000670,P00924,amex,authorized,2,122.08,2025-06-16,adyen
ORD000459,P00588,visa,captured,2,221.53,2025-06-15,stripe
ORD000987,P00749,apple_pay,captured,3,406.01,2025-09-20,stripe
ORD000930,P00954,apple_pay,authorized,3,594.02,2025-03-31,braintree
ORD000925,P00446,mastercard,captured,1,422.91,2025-06-20,adyen
ORD001341,P01428,apple_pay,captured,1,542.3,2025-11-12,adyen
ORD000553,P01484,visa,captured,2,38.98,2025-12-09,adyen
ORD000171,P00862,paypal,refunded,3,189.26,2025-01-16,stripe
ORD000118,P00361,visa,refunded,1,530.85,2025-09-23,stripe
ORD001312,P00064,apple_pay,captured,3,318.7,2025-11-04,stripe
ORD000499,P00264,amex,failed,1,110.22,2025-06-07,stripe
ORD001077,P00799,mastercard,refunded,3,110.18,2025-03-27,adyen
ORD001149,P01471,apple_pay,captured,2,457.61,2025-07-01,adyen
ORD001244,P00911,apple_pay,failed,1,103.2,2025-11-25,braintree
ORD001390,P01198,paypal,authorized,3,303.63,2025-03-08,stripe
ORD000799,P00404,apple_pay,failed,2,116.96,2025-04-26,adyen
ORD001041,P00345,visa,authorized,2,132.89,2025-12-10,braintree
ORD001299,P00061,apple_pay,authorized,3,244.4,2025-08-30,stripe
ORD000736,P01328,paypal,captured,2,79.67,2025-04-04,stripe
ORD001125,P01538,visa,authorized,2,399.0,2025-09-05,braintree
ORD000545,P00404,amex,authorized,2,108.01,2025-03-08,stripe
ORD000351,P00735,paypal,captured,1,453.69,2025-09-20,adyen
ORD000901,P00988,apple_pay,authorized,1,317.57,2025-06-15,stripe
ORD000857,P00540,paypal,refunded,2,214.43,2025-11-19,stripe
ORD000509,P01289,mastercard,refunded,1,372.4,2025-09-23,braintree
ORD000982,P00754,mastercard,captured,3,250.5,2025-02-14,stripe
ORD000378,P00216,apple_pay,authorized,2,58.67,2025-09-07,stripe
ORD000633,P01028,klarna,captured,2,192.37,2025-08-29,stripe
ORD000913,P00035,paypal,authorized,3,319.56,2025-04-03,stripe
ORD000761,P00859,apple_pay,captured,2,71.51,2025-07-08,stripe
ORD000273,P01558,paypal,authorized,3,442.09,2025-04-07,adyen
ORD001201,P01342,amex,captured,3,220.31,2025-09-27,stripe
ORD000242,P00056,amex,authorized,1,130.82,2025-03-28,stripe
ORD000356,P01049,amex,chargeback,1,14.75,2025-05-30,stripe
ORD000789,P01309,visa,authorized,2,60.11,2025-08-09,adyen
ORD000283,P00186,paypal,captured,1,150.0,2025-01-18,stripe
ORD000326,P00559,mastercard,authorized,2,226.51,2025-12-16,braintree
ORD000356,P01129,klarna,captured,3,100.45,2025-01-16,braintree
ORD000189,P00969,klarna,refunded,3,331.54,2025-11-21,stripe
ORD000559,P00257,amex,authorized,3,124.69,2025-08-26,stripe
ORD001246,P00544,paypal,authorized,1,573.25,2025-07-04,adyen
ORD000405,P01455,visa,authorized,3,343.23,2025-06-28,stripe
ORD001001,P01479,paypal,captured,1,480.01,2025-05-18,adyen
ORD000829,P00179,klarna,captured,2,258.88,2025-09-20,braintree
ORD000855,P00392,paypal,failed,3,130.88,2025-05-25,adyen
ORD000377,P00623,klarna,failed,3,275.24,2025-07-12,stripe
ORD000740,P00089,visa,authorized,1,253.27,2025-10-22,stripe
ORD001324,P00635,klarna,refunded,2,377.96,2025-08-26,stripe
ORD000150,P00550,amex,failed,3,547.27,2025-08-26,stripe
ORD000136,P00254,visa,captured,2,149.96,2025-07-27,adyen
ORD000503,P00322,paypal,captured,2,66.96,2025-01-16,stripe
ORD000932,P01230,paypal,captured,2,432.03,2025-01-25,adyen
ORD000080,P00642,visa,captured,2,10.23,2025-01-28,adyen
ORD001030,P01213,amex,captured,2,478.82,2025-04-10,stripe
ORD001231,P00167,klarna,authorized,1,439.45,2025-06-25,adyen
ORD000753,P00985,mastercard,captured,3,497.22,2025-03-29,adyen
ORD000125,P00420,visa,captured,3,63.47,2025-07-14,stripe
ORD000608,P00588,apple_pay,authorized,1,130.19,2025-11-16,stripe
ORD000602,P00732,apple_pay,refunded,1,335.47,2025-12-17,stripe
ORD000544,P00136,amex,authorized,2,203.11,2025-08-28,adyen
ORD000169,P00960,mastercard,authorized,2,509.04,2025-02-21,braintree
ORD000117,P01423,klarna,captured,3,280.42,2025-09-29,adyen
ORD001037,P00572,klarna,captured,1,263.4,2025-10-22,stripe
ORD000808,P00382,visa,authorized,3,119.0,2025-10-14,stripe
ORD001331,P00041,apple_pay,captured,1,341.6,2025-11-23,braintree
ORD001084,P00016,amex,captured,1,214.11,2025-01-02,adyen
ORD000490,P01415,mastercard,authorized,3,275.81,2025-05-18,stripe
ORD000525,P01266,amex,authorized,2,170.06,2025-08-04,adyen
ORD001001,P00370,amex,captured,1,369.22,2025-03-01,stripe
ORD000111,P00886,paypal,captured,3,504.46,2025-05-26,braintree
ORD000436,P00949,klarna,authorized,2,22.13,2025-03-31,stripe
ORD000756,P01052,visa,captured,1,146.24,2025-03-21,stripe
ORD000303,P00360,paypal,captured,3,409.64,2025-08-30,stripe
ORD001223,P00753,visa,chargeback,1,426.92,2025-09-01,stripe
ORD000307,P00020,visa,captured,2,183.62,2025-01-26,adyen
ORD000450,P00633,mastercard,authorized,1,178.85,2025-09-07,adyen
ORD000112,P00599,apple_pay,captured,2,450.62,2025-11-20,adyen
ORD001183,P00102,amex,authorized,1,339.43,2025-01-15,stripe
ORD000580,P00375,amex,captured,1,239.48,2025-10-04,adyen
ORD001315,P00404,klarna,captured,1,42.7,2025-09-14,adyen
ORD000798,P01507,mastercard,refunded,3,395.28,2025-10-17,adyen
ORD000366,P01273,apple_pay,captured,3,182.84,2025-12-18,adyen
ORD000423,P00874,apple_pay,failed,1,350.48,2025-09-28,stripe
ORD000175,P01583,paypal,captured,1,436.21,2025-05-12,braintree
ORD000849,P00983,klarna,captured,2,283.33,2025-02-16,stripe
ORD000636,P00827,klarna,authorized,2,159.43,2025-11-27,adyen
ORD000109,P01306,visa,authorized,3,136.35,2025-09-24,stripe
ORD001073,P01558,mastercard,failed,3,425.9,2025-06-12,stripe
ORD000580,P00654,amex,refunded,3,536.01,2025-08-07,stripe
ORD000058,P00766,paypal,captured,1,588.19,2025-07-14,braintree
ORD000809,P00542,mastercard,captured,1,483.93,2025-01-19,stripe
ORD001003,P00673,paypal,authorized,1,365.6,2025-04-03,stripe
ORD001245,P00370,klarna,captured,2,519.95,2025-04-14,braintree
ORD000398,P01144,visa,failed,3,239.9,2025-08-15,stripe
ORD000023,P00752,klarna,authorized,3,530.49,2025-06-04,adyen
ORD000163,P00929,amex,authorized,3,263.84,2025-06-04,braintree
ORD000065,P01106,klarna,captured,3,361.25,2025-07-18,adyen
ORD000719,P00901,apple_pay,captured,2,110.25,2025-11-21,stripe
ORD000904,P01197,visa,authorized,2,303.35,2025-03-07,braintree
ORD000878,P01184,klarna,captured,1,211.48,2025-02-11,adyen
ORD000521,P00653,visa,captured,1,226.24,2025-07-12,stripe
ORD001326,P00315,mastercard,chargeback,3,362.93,2025-11-09,adyen
ORD001249,P00441,paypal,refunded,2,530.31,2025-12-16,stripe
ORD000415,P00280,klarna,captured,3,497.31,2025-05-02,stripe
ORD000217,P01491,mastercard,failed,3,215.89,2025-05-10,adyen
ORD000554,P00894,paypal,captured,2,442.97,2025-10-31,adyen
ORD000642,P00605,visa,captured,1,333.1,2025-02-25,stripe
ORD000961,P01034,amex,authorized,2,215.5,2025-05-13,adyen
ORD000978,P01424,mastercard,authorized,3,545.75,2025-06-21,braintree
ORD000837,P01044,amex,captured,1,105.14,2025-04-18,stripe
ORD000886,P01598,apple_pay,chargeback,2,485.04,2025-06-14,stripe
ORD000436,P00590,apple_pay,captured,2,135.22,2025-12-27,stripe
ORD000108,P00443,apple_pay,refunded,3,536.55,2025-12-01,braintree
ORD000708,P01345,visa,authorized,1,435.59,2025-05-20,stripe
ORD000449,P01471,apple_pay,authorized,1,284.32,2025-06-18,stripe
ORD001205,P01031,paypal,chargeback,2,55.62,2025-12-04,braintree
ORD000338,P00082,visa,captured,1,116.3,2025-03-30,adyen
ORD001104,P00066,klarna,captured,2,107.33,2025-07-28,stripe
ORD000173,P00255,apple_pay,authorized,1,459.32,2025-03-23,braintree
ORD000765,P01543,apple_pay,failed,2,376.99,2025-08-20,stripe
ORD001238,P00257,amex,authorized,3,138.39,2025-01-13,stripe
ORD000959,P00087,apple_pay,refunded,3,226.93,2025-03-19,stripe
ORD000919,P00715,mastercard,authorized,3,192.51,2025-09-28,adyen
ORD001226,P01385,apple_pay,authorized,2,394.97,2025-09-11,stripe
ORD000769,P00488,paypal,failed,2,204.93,2025-04-08,adyen
ORD000124,P00616,paypal,captured,1,463.48,2025-03-16,stripe
ORD000547,P01533,apple_pay,authorized,3,420.03,2025-10-15,stripe
ORD000248,P00659,mastercard,captured,3,153.14,2025-12-24,braintree
ORD000667,P00387,visa,authorized,2,201.06,2025-07-20,adyen
ORD000043,P01176,paypal,authorized,1,334.18,2025-09-21,stripe
ORD000934,P01506,apple_pay,authorized,3,545.64,2025-09-17,stripe
ORD001038,P00871,mastercard,captured,1,75.77,2025-11-25,stripe
ORD000179,P00279,paypal,authorized,1,221.57,2025-03-16,stripe
ORD000596,P00824,klarna,failed,1,363.51,2025-07-27,braintree
ORD001237,P00322,paypal,failed,1,201.48,2025-02-26,stripe
ORD001019,P00677,visa,authorized,3,180.84,2025-05-02,stripe
ORD000405,P00584,klarna,captured,2,264.85,2025-06-02,adyen
ORD001140,P00040,klarna,captured,1,123.64,2025-12-07,braintree
ORD000739,P01159,apple_pay,captured,3,366.03,2025-05-11,stripe
ORD001347,P00555,paypal,captured,2,528.21,2025-01-10,stripe
ORD000600,P00265,paypal,captured,3,547.35,2025-07-04,adyen
ORD000612,P00602,paypal,authorized,2,288.13,2025-06-05,braintree
ORD000181,P00091,amex,captured,1,183.13,2025-10-01,adyen
ORD001130,P01175,paypal,authorized,3,235.61,2025-01-02,stripe
ORD000489,P00603,paypal,refunded,3,144.73,2025-11-28,stripe
ORD000232,P00711,apple_pay,captured,3,363.14,2025-09-28,braintree
ORD000384,P01532,klarna,captured,3,89.48,2025-08-05,adyen
ORD000975,P01115,apple_pay,captured,3,197.72,2025-11-10,adyen
ORD001015,P00314,klarna,authorized,3,110.65,2025-03-24,braintree
ORD000434,P00781,amex,authorized,3,131.11,2025-05-27,braintree
ORD000540,P00208,apple_pay,authorized,2,406.16,2025-04-18,stripe
ORD001377,P01318,amex,captured,3,595.72,2025-04-11,stripe
ORD001102,P00348,apple_pay,captured,2,408.5,2025-11-27,stripe
ORD000031,P01434,mastercard,authorized,1,154.02,2025-11-26,braintree
ORD000420,P00694,apple_pay,captured,1,250.52,2025-03-18,stripe
ORD000731,P00365,visa,captured,2,380.49,2025-04-02,adyen
ORD001353,P00148,apple_pay,captured,2,521.76,2025-02-04,stripe
ORD001131,P00585,mastercard,captured,2,431.41,2025-02-26,stripe
ORD000935,P01387,mastercard,refunded,1,95.77,2025-12-03,stripe
ORD000102,P00994,amex,captured,2,366.32,2025-03-12,braintree
ORD000213,P00838,amex,captured,2,126.33,2025-01-10,stripe
ORD000251,P00570,visa,captured,1,230.85,2025-11-16,adyen
ORD000909,P00019,paypal,failed,2,579.24,2025-10-01,stripe
ORD000694,P01536,visa,captured,2,536.33,2025-09-17,stripe
ORD001117,P01139,paypal,authorized,2,161.5,2025-02-23,stripe
ORD001336,P00136,amex,authorized,1,439.84,2025-01-07,stripe
ORD000019,P01446,paypal,captured,3,204.42,2025-09-01,adyen
ORD000051,P01306,visa,captured,2,14.64,2025-07-22,stripe
ORD000367,P00875,klarna,captured,2,511.57,2025-03-10,stripe
ORD001338,P01298,visa,authorized,1,495.27,2025-06-15,stripe
ORD001194,P01397,klarna,authorized,2,183.55,2025-11-24,braintree
ORD000928,P00098,amex,captured,2,465.53,2025-11-27,stripe
ORD001204,P01453,apple_pay,captured,1,28.58,2025-01-19,adyen
ORD000552,P00061,paypal,failed,2,328.47,2025-01-13,braintree
ORD000259,P01507,apple_pay,captured,1,589.13,2025-04-22,braintree
ORD001141,P00371,paypal,authorized,2,475.2,2025-10-01,adyen
ORD000551,P01482,apple_pay,captured,1,349.58,2025-10-13,adyen
ORD000232,P00545,paypal,captured,2,225.83,2025-07-11,stripe
ORD000931,P00996,apple_pay,captured,1,443.85,2025-07-27,adyen
ORD000719,P00136,paypal,captured,2,585.49,2025-06-22,braintree
ORD000855,P00905,mastercard,failed,2,123.35,2025-06-03,stripe
ORD001128,P00857,klarna,authorized,3,39.22,2025-02-15,adyen
ORD000357,P01039,klarna,authorized,2,232.59,2025-06-08,braintree
ORD001364,P01474,apple_pay,authorized,2,314.96,2025-12-26,stripe
ORD000063,P00735,mastercard,failed,3,154.68,2025-07-03,stripe
ORD000327,P01558,amex,captured,1,373.77,2025-08-06,stripe
ORD000570,P01214,apple_pay,authorized,1,190.46,2025-12-30,stripe
ORD000096,P00937,mastercard,authorized,2,589.33,2025-01-11,adyen
ORD000305,P00572,visa,authorized,1,166.55,2025-09-03,stripe
ORD000724,P00170,amex,captured,1,483.76,2025-04-03,stripe
ORD000710,P00947,paypal,captured,3,579.14,2025-06-27,adyen
ORD000853,P00003,klarna,captured,3,304.73,2025-01-05,stripe
ORD001077,P00395,mastercard,captured,1,127.56,2025-04-28,stripe
ORD000259,P01049,mastercard,failed,2,535.32,2025-07-18,stripe
ORD000904,P00865,apple_pay,captured,2,247.38,2025-07-03,braintree
ORD000823,P00768,klarna,failed,1,331.03,2025-05-24,stripe
ORD001293,P01519,klarna,captured,3,38.93,2025-12-03,adyen
ORD000165,P00006,paypal,captured,3,215.38,2025-03-21,stripe
ORD000911,P00382,visa,captured,2,338.01,2025-03-21,stripe
ORD000427,P00035,paypal,refunded,1,418.86,2025-07-28,stripe
ORD000505,P01483,visa,captured,1,571.18,2025-05-07,stripe
ORD000618,P00676,apple_pay,captured,2,354.26,2025-04-13,braintree
ORD001213,P01487,klarna,captured,1,170.13,2025-01-24,adyen
ORD000876,P00618,paypal,chargeback,2,338.73,2025-07-10,stripe
ORD001174,P01072,mastercard,authorized,3,51.84,2025-08-18,stripe
ORD001365,P00096,mastercard,captured,2,97.38,2025-07-27,stripe
ORD000208,P00538,apple_pay,authorized,3,217.59,2025-10-07,adyen
ORD000376,P00064,apple_pay,refunded,1,23.13,2025-08-31,adyen
ORD000110,P00272,apple_pay,failed,3,54.44,2025-08-19,stripe
ORD000418,P01411,visa,captured,3,14.33,2025-04-25,braintree
ORD000741,P00374,apple_pay,captured,1,117.26,2025-10-24,adyen
ORD000031,P00491,klarna,captured,1,497.07,2025-11-21,stripe
ORD000929,P00459,visa,captured,2,217.33,2025-10-09,stripe
ORD001047,P00061,amex,authorized,2,542.45,2025-02-08,braintree
ORD001245,P01211,apple_pay,failed,3,532.11,2025-12-21,stripe
ORD001164,P00013,paypal,captured,3,519.44,2025-07-21,stripe
ORD000079,P00005,klarna,authorized,1,135.0,2025-06-15,adyen
ORD001000,P00169,apple_pay,captured,2,212.01,2025-03-24,stripe
ORD000979,P01569,amex,authorized,3,286.31,2025-01-31,stripe
ORD001254,P01553,paypal,captured,1,264.64,2025-11-02,adyen
ORD001200,P00538,apple_pay,captured,3,57.14,2025-07-15,stripe
ORD000491,P00913,apple_pay,captured,3,150.94,2025-11-30,adyen
ORD000752,P01410,mastercard,authorized,1,375.93,2025-10-09,stripe
ORD000978,P01371,klarna,captured,1,409.16,2025-10-23,adyen
ORD001258,P00151,klarna,captured,1,225.15,2025-05-29,adyen
ORD001390,P01550,mastercard,captured,1,185.23,2025-05-17,stripe
ORD001368,P00318,mastercard,captured,2,355.78,2025-06-13,adyen
ORD000007,P01549,amex,captured,2,401.45,2025-01-02,adyen
ORD000448,P00352,mastercard,captured,2,429.48,2025-09-27,braintree
ORD000118,P01188,mastercard,authorized,3,488.47,2025-11-24,stripe
ORD001151,P00341,mastercard,authorized,2,354.49,2025-01-07,adyen
ORD000790,P00776,apple_pay,captured,1,233.54,2025-11-22,braintree
ORD000546,P01282,klarna,failed,3,215.25,2025-08-28,adyen
ORD000479,P00516,visa,captured,2,30.26,2025-07-22,braintree
ORD001225,P00095,paypal,captured,2,255.65,2025-09-16,stripe
ORD000221,P00945,mastercard,captured,2,522.58,2025-01-08,adyen
ORD000220,P01082,mastercard,captured,1,380.32,2025-12-21,stripe
ORD000833,P00141,paypal,authorized,3,359.91,2025-11-14,stripe
ORD001288,P01489,visa,captured,1,142.05,2025-09-24,adyen
ORD000719,P00716,visa,captured,1,361.69,2025-05-02,stripe
ORD000427,P01085,klarna,authorized,2,116.44,2025-02-17,braintree
ORD001351,P01173,amex,failed,1,211.2,2025-04-21,adyen
ORD000860,P00603,visa,refunded,2,354.85,2025-07-01,braintree
ORD000245,P00740,klarna,authorized,2,36.78,2025-12-27,adyen
ORD000317,P00446,paypal,authorized,3,193.73,2025-05-29,adyen
ORD000208,P01054,apple_pay,captured,2,62.23,2025-09-24,stripe
ORD000240,P00697,paypal,refunded,1,106.73,2025-05-27,adyen
ORD000690,P01423,amex,refunded,2,217.77,2025-01-23,stripe
ORD001332,P00683,apple_pay,refunded,3,418.76,2025-10-14,stripe
ORD000616,P01022,amex,captured,1,167.78,2025-05-04,stripe
ORD000231,P00515,apple_pay,chargeback,1,21.85,2025-08-01,adyen
ORD001345,P01074,klarna,captured,1,245.44,2025-05-02,stripe
ORD001215,P01435,klarna,authorized,3,140.4,2025-09-24,braintree
ORD000013,P00973,paypal,captured,1,469.19,2025-10-25,braintree
ORD001359,P01234,visa,captured,1,494.96,2025-09-30,adyen
ORD000033,P01467,visa,failed,1,405.87,2025-11-24,stripe
ORD000366,P01118,amex,captured,2,371.67,2025-09-09,adyen
ORD000886,P00181,paypal,failed,3,441.07,2025-07-12,adyen
ORD000662,P00448,visa,captured,2,231.83,2025-10-04,stripe
ORD000905,P00547,amex,authorized,1,394.18,2025-09-07,stripe
ORD000458,P01516,amex,failed,3,257.64,2025-03-21,braintree
ORD000305,P00585,amex,captured,2,263.6,2025-04-18,stripe
ORD001297,P00141,paypal,authorized,1,475.35,2025-02-06,stripe
ORD000812,P01279,mastercard,captured,1,476.74,2025-10-06,braintree
ORD000808,P01584,paypal,failed,2,246.26,2025-02-28,stripe
ORD000657,P00973,amex,refunded,1,562.92,2025-02-01,braintree
ORD000498,P01238,klarna,failed,2,329.51,2025-10-23,stripe
ORD000297,P00025,mastercard,captured,2,297.43,2025-01-19,stripe
ORD000019,P01156,klarna,failed,2,305.91,2025-12-15,braintree
ORD000175,P00372,klarna,authorized,1,469.83,2025-03-22,stripe
ORD000676,P00563,mastercard,captured,1,580.85,2025-12-08,stripe
ORD000500,P00569,amex,captured,1,417.13,2025-08-28,stripe
ORD000642,P00578,apple_pay,refunded,1,211.36,2025-01-05,braintree
ORD000126,P00428,amex,authorized,1,314.91,2025-10-12,stripe
ORD000129,P00724,apple_pay,chargeback,3,191.25,2025-12-30,stripe
ORD000527,P00321,mastercard,captured,2,395.67,2025-12-04,stripe
ORD000251,P00415,klarna,authorized,2,599.54,2025-11-20,adyen
ORD000007,P00832,apple_pay,captured,1,520.31,2025-03-30,stripe
ORD000918,P00591,visa,authorized,1,288.92,2025-03-14,stripe
ORD000345,P01465,mastercard,captured,1,211.89,2025-04-24,stripe
ORD001385,P00413,paypal,captured,1,277.11,2025-07-23,adyen
ORD000918,P00038,mastercard,failed,2,196.58,2025-10-11,stripe
ORD000883,P00996,amex,captured,2,595.07,2025-12-26,adyen
ORD000387,P01292,paypal,failed,3,129.13,2025-06-25,adyen
ORD000026,P00803,amex,captured,3,487.76,2025-06-21,braintree
ORD000078,P00163,klarna,failed,1,254.46,2025-11-07,adyen
ORD000677,P00071,paypal,failed,3,394.49,2025-12-15,adyen
ORD000552,P01110,amex,captured,1,554.47,2025-06-06,stripe
ORD000740,P01522,mastercard,authorized,3,359.33,2025-07-18,braintree
ORD000072,P01147,mastercard,chargeback,3,373.93,2025-04-05,adyen
ORD000501,P01135,visa,failed,2,31.24,2025-05-06,stripe
ORD000848,P00015,visa,failed,2,86.01,2025-10-05,stripe
ORD001172,P00463,apple_pay,authorized,2,328.9,2025-02-28,stripe
ORD000750,P00152,apple_pay,failed,3,228.68,2025-04-15,braintree
ORD000226,P00440,visa,authorized,3,369.39,2025-02-07,stripe
ORD000727,P01488,paypal,captured,3,236.7,2025-04-03,stripe
ORD000406,P00141,mastercard,captured,1,113.23,2025-09-15,stripe
ORD000164,P01479,apple_pay,captured,3,480.09,2025-11-10,stripe
ORD001034,P01574,paypal,authorized,3,508.63,2025-04-30,stripe
ORD000814,P00137,apple_pay,captured,2,581.14,2025-11-24,stripe
ORD000258,P00794,paypal,authorized,1,128.43,2025-05-29,stripe
ORD000931,P00766,mastercard,captured,3,193.77,2025-04-08,stripe
ORD001067,P00367,paypal,authorized,2,175.67,2025-12-09,adyen
ORD000402,P00699,klarna,captured,3,558.77,2025-07-07,adyen
ORD000695,P01432,klarna,captured,3,362.47,2025-03-14,adyen
ORD000857,P01527,apple_pay,chargeback,2,554.24,2025-03-22,braintree
ORD000095,P00535,amex,captured,3,535.3,2025-05-17,stripe
ORD000180,P00015,paypal,captured,2,154.72,2025-02-09,stripe
ORD000528,P01044,visa,chargeback,3,262.42,2025-11-28,stripe
ORD001326,P01286,paypal,refunded,1,254.04,2025-08-14,stripe
ORD000865,P01310,visa,captured,3,297.27,2025-12-10,braintree
ORD000586,P00766,mastercard,captured,3,598.64,2025-03-29,stripe
ORD000443,P00078,paypal,authorized,2,112.53,2025-10-21,stripe
ORD000840,P00957,amex,captured,3,465.74,2025-09-04,stripe
ORD001277,P00898,amex,failed,2,144.3,2025-05-20,stripe
ORD001356,P00924,paypal,chargeback,3,446.24,2025-05-08,adyen
ORD000562,P01537,klarna,authorized,2,129.6,2025-02-15,adyen
ORD000199,P00425,klarna,authorized,1,320.98,2025-10-19,adyen
ORD000684,P00350,paypal,refunded,1,403.99,2025-10-16,stripe
ORD000875,P00523,paypal,failed,3,264.81,2025-07-24,stripe
ORD000203,P00585,amex,captured,2,580.04,2025-11-03,adyen
ORD000496,P01238,klarna,authorized,3,426.27,2025-08-15,stripe
ORD000054,P01135,klarna,captured,1,102.82,2025-09-18,stripe
ORD000529,P00116,visa,captured,3,229.56,2025-12-30,adyen
ORD001232,P01147,apple_pay,captured,3,195.25,2025-05-04,stripe
ORD001219,P01596,visa,authorized,3,184.35,2025-08-27,stripe
ORD000181,P01297,apple_pay,captured,3,134.93,2025-08-27,braintree
ORD000216,P01390,amex,captured,2,119.57,2025-11-28,braintree
ORD001186,P01253,paypal,authorized,1,523.39,2025-09-14,stripe
ORD001138,P00226,apple_pay,captured,1,593.71,2025-04-08,braintree
ORD001334,P00354,mastercard,authorized,2,104.42,2025-11-20,stripe
ORD001063,P01481,visa,captured,3,476.84,2025-10-24,adyen
ORD000983,P01502,paypal,refunded,3,144.25,2025-02-20,stripe
ORD000843,P01462,klarna,captured,2,317.79,2025-09-27,braintree
ORD000239,P01253,visa,authorized,3,126.31,2025-04-07,adyen
ORD001170,P00121,amex,captured,1,169.96,2025-04-10,stripe
ORD001202,P00834,paypal,authorized,1,252.31,2025-05-28,stripe
ORD000712,P01192,mastercard,captured,1,425.98,2025-04-25,stripe
ORD000095,P00701,klarna,authorized,2,289.68,2025-10-24,stripe
ORD000955,P00188,paypal,refunded,1,487.93,2025-03-13,stripe
ORD001372,P01065,paypal,authorized,1,66.99,2025-11-23,stripe
ORD000187,P01549,visa,refunded,1,347.39,2025-01-21,adyen
ORD001233,P00468,visa,captured,3,72.96,2025-04-12,adyen
ORD000044,P00559,visa,captured,1,79.5,2025-06-15,stripe
ORD000902,P00056,visa,refunded,3,192.25,2025-07-04,stripe
ORD000164,P01233,paypal,captured,1,71.94,2025-11-19,stripe
ORD000922,P00751,klarna,captured,1,467.52,2025-08-10,stripe
ORD001263,P00693,apple_pay,failed,3,309.36,2025-07-13,stripe
ORD000033,P00548,mastercard,authorized,1,390.29,2025-03-02,stripe
ORD000759,P01092,mastercard,authorized,3,43.19,2025-01-16,stripe
ORD000893,P01544,paypal,failed,1,142.64,2025-10-17,stripe
ORD001176,P01445,apple_pay,authorized,1,318.74,2025-07-30,stripe
ORD000734,P01574,apple_pay,refunded,2,58.39,2025-06-21,braintree
ORD001345,P00506,paypal,captured,3,104.75,2025-07-03,braintree
ORD000637,P00930,mastercard,captured,1,22.91,2025-11-23,stripe
ORD000910,P01303,amex,captured,2,547.78,2025-06-16,stripe
ORD000482,P00856,apple_pay,captured,3,264.43,2025-07-20,stripe
ORD000525,P01062,klarna,refunded,1,36.56,2025-07-08,stripe
ORD001137,P00177,visa,authorized,2,281.69,2025-11-01,braintree
ORD001056,P00009,apple_pay,captured,3,533.65,2025-03-23,stripe
ORD000760,P00664,apple_pay,authorized,2,122.07,2025-01-18,stripe
ORD000901,P01171,mastercard,authorized,3,150.34,2025-12-16,braintree
ORD001316,P01144,visa,authorized,3,589.52,2025-06-10,stripe
ORD000601,P00005,mastercard,captured,2,513.81,2025-07-30,stripe
ORD000855,P00019,mastercard,captured,3,333.63,2025-06-02,braintree
ORD000876,P01001,visa,authorized,3,119.75,2025-04-18,stripe
ORD000257,P01101,mastercard,chargeback,1,139.52,2025-03-12,braintree
ORD000820,P00280,mastercard,captured,1,518.26,2025-09-05,stripe
ORD000610,P01231,klarna,failed,3,408.57,2025-07-24,adyen
ORD000931,P00095,visa,authorized,1,217.06,2025-08-17,stripe
ORD001214,P01267,paypal,captured,2,25.32,2025-10-01,stripe
ORD001038,P01600,mastercard,captured,1,90.25,2025-04-20,stripe
ORD000988,P01136,klarna,captured,1,440.25,2025-06-30,adyen
ORD000588,P01588,amex,failed,3,392.76,2025-08-08,adyen
ORD000078,P01343,paypal,captured,1,221.68,2025-10-31,stripe
ORD001076,P00464,amex,captured,2,359.26,2025-02-05,braintree
ORD000098,P00881,apple_pay,captured,3,455.52,2025-04-17,braintree
ORD000121,P01066,apple_pay,captured,2,389.86,2025-03-13,adyen
ORD000459,P00064,paypal,authorized,1,151.31,2025-04-19,adyen
ORD001141,P01362,amex,captured,2,571.39,2025-12-08,stripe
ORD001252,P01434,amex,refunded,1,23.94,2025-03-02,stripe
ORD000632,P00090,mastercard,authorized,2,338.2,2025-10-01,stripe
ORD000689,P00770,paypal,captured,2,141.75,2025-10-14,stripe
ORD001325,P00516,mastercard,failed,2,427.44,2025-09-29,stripe
ORD000022,P00579,mastercard,captured,3,341.47,2025-02-24,stripe
ORD001310,P00237,amex,captured,3,125.46,2025-01-31,stripe
ORD000382,P00969,klarna,authorized,3,308.47,2025-02-24,stripe
ORD000900,P00119,amex,authorized,2,316.65,2025-11-02,stripe
ORD001005,P00165,klarna,captured,3,257.98,2025-01-03,adyen
ORD001029,P01047,paypal,captured,1,34.88,2025-09-21,stripe
ORD001102,P00014,visa,captured,1,132.0,2025-05-22,stripe
ORD000050,P00317,paypal,captured,2,581.6,2025-12-13,adyen
ORD001267,P01099,klarna,captured,3,121.21,2025-06-09,stripe
ORD000243,P00226,klarna,authorized,2,280.67,2025-06-18,stripe
ORD000426,P01232,mastercard,captured,2,183.48,2025-06-14,adyen
ORD001087,P01002,mastercard,captured,3,456.54,2025-10-22,adyen
ORD000887,P01514,apple_pay,captured,3,351.07,2025-10-07,adyen
ORD000344,P00006,amex,captured,1,432.09,2025-12-16,stripe
ORD000723,P01372,apple_pay,captured,2,385.82,2025-06-01,adyen
ORD000347,P01122,paypal,captured,3,307.18,2025-11-03,stripe
ORD000240,P01581,mastercard,failed,2,576.77,2025-01-02,stripe
ORD000533,P00214,mastercard,captured,3,424.88,2025-08-15,adyen
ORD000246,P01578,visa,captured,3,416.41,2025-08-11,stripe
ORD001114,P00901,mastercard,authorized,1,417.38,2025-01-19,adyen
ORD000286,P00565,apple_pay,failed,3,285.41,2025-03-04,braintree
ORD000955,P01111,mastercard,captured,2,389.19,2025-12-22,stripe
ORD000416,P00972,amex,authorized,1,366.66,2025-01-10,stripe
ORD001204,P00973,mastercard,authorized,2,534.09,2025-07-04,adyen
ORD001064,P00214,amex,failed,1,587.52,2025-10-11,braintree
ORD001045,P01552,klarna,captured,3,294.99,2025-12-25,stripe
ORD000781,P00861,apple_pay,failed,2,364.49,2025-03-31,adyen
ORD000668,P00586,apple_pay,captured,1,181.26,2025-08-17,stripe
ORD000476,P00291,mastercard,failed,1,508.81,2025-10-03,adyen
ORD000880,P00793,mastercard,captured,2,429.3,2025-11-27,stripe
ORD001228,P01340,visa,captured,1,555.15,2025-08-23,adyen
ORD000041,P01066,klarna,authorized,2,366.95,2025-03-27,stripe
ORD001328,P01190,klarna,captured,1,428.1,2025-11-19,stripe
ORD000412,P00309,amex,captured,2,66.14,2025-12-11,braintree
ORD000923,P01328,apple_pay,authorized,2,367.97,2025-05-11,braintree
ORD001047,P00248,mastercard,authorized,3,232.3,2025-06-30,stripe
ORD000961,P00935,paypal,captured,2,309.77,2025-08-26,stripe
ORD000757,P00737,visa,authorized,3,202.68,2025-10-31,adyen
ORD000448,P00398,mastercard,captured,1,179.48,2025-07-27,stripe
ORD000726,P00968,amex,captured,1,494.22,2025-10-01,stripe
ORD001292,P01340,klarna,refunded,2,339.0,2025-10-13,stripe
ORD000458,P01572,amex,captured,3,159.39,2025-03-17,stripe
ORD001336,P01393,mastercard,captured,2,462.36,2025-05-01,adyen
ORD000699,P00854,visa,captured,3,54.13,2025-11-05,stripe
ORD000474,P01047,mastercard,captured,3,182.96,2025-08-07,stripe
ORD001317,P00007,mastercard,captured,1,208.42,2025-03-15,braintree
ORD001122,P01074,mastercard,captured,1,114.78,2025-07-17,stripe
ORD000829,P00468,visa,authorized,2,507.19,2025-03-19,stripe
ORD000219,P00372,apple_pay,captured,3,407.6,2025-01-16,stripe
ORD000085,P01157,amex,captured,3,405.48,2025-06-17,adyen
ORD001094,P00666,mastercard,captured,3,359.7,2025-01-13,braintree
ORD001029,P01169,paypal,refunded,1,233.19,2025-12-15,stripe
ORD001368,P00497,mastercard,captured,2,398.82,2025-11-26,adyen
ORD000649,P01541,apple_pay,authorized,3,444.41,2025-03-21,stripe
ORD000621,P00437,paypal,captured,3,327.7,2025-08-22,stripe
ORD001151,P00317,klarna,captured,1,287.73,2025-05-22,stripe
ORD000673,P00815,paypal,failed,1,141.88,2025-08-12,stripe
ORD000743,P01446,amex,failed,3,59.56,2025-07-10,adyen
ORD000849,P01436,visa,captured,2,34.37,2025-09-29,stripe
ORD000253,P00863,visa,refunded,1,431.4,2025-10-04,stripe
ORD001105,P01544,paypal,authorized,1,215.7,2025-01-06,adyen
ORD000321,P01114,visa,authorized,1,427.96,2025-11-05,stripe
ORD000273,P00066,amex,authorized,2,309.66,2025-03-26,adyen
ORD000225,P01013,visa,captured,2,273.66,2025-08-20,stripe
ORD000339,P00750,amex,captured,3,381.07,2025-08-26,stripe
ORD001362,P00924,klarna,authorized,2,118.12,2025-08-20,stripe
ORD000468,P00783,visa,authorized,1,588.0,2025-09-20,stripe
ORD000544,P00894,klarna,authorized,2,204.83,2025-02-17,stripe
ORD000358,P00110,klarna,refunded,2,463.82,2025-08-18,stripe
ORD001323,P01393,klarna,captured,1,156.24,2025-05-18,adyen
ORD000071,P00674,apple_pay,captured,3,286.08,2025-05-31,braintree
ORD000904,P00668,mastercard,failed,3,304.59,2025-02-23,adyen
ORD000472,P00430,visa,captured,2,190.93,2025-08-03,adyen
ORD000746,P00481,klarna,authorized,3,215.69,2025-04-29,adyen
ORD000448,P01367,amex,refunded,2,266.82,2025-09-13,adyen
ORD001142,P01339,amex,captured,3,503.35,2025-06-23,stripe
ORD000512,P00629,visa,captured,2,305.03,2025-05-29,stripe
ORD000376,P00855,visa,refunded,1,62.26,2025-07-06,adyen
ORD000755,P00519,paypal,authorized,2,137.84,2025-07-25,braintree
ORD001161,P00002,amex,captured,2,591.75,2025-09-05,braintree
ORD001034,P00810,apple_pay,failed,1,63.02,2025-01-29,stripe
ORD000241,P01407,klarna,captured,3,392.16,2025-10-20,braintree
ORD000781,P00377,visa,captured,2,134.58,2025-03-03,stripe
ORD000543,P00429,klarna,refunded,2,264.84,2025-03-26,stripe
ORD001348,P00056,klarna,refunded,2,220.64,2025-10-09,braintree
ORD001128,P00353,paypal,refunded,3,586.53,2025-01-02,stripe
ORD000457,P01440,amex,authorized,1,335.25,2025-05-19,adyen
ORD000544,P00859,visa,failed,1,157.45,2025-08-31,stripe
ORD000547,P00277,mastercard,captured,2,366.11,2025-10-11,braintree
ORD000572,P01112,apple_pay,captured,3,52.12,2025-11-23,stripe
ORD000818,P00238,visa,authorized,2,556.72,2025-09-04,adyen
ORD001170,P01548,klarna,captured,2,213.1,2025-03-27,stripe
ORD000335,P01536,visa,authorized,2,531.19,2025-05-13,stripe
ORD000498,P00248,apple_pay,refunded,2,487.43,2025-01-09,stripe
ORD000599,P00230,klarna,captured,2,120.21,2025-10-09,stripe
ORD000107,P00396,mastercard,captured,3,577.76,2025-01-03,stripe
ORD000081,P00140,amex,authorized,2,595.09,2025-02-16,stripe
ORD001323,P00345,paypal,captured,2,485.12,2025-12-22,braintree
ORD000648,P01222,apple_pay,captured,3,276.38,2025-02-28,stripe
ORD000711,P00204,visa,failed,3,406.8,2025-04-14,adyen
ORD000803,P01248,mastercard,captured,2,57.58,2025-05-30,adyen
ORD000694,P00885,visa,authorized,2,553.46,2025-02-20,adyen
ORD000083,P00412,mastercard,captured,2,140.84,2025-08-28,stripe
ORD000145,P00726,apple_pay,authorized,2,432.86,2025-04-24,stripe
ORD000943,P00620,amex,captured,2,482.9,2025-04-19,stripe
ORD001374,P00663,amex,captured,1,582.05,2025-07-29,stripe
ORD000895,P00308,amex,authorized,2,496.05,2025-04-28,stripe
ORD000075,P00020,visa,authorized,1,492.65,2025-03-21,stripe
ORD000244,P00563,visa,captured,3,426.18,2025-11-11,adyen
ORD000446,P01139,mastercard,captured,2,350.22,2025-07-31,adyen
ORD000463,P00767,visa,authorized,3,34.71,2025-11-25,adyen
ORD000944,P01166,apple_pay,captured,1,583.89,2025-05-11,stripe
ORD000124,P00656,klarna,captured,1,274.89,2025-11-30,adyen
ORD000581,P00496,amex,authorized,2,480.11,2025-11-21,stripe
ORD001260,P01147,paypal,authorized,2,232.6,2025-01-09,braintree
ORD000366,P00048,visa,captured,2,279.08,2025-02-16,stripe
ORD001136,P01131,visa,failed,1,282.79,2025-10-19,adyen
ORD000586,P01471,paypal,authorized,1,594.1,2025-04-19,adyen
ORD001067,P00189,apple_pay,refunded,3,134.7,2025-10-06,stripe
ORD000627,P00508,klarna,captured,3,306.04,2025-06-08,stripe
ORD000290,P00116,amex,failed,3,101.27,2025-04-05,braintree
ORD000786,P00484,amex,chargeback,2,301.53,2025-03-21,stripe
ORD000093,P00962,apple_pay,authorized,2,332.12,2025-03-24,adyen
ORD000326,P00627,visa,captured,2,90.62,2025-08-31,stripe
ORD000098,P01232,klarna,captured,2,421.97,2025-01-13,stripe
ORD001337,P00408,mastercard,authorized,1,498.51,2025-03-10,stripe
ORD000820,P01127,visa,failed,1,491.46,2025-10-28,stripe
ORD000072,P00472,apple_pay,authorized,1,440.24,2025-04-27,stripe
ORD000314,P00893,klarna,failed,1,93.12,2025-08-10,stripe
ORD000238,P00946,amex,failed,2,376.67,2025-04-20,adyen
ORD001389,P00019,visa,captured,2,422.03,2025-01-06,stripe
ORD001148,P01196,visa,captured,3,458.02,2025-06-13,stripe
ORD000427,P01018,mastercard,failed,3,428.55,2025-03-24,adyen
ORD000144,P01548,paypal,authorized,1,380.99,2025-09-26,braintree
ORD000569,P00722,paypal,captured,2,439.37,2025-10-31,stripe
ORD000447,P00913,apple_pay,authorized,2,512.87,2025-11-18,stripe
ORD000038,P00025,apple_pay,authorized,3,345.9,2025-08-08,braintree
ORD000582,P00530,mastercard,captured,2,95.73,2025-01-30,stripe
ORD000963,P00094,mastercard,captured,2,491.41,2025-11-09,braintree
ORD000239,P01340,klarna,authorized,3,400.0,2025-11-05,braintree
ORD000253,P01286,visa,captured,1,415.1,2025-02-23,stripe
ORD000823,P00184,paypal,captured,1,183.58,2025-05-29,stripe
ORD001014,P01148,mastercard,refunded,2,98.3,2025-12-14,braintree
ORD000397,P00724,apple_pay,failed,1,470.63,2025-10-22,stripe
ORD001262,P00613,mastercard,failed,1,39.16,2025-03-17,stripe
ORD000954,P01074,visa,refunded,3,247.39,2025-08-17,stripe
ORD001029,P00587,mastercard,failed,1,310.23,2025-04-21,adyen
ORD000865,P01548,visa,authorized,1,20.28,2025-11-13,adyen
ORD000947,P01508,mastercard,authorized,1,362.23,2025-12-05,braintree
ORD000584,P00014,amex,captured,3,80.58,2025-10-13,stripe
ORD000558,P00396,klarna,captured,2,152.45,2025-04-25,stripe
ORD000105,P00243,mastercard,refunded,1,596.21,2025-05-24,adyen
ORD000601,P00915,apple_pay,captured,1,340.56,2025-08-06,stripe
ORD000403,P01031,paypal,refunded,1,581.28,2025-12-13,braintree
ORD000201,P01221,klarna,captured,3,300.65,2025-05-06,stripe
ORD000107,P00957,paypal,refunded,2,484.02,2025-07-22,stripe
ORD000998,P01544,visa,authorized,3,32.41,2025-09-27,stripe
ORD000239,P00956,amex,captured,2,181.84,2025-05-16,adyen
ORD001063,P01272,visa,refunded,3,177.1,2025-04-24,adyen
ORD001389,P00774,mastercard,captured,1,51.18,2025-05-23,braintree
ORD001048,P00893,paypal,captured,2,571.74,2025-06-11,adyen
ORD001215,P00746,klarna,captured,2,307.76,2025-02-04,braintree
ORD000904,P00839,paypal,failed,1,359.85,2025-01-31,stripe
ORD000492,P01565,amex,captured,1,317.07,2025-09-13,braintree
ORD000441,P00829,paypal,failed,3,156.65,2025-12-03,braintree
ORD001097,P00907,mastercard,captured,3,555.34,2025-10-22,stripe
ORD000912,P00831,visa,captured,1,404.71,2025-11-27,stripe
ORD000391,P01228,apple_pay,captured,1,82.92,2025-11-02,braintree
ORD000735,P00383,klarna,captured,2,282.46,2025-10-21,stripe
ORD000294,P00684,paypal,captured,1,10.87,2025-01-22,adyen
ORD000121,P01318,amex,authorized,1,408.1,2025-11-15,stripe
ORD000897,P00557,amex,failed,1,318.91,2025-06-13,stripe
ORD000742,P00072,amex,captured,2,543.48,2025-08-09,stripe
ORD000861,P01215,klarna,authorized,2,568.93,2025-11-21,stripe
ORD000192,P01143,paypal,captured,2,67.92,2025-02-01,stripe
ORD000712,P01208,klarna,captured,3,62.8,2025-04-03,adyen
ORD000821,P00375,visa,captured,2,540.46,2025-01-26,stripe
ORD000333,P01583,amex,chargeback,2,312.14,2025-06-03,stripe
ORD001263,P00184,mastercard,captured,3,287.11,2025-10-14,stripe
ORD001161,P00316,visa,chargeback,1,346.77,2025-06-29,stripe
ORD000176,P00753,klarna,captured,1,285.18,2025-07-08,stripe
ORD000117,P00269,visa,captured,3,372.42,2025-03-27,adyen
ORD000757,P00442,paypal,captured,1,569.95,2025-04-12,adyen
ORD000157,P00398,mastercard,authorized,3,367.53,2025-07-23,stripe
ORD001289,P00210,visa,refunded,2,199.23,2025-01-14,stripe
ORD001346,P00413,klarna,captured,1,135.9,2025-06-11,stripe
ORD001124,P00487,mastercard,authorized,3,580.01,2025-12-26,braintree
ORD000975,P00797,amex,captured,2,351.85,2025-07-28,stripe
ORD000787,P01177,mastercard,authorized,1,344.33,2025-02-05,braintree
ORD000657,P00352,apple_pay,authorized,1,29.66,2025-06-02,adyen
ORD000719,P01235,klarna,authorized,3,551.85,2025-05-13,braintree
ORD000124,P00709,amex,refunded,2,287.07,2025-09-13,adyen
ORD000937,P00323,apple_pay,authorized,1,599.85,2025-09-06,adyen
ORD000851,P00962,amex,captured,2,109.04,2025-12-24,stripe
ORD000152,P00097,paypal,captured,1,202.46,2025-08-16,stripe
ORD000397,P00636,apple_pay,refunded,2,133.94,2025-03-28,stripe
ORD000107,P00933,klarna,refunded,2,233.57,2025-02-16,braintree
ORD000443,P00411,paypal,refunded,3,586.21,2025-02-27,stripe
ORD000764,P00916,amex,captured,1,254.72,2025-08-15,stripe
ORD001198,P00854,amex,captured,3,497.99,2025-08-07,stripe
ORD001272,P00638,klarna,failed,2,455.61,2025-05-03,stripe
ORD000613,P01118,amex,authorized,3,185.79,2025-09-26,stripe
ORD000443,P00708,amex,authorized,1,352.14,2025-03-04,stripe
ORD000598,P00375,apple_pay,refunded,1,512.51,2025-09-18,stripe
ORD000519,P00707,klarna,authorized,2,370.68,2025-08-14,stripe
ORD001327,P00142,amex,captured,3,166.31,2025-03-06,adyen
ORD000091,P01295,klarna,authorized,1,519.27,2025-11-25,stripe
ORD000243,P00205,klarna,authorized,1,338.14,2025-11-14,stripe
ORD000681,P01159,amex,chargeback,1,588.21,2025-10-02,adyen
ORD000789,P01169,mastercard,authorized,1,396.82,2025-08-31,adyen
ORD001320,P01566,mastercard,captured,2,274.82,2025-03-01,stripe
ORD000354,P00803,visa,authorized,2,267.18,2025-12-20,braintree
ORD000796,P00635,mastercard,captured,3,529.26,2025-03-05,stripe
ORD000816,P01275,visa,failed,1,588.55,2025-10-22,adyen
ORD000732,P00143,mastercard,captured,3,252.11,2025-06-21,adyen
ORD001068,P01462,klarna,captured,3,106.18,2025-09-02,stripe
ORD001276,P00349,mastercard,captured,2,33.47,2025-01-08,stripe
ORD000460,P00133,amex,authorized,1,200.2,2025-04-26,stripe
ORD000705,P01244,amex,captured,3,211.77,2025-01-08,stripe
ORD000700,P00860,paypal,refunded,3,261.26,2025-09-23,stripe
ORD000654,P01044,paypal,failed,1,95.57,2025-04-02,adyen
ORD000039,P00725,paypal,authorized,3,300.67,2025-04-25,stripe
ORD001386,P00685,visa,failed,3,566.59,2025-02-08,stripe
ORD000963,P00067,mastercard,failed,1,147.17,2025-02-18,stripe
ORD000230,P00742,klarna,failed,3,414.01,2025-07-19,adyen
ORD001278,P01198,klarna,failed,1,32.41,2025-05-06,stripe
ORD000189,P00774,visa,chargeback,2,389.85,2025-01-16,adyen
ORD001232,P00320,paypal,authorized,3,563.14,2025-11-03,stripe
ORD000397,P00999,visa,captured,1,176.58,2025-03-30,stripe
ORD001351,P00019,paypal,refunded,3,491.58,2025-01-16,adyen
ORD000886,P00814,visa,captured,3,58.64,2025-01-22,adyen
ORD000170,P00327,apple_pay,captured,2,221.36,2025-05-29,adyen
ORD000058,P01588,klarna,captured,2,13.95,2025-07-13,braintree
ORD000388,P00457,visa,authorized,2,219.51,2025-02-16,braintree
ORD000045,P00007,amex,chargeback,1,192.81,2025-05-09,adyen
ORD000604,P00383,mastercard,captured,3,418.73,2025-05-07,stripe
ORD000876,P00151,mastercard,captured,3,183.76,2025-01-31,stripe
ORD000859,P00303,apple_pay,authorized,2,495.63,2025-08-26,braintree
ORD001041,P00255,visa,refunded,2,181.96,2025-05-10,stripe
ORD001001,P00872,visa,authorized,3,141.76,2025-09-13,stripe
ORD000473,P00335,amex,refunded,2,301.77,2025-01-01,stripe
ORD000296,P00333,mastercard,authorized,3,397.31,2025-01-13,adyen
ORD000819,P00433,klarna,refunded,2,534.35,2025-10-29,stripe
ORD000901,P01411,amex,captured,1,489.97,2025-04-29,stripe
ORD001221,P00432,paypal,refunded,3,319.46,2025-05-13,stripe
ORD000773,P01526,visa,captured,2,587.19,2025-06-02,stripe
ORD001018,P00632,amex,authorized,2,184.94,2025-09-01,braintree
ORD000602,P01214,mastercard,authorized,2,599.68,2025-09-17,stripe
ORD000698,P01099,amex,failed,3,237.26,2025-09-16,braintree
ORD000719,P00130,mastercard,captured,2,164.82,2025-11-15,stripe
ORD000366,P01575,visa,captured,1,235.85,2025-07-22,braintree
ORD001241,P00980,paypal,authorized,1,355.63,2025-04-02,braintree
ORD000931,P00144,paypal,failed,2,289.62,2025-08-03,stripe
ORD001260,P01248,paypal,captured,2,39.61,2025-04-17,stripe
ORD000641,P01529,amex,captured,2,220.04,2025-06-06,adyen
ORD000635,P00460,paypal,captured,3,300.17,2025-01-11,stripe
ORD001254,P01459,apple_pay,captured,1,401.34,2025-05-29,stripe
ORD000228,P00218,mastercard,captured,2,572.3,2025-08-07,adyen
ORD000007,P00031,mastercard,authorized,1,573.98,2025-04-22,braintree
ORD000574,P00854,apple_pay,refunded,3,313.28,2025-02-09,stripe
ORD000623,P00542,visa,captured,1,345.76,2025-01-27,stripe
ORD000447,P00619,amex,captured,1,421.84,2025-02-13,braintree
ORD001076,P01279,paypal,captured,1,502.84,2025-05-08,stripe
ORD000409,P00420,paypal,captured,1,449.68,2025-12-30,braintree
ORD000401,P00600,apple_pay,captured,3,435.1,2025-06-18,stripe
ORD001038,P01501,amex,captured,2,273.89,2025-11-28,stripe
ORD000771,P00236,amex,failed,1,522.68,2025-02-18,stripe
ORD000061,P00383,visa,authorized,1,400.9,2025-12-21,stripe
ORD000184,P01552,apple_pay,refunded,3,103.93,2025-11-28,stripe
ORD000452,P01419,mastercard,refunded,2,363.04,2025-02-01,adyen
ORD000861,P00558,klarna,chargeback,3,193.23,2025-01-04,stripe
ORD000726,P00653,paypal,authorized,2,129.81,2025-08-23,braintree
ORD000827,P00553,klarna,captured,3,392.82,2025-03-23,stripe
ORD000233,P01457,klarna,refunded,3,388.93,2025-08-22,stripe
ORD000014,P00661,amex,failed,3,573.28,2025-09-06,adyen
ORD000068,P00920,amex,authorized,3,585.97,2025-01-24,stripe
ORD000256,P01219,klarna,refunded,2,251.18,2025-10-28,adyen
ORD000506,P01440,klarna,failed,3,115.33,2025-11-13,stripe
ORD000525,P00581,apple_pay,failed,3,92.87,2025-06-22,adyen
ORD001043,P00589,klarna,captured,1,584.81,2025-12-06,stripe
ORD000939,P01373,paypal,captured,3,243.57,2025-08-03,stripe
ORD000699,P00709,visa,captured,1,212.24,2025-09-24,adyen
ORD000752,P00554,paypal,captured,1,376.48,2025-04-10,stripe
ORD000739,P01575,amex,failed,3,43.82,2025-08-19,braintree
ORD000437,P00667,visa,authorized,3,391.59,2025-12-15,stripe
ORD001328,P00962,paypal,authorized,2,526.69,2025-10-11,stripe
ORD000440,P01163,paypal,failed,3,437.32,2025-08-24,stripe
ORD000777,P01230,apple_pay,captured,1,256.3,2025-05-29,stripe
ORD000836,P01414,apple_pay,authorized,3,78.52,2025-02-17,adyen
ORD001335,P00866,mastercard,failed,1,152.33,2025-05-05,stripe
ORD000938,P00483,klarna,failed,1,166.6,2025-09-26,adyen
ORD000878,P01020,amex,failed,1,237.1,2025-07-12,stripe
ORD000654,P00418,amex,captured,2,88.67,2025-02-16,braintree
ORD001027,P00648,mastercard,captured,3,349.64,2025-03-27,stripe
ORD000400,P01339,klarna,authorized,3,226.12,2025-05-28,stripe
ORD000964,P01577,amex,authorized,1,302.86,2025-01-17,stripe
ORD000670,P01270,mastercard,authorized,3,178.23,2025-06-29,stripe
ORD000883,P01266,klarna,captured,1,277.78,2025-11-30,stripe
ORD000131,P00123,klarna,captured,2,430.46,2025-09-21,adyen
ORD000354,P01484,mastercard,authorized,1,62.05,2025-12-08,stripe
ORD000811,P00094,paypal,failed,2,310.96,2025-12-30,stripe
ORD000377,P00484,klarna,refunded,1,374.81,2025-01-20,stripe
ORD000378,P01194,paypal,authorized,1,403.93,2025-05-16,stripe
ORD001114,P00129,amex,failed,1,554.45,2025-03-15,stripe
ORD000868,P01106,paypal,captured,3,470.86,2025-09-04,adyen
ORD000857,P01571,visa,captured,3,446.01,2025-01-13,stripe
ORD000632,P00901,klarna,captured,1,522.12,2025-09-03,stripe
ORD000948,P00535,paypal,captured,2,549.51,2025-05-22,adyen
ORD001387,P00103,visa,authorized,3,505.22,2025-03-09,stripe
ORD000955,P00732,amex,captured,3,372.26,2025-03-18,adyen
ORD000875,P00848,amex,authorized,2,507.43,2025-08-23,stripe
ORD001213,P00741,klarna,authorized,3,202.58,2025-06-23,adyen
ORD000389,P00153,klarna,captured,1,571.67,2025-11-17,stripe
ORD000014,P00900,mastercard,authorized,3,112.34,2025-12-24,stripe
ORD000968,P01060,mastercard,captured,1,145.24,2025-07-22,stripe
ORD000565,P01449,visa,captured,2,103.53,2025-09-09,stripe
ORD000687,P00324,paypal,authorized,2,468.44,2025-06-25,stripe
ORD000059,P01157,amex,failed,1,266.35,2025-05-24,stripe
ORD000711,P00534,paypal,captured,2,445.44,2025-08-25,adyen
ORD000976,P00860,mastercard,captured,3,310.94,2025-01-05,stripe
ORD000607,P00702,apple_pay,authorized,3,247.93,2025-10-22,stripe
ORD000268,P01341,paypal,authorized,1,538.86,2025-09-07,stripe
ORD000646,P01472,klarna,failed,2,264.97,2025-03-24,adyen
ORD000840,P00198,mastercard,refunded,3,374.86,2025-01-02,adyen
ORD000403,P01477,mastercard,captured,2,516.57,2025-03-01,adyen
ORD000288,P01548,paypal,captured,1,135.43,2025-09-14,adyen
ORD001295,P00443,apple_pay,captured,1,247.61,2025-08-26,adyen
ORD001256,P01193,mastercard,authorized,2,95.49,2025-08-31,stripe
ORD001362,P00855,paypal,failed,1,330.19,2025-01-13,adyen
ORD000925,P01392,paypal,authorized,2,475.85,2025-01-06,stripe
ORD000026,P00413,paypal,authorized,1,42.47,2025-10-29,adyen
ORD000221,P00856,paypal,authorized,1,45.6,2025-06-16,adyen
ORD000209,P01344,mastercard,captured,2,447.3,2025-04-21,stripe
ORD000024,P01162,visa,failed,1,428.66,2025-01-29,stripe
ORD000831,P00683,mastercard,captured,3,247.29,2025-02-10,stripe
ORD000226,P00413,visa,authorized,1,222.81,2025-09-28,adyen
ORD001205,P01523,paypal,authorized,1,176.4,2025-10-07,stripe
ORD000251,P00971,paypal,authorized,1,46.44,2025-04-13,stripe
ORD001372,P01113,visa,captured,2,312.99,2025-03-23,stripe
ORD000294,P01186,apple_pay,captured,2,373.48,2025-04-20,adyen
ORD001353,P01325,apple_pay,authorized,1,520.56,2025-05-27,adyen
ORD001216,P01492,amex,failed,2,329.7,2025-11-06,adyen
ORD001057,P00797,visa,captured,1,99.65,2025-06-01,braintree
ORD000783,P01484,visa,chargeback,2,191.83,2025-10-09,stripe
ORD001024,P00660,klarna,captured,1,473.16,2025-10-27,stripe
ORD001383,P00226,mastercard,captured,3,374.73,2025-08-06,adyen
ORD000638,P01543,klarna,authorized,2,464.96,2025-04-07,stripe
ORD000243,P00819,paypal,refunded,2,253.96,2025-12-27,adyen
ORD001352,P00998,paypal,authorized,1,49.84,2025-08-20,braintree
ORD000802,P01316,klarna,captured,2,536.36,2025-09-11,stripe
ORD001239,P00554,klarna,captured,3,216.04,2025-12-31,stripe
ORD000951,P01115,mastercard,captured,1,59.2,2025-08-12,braintree
ORD000044,P00276,klarna,captured,1,356.26,2025-08-07,stripe
ORD000597,P01366,visa,captured,2,448.94,2025-10-30,stripe
ORD001061,P01070,apple_pay,authorized,2,292.02,2025-02-21,stripe
ORD000294,P01066,amex,captured,2,372.18,2025-12-18,stripe
ORD001047,P01071,paypal,refunded,3,256.18,2025-04-14,stripe
ORD000463,P01408,klarna,authorized,1,490.07,2025-12-20,stripe
ORD000464,P00245,amex,authorized,1,472.39,2025-07-15,stripe
ORD001352,P00479,visa,chargeback,2,434.78,2025-11-18,stripe
ORD000141,P01507,apple_pay,captured,2,21.73,2025-04-28,adyen
ORD000769,P00837,visa,captured,1,314.65,2025-10-04,stripe
ORD000027,P00465,apple_pay,captured,3,473.35,2025-07-08,braintree
ORD000604,P00436,amex,captured,2,154.47,2025-08-25,braintree
ORD001081,P00178,amex,captured,1,162.93,2025-07-18,stripe
ORD000435,P01437,mastercard,failed,2,543.51,2025-12-27,stripe
ORD000850,P00221,paypal,captured,1,506.61,2025-09-26,adyen
ORD001327,P00900,mastercard,authorized,2,593.0,2025-04-02,stripe
ORD000119,P01060,mastercard,captured,3,303.48,2025-08-16,stripe
ORD000402,P00500,amex,captured,3,83.3,2025-05-14,stripe
ORD001370,P01402,apple_pay,captured,1,14.87,2025-09-12,stripe
ORD000034,P00493,paypal,captured,1,426.62,2025-06-24,stripe
ORD000443,P00711,klarna,refunded,1,491.84,2025-03-21,adyen
ORD000921,P00656,mastercard,authorized,1,262.69,2025-03-23,adyen
ORD000498,P00403,visa,authorized,2,261.22,2025-06-04,stripe
ORD000756,P01153,mastercard,failed,1,505.76,2025-06-26,stripe
ORD000430,P01193,visa,captured,1,119.77,2025-10-29,stripe
ORD001358,P00681,paypal,authorized,2,47.43,2025-08-21,stripe
ORD000054,P01027,klarna,refunded,3,579.76,2025-10-02,adyen
ORD000062,P00742,amex,captured,3,330.01,2025-02-24,stripe
ORD000412,P01099,mastercard,captured,3,465.7,2025-03-08,adyen
ORD001161,P00027,paypal,failed,3,573.3,2025-01-14,stripe
ORD001342,P00999,apple_pay,captured,3,488.15,2025-01-24,stripe
ORD000842,P00158,klarna,captured,2,285.89,2025-02-23,stripe
ORD001089,P00410,amex,authorized,1,392.39,2025-08-27,adyen
ORD000850,P00671,amex,captured,3,383.02,2025-06-16,stripe
ORD000211,P00671,paypal,captured,3,556.06,2025-06-12,braintree
ORD000639,P00376,mastercard,captured,2,93.24,2025-09-27,adyen
ORD000447,P00078,visa,captured,2,420.47,2025-05-30,stripe
ORD001097,P00242,apple_pay,authorized,2,519.07,2025-01-03,adyen
ORD001260,P01306,visa,captured,2,221.86,2025-01-10,stripe
ORD000261,P00745,apple_pay,authorized,1,427.9,2025-03-07,stripe
ORD000126,P00315,paypal,failed,3,157.41,2025-05-20,stripe
ORD000266,P01477,amex,captured,2,61.94,2025-11-19,adyen
ORD000798,P00253,amex,captured,3,24.99,2025-03-07,stripe
ORD001084,P01313,klarna,captured,2,322.66,2025-09-26,adyen
ORD000768,P00598,apple_pay,authorized,2,40.48,2025-01-13,stripe
ORD001392,P00629,visa,captured,1,359.53,2025-02-09,stripe
ORD000830,P00149,klarna,authorized,2,231.56,2025-05-26,stripe
ORD000041,P01545,visa,captured,3,14.05,2025-08-21,stripe
ORD000087,P00889,apple_pay,authorized,2,143.62,2025-10-29,adyen
ORD000461,P01320,amex,captured,3,445.66,2025-09-28,stripe
ORD001076,P00793,amex,authorized,1,233.49,2025-11-22,adyen
ORD001273,P00457,paypal,authorized,3,438.08,2025-06-08,adyen
ORD001344,P00250,amex,captured,1,490.83,2025-03-28,stripe
ORD000222,P00842,visa,captured,2,480.2,2025-06-03,stripe
ORD001310,P00740,visa,authorized,2,405.66,2025-04-11,braintree
ORD000745,P01015,apple_pay,captured,2,450.49,2025-05-10,stripe
ORD000671,P01390,apple_pay,failed,2,346.18,2025-02-05,stripe
ORD000730,P00307,amex,captured,3,284.21,2025-10-08,stripe
ORD000690,P01532,amex,captured,3,46.41,2025-11-28,braintree
ORD000619,P00970,amex,authorized,1,585.31,2025-02-04,braintree
ORD000999,P00531,klarna,authorized,3,505.74,2025-01-24,adyen
ORD000649,P00047,visa,authorized,2,406.44,2025-10-21,stripe
ORD000734,P00975,paypal,chargeback,2,390.02,2025-12-09,braintree
ORD000981,P00931,mastercard,authorized,3,350.32,2025-01-06,stripe
ORD000496,P00326,mastercard,authorized,1,65.71,2025-08-23,adyen
ORD001142,P00034,visa,authorized,2,198.45,2025-06-01,braintree
ORD000942,P01573,amex,failed,2,210.37,2025-10-15,stripe
ORD000774,P00925,visa,captured,2,478.28,2025-07-08,braintree
ORD000905,P00945,apple_pay,failed,1,366.93,2025-03-22,stripe
ORD000348,P00139,mastercard,captured,3,244.91,2025-04-16,braintree
ORD000795,P01421,klarna,failed,3,203.57,2025-08-10,stripe
ORD000445,P00234,visa,refunded,3,513.79,2025-04-05,stripe
ORD000210,P00413,amex,captured,2,473.52,2025-02-09,adyen
ORD000454,P00488,amex,chargeback,1,489.73,2025-07-14,stripe
ORD000756,P01047,apple_pay,refunded,3,243.29,2025-08-29,stripe
ORD001341,P00861,mastercard,authorized,2,292.75,2025-10-19,stripe
ORD000326,P00096,mastercard,captured,1,348.23,2025-08-08,adyen
ORD000328,P01571,amex,captured,3,123.17,2025-05-27,braintree
ORD000322,P01189,klarna,failed,3,223.75,2025-10-28,stripe
ORD001257,P01424,apple_pay,captured,3,299.76,2025-06-16,stripe
ORD000840,P00873,paypal,captured,2,405.52,2025-08-24,stripe
ORD001030,P00048,klarna,authorized,2,275.2,2025-11-26,stripe
ORD000518,P01527,apple_pay,failed,1,101.22,2025-12-21,stripe
ORD000323,P01579,apple_pay,authorized,2,260.81,2025-06-12,adyen
ORD000617,P00759,amex,captured,2,323.51,2025-06-28,stripe
ORD000488,P00733,amex,authorized,3,393.96,2025-11-14,stripe
ORD000470,P00865,klarna,failed,1,513.75,2025-07-21,stripe
ORD000994,P01087,klarna,failed,1,147.17,2025-10-03,braintree
ORD000686,P01101,apple_pay,authorized,1,340.24,2025-01-28,stripe
ORD001178,P00472,visa,failed,1,256.25,2025-10-28,adyen
ORD001215,P01592,visa,failed,2,415.3,2025-02-09,stripe
ORD001319,P01300,amex,authorized,3,525.82,2025-05-22,stripe
ORD001033,P01509,paypal,captured,2,291.48,2025-03-05,adyen
ORD000608,P00601,paypal,authorized,2,508.06,2025-12-05,stripe
ORD000702,P01193,mastercard,authorized,2,11.19,2025-02-13,stripe
ORD000173,P01371,apple_pay,failed,3,548.21,2025-07-19,stripe
ORD000453,P01254,klarna,authorized,2,475.21,2025-02-20,braintree
ORD000696,P01563,mastercard,captured,3,88.96,2025-01-07,adyen
ORD000234,P00653,apple_pay,authorized,1,408.43,2025-04-06,braintree
ORD001334,P01538,visa,authorized,1,313.4,2025-01-29,stripe
ORD001358,P01459,amex,captured,2,582.71,2025-04-12,stripe
ORD000611,P01389,klarna,captured,2,189.57,2025-02-28,stripe
ORD000046,P00969,mastercard,refunded,2,369.31,2025-09-11,stripe
ORD000384,P00592,apple_pay,authorized,1,318.49,2025-03-04,stripe
ORD000822,P00683,klarna,captured,2,140.47,2025-06-27,stripe
ORD000190,P00785,amex,captured,1,490.07,2025-01-01,stripe
ORD001185,P00439,klarna,captured,2,448.38,2025-12-05,braintree
ORD001327,P01174,paypal,captured,1,331.04,2025-06-11,braintree
ORD000897,P00041,paypal,authorized,1,566.99,2025-05-06,adyen
ORD000555,P00488,visa,failed,3,556.73,2025-04-29,stripe
ORD001052,P00598,apple_pay,captured,2,492.61,2025-01-24,stripe
ORD000772,P00580,mastercard,failed,1,99.9,2025-04-05,stripe
ORD001262,P01570,mastercard,authorized,1,537.55,2025-11-05,braintree
ORD001333,P00689,klarna,authorized,3,190.43,2025-05-21,stripe
ORD000765,P00812,amex,captured,1,346.35,2025-11-04,stripe
ORD001336,P00141,amex,captured,2,585.1,2025-03-07,adyen
ORD000265,P00797,klarna,authorized,2,146.27,2025-05-13,stripe
ORD000303,P00834,mastercard,authorized,1,127.85,2025-08-19,adyen
ORD000896,P00125,apple_pay,authorized,2,512.64,2025-01-26,stripe
ORD000924,P00216,paypal,authorized,3,17.7,2025-05-09,stripe
ORD001319,P00594,visa,authorized,1,112.8,2025-11-18,braintree
ORD000364,P00964,paypal,failed,3,203.12,2025-06-30,stripe
ORD000472,P00323,amex,refunded,2,445.59,2025-12-07,stripe
ORD000808,P00450,apple_pay,captured,1,293.47,2025-02-21,stripe
ORD000205,P00904,amex,authorized,2,242.06,2025-12-30,stripe
ORD000838,P00623,mastercard,captured,1,552.06,2025-11-17,stripe
ORD001292,P00961,mastercard,failed,2,455.99,2025-05-23,stripe
ORD000416,P00597,paypal,refunded,1,383.37,2025-07-25,stripe
ORD001208,P01143,klarna,authorized,3,210.62,2025-02-16,stripe
ORD001019,P01333,amex,authorized,2,516.74,2025-02-27,braintree
ORD001267,P01036,visa,captured,3,159.32,2025-05-18,stripe
ORD000889,P00910,apple_pay,captured,1,568.09,2025-04-30,braintree
ORD000545,P01269,mastercard,authorized,1,163.68,2025-08-02,stripe
ORD000026,P01328,amex,captured,1,493.85,2025-11-27,stripe
ORD000277,P00063,klarna,authorized,3,549.38,2025-01-16,stripe
ORD001204,P00886,visa,authorized,3,143.64,2025-11-02,stripe
ORD000763,P00646,visa,captured,3,145.36,2025-04-11,adyen
ORD000320,P00568,mastercard,failed,1,56.37,2025-08-26,stripe
ORD001144,P01374,amex,authorized,3,211.39,2025-12-10,stripe
ORD001391,P01148,klarna,failed,2,305.15,2025-09-25,stripe
ORD000796,P00239,paypal,authorized,1,60.72,2025-01-17,adyen
ORD000310,P01173,apple_pay,captured,1,96.34,2025-08-05,braintree
ORD000060,P00026,amex,authorized,3,259.07,2025-02-25,stripe
ORD000135,P00050,amex,authorized,2,116.28,2025-04-03,adyen
ORD000730,P00292,amex,authorized,1,466.36,2025-08-01,stripe
ORD001027,P00838,visa,captured,3,200.25,2025-08-01,stripe
ORD000651,P01221,paypal,failed,2,37.34,2025-12-16,adyen
ORD000251,P00842,mastercard,authorized,1,101.17,2025-04-14,adyen
ORD000518,P00739,klarna,authorized,2,191.27,2025-12-10,stripe
ORD000322,P00782,apple_pay,captured,3,96.02,2025-06-09,stripe
ORD000564,P01123,klarna,captured,1,137.18,2025-04-04,stripe
ORD000561,P00861,mastercard,failed,1,131.89,2025-08-16,stripe
ORD000912,P00261,visa,authorized,1,257.02,2025-08-13,adyen
ORD000258,P00113,amex,captured,3,319.21,2025-11-24,adyen
ORD001135,P00002,paypal,captured,1,377.32,2025-12-19,stripe
ORD000697,P00905,paypal,failed,2,546.54,2025-08-31,braintree
ORD000990,P00142,paypal,captured,2,415.96,2025-08-18,braintree
ORD000072,P00449,apple_pay,authorized,1,127.17,2025-04-15,stripe
ORD000268,P00846,mastercard,authorized,2,275.02,2025-03-22,stripe
ORD000985,P01306,mastercard,captured,3,440.41,2025-08-05,stripe
ORD000093,P00985,mastercard,captured,2,337.53,2025-09-11,braintree
ORD001090,P00907,amex,captured,1,109.92,2025-05-15,stripe
ORD000853,P01566,paypal,authorized,2,474.63,2025-07-06,stripe
ORD000866,P01525,apple_pay,authorized,3,126.02,2025-07-29,braintree
ORD001130,P00339,amex,captured,1,213.14,2025-06-30,stripe
ORD000213,P00544,amex,authorized,1,442.86,2025-01-17,braintree
ORD000886,P00206,klarna,refunded,2,581.92,2025-06-28,adyen
ORD001124,P00439,amex,failed,2,535.32,2025-03-20,stripe
ORD000456,P01153,visa,authorized,2,582.19,2025-02-11,adyen
ORD000143,P01448,amex,captured,2,244.08,2025-06-21,adyen
ORD000869,P00390,visa,authorized,1,267.15,2025-10-16,stripe
ORD001168,P01081,amex,refunded,3,106.09,2025-10-18,adyen
ORD000999,P01222,klarna,captured,3,288.85,2025-05-07,stripe
ORD001201,P00988,apple_pay,captured,1,470.45,2025-07-27,adyen
ORD000146,P01141,klarna,captured,2,50.67,2025-03-09,adyen
ORD001089,P00113,mastercard,authorized,2,198.22,2025-04-13,braintree
ORD000128,P00058,amex,authorized,2,556.09,2025-06-10,adyen
ORD000122,P01352,klarna,authorized,2,117.71,2025-05-23,braintree
ORD001096,P01527,apple_pay,captured,2,185.3,2025-08-23,stripe
ORD001131,P01217,mastercard,authorized,1,561.68,2025-09-30,stripe
ORD001125,P01332,klarna,refunded,3,213.43,2025-07-22,stripe
ORD001075,P01556,visa,captured,3,500.24,2025-01-11,stripe
ORD000793,P01553,mastercard,failed,2,179.39,2025-10-26,braintree
ORD000662,P00777,paypal,authorized,1,161.64,2025-06-16,stripe
ORD000847,P00137,paypal,failed,3,120.38,2025-11-04,stripe
ORD000495,P00135,apple_pay,captured,1,46.97,2025-04-10,stripe
ORD000710,P00737,apple_pay,captured,1,255.06,2025-08-15,braintree
ORD000478,P00780,mastercard,failed,1,430.92,2025-03-31,stripe
ORD000639,P01576,amex,captured,1,308.15,2025-07-21,braintree
ORD000912,P00421,apple_pay,captured,2,250.33,2025-11-02,stripe
ORD000889,P00456,klarna,refunded,1,130.62,2025-07-26,stripe
ORD000987,P00784,klarna,authorized,1,413.27,2025-12-31,stripe
ORD001178,P00564,klarna,authorized,3,159.19,2025-05-24,braintree
ORD000693,P00305,apple_pay,chargeback,3,28.93,2025-02-16,stripe
ORD001186,P00816,amex,refunded,2,579.08,2025-06-21,stripe
ORD001372,P00979,apple_pay,captured,2,566.07,2025-11-01,stripe
ORD000711,P01021,visa,failed,1,136.53,2025-07-12,stripe
ORD001175,P00633,klarna,refunded,3,150.77,2025-08-12,stripe
ORD000845,P01388,klarna,captured,1,352.26,2025-10-20,stripe
ORD000772,P01170,paypal,authorized,1,262.18,2025-04-06,stripe
ORD000233,P00362,paypal,captured,2,533.8,2025-09-30,adyen
ORD001302,P00186,paypal,captured,1,261.88,2025-12-15,stripe
ORD000843,P00120,visa,authorized,3,90.14,2025-03-13,stripe
ORD000441,P00138,mastercard,refunded,2,332.53,2025-03-09,braintree
ORD000243,P00609,apple_pay,captured,3,76.82,2025-12-23,adyen
ORD001306,P01586,visa,failed,2,273.85,2025-12-21,adyen
ORD001302,P00982,apple_pay,captured,1,350.59,2025-12-19,stripe
ORD001395,P01127,mastercard,authorized,1,567.75,2025-11-09,stripe
ORD000214,P00856,visa,captured,3,183.08,2025-04-12,stripe
ORD000990,P01306,paypal,captured,1,393.16,2025-07-24,stripe
ORD000582,P01062,mastercard,captured,3,10.11,2025-12-31,stripe
ORD000260,P01305,amex,authorized,1,524.15,2025-09-14,stripe
ORD000816,P00892,klarna,failed,3,197.09,2025-07-11,stripe
ORD001059,P00106,apple_pay,authorized,3,152.09,2025-08-10,stripe
ORD001249,P00027,klarna,captured,2,70.48,2025-03-24,stripe
ORD001274,P00870,amex,captured,1,473.3,2025-05-09,stripe
ORD000581,P01563,amex,chargeback,3,43.38,2025-09-20,stripe
ORD000914,P00223,apple_pay,captured,1,374.55,2025-12-18,stripe
ORD000780,P00006,visa,authorized,3,196.16,2025-01-18,stripe
ORD000160,P00429,klarna,chargeback,3,429.57,2025-06-01,adyen
ORD001261,P00147,amex,refunded,3,579.82,2025-09-08,stripe
ORD000632,P01210,amex,authorized,2,172.17,2025-06-19,stripe
ORD000392,P00529,paypal,failed,2,375.63,2025-11-01,stripe
ORD000032,P00184,visa,refunded,1,228.62,2025-08-24,adyen
ORD000159,P00434,mastercard,authorized,2,310.57,2025-05-08,stripe
ORD000649,P01405,visa,failed,3,59.14,2025-10-07,stripe
ORD000508,P00597,paypal,authorized,1,130.57,2025-05-03,stripe
ORD000426,P00342,apple_pay,failed,3,478.6,2025-05-31,braintree
ORD001118,P01081,visa,authorized,2,213.51,2025-04-10,stripe
ORD000240,P00565,visa,captured,3,10.6,2025-12-31,stripe
ORD001301,P01119,apple_pay,failed,1,199.3,2025-05-29,adyen
ORD000347,P01458,amex,authorized,1,405.11,2025-12-15,stripe
ORD000829,P00264,klarna,failed,3,583.24,2025-07-29,stripe
ORD000410,P01065,paypal,authorized,1,513.93,2025-02-15,adyen
ORD000073,P00849,apple_pay,authorized,3,456.55,2025-10-06,braintree
ORD000986,P00109,amex,refunded,3,558.3,2025-03-13,stripe
ORD000138,P00467,mastercard,refunded,1,399.06,2025-11-20,adyen
ORD001322,P01456,apple_pay,captured,3,316.31,2025-12-19,stripe
ORD000579,P00774,paypal,refunded,2,328.36,2025-07-20,adyen
ORD001233,P00358,paypal,authorized,3,567.1,2025-05-26,adyen
ORD000396,P01164,amex,captured,3,11.26,2025-06-23,adyen
ORD001317,P00096,paypal,refunded,1,314.24,2025-10-11,stripe
ORD000084,P00932,amex,refunded,1,463.76,2025-05-17,stripe
ORD001139,P00556,klarna,captured,1,32.48,2025-01-19,adyen
ORD000465,P01171,apple_pay,captured,2,495.68,2025-08-06,stripe
ORD000417,P00125,amex,captured,2,507.94,2025-09-27,braintree
ORD001253,P01010,klarna,authorized,3,318.92,2025-02-22,stripe
ORD001377,P00993,visa,failed,3,498.98,2025-05-12,braintree
ORD000763,P01204,apple_pay,authorized,1,94.15,2025-06-20,stripe
ORD000232,P00516,amex,captured,1,566.41,2025-08-12,stripe
ORD001388,P00655,mastercard,authorized,2,38.82,2025-07-05,braintree
ORD001293,P01090,apple_pay,captured,3,31.98,2025-10-03,stripe
ORD001199,P00337,paypal,refunded,2,319.17,2025-08-18,stripe
ORD000813,P01329,visa,captured,2,443.79,2025-09-18,stripe
ORD000896,P00570,mastercard,refunded,3,423.03,2025-01-26,stripe
ORD000062,P01568,amex,captured,2,334.62,2025-12-02,braintree
ORD001335,P00875,paypal,authorized,1,472.34,2025-06-06,adyen
ORD000693,P01355,apple_pay,failed,3,368.55,2025-06-04,adyen
ORD000389,P01570,amex,authorized,1,511.62,2025-10-06,stripe
ORD000380,P00489,apple_pay,authorized,1,78.32,2025-06-01,stripe
ORD000225,P01328,apple_pay,captured,1,589.04,2025-10-14,adyen
ORD000146,P01050,amex,authorized,2,529.63,2025-10-29,stripe
ORD000051,P01414,klarna,refunded,2,538.21,2025-07-18,stripe
ORD000379,P00954,klarna,captured,2,224.53,2025-07-26,stripe
ORD001209,P01521,mastercard,authorized,1,568.65,2025-11-15,adyen
ORD000570,P00528,paypal,captured,2,93.49,2025-09-30,stripe
ORD000600,P00131,klarna,authorized,2,55.95,2025-10-03,stripe
ORD001262,P01027,paypal,captured,1,245.24,2025-09-13,braintree
ORD000865,P00162,apple_pay,authorized,2,560.52,2025-10-19,stripe
ORD000387,P01114,apple_pay,failed,1,581.04,2025-10-08,stripe
ORD000655,P00708,paypal,authorized,3,301.18,2025-10-17,stripe
ORD000137,P00072,amex,authorized,2,453.63,2025-05-29,stripe
ORD000258,P01531,paypal,captured,3,327.56,2025-09-23,adyen
ORD000003,P01362,apple_pay,captured,2,76.94,2025-07-08,stripe
ORD001038,P00651,mastercard,captured,2,395.35,2025-11-09,stripe
ORD001116,P00255,klarna,captured,3,96.65,2025-06-30,stripe
ORD001040,P00495,mastercard,authorized,1,397.16,2025-02-05,stripe
ORD000693,P01014,amex,captured,3,151.86,2025-10-25,stripe
ORD001210,P00655,visa,refunded,1,165.36,2025-07-03,stripe
ORD000090,P01137,klarna,authorized,3,408.21,2025-01-16,stripe
ORD000356,P00096,apple_pay,captured,3,284.31,2025-10-29,stripe
ORD000627,P01305,visa,captured,2,499.84,2025-01-19,stripe
ORD000772,P01003,mastercard,failed,2,411.36,2025-02-09,stripe
ORD000212,P00376,paypal,authorized,2,184.05,2025-09-17,adyen
ORD000476,P00148,amex,authorized,2,468.5,2025-02-26,stripe
ORD000097,P00529,visa,captured,1,48.16,2025-04-09,stripe
ORD001004,P01350,klarna,captured,3,443.55,2025-05-27,stripe
ORD000537,P00911,amex,authorized,1,237.38,2025-12-22,stripe
ORD000242,P01568,apple_pay,failed,1,188.25,2025-07-25,adyen
ORD000421,P00620,apple_pay,captured,2,318.37,2025-12-21,stripe
ORD000571,P01066,mastercard,refunded,2,545.2,2025-09-22,adyen
ORD000839,P01266,amex,refunded,1,161.48,2025-04-16,stripe
ORD000272,P01545,apple_pay,failed,2,599.64,2025-07-24,stripe
ORD000530,P00624,apple_pay,captured,3,357.44,2025-05-03,adyen
ORD000540,P00770,mastercard,captured,1,158.75,2025-03-21,stripe
ORD000961,P01418,mastercard,failed,1,417.75,2025-07-14,stripe
ORD000956,P00200,apple_pay,authorized,3,443.88,2025-11-06,stripe
ORD000519,P00556,amex,failed,1,323.6,2025-10-16,adyen
ORD001221,P01279,visa,captured,3,87.05,2025-04-07,stripe
ORD001233,P00470,amex,failed,3,490.91,2025-04-05,adyen
ORD000514,P01105,visa,captured,2,488.04,2025-11-10,stripe
ORD000859,P00171,paypal,captured,2,461.49,2025-08-19,adyen
ORD000663,P00425,klarna,captured,3,455.87,2025-06-30,stripe
ORD000654,P01057,visa,captured,1,234.98,2025-10-28,stripe
ORD000052,P01122,mastercard,captured,1,300.71,2025-01-15,stripe
ORD000257,P00432,paypal,captured,1,400.26,2025-10-02,stripe
ORD000563,P00651,visa,authorized,2,107.76,2025-06-25,stripe
ORD000568,P00367,paypal,refunded,3,366.49,2025-06-27,adyen
ORD000142,P00829,mastercard,failed,2,75.02,2025-08-27,adyen
ORD001142,P00048,paypal,failed,3,510.22,2025-03-24,stripe
ORD000545,P00544,amex,refunded,2,80.7,2025-11-18,adyen
ORD000711,P00726,klarna,captured,3,465.72,2025-01-31,adyen
ORD000919,P00349,klarna,refunded,3,140.98,2025-08-01,adyen
ORD001208,P01007,klarna,captured,1,557.74,2025-06-23,stripe
ORD000896,P00294,visa,authorized,2,398.2,2025-12-28,stripe
ORD000658,P00807,klarna,authorized,2,264.38,2025-08-26,braintree
ORD001287,P01404,visa,authorized,2,35.74,2025-05-19,stripe
ORD001122,P00721,mastercard,authorized,3,368.23,2025-06-03,adyen
ORD001176,P01284,klarna,captured,2,233.04,2025-03-31,stripe
ORD000416,P00931,klarna,chargeback,3,480.99,2025-01-19,adyen
ORD001303,P01329,mastercard,authorized,3,477.7,2025-06-11,adyen
ORD001194,P00932,klarna,refunded,1,415.35,2025-01-08,braintree
ORD001309,P00889,visa,failed,1,168.02,2025-08-29,adyen
ORD000486,P01203,amex,failed,3,112.04,2025-11-26,stripe
ORD000498,P00143,visa,failed,3,303.26,2025-02-04,stripe
ORD000082,P00454,paypal,chargeback,3,276.89,2025-12-21,adyen
ORD001177,P00734,klarna,authorized,1,407.04,2025-02-02,adyen
ORD001155,P00107,paypal,captured,3,324.36,2025-06-23,stripe
ORD001131,P01581,paypal,captured,1,302.01,2025-08-16,stripe
ORD000576,P01240,mastercard,authorized,2,293.67,2025-08-22,adyen
ORD000768,P01240,paypal,captured,3,307.5,2025-05-21,stripe
ORD000594,P01101,mastercard,captured,1,524.58,2025-01-17,adyen
ORD000941,P01593,paypal,chargeback,2,110.81,2025-10-13,braintree
ORD000435,P00171,visa,authorized,2,21.07,2025-06-18,stripe
ORD001287,P00448,paypal,refunded,2,140.89,2025-04-07,stripe
ORD000584,P00720,amex,authorized,1,193.07,2025-06-14,braintree
ORD000523,P01165,apple_pay,captured,2,371.33,2025-06-08,stripe
ORD000579,P00476,klarna,captured,3,507.15,2025-08-06,adyen
ORD000496,P00020,klarna,refunded,1,430.7,2025-07-07,stripe
ORD000242,P01101,amex,captured,2,598.99,2025-08-07,stripe
ORD001138,P01073,paypal,authorized,2,10.42,2025-12-10,stripe
ORD001077,P01428,paypal,refunded,2,122.17,2025-12-03,stripe
ORD001345,P00558,klarna,authorized,3,61.39,2025-01-03,braintree
ORD000394,P01392,apple_pay,refunded,1,401.52,2025-08-24,adyen
ORD000424,P00791,visa,authorized,1,261.91,2025-03-21,stripe
ORD000200,P00539,apple_pay,authorized,3,193.67,2025-01-25,stripe
ORD000229,P00957,amex,authorized,3,194.47,2025-02-03,adyen
ORD001332,P00233,klarna,captured,1,536.86,2025-08-21,stripe
ORD001157,P01019,paypal,failed,1,54.55,2025-12-28,stripe
ORD000950,P01061,amex,captured,2,194.91,2025-10-12,adyen
ORD001297,P00426,mastercard,authorized,3,304.94,2025-02-18,stripe
ORD001078,P00748,klarna,captured,2,252.84,2025-03-18,stripe
ORD001001,P01227,visa,captured,3,415.64,2025-10-28,stripe
ORD000162,P00608,visa,captured,2,368.42,2025-08-10,stripe
ORD000158,P00199,visa,captured,3,482.28,2025-07-09,stripe
ORD000511,P00206,paypal,captured,1,508.06,2025-03-08,stripe
ORD001109,P01146,mastercard,captured,3,245.96,2025-10-13,stripe
ORD000295,P00683,paypal,captured,3,520.98,2025-11-01,braintree
ORD000800,P00227,apple_pay,authorized,3,382.98,2025-04-21,stripe
ORD001058,P01592,mastercard,refunded,1,517.62,2025-12-31,adyen
ORD001199,P01162,visa,failed,3,284.57,2025-06-23,stripe
ORD000311,P00725,amex,failed,3,25.08,2025-01-15,stripe
ORD000122,P01134,paypal,failed,3,398.2,2025-12-23,stripe
ORD001331,P01512,apple_pay,captured,1,579.94,2025-03-12,adyen
ORD001319,P00650,visa,refunded,3,558.87,2025-02-04,stripe
ORD001328,P01085,klarna,captured,3,99.7,2025-06-15,stripe
ORD001053,P01056,paypal,captured,1,298.84,2025-08-15,adyen
ORD000300,P00153,amex,failed,1,524.96,2025-08-18,stripe
ORD000388,P01226,mastercard,failed,3,255.75,2025-12-16,braintree
ORD000168,P00294,klarna,captured,3,315.72,2025-06-18,stripe
ORD000075,P01117,visa,failed,2,598.58,2025-02-16,adyen
ORD000377,P00590,amex,captured,2,294.76,2025-06-15,adyen
ORD000260,P01120,amex,captured,3,122.12,2025-11-03,stripe
ORD000975,P01347,paypal,refunded,2,32.82,2025-01-05,stripe
ORD000044,P00249,mastercard,captured,3,282.21,2025-04-11,braintree
ORD000074,P01346,klarna,failed,3,313.62,2025-09-04,stripe
ORD000741,P01027,amex,failed,1,552.76,2025-03-15,stripe
ORD000197,P01157,apple_pay,authorized,1,477.27,2025-06-27,stripe
ORD000031,P00405,paypal,refunded,1,47.09,2025-03-02,stripe
ORD000309,P01252,mastercard,authorized,3,491.92,2025-02-16,stripe
ORD000273,P01284,klarna,failed,1,51.02,2025-09-26,stripe
ORD000652,P00798,amex,failed,3,18.29,2025-10-12,braintree
ORD000326,P00477,paypal,captured,2,332.71,2025-01-14,stripe
ORD000207,P00499,paypal,refunded,3,322.58,2025-07-15,adyen
ORD000655,P00199,paypal,captured,2,196.7,2025-06-03,braintree
ORD000074,P01389,paypal,captured,2,281.73,2025-05-15,stripe
ORD001203,P01264,paypal,captured,1,553.02,2025-09-12,adyen
ORD000580,P01255,apple_pay,captured,1,409.07,2025-08-21,stripe
ORD001189,P00445,amex,captured,1,212.02,2025-02-20,stripe
ORD000228,P01264,apple_pay,authorized,1,561.03,2025-12-21,stripe
ORD001220,P00739,paypal,captured,1,106.15,2025-03-23,stripe
ORD000600,P00556,klarna,refunded,3,113.36,2025-07-19,stripe
ORD000824,P01291,paypal,captured,3,147.47,2025-02-25,stripe
ORD000130,P00114,paypal,refunded,1,147.17,2025-08-08,stripe
ORD000504,P01271,amex,captured,2,51.89,2025-01-10,braintree
ORD000941,P00743,amex,refunded,3,192.7,2025-04-09,braintree
ORD000608,P00892,apple_pay,failed,1,333.71,2025-06-16,adyen
ORD000384,P00459,paypal,captured,3,141.44,2025-02-05,stripe
ORD000865,P00515,amex,captured,2,73.04,2025-07-01,braintree
ORD000849,P00610,apple_pay,chargeback,3,393.78,2025-08-01,braintree
ORD000820,P01362,visa,refunded,1,257.79,2025-12-12,adyen
ORD001064,P00628,visa,captured,3,395.47,2025-05-17,adyen
ORD000985,P01373,paypal,failed,3,156.34,2025-09-23,stripe
ORD000493,P00977,amex,refunded,1,456.09,2025-04-07,braintree
ORD000877,P01362,apple_pay,authorized,3,583.94,2025-12-21,stripe
ORD000833,P01512,paypal,captured,1,164.13,2025-12-19,adyen
ORD000696,P00025,apple_pay,failed,1,387.23,2025-10-04,stripe
ORD001166,P00035,mastercard,authorized,3,461.38,2025-03-19,stripe
ORD001118,P00363,mastercard,failed,3,330.53,2025-12-24,braintree
ORD000772,P01595,mastercard,authorized,1,181.77,2025-05-26,adyen
ORD000715,P01123,paypal,captured,3,136.51,2025-04-01,adyen
ORD000310,P00562,apple_pay,captured,3,391.49,2025-05-27,stripe
ORD001255,P00122,klarna,captured,1,293.14,2025-03-03,stripe
ORD000507,P00855,mastercard,authorized,1,504.0,2025-05-11,stripe
ORD001022,P00345,visa,captured,1,62.72,2025-05-23,adyen
ORD001116,P00051,klarna,authorized,1,29.31,2025-12-30,stripe
ORD000489,P00688,paypal,authorized,1,228.8,2025-06-29,stripe
ORD000775,P00212,amex,failed,3,289.87,2025-09-28,stripe
ORD001179,P01508,mastercard,authorized,1,387.34,2025-10-29,stripe
ORD001065,P00762,klarna,authorized,2,77.29,2025-12-11,stripe
ORD000262,P00706,apple_pay,authorized,2,356.5,2025-07-17,adyen
ORD001251,P00908,mastercard,captured,1,489.69,2025-08-02,adyen
ORD001121,P00273,mastercard,authorized,3,546.63,2025-12-14,stripe
ORD000005,P00196,klarna,captured,1,540.86,2025-09-06,stripe
ORD001335,P00641,apple_pay,captured,1,315.9,2025-04-16,braintree
ORD000287,P00871,apple_pay,authorized,1,540.56,2025-08-05,stripe
ORD000150,P01210,visa,authorized,3,327.19,2025-07-31,adyen
ORD001205,P00135,paypal,captured,3,53.28,2025-08-02,stripe
ORD001288,P01478,visa,refunded,2,584.47,2025-08-26,stripe
ORD000980,P00894,amex,authorized,2,11.54,2025-06-07,stripe
ORD001042,P00628,visa,captured,2,178.62,2025-02-26,stripe
ORD001178,P01389,mastercard,refunded,2,37.36,2025-05-14,stripe
ORD000435,P01161,mastercard,authorized,3,330.76,2025-10-14,stripe
ORD000507,P01493,mastercard,captured,1,344.78,2025-12-31,stripe
ORD000789,P00641,klarna,failed,3,386.38,2025-08-22,adyen
ORD000304,P00686,amex,refunded,3,92.81,2025-10-11,stripe
ORD001241,P00365,visa,authorized,3,20.28,2025-03-12,stripe
ORD001251,P00429,klarna,captured,2,166.75,2025-10-14,stripe
ORD000638,P01438,visa,captured,1,40.38,2025-05-31,stripe
ORD001189,P00747,visa,captured,2,30.82,2025-09-14,stripe
ORD000561,P00493,klarna,captured,2,165.73,2025-08-22,stripe
ORD000911,P01434,amex,captured,2,599.31,2025-10-05,adyen
ORD000044,P01014,amex,refunded,1,484.0,2025-09-25,stripe
ORD000797,P01364,mastercard,captured,1,223.43,2025-08-24,stripe
ORD000332,P00399,paypal,captured,1,231.9,2025-06-02,stripe
ORD000424,P00677,amex,captured,3,558.61,2025-10-25,stripe
ORD001268,P00881,visa,authorized,1,400.57,2025-09-21,adyen
ORD000491,P01363,klarna,captured,2,503.81,2025-02-20,braintree
ORD000521,P00761,klarna,authorized,3,520.03,2025-04-06,stripe
ORD000068,P00463,mastercard,captured,2,109.88,2025-04-09,stripe
ORD000866,P01268,paypal,captured,1,19.5,2025-04-22,adyen
ORD001008,P00443,amex,failed,1,168.27,2025-09-14,adyen
ORD000356,P01401,visa,failed,3,360.7,2025-01-05,adyen
ORD000564,P00046,amex,captured,2,546.04,2025-04-06,adyen
ORD000853,P01461,paypal,captured,3,192.08,2025-06-27,stripe
ORD001244,P01535,visa,captured,3,511.58,2025-03-07,adyen
ORD001208,P01150,amex,captured,2,400.69,2025-03-10,stripe
ORD001324,P01592,mastercard,authorized,3,396.16,2025-06-07,stripe
ORD000188,P00549,amex,authorized,2,432.61,2025-08-08,braintree
ORD000383,P01150,paypal,failed,3,311.8,2025-05-03,stripe
ORD001043,P00371,amex,chargeback,3,407.42,2025-12-19,stripe
ORD001379,P00035,apple_pay,captured,1,478.03,2025-06-02,stripe
ORD000776,P00965,paypal,authorized,1,357.74,2025-12-31,stripe
ORD001226,P00811,apple_pay,authorized,3,33.14,2025-07-25,stripe
ORD000956,P00523,paypal,authorized,2,311.25,2025-05-17,braintree
ORD001231,P01211,apple_pay,refunded,3,362.22,2025-02-11,adyen
ORD000069,P00429,visa,captured,1,526.46,2025-09-25,adyen
ORD001103,P00469,klarna,refunded,2,13.08,2025-07-16,stripe
ORD001000,P00052,apple_pay,captured,1,38.66,2025-12-17,stripe
ORD000996,P00082,mastercard,captured,1,227.08,2025-12-20,stripe
ORD001249,P00355,visa,captured,2,483.75,2025-07-11,stripe
ORD000213,P00921,visa,authorized,2,295.75,2025-03-31,stripe
ORD000342,P01510,apple_pay,captured,1,190.1,2025-05-02,stripe
ORD000888,P00957,amex,failed,2,419.02,2025-01-27,braintree
ORD001130,P01584,mastercard,authorized,2,307.57,2025-02-26,stripe
ORD000396,P00668,mastercard,authorized,1,348.49,2025-05-31,stripe
ORD001220,P01210,amex,captured,3,262.72,2025-03-06,braintree
ORD000299,P00580,visa,chargeback,1,437.78,2025-11-09,adyen
ORD000817,P00914,paypal,chargeback,2,19.19,2025-11-08,stripe
ORD000394,P01320,visa,authorized,3,10.99,2025-03-06,stripe
ORD000183,P01360,paypal,failed,1,412.87,2025-04-05,adyen
ORD000570,P01122,visa,failed,1,25.73,2025-10-30,stripe
ORD000726,P01255,apple_pay,refunded,1,208.94,2025-04-09,stripe
ORD000488,P01201,mastercard,authorized,2,226.13,2025-04-06,adyen
ORD000901,P01139,paypal,chargeback,1,372.15,2025-09-30,stripe
ORD000334,P00465,amex,failed,1,465.73,2025-05-27,stripe
ORD001246,P00913,klarna,captured,2,494.88,2025-11-02,stripe
ORD001076,P00049,apple_pay,authorized,1,175.29,2025-07-13,braintree
ORD000371,P00344,klarna,authorized,2,105.76,2025-03-18,braintree
ORD001350,P00856,apple_pay,captured,3,588.67,2025-02-25,stripe
ORD000423,P01419,klarna,failed,3,35.81,2025-09-09,stripe
ORD000152,P00983,mastercard,failed,2,490.15,2025-06-13,stripe
ORD001152,P01178,mastercard,refunded,1,21.87,2025-06-13,stripe
ORD000781,P00527,apple_pay,captured,1,296.22,2025-09-06,stripe
ORD000967,P00536,visa,refunded,3,388.48,2025-04-12,adyen
ORD000512,P01249,mastercard,refunded,1,291.85,2025-12-31,braintree
ORD001195,P01083,apple_pay,authorized,1,343.18,2025-07-09,stripe
ORD000642,P00492,amex,authorized,3,24.97,2025-11-10,stripe
ORD000082,P00219,mastercard,failed,2,100.99,2025-10-11,stripe
ORD000753,P00689,mastercard,captured,1,336.45,2025-08-10,stripe
ORD000489,P00917,apple_pay,authorized,3,498.35,2025-02-06,braintree
ORD000284,P00980,amex,failed,3,333.57,2025-09-26,stripe
ORD000925,P00799,visa,captured,3,304.69,2025-01-26,adyen
ORD000749,P01481,paypal,captured,3,593.03,2025-09-27,stripe
ORD000252,P01057,apple_pay,refunded,2,240.0,2025-11-29,stripe
ORD000735,P01152,visa,authorized,3,237.43,2025-07-14,stripe
ORD000776,P00459,visa,authorized,1,53.67,2025-12-18,adyen
ORD000784,P00073,paypal,captured,1,472.08,2025-08-17,adyen
ORD000041,P00833,klarna,captured,2,49.95,2025-07-12,stripe
ORD001378,P00393,visa,captured,2,90.33,2025-07-14,stripe
ORD001256,P00584,paypal,captured,3,43.49,2025-02-22,stripe
ORD000423,P00754,apple_pay,captured,3,123.51,2025-01-25,stripe
ORD000460,P00351,visa,failed,1,268.95,2025-01-29,stripe
ORD000137,P00818,mastercard,captured,1,34.78,2025-11-23,stripe
ORD000229,P00201,paypal,authorized,1,252.75,2025-02-26,adyen
ORD000774,P00364,paypal,authorized,3,293.82,2025-08-21,stripe
ORD001102,P01229,paypal,captured,2,75.37,2025-04-14,adyen
ORD001253,P00651,mastercard,authorized,2,42.53,2025-05-20,braintree
ORD001270,P00406,klarna,authorized,3,195.49,2025-09-07,stripe
ORD000827,P01260,amex,failed,2,393.82,2025-11-15,stripe
ORD000719,P00613,paypal,failed,2,368.21,2025-02-10,braintree
ORD000907,P01499,paypal,authorized,3,84.7,2025-07-11,stripe
ORD000519,P00331,paypal,failed,1,64.23,2025-02-19,stripe
ORD000587,P01006,mastercard,captured,2,120.26,2025-03-15,stripe
ORD001350,P00785,mastercard,captured,3,525.87,2025-09-18,stripe
ORD000904,P00393,visa,refunded,3,559.68,2025-01-11,braintree
ORD000017,P01427,apple_pay,captured,3,317.75,2025-04-04,stripe
ORD001193,P01041,mastercard,captured,1,542.34,2025-07-23,stripe
ORD000791,P01591,visa,captured,2,87.53,2025-03-20,stripe
ORD000596,P00961,visa,refunded,2,397.77,2025-05-21,stripe
ORD001275,P01074,klarna,authorized,1,392.77,2025-08-01,braintree
ORD000030,P00972,amex,captured,2,275.1,2025-11-26,adyen
ORD001258,P01384,paypal,authorized,1,445.3,2025-01-29,adyen
ORD000642,P00119,paypal,captured,2,290.25,2025-07-05,stripe
ORD001126,P00718,klarna,captured,2,515.32,2025-08-18,braintree
ORD000096,P01456,klarna,failed,3,90.15,2025-06-24,braintree
ORD000508,P00341,apple_pay,authorized,3,20.22,2025-01-08,braintree
ORD000567,P00234,klarna,captured,2,233.09,2025-10-05,braintree
ORD000620,P00815,mastercard,authorized,2,85.88,2025-03-27,adyen
ORD001039,P00472,amex,captured,3,115.69,2025-02-06,adyen
ORD001047,P00675,mastercard,authorized,1,38.17,2025-06-14,stripe
ORD000920,P00178,apple_pay,captured,1,264.06,2025-03-11,stripe
ORD000632,P00041,mastercard,captured,3,444.97,2025-08-19,adyen
ORD000123,P00354,apple_pay,chargeback,3,338.44,2025-07-16,stripe
ORD000500,P00418,mastercard,captured,2,220.44,2025-03-16,adyen
ORD000104,P00544,apple_pay,authorized,3,16.91,2025-12-02,stripe
ORD001245,P01326,visa,failed,3,310.35,2025-11-17,stripe
ORD001359,P00631,apple_pay,authorized,3,203.35,2025-04-25,stripe
ORD001006,P01338,apple_pay,failed,2,150.94,2025-12-02,braintree
ORD000389,P00666,paypal,captured,3,276.41,2025-04-29,stripe
ORD001013,P00843,paypal,authorized,2,110.34,2025-06-25,adyen
ORD001132,P01407,amex,chargeback,1,199.75,2025-07-26,stripe
ORD000849,P00685,paypal,captured,1,556.44,2025-04-10,adyen
ORD000681,P01008,paypal,failed,3,370.4,2025-08-08,adyen
ORD000904,P00085,amex,captured,1,593.95,2025-02-10,braintree
ORD001108,P00176,paypal,captured,1,380.45,2025-08-09,stripe
ORD001336,P01249,visa,captured,3,67.22,2025-12-09,adyen
ORD001380,P01184,amex,captured,2,402.83,2025-04-29,stripe
ORD000472,P00225,amex,failed,3,520.86,2025-02-18,stripe
ORD000796,P01222,klarna,authorized,3,548.5,2025-07-31,stripe
ORD000754,P00990,mastercard,captured,2,337.17,2025-04-20,adyen
ORD000866,P00311,klarna,authorized,2,80.88,2025-09-29,braintree
ORD000759,P00421,klarna,captured,2,389.41,2025-05-01,adyen
ORD000934,P00945,apple_pay,authorized,2,94.36,2025-01-23,stripe
ORD000115,P00398,apple_pay,captured,1,43.06,2025-04-08,stripe
ORD001042,P01157,mastercard,captured,1,134.92,2025-10-29,stripe
ORD001312,P01318,visa,captured,3,67.25,2025-01-01,stripe
ORD000928,P00493,apple_pay,refunded,3,272.79,2025-11-20,adyen
ORD000119,P00586,apple_pay,authorized,1,566.91,2025-03-17,stripe
ORD000662,P00779,apple_pay,captured,1,399.63,2025-04-10,adyen
ORD000228,P00770,paypal,captured,2,419.74,2025-10-01,stripe
ORD000861,P00194,klarna,captured,1,484.13,2025-12-07,stripe
ORD000696,P01232,visa,captured,2,151.15,2025-03-16,stripe
ORD000205,P00804,visa,authorized,3,347.73,2025-11-30,stripe
ORD001342,P01370,visa,captured,2,430.63,2025-10-06,adyen
ORD000821,P01076,mastercard,authorized,3,189.39,2025-01-10,adyen
ORD000087,P00919,visa,authorized,2,238.67,2025-06-01,braintree
ORD000915,P00956,visa,refunded,3,423.79,2025-04-03,stripe
ORD000670,P00360,apple_pay,refunded,3,486.99,2025-01-30,stripe
ORD000010,P01272,visa,captured,2,223.36,2025-12-04,stripe
ORD000662,P00199,apple_pay,authorized,3,379.16,2025-10-29,adyen
ORD000193,P00292,paypal,captured,1,401.94,2025-11-16,stripe
ORD000326,P01206,paypal,captured,3,558.04,2025-08-20,braintree
ORD000367,P00611,visa,captured,3,474.6,2025-09-24,stripe
ORD000402,P00133,visa,failed,2,124.77,2025-08-12,adyen
ORD001333,P00516,visa,captured,1,379.13,2025-01-17,adyen
ORD000520,P00288,mastercard,captured,1,575.06,2025-02-24,stripe
ORD000969,P00244,klarna,authorized,1,233.18,2025-11-21,stripe
ORD001280,P00338,amex,captured,3,461.52,2025-08-16,stripe
ORD001093,P00650,mastercard,captured,1,328.13,2025-04-29,stripe
ORD000064,P00989,mastercard,captured,1,268.31,2025-10-18,stripe
ORD000989,P01139,amex,captured,3,346.46,2025-07-12,adyen
ORD001356,P01164,paypal,authorized,3,260.83,2025-12-30,stripe
ORD000782,P00848,apple_pay,refunded,1,197.64,2025-07-01,adyen
ORD000059,P00799,visa,failed,1,459.06,2025-09-02,stripe
ORD000131,P01013,apple_pay,captured,3,324.28,2025-12-25,stripe
ORD000502,P01557,visa,authorized,3,561.57,2025-06-07,adyen
ORD000760,P00152,mastercard,authorized,3,15.16,2025-12-05,stripe
ORD000847,P00266,paypal,authorized,3,463.92,2025-10-26,stripe
ORD001101,P00837,visa,captured,3,102.83,2025-01-14,stripe
ORD000033,P01046,mastercard,authorized,2,459.12,2025-01-19,stripe
ORD000577,P00370,paypal,failed,1,523.44,2025-02-03,stripe
ORD000331,P00108,apple_pay,captured,3,472.59,2025-06-03,stripe
ORD000415,P00588,visa,captured,1,360.37,2025-10-24,stripe
ORD000887,P00110,apple_pay,refunded,1,82.4,2025-09-25,adyen
ORD000809,P01563,amex,captured,2,576.63,2025-09-27,stripe
ORD000704,P00204,paypal,captured,2,202.55,2025-05-12,stripe
ORD001167,P00711,mastercard,chargeback,2,26.66,2025-01-17,stripe
ORD000893,P00737,klarna,captured,2,11.11,2025-01-22,braintree
ORD001274,P01352,apple_pay,captured,3,445.79,2025-02-20,stripe
ORD000160,P00003,paypal,captured,3,501.48,2025-02-10,adyen
ORD000936,P00848,mastercard,captured,3,483.79,2025-12-12,stripe
ORD000319,P01207,apple_pay,failed,2,339.83,2025-03-03,stripe
ORD000189,P01329,amex,captured,2,382.81,2025-04-27,adyen
ORD001111,P00662,paypal,authorized,1,545.02,2025-10-31,stripe
ORD000215,P00027,paypal,refunded,3,401.54,2025-03-17,stripe
ORD000032,P00611,apple_pay,captured,1,217.2,2025-09-21,stripe
ORD000800,P01266,klarna,failed,1,570.74,2025-06-19,stripe
ORD000602,P00526,amex,authorized,3,579.69,2025-10-06,braintree
ORD001136,P01253,visa,captured,3,380.46,2025-04-20,braintree
ORD001180,P00441,amex,refunded,3,344.0,2025-11-28,stripe
ORD000316,P01474,amex,captured,1,562.74,2025-09-24,adyen
ORD001110,P00301,amex,authorized,3,469.06,2025-04-21,stripe
ORD000232,P00412,amex,captured,2,80.04,2025-09-01,stripe
ORD001191,P00698,paypal,authorized,1,575.32,2025-09-29,stripe
ORD000264,P00134,paypal,captured,1,437.38,2025-12-27,adyen
ORD001049,P00780,amex,authorized,3,446.02,2025-05-14,adyen
ORD000550,P00406,paypal,authorized,3,246.55,2025-12-23,braintree
ORD001155,P00248,klarna,authorized,2,14.98,2025-10-14,adyen
ORD001153,P00778,paypal,captured,2,170.32,2025-06-09,stripe
ORD000781,P01007,paypal,captured,3,205.36,2025-09-12,braintree
ORD001060,P00445,mastercard,authorized,2,278.97,2025-07-26,stripe
ORD001269,P00892,amex,captured,3,423.79,2025-12-28,braintree
ORD001245,P01510,visa,captured,1,275.86,2025-01-23,stripe
ORD000666,P00429,paypal,chargeback,1,229.56,2025-10-04,stripe
ORD001274,P01139,visa,failed,2,156.39,2025-11-01,braintree
ORD000397,P01049,apple_pay,refunded,2,463.41,2025-01-03,stripe
ORD000336,P01117,klarna,failed,1,474.63,2025-07-05,braintree
ORD000944,P01403,apple_pay,captured,1,224.29,2025-09-13,stripe
ORD000834,P00647,visa,authorized,1,138.36,2025-11-07,adyen
ORD000882,P00293,paypal,failed,2,139.83,2025-02-07,adyen
ORD001152,P01008,amex,failed,3,401.06,2025-04-12,stripe
ORD000354,P00303,visa,authorized,1,465.82,2025-07-19,adyen
ORD000591,P01424,apple_pay,authorized,3,473.14,2025-08-23,stripe
ORD000896,P00024,klarna,captured,2,523.69,2025-02-27,braintree
ORD000037,P01586,amex,authorized,1,455.14,2025-10-28,braintree
ORD000100,P00682,klarna,chargeback,1,296.7,2025-06-30,adyen
ORD000317,P00895,visa,authorized,3,167.74,2025-05-27,braintree
ORD000143,P00747,klarna,authorized,1,230.53,2025-10-17,adyen
ORD000001,P00848,apple_pay,authorized,2,177.4,2025-07-07,braintree
ORD000093,P01497,apple_pay,captured,2,68.7,2025-04-16,adyen
ORD001125,P00797,paypal,captured,3,94.9,2025-06-09,adyen
ORD000999,P00463,visa,captured,2,17.49,2025-02-25,braintree
ORD000929,P00746,amex,authorized,3,126.08,2025-11-04,stripe
ORD000846,P01514,klarna,refunded,3,502.77,2025-04-25,stripe
ORD001027,P00631,amex,captured,1,326.91,2025-05-08,braintree
ORD000024,P01517,visa,authorized,2,239.77,2025-03-05,adyen
ORD000916,P01165,amex,authorized,2,150.06,2025-05-17,stripe
ORD001268,P01248,visa,captured,2,358.02,2025-03-09,stripe
ORD000507,P01182,amex,captured,2,584.3,2025-01-17,stripe
ORD000898,P00117,paypal,captured,3,215.3,2025-09-12,stripe
ORD000528,P00040,visa,authorized,3,510.03,2025-05-18,stripe
ORD000009,P01392,amex,failed,2,564.11,2025-09-15,stripe
ORD000526,P01137,paypal,captured,1,474.29,2025-03-23,stripe
ORD000146,P00499,apple_pay,authorized,3,358.95,2025-07-13,braintree
ORD000925,P01224,visa,captured,3,188.2,2025-03-18,stripe
ORD001361,P01003,paypal,captured,3,29.7,2025-04-03,braintree
ORD000034,P00590,paypal,chargeback,2,444.59,2025-12-20,stripe
ORD001191,P00910,visa,captured,3,574.02,2025-07-13,braintree
ORD000328,P00023,visa,authorized,3,416.63,2025-01-03,adyen
ORD000476,P01233,paypal,chargeback,1,31.37,2025-12-13,stripe
ORD000466,P01555,klarna,captured,1,92.27,2025-10-28,stripe
ORD000891,P00710,klarna,captured,1,241.84,2025-05-21,braintree
ORD000091,P01349,apple_pay,authorized,1,593.68,2025-03-29,adyen
ORD000420,P00954,klarna,captured,1,60.09,2025-06-04,stripe
ORD000453,P01517,paypal,chargeback,1,197.55,2025-10-10,braintree
ORD000792,P00832,visa,refunded,3,335.61,2025-06-30,stripe
ORD000628,P00043,paypal,chargeback,2,76.06,2025-03-05,stripe
ORD000311,P00742,amex,failed,3,79.39,2025-03-07,stripe
ORD000205,P00315,mastercard,captured,3,50.53,2025-12-29,braintree
ORD000945,P00999,visa,captured,1,306.64,2025-03-31,stripe
ORD000038,P00870,visa,authorized,1,179.05,2025-07-31,adyen
ORD001062,P00216,apple_pay,failed,2,33.31,2025-09-10,stripe
ORD001195,P00907,mastercard,captured,1,306.08,2025-02-26,stripe
ORD001129,P00113,paypal,captured,2,440.97,2025-02-28,stripe
ORD001228,P01470,mastercard,captured,2,404.62,2025-04-24,braintree
ORD001255,P01421,amex,authorized,3,413.74,2025-08-09,stripe
ORD000721,P01451,amex,failed,1,334.87,2025-11-05,braintree
ORD000978,P00378,mastercard,chargeback,1,470.93,2025-05-21,stripe
ORD001350,P00934,amex,captured,1,46.8,2025-04-15,braintree
ORD000417,P00800,apple_pay,authorized,1,122.52,2025-04-22,stripe
ORD000815,P00615,paypal,refunded,3,424.95,2025-10-10,stripe
ORD000355,P00787,apple_pay,captured,2,208.09,2025-07-20,stripe
ORD000112,P01309,klarna,captured,3,150.92,2025-08-15,stripe
ORD000593,P00096,amex,refunded,1,25.96,2025-03-24,braintree
ORD001314,P00638,apple_pay,captured,3,522.4,2025-08-23,stripe
ORD000816,P00802,visa,captured,3,504.41,2025-04-24,braintree
ORD001085,P00624,paypal,captured,3,45.68,2025-11-20,stripe
ORD000933,P00938,amex,captured,2,189.59,2025-07-11,adyen
ORD000523,P01491,visa,authorized,3,136.59,2025-02-26,stripe
ORD000376,P01434,klarna,authorized,2,132.0,2025-08-28,braintree
ORD001298,P00225,apple_pay,captured,3,162.27,2025-01-10,adyen
ORD000981,P01096,paypal,authorized,3,185.25,2025-11-02,braintree
ORD000623,P00732,apple_pay,refunded,3,426.85,2025-05-29,stripe
ORD000393,P00057,apple_pay,captured,1,582.21,2025-10-29,stripe
ORD000186,P00874,apple_pay,captured,3,36.81,2025-12-10,adyen
ORD000140,P01207,mastercard,authorized,1,200.51,2025-07-01,adyen
ORD000066,P00268,amex,captured,2,403.78,2025-02-10,stripe
ORD000576,P01266,amex,captured,3,190.5,2025-01-28,stripe
ORD000019,P00566,klarna,failed,1,122.76,2025-04-27,stripe
ORD000305,P00999,visa,authorized,3,109.02,2025-03-10,stripe
ORD001247,P00593,klarna,captured,1,362.79,2025-09-18,stripe
ORD000330,P00775,amex,failed,1,99.12,2025-01-01,stripe
ORD001007,P01436,apple_pay,captured,1,66.96,2025-09-18,stripe
ORD001274,P01575,mastercard,failed,3,452.32,2025-03-09,stripe
ORD000137,P00883,klarna,failed,3,212.82,2025-02-15,stripe
ORD001141,P00972,paypal,captured,2,537.78,2025-01-12,stripe
ORD000309,P00739,klarna,captured,1,302.87,2025-10-22,adyen
ORD000071,P01343,amex,captured,2,87.75,2025-09-18,braintree
ORD000615,P01572,klarna,authorized,3,123.73,2025-11-24,stripe
ORD001113,P00548,klarna,authorized,3,530.07,2025-07-19,braintree
ORD000473,P00361,visa,captured,3,84.08,2025-08-06,adyen
ORD000215,P01425,amex,refunded,1,196.16,2025-01-14,braintree
ORD001050,P00872,amex,captured,3,189.02,2025-01-08,stripe
ORD000129,P00969,mastercard,captured,2,592.76,2025-08-14,adyen
ORD000813,P01473,klarna,failed,2,584.91,2025-07-06,stripe
ORD000886,P00670,visa,captured,2,418.32,2025-10-25,braintree
ORD001117,P00228,mastercard,authorized,3,148.95,2025-07-21,stripe
ORD000481,P00485,mastercard,authorized,2,115.78,2025-01-11,stripe
ORD000294,P00184,amex,failed,1,45.46,2025-08-24,braintree
ORD001133,P00284,apple_pay,captured,2,46.17,2025-02-16,stripe
ORD000063,P00571,visa,captured,1,565.08,2025-11-20,braintree
ORD001164,P00546,paypal,captured,3,366.07,2025-06-21,stripe
ORD001391,P00920,amex,captured,3,127.0,2025-06-11,stripe
ORD000491,P00384,paypal,captured,2,470.98,2025-01-16,stripe
ORD000216,P00442,visa,captured,3,55.09,2025-04-22,adyen
ORD000504,P00375,klarna,authorized,3,318.21,2025-01-08,stripe
ORD001113,P01327,paypal,authorized,2,125.51,2025-02-09,braintree
ORD000311,P01140,mastercard,captured,1,274.69,2025-08-01,adyen
ORD000868,P00998,apple_pay,authorized,3,145.15,2025-06-27,stripe
ORD001281,P00193,amex,failed,2,90.54,2025-07-25,stripe
ORD000371,P01074,amex,authorized,1,556.84,2025-10-22,stripe
ORD000210,P00268,mastercard,captured,3,552.76,2025-10-22,adyen
ORD000282,P00478,amex,captured,1,301.04,2025-11-18,braintree
ORD001020,P00295,mastercard,captured,1,473.86,2025-01-29,braintree
ORD000043,P00809,apple_pay,authorized,3,129.03,2025-01-28,stripe
ORD000203,P00148,amex,failed,3,244.21,2025-11-24,stripe
ORD000342,P01277,visa,captured,1,143.07,2025-11-14,stripe
ORD000424,P01030,apple_pay,authorized,2,59.42,2025-01-07,adyen
ORD000732,P01537,klarna,authorized,1,260.09,2025-01-11,stripe
ORD001023,P00003,klarna,refunded,3,449.49,2025-04-20,braintree
ORD000932,P00440,amex,captured,3,449.44,2025-07-20,stripe
ORD000087,P01110,mastercard,captured,1,271.6,2025-01-18,stripe
ORD001167,P00325,mastercard,authorized,1,273.33,2025-06-13,adyen
ORD001192,P00362,amex,captured,2,365.71,2025-03-31,stripe
ORD000240,P00087,visa,captured,1,560.54,2025-12-03,braintree
ORD000674,P00825,klarna,authorized,2,98.54,2025-10-25,stripe
ORD000321,P00729,mastercard,failed,1,248.9,2025-07-11,stripe
ORD001131,P01174,apple_pay,refunded,3,544.35,2025-02-15,braintree
ORD000914,P00411,amex,captured,3,333.74,2025-04-07,stripe
ORD000464,P00328,apple_pay,authorized,1,477.81,2025-03-15,stripe
ORD001066,P00169,klarna,captured,2,282.95,2025-11-10,adyen
ORD001194,P01495,amex,refunded,3,553.42,2025-08-12,braintree
ORD000265,P01003,klarna,captured,3,535.26,2025-05-06,braintree
ORD000598,P00850,amex,authorized,2,273.11,2025-01-08,braintree
ORD000648,P00211,mastercard,captured,2,12.96,2025-10-31,stripe
ORD001240,P01465,apple_pay,captured,3,344.03,2025-08-08,braintree
ORD000964,P00006,visa,authorized,1,130.31,2025-03-29,stripe
ORD001307,P00035,visa,refunded,3,151.93,2025-11-23,stripe
ORD000936,P00121,amex,authorized,1,263.55,2025-10-03,stripe
ORD000277,P00251,paypal,captured,3,275.49,2025-01-26,stripe
ORD000105,P00768,amex,captured,3,517.79,2025-01-03,stripe
ORD000507,P00292,visa,captured,1,28.46,2025-01-03,braintree
ORD001206,P01068,paypal,authorized,2,184.1,2025-04-09,braintree
ORD000138,P00822,paypal,captured,3,383.07,2025-05-29,stripe
ORD000488,P00293,mastercard,captured,1,376.97,2025-12-06,stripe
ORD000050,P01407,paypal,failed,2,197.48,2025-11-06,stripe
ORD000677,P01120,amex,authorized,3,114.99,2025-12-31,stripe
ORD001250,P01444,visa,authorized,2,173.44,2025-12-08,braintree
ORD000930,P00027,apple_pay,refunded,3,536.48,2025-01-02,adyen
ORD001102,P00242,amex,captured,1,165.09,2025-10-20,stripe
ORD001002,P00916,klarna,captured,2,300.13,2025-12-04,braintree
ORD001370,P00036,mastercard,captured,3,565.97,2025-08-26,stripe
ORD000411,P01030,visa,authorized,1,79.87,2025-12-18,adyen
ORD001293,P00353,apple_pay,refunded,2,523.73,2025-06-05,stripe
ORD001141,P01336,klarna,captured,2,448.59,2025-10-15,adyen
ORD000895,P00156,klarna,refunded,3,296.4,2025-10-15,stripe
ORD000410,P01410,klarna,captured,3,569.88,2025-03-24,stripe
ORD000566,P01554,mastercard,failed,2,53.9,2025-10-04,adyen
ORD000508,P00176,apple_pay,captured,3,514.21,2025-06-23,stripe
ORD000395,P01369,visa,authorized,2,126.63,2025-03-09,stripe
ORD000491,P01511,amex,captured,2,218.98,2025-02-09,adyen
ORD000832,P01526,klarna,refunded,1,82.19,2025-09-19,stripe
ORD000165,P01141,paypal,captured,1,302.22,2025-10-24,stripe
ORD000305,P01120,klarna,captured,1,109.76,2025-10-17,adyen
ORD001227,P01138,klarna,authorized,1,160.51,2025-12-21,stripe
ORD000863,P01314,apple_pay,captured,3,45.18,2025-11-25,stripe
ORD000438,P01130,apple_pay,captured,1,190.01,2025-03-09,stripe
ORD000203,P01567,amex,captured,3,106.67,2025-09-24,stripe
ORD000312,P00553,paypal,captured,2,414.35,2025-03-22,stripe
ORD000479,P01381,visa,authorized,1,386.52,2025-09-25,adyen
ORD001049,P01486,paypal,captured,3,402.62,2025-06-07,adyen
ORD000909,P00047,klarna,captured,2,408.85,2025-11-26,stripe
ORD001353,P00250,visa,authorized,3,70.87,2025-02-15,stripe
ORD000547,P01318,amex,captured,3,136.16,2025-03-12,braintree
ORD000682,P00514,klarna,failed,3,445.11,2025-08-15,adyen
ORD000117,P00884,amex,authorized,2,294.49,2025-07-20,stripe
ORD000177,P01007,paypal,authorized,1,381.76,2025-11-10,adyen
ORD000251,P01141,apple_pay,captured,2,43.4,2025-11-23,braintree
ORD000450,P00656,apple_pay,captured,3,237.92,2025-04-06,braintree
ORD001197,P00728,apple_pay,failed,3,268.42,2025-08-19,stripe
ORD000892,P01259,visa,failed,2,418.49,2025-10-04,adyen
ORD000839,P00764,visa,captured,1,548.12,2025-12-06,adyen
ORD001355,P00034,apple_pay,authorized,3,348.98,2025-05-10,adyen
ORD001376,P00268,klarna,authorized,2,459.06,2025-01-19,braintree
ORD001017,P00333,mastercard,captured,2,389.66,2025-05-09,stripe
ORD000923,P00754,paypal,captured,2,546.84,2025-03-20,stripe
ORD000041,P01191,visa,authorized,2,488.36,2025-01-18,adyen
ORD001317,P00606,mastercard,failed,2,155.91,2025-03-22,braintree
ORD000949,P00171,amex,chargeback,2,141.16,2025-03-12,braintree
ORD000774,P01595,visa,captured,1,548.02,2025-01-29,stripe
ORD000384,P00681,paypal,captured,2,362.49,2025-10-08,braintree
ORD001010,P00839,paypal,failed,1,275.27,2025-08-16,stripe
ORD000105,P00032,visa,authorized,1,423.08,2025-02-26,braintree
ORD000741,P00365,paypal,refunded,3,176.21,2025-05-27,adyen
ORD001117,P01078,amex,captured,1,487.07,2025-11-02,stripe
ORD001310,P01238,visa,captured,3,321.37,2025-03-30,stripe
ORD000054,P00672,mastercard,authorized,2,523.88,2025-03-28,stripe
ORD000383,P01121,paypal,captured,3,389.78,2025-09-23,stripe
ORD000858,P00843,apple_pay,authorized,2,163.53,2025-05-26,stripe
ORD000908,P01201,amex,authorized,3,579.62,2025-09-04,braintree
ORD001065,P01333,paypal,captured,2,247.43,2025-03-12,stripe
ORD000567,P00167,amex,authorized,1,461.9,2025-01-15,braintree
ORD000765,P00017,klarna,authorized,2,160.76,2025-07-16,stripe
ORD000373,P00358,klarna,refunded,2,256.08,2025-06-10,stripe
ORD001214,P00922,amex,authorized,1,445.59,2025-11-05,adyen
ORD000398,P00613,mastercard,captured,2,420.79,2025-09-20,stripe
ORD001039,P01213,paypal,authorized,1,564.01,2025-05-04,stripe
ORD000999,P00198,klarna,captured,2,480.72,2025-02-07,adyen
ORD000952,P00032,paypal,chargeback,1,201.27,2025-07-17,stripe
ORD000753,P00163,amex,captured,1,519.34,2025-10-18,stripe
ORD000121,P00595,apple_pay,refunded,2,553.43,2025-04-21,adyen
ORD001001,P01451,mastercard,captured,1,572.92,2025-08-13,stripe
ORD000285,P00287,mastercard,captured,1,541.27,2025-01-12,stripe
ORD000601,P01274,visa,authorized,1,420.27,2025-09-20,stripe
ORD000870,P01542,klarna,refunded,2,479.53,2025-11-02,adyen
ORD000519,P01173,klarna,failed,1,392.23,2025-04-02,braintree
ORD000463,P00890,klarna,authorized,1,198.63,2025-09-02,stripe
ORD001253,P01192,visa,authorized,3,491.5,2025-09-30,stripe
ORD001298,P01148,klarna,captured,2,144.27,2025-03-29,stripe
ORD000334,P01114,mastercard,authorized,3,264.47,2025-03-05,braintree
ORD000950,P01391,klarna,captured,2,212.67,2025-05-21,braintree
ORD000776,P01073,amex,refunded,2,111.57,2025-11-11,stripe
ORD001365,P01501,mastercard,failed,1,481.36,2025-05-15,stripe
ORD001215,P00565,paypal,captured,1,288.44,2025-03-17,adyen
ORD000577,P00766,apple_pay,authorized,3,320.92,2025-04-15,adyen
ORD000122,P01066,amex,captured,1,306.2,2025-04-08,adyen
ORD000879,P00831,apple_pay,refunded,1,416.73,2025-07-14,stripe
ORD000025,P01577,visa,failed,3,113.78,2025-09-02,stripe
ORD000255,P00825,klarna,failed,3,305.48,2025-04-11,stripe
ORD000902,P00495,paypal,failed,2,163.55,2025-05-02,adyen
ORD000594,P01413,paypal,captured,2,583.28,2025-06-28,stripe
ORD000157,P00825,klarna,authorized,2,45.5,2025-04-23,stripe
ORD000940,P00941,visa,failed,1,557.76,2025-06-15,braintree
ORD001108,P01222,klarna,captured,1,45.35,2025-01-23,braintree
ORD000584,P01542,mastercard,failed,3,74.47,2025-05-19,adyen
ORD000453,P00462,klarna,captured,3,544.7,2025-10-27,adyen
ORD000095,P00769,apple_pay,authorized,1,392.23,2025-06-09,adyen
ORD000384,P00004,amex,authorized,2,201.4,2025-06-17,stripe
ORD001363,P00202,visa,failed,3,357.13,2025-08-08,stripe
ORD000820,P00588,visa,captured,1,108.03,2025-05-24,adyen
ORD000924,P00747,visa,authorized,1,48.27,2025-06-03,stripe
ORD000840,P00236,visa,captured,3,39.04,2025-03-31,stripe
ORD000143,P01299,paypal,authorized,3,169.31,2025-10-04,adyen
ORD000067,P00291,klarna,captured,2,115.85,2025-07-22,stripe
ORD000197,P00629,apple_pay,captured,2,247.96,2025-01-07,adyen
ORD000506,P00622,apple_pay,captured,1,527.23,2025-07-24,stripe
ORD000796,P00222,klarna,chargeback,1,233.35,2025-05-12,braintree
ORD000605,P00040,paypal,authorized,2,245.15,2025-01-01,braintree
ORD000082,P00132,visa,chargeback,1,81.26,2025-07-05,stripe
ORD000752,P01218,amex,failed,2,593.33,2025-02-01,stripe
ORD000489,P00932,apple_pay,failed,3,95.7,2025-03-12,stripe
ORD000025,P00408,amex,failed,3,209.6,2025-08-12,braintree
ORD000459,P01224,mastercard,authorized,2,567.99,2025-07-07,stripe
ORD000016,P01450,amex,captured,1,278.41,2025-04-14,adyen
ORD000924,P00166,apple_pay,authorized,3,209.48,2025-11-13,stripe
ORD000596,P01012,amex,captured,3,431.95,2025-12-26,braintree
ORD000867,P00139,amex,authorized,2,29.49,2025-02-04,stripe
ORD001033,P00922,amex,authorized,3,199.51,2025-04-01,stripe
ORD000576,P01260,amex,refunded,2,352.34,2025-01-02,stripe
ORD000871,P00385,mastercard,refunded,3,594.7,2025-02-25,braintree
ORD000001,P00152,mastercard,captured,2,580.85,2025-05-14,stripe
ORD000533,P01024,visa,captured,1,379.45,2025-01-17,adyen
ORD001287,P00414,apple_pay,failed,1,210.67,2025-12-01,stripe
ORD001170,P00123,mastercard,refunded,1,334.53,2025-09-08,adyen
ORD001050,P00907,klarna,authorized,3,560.98,2025-01-31,stripe
ORD001307,P00770,klarna,authorized,3,403.63,2025-04-17,stripe
ORD000057,P00098,apple_pay,refunded,2,98.03,2025-09-18,stripe
ORD000573,P01365,klarna,authorized,2,583.21,2025-04-10,stripe
ORD000906,P01399,klarna,captured,3,542.3,2025-06-23,adyen
ORD000768,P01527,apple_pay,captured,3,137.9,2025-02-10,stripe
ORD000655,P00273,amex,captured,3,397.54,2025-11-12,braintree
ORD000330,P01405,klarna,authorized,2,528.15,2025-01-20,stripe
ORD000051,P00894,amex,captured,2,140.11,2025-02-05,stripe
ORD000168,P01222,visa,captured,2,554.95,2025-03-26,adyen
ORD001222,P00479,paypal,refunded,3,116.23,2025-05-14,braintree
ORD000712,P01299,visa,captured,3,220.73,2025-05-25,stripe
ORD001096,P00331,visa,refunded,2,566.44,2025-09-10,adyen
ORD000582,P01440,visa,authorized,3,568.53,2025-08-30,adyen
ORD001036,P00885,klarna,authorized,1,23.74,2025-01-02,adyen
ORD001233,P00436,visa,refunded,2,521.17,2025-02-06,braintree
ORD001291,P01264,amex,authorized,1,419.3,2025-04-26,stripe
ORD000572,P01004,apple_pay,authorized,3,524.32,2025-05-14,adyen
ORD000290,P00846,apple_pay,authorized,1,282.53,2025-10-09,braintree
ORD000449,P00469,visa,captured,1,589.09,2025-12-29,stripe
ORD001167,P00588,klarna,failed,2,451.46,2025-04-02,adyen
ORD001361,P01487,klarna,refunded,2,458.02,2025-09-06,stripe
ORD001325,P00035,klarna,authorized,2,261.89,2025-04-11,stripe
ORD000917,P00496,paypal,captured,1,241.47,2025-12-31,stripe
ORD000535,P00807,paypal,captured,3,131.28,2025-08-16,stripe
ORD001062,P01245,mastercard,chargeback,3,44.36,2025-01-29,stripe
ORD001187,P00872,visa,captured,1,541.86,2025-02-04,braintree
ORD001375,P00462,apple_pay,captured,3,358.51,2025-05-28,stripe
ORD001354,P01179,klarna,authorized,3,339.29,2025-06-12,stripe
ORD000014,P01381,apple_pay,captured,3,209.44,2025-03-26,stripe
ORD000942,P01227,paypal,captured,2,446.42,2025-01-30,adyen
ORD001211,P00331,paypal,captured,2,250.06,2025-12-10,stripe
ORD000900,P01203,mastercard,captured,2,487.5,2025-09-08,adyen
ORD000293,P01512,visa,captured,3,57.1,2025-11-27,stripe
ORD001131,P01475,mastercard,authorized,3,155.98,2025-04-15,adyen
ORD001294,P00669,amex,captured,1,177.21,2025-07-27,adyen
ORD000012,P00070,mastercard,captured,3,23.76,2025-08-21,adyen
ORD000597,P00690,paypal,authorized,2,401.43,2025-04-23,adyen
ORD000687,P01408,apple_pay,captured,2,423.96,2025-08-24,braintree
ORD000758,P00810,apple_pay,refunded,3,253.9,2025-07-18,stripe
ORD000558,P00851,apple_pay,captured,2,479.32,2025-11-09,stripe
ORD001179,P00334,mastercard,captured,1,572.7,2025-11-14,stripe
ORD000475,P00641,klarna,captured,3,444.65,2025-12-05,braintree
ORD000621,P00398,klarna,captured,1,407.23,2025-07-29,stripe
ORD000728,P01311,amex,authorized,2,275.28,2025-01-21,adyen
ORD000548,P01355,mastercard,captured,2,336.55,2025-10-07,braintree
ORD001279,P00683,klarna,authorized,1,179.99,2025-05-31,stripe
ORD000705,P00489,klarna,captured,3,154.03,2025-09-09,stripe
ORD000796,P00723,amex,captured,2,25.46,2025-09-01,stripe
ORD000315,P00072,visa,authorized,2,293.71,2025-02-05,stripe
ORD000674,P00387,paypal,refunded,1,142.8,2025-03-11,stripe
ORD000963,P01323,apple_pay,refunded,3,285.74,2025-10-04,stripe
ORD000125,P01370,amex,authorized,1,489.29,2025-07-22,stripe
ORD000575,P00210,visa,captured,3,226.61,2025-03-18,stripe
ORD000698,P00172,apple_pay,authorized,1,199.92,2025-11-08,stripe
ORD001174,P01013,apple_pay,refunded,1,273.63,2025-11-14,stripe
ORD001311,P01164,klarna,captured,1,302.34,2025-03-23,adyen
ORD001389,P00927,klarna,captured,3,170.87,2025-04-24,stripe
ORD000686,P01092,amex,chargeback,3,363.95,2025-03-12,braintree
ORD000244,P00586,mastercard,captured,2,27.11,2025-07-25,stripe
ORD001191,P00948,visa,refunded,3,296.81,2025-10-08,stripe
ORD000579,P00232,visa,authorized,2,392.92,2025-04-15,stripe
ORD000887,P01148,apple_pay,authorized,3,285.1,2025-01-07,stripe
ORD001185,P00824,klarna,captured,1,587.17,2025-01-04,braintree
ORD000751,P01015,paypal,refunded,2,101.47,2025-04-07,adyen
ORD000880,P01483,klarna,authorized,2,277.3,2025-10-12,stripe
ORD000641,P00932,mastercard,captured,2,182.16,2025-05-13,braintree
ORD000552,P00813,apple_pay,failed,3,542.9,2025-09-18,adyen
ORD000926,P01510,amex,authorized,3,115.97,2025-11-28,adyen
ORD000226,P00873,amex,captured,2,317.64,2025-12-04,stripe
ORD000802,P00239,paypal,authorized,3,260.35,2025-04-24,stripe
ORD001372,P00851,visa,authorized,1,551.16,2025-07-28,stripe
ORD000366,P01196,amex,captured,1,338.99,2025-09-23,stripe
ORD000343,P00826,amex,failed,1,284.74,2025-03-10,braintree
ORD000574,P00315,amex,authorized,1,356.08,2025-09-11,stripe
ORD000745,P00761,apple_pay,captured,3,429.74,2025-03-04,stripe
ORD000841,P00949,mastercard,captured,2,28.87,2025-07-26,adyen
ORD000783,P01036,visa,captured,2,155.59,2025-05-23,stripe
ORD000048,P01222,paypal,captured,2,149.08,2025-05-20,stripe
ORD000485,P01401,visa,captured,1,255.19,2025-05-01,stripe
ORD000961,P01426,klarna,refunded,2,350.06,2025-06-28,stripe
ORD000618,P00176,klarna,refunded,3,550.37,2025-05-29,stripe
ORD001306,P00311,amex,authorized,1,343.8,2025-04-06,adyen
ORD001031,P00603,apple_pay,captured,1,117.06,2025-03-24,stripe
ORD001068,P01356,paypal,captured,3,320.26,2025-06-27,braintree
ORD000560,P00469,apple_pay,captured,3,262.86,2025-12-27,stripe
ORD001389,P00109,mastercard,captured,1,390.98,2025-08-26,braintree
ORD000685,P00259,klarna,refunded,1,385.73,2025-02-01,braintree
ORD000252,P01015,klarna,failed,3,399.49,2025-01-27,stripe
ORD000903,P01577,paypal,captured,1,598.4,2025-09-27,adyen
ORD000989,P00304,klarna,authorized,3,26.29,2025-07-19,stripe
ORD000432,P01542,mastercard,captured,2,459.72,2025-07-27,stripe
ORD000461,P01518,apple_pay,captured,3,514.36,2025-05-16,adyen
ORD000915,P00185,klarna,captured,3,154.63,2025-07-22,stripe
ORD000010,P01550,apple_pay,refunded,1,456.86,2025-08-02,adyen
ORD000601,P00049,klarna,chargeback,3,71.94,2025-08-12,stripe
ORD000932,P01119,mastercard,refunded,3,330.09,2025-12-11,stripe
ORD000453,P00550,visa,captured,1,200.21,2025-11-26,stripe
ORD000048,P00189,paypal,captured,3,144.52,2025-11-01,braintree
ORD000801,P00923,mastercard,captured,3,391.83,2025-09-04,adyen
ORD001213,P00505,paypal,refunded,1,247.55,2025-09-08,adyen
ORD000945,P01122,amex,captured,3,107.98,2025-04-09,adyen
ORD000122,P01422,klarna,authorized,3,367.89,2025-11-12,adyen
ORD000183,P00232,visa,authorized,2,309.02,2025-04-09,stripe
ORD000667,P00486,klarna,failed,3,34.92,2025-02-15,braintree
ORD000631,P00134,mastercard,captured,2,494.25,2025-10-30,stripe
ORD000718,P01376,mastercard,failed,1,592.18,2025-05-31,stripe
ORD001079,P00336,visa,captured,2,211.93,2025-06-24,adyen
ORD000365,P00887,apple_pay,authorized,2,592.51,2025-08-19,braintree
ORD000579,P01475,apple_pay,failed,1,597.53,2025-09-15,stripe
ORD000802,P00847,klarna,failed,2,283.98,2025-01-30,stripe
ORD000984,P01090,visa,authorized,3,553.2,2025-05-18,stripe
ORD000260,P00041,amex,authorized,3,471.55,2025-10-14,stripe
ORD001175,P01029,klarna,captured,3,502.35,2025-09-27,adyen
ORD000069,P01549,visa,authorized,2,82.28,2025-08-18,adyen
ORD000752,P01267,paypal,captured,3,470.39,2025-06-04,stripe
ORD001245,P00558,mastercard,refunded,3,149.56,2025-05-10,stripe
ORD000187,P01161,amex,authorized,3,451.01,2025-06-30,stripe
ORD000439,P00926,apple_pay,captured,3,149.18,2025-03-08,stripe
ORD000329,P00388,apple_pay,authorized,3,472.51,2025-12-05,stripe
ORD001162,P00645,visa,captured,2,537.32,2025-03-10,adyen
ORD000464,P01075,paypal,captured,3,306.03,2025-06-30,stripe
ORD000981,P00079,amex,authorized,2,265.61,2025-10-04,braintree
ORD000277,P00975,apple_pay,failed,3,95.96,2025-03-24,adyen
ORD000077,P00070,klarna,failed,3,149.23,2025-12-27,stripe
ORD000417,P01349,klarna,captured,2,595.41,2025-07-13,stripe
ORD000454,P00554,visa,refunded,3,441.18,2025-02-27,stripe
ORD000287,P00874,apple_pay,authorized,3,463.76,2025-01-04,braintree
ORD001255,P01308,klarna,captured,2,490.26,2025-04-24,stripe
ORD000425,P00893,apple_pay,failed,3,354.35,2025-04-12,adyen
ORD000593,P01022,amex,captured,3,270.26,2025-01-19,adyen
ORD000416,P00852,apple_pay,chargeback,1,215.37,2025-08-09,stripe
ORD000622,P00274,visa,captured,1,26.09,2025-07-08,stripe
ORD000267,P01473,amex,refunded,2,487.74,2025-01-26,stripe
ORD001016,P01402,apple_pay,authorized,1,520.28,2025-10-30,adyen
ORD001205,P00971,paypal,authorized,3,212.34,2025-06-16,braintree
ORD000846,P00356,mastercard,captured,3,313.86,2025-08-03,braintree
ORD001387,P00607,paypal,failed,1,351.03,2025-08-07,stripe
ORD000015,P00483,visa,authorized,1,397.9,2025-11-02,adyen
ORD000580,P01171,klarna,authorized,2,393.43,2025-03-24,stripe
ORD000948,P00682,paypal,chargeback,3,126.07,2025-01-16,braintree
ORD000309,P00777,paypal,captured,1,415.13,2025-03-21,stripe
ORD000670,P00626,amex,captured,2,454.0,2025-09-06,stripe
ORD001173,P00674,mastercard,authorized,1,20.19,2025-09-02,stripe
ORD000305,P00113,mastercard,failed,2,374.55,2025-04-24,braintree
ORD000610,P00252,amex,refunded,2,255.86,2025-12-22,adyen
ORD001282,P01474,amex,captured,1,532.23,2025-09-10,stripe
ORD000321,P00588,amex,authorized,1,566.8,2025-04-23,braintree
ORD001288,P00685,paypal,captured,2,354.41,2025-12-26,adyen
ORD000703,P00010,amex,captured,3,245.77,2025-03-17,stripe
ORD000613,P00844,mastercard,refunded,1,563.46,2025-01-12,stripe
ORD000619,P00566,paypal,failed,2,169.18,2025-12-26,stripe
ORD000593,P01287,mastercard,failed,2,300.61,2025-06-09,stripe
ORD000762,P00344,klarna,captured,1,218.34,2025-11-01,stripe
ORD000166,P01171,apple_pay,authorized,1,100.64,2025-11-10,braintree
ORD000435,P00501,mastercard,failed,1,537.64,2025-12-08,stripe
ORD001364,P00252,apple_pay,captured,2,157.79,2025-10-05,stripe
ORD000336,P00469,klarna,authorized,1,479.25,2025-01-17,stripe
ORD001345,P00004,apple_pay,failed,3,454.38,2025-07-18,stripe
ORD001028,P01205,apple_pay,authorized,2,403.43,2025-12-07,adyen
ORD000078,P01545,mastercard,captured,1,74.3,2025-10-07,adyen
ORD000431,P00076,mastercard,captured,3,246.38,2025-11-02,braintree
ORD000632,P01542,paypal,authorized,2,556.85,2025-10-15,stripe
ORD000790,P00762,mastercard,failed,2,225.89,2025-04-20,stripe
ORD001027,P00385,visa,captured,1,21.99,2025-10-11,stripe
ORD000020,P00096,klarna,captured,1,438.08,2025-08-16,adyen
ORD001296,P01088,amex,refunded,1,415.68,2025-07-31,adyen
ORD000347,P01160,apple_pay,refunded,2,352.29,2025-03-04,stripe
ORD001054,P00715,apple_pay,captured,3,224.09,2025-02-09,braintree
ORD000565,P00351,visa,captured,3,200.46,2025-06-02,braintree
ORD000239,P00515,mastercard,captured,3,145.43,2025-04-01,adyen
ORD001159,P00410,paypal,failed,3,359.13,2025-08-08,stripe
ORD000545,P01253,paypal,captured,3,597.72,2025-04-26,stripe
ORD000080,P01221,mastercard,captured,3,472.22,2025-02-10,adyen
ORD000732,P00753,visa,authorized,2,396.36,2025-01-13,stripe
ORD000286,P00360,paypal,refunded,1,346.01,2025-12-19,stripe
ORD000483,P00438,mastercard,refunded,2,426.14,2025-02-09,adyen
ORD000506,P00554,mastercard,authorized,1,306.13,2025-12-06,stripe
ORD001168,P00095,amex,captured,1,509.98,2025-07-24,stripe
ORD000579,P01499,amex,captured,2,353.31,2025-11-13,stripe
ORD000978,P00873,amex,authorized,2,156.0,2025-11-29,stripe
ORD000484,P01111,amex,authorized,2,342.35,2025-02-16,stripe
ORD000296,P01394,paypal,failed,3,154.79,2025-07-17,adyen
ORD000305,P00045,paypal,authorized,3,326.04,2025-09-02,stripe
ORD000105,P00951,visa,captured,1,484.72,2025-08-19,stripe
ORD000252,P00442,mastercard,refunded,1,439.26,2025-11-22,stripe
ORD000730,P00605,paypal,authorized,1,169.51,2025-03-03,stripe
ORD001193,P01084,apple_pay,captured,3,440.28,2025-02-20,stripe
ORD001384,P00487,visa,refunded,1,83.04,2025-11-01,stripe
ORD000804,P00142,apple_pay,failed,3,390.75,2025-08-25,adyen
ORD001357,P00496,visa,authorized,3,195.77,2025-12-02,braintree
ORD001253,P01136,paypal,authorized,3,374.12,2025-03-16,stripe
ORD000258,P00842,mastercard,failed,3,518.79,2025-01-21,stripe
ORD000183,P01485,klarna,authorized,3,88.92,2025-09-09,adyen
ORD001050,P00527,apple_pay,captured,1,420.92,2025-10-04,adyen
ORD000277,P01280,apple_pay,authorized,2,413.16,2025-08-25,stripe
ORD000985,P00624,apple_pay,failed,2,456.59,2025-01-18,braintree
ORD000257,P00069,visa,captured,2,581.89,2025-11-15,stripe
ORD000925,P00935,klarna,captured,1,294.95,2025-04-03,braintree
ORD000775,P00258,visa,failed,3,90.42,2025-06-27,braintree
ORD000849,P00683,paypal,authorized,2,420.61,2025-01-09,braintree
ORD001010,P01074,paypal,captured,1,331.73,2025-10-04,stripe
ORD000488,P00770,klarna,refunded,1,489.02,2025-10-26,stripe
ORD000014,P00286,apple_pay,captured,1,477.86,2025-03-12,stripe
ORD000951,P01245,apple_pay,authorized,2,442.54,2025-01-29,adyen
ORD001133,P01494,klarna,refunded,1,244.26,2025-08-23,stripe
ORD000886,P01224,visa,authorized,1,290.66,2025-07-22,stripe
ORD000935,P00938,visa,captured,2,550.47,2025-11-17,stripe
ORD000248,P00009,mastercard,authorized,1,267.22,2025-04-18,stripe
ORD001396,P00034,mastercard,captured,2,356.09,2025-09-21,adyen
ORD000614,P00883,amex,authorized,2,413.27,2025-11-06,braintree
ORD000076,P00778,apple_pay,authorized,1,78.28,2025-11-17,stripe
ORD001104,P00504,amex,captured,2,463.95,2025-01-31,stripe
ORD001335,P00673,klarna,authorized,2,18.82,2025-08-18,adyen
ORD000987,P00512,paypal,failed,3,589.42,2025-05-06,stripe
ORD000346,P00968,amex,captured,2,345.36,2025-07-21,stripe
ORD000731,P00031,apple_pay,captured,1,109.15,2025-09-02,stripe
ORD001203,P00315,amex,authorized,3,472.67,2025-11-30,stripe
ORD000133,P00005,visa,refunded,1,508.27,2025-06-21,stripe
ORD000417,P00746,klarna,captured,1,130.81,2025-04-29,adyen
ORD000566,P00867,visa,captured,3,34.34,2025-03-11,braintree
ORD001178,P01458,amex,authorized,3,319.45,2025-10-01,braintree
ORD000208,P00850,visa,refunded,1,387.93,2025-05-05,adyen
ORD000342,P00418,apple_pay,captured,3,109.28,2025-09-10,stripe
ORD000583,P00289,paypal,authorized,2,341.35,2025-04-08,braintree
ORD001191,P01539,klarna,authorized,2,320.57,2025-10-25,adyen
ORD001310,P01599,klarna,captured,3,519.52,2025-09-01,stripe
ORD000035,P00204,mastercard,authorized,2,491.34,2025-07-01,stripe
ORD000988,P01258,mastercard,captured,3,87.85,2025-12-27,adyen
ORD000960,P00330,mastercard,captured,1,427.14,2025-06-30,adyen
ORD000233,P01201,visa,captured,2,306.69,2025-07-17,stripe
ORD001065,P01400,klarna,failed,3,285.09,2025-01-13,stripe
ORD000955,P00154,visa,captured,1,105.78,2025-08-25,stripe
ORD000238,P00872,amex,authorized,3,451.11,2025-12-06,adyen
ORD000686,P01532,mastercard,captured,2,522.34,2025-08-01,stripe
ORD000343,P00566,visa,refunded,1,131.25,2025-05-22,stripe
ORD000759,P00806,apple_pay,failed,2,27.35,2025-08-25,stripe
ORD000910,P01007,paypal,failed,3,369.4,2025-07-21,adyen
ORD001201,P00415,klarna,failed,3,588.96,2025-03-19,stripe
ORD000530,P00176,paypal,authorized,1,410.5,2025-03-14,stripe
ORD001223,P00497,amex,authorized,2,159.1,2025-11-24,braintree
ORD000502,P01378,mastercard,authorized,3,524.91,2025-08-13,stripe
ORD001341,P00537,paypal,authorized,1,327.46,2025-11-20,stripe
ORD000145,P00663,apple_pay,failed,2,310.76,2025-05-07,stripe
ORD001013,P00662,visa,authorized,2,43.79,2025-12-15,adyen
ORD000548,P01074,mastercard,captured,2,45.8,2025-08-02,stripe
ORD000829,P01071,amex,authorized,1,351.79,2025-11-13,stripe
ORD000954,P00670,visa,failed,3,485.95,2025-09-26,stripe
ORD001047,P00532,visa,failed,2,454.37,2025-12-05,adyen
ORD000405,P00273,mastercard,failed,2,565.05,2025-08-11,stripe
ORD000036,P00832,amex,captured,3,306.63,2025-10-09,stripe
ORD001145,P00987,paypal,refunded,1,376.23,2025-01-12,adyen
ORD000454,P01339,apple_pay,refunded,3,380.04,2025-07-15,adyen
ORD001035,P00136,klarna,captured,3,234.32,2025-10-22,adyen
ORD000918,P00804,amex,captured,1,11.67,2025-10-26,stripe
ORD000943,P00142,paypal,captured,1,504.95,2025-07-24,braintree
ORD001123,P00169,visa,captured,2,49.58,2025-12-11,stripe
ORD001082,P01231,klarna,refunded,3,575.97,2025-03-29,adyen
ORD000025,P01292,mastercard,captured,3,507.87,2025-10-17,stripe
ORD000659,P00128,visa,authorized,1,71.23,2025-04-29,stripe
ORD000514,P01030,paypal,authorized,2,82.0,2025-04-05,stripe
ORD000079,P01345,amex,chargeback,2,444.9,2025-10-24,stripe
ORD001201,P00059,amex,captured,3,330.76,2025-10-22,stripe
ORD000552,P01201,amex,refunded,2,392.86,2025-12-08,adyen
ORD000396,P01262,paypal,captured,2,181.07,2025-06-06,stripe
ORD001340,P00853,apple_pay,authorized,2,531.38,2025-10-24,adyen
ORD000005,P00209,paypal,captured,1,330.35,2025-10-08,stripe
ORD001001,P00509,paypal,authorized,2,343.63,2025-11-20,stripe
ORD001128,P00282,apple_pay,captured,1,594.44,2025-04-25,stripe
ORD000864,P00604,apple_pay,captured,2,465.21,2025-06-28,stripe
ORD000061,P00113,mastercard,captured,2,416.4,2025-09-16,adyen
ORD000832,P00814,amex,captured,3,521.32,2025-06-02,stripe
ORD001271,P00082,amex,captured,3,594.66,2025-12-31,stripe
ORD000947,P00262,klarna,refunded,1,489.4,2025-10-26,stripe
ORD000392,P00853,paypal,authorized,2,485.77,2025-01-08,stripe
ORD000190,P00464,apple_pay,refunded,3,122.89,2025-05-25,stripe
ORD000742,P00859,apple_pay,captured,1,525.27,2025-07-15,adyen
ORD001125,P01033,klarna,captured,1,529.92,2025-09-15,stripe
ORD000234,P01560,paypal,authorized,3,362.26,2025-07-16,adyen
ORD000436,P01016,mastercard,authorized,3,393.87,2025-08-12,stripe
ORD001174,P00891,amex,captured,3,378.03,2025-08-02,stripe
ORD001236,P00878,visa,refunded,3,331.52,2025-02-25,stripe
ORD000655,P01472,apple_pay,captured,1,118.2,2025-05-10,stripe
ORD001186,P01326,paypal,authorized,3,398.04,2025-04-23,stripe
ORD001204,P01277,visa,failed,3,233.85,2025-05-16,stripe
ORD000819,P01425,amex,refunded,1,326.54,2025-03-19,adyen
ORD000005,P00153,apple_pay,captured,2,541.66,2025-12-15,stripe
ORD000884,P01201,apple_pay,authorized,3,74.41,2025-02-15,stripe
ORD001123,P00944,apple_pay,captured,1,573.72,2025-05-02,stripe
ORD001127,P00643,visa,refunded,3,345.23,2025-06-03,braintree
ORD001363,P01357,amex,authorized,1,570.39,2025-08-16,stripe
ORD000683,P01112,paypal,authorized,3,128.38,2025-03-14,stripe
ORD000478,P01466,visa,captured,1,42.03,2025-09-16,stripe
ORD000643,P01109,mastercard,captured,1,376.4,2025-01-27,braintree
ORD001135,P00194,klarna,authorized,2,320.85,2025-01-22,adyen
ORD001153,P01277,paypal,captured,3,443.58,2025-03-17,stripe
ORD000902,P01053,paypal,refunded,1,364.86,2025-03-22,stripe
ORD000248,P00304,visa,failed,2,313.43,2025-08-14,adyen
ORD001183,P00355,paypal,authorized,2,542.5,2025-10-22,adyen
ORD001237,P00714,klarna,refunded,3,200.81,2025-10-23,stripe
ORD001119,P00699,klarna,captured,2,170.21,2025-03-07,stripe
ORD001096,P00477,mastercard,authorized,2,484.36,2025-06-18,stripe
ORD001309,P00261,mastercard,authorized,1,217.47,2025-03-05,stripe
ORD000233,P00962,paypal,chargeback,1,342.21,2025-08-11,stripe
ORD001318,P00891,klarna,authorized,1,372.29,2025-04-02,stripe
ORD001085,P01537,visa,authorized,3,183.73,2025-08-26,stripe
ORD000731,P01289,mastercard,captured,2,219.89,2025-10-10,adyen
ORD000358,P00258,visa,failed,1,34.01,2025-08-26,stripe
ORD000095,P00779,apple_pay,authorized,1,174.93,2025-01-03,stripe
ORD001309,P01425,amex,captured,3,202.39,2025-12-27,braintree
ORD000293,P00166,apple_pay,failed,2,19.92,2025-06-15,stripe
ORD001235,P00769,visa,failed,1,495.67,2025-08-11,stripe
ORD000091,P01242,visa,failed,1,532.36,2025-09-08,stripe
ORD000245,P00194,paypal,authorized,3,114.59,2025-07-19,stripe
ORD000849,P01292,amex,refunded,1,367.21,2025-12-16,stripe
ORD000701,P00204,mastercard,captured,2,270.76,2025-11-13,stripe
ORD001139,P00098,mastercard,captured,3,85.41,2025-08-28,stripe
ORD001263,P01241,apple_pay,authorized,1,24.73,2025-08-15,stripe
ORD001205,P00763,visa,captured,1,401.49,2025-05-08,braintree
ORD001387,P00322,klarna,authorized,3,57.02,2025-06-17,stripe
ORD000082,P00027,visa,captured,3,535.7,2025-01-03,stripe
ORD000817,P00143,apple_pay,authorized,1,475.9,2025-09-28,adyen
ORD000047,P01268,paypal,captured,2,437.33,2025-02-17,stripe
ORD000016,P00364,visa,authorized,1,507.23,2025-03-23,stripe
ORD000447,P01081,apple_pay,captured,3,72.9,2025-07-30,stripe
ORD001245,P01044,amex,captured,3,379.87,2025-09-03,stripe
ORD000569,P00198,mastercard,captured,3,131.77,2025-01-13,braintree
ORD000690,P00645,visa,refunded,1,316.66,2025-10-08,braintree
ORD001232,P01163,visa,captured,3,221.54,2025-02-20,adyen
ORD000805,P01031,amex,failed,1,82.21,2025-08-22,stripe
ORD000371,P00322,mastercard,captured,1,443.38,2025-10-12,stripe
ORD000515,P01140,klarna,failed,2,188.1,2025-03-10,stripe
ORD000104,P01305,paypal,refunded,3,82.51,2025-05-26,stripe
ORD000852,P01070,visa,captured,1,528.85,2025-07-07,braintree
ORD000897,P01014,klarna,refunded,2,89.43,2025-07-21,stripe
ORD001218,P00324,mastercard,authorized,3,131.2,2025-10-23,stripe
ORD000916,P00607,paypal,failed,2,23.99,2025-12-15,stripe
ORD000624,P00343,apple_pay,captured,3,315.96,2025-05-28,adyen
ORD001321,P01326,apple_pay,authorized,3,496.93,2025-08-06,stripe
ORD000772,P00210,amex,captured,3,512.22,2025-12-05,stripe
ORD000890,P00356,visa,authorized,2,448.83,2025-08-10,adyen
ORD000625,P01370,mastercard,refunded,3,288.09,2025-01-18,stripe
ORD001145,P00873,paypal,failed,3,534.78,2025-04-24,adyen
ORD001203,P00302,klarna,captured,3,462.61,2025-08-31,stripe
ORD000167,P01276,visa,authorized,3,534.65,2025-12-26,stripe
ORD000444,P01129,visa,refunded,2,151.29,2025-03-26,stripe
ORD001151,P01039,amex,failed,3,364.76,2025-03-20,stripe
ORD000781,P00166,apple_pay,captured,3,22.73,2025-08-25,adyen
ORD001289,P01083,klarna,captured,1,317.68,2025-02-12,braintree
ORD000349,P00426,mastercard,captured,3,527.36,2025-12-13,stripe
ORD000171,P01173,paypal,captured,3,445.7,2025-11-29,stripe
ORD000235,P00547,klarna,failed,3,467.94,2025-07-29,stripe
ORD000995,P00363,klarna,captured,1,197.08,2025-05-04,stripe
ORD000379,P00846,apple_pay,authorized,3,244.91,2025-06-09,adyen
ORD000574,P01504,apple_pay,authorized,3,591.89,2025-07-21,adyen
ORD000693,P01443,mastercard,captured,3,167.69,2025-11-10,stripe
ORD001383,P01381,mastercard,captured,2,60.88,2025-09-21,braintree
ORD000530,P01280,klarna,failed,1,239.52,2025-06-19,stripe
ORD000083,P00618,paypal,refunded,3,462.67,2025-08-21,adyen
ORD000726,P01070,visa,authorized,2,318.93,2025-07-25,adyen
ORD000074,P01430,visa,authorized,1,35.79,2025-02-13,stripe
ORD000130,P01322,klarna,captured,1,402.19,2025-04-23,stripe
ORD000496,P00235,visa,failed,3,444.01,2025-03-16,braintree
ORD001018,P00555,apple_pay,refunded,3,365.64,2025-07-20,stripe
ORD000434,P00839,mastercard,authorized,2,111.09,2025-12-21,adyen
ORD000829,P01150,mastercard,authorized,3,122.72,2025-09-19,stripe
ORD000011,P01524,visa,refunded,2,250.33,2025-08-30,adyen
ORD000985,P00243,paypal,captured,2,221.34,2025-07-05,stripe
ORD000373,P01068,apple_pay,captured,2,70.11,2025-05-10,stripe
ORD000138,P01335,visa,authorized,1,517.01,2025-03-18,stripe
ORD000870,P01511,apple_pay,authorized,1,555.53,2025-11-28,stripe
ORD000895,P00257,paypal,authorized,2,94.85,2025-01-08,adyen
ORD000685,P00289,apple_pay,captured,2,341.78,2025-11-29,stripe
ORD000475,P00242,paypal,captured,1,263.57,2025-03-21,adyen
ORD000229,P00204,visa,captured,2,251.31,2025-10-21,stripe
ORD000682,P00556,amex,captured,2,352.39,2025-11-07,stripe
ORD000285,P01505,klarna,authorized,2,278.4,2025-12-01,braintree
ORD001199,P01076,apple_pay,authorized,3,276.39,2025-12-17,stripe
ORD000937,P01571,amex,authorized,1,94.74,2025-07-03,adyen
ORD001386,P01138,klarna,authorized,2,429.28,2025-07-25,stripe
ORD000702,P00146,visa,chargeback,2,352.16,2025-01-12,stripe
ORD000584,P00002,paypal,authorized,3,43.04,2025-10-30,adyen
ORD001369,P00924,apple_pay,authorized,2,231.51,2025-08-01,stripe
ORD000331,P00394,apple_pay,failed,3,138.49,2025-01-18,stripe
ORD000081,P00045,mastercard,captured,2,240.08,2025-05-07,stripe
ORD000636,P00057,visa,authorized,3,80.13,2025-11-08,braintree
ORD000819,P00431,apple_pay,authorized,1,370.22,2025-05-21,braintree
ORD001298,P00413,klarna,authorized,1,353.1,2025-04-15,stripe
ORD000675,P00290,apple_pay,authorized,2,359.74,2025-04-10,adyen
ORD000976,P00323,klarna,captured,1,226.0,2025-03-06,stripe
ORD000498,P00358,klarna,captured,1,436.0,2025-07-17,braintree
ORD001273,P00617,klarna,authorized,1,507.16,2025-04-12,stripe
ORD000221,P00812,apple_pay,failed,1,255.64,2025-08-01,stripe
ORD000079,P00273,apple_pay,authorized,1,265.5,2025-07-01,braintree
ORD000466,P01556,apple_pay,captured,3,540.08,2025-08-26,braintree
ORD001289,P01318,mastercard,authorized,1,367.05,2025-08-03,stripe
ORD000021,P00657,paypal,authorized,3,310.71,2025-01-22,stripe
ORD000821,P00092,mastercard,captured,2,444.92,2025-01-03,adyen
ORD000783,P00295,paypal,authorized,3,192.98,2025-04-21,stripe
ORD001180,P00071,paypal,authorized,3,29.33,2025-05-06,adyen
ORD000949,P00745,visa,captured,1,424.13,2025-06-14,braintree
ORD000242,P01030,visa,failed,1,391.18,2025-09-15,stripe
ORD001275,P00984,klarna,captured,3,262.84,2025-12-21,stripe
ORD000305,P00803,paypal,authorized,2,37.05,2025-10-01,stripe
ORD001298,P01575,visa,captured,2,564.64,2025-05-14,braintree
ORD000311,P00044,amex,captured,2,441.15,2025-03-27,adyen
ORD001212,P01170,klarna,authorized,2,237.47,2025-05-10,stripe
ORD000256,P00497,apple_pay,captured,1,128.62,2025-03-31,braintree
ORD000376,P01583,apple_pay,captured,3,337.65,2025-07-24,braintree
ORD001353,P00255,paypal,refunded,1,22.54,2025-09-06,braintree
ORD001161,P01105,apple_pay,failed,3,279.75,2025-04-06,stripe
ORD000599,P01105,mastercard,authorized,1,593.15,2025-08-11,adyen
ORD001273,P01073,klarna,failed,2,446.13,2025-05-15,stripe
ORD000375,P01052,apple_pay,captured,2,591.11,2025-07-01,stripe
ORD000620,P00416,mastercard,failed,3,243.65,2025-03-28,adyen
ORD000196,P01065,mastercard,captured,2,61.4,2025-07-19,stripe
ORD000932,P01328,apple_pay,captured,2,579.42,2025-02-03,stripe
ORD000263,P01381,mastercard,captured,1,520.5,2025-07-02,stripe
ORD000034,P00323,apple_pay,captured,3,341.9,2025-06-12,stripe
ORD000182,P00979,amex,captured,1,145.61,2025-05-29,stripe
ORD000612,P00181,mastercard,captured,2,445.86,2025-11-26,braintree
ORD000868,P01101,visa,captured,1,21.35,2025-10-15,stripe
ORD000107,P00901,apple_pay,authorized,2,549.51,2025-07-29,stripe
ORD000689,P01536,mastercard,captured,1,421.34,2025-11-21,adyen
ORD001030,P01417,paypal,authorized,3,113.72,2025-08-29,adyen
ORD000860,P01310,mastercard,authorized,3,107.08,2025-08-22,stripe
ORD000941,P00830,visa,captured,3,44.21,2025-06-25,adyen
ORD001263,P00140,visa,captured,3,464.59,2025-04-09,braintree
ORD000737,P00530,klarna,authorized,1,85.43,2025-04-20,adyen
ORD000196,P00939,mastercard,authorized,3,316.84,2025-12-22,stripe
ORD001162,P00057,paypal,captured,1,221.33,2025-09-05,adyen
ORD000805,P00134,amex,refunded,2,333.96,2025-02-02,adyen
ORD000498,P00583,amex,captured,2,419.94,2025-03-27,stripe
ORD000607,P00059,apple_pay,failed,1,133.88,2025-12-14,adyen
ORD000783,P00780,klarna,captured,1,128.29,2025-03-18,stripe
ORD000155,P01021,mastercard,authorized,1,209.18,2025-07-22,stripe
ORD001025,P00563,visa,authorized,2,561.76,2025-05-09,stripe
ORD000131,P01170,mastercard,captured,2,271.98,2025-09-17,stripe
ORD000641,P01321,visa,refunded,1,161.6,2025-11-11,stripe
ORD000643,P00707,visa,captured,3,316.54,2025-06-04,braintree
ORD001341,P00322,apple_pay,captured,1,116.42,2025-01-04,stripe
ORD000942,P01274,visa,captured,3,461.46,2025-05-11,stripe
ORD000418,P01491,visa,captured,3,198.37,2025-01-09,adyen
ORD000282,P00079,amex,captured,3,589.76,2025-03-23,adyen
ORD001130,P00480,paypal,captured,1,381.64,2025-05-21,adyen
ORD000634,P01282,amex,refunded,2,370.82,2025-02-10,braintree
ORD000582,P01206,apple_pay,captured,3,181.41,2025-01-13,adyen
ORD000363,P00271,apple_pay,authorized,3,115.26,2025-04-25,adyen
ORD001054,P01207,visa,failed,2,55.88,2025-01-10,stripe
ORD001237,P00644,apple_pay,refunded,3,514.85,2025-04-03,stripe
ORD001004,P00952,visa,refunded,2,587.98,2025-02-12,adyen
ORD000888,P00818,klarna,captured,3,137.0,2025-07-14,stripe
ORD000972,P00679,mastercard,failed,3,596.12,2025-10-19,stripe
ORD000730,P00181,klarna,authorized,1,373.39,2025-11-09,stripe
ORD000151,P00735,klarna,refunded,3,474.16,2025-08-15,stripe
ORD000460,P01401,visa,failed,1,593.13,2025-01-31,stripe
ORD001366,P00364,amex,captured,1,585.41,2025-01-27,adyen
ORD000585,P00934,visa,authorized,2,345.14,2025-09-30,adyen
ORD000016,P01283,klarna,failed,2,320.97,2025-09-30,stripe
ORD000993,P00844,amex,captured,2,408.7,2025-04-08,stripe
ORD000771,P01396,klarna,chargeback,2,139.67,2025-12-29,stripe
ORD000868,P01153,paypal,failed,2,239.4,2025-08-22,stripe
ORD001273,P00816,klarna,failed,3,498.27,2025-06-09,stripe
ORD000550,P01108,paypal,captured,3,74.78,2025-08-17,braintree
ORD000344,P00767,visa,captured,3,280.84,2025-01-07,stripe
ORD000069,P01431,amex,failed,2,196.26,2025-09-27,adyen
ORD001317,P01507,paypal,captured,3,353.68,2025-03-22,stripe
ORD000454,P00495,klarna,authorized,2,121.74,2025-01-06,adyen
ORD000370,P00842,apple_pay,captured,3,557.55,2025-08-17,stripe
ORD000406,P01148,paypal,authorized,1,477.1,2025-01-01,adyen
ORD001126,P01203,apple_pay,authorized,3,57.95,2025-01-10,braintree
ORD000605,P01422,klarna,authorized,2,202.26,2025-03-03,braintree
ORD001294,P01049,klarna,captured,1,35.48,2025-12-15,braintree
ORD000128,P00955,klarna,captured,2,82.68,2025-12-24,stripe
ORD001278,P00206,amex,authorized,3,259.95,2025-06-03,stripe
ORD001352,P00156,amex,captured,1,204.38,2025-05-05,braintree
ORD000032,P00848,visa,refunded,2,317.16,2025-06-05,braintree
ORD000448,P01116,visa,captured,1,181.63,2025-08-17,stripe
ORD000603,P00402,apple_pay,captured,3,205.99,2025-07-30,stripe
ORD000457,P00358,mastercard,authorized,2,575.32,2025-04-23,stripe
ORD000911,P01428,amex,captured,1,526.19,2025-04-03,stripe
ORD001053,P01113,amex,captured,3,17.89,2025-06-28,stripe
ORD000316,P00420,klarna,failed,1,365.34,2025-04-15,adyen
ORD000703,P00420,klarna,refunded,1,93.88,2025-06-09,stripe
ORD000879,P01439,apple_pay,captured,1,475.77,2025-01-11,stripe
ORD000163,P01332,klarna,authorized,1,503.21,2025-03-10,stripe
ORD001285,P00443,paypal,captured,1,399.62,2025-12-20,stripe
ORD000774,P01449,mastercard,refunded,1,407.17,2025-05-11,adyen
ORD000158,P00780,paypal,refunded,3,512.35,2025-06-08,stripe
ORD001363,P00960,visa,chargeback,1,70.08,2025-03-11,braintree
ORD001127,P00566,amex,authorized,3,427.52,2025-11-15,stripe
ORD000581,P00976,apple_pay,failed,3,80.76,2025-04-13,adyen
ORD001154,P00910,mastercard,authorized,3,34.96,2025-04-18,stripe
ORD000440,P00688,paypal,authorized,1,386.77,2025-06-02,adyen
ORD001393,P00243,apple_pay,captured,2,170.53,2025-10-22,adyen
ORD000277,P01491,apple_pay,authorized,2,37.07,2025-10-18,stripe
ORD000599,P00040,paypal,captured,2,47.25,2025-03-08,stripe
ORD000456,P01437,mastercard,authorized,3,588.02,2025-03-13,adyen
ORD000157,P00147,mastercard,authorized,3,141.63,2025-04-04,stripe
ORD000308,P01041,visa,authorized,2,250.62,2025-03-13,stripe
ORD000039,P01470,apple_pay,captured,1,167.25,2025-07-02,stripe
ORD000315,P00133,mastercard,captured,2,561.84,2025-04-01,adyen
ORD000596,P00625,paypal,captured,3,53.55,2025-01-27,stripe
ORD000304,P00859,visa,captured,3,330.49,2025-10-16,adyen
ORD000745,P00533,mastercard,authorized,2,291.9,2025-05-05,braintree
ORD000915,P00082,amex,failed,2,418.34,2025-04-01,adyen
ORD000386,P00038,apple_pay,authorized,3,540.01,2025-02-22,stripe
ORD000023,P00087,visa,refunded,1,10.23,2025-10-27,stripe
ORD001390,P01325,amex,chargeback,1,19.77,2025-08-08,stripe
ORD000393,P00764,amex,refunded,1,232.6,2025-04-28,stripe
ORD001145,P00950,mastercard,captured,2,246.96,2025-10-30,stripe
ORD000821,P01064,apple_pay,failed,3,535.38,2025-04-21,stripe
ORD000526,P00200,klarna,authorized,1,174.53,2025-04-02,braintree
ORD000885,P00905,visa,refunded,3,510.52,2025-05-19,adyen
ORD001323,P00608,klarna,authorized,2,62.67,2025-01-15,stripe
ORD000585,P00606,klarna,captured,1,55.67,2025-06-13,stripe
ORD000715,P00113,klarna,captured,3,449.62,2025-10-02,adyen
ORD000260,P00547,visa,failed,2,459.96,2025-06-03,stripe
ORD000440,P01407,amex,captured,2,65.75,2025-07-31,stripe
ORD000911,P00097,paypal,captured,1,595.9,2025-05-24,braintree
ORD000679,P00733,mastercard,authorized,2,57.47,2025-10-28,adyen
ORD000051,P00246,mastercard,failed,1,531.67,2025-12-31,braintree
ORD000808,P01175,paypal,chargeback,2,124.41,2025-07-17,adyen
ORD000869,P01539,klarna,authorized,3,22.97,2025-09-10,adyen
ORD000179,P01246,visa,captured,3,514.33,2025-08-11,adyen
ORD000698,P00115,visa,captured,2,118.76,2025-11-18,stripe
ORD000009,P00815,klarna,captured,1,322.36,2025-11-27,stripe
ORD000648,P00891,amex,authorized,1,497.81,2025-11-23,stripe
ORD000750,P01077,visa,captured,1,101.28,2025-01-26,stripe
ORD000090,P00345,klarna,authorized,2,447.22,2025-06-05,stripe
ORD000364,P01146,mastercard,failed,3,323.61,2025-07-02,adyen
ORD001307,P01561,visa,authorized,3,160.96,2025-10-10,stripe
ORD001182,P00761,apple_pay,captured,1,34.52,2025-07-26,braintree
ORD001206,P00128,apple_pay,authorized,3,165.13,2025-06-21,stripe
ORD000207,P00386,visa,captured,2,260.61,2025-07-14,stripe
ORD000143,P00115,apple_pay,authorized,2,227.08,2025-08-06,stripe
ORD001112,P00263,amex,captured,1,432.97,2025-08-09,stripe
ORD000204,P01047,mastercard,captured,3,251.8,2025-09-26,stripe
ORD000421,P00267,apple_pay,captured,2,234.4,2025-05-27,stripe
ORD001120,P01520,visa,captured,3,489.23,2025-08-01,adyen
ORD000795,P01258,mastercard,authorized,1,283.72,2025-02-14,stripe
ORD000948,P00491,apple_pay,authorized,3,591.44,2025-07-05,braintree
ORD000557,P01024,klarna,authorized,2,348.93,2025-05-17,stripe
ORD000042,P00414,klarna,authorized,2,562.95,2025-01-05,stripe
ORD000701,P00407,apple_pay,authorized,2,530.5,2025-03-17,braintree
ORD000358,P00049,visa,authorized,2,254.28,2025-12-20,adyen
ORD000346,P00275,mastercard,captured,1,371.47,2025-07-20,stripe
ORD001037,P00753,klarna,authorized,3,93.07,2025-01-14,stripe
ORD000828,P00456,apple_pay,captured,1,320.94,2025-11-20,stripe
ORD000530,P00261,apple_pay,failed,2,260.15,2025-02-13,adyen
ORD000309,P00255,amex,failed,2,295.41,2025-08-16,adyen
ORD000429,P00577,paypal,captured,2,118.72,2025-01-16,braintree
ORD001394,P01546,apple_pay,authorized,1,521.07,2025-11-02,stripe
ORD001027,P00445,apple_pay,captured,3,57.18,2025-08-17,stripe
ORD000933,P01467,apple_pay,authorized,2,470.91,2025-11-09,stripe
ORD000156,P00636,visa,captured,3,567.03,2025-04-21,braintree
ORD000944,P00744,mastercard,refunded,2,72.74,2025-11-22,braintree
ORD000462,P01267,amex,captured,2,265.87,2025-11-23,stripe
ORD001144,P01077,apple_pay,refunded,2,355.12,2025-06-24,stripe
ORD000850,P00575,klarna,authorized,2,594.89,2025-08-05,adyen
ORD000989,P00858,mastercard,authorized,1,520.58,2025-05-18,stripe
ORD001151,P00642,apple_pay,authorized,3,254.4,2025-10-13,braintree
ORD000515,P01383,paypal,authorized,3,581.07,2025-08-23,adyen
ORD001167,P01121,mastercard,authorized,2,205.45,2025-02-23,adyen
ORD000219,P00162,mastercard,refunded,2,210.59,2025-05-30,adyen
ORD000634,P01272,paypal,captured,2,308.69,2025-05-30,stripe
ORD000021,P00257,mastercard,refunded,1,469.95,2025-06-08,stripe
ORD000521,P00901,mastercard,failed,1,123.38,2025-08-16,braintree
ORD001358,P00560,mastercard,captured,2,448.06,2025-04-13,stripe
ORD000210,P01564,mastercard,refunded,1,11.59,2025-03-10,stripe
ORD000479,P01368,visa,authorized,1,164.86,2025-06-16,adyen
ORD000973,P01547,mastercard,failed,1,584.94,2025-05-20,stripe
ORD000108,P00348,klarna,captured,1,397.32,2025-11-28,adyen
ORD000675,P00852,mastercard,captured,2,282.91,2025-10-03,adyen
ORD000885,P00933,amex,captured,1,441.74,2025-03-31,stripe
ORD000886,P00003,amex,refunded,3,266.8,2025-09-06,stripe
ORD000951,P01081,apple_pay,refunded,3,72.95,2025-08-09,stripe
ORD000120,P01204,mastercard,authorized,1,303.57,2025-11-26,stripe
ORD000284,P00616,apple_pay,authorized,1,573.69,2025-09-30,stripe
ORD000895,P01167,apple_pay,authorized,1,170.84,2025-07-23,braintree
ORD000338,P01505,paypal,failed,1,41.2,2025-04-02,braintree
ORD000563,P01477,klarna,authorized,2,447.39,2025-03-17,stripe
ORD001314,P00795,amex,captured,1,278.1,2025-05-17,stripe
ORD000032,P01220,amex,captured,1,207.48,2025-11-17,stripe
ORD001246,P01227,paypal,refunded,2,297.65,2025-11-25,stripe
ORD000738,P00621,mastercard,failed,3,558.7,2025-12-18,braintree
ORD000858,P01275,visa,captured,2,157.65,2025-12-25,stripe
ORD000829,P01465,klarna,captured,1,128.31,2025-06-27,braintree
ORD001174,P00207,visa,failed,3,325.01,2025-08-08,stripe
ORD000676,P00440,visa,authorized,3,283.35,2025-01-31,stripe
ORD000123,P00807,visa,captured,3,98.38,2025-02-28,braintree
ORD000449,P00564,paypal,refunded,2,352.59,2025-04-03,adyen
ORD000567,P00853,mastercard,captured,1,348.95,2025-03-03,adyen
ORD000260,P01222,mastercard,refunded,3,367.2,2025-10-02,stripe
ORD001357,P00527,klarna,captured,3,254.0,2025-11-04,stripe
ORD001121,P00135,klarna,captured,2,181.13,2025-01-01,stripe
ORD000449,P01275,klarna,refunded,3,203.71,2025-09-07,stripe
ORD000972,P00996,mastercard,captured,3,502.27,2025-04-18,stripe
ORD000257,P01251,visa,refunded,1,378.81,2025-06-30,adyen
ORD000030,P01083,klarna,failed,2,244.83,2025-05-15,stripe
ORD000587,P01041,paypal,authorized,3,371.83,2025-02-25,stripe
ORD000672,P01214,klarna,authorized,3,216.27,2025-10-15,adyen
ORD000842,P00210,mastercard,captured,1,518.96,2025-04-23,stripe
ORD001233,P01316,klarna,refunded,1,439.3,2025-06-09,stripe
ORD000615,P01223,mastercard,failed,1,69.56,2025-08-04,braintree
ORD000414,P00097,apple_pay,captured,2,43.14,2025-07-11,stripe
ORD001357,P00081,visa,captured,1,29.72,2025-03-09,adyen
ORD000035,P01303,apple_pay,captured,1,26.24,2025-09-03,braintree
ORD000514,P00137,amex,captured,2,303.18,2025-02-28,adyen
ORD000823,P00920,klarna,captured,3,116.7,2025-10-14,braintree
ORD000482,P01068,visa,chargeback,2,407.97,2025-08-25,stripe
ORD000976,P00110,mastercard,captured,2,294.83,2025-05-04,stripe
ORD000206,P00317,paypal,authorized,3,65.15,2025-05-10,adyen
ORD000865,P01189,apple_pay,captured,2,13.44,2025-03-04,stripe
ORD000752,P00784,klarna,authorized,1,31.67,2025-06-11,stripe
ORD000867,P00102,visa,captured,1,324.67,2025-03-08,stripe
ORD000570,P01102,visa,refunded,1,356.1,2025-07-05,adyen
ORD000619,P00856,amex,captured,1,218.28,2025-02-28,adyen
ORD000379,P01362,visa,refunded,3,56.55,2025-11-21,adyen
ORD000094,P00822,amex,captured,3,561.47,2025-02-11,braintree
ORD001134,P00341,amex,captured,2,249.37,2025-09-20,stripe
ORD001103,P00672,klarna,captured,2,263.29,2025-06-10,adyen
ORD000063,P00501,visa,captured,1,235.06,2025-05-04,stripe
ORD000618,P01245,mastercard,captured,2,45.09,2025-03-08,braintree
ORD000324,P00140,amex,authorized,1,429.16,2025-08-21,braintree
ORD000473,P01367,paypal,captured,3,402.24,2025-10-13,braintree
ORD000350,P00530,mastercard,authorized,2,107.03,2025-08-25,braintree
ORD001167,P01409,paypal,authorized,1,168.46,2025-01-01,adyen
ORD001235,P01124,klarna,captured,1,332.68,2025-10-31,stripe
ORD000088,P01099,apple_pay,chargeback,2,232.29,2025-12-15,braintree
ORD000968,P00677,paypal,captured,2,598.78,2025-09-15,stripe
ORD000137,P00682,visa,failed,1,302.92,2025-01-05,braintree
ORD001302,P00728,klarna,captured,2,530.52,2025-07-04,stripe
ORD000032,P01088,paypal,authorized,3,130.72,2025-04-29,stripe
ORD000868,P00377,visa,authorized,2,338.17,2025-08-27,stripe
ORD001129,P00529,paypal,authorized,2,199.86,2025-10-03,stripe
ORD000741,P00847,amex,captured,2,561.36,2025-11-20,adyen
ORD001029,P00492,klarna,captured,3,335.2,2025-11-15,adyen
ORD001141,P01186,paypal,captured,2,395.83,2025-12-19,stripe
ORD000525,P01354,klarna,authorized,3,54.85,2025-02-01,stripe
ORD001141,P00797,klarna,authorized,3,297.74,2025-02-13,stripe
ORD000786,P00593,mastercard,authorized,1,351.89,2025-10-20,stripe
ORD000360,P00733,mastercard,refunded,3,181.34,2025-09-19,adyen
ORD000944,P00778,mastercard,captured,1,444.1,2025-10-02,adyen
ORD000164,P00893,mastercard,captured,1,285.28,2025-03-27,stripe
ORD000373,P01005,apple_pay,captured,1,341.17,2025-06-17,adyen
ORD000449,P00683,klarna,authorized,3,222.95,2025-08-23,braintree
ORD001348,P00367,amex,authorized,2,409.14,2025-08-17,adyen
ORD000960,P00352,apple_pay,captured,2,70.87,2025-11-10,stripe
ORD000337,P01199,apple_pay,refunded,1,308.67,2025-05-15,adyen
ORD000402,P00777,mastercard,refunded,2,538.43,2025-11-02,stripe
ORD000558,P01356,klarna,captured,2,148.76,2025-04-24,stripe
ORD001069,P00196,amex,authorized,2,522.38,2025-10-05,stripe
ORD000054,P00400,visa,captured,2,532.18,2025-01-13,stripe
ORD000563,P01001,apple_pay,authorized,3,145.95,2025-03-16,adyen
ORD000842,P01122,klarna,refunded,2,57.63,2025-01-03,adyen
ORD001222,P00489,mastercard,authorized,1,461.01,2025-03-20,stripe
ORD001031,P00948,mastercard,authorized,2,575.56,2025-07-12,stripe
ORD001160,P00893,apple_pay,authorized,1,160.87,2025-11-14,stripe
ORD000206,P01442,klarna,failed,3,548.67,2025-01-05,braintree
ORD000849,P00617,mastercard,captured,1,132.82,2025-08-02,stripe
ORD001294,P01229,amex,authorized,3,221.99,2025-02-14,stripe
ORD000042,P00854,apple_pay,captured,1,532.68,2025-03-05,braintree
ORD000542,P01024,klarna,authorized,2,189.4,2025-02-05,stripe
ORD000676,P01278,visa,authorized,2,455.86,2025-08-03,stripe
ORD001374,P01097,mastercard,refunded,3,96.71,2025-08-20,braintree
ORD000356,P00014,klarna,captured,1,233.47,2025-04-11,stripe
ORD001007,P01497,paypal,captured,3,565.04,2025-09-02,stripe
ORD001192,P00345,apple_pay,captured,2,143.51,2025-05-27,stripe
ORD000647,P00932,visa,captured,1,424.0,2025-10-03,stripe
ORD000906,P00017,visa,failed,3,552.54,2025-07-11,braintree
ORD001075,P01002,apple_pay,authorized,2,473.12,2025-12-22,adyen
ORD000103,P00597,amex,captured,2,569.31,2025-09-01,stripe
ORD000873,P01141,klarna,captured,2,566.81,2025-12-24,stripe
ORD001081,P00342,amex,captured,2,77.05,2025-11-29,stripe
ORD000098,P00817,klarna,authorized,3,364.98,2025-03-17,braintree
ORD000299,P01482,paypal,failed,3,261.87,2025-05-07,stripe
ORD000970,P00977,apple_pay,refunded,3,412.82,2025-05-09,stripe
ORD001247,P01088,paypal,authorized,2,448.1,2025-08-11,stripe
ORD000940,P00492,visa,authorized,2,154.69,2025-07-24,adyen
ORD001054,P00213,apple_pay,captured,3,481.92,2025-06-22,braintree
ORD000031,P01043,klarna,failed,2,251.43,2025-01-17,stripe
ORD000120,P01405,amex,captured,1,397.48,2025-06-13,stripe
ORD001283,P00947,amex,refunded,3,262.35,2025-03-12,adyen
ORD001038,P01248,paypal,refunded,2,214.21,2025-12-13,stripe
ORD001019,P00413,paypal,authorized,2,419.4,2025-11-08,stripe
ORD000979,P00587,amex,authorized,1,329.73,2025-03-08,stripe
ORD001235,P00885,mastercard,authorized,2,513.23,2025-05-29,stripe
ORD001010,P01052,klarna,refunded,3,473.75,2025-08-20,stripe
ORD000254,P01475,apple_pay,captured,2,522.32,2025-06-26,adyen
ORD001127,P01581,paypal,refunded,1,461.81,2025-03-04,stripe
ORD000901,P01284,amex,captured,3,550.94,2025-09-26,stripe
ORD001002,P01097,amex,captured,2,102.43,2025-11-28,adyen
ORD000365,P00372,amex,authorized,2,387.88,2025-10-23,adyen
ORD000555,P00341,paypal,authorized,1,58.62,2025-05-10,stripe
ORD001304,P00874,visa,refunded,1,304.79,2025-11-12,stripe
ORD000429,P00057,paypal,captured,1,518.19,2025-11-19,stripe
ORD001018,P00585,paypal,chargeback,1,438.1,2025-11-23,stripe
ORD000261,P00180,visa,captured,2,353.93,2025-10-29,stripe
ORD000691,P01429,mastercard,captured,2,419.45,2025-04-18,stripe
ORD000517,P00409,mastercard,captured,1,112.24,2025-07-02,adyen
ORD000314,P01347,klarna,authorized,2,559.17,2025-08-25,adyen
ORD000170,P01280,klarna,captured,2,135.36,2025-10-24,stripe
ORD000531,P00672,apple_pay,refunded,2,108.51,2025-02-10,adyen
ORD000181,P00340,apple_pay,captured,1,92.6,2025-01-25,stripe
ORD001081,P01351,klarna,captured,2,562.37,2025-12-20,stripe
ORD000832,P00977,apple_pay,captured,1,281.91,2025-09-12,adyen
ORD000349,P01415,amex,failed,3,324.51,2025-04-08,adyen
ORD000580,P00855,amex,failed,2,233.62,2025-12-30,adyen
ORD001371,P01024,paypal,captured,3,26.09,2025-05-23,stripe
ORD000623,P00122,amex,captured,3,49.33,2025-08-19,stripe
ORD000338,P01320,amex,captured,2,19.3,2025-12-06,stripe
ORD000185,P00105,klarna,refunded,2,328.01,2025-11-08,stripe
ORD000923,P01568,klarna,refunded,3,124.16,2025-08-19,stripe
ORD000301,P01261,paypal,captured,2,247.25,2025-07-21,braintree
ORD000212,P01171,mastercard,authorized,2,281.59,2025-04-16,stripe
ORD000711,P00832,amex,refunded,2,324.22,2025-03-06,adyen
ORD000628,P01580,mastercard,authorized,2,536.76,2025-02-01,stripe
ORD000085,P00747,amex,authorized,1,35.51,2025-01-07,adyen
ORD001095,P00384,amex,captured,1,301.6,2025-06-28,stripe
ORD001113,P00682,amex,captured,3,87.8,2025-05-08,stripe
ORD000149,P01162,amex,authorized,2,556.65,2025-08-04,stripe
ORD000774,P01578,paypal,captured,3,551.3,2025-07-06,stripe
ORD000477,P00736,klarna,failed,2,92.56,2025-09-01,stripe
ORD000495,P00869,paypal,captured,1,79.24,2025-03-12,adyen
ORD001107,P01020,mastercard,authorized,2,74.82,2025-03-02,adyen
ORD000581,P00611,mastercard,authorized,1,67.87,2025-02-16,stripe
ORD001221,P00516,paypal,captured,3,103.28,2025-09-15,adyen
ORD000724,P00414,klarna,authorized,2,101.86,2025-11-29,stripe
ORD000946,P00339,mastercard,authorized,1,106.47,2025-05-13,braintree
ORD000672,P01186,visa,chargeback,2,97.66,2025-02-22,stripe
ORD001046,P00053,visa,captured,1,232.97,2025-12-11,adyen
ORD000840,P01051,mastercard,captured,2,159.8,2025-03-25,stripe
ORD000571,P01177,klarna,captured,3,256.08,2025-08-27,adyen
ORD000327,P01067,apple_pay,captured,2,537.31,2025-11-18,stripe
ORD000937,P00042,apple_pay,captured,2,217.66,2025-12-02,stripe
ORD000166,P00095,mastercard,captured,2,179.02,2025-03-23,braintree
ORD000396,P00100,klarna,captured,1,549.47,2025-01-11,stripe
ORD000552,P00290,amex,authorized,1,199.75,2025-06-03,stripe
ORD000546,P01516,amex,captured,2,81.98,2025-11-26,stripe
ORD001243,P01243,klarna,captured,2,375.2,2025-06-22,stripe
ORD000024,P01021,apple_pay,failed,1,176.26,2025-11-17,stripe
ORD000864,P01311,mastercard,failed,1,316.78,2025-11-01,stripe
ORD000674,P01263,paypal,failed,3,463.11,2025-07-06,adyen
ORD000314,P00519,amex,captured,2,343.69,2025-11-14,braintree
ORD000034,P01351,paypal,captured,1,487.17,2025-12-23,stripe
ORD001192,P00890,visa,captured,3,213.37,2025-09-06,adyen
ORD001373,P00213,visa,captured,3,109.52,2025-10-01,braintree
ORD000260,P00612,klarna,chargeback,3,242.85,2025-06-12,adyen
ORD001137,P00742,visa,captured,1,253.04,2025-12-30,adyen
ORD000955,P01176,amex,captured,3,432.42,2025-05-10,adyen
ORD001078,P00359,mastercard,failed,2,415.24,2025-10-04,stripe
ORD001259,P00576,visa,captured,1,192.53,2025-12-10,braintree
ORD000677,P00641,apple_pay,captured,2,558.3,2025-12-01,stripe
ORD000898,P01085,mastercard,captured,3,172.6,2025-11-19,stripe
ORD000366,P01483,apple_pay,captured,1,597.91,2025-03-13,adyen
ORD000314,P00787,paypal,captured,1,29.29,2025-12-24,stripe
ORD000619,P00509,paypal,captured,1,407.51,2025-03-13,stripe
ORD000833,P00963,apple_pay,failed,3,375.92,2025-03-28,stripe
ORD000501,P00746,mastercard,authorized,1,355.11,2025-07-05,stripe
ORD000677,P00060,amex,captured,2,469.69,2025-02-22,stripe
ORD000827,P00357,apple_pay,authorized,1,358.62,2025-09-24,stripe
ORD001113,P01279,mastercard,captured,3,369.85,2025-12-05,stripe
ORD000588,P00183,visa,authorized,3,527.64,2025-04-07,adyen
ORD000773,P01023,amex,captured,2,120.18,2025-04-30,stripe
ORD000406,P00047,klarna,authorized,3,323.38,2025-06-02,adyen
ORD000228,P01029,mastercard,captured,1,430.14,2025-02-01,adyen
ORD000387,P00625,amex,captured,2,191.65,2025-03-04,adyen
ORD000799,P00034,visa,captured,3,139.5,2025-12-13,stripe
ORD001123,P00237,apple_pay,captured,2,86.05,2025-12-04,stripe
ORD001221,P01418,amex,chargeback,1,164.99,2025-07-03,stripe
ORD001146,P00272,mastercard,authorized,2,402.99,2025-09-29,braintree
ORD000322,P01496,visa,captured,3,372.83,2025-01-18,stripe
ORD000166,P00415,mastercard,captured,1,111.33,2025-01-15,stripe
ORD000561,P00029,mastercard,failed,3,299.78,2025-11-20,stripe
ORD000591,P01574,amex,authorized,2,136.12,2025-01-09,braintree
ORD001267,P01130,amex,captured,1,562.22,2025-09-16,stripe
ORD001231,P00438,amex,failed,3,437.24,2025-12-29,stripe
ORD000625,P00275,amex,captured,2,112.26,2025-10-17,stripe
ORD000018,P00081,visa,failed,1,180.93,2025-05-25,braintree
ORD000270,P00814,apple_pay,authorized,1,513.32,2025-07-15,stripe
ORD001050,P00302,paypal,authorized,1,338.7,2025-08-08,braintree
ORD000926,P00145,mastercard,captured,2,220.01,2025-06-12,braintree
ORD000228,P00952,visa,authorized,1,363.07,2025-12-12,adyen
ORD000409,P00399,klarna,captured,1,239.79,2025-01-17,stripe
ORD000854,P00090,klarna,authorized,2,547.74,2025-12-15,braintree
ORD000534,P00284,mastercard,captured,3,525.39,2025-11-10,stripe
ORD000398,P01544,amex,refunded,3,104.63,2025-02-05,stripe
ORD000611,P01581,paypal,refunded,1,409.69,2025-07-27,adyen
ORD001173,P01345,amex,captured,2,504.18,2025-08-20,adyen
ORD000393,P00356,klarna,authorized,1,134.63,2025-12-26,braintree
ORD000511,P01386,paypal,refunded,2,524.19,2025-12-29,braintree
ORD000713,P01253,mastercard,captured,3,257.54,2025-06-21,stripe
ORD001345,P00790,apple_pay,captured,2,191.56,2025-03-07,stripe
ORD000639,P00548,klarna,failed,2,590.6,2025-10-22,braintree
ORD001071,P00824,visa,captured,3,415.92,2025-08-30,stripe
ORD000902,P01532,klarna,captured,1,181.4,2025-07-07,stripe
ORD000405,P01095,apple_pay,failed,2,322.52,2025-10-10,stripe
ORD000069,P00488,klarna,captured,3,389.64,2025-01-31,stripe
ORD001130,P00544,klarna,captured,1,430.04,2025-01-28,stripe
ORD001038,P00786,visa,refunded,3,133.54,2025-06-25,adyen
ORD000979,P01385,amex,captured,1,373.79,2025-05-22,braintree
ORD000121,P00927,visa,refunded,3,509.88,2025-02-27,braintree
ORD000355,P00731,visa,captured,1,484.16,2025-03-16,stripe
ORD000521,P00989,klarna,refunded,3,183.62,2025-06-27,stripe
ORD000117,P00727,mastercard,captured,3,582.41,2025-01-21,stripe
ORD000353,P01539,visa,authorized,1,17.43,2025-09-17,stripe
ORD001276,P00704,klarna,captured,2,469.62,2025-02-06,stripe
ORD000968,P01430,amex,refunded,3,197.1,2025-09-01,braintree
ORD001135,P00369,visa,failed,1,565.31,2025-05-05,stripe
ORD001259,P00815,mastercard,captured,1,518.02,2025-02-27,stripe
ORD001350,P00400,visa,chargeback,3,529.88,2025-07-31,adyen
ORD001372,P01216,apple_pay,captured,1,158.6,2025-08-19,stripe
ORD001374,P00182,klarna,refunded,3,479.89,2025-12-15,stripe
ORD001197,P00089,amex,authorized,3,206.27,2025-06-09,adyen
ORD000492,P00303,klarna,authorized,1,273.85,2025-12-08,stripe
ORD000665,P00538,amex,authorized,1,543.56,2025-06-23,adyen
ORD000129,P00683,amex,refunded,1,435.07,2025-11-15,adyen
ORD000743,P00525,mastercard,authorized,2,387.93,2025-04-13,stripe
ORD001242,P00692,visa,captured,3,86.09,2025-10-09,stripe
ORD000798,P01332,visa,authorized,3,327.59,2025-03-22,stripe
ORD001045,P00996,paypal,authorized,1,82.87,2025-01-15,adyen
ORD000187,P01201,visa,captured,2,54.26,2025-02-17,braintree
ORD001367,P00633,apple_pay,authorized,1,568.48,2025-05-29,braintree
ORD000852,P00593,klarna,refunded,2,359.52,2025-02-17,stripe
ORD000481,P00853,mastercard,refunded,2,13.63,2025-10-12,stripe
ORD000633,P01397,mastercard,captured,2,286.73,2025-02-02,stripe
ORD000277,P00645,mastercard,captured,3,179.18,2025-12-20,stripe
ORD000353,P00981,amex,refunded,1,100.81,2025-05-08,stripe
ORD000390,P00562,klarna,captured,2,493.28,2025-06-18,stripe
ORD000847,P00336,amex,authorized,1,100.63,2025-09-29,stripe
ORD000443,P00530,apple_pay,captured,2,108.15,2025-09-13,adyen
ORD000249,P00925,mastercard,captured,3,147.24,2025-11-02,stripe
ORD000466,P01044,amex,captured,3,430.34,2025-12-30,braintree
ORD000590,P01301,amex,captured,3,122.53,2025-04-22,adyen
ORD000966,P01406,klarna,failed,3,199.6,2025-08-16,adyen
ORD000124,P01019,amex,captured,2,542.38,2025-09-02,stripe
ORD000523,P01134,paypal,authorized,1,343.43,2025-10-12,stripe
ORD000125,P01200,klarna,captured,2,112.08,2025-04-16,stripe
ORD000874,P00410,klarna,captured,1,517.34,2025-12-19,stripe
ORD000644,P00955,klarna,authorized,1,312.18,2025-03-29,braintree
ORD000563,P00786,visa,authorized,2,502.19,2025-09-17,stripe
ORD001055,P00218,visa,captured,3,56.46,2025-11-19,stripe
ORD000634,P00630,amex,captured,1,105.47,2025-02-18,stripe
ORD000060,P00320,amex,authorized,1,64.17,2025-07-16,adyen
ORD001388,P01395,apple_pay,captured,3,293.93,2025-12-24,braintree
ORD001268,P01582,amex,captured,1,238.55,2025-02-24,stripe
ORD000524,P01043,amex,authorized,1,255.45,2025-10-21,adyen
ORD001328,P01233,visa,failed,1,226.26,2025-11-03,stripe
ORD001236,P01512,amex,captured,3,260.25,2025-04-07,stripe
ORD000557,P00312,paypal,authorized,2,234.93,2025-09-16,stripe
ORD000783,P00370,apple_pay,failed,1,104.2,2025-12-27,stripe
ORD000229,P00233,mastercard,captured,3,345.76,2025-05-22,stripe
ORD000522,P01292,paypal,refunded,2,522.81,2025-01-30,stripe
ORD001060,P00122,paypal,authorized,3,596.51,2025-04-05,adyen
ORD000435,P00762,mastercard,captured,1,79.21,2025-12-10,adyen
ORD001098,P01074,klarna,captured,3,252.63,2025-12-02,adyen
ORD001020,P00271,amex,refunded,1,152.24,2025-11-04,stripe
ORD000646,P01497,mastercard,failed,2,344.47,2025-08-01,stripe
ORD001253,P00798,apple_pay,captured,2,222.62,2025-04-11,braintree
ORD001167,P00888,mastercard,failed,2,527.87,2025-08-14,braintree
ORD001250,P01392,paypal,authorized,2,561.77,2025-11-11,stripe
ORD000490,P01492,apple_pay,captured,3,201.8,2025-10-27,stripe
ORD001098,P01096,amex,captured,3,220.29,2025-01-23,adyen
ORD000763,P00015,mastercard,authorized,2,325.63,2025-09-17,stripe
ORD000168,P00148,mastercard,authorized,2,384.96,2025-12-14,adyen
ORD000197,P00396,mastercard,authorized,2,453.95,2025-02-15,stripe
ORD001345,P01200,visa,authorized,2,69.04,2025-08-09,stripe
ORD000041,P01536,klarna,authorized,2,40.14,2025-08-15,adyen
ORD000822,P01422,klarna,authorized,3,410.15,2025-07-10,stripe
ORD000047,P00288,paypal,captured,3,292.43,2025-10-02,stripe
ORD000255,P00059,apple_pay,captured,1,406.92,2025-12-28,adyen
ORD000223,P01402,paypal,authorized,1,187.95,2025-08-26,stripe
ORD001233,P01193,paypal,captured,3,111.58,2025-01-10,stripe
ORD000540,P01543,apple_pay,authorized,2,75.64,2025-07-09,stripe
ORD001266,P00562,paypal,captured,2,473.94,2025-07-07,stripe
ORD000219,P00025,paypal,refunded,3,247.79,2025-04-10,stripe
ORD000586,P00206,visa,failed,1,58.9,2025-09-26,stripe
ORD000309,P00494,paypal,captured,1,155.59,2025-07-28,stripe
ORD000587,P00724,amex,captured,2,518.3,2025-02-10,braintree
ORD001110,P00907,mastercard,authorized,3,294.11,2025-10-11,adyen
ORD000219,P01487,amex,captured,3,513.47,2025-01-06,adyen
ORD000327,P00102,klarna,captured,3,567.75,2025-11-14,adyen
ORD000692,P01495,amex,captured,2,49.5,2025-08-13,adyen
ORD000956,P01497,amex,refunded,1,566.5,2025-12-30,stripe
ORD000174,P01100,mastercard,failed,2,228.93,2025-05-04,braintree
ORD000599,P00576,apple_pay,captured,1,421.98,2025-03-23,adyen
ORD000600,P00028,visa,captured,2,247.85,2025-06-25,adyen
ORD001173,P00767,klarna,captured,1,372.62,2025-10-22,stripe
ORD000746,P01476,klarna,captured,2,405.16,2025-08-16,adyen
ORD000985,P00132,mastercard,failed,3,88.46,2025-06-12,stripe
ORD000619,P00676,paypal,captured,1,264.36,2025-05-21,adyen
ORD000933,P01149,paypal,captured,3,131.89,2025-10-15,adyen
ORD000335,P00205,klarna,authorized,1,80.39,2025-03-20,stripe
ORD000943,P00877,mastercard,captured,1,359.25,2025-01-13,stripe
ORD000619,P00750,apple_pay,captured,1,411.36,2025-03-29,braintree
ORD000009,P01314,visa,authorized,3,161.97,2025-03-18,stripe
ORD001202,P00011,apple_pay,captured,3,14.32,2025-03-10,adyen
ORD000395,P01070,apple_pay,refunded,1,582.75,2025-04-23,stripe
ORD000289,P01338,mastercard,captured,1,290.16,2025-09-19,stripe
ORD000503,P01429,visa,authorized,3,394.58,2025-04-01,braintree
ORD000542,P00078,visa,authorized,2,54.38,2025-02-19,adyen
ORD000440,P01153,apple_pay,captured,1,375.93,2025-05-26,stripe
ORD000427,P01170,paypal,authorized,1,459.93,2025-12-21,adyen
ORD000098,P01238,amex,authorized,2,37.96,2025-12-09,stripe
ORD000765,P00901,paypal,authorized,1,318.91,2025-01-02,stripe
ORD000435,P00209,paypal,captured,2,93.79,2025-01-05,adyen
ORD000477,P01568,visa,authorized,2,96.68,2025-04-21,braintree
ORD000524,P01179,amex,authorized,2,372.73,2025-02-22,adyen
ORD000359,P01537,paypal,failed,2,375.36,2025-10-20,stripe
ORD001260,P00507,paypal,chargeback,1,336.72,2025-02-24,stripe
ORD001202,P00099,mastercard,failed,2,311.0,2025-02-02,stripe
ORD001368,P00252,klarna,authorized,1,287.29,2025-03-24,stripe
ORD001024,P00740,visa,authorized,3,293.92,2025-08-03,braintree
ORD001005,P00259,klarna,captured,2,207.33,2025-03-02,stripe
ORD000899,P00054,klarna,failed,2,161.82,2025-04-17,adyen
ORD001252,P00473,apple_pay,captured,2,166.73,2025-07-03,stripe
ORD000218,P01241,paypal,failed,1,545.78,2025-12-19,stripe
ORD000565,P01208,mastercard,captured,3,167.36,2025-11-12,stripe
ORD000541,P00280,mastercard,chargeback,1,230.96,2025-03-21,braintree
ORD001337,P01205,paypal,failed,2,307.41,2025-04-16,stripe
ORD000188,P00530,visa,authorized,1,448.19,2025-01-26,stripe
ORD000072,P01040,apple_pay,captured,2,468.49,2025-04-18,stripe
ORD001097,P00559,klarna,captured,2,435.79,2025-08-13,stripe
ORD000993,P01058,apple_pay,authorized,2,188.79,2025-07-09,stripe
ORD000600,P00554,klarna,captured,1,106.22,2025-05-18,braintree
ORD000019,P01344,amex,captured,1,492.05,2025-01-07,braintree
ORD000135,P00207,mastercard,captured,2,525.95,2025-11-26,stripe
ORD000916,P00591,visa,failed,1,548.63,2025-05-23,adyen
ORD001005,P00593,amex,authorized,1,516.42,2025-11-30,stripe
ORD000067,P01485,visa,refunded,3,223.21,2025-09-26,braintree
ORD000065,P01574,paypal,captured,2,100.57,2025-10-18,stripe
ORD000593,P00789,apple_pay,refunded,1,405.55,2025-06-03,stripe
ORD000925,P01425,visa,authorized,2,393.16,2025-02-16,stripe
ORD000452,P01314,paypal,captured,1,156.26,2025-03-23,braintree
ORD000986,P00824,paypal,refunded,3,375.93,2025-08-29,stripe
ORD000312,P01149,mastercard,authorized,2,598.96,2025-08-02,stripe
ORD001356,P01081,mastercard,failed,3,109.44,2025-02-03,stripe
ORD001216,P00528,apple_pay,captured,2,233.36,2025-11-11,stripe
ORD001387,P01127,mastercard,captured,3,240.72,2025-01-10,stripe
ORD000775,P00391,visa,captured,3,135.98,2025-06-21,adyen
ORD000432,P01287,paypal,authorized,2,474.96,2025-03-13,adyen
ORD000272,P00440,visa,captured,2,427.31,2025-03-05,adyen
ORD001269,P01100,mastercard,authorized,3,138.01,2025-06-30,stripe
ORD001317,P00401,visa,captured,2,516.1,2025-04-30,stripe
ORD000314,P00257,paypal,captured,1,261.22,2025-06-14,braintree
ORD000541,P01301,mastercard,authorized,1,335.04,2025-12-12,stripe
ORD000217,P00322,mastercard,authorized,2,414.09,2025-10-11,stripe
ORD000955,P00628,amex,captured,1,525.75,2025-04-29,adyen
ORD000985,P00268,amex,authorized,3,143.83,2025-07-11,adyen
ORD001294,P00771,apple_pay,captured,2,359.48,2025-05-17,braintree
ORD001013,P00895,klarna,chargeback,2,406.23,2025-04-07,stripe
ORD000807,P00803,paypal,authorized,1,532.96,2025-06-16,stripe
ORD001387,P00731,amex,captured,1,465.65,2025-02-20,adyen
ORD000837,P00080,paypal,refunded,1,549.52,2025-03-27,adyen
ORD000524,P00161,paypal,refunded,2,54.39,2025-07-27,stripe
ORD000154,P01281,visa,authorized,3,261.02,2025-09-26,braintree
ORD000009,P00191,amex,failed,3,190.73,2025-09-04,stripe
ORD000914,P00786,apple_pay,authorized,3,303.34,2025-12-27,stripe
ORD001033,P00682,klarna,captured,2,488.38,2025-03-19,adyen
ORD000222,P00523,visa,captured,3,300.61,2025-02-14,stripe
ORD001020,P01405,apple_pay,authorized,1,30.74,2025-08-19,stripe
ORD000646,P00437,visa,captured,3,405.78,2025-07-26,braintree
ORD000861,P00545,visa,authorized,1,16.07,2025-11-10,adyen
ORD000489,P01314,visa,captured,3,67.67,2025-02-16,braintree
ORD000784,P01277,visa,captured,1,439.36,2025-03-30,stripe
ORD001157,P00795,visa,refunded,3,500.29,2025-05-31,stripe
ORD000140,P00773,paypal,captured,3,197.69,2025-10-27,stripe
ORD000451,P01422,klarna,captured,2,345.71,2025-03-13,stripe
ORD000425,P00207,apple_pay,authorized,2,332.84,2025-12-13,stripe
ORD001189,P01005,apple_pay,chargeback,1,42.8,2025-02-10,braintree
ORD001359,P00281,visa,captured,1,331.46,2025-12-08,stripe
ORD000119,P00529,klarna,authorized,1,16.47,2025-09-03,adyen
ORD001223,P00735,paypal,captured,3,493.78,2025-02-21,adyen
ORD001040,P00636,visa,captured,1,451.4,2025-12-28,stripe
ORD000112,P00844,paypal,authorized,2,177.39,2025-01-18,stripe
ORD001010,P00100,apple_pay,captured,3,164.77,2025-05-23,adyen
ORD000575,P00983,amex,captured,3,122.17,2025-09-23,stripe
ORD000897,P01112,apple_pay,authorized,1,572.13,2025-05-06,stripe
ORD000787,P01140,apple_pay,failed,3,509.01,2025-05-20,adyen
ORD001234,P01490,paypal,authorized,1,504.26,2025-04-15,stripe
ORD000535,P01423,amex,authorized,3,285.07,2025-03-06,stripe
ORD000405,P01282,klarna,authorized,1,488.8,2025-08-01,adyen
ORD000029,P01046,paypal,captured,3,359.02,2025-06-13,stripe
ORD001225,P01481,amex,authorized,1,186.68,2025-10-24,stripe
ORD000140,P00218,apple_pay,authorized,3,263.96,2025-07-18,stripe
ORD000233,P01574,mastercard,authorized,3,251.36,2025-07-07,adyen
ORD000033,P00226,klarna,chargeback,1,217.58,2025-03-01,stripe
ORD000172,P01532,apple_pay,authorized,3,152.96,2025-04-02,braintree
ORD000168,P00758,paypal,authorized,2,244.96,2025-01-14,adyen
ORD000785,P00145,mastercard,captured,3,363.58,2025-12-22,stripe
ORD000117,P01098,amex,captured,3,125.75,2025-10-13,adyen
ORD000696,P00985,klarna,authorized,3,93.69,2025-04-09,stripe
ORD000546,P01506,apple_pay,refunded,2,417.23,2025-06-16,stripe
ORD001240,P00398,visa,captured,3,320.54,2025-07-25,adyen
ORD000296,P00219,apple_pay,captured,2,217.78,2025-03-31,stripe
ORD000169,P00568,visa,captured,1,545.66,2025-02-16,braintree
ORD000418,P01372,amex,failed,3,282.18,2025-12-15,stripe
ORD000089,P00395,amex,authorized,1,205.72,2025-05-11,stripe
ORD000301,P00689,amex,refunded,2,137.59,2025-10-05,stripe
ORD000267,P00708,amex,authorized,2,200.67,2025-08-20,stripe
ORD000841,P00184,visa,captured,2,171.51,2025-05-27,braintree
ORD000488,P01504,paypal,authorized,3,521.42,2025-08-13,stripe
ORD001397,P01567,apple_pay,captured,1,536.27,2025-04-10,adyen
ORD001138,P00785,klarna,failed,3,253.42,2025-04-03,stripe
ORD000666,P00632,amex,captured,3,163.96,2025-09-24,braintree
ORD001341,P01389,paypal,authorized,3,86.91,2025-10-11,stripe
ORD000718,P00342,visa,failed,3,432.52,2025-09-22,braintree
ORD000670,P00289,amex,refunded,3,528.66,2025-09-13,adyen
ORD000535,P00107,paypal,authorized,3,252.56,2025-11-19,stripe
ORD000551,P00666,amex,authorized,3,526.19,2025-04-21,stripe
ORD000117,P00790,klarna,captured,3,156.03,2025-01-05,stripe
ORD000334,P00596,mastercard,captured,3,369.14,2025-04-12,stripe
ORD000684,P00380,visa,authorized,1,57.84,2025-08-18,stripe
ORD000947,P01499,klarna,authorized,1,342.24,2025-08-07,stripe
ORD000928,P01055,paypal,captured,2,386.82,2025-04-13,stripe
ORD001086,P01433,visa,failed,2,390.18,2025-10-12,adyen
ORD001241,P00743,klarna,authorized,1,469.48,2025-12-22,braintree
ORD000502,P00718,mastercard,captured,1,65.9,2025-02-14,stripe
ORD000583,P01388,klarna,failed,1,174.35,2025-01-10,adyen
ORD000482,P01206,amex,authorized,2,418.91,2025-09-11,stripe
ORD000087,P01354,amex,captured,3,359.32,2025-06-27,stripe
ORD001162,P00297,mastercard,captured,3,570.18,2025-09-02,stripe
ORD000626,P01274,mastercard,captured,1,472.67,2025-09-17,braintree
ORD000395,P00833,apple_pay,captured,2,287.88,2025-01-15,stripe
ORD000911,P01101,amex,failed,2,324.91,2025-10-02,stripe
ORD001027,P01508,paypal,captured,3,399.22,2025-03-05,adyen
ORD000835,P01354,mastercard,authorized,3,16.03,2025-08-20,stripe
ORD000202,P00094,amex,captured,1,224.89,2025-12-26,stripe
ORD000274,P00169,amex,captured,3,81.92,2025-06-22,stripe
ORD000277,P00766,mastercard,captured,2,151.27,2025-05-08,stripe
ORD001214,P01291,paypal,refunded,1,499.41,2025-11-28,stripe
ORD001077,P01219,amex,captured,2,333.6,2025-06-02,stripe
ORD001132,P01276,apple_pay,captured,1,517.67,2025-07-30,braintree
ORD000097,P00089,apple_pay,authorized,1,534.4,2025-03-15,adyen
ORD000343,P01395,paypal,captured,2,485.51,2025-07-10,stripe
ORD000639,P01118,visa,captured,3,459.62,2025-01-27,stripe
ORD001043,P00492,klarna,failed,2,108.0,2025-11-09,braintree
ORD000464,P01449,apple_pay,chargeback,3,168.88,2025-08-11,adyen
ORD001070,P00626,apple_pay,chargeback,3,425.41,2025-06-11,adyen
ORD000866,P00120,paypal,captured,2,187.62,2025-10-01,stripe
ORD000049,P01459,paypal,failed,2,231.34,2025-08-10,stripe
ORD000854,P00379,paypal,captured,1,562.45,2025-06-03,stripe
ORD000620,P00419,visa,captured,1,426.46,2025-05-01,stripe
ORD001271,P00975,klarna,authorized,3,72.91,2025-01-25,stripe
ORD000172,P01200,apple_pay,chargeback,3,435.51,2025-03-19,braintree
ORD000866,P01042,klarna,refunded,1,478.33,2025-05-27,stripe
ORD000347,P00837,apple_pay,captured,2,548.85,2025-06-18,stripe
ORD000981,P00551,mastercard,captured,3,414.22,2025-12-29,braintree
ORD000890,P01151,amex,authorized,3,66.47,2025-05-03,braintree
ORD000036,P00511,klarna,authorized,2,461.51,2025-06-25,stripe
ORD000937,P01334,mastercard,failed,1,397.22,2025-01-14,stripe
ORD001339,P00389,paypal,captured,2,279.12,2025-02-03,stripe
ORD000805,P00449,paypal,captured,2,458.72,2025-06-27,stripe
ORD000563,P00492,mastercard,captured,1,319.82,2025-05-08,braintree
ORD000154,P00315,visa,captured,2,560.05,2025-08-28,stripe
ORD001248,P01108,visa,failed,2,559.64,2025-11-04,stripe
ORD001194,P00595,apple_pay,refunded,2,143.02,2025-01-19,stripe
ORD001299,P00958,mastercard,captured,1,269.94,2025-03-02,adyen
ORD001089,P00340,mastercard,captured,2,127.13,2025-07-27,braintree
ORD001395,P00453,klarna,authorized,3,205.12,2025-02-06,adyen
ORD001082,P00942,paypal,failed,2,141.62,2025-04-24,stripe
ORD000455,P00217,visa,failed,1,312.03,2025-09-16,adyen
ORD000950,P01336,mastercard,captured,3,10.38,2025-01-15,stripe
ORD000334,P00383,amex,authorized,1,476.93,2025-08-14,stripe
ORD001194,P01286,amex,captured,1,103.77,2025-02-05,stripe
ORD000444,P01125,apple_pay,failed,3,171.73,2025-10-05,stripe
ORD001077,P01170,apple_pay,captured,1,113.2,2025-09-19,stripe
ORD000231,P00641,visa,authorized,1,218.83,2025-01-20,adyen
ORD000100,P01472,mastercard,chargeback,1,55.45,2025-07-16,stripe
ORD000868,P01427,paypal,captured,3,516.76,2025-06-22,stripe
ORD000388,P01003,visa,captured,1,254.82,2025-12-15,stripe
ORD000564,P00321,paypal,authorized,2,555.29,2025-01-15,stripe
ORD000279,P00196,visa,authorized,2,37.71,2025-09-06,stripe
ORD000190,P01261,paypal,authorized,1,111.83,2025-07-18,stripe
ORD001088,P00580,visa,captured,1,503.14,2025-12-18,braintree
ORD001233,P00541,apple_pay,refunded,1,283.65,2025-09-26,stripe
ORD000090,P00665,amex,captured,1,45.07,2025-04-15,braintree
ORD001065,P01493,klarna,chargeback,3,37.54,2025-02-09,braintree
ORD000741,P01386,visa,captured,3,537.96,2025-08-01,stripe
ORD000168,P01453,klarna,authorized,2,164.41,2025-11-06,braintree
ORD000531,P00087,amex,captured,2,252.42,2025-07-23,adyen
ORD000004,P00332,amex,captured,3,539.24,2025-07-31,stripe
ORD000865,P01154,apple_pay,refunded,3,403.91,2025-07-11,adyen
ORD000549,P00030,paypal,captured,2,464.56,2025-05-16,stripe
ORD001377,P00714,klarna,authorized,3,288.19,2025-11-24,stripe
ORD000287,P00935,apple_pay,captured,1,420.2,2025-03-02,stripe
ORD000469,P00693,mastercard,failed,1,354.75,2025-07-12,adyen
ORD000415,P00854,mastercard,captured,3,110.47,2025-11-14,braintree
ORD000680,P00807,klarna,authorized,2,347.89,2025-04-07,stripe
ORD000619,P00260,apple_pay,captured,3,556.09,2025-06-04,stripe
ORD001133,P01307,klarna,failed,2,213.69,2025-09-14,stripe
ORD000849,P00552,klarna,captured,1,301.39,2025-02-16,braintree
ORD001341,P01424,paypal,captured,1,255.49,2025-04-07,stripe
ORD000945,P00066,klarna,authorized,2,416.29,2025-09-22,stripe
ORD001045,P00891,apple_pay,captured,1,379.94,2025-01-31,adyen
ORD000544,P00376,klarna,captured,3,291.46,2025-05-18,adyen
ORD000267,P00332,amex,authorized,1,37.9,2025-08-03,stripe
ORD000008,P00567,klarna,captured,3,166.08,2025-11-07,adyen
ORD000164,P00972,visa,captured,1,195.57,2025-02-20,adyen
ORD000329,P00443,klarna,captured,3,442.17,2025-07-15,stripe
ORD001095,P01600,klarna,authorized,1,243.81,2025-09-18,stripe
ORD000498,P00657,apple_pay,captured,2,233.2,2025-05-25,stripe
ORD000250,P00299,klarna,captured,1,273.06,2025-06-09,adyen
ORD000556,P01250,amex,captured,3,264.87,2025-06-17,adyen
ORD000605,P00446,mastercard,failed,2,433.43,2025-11-13,stripe
ORD000655,P01385,visa,captured,2,405.48,2025-08-13,adyen
ORD000984,P00342,mastercard,captured,1,460.09,2025-05-28,stripe
ORD000599,P00156,klarna,authorized,1,132.37,2025-01-04,stripe
ORD000603,P00860,visa,captured,3,447.46,2025-05-25,stripe
ORD001341,P00285,mastercard,authorized,1,184.76,2025-10-25,stripe
ORD000516,P01259,amex,refunded,1,10.04,2025-06-06,braintree
ORD000976,P00301,amex,authorized,2,387.35,2025-05-24,braintree
ORD000989,P00106,klarna,captured,2,16.96,2025-09-18,stripe
ORD000761,P01099,visa,failed,1,67.82,2025-12-21,stripe
ORD000797,P01352,visa,captured,3,34.27,2025-02-26,stripe
ORD000622,P01085,mastercard,authorized,1,367.75,2025-12-11,stripe
ORD000474,P00417,paypal,authorized,2,132.65,2025-05-05,braintree
ORD000012,P01025,amex,authorized,3,487.41,2025-08-03,stripe
ORD000674,P01107,klarna,refunded,1,220.22,2025-04-08,stripe
ORD000994,P01225,visa,authorized,3,207.76,2025-01-08,stripe
ORD000908,P00080,amex,captured,1,313.73,2025-05-22,stripe
ORD000851,P01252,paypal,authorized,1,467.27,2025-11-19,adyen
ORD000550,P00364,paypal,captured,1,420.87,2025-11-29,adyen
ORD000804,P01525,paypal,captured,1,131.86,2025-05-18,adyen
ORD000419,P01383,amex,captured,1,460.47,2025-08-19,stripe
ORD000913,P01442,visa,authorized,3,309.02,2025-10-09,stripe
ORD001265,P00498,visa,refunded,2,592.57,2025-07-03,adyen
ORD000601,P01528,visa,captured,3,314.92,2025-10-24,stripe
ORD000262,P00156,paypal,authorized,2,178.85,2025-02-17,stripe
ORD001063,P01426,klarna,failed,3,459.07,2025-12-07,braintree
ORD001400,P00920,visa,failed,2,27.28,2025-07-30,adyen
ORD000170,P00110,visa,captured,1,437.53,2025-02-26,stripe
ORD000336,P01394,apple_pay,chargeback,3,330.48,2025-10-19,braintree
ORD000261,P01538,paypal,authorized,3,113.63,2025-12-06,adyen
ORD000001,P00783,mastercard,failed,3,24.22,2025-05-12,braintree
ORD000623,P00511,visa,failed,3,37.48,2025-06-20,adyen
ORD000553,P01549,apple_pay,captured,1,58.25,2025-11-26,adyen
ORD000784,P01287,paypal,captured,2,297.76,2025-07-16,stripe
ORD000985,P00434,paypal,authorized,3,427.48,2025-05-09,stripe
ORD000549,P00903,mastercard,authorized,3,88.94,2025-08-23,adyen
ORD000798,P00859,klarna,captured,1,103.79,2025-02-28,adyen
ORD000819,P00496,visa,refunded,3,490.27,2025-05-05,braintree
ORD001187,P00323,apple_pay,authorized,3,144.47,2025-10-30,stripe
ORD001008,P00147,apple_pay,captured,2,498.46,2025-02-04,adyen
ORD000798,P00803,apple_pay,authorized,3,66.08,2025-07-26,stripe
ORD000751,P00550,paypal,authorized,1,503.79,2025-09-06,adyen
ORD000004,P00238,mastercard,captured,2,442.22,2025-07-08,stripe
ORD001272,P00308,amex,refunded,1,97.12,2025-05-23,stripe
ORD000677,P01227,amex,authorized,2,209.39,2025-12-04,stripe
ORD000236,P00893,klarna,authorized,1,206.54,2025-10-23,braintree
ORD001090,P00963,apple_pay,authorized,2,88.97,2025-10-29,adyen
ORD000450,P00242,amex,captured,2,232.5,2025-02-05,stripe
ORD000715,P00740,apple_pay,captured,1,409.92,2025-12-29,adyen
ORD000365,P00736,klarna,authorized,2,441.02,2025-07-04,adyen
ORD000467,P01050,apple_pay,authorized,2,129.71,2025-09-10,stripe
ORD000649,P01473,amex,captured,3,435.85,2025-05-18,stripe
ORD000461,P00449,visa,authorized,3,167.33,2025-07-31,braintree
ORD000674,P00404,klarna,failed,1,35.08,2025-09-17,stripe
ORD000606,P00661,visa,failed,2,124.83,2025-07-16,stripe
ORD000255,P01535,paypal,captured,3,211.92,2025-07-28,stripe
ORD000090,P01136,visa,captured,1,31.19,2025-05-10,stripe
ORD000671,P01076,klarna,captured,3,66.23,2025-12-29,stripe
ORD001366,P00123,visa,authorized,2,220.19,2025-03-08,stripe
ORD001169,P00370,apple_pay,captured,1,555.51,2025-05-17,stripe
ORD001241,P00288,apple_pay,captured,2,385.12,2025-10-29,stripe
ORD000340,P00229,apple_pay,captured,1,561.28,2025-06-23,stripe
ORD000992,P00072,paypal,authorized,2,31.97,2025-01-03,stripe
ORD001151,P00904,paypal,authorized,1,522.18,2025-02-07,stripe
ORD001200,P01564,paypal,captured,1,90.06,2025-11-21,adyen
ORD000581,P01039,apple_pay,captured,3,149.8,2025-12-28,adyen
ORD000067,P00962,visa,failed,3,69.19,2025-04-06,stripe
ORD000952,P00672,klarna,authorized,1,252.61,2025-03-18,stripe
ORD000116,P01034,apple_pay,captured,1,129.45,2025-03-29,stripe
ORD001137,P00551,klarna,refunded,3,446.22,2025-11-30,stripe
ORD000603,P01304,visa,authorized,2,455.41,2025-01-03,stripe
ORD000450,P00569,mastercard,captured,3,181.39,2025-02-05,adyen
ORD000645,P00824,mastercard,captured,2,481.88,2025-05-12,braintree
ORD001362,P01319,amex,captured,3,106.56,2025-12-24,stripe
ORD000014,P00511,apple_pay,refunded,3,33.75,2025-02-02,stripe
ORD000915,P00831,apple_pay,refunded,3,107.37,2025-05-02,braintree
ORD001253,P00365,apple_pay,captured,3,155.01,2025-03-09,stripe
ORD001230,P01386,amex,failed,1,39.69,2025-04-30,braintree
ORD000026,P00278,visa,captured,3,74.77,2025-09-09,adyen
ORD000700,P01584,apple_pay,failed,3,188.59,2025-03-14,braintree
ORD000735,P00181,visa,refunded,3,512.94,2025-06-01,adyen
ORD000291,P01378,mastercard,captured,2,514.73,2025-03-01,stripe
ORD000653,P01200,amex,authorized,1,596.21,2025-01-04,adyen
ORD001260,P00189,apple_pay,authorized,2,67.82,2025-07-02,stripe
ORD001118,P00201,paypal,failed,3,11.09,2025-04-26,adyen
ORD001158,P01505,visa,authorized,3,343.71,2025-09-29,stripe
ORD000023,P01066,mastercard,captured,3,365.91,2025-01-03,adyen
ORD000417,P00210,klarna,captured,3,149.34,2025-01-19,stripe
ORD000064,P00538,paypal,failed,3,480.25,2025-12-01,stripe
ORD000243,P01354,paypal,failed,1,574.01,2025-06-07,stripe
ORD001173,P01042,amex,authorized,3,205.7,2025-11-11,stripe
ORD000162,P00988,apple_pay,captured,3,568.04,2025-02-08,stripe
ORD001093,P00419,paypal,failed,1,71.52,2025-05-09,stripe
ORD000830,P01365,visa,authorized,1,290.63,2025-09-12,braintree
ORD000029,P01281,apple_pay,captured,1,126.33,2025-03-29,adyen
ORD000820,P00931,mastercard,captured,2,354.81,2025-03-22,stripe
ORD000758,P01226,klarna,captured,3,51.97,2025-02-09,adyen
ORD000242,P00323,paypal,captured,3,307.57,2025-05-08,stripe
ORD000799,P00035,mastercard,authorized,1,112.17,2025-09-15,adyen
ORD000307,P00283,visa,failed,3,256.3,2025-04-18,stripe
ORD000216,P00571,visa,authorized,1,415.95,2025-02-13,stripe
ORD000157,P00731,mastercard,captured,2,206.93,2025-08-17,adyen
ORD000422,P00608,visa,captured,3,328.86,2025-09-02,braintree
ORD001140,P00088,paypal,authorized,2,583.18,2025-05-30,stripe
ORD001351,P00180,visa,captured,3,526.44,2025-04-05,stripe
ORD001353,P01463,amex,authorized,2,598.21,2025-09-25,adyen
ORD000174,P00986,mastercard,authorized,2,114.45,2025-09-24,stripe
ORD000939,P01468,paypal,captured,3,301.54,2025-08-07,stripe
ORD001002,P00798,visa,captured,1,472.7,2025-05-24,stripe
ORD000589,P00517,amex,captured,3,558.11,2025-07-04,stripe
ORD001384,P00403,apple_pay,authorized,2,152.13,2025-02-19,adyen
ORD000601,P01522,mastercard,captured,3,592.78,2025-01-02,braintree
ORD000179,P00403,klarna,authorized,1,270.4,2025-04-12,stripe
ORD001397,P00845,mastercard,authorized,3,465.54,2025-07-09,adyen
ORD000602,P00152,apple_pay,authorized,1,315.85,2025-09-09,stripe
ORD001019,P01100,mastercard,authorized,2,185.59,2025-03-28,stripe
ORD000703,P00226,amex,captured,1,74.25,2025-09-08,stripe
ORD000046,P01010,paypal,refunded,3,105.49,2025-04-23,stripe
ORD000982,P01439,apple_pay,authorized,3,391.96,2025-08-06,adyen
ORD000733,P01582,paypal,captured,3,336.78,2025-02-10,braintree
ORD000478,P01277,paypal,authorized,2,265.33,2025-04-28,stripe
ORD000321,P00615,mastercard,captured,1,379.4,2025-03-12,braintree
ORD000041,P01470,paypal,captured,1,309.36,2025-08-20,stripe
ORD000140,P00791,visa,authorized,1,93.38,2025-09-16,stripe
ORD001366,P00821,visa,captured,2,164.31,2025-01-16,stripe
ORD000302,P01473,visa,authorized,2,264.76,2025-05-26,stripe
ORD001313,P00233,klarna,failed,1,244.72,2025-08-09,adyen
ORD001115,P00669,paypal,captured,3,542.49,2025-09-27,adyen
ORD001370,P00355,amex,captured,3,565.73,2025-10-13,adyen
ORD001200,P00086,paypal,authorized,2,325.09,2025-10-09,adyen
ORD000781,P01525,mastercard,captured,1,166.73,2025-02-20,adyen
ORD001278,P00915,apple_pay,captured,2,481.33,2025-08-20,stripe
ORD000091,P00406,amex,captured,1,117.28,2025-10-26,braintree
ORD000569,P01305,paypal,captured,1,300.38,2025-07-23,stripe
ORD001248,P00486,mastercard,captured,2,596.6,2025-11-27,stripe
ORD000712,P00949,visa,captured,1,526.11,2025-10-27,adyen
ORD000993,P00538,klarna,captured,1,558.45,2025-12-17,stripe
ORD000622,P01349,paypal,authorized,3,67.75,2025-12-13,stripe
ORD000626,P01306,paypal,refunded,1,282.67,2025-01-11,stripe
ORD001386,P00060,paypal,captured,3,463.77,2025-05-26,stripe
ORD000012,P00175,klarna,authorized,3,102.05,2025-11-23,adyen
ORD001240,P00969,visa,authorized,2,463.69,2025-01-30,braintree
ORD000045,P01310,klarna,captured,3,211.65,2025-01-24,stripe
ORD000747,P00309,amex,captured,2,533.45,2025-04-13,adyen
ORD001127,P00270,paypal,refunded,3,256.39,2025-05-19,stripe
ORD000918,P00120,klarna,captured,3,157.66,2025-08-15,adyen
ORD001144,P00170,apple_pay,authorized,3,550.95,2025-07-20,adyen
ORD000834,P00404,amex,authorized,2,430.55,2025-09-26,adyen
ORD001286,P00916,klarna,captured,1,283.15,2025-03-22,stripe
ORD001342,P00689,visa,captured,1,577.01,2025-06-25,stripe
ORD000035,P01201,visa,refunded,3,365.41,2025-05-06,adyen
ORD000178,P00863,mastercard,captured,3,356.36,2025-11-25,braintree
ORD000728,P00190,mastercard,refunded,3,223.12,2025-11-28,stripe
ORD001061,P01395,apple_pay,failed,2,502.48,2025-10-28,braintree
ORD000781,P00732,amex,captured,2,355.32,2025-03-05,stripe
ORD000535,P01545,klarna,captured,2,376.77,2025-02-03,adyen
ORD000345,P01155,paypal,captured,3,562.36,2025-07-16,adyen
ORD000718,P00188,paypal,captured,1,169.26,2025-09-16,stripe
ORD000717,P00597,apple_pay,failed,2,476.64,2025-10-29,stripe
ORD000216,P00018,amex,authorized,2,488.35,2025-10-18,adyen
ORD000454,P00506,amex,refunded,3,47.4,2025-03-30,adyen
ORD000782,P01193,visa,captured,1,436.18,2025-05-06,stripe
ORD001175,P01187,klarna,captured,3,499.92,2025-12-08,adyen
ORD000400,P01469,mastercard,authorized,2,326.46,2025-09-16,braintree
ORD000145,P00231,paypal,authorized,3,75.6,2025-12-24,stripe
ORD000180,P01293,apple_pay,captured,2,56.57,2025-03-21,stripe
ORD000609,P01144,amex,authorized,3,23.9,2025-04-08,braintree
ORD001252,P00694,visa,authorized,1,226.0,2025-08-28,stripe
ORD000690,P00684,apple_pay,authorized,3,376.52,2025-06-22,adyen
ORD000256,P00470,mastercard,captured,1,346.37,2025-12-23,stripe
ORD000181,P00406,klarna,refunded,2,310.77,2025-01-05,stripe
ORD000590,P01452,amex,captured,3,256.18,2025-08-16,adyen
ORD000398,P00188,amex,captured,2,411.71,2025-12-17,adyen
ORD000466,P00690,apple_pay,chargeback,3,531.11,2025-07-14,stripe
ORD001374,P01418,amex,captured,3,497.63,2025-02-20,stripe
ORD000077,P01315,apple_pay,refunded,3,431.87,2025-01-23,adyen
ORD000733,P00614,apple_pay,refunded,2,182.47,2025-06-06,adyen
ORD001354,P00733,klarna,captured,3,564.87,2025-10-06,stripe
ORD001249,P00290,amex,captured,1,518.12,2025-09-03,stripe
ORD000351,P00626,visa,failed,1,569.19,2025-02-07,adyen
ORD000172,P00483,mastercard,captured,2,375.24,2025-08-26,adyen
ORD001331,P00667,visa,captured,2,206.46,2025-11-29,adyen
ORD001209,P00132,klarna,authorized,2,276.77,2025-08-27,braintree
ORD001081,P00307,mastercard,authorized,2,203.15,2025-04-05,adyen
ORD000981,P00314,mastercard,authorized,2,217.05,2025-01-07,adyen
ORD000673,P00594,paypal,failed,3,261.09,2025-07-25,stripe
ORD001060,P01583,mastercard,authorized,3,561.65,2025-09-25,stripe
ORD000314,P01577,klarna,captured,2,303.51,2025-11-15,braintree
ORD000628,P01015,klarna,captured,3,248.58,2025-09-30,stripe
ORD001382,P00488,amex,captured,1,387.23,2025-06-20,stripe
ORD000541,P01279,paypal,failed,1,178.94,2025-07-19,stripe
ORD000375,P01537,amex,failed,3,15.2,2025-03-13,adyen
ORD000425,P00444,amex,captured,3,440.64,2025-09-24,adyen
ORD000674,P01098,amex,captured,2,206.15,2025-08-29,stripe
ORD000137,P00051,amex,failed,1,150.12,2025-01-01,adyen
ORD000146,P01205,amex,captured,1,325.67,2025-04-22,adyen
ORD000854,P00423,mastercard,captured,2,105.05,2025-03-02,braintree
ORD000041,P00959,paypal,authorized,1,174.0,2025-12-22,adyen
ORD000611,P00567,visa,authorized,3,312.26,2025-01-28,adyen
ORD000880,P01223,klarna,refunded,1,584.89,2025-07-09,stripe
ORD000137,P01038,klarna,failed,3,153.91,2025-04-25,braintree
ORD000227,P01401,mastercard,captured,2,285.55,2025-12-05,adyen
ORD000322,P00837,visa,authorized,1,321.53,2025-03-16,adyen
ORD000187,P00727,amex,captured,1,430.62,2025-12-12,adyen
ORD000709,P00510,visa,refunded,3,317.98,2025-03-09,braintree
ORD000969,P00424,amex,refunded,2,442.71,2025-01-15,adyen
ORD000415,P00872,apple_pay,captured,3,519.88,2025-06-03,stripe
ORD001181,P01068,mastercard,captured,1,176.84,2025-07-01,stripe
ORD000560,P00314,klarna,authorized,1,503.04,2025-08-16,stripe
ORD001313,P01120,visa,authorized,1,165.01,2025-07-11,stripe
ORD000394,P00323,apple_pay,authorized,2,487.52,2025-07-18,stripe
ORD000560,P00006,paypal,captured,2,385.63,2025-04-23,adyen
ORD001177,P00006,mastercard,refunded,3,345.44,2025-11-02,adyen
ORD000104,P00603,amex,refunded,3,283.72,2025-07-19,braintree
ORD001344,P00444,mastercard,captured,1,331.8,2025-05-24,braintree
ORD000617,P00095,paypal,captured,2,148.4,2025-01-29,stripe
ORD000364,P00141,klarna,captured,2,303.86,2025-05-29,adyen
ORD000780,P00690,paypal,captured,1,369.02,2025-06-10,braintree
ORD001351,P00899,apple_pay,failed,2,235.12,2025-01-04,adyen
ORD000345,P01308,paypal,failed,3,235.28,2025-10-22,stripe
ORD000410,P01597,apple_pay,refunded,2,214.98,2025-10-05,braintree
ORD000002,P01546,paypal,captured,1,492.56,2025-03-28,stripe
ORD000915,P00435,amex,captured,2,236.82,2025-08-08,stripe
ORD000951,P01148,visa,refunded,1,352.39,2025-02-19,stripe
ORD000434,P00202,apple_pay,captured,1,583.61,2025-02-15,adyen
ORD001275,P01525,klarna,authorized,1,27.76,2025-09-03,braintree
ORD000997,P00455,klarna,captured,2,139.74,2025-03-11,adyen
ORD000974,P01352,apple_pay,authorized,3,555.88,2025-12-03,stripe
ORD000537,P00665,amex,authorized,3,432.86,2025-03-04,stripe
ORD001181,P00696,apple_pay,captured,1,232.11,2025-08-26,braintree
ORD000465,P00428,mastercard,captured,2,62.96,2025-05-29,braintree
ORD001280,P00853,klarna,authorized,3,313.22,2025-01-28,braintree
ORD000197,P00899,visa,captured,2,472.48,2025-01-14,adyen
ORD001341,P00953,klarna,captured,1,259.51,2025-02-20,stripe
ORD000793,P01308,apple_pay,failed,3,507.95,2025-10-12,stripe
ORD000092,P00755,klarna,authorized,1,181.39,2025-12-28,stripe
ORD001309,P00212,mastercard,authorized,1,302.14,2025-04-27,stripe
ORD001086,P01560,paypal,captured,1,63.21,2025-04-09,stripe
ORD001082,P01151,mastercard,captured,1,320.09,2025-12-02,stripe
ORD000573,P01458,apple_pay,authorized,3,518.02,2025-05-29,adyen
ORD000054,P01566,paypal,failed,2,99.8,2025-04-10,adyen
ORD000542,P00596,apple_pay,captured,3,369.64,2025-07-22,stripe
ORD000596,P00713,apple_pay,captured,1,195.41,2025-05-14,braintree
ORD000688,P00973,visa,captured,1,218.51,2025-04-20,stripe
ORD000687,P00809,amex,authorized,1,15.06,2025-12-03,braintree
ORD000320,P00274,mastercard,authorized,1,324.47,2025-09-24,stripe
ORD000574,P00504,klarna,captured,3,591.34,2025-03-03,stripe
ORD000669,P00961,paypal,authorized,1,96.65,2025-08-05,adyen
ORD000200,P01169,visa,authorized,3,148.21,2025-11-05,stripe
ORD001300,P00348,amex,captured,3,143.52,2025-06-28,adyen
ORD000620,P01228,paypal,captured,1,341.66,2025-02-25,adyen
ORD000140,P01182,mastercard,failed,1,122.05,2025-06-27,stripe
ORD001126,P01351,paypal,captured,2,571.48,2025-06-30,adyen
ORD001357,P00560,apple_pay,refunded,2,420.83,2025-03-15,stripe
ORD000028,P01383,paypal,captured,3,378.92,2025-11-16,stripe
ORD000964,P00588,paypal,captured,2,12.34,2025-01-14,adyen
ORD001288,P01590,paypal,captured,3,287.64,2025-02-28,braintree
ORD000091,P00926,mastercard,authorized,3,487.57,2025-02-09,stripe
ORD000892,P00650,paypal,authorized,1,309.13,2025-01-14,stripe
ORD000896,P00806,visa,authorized,2,445.58,2025-04-16,stripe
ORD001132,P00019,apple_pay,captured,3,412.41,2025-03-29,adyen
ORD001026,P00981,amex,captured,3,558.39,2025-10-24,braintree
ORD000272,P01522,apple_pay,authorized,3,226.32,2025-04-06,adyen
ORD000895,P00974,mastercard,failed,1,496.97,2025-03-31,adyen
ORD001182,P01253,klarna,authorized,1,163.65,2025-05-29,stripe
ORD000640,P00332,paypal,refunded,2,338.94,2025-02-02,adyen
ORD000237,P00081,klarna,failed,1,374.59,2025-09-29,stripe
ORD000502,P00809,mastercard,captured,3,271.2,2025-10-25,stripe
ORD000027,P00984,paypal,authorized,3,70.4,2025-01-18,stripe
ORD000230,P01351,apple_pay,chargeback,2,266.18,2025-08-21,stripe
ORD000436,P01520,apple_pay,failed,1,126.22,2025-07-28,adyen
ORD001201,P00052,mastercard,refunded,2,297.52,2025-12-23,adyen
ORD000355,P00760,amex,authorized,1,22.17,2025-09-22,stripe
ORD000756,P00616,mastercard,captured,2,295.22,2025-11-27,stripe
ORD000521,P01478,paypal,authorized,3,232.62,2025-10-22,adyen
ORD001016,P01514,amex,captured,3,17.97,2025-08-11,stripe
ORD001287,P00027,visa,authorized,3,377.43,2025-12-19,stripe
ORD001195,P00982,mastercard,captured,1,194.67,2025-08-12,braintree
ORD001392,P00720,amex,captured,2,353.6,2025-10-29,adyen
ORD000604,P00251,paypal,failed,2,532.69,2025-06-12,braintree
ORD001304,P00199,klarna,authorized,2,520.0,2025-02-07,braintree
ORD000767,P00784,klarna,chargeback,2,307.11,2025-08-30,adyen
ORD000299,P00792,apple_pay,captured,2,288.04,2025-03-06,stripe
ORD000842,P00716,klarna,refunded,2,324.65,2025-07-05,stripe
ORD000323,P00175,visa,captured,3,240.29,2025-09-21,stripe
ORD000331,P01049,klarna,authorized,2,184.11,2025-11-15,stripe
ORD001324,P00894,paypal,failed,3,103.0,2025-03-19,adyen
ORD000443,P00790,amex,captured,3,549.9,2025-11-24,stripe
ORD000383,P00519,amex,authorized,3,46.37,2025-04-01,stripe
ORD000735,P00149,amex,authorized,2,213.62,2025-10-14,stripe
ORD000619,P01554,apple_pay,refunded,2,108.2,2025-11-06,adyen
ORD000491,P00207,amex,chargeback,2,45.72,2025-08-28,stripe
ORD000882,P00686,visa,captured,3,111.92,2025-06-18,stripe
ORD000396,P00452,klarna,authorized,3,279.02,2025-08-03,adyen
ORD000821,P01204,paypal,captured,3,339.78,2025-05-25,stripe
ORD000213,P00610,amex,authorized,3,537.68,2025-02-09,stripe
ORD000171,P00719,apple_pay,captured,2,413.46,2025-06-21,stripe
ORD001354,P00342,amex,captured,1,483.16,2025-01-08,adyen
ORD000063,P00428,paypal,captured,2,336.45,2025-04-04,stripe
ORD000432,P00654,visa,failed,3,128.75,2025-12-28,stripe
ORD000160,P00402,mastercard,refunded,2,511.41,2025-02-01,stripe
ORD000103,P01205,amex,authorized,2,289.96,2025-01-21,adyen
ORD001056,P00336,apple_pay,captured,2,465.04,2025-12-23,stripe
ORD000535,P00209,apple_pay,captured,2,13.75,2025-09-22,stripe
ORD000748,P00109,apple_pay,authorized,1,272.93,2025-04-17,stripe
ORD000090,P00001,amex,captured,1,209.94,2025-02-10,adyen
ORD000061,P01091,amex,authorized,1,185.35,2025-07-06,stripe
ORD000101,P00462,paypal,authorized,1,408.16,2025-12-11,stripe
ORD000563,P01343,mastercard,failed,1,496.48,2025-01-22,stripe
ORD000685,P00189,paypal,captured,3,519.73,2025-12-31,adyen
ORD000491,P00369,paypal,captured,1,482.43,2025-02-24,stripe
ORD000999,P00763,klarna,authorized,1,488.88,2025-12-22,stripe
ORD000393,P00663,amex,captured,2,502.7,2025-02-07,stripe
ORD001001,P00763,visa,captured,3,419.2,2025-04-07,braintree
ORD000610,P00547,amex,failed,3,458.35,2025-01-19,adyen
ORD000901,P00997,apple_pay,authorized,1,140.48,2025-06-12,braintree
ORD000154,P01287,amex,captured,2,574.78,2025-08-26,stripe
ORD000127,P00757,amex,refunded,2,306.85,2025-02-20,stripe
ORD000467,P00508,amex,authorized,3,165.03,2025-01-07,adyen
ORD000351,P01203,mastercard,authorized,1,278.18,2025-02-18,stripe
ORD000135,P00451,apple_pay,captured,2,495.73,2025-06-16,stripe
ORD001115,P00497,apple_pay,refunded,3,418.57,2025-07-07,stripe
ORD001170,P00949,klarna,authorized,3,100.04,2025-08-31,braintree
ORD000975,P00350,visa,authorized,1,268.8,2025-12-12,adyen
ORD000670,P01385,apple_pay,chargeback,3,455.53,2025-05-13,stripe
ORD000702,P00210,visa,captured,3,419.45,2025-08-03,adyen
ORD001152,P00999,visa,authorized,3,121.85,2025-02-24,adyen
ORD001138,P00466,klarna,captured,2,448.29,2025-05-05,stripe
ORD001226,P00630,amex,authorized,3,408.16,2025-03-23,stripe
ORD000201,P00807,mastercard,captured,2,154.18,2025-03-10,adyen
ORD000771,P00183,mastercard,authorized,1,191.47,2025-02-26,stripe
ORD000059,P00045,visa,captured,2,257.45,2025-01-17,stripe
ORD000750,P00173,paypal,captured,2,407.5,2025-04-18,stripe
ORD001196,P01053,paypal,authorized,3,571.35,2025-01-20,stripe
ORD000357,P01588,paypal,captured,3,596.9,2025-05-11,adyen
ORD000439,P01170,visa,refunded,1,416.65,2025-01-23,stripe
ORD000876,P00393,klarna,captured,1,253.34,2025-05-25,adyen
ORD001084,P01194,visa,refunded,1,50.39,2025-10-23,stripe
ORD001072,P01310,amex,refunded,1,359.86,2025-03-23,stripe
ORD000110,P00305,paypal,authorized,1,294.22,2025-01-31,stripe
ORD000054,P01589,visa,captured,2,405.72,2025-03-27,stripe
ORD001341,P00277,paypal,failed,3,579.04,2025-06-05,stripe
ORD001363,P00657,paypal,captured,2,108.42,2025-08-22,stripe
ORD000637,P00426,paypal,failed,2,228.67,2025-08-17,stripe
ORD000791,P01051,amex,authorized,3,349.93,2025-01-09,stripe
ORD001198,P00874,klarna,refunded,3,216.92,2025-12-05,adyen
ORD001056,P00381,mastercard,authorized,3,113.87,2025-06-11,adyen
ORD001112,P00620,apple_pay,captured,3,363.14,2025-04-26,stripe
ORD001397,P00670,amex,refunded,1,33.23,2025-12-06,stripe
ORD001310,P01098,amex,captured,3,232.46,2025-03-09,braintree
ORD001333,P00425,mastercard,captured,2,583.89,2025-10-05,stripe
ORD000403,P00269,apple_pay,captured,2,292.14,2025-12-26,stripe
ORD000821,P01384,mastercard,refunded,3,69.94,2025-05-02,stripe
ORD000977,P00728,amex,captured,1,502.23,2025-06-08,stripe
ORD000444,P00715,amex,captured,3,115.63,2025-07-20,adyen
ORD000372,P00043,visa,authorized,3,157.99,2025-10-30,stripe
ORD000795,P01359,apple_pay,authorized,2,577.84,2025-12-25,stripe
ORD001307,P00452,mastercard,authorized,2,467.31,2025-07-25,stripe
ORD000137,P01363,klarna,captured,1,199.93,2025-09-19,stripe
ORD001048,P00780,paypal,captured,3,391.89,2025-11-09,adyen
ORD001394,P01290,mastercard,authorized,3,297.78,2025-08-04,stripe
ORD000970,P01266,paypal,authorized,2,536.57,2025-10-14,stripe
ORD000939,P00139,amex,authorized,2,340.57,2025-07-24,adyen
ORD000453,P00829,amex,refunded,2,399.88,2025-07-20,adyen
ORD001354,P00113,klarna,authorized,1,97.99,2025-11-23,braintree
ORD001342,P00054,paypal,captured,1,157.42,2025-05-15,stripe
ORD001288,P00299,klarna,failed,1,25.66,2025-03-13,adyen
ORD000490,P00963,klarna,refunded,1,357.06,2025-09-22,stripe
ORD001340,P00935,klarna,captured,3,341.89,2025-07-31,stripe
ORD000659,P00268,amex,authorized,2,191.61,2025-07-24,adyen
ORD000562,P00170,amex,authorized,2,146.96,2025-05-08,stripe
ORD001104,P00599,klarna,authorized,1,277.29,2025-09-19,stripe
ORD000145,P00065,klarna,failed,1,71.23,2025-06-20,stripe
ORD001109,P00660,amex,authorized,3,513.24,2025-08-28,stripe
ORD000644,P01008,apple_pay,captured,2,500.81,2025-01-15,adyen
ORD001313,P01101,paypal,authorized,1,361.73,2025-12-07,stripe
ORD000593,P01537,visa,captured,3,541.93,2025-10-17,stripe
ORD000341,P01273,visa,captured,2,371.96,2025-07-01,adyen
ORD000669,P00829,visa,captured,2,299.64,2025-03-09,stripe
ORD000814,P01373,mastercard,authorized,2,363.99,2025-12-25,stripe
ORD001189,P01194,klarna,captured,2,60.41,2025-07-25,stripe
ORD000240,P00437,mastercard,authorized,3,138.32,2025-06-18,stripe
ORD001070,P00479,klarna,captured,1,339.41,2025-12-04,braintree
ORD001086,P00526,amex,captured,2,76.22,2025-11-27,braintree
ORD000523,P01204,amex,captured,1,487.66,2025-04-04,stripe
ORD000457,P00820,mastercard,authorized,1,110.43,2025-09-03,stripe
ORD000005,P00551,paypal,captured,3,256.89,2025-04-30,adyen
ORD000946,P00890,paypal,captured,1,295.89,2025-01-14,adyen
ORD000146,P00744,mastercard,captured,1,103.18,2025-05-29,stripe
ORD000187,P01104,apple_pay,authorized,2,152.88,2025-03-29,adyen
ORD000060,P01013,apple_pay,chargeback,1,295.79,2025-07-18,stripe
ORD000548,P01190,apple_pay,captured,2,73.0,2025-06-11,braintree
ORD001014,P01202,amex,captured,1,120.43,2025-03-25,stripe
ORD000632,P00135,paypal,authorized,1,23.68,2025-06-16,stripe
ORD000739,P00681,amex,captured,1,308.81,2025-09-27,stripe
ORD000136,P00939,klarna,authorized,3,495.15,2025-08-15,stripe
ORD000814,P00882,amex,captured,2,488.38,2025-08-18,stripe
ORD001386,P01444,mastercard,authorized,1,219.39,2025-02-16,braintree
ORD000994,P00051,amex,authorized,3,415.59,2025-02-04,stripe
ORD000192,P01366,klarna,captured,3,594.05,2025-08-20,stripe
ORD000674,P00718,klarna,captured,1,259.81,2025-07-06,stripe
ORD000357,P00889,amex,authorized,1,549.16,2025-08-18,stripe
ORD000807,P01075,klarna,failed,1,469.34,2025-05-12,adyen
ORD000688,P00961,mastercard,refunded,1,114.33,2025-02-09,braintree
ORD000362,P00741,mastercard,captured,2,272.1,2025-05-08,stripe
ORD001238,P00426,mastercard,captured,3,559.17,2025-08-24,stripe
ORD000784,P01233,mastercard,captured,3,108.86,2025-12-25,stripe
ORD001360,P00893,mastercard,captured,3,44.01,2025-07-28,stripe
ORD000157,P00848,mastercard,captured,3,167.69,2025-05-28,adyen
ORD000458,P00737,amex,captured,1,12.86,2025-05-13,stripe
ORD000367,P00356,visa,captured,3,84.99,2025-01-09,braintree
ORD000890,P01212,amex,authorized,2,261.5,2025-03-13,adyen
ORD001256,P01580,paypal,captured,1,461.02,2025-05-10,stripe
ORD000623,P00084,amex,captured,3,136.1,2025-08-13,stripe
ORD000557,P00832,amex,captured,3,511.3,2025-08-07,stripe
ORD000262,P00627,mastercard,authorized,3,592.86,2025-05-02,adyen
ORD000023,P00711,visa,captured,2,283.87,2025-07-12,stripe
ORD001219,P00813,klarna,captured,3,595.36,2025-03-25,adyen
ORD000360,P00052,klarna,authorized,1,350.91,2025-01-29,stripe
ORD000496,P00262,amex,refunded,2,45.53,2025-04-17,stripe
ORD000804,P00390,apple_pay,captured,3,75.24,2025-03-03,stripe
ORD000011,P00609,visa,failed,3,312.63,2025-07-15,stripe
ORD000627,P01429,mastercard,captured,3,553.87,2025-10-08,stripe
ORD000132,P00249,paypal,captured,1,68.1,2025-03-03,braintree
ORD000104,P00631,apple_pay,refunded,2,347.31,2025-01-03,stripe
ORD000303,P01248,apple_pay,captured,1,488.49,2025-01-21,stripe
ORD000596,P01327,amex,authorized,1,590.03,2025-03-26,adyen
ORD001109,P01523,klarna,refunded,2,545.72,2025-03-02,adyen
ORD000390,P01389,paypal,captured,1,72.57,2025-12-24,stripe
ORD000374,P01238,mastercard,captured,1,55.31,2025-03-28,adyen
ORD000728,P00660,amex,authorized,2,131.11,2025-08-28,stripe
ORD000098,P00533,mastercard,failed,1,175.13,2025-09-11,stripe
ORD000468,P01077,visa,refunded,1,520.82,2025-03-31,braintree
ORD000178,P00053,visa,captured,2,390.68,2025-02-23,adyen
ORD001206,P00078,amex,authorized,1,565.91,2025-03-12,adyen
ORD001031,P01508,visa,captured,3,257.12,2025-11-18,adyen
ORD001266,P00884,klarna,authorized,3,251.97,2025-06-02,adyen
ORD000739,P00033,klarna,captured,3,174.97,2025-01-03,stripe
ORD000372,P00267,apple_pay,captured,1,268.14,2025-08-24,stripe
ORD000146,P01574,apple_pay,authorized,3,476.64,2025-06-06,adyen
ORD000005,P01531,paypal,refunded,1,421.05,2025-03-04,stripe
ORD000588,P01405,apple_pay,captured,2,475.94,2025-03-01,braintree
ORD001172,P00322,klarna,captured,1,500.11,2025-10-01,stripe
ORD000999,P00777,paypal,captured,3,12.53,2025-04-25,stripe
ORD000963,P00324,apple_pay,failed,1,150.0,2025-01-16,stripe
ORD001224,P01479,mastercard,captured,1,396.01,2025-10-07,adyen
ORD000310,P01497,klarna,chargeback,1,273.27,2025-03-12,adyen
ORD000932,P01397,apple_pay,authorized,2,79.3,2025-12-30,stripe
ORD000571,P00158,visa,authorized,3,48.23,2025-08-04,stripe
ORD000189,P01296,mastercard,captured,1,566.58,2025-07-20,stripe
ORD001307,P00057,visa,authorized,3,510.59,2025-09-15,stripe
ORD001120,P00026,mastercard,captured,2,198.24,2025-03-22,stripe
ORD000380,P00422,apple_pay,captured,1,387.18,2025-09-03,stripe
ORD000351,P00980,apple_pay,authorized,3,96.59,2025-03-06,adyen
ORD000108,P00190,klarna,authorized,2,89.63,2025-04-06,stripe
ORD000003,P00088,visa,authorized,3,206.85,2025-07-29,stripe
ORD001364,P01496,paypal,authorized,1,175.93,2025-05-21,stripe
ORD001237,P00794,apple_pay,authorized,2,587.84,2025-11-26,adyen
ORD001011,P00776,klarna,authorized,1,24.37,2025-01-14,stripe
ORD000939,P01407,visa,refunded,2,332.9,2025-02-06,stripe
ORD000628,P00346,paypal,authorized,3,513.93,2025-01-01,stripe
ORD001122,P00728,visa,authorized,3,25.28,2025-11-27,stripe
ORD001394,P01537,visa,refunded,3,336.7,2025-06-02,adyen
ORD000433,P00626,klarna,failed,1,234.2,2025-11-18,braintree
ORD001044,P00432,klarna,authorized,1,137.38,2025-07-18,adyen
ORD001251,P00992,mastercard,refunded,3,148.87,2025-11-11,stripe
ORD001319,P00576,klarna,refunded,3,490.52,2025-10-27,stripe
ORD000361,P00439,klarna,captured,1,284.03,2025-02-05,stripe
ORD000285,P00778,paypal,captured,2,37.07,2025-12-18,adyen
ORD000605,P00091,mastercard,captured,1,251.21,2025-07-06,adyen
ORD000372,P00031,apple_pay,refunded,3,491.87,2025-08-07,braintree
ORD000149,P00216,paypal,captured,1,416.6,2025-03-30,braintree
ORD000338,P00904,amex,failed,2,573.42,2025-10-26,adyen
ORD000009,P01503,klarna,authorized,2,466.12,2025-01-31,stripe
ORD000281,P00992,paypal,captured,2,110.86,2025-02-17,braintree
ORD000729,P00852,mastercard,chargeback,3,49.43,2025-03-25,stripe
ORD000972,P01063,amex,authorized,3,282.91,2025-10-26,stripe
ORD000499,P01511,mastercard,authorized,3,272.44,2025-10-25,adyen
ORD000123,P00141,paypal,failed,3,333.14,2025-04-03,stripe
ORD000361,P00799,mastercard,captured,2,406.27,2025-07-20,stripe
ORD000646,P01453,paypal,captured,3,160.05,2025-05-30,stripe
ORD000766,P00951,amex,chargeback,2,593.11,2025-07-20,adyen
ORD000243,P00073,visa,authorized,2,301.91,2025-01-08,stripe
ORD000264,P00583,visa,captured,3,431.83,2025-06-08,stripe
ORD000235,P00270,visa,captured,3,250.96,2025-06-20,stripe
ORD001294,P00142,visa,authorized,2,413.81,2025-01-06,stripe
ORD001156,P00353,visa,authorized,3,590.2,2025-08-26,stripe
ORD000821,P00068,paypal,captured,2,100.62,2025-05-20,adyen
ORD000448,P00378,paypal,captured,2,267.2,2025-04-03,stripe
ORD001271,P01032,visa,captured,2,421.24,2025-10-14,stripe
ORD000825,P00597,amex,captured,2,515.54,2025-10-23,adyen
ORD001195,P00299,mastercard,captured,3,385.94,2025-04-03,stripe
ORD000366,P00486,paypal,captured,3,146.46,2025-12-05,adyen
ORD001395,P00422,paypal,authorized,3,390.64,2025-01-06,stripe
ORD000339,P01346,paypal,captured,2,377.41,2025-07-28,stripe
ORD001247,P00796,amex,captured,1,35.75,2025-09-17,adyen
ORD000883,P00165,visa,failed,2,368.07,2025-03-31,braintree
ORD001070,P01054,apple_pay,captured,1,324.23,2025-05-14,braintree
ORD001390,P01294,apple_pay,failed,1,180.79,2025-09-15,braintree
ORD001068,P00424,klarna,refunded,2,150.96,2025-05-13,stripe
ORD000734,P01283,apple_pay,captured,1,463.05,2025-04-18,stripe
ORD001266,P00021,mastercard,captured,1,48.3,2025-08-25,adyen
ORD001250,P01139,apple_pay,refunded,1,177.86,2025-03-01,adyen
ORD001295,P00231,klarna,captured,1,423.63,2025-07-24,stripe
ORD001215,P00761,visa,captured,1,133.43,2025-04-15,stripe
ORD000253,P01472,paypal,captured,2,79.39,2025-04-27,stripe
ORD000323,P00865,paypal,captured,3,589.91,2025-06-10,adyen
ORD001258,P00819,klarna,failed,3,343.72,2025-09-25,adyen
ORD000473,P00490,paypal,authorized,2,168.57,2025-03-24,stripe
ORD000434,P01481,klarna,authorized,3,100.84,2025-09-03,stripe
ORD000688,P01263,apple_pay,authorized,1,14.19,2025-05-04,braintree
ORD001091,P01296,apple_pay,refunded,1,452.35,2025-11-21,stripe
ORD000870,P01224,visa,captured,1,220.92,2025-05-25,adyen
ORD000679,P00942,paypal,captured,2,124.79,2025-06-02,braintree
ORD000069,P00177,apple_pay,authorized,1,543.08,2025-10-03,braintree
ORD000708,P01394,visa,captured,1,420.84,2025-01-17,stripe
ORD001350,P00261,klarna,captured,2,488.14,2025-11-10,adyen
ORD000987,P00206,apple_pay,authorized,2,396.89,2025-05-02,stripe
ORD001367,P00695,klarna,captured,2,550.86,2025-10-29,stripe
ORD001389,P00607,paypal,authorized,2,213.23,2025-05-15,stripe
ORD000034,P00648,klarna,authorized,3,102.28,2025-03-12,stripe
ORD000021,P01502,klarna,captured,1,13.94,2025-02-09,stripe
ORD000981,P01357,visa,captured,2,29.95,2025-10-23,stripe
ORD000784,P00084,klarna,authorized,3,513.78,2025-01-10,stripe
ORD000988,P00174,paypal,captured,3,372.77,2025-08-22,adyen
ORD000719,P01210,amex,captured,1,36.88,2025-08-09,braintree
ORD000040,P01518,mastercard,refunded,2,72.97,2025-03-28,adyen
ORD000693,P01598,amex,captured,3,420.94,2025-10-03,adyen
ORD000962,P01100,paypal,refunded,3,237.08,2025-05-18,stripe
ORD000611,P01057,paypal,captured,3,466.9,2025-10-18,stripe
ORD000357,P01563,apple_pay,failed,3,562.57,2025-05-07,stripe
ORD000460,P00116,apple_pay,authorized,1,456.04,2025-10-12,stripe
ORD000975,P00643,apple_pay,captured,3,117.13,2025-06-08,adyen
ORD000613,P00375,paypal,captured,3,393.31,2025-06-17,braintree
ORD000384,P00567,klarna,captured,2,361.25,2025-11-05,stripe
ORD000064,P00021,klarna,refunded,1,510.27,2025-02-05,stripe
ORD000210,P01571,klarna,captured,3,128.17,2025-05-31,stripe
ORD000071,P00699,apple_pay,authorized,3,434.16,2025-01-16,adyen
ORD001015,P00309,mastercard,captured,3,363.87,2025-01-20,stripe
ORD000339,P00183,klarna,captured,1,291.77,2025-02-19,stripe
ORD000317,P00672,klarna,authorized,3,181.74,2025-09-27,stripe
ORD001210,P01490,mastercard,authorized,1,25.36,2025-10-14,stripe
ORD000652,P01277,klarna,captured,2,485.3,2025-10-15,adyen
ORD000857,P01474,paypal,captured,3,73.38,2025-12-29,adyen
ORD001228,P00504,apple_pay,authorized,1,232.65,2025-07-28,adyen
ORD000598,P00929,amex,refunded,3,302.73,2025-03-14,braintree
ORD000757,P00505,mastercard,refunded,2,204.53,2025-06-23,stripe
ORD000856,P00684,amex,captured,1,400.85,2025-07-22,adyen
ORD001079,P00851,mastercard,chargeback,3,203.81,2025-10-09,stripe
ORD000098,P01521,visa,failed,1,314.62,2025-06-23,stripe
ORD001395,P00806,amex,captured,3,66.16,2025-01-09,adyen
ORD001119,P00496,klarna,captured,3,266.35,2025-11-02,braintree
ORD000353,P00822,visa,refunded,3,353.97,2025-08-02,stripe
ORD001203,P01356,mastercard,captured,1,518.48,2025-02-09,adyen
ORD001303,P01106,mastercard,captured,2,117.14,2025-12-14,adyen
ORD000003,P01075,mastercard,authorized,3,209.79,2025-06-14,stripe
ORD000776,P00754,visa,captured,3,162.98,2025-10-17,adyen
ORD000838,P01554,mastercard,authorized,1,100.07,2025-09-23,stripe
ORD000305,P01400,paypal,authorized,2,237.51,2025-04-11,stripe
ORD000734,P00182,amex,captured,2,545.92,2025-11-23,stripe
ORD001341,P00624,paypal,captured,3,230.03,2025-12-01,braintree
ORD000599,P01480,klarna,authorized,3,170.58,2025-12-10,adyen
ORD000173,P00053,visa,refunded,2,575.24,2025-03-15,stripe
ORD000435,P00558,mastercard,authorized,3,432.13,2025-02-20,stripe
ORD000169,P01595,klarna,captured,1,228.11,2025-07-19,stripe
ORD001002,P00589,mastercard,captured,3,452.1,2025-03-31,stripe
ORD000940,P00487,visa,chargeback,2,386.74,2025-08-17,stripe
ORD001288,P01579,mastercard,authorized,1,514.36,2025-09-03,adyen
ORD000448,P00334,amex,authorized,1,75.5,2025-01-13,stripe
ORD000509,P00511,mastercard,captured,3,328.52,2025-10-06,adyen
ORD001214,P00335,paypal,captured,2,424.25,2025-02-16,adyen
ORD000033,P00375,mastercard,failed,3,598.63,2025-07-28,stripe
ORD000846,P00350,paypal,authorized,3,365.03,2025-07-18,braintree
ORD001262,P00051,klarna,captured,2,93.01,2025-01-07,braintree
ORD000242,P01116,mastercard,authorized,1,583.21,2025-03-08,stripe
ORD000413,P00478,paypal,captured,3,280.67,2025-07-17,stripe
ORD000093,P00358,apple_pay,captured,3,298.04,2025-06-02,adyen
ORD000214,P00562,visa,authorized,1,159.36,2025-06-23,adyen
ORD001168,P01379,amex,captured,1,490.04,2025-09-15,braintree
ORD000359,P01283,paypal,authorized,2,322.29,2025-09-09,stripe
ORD000737,P00105,mastercard,authorized,1,584.6,2025-08-17,adyen
ORD000048,P01554,amex,authorized,3,316.23,2025-09-26,stripe
ORD000713,P01182,amex,failed,1,116.53,2025-11-16,stripe
ORD000269,P00282,klarna,captured,2,464.48,2025-03-19,stripe
ORD000135,P01540,visa,captured,1,97.14,2025-12-03,adyen
ORD000499,P01406,paypal,captured,3,177.18,2025-06-21,stripe
ORD000215,P01361,klarna,chargeback,3,564.3,2025-12-05,stripe
ORD000242,P01469,klarna,authorized,3,586.06,2025-08-21,adyen
ORD000198,P00456,paypal,authorized,3,468.23,2025-05-24,stripe
ORD000687,P00612,amex,failed,1,132.07,2025-01-17,stripe
ORD000618,P01273,visa,captured,2,447.73,2025-02-14,stripe
ORD001245,P00563,mastercard,chargeback,2,360.49,2025-08-15,adyen
ORD000506,P01247,apple_pay,captured,3,273.58,2025-09-01,stripe
ORD001325,P00236,visa,captured,3,273.22,2025-02-19,braintree
ORD001041,P00814,apple_pay,captured,2,277.3,2025-12-02,adyen
ORD001322,P00134,klarna,authorized,2,200.19,2025-04-30,braintree
ORD001323,P00744,amex,refunded,3,327.44,2025-10-08,stripe
ORD001302,P00965,apple_pay,captured,3,31.56,2025-10-10,adyen
ORD001014,P00670,klarna,authorized,2,510.61,2025-09-12,braintree
ORD000765,P01427,apple_pay,authorized,1,539.25,2025-11-30,braintree
ORD000628,P00341,paypal,captured,1,240.58,2025-10-20,adyen
ORD000159,P00494,paypal,authorized,1,569.66,2025-03-01,braintree
ORD000859,P01449,mastercard,authorized,3,467.93,2025-05-30,stripe
ORD000557,P00132,visa,authorized,2,510.25,2025-07-28,stripe
ORD001031,P01573,apple_pay,refunded,2,535.85,2025-07-03,stripe
ORD000977,P00357,paypal,captured,1,210.79,2025-07-11,stripe
ORD000096,P00949,klarna,captured,3,489.5,2025-03-14,braintree
ORD000340,P00891,apple_pay,authorized,1,95.63,2025-12-21,stripe
ORD001171,P00995,mastercard,failed,3,586.45,2025-09-03,stripe
ORD000483,P01349,klarna,captured,3,361.21,2025-10-21,stripe
ORD000635,P00200,visa,authorized,2,419.54,2025-05-08,adyen
ORD001189,P00991,visa,chargeback,2,190.78,2025-08-31,stripe
ORD000853,P01397,paypal,authorized,3,28.8,2025-04-08,adyen
ORD000428,P01111,paypal,authorized,1,106.23,2025-08-04,braintree
ORD000686,P01443,apple_pay,captured,1,93.82,2025-04-02,stripe
ORD000453,P01576,paypal,refunded,1,271.04,2025-12-07,stripe
ORD001385,P00928,mastercard,failed,2,182.6,2025-07-06,stripe
ORD000864,P00563,visa,captured,2,567.19,2025-06-29,stripe
ORD001150,P01133,klarna,captured,3,506.5,2025-07-17,stripe
ORD000448,P00288,amex,captured,2,328.51,2025-03-24,stripe
ORD000837,P00196,mastercard,captured,3,512.91,2025-10-29,stripe
ORD000020,P00501,visa,captured,2,355.2,2025-04-14,stripe
ORD000040,P00950,apple_pay,failed,2,552.81,2025-12-01,adyen
ORD000673,P00061,klarna,captured,2,449.64,2025-11-01,adyen
ORD001396,P01323,klarna,captured,1,443.76,2025-04-23,adyen
ORD001339,P00357,klarna,chargeback,3,172.19,2025-07-22,adyen
ORD000311,P01277,mastercard,authorized,1,478.73,2025-05-02,braintree
ORD000252,P01161,visa,authorized,1,465.7,2025-02-20,adyen
ORD000898,P00785,paypal,captured,2,57.76,2025-04-13,stripe
ORD000660,P00700,paypal,chargeback,3,44.16,2025-11-14,stripe
ORD000731,P00164,visa,authorized,2,529.94,2025-04-21,stripe
ORD000910,P00048,klarna,authorized,3,587.52,2025-12-05,stripe
ORD000760,P00348,paypal,captured,2,366.74,2025-09-23,braintree
ORD000095,P01285,apple_pay,chargeback,1,110.77,2025-06-13,stripe
ORD000288,P01203,paypal,captured,2,258.5,2025-08-18,adyen
ORD000418,P01201,klarna,captured,1,22.42,2025-11-19,braintree
ORD000945,P01504,apple_pay,failed,2,494.82,2025-01-29,stripe
ORD001362,P00377,paypal,captured,2,70.86,2025-10-20,stripe
ORD001148,P01417,paypal,authorized,1,207.74,2025-07-28,stripe
ORD000552,P01429,klarna,authorized,1,342.0,2025-12-24,adyen
ORD000095,P00318,amex,authorized,1,421.86,2025-11-06,adyen
ORD001267,P00195,klarna,failed,1,545.17,2025-11-23,braintree
ORD000573,P01300,visa,failed,3,258.87,2025-01-22,stripe
ORD000292,P00865,visa,authorized,1,122.71,2025-06-15,adyen
ORD000875,P00923,visa,captured,3,74.25,2025-11-27,stripe
ORD000655,P01542,amex,authorized,1,398.54,2025-04-09,stripe
ORD000639,P00894,paypal,captured,2,86.0,2025-04-04,braintree
ORD000133,P01005,klarna,captured,1,398.35,2025-09-01,braintree
ORD000277,P00890,klarna,chargeback,2,279.18,2025-04-30,adyen
ORD000274,P00576,visa,captured,3,255.75,2025-08-03,stripe
ORD000798,P00329,apple_pay,authorized,1,163.94,2025-05-26,stripe
ORD000496,P00984,mastercard,captured,1,542.04,2025-06-14,stripe
ORD000566,P00417,amex,refunded,1,432.55,2025-02-21,stripe
ORD000491,P00341,klarna,captured,3,319.56,2025-11-01,adyen
ORD001094,P00142,klarna,failed,3,260.03,2025-02-05,stripe
ORD000235,P01348,apple_pay,captured,1,222.66,2025-03-04,stripe
ORD000526,P00250,mastercard,captured,1,245.51,2025-03-29,stripe
ORD000476,P01500,visa,captured,3,513.65,2025-04-11,stripe
ORD001171,P01256,klarna,refunded,1,258.63,2025-01-02,stripe
ORD000949,P01511,mastercard,captured,3,12.6,2025-12-16,stripe
ORD000002,P00089,mastercard,captured,2,554.71,2025-07-30,stripe
ORD000703,P00283,paypal,failed,3,359.79,2025-06-28,stripe
ORD000730,P00352,mastercard,authorized,3,107.75,2025-02-19,stripe
ORD000786,P00217,paypal,authorized,3,84.69,2025-08-20,stripe
ORD000648,P00192,klarna,authorized,2,232.18,2025-02-04,stripe
ORD000300,P00644,amex,captured,1,371.22,2025-04-10,stripe
ORD001245,P01548,amex,failed,2,564.11,2025-07-25,braintree
ORD000661,P00461,klarna,captured,2,42.13,2025-12-25,stripe
ORD001260,P00837,klarna,captured,3,218.14,2025-08-05,braintree
ORD001012,P00216,visa,authorized,3,161.73,2025-06-24,braintree
ORD000788,P01538,apple_pay,chargeback,3,258.5,2025-08-29,braintree
ORD001377,P01417,visa,authorized,2,477.34,2025-09-25,braintree
ORD000209,P00635,visa,authorized,2,103.54,2025-07-03,adyen
ORD000350,P01208,paypal,failed,3,561.63,2025-05-04,stripe
ORD000222,P00420,visa,refunded,1,161.3,2025-11-19,stripe
ORD000586,P00496,mastercard,authorized,3,454.1,2025-04-22,adyen
ORD000547,P01413,amex,captured,2,387.29,2025-02-15,stripe
ORD000127,P00344,amex,failed,2,333.19,2025-04-17,adyen
ORD001056,P00610,paypal,authorized,3,507.89,2025-10-14,stripe
ORD000919,P00342,klarna,chargeback,1,368.22,2025-01-28,stripe
ORD000234,P00793,amex,captured,3,471.65,2025-05-31,adyen
ORD001163,P00852,mastercard,captured,2,357.6,2025-01-15,adyen
ORD000340,P00655,mastercard,authorized,3,435.07,2025-11-26,stripe
ORD000025,P00360,klarna,authorized,2,38.02,2025-05-01,stripe
ORD000786,P00353,mastercard,authorized,2,390.61,2025-03-27,braintree
ORD000115,P00307,visa,captured,1,534.51,2025-09-11,adyen
ORD000130,P01207,paypal,refunded,1,393.7,2025-12-12,stripe
ORD001201,P00695,apple_pay,captured,3,492.7,2025-01-20,adyen
ORD000802,P00133,visa,captured,2,594.67,2025-11-13,stripe
ORD001112,P00800,paypal,captured,2,102.19,2025-05-24,stripe
ORD000810,P00623,amex,authorized,3,416.58,2025-03-05,stripe
ORD000342,P00199,apple_pay,captured,2,539.37,2025-01-27,stripe
ORD000148,P00497,visa,captured,1,26.96,2025-06-08,stripe
ORD000239,P00136,klarna,captured,3,112.46,2025-03-30,stripe
ORD000681,P00196,klarna,captured,2,157.29,2025-03-30,adyen
ORD000521,P00357,apple_pay,captured,2,529.37,2025-03-10,stripe
ORD001186,P01535,paypal,failed,2,586.57,2025-02-21,stripe
ORD000924,P01274,apple_pay,captured,3,548.97,2025-10-14,stripe
ORD001396,P00511,visa,authorized,2,289.66,2025-05-22,braintree
ORD000350,P00408,klarna,authorized,1,403.92,2025-10-20,adyen
ORD000094,P00717,apple_pay,authorized,2,71.33,2025-07-15,braintree
ORD000479,P00819,apple_pay,refunded,3,587.66,2025-01-29,stripe
ORD000719,P01046,amex,failed,2,566.99,2025-05-27,stripe
ORD001365,P00991,visa,chargeback,2,361.83,2025-02-01,stripe
ORD000925,P00055,paypal,captured,3,94.45,2025-05-02,adyen
ORD000662,P00514,paypal,refunded,2,568.99,2025-10-28,adyen
ORD000988,P01244,mastercard,captured,1,538.52,2025-04-30,adyen
ORD000591,P00147,klarna,captured,2,594.5,2025-03-28,adyen
ORD000190,P00187,amex,captured,3,309.63,2025-02-28,stripe
ORD000348,P00623,klarna,failed,3,215.42,2025-02-18,stripe
ORD000981,P00350,klarna,chargeback,1,232.52,2025-03-23,stripe
ORD001179,P00139,visa,captured,3,303.29,2025-11-28,stripe
ORD000338,P00182,visa,failed,1,548.25,2025-07-13,adyen
ORD001340,P00317,amex,refunded,1,85.93,2025-10-13,stripe
ORD000081,P00434,paypal,authorized,1,392.63,2025-02-28,adyen
ORD001336,P00625,visa,captured,3,549.95,2025-08-11,stripe
ORD001206,P01080,mastercard,captured,1,171.53,2025-10-30,stripe
ORD001221,P00872,klarna,captured,2,319.88,2025-10-11,stripe
ORD001238,P00546,amex,captured,2,478.73,2025-09-26,stripe
ORD000965,P00329,paypal,captured,2,313.7,2025-10-02,stripe
ORD001229,P00866,paypal,authorized,2,321.21,2025-12-27,stripe
ORD001168,P00823,klarna,refunded,1,462.3,2025-05-22,braintree
ORD000399,P00986,visa,captured,1,107.18,2025-04-26,stripe
ORD000788,P00419,paypal,captured,2,431.8,2025-02-04,adyen
ORD000692,P00881,visa,authorized,3,549.18,2025-03-08,adyen
ORD001076,P00569,visa,authorized,3,70.12,2025-05-28,stripe
ORD000261,P01458,amex,captured,3,45.52,2025-01-28,adyen
ORD000242,P01013,klarna,authorized,1,61.62,2025-10-04,adyen
ORD001262,P01363,amex,authorized,3,443.89,2025-05-08,adyen
ORD001392,P00889,apple_pay,authorized,2,240.82,2025-04-29,stripe
ORD000879,P00817,klarna,authorized,3,284.05,2025-12-03,stripe
ORD001032,P01511,visa,authorized,1,439.73,2025-01-22,stripe
ORD001364,P00933,apple_pay,captured,2,318.63,2025-08-04,stripe
ORD000815,P00318,klarna,captured,1,364.07,2025-08-07,stripe
ORD001063,P00923,klarna,captured,2,511.88,2025-12-16,stripe
ORD000220,P01561,apple_pay,chargeback,3,276.24,2025-05-30,adyen
ORD000660,P01079,klarna,captured,3,526.15,2025-11-30,braintree
ORD001394,P00897,paypal,failed,1,318.69,2025-09-04,stripe
ORD000216,P01411,visa,authorized,2,247.1,2025-05-19,stripe
ORD001258,P01105,klarna,authorized,1,164.02,2025-07-13,stripe
ORD000442,P01093,klarna,captured,2,440.88,2025-06-09,braintree
ORD000655,P00771,mastercard,chargeback,3,376.94,2025-08-08,stripe
ORD001029,P00684,klarna,refunded,2,486.83,2025-04-20,stripe
ORD000119,P01022,paypal,captured,2,332.56,2025-05-01,stripe
ORD000956,P00652,amex,failed,1,521.44,2025-09-28,stripe
ORD000237,P00046,apple_pay,authorized,3,179.59,2025-12-25,adyen
ORD000494,P00397,paypal,captured,3,441.0,2025-07-27,stripe
ORD000771,P00854,apple_pay,authorized,3,242.06,2025-05-01,stripe
ORD001194,P00277,amex,captured,1,77.21,2025-01-24,stripe
ORD000116,P01265,amex,authorized,1,321.7,2025-12-09,adyen
ORD000134,P01411,visa,captured,1,146.49,2025-12-02,stripe
ORD001013,P00079,klarna,captured,1,46.43,2025-03-17,stripe
ORD001224,P00095,mastercard,captured,3,224.29,2025-10-14,adyen
ORD000228,P01198,visa,authorized,2,586.75,2025-09-05,braintree
ORD000948,P00884,visa,captured,3,537.52,2025-12-07,stripe
ORD000006,P01509,amex,captured,2,588.08,2025-07-03,stripe
ORD000104,P00634,amex,authorized,3,26.86,2025-04-02,adyen
ORD000890,P01508,klarna,captured,1,100.19,2025-05-05,adyen
ORD000797,P00668,paypal,authorized,3,148.71,2025-10-02,stripe
ORD000756,P01301,apple_pay,captured,1,444.68,2025-03-15,stripe
ORD000421,P01331,visa,captured,2,587.09,2025-08-20,adyen
ORD000708,P00004,visa,captured,2,249.76,2025-10-29,stripe
ORD000186,P01424,mastercard,captured,2,354.32,2025-02-14,stripe
ORD000911,P00596,amex,authorized,1,62.18,2025-07-12,stripe
ORD000650,P00785,visa,authorized,1,381.24,2025-04-05,adyen
ORD001242,P01344,klarna,captured,1,541.0,2025-07-01,stripe
ORD000206,P00038,klarna,failed,1,398.95,2025-03-11,stripe
ORD000165,P00696,amex,authorized,3,395.46,2025-04-27,adyen
ORD001328,P01291,apple_pay,authorized,3,297.61,2025-02-25,stripe
ORD000544,P01509,mastercard,failed,2,275.49,2025-05-25,stripe
ORD000730,P00925,visa,captured,3,228.2,2025-08-26,stripe
ORD000336,P01062,klarna,authorized,3,493.92,2025-04-22,stripe
ORD000434,P00164,apple_pay,authorized,1,390.39,2025-11-13,adyen
ORD000222,P01513,apple_pay,chargeback,1,186.78,2025-08-10,stripe
ORD001007,P00876,apple_pay,captured,2,315.55,2025-12-27,braintree
ORD000702,P00301,apple_pay,authorized,1,78.27,2025-09-04,braintree
ORD000090,P01081,apple_pay,captured,3,37.0,2025-03-20,braintree
ORD000680,P00444,klarna,authorized,3,90.4,2025-07-26,stripe
ORD001002,P00164,klarna,authorized,2,521.86,2025-09-04,stripe
ORD000260,P00466,klarna,chargeback,2,161.76,2025-06-23,adyen
ORD000337,P00135,amex,captured,1,578.22,2025-01-29,stripe
ORD000209,P01370,apple_pay,captured,1,209.59,2025-03-07,braintree
ORD000235,P00990,mastercard,refunded,1,251.73,2025-03-29,adyen
ORD000649,P00563,mastercard,authorized,1,489.11,2025-05-31,braintree
ORD001366,P00033,klarna,authorized,2,142.13,2025-11-06,braintree
ORD001076,P00949,amex,authorized,2,546.55,2025-01-10,braintree
ORD001154,P00570,klarna,captured,2,395.53,2025-12-10,stripe
ORD000456,P00048,amex,captured,3,46.65,2025-07-13,braintree
ORD000162,P01112,mastercard,captured,3,574.41,2025-12-21,stripe
ORD001123,P01167,amex,authorized,2,179.61,2025-09-06,adyen
ORD000253,P01095,paypal,authorized,2,146.86,2025-06-19,adyen
ORD000893,P00113,visa,captured,2,539.96,2025-02-12,stripe
ORD001265,P01391,paypal,authorized,2,201.98,2025-09-26,stripe
ORD000163,P00717,visa,failed,3,436.37,2025-08-11,adyen
ORD001084,P00713,amex,refunded,1,30.15,2025-05-15,stripe
ORD000704,P01561,mastercard,refunded,3,553.42,2025-10-26,adyen
ORD000667,P00375,paypal,captured,1,251.44,2025-09-13,stripe
ORD000824,P00484,klarna,authorized,2,115.38,2025-04-16,stripe
ORD000846,P01571,visa,captured,1,588.93,2025-02-25,adyen
ORD000691,P01061,visa,authorized,1,447.65,2025-08-29,stripe
ORD000494,P00639,amex,refunded,2,478.14,2025-02-14,adyen
ORD000756,P01522,apple_pay,captured,3,305.49,2025-07-11,stripe
ORD000513,P01050,mastercard,authorized,2,416.21,2025-12-26,braintree
ORD001303,P01306,apple_pay,failed,3,181.62,2025-09-28,braintree
ORD000160,P00073,visa,authorized,1,315.68,2025-04-24,adyen
ORD000052,P01336,mastercard,failed,1,234.56,2025-12-17,stripe
ORD001203,P00764,paypal,captured,3,260.82,2025-11-24,stripe
ORD000942,P01008,paypal,failed,2,12.53,2025-06-29,stripe
ORD001076,P01227,amex,chargeback,2,488.4,2025-01-09,adyen
ORD001182,P01324,klarna,captured,2,138.59,2025-11-22,stripe
ORD001084,P01155,amex,captured,3,289.4,2025-10-31,stripe
ORD000243,P00753,paypal,authorized,3,398.78,2025-12-23,stripe
ORD000069,P01492,visa,failed,3,30.32,2025-12-08,stripe
ORD000880,P00096,klarna,captured,2,212.03,2025-06-29,adyen
ORD000486,P01181,paypal,chargeback,1,165.66,2025-01-06,stripe
ORD000854,P00331,amex,refunded,2,88.38,2025-05-25,stripe
ORD001087,P00712,mastercard,authorized,1,489.92,2025-05-23,stripe
ORD000620,P00739,paypal,authorized,2,329.56,2025-04-20,stripe
ORD001336,P00251,visa,captured,1,279.2,2025-10-23,stripe
ORD000306,P00071,amex,captured,3,88.17,2025-10-23,adyen
ORD000490,P01000,apple_pay,authorized,3,313.32,2025-01-02,adyen
ORD000120,P00882,apple_pay,captured,1,167.76,2025-11-30,adyen
ORD000370,P00266,paypal,captured,2,84.69,2025-04-22,stripe
ORD000405,P01180,amex,captured,3,320.83,2025-03-06,stripe
ORD000679,P01592,paypal,authorized,1,412.25,2025-04-05,stripe
ORD000980,P01584,mastercard,authorized,3,43.5,2025-01-24,adyen
ORD001004,P00271,paypal,authorized,1,43.16,2025-02-18,braintree
ORD000232,P00270,mastercard,captured,2,445.76,2025-04-18,adyen
ORD001261,P01323,mastercard,captured,1,131.99,2025-02-02,braintree
ORD001052,P01489,apple_pay,captured,1,100.65,2025-03-04,stripe
ORD000342,P00248,visa,chargeback,2,577.66,2025-04-01,adyen
ORD000116,P00099,mastercard,refunded,3,116.2,2025-10-07,stripe
ORD000895,P00337,amex,authorized,3,413.92,2025-03-14,stripe
ORD001181,P00830,klarna,failed,2,490.84,2025-12-02,stripe
ORD000015,P00684,apple_pay,authorized,2,203.99,2025-12-22,stripe
ORD000199,P00215,amex,captured,2,283.22,2025-05-03,adyen
ORD000824,P00336,paypal,authorized,1,336.96,2025-01-09,adyen
ORD000581,P00907,mastercard,authorized,1,128.34,2025-04-16,braintree
ORD000809,P01051,apple_pay,refunded,3,184.64,2025-02-17,adyen
ORD001034,P01087,amex,captured,2,578.22,2025-01-12,adyen
ORD000814,P00277,klarna,captured,3,171.4,2025-10-22,stripe
ORD000094,P00988,klarna,refunded,2,489.27,2025-02-09,stripe
ORD001133,P00971,mastercard,authorized,2,325.73,2025-10-06,stripe
ORD000923,P00940,amex,authorized,1,390.98,2025-09-01,stripe
ORD000133,P00767,klarna,captured,3,279.78,2025-06-20,braintree
ORD000856,P00141,visa,captured,2,357.09,2025-04-27,adyen
ORD000890,P01369,paypal,captured,3,328.66,2025-05-21,adyen
ORD001108,P01062,paypal,captured,1,294.32,2025-04-24,stripe
ORD000665,P00094,paypal,captured,2,483.68,2025-05-07,adyen
ORD000067,P00298,paypal,captured,1,529.33,2025-04-09,adyen
ORD000548,P00334,paypal,captured,1,160.78,2025-12-22,stripe
ORD000513,P00154,amex,authorized,3,90.15,2025-12-02,stripe
ORD000557,P00394,amex,authorized,2,488.62,2025-11-13,adyen
ORD000681,P00896,klarna,captured,1,135.02,2025-11-03,stripe
ORD001017,P00345,visa,failed,1,521.07,2025-04-06,stripe
ORD000093,P00572,visa,captured,2,70.54,2025-11-13,braintree
ORD000835,P01545,visa,captured,1,63.69,2025-06-18,stripe
ORD000265,P00358,paypal,captured,3,117.17,2025-03-01,stripe
ORD000865,P01355,mastercard,authorized,3,16.99,2025-09-30,stripe
ORD001202,P00059,visa,captured,3,451.11,2025-12-18,stripe
ORD000398,P00040,mastercard,captured,3,244.32,2025-10-29,adyen
ORD001360,P00997,mastercard,captured,1,567.73,2025-01-07,stripe
ORD000739,P00367,visa,authorized,2,225.54,2025-02-14,stripe
ORD001190,P01387,apple_pay,refunded,3,424.77,2025-02-18,stripe
ORD000911,P00529,visa,authorized,3,413.04,2025-12-15,adyen
ORD000500,P00465,klarna,authorized,2,201.58,2025-07-13,stripe
ORD000864,P00122,klarna,captured,3,536.66,2025-10-27,stripe
ORD000574,P00013,klarna,failed,1,244.75,2025-02-19,stripe
ORD000076,P00112,mastercard,failed,3,335.31,2025-07-03,stripe
ORD000517,P00167,mastercard,captured,1,244.94,2025-05-16,stripe
ORD001301,P01013,klarna,captured,3,266.85,2025-07-02,stripe
ORD000273,P00820,paypal,captured,3,42.27,2025-09-02,braintree
ORD000877,P01396,paypal,authorized,3,193.02,2025-07-05,braintree
ORD000123,P00910,klarna,authorized,1,569.52,2025-01-27,adyen
ORD000919,P00672,mastercard,captured,1,500.55,2025-10-25,adyen
ORD001234,P00456,amex,captured,2,529.3,2025-11-28,stripe
ORD001106,P01270,visa,captured,3,430.58,2025-07-19,braintree
ORD000263,P01228,apple_pay,chargeback,2,395.42,2025-03-08,adyen
ORD001252,P00100,mastercard,captured,3,540.17,2025-10-24,adyen
ORD000725,P00223,visa,captured,3,327.34,2025-08-07,stripe
ORD001251,P00045,amex,refunded,1,550.42,2025-11-12,adyen
ORD000849,P00887,paypal,authorized,1,254.96,2025-08-13,braintree
ORD000006,P00697,mastercard,captured,2,362.59,2025-09-14,stripe
ORD000992,P00789,klarna,captured,3,288.29,2025-10-14,stripe
ORD001181,P00322,apple_pay,captured,1,21.24,2025-01-18,stripe
ORD000739,P01218,klarna,refunded,3,127.39,2025-03-31,adyen
ORD001026,P01260,amex,captured,2,557.44,2025-06-13,braintree
ORD000950,P01358,amex,refunded,3,362.88,2025-09-16,stripe
ORD000133,P01150,paypal,authorized,2,37.48,2025-04-04,stripe
ORD001138,P01357,klarna,failed,3,580.66,2025-06-13,stripe
ORD000696,P01096,paypal,authorized,1,557.52,2025-01-16,adyen
ORD000571,P00333,amex,authorized,3,430.07,2025-08-19,stripe
ORD000759,P00537,paypal,authorized,2,177.06,2025-08-25,adyen
ORD001144,P01038,visa,captured,1,184.04,2025-07-19,stripe
ORD000281,P00623,klarna,authorized,2,520.5,2025-07-07,stripe
ORD000893,P00296,apple_pay,authorized,1,45.75,2025-12-31,stripe
ORD001100,P01027,amex,captured,1,150.04,2025-01-23,stripe
ORD000809,P00389,visa,captured,2,108.18,2025-09-16,braintree
ORD000845,P01380,mastercard,captured,3,432.63,2025-08-15,stripe
ORD001069,P01194,paypal,captured,3,235.24,2025-06-14,adyen
ORD000279,P01494,klarna,failed,3,550.41,2025-03-11,braintree
ORD000579,P01583,amex,captured,2,483.72,2025-12-08,adyen
ORD000127,P00869,klarna,captured,1,590.95,2025-12-09,braintree
ORD001009,P00367,paypal,failed,2,186.41,2025-05-05,stripe
ORD000427,P00270,apple_pay,failed,2,290.21,2025-09-12,adyen
ORD001284,P00465,visa,captured,3,399.29,2025-02-09,stripe
ORD000393,P00036,apple_pay,authorized,1,585.1,2025-01-02,braintree
ORD000155,P00425,mastercard,authorized,3,213.34,2025-12-19,adyen
ORD001384,P00726,amex,captured,1,202.84,2025-11-15,adyen
ORD000907,P01303,mastercard,refunded,3,379.79,2025-01-04,stripe
ORD000058,P01104,paypal,authorized,2,402.51,2025-01-24,adyen
ORD000045,P01283,paypal,captured,3,121.48,2025-02-25,braintree
ORD001307,P01092,amex,authorized,1,278.14,2025-01-05,stripe
ORD001297,P00604,visa,captured,2,232.65,2025-05-17,stripe
ORD000257,P00962,paypal,failed,2,258.47,2025-05-25,stripe
ORD001304,P00857,amex,failed,1,92.87,2025-08-30,braintree
ORD001375,P01130,apple_pay,chargeback,1,392.41,2025-02-26,stripe
ORD000006,P00288,apple_pay,captured,3,120.64,2025-11-17,stripe
ORD000969,P00670,amex,captured,3,25.0,2025-10-26,braintree
ORD000596,P00752,visa,refunded,3,302.63,2025-09-13,stripe
ORD000324,P00021,paypal,captured,1,32.77,2025-12-11,adyen
ORD001272,P01192,apple_pay,refunded,1,402.99,2025-03-12,adyen
ORD001029,P01550,apple_pay,authorized,3,360.67,2025-10-13,stripe
ORD000596,P00379,amex,authorized,3,344.37,2025-06-09,stripe
ORD001307,P01268,mastercard,authorized,2,66.17,2025-05-15,stripe
ORD000938,P00883,visa,failed,2,83.08,2025-09-06,stripe
ORD000755,P01145,paypal,authorized,1,402.58,2025-04-17,stripe
ORD000700,P00359,mastercard,failed,2,29.0,2025-01-07,stripe
ORD000095,P01493,apple_pay,captured,1,78.39,2025-05-06,stripe
ORD001397,P00254,paypal,captured,1,460.62,2025-10-12,braintree
ORD000143,P00689,visa,captured,2,108.51,2025-02-01,stripe
ORD000251,P01143,apple_pay,captured,3,302.49,2025-11-08,stripe
ORD000394,P01309,mastercard,authorized,3,68.12,2025-11-26,adyen
ORD000282,P01435,klarna,captured,2,148.7,2025-06-22,stripe
ORD000187,P00197,visa,refunded,2,528.83,2025-03-31,stripe
ORD000398,P00455,amex,authorized,2,454.39,2025-10-24,stripe
ORD000614,P01262,visa,authorized,2,121.23,2025-04-02,stripe
ORD000176,P00605,paypal,refunded,3,136.59,2025-03-17,stripe
ORD000513,P00626,amex,authorized,3,289.53,2025-09-19,stripe
ORD001091,P01465,paypal,authorized,2,383.05,2025-04-27,stripe
ORD000761,P01323,apple_pay,refunded,1,353.57,2025-08-14,adyen
ORD000306,P01540,klarna,failed,3,177.95,2025-03-25,stripe
ORD000942,P01211,amex,authorized,3,568.58,2025-12-16,stripe
ORD000996,P00684,paypal,refunded,2,502.74,2025-03-22,stripe
ORD000877,P00001,paypal,captured,1,394.45,2025-12-25,adyen
ORD001321,P00007,klarna,authorized,2,545.69,2025-10-04,adyen
ORD000717,P01141,mastercard,captured,3,183.47,2025-06-02,stripe
ORD001121,P00123,paypal,failed,1,186.87,2025-09-07,stripe
ORD001389,P00202,klarna,captured,3,192.32,2025-12-03,adyen
ORD000288,P00099,mastercard,captured,1,104.64,2025-08-17,stripe
ORD000664,P01344,amex,captured,1,92.56,2025-12-15,stripe
ORD000349,P00392,amex,authorized,1,546.47,2025-12-02,adyen
ORD000239,P01098,apple_pay,captured,1,516.07,2025-11-09,stripe
ORD000598,P01048,apple_pay,authorized,1,333.85,2025-12-02,stripe
ORD000427,P00086,visa,failed,3,399.76,2025-12-07,adyen
ORD000795,P01462,mastercard,authorized,2,150.72,2025-01-09,stripe
ORD000839,P00470,apple_pay,authorized,2,23.49,2025-08-07,stripe
ORD000366,P01185,apple_pay,authorized,1,270.54,2025-09-01,adyen
ORD000790,P00985,paypal,failed,2,405.03,2025-02-11,stripe
ORD000779,P00532,amex,captured,2,411.12,2025-08-31,stripe
ORD000138,P00621,klarna,captured,2,366.52,2025-11-10,stripe
ORD001137,P01089,klarna,captured,2,555.97,2025-09-28,braintree
ORD001107,P00253,amex,captured,1,133.5,2025-04-23,adyen
ORD001360,P01212,amex,refunded,2,165.54,2025-06-28,stripe
ORD000440,P01452,klarna,captured,3,56.98,2025-12-04,stripe
ORD000446,P00852,amex,authorized,1,562.49,2025-04-09,stripe
ORD001395,P01342,amex,failed,1,278.25,2025-07-09,braintree
ORD000404,P00262,klarna,captured,3,246.99,2025-11-02,adyen
ORD000547,P01229,visa,captured,2,591.53,2025-06-28,adyen
ORD001193,P01529,apple_pay,authorized,1,262.37,2025-02-09,braintree
ORD001146,P00737,apple_pay,failed,2,207.56,2025-10-31,stripe
ORD000505,P00866,amex,refunded,3,133.12,2025-05-05,stripe
ORD001107,P00898,mastercard,captured,1,269.54,2025-05-22,braintree
ORD000204,P01577,klarna,authorized,2,414.54,2025-11-04,braintree
ORD000473,P00021,apple_pay,authorized,3,549.32,2025-02-08,stripe
ORD001188,P00765,klarna,captured,1,122.84,2025-09-30,stripe
ORD000916,P00529,amex,captured,2,418.47,2025-10-14,stripe
ORD000729,P01428,klarna,captured,1,13.91,2025-11-23,adyen
ORD001044,P00590,apple_pay,captured,2,482.52,2025-04-17,adyen
ORD000344,P01085,mastercard,authorized,1,175.29,2025-01-09,stripe
ORD000981,P00838,amex,authorized,3,33.14,2025-11-05,braintree
ORD000767,P00283,mastercard,chargeback,1,242.6,2025-02-26,stripe
ORD000634,P00388,paypal,authorized,2,536.59,2025-12-01,braintree
ORD000282,P00068,mastercard,refunded,2,147.37,2025-09-17,stripe
ORD001300,P01484,apple_pay,captured,3,179.51,2025-05-24,stripe
ORD000398,P00235,amex,authorized,1,108.98,2025-05-16,braintree
ORD001171,P01009,paypal,captured,3,589.15,2025-09-02,braintree
ORD001295,P01080,paypal,chargeback,1,265.29,2025-11-08,braintree
ORD000934,P01130,paypal,failed,3,569.21,2025-01-07,adyen
ORD000948,P01256,apple_pay,captured,1,64.2,2025-01-08,stripe
ORD000240,P00119,paypal,authorized,1,274.69,2025-10-17,stripe
ORD001277,P00174,paypal,captured,2,289.84,2025-05-30,stripe
ORD000956,P01493,paypal,authorized,1,160.99,2025-06-17,stripe
ORD000511,P01348,paypal,authorized,2,303.42,2025-01-04,braintree
ORD000486,P00488,apple_pay,refunded,2,216.83,2025-04-07,stripe
ORD000734,P00704,amex,captured,2,155.48,2025-08-08,stripe
ORD001092,P01233,mastercard,failed,1,225.54,2025-11-16,adyen
ORD000051,P00681,mastercard,captured,3,384.76,2025-02-16,adyen
ORD000567,P00324,mastercard,authorized,1,286.21,2025-05-30,stripe
ORD000309,P01541,paypal,authorized,3,251.47,2025-09-27,braintree
ORD001275,P00043,apple_pay,failed,1,513.6,2025-10-28,stripe
ORD000822,P01402,mastercard,captured,1,390.5,2025-06-28,adyen
ORD000220,P00241,paypal,captured,1,385.81,2025-06-03,stripe
ORD001111,P00221,amex,authorized,3,141.17,2025-11-01,adyen
ORD000752,P00441,klarna,captured,2,452.53,2025-12-13,stripe
ORD001232,P00459,klarna,authorized,1,31.76,2025-10-08,adyen
ORD000315,P00192,klarna,authorized,1,136.02,2025-09-02,stripe
ORD001157,P01585,klarna,refunded,1,253.55,2025-09-10,stripe
ORD000292,P00858,klarna,captured,1,534.61,2025-09-01,stripe
ORD000345,P00254,paypal,failed,1,26.54,2025-07-08,braintree
ORD001327,P00119,paypal,refunded,3,272.47,2025-02-15,stripe
ORD001261,P01516,mastercard,captured,2,80.69,2025-11-23,stripe
ORD000958,P01415,apple_pay,captured,3,145.73,2025-09-30,adyen
ORD000994,P01465,mastercard,captured,3,249.16,2025-05-07,braintree
ORD001349,P01169,amex,authorized,2,68.1,2025-07-09,adyen
ORD000200,P00547,klarna,failed,2,499.4,2025-01-28,braintree
ORD001151,P00785,visa,failed,3,58.92,2025-09-20,adyen
ORD000332,P00390,visa,captured,3,355.35,2025-05-31,braintree
ORD000056,P01333,apple_pay,captured,1,106.33,2025-11-13,stripe
ORD001008,P00345,apple_pay,authorized,2,72.85,2025-03-23,stripe
ORD000523,P01497,apple_pay,authorized,3,283.01,2025-09-14,stripe
ORD000590,P00221,amex,captured,3,213.8,2025-05-04,braintree
ORD000490,P00010,visa,refunded,2,36.68,2025-07-02,braintree
ORD001163,P00562,mastercard,authorized,2,48.29,2025-04-27,stripe
ORD000881,P00864,klarna,refunded,2,186.52,2025-11-08,adyen
ORD001337,P00418,paypal,captured,2,471.87,2025-03-17,stripe
ORD000787,P00111,klarna,captured,2,512.32,2025-09-27,braintree
ORD000288,P00988,visa,authorized,2,49.15,2025-01-10,stripe
ORD001006,P00255,mastercard,authorized,3,111.32,2025-10-07,adyen
ORD001204,P00309,apple_pay,captured,1,210.06,2025-06-22,stripe
ORD000642,P00417,visa,captured,1,393.55,2025-11-29,stripe
ORD000143,P00110,amex,captured,3,178.25,2025-05-30,braintree
ORD001050,P01092,klarna,authorized,2,140.9,2025-02-20,stripe
ORD001374,P00769,visa,authorized,2,357.08,2025-09-05,stripe
ORD000972,P00209,visa,authorized,3,412.05,2025-07-02,stripe
ORD000571,P00549,paypal,captured,2,297.62,2025-01-16,stripe
ORD000127,P01251,mastercard,captured,2,404.4,2025-02-15,stripe
ORD000984,P01170,mastercard,authorized,3,12.42,2025-06-29,stripe
ORD000648,P00499,paypal,failed,2,203.44,2025-10-01,stripe
ORD000473,P01308,paypal,authorized,1,369.6,2025-12-26,stripe
ORD001144,P01363,apple_pay,failed,1,394.06,2025-06-07,braintree
ORD001053,P00286,visa,captured,3,124.72,2025-12-14,stripe
ORD001065,P00016,apple_pay,captured,1,205.91,2025-09-20,adyen
ORD000532,P00490,apple_pay,authorized,2,143.56,2025-07-16,braintree
ORD000894,P01312,apple_pay,captured,2,540.13,2025-02-14,adyen
ORD000206,P01039,mastercard,captured,3,184.67,2025-11-04,adyen
ORD000993,P01263,apple_pay,authorized,2,530.38,2025-08-15,stripe
ORD000165,P01018,visa,authorized,1,531.35,2025-10-15,stripe
ORD001200,P00495,apple_pay,captured,1,320.17,2025-02-11,adyen
ORD000946,P01185,visa,captured,2,523.78,2025-12-10,adyen
ORD001215,P00163,paypal,captured,3,55.23,2025-05-09,stripe
ORD000133,P00362,amex,authorized,1,84.44,2025-05-29,braintree
ORD000266,P00265,mastercard,authorized,3,249.96,2025-07-15,stripe
ORD001078,P01101,mastercard,captured,1,418.16,2025-01-12,adyen
ORD000803,P00745,amex,authorized,1,582.62,2025-09-10,braintree
ORD000701,P01296,amex,authorized,1,285.45,2025-04-07,adyen
ORD000413,P00303,amex,authorized,1,14.36,2025-07-02,stripe
ORD000921,P00060,amex,failed,2,117.09,2025-07-10,adyen
ORD001293,P00852,visa,captured,3,268.42,2025-09-24,adyen
ORD000782,P01168,amex,captured,1,417.09,2025-10-20,adyen
ORD001347,P00030,amex,captured,3,356.05,2025-03-05,stripe
ORD000655,P01132,amex,captured,1,526.9,2025-10-22,stripe
ORD001026,P00615,mastercard,authorized,3,166.69,2025-08-23,adyen
ORD000479,P01393,mastercard,authorized,3,328.6,2025-11-30,adyen
ORD000084,P00801,visa,authorized,3,95.11,2025-05-21,braintree
ORD000667,P00109,paypal,refunded,2,390.69,2025-07-23,stripe
ORD000231,P00736,paypal,captured,3,459.79,2025-02-26,stripe
ORD000958,P01177,apple_pay,failed,2,312.92,2025-05-09,adyen
ORD001306,P00377,mastercard,failed,1,274.39,2025-11-08,braintree
ORD000809,P01083,amex,authorized,1,119.66,2025-10-13,stripe
ORD001161,P00038,mastercard,captured,1,561.1,2025-12-23,stripe
ORD001329,P00742,klarna,captured,1,367.64,2025-11-10,braintree
ORD000759,P00993,apple_pay,failed,1,490.95,2025-03-29,stripe
ORD000362,P00611,visa,refunded,2,24.31,2025-04-29,stripe
ORD000613,P00559,apple_pay,captured,2,158.27,2025-02-27,braintree
ORD000298,P00106,klarna,captured,2,294.61,2025-07-04,adyen
ORD001324,P01456,paypal,captured,1,326.37,2025-10-07,stripe
ORD000326,P01400,klarna,refunded,1,248.93,2025-10-29,braintree
ORD000986,P00720,mastercard,authorized,2,209.0,2025-12-28,adyen
ORD000681,P00760,mastercard,captured,1,275.72,2025-05-06,braintree
ORD001278,P01294,paypal,refunded,1,225.92,2025-06-02,stripe
ORD000239,P01046,paypal,authorized,3,33.63,2025-07-30,adyen
ORD001163,P00966,apple_pay,captured,2,418.72,2025-10-16,stripe
ORD001213,P01307,klarna,captured,1,465.07,2025-12-17,stripe
ORD000526,P01059,mastercard,captured,3,193.64,2025-02-23,adyen
ORD000326,P01121,klarna,authorized,1,579.9,2025-05-05,stripe
ORD000486,P01199,visa,authorized,3,592.28,2025-03-25,stripe
ORD000339,P01536,amex,captured,1,345.45,2025-04-02,stripe
ORD000030,P00281,amex,captured,2,478.51,2025-02-21,stripe
ORD000900,P01239,apple_pay,refunded,1,331.86,2025-08-05,braintree
ORD000520,P00526,amex,failed,1,164.05,2025-09-01,adyen
ORD000910,P01447,apple_pay,captured,2,51.31,2025-06-08,stripe
ORD001368,P01085,visa,authorized,1,213.22,2025-08-03,adyen
ORD000883,P01142,klarna,refunded,1,119.37,2025-09-10,braintree
ORD000488,P00351,mastercard,authorized,2,554.15,2025-08-30,stripe
ORD000018,P00621,paypal,refunded,3,583.03,2025-12-11,adyen
ORD001146,P00208,amex,refunded,1,323.72,2025-03-03,stripe
ORD000489,P00179,visa,chargeback,1,342.29,2025-12-15,braintree
ORD000274,P00146,paypal,authorized,3,558.99,2025-01-30,stripe
ORD000291,P01294,klarna,authorized,2,451.0,2025-01-11,adyen
ORD000513,P00050,paypal,captured,3,105.57,2025-07-14,stripe
ORD000115,P00822,apple_pay,captured,3,571.66,2025-06-26,adyen
ORD001050,P00321,klarna,captured,1,347.1,2025-07-13,stripe
ORD000251,P00967,mastercard,captured,3,22.19,2025-12-29,stripe
ORD000837,P01576,visa,captured,1,125.77,2025-06-03,braintree
ORD001022,P01430,apple_pay,captured,2,480.13,2025-11-06,stripe
ORD000555,P00169,apple_pay,captured,1,85.38,2025-09-07,stripe
ORD000423,P00142,visa,captured,3,512.27,2025-01-24,braintree
ORD001347,P01283,amex,authorized,3,473.93,2025-06-02,stripe
ORD000662,P00058,amex,captured,3,30.8,2025-02-18,stripe
ORD001295,P00420,apple_pay,failed,1,205.32,2025-11-09,stripe
ORD001303,P00713,klarna,refunded,3,309.06,2025-05-14,stripe
ORD001231,P00503,apple_pay,failed,3,54.85,2025-10-11,braintree
ORD000222,P01203,mastercard,captured,3,351.97,2025-01-27,adyen
ORD001296,P00312,paypal,refunded,2,588.35,2025-05-03,stripe
ORD000172,P00362,mastercard,captured,2,364.08,2025-10-20,stripe
ORD000669,P00298,paypal,failed,2,301.29,2025-11-23,adyen
ORD000826,P00591,klarna,authorized,3,521.44,2025-01-10,adyen
ORD000550,P01383,paypal,captured,3,578.74,2025-06-29,stripe
ORD001394,P00017,apple_pay,authorized,1,541.7,2025-11-16,stripe
ORD000955,P01288,apple_pay,authorized,1,31.8,2025-06-19,braintree
ORD000229,P00357,amex,captured,3,68.78,2025-04-20,stripe
ORD000802,P01525,visa,authorized,3,373.12,2025-09-21,braintree
ORD001254,P00809,klarna,captured,1,143.75,2025-10-17,stripe
ORD000955,P00461,amex,failed,1,317.42,2025-12-16,stripe
ORD000178,P00860,klarna,captured,3,504.72,2025-11-29,stripe
ORD000633,P00429,klarna,captured,3,563.69,2025-01-13,braintree
ORD000937,P00983,apple_pay,failed,1,206.83,2025-10-24,stripe
ORD000102,P00498,paypal,captured,3,510.74,2025-03-05,braintree
ORD000365,P00711,mastercard,chargeback,1,307.36,2025-11-02,adyen
ORD000828,P00819,visa,authorized,1,398.57,2025-10-21,stripe
ORD000360,P00582,klarna,authorized,2,84.01,2025-03-26,stripe
ORD000513,P00706,klarna,captured,2,47.38,2025-06-11,braintree
ORD000310,P01128,apple_pay,failed,1,470.44,2025-10-09,stripe
ORD000222,P00941,klarna,authorized,2,363.09,2025-11-10,braintree
ORD000115,P01197,mastercard,captured,3,496.09,2025-11-15,adyen
ORD000213,P00289,paypal,captured,1,78.31,2025-05-09,adyen
ORD001064,P00497,mastercard,failed,3,111.41,2025-01-29,stripe
ORD000372,P00145,paypal,failed,2,47.16,2025-12-23,adyen
ORD000867,P00926,klarna,authorized,3,393.58,2025-11-12,braintree
ORD001054,P00920,mastercard,authorized,1,373.19,2025-03-20,adyen
ORD000605,P00895,amex,captured,3,261.08,2025-08-01,braintree
ORD001246,P01331,paypal,failed,3,89.82,2025-12-13,stripe
ORD000824,P01317,amex,authorized,2,24.07,2025-04-29,adyen
ORD001125,P01328,klarna,captured,2,162.79,2025-10-16,stripe
ORD001353,P01004,amex,authorized,3,11.66,2025-06-27,stripe
ORD000005,P00920,mastercard,authorized,2,569.77,2025-12-22,adyen
ORD000696,P00882,mastercard,captured,2,110.42,2025-05-29,adyen
ORD000282,P01089,mastercard,failed,3,166.64,2025-03-01,braintree
ORD000789,P01592,mastercard,captured,1,481.16,2025-12-14,adyen
ORD000338,P01001,klarna,captured,3,597.02,2025-05-09,stripe
ORD001000,P00897,paypal,captured,2,376.12,2025-04-11,braintree
ORD001042,P01311,amex,captured,1,159.46,2025-03-14,stripe
ORD000139,P01416,visa,authorized,3,277.22,2025-05-30,adyen
ORD000577,P00038,klarna,failed,1,45.19,2025-10-30,stripe
ORD000285,P00453,visa,authorized,2,74.32,2025-05-06,stripe
ORD000317,P01579,amex,refunded,1,428.66,2025-04-08,stripe
ORD000091,P01377,apple_pay,failed,3,499.4,2025-06-11,adyen
ORD001203,P01442,visa,captured,3,169.38,2025-07-11,braintree
ORD000708,P00740,mastercard,captured,2,445.65,2025-10-29,braintree
ORD000885,P00920,klarna,failed,2,387.82,2025-03-12,braintree
ORD000481,P00667,visa,authorized,2,310.71,2025-04-28,stripe
ORD001108,P00253,mastercard,captured,1,180.66,2025-09-16,stripe
ORD000336,P00251,visa,authorized,1,591.28,2025-06-06,stripe
ORD001323,P00180,apple_pay,captured,2,156.3,2025-09-29,braintree
ORD001120,P01430,visa,captured,2,133.12,2025-06-11,stripe
ORD001124,P01132,visa,authorized,2,74.87,2025-02-12,adyen
ORD000433,P01600,amex,authorized,1,398.81,2025-11-11,braintree
ORD001072,P01376,apple_pay,captured,2,541.71,2025-09-08,stripe
ORD001340,P00148,klarna,refunded,3,89.16,2025-02-19,stripe
ORD000321,P00850,mastercard,captured,2,71.61,2025-03-02,stripe
ORD000437,P01316,paypal,captured,2,543.61,2025-05-04,adyen
ORD000459,P00503,apple_pay,refunded,1,399.73,2025-12-15,stripe
ORD000015,P00411,apple_pay,failed,2,581.72,2025-04-20,stripe
ORD000349,P01262,klarna,captured,1,429.07,2025-11-18,stripe
ORD000753,P00873,visa,captured,3,465.31,2025-06-28,braintree
ORD000061,P00137,visa,captured,3,282.41,2025-03-15,braintree
ORD001262,P00571,apple_pay,authorized,3,150.6,2025-02-12,adyen
ORD000432,P00066,amex,failed,2,345.79,2025-05-05,stripe
ORD000726,P00694,apple_pay,authorized,1,221.35,2025-03-23,stripe
ORD001099,P01473,apple_pay,captured,3,287.14,2025-08-06,stripe
ORD000104,P00424,amex,refunded,3,314.25,2025-12-24,braintree
ORD000329,P00631,klarna,captured,1,25.68,2025-10-22,stripe
ORD001277,P00977,klarna,authorized,3,369.04,2025-04-24,stripe
ORD000087,P01494,amex,authorized,3,221.54,2025-12-11,adyen
ORD000424,P00010,visa,captured,1,489.14,2025-12-19,braintree
ORD001374,P00891,klarna,authorized,1,43.22,2025-06-02,stripe
ORD001157,P01149,klarna,authorized,2,338.15,2025-06-27,adyen
ORD000468,P00587,klarna,captured,3,222.41,2025-06-28,braintree
ORD000058,P00933,visa,captured,2,65.04,2025-05-31,stripe
ORD000098,P00716,apple_pay,captured,3,254.08,2025-02-27,adyen
ORD000546,P01274,klarna,authorized,3,251.47,2025-11-23,stripe
ORD001291,P00009,amex,captured,1,454.45,2025-05-08,adyen
ORD000846,P00703,apple_pay,captured,2,99.69,2025-01-31,stripe
ORD000428,P01062,paypal,captured,1,499.93,2025-12-29,stripe
ORD000968,P00143,amex,refunded,1,38.26,2025-02-15,stripe
ORD000315,P00905,apple_pay,authorized,3,314.27,2025-12-09,stripe
ORD001237,P00338,paypal,captured,3,392.91,2025-02-19,stripe
ORD001114,P00674,apple_pay,authorized,2,18.46,2025-06-01,stripe
ORD000751,P00738,mastercard,authorized,3,50.79,2025-07-10,adyen
ORD000508,P00916,mastercard,captured,3,171.37,2025-03-23,stripe
ORD000369,P01222,paypal,captured,1,235.06,2025-07-30,adyen
ORD000615,P01415,paypal,captured,3,214.44,2025-07-29,stripe
ORD000627,P00205,amex,refunded,2,583.07,2025-11-12,adyen
ORD001232,P00623,klarna,failed,3,108.5,2025-06-04,stripe
ORD000259,P00025,amex,authorized,1,535.53,2025-11-16,stripe
ORD000272,P00728,amex,captured,2,567.3,2025-10-02,stripe
ORD001113,P00821,mastercard,captured,3,113.6,2025-10-23,adyen
ORD001331,P01539,paypal,captured,2,457.57,2025-08-18,stripe
ORD000162,P01119,paypal,captured,1,598.93,2025-03-08,adyen
ORD001068,P01403,mastercard,refunded,3,156.23,2025-08-30,stripe
ORD001066,P01580,apple_pay,captured,1,306.61,2025-09-19,braintree
ORD001310,P01334,visa,failed,3,457.71,2025-05-17,stripe
ORD000202,P00306,apple_pay,captured,3,443.52,2025-08-21,stripe
ORD000207,P00649,visa,failed,1,501.57,2025-08-14,adyen
ORD000899,P00395,mastercard,captured,2,215.46,2025-08-23,stripe
ORD000950,P00321,amex,authorized,2,81.19,2025-09-09,stripe
ORD000326,P01306,amex,captured,1,409.09,2025-09-03,adyen
ORD000328,P00201,paypal,captured,1,210.34,2025-08-25,adyen
ORD000569,P00641,klarna,authorized,1,391.18,2025-04-27,stripe
ORD000858,P00491,apple_pay,captured,3,289.32,2025-09-11,stripe
ORD001393,P00789,paypal,failed,2,280.58,2025-02-24,stripe
ORD001022,P00325,visa,failed,3,530.09,2025-11-21,stripe
ORD000370,P01002,klarna,captured,2,387.87,2025-10-17,adyen
ORD000034,P01181,mastercard,captured,2,378.46,2025-04-08,stripe
ORD000480,P00154,paypal,failed,1,582.8,2025-01-27,braintree
ORD000057,P00029,apple_pay,chargeback,3,169.15,2025-02-27,adyen
ORD000513,P01468,apple_pay,authorized,2,416.22,2025-09-07,adyen
ORD000921,P01180,visa,authorized,2,219.76,2025-01-13,stripe
ORD000527,P00972,mastercard,authorized,2,363.36,2025-02-06,stripe
ORD001071,P01515,klarna,captured,2,492.09,2025-09-13,stripe
ORD000063,P01293,apple_pay,failed,3,554.44,2025-06-29,stripe
ORD000142,P01186,paypal,authorized,2,261.99,2025-05-03,stripe
ORD000290,P01367,amex,captured,3,500.93,2025-04-11,braintree
ORD000432,P00757,klarna,authorized,1,207.69,2025-07-04,adyen
ORD000619,P00258,apple_pay,authorized,1,400.01,2025-04-20,stripe
ORD000704,P00900,apple_pay,captured,1,527.8,2025-01-27,stripe
ORD000666,P00532,klarna,captured,3,414.4,2025-06-15,adyen
ORD001181,P00091,klarna,authorized,2,426.38,2025-12-05,stripe
ORD001337,P01112,klarna,captured,2,504.2,2025-07-07,stripe
ORD001273,P00015,paypal,captured,1,158.94,2025-08-03,adyen
ORD000865,P00561,mastercard,refunded,1,450.67,2025-05-02,adyen
ORD000501,P00789,mastercard,failed,3,386.21,2025-02-15,stripe
ORD000282,P01000,visa,captured,3,332.07,2025-09-30,adyen
ORD000440,P00725,apple_pay,refunded,1,585.3,2025-05-29,braintree
ORD000218,P00862,amex,captured,3,253.38,2025-01-29,adyen
ORD000345,P00401,mastercard,authorized,1,148.56,2025-04-25,adyen
ORD000840,P00459,apple_pay,captured,3,505.17,2025-01-13,stripe
ORD000124,P01103,paypal,refunded,1,119.22,2025-11-13,stripe
ORD000422,P00111,mastercard,captured,1,449.71,2025-12-28,adyen
ORD000774,P01208,amex,refunded,2,557.65,2025-11-16,stripe
ORD000261,P01046,amex,captured,1,494.73,2025-10-24,stripe
ORD000778,P00382,apple_pay,refunded,3,383.56,2025-10-16,stripe
ORD001363,P00956,visa,failed,3,554.66,2025-06-22,adyen
ORD001182,P00473,apple_pay,failed,3,298.46,2025-05-22,adyen
ORD000422,P01130,visa,chargeback,3,54.65,2025-01-29,adyen
ORD001043,P01452,klarna,captured,1,443.61,2025-12-11,adyen
ORD000834,P00474,visa,captured,1,432.94,2025-01-06,braintree
ORD000001,P00918,mastercard,authorized,1,520.57,2025-04-11,stripe
ORD000826,P01568,amex,failed,3,249.6,2025-06-07,stripe
ORD000441,P01230,klarna,captured,1,95.57,2025-08-30,stripe
ORD001299,P01536,amex,authorized,3,70.58,2025-12-31,stripe
ORD000293,P01131,apple_pay,captured,2,213.78,2025-07-11,stripe
ORD000949,P01044,mastercard,authorized,3,477.85,2025-10-25,stripe
ORD001319,P00875,amex,captured,1,317.61,2025-06-09,stripe
ORD001188,P00091,paypal,authorized,2,110.56,2025-12-28,braintree
ORD001386,P00736,visa,refunded,1,152.67,2025-03-10,adyen
ORD000164,P00878,visa,captured,1,215.56,2025-05-29,braintree
ORD000066,P01135,amex,chargeback,3,293.37,2025-03-29,stripe
ORD000910,P00718,apple_pay,authorized,2,505.27,2025-04-08,stripe
ORD000713,P01125,visa,captured,3,595.48,2025-10-27,stripe
ORD001280,P00464,apple_pay,refunded,1,363.56,2025-09-17,stripe
ORD001262,P01081,paypal,captured,1,239.62,2025-09-02,stripe
ORD000502,P00675,mastercard,authorized,1,118.19,2025-02-01,stripe
ORD000276,P00615,visa,refunded,2,311.5,2025-12-06,stripe
ORD001154,P00907,paypal,authorized,2,371.74,2025-12-11,adyen
ORD001326,P00078,amex,authorized,3,202.9,2025-09-06,braintree
ORD000541,P00126,visa,captured,1,201.11,2025-05-29,stripe
ORD000548,P00081,apple_pay,captured,1,498.82,2025-01-23,stripe
ORD000239,P00566,klarna,captured,3,399.38,2025-06-13,stripe
ORD001110,P00870,amex,authorized,2,275.66,2025-02-12,adyen
ORD000664,P00552,amex,authorized,1,339.05,2025-08-27,stripe
ORD001190,P00738,klarna,captured,1,307.8,2025-09-22,stripe
ORD001057,P00383,amex,captured,2,112.88,2025-01-27,stripe
ORD000580,P00893,mastercard,authorized,2,523.5,2025-04-02,stripe
ORD000637,P00196,klarna,captured,3,63.69,2025-08-25,stripe
ORD001229,P00988,paypal,refunded,2,135.69,2025-04-01,adyen
ORD000297,P00669,klarna,chargeback,2,341.41,2025-11-08,adyen
ORD001246,P00093,klarna,failed,3,282.07,2025-05-29,braintree
ORD000171,P01076,apple_pay,authorized,1,361.26,2025-09-03,stripe
ORD000157,P00625,amex,captured,2,552.62,2025-09-30,adyen
ORD000842,P00488,apple_pay,refunded,1,178.74,2025-08-09,stripe
ORD000267,P01501,amex,authorized,3,98.92,2025-08-22,stripe
ORD000936,P00929,apple_pay,authorized,1,81.56,2025-07-29,stripe
ORD001196,P01512,klarna,authorized,1,44.85,2025-03-12,stripe
ORD001219,P01421,apple_pay,captured,2,476.55,2025-04-18,braintree
ORD000292,P00660,amex,refunded,2,279.91,2025-11-24,braintree
ORD000546,P00246,klarna,captured,1,160.92,2025-05-09,stripe
ORD000318,P00308,klarna,captured,3,407.7,2025-12-21,adyen
ORD001179,P01328,mastercard,captured,1,468.64,2025-07-30,stripe
ORD001186,P00650,klarna,failed,2,562.91,2025-10-17,adyen
ORD001011,P00304,amex,authorized,1,245.67,2025-03-26,stripe
ORD000662,P00268,mastercard,captured,2,416.76,2025-03-12,stripe
ORD000194,P01093,mastercard,refunded,2,169.67,2025-05-20,adyen
ORD000027,P00872,apple_pay,refunded,3,520.63,2025-10-17,stripe
ORD000836,P01542,amex,captured,2,546.13,2025-09-08,stripe
ORD000695,P01376,paypal,authorized,3,381.85,2025-07-10,braintree
ORD001094,P01073,amex,refunded,1,398.78,2025-03-08,stripe
ORD000061,P00548,klarna,refunded,2,399.17,2025-01-11,stripe
ORD000731,P01381,visa,authorized,2,359.02,2025-02-16,stripe
ORD000573,P01401,paypal,authorized,2,268.88,2025-09-01,adyen
ORD000579,P00836,amex,authorized,3,446.79,2025-12-16,stripe
ORD000447,P01037,apple_pay,captured,3,586.21,2025-12-23,braintree
ORD000186,P00308,klarna,captured,3,450.02,2025-10-07,stripe
ORD001120,P00923,amex,authorized,3,192.64,2025-06-07,stripe
ORD000826,P01178,klarna,failed,3,305.26,2025-09-20,stripe
ORD000637,P01258,paypal,authorized,3,362.27,2025-01-24,stripe
ORD001337,P01343,visa,refunded,3,58.51,2025-05-09,stripe
ORD000894,P01073,apple_pay,captured,1,300.28,2025-03-26,stripe
ORD000683,P00471,paypal,captured,3,70.45,2025-12-22,adyen
ORD000395,P01243,klarna,refunded,3,311.2,2025-07-23,adyen
ORD000941,P00980,amex,authorized,3,61.32,2025-12-09,braintree
ORD001189,P00876,mastercard,authorized,1,223.21,2025-10-16,adyen
ORD000877,P01147,mastercard,captured,2,573.15,2025-09-25,stripe
ORD000317,P01210,visa,captured,2,14.4,2025-03-09,stripe
ORD000352,P01141,apple_pay,captured,1,171.82,2025-01-29,stripe
ORD001300,P00161,klarna,refunded,2,229.33,2025-03-22,stripe
ORD000736,P01373,paypal,chargeback,1,358.11,2025-10-29,adyen
ORD000695,P01203,paypal,authorized,1,579.61,2025-12-03,stripe
ORD000413,P01247,visa,authorized,1,387.45,2025-09-13,adyen
ORD000729,P01177,visa,captured,3,537.33,2025-11-18,stripe
ORD000498,P00440,amex,refunded,3,105.94,2025-01-28,stripe
ORD000088,P01478,paypal,authorized,1,180.27,2025-12-01,braintree
ORD000129,P00668,amex,captured,2,533.37,2025-02-09,stripe
ORD000434,P01330,klarna,authorized,3,13.05,2025-03-06,braintree
ORD000892,P00394,mastercard,refunded,2,277.73,2025-10-30,stripe
ORD001106,P01593,klarna,authorized,2,277.2,2025-12-07,stripe
ORD000408,P01532,mastercard,captured,3,568.29,2025-02-27,stripe
ORD000261,P00341,mastercard,authorized,1,275.04,2025-05-05,stripe
ORD000011,P01518,mastercard,captured,3,544.74,2025-10-29,braintree
ORD000057,P00335,apple_pay,captured,2,355.34,2025-07-08,stripe
ORD001123,P00418,mastercard,captured,2,186.98,2025-05-28,stripe
ORD000383,P01250,amex,authorized,3,97.48,2025-06-16,stripe
ORD001311,P00819,visa,authorized,1,299.22,2025-04-18,stripe
ORD000662,P01442,amex,authorized,2,20.41,2025-12-23,adyen
ORD000267,P00716,mastercard,failed,1,207.77,2025-07-11,stripe
ORD000716,P00617,apple_pay,captured,3,318.61,2025-04-06,adyen
ORD000022,P00012,apple_pay,authorized,2,339.39,2025-11-23,stripe
ORD000323,P01123,mastercard,captured,3,271.92,2025-12-16,braintree
ORD000424,P01160,klarna,captured,2,578.74,2025-01-24,stripe
ORD001210,P00918,amex,authorized,1,97.46,2025-12-17,braintree
ORD000148,P00400,klarna,failed,2,598.52,2025-12-20,stripe
ORD001157,P01525,mastercard,captured,1,417.91,2025-12-01,adyen
ORD001005,P01035,klarna,captured,3,496.75,2025-02-21,stripe
ORD000158,P00943,visa,captured,1,384.25,2025-05-11,stripe
ORD000096,P00335,amex,refunded,3,136.81,2025-11-13,stripe
ORD001040,P00810,amex,captured,1,452.88,2025-05-17,adyen
ORD000742,P00700,mastercard,authorized,2,510.43,2025-06-09,stripe
ORD000202,P01308,klarna,authorized,2,453.64,2025-03-16,stripe
ORD000899,P01361,mastercard,captured,1,525.63,2025-06-03,adyen
ORD001331,P00339,amex,authorized,1,47.48,2025-06-23,stripe
ORD001274,P01066,visa,captured,3,577.55,2025-05-29,stripe
ORD001383,P00514,apple_pay,chargeback,2,564.12,2025-04-01,stripe
ORD001111,P00039,mastercard,authorized,3,539.23,2025-02-02,stripe
ORD000080,P00645,mastercard,captured,2,386.07,2025-08-17,braintree
ORD001022,P01090,klarna,authorized,1,509.54,2025-01-23,braintree
ORD001317,P00100,klarna,authorized,2,366.89,2025-11-13,stripe
ORD000147,P01554,visa,authorized,1,300.4,2025-01-27,stripe
ORD001121,P00285,paypal,authorized,3,559.3,2025-12-13,braintree
ORD000350,P01172,apple_pay,authorized,3,132.45,2025-07-22,adyen
ORD000930,P00673,klarna,refunded,3,512.43,2025-06-09,stripe
ORD001247,P00125,mastercard,captured,1,269.92,2025-11-06,braintree
ORD000109,P00367,mastercard,authorized,1,182.24,2025-06-07,braintree
ORD000448,P00391,mastercard,authorized,2,308.66,2025-02-20,stripe
ORD000862,P01222,paypal,chargeback,2,386.01,2025-07-07,braintree
ORD000944,P00441,paypal,authorized,1,117.81,2025-06-28,adyen
ORD001149,P01409,mastercard,authorized,1,453.18,2025-11-29,braintree
ORD001184,P00760,visa,failed,2,242.83,2025-07-08,stripe
ORD000101,P01453,visa,captured,2,425.19,2025-01-29,stripe
ORD000276,P01324,mastercard,authorized,1,102.72,2025-05-04,stripe
ORD000078,P01000,paypal,captured,2,43.03,2025-04-22,stripe
ORD000268,P01232,mastercard,captured,3,105.32,2025-03-23,stripe
ORD000353,P00506,apple_pay,captured,3,116.52,2025-03-13,stripe
ORD000042,P01327,paypal,authorized,3,459.31,2025-01-29,stripe
ORD000184,P00783,mastercard,refunded,1,300.61,2025-10-10,braintree
ORD001267,P01212,klarna,captured,1,460.77,2025-05-25,stripe
ORD000910,P00723,apple_pay,authorized,1,450.71,2025-05-19,braintree
ORD000460,P00547,klarna,captured,1,154.7,2025-06-08,stripe
ORD000237,P00649,apple_pay,captured,1,547.44,2025-12-18,stripe
ORD000180,P00401,paypal,refunded,1,463.75,2025-09-13,braintree
ORD000584,P01442,amex,authorized,2,60.37,2025-12-24,stripe
ORD001068,P00638,paypal,captured,1,347.68,2025-08-07,stripe
ORD001213,P00185,apple_pay,failed,3,253.5,2025-11-18,stripe
ORD001151,P01233,klarna,authorized,3,281.09,2025-12-04,adyen
ORD000814,P00286,paypal,captured,2,226.6,2025-07-05,adyen
ORD000960,P00125,apple_pay,failed,2,302.81,2025-06-29,stripe
ORD001173,P00711,klarna,captured,2,219.81,2025-12-06,stripe
ORD000923,P00295,paypal,captured,1,283.08,2025-09-21,braintree
ORD000862,P01341,apple_pay,captured,1,331.39,2025-05-18,adyen
ORD001352,P00885,mastercard,captured,2,441.05,2025-04-27,stripe
ORD000777,P00417,klarna,refunded,2,99.38,2025-05-24,adyen
ORD000402,P01394,klarna,captured,1,88.77,2025-04-04,stripe
ORD000654,P00299,amex,captured,1,303.74,2025-06-22,adyen
ORD000390,P01030,klarna,failed,2,290.24,2025-09-03,stripe
ORD000241,P01091,apple_pay,captured,1,342.68,2025-09-12,stripe
ORD001011,P01056,mastercard,captured,3,371.9,2025-01-16,stripe
ORD000256,P00252,klarna,captured,3,171.73,2025-01-24,braintree
ORD001014,P00162,paypal,captured,3,392.16,2025-08-18,adyen
ORD001251,P01139,visa,captured,1,302.44,2025-07-15,stripe
ORD000405,P00315,visa,authorized,3,302.58,2025-01-21,stripe
ORD001135,P00348,paypal,captured,1,360.41,2025-12-19,stripe
ORD000008,P00047,paypal,captured,3,371.15,2025-12-23,stripe
ORD000566,P00890,klarna,failed,1,373.97,2025-01-25,adyen
ORD000865,P00270,paypal,authorized,3,500.06,2025-01-03,adyen
ORD001056,P00056,amex,refunded,1,304.71,2025-02-01,stripe
ORD000660,P00633,mastercard,authorized,3,565.21,2025-08-26,stripe
ORD000559,P00173,paypal,captured,2,568.38,2025-12-11,stripe
ORD000974,P01076,mastercard,captured,1,207.86,2025-05-29,stripe
ORD000472,P00281,apple_pay,captured,1,529.94,2025-10-31,adyen
ORD001069,P01564,visa,refunded,2,258.36,2025-03-18,stripe
ORD000833,P00265,apple_pay,captured,3,584.84,2025-01-01,adyen
ORD000863,P01037,mastercard,authorized,3,557.17,2025-06-26,adyen
ORD001235,P00736,mastercard,captured,2,269.31,2025-06-14,braintree
ORD001156,P00747,klarna,captured,3,216.17,2025-12-30,adyen
ORD001190,P01201,amex,captured,2,414.75,2025-04-23,adyen
ORD001313,P00935,apple_pay,captured,1,226.86,2025-06-07,stripe
ORD000565,P00895,amex,authorized,1,399.62,2025-03-03,stripe
ORD000850,P00109,klarna,captured,3,258.59,2025-05-27,stripe
ORD001119,P01442,visa,captured,3,306.11,2025-01-20,stripe
ORD000070,P01004,amex,captured,3,233.44,2025-05-06,adyen
ORD001368,P01123,visa,failed,2,480.05,2025-04-02,stripe
ORD000038,P01508,paypal,authorized,2,364.81,2025-05-18,stripe
ORD001005,P00941,apple_pay,captured,3,413.12,2025-08-27,stripe
ORD001227,P00277,amex,chargeback,3,494.35,2025-10-14,stripe
ORD001007,P00346,klarna,captured,2,479.78,2025-04-21,stripe
ORD001257,P01423,apple_pay,captured,3,310.62,2025-11-16,adyen
ORD000110,P01252,klarna,chargeback,3,159.98,2025-04-23,stripe
ORD000323,P00273,klarna,authorized,2,224.41,2025-01-29,stripe
ORD000539,P00775,klarna,captured,2,335.7,2025-04-06,stripe
ORD001138,P00371,amex,captured,3,150.87,2025-03-29,braintree
ORD001231,P00581,klarna,authorized,3,470.69,2025-02-05,braintree
ORD000314,P01527,paypal,failed,2,145.32,2025-08-29,stripe
ORD000705,P00791,visa,authorized,2,207.77,2025-08-05,stripe
ORD001173,P01545,visa,refunded,1,383.32,2025-04-22,braintree
ORD000491,P01071,amex,captured,3,421.64,2025-09-24,braintree
ORD000658,P00872,paypal,authorized,1,242.84,2025-03-22,adyen
ORD000797,P01032,visa,authorized,3,455.86,2025-12-24,adyen
ORD000784,P00581,paypal,failed,2,542.17,2025-05-08,adyen
ORD000503,P00647,apple_pay,captured,1,106.99,2025-03-24,adyen
ORD000764,P00786,apple_pay,authorized,1,550.38,2025-09-30,adyen
ORD000043,P00268,klarna,authorized,3,327.46,2025-03-01,adyen
ORD000635,P00760,amex,captured,1,274.81,2025-12-17,adyen
ORD001100,P00882,visa,authorized,1,479.54,2025-09-16,braintree
ORD001053,P00945,klarna,refunded,2,472.6,2025-03-16,braintree
ORD000539,P00886,paypal,authorized,3,412.69,2025-04-28,stripe
ORD000958,P01024,paypal,authorized,3,251.02,2025-12-19,braintree
ORD001385,P00123,paypal,captured,2,167.69,2025-07-05,stripe
ORD000519,P00721,amex,authorized,2,222.61,2025-07-20,stripe
ORD000353,P01296,visa,failed,2,348.24,2025-09-16,stripe
ORD000526,P01544,paypal,refunded,2,342.75,2025-04-04,stripe
ORD001248,P00091,klarna,captured,1,555.13,2025-06-03,stripe
ORD000643,P00350,visa,failed,1,279.43,2025-06-03,braintree
ORD000763,P00852,amex,failed,3,403.31,2025-05-16,stripe
ORD000824,P00804,klarna,authorized,3,399.43,2025-04-25,braintree
ORD000194,P01528,amex,authorized,3,441.69,2025-06-10,stripe
ORD000033,P00475,visa,captured,3,594.96,2025-10-15,stripe
ORD000766,P00722,klarna,chargeback,2,483.2,2025-06-16,stripe
ORD000129,P00042,visa,failed,1,33.39,2025-02-02,stripe
ORD001167,P00952,mastercard,captured,1,488.85,2025-01-01,braintree
ORD000140,P00683,amex,authorized,3,599.94,2025-01-08,stripe
ORD000066,P00273,amex,failed,3,32.37,2025-03-10,stripe
ORD000948,P00048,amex,captured,3,362.34,2025-10-05,braintree
ORD000653,P00202,apple_pay,refunded,1,363.65,2025-08-11,stripe
ORD000735,P01378,paypal,captured,2,319.7,2025-05-08,stripe
ORD001009,P00025,amex,authorized,3,526.43,2025-01-07,stripe
ORD001041,P00776,apple_pay,captured,3,490.45,2025-04-30,adyen
ORD000900,P01269,paypal,captured,1,111.51,2025-04-11,stripe
ORD000554,P00616,paypal,captured,3,70.77,2025-07-01,adyen
ORD000671,P00165,amex,captured,2,108.29,2025-06-10,adyen
ORD000153,P00209,paypal,refunded,3,533.17,2025-03-04,stripe
ORD000944,P00864,mastercard,failed,1,68.06,2025-06-11,adyen
ORD000218,P00924,amex,authorized,2,391.24,2025-02-14,braintree
ORD001111,P01278,visa,authorized,3,413.13,2025-01-18,stripe
ORD000876,P00121,visa,captured,3,138.69,2025-12-04,stripe
ORD000852,P00002,klarna,captured,2,145.57,2025-11-16,adyen
ORD000274,P00107,apple_pay,captured,1,503.07,2025-12-30,adyen
ORD000299,P00787,mastercard,captured,3,257.85,2025-02-03,stripe
ORD000590,P00095,amex,captured,1,304.69,2025-09-05,braintree
ORD000539,P00752,klarna,failed,1,244.32,2025-11-16,stripe
ORD000519,P00490,paypal,authorized,3,118.08,2025-05-27,stripe
ORD001301,P00321,visa,captured,2,269.18,2025-12-28,stripe
ORD000566,P00358,paypal,failed,1,168.9,2025-12-19,adyen
ORD000559,P01088,klarna,authorized,1,187.1,2025-03-07,stripe
ORD001059,P00294,mastercard,authorized,1,129.01,2025-11-13,adyen
ORD001307,P01160,klarna,captured,3,379.66,2025-01-26,braintree
ORD000845,P00843,apple_pay,authorized,3,179.25,2025-02-26,stripe
ORD001282,P01495,visa,captured,1,107.74,2025-02-14,stripe
ORD000150,P01003,klarna,refunded,3,486.97,2025-12-25,braintree
ORD001182,P00325,paypal,authorized,2,349.76,2025-11-08,stripe
ORD000356,P00991,mastercard,refunded,3,516.74,2025-04-13,stripe
ORD001347,P00471,apple_pay,authorized,3,471.05,2025-12-21,stripe
ORD000963,P00871,apple_pay,captured,1,229.37,2025-02-16,adyen
ORD000572,P01514,paypal,authorized,1,341.39,2025-08-04,stripe
ORD001014,P00714,klarna,captured,2,592.33,2025-11-12,braintree
ORD001056,P01530,klarna,chargeback,3,221.23,2025-12-12,adyen
ORD000626,P01569,mastercard,captured,3,151.31,2025-03-22,stripe
ORD000617,P01136,visa,refunded,3,106.27,2025-10-08,stripe
ORD000794,P01469,apple_pay,captured,2,564.56,2025-09-08,adyen
ORD000542,P01578,klarna,refunded,2,157.25,2025-07-27,stripe
ORD001283,P00905,mastercard,captured,2,557.3,2025-10-21,stripe
ORD001019,P00087,paypal,captured,2,359.18,2025-11-30,stripe
ORD000801,P00374,paypal,refunded,3,358.15,2025-02-23,adyen
ORD001183,P01166,amex,captured,1,246.13,2025-06-20,stripe
ORD000292,P01203,paypal,failed,2,243.61,2025-03-18,stripe
ORD001163,P00636,paypal,authorized,2,199.25,2025-05-31,adyen
ORD000924,P00883,klarna,authorized,1,440.36,2025-05-19,braintree
ORD000886,P00102,amex,captured,3,445.87,2025-09-20,stripe
ORD000147,P01204,visa,authorized,2,323.42,2025-08-13,adyen
ORD001095,P00131,amex,captured,1,274.87,2025-10-01,stripe
ORD000220,P01285,visa,failed,3,385.02,2025-09-15,stripe
ORD000680,P00967,visa,captured,3,299.93,2025-05-10,stripe
ORD000315,P01232,paypal,refunded,1,496.26,2025-08-23,adyen
ORD000642,P01153,klarna,captured,2,48.44,2025-06-23,stripe
ORD001121,P01580,visa,authorized,1,542.54,2025-07-15,braintree
ORD000165,P00080,amex,authorized,1,319.45,2025-03-20,stripe
ORD000902,P00454,mastercard,chargeback,2,310.44,2025-04-11,adyen
ORD000430,P01063,amex,captured,2,240.68,2025-02-13,stripe
ORD000469,P00399,paypal,refunded,3,324.05,2025-02-28,adyen
ORD001387,P00500,klarna,captured,2,139.99,2025-05-09,braintree
ORD000340,P01026,klarna,authorized,2,303.42,2025-03-09,braintree
ORD001166,P00456,klarna,failed,3,244.95,2025-06-29,adyen
ORD001149,P00510,amex,captured,2,183.45,2025-09-19,stripe
ORD001188,P01178,apple_pay,captured,3,135.19,2025-02-27,adyen
ORD000776,P01105,mastercard,captured,2,517.53,2025-03-18,braintree
ORD000067,P01417,visa,captured,2,511.6,2025-03-01,stripe
ORD000647,P00934,klarna,failed,1,296.22,2025-10-24,stripe
ORD000523,P00421,klarna,authorized,3,146.56,2025-02-15,stripe
ORD000701,P00388,mastercard,authorized,1,275.72,2025-12-03,adyen
ORD000520,P01232,mastercard,authorized,1,556.13,2025-11-16,stripe
ORD000658,P00978,klarna,captured,2,469.84,2025-05-21,stripe
ORD000200,P00774,amex,failed,2,486.46,2025-09-11,stripe
ORD000457,P00860,apple_pay,captured,2,424.62,2025-03-08,adyen
ORD000585,P00147,klarna,chargeback,3,437.17,2025-02-23,stripe
ORD001261,P00399,paypal,captured,3,98.28,2025-08-30,braintree
ORD001220,P01364,visa,captured,2,214.64,2025-08-30,stripe
ORD000861,P00700,paypal,captured,1,500.86,2025-04-21,stripe
ORD001234,P00662,visa,refunded,1,114.59,2025-06-27,adyen
ORD000065,P01331,apple_pay,authorized,3,54.34,2025-07-11,stripe
ORD000020,P00778,paypal,captured,3,509.38,2025-07-26,adyen
ORD000717,P00260,amex,captured,2,470.64,2025-04-14,braintree
ORD000715,P01539,amex,refunded,1,103.3,2025-10-30,stripe
ORD000274,P01160,klarna,authorized,2,321.59,2025-08-09,stripe
ORD000212,P01143,amex,authorized,2,34.6,2025-06-23,stripe
ORD001083,P00675,klarna,captured,1,97.63,2025-07-09,stripe
ORD000875,P00456,apple_pay,captured,3,161.79,2025-04-16,stripe
ORD000207,P00006,klarna,captured,3,425.36,2025-05-05,adyen
ORD000658,P00024,klarna,captured,1,189.91,2025-10-12,stripe
ORD000195,P01078,paypal,captured,3,488.18,2025-02-17,adyen
ORD000757,P00261,klarna,captured,3,23.89,2025-02-28,stripe
ORD000021,P00013,apple_pay,captured,2,12.55,2025-03-03,stripe
ORD001335,P00070,visa,authorized,3,186.88,2025-12-04,stripe
ORD000188,P00522,visa,failed,1,441.26,2025-10-23,stripe
ORD001021,P00917,apple_pay,captured,1,571.41,2025-12-10,stripe
ORD000785,P00461,paypal,captured,3,196.11,2025-04-25,adyen
ORD000333,P00275,klarna,captured,1,338.58,2025-05-06,braintree
ORD001309,P00273,paypal,authorized,3,34.4,2025-04-13,stripe
ORD000351,P00237,mastercard,captured,3,10.74,2025-10-09,braintree
ORD000472,P01108,klarna,captured,2,19.3,2025-10-04,stripe
ORD000815,P00648,amex,authorized,2,67.42,2025-12-03,braintree
ORD001070,P00753,klarna,refunded,3,525.87,2025-04-14,stripe
ORD000465,P01325,visa,refunded,1,388.42,2025-12-02,stripe
ORD001263,P00207,visa,captured,2,540.0,2025-12-13,adyen
ORD000714,P01432,visa,captured,1,502.59,2025-02-11,stripe
ORD000903,P01468,klarna,captured,2,461.4,2025-05-07,braintree
ORD001254,P00508,visa,captured,1,218.69,2025-03-03,braintree
ORD000345,P00734,apple_pay,authorized,1,89.07,2025-12-24,stripe
ORD000653,P00926,apple_pay,captured,2,70.98,2025-06-28,stripe
ORD001176,P01329,klarna,captured,3,24.76,2025-01-05,stripe
ORD000577,P00008,paypal,captured,3,114.89,2025-07-21,stripe
ORD000726,P00262,visa,refunded,2,21.29,2025-03-07,adyen
ORD000455,P00185,visa,captured,2,415.8,2025-05-06,stripe
ORD000920,P00603,visa,captured,1,239.42,2025-07-29,stripe
ORD000324,P01182,paypal,captured,1,321.61,2025-01-28,stripe
ORD000889,P01077,amex,captured,1,292.52,2025-11-30,braintree
ORD000619,P00462,visa,authorized,3,177.22,2025-06-06,stripe
ORD001248,P01120,visa,captured,3,77.57,2025-08-24,adyen
ORD000620,P00711,mastercard,captured,2,329.95,2025-04-13,stripe
ORD000825,P01419,amex,captured,1,519.61,2025-10-08,stripe
ORD000201,P01208,klarna,captured,1,452.32,2025-06-13,adyen
ORD000884,P00307,apple_pay,captured,2,559.57,2025-07-08,stripe
ORD000720,P00029,amex,refunded,3,220.03,2025-04-10,adyen
ORD001239,P01294,mastercard,captured,2,508.97,2025-03-10,stripe
ORD000392,P01539,apple_pay,captured,2,436.31,2025-06-09,stripe
ORD000878,P00841,klarna,authorized,3,566.37,2025-04-27,braintree
ORD000650,P00299,mastercard,captured,2,179.78,2025-08-03,stripe
ORD000645,P01109,amex,authorized,1,484.14,2025-08-04,stripe
ORD000153,P00967,visa,chargeback,3,309.81,2025-05-12,stripe
ORD000497,P01554,visa,authorized,3,267.68,2025-02-19,adyen
ORD000216,P01474,klarna,refunded,1,284.8,2025-03-18,adyen
ORD000397,P00521,mastercard,captured,3,265.22,2025-04-09,stripe
ORD000973,P01231,visa,captured,2,527.47,2025-05-25,stripe
ORD000844,P00270,mastercard,captured,1,567.2,2025-10-02,adyen
ORD000777,P00992,amex,authorized,3,401.17,2025-04-06,adyen
ORD000585,P00391,mastercard,authorized,1,123.74,2025-09-27,adyen
ORD000018,P00351,apple_pay,captured,1,258.1,2025-01-24,stripe
ORD000926,P01520,paypal,captured,2,219.8,2025-08-27,stripe
ORD000273,P01492,paypal,captured,3,405.88,2025-08-20,stripe
ORD000155,P00221,klarna,chargeback,3,51.5,2025-10-17,stripe
ORD000559,P00755,klarna,authorized,1,395.94,2025-08-20,adyen
ORD000774,P00754,mastercard,failed,1,285.42,2025-04-26,braintree
ORD000846,P01060,klarna,authorized,3,164.02,2025-04-27,adyen
ORD000934,P00354,apple_pay,captured,2,47.48,2025-10-23,stripe
ORD001113,P01499,visa,authorized,2,41.26,2025-12-17,stripe
ORD000578,P01436,mastercard,refunded,1,536.39,2025-07-05,stripe
ORD001341,P00899,mastercard,captured,2,350.27,2025-10-15,stripe
ORD000440,P00256,apple_pay,captured,1,335.43,2025-12-26,stripe
ORD001078,P00646,paypal,captured,2,20.33,2025-11-26,adyen
ORD000487,P01405,apple_pay,captured,1,464.89,2025-01-13,adyen
ORD000585,P00673,visa,authorized,1,134.27,2025-06-21,braintree
ORD001212,P00486,paypal,captured,1,236.21,2025-08-08,stripe
ORD000104,P01178,paypal,captured,1,391.5,2025-07-11,stripe
ORD000179,P00646,apple_pay,authorized,3,89.37,2025-08-03,stripe
ORD000403,P00861,amex,authorized,3,480.05,2025-09-10,braintree
ORD000675,P00787,visa,authorized,2,502.82,2025-03-25,stripe
ORD001400,P00314,klarna,captured,3,316.5,2025-08-03,stripe
ORD001127,P00520,amex,authorized,3,225.6,2025-09-01,stripe
ORD000970,P00693,klarna,authorized,1,158.62,2025-09-01,adyen
ORD000516,P01043,amex,authorized,1,437.14,2025-08-02,stripe
ORD001328,P01206,mastercard,captured,3,210.93,2025-06-07,stripe
ORD001021,P00089,amex,captured,2,487.62,2025-05-11,adyen
ORD000970,P00030,visa,captured,1,442.14,2025-02-18,stripe
ORD000611,P01367,paypal,authorized,2,218.23,2025-10-05,stripe
ORD000033,P01595,klarna,captured,2,145.04,2025-10-24,stripe
ORD001082,P00677,mastercard,captured,2,221.07,2025-12-26,stripe
ORD000918,P01096,visa,captured,2,211.95,2025-05-22,stripe
ORD000763,P01103,visa,chargeback,1,574.43,2025-03-19,braintree
ORD001187,P00817,mastercard,captured,3,380.12,2025-08-11,stripe
ORD001195,P01141,amex,captured,1,397.96,2025-08-08,stripe
ORD000142,P01401,mastercard,captured,2,177.3,2025-05-15,stripe
ORD000337,P00346,apple_pay,captured,2,224.93,2025-05-06,stripe
ORD000679,P01122,amex,authorized,1,285.04,2025-06-25,stripe
ORD000518,P01512,amex,authorized,1,586.26,2025-06-04,adyen
ORD000938,P00623,visa,failed,1,403.87,2025-08-22,braintree
ORD000422,P00118,paypal,refunded,1,100.89,2025-09-22,stripe
ORD000738,P00592,mastercard,chargeback,2,594.66,2025-07-31,adyen
ORD001048,P00101,apple_pay,captured,1,168.88,2025-09-08,stripe
ORD000393,P00563,visa,refunded,2,376.82,2025-02-21,stripe
ORD001203,P00903,paypal,captured,1,526.35,2025-04-25,stripe
ORD000781,P00767,apple_pay,captured,1,373.3,2025-03-27,stripe
ORD000695,P00249,apple_pay,refunded,2,556.29,2025-10-19,stripe
ORD001022,P00019,mastercard,refunded,2,510.38,2025-03-05,adyen
ORD000158,P00211,apple_pay,captured,2,30.65,2025-11-13,adyen
ORD000183,P00361,apple_pay,failed,1,415.22,2025-07-30,braintree
ORD001386,P00026,paypal,failed,1,435.3,2025-03-05,stripe
ORD000159,P00892,paypal,captured,1,229.36,2025-05-25,adyen
ORD000830,P01178,apple_pay,captured,1,546.62,2025-01-21,adyen
ORD000722,P01103,amex,authorized,2,482.54,2025-03-31,stripe
ORD000415,P01155,visa,chargeback,1,226.57,2025-08-08,stripe
ORD001142,P00030,klarna,authorized,3,141.62,2025-01-17,adyen
ORD000852,P00837,mastercard,authorized,1,135.42,2025-07-10,stripe
ORD001206,P00863,amex,captured,1,140.12,2025-10-08,adyen
ORD000440,P00900,paypal,captured,2,357.64,2025-03-30,stripe
ORD000134,P00813,mastercard,authorized,1,389.23,2025-01-20,stripe
ORD000132,P01139,amex,authorized,2,97.84,2025-08-16,braintree
ORD001265,P00579,paypal,refunded,2,333.63,2025-05-19,stripe
ORD001346,P00595,apple_pay,captured,1,157.67,2025-05-30,braintree
ORD000689,P00183,visa,refunded,2,547.14,2025-06-16,adyen
ORD000209,P00846,apple_pay,refunded,1,515.22,2025-08-03,stripe
ORD000718,P00768,mastercard,captured,2,78.22,2025-06-15,stripe
ORD000223,P01277,klarna,captured,2,158.85,2025-04-21,adyen
ORD000023,P01453,klarna,authorized,2,567.27,2025-02-20,stripe
ORD001180,P00192,apple_pay,chargeback,2,186.4,2025-12-26,stripe
ORD000507,P00161,klarna,captured,1,491.34,2025-09-16,stripe
ORD000048,P00809,visa,failed,3,39.77,2025-08-30,braintree
ORD000633,P01000,amex,chargeback,3,238.8,2025-03-24,stripe
ORD001031,P00685,visa,authorized,1,372.73,2025-01-08,stripe
ORD000246,P01379,amex,refunded,2,245.73,2025-08-18,adyen
ORD000423,P00686,paypal,failed,2,476.48,2025-11-26,stripe
ORD000338,P00676,paypal,captured,3,588.15,2025-05-18,stripe
ORD001155,P00991,visa,refunded,1,312.98,2025-02-13,stripe
ORD000841,P01597,visa,captured,2,283.54,2025-07-10,stripe
ORD000360,P00418,klarna,captured,2,425.66,2025-12-27,stripe
ORD000879,P00522,mastercard,authorized,3,454.69,2025-06-15,stripe
ORD000108,P00327,amex,captured,2,45.28,2025-05-04,adyen
ORD001253,P00317,paypal,failed,3,268.18,2025-12-15,stripe
ORD000981,P01523,visa,authorized,1,304.85,2025-03-29,adyen
ORD001345,P00175,mastercard,captured,1,191.38,2025-05-07,stripe
ORD000890,P00364,paypal,authorized,3,457.86,2025-03-30,stripe
ORD000695,P00930,mastercard,captured,1,533.32,2025-02-25,braintree
ORD000255,P00979,apple_pay,captured,3,508.75,2025-11-20,adyen
ORD000404,P01115,paypal,failed,1,383.93,2025-05-12,adyen
ORD001177,P01251,klarna,authorized,2,478.58,2025-10-19,adyen
ORD000731,P00549,paypal,authorized,3,147.25,2025-07-02,adyen
ORD001097,P00992,apple_pay,authorized,2,25.15,2025-09-23,stripe
ORD001294,P01107,mastercard,refunded,1,312.94,2025-01-25,adyen
ORD000558,P01169,apple_pay,captured,1,251.89,2025-07-28,stripe
ORD001272,P00430,klarna,authorized,2,530.21,2025-12-02,braintree
ORD001082,P01478,apple_pay,authorized,3,475.57,2025-12-27,stripe
ORD000354,P00232,apple_pay,authorized,2,235.29,2025-03-14,adyen
ORD000830,P01320,amex,captured,2,20.28,2025-10-07,stripe
ORD000324,P00292,paypal,captured,2,172.18,2025-12-06,stripe
ORD001189,P01107,paypal,captured,2,222.66,2025-09-25,stripe
ORD000648,P01373,mastercard,authorized,2,408.74,2025-05-28,stripe
ORD000076,P00246,mastercard,captured,1,542.93,2025-02-18,stripe
ORD000964,P01436,paypal,captured,2,140.36,2025-07-22,adyen
ORD000767,P01229,paypal,authorized,1,473.69,2025-01-10,stripe
ORD001244,P01200,apple_pay,authorized,1,439.86,2025-09-07,stripe
ORD000709,P00644,paypal,authorized,1,218.36,2025-05-30,adyen
ORD000584,P01589,paypal,captured,1,19.54,2025-01-24,stripe
ORD000405,P00781,paypal,captured,2,29.3,2025-09-14,adyen
ORD000260,P00264,paypal,captured,1,375.35,2025-06-01,adyen
ORD000109,P01060,amex,captured,2,509.8,2025-07-04,adyen
ORD000684,P00995,visa,authorized,3,382.86,2025-04-13,braintree
ORD001202,P01066,apple_pay,failed,3,466.47,2025-06-08,stripe
ORD000443,P00194,amex,failed,3,306.69,2025-03-03,stripe
ORD000608,P01066,apple_pay,authorized,1,165.09,2025-03-10,adyen
ORD000876,P00359,klarna,refunded,3,33.46,2025-09-02,stripe
ORD001186,P00023,amex,captured,3,492.23,2025-10-31,adyen
ORD000461,P00420,visa,captured,1,289.8,2025-03-02,braintree
ORD000352,P01312,visa,captured,2,527.12,2025-02-28,stripe
ORD000563,P00246,paypal,failed,1,228.41,2025-08-01,braintree
ORD000127,P00997,klarna,authorized,3,172.83,2025-07-23,adyen
ORD000469,P01168,klarna,authorized,2,403.56,2025-05-23,adyen
ORD001010,P00046,klarna,refunded,1,366.56,2025-12-28,stripe
ORD000718,P01496,visa,refunded,1,425.5,2025-12-23,stripe
ORD000573,P00525,visa,failed,2,63.74,2025-08-22,braintree
ORD001211,P00618,klarna,authorized,3,59.18,2025-11-27,adyen
ORD000892,P01128,apple_pay,captured,2,346.85,2025-06-16,stripe
ORD000405,P00467,klarna,captured,3,333.48,2025-01-03,stripe
ORD000984,P00114,klarna,authorized,2,64.82,2025-02-08,stripe
ORD000757,P00528,apple_pay,authorized,3,263.81,2025-10-23,stripe
ORD000566,P01377,amex,failed,2,383.83,2025-02-15,stripe
ORD000170,P00284,apple_pay,authorized,3,329.8,2025-03-03,braintree
ORD000156,P00460,paypal,authorized,2,120.04,2025-09-06,stripe
ORD001278,P00418,klarna,authorized,2,557.41,2025-06-21,stripe
ORD000732,P00058,klarna,captured,1,30.27,2025-03-29,adyen
ORD000142,P01099,mastercard,failed,1,170.82,2025-10-24,adyen
ORD000618,P00723,klarna,authorized,1,49.85,2025-09-20,adyen
ORD000200,P01195,apple_pay,failed,3,177.19,2025-04-15,stripe
ORD000560,P00626,apple_pay,authorized,2,414.33,2025-03-17,stripe
ORD000345,P00190,amex,captured,2,24.05,2025-09-25,stripe
ORD000424,P00192,amex,authorized,3,32.87,2025-03-28,adyen
ORD001275,P00229,klarna,captured,3,131.46,2025-03-29,braintree
ORD001136,P01441,visa,chargeback,3,26.33,2025-11-18,stripe
ORD001089,P00161,paypal,captured,1,240.13,2025-11-15,adyen
ORD000202,P01278,klarna,authorized,1,145.79,2025-12-23,braintree
ORD000478,P00630,apple_pay,refunded,2,200.07,2025-06-10,stripe
ORD000565,P00819,visa,captured,3,503.96,2025-09-24,stripe
ORD001202,P00650,mastercard,captured,2,265.0,2025-03-14,stripe
ORD000951,P01425,paypal,refunded,3,18.88,2025-12-28,braintree
ORD001019,P00278,mastercard,failed,1,332.62,2025-01-20,stripe
ORD000867,P00620,klarna,captured,1,74.54,2025-11-09,stripe
ORD000912,P01459,klarna,authorized,2,45.01,2025-08-10,stripe
ORD000211,P00711,klarna,authorized,2,203.12,2025-12-09,adyen
ORD000802,P00341,amex,failed,1,170.54,2025-09-07,stripe
ORD000947,P01345,mastercard,captured,3,75.9,2025-03-12,stripe
ORD000395,P01135,paypal,failed,2,186.08,2025-09-06,stripe
ORD001305,P00928,visa,failed,1,295.6,2025-09-29,stripe
ORD000846,P01262,apple_pay,refunded,2,158.17,2025-07-01,stripe
ORD000618,P00811,klarna,captured,3,29.06,2025-08-03,stripe
ORD001148,P01202,mastercard,captured,1,536.63,2025-05-28,stripe
ORD001050,P01014,mastercard,authorized,2,394.33,2025-04-09,stripe
ORD000620,P01518,mastercard,authorized,3,426.93,2025-08-14,braintree
ORD000639,P01166,apple_pay,captured,3,250.77,2025-07-04,stripe
ORD000582,P01001,mastercard,captured,1,348.27,2025-01-13,stripe
ORD000649,P00263,apple_pay,authorized,1,424.76,2025-10-04,stripe
ORD001136,P01023,klarna,captured,3,220.45,2025-03-29,stripe
ORD000059,P00354,amex,captured,1,500.45,2025-01-17,adyen
ORD000501,P01552,visa,captured,1,465.7,2025-04-04,braintree
ORD000814,P00743,klarna,captured,3,179.38,2025-11-23,stripe
ORD001169,P00821,amex,captured,3,206.35,2025-10-12,adyen
ORD000616,P00457,paypal,captured,2,118.51,2025-06-04,adyen
ORD000295,P00890,klarna,captured,2,306.55,2025-06-11,adyen
ORD001136,P00062,klarna,captured,3,488.68,2025-06-06,braintree
ORD000911,P01064,klarna,captured,3,342.77,2025-01-17,stripe
ORD000956,P01291,amex,authorized,2,219.26,2025-05-12,stripe
ORD000757,P00211,apple_pay,failed,2,252.04,2025-11-23,stripe
ORD000251,P00467,amex,refunded,2,418.63,2025-08-18,stripe
ORD001252,P00646,paypal,authorized,2,313.42,2025-05-21,stripe
ORD001244,P00627,amex,authorized,2,336.1,2025-12-27,braintree
ORD000057,P01469,klarna,failed,2,369.71,2025-01-29,stripe
ORD001380,P00662,apple_pay,captured,2,445.74,2025-11-12,braintree
ORD000159,P00672,klarna,captured,2,379.14,2025-06-02,stripe
ORD001249,P01502,mastercard,captured,3,413.75,2025-07-03,adyen
ORD001391,P01396,klarna,refunded,2,403.02,2025-12-13,stripe
ORD001191,P00598,mastercard,authorized,3,556.61,2025-12-07,stripe
ORD000205,P01175,paypal,captured,2,444.5,2025-10-20,adyen
ORD001089,P00284,mastercard,failed,3,332.47,2025-07-13,stripe
ORD000132,P01405,apple_pay,authorized,3,539.8,2025-08-05,braintree
ORD000516,P00243,apple_pay,refunded,3,541.23,2025-11-26,stripe
ORD000760,P00238,apple_pay,refunded,2,217.39,2025-10-05,stripe
ORD000573,P01500,mastercard,captured,1,485.13,2025-04-21,adyen
ORD000698,P01558,apple_pay,captured,3,589.66,2025-07-08,stripe
ORD000779,P01090,visa,captured,3,132.04,2025-10-26,adyen
ORD000455,P00399,apple_pay,captured,1,244.21,2025-10-21,stripe
ORD000012,P00320,amex,authorized,1,255.12,2025-04-20,adyen
ORD000129,P00578,mastercard,authorized,1,370.24,2025-11-03,adyen
ORD000445,P01471,klarna,authorized,1,577.98,2025-07-26,braintree
ORD000438,P00335,apple_pay,captured,2,190.31,2025-05-04,stripe
ORD000314,P00859,visa,captured,3,454.71,2025-06-29,stripe
ORD000212,P00909,amex,refunded,3,469.35,2025-06-12,stripe
ORD000037,P01088,apple_pay,captured,3,420.74,2025-01-28,adyen
ORD000178,P01364,mastercard,captured,1,357.08,2025-03-24,stripe
ORD000035,P01530,amex,captured,2,347.32,2025-02-19,braintree
ORD000016,P00603,visa,captured,1,176.41,2025-09-08,braintree
ORD000580,P00742,visa,captured,1,90.98,2025-06-02,braintree
ORD001102,P00994,mastercard,authorized,3,207.1,2025-02-20,stripe
ORD000756,P01589,apple_pay,authorized,1,145.46,2025-08-06,stripe
ORD000156,P00385,paypal,captured,1,395.05,2025-06-22,stripe
ORD000515,P01176,mastercard,refunded,2,513.35,2025-09-04,braintree
ORD001233,P00632,mastercard,refunded,2,103.63,2025-12-19,adyen
ORD001035,P01053,apple_pay,captured,1,399.09,2025-12-26,stripe
ORD000942,P00903,paypal,captured,1,81.9,2025-06-20,stripe
ORD000365,P00315,klarna,captured,3,234.26,2025-01-12,braintree
ORD000467,P00047,klarna,captured,1,112.18,2025-01-25,stripe
ORD000632,P00687,paypal,authorized,1,186.73,2025-02-20,stripe
ORD000483,P00204,visa,authorized,1,516.56,2025-01-07,adyen
ORD001208,P00109,klarna,authorized,3,257.65,2025-08-24,stripe
ORD001015,P00900,visa,chargeback,1,74.07,2025-12-13,stripe
ORD000903,P00187,apple_pay,captured,2,127.38,2025-10-03,braintree
ORD000910,P00343,mastercard,captured,2,507.75,2025-09-16,stripe
ORD000400,P00214,apple_pay,failed,2,251.99,2025-04-27,adyen
ORD000184,P01492,apple_pay,captured,1,562.23,2025-09-17,braintree
ORD000334,P01204,apple_pay,captured,3,341.12,2025-07-08,stripe
ORD001122,P01256,mastercard,failed,2,309.18,2025-05-16,stripe
ORD001036,P01218,paypal,authorized,1,279.14,2025-01-21,adyen
ORD000526,P01285,mastercard,authorized,1,466.34,2025-07-02,stripe
ORD000309,P00746,klarna,captured,1,503.07,2025-06-04,stripe
ORD000548,P00247,visa,authorized,3,84.96,2025-07-23,stripe
ORD001077,P01015,klarna,captured,1,250.96,2025-06-20,braintree
ORD000372,P01337,visa,failed,1,176.83,2025-10-07,adyen
ORD000353,P01477,mastercard,failed,1,540.64,2025-11-26,stripe
ORD000673,P01323,apple_pay,captured,1,443.48,2025-07-05,stripe
ORD000570,P00791,klarna,authorized,3,182.47,2025-05-05,braintree
ORD000491,P01228,apple_pay,refunded,3,250.94,2025-04-22,adyen
ORD000786,P01120,amex,refunded,3,257.33,2025-11-18,stripe
ORD000334,P01330,mastercard,captured,3,559.77,2025-07-14,adyen
ORD000712,P01481,paypal,refunded,3,289.47,2025-12-21,stripe
ORD000174,P01255,amex,refunded,2,20.87,2025-09-06,stripe
ORD001315,P00990,mastercard,captured,2,440.75,2025-08-01,braintree
ORD000921,P00099,paypal,captured,2,66.96,2025-01-22,stripe
ORD001040,P00027,amex,refunded,1,382.14,2025-09-25,stripe
ORD000715,P00266,klarna,captured,3,312.96,2025-06-22,stripe
ORD000953,P00857,visa,captured,2,460.0,2025-02-08,stripe
ORD000568,P00322,apple_pay,refunded,3,334.59,2025-05-06,braintree
ORD000045,P01453,apple_pay,failed,3,113.39,2025-06-15,stripe
ORD001372,P01198,apple_pay,authorized,2,537.44,2025-11-24,adyen
ORD001381,P01579,apple_pay,captured,1,542.96,2025-08-21,adyen
ORD001216,P00578,klarna,refunded,2,258.2,2025-05-22,adyen
ORD000418,P00046,mastercard,authorized,3,369.56,2025-12-24,adyen
ORD000057,P00851,amex,authorized,1,335.93,2025-08-18,adyen
ORD000922,P00327,klarna,failed,1,325.2,2025-12-21,stripe
ORD000795,P01266,visa,failed,1,63.22,2025-06-16,stripe
ORD000778,P00012,apple_pay,authorized,3,301.45,2025-11-07,braintree
ORD000046,P00747,apple_pay,authorized,1,142.84,2025-10-24,stripe
ORD000102,P00897,paypal,failed,1,480.73,2025-09-19,stripe
ORD000257,P00562,visa,authorized,1,510.79,2025-12-06,stripe
ORD000633,P00685,paypal,authorized,1,21.02,2025-07-21,stripe
ORD000218,P01536,amex,refunded,3,444.67,2025-01-31,stripe
ORD001227,P00330,visa,failed,2,77.76,2025-05-18,stripe
ORD000430,P00665,apple_pay,captured,3,15.81,2025-01-08,stripe
ORD001327,P01229,apple_pay,captured,2,18.07,2025-04-07,adyen
ORD001264,P01179,paypal,captured,1,284.94,2025-09-15,braintree
ORD000996,P01245,visa,authorized,1,490.33,2025-02-16,stripe
ORD000205,P00467,amex,chargeback,1,193.73,2025-08-19,braintree
ORD000511,P01552,paypal,captured,1,555.53,2025-08-21,stripe
ORD001260,P00677,paypal,captured,2,258.47,2025-07-22,stripe
ORD001029,P00426,paypal,captured,1,121.31,2025-09-10,stripe
ORD000349,P01213,mastercard,captured,2,280.86,2025-06-07,stripe
ORD000159,P00577,apple_pay,authorized,1,379.91,2025-08-29,braintree
ORD000079,P00151,visa,captured,3,308.37,2025-10-01,stripe
ORD001084,P01163,klarna,captured,2,269.99,2025-08-01,adyen
ORD000596,P01280,amex,failed,3,121.19,2025-09-14,adyen
ORD000908,P01066,apple_pay,failed,1,422.61,2025-10-07,stripe
ORD000561,P01599,visa,authorized,2,216.73,2025-06-02,stripe
ORD001236,P00344,apple_pay,captured,2,582.64,2025-12-01,stripe
ORD000781,P00883,klarna,captured,1,246.37,2025-04-29,stripe
ORD001014,P00480,klarna,captured,3,140.72,2025-01-21,adyen
ORD000430,P00052,amex,refunded,3,517.19,2025-12-18,stripe
ORD000798,P01475,amex,failed,3,133.13,2025-11-04,braintree
ORD001251,P00357,klarna,captured,2,109.19,2025-05-29,adyen
ORD000422,P00080,paypal,captured,3,433.92,2025-03-19,stripe
ORD000114,P01413,klarna,authorized,2,185.91,2025-03-18,stripe
ORD000534,P00350,mastercard,authorized,1,256.24,2025-07-28,adyen
ORD000050,P00726,amex,authorized,3,276.12,2025-12-17,adyen
ORD000879,P00680,mastercard,captured,2,472.29,2025-04-26,stripe
ORD000471,P00325,amex,captured,2,348.83,2025-09-15,stripe
ORD000102,P00069,klarna,captured,1,447.42,2025-05-13,braintree
ORD000675,P01365,klarna,captured,1,592.62,2025-07-23,stripe
ORD000929,P01247,paypal,authorized,2,429.47,2025-08-21,adyen
ORD001023,P01437,visa,captured,3,174.52,2025-10-08,stripe
ORD000058,P00074,amex,authorized,2,462.5,2025-09-25,stripe
ORD000059,P00899,amex,captured,1,511.45,2025-03-23,stripe
ORD000549,P01328,apple_pay,captured,2,264.17,2025-02-10,stripe
ORD000499,P00413,mastercard,authorized,1,399.13,2025-07-23,stripe
ORD001354,P01440,paypal,captured,2,299.33,2025-05-28,braintree
ORD000862,P01368,apple_pay,failed,2,85.26,2025-04-10,stripe
ORD001193,P01481,paypal,authorized,3,439.99,2025-03-14,stripe
ORD000722,P01247,klarna,failed,1,271.75,2025-11-11,stripe
ORD001167,P00598,mastercard,authorized,2,214.38,2025-01-31,stripe
ORD001340,P01319,paypal,failed,3,285.96,2025-02-19,braintree
ORD001327,P00112,amex,authorized,3,353.41,2025-05-06,stripe
ORD000647,P01148,amex,refunded,3,456.55,2025-03-21,braintree
ORD000484,P01502,amex,authorized,3,546.13,2025-01-25,stripe
ORD000470,P01308,paypal,chargeback,3,413.71,2025-03-30,stripe
ORD001284,P00638,paypal,authorized,2,596.63,2025-05-13,adyen
ORD000774,P01428,paypal,captured,1,102.92,2025-06-09,stripe
ORD000825,P01172,klarna,captured,1,101.06,2025-07-12,adyen
ORD001120,P00180,paypal,authorized,3,476.36,2025-02-18,stripe
ORD001089,P00017,paypal,authorized,1,383.77,2025-12-24,stripe
ORD001287,P00793,klarna,authorized,1,518.65,2025-07-18,stripe
ORD001077,P00597,mastercard,captured,3,410.58,2025-05-27,stripe
ORD000310,P01204,mastercard,captured,2,17.43,2025-09-25,adyen
ORD000481,P00598,visa,captured,2,406.89,2025-12-08,stripe
ORD000735,P00093,mastercard,captured,1,134.88,2025-01-03,stripe
ORD000934,P00256,visa,authorized,2,273.69,2025-07-02,stripe
ORD000238,P01004,mastercard,captured,3,417.99,2025-11-20,stripe
ORD000015,P00086,paypal,failed,2,397.21,2025-03-28,stripe
ORD000331,P01468,apple_pay,authorized,1,235.7,2025-11-08,stripe
ORD000244,P00205,paypal,failed,1,430.71,2025-08-04,stripe
ORD000589,P00712,klarna,authorized,2,567.05,2025-01-19,stripe
ORD001040,P00261,klarna,captured,3,146.16,2025-11-15,stripe
ORD000142,P00549,mastercard,failed,3,80.47,2025-01-25,braintree
ORD001356,P01194,mastercard,captured,1,89.66,2025-09-17,stripe
ORD000466,P00079,amex,captured,2,279.99,2025-07-29,stripe
ORD001067,P01596,klarna,captured,1,185.96,2025-10-17,stripe
ORD001158,P01562,klarna,captured,3,285.81,2025-04-25,adyen
ORD000952,P00535,mastercard,captured,1,59.76,2025-02-12,stripe
ORD001274,P01526,visa,chargeback,1,155.69,2025-06-29,adyen
ORD000492,P01125,apple_pay,failed,2,214.83,2025-09-30,stripe
ORD001103,P00151,klarna,authorized,1,560.97,2025-07-27,adyen
ORD000024,P01538,klarna,captured,3,185.25,2025-02-01,adyen
ORD000611,P00928,klarna,captured,2,38.44,2025-08-21,stripe
ORD000893,P00469,mastercard,captured,2,193.51,2025-05-27,stripe
ORD000138,P00566,apple_pay,authorized,3,562.76,2025-09-25,stripe
ORD000643,P00268,apple_pay,failed,2,262.07,2025-12-06,stripe
ORD001111,P00639,amex,captured,1,492.96,2025-11-09,stripe
ORD001156,P00040,visa,authorized,1,167.68,2025-12-31,stripe
ORD001089,P01096,paypal,authorized,3,90.11,2025-08-10,stripe
