,bird_id,sighting_date,observer,location,count_seen
0,B01604,2026-05-29,Morgan,Aspen Grove,6
1,B01604,2026-01-13,Jordan,Canyon Overlook,10
2,B01604,2026-04-05,Casey,Rocky Pass,2
3,B01604,2026-05-30,Morgan,Rocky Pass,11
4,B01604,2026-03-20,Sam,Wetlands,6
5,B01604,2026-04-04,Casey,Pine Lookout,6
6,B00855,2026-02-11,Morgan,Canyon Overlook,10
7,B00855,2026-01-12,Riley,Canyon Overlook,4
8,B00855,2026-04-19,Taylor,Pine Lookout,5
9,B00855,2026-03-19,Jordan,Lake Edge,4
10,B00855,2026-04-21,Casey,Rocky Pass,1
11,B00874,2026-06-12,Taylor,Pine Lookout,2
12,B00874,2026-06-02,Casey,Cliff Basin,4
13,B00874,2026-04-12,Riley,Canyon Overlook,5
14,B00874,2026-05-11,Alex,Wetlands,7
15,B00874,2026-05-27,Jordan,Canyon Overlook,9
16,B00874,2026-03-17,Sam,Pine Lookout,1
17,B00874,2026-05-02,Quinn,Canyon Overlook,2
18,B01559,2026-05-01,Casey,Rocky Pass,1
19,B01559,2026-02-28,Alex,Pine Lookout,2
20,B01559,2026-02-17,Quinn,Rocky Pass,9
21,B01559,2026-01-26,Jordan,Cliff Basin,3
22,B01559,2026-05-05,Quinn,Pine Lookout,1
23,B01559,2026-05-16,Alex,Sunset Ridge,3
24,B01559,2026-01-04,Riley,Aspen Grove,9
25,B00783,2026-02-21,Riley,Canyon Overlook,6
26,B00783,2026-03-10,Jordan,Sunset Ridge,11
27,B00783,2026-05-16,Morgan,Aspen Grove,6
28,B00783,2026-05-11,Riley,Sunset Ridge,7
29,B00783,2026-01-02,Riley,Aspen Grove,5
30,B01027,2026-05-23,Riley,Canyon Overlook,8
31,B01027,2026-05-01,Alex,Sunset Ridge,10
32,B01027,2026-05-28,Casey,Wetlands,8
33,B01027,2026-06-13,Sam,Rocky Pass,3
34,B01027,2026-06-28,Taylor,Canyon Overlook,9
35,B01027,2026-03-18,Morgan,Lake Edge,7
36,B00914,2026-01-01,Sam,Wetlands,9
37,B00914,2026-02-21,Sam,Rocky Pass,9
38,B00914,2026-04-15,Morgan,Canyon Overlook,5
39,B00914,2026-06-26,Riley,Sunset Ridge,10
40,B00914,2026-06-22,Riley,Cliff Basin,7
41,B00951,2026-04-19,Riley,Sunset Ridge,7
42,B00951,2026-05-10,Taylor,Aspen Grove,4
43,B00951,2026-06-23,Casey,Cliff Basin,7
44,B00951,2026-04-25,Taylor,Pine Lookout,11
45,B00951,2026-01-01,Sam,Cliff Basin,5
46,B00892,2026-06-05,Morgan,Sunset Ridge,2
47,B00892,2026-01-31,Casey,Aspen Grove,9
48,B00892,2026-05-13,Casey,Cliff Basin,5
49,B00892,2026-06-11,Taylor,Pine Lookout,11
50,B00892,2026-01-13,Sam,Aspen Grove,10
51,B00892,2026-06-01,Quinn,Aspen Grove,6
52,B00892,2026-04-18,Alex,Cliff Basin,1
53,B00074,2026-04-23,Casey,Lake Edge,8
54,B00074,2026-01-01,Casey,Sunset Ridge,2
55,B00074,2026-03-25,Sam,Canyon Overlook,4
56,B00074,2026-01-30,Quinn,Rocky Pass,6
57,B00740,2026-06-05,Sam,Pine Lookout,3
58,B00740,2026-01-25,Morgan,Aspen Grove,10
59,B00740,2026-03-01,Taylor,Wetlands,4
60,B00740,2026-03-20,Jordan,Lake Edge,6
61,B00740,2026-04-28,Jordan,Canyon Overlook,1
62,B00740,2026-02-09,Morgan,Cliff Basin,6
63,B00379,2026-04-04,Quinn,Lake Edge,4
64,B00379,2026-04-01,Quinn,Canyon Overlook,9
65,B00379,2026-06-12,Morgan,Sunset Ridge,1
66,B00379,2026-04-21,Riley,Wetlands,10
67,B00379,2026-03-18,Sam,Canyon Overlook,2
68,B00379,2026-04-03,Morgan,Cliff Basin,2
69,B00180,2026-03-21,Sam,Sunset Ridge,5
70,B00180,2026-02-24,Jordan,Rocky Pass,9
71,B00180,2026-02-20,Sam,Pine Lookout,1
72,B00180,2026-06-08,Morgan,Rocky Pass,9
73,B00411,2026-06-27,Taylor,Sunset Ridge,5
74,B00411,2026-05-08,Jordan,Aspen Grove,9
75,B00411,2026-03-12,Alex,Canyon Overlook,3
76,B00411,2026-04-14,Morgan,Aspen Grove,1
77,B00411,2026-06-11,Jordan,Pine Lookout,6
78,B00411,2026-06-13,Quinn,Wetlands,10
79,B01048,2026-06-18,Quinn,Lake Edge,5
80,B01048,2026-03-20,Quinn,Sunset Ridge,1
81,B01048,2026-02-12,Casey,Lake Edge,3
82,B01048,2026-06-04,Sam,Wetlands,3
83,B01048,2026-05-03,Jordan,Lake Edge,4
84,B01048,2026-02-24,Taylor,Aspen Grove,4
85,B00868,2026-04-14,Morgan,Canyon Overlook,4
86,B00868,2026-04-18,Quinn,Wetlands,7
87,B00868,2026-06-13,Sam,Canyon Overlook,9
88,B00868,2026-01-03,Riley,Lake Edge,10
89,B00868,2026-06-07,Riley,Rocky Pass,4
90,B00868,2026-06-28,Casey,Sunset Ridge,10
91,B01169,2026-06-12,Morgan,Cliff Basin,6
92,B01169,2026-04-26,Casey,Sunset Ridge,5
93,B01169,2026-01-26,Riley,Wetlands,4
94,B01169,2026-04-30,Alex,Wetlands,10
95,B01135,2026-04-01,Taylor,Pine Lookout,2
96,B01135,2026-02-08,Morgan,Rocky Pass,2
97,B01135,2026-02-16,Riley,Pine Lookout,8
98,B01135,2026-05-25,Morgan,Canyon Overlook,4
99,B00335,2026-02-18,Quinn,Lake Edge,11
100,B00335,2026-03-10,Jordan,Wetlands,3
101,B00335,2026-02-14,Morgan,Canyon Overlook,10
102,B00335,2026-03-19,Alex,Wetlands,2
103,B00968,2026-01-11,Riley,Lake Edge,3
104,B00968,2026-04-29,Riley,Canyon Overlook,3
105,B00968,2026-03-14,Jordan,Lake Edge,11
106,B00968,2026-04-05,Riley,Pine Lookout,7
107,B00968,2026-06-04,Quinn,Canyon Overlook,10
108,B00968,2026-02-09,Casey,Rocky Pass,4
109,B00968,2026-02-08,Alex,Canyon Overlook,11
110,B01479,2026-02-23,Sam,Cliff Basin,5
111,B01479,2026-02-27,Taylor,Aspen Grove,1
112,B01479,2026-03-07,Sam,Sunset Ridge,2
113,B01479,2026-06-14,Casey,Canyon Overlook,5
114,B01479,2026-05-17,Quinn,Wetlands,7
115,B01479,2026-04-13,Jordan,Aspen Grove,8
116,B01479,2026-06-03,Alex,Lake Edge,7
117,B00114,2026-06-28,Riley,Pine Lookout,1
118,B00114,2026-01-17,Riley,Rocky Pass,10
119,B00114,2026-02-12,Alex,Lake Edge,5
120,B00114,2026-05-15,Casey,Cliff Basin,8
121,B00114,2026-05-19,Casey,Pine Lookout,1
122,B00114,2026-04-07,Sam,Rocky Pass,4
123,B00652,2026-04-29,Sam,Sunset Ridge,11
124,B00652,2026-05-26,Quinn,Wetlands,9
125,B00652,2026-06-08,Quinn,Sunset Ridge,10
126,B00652,2026-03-20,Morgan,Aspen Grove,9
127,B00671,2026-03-27,Taylor,Sunset Ridge,2
128,B00671,2026-04-16,Riley,Rocky Pass,10
129,B00671,2026-05-24,Morgan,Sunset Ridge,10
130,B00671,2026-06-16,Quinn,Wetlands,3
131,B00671,2026-05-22,Casey,Rocky Pass,2
132,B00610,2026-06-13,Jordan,Aspen Grove,8
133,B00610,2026-04-29,Quinn,Sunset Ridge,9
134,B00610,2026-06-10,Riley,Rocky Pass,3
135,B00610,2026-02-07,Riley,Lake Edge,1
136,B00610,2026-04-05,Morgan,Sunset Ridge,6
137,B00610,2026-04-13,Alex,Pine Lookout,2
138,B00610,2026-03-21,Taylor,Lake Edge,3
139,B00266,2026-02-24,Taylor,Aspen Grove,5
140,B00266,2026-02-05,Jordan,Aspen Grove,3
141,B00266,2026-06-02,Jordan,Canyon Overlook,1
142,B00266,2026-05-14,Quinn,Lake Edge,2
143,B00266,2026-01-16,Sam,Cliff Basin,6
144,B00266,2026-04-13,Jordan,Aspen Grove,1
145,B00266,2026-06-03,Jordan,Lake Edge,9
146,B00658,2026-05-30,Taylor,Canyon Overlook,7
147,B00658,2026-04-03,Taylor,Cliff Basin,5
148,B00658,2026-05-21,Quinn,Aspen Grove,8
149,B00658,2026-03-17,Taylor,Sunset Ridge,6
150,B01597,2026-03-27,Morgan,Canyon Overlook,11
151,B01597,2026-05-05,Riley,Lake Edge,4
152,B01597,2026-05-26,Casey,Rocky Pass,11
153,B01597,2026-03-29,Sam,Cliff Basin,6
154,B01597,2026-04-21,Sam,Cliff Basin,4
155,B01597,2026-03-03,Casey,Rocky Pass,1
156,B01597,2026-01-15,Sam,Rocky Pass,4
157,B00800,2026-01-19,Casey,Rocky Pass,6
158,B00800,2026-05-28,Morgan,Rocky Pass,5
159,B00800,2026-01-05,Alex,Canyon Overlook,2
160,B00800,2026-01-28,Alex,Canyon Overlook,3
161,B00769,2026-04-01,Riley,Rocky Pass,9
162,B00769,2026-02-01,Taylor,Wetlands,11
163,B00769,2026-02-19,Jordan,Sunset Ridge,11
164,B00769,2026-02-25,Casey,Sunset Ridge,2
165,B01078,2026-02-25,Morgan,Sunset Ridge,7
166,B01078,2026-05-08,Morgan,Aspen Grove,7
167,B01078,2026-03-18,Alex,Wetlands,7
168,B01078,2026-02-08,Alex,Wetlands,8
169,B01078,2026-04-09,Jordan,Wetlands,4
170,B01078,2026-01-11,Jordan,Lake Edge,4
171,B01078,2026-03-12,Morgan,Cliff Basin,7
172,B01232,2026-06-29,Riley,Rocky Pass,8
173,B01232,2026-05-21,Quinn,Pine Lookout,9
174,B01232,2026-04-18,Morgan,Aspen Grove,4
175,B01232,2026-03-25,Jordan,Rocky Pass,10
176,B01232,2026-03-16,Taylor,Wetlands,8
177,B01232,2026-04-21,Alex,Wetlands,1
178,B01357,2026-05-07,Jordan,Cliff Basin,5
179,B01357,2026-05-10,Morgan,Aspen Grove,5
180,B01357,2026-04-24,Casey,Canyon Overlook,3
181,B01357,2026-03-07,Riley,Sunset Ridge,2
182,B01357,2026-04-03,Riley,Rocky Pass,8
183,B01357,2026-06-04,Riley,Pine Lookout,1
184,B01357,2026-03-30,Riley,Sunset Ridge,1
185,B00753,2026-03-02,Taylor,Aspen Grove,2
186,B00753,2026-04-10,Jordan,Sunset Ridge,3
187,B00753,2026-06-18,Sam,Pine Lookout,9
188,B00753,2026-02-28,Alex,Wetlands,11
189,B00753,2026-04-28,Taylor,Aspen Grove,3
190,B00753,2026-02-09,Alex,Lake Edge,11
191,B00753,2026-01-02,Sam,Pine Lookout,9
192,B00645,2026-04-04,Quinn,Lake Edge,1
193,B00645,2026-03-04,Casey,Cliff Basin,1
194,B00645,2026-05-07,Morgan,Sunset Ridge,11
195,B00645,2026-03-26,Riley,Canyon Overlook,6
196,B00645,2026-06-13,Sam,Sunset Ridge,8
197,B01205,2026-05-07,Alex,Aspen Grove,10
198,B01205,2026-04-01,Sam,Wetlands,3
199,B01205,2026-05-31,Riley,Lake Edge,9
200,B01205,2026-04-04,Morgan,Sunset Ridge,8
201,B01205,2026-06-16,Sam,Wetlands,2
202,B01448,2026-03-31,Morgan,Lake Edge,6
203,B01448,2026-05-26,Alex,Aspen Grove,9
204,B01448,2026-04-29,Morgan,Canyon Overlook,5
205,B01448,2026-01-18,Casey,Aspen Grove,2
206,B01448,2026-03-24,Jordan,Aspen Grove,6
207,B01679,2026-04-27,Alex,Lake Edge,4
208,B01679,2026-05-17,Casey,Lake Edge,6
209,B01679,2026-03-18,Taylor,Sunset Ridge,2
210,B01679,2026-03-09,Sam,Pine Lookout,11
211,B01679,2026-04-05,Taylor,Wetlands,9
212,B01679,2026-03-29,Casey,Lake Edge,6
213,B01679,2026-02-09,Taylor,Pine Lookout,7
214,B01285,2026-01-13,Alex,Canyon Overlook,1
215,B01285,2026-03-21,Quinn,Lake Edge,10
216,B01285,2026-02-22,Sam,Canyon Overlook,7
217,B01285,2026-02-16,Morgan,Lake Edge,3
218,B01285,2026-03-03,Quinn,Canyon Overlook,3
219,B00140,2026-01-16,Morgan,Rocky Pass,2
220,B00140,2026-01-21,Alex,Pine Lookout,7
221,B00140,2026-02-22,Sam,Cliff Basin,2
222,B00140,2026-06-27,Quinn,Rocky Pass,2
223,B00140,2026-06-02,Alex,Aspen Grove,4
224,B00140,2026-06-05,Jordan,Wetlands,2
225,B00301,2026-02-19,Riley,Aspen Grove,8
226,B00301,2026-05-03,Sam,Lake Edge,5
227,B00301,2026-06-17,Alex,Lake Edge,7
228,B00301,2026-06-26,Quinn,Wetlands,2
229,B00736,2026-05-06,Quinn,Rocky Pass,5
230,B00736,2026-01-14,Alex,Wetlands,5
231,B00736,2026-02-04,Alex,Wetlands,3
232,B00736,2026-04-23,Sam,Pine Lookout,5
233,B00736,2026-04-13,Sam,Pine Lookout,5
234,B00736,2026-04-01,Sam,Lake Edge,6
235,B00736,2026-02-06,Alex,Cliff Basin,6
236,B01279,2026-06-01,Alex,Sunset Ridge,5
237,B01279,2026-05-09,Taylor,Canyon Overlook,2
238,B01279,2026-03-16,Sam,Rocky Pass,8
239,B01279,2026-01-15,Jordan,Canyon Overlook,11
240,B01279,2026-06-21,Morgan,Aspen Grove,3
241,B01279,2026-06-03,Jordan,Wetlands,7
242,B01279,2026-04-06,Sam,Pine Lookout,6
243,B01063,2026-01-29,Riley,Wetlands,3
244,B01063,2026-04-19,Casey,Rocky Pass,3
245,B01063,2026-02-21,Morgan,Aspen Grove,11
246,B01063,2026-02-12,Alex,Canyon Overlook,8
247,B01063,2026-01-27,Quinn,Lake Edge,11
248,B01063,2026-03-13,Sam,Aspen Grove,4
249,B01063,2026-02-17,Riley,Cliff Basin,9
250,B01177,2026-03-18,Jordan,Sunset Ridge,8
251,B01177,2026-02-14,Sam,Wetlands,9
252,B01177,2026-04-29,Alex,Pine Lookout,5
253,B01177,2026-06-15,Taylor,Canyon Overlook,10
254,B01177,2026-05-05,Morgan,Wetlands,5
255,B01177,2026-04-19,Alex,Sunset Ridge,10
256,B01177,2026-04-26,Riley,Wetlands,9
257,B01394,2026-06-13,Jordan,Canyon Overlook,1
258,B01394,2026-03-28,Taylor,Aspen Grove,11
259,B01394,2026-04-05,Sam,Rocky Pass,2
260,B01394,2026-01-24,Casey,Aspen Grove,5
261,B01394,2026-05-14,Taylor,Sunset Ridge,4
262,B01394,2026-04-29,Morgan,Lake Edge,4
263,B00630,2026-06-17,Morgan,Lake Edge,5
264,B00630,2026-01-21,Casey,Lake Edge,2
265,B00630,2026-05-25,Sam,Sunset Ridge,8
266,B00630,2026-03-17,Jordan,Rocky Pass,8
267,B00630,2026-03-12,Morgan,Cliff Basin,10
268,B01072,2026-05-17,Sam,Pine Lookout,1
269,B01072,2026-04-27,Morgan,Aspen Grove,5
270,B01072,2026-03-11,Taylor,Aspen Grove,7
271,B01072,2026-03-14,Alex,Lake Edge,11
272,B00184,2026-03-07,Casey,Cliff Basin,11
273,B00184,2026-03-01,Jordan,Wetlands,1
274,B00184,2026-02-22,Casey,Lake Edge,1
275,B00184,2026-01-30,Taylor,Lake Edge,6
276,B00184,2026-02-19,Alex,Rocky Pass,9
277,B00588,2026-01-27,Jordan,Rocky Pass,6
278,B00588,2026-02-09,Quinn,Aspen Grove,4
279,B00588,2026-05-27,Casey,Rocky Pass,5
280,B00588,2026-02-03,Casey,Aspen Grove,4
281,B00588,2026-02-06,Jordan,Cliff Basin,8
282,B00588,2026-03-18,Alex,Cliff Basin,8
283,B00464,2026-04-15,Casey,Sunset Ridge,10
284,B00464,2026-03-30,Morgan,Wetlands,6
285,B00464,2026-05-09,Jordan,Sunset Ridge,4
286,B00464,2026-06-13,Jordan,Sunset Ridge,7
287,B00939,2026-06-02,Casey,Cliff Basin,5
288,B00939,2026-02-26,Riley,Aspen Grove,11
289,B00939,2026-06-20,Casey,Lake Edge,1
290,B00939,2026-03-29,Casey,Sunset Ridge,6
291,B00939,2026-04-04,Casey,Sunset Ridge,6
292,B00030,2026-01-26,Casey,Pine Lookout,10
293,B00030,2026-01-09,Morgan,Rocky Pass,2
294,B00030,2026-03-18,Morgan,Rocky Pass,5
295,B00030,2026-05-08,Alex,Wetlands,9
296,B00030,2026-05-18,Alex,Pine Lookout,5
297,B00030,2026-04-22,Casey,Aspen Grove,5
298,B00030,2026-04-21,Jordan,Pine Lookout,1
299,B00641,2026-01-14,Riley,Wetlands,4
300,B00641,2026-05-03,Riley,Aspen Grove,6
301,B00641,2026-03-19,Taylor,Wetlands,1
302,B00641,2026-05-20,Alex,Aspen Grove,10
303,B00424,2026-02-11,Taylor,Canyon Overlook,6
304,B00424,2026-03-22,Morgan,Canyon Overlook,5
305,B00424,2026-05-01,Sam,Rocky Pass,1
306,B00424,2026-01-13,Sam,Rocky Pass,1
307,B00004,2026-06-08,Taylor,Sunset Ridge,2
308,B00004,2026-04-05,Casey,Canyon Overlook,7
309,B00004,2026-03-12,Casey,Cliff Basin,11
310,B00004,2026-04-24,Taylor,Rocky Pass,10
311,B00004,2026-06-23,Sam,Rocky Pass,9
312,B00004,2026-03-23,Sam,Cliff Basin,8
313,B00004,2026-03-11,Jordan,Aspen Grove,6
314,B00443,2026-05-22,Taylor,Cliff Basin,7
315,B00443,2026-06-12,Casey,Sunset Ridge,10
316,B00443,2026-01-19,Jordan,Cliff Basin,6
317,B00443,2026-01-31,Quinn,Pine Lookout,2
318,B00443,2026-04-25,Quinn,Rocky Pass,2
319,B00443,2026-01-24,Quinn,Pine Lookout,8
320,B00443,2026-06-18,Sam,Pine Lookout,9
321,B01175,2026-04-19,Taylor,Lake Edge,9
322,B01175,2026-05-13,Taylor,Lake Edge,4
323,B01175,2026-06-13,Alex,Aspen Grove,3
324,B01175,2026-01-19,Alex,Wetlands,7
325,B01175,2026-01-06,Alex,Lake Edge,1
326,B01175,2026-05-16,Taylor,Canyon Overlook,1
327,B01175,2026-01-17,Sam,Cliff Basin,3
328,B00604,2026-03-02,Morgan,Rocky Pass,7
329,B00604,2026-02-01,Quinn,Lake Edge,11
330,B00604,2026-05-14,Casey,Aspen Grove,3
331,B00604,2026-01-03,Taylor,Cliff Basin,8
332,B00604,2026-03-23,Alex,Aspen Grove,9
333,B00604,2026-02-24,Riley,Sunset Ridge,8
334,B01017,2026-01-31,Casey,Rocky Pass,8
335,B01017,2026-04-09,Taylor,Sunset Ridge,11
336,B01017,2026-03-29,Morgan,Lake Edge,6
337,B01017,2026-03-11,Riley,Wetlands,6
338,B00788,2026-02-16,Jordan,Canyon Overlook,2
339,B00788,2026-02-25,Sam,Lake Edge,6
340,B00788,2026-06-02,Casey,Pine Lookout,10
341,B00788,2026-03-22,Taylor,Pine Lookout,10
342,B00788,2026-03-15,Alex,Wetlands,6
343,B00788,2026-01-04,Casey,Cliff Basin,11
344,B00971,2026-04-13,Taylor,Rocky Pass,6
345,B00971,2026-03-20,Jordan,Aspen Grove,6
346,B00971,2026-06-08,Morgan,Wetlands,9
347,B00971,2026-05-10,Alex,Sunset Ridge,6
348,B00971,2026-06-19,Quinn,Aspen Grove,6
349,B00276,2026-05-05,Casey,Aspen Grove,11
350,B00276,2026-01-17,Morgan,Cliff Basin,4
351,B00276,2026-06-04,Casey,Rocky Pass,11
352,B00276,2026-05-23,Alex,Cliff Basin,4
353,B00139,2026-05-20,Quinn,Cliff Basin,11
354,B00139,2026-04-19,Sam,Wetlands,11
355,B00139,2026-01-24,Quinn,Wetlands,3
356,B00139,2026-01-08,Alex,Canyon Overlook,1
357,B01028,2026-04-16,Sam,Aspen Grove,2
358,B01028,2026-01-14,Casey,Cliff Basin,6
359,B01028,2026-05-16,Jordan,Rocky Pass,10
360,B01028,2026-04-04,Riley,Canyon Overlook,8
361,B00964,2026-02-26,Riley,Wetlands,2
362,B00964,2026-03-04,Jordan,Sunset Ridge,11
363,B00964,2026-05-11,Alex,Rocky Pass,1
364,B00964,2026-06-26,Casey,Cliff Basin,9
365,B00897,2026-02-20,Riley,Cliff Basin,9
366,B00897,2026-05-27,Morgan,Pine Lookout,10
367,B00897,2026-05-20,Morgan,Aspen Grove,7
368,B00897,2026-02-15,Morgan,Cliff Basin,7
369,B00649,2026-05-28,Jordan,Pine Lookout,1
370,B00649,2026-05-02,Taylor,Aspen Grove,10
371,B00649,2026-01-11,Sam,Cliff Basin,11
372,B00649,2026-04-20,Alex,Rocky Pass,11
373,B01388,2026-06-04,Quinn,Pine Lookout,9
374,B01388,2026-03-26,Casey,Wetlands,9
375,B01388,2026-06-01,Quinn,Lake Edge,1
376,B01388,2026-01-12,Alex,Rocky Pass,7
377,B01388,2026-01-05,Alex,Lake Edge,6
378,B01552,2026-03-02,Sam,Cliff Basin,1
379,B01552,2026-05-17,Taylor,Rocky Pass,7
380,B01552,2026-06-07,Alex,Aspen Grove,10
381,B01552,2026-06-17,Sam,Rocky Pass,10
382,B01552,2026-06-25,Quinn,Wetlands,4
383,B01552,2026-03-23,Taylor,Aspen Grove,7
384,B00399,2026-05-05,Alex,Aspen Grove,6
385,B00399,2026-02-12,Morgan,Wetlands,5
386,B00399,2026-05-14,Sam,Rocky Pass,5
387,B00399,2026-04-07,Alex,Canyon Overlook,10
388,B00399,2026-06-16,Alex,Aspen Grove,6
389,B00399,2026-04-29,Alex,Lake Edge,11
390,B00990,2026-03-17,Casey,Sunset Ridge,4
391,B00990,2026-01-30,Jordan,Lake Edge,3
392,B00990,2026-05-09,Riley,Pine Lookout,10
393,B00990,2026-02-06,Casey,Cliff Basin,6
394,B00990,2026-02-05,Jordan,Wetlands,2
395,B00990,2026-05-11,Morgan,Rocky Pass,2
396,B01354,2026-02-17,Riley,Wetlands,2
397,B01354,2026-01-22,Riley,Sunset Ridge,4
398,B01354,2026-04-04,Sam,Sunset Ridge,9
399,B01354,2026-04-05,Taylor,Sunset Ridge,9
400,B01354,2026-05-16,Taylor,Wetlands,1
401,B01354,2026-02-05,Casey,Canyon Overlook,9
402,B00477,2026-06-09,Sam,Aspen Grove,5
403,B00477,2026-06-14,Taylor,Pine Lookout,8
404,B00477,2026-04-08,Taylor,Lake Edge,2
405,B00477,2026-03-27,Taylor,Canyon Overlook,11
406,B00477,2026-04-16,Morgan,Cliff Basin,6
407,B00225,2026-02-21,Jordan,Wetlands,3
408,B00225,2026-04-30,Riley,Wetlands,3
409,B00225,2026-01-03,Casey,Lake Edge,2
410,B00225,2026-02-24,Sam,Canyon Overlook,1
411,B00225,2026-01-01,Quinn,Canyon Overlook,9
412,B00225,2026-02-20,Quinn,Sunset Ridge,10
413,B00225,2026-04-01,Alex,Canyon Overlook,9
414,B01665,2026-05-28,Alex,Canyon Overlook,4
415,B01665,2026-05-23,Sam,Cliff Basin,8
416,B01665,2026-01-01,Quinn,Wetlands,2
417,B01665,2026-03-10,Quinn,Aspen Grove,8
418,B01665,2026-02-12,Riley,Aspen Grove,6
419,B01665,2026-04-10,Jordan,Wetlands,9
420,B00904,2026-01-24,Taylor,Canyon Overlook,6
421,B00904,2026-06-25,Sam,Canyon Overlook,8
422,B00904,2026-05-30,Sam,Rocky Pass,7
423,B00904,2026-04-12,Jordan,Pine Lookout,8
424,B00773,2026-04-26,Sam,Canyon Overlook,8
425,B00773,2026-03-15,Quinn,Cliff Basin,10
426,B00773,2026-03-05,Sam,Pine Lookout,10
427,B00773,2026-02-28,Quinn,Canyon Overlook,1
428,B00773,2026-05-08,Taylor,Pine Lookout,1
429,B00773,2026-06-26,Quinn,Aspen Grove,2
430,B00773,2026-02-07,Taylor,Canyon Overlook,6
431,B01692,2026-04-24,Riley,Sunset Ridge,7
432,B01692,2026-02-11,Jordan,Canyon Overlook,9
433,B01692,2026-05-26,Sam,Pine Lookout,9
434,B01692,2026-03-22,Jordan,Sunset Ridge,6
435,B01692,2026-06-22,Quinn,Wetlands,10
436,B01692,2026-03-17,Morgan,Lake Edge,11
437,B01692,2026-03-24,Taylor,Pine Lookout,1
438,B00162,2026-03-05,Morgan,Aspen Grove,1
439,B00162,2026-03-27,Taylor,Aspen Grove,9
440,B00162,2026-01-05,Casey,Sunset Ridge,6
441,B00162,2026-01-03,Alex,Lake Edge,6
442,B00162,2026-06-27,Riley,Sunset Ridge,5
443,B00514,2026-03-09,Casey,Pine Lookout,3
444,B00514,2026-02-02,Jordan,Rocky Pass,5
445,B00514,2026-05-14,Morgan,Canyon Overlook,7
446,B00514,2026-04-17,Morgan,Cliff Basin,3
447,B00514,2026-02-27,Taylor,Pine Lookout,6
448,B00514,2026-01-22,Riley,Cliff Basin,9
449,B00514,2026-05-15,Quinn,Sunset Ridge,5
450,B01363,2026-01-06,Morgan,Rocky Pass,4
451,B01363,2026-01-09,Casey,Rocky Pass,10
452,B01363,2026-06-23,Riley,Wetlands,6
453,B01363,2026-05-09,Alex,Pine Lookout,1
454,B01363,2026-04-09,Taylor,Aspen Grove,10
455,B01363,2026-05-03,Taylor,Lake Edge,2
456,B00684,2026-01-06,Jordan,Wetlands,4
457,B00684,2026-06-12,Taylor,Cliff Basin,3
458,B00684,2026-01-09,Jordan,Lake Edge,8
459,B00684,2026-02-03,Riley,Canyon Overlook,3
460,B00684,2026-03-16,Alex,Aspen Grove,8
461,B01520,2026-05-01,Morgan,Sunset Ridge,6
462,B01520,2026-03-04,Taylor,Aspen Grove,1
463,B01520,2026-01-01,Jordan,Rocky Pass,8
464,B01520,2026-03-26,Quinn,Cliff Basin,3
465,B01128,2026-01-18,Quinn,Sunset Ridge,3
466,B01128,2026-05-26,Alex,Rocky Pass,7
467,B01128,2026-06-05,Quinn,Wetlands,6
468,B01128,2026-02-18,Jordan,Pine Lookout,10
469,B01523,2026-05-04,Casey,Pine Lookout,8
470,B01523,2026-03-19,Taylor,Rocky Pass,9
471,B01523,2026-02-04,Quinn,Sunset Ridge,9
472,B01523,2026-01-29,Quinn,Rocky Pass,8
473,B01523,2026-05-31,Casey,Sunset Ridge,1
474,B01523,2026-06-01,Casey,Aspen Grove,11
475,B01523,2026-03-06,Alex,Rocky Pass,3
476,B00029,2026-03-29,Riley,Lake Edge,2
477,B00029,2026-06-22,Quinn,Canyon Overlook,1
478,B00029,2026-05-11,Riley,Aspen Grove,7
479,B00029,2026-05-29,Jordan,Cliff Basin,8
480,B00029,2026-01-07,Quinn,Canyon Overlook,8
481,B00029,2026-06-03,Jordan,Rocky Pass,9
482,B00029,2026-02-11,Jordan,Cliff Basin,10
483,B01005,2026-01-28,Morgan,Canyon Overlook,7
484,B01005,2026-06-23,Jordan,Wetlands,2
485,B01005,2026-06-05,Riley,Wetlands,7
486,B01005,2026-01-19,Riley,Rocky Pass,6
487,B01005,2026-02-07,Jordan,Lake Edge,8
488,B01005,2026-05-06,Quinn,Sunset Ridge,8
489,B01005,2026-06-26,Quinn,Cliff Basin,6
490,B00348,2026-04-21,Sam,Lake Edge,3
491,B00348,2026-02-19,Jordan,Canyon Overlook,2
492,B00348,2026-04-23,Riley,Wetlands,4
493,B00348,2026-06-02,Casey,Canyon Overlook,8
494,B01059,2026-06-01,Sam,Pine Lookout,1
495,B01059,2026-05-05,Alex,Aspen Grove,5
496,B01059,2026-01-12,Alex,Canyon Overlook,4
497,B01059,2026-03-02,Casey,Cliff Basin,8
498,B01059,2026-06-18,Quinn,Lake Edge,3
499,B01059,2026-01-10,Morgan,Canyon Overlook,10
500,B01196,2026-05-24,Riley,Sunset Ridge,10
501,B01196,2026-05-30,Riley,Cliff Basin,2
502,B01196,2026-03-23,Alex,Cliff Basin,7
503,B01196,2026-04-08,Riley,Lake Edge,4
504,B01196,2026-02-05,Taylor,Sunset Ridge,11
505,B00087,2026-04-15,Quinn,Canyon Overlook,5
506,B00087,2026-01-15,Morgan,Rocky Pass,4
507,B00087,2026-03-20,Taylor,Lake Edge,5
508,B00087,2026-01-29,Jordan,Cliff Basin,1
509,B00087,2026-03-22,Morgan,Canyon Overlook,1
510,B01650,2026-01-24,Quinn,Cliff Basin,1
511,B01650,2026-01-26,Jordan,Sunset Ridge,4
512,B01650,2026-01-07,Taylor,Sunset Ridge,11
513,B01650,2026-01-20,Jordan,Canyon Overlook,1
514,B01650,2026-04-29,Jordan,Canyon Overlook,5
515,B01650,2026-03-15,Riley,Sunset Ridge,9
516,B00002,2026-05-10,Taylor,Aspen Grove,5
517,B00002,2026-01-01,Sam,Aspen Grove,3
518,B00002,2026-02-13,Casey,Cliff Basin,9
519,B00002,2026-03-25,Riley,Cliff Basin,11
520,B00002,2026-05-11,Riley,Sunset Ridge,4
521,B00002,2026-03-18,Quinn,Canyon Overlook,3
522,B00834,2026-01-16,Sam,Pine Lookout,4
523,B00834,2026-05-30,Riley,Sunset Ridge,6
524,B00834,2026-02-22,Sam,Canyon Overlook,7
525,B00834,2026-05-26,Riley,Cliff Basin,5
526,B00679,2026-03-03,Riley,Lake Edge,6
527,B00679,2026-03-17,Taylor,Canyon Overlook,11
528,B00679,2026-04-17,Casey,Sunset Ridge,1
529,B00679,2026-02-04,Morgan,Canyon Overlook,8
530,B00679,2026-05-31,Morgan,Canyon Overlook,3
531,B00679,2026-01-12,Alex,Wetlands,9
532,B00626,2026-06-13,Quinn,Aspen Grove,9
533,B00626,2026-01-23,Morgan,Rocky Pass,3
534,B00626,2026-01-29,Alex,Canyon Overlook,2
535,B00626,2026-03-13,Jordan,Rocky Pass,7
536,B00626,2026-02-26,Sam,Pine Lookout,3
537,B00560,2026-02-20,Casey,Wetlands,5
538,B00560,2026-04-09,Morgan,Cliff Basin,2
539,B00560,2026-01-13,Quinn,Lake Edge,3
540,B00560,2026-05-18,Casey,Pine Lookout,5
541,B00560,2026-03-06,Sam,Aspen Grove,9
542,B00371,2026-03-14,Casey,Aspen Grove,11
543,B00371,2026-03-25,Morgan,Wetlands,2
544,B00371,2026-03-15,Riley,Rocky Pass,3
545,B00371,2026-04-06,Casey,Rocky Pass,1
546,B00371,2026-04-23,Casey,Rocky Pass,3
547,B00371,2026-06-27,Casey,Rocky Pass,1
548,B00371,2026-02-06,Taylor,Canyon Overlook,5
549,B01656,2026-01-02,Morgan,Canyon Overlook,9
550,B01656,2026-05-22,Taylor,Wetlands,4
551,B01656,2026-06-19,Taylor,Cliff Basin,11
552,B01656,2026-01-03,Quinn,Lake Edge,7
553,B01656,2026-03-21,Riley,Cliff Basin,11
554,B01656,2026-01-01,Morgan,Lake Edge,4
555,B00887,2026-03-03,Quinn,Cliff Basin,6
556,B00887,2026-06-27,Jordan,Lake Edge,2
557,B00887,2026-03-23,Quinn,Lake Edge,5
558,B00887,2026-05-12,Riley,Rocky Pass,10
559,B00887,2026-05-03,Casey,Sunset Ridge,7
560,B00887,2026-01-25,Riley,Lake Edge,3
561,B01084,2026-02-25,Taylor,Wetlands,6
562,B01084,2026-03-26,Riley,Aspen Grove,7
563,B01084,2026-01-09,Sam,Wetlands,3
564,B01084,2026-03-24,Taylor,Sunset Ridge,6
565,B01084,2026-05-27,Riley,Cliff Basin,8
566,B00622,2026-01-06,Casey,Canyon Overlook,8
567,B00622,2026-05-10,Riley,Canyon Overlook,6
568,B00622,2026-01-03,Taylor,Aspen Grove,8
569,B00622,2026-02-12,Quinn,Aspen Grove,4
570,B00622,2026-02-09,Riley,Sunset Ridge,2
571,B01481,2026-06-11,Sam,Canyon Overlook,8
572,B01481,2026-06-26,Morgan,Cliff Basin,1
573,B01481,2026-02-03,Riley,Pine Lookout,10
574,B01481,2026-05-19,Alex,Sunset Ridge,2
575,B01481,2026-04-17,Alex,Cliff Basin,5
576,B01481,2026-05-28,Riley,Rocky Pass,4
577,B01481,2026-03-14,Taylor,Aspen Grove,3
578,B00040,2026-04-16,Morgan,Pine Lookout,3
579,B00040,2026-01-22,Jordan,Rocky Pass,1
580,B00040,2026-01-02,Morgan,Canyon Overlook,2
581,B00040,2026-02-23,Morgan,Pine Lookout,2
582,B00040,2026-01-25,Quinn,Wetlands,6
583,B00865,2026-04-18,Quinn,Sunset Ridge,10
584,B00865,2026-01-05,Taylor,Cliff Basin,2
585,B00865,2026-02-19,Casey,Canyon Overlook,5
586,B00865,2026-05-26,Sam,Lake Edge,5
587,B00865,2026-04-21,Quinn,Rocky Pass,4
588,B00865,2026-04-09,Riley,Wetlands,3
589,B00891,2026-04-03,Jordan,Aspen Grove,10
590,B00891,2026-04-14,Jordan,Wetlands,2
591,B00891,2026-02-12,Quinn,Wetlands,9
592,B00891,2026-05-02,Casey,Canyon Overlook,4
593,B00891,2026-02-22,Taylor,Sunset Ridge,2
594,B00891,2026-05-07,Morgan,Sunset Ridge,2
595,B00444,2026-05-31,Quinn,Canyon Overlook,6
596,B00444,2026-03-12,Riley,Wetlands,3
597,B00444,2026-05-04,Taylor,Rocky Pass,3
598,B00444,2026-04-26,Riley,Pine Lookout,3
599,B00309,2026-05-07,Sam,Rocky Pass,11
600,B00309,2026-05-08,Casey,Canyon Overlook,10
601,B00309,2026-06-06,Casey,Pine Lookout,3
602,B00309,2026-03-30,Taylor,Aspen Grove,3
603,B00309,2026-03-31,Morgan,Pine Lookout,3
604,B00309,2026-04-19,Riley,Pine Lookout,5
605,B00309,2026-05-22,Quinn,Cliff Basin,10
606,B01182,2026-05-25,Riley,Cliff Basin,5
607,B01182,2026-01-12,Taylor,Lake Edge,9
608,B01182,2026-01-22,Jordan,Wetlands,10
609,B01182,2026-03-08,Taylor,Aspen Grove,3
610,B01182,2026-05-15,Jordan,Sunset Ridge,3
611,B00687,2026-03-26,Jordan,Canyon Overlook,6
612,B00687,2026-03-06,Taylor,Rocky Pass,2
613,B00687,2026-02-26,Morgan,Canyon Overlook,10
614,B00687,2026-05-07,Taylor,Cliff Basin,7
615,B00687,2026-04-06,Casey,Lake Edge,5
616,B00687,2026-02-21,Morgan,Aspen Grove,1
617,B00831,2026-04-16,Alex,Wetlands,6
618,B00831,2026-06-18,Morgan,Sunset Ridge,8
619,B00831,2026-04-22,Taylor,Rocky Pass,7
620,B00831,2026-06-26,Sam,Canyon Overlook,9
621,B01344,2026-02-10,Alex,Canyon Overlook,8
622,B01344,2026-02-11,Taylor,Lake Edge,2
623,B01344,2026-06-18,Taylor,Lake Edge,1
624,B01344,2026-04-22,Riley,Wetlands,3
625,B01344,2026-06-23,Sam,Lake Edge,4
626,B01344,2026-06-04,Alex,Pine Lookout,5
627,B00603,2026-02-26,Morgan,Pine Lookout,2
628,B00603,2026-04-22,Jordan,Rocky Pass,10
629,B00603,2026-04-14,Quinn,Wetlands,5
630,B00603,2026-01-06,Riley,Pine Lookout,6
631,B01606,2026-05-24,Morgan,Lake Edge,3
632,B01606,2026-06-13,Jordan,Lake Edge,4
633,B01606,2026-05-16,Casey,Rocky Pass,7
634,B01606,2026-02-06,Sam,Lake Edge,11
635,B01606,2026-02-23,Jordan,Pine Lookout,5
636,B01606,2026-01-20,Alex,Canyon Overlook,10
637,B00036,2026-04-18,Quinn,Aspen Grove,11
638,B00036,2026-04-29,Jordan,Wetlands,7
639,B00036,2026-03-05,Jordan,Lake Edge,6
640,B00036,2026-05-04,Taylor,Canyon Overlook,9
641,B00036,2026-03-28,Taylor,Lake Edge,11
642,B00888,2026-04-26,Taylor,Sunset Ridge,5
643,B00888,2026-05-20,Sam,Lake Edge,7
644,B00888,2026-03-20,Casey,Pine Lookout,3
645,B00888,2026-04-28,Quinn,Rocky Pass,9
646,B00836,2026-06-03,Casey,Cliff Basin,5
647,B00836,2026-01-12,Casey,Cliff Basin,5
648,B00836,2026-02-21,Morgan,Wetlands,10
649,B00836,2026-04-02,Riley,Rocky Pass,4
650,B01660,2026-04-18,Alex,Sunset Ridge,10
651,B01660,2026-03-19,Alex,Pine Lookout,9
652,B01660,2026-02-27,Casey,Canyon Overlook,7
653,B01660,2026-06-29,Sam,Lake Edge,5
654,B01660,2026-05-20,Quinn,Sunset Ridge,3
655,B01660,2026-03-18,Casey,Cliff Basin,11
656,B00938,2026-01-27,Sam,Sunset Ridge,10
657,B00938,2026-02-01,Quinn,Lake Edge,8
658,B00938,2026-02-26,Quinn,Sunset Ridge,3
659,B00938,2026-01-23,Quinn,Aspen Grove,6
660,B00938,2026-02-12,Casey,Sunset Ridge,2
661,B00938,2026-04-10,Casey,Sunset Ridge,7
662,B00938,2026-02-08,Jordan,Pine Lookout,7
663,B00303,2026-04-11,Riley,Lake Edge,3
664,B00303,2026-01-10,Quinn,Canyon Overlook,6
665,B00303,2026-04-17,Quinn,Wetlands,1
666,B00303,2026-04-07,Jordan,Aspen Grove,4
667,B00303,2026-04-01,Sam,Wetlands,5
668,B00303,2026-06-22,Jordan,Aspen Grove,4
669,B01453,2026-04-01,Riley,Aspen Grove,6
670,B01453,2026-03-22,Sam,Pine Lookout,4
671,B01453,2026-06-17,Quinn,Rocky Pass,10
672,B01453,2026-04-18,Sam,Aspen Grove,7
673,B00410,2026-06-17,Quinn,Aspen Grove,9
674,B00410,2026-01-10,Quinn,Sunset Ridge,4
675,B00410,2026-06-03,Morgan,Aspen Grove,1
676,B00410,2026-03-05,Morgan,Sunset Ridge,4
677,B00410,2026-03-15,Riley,Canyon Overlook,2
678,B00415,2026-05-03,Jordan,Rocky Pass,1
679,B00415,2026-01-03,Quinn,Wetlands,9
680,B00415,2026-04-08,Morgan,Lake Edge,5
681,B00415,2026-01-04,Morgan,Lake Edge,10
682,B00415,2026-06-10,Jordan,Wetlands,6
683,B00415,2026-04-20,Taylor,Sunset Ridge,4
684,B00415,2026-04-26,Sam,Aspen Grove,7
685,B01524,2026-06-16,Riley,Wetlands,8
686,B01524,2026-05-12,Casey,Wetlands,4
687,B01524,2026-06-14,Alex,Aspen Grove,3
688,B01524,2026-01-05,Casey,Sunset Ridge,7
689,B01524,2026-01-21,Casey,Pine Lookout,8
690,B01524,2026-01-15,Riley,Pine Lookout,3
691,B01524,2026-03-01,Morgan,Cliff Basin,6
692,B00273,2026-02-01,Alex,Lake Edge,1
693,B00273,2026-02-09,Morgan,Lake Edge,4
694,B00273,2026-02-22,Morgan,Rocky Pass,7
695,B00273,2026-03-01,Alex,Wetlands,7
696,B00273,2026-04-28,Jordan,Rocky Pass,11
697,B00273,2026-06-13,Jordan,Canyon Overlook,4
698,B00273,2026-06-26,Morgan,Pine Lookout,10
699,B00165,2026-06-07,Alex,Pine Lookout,4
700,B00165,2026-01-10,Alex,Aspen Grove,4
701,B00165,2026-05-17,Casey,Wetlands,4
702,B00165,2026-04-29,Riley,Pine Lookout,4
703,B00165,2026-02-19,Quinn,Cliff Basin,6
704,B00165,2026-03-26,Quinn,Wetlands,2
705,B00165,2026-04-13,Morgan,Aspen Grove,7
706,B00589,2026-03-30,Taylor,Sunset Ridge,7
707,B00589,2026-05-15,Taylor,Sunset Ridge,11
708,B00589,2026-06-28,Alex,Rocky Pass,2
709,B00589,2026-03-07,Quinn,Pine Lookout,3
710,B00589,2026-02-23,Sam,Wetlands,1
711,B00589,2026-05-10,Alex,Wetlands,11
712,B00605,2026-04-16,Morgan,Canyon Overlook,1
713,B00605,2026-04-08,Taylor,Wetlands,5
714,B00605,2026-03-20,Quinn,Canyon Overlook,7
715,B00605,2026-01-01,Taylor,Wetlands,3
716,B00605,2026-03-10,Taylor,Rocky Pass,2
717,B00605,2026-04-26,Sam,Rocky Pass,2
718,B00659,2026-02-17,Sam,Sunset Ridge,2
719,B00659,2026-05-15,Jordan,Aspen Grove,5
720,B00659,2026-01-20,Sam,Rocky Pass,1
721,B00659,2026-03-20,Quinn,Pine Lookout,4
722,B00659,2026-04-29,Quinn,Lake Edge,1
723,B00659,2026-06-20,Taylor,Pine Lookout,10
724,B00659,2026-03-03,Riley,Sunset Ridge,3
725,B00306,2026-06-13,Sam,Aspen Grove,7
726,B00306,2026-06-20,Alex,Canyon Overlook,4
727,B00306,2026-02-27,Alex,Pine Lookout,6
728,B00306,2026-05-16,Alex,Canyon Overlook,7
729,B00830,2026-01-19,Alex,Lake Edge,11
730,B00830,2026-03-17,Morgan,Pine Lookout,11
731,B00830,2026-03-18,Sam,Aspen Grove,4
732,B00830,2026-03-27,Riley,Sunset Ridge,8
733,B00830,2026-05-24,Casey,Rocky Pass,9
734,B00830,2026-01-18,Sam,Aspen Grove,2
735,B00830,2026-03-21,Taylor,Aspen Grove,8
736,B00412,2026-02-17,Taylor,Pine Lookout,6
737,B00412,2026-06-22,Riley,Lake Edge,7
738,B00412,2026-01-20,Alex,Rocky Pass,10
739,B00412,2026-02-22,Alex,Aspen Grove,8
740,B00412,2026-01-25,Alex,Aspen Grove,3
741,B00412,2026-02-25,Alex,Sunset Ridge,5
742,B01208,2026-05-29,Casey,Aspen Grove,2
743,B01208,2026-03-04,Morgan,Cliff Basin,10
744,B01208,2026-06-03,Jordan,Canyon Overlook,1
745,B01208,2026-03-17,Taylor,Canyon Overlook,10
746,B01208,2026-04-13,Morgan,Lake Edge,11
747,B01208,2026-04-17,Sam,Aspen Grove,6
748,B01208,2026-06-25,Quinn,Rocky Pass,10
749,B01035,2026-05-25,Taylor,Lake Edge,7
750,B01035,2026-05-30,Taylor,Sunset Ridge,11
751,B01035,2026-03-15,Jordan,Canyon Overlook,11
752,B01035,2026-06-02,Quinn,Lake Edge,5
753,B01035,2026-06-27,Quinn,Lake Edge,9
754,B01035,2026-03-10,Alex,Lake Edge,9
755,B01330,2026-04-08,Riley,Rocky Pass,11
756,B01330,2026-02-24,Morgan,Cliff Basin,7
757,B01330,2026-04-19,Jordan,Cliff Basin,8
758,B01330,2026-05-14,Sam,Canyon Overlook,3
759,B01330,2026-03-31,Morgan,Pine Lookout,9
760,B01330,2026-05-31,Casey,Pine Lookout,7
761,B01136,2026-01-30,Quinn,Canyon Overlook,5
762,B01136,2026-04-24,Riley,Cliff Basin,3
763,B01136,2026-01-03,Quinn,Canyon Overlook,4
764,B01136,2026-04-03,Taylor,Rocky Pass,4
765,B01136,2026-03-01,Sam,Aspen Grove,6
766,B01136,2026-03-06,Alex,Pine Lookout,11
767,B01136,2026-05-07,Alex,Aspen Grove,9
768,B01202,2026-04-24,Sam,Wetlands,2
769,B01202,2026-05-22,Quinn,Wetlands,3
770,B01202,2026-03-29,Quinn,Sunset Ridge,5
771,B01202,2026-01-16,Sam,Canyon Overlook,7
772,B01202,2026-06-03,Morgan,Canyon Overlook,9
773,B01602,2026-01-29,Taylor,Rocky Pass,3
774,B01602,2026-03-06,Morgan,Lake Edge,4
775,B01602,2026-02-13,Morgan,Canyon Overlook,8
776,B01602,2026-03-14,Alex,Wetlands,10
777,B01602,2026-03-21,Taylor,Wetlands,10
778,B00246,2026-05-16,Sam,Aspen Grove,11
779,B00246,2026-05-05,Riley,Sunset Ridge,6
780,B00246,2026-01-13,Taylor,Rocky Pass,8
781,B00246,2026-03-08,Morgan,Cliff Basin,4
782,B00246,2026-05-10,Quinn,Rocky Pass,7
783,B00775,2026-04-26,Morgan,Lake Edge,9
784,B00775,2026-02-21,Quinn,Aspen Grove,10
785,B00775,2026-03-15,Riley,Cliff Basin,3
786,B00775,2026-05-28,Riley,Aspen Grove,9
787,B00775,2026-03-06,Alex,Sunset Ridge,1
788,B01568,2026-06-28,Taylor,Wetlands,8
789,B01568,2026-05-29,Jordan,Canyon Overlook,9
790,B01568,2026-01-26,Taylor,Lake Edge,3
791,B01568,2026-03-29,Casey,Sunset Ridge,3
792,B01568,2026-04-15,Sam,Sunset Ridge,8
793,B00446,2026-02-03,Jordan,Cliff Basin,3
794,B00446,2026-02-18,Casey,Aspen Grove,5
795,B00446,2026-06-16,Morgan,Cliff Basin,1
796,B00446,2026-05-21,Riley,Pine Lookout,5
797,B00446,2026-01-10,Casey,Aspen Grove,4
798,B00446,2026-05-17,Jordan,Canyon Overlook,4
799,B00446,2026-02-12,Jordan,Rocky Pass,2
800,B00756,2026-04-02,Sam,Pine Lookout,7
801,B00756,2026-02-06,Riley,Rocky Pass,6
802,B00756,2026-05-02,Jordan,Lake Edge,2
803,B00756,2026-02-16,Morgan,Lake Edge,6
804,B00553,2026-01-20,Alex,Lake Edge,11
805,B00553,2026-06-06,Riley,Lake Edge,1
806,B00553,2026-03-01,Jordan,Cliff Basin,5
807,B00553,2026-04-17,Quinn,Aspen Grove,9
808,B00553,2026-05-18,Morgan,Pine Lookout,1
809,B00553,2026-05-03,Quinn,Cliff Basin,2
810,B00553,2026-02-16,Taylor,Cliff Basin,11
811,B01239,2026-01-27,Morgan,Rocky Pass,4
812,B01239,2026-06-15,Riley,Canyon Overlook,9
813,B01239,2026-04-19,Jordan,Pine Lookout,6
814,B01239,2026-04-25,Morgan,Aspen Grove,3
815,B01239,2026-05-24,Alex,Cliff Basin,9
816,B00910,2026-01-23,Taylor,Canyon Overlook,11
817,B00910,2026-05-27,Riley,Canyon Overlook,3
818,B00910,2026-03-09,Morgan,Aspen Grove,4
819,B00910,2026-01-14,Taylor,Wetlands,8
820,B00911,2026-01-07,Quinn,Wetlands,6
821,B00911,2026-01-02,Sam,Lake Edge,1
822,B00911,2026-01-12,Taylor,Aspen Grove,3
823,B00911,2026-04-03,Sam,Pine Lookout,8
824,B00911,2026-04-13,Taylor,Rocky Pass,2
825,B00305,2026-05-13,Sam,Sunset Ridge,6
826,B00305,2026-05-14,Sam,Cliff Basin,6
827,B00305,2026-02-23,Taylor,Pine Lookout,5
828,B00305,2026-01-19,Taylor,Rocky Pass,1
829,B01384,2026-05-19,Casey,Wetlands,8
830,B01384,2026-02-06,Quinn,Sunset Ridge,1
831,B01384,2026-06-12,Alex,Pine Lookout,5
832,B01384,2026-01-11,Jordan,Cliff Basin,5
833,B01384,2026-05-03,Alex,Cliff Basin,3
834,B01384,2026-06-15,Quinn,Sunset Ridge,10
835,B00972,2026-04-20,Riley,Sunset Ridge,4
836,B00972,2026-03-31,Jordan,Cliff Basin,11
837,B00972,2026-03-14,Jordan,Canyon Overlook,3
838,B00972,2026-01-25,Alex,Wetlands,3
839,B00972,2026-05-13,Morgan,Lake Edge,7
840,B00972,2026-04-22,Casey,Wetlands,2
841,B00972,2026-02-26,Riley,Rocky Pass,4
842,B01412,2026-03-26,Casey,Pine Lookout,6
843,B01412,2026-01-30,Taylor,Canyon Overlook,4
844,B01412,2026-06-06,Alex,Lake Edge,11
845,B01412,2026-03-05,Casey,Lake Edge,6
846,B01412,2026-01-06,Sam,Aspen Grove,2
847,B01412,2026-04-03,Casey,Wetlands,7
848,B01412,2026-03-13,Riley,Canyon Overlook,3
849,B01376,2026-03-18,Quinn,Canyon Overlook,2
850,B01376,2026-01-10,Sam,Lake Edge,11
851,B01376,2026-05-01,Quinn,Sunset Ridge,9
852,B01376,2026-03-22,Jordan,Aspen Grove,10
853,B00565,2026-05-16,Taylor,Pine Lookout,2
854,B00565,2026-04-01,Quinn,Rocky Pass,7
855,B00565,2026-05-30,Alex,Wetlands,5
856,B00565,2026-03-03,Casey,Pine Lookout,7
857,B00565,2026-03-09,Casey,Canyon Overlook,1
858,B00565,2026-05-27,Quinn,Rocky Pass,7
859,B00565,2026-03-15,Morgan,Rocky Pass,2
860,B00854,2026-03-01,Taylor,Canyon Overlook,10
861,B00854,2026-01-12,Morgan,Canyon Overlook,7
862,B00854,2026-06-06,Jordan,Canyon Overlook,8
863,B00854,2026-06-23,Jordan,Lake Edge,3
864,B00854,2026-02-20,Quinn,Canyon Overlook,5
865,B01250,2026-05-17,Taylor,Lake Edge,7
866,B01250,2026-01-18,Quinn,Pine Lookout,2
867,B01250,2026-06-16,Morgan,Pine Lookout,8
868,B01250,2026-01-31,Casey,Canyon Overlook,10
869,B01250,2026-06-14,Morgan,Canyon Overlook,1
870,B01250,2026-02-17,Sam,Pine Lookout,11
871,B00919,2026-03-26,Quinn,Rocky Pass,9
872,B00919,2026-04-29,Taylor,Aspen Grove,11
873,B00919,2026-05-09,Sam,Wetlands,1
874,B00919,2026-02-10,Jordan,Wetlands,6
875,B00919,2026-05-31,Quinn,Wetlands,5
876,B00919,2026-05-15,Riley,Wetlands,9
877,B01592,2026-04-13,Alex,Aspen Grove,2
878,B01592,2026-06-29,Casey,Wetlands,6
879,B01592,2026-06-13,Quinn,Wetlands,5
880,B01592,2026-01-02,Alex,Canyon Overlook,10
881,B01592,2026-04-12,Riley,Cliff Basin,6
882,B00578,2026-03-17,Alex,Aspen Grove,8
883,B00578,2026-04-18,Morgan,Canyon Overlook,11
884,B00578,2026-03-27,Taylor,Aspen Grove,7
885,B00578,2026-04-08,Morgan,Lake Edge,2
886,B00578,2026-01-12,Riley,Pine Lookout,10
887,B00578,2026-01-11,Quinn,Wetlands,11
888,B01505,2026-02-26,Casey,Cliff Basin,1
889,B01505,2026-04-22,Quinn,Wetlands,4
890,B01505,2026-03-20,Taylor,Wetlands,9
891,B01505,2026-02-19,Alex,Pine Lookout,8
892,B00985,2026-06-25,Alex,Aspen Grove,8
893,B00985,2026-03-16,Casey,Canyon Overlook,2
894,B00985,2026-02-02,Taylor,Aspen Grove,1
895,B00985,2026-02-11,Sam,Wetlands,2
896,B00985,2026-05-10,Riley,Pine Lookout,9
897,B01477,2026-05-28,Quinn,Aspen Grove,4
898,B01477,2026-05-18,Sam,Cliff Basin,10
899,B01477,2026-04-22,Sam,Aspen Grove,9
900,B01477,2026-03-08,Casey,Lake Edge,4
901,B01477,2026-02-17,Jordan,Canyon Overlook,11
902,B01477,2026-01-10,Sam,Rocky Pass,11
903,B01127,2026-05-13,Alex,Lake Edge,11
904,B01127,2026-03-17,Taylor,Cliff Basin,3
905,B01127,2026-06-28,Casey,Cliff Basin,4
906,B01127,2026-01-24,Taylor,Rocky Pass,10
907,B01127,2026-01-28,Quinn,Wetlands,7
908,B01127,2026-05-20,Morgan,Rocky Pass,4
909,B01127,2026-05-19,Taylor,Wetlands,3
910,B00228,2026-04-20,Morgan,Wetlands,5
911,B00228,2026-04-13,Morgan,Lake Edge,9
912,B00228,2026-06-26,Casey,Sunset Ridge,5
913,B00228,2026-04-15,Morgan,Pine Lookout,9
914,B00228,2026-01-30,Alex,Rocky Pass,3
915,B00228,2026-06-09,Quinn,Sunset Ridge,2
916,B01507,2026-04-06,Alex,Wetlands,10
917,B01507,2026-01-16,Taylor,Sunset Ridge,7
918,B01507,2026-02-12,Alex,Canyon Overlook,10
919,B01507,2026-04-08,Alex,Pine Lookout,10
920,B01507,2026-01-19,Alex,Cliff Basin,9
921,B01507,2026-02-13,Taylor,Wetlands,1
922,B01507,2026-06-28,Riley,Sunset Ridge,10
923,B01550,2026-05-28,Jordan,Cliff Basin,11
924,B01550,2026-05-18,Taylor,Rocky Pass,2
925,B01550,2026-04-21,Riley,Lake Edge,6
926,B01550,2026-04-22,Morgan,Lake Edge,11
927,B01550,2026-01-11,Sam,Pine Lookout,11
928,B01680,2026-03-01,Quinn,Cliff Basin,9
929,B01680,2026-01-12,Morgan,Cliff Basin,9
930,B01680,2026-05-11,Taylor,Cliff Basin,4
931,B01680,2026-05-16,Riley,Cliff Basin,4
932,B01579,2026-01-27,Sam,Aspen Grove,11
933,B01579,2026-02-18,Quinn,Wetlands,11
934,B01579,2026-04-16,Taylor,Pine Lookout,11
935,B01579,2026-01-25,Sam,Aspen Grove,3
936,B01579,2026-06-08,Taylor,Pine Lookout,8
937,B00714,2026-01-13,Alex,Cliff Basin,3
938,B00714,2026-06-07,Alex,Sunset Ridge,5
939,B00714,2026-04-01,Jordan,Sunset Ridge,4
940,B00714,2026-03-06,Morgan,Lake Edge,1
941,B00714,2026-05-02,Jordan,Wetlands,3
942,B00714,2026-02-23,Sam,Rocky Pass,6
943,B00714,2026-05-18,Riley,Lake Edge,1
944,B01508,2026-06-13,Quinn,Sunset Ridge,6
945,B01508,2026-05-01,Taylor,Aspen Grove,11
946,B01508,2026-02-14,Jordan,Sunset Ridge,7
947,B01508,2026-01-15,Taylor,Canyon Overlook,10
948,B00778,2026-06-05,Alex,Rocky Pass,8
949,B00778,2026-05-31,Taylor,Wetlands,4
950,B00778,2026-05-23,Taylor,Sunset Ridge,1
951,B00778,2026-05-22,Riley,Cliff Basin,10
952,B00778,2026-01-28,Quinn,Lake Edge,6
953,B00778,2026-02-13,Sam,Sunset Ridge,6
954,B01283,2026-01-16,Morgan,Cliff Basin,6
955,B01283,2026-05-12,Morgan,Sunset Ridge,2
956,B01283,2026-05-26,Taylor,Canyon Overlook,2
957,B01283,2026-06-08,Sam,Pine Lookout,10
958,B01157,2026-01-18,Casey,Rocky Pass,9
959,B01157,2026-04-27,Taylor,Wetlands,7
960,B01157,2026-04-04,Casey,Canyon Overlook,8
961,B01157,2026-06-12,Quinn,Rocky Pass,9
962,B01157,2026-04-20,Morgan,Canyon Overlook,1
963,B01157,2026-04-02,Jordan,Sunset Ridge,9
964,B01157,2026-04-18,Casey,Sunset Ridge,1
965,B00178,2026-05-07,Jordan,Canyon Overlook,4
966,B00178,2026-04-29,Riley,Wetlands,8
967,B00178,2026-03-29,Jordan,Sunset Ridge,6
968,B00178,2026-04-19,Taylor,Pine Lookout,2
969,B00178,2026-03-31,Riley,Canyon Overlook,6
970,B00178,2026-04-04,Sam,Aspen Grove,8
971,B01554,2026-06-27,Jordan,Rocky Pass,7
972,B01554,2026-02-13,Casey,Lake Edge,2
973,B01554,2026-04-03,Quinn,Sunset Ridge,10
974,B01554,2026-03-02,Casey,Cliff Basin,6
975,B01554,2026-03-12,Alex,Lake Edge,3
976,B01554,2026-05-22,Riley,Cliff Basin,4
977,B00591,2026-04-24,Taylor,Pine Lookout,11
978,B00591,2026-02-17,Morgan,Rocky Pass,11
979,B00591,2026-04-11,Morgan,Sunset Ridge,2
980,B00591,2026-03-24,Alex,Cliff Basin,3
981,B00591,2026-01-27,Riley,Pine Lookout,7
982,B00591,2026-01-19,Morgan,Sunset Ridge,7
983,B01620,2026-02-15,Taylor,Rocky Pass,11
984,B01620,2026-03-20,Taylor,Wetlands,4
985,B01620,2026-03-26,Jordan,Sunset Ridge,6
986,B01620,2026-03-31,Taylor,Pine Lookout,2
987,B01620,2026-04-09,Sam,Lake Edge,7
988,B01620,2026-06-16,Taylor,Wetlands,4
989,B00080,2026-01-14,Alex,Rocky Pass,11
990,B00080,2026-01-21,Jordan,Lake Edge,4
991,B00080,2026-03-25,Sam,Lake Edge,6
992,B00080,2026-01-30,Morgan,Rocky Pass,11
993,B00080,2026-06-29,Jordan,Aspen Grove,5
994,B00080,2026-01-28,Alex,Aspen Grove,3
995,B00642,2026-01-16,Jordan,Wetlands,6
996,B00642,2026-05-12,Morgan,Wetlands,1
997,B00642,2026-05-31,Taylor,Sunset Ridge,4
998,B00642,2026-06-21,Alex,Lake Edge,10
999,B00642,2026-01-28,Riley,Wetlands,11
1000,B01101,2026-01-05,Morgan,Sunset Ridge,6
1001,B01101,2026-05-29,Jordan,Cliff Basin,7
1002,B01101,2026-02-06,Taylor,Lake Edge,7
1003,B01101,2026-04-07,Casey,Canyon Overlook,9
1004,B00387,2026-05-08,Jordan,Rocky Pass,3
1005,B00387,2026-01-19,Casey,Wetlands,8
1006,B00387,2026-06-21,Morgan,Cliff Basin,9
1007,B00387,2026-04-12,Morgan,Sunset Ridge,3
1008,B00126,2026-03-24,Casey,Aspen Grove,2
1009,B00126,2026-05-05,Casey,Sunset Ridge,9
1010,B00126,2026-04-04,Morgan,Rocky Pass,10
1011,B00126,2026-01-26,Sam,Pine Lookout,2
1012,B00126,2026-01-02,Quinn,Rocky Pass,3
1013,B00633,2026-04-10,Quinn,Sunset Ridge,3
1014,B00633,2026-02-17,Taylor,Rocky Pass,7
1015,B00633,2026-01-17,Morgan,Lake Edge,5
1016,B00633,2026-02-10,Morgan,Cliff Basin,1
1017,B00633,2026-02-13,Riley,Canyon Overlook,2
1018,B00633,2026-04-15,Alex,Wetlands,8
1019,B00633,2026-02-23,Casey,Canyon Overlook,9
1020,B01545,2026-03-23,Taylor,Sunset Ridge,7
1021,B01545,2026-03-24,Alex,Pine Lookout,5
1022,B01545,2026-03-03,Taylor,Canyon Overlook,4
1023,B01545,2026-02-12,Morgan,Pine Lookout,1
1024,B01545,2026-06-08,Sam,Cliff Basin,6
1025,B01545,2026-04-01,Sam,Canyon Overlook,11
1026,B01251,2026-02-12,Riley,Aspen Grove,1
1027,B01251,2026-02-09,Taylor,Wetlands,6
1028,B01251,2026-01-25,Quinn,Lake Edge,11
1029,B01251,2026-02-21,Taylor,Lake Edge,8
1030,B01251,2026-05-18,Morgan,Canyon Overlook,4
1031,B01251,2026-01-14,Morgan,Lake Edge,1
1032,B00669,2026-06-08,Jordan,Wetlands,1
1033,B00669,2026-02-15,Riley,Aspen Grove,6
1034,B00669,2026-05-29,Quinn,Cliff Basin,6
1035,B00669,2026-01-24,Taylor,Pine Lookout,6
1036,B00669,2026-03-30,Taylor,Rocky Pass,11
1037,B00669,2026-04-06,Riley,Cliff Basin,11
1038,B01436,2026-05-27,Riley,Pine Lookout,2
1039,B01436,2026-04-14,Casey,Wetlands,7
1040,B01436,2026-05-16,Sam,Wetlands,1
1041,B01436,2026-03-08,Sam,Aspen Grove,7
1042,B01436,2026-06-17,Taylor,Cliff Basin,10
1043,B01436,2026-01-17,Riley,Sunset Ridge,2
1044,B00624,2026-01-02,Sam,Aspen Grove,10
1045,B00624,2026-05-14,Casey,Rocky Pass,8
1046,B00624,2026-01-31,Quinn,Aspen Grove,11
1047,B00624,2026-06-20,Casey,Cliff Basin,9
1048,B00624,2026-03-09,Sam,Rocky Pass,10
1049,B00624,2026-05-05,Sam,Sunset Ridge,2
1050,B00624,2026-06-13,Morgan,Sunset Ridge,2
1051,B00675,2026-02-06,Jordan,Pine Lookout,11
1052,B00675,2026-03-18,Quinn,Canyon Overlook,10
1053,B00675,2026-02-01,Riley,Cliff Basin,2
1054,B00675,2026-04-10,Jordan,Rocky Pass,3
1055,B00675,2026-01-21,Morgan,Aspen Grove,5
1056,B00675,2026-06-13,Riley,Sunset Ridge,1
1057,B00765,2026-05-24,Riley,Wetlands,8
1058,B00765,2026-04-05,Riley,Lake Edge,6
1059,B00765,2026-05-19,Alex,Sunset Ridge,9
1060,B00765,2026-05-16,Sam,Canyon Overlook,1
1061,B00765,2026-03-11,Jordan,Pine Lookout,11
1062,B00765,2026-06-25,Sam,Rocky Pass,7
1063,B00765,2026-03-25,Sam,Sunset Ridge,2
1064,B00814,2026-01-28,Riley,Sunset Ridge,3
1065,B00814,2026-05-09,Alex,Canyon Overlook,7
1066,B00814,2026-06-16,Sam,Canyon Overlook,11
1067,B00814,2026-03-13,Alex,Pine Lookout,5
1068,B00814,2026-04-22,Alex,Pine Lookout,3
1069,B00814,2026-02-20,Alex,Sunset Ridge,2
1070,B00814,2026-06-04,Casey,Rocky Pass,7
1071,B00210,2026-01-13,Taylor,Pine Lookout,11
1072,B00210,2026-06-29,Alex,Rocky Pass,9
1073,B00210,2026-01-20,Casey,Aspen Grove,2
1074,B00210,2026-06-03,Sam,Sunset Ridge,4
1075,B00210,2026-03-04,Alex,Rocky Pass,8
1076,B00210,2026-06-06,Alex,Pine Lookout,2
1077,B01567,2026-01-24,Riley,Pine Lookout,1
1078,B01567,2026-04-20,Casey,Pine Lookout,8
1079,B01567,2026-04-19,Riley,Lake Edge,6
1080,B01567,2026-02-01,Casey,Rocky Pass,3
1081,B01041,2026-03-18,Alex,Canyon Overlook,11
1082,B01041,2026-06-26,Casey,Wetlands,1
1083,B01041,2026-05-28,Casey,Aspen Grove,6
1084,B01041,2026-05-09,Jordan,Lake Edge,11
1085,B01041,2026-02-17,Casey,Aspen Grove,1
1086,B01041,2026-06-08,Morgan,Aspen Grove,5
1087,B00491,2026-01-01,Sam,Canyon Overlook,11
1088,B00491,2026-03-24,Alex,Lake Edge,4
1089,B00491,2026-02-11,Casey,Lake Edge,11
1090,B00491,2026-04-04,Alex,Cliff Basin,6
1091,B00491,2026-06-02,Alex,Pine Lookout,2
1092,B00491,2026-01-24,Jordan,Canyon Overlook,8
1093,B00500,2026-02-16,Taylor,Lake Edge,10
1094,B00500,2026-02-22,Sam,Lake Edge,5
1095,B00500,2026-02-19,Taylor,Lake Edge,9
1096,B00500,2026-05-08,Sam,Sunset Ridge,2
1097,B00500,2026-03-01,Riley,Rocky Pass,3
1098,B00404,2026-05-01,Morgan,Canyon Overlook,8
1099,B00404,2026-04-25,Sam,Canyon Overlook,11
1100,B00404,2026-03-12,Jordan,Sunset Ridge,5
1101,B00404,2026-05-18,Sam,Pine Lookout,7
1102,B00404,2026-02-28,Riley,Wetlands,1
1103,B00404,2026-05-11,Jordan,Pine Lookout,4
1104,B00091,2026-01-27,Casey,Rocky Pass,6
1105,B00091,2026-01-02,Quinn,Canyon Overlook,1
1106,B00091,2026-03-03,Taylor,Rocky Pass,11
1107,B00091,2026-02-05,Riley,Aspen Grove,7
1108,B00091,2026-06-13,Riley,Sunset Ridge,5
1109,B00091,2026-05-01,Morgan,Aspen Grove,3
1110,B00091,2026-04-10,Quinn,Wetlands,8
1111,B00896,2026-01-05,Casey,Rocky Pass,8
1112,B00896,2026-06-26,Sam,Pine Lookout,9
1113,B00896,2026-06-21,Alex,Rocky Pass,2
1114,B00896,2026-03-07,Jordan,Rocky Pass,7
1115,B00896,2026-03-19,Morgan,Wetlands,1
1116,B00896,2026-03-04,Morgan,Lake Edge,2
1117,B01212,2026-04-04,Quinn,Cliff Basin,1
1118,B01212,2026-01-20,Casey,Aspen Grove,6
1119,B01212,2026-03-27,Jordan,Wetlands,6
1120,B01212,2026-02-03,Sam,Canyon Overlook,2
1121,B01212,2026-03-16,Morgan,Rocky Pass,5
1122,B01212,2026-01-08,Riley,Pine Lookout,4
1123,B01212,2026-05-17,Quinn,Pine Lookout,2
1124,B01296,2026-03-28,Casey,Canyon Overlook,8
1125,B01296,2026-05-13,Riley,Lake Edge,6
1126,B01296,2026-04-01,Riley,Aspen Grove,5
1127,B01296,2026-04-24,Quinn,Lake Edge,4
1128,B01296,2026-01-06,Casey,Pine Lookout,2
1129,B01296,2026-03-10,Casey,Wetlands,8
1130,B01296,2026-03-03,Alex,Sunset Ridge,6
1131,B00218,2026-02-25,Quinn,Aspen Grove,11
1132,B00218,2026-03-22,Morgan,Sunset Ridge,3
1133,B00218,2026-03-26,Riley,Canyon Overlook,2
1134,B00218,2026-02-10,Alex,Wetlands,5
1135,B00894,2026-04-11,Sam,Lake Edge,6
1136,B00894,2026-06-22,Alex,Canyon Overlook,11
1137,B00894,2026-03-29,Taylor,Cliff Basin,4
1138,B00894,2026-04-26,Casey,Lake Edge,5
1139,B00894,2026-05-28,Sam,Sunset Ridge,3
1140,B00894,2026-01-15,Sam,Aspen Grove,5
1141,B00894,2026-04-27,Jordan,Canyon Overlook,4
1142,B01304,2026-01-20,Sam,Rocky Pass,1
1143,B01304,2026-06-20,Riley,Rocky Pass,8
1144,B01304,2026-06-23,Riley,Canyon Overlook,10
1145,B01304,2026-04-11,Sam,Pine Lookout,2
1146,B01304,2026-06-10,Morgan,Aspen Grove,1
1147,B01304,2026-05-27,Sam,Pine Lookout,9
1148,B01304,2026-04-26,Riley,Pine Lookout,3
1149,B00242,2026-03-12,Sam,Rocky Pass,5
1150,B00242,2026-01-05,Alex,Aspen Grove,9
1151,B00242,2026-05-25,Taylor,Canyon Overlook,9
1152,B00242,2026-04-14,Riley,Aspen Grove,1
1153,B00242,2026-01-13,Quinn,Sunset Ridge,3
1154,B00242,2026-01-07,Casey,Sunset Ridge,6
1155,B01598,2026-06-21,Quinn,Cliff Basin,10
1156,B01598,2026-03-01,Quinn,Cliff Basin,11
1157,B01598,2026-02-17,Taylor,Lake Edge,2
1158,B01598,2026-03-08,Morgan,Canyon Overlook,9
1159,B01611,2026-03-18,Jordan,Rocky Pass,10
1160,B01611,2026-04-23,Alex,Pine Lookout,8
1161,B01611,2026-05-14,Riley,Sunset Ridge,1
1162,B01611,2026-05-27,Jordan,Pine Lookout,8
1163,B01611,2026-06-21,Morgan,Lake Edge,4
1164,B01611,2026-02-19,Morgan,Pine Lookout,11
1165,B01611,2026-02-06,Quinn,Lake Edge,2
1166,B00186,2026-01-02,Sam,Lake Edge,5
1167,B00186,2026-04-05,Taylor,Sunset Ridge,4
1168,B00186,2026-03-31,Alex,Wetlands,7
1169,B00186,2026-03-04,Jordan,Lake Edge,10
1170,B00186,2026-01-12,Morgan,Rocky Pass,7
1171,B00186,2026-05-08,Jordan,Aspen Grove,1
1172,B01100,2026-01-15,Riley,Sunset Ridge,9
1173,B01100,2026-03-21,Morgan,Aspen Grove,3
1174,B01100,2026-06-22,Riley,Wetlands,4
1175,B01100,2026-03-19,Riley,Lake Edge,7
1176,B01422,2026-01-17,Taylor,Cliff Basin,11
1177,B01422,2026-06-11,Riley,Rocky Pass,6
1178,B01422,2026-04-03,Riley,Rocky Pass,8
1179,B01422,2026-06-03,Quinn,Sunset Ridge,7
1180,B01422,2026-06-08,Quinn,Pine Lookout,9
1181,B01422,2026-06-26,Riley,Aspen Grove,9
1182,B00413,2026-02-28,Riley,Wetlands,4
1183,B00413,2026-03-04,Sam,Rocky Pass,11
1184,B00413,2026-03-30,Casey,Aspen Grove,2
1185,B00413,2026-06-05,Quinn,Sunset Ridge,10
1186,B00413,2026-03-17,Jordan,Rocky Pass,5
1187,B00414,2026-02-06,Jordan,Pine Lookout,4
1188,B00414,2026-01-22,Quinn,Canyon Overlook,8
1189,B00414,2026-03-10,Morgan,Canyon Overlook,8
1190,B00414,2026-04-10,Sam,Canyon Overlook,4
1191,B00766,2026-04-03,Riley,Sunset Ridge,7
1192,B00766,2026-02-21,Sam,Lake Edge,10
1193,B00766,2026-02-14,Casey,Canyon Overlook,2
1194,B00766,2026-05-27,Sam,Cliff Basin,11
1195,B00766,2026-06-03,Riley,Lake Edge,5
1196,B00766,2026-03-24,Sam,Wetlands,7
1197,B01540,2026-01-12,Casey,Sunset Ridge,10
1198,B01540,2026-02-04,Sam,Canyon Overlook,3
1199,B01540,2026-05-17,Alex,Pine Lookout,1
1200,B01540,2026-02-25,Casey,Lake Edge,3
1201,B01540,2026-01-24,Alex,Rocky Pass,7
1202,B01540,2026-04-17,Quinn,Pine Lookout,3
1203,B01540,2026-03-08,Riley,Rocky Pass,2
1204,B01558,2026-05-17,Quinn,Wetlands,6
1205,B01558,2026-03-16,Quinn,Lake Edge,2
1206,B01558,2026-01-04,Riley,Canyon Overlook,3
1207,B01558,2026-03-12,Alex,Cliff Basin,7
1208,B01369,2026-05-01,Alex,Canyon Overlook,2
1209,B01369,2026-05-05,Sam,Aspen Grove,2
1210,B01369,2026-01-21,Riley,Cliff Basin,2
1211,B01369,2026-03-02,Quinn,Aspen Grove,7
1212,B01369,2026-04-04,Riley,Canyon Overlook,2
1213,B01369,2026-04-20,Casey,Cliff Basin,6
1214,B01530,2026-04-01,Riley,Rocky Pass,11
1215,B01530,2026-01-22,Taylor,Sunset Ridge,9
1216,B01530,2026-03-10,Morgan,Sunset Ridge,3
1217,B01530,2026-04-23,Alex,Lake Edge,3
1218,B01530,2026-06-05,Taylor,Wetlands,6
1219,B01530,2026-02-26,Alex,Rocky Pass,5
1220,B00949,2026-01-20,Riley,Pine Lookout,8
1221,B00949,2026-03-29,Morgan,Wetlands,2
1222,B00949,2026-01-10,Taylor,Cliff Basin,3
1223,B00949,2026-06-14,Sam,Rocky Pass,4
1224,B00949,2026-02-20,Taylor,Rocky Pass,3
1225,B00949,2026-03-21,Alex,Wetlands,5
1226,B00949,2026-02-21,Morgan,Canyon Overlook,3
1227,B00317,2026-03-14,Casey,Pine Lookout,1
1228,B00317,2026-04-19,Alex,Cliff Basin,9
1229,B00317,2026-06-17,Jordan,Aspen Grove,6
1230,B00317,2026-06-04,Sam,Aspen Grove,4
1231,B00317,2026-05-24,Taylor,Sunset Ridge,2
1232,B00317,2026-05-19,Riley,Cliff Basin,10
1233,B00317,2026-05-09,Morgan,Rocky Pass,1
1234,B01532,2026-06-09,Taylor,Canyon Overlook,10
1235,B01532,2026-02-15,Casey,Lake Edge,4
1236,B01532,2026-03-24,Morgan,Pine Lookout,1
1237,B01532,2026-04-28,Taylor,Aspen Grove,3
1238,B01532,2026-01-03,Riley,Lake Edge,5
1239,B01532,2026-06-05,Sam,Wetlands,8
1240,B01532,2026-05-08,Quinn,Pine Lookout,4
1241,B01452,2026-06-14,Jordan,Pine Lookout,8
1242,B01452,2026-04-05,Casey,Cliff Basin,7
1243,B01452,2026-06-06,Morgan,Sunset Ridge,1
1244,B01452,2026-05-20,Sam,Sunset Ridge,2
1245,B01452,2026-04-12,Sam,Sunset Ridge,3
1246,B01563,2026-01-03,Sam,Canyon Overlook,4
1247,B01563,2026-04-24,Alex,Cliff Basin,3
1248,B01563,2026-03-25,Riley,Canyon Overlook,1
1249,B01563,2026-05-12,Quinn,Lake Edge,2
1250,B00062,2026-02-03,Alex,Canyon Overlook,4
1251,B00062,2026-02-24,Riley,Cliff Basin,4
1252,B00062,2026-06-26,Taylor,Sunset Ridge,1
1253,B00062,2026-02-18,Casey,Aspen Grove,6
1254,B00062,2026-01-26,Sam,Aspen Grove,2
1255,B01082,2026-05-13,Taylor,Canyon Overlook,1
1256,B01082,2026-02-18,Morgan,Cliff Basin,1
1257,B01082,2026-03-30,Alex,Wetlands,1
1258,B01082,2026-06-13,Taylor,Cliff Basin,4
1259,B01082,2026-04-13,Jordan,Sunset Ridge,4
1260,B01082,2026-06-10,Sam,Pine Lookout,10
1261,B01082,2026-01-07,Quinn,Pine Lookout,9
1262,B00142,2026-06-03,Quinn,Rocky Pass,3
1263,B00142,2026-03-09,Sam,Aspen Grove,6
1264,B00142,2026-01-25,Jordan,Pine Lookout,2
1265,B00142,2026-03-20,Casey,Cliff Basin,7
1266,B00286,2026-06-13,Quinn,Canyon Overlook,8
1267,B00286,2026-04-13,Alex,Wetlands,10
1268,B00286,2026-05-03,Taylor,Canyon Overlook,7
1269,B00286,2026-05-18,Jordan,Aspen Grove,3
1270,B00286,2026-05-08,Casey,Lake Edge,5
1271,B01538,2026-03-14,Jordan,Aspen Grove,9
1272,B01538,2026-06-27,Jordan,Wetlands,1
1273,B01538,2026-05-12,Alex,Cliff Basin,10
1274,B01538,2026-06-20,Morgan,Canyon Overlook,6
1275,B01538,2026-03-05,Taylor,Canyon Overlook,9
1276,B01538,2026-01-03,Taylor,Aspen Grove,5
1277,B01538,2026-05-28,Jordan,Sunset Ridge,11
1278,B00650,2026-02-13,Alex,Cliff Basin,3
1279,B00650,2026-06-09,Riley,Lake Edge,10
1280,B00650,2026-02-17,Taylor,Pine Lookout,2
1281,B00650,2026-05-18,Casey,Sunset Ridge,2
1282,B00650,2026-03-03,Sam,Wetlands,2
1283,B00650,2026-03-14,Jordan,Pine Lookout,6
1284,B00650,2026-05-15,Taylor,Aspen Grove,3
1285,B01690,2026-01-30,Sam,Sunset Ridge,11
1286,B01690,2026-01-20,Sam,Pine Lookout,3
1287,B01690,2026-06-27,Casey,Sunset Ridge,4
1288,B01690,2026-03-31,Jordan,Lake Edge,1
1289,B01690,2026-02-02,Alex,Aspen Grove,7
1290,B00193,2026-04-26,Sam,Aspen Grove,8
1291,B00193,2026-02-05,Taylor,Rocky Pass,7
1292,B00193,2026-06-11,Alex,Rocky Pass,10
1293,B00193,2026-06-27,Taylor,Wetlands,3
1294,B00466,2026-01-22,Morgan,Wetlands,3
1295,B00466,2026-06-14,Taylor,Canyon Overlook,9
1296,B00466,2026-02-28,Taylor,Pine Lookout,2
1297,B00466,2026-03-28,Alex,Pine Lookout,4
1298,B00466,2026-02-16,Alex,Cliff Basin,11
1299,B00466,2026-03-20,Sam,Canyon Overlook,9
1300,B00466,2026-05-06,Taylor,Wetlands,11
1301,B00480,2026-04-04,Casey,Sunset Ridge,3
1302,B00480,2026-03-30,Riley,Aspen Grove,4
1303,B00480,2026-02-21,Taylor,Cliff Basin,4
1304,B00480,2026-06-15,Sam,Sunset Ridge,10
1305,B00480,2026-04-28,Quinn,Canyon Overlook,8
1306,B00480,2026-04-03,Taylor,Sunset Ridge,9
1307,B00539,2026-05-31,Taylor,Rocky Pass,1
1308,B00539,2026-03-24,Sam,Canyon Overlook,5
1309,B00539,2026-01-02,Quinn,Cliff Basin,8
1310,B00539,2026-02-03,Alex,Pine Lookout,6
1311,B00539,2026-06-06,Casey,Rocky Pass,2
1312,B00539,2026-03-08,Quinn,Aspen Grove,7
1313,B00539,2026-01-14,Alex,Sunset Ridge,6
1314,B00593,2026-03-04,Casey,Aspen Grove,6
1315,B00593,2026-02-26,Casey,Aspen Grove,9
1316,B00593,2026-01-05,Alex,Lake Edge,10
1317,B00593,2026-06-19,Quinn,Sunset Ridge,5
1318,B00325,2026-03-28,Casey,Cliff Basin,3
1319,B00325,2026-03-03,Jordan,Wetlands,6
1320,B00325,2026-05-10,Quinn,Pine Lookout,2
1321,B00325,2026-02-19,Jordan,Aspen Grove,10
1322,B00325,2026-01-05,Riley,Aspen Grove,2
1323,B01370,2026-03-18,Quinn,Canyon Overlook,1
1324,B01370,2026-04-18,Taylor,Pine Lookout,7
1325,B01370,2026-04-14,Riley,Sunset Ridge,7
1326,B01370,2026-01-29,Taylor,Aspen Grove,10
1327,B01370,2026-04-04,Casey,Rocky Pass,4
1328,B01500,2026-03-11,Riley,Pine Lookout,5
1329,B01500,2026-03-12,Jordan,Pine Lookout,3
1330,B01500,2026-03-09,Jordan,Lake Edge,9
1331,B01500,2026-05-28,Alex,Wetlands,8
1332,B01500,2026-01-04,Morgan,Wetlands,6
1333,B01287,2026-03-23,Riley,Canyon Overlook,4
1334,B01287,2026-02-06,Casey,Lake Edge,4
1335,B01287,2026-04-20,Jordan,Pine Lookout,9
1336,B01287,2026-05-21,Alex,Cliff Basin,2
1337,B01287,2026-01-18,Jordan,Pine Lookout,5
1338,B01287,2026-06-25,Casey,Pine Lookout,6
1339,B01287,2026-05-29,Morgan,Aspen Grove,2
1340,B00969,2026-02-02,Alex,Canyon Overlook,9
1341,B00969,2026-03-19,Jordan,Cliff Basin,4
1342,B00969,2026-05-20,Riley,Cliff Basin,3
1343,B00969,2026-01-03,Quinn,Pine Lookout,3
1344,B00969,2026-01-06,Casey,Wetlands,11
1345,B00969,2026-02-18,Quinn,Rocky Pass,8
1346,B00155,2026-05-29,Riley,Pine Lookout,4
1347,B00155,2026-05-22,Alex,Wetlands,10
1348,B00155,2026-03-06,Riley,Cliff Basin,11
1349,B00155,2026-04-24,Alex,Wetlands,6
1350,B00155,2026-01-05,Riley,Sunset Ridge,5
1351,B01124,2026-02-05,Alex,Aspen Grove,7
1352,B01124,2026-04-01,Casey,Canyon Overlook,1
1353,B01124,2026-04-07,Casey,Rocky Pass,1
1354,B01124,2026-03-05,Casey,Pine Lookout,5
1355,B00233,2026-03-04,Taylor,Wetlands,2
1356,B00233,2026-06-01,Taylor,Lake Edge,7
1357,B00233,2026-05-06,Casey,Sunset Ridge,11
1358,B00233,2026-06-25,Sam,Pine Lookout,7
1359,B00233,2026-02-12,Quinn,Lake Edge,6
1360,B00233,2026-05-15,Riley,Canyon Overlook,8
1361,B00724,2026-03-28,Alex,Cliff Basin,8
1362,B00724,2026-06-09,Riley,Sunset Ridge,9
1363,B00724,2026-03-09,Morgan,Lake Edge,7
1364,B00724,2026-01-04,Jordan,Pine Lookout,4
1365,B00724,2026-05-30,Alex,Pine Lookout,8
1366,B00035,2026-02-03,Taylor,Cliff Basin,11
1367,B00035,2026-04-23,Jordan,Aspen Grove,6
1368,B00035,2026-05-17,Alex,Sunset Ridge,7
1369,B00035,2026-04-15,Jordan,Wetlands,9
1370,B00035,2026-02-04,Alex,Rocky Pass,10
1371,B00035,2026-03-11,Taylor,Wetlands,1
1372,B00405,2026-05-12,Sam,Canyon Overlook,1
1373,B00405,2026-04-14,Sam,Rocky Pass,4
1374,B00405,2026-04-21,Quinn,Cliff Basin,10
1375,B00405,2026-03-28,Taylor,Rocky Pass,6
1376,B00405,2026-02-16,Quinn,Pine Lookout,8
1377,B00405,2026-01-22,Sam,Canyon Overlook,3
1378,B01204,2026-03-17,Quinn,Sunset Ridge,5
1379,B01204,2026-05-18,Casey,Rocky Pass,6
1380,B01204,2026-04-17,Riley,Canyon Overlook,2
1381,B01204,2026-01-14,Alex,Canyon Overlook,9
1382,B01204,2026-01-15,Sam,Lake Edge,4
1383,B01204,2026-02-09,Casey,Lake Edge,3
1384,B01211,2026-06-13,Jordan,Aspen Grove,6
1385,B01211,2026-05-29,Jordan,Canyon Overlook,4
1386,B01211,2026-02-28,Casey,Rocky Pass,1
1387,B01211,2026-02-08,Riley,Rocky Pass,8
1388,B00220,2026-02-27,Casey,Cliff Basin,1
1389,B00220,2026-03-08,Quinn,Canyon Overlook,8
1390,B00220,2026-04-11,Taylor,Cliff Basin,2
1391,B00220,2026-03-20,Quinn,Pine Lookout,10
1392,B00220,2026-04-30,Taylor,Aspen Grove,5
1393,B00220,2026-04-02,Alex,Sunset Ridge,9
1394,B00247,2026-02-17,Jordan,Cliff Basin,1
1395,B00247,2026-05-08,Morgan,Lake Edge,3
1396,B00247,2026-05-24,Sam,Pine Lookout,2
1397,B00247,2026-06-17,Morgan,Cliff Basin,7
1398,B00247,2026-03-17,Alex,Sunset Ridge,7
1399,B00247,2026-06-06,Casey,Cliff Basin,5
1400,B00247,2026-05-06,Jordan,Sunset Ridge,6
1401,B00334,2026-05-02,Morgan,Cliff Basin,8
1402,B00334,2026-04-27,Jordan,Aspen Grove,9
1403,B00334,2026-01-13,Sam,Wetlands,7
1404,B00334,2026-02-26,Taylor,Aspen Grove,9
1405,B00334,2026-05-28,Alex,Rocky Pass,9
1406,B00334,2026-03-27,Quinn,Cliff Basin,4
1407,B00257,2026-04-26,Sam,Sunset Ridge,7
1408,B00257,2026-05-07,Riley,Aspen Grove,6
1409,B00257,2026-01-17,Casey,Canyon Overlook,3
1410,B00257,2026-02-20,Sam,Canyon Overlook,3
1411,B01506,2026-06-09,Jordan,Rocky Pass,8
1412,B01506,2026-05-07,Taylor,Pine Lookout,8
1413,B01506,2026-01-09,Alex,Cliff Basin,10
1414,B01506,2026-06-24,Casey,Rocky Pass,1
1415,B01506,2026-02-24,Morgan,Canyon Overlook,3
1416,B01506,2026-01-20,Taylor,Cliff Basin,6
1417,B00205,2026-04-06,Quinn,Rocky Pass,10
1418,B00205,2026-02-21,Quinn,Cliff Basin,7
1419,B00205,2026-06-21,Taylor,Cliff Basin,5
1420,B00205,2026-04-16,Alex,Cliff Basin,7
1421,B00205,2026-05-20,Riley,Rocky Pass,1
1422,B00205,2026-03-10,Riley,Canyon Overlook,4
1423,B01483,2026-06-11,Taylor,Pine Lookout,11
1424,B01483,2026-04-06,Casey,Lake Edge,6
1425,B01483,2026-02-22,Morgan,Lake Edge,6
1426,B01483,2026-06-29,Casey,Sunset Ridge,7
1427,B01483,2026-02-12,Taylor,Sunset Ridge,10
1428,B01483,2026-01-25,Jordan,Rocky Pass,3
1429,B01483,2026-03-06,Morgan,Cliff Basin,4
1430,B00066,2026-02-05,Quinn,Pine Lookout,11
1431,B00066,2026-01-05,Casey,Canyon Overlook,5
1432,B00066,2026-05-05,Morgan,Cliff Basin,4
1433,B00066,2026-05-24,Quinn,Rocky Pass,3
1434,B00066,2026-05-27,Casey,Sunset Ridge,1
1435,B00066,2026-06-05,Alex,Pine Lookout,7
1436,B01014,2026-01-23,Casey,Sunset Ridge,9
1437,B01014,2026-06-14,Sam,Sunset Ridge,10
1438,B01014,2026-01-13,Taylor,Wetlands,5
1439,B01014,2026-02-16,Quinn,Sunset Ridge,6
1440,B01214,2026-06-10,Riley,Sunset Ridge,9
1441,B01214,2026-04-18,Alex,Pine Lookout,3
1442,B01214,2026-04-03,Alex,Wetlands,6
1443,B01214,2026-03-11,Casey,Pine Lookout,11
1444,B01214,2026-01-16,Quinn,Wetlands,1
1445,B01214,2026-05-11,Riley,Rocky Pass,9
1446,B00363,2026-03-10,Alex,Pine Lookout,7
1447,B00363,2026-06-22,Casey,Cliff Basin,6
1448,B00363,2026-05-26,Quinn,Sunset Ridge,4
1449,B00363,2026-04-02,Quinn,Aspen Grove,7
1450,B00932,2026-02-18,Casey,Cliff Basin,10
1451,B00932,2026-04-03,Morgan,Pine Lookout,7
1452,B00932,2026-04-18,Sam,Canyon Overlook,3
1453,B00932,2026-02-07,Riley,Pine Lookout,6
1454,B00490,2026-04-22,Quinn,Lake Edge,11
1455,B00490,2026-03-30,Alex,Rocky Pass,1
1456,B00490,2026-02-02,Sam,Aspen Grove,1
1457,B00490,2026-01-19,Riley,Lake Edge,2
1458,B00608,2026-02-28,Sam,Wetlands,5
1459,B00608,2026-06-20,Quinn,Aspen Grove,1
1460,B00608,2026-06-28,Sam,Pine Lookout,5
1461,B00608,2026-03-16,Jordan,Sunset Ridge,10
1462,B00608,2026-06-18,Sam,Cliff Basin,7
1463,B00608,2026-01-28,Jordan,Aspen Grove,5
1464,B00608,2026-03-09,Sam,Sunset Ridge,1
1465,B00611,2026-01-12,Quinn,Rocky Pass,6
1466,B00611,2026-03-11,Quinn,Canyon Overlook,5
1467,B00611,2026-02-18,Alex,Rocky Pass,2
1468,B00611,2026-01-26,Taylor,Sunset Ridge,3
1469,B01222,2026-02-14,Riley,Pine Lookout,4
1470,B01222,2026-03-13,Quinn,Sunset Ridge,9
1471,B01222,2026-03-12,Jordan,Sunset Ridge,5
1472,B01222,2026-02-23,Morgan,Cliff Basin,3
1473,B01222,2026-05-23,Quinn,Rocky Pass,9
1474,B01222,2026-04-04,Morgan,Lake Edge,9
1475,B00217,2026-02-02,Taylor,Wetlands,6
1476,B00217,2026-02-18,Morgan,Aspen Grove,9
1477,B00217,2026-06-26,Quinn,Rocky Pass,1
1478,B00217,2026-01-21,Jordan,Wetlands,6
1479,B00187,2026-05-21,Morgan,Wetlands,10
1480,B00187,2026-03-01,Alex,Sunset Ridge,3
1481,B00187,2026-02-11,Jordan,Pine Lookout,11
1482,B00187,2026-01-14,Taylor,Cliff Basin,7
1483,B00187,2026-01-02,Sam,Canyon Overlook,5
1484,B00364,2026-06-20,Casey,Sunset Ridge,9
1485,B00364,2026-06-14,Casey,Cliff Basin,7
1486,B00364,2026-04-16,Riley,Aspen Grove,8
1487,B00364,2026-04-11,Quinn,Lake Edge,4
1488,B00600,2026-04-24,Quinn,Cliff Basin,4
1489,B00600,2026-03-12,Morgan,Aspen Grove,10
1490,B00600,2026-06-21,Morgan,Aspen Grove,4
1491,B00600,2026-05-14,Quinn,Aspen Grove,5
1492,B00600,2026-02-22,Taylor,Cliff Basin,2
1493,B00600,2026-01-02,Quinn,Aspen Grove,1
1494,B01387,2026-03-23,Sam,Wetlands,5
1495,B01387,2026-01-25,Jordan,Rocky Pass,3
1496,B01387,2026-04-11,Morgan,Aspen Grove,2
1497,B01387,2026-03-29,Morgan,Sunset Ridge,7
1498,B01387,2026-04-30,Taylor,Lake Edge,4
1499,B01171,2026-02-24,Alex,Cliff Basin,10
1500,B01171,2026-04-19,Casey,Cliff Basin,9
1501,B01171,2026-05-15,Sam,Rocky Pass,5
1502,B01171,2026-05-10,Morgan,Sunset Ridge,11
1503,B01171,2026-03-04,Riley,Lake Edge,2
1504,B00810,2026-03-04,Morgan,Pine Lookout,11
1505,B00810,2026-03-22,Alex,Aspen Grove,4
1506,B00810,2026-04-15,Taylor,Rocky Pass,3
1507,B00810,2026-06-25,Riley,Wetlands,6
1508,B00430,2026-03-31,Taylor,Sunset Ridge,4
1509,B00430,2026-04-09,Sam,Pine Lookout,4
1510,B00430,2026-02-16,Alex,Cliff Basin,11
1511,B00430,2026-02-01,Quinn,Cliff Basin,7
1512,B00283,2026-05-30,Alex,Pine Lookout,5
1513,B00283,2026-03-20,Quinn,Canyon Overlook,8
1514,B00283,2026-03-11,Jordan,Canyon Overlook,2
1515,B00283,2026-02-15,Casey,Rocky Pass,4
1516,B00283,2026-06-28,Casey,Aspen Grove,3
1517,B00962,2026-05-23,Jordan,Rocky Pass,9
1518,B00962,2026-03-29,Taylor,Pine Lookout,5
1519,B00962,2026-01-12,Jordan,Canyon Overlook,10
1520,B00962,2026-04-07,Alex,Wetlands,11
1521,B00962,2026-03-11,Quinn,Wetlands,11
1522,B00962,2026-02-25,Riley,Wetlands,6
1523,B01575,2026-01-08,Quinn,Sunset Ridge,11
1524,B01575,2026-03-05,Taylor,Cliff Basin,7
1525,B01575,2026-06-09,Casey,Sunset Ridge,10
1526,B01575,2026-02-01,Alex,Cliff Basin,8
1527,B00027,2026-02-15,Casey,Rocky Pass,8
1528,B00027,2026-02-04,Alex,Rocky Pass,1
1529,B00027,2026-02-08,Sam,Canyon Overlook,10
1530,B00027,2026-02-18,Sam,Sunset Ridge,11
1531,B00027,2026-05-05,Quinn,Canyon Overlook,2
1532,B00027,2026-06-12,Sam,Sunset Ridge,3
1533,B00027,2026-02-03,Taylor,Canyon Overlook,9
1534,B01686,2026-04-13,Casey,Pine Lookout,4
1535,B01686,2026-03-06,Riley,Rocky Pass,8
1536,B01686,2026-04-23,Morgan,Pine Lookout,6
1537,B01686,2026-05-18,Taylor,Cliff Basin,2
1538,B01686,2026-06-19,Quinn,Pine Lookout,3
1539,B01686,2026-04-05,Morgan,Sunset Ridge,11
1540,B00354,2026-04-18,Alex,Canyon Overlook,5
1541,B00354,2026-02-22,Riley,Cliff Basin,10
1542,B00354,2026-04-05,Taylor,Canyon Overlook,1
1543,B00354,2026-06-03,Morgan,Cliff Basin,6
1544,B00354,2026-04-02,Morgan,Cliff Basin,7
1545,B00354,2026-04-01,Sam,Pine Lookout,9
1546,B01186,2026-02-27,Morgan,Wetlands,11
1547,B01186,2026-01-27,Jordan,Pine Lookout,10
1548,B01186,2026-01-10,Sam,Sunset Ridge,8
1549,B01186,2026-04-24,Sam,Sunset Ridge,1
1550,B01186,2026-02-28,Riley,Canyon Overlook,8
1551,B01186,2026-06-21,Casey,Wetlands,6
1552,B01338,2026-05-07,Quinn,Canyon Overlook,9
1553,B01338,2026-01-16,Quinn,Pine Lookout,4
1554,B01338,2026-01-09,Casey,Sunset Ridge,3
1555,B01338,2026-06-29,Sam,Canyon Overlook,3
1556,B01338,2026-01-29,Jordan,Lake Edge,10
1557,B01338,2026-05-10,Morgan,Lake Edge,6
1558,B00264,2026-04-24,Riley,Sunset Ridge,8
1559,B00264,2026-04-20,Alex,Cliff Basin,11
1560,B00264,2026-01-15,Riley,Canyon Overlook,6
1561,B00264,2026-06-23,Morgan,Aspen Grove,1
1562,B00264,2026-01-06,Alex,Sunset Ridge,9
1563,B00264,2026-05-03,Morgan,Lake Edge,2
1564,B00869,2026-02-20,Jordan,Wetlands,2
1565,B00869,2026-02-10,Morgan,Sunset Ridge,1
1566,B00869,2026-03-10,Quinn,Pine Lookout,6
1567,B00869,2026-01-23,Taylor,Canyon Overlook,3
1568,B00869,2026-04-10,Alex,Rocky Pass,1
1569,B00448,2026-05-12,Riley,Aspen Grove,2
1570,B00448,2026-05-27,Jordan,Rocky Pass,5
1571,B00448,2026-03-11,Casey,Lake Edge,1
1572,B00448,2026-06-21,Quinn,Aspen Grove,4
1573,B00448,2026-06-15,Jordan,Rocky Pass,7
1574,B00244,2026-06-24,Quinn,Lake Edge,7
1575,B00244,2026-06-09,Riley,Canyon Overlook,7
1576,B00244,2026-04-25,Quinn,Lake Edge,1
1577,B00244,2026-06-13,Jordan,Canyon Overlook,8
1578,B00244,2026-02-05,Casey,Pine Lookout,4
1579,B00419,2026-01-24,Taylor,Wetlands,2
1580,B00419,2026-02-16,Riley,Cliff Basin,5
1581,B00419,2026-04-10,Morgan,Rocky Pass,3
1582,B00419,2026-01-15,Sam,Pine Lookout,4
1583,B00419,2026-02-26,Jordan,Rocky Pass,7
1584,B00419,2026-03-25,Riley,Rocky Pass,9
1585,B01653,2026-03-16,Riley,Cliff Basin,10
1586,B01653,2026-03-05,Quinn,Aspen Grove,4
1587,B01653,2026-05-26,Alex,Sunset Ridge,10
1588,B01653,2026-01-27,Casey,Pine Lookout,10
1589,B01653,2026-02-02,Jordan,Wetlands,8
1590,B01653,2026-06-06,Sam,Pine Lookout,1
1591,B00872,2026-03-16,Casey,Pine Lookout,3
1592,B00872,2026-04-08,Morgan,Aspen Grove,7
1593,B00872,2026-06-16,Morgan,Lake Edge,6
1594,B00872,2026-03-06,Alex,Aspen Grove,3
1595,B00872,2026-03-14,Quinn,Canyon Overlook,3
1596,B00872,2026-06-25,Alex,Lake Edge,3
1597,B00872,2026-03-04,Sam,Rocky Pass,10
1598,B01375,2026-03-22,Jordan,Lake Edge,4
1599,B01375,2026-06-16,Taylor,Wetlands,3
1600,B01375,2026-02-27,Casey,Sunset Ridge,1
1601,B01375,2026-04-26,Alex,Cliff Basin,9
1602,B01375,2026-03-11,Casey,Cliff Basin,7
1603,B01375,2026-06-07,Casey,Lake Edge,9
1604,B01375,2026-04-19,Morgan,Canyon Overlook,9
1605,B01647,2026-04-28,Taylor,Aspen Grove,3
1606,B01647,2026-01-29,Alex,Lake Edge,2
1607,B01647,2026-04-21,Casey,Lake Edge,2
1608,B01647,2026-01-17,Jordan,Rocky Pass,6
1609,B01647,2026-04-16,Sam,Rocky Pass,6
1610,B01647,2026-03-09,Sam,Rocky Pass,11
1611,B01687,2026-01-29,Taylor,Lake Edge,10
1612,B01687,2026-02-24,Alex,Aspen Grove,5
1613,B01687,2026-06-27,Quinn,Pine Lookout,6
1614,B01687,2026-06-17,Jordan,Pine Lookout,3
1615,B01687,2026-04-17,Riley,Cliff Basin,5
1616,B01687,2026-06-16,Quinn,Rocky Pass,10
1617,B01188,2026-01-28,Jordan,Aspen Grove,6
1618,B01188,2026-05-05,Sam,Rocky Pass,4
1619,B01188,2026-04-28,Jordan,Aspen Grove,2
1620,B01188,2026-01-09,Casey,Rocky Pass,11
1621,B01188,2026-05-09,Jordan,Wetlands,6
1622,B01188,2026-05-07,Taylor,Wetlands,9
1623,B01188,2026-05-12,Morgan,Pine Lookout,4
1624,B00811,2026-03-26,Alex,Rocky Pass,3
1625,B00811,2026-04-06,Alex,Lake Edge,11
1626,B00811,2026-01-07,Morgan,Canyon Overlook,7
1627,B00811,2026-01-31,Jordan,Lake Edge,11
1628,B00811,2026-05-13,Morgan,Canyon Overlook,4
1629,B00811,2026-04-12,Morgan,Aspen Grove,5
1630,B00697,2026-01-08,Quinn,Wetlands,6
1631,B00697,2026-03-20,Jordan,Cliff Basin,1
1632,B00697,2026-03-27,Casey,Lake Edge,9
1633,B00697,2026-03-21,Riley,Canyon Overlook,1
1634,B00697,2026-04-03,Morgan,Aspen Grove,3
1635,B01385,2026-06-27,Alex,Cliff Basin,8
1636,B01385,2026-01-29,Taylor,Cliff Basin,4
1637,B01385,2026-01-04,Taylor,Wetlands,6
1638,B01385,2026-06-20,Taylor,Aspen Grove,1
1639,B01385,2026-03-24,Alex,Wetlands,7
1640,B01385,2026-02-03,Taylor,Wetlands,3
1641,B01385,2026-01-23,Jordan,Aspen Grove,11
1642,B00768,2026-03-06,Casey,Rocky Pass,6
1643,B00768,2026-06-02,Jordan,Pine Lookout,8
1644,B00768,2026-05-10,Taylor,Aspen Grove,8
1645,B00768,2026-04-22,Morgan,Wetlands,1
1646,B00768,2026-06-21,Morgan,Aspen Grove,8
1647,B00768,2026-05-01,Quinn,Canyon Overlook,7
1648,B00672,2026-03-05,Sam,Canyon Overlook,3
1649,B00672,2026-04-07,Alex,Lake Edge,7
1650,B00672,2026-01-11,Morgan,Rocky Pass,9
1651,B00672,2026-06-06,Taylor,Aspen Grove,10
1652,B01184,2026-01-16,Alex,Canyon Overlook,4
1653,B01184,2026-05-18,Taylor,Cliff Basin,7
1654,B01184,2026-01-20,Casey,Canyon Overlook,10
1655,B01184,2026-05-04,Alex,Lake Edge,3
1656,B00353,2026-02-08,Casey,Cliff Basin,4
1657,B00353,2026-03-23,Riley,Wetlands,3
1658,B00353,2026-04-26,Alex,Canyon Overlook,2
1659,B00353,2026-06-17,Taylor,Pine Lookout,4
1660,B00353,2026-03-10,Quinn,Wetlands,8
1661,B01216,2026-02-09,Casey,Sunset Ridge,3
1662,B01216,2026-05-03,Quinn,Cliff Basin,11
1663,B01216,2026-04-24,Alex,Canyon Overlook,2
1664,B01216,2026-04-22,Alex,Pine Lookout,5
1665,B01216,2026-02-22,Alex,Canyon Overlook,11
1666,B01216,2026-06-07,Quinn,Cliff Basin,1
1667,B01476,2026-06-10,Sam,Canyon Overlook,1
1668,B01476,2026-06-24,Alex,Cliff Basin,11
1669,B01476,2026-01-24,Casey,Cliff Basin,8
1670,B01476,2026-01-21,Alex,Rocky Pass,1
1671,B01476,2026-04-21,Morgan,Canyon Overlook,2
1672,B01476,2026-03-13,Jordan,Rocky Pass,10
1673,B00774,2026-03-14,Taylor,Wetlands,4
1674,B00774,2026-06-23,Riley,Pine Lookout,5
1675,B00774,2026-06-08,Casey,Cliff Basin,11
1676,B00774,2026-04-10,Morgan,Pine Lookout,9
1677,B00774,2026-01-29,Sam,Wetlands,11
1678,B00774,2026-05-20,Quinn,Rocky Pass,4
1679,B00993,2026-03-13,Riley,Wetlands,5
1680,B00993,2026-04-01,Quinn,Pine Lookout,11
1681,B00993,2026-04-18,Taylor,Sunset Ridge,2
1682,B00993,2026-06-27,Alex,Aspen Grove,4
1683,B00993,2026-05-04,Morgan,Cliff Basin,5
1684,B00993,2026-01-07,Morgan,Pine Lookout,9
1685,B00327,2026-04-29,Jordan,Canyon Overlook,6
1686,B00327,2026-02-19,Taylor,Lake Edge,8
1687,B00327,2026-03-16,Quinn,Sunset Ridge,7
1688,B00327,2026-03-10,Jordan,Canyon Overlook,9
1689,B00512,2026-01-25,Casey,Cliff Basin,11
1690,B00512,2026-03-17,Alex,Aspen Grove,10
1691,B00512,2026-06-26,Riley,Wetlands,7
1692,B00512,2026-01-19,Taylor,Cliff Basin,10
1693,B00512,2026-04-30,Taylor,Wetlands,4
1694,B01585,2026-05-06,Casey,Aspen Grove,5
1695,B01585,2026-01-01,Alex,Pine Lookout,8
1696,B01585,2026-05-05,Quinn,Pine Lookout,4
1697,B01585,2026-03-31,Casey,Rocky Pass,9
1698,B00313,2026-01-15,Morgan,Sunset Ridge,3
1699,B00313,2026-03-03,Riley,Wetlands,11
1700,B00313,2026-03-25,Alex,Aspen Grove,3
1701,B00313,2026-01-12,Sam,Sunset Ridge,3
1702,B00313,2026-02-14,Morgan,Cliff Basin,9
1703,B00313,2026-03-11,Sam,Lake Edge,5
1704,B01172,2026-01-30,Riley,Sunset Ridge,9
1705,B01172,2026-06-26,Riley,Canyon Overlook,5
1706,B01172,2026-05-17,Taylor,Rocky Pass,6
1707,B01172,2026-03-16,Casey,Cliff Basin,3
1708,B01172,2026-04-28,Sam,Sunset Ridge,11
1709,B01172,2026-06-11,Casey,Aspen Grove,4
1710,B00676,2026-06-28,Quinn,Aspen Grove,11
1711,B00676,2026-04-04,Taylor,Rocky Pass,7
1712,B00676,2026-02-17,Riley,Wetlands,10
1713,B00676,2026-01-10,Morgan,Pine Lookout,8
1714,B00676,2026-04-11,Morgan,Rocky Pass,6
1715,B00110,2026-04-28,Casey,Aspen Grove,11
1716,B00110,2026-03-08,Sam,Aspen Grove,3
1717,B00110,2026-03-14,Jordan,Wetlands,4
1718,B00110,2026-06-29,Jordan,Rocky Pass,10
1719,B00110,2026-04-29,Sam,Pine Lookout,3
1720,B01595,2026-06-27,Casey,Lake Edge,2
1721,B01595,2026-01-08,Taylor,Aspen Grove,7
1722,B01595,2026-01-29,Jordan,Canyon Overlook,8
1723,B01595,2026-06-17,Alex,Aspen Grove,5
1724,B01595,2026-04-05,Morgan,Rocky Pass,5
1725,B01595,2026-04-10,Jordan,Lake Edge,3
1726,B01515,2026-01-09,Riley,Aspen Grove,3
1727,B01515,2026-05-14,Casey,Sunset Ridge,3
1728,B01515,2026-01-05,Alex,Wetlands,5
1729,B01515,2026-04-07,Morgan,Sunset Ridge,11
1730,B01515,2026-02-10,Riley,Cliff Basin,2
1731,B01034,2026-06-13,Sam,Canyon Overlook,7
1732,B01034,2026-02-16,Sam,Pine Lookout,10
1733,B01034,2026-01-28,Casey,Aspen Grove,7
1734,B01034,2026-04-17,Taylor,Pine Lookout,5
1735,B01034,2026-03-07,Jordan,Pine Lookout,1
1736,B01320,2026-03-31,Morgan,Rocky Pass,7
1737,B01320,2026-04-06,Alex,Wetlands,10
1738,B01320,2026-03-23,Taylor,Pine Lookout,4
1739,B01320,2026-05-20,Casey,Sunset Ridge,5
1740,B01320,2026-04-17,Morgan,Sunset Ridge,3
1741,B01654,2026-06-01,Casey,Pine Lookout,6
1742,B01654,2026-06-15,Alex,Canyon Overlook,4
1743,B01654,2026-06-09,Riley,Wetlands,10
1744,B01654,2026-04-15,Jordan,Rocky Pass,11
1745,B00519,2026-04-30,Jordan,Cliff Basin,11
1746,B00519,2026-03-27,Taylor,Aspen Grove,1
1747,B00519,2026-02-22,Sam,Pine Lookout,9
1748,B00519,2026-02-19,Alex,Rocky Pass,11
1749,B00519,2026-04-24,Jordan,Rocky Pass,10
1750,B00519,2026-02-14,Riley,Aspen Grove,3
1751,B01207,2026-04-28,Riley,Wetlands,11
1752,B01207,2026-02-05,Sam,Canyon Overlook,5
1753,B01207,2026-05-08,Morgan,Cliff Basin,5
1754,B01207,2026-04-05,Taylor,Cliff Basin,10
1755,B01207,2026-06-03,Taylor,Wetlands,11
1756,B01403,2026-01-04,Riley,Sunset Ridge,7
1757,B01403,2026-05-07,Sam,Rocky Pass,1
1758,B01403,2026-03-06,Sam,Cliff Basin,10
1759,B01403,2026-04-01,Alex,Aspen Grove,2
1760,B00829,2026-05-24,Sam,Rocky Pass,8
1761,B00829,2026-06-20,Casey,Sunset Ridge,8
1762,B00829,2026-06-08,Jordan,Canyon Overlook,11
1763,B00829,2026-04-25,Quinn,Pine Lookout,9
1764,B00829,2026-02-04,Sam,Sunset Ridge,7
1765,B00825,2026-04-10,Jordan,Cliff Basin,8
1766,B00825,2026-05-24,Riley,Rocky Pass,8
1767,B00825,2026-04-09,Casey,Wetlands,11
1768,B00825,2026-02-14,Jordan,Aspen Grove,3
1769,B00825,2026-05-03,Casey,Cliff Basin,7
1770,B00825,2026-04-17,Sam,Cliff Basin,9
1771,B00268,2026-02-03,Jordan,Pine Lookout,5
1772,B00268,2026-05-24,Taylor,Canyon Overlook,7
1773,B00268,2026-03-13,Riley,Canyon Overlook,3
1774,B00268,2026-04-14,Jordan,Canyon Overlook,8
1775,B00268,2026-01-26,Jordan,Rocky Pass,4
1776,B00967,2026-05-09,Alex,Pine Lookout,4
1777,B00967,2026-03-13,Alex,Wetlands,11
1778,B00967,2026-02-18,Jordan,Aspen Grove,3
1779,B00967,2026-06-05,Alex,Rocky Pass,3
1780,B00967,2026-06-12,Casey,Rocky Pass,10
1781,B00875,2026-04-13,Jordan,Lake Edge,4
1782,B00875,2026-01-08,Sam,Rocky Pass,10
1783,B00875,2026-03-28,Alex,Rocky Pass,9
1784,B00875,2026-06-12,Casey,Sunset Ridge,1
1785,B00151,2026-05-14,Morgan,Wetlands,8
1786,B00151,2026-01-17,Taylor,Sunset Ridge,1
1787,B00151,2026-05-15,Quinn,Pine Lookout,11
1788,B00151,2026-01-23,Jordan,Sunset Ridge,1
1789,B00151,2026-06-07,Riley,Wetlands,11
1790,B00151,2026-03-30,Alex,Pine Lookout,8
1791,B00020,2026-01-07,Riley,Pine Lookout,2
1792,B00020,2026-06-23,Jordan,Rocky Pass,8
1793,B00020,2026-05-18,Alex,Pine Lookout,8
1794,B00020,2026-04-06,Jordan,Sunset Ridge,4
1795,B00826,2026-04-29,Riley,Pine Lookout,8
1796,B00826,2026-03-26,Sam,Cliff Basin,5
1797,B00826,2026-02-17,Morgan,Rocky Pass,6
1798,B00826,2026-05-06,Casey,Lake Edge,1
1799,B00826,2026-02-08,Morgan,Cliff Basin,10
1800,B00456,2026-03-05,Quinn,Canyon Overlook,3
1801,B00456,2026-05-06,Riley,Wetlands,11
1802,B00456,2026-04-22,Morgan,Pine Lookout,6
1803,B00456,2026-06-26,Sam,Canyon Overlook,11
1804,B00456,2026-05-24,Quinn,Lake Edge,2
1805,B01536,2026-06-04,Morgan,Cliff Basin,4
1806,B01536,2026-03-13,Riley,Wetlands,8
1807,B01536,2026-03-18,Taylor,Aspen Grove,10
1808,B01536,2026-06-11,Morgan,Cliff Basin,7
1809,B01536,2026-06-13,Alex,Sunset Ridge,1
1810,B01536,2026-05-21,Sam,Canyon Overlook,3
1811,B01112,2026-05-23,Morgan,Lake Edge,3
1812,B01112,2026-05-05,Casey,Pine Lookout,4
1813,B01112,2026-06-27,Sam,Lake Edge,9
1814,B01112,2026-01-01,Sam,Pine Lookout,3
1815,B01112,2026-03-19,Alex,Wetlands,11
1816,B01112,2026-02-08,Sam,Rocky Pass,4
1817,B00747,2026-02-07,Taylor,Cliff Basin,1
1818,B00747,2026-06-29,Riley,Cliff Basin,4
1819,B00747,2026-05-02,Riley,Cliff Basin,11
1820,B00747,2026-04-02,Taylor,Rocky Pass,7
1821,B00841,2026-04-18,Riley,Canyon Overlook,5
1822,B00841,2026-06-06,Alex,Canyon Overlook,11
1823,B00841,2026-01-07,Taylor,Lake Edge,4
1824,B00841,2026-01-11,Jordan,Canyon Overlook,8
1825,B00841,2026-05-31,Quinn,Rocky Pass,6
1826,B00552,2026-01-26,Alex,Aspen Grove,1
1827,B00552,2026-05-25,Riley,Rocky Pass,3
1828,B00552,2026-04-02,Sam,Aspen Grove,6
1829,B00552,2026-05-02,Taylor,Pine Lookout,3
1830,B01312,2026-05-29,Quinn,Aspen Grove,11
1831,B01312,2026-04-29,Riley,Cliff Basin,7
1832,B01312,2026-06-07,Morgan,Sunset Ridge,3
1833,B01312,2026-04-01,Morgan,Cliff Basin,8
1834,B01312,2026-06-21,Quinn,Sunset Ridge,8
1835,B01312,2026-05-24,Riley,Sunset Ridge,3
1836,B01312,2026-03-16,Casey,Sunset Ridge,11
1837,B00189,2026-06-03,Riley,Aspen Grove,3
1838,B00189,2026-01-10,Sam,Rocky Pass,11
1839,B00189,2026-04-04,Quinn,Wetlands,1
1840,B00189,2026-03-01,Quinn,Cliff Basin,4
1841,B00189,2026-01-17,Riley,Pine Lookout,9
1842,B00523,2026-06-29,Taylor,Pine Lookout,8
1843,B00523,2026-04-07,Alex,Canyon Overlook,3
1844,B00523,2026-02-08,Alex,Wetlands,3
1845,B00523,2026-05-03,Casey,Sunset Ridge,2
1846,B00523,2026-03-14,Taylor,Canyon Overlook,4
1847,B00523,2026-01-04,Casey,Rocky Pass,8
1848,B00523,2026-05-26,Sam,Wetlands,3
1849,B00336,2026-02-14,Quinn,Rocky Pass,4
1850,B00336,2026-06-16,Quinn,Sunset Ridge,7
1851,B00336,2026-03-15,Alex,Wetlands,8
1852,B00336,2026-01-18,Jordan,Lake Edge,7
1853,B00336,2026-03-20,Morgan,Canyon Overlook,6
1854,B00476,2026-03-19,Alex,Lake Edge,10
1855,B00476,2026-05-19,Casey,Lake Edge,1
1856,B00476,2026-06-04,Riley,Wetlands,10
1857,B00476,2026-05-05,Quinn,Aspen Grove,5
1858,B01317,2026-06-25,Morgan,Cliff Basin,10
1859,B01317,2026-05-16,Morgan,Rocky Pass,9
1860,B01317,2026-02-06,Quinn,Pine Lookout,7
1861,B01317,2026-02-11,Alex,Wetlands,5
1862,B01317,2026-02-23,Jordan,Cliff Basin,8
1863,B01317,2026-04-30,Casey,Cliff Basin,2
1864,B01317,2026-05-07,Taylor,Lake Edge,3
1865,B01200,2026-05-16,Alex,Lake Edge,5
1866,B01200,2026-04-07,Riley,Sunset Ridge,2
1867,B01200,2026-04-22,Jordan,Cliff Basin,1
1868,B01200,2026-03-21,Riley,Lake Edge,6
1869,B00796,2026-05-22,Taylor,Cliff Basin,7
1870,B00796,2026-03-21,Sam,Rocky Pass,7
1871,B00796,2026-03-06,Jordan,Pine Lookout,8
1872,B00796,2026-03-29,Casey,Sunset Ridge,2
1873,B00796,2026-06-25,Casey,Sunset Ridge,10
1874,B00796,2026-02-09,Quinn,Lake Edge,2
1875,B00796,2026-01-18,Casey,Aspen Grove,3
1876,B01671,2026-05-13,Quinn,Aspen Grove,1
1877,B01671,2026-03-02,Alex,Sunset Ridge,5
1878,B01671,2026-01-12,Alex,Sunset Ridge,6
1879,B01671,2026-01-26,Jordan,Aspen Grove,3
1880,B00884,2026-05-10,Jordan,Cliff Basin,10
1881,B00884,2026-03-22,Sam,Wetlands,4
1882,B00884,2026-05-18,Casey,Wetlands,4
1883,B00884,2026-01-07,Taylor,Canyon Overlook,10
1884,B00884,2026-02-01,Quinn,Lake Edge,9
1885,B00884,2026-02-04,Quinn,Lake Edge,9
1886,B00884,2026-05-15,Quinn,Lake Edge,7
1887,B01581,2026-02-11,Quinn,Cliff Basin,1
1888,B01581,2026-02-28,Jordan,Aspen Grove,5
1889,B01581,2026-03-08,Morgan,Rocky Pass,3
1890,B01581,2026-03-11,Casey,Cliff Basin,5
1891,B01581,2026-05-10,Quinn,Rocky Pass,11
1892,B01581,2026-03-01,Quinn,Pine Lookout,9
1893,B01581,2026-03-09,Sam,Sunset Ridge,9
1894,B00051,2026-04-10,Jordan,Lake Edge,4
1895,B00051,2026-01-15,Jordan,Canyon Overlook,4
1896,B00051,2026-02-23,Jordan,Rocky Pass,4
1897,B00051,2026-03-16,Morgan,Wetlands,8
1898,B00051,2026-01-12,Casey,Cliff Basin,3
1899,B01556,2026-02-05,Sam,Wetlands,4
1900,B01556,2026-01-17,Quinn,Canyon Overlook,10
1901,B01556,2026-04-03,Taylor,Lake Edge,9
1902,B01556,2026-05-26,Sam,Canyon Overlook,4
1903,B01556,2026-04-18,Taylor,Aspen Grove,7
1904,B01556,2026-06-08,Casey,Lake Edge,3
1905,B01556,2026-01-25,Jordan,Lake Edge,11
1906,B01241,2026-04-29,Riley,Sunset Ridge,11
1907,B01241,2026-05-21,Taylor,Rocky Pass,3
1908,B01241,2026-03-13,Casey,Lake Edge,6
1909,B01241,2026-05-04,Sam,Pine Lookout,11
1910,B01241,2026-04-10,Quinn,Rocky Pass,7
1911,B00946,2026-02-20,Quinn,Sunset Ridge,10
1912,B00946,2026-04-12,Casey,Lake Edge,1
1913,B00946,2026-04-07,Casey,Aspen Grove,2
1914,B00946,2026-05-14,Quinn,Cliff Basin,5
1915,B01458,2026-03-29,Taylor,Cliff Basin,10
1916,B01458,2026-04-21,Quinn,Lake Edge,6
1917,B01458,2026-03-14,Taylor,Wetlands,9
1918,B01458,2026-03-16,Sam,Aspen Grove,5
1919,B01458,2026-02-04,Quinn,Lake Edge,4
1920,B01458,2026-05-24,Alex,Lake Edge,11
1921,B00660,2026-02-15,Jordan,Cliff Basin,8
1922,B00660,2026-02-23,Riley,Lake Edge,11
1923,B00660,2026-03-08,Morgan,Rocky Pass,10
1924,B00660,2026-05-03,Casey,Lake Edge,3
1925,B00660,2026-06-10,Alex,Pine Lookout,9
1926,B00660,2026-04-15,Morgan,Lake Edge,7
1927,B00660,2026-06-27,Alex,Aspen Grove,9
1928,B00926,2026-06-16,Taylor,Lake Edge,2
1929,B00926,2026-05-19,Alex,Cliff Basin,5
1930,B00926,2026-06-15,Taylor,Lake Edge,3
1931,B00926,2026-03-02,Casey,Lake Edge,7
1932,B00926,2026-02-28,Quinn,Canyon Overlook,7
1933,B00926,2026-02-24,Quinn,Cliff Basin,1
1934,B00926,2026-01-20,Alex,Cliff Basin,11
1935,B01074,2026-04-29,Sam,Cliff Basin,4
1936,B01074,2026-04-12,Jordan,Pine Lookout,11
1937,B01074,2026-05-15,Jordan,Lake Edge,6
1938,B01074,2026-04-02,Sam,Sunset Ridge,1
1939,B01074,2026-03-09,Riley,Aspen Grove,1
1940,B00674,2026-04-02,Morgan,Pine Lookout,8
1941,B00674,2026-03-12,Morgan,Lake Edge,6
1942,B00674,2026-01-24,Morgan,Wetlands,3
1943,B00674,2026-01-25,Taylor,Sunset Ridge,1
1944,B00333,2026-03-30,Quinn,Wetlands,11
1945,B00333,2026-05-29,Quinn,Lake Edge,8
1946,B00333,2026-03-06,Taylor,Sunset Ridge,4
1947,B00333,2026-01-15,Morgan,Aspen Grove,5
1948,B00333,2026-05-15,Sam,Canyon Overlook,11
1949,B00333,2026-01-08,Taylor,Rocky Pass,10
1950,B01641,2026-04-27,Jordan,Wetlands,6
1951,B01641,2026-03-07,Alex,Wetlands,5
1952,B01641,2026-05-31,Riley,Pine Lookout,6
1953,B01641,2026-06-03,Casey,Pine Lookout,7
1954,B01641,2026-03-17,Sam,Lake Edge,5
1955,B01096,2026-06-11,Alex,Aspen Grove,9
1956,B01096,2026-01-12,Alex,Aspen Grove,8
1957,B01096,2026-05-12,Morgan,Aspen Grove,10
1958,B01096,2026-03-04,Taylor,Pine Lookout,4
1959,B01096,2026-02-14,Quinn,Pine Lookout,2
1960,B01451,2026-06-24,Morgan,Sunset Ridge,2
1961,B01451,2026-03-12,Riley,Rocky Pass,5
1962,B01451,2026-06-19,Taylor,Rocky Pass,5
1963,B01451,2026-01-27,Alex,Cliff Basin,10
1964,B01451,2026-05-05,Quinn,Canyon Overlook,4
1965,B00320,2026-01-06,Alex,Sunset Ridge,9
1966,B00320,2026-06-26,Jordan,Sunset Ridge,5
1967,B00320,2026-01-31,Quinn,Pine Lookout,1
1968,B00320,2026-02-06,Casey,Cliff Basin,1
1969,B00320,2026-02-24,Morgan,Cliff Basin,6
1970,B00857,2026-05-04,Taylor,Cliff Basin,1
1971,B00857,2026-04-28,Taylor,Wetlands,2
1972,B00857,2026-05-12,Sam,Canyon Overlook,8
1973,B00857,2026-02-07,Jordan,Sunset Ridge,5
1974,B00857,2026-05-31,Alex,Pine Lookout,5
1975,B00857,2026-01-03,Riley,Rocky Pass,6
1976,B00857,2026-04-12,Sam,Lake Edge,7
1977,B01145,2026-04-09,Taylor,Lake Edge,3
1978,B01145,2026-05-30,Alex,Pine Lookout,1
1979,B01145,2026-04-29,Taylor,Cliff Basin,5
1980,B01145,2026-03-05,Quinn,Rocky Pass,9
1981,B01145,2026-06-13,Taylor,Lake Edge,6
1982,B00762,2026-01-21,Sam,Rocky Pass,10
1983,B00762,2026-05-21,Riley,Aspen Grove,5
1984,B00762,2026-05-01,Jordan,Aspen Grove,7
1985,B00762,2026-04-23,Quinn,Cliff Basin,10
1986,B00762,2026-05-30,Alex,Canyon Overlook,9
1987,B00762,2026-01-20,Casey,Canyon Overlook,4
1988,B00540,2026-03-16,Riley,Canyon Overlook,7
1989,B00540,2026-04-09,Casey,Wetlands,3
1990,B00540,2026-02-28,Taylor,Lake Edge,10
1991,B00540,2026-03-17,Riley,Aspen Grove,5
1992,B01151,2026-01-23,Sam,Canyon Overlook,5
1993,B01151,2026-03-29,Sam,Cliff Basin,4
1994,B01151,2026-02-18,Casey,Wetlands,5
1995,B01151,2026-04-12,Casey,Wetlands,1
1996,B01151,2026-04-28,Taylor,Pine Lookout,5
1997,B00341,2026-01-11,Taylor,Sunset Ridge,10
1998,B00341,2026-03-16,Quinn,Cliff Basin,9
1999,B00341,2026-01-13,Riley,Wetlands,7
2000,B00341,2026-05-05,Sam,Rocky Pass,7
2001,B00341,2026-03-20,Casey,Sunset Ridge,8
2002,B00614,2026-05-25,Casey,Canyon Overlook,8
2003,B00614,2026-06-19,Taylor,Canyon Overlook,4
2004,B00614,2026-02-22,Alex,Canyon Overlook,10
2005,B00614,2026-05-08,Taylor,Cliff Basin,11
2006,B00614,2026-02-03,Morgan,Lake Edge,4
2007,B00614,2026-02-23,Alex,Pine Lookout,3
2008,B00614,2026-06-05,Jordan,Pine Lookout,10
2009,B00885,2026-03-03,Casey,Cliff Basin,7
2010,B00885,2026-04-25,Casey,Lake Edge,1
2011,B00885,2026-04-26,Sam,Pine Lookout,5
2012,B00885,2026-02-25,Quinn,Aspen Grove,8
2013,B00885,2026-06-21,Morgan,Sunset Ridge,8
2014,B00885,2026-01-27,Morgan,Canyon Overlook,5
2015,B00928,2026-03-14,Alex,Canyon Overlook,6
2016,B00928,2026-05-21,Riley,Cliff Basin,10
2017,B00928,2026-06-16,Morgan,Pine Lookout,2
2018,B00928,2026-01-31,Riley,Wetlands,8
2019,B00928,2026-02-03,Jordan,Pine Lookout,4
2020,B00680,2026-06-14,Quinn,Canyon Overlook,10
2021,B00680,2026-01-28,Casey,Rocky Pass,8
2022,B00680,2026-06-22,Casey,Pine Lookout,11
2023,B00680,2026-04-15,Riley,Rocky Pass,7
2024,B00680,2026-06-21,Taylor,Canyon Overlook,10
2025,B00680,2026-01-17,Sam,Rocky Pass,7
2026,B00680,2026-02-18,Casey,Pine Lookout,5
2027,B00368,2026-05-17,Sam,Sunset Ridge,9
2028,B00368,2026-04-04,Riley,Sunset Ridge,1
2029,B00368,2026-03-31,Sam,Canyon Overlook,5
2030,B00368,2026-05-03,Sam,Wetlands,9
2031,B00133,2026-01-11,Casey,Sunset Ridge,9
2032,B00133,2026-05-25,Casey,Aspen Grove,9
2033,B00133,2026-02-19,Taylor,Sunset Ridge,6
2034,B00133,2026-05-26,Quinn,Sunset Ridge,1
2035,B00133,2026-03-21,Jordan,Sunset Ridge,2
2036,B01437,2026-03-14,Casey,Pine Lookout,2
2037,B01437,2026-04-06,Sam,Cliff Basin,1
2038,B01437,2026-02-06,Casey,Canyon Overlook,1
2039,B01437,2026-06-15,Quinn,Pine Lookout,10
2040,B01437,2026-06-10,Morgan,Sunset Ridge,2
2041,B01437,2026-03-01,Quinn,Wetlands,5
2042,B00757,2026-02-13,Jordan,Canyon Overlook,6
2043,B00757,2026-03-01,Morgan,Wetlands,4
2044,B00757,2026-04-12,Quinn,Wetlands,5
2045,B00757,2026-02-21,Alex,Wetlands,7
2046,B00757,2026-04-18,Quinn,Lake Edge,2
2047,B00757,2026-02-19,Quinn,Wetlands,1
2048,B01166,2026-04-20,Riley,Canyon Overlook,2
2049,B01166,2026-03-26,Alex,Sunset Ridge,1
2050,B01166,2026-03-07,Morgan,Lake Edge,8
2051,B01166,2026-02-13,Quinn,Rocky Pass,9
2052,B00725,2026-04-24,Taylor,Rocky Pass,3
2053,B00725,2026-06-14,Morgan,Pine Lookout,3
2054,B00725,2026-03-17,Quinn,Rocky Pass,2
2055,B00725,2026-01-07,Sam,Canyon Overlook,1
2056,B00725,2026-04-16,Sam,Wetlands,1
2057,B00136,2026-02-25,Quinn,Wetlands,11
2058,B00136,2026-06-21,Taylor,Rocky Pass,8
2059,B00136,2026-06-01,Jordan,Wetlands,4
2060,B00136,2026-03-03,Taylor,Canyon Overlook,9
2061,B00136,2026-06-23,Casey,Rocky Pass,3
2062,B00338,2026-01-26,Sam,Cliff Basin,10
2063,B00338,2026-03-26,Sam,Lake Edge,7
2064,B00338,2026-05-20,Riley,Aspen Grove,5
2065,B00338,2026-04-30,Taylor,Cliff Basin,11
2066,B00338,2026-06-05,Riley,Sunset Ridge,8
2067,B00338,2026-05-12,Sam,Sunset Ridge,4
2068,B00338,2026-03-03,Taylor,Rocky Pass,11
2069,B01374,2026-03-12,Alex,Lake Edge,6
2070,B01374,2026-04-05,Casey,Pine Lookout,4
2071,B01374,2026-02-06,Jordan,Wetlands,4
2072,B01374,2026-03-30,Alex,Wetlands,10
2073,B01374,2026-03-20,Casey,Canyon Overlook,6
2074,B01374,2026-05-20,Sam,Lake Edge,5
2075,B01374,2026-06-19,Casey,Aspen Grove,11
2076,B01565,2026-04-03,Morgan,Cliff Basin,8
2077,B01565,2026-03-10,Morgan,Rocky Pass,8
2078,B01565,2026-01-08,Riley,Pine Lookout,5
2079,B01565,2026-01-05,Morgan,Wetlands,9
2080,B01565,2026-06-06,Alex,Lake Edge,4
2081,B01565,2026-04-14,Jordan,Cliff Basin,6
2082,B01410,2026-01-07,Sam,Lake Edge,9
2083,B01410,2026-06-21,Taylor,Rocky Pass,10
2084,B01410,2026-04-23,Alex,Wetlands,2
2085,B01410,2026-05-15,Quinn,Rocky Pass,9
2086,B01410,2026-03-15,Casey,Aspen Grove,8
2087,B01410,2026-02-09,Morgan,Lake Edge,10
2088,B01115,2026-01-16,Alex,Sunset Ridge,4
2089,B01115,2026-01-24,Casey,Cliff Basin,3
2090,B01115,2026-06-14,Riley,Sunset Ridge,10
2091,B01115,2026-02-01,Sam,Wetlands,4
2092,B01115,2026-02-05,Casey,Aspen Grove,1
2093,B01115,2026-04-17,Quinn,Rocky Pass,6
2094,B00071,2026-02-16,Casey,Lake Edge,1
2095,B00071,2026-01-13,Sam,Canyon Overlook,6
2096,B00071,2026-03-27,Quinn,Lake Edge,1
2097,B00071,2026-04-27,Sam,Canyon Overlook,3
2098,B01373,2026-04-23,Taylor,Canyon Overlook,4
2099,B01373,2026-06-20,Casey,Cliff Basin,10
2100,B01373,2026-05-03,Quinn,Aspen Grove,2
2101,B01373,2026-01-24,Sam,Canyon Overlook,4
2102,B01373,2026-03-09,Sam,Lake Edge,3
2103,B01089,2026-03-27,Jordan,Cliff Basin,10
2104,B01089,2026-05-30,Alex,Aspen Grove,8
2105,B01089,2026-04-10,Riley,Aspen Grove,6
2106,B01089,2026-03-18,Taylor,Canyon Overlook,7
2107,B01089,2026-02-27,Sam,Cliff Basin,1
2108,B01089,2026-01-07,Alex,Pine Lookout,4
2109,B00915,2026-02-02,Morgan,Sunset Ridge,8
2110,B00915,2026-03-22,Taylor,Lake Edge,2
2111,B00915,2026-03-26,Riley,Wetlands,7
2112,B00915,2026-03-07,Morgan,Canyon Overlook,10
2113,B00915,2026-06-22,Riley,Lake Edge,9
2114,B00915,2026-01-23,Sam,Aspen Grove,9
2115,B01543,2026-05-21,Alex,Sunset Ridge,7
2116,B01543,2026-04-02,Riley,Lake Edge,2
2117,B01543,2026-01-06,Riley,Canyon Overlook,6
2118,B01543,2026-05-27,Sam,Lake Edge,2
2119,B01543,2026-02-14,Riley,Canyon Overlook,3
2120,B01543,2026-01-30,Casey,Aspen Grove,3
2121,B01543,2026-01-16,Taylor,Canyon Overlook,4
2122,B00015,2026-03-16,Jordan,Wetlands,8
2123,B00015,2026-01-24,Riley,Lake Edge,5
2124,B00015,2026-04-12,Morgan,Pine Lookout,8
2125,B00015,2026-04-14,Riley,Pine Lookout,8
2126,B00015,2026-01-25,Alex,Canyon Overlook,3
2127,B01485,2026-01-10,Jordan,Sunset Ridge,8
2128,B01485,2026-06-26,Casey,Aspen Grove,11
2129,B01485,2026-04-05,Morgan,Cliff Basin,8
2130,B01485,2026-03-24,Jordan,Pine Lookout,2
2131,B01485,2026-01-17,Quinn,Canyon Overlook,2
2132,B01485,2026-01-08,Sam,Pine Lookout,6
2133,B00758,2026-01-14,Alex,Sunset Ridge,9
2134,B00758,2026-03-08,Taylor,Aspen Grove,1
2135,B00758,2026-05-17,Taylor,Rocky Pass,8
2136,B00758,2026-03-27,Sam,Rocky Pass,8
2137,B00758,2026-06-20,Morgan,Wetlands,9
2138,B00758,2026-05-11,Riley,Rocky Pass,8
2139,B01409,2026-04-04,Jordan,Lake Edge,10
2140,B01409,2026-01-01,Sam,Lake Edge,3
2141,B01409,2026-05-30,Riley,Lake Edge,2
2142,B01409,2026-05-11,Riley,Lake Edge,3
2143,B01409,2026-04-08,Quinn,Wetlands,1
2144,B01409,2026-05-18,Alex,Sunset Ridge,3
2145,B01409,2026-05-21,Sam,Rocky Pass,10
2146,B01333,2026-05-23,Alex,Cliff Basin,2
2147,B01333,2026-01-20,Jordan,Cliff Basin,7
2148,B01333,2026-03-16,Taylor,Aspen Grove,9
2149,B01333,2026-05-11,Alex,Rocky Pass,1
2150,B01333,2026-06-15,Sam,Wetlands,5
2151,B00037,2026-06-05,Riley,Lake Edge,7
2152,B00037,2026-02-23,Quinn,Lake Edge,3
2153,B00037,2026-01-03,Riley,Rocky Pass,2
2154,B00037,2026-05-22,Sam,Lake Edge,7
2155,B00577,2026-04-27,Sam,Sunset Ridge,2
2156,B00577,2026-03-17,Jordan,Wetlands,9
2157,B00577,2026-02-28,Casey,Wetlands,5
2158,B00577,2026-06-05,Casey,Aspen Grove,6
2159,B01181,2026-02-23,Quinn,Lake Edge,5
2160,B01181,2026-04-16,Morgan,Lake Edge,7
2161,B01181,2026-01-25,Morgan,Pine Lookout,1
2162,B01181,2026-01-29,Morgan,Canyon Overlook,11
2163,B01181,2026-03-15,Quinn,Cliff Basin,11
2164,B01181,2026-02-28,Morgan,Aspen Grove,11
2165,B01495,2026-04-14,Casey,Sunset Ridge,3
2166,B01495,2026-06-21,Morgan,Rocky Pass,10
2167,B01495,2026-04-16,Alex,Aspen Grove,1
2168,B01495,2026-06-20,Riley,Sunset Ridge,8
2169,B01495,2026-01-02,Morgan,Rocky Pass,11
2170,B00860,2026-01-09,Casey,Wetlands,1
2171,B00860,2026-04-01,Casey,Wetlands,10
2172,B00860,2026-05-08,Riley,Canyon Overlook,1
2173,B00860,2026-04-13,Casey,Rocky Pass,4
2174,B00860,2026-06-21,Taylor,Cliff Basin,2
2175,B00860,2026-04-03,Casey,Rocky Pass,1
2176,B00860,2026-06-03,Sam,Aspen Grove,2
2177,B00905,2026-05-21,Sam,Wetlands,9
2178,B00905,2026-06-08,Morgan,Lake Edge,11
2179,B00905,2026-02-28,Jordan,Aspen Grove,3
2180,B00905,2026-04-17,Sam,Canyon Overlook,2
2181,B00905,2026-01-26,Taylor,Wetlands,5
2182,B00916,2026-02-22,Sam,Sunset Ridge,5
2183,B00916,2026-06-07,Quinn,Sunset Ridge,5
2184,B00916,2026-04-16,Casey,Pine Lookout,1
2185,B00916,2026-01-03,Casey,Aspen Grove,5
2186,B00916,2026-02-02,Alex,Sunset Ridge,5
2187,B00916,2026-06-22,Riley,Aspen Grove,6
2188,B00859,2026-01-30,Jordan,Cliff Basin,10
2189,B00859,2026-02-20,Alex,Rocky Pass,7
2190,B00859,2026-01-03,Sam,Canyon Overlook,6
2191,B00859,2026-04-07,Sam,Rocky Pass,4
2192,B00859,2026-06-05,Quinn,Sunset Ridge,7
2193,B00859,2026-05-14,Alex,Pine Lookout,2
2194,B01140,2026-05-18,Alex,Canyon Overlook,9
2195,B01140,2026-01-28,Alex,Rocky Pass,8
2196,B01140,2026-02-17,Morgan,Lake Edge,3
2197,B01140,2026-01-09,Sam,Aspen Grove,6
2198,B01140,2026-05-06,Alex,Wetlands,3
2199,B00042,2026-02-01,Taylor,Canyon Overlook,4
2200,B00042,2026-01-16,Quinn,Rocky Pass,3
2201,B00042,2026-02-22,Quinn,Aspen Grove,1
2202,B00042,2026-06-05,Morgan,Sunset Ridge,5
2203,B00042,2026-02-26,Taylor,Lake Edge,10
2204,B00042,2026-06-18,Jordan,Canyon Overlook,6
2205,B00974,2026-04-20,Quinn,Lake Edge,3
2206,B00974,2026-05-21,Morgan,Cliff Basin,9
2207,B00974,2026-03-14,Riley,Aspen Grove,8
2208,B00974,2026-05-13,Taylor,Canyon Overlook,1
2209,B00974,2026-03-19,Alex,Canyon Overlook,8
2210,B00615,2026-04-19,Jordan,Sunset Ridge,7
2211,B00615,2026-02-14,Morgan,Canyon Overlook,1
2212,B00615,2026-03-25,Sam,Wetlands,11
2213,B00615,2026-05-15,Taylor,Sunset Ridge,6
2214,B00615,2026-05-11,Quinn,Cliff Basin,3
2215,B00542,2026-03-18,Morgan,Sunset Ridge,6
2216,B00542,2026-06-16,Taylor,Cliff Basin,1
2217,B00542,2026-02-23,Quinn,Rocky Pass,5
2218,B00542,2026-04-29,Riley,Aspen Grove,2
2219,B00542,2026-04-14,Sam,Canyon Overlook,1
2220,B00542,2026-01-25,Casey,Aspen Grove,4
2221,B00542,2026-01-04,Sam,Cliff Basin,8
2222,B01652,2026-05-19,Casey,Aspen Grove,3
2223,B01652,2026-03-07,Quinn,Aspen Grove,3
2224,B01652,2026-05-08,Taylor,Aspen Grove,7
2225,B01652,2026-02-08,Taylor,Canyon Overlook,2
2226,B01652,2026-05-01,Sam,Cliff Basin,6
2227,B00908,2026-05-08,Quinn,Sunset Ridge,10
2228,B00908,2026-02-26,Alex,Lake Edge,4
2229,B00908,2026-04-07,Morgan,Pine Lookout,1
2230,B00908,2026-05-18,Alex,Lake Edge,11
2231,B00908,2026-06-12,Taylor,Rocky Pass,4
2232,B00129,2026-05-17,Taylor,Wetlands,4
2233,B00129,2026-06-01,Quinn,Cliff Basin,1
2234,B00129,2026-04-12,Alex,Pine Lookout,5
2235,B00129,2026-04-04,Sam,Cliff Basin,11
2236,B00129,2026-02-28,Sam,Sunset Ridge,2
2237,B00129,2026-04-25,Morgan,Canyon Overlook,1
2238,B01070,2026-05-30,Taylor,Rocky Pass,10
2239,B01070,2026-06-15,Sam,Lake Edge,1
2240,B01070,2026-02-22,Riley,Aspen Grove,1
2241,B01070,2026-05-25,Taylor,Pine Lookout,9
2242,B01070,2026-01-22,Taylor,Sunset Ridge,2
2243,B00072,2026-06-01,Sam,Cliff Basin,2
2244,B00072,2026-05-03,Morgan,Lake Edge,8
2245,B00072,2026-03-22,Alex,Aspen Grove,7
2246,B00072,2026-04-27,Taylor,Sunset Ridge,9
2247,B00072,2026-04-06,Casey,Canyon Overlook,3
2248,B00072,2026-01-06,Quinn,Wetlands,10
2249,B00072,2026-05-04,Riley,Aspen Grove,10
2250,B00272,2026-04-03,Jordan,Wetlands,11
2251,B00272,2026-05-16,Riley,Aspen Grove,2
2252,B00272,2026-01-06,Quinn,Canyon Overlook,6
2253,B00272,2026-02-07,Alex,Canyon Overlook,7
2254,B00272,2026-02-05,Quinn,Canyon Overlook,7
2255,B00272,2026-05-29,Quinn,Canyon Overlook,4
2256,B00425,2026-06-10,Casey,Pine Lookout,4
2257,B00425,2026-01-26,Alex,Pine Lookout,6
2258,B00425,2026-01-20,Jordan,Pine Lookout,5
2259,B00425,2026-02-08,Riley,Cliff Basin,8
2260,B01107,2026-01-16,Morgan,Canyon Overlook,11
2261,B01107,2026-03-25,Casey,Rocky Pass,3
2262,B01107,2026-04-15,Quinn,Lake Edge,1
2263,B01107,2026-03-10,Riley,Sunset Ridge,11
2264,B01107,2026-01-04,Morgan,Wetlands,11
2265,B01486,2026-02-05,Jordan,Wetlands,8
2266,B01486,2026-02-26,Taylor,Lake Edge,4
2267,B01486,2026-03-26,Taylor,Lake Edge,1
2268,B01486,2026-05-21,Jordan,Rocky Pass,8
2269,B01486,2026-02-01,Sam,Rocky Pass,3
2270,B00096,2026-05-04,Riley,Wetlands,4
2271,B00096,2026-03-03,Morgan,Pine Lookout,10
2272,B00096,2026-01-23,Sam,Cliff Basin,1
2273,B00096,2026-05-26,Alex,Pine Lookout,7
2274,B00096,2026-04-10,Jordan,Wetlands,10
2275,B00096,2026-03-19,Alex,Wetlands,9
2276,B00097,2026-04-28,Sam,Sunset Ridge,7
2277,B00097,2026-01-07,Morgan,Aspen Grove,2
2278,B00097,2026-03-11,Riley,Lake Edge,7
2279,B00097,2026-04-07,Jordan,Cliff Basin,5
2280,B00097,2026-06-12,Jordan,Cliff Basin,6
2281,B01090,2026-03-27,Jordan,Lake Edge,6
2282,B01090,2026-02-15,Riley,Canyon Overlook,9
2283,B01090,2026-04-14,Quinn,Aspen Grove,8
2284,B01090,2026-05-09,Quinn,Pine Lookout,5
2285,B00828,2026-03-25,Quinn,Wetlands,9
2286,B00828,2026-05-20,Morgan,Wetlands,7
2287,B00828,2026-01-12,Sam,Cliff Basin,9
2288,B00828,2026-03-19,Morgan,Cliff Basin,4
2289,B00828,2026-03-29,Sam,Sunset Ridge,6
2290,B00828,2026-03-14,Quinn,Rocky Pass,3
2291,B00019,2026-02-20,Alex,Aspen Grove,2
2292,B00019,2026-03-11,Casey,Pine Lookout,1
2293,B00019,2026-02-07,Riley,Rocky Pass,2
2294,B00019,2026-04-27,Riley,Sunset Ridge,7
2295,B00019,2026-04-18,Morgan,Canyon Overlook,11
2296,B00531,2026-03-19,Taylor,Wetlands,1
2297,B00531,2026-06-19,Quinn,Rocky Pass,6
2298,B00531,2026-04-18,Sam,Canyon Overlook,5
2299,B00531,2026-01-06,Alex,Canyon Overlook,3
2300,B00392,2026-03-05,Quinn,Rocky Pass,6
2301,B00392,2026-01-23,Alex,Cliff Basin,9
2302,B00392,2026-03-03,Riley,Lake Edge,2
2303,B00392,2026-03-10,Jordan,Lake Edge,3
2304,B00014,2026-06-05,Riley,Lake Edge,5
2305,B00014,2026-01-09,Quinn,Wetlands,5
2306,B00014,2026-02-27,Alex,Cliff Basin,2
2307,B00014,2026-01-02,Taylor,Canyon Overlook,4
2308,B00014,2026-06-04,Sam,Aspen Grove,8
2309,B00867,2026-02-16,Alex,Aspen Grove,7
2310,B00867,2026-01-29,Morgan,Canyon Overlook,1
2311,B00867,2026-01-05,Riley,Aspen Grove,7
2312,B00867,2026-03-13,Alex,Wetlands,5
2313,B00867,2026-06-12,Taylor,Cliff Basin,3
2314,B00716,2026-05-19,Jordan,Cliff Basin,6
2315,B00716,2026-01-23,Taylor,Canyon Overlook,8
2316,B00716,2026-06-22,Riley,Lake Edge,2
2317,B00716,2026-03-11,Riley,Wetlands,4
2318,B00716,2026-05-13,Sam,Canyon Overlook,4
2319,B00716,2026-03-26,Taylor,Aspen Grove,6
2320,B00716,2026-04-19,Sam,Wetlands,11
2321,B00973,2026-02-24,Jordan,Lake Edge,3
2322,B00973,2026-03-20,Taylor,Pine Lookout,11
2323,B00973,2026-01-05,Morgan,Aspen Grove,8
2324,B00973,2026-03-04,Sam,Aspen Grove,2
2325,B00973,2026-01-06,Alex,Pine Lookout,9
2326,B00973,2026-05-20,Taylor,Cliff Basin,11
2327,B00862,2026-05-19,Riley,Pine Lookout,11
2328,B00862,2026-05-09,Morgan,Cliff Basin,11
2329,B00862,2026-01-29,Alex,Sunset Ridge,9
2330,B00862,2026-01-25,Morgan,Canyon Overlook,5
2331,B00862,2026-06-22,Quinn,Pine Lookout,8
2332,B00862,2026-01-03,Morgan,Sunset Ridge,7
2333,B00862,2026-06-25,Morgan,Cliff Basin,9
2334,B01549,2026-02-24,Morgan,Rocky Pass,11
2335,B01549,2026-03-06,Alex,Canyon Overlook,10
2336,B01549,2026-03-03,Riley,Wetlands,1
2337,B01549,2026-02-13,Morgan,Canyon Overlook,11
2338,B00347,2026-03-26,Morgan,Lake Edge,3
2339,B00347,2026-02-03,Alex,Canyon Overlook,7
2340,B00347,2026-06-28,Taylor,Cliff Basin,9
2341,B00347,2026-06-20,Jordan,Sunset Ridge,3
2342,B00347,2026-04-16,Sam,Canyon Overlook,6
2343,B00709,2026-06-09,Riley,Pine Lookout,9
2344,B00709,2026-03-12,Taylor,Lake Edge,10
2345,B00709,2026-04-19,Riley,Lake Edge,2
2346,B00709,2026-02-18,Taylor,Lake Edge,6
2347,B01218,2026-02-15,Alex,Wetlands,8
2348,B01218,2026-03-28,Casey,Pine Lookout,1
2349,B01218,2026-06-10,Taylor,Sunset Ridge,2
2350,B01218,2026-06-06,Alex,Aspen Grove,4
2351,B01218,2026-02-23,Quinn,Cliff Basin,7
2352,B01218,2026-05-30,Quinn,Lake Edge,11
2353,B00326,2026-02-04,Alex,Wetlands,11
2354,B00326,2026-02-01,Riley,Lake Edge,1
2355,B00326,2026-01-09,Quinn,Aspen Grove,2
2356,B00326,2026-03-29,Morgan,Sunset Ridge,8
2357,B00326,2026-03-25,Alex,Pine Lookout,3
2358,B00026,2026-03-11,Taylor,Wetlands,2
2359,B00026,2026-04-05,Jordan,Sunset Ridge,10
2360,B00026,2026-01-19,Jordan,Pine Lookout,3
2361,B00026,2026-05-17,Morgan,Wetlands,5
2362,B01657,2026-05-19,Jordan,Cliff Basin,8
2363,B01657,2026-03-24,Morgan,Lake Edge,8
2364,B01657,2026-06-01,Casey,Pine Lookout,3
2365,B01657,2026-04-08,Quinn,Wetlands,9
2366,B00300,2026-02-08,Morgan,Lake Edge,2
2367,B00300,2026-03-17,Sam,Rocky Pass,2
2368,B00300,2026-06-17,Jordan,Aspen Grove,2
2369,B00300,2026-06-09,Jordan,Rocky Pass,11
2370,B01137,2026-06-28,Casey,Pine Lookout,7
2371,B01137,2026-04-04,Riley,Pine Lookout,11
2372,B01137,2026-06-22,Riley,Pine Lookout,7
2373,B01137,2026-03-25,Riley,Rocky Pass,2
2374,B01137,2026-05-12,Morgan,Aspen Grove,5
2375,B00101,2026-02-25,Taylor,Rocky Pass,1
2376,B00101,2026-01-10,Casey,Pine Lookout,5
2377,B00101,2026-01-01,Jordan,Sunset Ridge,11
2378,B00101,2026-04-25,Taylor,Rocky Pass,1
2379,B00101,2026-04-12,Alex,Sunset Ridge,5
2380,B00101,2026-04-06,Casey,Rocky Pass,4
2381,B00101,2026-02-02,Taylor,Rocky Pass,3
2382,B00598,2026-05-19,Jordan,Lake Edge,5
2383,B00598,2026-02-24,Alex,Rocky Pass,7
2384,B00598,2026-01-30,Casey,Pine Lookout,9
2385,B00598,2026-01-12,Alex,Canyon Overlook,5
2386,B00598,2026-04-27,Taylor,Aspen Grove,9
2387,B00598,2026-06-24,Quinn,Sunset Ridge,1
2388,B00154,2026-01-18,Quinn,Pine Lookout,2
2389,B00154,2026-06-05,Sam,Canyon Overlook,2
2390,B00154,2026-02-05,Sam,Sunset Ridge,6
2391,B00154,2026-05-05,Jordan,Aspen Grove,11
2392,B00154,2026-06-22,Riley,Aspen Grove,11
2393,B00154,2026-01-15,Alex,Aspen Grove,9
2394,B00154,2026-01-26,Casey,Sunset Ridge,10
2395,B00661,2026-05-24,Jordan,Wetlands,2
2396,B00661,2026-06-24,Sam,Lake Edge,9
2397,B00661,2026-01-03,Sam,Rocky Pass,4
2398,B00661,2026-02-12,Casey,Sunset Ridge,10
2399,B00661,2026-02-13,Alex,Sunset Ridge,11
2400,B00420,2026-04-27,Casey,Sunset Ridge,6
2401,B00420,2026-02-02,Taylor,Lake Edge,5
2402,B00420,2026-03-18,Taylor,Cliff Basin,8
2403,B00420,2026-04-05,Taylor,Canyon Overlook,8
2404,B00420,2026-04-23,Jordan,Pine Lookout,3
2405,B00420,2026-04-28,Casey,Cliff Basin,6
2406,B01206,2026-04-09,Alex,Canyon Overlook,7
2407,B01206,2026-05-12,Riley,Lake Edge,4
2408,B01206,2026-04-25,Casey,Cliff Basin,9
2409,B01206,2026-05-16,Casey,Lake Edge,3
2410,B01206,2026-03-20,Riley,Lake Edge,8
2411,B01206,2026-05-22,Jordan,Sunset Ridge,3
2412,B01206,2026-03-13,Riley,Rocky Pass,3
2413,B00445,2026-05-18,Casey,Lake Edge,2
2414,B00445,2026-02-04,Casey,Lake Edge,11
2415,B00445,2026-04-12,Casey,Rocky Pass,5
2416,B00445,2026-06-15,Jordan,Aspen Grove,8
2417,B00445,2026-03-21,Riley,Canyon Overlook,2
2418,B00445,2026-04-24,Casey,Rocky Pass,6
2419,B00445,2026-04-11,Jordan,Lake Edge,5
2420,B00959,2026-02-14,Casey,Pine Lookout,2
2421,B00959,2026-02-05,Casey,Lake Edge,1
2422,B00959,2026-02-28,Sam,Sunset Ridge,7
2423,B00959,2026-06-16,Riley,Cliff Basin,5
2424,B00959,2026-04-20,Quinn,Canyon Overlook,1
2425,B00994,2026-02-03,Quinn,Lake Edge,10
2426,B00994,2026-01-29,Casey,Cliff Basin,7
2427,B00994,2026-02-18,Casey,Lake Edge,7
2428,B00994,2026-03-11,Taylor,Cliff Basin,2
2429,B00432,2026-01-15,Taylor,Wetlands,10
2430,B00432,2026-06-14,Morgan,Rocky Pass,4
2431,B00432,2026-01-04,Quinn,Rocky Pass,11
2432,B00432,2026-05-21,Quinn,Wetlands,4
2433,B00426,2026-06-24,Morgan,Cliff Basin,7
2434,B00426,2026-01-22,Riley,Aspen Grove,11
2435,B00426,2026-05-14,Sam,Cliff Basin,5
2436,B00426,2026-04-23,Casey,Rocky Pass,1
2437,B00426,2026-06-23,Sam,Lake Edge,9
2438,B00426,2026-04-17,Alex,Wetlands,2
2439,B00426,2026-02-15,Morgan,Cliff Basin,5
2440,B00222,2026-04-25,Sam,Cliff Basin,7
2441,B00222,2026-03-20,Morgan,Rocky Pass,6
2442,B00222,2026-05-03,Casey,Rocky Pass,3
2443,B00222,2026-05-11,Riley,Rocky Pass,1
2444,B00463,2026-04-16,Morgan,Aspen Grove,2
2445,B00463,2026-02-12,Casey,Cliff Basin,10
2446,B00463,2026-03-20,Quinn,Aspen Grove,4
2447,B00463,2026-01-29,Jordan,Canyon Overlook,11
2448,B00824,2026-06-01,Casey,Cliff Basin,1
2449,B00824,2026-06-13,Quinn,Wetlands,2
2450,B00824,2026-05-31,Casey,Pine Lookout,1
2451,B00824,2026-04-23,Casey,Sunset Ridge,2
2452,B01339,2026-01-01,Quinn,Sunset Ridge,4
2453,B01339,2026-03-10,Riley,Sunset Ridge,4
2454,B01339,2026-04-25,Sam,Lake Edge,8
2455,B01339,2026-04-06,Sam,Pine Lookout,2
2456,B01339,2026-03-31,Quinn,Sunset Ridge,11
2457,B01016,2026-04-04,Quinn,Rocky Pass,5
2458,B01016,2026-01-05,Casey,Wetlands,2
2459,B01016,2026-04-18,Quinn,Cliff Basin,3
2460,B01016,2026-03-28,Alex,Lake Edge,7
2461,B01016,2026-03-19,Alex,Pine Lookout,8
2462,B00947,2026-05-07,Casey,Aspen Grove,8
2463,B00947,2026-01-13,Casey,Rocky Pass,3
2464,B00947,2026-03-07,Sam,Wetlands,1
2465,B00947,2026-01-04,Riley,Rocky Pass,10
2466,B01328,2026-02-13,Alex,Pine Lookout,8
2467,B01328,2026-03-20,Riley,Aspen Grove,3
2468,B01328,2026-05-26,Taylor,Rocky Pass,1
2469,B01328,2026-05-01,Alex,Wetlands,7
2470,B01328,2026-06-24,Sam,Lake Edge,8
2471,B01328,2026-04-08,Riley,Pine Lookout,7
2472,B00759,2026-02-09,Morgan,Cliff Basin,9
2473,B00759,2026-05-07,Jordan,Sunset Ridge,1
2474,B00759,2026-02-10,Jordan,Lake Edge,6
2475,B00759,2026-01-12,Quinn,Sunset Ridge,11
2476,B00764,2026-05-09,Taylor,Cliff Basin,6
2477,B00764,2026-01-18,Sam,Aspen Grove,3
2478,B00764,2026-03-23,Sam,Sunset Ridge,4
2479,B00764,2026-05-14,Taylor,Rocky Pass,7
2480,B00449,2026-05-14,Quinn,Aspen Grove,6
2481,B00449,2026-02-11,Sam,Wetlands,7
2482,B00449,2026-02-01,Quinn,Lake Edge,5
2483,B00449,2026-02-04,Taylor,Cliff Basin,3
2484,B00449,2026-04-04,Taylor,Cliff Basin,7
2485,B00449,2026-05-05,Riley,Lake Edge,4
2486,B01696,2026-03-19,Casey,Cliff Basin,8
2487,B01696,2026-01-02,Alex,Lake Edge,9
2488,B01696,2026-01-27,Taylor,Aspen Grove,11
2489,B01696,2026-01-26,Quinn,Rocky Pass,9
2490,B00310,2026-01-26,Quinn,Rocky Pass,3
2491,B00310,2026-05-03,Taylor,Canyon Overlook,4
2492,B00310,2026-03-06,Taylor,Canyon Overlook,1
2493,B00310,2026-01-03,Quinn,Wetlands,8
2494,B00310,2026-02-09,Morgan,Rocky Pass,7
2495,B00310,2026-06-15,Morgan,Canyon Overlook,10
2496,B00310,2026-02-18,Taylor,Lake Edge,2
2497,B00522,2026-06-23,Alex,Aspen Grove,1
2498,B00522,2026-03-31,Morgan,Cliff Basin,9
2499,B00522,2026-06-03,Jordan,Lake Edge,6
2500,B00522,2026-05-18,Taylor,Pine Lookout,10
2501,B00522,2026-06-05,Riley,Sunset Ridge,1
2502,B00522,2026-01-18,Riley,Aspen Grove,1
2503,B00522,2026-06-08,Taylor,Cliff Basin,6
2504,B01319,2026-04-22,Alex,Sunset Ridge,9
2505,B01319,2026-05-16,Jordan,Cliff Basin,11
2506,B01319,2026-03-06,Quinn,Aspen Grove,11
2507,B01319,2026-04-17,Morgan,Sunset Ridge,7
2508,B01319,2026-03-05,Jordan,Lake Edge,11
2509,B01639,2026-01-14,Riley,Aspen Grove,2
2510,B01639,2026-04-08,Riley,Wetlands,7
2511,B01639,2026-03-13,Jordan,Pine Lookout,11
2512,B01639,2026-04-05,Quinn,Cliff Basin,4
2513,B01639,2026-04-11,Casey,Lake Edge,10
2514,B01639,2026-06-12,Alex,Aspen Grove,10
2515,B00941,2026-01-02,Taylor,Pine Lookout,10
2516,B00941,2026-01-11,Casey,Canyon Overlook,5
2517,B00941,2026-03-29,Morgan,Aspen Grove,3
2518,B00941,2026-01-28,Riley,Pine Lookout,2
2519,B00941,2026-06-01,Jordan,Lake Edge,4
2520,B00941,2026-01-17,Alex,Wetlands,2
2521,B00056,2026-04-01,Riley,Sunset Ridge,7
2522,B00056,2026-02-20,Quinn,Rocky Pass,9
2523,B00056,2026-06-23,Riley,Wetlands,7
2524,B00056,2026-01-02,Morgan,Wetlands,5
2525,B01662,2026-05-23,Sam,Canyon Overlook,8
2526,B01662,2026-05-03,Alex,Wetlands,10
2527,B01662,2026-03-19,Alex,Pine Lookout,1
2528,B01662,2026-06-02,Taylor,Sunset Ridge,11
2529,B00551,2026-03-27,Alex,Lake Edge,4
2530,B00551,2026-01-09,Jordan,Canyon Overlook,7
2531,B00551,2026-02-25,Taylor,Cliff Basin,8
2532,B00551,2026-03-08,Jordan,Lake Edge,5
2533,B00055,2026-01-01,Jordan,Rocky Pass,4
2534,B00055,2026-04-17,Casey,Aspen Grove,5
2535,B00055,2026-03-10,Sam,Wetlands,11
2536,B00055,2026-04-24,Taylor,Rocky Pass,9
2537,B00055,2026-02-01,Alex,Sunset Ridge,3
2538,B00055,2026-06-22,Taylor,Cliff Basin,10
2539,B00055,2026-01-14,Riley,Sunset Ridge,7
2540,B01221,2026-06-13,Alex,Cliff Basin,7
2541,B01221,2026-06-10,Taylor,Aspen Grove,11
2542,B01221,2026-02-12,Taylor,Pine Lookout,6
2543,B01221,2026-06-20,Morgan,Pine Lookout,9
2544,B00302,2026-01-07,Jordan,Cliff Basin,5
2545,B00302,2026-06-07,Alex,Wetlands,11
2546,B00302,2026-03-30,Jordan,Cliff Basin,8
2547,B00302,2026-03-31,Riley,Rocky Pass,5
2548,B01521,2026-03-08,Casey,Aspen Grove,9
2549,B01521,2026-05-14,Sam,Pine Lookout,5
2550,B01521,2026-04-12,Alex,Lake Edge,8
2551,B01521,2026-06-04,Morgan,Rocky Pass,4
2552,B00117,2026-03-07,Sam,Wetlands,5
2553,B00117,2026-04-02,Riley,Lake Edge,8
2554,B00117,2026-05-11,Quinn,Wetlands,3
2555,B00117,2026-04-29,Morgan,Pine Lookout,4
2556,B00117,2026-05-14,Alex,Sunset Ridge,1
2557,B00117,2026-03-12,Casey,Lake Edge,3
2558,B00117,2026-02-01,Casey,Sunset Ridge,1
2559,B00350,2026-02-02,Casey,Wetlands,2
2560,B00350,2026-01-11,Taylor,Pine Lookout,9
2561,B00350,2026-02-20,Jordan,Lake Edge,3
2562,B00350,2026-06-17,Morgan,Wetlands,8
2563,B00574,2026-01-07,Riley,Aspen Grove,8
2564,B00574,2026-01-11,Taylor,Rocky Pass,1
2565,B00574,2026-03-20,Jordan,Cliff Basin,4
2566,B00574,2026-02-28,Sam,Lake Edge,1
2567,B00546,2026-04-15,Sam,Aspen Grove,6
2568,B00546,2026-01-01,Alex,Sunset Ridge,11
2569,B00546,2026-06-07,Riley,Aspen Grove,10
2570,B00546,2026-03-12,Riley,Rocky Pass,6
2571,B00546,2026-01-17,Jordan,Sunset Ridge,3
2572,B00546,2026-05-13,Sam,Rocky Pass,8
2573,B00546,2026-05-28,Quinn,Rocky Pass,1
2574,B01174,2026-03-14,Sam,Cliff Basin,3
2575,B01174,2026-04-12,Quinn,Rocky Pass,6
2576,B01174,2026-01-14,Sam,Wetlands,7
2577,B01174,2026-01-02,Quinn,Sunset Ridge,6
2578,B01174,2026-03-16,Riley,Aspen Grove,5
2579,B01174,2026-01-31,Alex,Pine Lookout,9
2580,B01174,2026-03-26,Jordan,Aspen Grove,8
2581,B00285,2026-03-26,Jordan,Wetlands,2
2582,B00285,2026-05-13,Casey,Pine Lookout,2
2583,B00285,2026-04-06,Casey,Wetlands,4
2584,B00285,2026-01-29,Alex,Aspen Grove,11
2585,B00285,2026-01-19,Taylor,Pine Lookout,11
2586,B00285,2026-03-05,Riley,Wetlands,1
2587,B00441,2026-01-17,Jordan,Rocky Pass,3
2588,B00441,2026-02-28,Sam,Rocky Pass,3
2589,B00441,2026-01-30,Jordan,Canyon Overlook,2
2590,B00441,2026-05-19,Morgan,Rocky Pass,10
2591,B00441,2026-06-16,Casey,Lake Edge,4
2592,B01364,2026-05-04,Sam,Wetlands,10
2593,B01364,2026-06-15,Sam,Rocky Pass,7
2594,B01364,2026-06-22,Morgan,Sunset Ridge,1
2595,B01364,2026-02-12,Alex,Cliff Basin,2
2596,B01364,2026-01-22,Casey,Sunset Ridge,6
2597,B00503,2026-01-02,Casey,Rocky Pass,11
2598,B00503,2026-04-30,Morgan,Aspen Grove,8
2599,B00503,2026-03-03,Jordan,Cliff Basin,2
2600,B00503,2026-06-10,Sam,Canyon Overlook,3
2601,B00655,2026-01-01,Casey,Canyon Overlook,10
2602,B00655,2026-06-06,Morgan,Canyon Overlook,2
2603,B00655,2026-04-21,Casey,Rocky Pass,11
2604,B00655,2026-03-30,Quinn,Lake Edge,3
2605,B00655,2026-05-05,Quinn,Canyon Overlook,6
2606,B00655,2026-04-18,Jordan,Aspen Grove,7
2607,B01198,2026-05-21,Casey,Wetlands,8
2608,B01198,2026-06-10,Alex,Pine Lookout,2
2609,B01198,2026-03-04,Sam,Cliff Basin,9
2610,B01198,2026-03-14,Taylor,Rocky Pass,1
2611,B01198,2026-01-20,Sam,Sunset Ridge,6
2612,B01577,2026-03-14,Jordan,Lake Edge,4
2613,B01577,2026-05-02,Alex,Canyon Overlook,8
2614,B01577,2026-05-22,Morgan,Aspen Grove,8
2615,B01577,2026-03-31,Casey,Cliff Basin,9
2616,B01577,2026-01-14,Sam,Wetlands,9
2617,B01577,2026-05-12,Jordan,Wetlands,5
2618,B01311,2026-05-14,Casey,Cliff Basin,1
2619,B01311,2026-05-27,Casey,Cliff Basin,4
2620,B01311,2026-04-28,Morgan,Sunset Ridge,6
2621,B01311,2026-02-05,Jordan,Rocky Pass,7
2622,B01311,2026-01-07,Riley,Lake Edge,9
2623,B00112,2026-01-22,Morgan,Aspen Grove,7
2624,B00112,2026-03-21,Sam,Pine Lookout,11
2625,B00112,2026-01-24,Casey,Pine Lookout,7
2626,B00112,2026-01-12,Alex,Pine Lookout,5
2627,B01321,2026-06-06,Casey,Canyon Overlook,8
2628,B01321,2026-05-20,Taylor,Cliff Basin,2
2629,B01321,2026-02-01,Casey,Rocky Pass,4
2630,B01321,2026-04-19,Morgan,Pine Lookout,2
2631,B01321,2026-02-04,Morgan,Lake Edge,5
2632,B01321,2026-04-06,Jordan,Rocky Pass,1
2633,B00613,2026-06-23,Casey,Sunset Ridge,8
2634,B00613,2026-04-17,Jordan,Wetlands,4
2635,B00613,2026-03-07,Riley,Canyon Overlook,6
2636,B00613,2026-04-20,Jordan,Rocky Pass,5
2637,B00613,2026-06-26,Riley,Lake Edge,5
2638,B01337,2026-01-04,Riley,Pine Lookout,8
2639,B01337,2026-02-25,Sam,Rocky Pass,7
2640,B01337,2026-03-21,Sam,Aspen Grove,1
2641,B01337,2026-05-12,Taylor,Canyon Overlook,5
2642,B01337,2026-06-19,Sam,Canyon Overlook,5
2643,B00981,2026-06-23,Alex,Wetlands,1
2644,B00981,2026-02-02,Alex,Pine Lookout,2
2645,B00981,2026-04-09,Jordan,Cliff Basin,10
2646,B00981,2026-02-19,Alex,Cliff Basin,7
2647,B00388,2026-04-05,Alex,Cliff Basin,7
2648,B00388,2026-05-19,Sam,Pine Lookout,2
2649,B00388,2026-02-16,Sam,Cliff Basin,2
2650,B00388,2026-05-03,Sam,Sunset Ridge,10
2651,B00388,2026-05-10,Sam,Rocky Pass,6
2652,B00388,2026-03-27,Casey,Canyon Overlook,9
2653,B01435,2026-05-07,Jordan,Wetlands,11
2654,B01435,2026-06-08,Alex,Lake Edge,6
2655,B01435,2026-04-27,Jordan,Wetlands,4
2656,B01435,2026-06-19,Taylor,Pine Lookout,4
2657,B01435,2026-06-27,Taylor,Aspen Grove,8
2658,B01435,2026-04-06,Taylor,Canyon Overlook,5
2659,B01435,2026-01-20,Quinn,Cliff Basin,1
2660,B00454,2026-01-01,Sam,Rocky Pass,1
2661,B00454,2026-03-27,Quinn,Aspen Grove,9
2662,B00454,2026-05-05,Taylor,Aspen Grove,11
2663,B00454,2026-01-05,Morgan,Cliff Basin,2
2664,B00454,2026-04-23,Riley,Cliff Basin,9
2665,B00454,2026-02-27,Riley,Pine Lookout,4
2666,B00644,2026-01-17,Casey,Wetlands,10
2667,B00644,2026-03-12,Riley,Canyon Overlook,5
2668,B00644,2026-06-22,Morgan,Wetlands,2
2669,B00644,2026-02-18,Taylor,Rocky Pass,3
2670,B00644,2026-06-12,Casey,Wetlands,2
2671,B00644,2026-04-23,Alex,Rocky Pass,7
2672,B00570,2026-02-10,Morgan,Wetlands,8
2673,B00570,2026-06-23,Quinn,Sunset Ridge,8
2674,B00570,2026-04-01,Sam,Lake Edge,6
2675,B00570,2026-01-24,Taylor,Rocky Pass,9
2676,B00570,2026-04-27,Alex,Lake Edge,2
2677,B00570,2026-03-08,Casey,Rocky Pass,2
2678,B01561,2026-06-22,Morgan,Aspen Grove,11
2679,B01561,2026-01-07,Quinn,Sunset Ridge,9
2680,B01561,2026-06-23,Taylor,Pine Lookout,4
2681,B01561,2026-06-03,Morgan,Canyon Overlook,2
2682,B01561,2026-04-26,Quinn,Aspen Grove,10
2683,B01561,2026-05-13,Jordan,Canyon Overlook,4
2684,B01561,2026-02-22,Jordan,Aspen Grove,4
2685,B00597,2026-03-19,Riley,Canyon Overlook,1
2686,B00597,2026-06-26,Alex,Wetlands,3
2687,B00597,2026-03-20,Jordan,Pine Lookout,1
2688,B00597,2026-06-01,Sam,Aspen Grove,2
2689,B00597,2026-02-26,Sam,Canyon Overlook,4
2690,B00597,2026-01-01,Alex,Pine Lookout,11
2691,B00597,2026-01-02,Taylor,Pine Lookout,4
2692,B01455,2026-06-05,Casey,Canyon Overlook,3
2693,B01455,2026-06-09,Jordan,Rocky Pass,5
2694,B01455,2026-01-20,Taylor,Rocky Pass,4
2695,B01455,2026-03-30,Quinn,Pine Lookout,10
2696,B01455,2026-05-18,Alex,Aspen Grove,10
2697,B00861,2026-06-05,Riley,Aspen Grove,8
2698,B00861,2026-01-25,Taylor,Pine Lookout,6
2699,B00861,2026-04-03,Morgan,Cliff Basin,4
2700,B00861,2026-02-26,Alex,Lake Edge,4
2701,B00861,2026-04-30,Riley,Canyon Overlook,1
2702,B00861,2026-02-07,Jordan,Canyon Overlook,6
2703,B00254,2026-03-16,Alex,Wetlands,4
2704,B00254,2026-06-13,Riley,Wetlands,6
2705,B00254,2026-05-20,Alex,Pine Lookout,9
2706,B00254,2026-02-26,Quinn,Sunset Ridge,10
2707,B00024,2026-06-06,Morgan,Cliff Basin,11
2708,B00024,2026-05-26,Sam,Lake Edge,3
2709,B00024,2026-01-27,Taylor,Rocky Pass,5
2710,B00024,2026-06-29,Alex,Wetlands,9
2711,B00024,2026-06-08,Riley,Canyon Overlook,7
2712,B01499,2026-02-25,Alex,Rocky Pass,7
2713,B01499,2026-04-19,Quinn,Canyon Overlook,4
2714,B01499,2026-06-28,Sam,Wetlands,3
2715,B01499,2026-02-08,Alex,Cliff Basin,8
2716,B01499,2026-04-14,Alex,Wetlands,4
2717,B01499,2026-06-03,Sam,Aspen Grove,9
2718,B00215,2026-03-04,Taylor,Pine Lookout,9
2719,B00215,2026-01-18,Morgan,Rocky Pass,10
2720,B00215,2026-03-12,Morgan,Lake Edge,5
2721,B00215,2026-06-13,Casey,Aspen Grove,8
2722,B00592,2026-04-02,Alex,Aspen Grove,5
2723,B00592,2026-01-07,Morgan,Pine Lookout,1
2724,B00592,2026-03-17,Casey,Lake Edge,8
2725,B00592,2026-01-19,Jordan,Wetlands,1
2726,B00592,2026-04-11,Taylor,Wetlands,1
2727,B00592,2026-02-07,Jordan,Pine Lookout,1
2728,B00452,2026-05-22,Taylor,Sunset Ridge,9
2729,B00452,2026-03-16,Casey,Pine Lookout,5
2730,B00452,2026-04-30,Alex,Pine Lookout,4
2731,B00452,2026-02-15,Riley,Wetlands,10
2732,B00452,2026-05-08,Morgan,Aspen Grove,4
2733,B00452,2026-04-21,Taylor,Canyon Overlook,10
2734,B00933,2026-02-13,Alex,Lake Edge,3
2735,B00933,2026-02-01,Morgan,Canyon Overlook,3
2736,B00933,2026-04-29,Jordan,Wetlands,9
2737,B00933,2026-05-26,Quinn,Pine Lookout,10
2738,B00933,2026-04-03,Riley,Sunset Ridge,1
2739,B00933,2026-01-13,Taylor,Cliff Basin,1
2740,B00933,2026-04-20,Morgan,Pine Lookout,11
2741,B00469,2026-02-01,Riley,Aspen Grove,9
2742,B00469,2026-02-25,Quinn,Wetlands,10
2743,B00469,2026-05-04,Alex,Cliff Basin,2
2744,B00469,2026-03-16,Alex,Pine Lookout,3
2745,B00469,2026-06-09,Morgan,Canyon Overlook,9
2746,B00469,2026-06-07,Riley,Pine Lookout,6
2747,B01583,2026-04-16,Sam,Sunset Ridge,10
2748,B01583,2026-04-03,Casey,Canyon Overlook,4
2749,B01583,2026-05-22,Riley,Lake Edge,4
2750,B01583,2026-02-21,Sam,Lake Edge,9
2751,B00468,2026-03-25,Sam,Sunset Ridge,9
2752,B00468,2026-01-09,Riley,Rocky Pass,11
2753,B00468,2026-03-18,Casey,Lake Edge,4
2754,B00468,2026-05-30,Sam,Canyon Overlook,10
2755,B00900,2026-02-20,Alex,Sunset Ridge,7
2756,B00900,2026-03-31,Morgan,Sunset Ridge,4
2757,B00900,2026-04-06,Morgan,Pine Lookout,5
2758,B00900,2026-06-07,Taylor,Aspen Grove,9
2759,B01467,2026-03-15,Jordan,Sunset Ridge,5
2760,B01467,2026-02-14,Casey,Lake Edge,6
2761,B01467,2026-05-26,Riley,Pine Lookout,3
2762,B01467,2026-06-25,Taylor,Lake Edge,2
2763,B01467,2026-04-13,Alex,Pine Lookout,5
2764,B01467,2026-06-03,Riley,Wetlands,7
2765,B01467,2026-02-18,Casey,Cliff Basin,3
2766,B00190,2026-03-03,Morgan,Sunset Ridge,6
2767,B00190,2026-04-02,Morgan,Lake Edge,9
2768,B00190,2026-05-30,Casey,Canyon Overlook,3
2769,B00190,2026-01-14,Casey,Pine Lookout,8
2770,B00190,2026-01-25,Sam,Aspen Grove,3
2771,B00190,2026-03-06,Riley,Canyon Overlook,3
2772,B01077,2026-05-05,Casey,Rocky Pass,11
2773,B01077,2026-03-09,Alex,Canyon Overlook,3
2774,B01077,2026-05-30,Taylor,Aspen Grove,9
2775,B01077,2026-04-10,Riley,Cliff Basin,9
2776,B01077,2026-04-19,Alex,Cliff Basin,11
2777,B01077,2026-01-11,Alex,Aspen Grove,11
2778,B01077,2026-05-13,Morgan,Aspen Grove,6
2779,B01037,2026-03-06,Jordan,Aspen Grove,3
2780,B01037,2026-04-10,Casey,Sunset Ridge,9
2781,B01037,2026-04-29,Sam,Aspen Grove,6
2782,B01037,2026-02-25,Taylor,Sunset Ridge,6
2783,B00169,2026-04-27,Morgan,Lake Edge,9
2784,B00169,2026-05-08,Taylor,Wetlands,1
2785,B00169,2026-01-23,Morgan,Lake Edge,10
2786,B00169,2026-06-10,Morgan,Canyon Overlook,5
2787,B00169,2026-04-30,Alex,Aspen Grove,1
2788,B01544,2026-04-22,Casey,Canyon Overlook,3
2789,B01544,2026-01-20,Quinn,Wetlands,7
2790,B01544,2026-05-22,Alex,Aspen Grove,8
2791,B01544,2026-04-08,Riley,Wetlands,9
2792,B01544,2026-01-04,Alex,Cliff Basin,9
2793,B01544,2026-01-10,Riley,Sunset Ridge,1
2794,B01544,2026-02-11,Jordan,Pine Lookout,7
2795,B00666,2026-04-15,Taylor,Rocky Pass,7
2796,B00666,2026-06-15,Riley,Lake Edge,1
2797,B00666,2026-05-05,Riley,Aspen Grove,7
2798,B00666,2026-02-04,Quinn,Rocky Pass,9
2799,B00666,2026-01-26,Casey,Cliff Basin,11
2800,B00666,2026-05-03,Sam,Rocky Pass,6
2801,B00666,2026-04-05,Quinn,Wetlands,1
2802,B00416,2026-01-23,Taylor,Aspen Grove,3
2803,B00416,2026-05-21,Morgan,Wetlands,9
2804,B00416,2026-01-18,Alex,Lake Edge,2
2805,B00416,2026-02-05,Taylor,Wetlands,4
2806,B00957,2026-06-20,Taylor,Cliff Basin,2
2807,B00957,2026-06-27,Taylor,Lake Edge,1
2808,B00957,2026-05-01,Riley,Wetlands,3
2809,B00957,2026-03-26,Quinn,Wetlands,5
2810,B00957,2026-04-17,Riley,Aspen Grove,2
2811,B01498,2026-06-12,Sam,Aspen Grove,9
2812,B01498,2026-02-23,Jordan,Wetlands,11
2813,B01498,2026-03-16,Sam,Lake Edge,3
2814,B01498,2026-03-17,Quinn,Wetlands,11
2815,B01498,2026-04-20,Quinn,Aspen Grove,1
2816,B01498,2026-05-18,Jordan,Wetlands,5
2817,B01446,2026-02-23,Taylor,Sunset Ridge,11
2818,B01446,2026-06-25,Alex,Lake Edge,1
2819,B01446,2026-06-20,Quinn,Canyon Overlook,6
2820,B01446,2026-04-21,Riley,Rocky Pass,10
2821,B00407,2026-05-20,Riley,Lake Edge,11
2822,B00407,2026-02-21,Riley,Sunset Ridge,7
2823,B00407,2026-03-08,Quinn,Cliff Basin,8
2824,B00407,2026-01-20,Taylor,Lake Edge,1
2825,B00407,2026-02-05,Casey,Rocky Pass,9
2826,B01408,2026-06-20,Jordan,Sunset Ridge,3
2827,B01408,2026-01-18,Jordan,Wetlands,1
2828,B01408,2026-03-10,Morgan,Rocky Pass,10
2829,B01408,2026-06-02,Jordan,Aspen Grove,10
2830,B01408,2026-03-30,Alex,Aspen Grove,6
2831,B00330,2026-05-13,Riley,Sunset Ridge,10
2832,B00330,2026-02-05,Taylor,Sunset Ridge,3
2833,B00330,2026-06-11,Quinn,Rocky Pass,2
2834,B00330,2026-06-09,Sam,Canyon Overlook,1
2835,B00330,2026-03-18,Jordan,Cliff Basin,3
2836,B00278,2026-06-21,Morgan,Canyon Overlook,4
2837,B00278,2026-02-14,Sam,Rocky Pass,9
2838,B00278,2026-02-21,Taylor,Wetlands,9
2839,B00278,2026-06-29,Sam,Canyon Overlook,8
2840,B00278,2026-05-04,Alex,Cliff Basin,2
2841,B00278,2026-03-22,Morgan,Wetlands,10
2842,B01159,2026-03-02,Morgan,Lake Edge,2
2843,B01159,2026-06-12,Alex,Aspen Grove,6
2844,B01159,2026-05-13,Quinn,Aspen Grove,2
2845,B01159,2026-03-06,Taylor,Pine Lookout,4
2846,B01159,2026-01-16,Taylor,Canyon Overlook,7
2847,B01159,2026-04-14,Riley,Cliff Basin,4
2848,B01159,2026-03-31,Quinn,Rocky Pass,9
2849,B00291,2026-05-11,Taylor,Cliff Basin,10
2850,B00291,2026-03-27,Taylor,Pine Lookout,2
2851,B00291,2026-01-04,Taylor,Wetlands,2
2852,B00291,2026-02-25,Taylor,Cliff Basin,1
2853,B00280,2026-05-07,Riley,Cliff Basin,6
2854,B00280,2026-06-22,Quinn,Lake Edge,6
2855,B00280,2026-03-01,Morgan,Lake Edge,11
2856,B00280,2026-02-13,Morgan,Rocky Pass,3
2857,B00280,2026-03-04,Morgan,Sunset Ridge,4
2858,B00280,2026-01-28,Casey,Pine Lookout,5
2859,B00280,2026-03-11,Sam,Wetlands,7
2860,B00006,2026-02-08,Quinn,Lake Edge,5
2861,B00006,2026-06-12,Casey,Pine Lookout,11
2862,B00006,2026-02-04,Morgan,Lake Edge,10
2863,B00006,2026-06-28,Riley,Canyon Overlook,11
2864,B00006,2026-06-17,Casey,Lake Edge,9
2865,B00006,2026-04-29,Taylor,Lake Edge,8
2866,B00711,2026-02-01,Casey,Wetlands,6
2867,B00711,2026-02-18,Casey,Aspen Grove,5
2868,B00711,2026-05-29,Riley,Rocky Pass,9
2869,B00711,2026-05-10,Casey,Rocky Pass,5
2870,B00711,2026-03-17,Morgan,Aspen Grove,5
2871,B00711,2026-05-30,Alex,Canyon Overlook,9
2872,B00137,2026-02-09,Riley,Lake Edge,5
2873,B00137,2026-06-06,Jordan,Rocky Pass,2
2874,B00137,2026-03-16,Casey,Lake Edge,11
2875,B00137,2026-05-19,Taylor,Lake Edge,11
2876,B00582,2026-05-24,Riley,Sunset Ridge,3
2877,B00582,2026-04-17,Jordan,Aspen Grove,1
2878,B00582,2026-03-25,Alex,Canyon Overlook,10
2879,B00582,2026-01-12,Sam,Rocky Pass,5
2880,B00582,2026-02-03,Morgan,Canyon Overlook,10
2881,B00582,2026-04-21,Jordan,Sunset Ridge,10
2882,B00532,2026-04-28,Morgan,Wetlands,3
2883,B00532,2026-01-21,Morgan,Lake Edge,3
2884,B00532,2026-03-30,Quinn,Pine Lookout,2
2885,B00532,2026-03-08,Casey,Wetlands,1
2886,B00532,2026-06-21,Riley,Lake Edge,4
2887,B01146,2026-03-26,Taylor,Aspen Grove,7
2888,B01146,2026-04-30,Quinn,Wetlands,7
2889,B01146,2026-06-21,Quinn,Aspen Grove,2
2890,B01146,2026-01-02,Taylor,Rocky Pass,3
2891,B01614,2026-04-22,Sam,Rocky Pass,1
2892,B01614,2026-04-20,Taylor,Aspen Grove,1
2893,B01614,2026-06-01,Taylor,Cliff Basin,1
2894,B01614,2026-02-26,Quinn,Sunset Ridge,7
2895,B01614,2026-04-19,Quinn,Canyon Overlook,8
2896,B01614,2026-01-12,Taylor,Wetlands,10
2897,B00794,2026-04-13,Alex,Lake Edge,6
2898,B00794,2026-04-24,Taylor,Canyon Overlook,5
2899,B00794,2026-05-17,Sam,Sunset Ridge,6
2900,B00794,2026-04-09,Sam,Wetlands,4
2901,B00794,2026-02-03,Morgan,Canyon Overlook,10
2902,B00794,2026-06-21,Taylor,Lake Edge,9
2903,B00794,2026-02-27,Taylor,Aspen Grove,2
2904,B00044,2026-01-24,Sam,Cliff Basin,7
2905,B00044,2026-05-06,Casey,Canyon Overlook,10
2906,B00044,2026-03-02,Alex,Pine Lookout,2
2907,B00044,2026-04-18,Taylor,Pine Lookout,9
2908,B00044,2026-04-10,Sam,Rocky Pass,9
2909,B00745,2026-02-03,Riley,Aspen Grove,8
2910,B00745,2026-06-18,Riley,Aspen Grove,10
2911,B00745,2026-01-14,Casey,Sunset Ridge,10
2912,B00745,2026-03-21,Morgan,Cliff Basin,8
2913,B00745,2026-04-14,Casey,Wetlands,3
2914,B00745,2026-05-14,Morgan,Rocky Pass,10
2915,B00745,2026-02-20,Taylor,Aspen Grove,4
2916,B01043,2026-06-29,Riley,Pine Lookout,7
2917,B01043,2026-01-07,Riley,Cliff Basin,2
2918,B01043,2026-01-13,Morgan,Pine Lookout,9
2919,B01043,2026-04-13,Morgan,Aspen Grove,4
2920,B01043,2026-04-01,Sam,Canyon Overlook,8
2921,B01043,2026-05-08,Taylor,Lake Edge,1
2922,B01043,2026-06-03,Casey,Wetlands,11
2923,B00996,2026-03-21,Jordan,Wetlands,8
2924,B00996,2026-04-06,Jordan,Pine Lookout,6
2925,B00996,2026-05-01,Taylor,Sunset Ridge,1
2926,B00996,2026-04-14,Alex,Aspen Grove,7
2927,B00996,2026-02-04,Alex,Lake Edge,5
2928,B00996,2026-04-24,Jordan,Rocky Pass,1
2929,B00996,2026-05-30,Quinn,Lake Edge,5
2930,B00538,2026-02-28,Alex,Canyon Overlook,8
2931,B00538,2026-01-04,Quinn,Cliff Basin,6
2932,B00538,2026-05-08,Jordan,Aspen Grove,6
2933,B00538,2026-06-24,Riley,Canyon Overlook,10
2934,B00538,2026-01-14,Riley,Pine Lookout,8
2935,B00538,2026-04-26,Taylor,Aspen Grove,7
2936,B00538,2026-04-20,Quinn,Cliff Basin,9
2937,B00332,2026-05-25,Morgan,Aspen Grove,5
2938,B00332,2026-06-27,Sam,Pine Lookout,4
2939,B00332,2026-05-19,Sam,Canyon Overlook,11
2940,B00332,2026-04-01,Taylor,Wetlands,2
2941,B00332,2026-01-05,Morgan,Rocky Pass,6
2942,B00332,2026-05-31,Riley,Wetlands,10
2943,B00237,2026-02-28,Quinn,Sunset Ridge,1
2944,B00237,2026-03-26,Taylor,Pine Lookout,4
2945,B00237,2026-04-20,Casey,Lake Edge,6
2946,B00237,2026-06-14,Riley,Wetlands,9
2947,B00237,2026-06-11,Sam,Sunset Ridge,3
2948,B00237,2026-04-28,Alex,Aspen Grove,4
2949,B00998,2026-06-04,Morgan,Cliff Basin,2
2950,B00998,2026-04-15,Riley,Aspen Grove,9
2951,B00998,2026-05-12,Sam,Aspen Grove,10
2952,B00998,2026-03-16,Riley,Sunset Ridge,7
2953,B01334,2026-06-24,Alex,Pine Lookout,10
2954,B01334,2026-06-27,Sam,Pine Lookout,11
2955,B01334,2026-02-15,Jordan,Sunset Ridge,11
2956,B01334,2026-02-14,Casey,Cliff Basin,11
2957,B01334,2026-06-15,Sam,Lake Edge,5
2958,B01334,2026-04-03,Casey,Sunset Ridge,3
2959,B00482,2026-02-18,Morgan,Lake Edge,1
2960,B00482,2026-06-18,Casey,Lake Edge,1
2961,B00482,2026-02-24,Riley,Wetlands,6
2962,B00482,2026-03-13,Casey,Pine Lookout,4
2963,B00609,2026-02-21,Taylor,Canyon Overlook,1
2964,B00609,2026-02-10,Taylor,Rocky Pass,2
2965,B00609,2026-06-18,Taylor,Pine Lookout,8
2966,B00609,2026-04-09,Taylor,Pine Lookout,8
2967,B00609,2026-04-24,Alex,Canyon Overlook,8
2968,B01547,2026-02-01,Jordan,Lake Edge,8
2969,B01547,2026-01-19,Casey,Rocky Pass,4
2970,B01547,2026-06-19,Casey,Cliff Basin,7
2971,B01547,2026-06-25,Quinn,Aspen Grove,1
2972,B01547,2026-06-21,Morgan,Aspen Grove,1
2973,B01648,2026-04-21,Quinn,Canyon Overlook,2
2974,B01648,2026-05-03,Taylor,Sunset Ridge,2
2975,B01648,2026-02-25,Quinn,Rocky Pass,3
2976,B01648,2026-02-03,Morgan,Aspen Grove,7
2977,B00621,2026-01-02,Taylor,Rocky Pass,5
2978,B00621,2026-05-25,Alex,Sunset Ridge,9
2979,B00621,2026-05-18,Riley,Wetlands,3
2980,B00621,2026-02-13,Riley,Lake Edge,5
2981,B00070,2026-02-14,Sam,Rocky Pass,2
2982,B00070,2026-05-10,Taylor,Sunset Ridge,8
2983,B00070,2026-04-18,Sam,Aspen Grove,6
2984,B00070,2026-04-04,Riley,Aspen Grove,9
2985,B01480,2026-02-06,Morgan,Cliff Basin,6
2986,B01480,2026-02-18,Riley,Cliff Basin,2
2987,B01480,2026-03-13,Taylor,Sunset Ridge,6
2988,B01480,2026-04-08,Jordan,Wetlands,11
2989,B01480,2026-05-08,Sam,Wetlands,1
2990,B01480,2026-02-22,Sam,Sunset Ridge,6
2991,B01480,2026-02-27,Sam,Canyon Overlook,2
2992,B01475,2026-01-19,Casey,Sunset Ridge,10
2993,B01475,2026-05-18,Sam,Aspen Grove,9
2994,B01475,2026-06-14,Alex,Rocky Pass,4
2995,B01475,2026-06-01,Alex,Lake Edge,9
2996,B01475,2026-06-06,Morgan,Pine Lookout,6
2997,B01475,2026-02-11,Sam,Rocky Pass,9
2998,B01475,2026-05-09,Quinn,Canyon Overlook,4
2999,B00989,2026-01-05,Taylor,Aspen Grove,5
3000,B00989,2026-06-19,Riley,Cliff Basin,3
3001,B00989,2026-03-20,Sam,Pine Lookout,9
3002,B00989,2026-05-14,Taylor,Wetlands,1
3003,B00989,2026-01-19,Morgan,Sunset Ridge,11
3004,B01511,2026-04-16,Riley,Wetlands,7
3005,B01511,2026-05-05,Morgan,Sunset Ridge,2
3006,B01511,2026-03-12,Alex,Lake Edge,6
3007,B01511,2026-02-15,Morgan,Rocky Pass,2
3008,B01511,2026-06-21,Taylor,Aspen Grove,5
3009,B01511,2026-04-28,Morgan,Canyon Overlook,7
3010,B01511,2026-03-01,Sam,Aspen Grove,7
3011,B00150,2026-06-10,Alex,Wetlands,10
3012,B00150,2026-06-08,Riley,Cliff Basin,2
3013,B00150,2026-01-26,Quinn,Sunset Ridge,7
3014,B00150,2026-03-06,Casey,Cliff Basin,5
3015,B00150,2026-05-26,Sam,Cliff Basin,2
3016,B00150,2026-02-21,Taylor,Canyon Overlook,11
3017,B00966,2026-03-22,Jordan,Lake Edge,1
3018,B00966,2026-03-24,Riley,Cliff Basin,11
3019,B00966,2026-04-04,Taylor,Canyon Overlook,6
3020,B00966,2026-06-22,Morgan,Pine Lookout,11
3021,B00966,2026-03-17,Morgan,Cliff Basin,2
3022,B00966,2026-02-21,Quinn,Wetlands,7
3023,B00966,2026-06-16,Sam,Aspen Grove,4
3024,B01226,2026-02-03,Casey,Wetlands,11
3025,B01226,2026-02-08,Morgan,Wetlands,5
3026,B01226,2026-03-01,Riley,Pine Lookout,7
3027,B01226,2026-06-22,Jordan,Cliff Basin,9
3028,B01226,2026-06-16,Quinn,Cliff Basin,5
3029,B01226,2026-02-25,Riley,Wetlands,5
3030,B01226,2026-06-11,Jordan,Rocky Pass,5
3031,B01098,2026-04-13,Jordan,Rocky Pass,10
3032,B01098,2026-06-10,Sam,Canyon Overlook,2
3033,B01098,2026-04-04,Riley,Cliff Basin,4
3034,B01098,2026-02-08,Jordan,Aspen Grove,10
3035,B01098,2026-01-13,Casey,Wetlands,9
3036,B01098,2026-03-19,Taylor,Wetlands,7
3037,B01098,2026-03-02,Casey,Lake Edge,5
3038,B00643,2026-01-01,Alex,Rocky Pass,10
3039,B00643,2026-05-25,Sam,Cliff Basin,9
3040,B00643,2026-04-10,Taylor,Canyon Overlook,2
3041,B00643,2026-05-17,Riley,Sunset Ridge,7
3042,B00643,2026-01-21,Taylor,Sunset Ridge,4
3043,B00643,2026-01-07,Alex,Cliff Basin,7
3044,B00643,2026-03-03,Casey,Wetlands,10
3045,B01102,2026-02-12,Morgan,Rocky Pass,7
3046,B01102,2026-02-20,Riley,Aspen Grove,11
3047,B01102,2026-04-27,Taylor,Cliff Basin,9
3048,B01102,2026-05-17,Morgan,Wetlands,3
3049,B01102,2026-04-13,Taylor,Rocky Pass,6
3050,B01102,2026-05-06,Alex,Cliff Basin,10
3051,B01102,2026-06-23,Jordan,Aspen Grove,2
3052,B01053,2026-06-03,Casey,Aspen Grove,6
3053,B01053,2026-06-28,Sam,Wetlands,5
3054,B01053,2026-03-17,Morgan,Aspen Grove,11
3055,B01053,2026-03-08,Jordan,Canyon Overlook,1
3056,B01053,2026-04-23,Taylor,Pine Lookout,4
3057,B01053,2026-02-10,Quinn,Wetlands,7
3058,B01053,2026-02-16,Morgan,Sunset Ridge,10
3059,B00297,2026-03-07,Riley,Aspen Grove,5
3060,B00297,2026-05-06,Jordan,Cliff Basin,9
3061,B00297,2026-02-15,Sam,Lake Edge,1
3062,B00297,2026-01-23,Jordan,Rocky Pass,11
3063,B00297,2026-05-01,Riley,Pine Lookout,1
3064,B00297,2026-03-20,Riley,Canyon Overlook,7
3065,B01663,2026-04-09,Jordan,Cliff Basin,10
3066,B01663,2026-02-20,Riley,Canyon Overlook,5
3067,B01663,2026-03-07,Casey,Aspen Grove,9
3068,B01663,2026-02-10,Quinn,Aspen Grove,2
3069,B00596,2026-02-28,Morgan,Pine Lookout,10
3070,B00596,2026-06-04,Casey,Pine Lookout,3
3071,B00596,2026-03-16,Taylor,Sunset Ridge,3
3072,B00596,2026-04-22,Taylor,Cliff Basin,8
3073,B00873,2026-02-25,Casey,Sunset Ridge,5
3074,B00873,2026-01-20,Casey,Rocky Pass,7
3075,B00873,2026-04-23,Quinn,Lake Edge,11
3076,B00873,2026-05-06,Taylor,Cliff Basin,5
3077,B00873,2026-02-03,Riley,Pine Lookout,11
3078,B00873,2026-06-08,Morgan,Canyon Overlook,1
3079,B00287,2026-06-13,Quinn,Wetlands,10
3080,B00287,2026-04-03,Morgan,Lake Edge,2
3081,B00287,2026-03-19,Sam,Sunset Ridge,3
3082,B00287,2026-04-28,Riley,Sunset Ridge,5
3083,B00287,2026-01-28,Alex,Canyon Overlook,2
3084,B00287,2026-05-11,Riley,Rocky Pass,6
3085,B00241,2026-05-13,Alex,Aspen Grove,11
3086,B00241,2026-02-21,Taylor,Rocky Pass,10
3087,B00241,2026-04-27,Alex,Wetlands,4
3088,B00241,2026-01-19,Taylor,Sunset Ridge,1
3089,B00241,2026-01-25,Sam,Cliff Basin,6
3090,B00241,2026-03-17,Jordan,Lake Edge,4
3091,B00563,2026-02-02,Jordan,Canyon Overlook,7
3092,B00563,2026-02-09,Sam,Lake Edge,11
3093,B00563,2026-01-16,Jordan,Sunset Ridge,3
3094,B00563,2026-06-24,Quinn,Rocky Pass,10
3095,B00183,2026-01-31,Alex,Pine Lookout,8
3096,B00183,2026-03-26,Sam,Aspen Grove,8
3097,B00183,2026-01-11,Casey,Pine Lookout,8
3098,B00183,2026-05-19,Alex,Lake Edge,2
3099,B00183,2026-06-08,Casey,Rocky Pass,8
3100,B00183,2026-03-05,Sam,Canyon Overlook,2
3101,B00054,2026-05-27,Sam,Cliff Basin,6
3102,B00054,2026-05-12,Sam,Canyon Overlook,3
3103,B00054,2026-05-14,Morgan,Lake Edge,3
3104,B00054,2026-02-06,Taylor,Canyon Overlook,3
3105,B00054,2026-02-10,Morgan,Cliff Basin,7
3106,B01308,2026-04-13,Taylor,Cliff Basin,9
3107,B01308,2026-01-07,Quinn,Cliff Basin,10
3108,B01308,2026-05-27,Casey,Canyon Overlook,6
3109,B01308,2026-01-26,Morgan,Aspen Grove,10
3110,B01308,2026-01-02,Taylor,Lake Edge,11
3111,B01308,2026-06-25,Morgan,Wetlands,3
3112,B01308,2026-06-08,Sam,Sunset Ridge,1
3113,B01219,2026-06-03,Jordan,Wetlands,6
3114,B01219,2026-04-04,Sam,Wetlands,4
3115,B01219,2026-04-19,Alex,Aspen Grove,7
3116,B01219,2026-01-12,Alex,Sunset Ridge,8
3117,B01219,2026-02-11,Jordan,Wetlands,4
3118,B01282,2026-02-01,Taylor,Lake Edge,2
3119,B01282,2026-04-18,Morgan,Rocky Pass,10
3120,B01282,2026-01-03,Sam,Canyon Overlook,2
3121,B01282,2026-02-15,Riley,Lake Edge,1
3122,B01282,2026-01-27,Casey,Cliff Basin,8
3123,B01282,2026-01-10,Morgan,Sunset Ridge,11
3124,B00690,2026-04-20,Alex,Canyon Overlook,2
3125,B00690,2026-05-20,Quinn,Pine Lookout,4
3126,B00690,2026-02-14,Quinn,Cliff Basin,5
3127,B00690,2026-05-27,Riley,Wetlands,10
3128,B00214,2026-05-19,Jordan,Sunset Ridge,8
3129,B00214,2026-06-25,Sam,Rocky Pass,5
3130,B00214,2026-05-29,Taylor,Lake Edge,1
3131,B00214,2026-03-07,Jordan,Cliff Basin,7
3132,B00214,2026-01-14,Alex,Cliff Basin,10
3133,B00214,2026-04-02,Casey,Rocky Pass,3
3134,B00214,2026-04-25,Casey,Cliff Basin,5
3135,B01081,2026-05-13,Morgan,Pine Lookout,7
3136,B01081,2026-05-10,Casey,Canyon Overlook,8
3137,B01081,2026-04-27,Quinn,Sunset Ridge,2
3138,B01081,2026-05-15,Riley,Cliff Basin,3
3139,B00879,2026-04-13,Taylor,Aspen Grove,9
3140,B00879,2026-06-12,Alex,Sunset Ridge,3
3141,B00879,2026-02-14,Morgan,Canyon Overlook,1
3142,B00879,2026-03-25,Riley,Pine Lookout,3
3143,B00879,2026-04-02,Taylor,Wetlands,8
3144,B00879,2026-04-05,Quinn,Aspen Grove,6
3145,B00879,2026-03-27,Alex,Canyon Overlook,8
3146,B00827,2026-01-25,Alex,Aspen Grove,3
3147,B00827,2026-03-05,Jordan,Canyon Overlook,9
3148,B00827,2026-04-12,Jordan,Lake Edge,11
3149,B00827,2026-06-03,Alex,Lake Edge,4
3150,B00207,2026-03-04,Riley,Sunset Ridge,4
3151,B00207,2026-01-25,Morgan,Pine Lookout,3
3152,B00207,2026-06-09,Casey,Aspen Grove,6
3153,B00207,2026-05-21,Taylor,Pine Lookout,8
3154,B00316,2026-06-14,Jordan,Sunset Ridge,2
3155,B00316,2026-06-16,Taylor,Wetlands,11
3156,B00316,2026-03-03,Riley,Wetlands,10
3157,B00316,2026-05-21,Quinn,Rocky Pass,8
3158,B00316,2026-02-19,Quinn,Cliff Basin,9
3159,B00316,2026-05-14,Jordan,Rocky Pass,3
3160,B00316,2026-06-20,Casey,Aspen Grove,11
3161,B00838,2026-06-17,Casey,Pine Lookout,3
3162,B00838,2026-02-15,Sam,Cliff Basin,5
3163,B00838,2026-05-19,Alex,Wetlands,11
3164,B00838,2026-05-23,Casey,Aspen Grove,2
3165,B00838,2026-05-31,Quinn,Pine Lookout,11
3166,B00838,2026-01-31,Sam,Lake Edge,4
3167,B00715,2026-05-04,Riley,Canyon Overlook,10
3168,B00715,2026-05-27,Casey,Wetlands,10
3169,B00715,2026-02-03,Taylor,Lake Edge,3
3170,B00715,2026-01-03,Jordan,Pine Lookout,8
3171,B01067,2026-01-08,Taylor,Aspen Grove,11
3172,B01067,2026-03-12,Riley,Lake Edge,2
3173,B01067,2026-06-12,Casey,Pine Lookout,2
3174,B01067,2026-05-28,Sam,Wetlands,6
3175,B01067,2026-06-23,Casey,Wetlands,11
3176,B01355,2026-04-20,Sam,Canyon Overlook,8
3177,B01355,2026-02-19,Morgan,Wetlands,1
3178,B01355,2026-02-02,Taylor,Lake Edge,1
3179,B01355,2026-03-25,Casey,Aspen Grove,4
3180,B01244,2026-03-16,Casey,Aspen Grove,11
3181,B01244,2026-03-17,Jordan,Lake Edge,9
3182,B01244,2026-01-08,Alex,Sunset Ridge,10
3183,B01244,2026-05-23,Quinn,Aspen Grove,7
3184,B01244,2026-04-14,Quinn,Lake Edge,4
3185,B01244,2026-01-16,Riley,Rocky Pass,8
3186,B01244,2026-01-10,Quinn,Aspen Grove,2
3187,B01551,2026-03-24,Taylor,Aspen Grove,9
3188,B01551,2026-04-24,Sam,Canyon Overlook,11
3189,B01551,2026-05-22,Morgan,Pine Lookout,9
3190,B01551,2026-04-12,Alex,Pine Lookout,10
3191,B00504,2026-04-17,Riley,Lake Edge,6
3192,B00504,2026-01-11,Riley,Canyon Overlook,6
3193,B00504,2026-02-23,Jordan,Canyon Overlook,9
3194,B00504,2026-01-25,Jordan,Canyon Overlook,2
3195,B00166,2026-05-04,Morgan,Aspen Grove,10
3196,B00166,2026-03-22,Morgan,Wetlands,8
3197,B00166,2026-02-22,Quinn,Sunset Ridge,4
3198,B00166,2026-04-30,Taylor,Aspen Grove,2
3199,B00166,2026-05-18,Jordan,Cliff Basin,11
3200,B00166,2026-01-30,Morgan,Cliff Basin,7
3201,B00022,2026-06-16,Alex,Lake Edge,1
3202,B00022,2026-06-15,Sam,Lake Edge,1
3203,B00022,2026-01-29,Alex,Sunset Ridge,3
3204,B00022,2026-02-22,Casey,Pine Lookout,11
3205,B00022,2026-03-16,Sam,Rocky Pass,8
3206,B00022,2026-04-20,Morgan,Rocky Pass,6
3207,B00022,2026-01-31,Morgan,Sunset Ridge,5
3208,B00471,2026-01-19,Morgan,Cliff Basin,2
3209,B00471,2026-04-27,Jordan,Pine Lookout,8
3210,B00471,2026-06-13,Quinn,Wetlands,2
3211,B00471,2026-05-07,Sam,Pine Lookout,6
3212,B00471,2026-06-16,Taylor,Lake Edge,10
3213,B00471,2026-04-07,Jordan,Wetlands,8
3214,B00471,2026-06-21,Casey,Aspen Grove,4
3215,B00770,2026-06-07,Casey,Canyon Overlook,9
3216,B00770,2026-05-15,Alex,Aspen Grove,4
3217,B00770,2026-02-11,Riley,Pine Lookout,5
3218,B00770,2026-06-02,Morgan,Sunset Ridge,3
3219,B00770,2026-02-22,Riley,Rocky Pass,6
3220,B01674,2026-03-08,Alex,Sunset Ridge,3
3221,B01674,2026-05-20,Casey,Pine Lookout,1
3222,B01674,2026-06-20,Quinn,Rocky Pass,1
3223,B01674,2026-04-22,Alex,Aspen Grove,8
3224,B01674,2026-03-01,Riley,Sunset Ridge,8
3225,B01674,2026-05-28,Casey,Canyon Overlook,8
3226,B01108,2026-01-09,Jordan,Sunset Ridge,1
3227,B01108,2026-06-04,Alex,Pine Lookout,3
3228,B01108,2026-05-17,Alex,Aspen Grove,1
3229,B01108,2026-02-04,Morgan,Lake Edge,11
3230,B01108,2026-03-18,Morgan,Rocky Pass,9
3231,B01108,2026-05-09,Morgan,Sunset Ridge,7
3232,B01108,2026-03-06,Casey,Aspen Grove,7
3233,B01187,2026-02-20,Quinn,Sunset Ridge,6
3234,B01187,2026-06-14,Sam,Pine Lookout,9
3235,B01187,2026-01-22,Quinn,Pine Lookout,8
3236,B01187,2026-05-05,Alex,Sunset Ridge,1
3237,B01187,2026-05-07,Quinn,Lake Edge,5
3238,B01008,2026-05-29,Casey,Rocky Pass,6
3239,B01008,2026-03-26,Quinn,Aspen Grove,9
3240,B01008,2026-01-03,Casey,Sunset Ridge,10
3241,B01008,2026-06-27,Sam,Canyon Overlook,4
3242,B01008,2026-06-23,Riley,Aspen Grove,1
3243,B01008,2026-03-05,Quinn,Sunset Ridge,7
3244,B01237,2026-06-16,Jordan,Rocky Pass,4
3245,B01237,2026-02-18,Riley,Cliff Basin,7
3246,B01237,2026-06-28,Riley,Aspen Grove,3
3247,B01237,2026-05-26,Casey,Wetlands,2
3248,B01237,2026-02-24,Riley,Rocky Pass,1
3249,B00089,2026-05-23,Casey,Wetlands,6
3250,B00089,2026-06-09,Casey,Sunset Ridge,1
3251,B00089,2026-04-02,Sam,Pine Lookout,9
3252,B00089,2026-01-03,Taylor,Pine Lookout,2
3253,B00089,2026-04-22,Jordan,Lake Edge,6
3254,B00089,2026-05-30,Riley,Canyon Overlook,2
3255,B00089,2026-01-05,Taylor,Sunset Ridge,8
3256,B00115,2026-06-09,Casey,Rocky Pass,4
3257,B00115,2026-03-01,Riley,Canyon Overlook,3
3258,B00115,2026-04-25,Taylor,Aspen Grove,2
3259,B00115,2026-05-09,Alex,Sunset Ridge,5
3260,B00115,2026-05-28,Casey,Cliff Basin,2
3261,B00115,2026-01-09,Quinn,Rocky Pass,8
3262,B00115,2026-03-18,Riley,Rocky Pass,3
3263,B00248,2026-06-19,Alex,Aspen Grove,5
3264,B00248,2026-04-17,Sam,Aspen Grove,2
3265,B00248,2026-05-09,Taylor,Aspen Grove,9
3266,B00248,2026-06-16,Riley,Rocky Pass,9
3267,B00248,2026-02-18,Sam,Aspen Grove,9
3268,B00462,2026-02-08,Alex,Rocky Pass,4
3269,B00462,2026-02-28,Quinn,Lake Edge,1
3270,B00462,2026-06-26,Taylor,Wetlands,7
3271,B00462,2026-02-05,Jordan,Aspen Grove,11
3272,B00462,2026-05-07,Morgan,Cliff Basin,4
3273,B00462,2026-05-27,Morgan,Aspen Grove,11
3274,B01636,2026-04-17,Sam,Canyon Overlook,10
3275,B01636,2026-06-27,Morgan,Rocky Pass,7
3276,B01636,2026-02-08,Riley,Cliff Basin,4
3277,B01636,2026-05-18,Quinn,Aspen Grove,4
3278,B01636,2026-06-20,Riley,Rocky Pass,8
3279,B01636,2026-04-14,Morgan,Pine Lookout,2
3280,B01636,2026-01-29,Morgan,Cliff Basin,2
3281,B01684,2026-05-22,Jordan,Pine Lookout,8
3282,B01684,2026-02-03,Alex,Canyon Overlook,6
3283,B01684,2026-01-19,Sam,Lake Edge,10
3284,B01684,2026-06-21,Morgan,Pine Lookout,10
3285,B01684,2026-02-15,Riley,Lake Edge,10
3286,B01684,2026-04-23,Jordan,Canyon Overlook,2
3287,B01684,2026-06-24,Quinn,Canyon Overlook,7
3288,B00421,2026-06-08,Taylor,Pine Lookout,10
3289,B00421,2026-03-04,Sam,Canyon Overlook,5
3290,B00421,2026-05-21,Sam,Cliff Basin,11
3291,B00421,2026-04-01,Sam,Canyon Overlook,5
3292,B00761,2026-04-02,Casey,Lake Edge,9
3293,B00761,2026-01-06,Riley,Rocky Pass,3
3294,B00761,2026-04-30,Quinn,Canyon Overlook,11
3295,B00761,2026-02-11,Riley,Rocky Pass,6
3296,B00761,2026-04-15,Alex,Pine Lookout,5
3297,B00761,2026-02-07,Sam,Wetlands,2
3298,B00295,2026-02-05,Riley,Rocky Pass,6
3299,B00295,2026-04-14,Quinn,Wetlands,3
3300,B00295,2026-03-04,Casey,Sunset Ridge,3
3301,B00295,2026-03-13,Sam,Wetlands,10
3302,B00295,2026-02-01,Jordan,Wetlands,8
3303,B00295,2026-03-06,Taylor,Lake Edge,5
3304,B01442,2026-06-04,Taylor,Rocky Pass,10
3305,B01442,2026-06-05,Jordan,Aspen Grove,7
3306,B01442,2026-02-23,Taylor,Aspen Grove,5
3307,B01442,2026-01-10,Sam,Rocky Pass,2
3308,B01442,2026-03-15,Riley,Aspen Grove,9
3309,B01442,2026-05-16,Riley,Pine Lookout,6
3310,B01442,2026-01-05,Sam,Aspen Grove,4
3311,B00639,2026-05-30,Quinn,Aspen Grove,1
3312,B00639,2026-06-17,Morgan,Sunset Ridge,11
3313,B00639,2026-04-01,Alex,Sunset Ridge,4
3314,B00639,2026-02-15,Morgan,Cliff Basin,3
3315,B00798,2026-04-17,Sam,Lake Edge,7
3316,B00798,2026-02-23,Jordan,Lake Edge,4
3317,B00798,2026-04-29,Casey,Sunset Ridge,11
3318,B00798,2026-02-17,Taylor,Cliff Basin,6
3319,B00798,2026-03-15,Riley,Sunset Ridge,4
3320,B00385,2026-06-29,Casey,Wetlands,1
3321,B00385,2026-05-20,Jordan,Aspen Grove,9
3322,B00385,2026-03-10,Taylor,Pine Lookout,7
3323,B00385,2026-04-22,Quinn,Pine Lookout,11
3324,B00385,2026-02-06,Alex,Wetlands,4
3325,B00385,2026-06-23,Taylor,Sunset Ridge,10
3326,B00385,2026-05-19,Morgan,Sunset Ridge,4
3327,B00345,2026-04-13,Casey,Wetlands,3
3328,B00345,2026-01-30,Jordan,Aspen Grove,1
3329,B00345,2026-04-05,Morgan,Pine Lookout,8
3330,B00345,2026-06-27,Riley,Cliff Basin,8
3331,B00345,2026-05-07,Riley,Rocky Pass,2
3332,B00223,2026-03-30,Alex,Lake Edge,10
3333,B00223,2026-03-09,Quinn,Cliff Basin,1
3334,B00223,2026-05-27,Morgan,Pine Lookout,9
3335,B00223,2026-06-02,Quinn,Canyon Overlook,3
3336,B00804,2026-06-28,Quinn,Cliff Basin,4
3337,B00804,2026-01-12,Sam,Lake Edge,7
3338,B00804,2026-05-28,Jordan,Wetlands,9
3339,B00804,2026-03-17,Alex,Sunset Ridge,1
3340,B00804,2026-04-12,Alex,Rocky Pass,7
3341,B00804,2026-02-28,Quinn,Wetlands,5
3342,B01645,2026-06-20,Riley,Cliff Basin,6
3343,B01645,2026-03-07,Riley,Pine Lookout,10
3344,B01645,2026-02-23,Sam,Lake Edge,11
3345,B01645,2026-05-14,Casey,Pine Lookout,5
3346,B01645,2026-03-04,Casey,Pine Lookout,9
3347,B01645,2026-04-29,Taylor,Pine Lookout,7
3348,B01247,2026-05-10,Taylor,Aspen Grove,3
3349,B01247,2026-02-06,Casey,Pine Lookout,10
3350,B01247,2026-04-02,Alex,Rocky Pass,4
3351,B01247,2026-03-09,Taylor,Canyon Overlook,1
3352,B01012,2026-01-02,Taylor,Rocky Pass,4
3353,B01012,2026-04-14,Alex,Sunset Ridge,2
3354,B01012,2026-05-14,Sam,Aspen Grove,8
3355,B01012,2026-01-08,Quinn,Rocky Pass,11
3356,B01012,2026-04-04,Taylor,Sunset Ridge,2
3357,B01012,2026-01-06,Alex,Rocky Pass,11
3358,B01012,2026-06-20,Taylor,Canyon Overlook,6
3359,B00595,2026-03-02,Quinn,Aspen Grove,10
3360,B00595,2026-01-30,Taylor,Cliff Basin,9
3361,B00595,2026-03-28,Casey,Rocky Pass,4
3362,B00595,2026-05-02,Taylor,Rocky Pass,7
3363,B01302,2026-04-02,Morgan,Aspen Grove,10
3364,B01302,2026-02-05,Quinn,Pine Lookout,11
3365,B01302,2026-05-07,Alex,Aspen Grove,11
3366,B01302,2026-05-22,Taylor,Canyon Overlook,8
3367,B00069,2026-01-09,Alex,Canyon Overlook,3
3368,B00069,2026-06-23,Morgan,Aspen Grove,8
3369,B00069,2026-02-11,Alex,Rocky Pass,8
3370,B00069,2026-06-12,Jordan,Cliff Basin,6
3371,B00375,2026-04-22,Alex,Aspen Grove,6
3372,B00375,2026-06-14,Jordan,Wetlands,10
3373,B00375,2026-02-13,Quinn,Wetlands,10
3374,B00375,2026-01-09,Quinn,Pine Lookout,7
3375,B00375,2026-01-17,Morgan,Pine Lookout,7
3376,B00375,2026-02-01,Quinn,Canyon Overlook,10
3377,B00206,2026-03-28,Jordan,Pine Lookout,10
3378,B00206,2026-03-14,Sam,Canyon Overlook,3
3379,B00206,2026-04-21,Sam,Canyon Overlook,8
3380,B00206,2026-04-05,Quinn,Lake Edge,3
3381,B00206,2026-06-24,Riley,Canyon Overlook,9
3382,B00206,2026-03-22,Sam,Aspen Grove,7
3383,B00206,2026-04-04,Riley,Wetlands,9
3384,B00510,2026-03-21,Casey,Sunset Ridge,4
3385,B00510,2026-06-27,Taylor,Sunset Ridge,10
3386,B00510,2026-06-17,Sam,Sunset Ridge,3
3387,B00510,2026-06-23,Quinn,Pine Lookout,3
3388,B00510,2026-01-03,Casey,Wetlands,8
3389,B00510,2026-05-31,Riley,Pine Lookout,7
3390,B01162,2026-05-22,Casey,Sunset Ridge,10
3391,B01162,2026-02-02,Riley,Wetlands,7
3392,B01162,2026-01-08,Quinn,Sunset Ridge,4
3393,B01162,2026-06-07,Quinn,Aspen Grove,9
3394,B01162,2026-03-31,Quinn,Sunset Ridge,2
3395,B01162,2026-03-08,Sam,Sunset Ridge,2
3396,B01582,2026-02-15,Morgan,Cliff Basin,1
3397,B01582,2026-01-23,Taylor,Lake Edge,4
3398,B01582,2026-01-28,Jordan,Rocky Pass,3
3399,B01582,2026-03-28,Quinn,Aspen Grove,9
3400,B01501,2026-03-16,Casey,Cliff Basin,9
3401,B01501,2026-03-30,Alex,Aspen Grove,1
3402,B01501,2026-05-04,Casey,Canyon Overlook,10
3403,B01501,2026-03-02,Sam,Sunset Ridge,4
3404,B01501,2026-02-23,Quinn,Lake Edge,3
3405,B01501,2026-03-23,Jordan,Cliff Basin,9
3406,B01501,2026-01-18,Morgan,Wetlands,9
3407,B00955,2026-04-27,Quinn,Sunset Ridge,10
3408,B00955,2026-05-28,Sam,Cliff Basin,4
3409,B00955,2026-04-13,Morgan,Aspen Grove,6
3410,B00955,2026-06-24,Taylor,Wetlands,8
3411,B00955,2026-04-28,Alex,Sunset Ridge,5
3412,B00955,2026-03-21,Morgan,Canyon Overlook,7
3413,B00401,2026-06-08,Riley,Canyon Overlook,9
3414,B00401,2026-03-25,Taylor,Lake Edge,6
3415,B00401,2026-04-23,Taylor,Aspen Grove,5
3416,B00401,2026-03-11,Sam,Aspen Grove,3
3417,B00401,2026-01-25,Jordan,Lake Edge,5
3418,B00401,2026-05-29,Taylor,Aspen Grove,2
3419,B00620,2026-03-31,Jordan,Sunset Ridge,9
3420,B00620,2026-05-16,Taylor,Wetlands,9
3421,B00620,2026-03-20,Alex,Lake Edge,3
3422,B00620,2026-03-17,Morgan,Aspen Grove,3
3423,B00620,2026-04-13,Alex,Aspen Grove,5
3424,B00620,2026-04-03,Sam,Pine Lookout,9
3425,B00620,2026-06-03,Morgan,Lake Edge,6
3426,B00502,2026-06-18,Jordan,Sunset Ridge,9
3427,B00502,2026-03-13,Taylor,Lake Edge,8
3428,B00502,2026-06-12,Quinn,Pine Lookout,4
3429,B00502,2026-05-09,Alex,Pine Lookout,11
3430,B00502,2026-01-20,Sam,Lake Edge,1
3431,B01348,2026-04-24,Riley,Lake Edge,7
3432,B01348,2026-06-07,Jordan,Canyon Overlook,2
3433,B01348,2026-03-23,Casey,Lake Edge,7
3434,B01348,2026-05-01,Quinn,Cliff Basin,8
3435,B01348,2026-02-14,Morgan,Cliff Basin,8
3436,B01348,2026-04-04,Jordan,Wetlands,10
3437,B01348,2026-05-19,Taylor,Canyon Overlook,2
3438,B01548,2026-04-09,Morgan,Aspen Grove,7
3439,B01548,2026-03-08,Quinn,Wetlands,7
3440,B01548,2026-05-24,Jordan,Cliff Basin,1
3441,B01548,2026-01-11,Jordan,Cliff Basin,6
3442,B00840,2026-02-12,Morgan,Pine Lookout,6
3443,B00840,2026-03-15,Taylor,Cliff Basin,3
3444,B00840,2026-04-05,Alex,Sunset Ridge,10
3445,B00840,2026-02-15,Casey,Pine Lookout,6
3446,B00433,2026-03-21,Sam,Cliff Basin,4
3447,B00433,2026-06-28,Jordan,Aspen Grove,7
3448,B00433,2026-01-10,Jordan,Sunset Ridge,1
3449,B00433,2026-02-26,Taylor,Rocky Pass,6
3450,B00433,2026-01-09,Casey,Rocky Pass,10
3451,B01141,2026-06-25,Riley,Rocky Pass,5
3452,B01141,2026-03-26,Morgan,Lake Edge,2
3453,B01141,2026-04-11,Jordan,Canyon Overlook,9
3454,B01141,2026-03-03,Morgan,Aspen Grove,6
3455,B00085,2026-06-23,Casey,Cliff Basin,4
3456,B00085,2026-04-15,Alex,Rocky Pass,2
3457,B00085,2026-05-09,Alex,Rocky Pass,5
3458,B00085,2026-04-04,Casey,Rocky Pass,5
3459,B00085,2026-05-06,Casey,Wetlands,7
3460,B00442,2026-03-08,Casey,Lake Edge,4
3461,B00442,2026-01-17,Morgan,Cliff Basin,11
3462,B00442,2026-02-07,Riley,Aspen Grove,6
3463,B00442,2026-01-25,Alex,Pine Lookout,1
3464,B00442,2026-04-15,Taylor,Lake Edge,8
3465,B00442,2026-03-30,Riley,Sunset Ridge,2
3466,B01049,2026-04-11,Taylor,Cliff Basin,8
3467,B01049,2026-03-19,Taylor,Lake Edge,6
3468,B01049,2026-01-31,Jordan,Sunset Ridge,1
3469,B01049,2026-02-06,Alex,Wetlands,11
3470,B01049,2026-05-01,Quinn,Wetlands,5
3471,B01190,2026-03-12,Sam,Canyon Overlook,1
3472,B01190,2026-02-02,Taylor,Sunset Ridge,10
3473,B01190,2026-06-24,Sam,Sunset Ridge,2
3474,B01190,2026-04-01,Taylor,Rocky Pass,2
3475,B01190,2026-01-23,Alex,Pine Lookout,8
3476,B00718,2026-05-21,Riley,Wetlands,5
3477,B00718,2026-01-21,Taylor,Pine Lookout,2
3478,B00718,2026-02-12,Morgan,Aspen Grove,7
3479,B00718,2026-04-19,Taylor,Lake Edge,11
3480,B00718,2026-02-22,Riley,Cliff Basin,5
3481,B00718,2026-03-30,Riley,Wetlands,3
3482,B01638,2026-01-13,Riley,Lake Edge,5
3483,B01638,2026-01-06,Taylor,Rocky Pass,4
3484,B01638,2026-05-05,Sam,Cliff Basin,7
3485,B01638,2026-06-22,Quinn,Canyon Overlook,2
3486,B01638,2026-01-19,Riley,Canyon Overlook,8
3487,B01638,2026-04-24,Taylor,Pine Lookout,7
3488,B01144,2026-03-11,Quinn,Lake Edge,10
3489,B01144,2026-02-22,Quinn,Canyon Overlook,2
3490,B01144,2026-05-09,Taylor,Sunset Ridge,1
3491,B01144,2026-04-06,Taylor,Sunset Ridge,1
3492,B01144,2026-04-19,Casey,Pine Lookout,2
3493,B01042,2026-01-16,Riley,Sunset Ridge,1
3494,B01042,2026-06-06,Morgan,Rocky Pass,9
3495,B01042,2026-02-06,Riley,Aspen Grove,7
3496,B01042,2026-05-23,Taylor,Cliff Basin,10
3497,B01042,2026-02-27,Alex,Lake Edge,11
3498,B00720,2026-01-11,Casey,Wetlands,1
3499,B00720,2026-01-19,Riley,Cliff Basin,2
3500,B00720,2026-04-13,Morgan,Aspen Grove,6
3501,B00720,2026-05-10,Taylor,Rocky Pass,8
3502,B00720,2026-03-15,Alex,Canyon Overlook,10
3503,B01009,2026-04-03,Alex,Rocky Pass,11
3504,B01009,2026-01-22,Sam,Sunset Ridge,8
3505,B01009,2026-05-07,Sam,Pine Lookout,6
3506,B01009,2026-01-23,Alex,Pine Lookout,6
3507,B00801,2026-02-18,Sam,Cliff Basin,11
3508,B00801,2026-02-28,Jordan,Aspen Grove,5
3509,B00801,2026-06-27,Alex,Cliff Basin,9
3510,B00801,2026-04-20,Jordan,Wetlands,5
3511,B00801,2026-06-22,Sam,Canyon Overlook,2
3512,B00801,2026-04-04,Morgan,Rocky Pass,11
3513,B00801,2026-02-01,Alex,Rocky Pass,7
3514,B00954,2026-01-03,Taylor,Canyon Overlook,2
3515,B00954,2026-01-25,Casey,Pine Lookout,9
3516,B00954,2026-03-30,Riley,Aspen Grove,3
3517,B00954,2026-03-10,Jordan,Lake Edge,7
3518,B00954,2026-02-01,Sam,Rocky Pass,3
3519,B00954,2026-06-23,Casey,Wetlands,7
3520,B00871,2026-03-03,Riley,Pine Lookout,4
3521,B00871,2026-05-14,Riley,Canyon Overlook,5
3522,B00871,2026-04-23,Sam,Rocky Pass,9
3523,B00871,2026-04-08,Riley,Pine Lookout,1
3524,B00871,2026-02-15,Taylor,Cliff Basin,10
3525,B00871,2026-05-30,Riley,Aspen Grove,2
3526,B00871,2026-03-30,Alex,Sunset Ridge,5
3527,B00717,2026-03-02,Sam,Rocky Pass,1
3528,B00717,2026-05-27,Taylor,Wetlands,1
3529,B00717,2026-05-05,Casey,Lake Edge,6
3530,B00717,2026-06-25,Alex,Rocky Pass,6
3531,B00717,2026-02-25,Jordan,Cliff Basin,8
3532,B00439,2026-01-31,Quinn,Canyon Overlook,8
3533,B00439,2026-06-14,Taylor,Lake Edge,11
3534,B00439,2026-05-05,Quinn,Pine Lookout,9
3535,B00439,2026-03-30,Riley,Rocky Pass,7
3536,B00439,2026-01-26,Sam,Pine Lookout,6
3537,B00439,2026-04-19,Morgan,Sunset Ridge,4
3538,B01347,2026-05-05,Sam,Sunset Ridge,9
3539,B01347,2026-04-09,Quinn,Pine Lookout,3
3540,B01347,2026-03-03,Alex,Aspen Grove,10
3541,B01347,2026-04-05,Morgan,Rocky Pass,10
3542,B01347,2026-02-27,Alex,Sunset Ridge,4
3543,B01347,2026-03-26,Taylor,Sunset Ridge,8
3544,B01347,2026-04-03,Riley,Wetlands,6
3545,B01242,2026-03-11,Jordan,Pine Lookout,1
3546,B01242,2026-05-10,Sam,Rocky Pass,10
3547,B01242,2026-03-10,Riley,Lake Edge,11
3548,B01242,2026-02-05,Jordan,Lake Edge,2
3549,B01242,2026-06-06,Jordan,Rocky Pass,5
3550,B01242,2026-03-22,Riley,Canyon Overlook,11
3551,B00843,2026-05-27,Casey,Canyon Overlook,7
3552,B00843,2026-03-19,Taylor,Lake Edge,3
3553,B00843,2026-04-05,Jordan,Wetlands,2
3554,B00843,2026-06-07,Morgan,Pine Lookout,11
3555,B00843,2026-04-28,Taylor,Canyon Overlook,5
3556,B00843,2026-04-27,Taylor,Pine Lookout,8
3557,B01245,2026-06-07,Riley,Lake Edge,5
3558,B01245,2026-02-08,Sam,Wetlands,2
3559,B01245,2026-03-16,Casey,Aspen Grove,11
3560,B01245,2026-01-30,Quinn,Wetlands,5
3561,B01245,2026-04-22,Taylor,Rocky Pass,2
3562,B01245,2026-04-28,Riley,Cliff Basin,4
3563,B00094,2026-05-28,Morgan,Aspen Grove,4
3564,B00094,2026-04-28,Sam,Pine Lookout,6
3565,B00094,2026-04-25,Casey,Rocky Pass,9
3566,B00094,2026-06-16,Jordan,Lake Edge,10
3567,B00235,2026-01-07,Morgan,Aspen Grove,11
3568,B00235,2026-04-20,Sam,Lake Edge,7
3569,B00235,2026-04-01,Morgan,Lake Edge,6
3570,B00235,2026-06-02,Sam,Rocky Pass,7
3571,B00235,2026-04-03,Taylor,Canyon Overlook,4
3572,B00235,2026-03-25,Taylor,Canyon Overlook,8
3573,B00235,2026-03-24,Sam,Canyon Overlook,2
3574,B00751,2026-02-16,Taylor,Pine Lookout,7
3575,B00751,2026-01-26,Morgan,Aspen Grove,10
3576,B00751,2026-03-29,Quinn,Wetlands,2
3577,B00751,2026-01-17,Casey,Cliff Basin,7
3578,B01092,2026-04-04,Casey,Lake Edge,6
3579,B01092,2026-03-21,Morgan,Wetlands,5
3580,B01092,2026-01-28,Sam,Rocky Pass,5
3581,B01092,2026-06-16,Riley,Cliff Basin,1
3582,B01092,2026-03-15,Sam,Cliff Basin,11
3583,B01092,2026-06-28,Jordan,Cliff Basin,3
3584,B01092,2026-04-28,Alex,Canyon Overlook,6
3585,B00816,2026-04-22,Jordan,Cliff Basin,9
3586,B00816,2026-05-21,Sam,Lake Edge,6
3587,B00816,2026-01-31,Casey,Lake Edge,3
3588,B00816,2026-04-19,Quinn,Sunset Ridge,3
3589,B00656,2026-04-26,Jordan,Sunset Ridge,6
3590,B00656,2026-01-03,Jordan,Pine Lookout,9
3591,B00656,2026-02-12,Alex,Aspen Grove,1
3592,B00656,2026-02-02,Morgan,Cliff Basin,4
3593,B00656,2026-01-27,Jordan,Wetlands,6
3594,B00656,2026-03-20,Riley,Canyon Overlook,3
3595,B01361,2026-04-14,Jordan,Sunset Ridge,3
3596,B01361,2026-05-16,Alex,Aspen Grove,1
3597,B01361,2026-04-03,Sam,Aspen Grove,1
3598,B01361,2026-05-10,Sam,Wetlands,5
3599,B01361,2026-05-14,Quinn,Pine Lookout,8
3600,B01323,2026-04-23,Taylor,Wetlands,6
3601,B01323,2026-03-01,Quinn,Lake Edge,11
3602,B01323,2026-05-21,Taylor,Wetlands,7
3603,B01323,2026-01-10,Morgan,Rocky Pass,2
3604,B01323,2026-04-28,Morgan,Rocky Pass,11
3605,B01323,2026-04-29,Quinn,Cliff Basin,1
3606,B01015,2026-06-07,Jordan,Aspen Grove,4
3607,B01015,2026-06-20,Quinn,Aspen Grove,2
3608,B01015,2026-06-13,Alex,Cliff Basin,3
3609,B01015,2026-04-08,Morgan,Pine Lookout,10
3610,B01015,2026-06-12,Taylor,Lake Edge,10
3611,B01015,2026-01-01,Jordan,Cliff Basin,7
3612,B01062,2026-06-02,Taylor,Pine Lookout,6
3613,B01062,2026-02-16,Quinn,Pine Lookout,9
3614,B01062,2026-06-27,Alex,Sunset Ridge,6
3615,B01062,2026-01-19,Quinn,Aspen Grove,9
3616,B01062,2026-01-11,Morgan,Canyon Overlook,8
3617,B00673,2026-01-22,Riley,Wetlands,6
3618,B00673,2026-02-10,Morgan,Cliff Basin,5
3619,B00673,2026-05-22,Riley,Canyon Overlook,5
3620,B00673,2026-03-18,Morgan,Wetlands,8
3621,B00673,2026-03-28,Riley,Rocky Pass,8
3622,B00258,2026-03-14,Morgan,Sunset Ridge,4
3623,B00258,2026-06-20,Morgan,Lake Edge,10
3624,B00258,2026-06-13,Alex,Rocky Pass,10
3625,B00258,2026-01-29,Casey,Sunset Ridge,4
3626,B00258,2026-02-10,Jordan,Canyon Overlook,2
3627,B00258,2026-06-04,Jordan,Lake Edge,9
3628,B00202,2026-02-08,Alex,Wetlands,7
3629,B00202,2026-05-11,Jordan,Rocky Pass,5
3630,B00202,2026-01-30,Taylor,Lake Edge,7
3631,B00202,2026-04-07,Morgan,Cliff Basin,4
3632,B00473,2026-05-28,Casey,Cliff Basin,8
3633,B00473,2026-06-02,Morgan,Lake Edge,8
3634,B00473,2026-06-21,Riley,Sunset Ridge,10
3635,B00473,2026-04-26,Morgan,Lake Edge,6
3636,B00473,2026-03-25,Alex,Cliff Basin,3
3637,B00481,2026-05-26,Quinn,Lake Edge,7
3638,B00481,2026-04-26,Sam,Cliff Basin,9
3639,B00481,2026-05-19,Riley,Pine Lookout,2
3640,B00481,2026-06-09,Sam,Aspen Grove,10
3641,B00481,2026-03-27,Alex,Wetlands,4
3642,B00481,2026-01-22,Alex,Wetlands,8
3643,B01147,2026-05-02,Riley,Wetlands,6
3644,B01147,2026-02-13,Taylor,Cliff Basin,6
3645,B01147,2026-03-30,Sam,Canyon Overlook,6
3646,B01147,2026-06-18,Alex,Lake Edge,3
3647,B01147,2026-05-31,Quinn,Aspen Grove,10
3648,B01147,2026-02-26,Casey,Wetlands,11
3649,B01147,2026-01-01,Taylor,Lake Edge,4
3650,B00499,2026-01-03,Sam,Wetlands,7
3651,B00499,2026-01-27,Sam,Aspen Grove,1
3652,B00499,2026-01-01,Riley,Rocky Pass,4
3653,B00499,2026-01-14,Casey,Cliff Basin,3
3654,B00499,2026-05-08,Jordan,Pine Lookout,6
3655,B00499,2026-03-21,Sam,Sunset Ridge,4
3656,B01336,2026-01-05,Morgan,Aspen Grove,10
3657,B01336,2026-02-03,Sam,Lake Edge,5
3658,B01336,2026-01-15,Alex,Rocky Pass,5
3659,B01336,2026-02-26,Jordan,Wetlands,1
3660,B01336,2026-01-31,Riley,Cliff Basin,7
3661,B01336,2026-04-09,Casey,Wetlands,6
3662,B00721,2026-05-06,Jordan,Cliff Basin,9
3663,B00721,2026-01-15,Sam,Cliff Basin,8
3664,B00721,2026-06-11,Jordan,Wetlands,3
3665,B00721,2026-02-24,Alex,Aspen Grove,9
3666,B00721,2026-03-13,Jordan,Aspen Grove,11
3667,B00721,2026-06-12,Quinn,Aspen Grove,1
3668,B00721,2026-02-26,Taylor,Rocky Pass,11
3669,B00294,2026-03-20,Alex,Aspen Grove,11
3670,B00294,2026-03-14,Sam,Lake Edge,2
3671,B00294,2026-01-19,Alex,Wetlands,4
3672,B00294,2026-05-07,Morgan,Aspen Grove,8
3673,B00294,2026-04-20,Alex,Canyon Overlook,5
3674,B00294,2026-02-13,Alex,Aspen Grove,6
3675,B00294,2026-04-19,Riley,Wetlands,9
3676,B01284,2026-01-03,Quinn,Sunset Ridge,5
3677,B01284,2026-04-23,Casey,Rocky Pass,10
3678,B01284,2026-05-25,Riley,Canyon Overlook,9
3679,B01284,2026-02-27,Quinn,Cliff Basin,2
3680,B01284,2026-06-04,Quinn,Sunset Ridge,2
3681,B01284,2026-05-21,Alex,Lake Edge,11
3682,B01284,2026-06-09,Morgan,Wetlands,7
3683,B00618,2026-01-28,Quinn,Lake Edge,9
3684,B00618,2026-06-09,Taylor,Sunset Ridge,2
3685,B00618,2026-02-05,Quinn,Sunset Ridge,2
3686,B00618,2026-06-02,Casey,Sunset Ridge,6
3687,B00618,2026-02-25,Riley,Canyon Overlook,6
3688,B00400,2026-06-26,Casey,Sunset Ridge,4
3689,B00400,2026-04-16,Morgan,Canyon Overlook,2
3690,B00400,2026-06-28,Taylor,Rocky Pass,4
3691,B00400,2026-05-18,Taylor,Rocky Pass,9
3692,B00400,2026-03-01,Quinn,Sunset Ridge,5
3693,B00400,2026-05-07,Sam,Pine Lookout,7
3694,B00400,2026-03-13,Taylor,Rocky Pass,1
3695,B01609,2026-04-27,Casey,Canyon Overlook,6
3696,B01609,2026-05-18,Riley,Rocky Pass,10
3697,B01609,2026-05-08,Taylor,Lake Edge,8
3698,B01609,2026-03-29,Jordan,Pine Lookout,3
3699,B01609,2026-04-04,Quinn,Aspen Grove,3
3700,B01609,2026-01-03,Sam,Rocky Pass,9
3701,B01587,2026-01-21,Alex,Rocky Pass,6
3702,B01587,2026-04-29,Quinn,Aspen Grove,3
3703,B01587,2026-02-18,Sam,Cliff Basin,7
3704,B01587,2026-03-04,Jordan,Rocky Pass,7
3705,B01587,2026-01-19,Alex,Rocky Pass,2
3706,B00250,2026-03-21,Riley,Canyon Overlook,10
3707,B00250,2026-05-07,Morgan,Canyon Overlook,6
3708,B00250,2026-01-13,Quinn,Canyon Overlook,2
3709,B00250,2026-02-09,Jordan,Wetlands,11
3710,B01276,2026-03-15,Casey,Rocky Pass,11
3711,B01276,2026-02-02,Quinn,Canyon Overlook,11
3712,B01276,2026-01-11,Alex,Cliff Basin,2
3713,B01276,2026-01-07,Alex,Pine Lookout,2
3714,B01276,2026-01-17,Riley,Rocky Pass,9
3715,B01445,2026-01-24,Quinn,Wetlands,3
3716,B01445,2026-05-15,Quinn,Lake Edge,4
3717,B01445,2026-02-22,Taylor,Wetlands,1
3718,B01445,2026-01-27,Morgan,Lake Edge,8
3719,B00098,2026-04-08,Sam,Rocky Pass,5
3720,B00098,2026-06-14,Taylor,Aspen Grove,5
3721,B00098,2026-06-08,Sam,Sunset Ridge,1
3722,B00098,2026-05-18,Sam,Aspen Grove,2
3723,B00098,2026-05-13,Quinn,Canyon Overlook,3
3724,B00902,2026-02-03,Sam,Sunset Ridge,3
3725,B00902,2026-03-27,Alex,Wetlands,10
3726,B00902,2026-06-07,Taylor,Canyon Overlook,5
3727,B00902,2026-04-28,Casey,Lake Edge,10
3728,B00902,2026-02-11,Jordan,Lake Edge,2
3729,B00084,2026-01-18,Riley,Aspen Grove,11
3730,B00084,2026-05-22,Taylor,Canyon Overlook,11
3731,B00084,2026-06-18,Casey,Pine Lookout,5
3732,B00084,2026-01-20,Sam,Rocky Pass,10
3733,B00084,2026-06-22,Alex,Sunset Ridge,11
3734,B00084,2026-01-05,Quinn,Rocky Pass,4
3735,B01002,2026-06-17,Quinn,Lake Edge,2
3736,B01002,2026-03-15,Sam,Rocky Pass,7
3737,B01002,2026-05-13,Morgan,Sunset Ridge,9
3738,B01002,2026-03-03,Alex,Rocky Pass,10
3739,B00851,2026-01-29,Riley,Cliff Basin,1
3740,B00851,2026-02-14,Morgan,Lake Edge,3
3741,B00851,2026-06-14,Quinn,Canyon Overlook,6
3742,B00851,2026-03-02,Riley,Wetlands,5
3743,B00851,2026-03-13,Riley,Sunset Ridge,7
3744,B00851,2026-03-01,Casey,Sunset Ridge,5
3745,B00851,2026-05-16,Morgan,Rocky Pass,10
3746,B01256,2026-01-20,Sam,Wetlands,7
3747,B01256,2026-04-09,Sam,Canyon Overlook,3
3748,B01256,2026-06-28,Taylor,Lake Edge,1
3749,B01256,2026-04-24,Jordan,Aspen Grove,9
3750,B01256,2026-01-23,Alex,Cliff Basin,4
3751,B00061,2026-04-23,Taylor,Wetlands,6
3752,B00061,2026-05-19,Casey,Cliff Basin,7
3753,B00061,2026-02-18,Casey,Canyon Overlook,6
3754,B00061,2026-01-03,Taylor,Sunset Ridge,9
3755,B00061,2026-03-25,Taylor,Sunset Ridge,1
3756,B01103,2026-02-04,Sam,Canyon Overlook,7
3757,B01103,2026-04-26,Taylor,Sunset Ridge,1
3758,B01103,2026-02-12,Alex,Aspen Grove,7
3759,B01103,2026-01-27,Jordan,Rocky Pass,3
3760,B01103,2026-05-15,Quinn,Lake Edge,8
3761,B00965,2026-01-26,Casey,Cliff Basin,10
3762,B00965,2026-04-24,Jordan,Wetlands,8
3763,B00965,2026-01-19,Alex,Rocky Pass,6
3764,B00965,2026-04-07,Alex,Sunset Ridge,3
3765,B00965,2026-01-13,Morgan,Lake Edge,6
3766,B00965,2026-04-17,Jordan,Cliff Basin,11
3767,B00930,2026-02-04,Casey,Rocky Pass,11
3768,B00930,2026-02-21,Morgan,Aspen Grove,10
3769,B00930,2026-03-03,Quinn,Lake Edge,4
3770,B00930,2026-05-28,Taylor,Wetlands,2
3771,B00930,2026-06-12,Riley,Canyon Overlook,9
3772,B00930,2026-05-15,Casey,Lake Edge,1
3773,B00930,2026-04-05,Jordan,Lake Edge,10
3774,B01428,2026-06-17,Quinn,Cliff Basin,7
3775,B01428,2026-04-22,Alex,Aspen Grove,6
3776,B01428,2026-04-26,Quinn,Rocky Pass,3
3777,B01428,2026-03-20,Casey,Lake Edge,6
3778,B01428,2026-01-23,Casey,Wetlands,5
3779,B00637,2026-04-22,Quinn,Lake Edge,3
3780,B00637,2026-03-31,Sam,Cliff Basin,11
3781,B00637,2026-05-21,Jordan,Rocky Pass,3
3782,B00637,2026-01-08,Alex,Lake Edge,1
3783,B00637,2026-05-13,Morgan,Sunset Ridge,3
3784,B00849,2026-06-06,Quinn,Pine Lookout,3
3785,B00849,2026-06-08,Taylor,Rocky Pass,5
3786,B00849,2026-02-13,Sam,Aspen Grove,2
3787,B00849,2026-05-30,Casey,Cliff Basin,3
3788,B00849,2026-02-05,Alex,Rocky Pass,1
3789,B00849,2026-04-10,Quinn,Sunset Ridge,5
3790,B01488,2026-02-06,Jordan,Aspen Grove,2
3791,B01488,2026-05-24,Riley,Rocky Pass,4
3792,B01488,2026-03-12,Jordan,Aspen Grove,10
3793,B01488,2026-05-30,Casey,Cliff Basin,1
3794,B01488,2026-03-10,Morgan,Pine Lookout,4
3795,B01514,2026-02-11,Sam,Canyon Overlook,1
3796,B01514,2026-03-23,Alex,Lake Edge,7
3797,B01514,2026-06-25,Morgan,Wetlands,5
3798,B01514,2026-06-08,Jordan,Pine Lookout,7
3799,B01514,2026-04-13,Sam,Sunset Ridge,5
3800,B01192,2026-01-05,Sam,Pine Lookout,10
3801,B01192,2026-02-12,Jordan,Sunset Ridge,7
3802,B01192,2026-03-30,Taylor,Canyon Overlook,4
3803,B01192,2026-01-03,Casey,Pine Lookout,4
3804,B01192,2026-05-10,Casey,Lake Edge,4
3805,B01447,2026-06-07,Casey,Rocky Pass,11
3806,B01447,2026-06-18,Casey,Pine Lookout,11
3807,B01447,2026-01-28,Casey,Lake Edge,3
3808,B01447,2026-02-06,Sam,Rocky Pass,11
3809,B01447,2026-06-13,Riley,Pine Lookout,10
3810,B01447,2026-04-30,Taylor,Wetlands,1
3811,B01447,2026-02-20,Quinn,Pine Lookout,7
3812,B00782,2026-04-08,Jordan,Canyon Overlook,4
3813,B00782,2026-03-27,Jordan,Canyon Overlook,5
3814,B00782,2026-03-12,Morgan,Sunset Ridge,4
3815,B00782,2026-03-31,Jordan,Rocky Pass,1
3816,B00782,2026-04-12,Riley,Lake Edge,7
3817,B00782,2026-03-07,Alex,Sunset Ridge,3
3818,B00556,2026-04-11,Riley,Aspen Grove,2
3819,B00556,2026-02-17,Casey,Lake Edge,10
3820,B00556,2026-03-21,Casey,Lake Edge,11
3821,B00556,2026-05-19,Morgan,Canyon Overlook,2
3822,B00556,2026-04-03,Jordan,Aspen Grove,5
3823,B00556,2026-03-25,Morgan,Cliff Basin,9
3824,B01393,2026-01-22,Casey,Canyon Overlook,3
3825,B01393,2026-01-27,Jordan,Pine Lookout,8
3826,B01393,2026-04-19,Jordan,Rocky Pass,1
3827,B01393,2026-02-11,Jordan,Aspen Grove,1
3828,B01393,2026-06-09,Morgan,Wetlands,10
3829,B01393,2026-02-01,Morgan,Pine Lookout,10
3830,B01393,2026-05-22,Alex,Sunset Ridge,8
3831,B00403,2026-04-06,Quinn,Aspen Grove,4
3832,B00403,2026-05-24,Taylor,Lake Edge,11
3833,B00403,2026-01-22,Morgan,Pine Lookout,3
3834,B00403,2026-01-27,Taylor,Rocky Pass,3
3835,B00403,2026-01-29,Taylor,Aspen Grove,8
3836,B00403,2026-02-08,Riley,Aspen Grove,5
3837,B00403,2026-03-28,Sam,Lake Edge,2
3838,B00784,2026-03-16,Taylor,Cliff Basin,9
3839,B00784,2026-06-07,Jordan,Aspen Grove,11
3840,B00784,2026-03-08,Riley,Sunset Ridge,7
3841,B00784,2026-03-15,Riley,Wetlands,3
3842,B00784,2026-05-31,Riley,Canyon Overlook,9
3843,B00784,2026-02-11,Casey,Aspen Grove,10
3844,B00784,2026-03-05,Riley,Cliff Basin,7
3845,B00705,2026-05-15,Riley,Lake Edge,2
3846,B00705,2026-06-21,Quinn,Rocky Pass,5
3847,B00705,2026-05-28,Morgan,Wetlands,7
3848,B00705,2026-02-27,Alex,Wetlands,2
3849,B00705,2026-02-15,Taylor,Pine Lookout,6
3850,B00705,2026-02-11,Jordan,Lake Edge,6
3851,B00705,2026-02-01,Sam,Lake Edge,10
3852,B00179,2026-02-23,Alex,Sunset Ridge,8
3853,B00179,2026-01-02,Morgan,Cliff Basin,10
3854,B00179,2026-05-10,Casey,Sunset Ridge,2
3855,B00179,2026-03-04,Taylor,Cliff Basin,5
3856,B00179,2026-03-13,Quinn,Wetlands,6
3857,B01700,2026-06-23,Alex,Wetlands,8
3858,B01700,2026-05-09,Quinn,Canyon Overlook,1
3859,B01700,2026-06-05,Alex,Lake Edge,4
3860,B01700,2026-03-13,Morgan,Lake Edge,2
3861,B01700,2026-01-19,Alex,Aspen Grove,7
3862,B01470,2026-02-06,Casey,Canyon Overlook,4
3863,B01470,2026-03-29,Quinn,Cliff Basin,3
3864,B01470,2026-02-13,Casey,Wetlands,11
3865,B01470,2026-01-05,Quinn,Canyon Overlook,1
3866,B01470,2026-05-23,Alex,Pine Lookout,9
3867,B00995,2026-01-02,Quinn,Lake Edge,3
3868,B00995,2026-01-25,Alex,Rocky Pass,10
3869,B00995,2026-01-11,Alex,Aspen Grove,8
3870,B00995,2026-05-25,Morgan,Cliff Basin,8
3871,B00995,2026-04-22,Quinn,Cliff Basin,11
3872,B00995,2026-01-31,Riley,Aspen Grove,5
3873,B00631,2026-06-29,Jordan,Sunset Ridge,7
3874,B00631,2026-05-12,Jordan,Aspen Grove,8
3875,B00631,2026-02-04,Quinn,Aspen Grove,4
3876,B00631,2026-03-28,Morgan,Wetlands,5
3877,B00631,2026-02-19,Riley,Wetlands,2
3878,B00631,2026-04-21,Alex,Rocky Pass,2
3879,B00631,2026-01-11,Casey,Sunset Ridge,3
3880,B01405,2026-01-07,Jordan,Wetlands,9
3881,B01405,2026-01-31,Riley,Sunset Ridge,6
3882,B01405,2026-06-13,Jordan,Canyon Overlook,9
3883,B01405,2026-06-22,Taylor,Lake Edge,9
3884,B01405,2026-05-15,Riley,Canyon Overlook,2
3885,B01496,2026-05-31,Quinn,Rocky Pass,9
3886,B01496,2026-01-12,Sam,Aspen Grove,6
3887,B01496,2026-06-24,Sam,Aspen Grove,10
3888,B01496,2026-03-30,Quinn,Sunset Ridge,11
3889,B01496,2026-01-10,Quinn,Lake Edge,10
3890,B01496,2026-03-31,Casey,Sunset Ridge,8
3891,B01496,2026-01-19,Alex,Wetlands,9
3892,B00513,2026-05-24,Casey,Lake Edge,2
3893,B00513,2026-03-25,Casey,Cliff Basin,1
3894,B00513,2026-04-27,Alex,Aspen Grove,3
3895,B00513,2026-03-31,Alex,Canyon Overlook,8
3896,B01675,2026-05-03,Quinn,Lake Edge,2
3897,B01675,2026-01-02,Taylor,Wetlands,6
3898,B01675,2026-02-23,Sam,Lake Edge,9
3899,B01675,2026-06-01,Jordan,Sunset Ridge,5
3900,B01675,2026-05-25,Riley,Lake Edge,8
3901,B01675,2026-05-04,Jordan,Cliff Basin,5
3902,B01675,2026-02-02,Morgan,Aspen Grove,5
3903,B00534,2026-03-26,Riley,Sunset Ridge,2
3904,B00534,2026-05-06,Sam,Pine Lookout,4
3905,B00534,2026-06-07,Alex,Rocky Pass,9
3906,B00534,2026-01-07,Sam,Wetlands,4
3907,B00534,2026-03-19,Alex,Aspen Grove,8
3908,B01176,2026-01-30,Riley,Wetlands,2
3909,B01176,2026-05-20,Alex,Pine Lookout,1
3910,B01176,2026-01-11,Casey,Cliff Basin,4
3911,B01176,2026-06-26,Jordan,Lake Edge,11
3912,B00515,2026-01-01,Sam,Sunset Ridge,2
3913,B00515,2026-05-03,Casey,Pine Lookout,9
3914,B00515,2026-06-14,Morgan,Sunset Ridge,4
3915,B00515,2026-01-30,Sam,Cliff Basin,9
3916,B00515,2026-01-29,Sam,Pine Lookout,4
3917,B00515,2026-04-23,Taylor,Canyon Overlook,9
3918,B00515,2026-03-23,Casey,Cliff Basin,10
3919,B01542,2026-03-21,Casey,Wetlands,9
3920,B01542,2026-01-02,Jordan,Sunset Ridge,5
3921,B01542,2026-05-27,Jordan,Aspen Grove,11
3922,B01542,2026-02-25,Riley,Wetlands,10
3923,B01542,2026-03-15,Alex,Wetlands,8
3924,B00572,2026-04-29,Quinn,Wetlands,7
3925,B00572,2026-03-30,Jordan,Wetlands,7
3926,B00572,2026-03-04,Casey,Rocky Pass,7
3927,B00572,2026-01-11,Quinn,Rocky Pass,5
3928,B00572,2026-05-13,Taylor,Lake Edge,3
3929,B00572,2026-05-08,Morgan,Wetlands,1
3930,B00572,2026-05-22,Jordan,Cliff Basin,8
3931,B01383,2026-04-06,Jordan,Rocky Pass,11
3932,B01383,2026-05-11,Sam,Rocky Pass,2
3933,B01383,2026-01-08,Riley,Rocky Pass,4
3934,B01383,2026-02-01,Sam,Aspen Grove,2
3935,B01383,2026-03-24,Taylor,Lake Edge,4
3936,B01383,2026-01-17,Jordan,Cliff Basin,11
3937,B01383,2026-05-16,Alex,Lake Edge,9
3938,B00288,2026-04-24,Sam,Lake Edge,9
3939,B00288,2026-01-10,Casey,Pine Lookout,6
3940,B00288,2026-06-22,Riley,Pine Lookout,3
3941,B00288,2026-01-29,Quinn,Rocky Pass,1
3942,B00288,2026-06-12,Alex,Canyon Overlook,6
3943,B00653,2026-01-09,Morgan,Lake Edge,6
3944,B00653,2026-06-11,Jordan,Rocky Pass,3
3945,B00653,2026-05-01,Alex,Wetlands,10
3946,B00653,2026-01-31,Taylor,Sunset Ridge,5
3947,B00653,2026-05-03,Sam,Aspen Grove,11
3948,B00200,2026-05-03,Casey,Sunset Ridge,11
3949,B00200,2026-06-09,Alex,Canyon Overlook,4
3950,B00200,2026-04-16,Casey,Canyon Overlook,4
3951,B00200,2026-04-27,Alex,Pine Lookout,5
3952,B00200,2026-04-21,Quinn,Canyon Overlook,3
3953,B00200,2026-06-29,Jordan,Cliff Basin,8
3954,B00200,2026-02-22,Taylor,Lake Edge,10
3955,B01228,2026-06-21,Casey,Wetlands,4
3956,B01228,2026-04-12,Taylor,Canyon Overlook,3
3957,B01228,2026-06-19,Jordan,Pine Lookout,11
3958,B01228,2026-06-06,Jordan,Sunset Ridge,5
3959,B01114,2026-02-10,Quinn,Cliff Basin,2
3960,B01114,2026-03-22,Quinn,Lake Edge,7
3961,B01114,2026-05-26,Taylor,Lake Edge,1
3962,B01114,2026-04-02,Quinn,Cliff Basin,2
3963,B01114,2026-04-29,Casey,Lake Edge,7
3964,B01649,2026-04-12,Sam,Pine Lookout,4
3965,B01649,2026-03-27,Morgan,Canyon Overlook,11
3966,B01649,2026-05-02,Jordan,Aspen Grove,9
3967,B01649,2026-03-30,Casey,Pine Lookout,1
3968,B01649,2026-05-13,Sam,Sunset Ridge,1
3969,B00311,2026-02-09,Alex,Cliff Basin,5
3970,B00311,2026-04-21,Jordan,Cliff Basin,1
3971,B00311,2026-05-18,Morgan,Wetlands,8
3972,B00311,2026-06-26,Jordan,Cliff Basin,5
3973,B00269,2026-01-26,Quinn,Sunset Ridge,1
3974,B00269,2026-03-22,Taylor,Lake Edge,1
3975,B00269,2026-03-29,Morgan,Pine Lookout,4
3976,B00269,2026-02-22,Alex,Lake Edge,1
3977,B00269,2026-02-26,Morgan,Pine Lookout,9
3978,B01497,2026-05-30,Casey,Cliff Basin,8
3979,B01497,2026-06-11,Jordan,Rocky Pass,10
3980,B01497,2026-04-23,Quinn,Rocky Pass,9
3981,B01497,2026-05-31,Morgan,Rocky Pass,2
3982,B00691,2026-02-07,Alex,Pine Lookout,4
3983,B00691,2026-04-08,Riley,Cliff Basin,6
3984,B00691,2026-02-20,Riley,Sunset Ridge,3
3985,B00691,2026-01-16,Quinn,Aspen Grove,4
3986,B00691,2026-02-01,Jordan,Pine Lookout,8
3987,B00691,2026-03-21,Casey,Rocky Pass,8
3988,B00691,2026-03-01,Alex,Cliff Basin,6
3989,B00667,2026-03-07,Sam,Sunset Ridge,5
3990,B00667,2026-05-14,Morgan,Lake Edge,3
3991,B00667,2026-04-30,Jordan,Aspen Grove,7
3992,B00667,2026-01-07,Sam,Rocky Pass,1
3993,B00667,2026-06-17,Jordan,Rocky Pass,3
3994,B00667,2026-04-28,Riley,Wetlands,3
3995,B00195,2026-05-23,Alex,Pine Lookout,8
3996,B00195,2026-05-28,Quinn,Pine Lookout,2
3997,B00195,2026-06-27,Riley,Aspen Grove,2
3998,B00195,2026-03-02,Casey,Cliff Basin,3
3999,B00195,2026-03-29,Alex,Lake Edge,3
4000,B00195,2026-05-11,Riley,Pine Lookout,4
4001,B00195,2026-06-19,Alex,Rocky Pass,6
4002,B01069,2026-04-16,Alex,Aspen Grove,3
4003,B01069,2026-01-08,Quinn,Sunset Ridge,4
4004,B01069,2026-02-01,Sam,Lake Edge,9
4005,B01069,2026-03-28,Quinn,Canyon Overlook,8
4006,B00262,2026-06-12,Sam,Canyon Overlook,6
4007,B00262,2026-01-18,Casey,Aspen Grove,9
4008,B00262,2026-02-23,Morgan,Pine Lookout,11
4009,B00262,2026-06-08,Sam,Wetlands,5
4010,B00245,2026-03-02,Quinn,Aspen Grove,11
4011,B00245,2026-01-26,Morgan,Aspen Grove,10
4012,B00245,2026-06-24,Jordan,Wetlands,8
4013,B00245,2026-01-23,Casey,Sunset Ridge,2
4014,B00245,2026-01-06,Riley,Rocky Pass,4
4015,B01300,2026-02-27,Alex,Aspen Grove,3
4016,B01300,2026-04-30,Jordan,Pine Lookout,11
4017,B01300,2026-01-26,Quinn,Lake Edge,3
4018,B01300,2026-01-22,Quinn,Aspen Grove,1
4019,B01300,2026-05-21,Sam,Aspen Grove,7
4020,B01300,2026-02-22,Taylor,Lake Edge,5
4021,B01300,2026-06-24,Jordan,Wetlands,4
4022,B00277,2026-01-25,Casey,Pine Lookout,6
4023,B00277,2026-04-12,Jordan,Pine Lookout,2
4024,B00277,2026-03-26,Riley,Aspen Grove,7
4025,B00277,2026-05-25,Taylor,Canyon Overlook,4
4026,B01677,2026-06-01,Taylor,Sunset Ridge,9
4027,B01677,2026-01-14,Taylor,Pine Lookout,11
4028,B01677,2026-01-22,Sam,Canyon Overlook,5
4029,B01677,2026-05-13,Jordan,Wetlands,1
4030,B01677,2026-02-04,Riley,Canyon Overlook,8
4031,B01677,2026-02-07,Casey,Sunset Ridge,2
4032,B00945,2026-05-25,Jordan,Cliff Basin,2
4033,B00945,2026-03-10,Alex,Wetlands,1
4034,B00945,2026-01-29,Quinn,Cliff Basin,3
4035,B00945,2026-04-07,Sam,Sunset Ridge,6
4036,B00945,2026-06-16,Morgan,Cliff Basin,5
4037,B00945,2026-02-17,Jordan,Wetlands,7
4038,B00945,2026-03-03,Riley,Canyon Overlook,3
4039,B00963,2026-03-16,Quinn,Lake Edge,1
4040,B00963,2026-01-17,Sam,Lake Edge,8
4041,B00963,2026-06-15,Sam,Lake Edge,5
4042,B00963,2026-03-22,Morgan,Aspen Grove,3
4043,B00963,2026-06-06,Jordan,Sunset Ridge,5
4044,B00963,2026-05-07,Jordan,Sunset Ridge,5
4045,B00031,2026-02-27,Casey,Pine Lookout,1
4046,B00031,2026-04-01,Riley,Cliff Basin,7
4047,B00031,2026-02-06,Casey,Wetlands,10
4048,B00031,2026-04-29,Morgan,Pine Lookout,6
4049,B00031,2026-05-13,Casey,Lake Edge,11
4050,B00713,2026-05-12,Casey,Pine Lookout,9
4051,B00713,2026-04-18,Riley,Pine Lookout,5
4052,B00713,2026-01-18,Sam,Cliff Basin,11
4053,B00713,2026-04-01,Alex,Wetlands,1
4054,B00713,2026-05-27,Riley,Lake Edge,9
4055,B01591,2026-02-11,Morgan,Cliff Basin,6
4056,B01591,2026-02-17,Sam,Lake Edge,3
4057,B01591,2026-06-09,Taylor,Pine Lookout,8
4058,B01591,2026-06-29,Morgan,Lake Edge,11
4059,B00298,2026-01-28,Morgan,Cliff Basin,10
4060,B00298,2026-01-20,Alex,Aspen Grove,6
4061,B00298,2026-02-15,Sam,Cliff Basin,7
4062,B00298,2026-06-15,Morgan,Canyon Overlook,8
4063,B00298,2026-02-21,Alex,Pine Lookout,8
4064,B00298,2026-02-19,Alex,Canyon Overlook,9
4065,B00298,2026-02-27,Riley,Aspen Grove,4
4066,B01125,2026-01-19,Jordan,Pine Lookout,1
4067,B01125,2026-06-17,Jordan,Cliff Basin,3
4068,B01125,2026-03-05,Taylor,Aspen Grove,6
4069,B01125,2026-03-17,Morgan,Sunset Ridge,10
4070,B01125,2026-01-26,Riley,Pine Lookout,11
4071,B01125,2026-05-11,Quinn,Sunset Ridge,6
4072,B00743,2026-06-21,Casey,Cliff Basin,11
4073,B00743,2026-03-01,Riley,Aspen Grove,3
4074,B00743,2026-03-07,Morgan,Cliff Basin,8
4075,B00743,2026-01-31,Sam,Wetlands,9
4076,B00743,2026-02-19,Alex,Wetlands,8
4077,B00549,2026-04-23,Riley,Canyon Overlook,7
4078,B00549,2026-05-28,Casey,Cliff Basin,7
4079,B00549,2026-04-12,Sam,Pine Lookout,11
4080,B00549,2026-06-07,Riley,Lake Edge,3
4081,B00549,2026-05-23,Alex,Lake Edge,9
4082,B00549,2026-01-23,Taylor,Wetlands,1
4083,B01434,2026-03-11,Jordan,Rocky Pass,11
4084,B01434,2026-04-17,Morgan,Lake Edge,2
4085,B01434,2026-06-19,Morgan,Pine Lookout,5
4086,B01434,2026-02-23,Quinn,Aspen Grove,1
4087,B01434,2026-06-12,Quinn,Rocky Pass,4
4088,B01434,2026-06-09,Casey,Wetlands,7
4089,B01624,2026-02-23,Casey,Aspen Grove,11
4090,B01624,2026-06-20,Sam,Canyon Overlook,10
4091,B01624,2026-05-17,Jordan,Cliff Basin,10
4092,B01624,2026-02-15,Alex,Aspen Grove,9
4093,B01624,2026-06-24,Riley,Lake Edge,1
4094,B01624,2026-01-09,Alex,Lake Edge,3
4095,B01624,2026-04-21,Jordan,Sunset Ridge,6
4096,B00188,2026-02-26,Sam,Pine Lookout,3
4097,B00188,2026-05-14,Sam,Sunset Ridge,11
4098,B00188,2026-01-24,Casey,Sunset Ridge,9
4099,B00188,2026-01-15,Quinn,Pine Lookout,11
4100,B01326,2026-02-17,Jordan,Wetlands,3
4101,B01326,2026-03-29,Casey,Cliff Basin,4
4102,B01326,2026-05-22,Riley,Cliff Basin,7
4103,B01326,2026-01-04,Riley,Pine Lookout,11
4104,B01326,2026-04-06,Casey,Pine Lookout,7
4105,B00064,2026-06-12,Alex,Rocky Pass,7
4106,B00064,2026-05-20,Quinn,Canyon Overlook,11
4107,B00064,2026-02-04,Casey,Lake Edge,2
4108,B00064,2026-02-24,Sam,Canyon Overlook,7
4109,B00064,2026-03-14,Morgan,Cliff Basin,8
4110,B00064,2026-06-24,Riley,Wetlands,4
4111,B00064,2026-04-11,Sam,Wetlands,10
4112,B00427,2026-02-01,Taylor,Lake Edge,4
4113,B00427,2026-02-07,Quinn,Lake Edge,11
4114,B00427,2026-01-27,Casey,Rocky Pass,4
4115,B00427,2026-01-20,Jordan,Aspen Grove,2
4116,B01119,2026-05-04,Sam,Lake Edge,4
4117,B01119,2026-01-01,Jordan,Lake Edge,8
4118,B01119,2026-01-26,Jordan,Wetlands,3
4119,B01119,2026-04-12,Alex,Pine Lookout,1
4120,B01119,2026-06-07,Morgan,Canyon Overlook,4
4121,B01484,2026-04-03,Quinn,Cliff Basin,6
4122,B01484,2026-05-21,Sam,Rocky Pass,3
4123,B01484,2026-01-04,Morgan,Wetlands,4
4124,B01484,2026-01-17,Quinn,Wetlands,5
4125,B01484,2026-04-16,Sam,Rocky Pass,3
4126,B01484,2026-01-23,Sam,Pine Lookout,8
4127,B00889,2026-01-16,Alex,Sunset Ridge,3
4128,B00889,2026-01-26,Quinn,Sunset Ridge,6
4129,B00889,2026-04-25,Morgan,Rocky Pass,9
4130,B00889,2026-04-18,Alex,Pine Lookout,10
4131,B00889,2026-04-05,Morgan,Wetlands,4
4132,B00889,2026-02-08,Riley,Aspen Grove,5
4133,B00889,2026-02-13,Taylor,Sunset Ridge,5
4134,B01142,2026-06-28,Casey,Wetlands,7
4135,B01142,2026-04-30,Quinn,Rocky Pass,10
4136,B01142,2026-05-22,Casey,Sunset Ridge,10
4137,B01142,2026-03-08,Sam,Sunset Ridge,8
4138,B01142,2026-04-01,Riley,Sunset Ridge,2
4139,B01142,2026-01-16,Taylor,Wetlands,10
4140,B01142,2026-03-06,Casey,Wetlands,6
4141,B00437,2026-01-17,Morgan,Lake Edge,1
4142,B00437,2026-06-05,Riley,Rocky Pass,6
4143,B00437,2026-05-19,Sam,Wetlands,11
4144,B00437,2026-04-05,Jordan,Aspen Grove,4
4145,B00437,2026-02-21,Jordan,Rocky Pass,5
4146,B00437,2026-01-30,Casey,Pine Lookout,8
4147,B00545,2026-03-08,Quinn,Aspen Grove,4
4148,B00545,2026-05-06,Casey,Sunset Ridge,6
4149,B00545,2026-03-02,Taylor,Cliff Basin,9
4150,B00545,2026-06-05,Jordan,Lake Edge,5
4151,B00077,2026-05-28,Casey,Pine Lookout,3
4152,B00077,2026-02-11,Morgan,Wetlands,8
4153,B00077,2026-04-17,Morgan,Wetlands,7
4154,B00077,2026-02-26,Sam,Lake Edge,2
4155,B00077,2026-02-22,Jordan,Rocky Pass,11
4156,B00077,2026-01-29,Riley,Wetlands,10
4157,B01673,2026-02-14,Taylor,Lake Edge,4
4158,B01673,2026-04-17,Casey,Pine Lookout,4
4159,B01673,2026-04-23,Taylor,Sunset Ridge,4
4160,B01673,2026-02-15,Alex,Pine Lookout,7
4161,B01673,2026-02-19,Taylor,Wetlands,5
4162,B01673,2026-02-21,Alex,Lake Edge,1
4163,B00093,2026-03-08,Quinn,Rocky Pass,4
4164,B00093,2026-01-13,Taylor,Sunset Ridge,6
4165,B00093,2026-06-23,Morgan,Cliff Basin,9
4166,B00093,2026-02-24,Casey,Aspen Grove,10
4167,B00093,2026-04-19,Morgan,Canyon Overlook,1
4168,B00730,2026-06-24,Jordan,Rocky Pass,8
4169,B00730,2026-05-01,Jordan,Aspen Grove,1
4170,B00730,2026-01-07,Alex,Cliff Basin,3
4171,B00730,2026-06-11,Quinn,Pine Lookout,11
4172,B00730,2026-06-29,Riley,Sunset Ridge,10
4173,B00730,2026-02-11,Jordan,Rocky Pass,4
4174,B00730,2026-02-24,Morgan,Cliff Basin,9
4175,B01209,2026-01-24,Alex,Wetlands,6
4176,B01209,2026-01-20,Taylor,Aspen Grove,2
4177,B01209,2026-06-06,Riley,Sunset Ridge,11
4178,B01209,2026-03-31,Sam,Canyon Overlook,10
4179,B01209,2026-04-02,Jordan,Lake Edge,10
4180,B01209,2026-03-07,Riley,Wetlands,6
4181,B01299,2026-05-09,Jordan,Wetlands,3
4182,B01299,2026-02-03,Morgan,Pine Lookout,5
4183,B01299,2026-03-06,Sam,Sunset Ridge,2
4184,B01299,2026-01-03,Riley,Sunset Ridge,5
4185,B01299,2026-02-17,Sam,Lake Edge,7
4186,B01299,2026-04-04,Alex,Canyon Overlook,7
4187,B00314,2026-01-25,Riley,Cliff Basin,8
4188,B00314,2026-05-26,Quinn,Canyon Overlook,6
4189,B00314,2026-05-27,Alex,Canyon Overlook,7
4190,B00314,2026-06-13,Sam,Cliff Basin,3
4191,B00314,2026-05-02,Sam,Sunset Ridge,1
4192,B00172,2026-02-04,Casey,Pine Lookout,7
4193,B00172,2026-06-28,Casey,Cliff Basin,6
4194,B00172,2026-05-03,Quinn,Canyon Overlook,8
4195,B00172,2026-03-16,Quinn,Lake Edge,7
4196,B00172,2026-05-31,Quinn,Wetlands,10
4197,B01076,2026-03-27,Riley,Canyon Overlook,9
4198,B01076,2026-06-06,Riley,Aspen Grove,7
4199,B01076,2026-01-31,Taylor,Canyon Overlook,1
4200,B01076,2026-02-08,Taylor,Wetlands,8
4201,B01076,2026-04-22,Casey,Wetlands,11
4202,B00777,2026-01-17,Riley,Sunset Ridge,5
4203,B00777,2026-03-16,Riley,Rocky Pass,5
4204,B00777,2026-06-16,Alex,Lake Edge,10
4205,B00777,2026-06-08,Jordan,Pine Lookout,11
4206,B00389,2026-04-20,Casey,Aspen Grove,5
4207,B00389,2026-04-11,Taylor,Cliff Basin,9
4208,B00389,2026-01-12,Taylor,Pine Lookout,6
4209,B00389,2026-04-09,Quinn,Aspen Grove,7
4210,B00389,2026-02-22,Jordan,Lake Edge,8
4211,B00389,2026-03-28,Jordan,Wetlands,7
4212,B00389,2026-05-13,Morgan,Cliff Basin,7
4213,B00394,2026-03-27,Riley,Sunset Ridge,6
4214,B00394,2026-04-14,Jordan,Wetlands,8
4215,B00394,2026-06-07,Quinn,Cliff Basin,9
4216,B00394,2026-04-12,Morgan,Aspen Grove,4
4217,B00340,2026-04-02,Quinn,Cliff Basin,10
4218,B00340,2026-05-04,Riley,Lake Edge,10
4219,B00340,2026-02-06,Sam,Sunset Ridge,11
4220,B00340,2026-03-18,Quinn,Wetlands,10
4221,B00340,2026-01-03,Morgan,Cliff Basin,4
4222,B00340,2026-01-11,Taylor,Sunset Ridge,3
4223,B00284,2026-05-15,Casey,Lake Edge,7
4224,B00284,2026-03-06,Quinn,Canyon Overlook,6
4225,B00284,2026-06-18,Casey,Sunset Ridge,7
4226,B00284,2026-03-10,Quinn,Sunset Ridge,5
4227,B00555,2026-01-13,Jordan,Pine Lookout,3
4228,B00555,2026-02-10,Riley,Cliff Basin,2
4229,B00555,2026-05-03,Morgan,Sunset Ridge,2
4230,B00555,2026-02-12,Jordan,Aspen Grove,11
4231,B00555,2026-05-25,Morgan,Cliff Basin,4
4232,B00863,2026-01-28,Alex,Lake Edge,11
4233,B00863,2026-06-16,Morgan,Sunset Ridge,8
4234,B00863,2026-05-25,Sam,Pine Lookout,8
4235,B00863,2026-02-17,Jordan,Pine Lookout,1
4236,B00863,2026-02-26,Casey,Sunset Ridge,4
4237,B00863,2026-04-15,Quinn,Aspen Grove,9
4238,B00863,2026-01-23,Sam,Wetlands,4
4239,B01578,2026-02-18,Sam,Pine Lookout,10
4240,B01578,2026-03-21,Morgan,Aspen Grove,10
4241,B01578,2026-03-04,Taylor,Cliff Basin,11
4242,B01578,2026-02-13,Quinn,Aspen Grove,7
4243,B01578,2026-01-08,Sam,Cliff Basin,4
4244,B01578,2026-03-25,Riley,Wetlands,9
4245,B01578,2026-04-14,Taylor,Cliff Basin,8
4246,B01625,2026-02-22,Sam,Lake Edge,8
4247,B01625,2026-04-10,Quinn,Aspen Grove,4
4248,B01625,2026-03-28,Casey,Cliff Basin,5
4249,B01625,2026-03-08,Jordan,Wetlands,11
4250,B01625,2026-04-21,Taylor,Wetlands,9
4251,B01625,2026-03-14,Alex,Sunset Ridge,2
4252,B01625,2026-06-10,Riley,Canyon Overlook,8
4253,B00076,2026-02-12,Taylor,Cliff Basin,9
4254,B00076,2026-05-14,Jordan,Lake Edge,10
4255,B00076,2026-06-07,Jordan,Canyon Overlook,2
4256,B00076,2026-03-27,Casey,Wetlands,10
4257,B00752,2026-05-26,Morgan,Aspen Grove,2
4258,B00752,2026-03-04,Alex,Sunset Ridge,4
4259,B00752,2026-06-02,Riley,Sunset Ridge,6
4260,B00752,2026-06-25,Quinn,Wetlands,10
4261,B00752,2026-05-07,Sam,Aspen Grove,3
4262,B00752,2026-04-05,Alex,Cliff Basin,6
4263,B00436,2026-01-20,Riley,Sunset Ridge,7
4264,B00436,2026-06-13,Riley,Wetlands,5
4265,B00436,2026-01-22,Jordan,Wetlands,5
4266,B00436,2026-03-08,Quinn,Aspen Grove,9
4267,B00436,2026-02-12,Sam,Rocky Pass,7
4268,B00102,2026-05-15,Riley,Cliff Basin,3
4269,B00102,2026-03-31,Casey,Canyon Overlook,8
4270,B00102,2026-05-07,Riley,Aspen Grove,7
4271,B00102,2026-05-03,Casey,Aspen Grove,3
4272,B00102,2026-01-11,Alex,Rocky Pass,4
4273,B00102,2026-03-22,Casey,Aspen Grove,10
4274,B01390,2026-01-02,Riley,Canyon Overlook,7
4275,B01390,2026-01-11,Riley,Cliff Basin,11
4276,B01390,2026-03-12,Taylor,Wetlands,1
4277,B01390,2026-02-28,Casey,Aspen Grove,4
4278,B01390,2026-01-16,Morgan,Pine Lookout,3
4279,B01390,2026-05-13,Morgan,Cliff Basin,6
4280,B00492,2026-01-17,Jordan,Canyon Overlook,9
4281,B00492,2026-06-19,Casey,Lake Edge,2
4282,B00492,2026-06-13,Riley,Lake Edge,8
4283,B00492,2026-03-27,Morgan,Cliff Basin,3
4284,B00492,2026-06-28,Riley,Wetlands,6
4285,B00492,2026-02-13,Riley,Lake Edge,2
4286,B00535,2026-01-12,Jordan,Cliff Basin,6
4287,B00535,2026-04-08,Sam,Canyon Overlook,3
4288,B00535,2026-04-04,Riley,Canyon Overlook,7
4289,B00535,2026-06-03,Jordan,Rocky Pass,6
4290,B00535,2026-01-17,Quinn,Sunset Ridge,4
4291,B00708,2026-04-14,Alex,Cliff Basin,3
4292,B00708,2026-06-11,Morgan,Wetlands,7
4293,B00708,2026-03-15,Sam,Rocky Pass,8
4294,B00708,2026-03-02,Riley,Aspen Grove,7
4295,B01130,2026-05-23,Quinn,Rocky Pass,1
4296,B01130,2026-06-02,Morgan,Aspen Grove,7
4297,B01130,2026-06-21,Morgan,Sunset Ridge,2
4298,B01130,2026-02-14,Jordan,Canyon Overlook,11
4299,B01130,2026-01-08,Morgan,Rocky Pass,1
4300,B00547,2026-06-15,Taylor,Rocky Pass,10
4301,B00547,2026-02-17,Riley,Rocky Pass,11
4302,B00547,2026-02-22,Quinn,Lake Edge,6
4303,B00547,2026-03-20,Casey,Wetlands,8
4304,B00547,2026-03-19,Morgan,Wetlands,8
4305,B00547,2026-06-12,Quinn,Pine Lookout,8
4306,B00547,2026-04-08,Jordan,Cliff Basin,7
4307,B00198,2026-05-20,Casey,Wetlands,11
4308,B00198,2026-05-18,Sam,Canyon Overlook,6
4309,B00198,2026-04-07,Morgan,Wetlands,8
4310,B00198,2026-02-12,Morgan,Cliff Basin,6
4311,B00198,2026-05-13,Riley,Pine Lookout,1
4312,B00198,2026-02-11,Riley,Rocky Pass,10
4313,B01052,2026-05-24,Sam,Aspen Grove,9
4314,B01052,2026-06-15,Taylor,Cliff Basin,10
4315,B01052,2026-01-29,Jordan,Pine Lookout,2
4316,B01052,2026-04-11,Morgan,Canyon Overlook,8
4317,B01052,2026-02-26,Riley,Cliff Basin,6
4318,B01091,2026-02-13,Quinn,Cliff Basin,10
4319,B01091,2026-02-03,Riley,Rocky Pass,3
4320,B01091,2026-02-26,Quinn,Lake Edge,2
4321,B01091,2026-02-11,Morgan,Sunset Ridge,2
4322,B01091,2026-04-03,Quinn,Pine Lookout,1
4323,B01091,2026-05-17,Quinn,Lake Edge,3
4324,B01091,2026-01-28,Morgan,Wetlands,6
4325,B01443,2026-02-27,Quinn,Pine Lookout,4
4326,B01443,2026-06-12,Riley,Wetlands,4
4327,B01443,2026-06-29,Jordan,Sunset Ridge,3
4328,B01443,2026-02-17,Quinn,Pine Lookout,5
4329,B01443,2026-01-16,Casey,Cliff Basin,9
4330,B01443,2026-02-22,Alex,Rocky Pass,4
4331,B01443,2026-04-21,Morgan,Sunset Ridge,3
4332,B00263,2026-06-13,Sam,Aspen Grove,5
4333,B00263,2026-03-12,Casey,Cliff Basin,8
4334,B00263,2026-05-25,Casey,Canyon Overlook,7
4335,B00263,2026-04-18,Quinn,Pine Lookout,4
4336,B00263,2026-02-09,Alex,Lake Edge,1
4337,B00727,2026-06-15,Jordan,Pine Lookout,1
4338,B00727,2026-02-28,Riley,Pine Lookout,9
4339,B00727,2026-05-24,Alex,Lake Edge,11
4340,B00727,2026-02-11,Taylor,Wetlands,1
4341,B00727,2026-02-26,Alex,Cliff Basin,9
4342,B00727,2026-05-05,Quinn,Sunset Ridge,1
4343,B00809,2026-04-08,Riley,Rocky Pass,11
4344,B00809,2026-06-24,Casey,Cliff Basin,10
4345,B00809,2026-05-30,Sam,Sunset Ridge,4
4346,B00809,2026-03-21,Taylor,Lake Edge,6
4347,B00809,2026-03-14,Taylor,Cliff Basin,11
4348,B00809,2026-05-08,Morgan,Wetlands,10
4349,B00809,2026-05-02,Alex,Cliff Basin,3
4350,B01270,2026-04-19,Riley,Cliff Basin,5
4351,B01270,2026-06-01,Sam,Lake Edge,8
4352,B01270,2026-05-07,Taylor,Lake Edge,8
4353,B01270,2026-05-04,Quinn,Wetlands,11
4354,B01270,2026-06-09,Sam,Aspen Grove,7
4355,B00122,2026-03-09,Riley,Wetlands,4
4356,B00122,2026-01-18,Morgan,Aspen Grove,5
4357,B00122,2026-03-23,Alex,Cliff Basin,6
4358,B00122,2026-02-06,Sam,Lake Edge,5
4359,B00122,2026-03-02,Morgan,Pine Lookout,2
4360,B00252,2026-03-29,Riley,Sunset Ridge,3
4361,B00252,2026-04-23,Sam,Cliff Basin,9
4362,B00252,2026-05-14,Riley,Cliff Basin,5
4363,B00252,2026-03-02,Taylor,Pine Lookout,8
4364,B00252,2026-06-18,Sam,Lake Edge,9
4365,B00252,2026-04-27,Sam,Aspen Grove,11
4366,B01462,2026-05-09,Taylor,Sunset Ridge,10
4367,B01462,2026-06-28,Riley,Canyon Overlook,11
4368,B01462,2026-01-15,Riley,Rocky Pass,7
4369,B01462,2026-03-19,Alex,Canyon Overlook,4
4370,B01462,2026-02-20,Sam,Sunset Ridge,11
4371,B01462,2026-04-20,Quinn,Lake Edge,5
4372,B01462,2026-03-01,Sam,Pine Lookout,7
4373,B01039,2026-04-23,Quinn,Aspen Grove,2
4374,B01039,2026-01-14,Casey,Rocky Pass,4
4375,B01039,2026-01-12,Casey,Aspen Grove,2
4376,B01039,2026-05-30,Riley,Aspen Grove,4
4377,B01039,2026-03-19,Quinn,Aspen Grove,7
4378,B01039,2026-01-23,Alex,Canyon Overlook,10
4379,B01039,2026-01-06,Quinn,Cliff Basin,1
4380,B00663,2026-04-13,Sam,Wetlands,11
4381,B00663,2026-01-02,Alex,Lake Edge,4
4382,B00663,2026-05-13,Riley,Rocky Pass,2
4383,B00663,2026-01-17,Quinn,Lake Edge,3
4384,B00663,2026-04-16,Quinn,Aspen Grove,7
4385,B00663,2026-06-08,Riley,Canyon Overlook,6
4386,B00663,2026-02-16,Morgan,Pine Lookout,10
4387,B01681,2026-06-12,Quinn,Canyon Overlook,10
4388,B01681,2026-06-21,Quinn,Rocky Pass,2
4389,B01681,2026-06-17,Sam,Lake Edge,6
4390,B01681,2026-04-28,Riley,Sunset Ridge,4
4391,B00848,2026-04-19,Morgan,Aspen Grove,9
4392,B00848,2026-01-15,Taylor,Wetlands,2
4393,B00848,2026-06-12,Quinn,Pine Lookout,4
4394,B00848,2026-01-25,Taylor,Sunset Ridge,6
4395,B01073,2026-06-22,Taylor,Aspen Grove,7
4396,B01073,2026-03-13,Quinn,Rocky Pass,9
4397,B01073,2026-01-10,Quinn,Lake Edge,7
4398,B01073,2026-03-01,Taylor,Rocky Pass,2
4399,B01073,2026-06-02,Morgan,Lake Edge,5
4400,B01045,2026-01-23,Quinn,Sunset Ridge,4
4401,B01045,2026-05-28,Morgan,Rocky Pass,8
4402,B01045,2026-06-11,Riley,Lake Edge,8
4403,B01045,2026-02-16,Alex,Canyon Overlook,2
4404,B01045,2026-02-19,Alex,Pine Lookout,2
4405,B01045,2026-04-30,Quinn,Sunset Ridge,11
4406,B00978,2026-06-26,Riley,Aspen Grove,3
4407,B00978,2026-06-04,Sam,Cliff Basin,9
4408,B00978,2026-05-23,Casey,Rocky Pass,5
4409,B00978,2026-04-17,Sam,Cliff Basin,11
4410,B01324,2026-05-07,Riley,Canyon Overlook,8
4411,B01324,2026-01-20,Quinn,Canyon Overlook,8
4412,B01324,2026-05-22,Taylor,Aspen Grove,9
4413,B01324,2026-03-20,Sam,Cliff Basin,5
4414,B00378,2026-06-25,Jordan,Cliff Basin,8
4415,B00378,2026-05-18,Jordan,Lake Edge,10
4416,B00378,2026-05-27,Taylor,Pine Lookout,2
4417,B00378,2026-01-27,Morgan,Lake Edge,3
4418,B01513,2026-04-18,Morgan,Pine Lookout,11
4419,B01513,2026-05-04,Riley,Pine Lookout,6
4420,B01513,2026-04-28,Casey,Aspen Grove,9
4421,B01513,2026-06-01,Casey,Lake Edge,7
4422,B01513,2026-05-06,Jordan,Pine Lookout,3
4423,B01513,2026-03-01,Quinn,Wetlands,4
4424,B01527,2026-06-28,Morgan,Cliff Basin,8
4425,B01527,2026-05-18,Riley,Lake Edge,8
4426,B01527,2026-06-01,Sam,Wetlands,4
4427,B01527,2026-04-28,Morgan,Cliff Basin,3
4428,B01527,2026-04-20,Jordan,Cliff Basin,1
4429,B00081,2026-01-25,Morgan,Pine Lookout,8
4430,B00081,2026-01-11,Riley,Sunset Ridge,9
4431,B00081,2026-01-26,Taylor,Rocky Pass,3
4432,B00081,2026-03-18,Morgan,Rocky Pass,4
4433,B00081,2026-01-06,Sam,Wetlands,4
4434,B00081,2026-03-14,Taylor,Aspen Grove,2
4435,B00339,2026-02-25,Riley,Cliff Basin,3
4436,B00339,2026-05-28,Quinn,Sunset Ridge,4
4437,B00339,2026-05-24,Riley,Rocky Pass,3
4438,B00339,2026-05-23,Quinn,Lake Edge,3
4439,B00339,2026-01-17,Casey,Aspen Grove,1
4440,B01621,2026-02-11,Morgan,Aspen Grove,1
4441,B01621,2026-03-29,Taylor,Rocky Pass,10
4442,B01621,2026-04-02,Quinn,Canyon Overlook,11
4443,B01621,2026-01-01,Alex,Cliff Basin,2
4444,B01621,2026-06-14,Taylor,Rocky Pass,7
4445,B01621,2026-01-19,Quinn,Wetlands,2
4446,B01621,2026-06-13,Casey,Canyon Overlook,7
4447,B01537,2026-02-28,Casey,Lake Edge,6
4448,B01537,2026-01-16,Morgan,Pine Lookout,11
4449,B01537,2026-01-08,Casey,Rocky Pass,7
4450,B01537,2026-04-23,Quinn,Rocky Pass,10
4451,B01537,2026-04-22,Jordan,Lake Edge,8
4452,B01672,2026-01-18,Jordan,Cliff Basin,11
4453,B01672,2026-01-20,Alex,Wetlands,4
4454,B01672,2026-02-07,Jordan,Wetlands,11
4455,B01672,2026-02-18,Casey,Cliff Basin,10
4456,B00722,2026-06-13,Casey,Wetlands,1
4457,B00722,2026-02-14,Jordan,Pine Lookout,5
4458,B00722,2026-05-19,Alex,Sunset Ridge,4
4459,B00722,2026-06-22,Taylor,Pine Lookout,1
4460,B00722,2026-04-18,Riley,Sunset Ridge,9
4461,B00722,2026-05-18,Casey,Wetlands,8
4462,B00722,2026-05-09,Taylor,Rocky Pass,1
4463,B01379,2026-05-28,Taylor,Cliff Basin,1
4464,B01379,2026-03-19,Morgan,Aspen Grove,9
4465,B01379,2026-04-30,Alex,Wetlands,1
4466,B01379,2026-02-24,Taylor,Lake Edge,2
4467,B01379,2026-01-27,Alex,Canyon Overlook,11
4468,B01517,2026-02-02,Taylor,Sunset Ridge,1
4469,B01517,2026-06-17,Taylor,Pine Lookout,11
4470,B01517,2026-02-27,Jordan,Sunset Ridge,9
4471,B01517,2026-02-13,Jordan,Canyon Overlook,4
4472,B01517,2026-04-14,Riley,Aspen Grove,8
4473,B01517,2026-01-14,Riley,Sunset Ridge,6
4474,B01517,2026-06-21,Jordan,Canyon Overlook,9
4475,B00373,2026-02-20,Riley,Cliff Basin,7
4476,B00373,2026-01-24,Morgan,Lake Edge,11
4477,B00373,2026-04-26,Jordan,Lake Edge,1
4478,B00373,2026-02-25,Taylor,Rocky Pass,3
4479,B00337,2026-04-15,Quinn,Cliff Basin,9
4480,B00337,2026-05-13,Morgan,Sunset Ridge,3
4481,B00337,2026-02-18,Jordan,Wetlands,5
4482,B00337,2026-04-03,Taylor,Rocky Pass,11
4483,B00337,2026-04-17,Morgan,Pine Lookout,4
4484,B00337,2026-06-16,Jordan,Rocky Pass,4
4485,B00337,2026-05-10,Quinn,Canyon Overlook,5
4486,B01307,2026-05-08,Casey,Pine Lookout,11
4487,B01307,2026-04-09,Jordan,Rocky Pass,10
4488,B01307,2026-01-08,Quinn,Pine Lookout,3
4489,B01307,2026-04-19,Taylor,Sunset Ridge,10
4490,B01307,2026-03-05,Casey,Lake Edge,8
4491,B01307,2026-06-26,Taylor,Aspen Grove,8
4492,B01307,2026-02-28,Sam,Sunset Ridge,1
4493,B00478,2026-05-01,Riley,Cliff Basin,10
4494,B00478,2026-06-11,Taylor,Pine Lookout,8
4495,B00478,2026-05-26,Riley,Rocky Pass,5
4496,B00478,2026-04-08,Taylor,Lake Edge,2
4497,B00478,2026-05-24,Sam,Cliff Basin,1
4498,B00478,2026-01-29,Jordan,Canyon Overlook,10
4499,B00478,2026-04-27,Jordan,Cliff Basin,11
4500,B01297,2026-04-16,Alex,Sunset Ridge,11
4501,B01297,2026-04-29,Quinn,Canyon Overlook,3
4502,B01297,2026-03-02,Jordan,Sunset Ridge,3
4503,B01297,2026-05-30,Casey,Rocky Pass,4
4504,B01297,2026-01-20,Riley,Rocky Pass,9
4505,B01297,2026-03-20,Sam,Wetlands,2
4506,B00012,2026-04-25,Alex,Pine Lookout,3
4507,B00012,2026-03-27,Alex,Aspen Grove,8
4508,B00012,2026-02-16,Sam,Aspen Grove,6
4509,B00012,2026-01-10,Jordan,Aspen Grove,7
4510,B00135,2026-01-16,Morgan,Wetlands,11
4511,B00135,2026-06-26,Riley,Rocky Pass,6
4512,B00135,2026-03-26,Riley,Aspen Grove,11
4513,B00135,2026-06-02,Morgan,Lake Edge,10
4514,B00135,2026-04-13,Casey,Pine Lookout,9
4515,B00135,2026-05-09,Sam,Sunset Ridge,5
4516,B00135,2026-02-23,Quinn,Aspen Grove,1
4517,B00776,2026-02-23,Sam,Wetlands,8
4518,B00776,2026-05-07,Quinn,Pine Lookout,8
4519,B00776,2026-02-05,Casey,Wetlands,2
4520,B00776,2026-05-19,Alex,Wetlands,3
4521,B00776,2026-06-02,Casey,Pine Lookout,9
4522,B00776,2026-06-29,Jordan,Aspen Grove,4
4523,B00776,2026-02-22,Riley,Wetlands,8
4524,B01522,2026-04-18,Alex,Rocky Pass,6
4525,B01522,2026-06-04,Quinn,Rocky Pass,11
4526,B01522,2026-02-01,Alex,Sunset Ridge,4
4527,B01522,2026-06-15,Casey,Cliff Basin,10
4528,B01522,2026-06-23,Sam,Lake Edge,8
4529,B01522,2026-02-25,Quinn,Wetlands,1
4530,B01123,2026-06-10,Quinn,Pine Lookout,6
4531,B01123,2026-04-06,Jordan,Rocky Pass,9
4532,B01123,2026-05-13,Sam,Cliff Basin,2
4533,B01123,2026-06-27,Morgan,Rocky Pass,2
4534,B00374,2026-04-01,Casey,Lake Edge,6
4535,B00374,2026-02-17,Morgan,Sunset Ridge,4
4536,B00374,2026-05-13,Casey,Wetlands,11
4537,B00374,2026-01-16,Morgan,Sunset Ridge,9
4538,B00374,2026-02-18,Jordan,Aspen Grove,6
4539,B00374,2026-05-25,Riley,Cliff Basin,10
4540,B01346,2026-02-03,Jordan,Cliff Basin,10
4541,B01346,2026-04-16,Casey,Pine Lookout,1
4542,B01346,2026-02-18,Riley,Cliff Basin,5
4543,B01346,2026-03-07,Quinn,Wetlands,2
4544,B01346,2026-04-26,Casey,Canyon Overlook,3
4545,B01346,2026-01-26,Taylor,Lake Edge,10
4546,B01346,2026-04-28,Morgan,Sunset Ridge,1
4547,B01350,2026-05-16,Morgan,Sunset Ridge,11
4548,B01350,2026-05-07,Alex,Canyon Overlook,9
4549,B01350,2026-03-27,Jordan,Lake Edge,4
4550,B01350,2026-05-09,Quinn,Sunset Ridge,1
4551,B01350,2026-02-03,Morgan,Wetlands,10
4552,B01350,2026-02-26,Casey,Rocky Pass,7
4553,B01350,2026-02-19,Taylor,Sunset Ridge,6
4554,B01020,2026-03-15,Riley,Aspen Grove,7
4555,B01020,2026-06-05,Alex,Sunset Ridge,2
4556,B01020,2026-03-26,Morgan,Wetlands,10
4557,B01020,2026-01-17,Quinn,Sunset Ridge,5
4558,B00486,2026-03-28,Casey,Canyon Overlook,1
4559,B00486,2026-04-26,Alex,Rocky Pass,8
4560,B00486,2026-05-21,Jordan,Lake Edge,1
4561,B00486,2026-03-25,Taylor,Wetlands,4
4562,B00486,2026-04-27,Taylor,Sunset Ridge,6
4563,B01427,2026-04-13,Casey,Sunset Ridge,7
4564,B01427,2026-01-01,Alex,Lake Edge,2
4565,B01427,2026-05-21,Riley,Aspen Grove,6
4566,B01427,2026-03-04,Morgan,Pine Lookout,11
4567,B01427,2026-01-02,Jordan,Wetlands,3
4568,B01303,2026-04-15,Riley,Canyon Overlook,9
4569,B01303,2026-05-27,Morgan,Sunset Ridge,1
4570,B01303,2026-03-28,Alex,Aspen Grove,5
4571,B01303,2026-04-13,Alex,Cliff Basin,10
4572,B01303,2026-01-08,Riley,Sunset Ridge,7
4573,B01315,2026-01-17,Quinn,Wetlands,2
4574,B01315,2026-03-18,Alex,Aspen Grove,1
4575,B01315,2026-06-10,Riley,Aspen Grove,10
4576,B01315,2026-04-17,Jordan,Canyon Overlook,7
4577,B01315,2026-06-02,Taylor,Pine Lookout,1
4578,B01315,2026-02-11,Sam,Sunset Ridge,3
4579,B00143,2026-06-13,Riley,Sunset Ridge,7
4580,B00143,2026-04-18,Casey,Sunset Ridge,7
4581,B00143,2026-03-16,Sam,Lake Edge,9
4582,B00143,2026-02-13,Sam,Rocky Pass,6
4583,B00143,2026-06-01,Casey,Lake Edge,4
4584,B00143,2026-01-25,Taylor,Lake Edge,4
4585,B00143,2026-03-18,Quinn,Lake Edge,7
4586,B01007,2026-03-21,Casey,Lake Edge,4
4587,B01007,2026-01-23,Taylor,Wetlands,7
4588,B01007,2026-05-06,Quinn,Aspen Grove,10
4589,B01007,2026-04-13,Quinn,Wetlands,3
4590,B01051,2026-04-28,Morgan,Canyon Overlook,1
4591,B01051,2026-05-04,Jordan,Sunset Ridge,7
4592,B01051,2026-06-15,Alex,Pine Lookout,2
4593,B01051,2026-01-09,Morgan,Sunset Ridge,5
4594,B01051,2026-02-18,Taylor,Pine Lookout,7
4595,B00010,2026-06-01,Taylor,Lake Edge,5
4596,B00010,2026-05-25,Morgan,Cliff Basin,5
4597,B00010,2026-03-28,Riley,Sunset Ridge,3
4598,B00010,2026-04-11,Alex,Pine Lookout,2
4599,B00010,2026-03-24,Quinn,Pine Lookout,4
4600,B00779,2026-04-17,Taylor,Rocky Pass,8
4601,B00779,2026-06-23,Jordan,Pine Lookout,1
4602,B00779,2026-02-11,Riley,Cliff Basin,8
4603,B00779,2026-03-13,Taylor,Canyon Overlook,6
4604,B00779,2026-05-27,Riley,Lake Edge,7
4605,B00779,2026-01-17,Jordan,Aspen Grove,7
4606,B01011,2026-02-09,Morgan,Rocky Pass,6
4607,B01011,2026-05-02,Morgan,Aspen Grove,10
4608,B01011,2026-05-20,Morgan,Lake Edge,5
4609,B01011,2026-06-15,Alex,Lake Edge,1
4610,B01356,2026-01-01,Riley,Rocky Pass,5
4611,B01356,2026-04-30,Riley,Canyon Overlook,3
4612,B01356,2026-03-15,Sam,Rocky Pass,10
4613,B01356,2026-03-26,Riley,Pine Lookout,7
4614,B01449,2026-01-15,Quinn,Pine Lookout,8
4615,B01449,2026-04-03,Morgan,Lake Edge,3
4616,B01449,2026-06-03,Morgan,Pine Lookout,5
4617,B01449,2026-05-16,Jordan,Pine Lookout,5
4618,B01449,2026-01-05,Riley,Canyon Overlook,9
4619,B01449,2026-04-02,Alex,Aspen Grove,2
4620,B01449,2026-01-11,Morgan,Wetlands,8
4621,B00835,2026-01-10,Morgan,Lake Edge,9
4622,B00835,2026-06-20,Jordan,Aspen Grove,10
4623,B00835,2026-03-22,Taylor,Canyon Overlook,1
4624,B00835,2026-02-27,Sam,Aspen Grove,2
4625,B01472,2026-01-14,Riley,Cliff Basin,3
4626,B01472,2026-03-01,Taylor,Aspen Grove,8
4627,B01472,2026-06-21,Casey,Aspen Grove,9
4628,B01472,2026-04-05,Morgan,Sunset Ridge,1
4629,B01472,2026-01-10,Riley,Rocky Pass,10
4630,B01472,2026-04-06,Jordan,Rocky Pass,7
4631,B01472,2026-05-12,Sam,Cliff Basin,5
4632,B01083,2026-02-20,Morgan,Rocky Pass,10
4633,B01083,2026-01-05,Alex,Canyon Overlook,10
4634,B01083,2026-03-22,Riley,Pine Lookout,10
4635,B01083,2026-06-17,Taylor,Cliff Basin,1
4636,B01083,2026-05-09,Sam,Wetlands,2
4637,B01083,2026-02-28,Casey,Canyon Overlook,3
4638,B01589,2026-04-13,Alex,Pine Lookout,4
4639,B01589,2026-06-16,Casey,Sunset Ridge,7
4640,B01589,2026-06-03,Riley,Sunset Ridge,2
4641,B01589,2026-01-07,Quinn,Canyon Overlook,4
4642,B01589,2026-01-21,Quinn,Rocky Pass,5
4643,B01589,2026-06-26,Jordan,Aspen Grove,9
4644,B01589,2026-01-28,Sam,Lake Edge,4
4645,B00781,2026-02-07,Jordan,Sunset Ridge,5
4646,B00781,2026-05-24,Alex,Rocky Pass,4
4647,B00781,2026-05-20,Quinn,Sunset Ridge,2
4648,B00781,2026-06-12,Quinn,Cliff Basin,9
4649,B00781,2026-03-20,Jordan,Rocky Pass,10
4650,B00583,2026-03-17,Riley,Rocky Pass,2
4651,B00583,2026-02-14,Quinn,Lake Edge,10
4652,B00583,2026-02-10,Morgan,Lake Edge,1
4653,B00583,2026-03-25,Taylor,Sunset Ridge,8
4654,B00583,2026-03-09,Alex,Rocky Pass,5
4655,B00583,2026-05-04,Quinn,Sunset Ridge,9
4656,B00583,2026-04-30,Riley,Canyon Overlook,10
4657,B01586,2026-01-14,Riley,Pine Lookout,8
4658,B01586,2026-01-12,Jordan,Canyon Overlook,8
4659,B01586,2026-01-18,Quinn,Cliff Basin,5
4660,B01586,2026-04-02,Morgan,Lake Edge,10
4661,B00999,2026-06-06,Quinn,Pine Lookout,4
4662,B00999,2026-05-13,Jordan,Wetlands,11
4663,B00999,2026-04-10,Taylor,Wetlands,9
4664,B00999,2026-01-13,Sam,Rocky Pass,6
4665,B00999,2026-04-02,Sam,Rocky Pass,10
4666,B00999,2026-06-02,Morgan,Sunset Ridge,9
4667,B00999,2026-03-31,Riley,Pine Lookout,11
4668,B00628,2026-06-08,Casey,Aspen Grove,7
4669,B00628,2026-06-17,Alex,Wetlands,8
4670,B00628,2026-01-04,Taylor,Sunset Ridge,7
4671,B00628,2026-06-28,Taylor,Pine Lookout,9
4672,B00628,2026-04-22,Jordan,Wetlands,7
4673,B00786,2026-06-27,Sam,Wetlands,5
4674,B00786,2026-05-14,Jordan,Lake Edge,8
4675,B00786,2026-05-30,Morgan,Lake Edge,8
4676,B00786,2026-04-23,Morgan,Wetlands,7
4677,B00786,2026-03-09,Sam,Cliff Basin,11
4678,B00786,2026-02-26,Taylor,Cliff Basin,7
4679,B00786,2026-03-03,Taylor,Sunset Ridge,1
4680,B01450,2026-02-06,Alex,Rocky Pass,5
4681,B01450,2026-03-12,Alex,Rocky Pass,3
4682,B01450,2026-02-13,Riley,Cliff Basin,3
4683,B01450,2026-04-23,Quinn,Aspen Grove,11
4684,B00386,2026-05-20,Alex,Rocky Pass,11
4685,B00386,2026-06-12,Taylor,Aspen Grove,4
4686,B00386,2026-02-06,Riley,Canyon Overlook,4
4687,B00386,2026-06-27,Sam,Wetlands,3
4688,B00386,2026-05-25,Sam,Canyon Overlook,9
4689,B00386,2026-03-06,Casey,Aspen Grove,7
4690,B00386,2026-04-21,Casey,Aspen Grove,10
4691,B00654,2026-03-12,Taylor,Wetlands,7
4692,B00654,2026-02-01,Casey,Lake Edge,7
4693,B00654,2026-05-24,Taylor,Pine Lookout,8
4694,B00654,2026-02-02,Sam,Pine Lookout,9
4695,B00654,2026-01-14,Riley,Aspen Grove,7
4696,B00654,2026-03-17,Casey,Wetlands,11
4697,B00846,2026-03-06,Jordan,Canyon Overlook,6
4698,B00846,2026-03-21,Quinn,Wetlands,1
4699,B00846,2026-02-09,Jordan,Cliff Basin,2
4700,B00846,2026-03-26,Morgan,Cliff Basin,3
4701,B00846,2026-02-03,Casey,Wetlands,9
4702,B00846,2026-01-09,Morgan,Pine Lookout,4
4703,B01546,2026-05-23,Jordan,Wetlands,6
4704,B01546,2026-02-04,Sam,Lake Edge,3
4705,B01546,2026-01-27,Alex,Rocky Pass,6
4706,B01546,2026-04-21,Alex,Canyon Overlook,8
4707,B01546,2026-03-03,Jordan,Aspen Grove,9
4708,B01546,2026-02-13,Taylor,Rocky Pass,5
4709,B01546,2026-01-22,Riley,Sunset Ridge,10
4710,B00616,2026-06-09,Casey,Lake Edge,3
4711,B00616,2026-02-18,Jordan,Aspen Grove,2
4712,B00616,2026-05-29,Morgan,Rocky Pass,9
4713,B00616,2026-06-18,Quinn,Wetlands,4
4714,X00001,2026-05-06,Jordan,Sunset Ridge,4
4715,X00001,2026-03-15,Quinn,Canyon Overlook,6
4716,X00001,2026-01-07,Casey,Sunset Ridge,9
4717,X00001,2026-06-20,Morgan,Cliff Basin,2
4718,X00001,2026-04-09,Alex,Aspen Grove,2
4719,X00001,2026-05-27,Riley,Wetlands,4
4720,X00001,2026-03-23,Alex,Cliff Basin,5
4721,X00002,2026-05-01,Taylor,Sunset Ridge,5
4722,X00002,2026-04-19,Morgan,Lake Edge,3
4723,X00002,2026-02-08,Morgan,Wetlands,1
4724,X00002,2026-06-28,Taylor,Canyon Overlook,4
4725,X00002,2026-04-26,Riley,Aspen Grove,10
4726,X00002,2026-02-16,Riley,Canyon Overlook,9
4727,X00002,2026-05-18,Casey,Pine Lookout,7
4728,X00003,2026-05-02,Jordan,Rocky Pass,4
4729,X00003,2026-04-11,Taylor,Rocky Pass,11
4730,X00003,2026-04-26,Sam,Canyon Overlook,9
4731,X00003,2026-02-02,Riley,Rocky Pass,9
4732,X00003,2026-03-26,Quinn,Lake Edge,3
4733,X00003,2026-05-03,Riley,Wetlands,10
4734,X00004,2026-04-21,Taylor,Pine Lookout,4
4735,X00004,2026-05-02,Taylor,Wetlands,10
4736,X00004,2026-06-12,Morgan,Pine Lookout,1
4737,X00004,2026-02-13,Jordan,Cliff Basin,6
4738,X00005,2026-05-24,Sam,Cliff Basin,10
4739,X00005,2026-06-18,Morgan,Lake Edge,8
4740,X00005,2026-06-25,Sam,Lake Edge,1
4741,X00005,2026-02-22,Riley,Rocky Pass,3
4742,X00005,2026-01-11,Sam,Canyon Overlook,3
4743,X00005,2026-02-24,Morgan,Lake Edge,4
4744,X00005,2026-06-06,Jordan,Lake Edge,11
4745,X00006,2026-02-16,Riley,Canyon Overlook,4
4746,X00006,2026-03-26,Alex,Cliff Basin,1
4747,X00006,2026-04-11,Sam,Pine Lookout,11
4748,X00006,2026-03-28,Jordan,Aspen Grove,9
4749,X00007,2026-01-12,Jordan,Lake Edge,2
4750,X00007,2026-02-02,Morgan,Rocky Pass,10
4751,X00007,2026-06-26,Casey,Cliff Basin,10
4752,X00007,2026-05-02,Morgan,Sunset Ridge,2
4753,X00008,2026-02-21,Quinn,Sunset Ridge,6
4754,X00008,2026-02-08,Riley,Cliff Basin,8
4755,X00008,2026-05-12,Quinn,Pine Lookout,6
4756,X00008,2026-03-04,Taylor,Pine Lookout,6
4757,X00008,2026-05-25,Alex,Cliff Basin,8
4758,X00008,2026-06-15,Sam,Wetlands,2
4759,X00009,2026-03-11,Sam,Lake Edge,7
4760,X00009,2026-02-04,Taylor,Wetlands,5
4761,X00009,2026-01-23,Alex,Sunset Ridge,8
4762,X00009,2026-01-28,Taylor,Pine Lookout,4
4763,X00009,2026-01-14,Jordan,Wetlands,9
4764,X00009,2026-04-17,Morgan,Wetlands,5
4765,X00009,2026-06-24,Riley,Rocky Pass,4
4766,X00010,2026-03-25,Alex,Cliff Basin,8
4767,X00010,2026-02-21,Jordan,Wetlands,6
4768,X00010,2026-04-07,Jordan,Canyon Overlook,1
4769,X00010,2026-05-12,Quinn,Cliff Basin,10
4770,X00010,2026-05-19,Jordan,Cliff Basin,4
4771,X00011,2026-03-19,Alex,Lake Edge,11
4772,X00011,2026-02-24,Alex,Lake Edge,7
4773,X00011,2026-06-01,Casey,Lake Edge,1
4774,X00011,2026-01-18,Quinn,Wetlands,7
4775,X00011,2026-04-12,Alex,Lake Edge,1
4776,X00011,2026-02-17,Quinn,Sunset Ridge,7
4777,X00011,2026-06-21,Taylor,Lake Edge,11
4778,X00012,2026-03-18,Sam,Rocky Pass,7
4779,X00012,2026-03-17,Quinn,Cliff Basin,2
4780,X00012,2026-04-01,Taylor,Pine Lookout,2
4781,X00012,2026-01-16,Morgan,Aspen Grove,11
4782,X00012,2026-01-17,Alex,Wetlands,4
4783,X00012,2026-06-18,Quinn,Rocky Pass,9
4784,X00013,2026-05-29,Taylor,Lake Edge,10
4785,X00013,2026-06-15,Taylor,Sunset Ridge,8
4786,X00013,2026-05-20,Casey,Sunset Ridge,4
4787,X00013,2026-06-07,Casey,Canyon Overlook,2
4788,X00013,2026-03-27,Quinn,Aspen Grove,1
4789,X00014,2026-04-26,Casey,Sunset Ridge,10
4790,X00014,2026-02-27,Jordan,Pine Lookout,4
4791,X00014,2026-05-12,Sam,Cliff Basin,1
4792,X00014,2026-06-13,Morgan,Rocky Pass,2
4793,X00014,2026-06-02,Taylor,Wetlands,1
4794,X00014,2026-02-20,Sam,Canyon Overlook,3
4795,X00014,2026-03-01,Casey,Wetlands,2
4796,X00015,2026-02-16,Casey,Canyon Overlook,3
4797,X00015,2026-03-25,Jordan,Cliff Basin,1
4798,X00015,2026-02-17,Morgan,Canyon Overlook,3
4799,X00015,2026-04-26,Morgan,Cliff Basin,11
4800,X00016,2026-02-21,Casey,Sunset Ridge,10
4801,X00016,2026-01-12,Casey,Lake Edge,8
4802,X00016,2026-03-11,Sam,Lake Edge,4
4803,X00016,2026-02-04,Jordan,Lake Edge,1
4804,X00016,2026-04-15,Quinn,Rocky Pass,8
4805,X00017,2026-03-06,Morgan,Aspen Grove,9
4806,X00017,2026-05-14,Morgan,Lake Edge,4
4807,X00017,2026-03-30,Alex,Pine Lookout,11
4808,X00017,2026-05-21,Taylor,Aspen Grove,3
4809,X00018,2026-04-02,Alex,Pine Lookout,1
4810,X00018,2026-05-24,Morgan,Lake Edge,9
4811,X00018,2026-02-09,Quinn,Rocky Pass,11
4812,X00018,2026-03-25,Quinn,Rocky Pass,9
4813,X00018,2026-04-05,Casey,Lake Edge,2
4814,X00018,2026-01-03,Riley,Aspen Grove,4
4815,X00019,2026-03-30,Quinn,Cliff Basin,2
4816,X00019,2026-03-31,Taylor,Aspen Grove,3
4817,X00019,2026-06-21,Riley,Cliff Basin,11
4818,X00019,2026-06-20,Jordan,Aspen Grove,6
4819,X00020,2026-03-08,Jordan,Pine Lookout,8
4820,X00020,2026-02-28,Sam,Sunset Ridge,11
4821,X00020,2026-03-25,Taylor,Sunset Ridge,6
4822,X00020,2026-02-17,Jordan,Wetlands,4
4823,X00020,2026-06-13,Quinn,Aspen Grove,6
4824,X00020,2026-03-11,Taylor,Lake Edge,7
4825,X00021,2026-01-11,Sam,Lake Edge,8
4826,X00021,2026-01-10,Sam,Wetlands,5
4827,X00021,2026-02-04,Taylor,Rocky Pass,7
4828,X00021,2026-05-16,Quinn,Lake Edge,6
4829,X00021,2026-02-09,Riley,Wetlands,2
4830,X00021,2026-02-17,Jordan,Cliff Basin,9
4831,X00021,2026-05-26,Riley,Pine Lookout,8
4832,X00022,2026-01-18,Alex,Wetlands,10
4833,X00022,2026-01-07,Jordan,Pine Lookout,2
4834,X00022,2026-02-27,Casey,Canyon Overlook,4
4835,X00022,2026-02-08,Sam,Cliff Basin,5
4836,X00022,2026-02-21,Taylor,Rocky Pass,1
4837,X00023,2026-06-08,Alex,Rocky Pass,2
4838,X00023,2026-01-29,Jordan,Aspen Grove,4
4839,X00023,2026-03-16,Taylor,Lake Edge,10
4840,X00023,2026-06-07,Casey,Canyon Overlook,11
4841,X00024,2026-03-15,Casey,Rocky Pass,3
4842,X00024,2026-06-27,Alex,Wetlands,4
4843,X00024,2026-01-04,Quinn,Pine Lookout,9
4844,X00024,2026-06-01,Casey,Cliff Basin,11
4845,X00024,2026-02-01,Morgan,Canyon Overlook,8
4846,X00025,2026-02-14,Sam,Wetlands,9
4847,X00025,2026-04-13,Casey,Pine Lookout,7
4848,X00025,2026-02-17,Casey,Rocky Pass,5
4849,X00025,2026-03-28,Alex,Lake Edge,4
4850,X00026,2026-03-20,Quinn,Pine Lookout,11
4851,X00026,2026-01-09,Alex,Pine Lookout,10
4852,X00026,2026-05-10,Quinn,Cliff Basin,9
4853,X00026,2026-04-29,Riley,Pine Lookout,7
4854,X00026,2026-05-24,Casey,Rocky Pass,1
4855,X00026,2026-02-25,Alex,Wetlands,10
4856,X00027,2026-03-06,Casey,Cliff Basin,4
4857,X00027,2026-03-25,Quinn,Rocky Pass,7
4858,X00027,2026-04-09,Taylor,Sunset Ridge,8
4859,X00027,2026-03-11,Taylor,Aspen Grove,5
4860,X00027,2026-04-21,Casey,Sunset Ridge,8
4861,X00027,2026-02-10,Quinn,Rocky Pass,5
4862,X00027,2026-04-01,Casey,Wetlands,10
4863,X00028,2026-06-23,Alex,Wetlands,5
4864,X00028,2026-01-10,Quinn,Wetlands,7
4865,X00028,2026-02-05,Taylor,Sunset Ridge,6
4866,X00028,2026-02-13,Taylor,Sunset Ridge,6
4867,X00028,2026-05-01,Taylor,Canyon Overlook,4
4868,X00029,2026-05-26,Morgan,Wetlands,6
4869,X00029,2026-02-14,Riley,Canyon Overlook,7
4870,X00029,2026-04-29,Quinn,Lake Edge,1
4871,X00029,2026-06-21,Alex,Wetlands,3
4872,X00030,2026-01-14,Morgan,Pine Lookout,7
4873,X00030,2026-02-01,Casey,Pine Lookout,7
4874,X00030,2026-03-24,Jordan,Wetlands,2
4875,X00030,2026-06-17,Taylor,Sunset Ridge,1
4876,X00030,2026-02-08,Casey,Rocky Pass,1
4877,X00031,2026-03-27,Alex,Rocky Pass,7
4878,X00031,2026-04-26,Taylor,Aspen Grove,4
4879,X00031,2026-02-23,Casey,Lake Edge,9
4880,X00031,2026-05-20,Taylor,Cliff Basin,1
4881,X00031,2026-05-02,Casey,Wetlands,10
4882,X00031,2026-04-06,Riley,Cliff Basin,3
4883,X00032,2026-06-15,Quinn,Wetlands,3
4884,X00032,2026-01-27,Morgan,Sunset Ridge,11
4885,X00032,2026-02-16,Morgan,Lake Edge,2
4886,X00032,2026-04-09,Sam,Cliff Basin,4
4887,X00032,2026-04-01,Jordan,Cliff Basin,3
4888,X00032,2026-02-08,Riley,Canyon Overlook,4
4889,X00032,2026-04-11,Casey,Rocky Pass,3
4890,X00033,2026-04-24,Taylor,Aspen Grove,4
4891,X00033,2026-04-28,Casey,Rocky Pass,7
4892,X00033,2026-04-08,Casey,Canyon Overlook,2
4893,X00033,2026-03-23,Riley,Cliff Basin,8
4894,X00034,2026-01-13,Riley,Aspen Grove,4
4895,X00034,2026-02-09,Riley,Pine Lookout,6
4896,X00034,2026-01-06,Morgan,Lake Edge,2
4897,X00034,2026-02-13,Morgan,Wetlands,3
4898,X00034,2026-06-11,Morgan,Canyon Overlook,7
4899,X00034,2026-05-09,Casey,Lake Edge,9
4900,X00034,2026-05-08,Casey,Lake Edge,9
4901,X00035,2026-01-07,Quinn,Rocky Pass,6
4902,X00035,2026-05-25,Morgan,Lake Edge,11
4903,X00035,2026-03-02,Alex,Wetlands,4
4904,X00035,2026-05-30,Quinn,Lake Edge,8
4905,X00035,2026-02-26,Sam,Lake Edge,5
4906,X00035,2026-06-16,Morgan,Canyon Overlook,8
4907,X00036,2026-06-10,Jordan,Wetlands,3
4908,X00036,2026-02-22,Sam,Lake Edge,2
4909,X00036,2026-02-13,Casey,Sunset Ridge,6
4910,X00036,2026-06-21,Alex,Aspen Grove,9
4911,X00036,2026-02-08,Morgan,Rocky Pass,5
4912,X00036,2026-03-01,Taylor,Pine Lookout,5
4913,X00037,2026-04-17,Quinn,Canyon Overlook,3
4914,X00037,2026-01-05,Quinn,Rocky Pass,1
4915,X00037,2026-05-22,Quinn,Lake Edge,8
4916,X00037,2026-02-09,Riley,Pine Lookout,9
4917,X00037,2026-01-23,Taylor,Cliff Basin,7
4918,X00037,2026-01-03,Morgan,Cliff Basin,11
4919,X00038,2026-01-21,Sam,Sunset Ridge,9
4920,X00038,2026-01-03,Taylor,Cliff Basin,2
4921,X00038,2026-04-20,Riley,Wetlands,1
4922,X00038,2026-01-20,Quinn,Wetlands,4
4923,X00038,2026-03-02,Sam,Pine Lookout,7
4924,X00038,2026-03-13,Quinn,Pine Lookout,5
4925,X00039,2026-05-07,Alex,Aspen Grove,7
4926,X00039,2026-05-08,Taylor,Pine Lookout,10
4927,X00039,2026-06-21,Riley,Pine Lookout,2
4928,X00039,2026-04-19,Morgan,Cliff Basin,9
4929,X00039,2026-03-17,Jordan,Cliff Basin,4
4930,X00039,2026-04-25,Sam,Sunset Ridge,4
4931,X00040,2026-06-28,Casey,Rocky Pass,11
4932,X00040,2026-06-27,Morgan,Cliff Basin,9
4933,X00040,2026-04-26,Morgan,Canyon Overlook,10
4934,X00040,2026-02-19,Quinn,Wetlands,2
4935,X00040,2026-01-30,Alex,Aspen Grove,7
4936,X00040,2026-06-13,Casey,Cliff Basin,6
4937,X00041,2026-04-10,Jordan,Wetlands,4
4938,X00041,2026-01-14,Jordan,Aspen Grove,1
4939,X00041,2026-05-13,Sam,Sunset Ridge,2
4940,X00041,2026-04-18,Riley,Lake Edge,6
4941,X00041,2026-04-26,Taylor,Aspen Grove,9
4942,X00041,2026-06-07,Jordan,Wetlands,4
4943,X00042,2026-05-06,Riley,Wetlands,7
4944,X00042,2026-01-12,Riley,Cliff Basin,4
4945,X00042,2026-02-18,Riley,Pine Lookout,6
4946,X00042,2026-05-19,Morgan,Cliff Basin,6
4947,X00042,2026-02-16,Sam,Rocky Pass,8
4948,X00042,2026-02-17,Quinn,Wetlands,1
4949,X00043,2026-01-21,Sam,Aspen Grove,7
4950,X00043,2026-03-23,Alex,Lake Edge,7
4951,X00043,2026-02-17,Alex,Aspen Grove,7
4952,X00043,2026-03-22,Sam,Lake Edge,6
4953,X00043,2026-06-02,Taylor,Pine Lookout,4
4954,X00043,2026-04-28,Quinn,Canyon Overlook,4
4955,X00043,2026-05-21,Taylor,Aspen Grove,5
4956,X00044,2026-05-10,Alex,Pine Lookout,8
4957,X00044,2026-01-06,Alex,Pine Lookout,3
4958,X00044,2026-03-08,Quinn,Rocky Pass,8
4959,X00044,2026-06-07,Taylor,Wetlands,3
4960,X00044,2026-01-24,Riley,Wetlands,11
4961,X00044,2026-06-18,Quinn,Rocky Pass,9
4962,X00044,2026-05-05,Morgan,Rocky Pass,10
4963,X00045,2026-03-03,Alex,Wetlands,9
4964,X00045,2026-03-21,Jordan,Cliff Basin,11
4965,X00045,2026-01-10,Quinn,Pine Lookout,5
4966,X00045,2026-01-04,Morgan,Aspen Grove,6
4967,X00046,2026-01-05,Riley,Wetlands,3
4968,X00046,2026-05-12,Casey,Rocky Pass,5
4969,X00046,2026-05-03,Riley,Wetlands,6
4970,X00046,2026-05-24,Riley,Cliff Basin,10
4971,X00046,2026-03-15,Riley,Rocky Pass,9
4972,X00047,2026-04-15,Casey,Pine Lookout,1
4973,X00047,2026-05-23,Morgan,Rocky Pass,3
4974,X00047,2026-01-11,Sam,Lake Edge,10
4975,X00047,2026-03-02,Morgan,Cliff Basin,2
4976,X00048,2026-03-19,Jordan,Rocky Pass,4
4977,X00048,2026-01-02,Alex,Lake Edge,1
4978,X00048,2026-04-18,Quinn,Aspen Grove,11
4979,X00048,2026-05-18,Taylor,Canyon Overlook,11
4980,X00048,2026-06-11,Jordan,Lake Edge,9
4981,X00048,2026-04-04,Casey,Aspen Grove,7
4982,X00049,2026-01-17,Quinn,Pine Lookout,5
4983,X00049,2026-05-15,Morgan,Cliff Basin,11
4984,X00049,2026-06-07,Taylor,Lake Edge,2
4985,X00049,2026-02-18,Riley,Aspen Grove,6
4986,X00049,2026-01-22,Alex,Rocky Pass,5
4987,X00049,2026-06-10,Alex,Cliff Basin,4
4988,X00049,2026-01-28,Sam,Aspen Grove,11
4989,X00050,2026-01-18,Quinn,Sunset Ridge,3
4990,X00050,2026-05-01,Alex,Cliff Basin,5
4991,X00050,2026-06-29,Morgan,Canyon Overlook,4
4992,X00050,2026-06-06,Morgan,Wetlands,8
4993,X00050,2026-06-21,Jordan,Wetlands,6
4994,X00050,2026-05-14,Quinn,Aspen Grove,1
4995,X00050,2026-04-28,Taylor,Cliff Basin,10
4996,X00051,2026-06-26,Taylor,Lake Edge,9
4997,X00051,2026-05-30,Sam,Sunset Ridge,2
4998,X00051,2026-03-03,Sam,Aspen Grove,3
4999,X00051,2026-04-24,Alex,Pine Lookout,4
5000,X00052,2026-02-27,Morgan,Aspen Grove,1
5001,X00052,2026-01-25,Quinn,Wetlands,1
5002,X00052,2026-04-19,Sam,Lake Edge,5
5003,X00052,2026-01-08,Riley,Aspen Grove,10
5004,X00052,2026-05-17,Quinn,Rocky Pass,7
5005,X00053,2026-02-12,Sam,Cliff Basin,4
5006,X00053,2026-02-20,Alex,Aspen Grove,9
5007,X00053,2026-01-11,Morgan,Pine Lookout,4
5008,X00053,2026-02-16,Casey,Rocky Pass,7
5009,X00053,2026-04-08,Jordan,Sunset Ridge,1
5010,X00053,2026-06-19,Morgan,Cliff Basin,8
5011,X00053,2026-04-24,Riley,Aspen Grove,5
5012,X00054,2026-04-09,Quinn,Lake Edge,4
5013,X00054,2026-03-31,Taylor,Pine Lookout,2
5014,X00054,2026-02-09,Quinn,Lake Edge,7
5015,X00054,2026-04-24,Quinn,Rocky Pass,3
5016,X00055,2026-06-23,Taylor,Rocky Pass,3
5017,X00055,2026-03-14,Sam,Lake Edge,8
5018,X00055,2026-04-27,Alex,Sunset Ridge,4
5019,X00055,2026-05-08,Riley,Lake Edge,5
5020,X00056,2026-04-12,Taylor,Lake Edge,8
5021,X00056,2026-02-01,Sam,Canyon Overlook,5
5022,X00056,2026-05-02,Alex,Pine Lookout,9
5023,X00056,2026-02-04,Jordan,Wetlands,8
5024,X00056,2026-01-11,Casey,Rocky Pass,11
5025,X00056,2026-04-21,Taylor,Canyon Overlook,4
5026,X00056,2026-04-10,Morgan,Aspen Grove,7
5027,X00057,2026-02-23,Riley,Wetlands,2
5028,X00057,2026-04-01,Taylor,Canyon Overlook,6
5029,X00057,2026-01-13,Alex,Cliff Basin,4
5030,X00057,2026-01-10,Alex,Sunset Ridge,11
5031,X00057,2026-02-10,Casey,Pine Lookout,11
5032,X00057,2026-04-20,Sam,Lake Edge,8
5033,X00057,2026-02-08,Jordan,Pine Lookout,8
5034,X00058,2026-02-13,Riley,Cliff Basin,3
5035,X00058,2026-01-28,Taylor,Cliff Basin,4
5036,X00058,2026-06-01,Alex,Aspen Grove,7
5037,X00058,2026-05-10,Taylor,Aspen Grove,11
5038,X00058,2026-06-11,Casey,Rocky Pass,11
5039,X00059,2026-02-20,Morgan,Pine Lookout,10
5040,X00059,2026-03-21,Quinn,Sunset Ridge,9
5041,X00059,2026-05-06,Riley,Lake Edge,11
5042,X00059,2026-03-01,Casey,Sunset Ridge,8
5043,X00059,2026-04-03,Taylor,Canyon Overlook,5
5044,X00059,2026-05-12,Riley,Wetlands,8
5045,X00059,2026-04-29,Sam,Lake Edge,1
5046,X00060,2026-04-28,Sam,Cliff Basin,9
5047,X00060,2026-05-05,Jordan,Cliff Basin,3
5048,X00060,2026-05-06,Taylor,Rocky Pass,11
5049,X00060,2026-02-06,Casey,Cliff Basin,4
5050,X00060,2026-01-01,Morgan,Lake Edge,11
5051,X00060,2026-06-05,Morgan,Rocky Pass,1
5052,X00061,2026-06-12,Jordan,Wetlands,10
5053,X00061,2026-03-09,Taylor,Lake Edge,4
5054,X00061,2026-06-13,Jordan,Rocky Pass,6
5055,X00061,2026-05-29,Alex,Pine Lookout,1
5056,X00061,2026-01-26,Quinn,Wetlands,6
5057,X00062,2026-05-27,Casey,Sunset Ridge,4
5058,X00062,2026-02-06,Taylor,Canyon Overlook,5
5059,X00062,2026-02-03,Taylor,Cliff Basin,7
5060,X00062,2026-05-23,Taylor,Wetlands,5
5061,X00062,2026-01-06,Quinn,Cliff Basin,4
5062,X00062,2026-02-17,Quinn,Aspen Grove,9
5063,X00062,2026-04-25,Casey,Sunset Ridge,10
5064,X00063,2026-05-04,Jordan,Pine Lookout,11
5065,X00063,2026-05-12,Riley,Lake Edge,3
5066,X00063,2026-02-04,Morgan,Canyon Overlook,4
5067,X00063,2026-03-31,Riley,Pine Lookout,7
5068,X00063,2026-05-23,Alex,Sunset Ridge,5
5069,X00064,2026-02-01,Alex,Pine Lookout,10
5070,X00064,2026-03-22,Jordan,Canyon Overlook,2
5071,X00064,2026-01-24,Taylor,Pine Lookout,10
5072,X00064,2026-02-27,Sam,Pine Lookout,8
5073,X00065,2026-02-25,Taylor,Pine Lookout,2
5074,X00065,2026-05-03,Taylor,Pine Lookout,4
5075,X00065,2026-01-08,Taylor,Canyon Overlook,11
5076,X00065,2026-06-03,Quinn,Pine Lookout,2
5077,X00065,2026-05-17,Quinn,Pine Lookout,6
5078,X00066,2026-04-13,Riley,Pine Lookout,4
5079,X00066,2026-01-15,Alex,Canyon Overlook,6
5080,X00066,2026-04-06,Casey,Canyon Overlook,3
5081,X00066,2026-03-11,Taylor,Lake Edge,2
5082,X00066,2026-04-07,Taylor,Wetlands,10
5083,X00066,2026-02-23,Taylor,Cliff Basin,8
5084,X00066,2026-01-02,Morgan,Lake Edge,6
5085,X00067,2026-01-05,Sam,Sunset Ridge,7
5086,X00067,2026-05-23,Jordan,Rocky Pass,11
5087,X00067,2026-06-13,Riley,Pine Lookout,10
5088,X00067,2026-02-25,Sam,Lake Edge,7
5089,X00067,2026-03-16,Morgan,Sunset Ridge,10
5090,X00067,2026-03-12,Quinn,Lake Edge,4
5091,X00067,2026-05-18,Taylor,Aspen Grove,8
5092,X00068,2026-06-04,Riley,Cliff Basin,8
5093,X00068,2026-05-28,Alex,Sunset Ridge,8
5094,X00068,2026-03-21,Sam,Canyon Overlook,2
5095,X00068,2026-04-19,Jordan,Cliff Basin,10
5096,X00068,2026-01-05,Casey,Canyon Overlook,5
5097,X00069,2026-06-25,Taylor,Pine Lookout,8
5098,X00069,2026-06-01,Sam,Wetlands,2
5099,X00069,2026-05-13,Quinn,Aspen Grove,7
5100,X00069,2026-05-09,Riley,Wetlands,6
5101,X00069,2026-06-11,Alex,Sunset Ridge,8
5102,X00069,2026-02-04,Jordan,Pine Lookout,10
5103,X00069,2026-02-09,Jordan,Cliff Basin,9
5104,X00070,2026-04-22,Casey,Rocky Pass,9
5105,X00070,2026-01-07,Casey,Canyon Overlook,11
5106,X00070,2026-03-20,Quinn,Cliff Basin,9
5107,X00070,2026-02-01,Morgan,Pine Lookout,7
5108,X00070,2026-06-11,Riley,Canyon Overlook,1
5109,X00070,2026-02-13,Sam,Cliff Basin,10
5110,X00070,2026-04-25,Taylor,Pine Lookout,8
5111,X00071,2026-05-01,Alex,Rocky Pass,6
5112,X00071,2026-02-21,Riley,Sunset Ridge,1
5113,X00071,2026-01-06,Quinn,Pine Lookout,4
5114,X00071,2026-01-23,Sam,Wetlands,7
5115,X00072,2026-02-01,Sam,Sunset Ridge,7
5116,X00072,2026-01-29,Riley,Rocky Pass,7
5117,X00072,2026-06-17,Jordan,Wetlands,2
5118,X00072,2026-05-20,Jordan,Cliff Basin,3
5119,X00072,2026-03-22,Casey,Canyon Overlook,6
5120,X00072,2026-05-13,Sam,Wetlands,7
5121,X00073,2026-06-28,Taylor,Rocky Pass,5
5122,X00073,2026-02-23,Alex,Rocky Pass,9
5123,X00073,2026-04-12,Quinn,Wetlands,6
5124,X00073,2026-06-29,Sam,Aspen Grove,1
5125,X00073,2026-05-10,Casey,Rocky Pass,9
5126,X00073,2026-05-09,Taylor,Sunset Ridge,8
5127,X00074,2026-06-27,Casey,Aspen Grove,10
5128,X00074,2026-04-16,Riley,Lake Edge,11
5129,X00074,2026-03-18,Riley,Cliff Basin,6
5130,X00074,2026-02-13,Sam,Aspen Grove,11
5131,X00074,2026-05-20,Quinn,Lake Edge,11
5132,X00074,2026-04-12,Morgan,Rocky Pass,3
5133,X00074,2026-04-23,Casey,Aspen Grove,2
5134,X00075,2026-05-29,Quinn,Wetlands,10
5135,X00075,2026-03-02,Alex,Pine Lookout,6
5136,X00075,2026-01-17,Jordan,Sunset Ridge,4
5137,X00075,2026-01-26,Riley,Wetlands,11
5138,X00075,2026-03-20,Alex,Wetlands,5
5139,X00075,2026-03-30,Alex,Sunset Ridge,11
5140,X00075,2026-04-15,Sam,Sunset Ridge,8
5141,X00076,2026-02-01,Casey,Sunset Ridge,5
5142,X00076,2026-04-06,Morgan,Canyon Overlook,1
5143,X00076,2026-02-26,Taylor,Cliff Basin,10
5144,X00076,2026-01-13,Quinn,Pine Lookout,1
5145,X00076,2026-01-07,Casey,Cliff Basin,11
5146,X00076,2026-03-22,Jordan,Aspen Grove,8
5147,X00077,2026-01-13,Sam,Canyon Overlook,5
5148,X00077,2026-05-24,Sam,Lake Edge,2
5149,X00077,2026-06-26,Quinn,Cliff Basin,7
5150,X00077,2026-05-30,Taylor,Lake Edge,1
5151,X00077,2026-01-31,Riley,Cliff Basin,6
5152,X00077,2026-04-25,Morgan,Canyon Overlook,4
5153,X00077,2026-06-20,Morgan,Aspen Grove,9
5154,X00078,2026-02-24,Jordan,Rocky Pass,4
5155,X00078,2026-05-24,Taylor,Canyon Overlook,11
5156,X00078,2026-03-24,Taylor,Wetlands,5
5157,X00078,2026-04-03,Morgan,Aspen Grove,9
5158,X00078,2026-05-08,Sam,Sunset Ridge,11
5159,X00078,2026-04-29,Sam,Lake Edge,11
5160,X00079,2026-05-06,Quinn,Sunset Ridge,9
5161,X00079,2026-06-11,Sam,Wetlands,7
5162,X00079,2026-02-03,Riley,Cliff Basin,11
5163,X00079,2026-05-03,Sam,Cliff Basin,10
5164,X00079,2026-03-18,Taylor,Aspen Grove,9
5165,X00080,2026-06-07,Alex,Aspen Grove,1
5166,X00080,2026-01-15,Jordan,Rocky Pass,9
5167,X00080,2026-05-06,Sam,Rocky Pass,3
5168,X00080,2026-06-20,Sam,Cliff Basin,7
5169,X00080,2026-03-16,Sam,Lake Edge,1
5170,X00080,2026-03-30,Riley,Pine Lookout,7
5171,X00081,2026-01-18,Jordan,Cliff Basin,9
5172,X00081,2026-01-19,Morgan,Cliff Basin,9
5173,X00081,2026-01-26,Quinn,Canyon Overlook,10
5174,X00081,2026-02-06,Alex,Canyon Overlook,10
5175,X00081,2026-04-22,Sam,Wetlands,4
5176,X00082,2026-04-06,Alex,Aspen Grove,7
5177,X00082,2026-04-23,Jordan,Pine Lookout,3
5178,X00082,2026-05-02,Riley,Canyon Overlook,10
5179,X00082,2026-02-11,Casey,Cliff Basin,2
5180,X00083,2026-03-30,Taylor,Wetlands,5
5181,X00083,2026-04-29,Riley,Sunset Ridge,3
5182,X00083,2026-06-14,Jordan,Canyon Overlook,6
5183,X00083,2026-01-16,Quinn,Cliff Basin,6
5184,X00083,2026-01-04,Sam,Cliff Basin,4
5185,X00084,2026-02-16,Taylor,Wetlands,5
5186,X00084,2026-02-27,Riley,Pine Lookout,4
5187,X00084,2026-03-24,Riley,Canyon Overlook,4
5188,X00084,2026-06-05,Taylor,Sunset Ridge,10
5189,X00084,2026-06-14,Quinn,Rocky Pass,5
5190,X00085,2026-02-24,Quinn,Canyon Overlook,4
5191,X00085,2026-01-30,Quinn,Sunset Ridge,1
5192,X00085,2026-05-24,Alex,Pine Lookout,6
5193,X00085,2026-03-18,Casey,Canyon Overlook,1
5194,X00085,2026-01-24,Sam,Wetlands,5
5195,X00085,2026-04-05,Alex,Rocky Pass,7
5196,X00086,2026-05-30,Alex,Lake Edge,4
5197,X00086,2026-06-15,Jordan,Aspen Grove,4
5198,X00086,2026-01-09,Casey,Sunset Ridge,7
5199,X00086,2026-06-11,Jordan,Wetlands,7
5200,X00086,2026-01-08,Quinn,Cliff Basin,4
5201,X00087,2026-02-23,Sam,Aspen Grove,3
5202,X00087,2026-04-09,Sam,Pine Lookout,9
5203,X00087,2026-01-27,Quinn,Rocky Pass,5
5204,X00087,2026-01-09,Quinn,Aspen Grove,6
5205,X00087,2026-05-23,Taylor,Rocky Pass,6
5206,X00087,2026-01-23,Riley,Canyon Overlook,8
5207,X00087,2026-03-29,Taylor,Aspen Grove,8
5208,X00088,2026-03-15,Riley,Sunset Ridge,8
5209,X00088,2026-05-12,Casey,Lake Edge,9
5210,X00088,2026-06-25,Jordan,Canyon Overlook,2
5211,X00088,2026-05-10,Sam,Lake Edge,2
5212,X00089,2026-02-22,Quinn,Aspen Grove,2
5213,X00089,2026-02-10,Sam,Rocky Pass,1
5214,X00089,2026-06-04,Riley,Canyon Overlook,11
5215,X00089,2026-05-15,Quinn,Aspen Grove,7
5216,X00090,2026-05-17,Sam,Canyon Overlook,8
5217,X00090,2026-06-11,Quinn,Aspen Grove,1
5218,X00090,2026-05-13,Alex,Pine Lookout,2
5219,X00090,2026-01-31,Riley,Canyon Overlook,4
5220,X00090,2026-02-22,Morgan,Aspen Grove,9
5221,X00091,2026-02-05,Sam,Cliff Basin,9
5222,X00091,2026-06-02,Jordan,Canyon Overlook,3
5223,X00091,2026-03-26,Riley,Cliff Basin,10
5224,X00091,2026-05-29,Sam,Lake Edge,1
5225,X00091,2026-06-16,Casey,Canyon Overlook,9
5226,X00091,2026-01-18,Morgan,Lake Edge,8
5227,X00092,2026-05-25,Morgan,Wetlands,10
5228,X00092,2026-05-07,Morgan,Aspen Grove,10
5229,X00092,2026-06-26,Morgan,Aspen Grove,1
5230,X00092,2026-06-21,Taylor,Canyon Overlook,5
5231,X00092,2026-03-05,Taylor,Sunset Ridge,1
5232,X00092,2026-02-19,Morgan,Canyon Overlook,7
5233,X00092,2026-03-10,Morgan,Lake Edge,3
5234,X00093,2026-03-06,Alex,Wetlands,7
5235,X00093,2026-06-26,Morgan,Rocky Pass,5
5236,X00093,2026-04-10,Alex,Canyon Overlook,3
5237,X00093,2026-04-01,Sam,Rocky Pass,6
5238,X00093,2026-06-15,Morgan,Lake Edge,11
5239,X00093,2026-03-04,Riley,Canyon Overlook,4
5240,X00093,2026-04-20,Morgan,Rocky Pass,2
5241,X00094,2026-04-04,Casey,Pine Lookout,10
5242,X00094,2026-06-15,Jordan,Wetlands,2
5243,X00094,2026-05-09,Quinn,Canyon Overlook,9
5244,X00094,2026-01-23,Morgan,Wetlands,2
5245,X00094,2026-03-21,Jordan,Wetlands,6
5246,X00094,2026-02-18,Casey,Lake Edge,6
5247,X00094,2026-05-23,Alex,Aspen Grove,2
5248,X00095,2026-01-29,Casey,Cliff Basin,3
5249,X00095,2026-02-12,Morgan,Pine Lookout,8
5250,X00095,2026-05-30,Alex,Pine Lookout,1
5251,X00095,2026-03-23,Morgan,Wetlands,8
5252,X00095,2026-04-10,Sam,Cliff Basin,9
5253,X00095,2026-05-27,Riley,Cliff Basin,2
5254,X00096,2026-05-30,Alex,Sunset Ridge,11
5255,X00096,2026-01-09,Casey,Aspen Grove,10
5256,X00096,2026-01-30,Jordan,Aspen Grove,10
5257,X00096,2026-03-15,Riley,Cliff Basin,2
5258,X00096,2026-04-27,Riley,Aspen Grove,4
5259,X00097,2026-03-25,Sam,Sunset Ridge,6
5260,X00097,2026-02-11,Alex,Rocky Pass,3
5261,X00097,2026-03-27,Sam,Wetlands,9
5262,X00097,2026-04-11,Jordan,Wetlands,1
5263,X00097,2026-06-03,Sam,Sunset Ridge,1
5264,X00097,2026-03-03,Jordan,Wetlands,1
5265,X00097,2026-02-08,Quinn,Wetlands,4
5266,X00098,2026-01-09,Taylor,Wetlands,8
5267,X00098,2026-04-03,Riley,Lake Edge,1
5268,X00098,2026-04-29,Quinn,Aspen Grove,4
5269,X00098,2026-01-16,Jordan,Pine Lookout,11
5270,X00098,2026-04-08,Alex,Lake Edge,6
5271,X00098,2026-01-29,Jordan,Pine Lookout,4
5272,X00098,2026-05-31,Morgan,Canyon Overlook,10
5273,X00099,2026-05-25,Alex,Cliff Basin,2
5274,X00099,2026-01-20,Morgan,Sunset Ridge,6
5275,X00099,2026-06-26,Morgan,Cliff Basin,9
5276,X00099,2026-01-03,Taylor,Aspen Grove,4
5277,X00099,2026-03-14,Morgan,Lake Edge,5
5278,X00100,2026-03-10,Jordan,Rocky Pass,3
5279,X00100,2026-02-28,Taylor,Lake Edge,8
5280,X00100,2026-02-02,Alex,Sunset Ridge,7
5281,X00100,2026-03-07,Alex,Pine Lookout,3
5282,X00100,2026-06-26,Quinn,Wetlands,4
5283,X00100,2026-04-17,Jordan,Pine Lookout,3
5284,X00101,2026-03-02,Taylor,Rocky Pass,10
5285,X00101,2026-04-15,Jordan,Wetlands,2
5286,X00101,2026-01-04,Morgan,Pine Lookout,8
5287,X00101,2026-04-20,Sam,Aspen Grove,1
5288,X00101,2026-03-06,Taylor,Aspen Grove,8
5289,X00101,2026-01-22,Jordan,Pine Lookout,7
5290,X00101,2026-03-10,Taylor,Rocky Pass,3
5291,X00102,2026-02-06,Taylor,Lake Edge,9
5292,X00102,2026-01-20,Casey,Pine Lookout,5
5293,X00102,2026-02-27,Sam,Cliff Basin,7
5294,X00102,2026-01-05,Morgan,Canyon Overlook,2
5295,X00102,2026-05-09,Sam,Aspen Grove,9
5296,X00102,2026-04-05,Riley,Cliff Basin,4
5297,X00103,2026-01-19,Casey,Rocky Pass,11
5298,X00103,2026-03-29,Jordan,Sunset Ridge,10
5299,X00103,2026-01-20,Quinn,Cliff Basin,9
5300,X00103,2026-04-30,Jordan,Rocky Pass,9
5301,X00104,2026-05-05,Casey,Lake Edge,10
5302,X00104,2026-03-29,Taylor,Canyon Overlook,5
5303,X00104,2026-05-24,Alex,Pine Lookout,9
5304,X00104,2026-01-16,Quinn,Canyon Overlook,3
5305,X00104,2026-06-04,Taylor,Wetlands,2
5306,X00105,2026-05-12,Quinn,Pine Lookout,11
5307,X00105,2026-02-06,Taylor,Pine Lookout,3
5308,X00105,2026-04-27,Jordan,Cliff Basin,6
5309,X00105,2026-04-04,Jordan,Cliff Basin,2
5310,X00105,2026-03-24,Morgan,Sunset Ridge,5
5311,X00105,2026-01-21,Alex,Cliff Basin,11
5312,X00106,2026-04-20,Riley,Sunset Ridge,9
5313,X00106,2026-02-02,Morgan,Cliff Basin,1
5314,X00106,2026-04-04,Jordan,Aspen Grove,6
5315,X00106,2026-01-25,Morgan,Rocky Pass,8
5316,X00106,2026-02-18,Sam,Rocky Pass,9
5317,X00107,2026-05-12,Alex,Cliff Basin,9
5318,X00107,2026-05-28,Riley,Aspen Grove,1
5319,X00107,2026-03-18,Quinn,Pine Lookout,11
5320,X00107,2026-04-12,Taylor,Cliff Basin,5
5321,X00107,2026-01-27,Quinn,Aspen Grove,4
5322,X00107,2026-01-16,Jordan,Cliff Basin,6
5323,X00107,2026-06-04,Riley,Rocky Pass,7
5324,X00108,2026-06-24,Sam,Sunset Ridge,6
5325,X00108,2026-01-29,Quinn,Canyon Overlook,2
5326,X00108,2026-03-08,Taylor,Lake Edge,5
5327,X00108,2026-03-24,Jordan,Lake Edge,2
5328,X00108,2026-06-26,Taylor,Sunset Ridge,5
5329,X00108,2026-03-29,Jordan,Lake Edge,8
5330,X00109,2026-04-25,Casey,Canyon Overlook,8
5331,X00109,2026-03-17,Alex,Aspen Grove,5
5332,X00109,2026-04-06,Riley,Wetlands,11
5333,X00109,2026-02-04,Quinn,Rocky Pass,4
5334,X00109,2026-06-26,Quinn,Cliff Basin,10
5335,X00109,2026-06-11,Morgan,Sunset Ridge,9
5336,X00109,2026-03-27,Taylor,Rocky Pass,8
5337,X00110,2026-04-23,Sam,Cliff Basin,8
5338,X00110,2026-06-06,Taylor,Aspen Grove,7
5339,X00110,2026-05-13,Casey,Lake Edge,7
5340,X00110,2026-04-20,Casey,Canyon Overlook,4
5341,X00110,2026-01-14,Morgan,Rocky Pass,6
5342,X00111,2026-02-12,Quinn,Aspen Grove,9
5343,X00111,2026-03-29,Sam,Canyon Overlook,7
5344,X00111,2026-01-31,Alex,Sunset Ridge,11
5345,X00111,2026-02-14,Alex,Cliff Basin,1
5346,X00111,2026-04-10,Sam,Sunset Ridge,8
5347,X00111,2026-04-05,Quinn,Aspen Grove,7
5348,X00112,2026-05-03,Sam,Canyon Overlook,6
5349,X00112,2026-06-17,Alex,Cliff Basin,3
5350,X00112,2026-04-17,Taylor,Cliff Basin,5
5351,X00112,2026-06-27,Casey,Wetlands,9
5352,X00113,2026-04-19,Sam,Rocky Pass,6
5353,X00113,2026-06-04,Riley,Wetlands,6
5354,X00113,2026-03-05,Jordan,Pine Lookout,1
5355,X00113,2026-01-17,Taylor,Rocky Pass,3
5356,X00114,2026-04-11,Casey,Sunset Ridge,8
5357,X00114,2026-04-17,Quinn,Wetlands,7
5358,X00114,2026-04-25,Casey,Canyon Overlook,5
5359,X00114,2026-03-14,Sam,Aspen Grove,2
5360,X00115,2026-06-17,Sam,Cliff Basin,10
5361,X00115,2026-06-13,Jordan,Wetlands,7
5362,X00115,2026-05-12,Alex,Wetlands,8
5363,X00115,2026-03-20,Sam,Canyon Overlook,7
5364,X00115,2026-03-22,Quinn,Pine Lookout,11
5365,X00116,2026-03-07,Riley,Rocky Pass,7
5366,X00116,2026-01-09,Jordan,Rocky Pass,11
5367,X00116,2026-06-13,Quinn,Rocky Pass,4
5368,X00116,2026-04-27,Quinn,Cliff Basin,1
5369,X00116,2026-04-10,Jordan,Wetlands,7
5370,X00116,2026-05-13,Taylor,Wetlands,1
5371,X00116,2026-05-28,Sam,Sunset Ridge,8
5372,X00117,2026-03-19,Riley,Cliff Basin,6
5373,X00117,2026-02-18,Sam,Aspen Grove,8
5374,X00117,2026-05-03,Jordan,Aspen Grove,10
5375,X00117,2026-01-24,Riley,Canyon Overlook,2
5376,X00117,2026-04-01,Riley,Sunset Ridge,4
5377,X00117,2026-02-24,Riley,Rocky Pass,11
5378,X00118,2026-02-15,Casey,Lake Edge,1
5379,X00118,2026-05-20,Alex,Rocky Pass,9
5380,X00118,2026-03-11,Morgan,Sunset Ridge,5
5381,X00118,2026-02-19,Alex,Lake Edge,9
5382,X00118,2026-01-19,Morgan,Wetlands,1
5383,X00118,2026-04-29,Morgan,Sunset Ridge,3
5384,X00118,2026-01-29,Morgan,Rocky Pass,10
5385,X00119,2026-06-24,Riley,Pine Lookout,7
5386,X00119,2026-02-16,Taylor,Rocky Pass,11
5387,X00119,2026-01-16,Taylor,Rocky Pass,3
5388,X00119,2026-06-06,Riley,Aspen Grove,11
5389,X00119,2026-04-24,Riley,Rocky Pass,6
5390,X00119,2026-01-20,Alex,Cliff Basin,8
5391,X00120,2026-06-16,Quinn,Pine Lookout,9
5392,X00120,2026-01-04,Casey,Canyon Overlook,4
5393,X00120,2026-01-11,Riley,Wetlands,10
5394,X00120,2026-02-24,Jordan,Wetlands,8
5395,X00121,2026-06-26,Quinn,Canyon Overlook,4
5396,X00121,2026-06-08,Jordan,Rocky Pass,3
5397,X00121,2026-01-16,Casey,Pine Lookout,2
5398,X00121,2026-02-17,Morgan,Aspen Grove,9
5399,X00122,2026-03-19,Casey,Sunset Ridge,11
5400,X00122,2026-01-25,Jordan,Canyon Overlook,3
5401,X00122,2026-06-08,Sam,Aspen Grove,11
5402,X00122,2026-06-29,Quinn,Cliff Basin,5
5403,X00122,2026-06-15,Taylor,Rocky Pass,3
5404,X00122,2026-06-24,Riley,Wetlands,5
5405,X00123,2026-06-11,Morgan,Lake Edge,7
5406,X00123,2026-05-17,Alex,Canyon Overlook,2
5407,X00123,2026-03-19,Alex,Lake Edge,6
5408,X00123,2026-01-11,Taylor,Canyon Overlook,9
5409,X00123,2026-05-16,Riley,Rocky Pass,6
5410,X00124,2026-04-14,Quinn,Sunset Ridge,2
5411,X00124,2026-06-27,Jordan,Canyon Overlook,2
5412,X00124,2026-05-06,Casey,Pine Lookout,7
5413,X00124,2026-06-25,Casey,Wetlands,11
5414,X00124,2026-06-21,Morgan,Canyon Overlook,7
5415,X00124,2026-02-18,Morgan,Sunset Ridge,8
5416,X00125,2026-06-02,Quinn,Wetlands,11
5417,X00125,2026-04-17,Riley,Sunset Ridge,7
5418,X00125,2026-03-18,Quinn,Canyon Overlook,5
5419,X00125,2026-01-14,Alex,Lake Edge,2
5420,X00126,2026-02-24,Morgan,Aspen Grove,7
5421,X00126,2026-06-05,Morgan,Lake Edge,1
5422,X00126,2026-03-09,Sam,Rocky Pass,6
5423,X00126,2026-05-29,Jordan,Sunset Ridge,1
5424,X00127,2026-06-12,Quinn,Rocky Pass,7
5425,X00127,2026-05-04,Alex,Rocky Pass,5
5426,X00127,2026-03-25,Riley,Rocky Pass,5
5427,X00127,2026-05-15,Casey,Pine Lookout,3
5428,X00128,2026-06-22,Sam,Cliff Basin,1
5429,X00128,2026-05-14,Jordan,Rocky Pass,1
5430,X00128,2026-06-10,Quinn,Rocky Pass,11
5431,X00128,2026-02-19,Morgan,Sunset Ridge,3
5432,X00128,2026-06-17,Sam,Lake Edge,2
5433,X00128,2026-03-15,Taylor,Pine Lookout,5
5434,X00129,2026-03-25,Riley,Sunset Ridge,4
5435,X00129,2026-04-05,Taylor,Rocky Pass,1
5436,X00129,2026-06-26,Taylor,Sunset Ridge,3
5437,X00129,2026-03-27,Quinn,Pine Lookout,2
5438,X00129,2026-02-09,Quinn,Sunset Ridge,9
5439,X00129,2026-01-20,Casey,Lake Edge,6
5440,X00130,2026-06-26,Sam,Cliff Basin,9
5441,X00130,2026-02-04,Morgan,Aspen Grove,1
5442,X00130,2026-04-15,Taylor,Aspen Grove,4
5443,X00130,2026-01-23,Jordan,Pine Lookout,10
5444,X00130,2026-01-31,Sam,Sunset Ridge,11
5445,X00130,2026-01-16,Alex,Wetlands,1
5446,X00131,2026-03-30,Alex,Aspen Grove,1
5447,X00131,2026-05-16,Riley,Sunset Ridge,8
5448,X00131,2026-03-28,Alex,Rocky Pass,1
5449,X00131,2026-06-17,Alex,Cliff Basin,1
5450,X00131,2026-01-04,Jordan,Lake Edge,7
5451,X00131,2026-06-26,Casey,Sunset Ridge,11
5452,X00131,2026-06-14,Taylor,Aspen Grove,1
5453,X00132,2026-05-16,Morgan,Rocky Pass,5
5454,X00132,2026-03-11,Riley,Cliff Basin,9
5455,X00132,2026-04-06,Taylor,Lake Edge,7
5456,X00132,2026-03-04,Alex,Canyon Overlook,8
5457,X00132,2026-04-08,Riley,Cliff Basin,11
5458,X00132,2026-03-23,Alex,Cliff Basin,10
5459,X00132,2026-02-08,Alex,Aspen Grove,11
5460,X00133,2026-04-01,Jordan,Wetlands,6
5461,X00133,2026-01-11,Sam,Lake Edge,7
5462,X00133,2026-06-20,Morgan,Aspen Grove,11
5463,X00133,2026-02-20,Taylor,Aspen Grove,8
5464,X00134,2026-05-21,Quinn,Aspen Grove,4
5465,X00134,2026-05-14,Jordan,Canyon Overlook,4
5466,X00134,2026-06-23,Jordan,Rocky Pass,1
5467,X00134,2026-01-26,Jordan,Lake Edge,8
5468,X00134,2026-01-13,Quinn,Sunset Ridge,3
5469,X00135,2026-05-03,Taylor,Sunset Ridge,1
5470,X00135,2026-03-14,Sam,Pine Lookout,9
5471,X00135,2026-02-19,Jordan,Canyon Overlook,7
5472,X00135,2026-01-04,Riley,Rocky Pass,11
5473,X00135,2026-03-15,Jordan,Cliff Basin,6
5474,X00135,2026-03-31,Riley,Cliff Basin,6
5475,X00136,2026-05-31,Riley,Cliff Basin,2
5476,X00136,2026-04-11,Taylor,Cliff Basin,2
5477,X00136,2026-02-20,Sam,Sunset Ridge,2
5478,X00136,2026-04-03,Taylor,Sunset Ridge,4
5479,X00137,2026-06-03,Alex,Sunset Ridge,9
5480,X00137,2026-04-17,Quinn,Cliff Basin,1
5481,X00137,2026-04-02,Taylor,Wetlands,9
5482,X00137,2026-06-24,Morgan,Wetlands,1
5483,X00137,2026-03-31,Morgan,Aspen Grove,6
5484,X00138,2026-02-06,Morgan,Wetlands,5
5485,X00138,2026-04-03,Sam,Pine Lookout,8
5486,X00138,2026-06-09,Quinn,Wetlands,9
5487,X00138,2026-04-24,Taylor,Canyon Overlook,6
5488,X00138,2026-01-12,Jordan,Lake Edge,7
5489,X00138,2026-05-11,Taylor,Cliff Basin,3
5490,X00139,2026-01-30,Alex,Lake Edge,11
5491,X00139,2026-05-20,Sam,Lake Edge,10
5492,X00139,2026-06-24,Quinn,Sunset Ridge,2
5493,X00139,2026-06-17,Morgan,Canyon Overlook,1
5494,X00139,2026-03-01,Quinn,Canyon Overlook,8
5495,X00140,2026-06-29,Quinn,Pine Lookout,2
5496,X00140,2026-06-06,Casey,Pine Lookout,1
5497,X00140,2026-04-16,Morgan,Rocky Pass,10
5498,X00140,2026-02-03,Quinn,Lake Edge,10
5499,X00141,2026-05-10,Taylor,Pine Lookout,7
5500,X00141,2026-02-22,Taylor,Canyon Overlook,5
5501,X00141,2026-02-12,Riley,Cliff Basin,1
5502,X00141,2026-03-07,Casey,Canyon Overlook,7
5503,X00142,2026-06-12,Alex,Rocky Pass,2
5504,X00142,2026-03-23,Riley,Pine Lookout,1
5505,X00142,2026-01-28,Morgan,Rocky Pass,10
5506,X00142,2026-06-23,Taylor,Wetlands,2
5507,X00143,2026-05-05,Morgan,Canyon Overlook,8
5508,X00143,2026-04-09,Jordan,Wetlands,7
5509,X00143,2026-02-10,Riley,Rocky Pass,11
5510,X00143,2026-01-19,Morgan,Cliff Basin,1
5511,X00143,2026-05-09,Morgan,Rocky Pass,5
5512,X00143,2026-01-27,Jordan,Pine Lookout,10
5513,X00143,2026-04-15,Morgan,Pine Lookout,7
5514,X00144,2026-02-28,Taylor,Lake Edge,6
5515,X00144,2026-06-24,Quinn,Canyon Overlook,10
5516,X00144,2026-05-10,Jordan,Wetlands,2
5517,X00144,2026-04-07,Jordan,Sunset Ridge,7
5518,X00144,2026-01-31,Casey,Wetlands,3
5519,X00144,2026-05-24,Quinn,Aspen Grove,1
5520,X00145,2026-02-09,Quinn,Aspen Grove,1
5521,X00145,2026-01-09,Jordan,Sunset Ridge,9
5522,X00145,2026-01-13,Taylor,Aspen Grove,9
5523,X00145,2026-02-16,Taylor,Sunset Ridge,7
5524,X00145,2026-04-28,Casey,Cliff Basin,11
5525,X00145,2026-04-09,Casey,Lake Edge,5
5526,X00145,2026-06-05,Casey,Rocky Pass,4
5527,X00146,2026-05-26,Jordan,Canyon Overlook,5
5528,X00146,2026-02-27,Sam,Aspen Grove,3
5529,X00146,2026-01-15,Alex,Rocky Pass,9
5530,X00146,2026-06-18,Jordan,Aspen Grove,5
5531,X00147,2026-06-18,Jordan,Cliff Basin,3
5532,X00147,2026-04-07,Morgan,Rocky Pass,9
5533,X00147,2026-03-23,Morgan,Wetlands,7
5534,X00147,2026-03-08,Alex,Rocky Pass,8
5535,X00148,2026-04-01,Sam,Wetlands,5
5536,X00148,2026-02-25,Alex,Pine Lookout,8
5537,X00148,2026-01-12,Quinn,Sunset Ridge,9
5538,X00148,2026-04-02,Jordan,Rocky Pass,1
5539,X00149,2026-01-25,Sam,Sunset Ridge,1
5540,X00149,2026-02-02,Quinn,Rocky Pass,3
5541,X00149,2026-03-06,Sam,Rocky Pass,9
5542,X00149,2026-01-08,Riley,Pine Lookout,6
5543,X00150,2026-05-02,Jordan,Pine Lookout,3
5544,X00150,2026-02-27,Casey,Aspen Grove,9
5545,X00150,2026-06-09,Morgan,Wetlands,2
5546,X00150,2026-03-02,Alex,Lake Edge,4
5547,X00150,2026-02-13,Alex,Sunset Ridge,5
