sku_id,category,store_id,sales_channel,week_start,forecast_units,forecast_confidence
10034,Apparel,125,InStore,2025-12-01,29,0.574
10135,Grocery,167,InStore,2025-12-08,32,0.752
10086,Grocery,251,Online,2025-11-03,30,0.961
10105,Apparel,203,Pickup,2025-10-06,28,0.525
10167,Electronics,192,Online,2025-10-13,31,0.643
10022,Home,242,InStore,2025-10-13,24,0.635
10145,Grocery,123,Online,2025-10-20,30,0.751
10059,Grocery,172,Pickup,2025-11-03,28,0.827
10030,Beauty,189,Pickup,2025-11-03,43,0.83
10019,Beauty,210,Online,2025-12-01,36,0.956
10002,Beauty,142,Online,2025-10-20,27,0.81
10089,Grocery,236,Pickup,2025-10-13,29,0.822
10021,Apparel,168,Online,2025-10-13,34,0.509
10064,Grocery,227,InStore,2025-10-06,31,0.909
10079,Grocery,235,Online,2025-11-10,27,0.623
10023,Electronics,100,Online,2025-10-27,40,0.83
10033,Apparel,175,Pickup,2025-12-15,37,0.702
10016,Beauty,155,Pickup,2025-11-24,26,0.575
10141,Apparel,106,Pickup,2025-12-22,25,0.537
10040,Apparel,119,Pickup,2025-12-01,38,0.627
10121,Apparel,144,InStore,2025-10-27,41,0.657
10178,Grocery,169,InStore,2025-11-24,23,0.951
10084,Home,156,InStore,2025-11-10,27,0.895
10143,Grocery,252,Pickup,2025-10-27,37,0.634
10087,Apparel,212,InStore,2025-12-15,27,0.592
10012,Apparel,134,InStore,2025-11-24,26,0.538
10082,Home,156,InStore,2025-10-27,32,0.978
10021,Beauty,138,Pickup,2025-12-01,26,0.509
10114,Beauty,104,Pickup,2025-10-27,29,0.799
10060,Grocery,237,Pickup,2025-11-17,28,0.938
10005,Home,187,Online,2025-12-15,27,0.518
10032,Beauty,172,InStore,2025-10-20,27,0.795
10000,Grocery,183,Pickup,2025-11-24,29,0.54
10004,Home,101,InStore,2025-10-27,33,0.591
10135,Grocery,244,Online,2025-12-08,22,0.694
10044,Apparel,218,Online,2025-12-01,25,0.976
10021,Grocery,259,Online,2025-12-01,27,0.802
10070,Grocery,193,Online,2025-12-01,41,0.669
10046,Apparel,192,Online,2025-12-08,31,0.635
10074,Grocery,171,Online,2025-12-08,24,0.852
10035,Electronics,123,InStore,2025-12-01,28,0.968
10043,Grocery,110,InStore,2025-10-13,28,0.703
10041,Beauty,135,InStore,2025-11-17,27,0.501
10040,Electronics,161,InStore,2025-12-22,25,0.506
10088,Electronics,235,Online,2025-10-13,29,0.728
10094,Electronics,251,InStore,2025-10-13,38,0.623
10087,Grocery,192,Pickup,2025-11-24,26,0.581
10064,Home,249,InStore,2025-11-10,36,0.832
10093,Grocery,200,Pickup,2025-10-06,35,0.789
10140,Electronics,167,InStore,2025-11-17,36,0.543
10142,Electronics,223,Pickup,2025-12-01,24,0.901
10023,Apparel,119,InStore,2025-12-15,20,0.626
10074,Beauty,255,Pickup,2025-11-03,32,0.671
10152,Home,104,InStore,2025-10-20,40,0.758
10157,Beauty,119,Online,2025-12-22,27,0.723
10123,Home,133,Pickup,2025-12-15,20,0.518
10171,Electronics,223,InStore,2025-12-08,32,0.528
10097,Grocery,130,Pickup,2025-10-20,40,0.725
10035,Beauty,173,Online,2025-11-17,38,0.524
10055,Beauty,227,Online,2025-10-13,25,0.522
10160,Beauty,259,Online,2025-12-22,31,0.931
10060,Apparel,230,InStore,2025-11-17,32,0.918
10125,Grocery,183,InStore,2025-11-17,24,0.683
10064,Beauty,246,Pickup,2025-10-20,24,0.767
10132,Apparel,121,Pickup,2025-12-15,21,0.635
10059,Apparel,219,Online,2025-10-27,27,0.943
10053,Apparel,167,Online,2025-10-27,21,0.672
10039,Grocery,147,Pickup,2025-12-15,29,0.899
10156,Electronics,116,Online,2025-11-10,30,0.548
10036,Beauty,112,Online,2025-11-17,48,0.572
10059,Beauty,193,Pickup,2025-11-10,34,0.649
10090,Apparel,207,InStore,2025-11-10,20,0.508
10135,Grocery,237,Online,2025-10-06,27,0.832
10153,Electronics,176,InStore,2025-10-20,32,0.618
10006,Grocery,167,Pickup,2025-10-13,23,0.71
10019,Electronics,210,Pickup,2025-12-08,31,0.966
10089,Apparel,242,Online,2025-11-17,28,0.892
10115,Electronics,224,Online,2025-11-24,28,0.622
10046,Home,120,Pickup,2025-10-06,40,0.641
10101,Electronics,153,Pickup,2025-12-01,28,0.709
10042,Apparel,243,Pickup,2025-11-17,26,0.799
10126,Electronics,159,Pickup,2025-10-27,35,0.757
10004,Beauty,135,Pickup,2025-10-20,36,0.854
10054,Electronics,148,InStore,2025-10-27,31,0.909
10105,Electronics,104,InStore,2025-12-22,40,0.727
10113,Grocery,143,Online,2025-10-20,26,0.765
10127,Beauty,154,Pickup,2025-12-01,27,0.54
10100,Beauty,143,Online,2025-10-27,29,0.901
10061,Beauty,139,Pickup,2025-11-03,30,0.644
10101,Electronics,231,Pickup,2025-11-17,25,0.819
10003,Electronics,257,Online,2025-12-01,28,0.531
10094,Electronics,240,Pickup,2025-12-15,34,0.612
10121,Electronics,179,Online,2025-10-27,33,0.925
10033,Electronics,129,Pickup,2025-11-03,32,0.784
10136,Grocery,236,Pickup,2025-10-27,39,0.666
10125,Grocery,154,Pickup,2025-12-01,33,0.841
10025,Home,217,InStore,2025-10-20,35,0.833
10100,Beauty,249,InStore,2025-11-17,31,0.733
10136,Electronics,144,Online,2025-12-01,24,0.595
10170,Home,235,Pickup,2025-12-15,30,0.527
10062,Electronics,200,InStore,2025-10-06,30,0.643
10088,Home,129,InStore,2025-11-10,26,0.812
10080,Electronics,126,Online,2025-10-06,18,0.888
10073,Beauty,164,InStore,2025-10-20,31,0.912
10105,Beauty,112,InStore,2025-11-03,37,0.559
10041,Grocery,234,Online,2025-12-22,24,0.955
10022,Beauty,206,Pickup,2025-11-24,36,0.885
10046,Grocery,210,Pickup,2025-10-20,34,0.612
10126,Home,216,Online,2025-10-20,28,0.921
10098,Grocery,193,InStore,2025-12-08,36,0.585
10101,Beauty,117,Pickup,2025-12-22,41,0.968
10021,Electronics,105,Online,2025-10-13,29,0.912
10151,Electronics,179,InStore,2025-11-10,27,0.974
10008,Grocery,149,InStore,2025-10-27,35,0.546
10107,Apparel,176,InStore,2025-11-17,37,0.565
10129,Electronics,205,Pickup,2025-10-06,31,0.547
10049,Grocery,187,Online,2025-10-27,27,0.89
10125,Home,249,Pickup,2025-10-06,32,0.625
10119,Grocery,104,InStore,2025-12-08,20,0.823
10150,Grocery,176,Pickup,2025-10-27,24,0.947
10151,Grocery,175,Pickup,2025-12-15,23,0.784
10037,Beauty,106,Pickup,2025-12-22,31,0.604
10005,Beauty,220,Online,2025-11-24,28,0.565
10106,Home,185,InStore,2025-10-06,22,0.711
10171,Grocery,258,Online,2025-12-08,32,0.774
10036,Beauty,207,InStore,2025-12-22,24,0.973
10059,Beauty,156,InStore,2025-10-06,20,0.571
10162,Home,151,Pickup,2025-11-24,31,0.976
10037,Electronics,221,Pickup,2025-10-06,35,0.589
10049,Apparel,240,Pickup,2025-12-15,31,0.572
10171,Home,176,InStore,2025-11-03,23,0.86
10162,Beauty,209,Online,2025-11-10,26,0.816
10005,Home,185,Pickup,2025-12-22,23,0.56
10172,Apparel,141,InStore,2025-12-01,31,0.955
10137,Electronics,243,Pickup,2025-12-15,39,0.814
10137,Grocery,143,Pickup,2025-10-27,35,0.54
10027,Grocery,159,Online,2025-11-03,35,0.715
10144,Beauty,182,Pickup,2025-12-22,26,0.6
10131,Beauty,163,Pickup,2025-10-06,25,0.972
10037,Electronics,256,Online,2025-11-10,28,0.62
10047,Electronics,244,InStore,2025-12-08,32,0.818
10152,Grocery,233,Online,2025-12-08,35,0.761
10122,Home,135,Pickup,2025-10-20,31,0.648
10145,Home,177,InStore,2025-11-03,25,0.631
10121,Home,132,InStore,2025-11-17,45,0.541
10141,Electronics,217,Online,2025-12-01,30,0.667
10080,Beauty,145,Pickup,2025-10-06,33,0.704
10112,Apparel,216,Online,2025-10-27,26,0.508
10099,Electronics,242,Online,2025-10-13,29,0.671
10078,Home,145,Online,2025-10-20,38,0.728
10095,Grocery,205,Online,2025-11-03,36,0.627
10150,Electronics,142,Online,2025-12-15,31,0.54
10171,Electronics,196,InStore,2025-11-10,29,0.96
10123,Apparel,134,Online,2025-11-24,34,0.849
10128,Apparel,195,Online,2025-11-17,44,0.629
10100,Beauty,212,Pickup,2025-10-27,36,0.877
10028,Electronics,246,InStore,2025-10-06,26,0.826
10173,Grocery,109,InStore,2025-11-17,33,0.971
10126,Electronics,113,Online,2025-11-03,19,0.559
10034,Apparel,185,InStore,2025-10-20,31,0.508
10005,Beauty,101,Online,2025-11-10,32,0.822
10072,Beauty,131,InStore,2025-12-22,34,0.719
10051,Grocery,242,Pickup,2025-12-22,29,0.559
10158,Electronics,148,InStore,2025-10-06,27,0.501
10063,Home,253,Pickup,2025-12-01,28,0.814
10018,Electronics,182,InStore,2025-11-10,31,0.725
10029,Beauty,164,Online,2025-12-22,32,0.828
10052,Electronics,158,InStore,2025-10-20,28,0.619
10013,Beauty,110,InStore,2025-12-22,34,0.948
10153,Electronics,127,Pickup,2025-10-13,38,0.761
10019,Electronics,256,Online,2025-10-20,30,0.646
10160,Electronics,108,Online,2025-11-03,37,0.861
10167,Beauty,200,InStore,2025-10-27,33,0.62
10025,Apparel,154,InStore,2025-10-27,34,0.535
10140,Apparel,142,Pickup,2025-10-13,36,0.864
10116,Apparel,192,Pickup,2025-10-20,24,0.517
10017,Beauty,107,Pickup,2025-10-27,41,0.778
10084,Grocery,243,Online,2025-12-08,31,0.884
10124,Beauty,228,Online,2025-10-27,34,0.696
10052,Grocery,144,Online,2025-12-08,45,0.722
10170,Electronics,109,Online,2025-10-27,37,0.909
10007,Beauty,146,InStore,2025-12-22,31,0.954
10090,Apparel,227,Online,2025-10-13,29,0.743
10166,Home,105,Pickup,2025-11-10,33,0.831
10065,Electronics,249,InStore,2025-10-27,26,0.951
10132,Electronics,244,Online,2025-12-01,26,0.748
10058,Apparel,111,Online,2025-10-06,23,0.583
10052,Grocery,206,InStore,2025-12-15,40,0.791
10063,Beauty,140,Pickup,2025-10-20,36,0.719
10008,Apparel,136,InStore,2025-12-01,31,0.956
10055,Beauty,169,Pickup,2025-11-10,26,0.759
10041,Beauty,256,InStore,2025-11-10,29,0.934
10095,Apparel,207,Pickup,2025-11-10,26,0.953
10074,Home,193,Pickup,2025-12-22,26,0.555
10006,Electronics,149,Pickup,2025-10-20,23,0.741
10013,Beauty,161,Pickup,2025-11-17,32,0.818
10013,Apparel,210,InStore,2025-10-06,38,0.78
10125,Beauty,235,InStore,2025-11-17,41,0.886
10123,Home,192,Pickup,2025-10-27,43,0.868
10114,Home,158,InStore,2025-10-20,28,0.648
10143,Home,178,InStore,2025-11-10,27,0.966
10046,Home,147,Online,2025-10-06,29,0.642
10044,Beauty,226,InStore,2025-12-08,31,0.669
10179,Grocery,205,Online,2025-12-01,29,0.627
10106,Apparel,177,Online,2025-11-03,27,0.658
10141,Apparel,124,InStore,2025-11-03,26,0.527
10094,Home,167,Online,2025-11-17,23,0.586
10116,Electronics,235,InStore,2025-12-08,37,0.791
10033,Home,149,InStore,2025-12-22,29,0.691
10179,Electronics,133,Online,2025-12-15,31,0.5
10006,Grocery,175,Pickup,2025-10-06,29,0.685
10039,Home,191,Online,2025-12-08,25,0.71
10146,Home,168,Pickup,2025-10-20,32,0.567
10046,Beauty,195,Pickup,2025-11-24,27,0.561
10145,Electronics,225,Pickup,2025-11-24,28,0.601
10010,Beauty,161,InStore,2025-11-17,28,0.501
10162,Electronics,194,Pickup,2025-12-01,17,0.647
10172,Grocery,178,Pickup,2025-10-27,32,0.691
10154,Beauty,208,Pickup,2025-11-24,32,0.732
10020,Home,176,Online,2025-12-15,28,0.836
10037,Electronics,244,Pickup,2025-11-17,33,0.94
10094,Electronics,213,Pickup,2025-11-24,27,0.828
10096,Apparel,222,InStore,2025-11-17,25,0.768
10153,Beauty,254,Pickup,2025-12-22,25,0.84
10090,Grocery,224,Pickup,2025-11-03,22,0.824
10143,Apparel,197,Online,2025-10-06,32,0.524
10058,Electronics,108,Online,2025-10-13,17,0.58
10120,Beauty,194,InStore,2025-11-03,22,0.872
10154,Beauty,197,Pickup,2025-10-27,34,0.978
10158,Home,250,InStore,2025-11-03,26,0.802
10169,Home,134,Online,2025-12-15,26,0.554
10066,Apparel,112,Pickup,2025-10-20,37,0.54
10166,Home,104,Online,2025-12-01,26,0.784
10058,Electronics,144,Online,2025-11-24,21,0.7
10005,Apparel,155,InStore,2025-11-10,36,0.658
10126,Electronics,120,Online,2025-12-01,34,0.683
10176,Grocery,143,InStore,2025-11-10,31,0.732
10087,Home,118,Online,2025-12-08,23,0.943
10143,Apparel,249,InStore,2025-11-24,43,0.634
10085,Apparel,221,Pickup,2025-11-24,24,0.854
10009,Beauty,250,InStore,2025-12-22,36,0.702
10073,Home,118,Online,2025-12-01,25,0.535
10118,Grocery,203,Pickup,2025-10-27,26,0.858
10047,Grocery,105,InStore,2025-12-08,35,0.731
10064,Electronics,233,Online,2025-10-06,38,0.952
10142,Apparel,170,InStore,2025-10-20,40,0.889
10040,Electronics,257,Pickup,2025-12-22,31,0.964
10152,Home,244,Online,2025-12-01,35,0.662
10117,Home,168,Pickup,2025-11-24,30,0.802
10140,Electronics,202,Online,2025-11-24,31,0.652
10178,Electronics,240,Online,2025-10-27,21,0.769
10041,Grocery,154,Pickup,2025-12-22,41,0.582
10030,Apparel,188,Online,2025-12-22,30,0.698
10094,Electronics,191,Pickup,2025-10-06,24,0.785
10115,Home,116,Pickup,2025-10-20,31,0.86
10016,Apparel,224,Online,2025-11-03,28,0.885
10006,Grocery,233,Online,2025-12-01,26,0.684
10155,Apparel,204,InStore,2025-11-10,28,0.874
10001,Apparel,193,InStore,2025-10-27,31,0.664
10026,Apparel,173,Online,2025-10-13,33,0.688
10015,Electronics,139,InStore,2025-10-27,21,0.879
10088,Apparel,230,Pickup,2025-12-15,29,0.899
10001,Beauty,137,Online,2025-12-22,34,0.787
10003,Electronics,186,Online,2025-10-27,26,0.871
10102,Electronics,146,Online,2025-10-27,26,0.934
10160,Grocery,109,InStore,2025-11-24,34,0.978
10013,Electronics,115,Pickup,2025-10-13,22,0.521
10072,Grocery,248,InStore,2025-11-24,32,0.644
10138,Beauty,199,Online,2025-11-03,29,0.552
10176,Home,249,Pickup,2025-10-20,34,0.942
10035,Beauty,228,Online,2025-10-27,26,0.633
10004,Electronics,133,InStore,2025-11-24,31,0.539
10160,Home,121,Online,2025-10-13,28,0.916
10139,Grocery,166,Pickup,2025-11-03,45,0.617
10028,Grocery,111,InStore,2025-10-13,30,0.79
10059,Grocery,147,InStore,2025-12-08,38,0.84
10023,Grocery,239,InStore,2025-10-20,31,0.809
10150,Home,136,InStore,2025-11-10,19,0.611
10007,Grocery,153,InStore,2025-11-03,42,0.721
10055,Home,107,InStore,2025-11-24,29,0.702
10141,Home,249,Pickup,2025-10-20,38,0.525
10012,Grocery,226,InStore,2025-12-15,25,0.894
10096,Electronics,119,Pickup,2025-12-08,25,0.736
10079,Beauty,186,Pickup,2025-10-06,21,0.779
10062,Beauty,145,InStore,2025-10-20,27,0.802
10006,Grocery,226,Online,2025-10-06,21,0.978
10098,Beauty,181,Online,2025-10-13,23,0.943
10032,Beauty,133,Online,2025-10-13,26,0.635
10085,Apparel,108,Online,2025-11-10,33,0.851
10170,Grocery,216,Online,2025-11-17,20,0.962
10063,Grocery,118,Pickup,2025-11-10,28,0.875
10007,Apparel,181,InStore,2025-10-06,32,0.51
10060,Electronics,203,InStore,2025-12-22,29,0.65
10010,Electronics,228,Pickup,2025-11-24,27,0.559
10103,Home,172,InStore,2025-11-17,29,0.687
10071,Electronics,241,InStore,2025-11-03,29,0.67
10103,Beauty,252,Online,2025-12-15,26,0.637
10029,Electronics,112,InStore,2025-12-15,24,0.631
10058,Grocery,224,InStore,2025-11-10,28,0.618
10034,Apparel,196,Online,2025-10-20,34,0.899
10006,Apparel,181,InStore,2025-10-27,28,0.884
10126,Beauty,229,Pickup,2025-11-24,36,0.757
10154,Beauty,137,InStore,2025-12-01,31,0.661
10133,Apparel,137,Online,2025-10-20,21,0.837
10159,Grocery,191,Online,2025-11-10,22,0.624
10179,Apparel,143,Pickup,2025-10-06,23,0.729
10056,Apparel,184,InStore,2025-11-03,22,0.655
10000,Beauty,211,InStore,2025-10-27,27,0.945
10166,Beauty,236,Pickup,2025-11-24,31,0.912
10078,Electronics,162,InStore,2025-10-13,35,0.658
10080,Beauty,184,Pickup,2025-10-20,25,0.77
10096,Grocery,157,Online,2025-11-03,22,0.772
10046,Electronics,227,Online,2025-10-27,37,0.501
10085,Home,222,Pickup,2025-11-17,27,0.581
10015,Electronics,166,Online,2025-12-01,30,0.63
10076,Home,250,Online,2025-10-27,34,0.78
10149,Home,224,Online,2025-10-20,33,0.842
10166,Grocery,128,InStore,2025-11-10,21,0.533
10143,Grocery,179,InStore,2025-12-22,36,0.654
10073,Electronics,202,Pickup,2025-10-27,31,0.537
10097,Apparel,173,Pickup,2025-12-08,49,0.799
10019,Grocery,205,InStore,2025-10-13,38,0.96
10075,Beauty,141,Online,2025-12-01,26,0.784
10132,Grocery,136,Pickup,2025-11-10,31,0.658
10137,Electronics,112,Pickup,2025-11-17,25,0.511
10087,Home,198,InStore,2025-11-24,34,0.886
10026,Beauty,186,InStore,2025-10-06,27,0.605
10128,Home,159,Online,2025-11-17,22,0.508
10096,Electronics,179,Pickup,2025-10-06,25,0.561
10025,Electronics,231,Pickup,2025-12-22,24,0.896
10045,Grocery,214,Online,2025-11-10,34,0.619
10122,Apparel,186,InStore,2025-11-10,35,0.512
10112,Home,114,Pickup,2025-12-01,28,0.524
10124,Grocery,247,Online,2025-10-27,35,0.693
10138,Electronics,208,Pickup,2025-11-24,32,0.656
10132,Electronics,137,Pickup,2025-10-06,34,0.597
10164,Electronics,157,Online,2025-10-06,38,0.722
10012,Beauty,187,InStore,2025-11-03,39,0.904
10058,Electronics,169,Pickup,2025-11-10,41,0.815
10146,Apparel,111,InStore,2025-10-27,28,0.93
10108,Apparel,126,InStore,2025-11-10,27,0.841
10140,Home,134,InStore,2025-12-22,26,0.576
10120,Electronics,180,Online,2025-10-06,33,0.606
10120,Electronics,141,InStore,2025-12-22,34,0.575
10136,Grocery,183,Online,2025-12-15,35,0.921
10153,Grocery,134,InStore,2025-12-22,39,0.781
10062,Beauty,174,Pickup,2025-10-20,27,0.839
10054,Apparel,168,Online,2025-10-20,38,0.703
10019,Electronics,104,Online,2025-11-10,29,0.922
10004,Electronics,204,Pickup,2025-12-15,28,0.507
10179,Apparel,235,Online,2025-12-08,39,0.878
10021,Electronics,158,InStore,2025-12-01,27,0.932
10129,Electronics,212,Pickup,2025-10-27,32,0.588
10073,Electronics,102,InStore,2025-11-24,32,0.554
10026,Beauty,139,Pickup,2025-12-15,30,0.778
10015,Electronics,174,Online,2025-10-27,28,0.531
10039,Electronics,172,Online,2025-10-27,27,0.66
10051,Beauty,193,Online,2025-10-13,33,0.619
10060,Grocery,104,Online,2025-10-06,36,0.674
10152,Beauty,100,Pickup,2025-11-17,32,0.655
10038,Apparel,213,Pickup,2025-11-17,31,0.711
10003,Grocery,120,Online,2025-12-08,27,0.73
10078,Beauty,224,Pickup,2025-11-10,32,0.669
10117,Electronics,221,InStore,2025-12-08,32,0.95
10007,Grocery,131,Pickup,2025-12-08,32,0.74
10162,Apparel,212,Online,2025-10-06,31,0.74
10090,Grocery,149,Pickup,2025-11-17,37,0.706
10103,Home,212,InStore,2025-12-15,25,0.795
10159,Grocery,250,Online,2025-11-10,25,0.758
10010,Beauty,258,InStore,2025-12-08,35,0.663
10047,Beauty,214,InStore,2025-11-03,22,0.955
10048,Home,164,Pickup,2025-10-20,29,0.524
10139,Home,184,Pickup,2025-12-22,26,0.836
10071,Apparel,179,InStore,2025-10-13,39,0.858
10066,Apparel,248,InStore,2025-12-08,34,0.766
10046,Electronics,245,Pickup,2025-11-17,23,0.565
10157,Apparel,238,Online,2025-11-24,37,0.865
10064,Home,100,Pickup,2025-12-22,23,0.846
10094,Electronics,228,Pickup,2025-10-20,27,0.514
10143,Beauty,219,Online,2025-10-06,26,0.693
10027,Grocery,218,Online,2025-12-01,27,0.903
10154,Electronics,256,Online,2025-11-10,32,0.5
10044,Grocery,135,Pickup,2025-12-22,39,0.523
10165,Electronics,185,Pickup,2025-11-03,17,0.865
10133,Grocery,188,InStore,2025-11-10,29,0.658
10102,Home,187,InStore,2025-10-06,23,0.876
10106,Electronics,239,Pickup,2025-11-24,30,0.908
10049,Grocery,220,Online,2025-11-24,32,0.773
10154,Electronics,111,Pickup,2025-12-15,34,0.511
10087,Electronics,217,Online,2025-12-01,23,0.889
10145,Beauty,250,InStore,2025-12-08,38,0.941
10094,Home,256,Online,2025-11-10,41,0.624
10093,Home,166,InStore,2025-11-10,34,0.915
10040,Apparel,193,InStore,2025-11-03,32,0.661
10139,Grocery,203,Pickup,2025-11-10,22,0.544
10107,Apparel,205,Pickup,2025-12-08,35,0.854
10076,Home,154,Pickup,2025-11-24,37,0.958
10155,Grocery,236,Pickup,2025-12-22,25,0.524
10176,Grocery,190,InStore,2025-11-24,29,0.898
10098,Apparel,245,Online,2025-10-06,26,0.616
10093,Apparel,244,InStore,2025-10-06,35,0.726
10061,Apparel,171,Online,2025-12-08,30,0.939
10043,Beauty,218,InStore,2025-11-17,30,0.583
10163,Apparel,156,Online,2025-10-13,23,0.878
10165,Beauty,104,Online,2025-12-01,27,0.544
10125,Beauty,167,Online,2025-11-17,28,0.596
10150,Grocery,128,Online,2025-12-08,30,0.672
10054,Grocery,136,Online,2025-12-01,30,0.689
10101,Grocery,131,Online,2025-12-22,17,0.528
10157,Apparel,148,Online,2025-10-13,33,0.579
10089,Home,140,Online,2025-10-20,29,0.645
10169,Grocery,222,InStore,2025-11-17,29,0.843
10072,Beauty,249,Online,2025-12-01,35,0.54
10044,Home,164,Pickup,2025-11-24,32,0.749
10032,Beauty,128,InStore,2025-10-06,20,0.764
10167,Grocery,107,Online,2025-12-01,32,0.666
10098,Grocery,143,Pickup,2025-11-17,32,0.5
10118,Beauty,190,InStore,2025-12-01,38,0.897
10050,Electronics,233,Online,2025-11-03,26,0.725
10090,Beauty,176,Online,2025-11-10,32,0.732
10047,Apparel,165,Online,2025-12-01,28,0.963
10006,Electronics,189,InStore,2025-12-22,32,0.861
10008,Home,189,Pickup,2025-10-27,23,0.832
10000,Grocery,222,Pickup,2025-11-10,37,0.704
10059,Beauty,121,Pickup,2025-12-08,30,0.719
10143,Apparel,202,InStore,2025-10-06,34,0.536
10067,Electronics,207,Online,2025-10-27,26,0.838
10091,Electronics,220,Pickup,2025-10-20,33,0.869
10144,Apparel,125,Pickup,2025-12-01,20,0.795
10030,Electronics,226,Online,2025-11-03,34,0.893
10049,Grocery,168,Pickup,2025-12-01,27,0.878
10111,Beauty,257,InStore,2025-12-22,33,0.774
10022,Apparel,250,InStore,2025-12-08,27,0.53
10077,Electronics,132,Pickup,2025-12-01,33,0.576
10112,Grocery,163,Online,2025-10-27,30,0.915
10178,Apparel,110,Pickup,2025-11-17,32,0.71
10143,Electronics,177,Online,2025-12-15,30,0.687
10090,Grocery,138,Online,2025-12-15,27,0.553
10029,Apparel,203,Pickup,2025-12-08,25,0.72
10161,Apparel,212,InStore,2025-10-06,33,0.914
10023,Beauty,251,Pickup,2025-12-22,34,0.94
10009,Home,100,Pickup,2025-12-15,36,0.929
10062,Beauty,182,InStore,2025-10-06,38,0.885
10172,Apparel,106,Pickup,2025-11-10,30,0.605
10138,Apparel,245,InStore,2025-10-13,30,0.886
10131,Grocery,102,Pickup,2025-10-06,37,0.558
10121,Grocery,114,InStore,2025-11-10,24,0.788
10176,Electronics,166,Pickup,2025-10-06,25,0.81
10013,Apparel,131,InStore,2025-12-01,23,0.823
10156,Apparel,236,Online,2025-12-08,29,0.792
10014,Home,177,InStore,2025-11-03,32,0.83
10117,Electronics,254,Online,2025-10-13,25,0.513
10022,Home,203,Online,2025-11-17,30,0.787
10136,Electronics,118,InStore,2025-11-17,35,0.67
10057,Home,184,Online,2025-10-27,25,0.55
10029,Electronics,123,Online,2025-12-15,29,0.643
10072,Grocery,256,Online,2025-12-01,26,0.828
10146,Apparel,192,InStore,2025-12-15,38,0.668
10042,Home,223,Pickup,2025-12-15,24,0.823
10136,Beauty,145,InStore,2025-11-03,26,0.558
10084,Electronics,197,Pickup,2025-11-24,36,0.916
10007,Grocery,101,InStore,2025-12-01,22,0.755
10039,Beauty,124,InStore,2025-11-10,22,0.643
10024,Electronics,203,InStore,2025-10-06,25,0.581
10077,Apparel,158,InStore,2025-10-06,32,0.861
10162,Electronics,136,Pickup,2025-11-03,24,0.544
10143,Electronics,142,Pickup,2025-12-08,31,0.938
10042,Beauty,147,Pickup,2025-12-08,30,0.856
10113,Electronics,186,InStore,2025-10-06,26,0.752
10063,Apparel,229,InStore,2025-10-27,26,0.956
10003,Apparel,184,Online,2025-11-03,32,0.617
10035,Grocery,187,InStore,2025-11-24,28,0.833
10112,Electronics,151,InStore,2025-12-22,21,0.568
10113,Beauty,225,Pickup,2025-12-01,24,0.721
10162,Grocery,127,Pickup,2025-10-20,33,0.54
10112,Grocery,135,Pickup,2025-10-20,28,0.913
10021,Electronics,250,Pickup,2025-12-22,33,0.503
10041,Home,216,Pickup,2025-11-03,34,0.785
10105,Home,189,Pickup,2025-10-13,29,0.685
10127,Grocery,217,Online,2025-12-15,41,0.655
10163,Grocery,125,Online,2025-10-27,29,0.883
10136,Home,130,InStore,2025-11-17,22,0.963
10021,Electronics,206,Online,2025-10-20,24,0.564
10076,Home,176,InStore,2025-10-20,26,0.862
10008,Beauty,187,Pickup,2025-11-24,34,0.837
10087,Grocery,202,Pickup,2025-12-08,31,0.689
10060,Home,188,Pickup,2025-12-01,29,0.579
10172,Apparel,186,Pickup,2025-11-10,31,0.611
10060,Home,255,InStore,2025-10-27,39,0.797
10111,Beauty,230,Online,2025-12-01,42,0.713
10179,Home,150,InStore,2025-10-06,19,0.838
10119,Home,246,InStore,2025-12-08,27,0.682
10127,Home,207,Online,2025-12-22,31,0.756
10125,Beauty,117,Pickup,2025-12-15,28,0.764
10075,Home,152,Online,2025-10-06,34,0.543
10060,Apparel,104,Pickup,2025-11-17,30,0.82
10106,Electronics,189,Online,2025-12-22,27,0.795
10157,Beauty,175,Online,2025-11-03,26,0.931
10127,Beauty,201,Pickup,2025-12-22,33,0.677
10019,Electronics,158,InStore,2025-11-10,36,0.617
10070,Electronics,103,Pickup,2025-11-10,32,0.971
10018,Home,258,Pickup,2025-10-27,24,0.575
10142,Home,162,Online,2025-11-03,42,0.808
10058,Electronics,100,Pickup,2025-10-13,38,0.831
10037,Electronics,208,Pickup,2025-11-10,29,0.713
10104,Grocery,220,Online,2025-11-10,32,0.611
10101,Home,179,Online,2025-12-22,32,0.699
10114,Beauty,200,Online,2025-11-17,31,0.905
10044,Grocery,144,Online,2025-12-15,25,0.87
10023,Apparel,241,Pickup,2025-12-15,30,0.746
10017,Beauty,196,Online,2025-12-01,31,0.958
10050,Beauty,216,InStore,2025-11-24,30,0.757
10157,Home,155,InStore,2025-12-15,35,0.863
10142,Electronics,175,InStore,2025-12-15,33,0.806
10101,Grocery,196,Online,2025-10-20,30,0.745
10108,Apparel,234,InStore,2025-12-01,27,0.675
10060,Grocery,148,Pickup,2025-11-17,30,0.8
10143,Apparel,231,Pickup,2025-12-15,24,0.505
10003,Electronics,155,InStore,2025-10-13,35,0.87
10073,Home,232,InStore,2025-12-22,28,0.548
10161,Grocery,204,Pickup,2025-11-17,18,0.955
10116,Beauty,130,Pickup,2025-10-13,33,0.963
10033,Grocery,126,Online,2025-11-24,33,0.577
10143,Beauty,146,Pickup,2025-11-10,23,0.529
10039,Beauty,155,InStore,2025-11-10,28,0.64
10024,Home,141,InStore,2025-12-01,28,0.857
10061,Beauty,154,InStore,2025-10-27,34,0.964
10105,Home,126,InStore,2025-10-20,37,0.923
10079,Electronics,191,Online,2025-10-20,25,0.672
10069,Home,249,InStore,2025-10-20,40,0.826
10094,Apparel,197,Online,2025-12-22,36,0.557
10095,Apparel,137,Pickup,2025-12-22,26,0.577
10174,Apparel,144,Pickup,2025-12-22,23,0.523
10081,Apparel,145,Pickup,2025-12-08,26,0.805
10057,Beauty,181,Pickup,2025-10-20,18,0.867
10105,Apparel,155,Pickup,2025-10-13,33,0.894
10039,Apparel,117,Online,2025-11-24,32,0.907
10032,Grocery,218,Online,2025-12-15,28,0.724
10021,Electronics,177,InStore,2025-12-08,26,0.951
10084,Home,162,Online,2025-10-06,38,0.523
10121,Beauty,147,Online,2025-10-06,29,0.925
10013,Grocery,169,InStore,2025-11-03,22,0.975
10052,Electronics,250,Online,2025-10-27,37,0.673
10088,Electronics,140,Online,2025-11-10,29,0.835
10117,Home,151,Online,2025-11-10,29,0.589
10164,Beauty,165,InStore,2025-10-13,23,0.588
10073,Home,132,Online,2025-11-03,41,0.758
10130,Apparel,215,Online,2025-10-27,31,0.716
10115,Grocery,232,InStore,2025-12-01,29,0.541
10087,Home,129,InStore,2025-12-22,30,0.708
10002,Beauty,176,Pickup,2025-10-27,36,0.603
10162,Apparel,200,Online,2025-12-22,17,0.949
10127,Beauty,100,Pickup,2025-11-24,28,0.801
10049,Home,102,Pickup,2025-11-10,27,0.822
10138,Home,147,Online,2025-11-24,29,0.914
10053,Electronics,185,Pickup,2025-12-22,34,0.724
10080,Beauty,122,Online,2025-11-03,33,0.585
10170,Apparel,173,Online,2025-10-13,25,0.562
10139,Home,186,Online,2025-11-24,38,0.751
10104,Electronics,219,Online,2025-10-27,32,0.927
10172,Electronics,187,InStore,2025-10-13,25,0.797
10024,Electronics,152,InStore,2025-10-06,31,0.815
10032,Home,110,Online,2025-11-24,41,0.665
10003,Apparel,236,Pickup,2025-11-10,35,0.823
10089,Home,175,InStore,2025-12-15,30,0.826
10104,Electronics,219,Online,2025-12-22,28,0.56
10097,Electronics,139,Pickup,2025-11-24,33,0.963
10171,Beauty,156,Pickup,2025-12-01,35,0.886
10037,Home,167,Online,2025-11-10,28,0.856
10055,Home,215,Online,2025-12-22,37,0.952
10128,Electronics,171,InStore,2025-10-13,31,0.771
10167,Grocery,212,Pickup,2025-11-03,31,0.612
10118,Apparel,116,Online,2025-12-22,28,0.906
10137,Beauty,170,Pickup,2025-12-22,37,0.858
10074,Apparel,107,Online,2025-12-22,31,0.664
10126,Beauty,177,InStore,2025-11-17,32,0.85
10173,Home,116,Pickup,2025-12-08,23,0.588
10155,Beauty,102,Online,2025-10-20,26,0.54
10146,Apparel,203,Pickup,2025-12-01,27,0.792
10061,Electronics,232,InStore,2025-12-08,27,0.896
10116,Apparel,129,Pickup,2025-11-17,24,0.561
10015,Grocery,177,InStore,2025-11-24,34,0.786
10031,Apparel,124,InStore,2025-10-27,27,0.694
10171,Beauty,199,Online,2025-12-22,29,0.947
10158,Home,207,Online,2025-11-03,31,0.569
10111,Electronics,232,InStore,2025-12-01,23,0.94
10116,Grocery,249,Pickup,2025-10-27,25,0.553
10026,Apparel,255,InStore,2025-10-06,25,0.832
10129,Electronics,220,InStore,2025-11-24,40,0.542
10034,Beauty,255,Pickup,2025-11-17,26,0.886
10071,Grocery,185,Pickup,2025-12-15,28,0.58
10026,Grocery,125,InStore,2025-10-13,28,0.591
10099,Electronics,209,Online,2025-11-03,27,0.83
10120,Home,105,Online,2025-11-24,31,0.595
10000,Beauty,228,InStore,2025-10-27,24,0.924
10168,Grocery,117,Pickup,2025-11-10,26,0.811
10101,Apparel,174,InStore,2025-11-10,34,0.617
10091,Apparel,139,Online,2025-12-01,33,0.606
10175,Electronics,251,InStore,2025-12-08,32,0.793
10026,Beauty,176,Online,2025-12-15,31,0.638
10142,Apparel,152,Pickup,2025-11-03,28,0.821
10012,Electronics,124,Pickup,2025-12-15,36,0.844
10165,Apparel,102,Pickup,2025-10-06,35,0.763
10099,Beauty,201,Online,2025-10-27,31,0.655
10010,Beauty,171,Online,2025-10-20,28,0.552
10090,Beauty,135,Pickup,2025-11-17,23,0.833
10083,Electronics,196,Online,2025-12-01,21,0.808
10024,Apparel,214,Pickup,2025-11-10,32,0.639
10010,Home,125,InStore,2025-11-17,21,0.652
10113,Beauty,151,Online,2025-11-10,27,0.804
10119,Beauty,105,Online,2025-11-03,23,0.594
10103,Beauty,224,InStore,2025-12-22,35,0.591
10027,Home,179,InStore,2025-10-06,33,0.561
10133,Home,140,Online,2025-12-08,29,0.93
10021,Beauty,104,InStore,2025-10-27,26,0.797
10122,Home,255,InStore,2025-10-06,29,0.745
10039,Apparel,108,InStore,2025-11-10,37,0.728
10131,Beauty,165,InStore,2025-12-15,31,0.713
10133,Grocery,120,InStore,2025-12-08,36,0.512
10051,Electronics,102,InStore,2025-12-08,28,0.914
10170,Electronics,177,Online,2025-12-08,26,0.832
10046,Electronics,108,Pickup,2025-10-27,36,0.838
10067,Apparel,249,InStore,2025-11-24,25,0.736
10038,Electronics,239,Online,2025-10-27,40,0.583
10007,Grocery,164,InStore,2025-11-10,25,0.605
10105,Beauty,110,Pickup,2025-10-20,28,0.839
10033,Electronics,205,Online,2025-11-17,23,0.8
10016,Electronics,220,Pickup,2025-11-03,36,0.787
10099,Apparel,213,Online,2025-10-20,29,0.678
10062,Grocery,127,Online,2025-11-03,36,0.841
10164,Electronics,131,Pickup,2025-11-03,41,0.594
10160,Grocery,239,InStore,2025-11-10,41,0.544
10121,Home,131,Pickup,2025-11-17,39,0.713
10156,Electronics,133,Online,2025-12-01,21,0.531
10079,Grocery,109,Pickup,2025-11-24,43,0.789
10001,Home,178,Pickup,2025-12-08,34,0.665
10087,Grocery,166,Pickup,2025-10-20,21,0.785
10046,Beauty,173,Pickup,2025-11-10,24,0.595
10134,Home,221,Pickup,2025-11-10,29,0.554
10000,Apparel,165,InStore,2025-10-06,29,0.534
10034,Beauty,181,Pickup,2025-11-03,28,0.724
10156,Grocery,233,Pickup,2025-10-06,29,0.526
10169,Apparel,211,InStore,2025-12-01,36,0.952
10041,Beauty,195,Online,2025-10-20,22,0.936
10107,Beauty,150,Online,2025-12-08,31,0.673
10109,Home,242,Online,2025-10-27,32,0.571
10023,Home,220,InStore,2025-10-06,34,0.691
10078,Electronics,244,Online,2025-10-13,38,0.672
10103,Beauty,212,Online,2025-11-10,29,0.803
10017,Grocery,105,InStore,2025-12-01,28,0.768
10066,Beauty,213,InStore,2025-12-08,44,0.54
10113,Home,224,Online,2025-12-08,37,0.614
10159,Beauty,184,Pickup,2025-12-01,35,0.647
10077,Home,224,Pickup,2025-11-03,27,0.555
10116,Apparel,230,Online,2025-12-22,25,0.521
10014,Apparel,122,Online,2025-11-10,38,0.853
10020,Electronics,232,InStore,2025-10-27,31,0.657
10026,Grocery,203,Pickup,2025-11-03,36,0.718
10152,Grocery,151,Pickup,2025-11-17,40,0.866
10132,Beauty,196,Online,2025-12-22,35,0.916
10033,Electronics,154,Online,2025-11-10,37,0.536
10099,Beauty,238,Pickup,2025-10-27,33,0.899
10133,Home,116,Pickup,2025-10-27,26,0.739
10130,Grocery,219,Pickup,2025-11-24,30,0.962
10138,Beauty,215,Pickup,2025-12-22,27,0.528
10156,Grocery,143,Pickup,2025-12-22,15,0.605
10047,Beauty,247,InStore,2025-11-17,30,0.632
10004,Beauty,118,Online,2025-12-08,25,0.785
10175,Apparel,100,Pickup,2025-11-10,23,0.631
10166,Electronics,112,Pickup,2025-11-17,32,0.642
10138,Home,145,InStore,2025-12-08,29,0.665
10053,Apparel,121,InStore,2025-11-17,23,0.898
10066,Apparel,116,Online,2025-10-27,35,0.808
10092,Apparel,115,Online,2025-10-20,30,0.633
10131,Home,206,Online,2025-11-10,29,0.761
10064,Grocery,247,Pickup,2025-10-06,23,0.61
10004,Home,189,Pickup,2025-12-15,21,0.516
10035,Beauty,164,Pickup,2025-12-22,28,0.683
10008,Home,188,InStore,2025-10-20,17,0.663
10051,Beauty,132,Online,2025-11-24,35,0.921
10038,Grocery,139,Pickup,2025-11-10,28,0.592
10015,Beauty,222,Pickup,2025-12-01,17,0.839
10107,Electronics,139,InStore,2025-12-01,25,0.52
10159,Electronics,242,InStore,2025-11-24,31,0.791
10136,Home,127,InStore,2025-10-27,33,0.703
10123,Apparel,102,InStore,2025-10-27,24,0.972
10116,Apparel,229,InStore,2025-12-08,31,0.904
10039,Home,166,Pickup,2025-10-13,37,0.509
10062,Beauty,130,Pickup,2025-10-20,41,0.894
10068,Home,173,InStore,2025-12-22,23,0.843
10098,Electronics,168,Pickup,2025-10-27,23,0.756
10119,Grocery,145,Online,2025-12-15,33,0.778
10076,Home,144,Online,2025-11-10,37,0.918
10142,Home,200,Pickup,2025-10-27,26,0.873
10137,Electronics,258,Online,2025-10-06,32,0.518
10158,Beauty,180,Online,2025-10-20,37,0.868
10034,Grocery,169,Pickup,2025-12-01,34,0.851
10060,Home,196,Online,2025-10-27,33,0.941
10017,Grocery,147,Online,2025-10-06,29,0.906
10033,Apparel,227,InStore,2025-12-15,31,0.529
10016,Grocery,177,Pickup,2025-10-13,23,0.909
10168,Grocery,139,Pickup,2025-11-10,35,0.58
10086,Beauty,239,Online,2025-12-01,24,0.711
10021,Apparel,197,InStore,2025-12-01,29,0.932
10125,Apparel,137,Online,2025-11-24,33,0.647
10007,Grocery,154,InStore,2025-12-08,33,0.967
10018,Electronics,188,InStore,2025-10-06,29,0.627
10027,Electronics,254,Pickup,2025-11-17,35,0.634
10165,Grocery,221,InStore,2025-11-10,33,0.839
10010,Home,151,Online,2025-11-03,32,0.948
10096,Apparel,182,InStore,2025-12-15,27,0.944
10032,Apparel,212,InStore,2025-11-03,34,0.565
10066,Beauty,229,Online,2025-12-22,33,0.612
10129,Apparel,174,Pickup,2025-12-08,39,0.57
10172,Electronics,148,Online,2025-10-20,35,0.61
10135,Home,204,Pickup,2025-10-06,21,0.746
10050,Apparel,102,Pickup,2025-12-08,30,0.908
10005,Home,131,InStore,2025-12-22,32,0.731
10017,Home,259,Pickup,2025-11-10,26,0.909
10095,Apparel,115,Online,2025-10-06,31,0.546
10081,Beauty,234,InStore,2025-10-20,33,0.623
10072,Apparel,184,InStore,2025-10-13,38,0.69
10079,Home,250,Online,2025-11-10,31,0.871
10161,Beauty,236,Pickup,2025-11-03,32,0.935
10029,Home,245,Online,2025-12-01,35,0.884
10162,Electronics,131,InStore,2025-12-08,26,0.85
10110,Apparel,142,InStore,2025-10-06,24,0.569
10041,Electronics,173,Pickup,2025-10-27,32,0.714
10023,Beauty,191,Pickup,2025-10-20,26,0.61
10176,Beauty,201,Online,2025-10-20,30,0.767
10155,Home,259,Online,2025-12-08,40,0.886
10120,Apparel,158,InStore,2025-11-03,36,0.901
10021,Apparel,172,InStore,2025-10-20,36,0.717
10040,Grocery,228,Online,2025-10-27,23,0.791
10014,Home,131,InStore,2025-12-22,19,0.674
10018,Grocery,123,Pickup,2025-10-27,34,0.662
10010,Grocery,196,InStore,2025-12-01,23,0.623
10049,Grocery,107,InStore,2025-11-03,31,0.674
10094,Electronics,100,Pickup,2025-11-03,19,0.853
10043,Grocery,159,Online,2025-11-03,26,0.906
10056,Home,258,InStore,2025-11-03,36,0.941
10144,Grocery,248,InStore,2025-10-27,21,0.594
10156,Electronics,159,Online,2025-10-20,33,0.726
10004,Beauty,102,InStore,2025-10-06,28,0.867
10166,Electronics,212,Online,2025-12-15,30,0.958
10067,Apparel,177,InStore,2025-10-27,38,0.919
10111,Apparel,209,Pickup,2025-12-08,24,0.896
10034,Home,128,Online,2025-10-27,31,0.937
10091,Electronics,232,Pickup,2025-12-15,29,0.692
10098,Electronics,147,Online,2025-11-24,29,0.917
10118,Home,248,Online,2025-12-08,33,0.604
10126,Grocery,245,Pickup,2025-11-17,32,0.905
10129,Electronics,139,Online,2025-10-27,32,0.675
10178,Home,182,Online,2025-11-24,29,0.726
10054,Electronics,187,Pickup,2025-10-27,32,0.665
10091,Beauty,114,Online,2025-12-01,26,0.505
10100,Beauty,116,InStore,2025-10-06,25,0.724
10086,Beauty,245,Pickup,2025-12-08,22,0.954
10044,Home,235,Pickup,2025-12-22,33,0.68
10063,Apparel,161,Online,2025-10-20,35,0.756
10049,Electronics,171,InStore,2025-10-27,35,0.794
10056,Beauty,135,Online,2025-12-22,33,0.865
10070,Electronics,212,Pickup,2025-11-17,28,0.523
10106,Home,249,Online,2025-12-22,23,0.57
10041,Grocery,193,InStore,2025-12-15,22,0.925
10069,Beauty,258,Pickup,2025-12-22,39,0.658
10171,Grocery,173,Pickup,2025-10-20,28,0.632
10059,Home,145,Online,2025-10-20,28,0.959
10066,Apparel,212,Online,2025-10-13,32,0.676
10153,Grocery,237,Online,2025-10-06,32,0.912
10051,Apparel,229,Online,2025-12-22,27,0.974
10053,Electronics,248,Pickup,2025-10-13,33,0.811
10088,Beauty,116,Online,2025-11-17,30,0.527
10159,Electronics,243,Pickup,2025-10-20,23,0.63
10105,Electronics,206,Pickup,2025-11-17,29,0.655
10039,Home,221,InStore,2025-10-27,27,0.901
10009,Grocery,135,InStore,2025-12-08,33,0.706
10105,Home,119,Online,2025-10-06,25,0.645
10159,Home,169,InStore,2025-10-27,37,0.62
10139,Electronics,177,Pickup,2025-11-17,30,0.827
10119,Apparel,166,Online,2025-10-06,31,0.915
10055,Electronics,138,InStore,2025-11-03,34,0.852
10005,Electronics,131,Online,2025-12-01,34,0.739
10093,Electronics,111,InStore,2025-10-27,32,0.972
10150,Grocery,163,Pickup,2025-12-01,22,0.81
10144,Electronics,121,Pickup,2025-11-03,26,0.942
10062,Electronics,143,Online,2025-12-01,33,0.622
10040,Beauty,101,Online,2025-12-15,21,0.909
10130,Beauty,242,InStore,2025-12-08,34,0.803
10029,Grocery,182,InStore,2025-12-08,34,0.738
10005,Grocery,238,Online,2025-11-24,26,0.751
10168,Apparel,222,Online,2025-10-13,33,0.784
10044,Apparel,106,Pickup,2025-11-10,29,0.865
10022,Home,110,Online,2025-11-10,36,0.604
10110,Apparel,157,InStore,2025-11-24,24,0.954
10081,Electronics,254,InStore,2025-11-24,21,0.73
10169,Electronics,217,Online,2025-11-17,16,0.603
10109,Beauty,210,InStore,2025-11-10,33,0.591
10114,Home,242,Online,2025-12-22,26,0.553
10141,Home,107,Online,2025-10-06,29,0.826
10013,Electronics,163,Online,2025-11-10,14,0.595
10027,Electronics,258,Pickup,2025-11-24,37,0.98
10144,Beauty,206,Online,2025-11-03,32,0.603
10024,Beauty,188,Online,2025-10-27,34,0.535
10179,Grocery,144,Pickup,2025-10-13,32,0.662
10133,Apparel,220,Pickup,2025-12-01,21,0.943
10164,Apparel,131,InStore,2025-11-17,28,0.702
10099,Home,141,Online,2025-11-24,26,0.932
10028,Electronics,206,Online,2025-12-08,33,0.72
10092,Grocery,188,Pickup,2025-10-27,20,0.82
10106,Grocery,178,Online,2025-12-22,31,0.899
10034,Home,157,Pickup,2025-11-10,43,0.632
10002,Grocery,179,Online,2025-10-13,31,0.51
10163,Electronics,110,Online,2025-10-27,30,0.786
10159,Electronics,174,Online,2025-10-20,25,0.761
10121,Home,227,InStore,2025-11-03,40,0.804
10128,Grocery,148,InStore,2025-12-01,30,0.655
10102,Beauty,144,InStore,2025-11-17,36,0.811
10124,Home,149,Pickup,2025-10-13,25,0.524
10077,Beauty,129,Pickup,2025-11-03,27,0.964
10101,Home,131,Pickup,2025-10-06,29,0.847
10126,Electronics,108,Online,2025-10-27,32,0.596
10044,Electronics,212,InStore,2025-12-01,29,0.755
10115,Apparel,187,Pickup,2025-11-03,32,0.92
10124,Electronics,136,Pickup,2025-12-08,30,0.503
10159,Grocery,162,Online,2025-10-06,36,0.605
10044,Beauty,244,Pickup,2025-10-27,27,0.825
10167,Beauty,233,Online,2025-10-20,41,0.881
10040,Home,142,Online,2025-10-06,27,0.632
10028,Beauty,183,Pickup,2025-10-06,24,0.879
10130,Electronics,176,Pickup,2025-12-22,29,0.824
10164,Electronics,149,InStore,2025-12-08,37,0.523
10107,Home,161,Online,2025-11-17,26,0.571
10010,Beauty,212,Pickup,2025-12-15,39,0.661
10111,Home,180,Pickup,2025-10-13,26,0.959
10027,Grocery,168,Pickup,2025-12-15,23,0.502
10044,Electronics,126,Pickup,2025-12-22,40,0.613
10013,Beauty,117,InStore,2025-10-06,27,0.797
10068,Grocery,151,InStore,2025-11-10,28,0.958
10164,Beauty,185,InStore,2025-12-15,28,0.959
10039,Apparel,103,InStore,2025-10-27,28,0.954
10086,Home,178,Pickup,2025-10-27,32,0.889
10016,Home,103,Pickup,2025-12-15,40,0.838
10055,Grocery,149,Pickup,2025-12-15,35,0.584
10148,Beauty,234,Pickup,2025-12-22,26,0.903
10011,Home,186,InStore,2025-12-15,35,0.778
10104,Apparel,165,InStore,2025-10-20,33,0.59
10100,Electronics,177,Pickup,2025-10-06,31,0.854
10176,Home,183,Online,2025-11-10,30,0.966
10072,Grocery,202,Online,2025-10-20,35,0.628
10024,Grocery,157,Pickup,2025-11-17,28,0.611
10120,Home,136,Online,2025-11-17,27,0.871
10032,Beauty,175,Pickup,2025-11-24,33,0.921
10090,Grocery,163,Pickup,2025-11-17,41,0.871
10015,Electronics,198,Online,2025-12-08,29,0.702
10145,Apparel,179,Online,2025-12-08,28,0.689
10066,Apparel,204,InStore,2025-10-06,23,0.675
10025,Beauty,254,InStore,2025-11-17,31,0.926
10138,Apparel,231,Online,2025-12-08,31,0.808
10069,Grocery,253,Online,2025-10-13,35,0.834
10117,Electronics,230,Pickup,2025-10-27,29,0.819
10003,Beauty,205,Online,2025-12-22,27,0.836
10155,Apparel,207,Online,2025-11-24,34,0.729
10049,Beauty,163,Pickup,2025-10-13,26,0.878
10022,Apparel,186,InStore,2025-11-24,26,0.62
10116,Apparel,125,Online,2025-11-17,31,0.877
10114,Home,141,Online,2025-12-08,28,0.595
10114,Electronics,186,InStore,2025-12-08,31,0.521
10171,Beauty,235,Pickup,2025-10-20,23,0.7
10049,Beauty,124,Online,2025-12-01,32,0.711
10173,Electronics,161,Pickup,2025-12-22,30,0.768
10060,Grocery,174,Online,2025-12-08,34,0.534
10122,Electronics,158,Online,2025-10-06,31,0.508
10041,Apparel,131,Pickup,2025-10-20,30,0.852
10036,Home,226,Pickup,2025-12-01,32,0.959
10100,Grocery,253,InStore,2025-10-13,35,0.648
10177,Electronics,186,Online,2025-12-08,37,0.878
10012,Beauty,136,Online,2025-10-06,35,0.939
10164,Beauty,186,Pickup,2025-12-22,22,0.665
10054,Home,195,Online,2025-12-01,28,0.54
10013,Electronics,194,Pickup,2025-10-20,31,0.926
10011,Home,256,InStore,2025-11-24,30,0.791
10100,Beauty,136,InStore,2025-11-03,24,0.763
10025,Beauty,115,InStore,2025-11-03,33,0.568
10034,Electronics,121,Pickup,2025-12-15,21,0.555
10151,Apparel,102,InStore,2025-11-17,27,0.514
10112,Home,249,Pickup,2025-11-10,29,0.759
10023,Grocery,129,Online,2025-11-10,35,0.682
10070,Beauty,104,Pickup,2025-11-10,23,0.573
10120,Apparel,210,Pickup,2025-10-20,27,0.734
10024,Home,249,Pickup,2025-12-01,33,0.557
10123,Electronics,160,Online,2025-11-17,18,0.674
10174,Apparel,145,InStore,2025-10-20,32,0.885
10057,Grocery,149,Online,2025-12-22,28,0.924
10025,Home,171,InStore,2025-11-24,34,0.785
10163,Home,248,Online,2025-10-27,32,0.515
10148,Beauty,120,Pickup,2025-10-20,22,0.601
10147,Electronics,178,Pickup,2025-12-22,33,0.563
10014,Home,166,Online,2025-10-20,30,0.8
10117,Home,147,Pickup,2025-11-03,33,0.899
10111,Beauty,108,InStore,2025-10-20,32,0.781
10008,Home,171,InStore,2025-10-27,32,0.876
10115,Beauty,122,Online,2025-11-10,36,0.909
10081,Home,113,Online,2025-10-20,21,0.965
10123,Home,113,InStore,2025-11-10,31,0.744
10134,Beauty,252,Online,2025-12-22,34,0.537
10179,Apparel,114,Pickup,2025-11-24,25,0.656
10159,Apparel,180,InStore,2025-11-03,33,0.691
10090,Beauty,106,Pickup,2025-11-10,21,0.821
10028,Beauty,256,InStore,2025-10-27,27,0.529
10003,Home,150,Online,2025-11-03,34,0.775
10020,Electronics,138,InStore,2025-10-27,37,0.834
10159,Beauty,162,InStore,2025-11-17,34,0.663
10096,Electronics,220,Online,2025-11-17,25,0.641
10003,Electronics,232,Online,2025-12-15,37,0.961
10019,Grocery,147,InStore,2025-10-06,25,0.815
10003,Apparel,203,InStore,2025-10-20,26,0.717
10046,Beauty,156,Pickup,2025-12-08,25,0.559
10032,Electronics,142,InStore,2025-10-13,32,0.821
10165,Apparel,175,Pickup,2025-12-08,40,0.686
10080,Beauty,194,Online,2025-11-10,27,0.513
10148,Grocery,116,Pickup,2025-10-06,36,0.506
10077,Beauty,225,Online,2025-10-13,24,0.673
10020,Beauty,166,Pickup,2025-12-08,25,0.94
10028,Grocery,174,Online,2025-12-01,32,0.54
10134,Electronics,108,Online,2025-11-10,29,0.936
10080,Beauty,230,Pickup,2025-12-08,28,0.647
10011,Home,131,Online,2025-11-17,41,0.922
10140,Apparel,169,InStore,2025-10-27,35,0.7
10021,Grocery,170,InStore,2025-11-10,34,0.651
10149,Beauty,172,InStore,2025-12-22,32,0.527
10109,Electronics,226,InStore,2025-12-08,36,0.547
10053,Beauty,247,Online,2025-12-22,33,0.804
10069,Electronics,252,InStore,2025-11-10,32,0.79
10015,Apparel,185,Pickup,2025-10-06,26,0.577
10001,Electronics,218,InStore,2025-10-20,38,0.669
10058,Electronics,152,Online,2025-10-27,32,0.879
10064,Home,223,InStore,2025-10-27,39,0.863
10073,Grocery,238,InStore,2025-11-17,25,0.743
10097,Grocery,247,Pickup,2025-10-06,33,0.885
10113,Beauty,249,Online,2025-11-17,35,0.966
10107,Apparel,191,Pickup,2025-12-15,29,0.694
10172,Electronics,123,Pickup,2025-12-08,26,0.975
10028,Apparel,103,Online,2025-11-17,31,0.892
10019,Home,126,Online,2025-11-17,36,0.632
10161,Apparel,205,InStore,2025-10-20,26,0.501
10104,Apparel,122,Pickup,2025-10-20,30,0.585
10132,Electronics,202,InStore,2025-10-06,31,0.564
10051,Electronics,193,Online,2025-10-27,39,0.805
10134,Beauty,126,Online,2025-12-08,24,0.828
10141,Electronics,185,Pickup,2025-12-08,34,0.919
10039,Electronics,191,Online,2025-10-27,18,0.752
10124,Electronics,166,Pickup,2025-12-22,29,0.951
10025,Electronics,203,InStore,2025-11-03,33,0.875
10105,Beauty,187,Pickup,2025-11-10,34,0.843
10000,Grocery,162,InStore,2025-11-17,35,0.833
10053,Home,218,InStore,2025-12-08,27,0.52
10001,Home,199,Pickup,2025-11-17,34,0.915
10173,Grocery,118,Online,2025-11-24,39,0.962
10169,Grocery,131,Pickup,2025-12-22,31,0.562
10027,Grocery,179,Pickup,2025-12-01,25,0.852
10056,Electronics,208,InStore,2025-10-27,25,0.655
10054,Grocery,206,InStore,2025-12-01,35,0.701
10105,Home,130,Pickup,2025-10-27,30,0.544
10163,Grocery,243,Online,2025-11-10,29,0.965
10094,Apparel,115,Pickup,2025-10-13,24,0.552
10070,Beauty,239,Pickup,2025-12-08,23,0.791
10053,Home,135,InStore,2025-12-01,27,0.559
10165,Home,244,Pickup,2025-12-01,32,0.725
10119,Electronics,149,Pickup,2025-12-08,35,0.507
10103,Home,240,InStore,2025-10-13,36,0.897
10163,Grocery,111,Pickup,2025-10-06,23,0.773
10149,Beauty,257,Online,2025-12-22,29,0.756
10007,Electronics,116,Online,2025-11-10,16,0.755
10132,Home,249,Pickup,2025-10-20,30,0.836
10101,Apparel,215,Online,2025-10-27,33,0.845
10111,Beauty,189,Pickup,2025-11-10,26,0.86
10140,Electronics,152,InStore,2025-11-17,26,0.553
10123,Beauty,191,Pickup,2025-10-27,30,0.573
10159,Electronics,221,InStore,2025-10-06,34,0.669
10104,Apparel,117,Pickup,2025-12-01,27,0.795
10091,Grocery,122,Pickup,2025-11-10,33,0.717
10125,Beauty,147,Online,2025-11-03,31,0.804
10159,Apparel,191,InStore,2025-11-17,36,0.959
10133,Beauty,103,Pickup,2025-11-17,34,0.899
10073,Electronics,173,Online,2025-12-08,40,0.51
10017,Grocery,114,Pickup,2025-10-20,30,0.637
10151,Electronics,177,InStore,2025-10-13,30,0.69
10041,Home,141,Online,2025-10-27,32,0.69
10167,Home,204,Online,2025-12-15,32,0.708
10118,Electronics,258,Online,2025-11-17,35,0.936
10177,Home,203,Pickup,2025-11-17,28,0.979
10034,Home,120,InStore,2025-10-27,24,0.539
10164,Apparel,180,InStore,2025-11-17,44,0.742
10174,Apparel,189,Pickup,2025-10-27,32,0.508
10034,Home,233,Online,2025-10-13,26,0.795
10071,Electronics,236,Pickup,2025-12-15,25,0.849
10031,Beauty,113,InStore,2025-10-06,25,0.742
10027,Apparel,148,Online,2025-12-08,34,0.842
10069,Apparel,139,InStore,2025-10-27,28,0.789
10118,Electronics,148,InStore,2025-10-06,20,0.903
10148,Home,202,Online,2025-12-15,30,0.687
10036,Beauty,129,Online,2025-12-01,35,0.849
10082,Grocery,112,Pickup,2025-12-15,26,0.761
10022,Grocery,157,InStore,2025-12-08,28,0.75
10136,Electronics,220,Pickup,2025-12-08,25,0.546
10001,Home,239,Online,2025-11-10,27,0.916
10107,Grocery,165,Online,2025-11-17,28,0.969
10051,Apparel,185,Online,2025-12-22,33,0.68
10134,Electronics,141,Online,2025-10-20,27,0.741
10050,Apparel,197,InStore,2025-11-24,25,0.552
10121,Home,229,Pickup,2025-10-27,38,0.583
10139,Apparel,112,Online,2025-10-20,26,0.922
10017,Beauty,234,InStore,2025-12-22,37,0.56
10131,Apparel,199,Online,2025-10-20,36,0.591
10119,Beauty,223,Online,2025-12-01,32,0.98
10008,Beauty,238,InStore,2025-12-01,41,0.604
10068,Apparel,154,InStore,2025-12-15,26,0.734
10030,Grocery,253,Online,2025-10-20,25,0.943
10159,Beauty,225,Pickup,2025-10-27,28,0.883
10037,Home,148,InStore,2025-10-27,36,0.78
10040,Apparel,223,Pickup,2025-11-17,30,0.867
10052,Apparel,196,InStore,2025-10-06,24,0.697
10104,Apparel,170,InStore,2025-10-06,33,0.653
10123,Electronics,221,InStore,2025-12-15,38,0.688
10027,Home,224,Online,2025-11-17,29,0.565
10039,Beauty,177,InStore,2025-11-10,36,0.638
10173,Beauty,114,Pickup,2025-11-03,38,0.863
10179,Grocery,101,InStore,2025-10-27,31,0.734
10015,Beauty,130,Online,2025-12-22,31,0.663
10150,Electronics,197,Pickup,2025-12-01,25,0.689
10100,Electronics,159,InStore,2025-11-03,19,0.819
10099,Apparel,215,Online,2025-11-03,26,0.766
10155,Apparel,183,Pickup,2025-12-15,34,0.73
10146,Electronics,206,InStore,2025-10-20,28,0.591
10038,Beauty,256,Pickup,2025-10-06,33,0.524
10152,Electronics,105,Pickup,2025-12-22,25,0.5
10141,Electronics,248,InStore,2025-12-01,35,0.663
10082,Grocery,183,InStore,2025-11-17,26,0.747
10113,Electronics,140,Online,2025-11-24,30,0.856
10033,Grocery,158,InStore,2025-12-01,29,0.908
10013,Home,145,Pickup,2025-11-17,43,0.97
10077,Home,179,InStore,2025-11-17,35,0.821
10133,Apparel,115,Online,2025-11-03,18,0.899
10142,Apparel,153,InStore,2025-10-06,35,0.568
10113,Apparel,181,Online,2025-10-06,37,0.727
10170,Beauty,109,Online,2025-11-10,30,0.654
10021,Beauty,125,Online,2025-11-03,33,0.562
10065,Apparel,133,Pickup,2025-12-15,28,0.796
10027,Home,230,Online,2025-11-17,30,0.845
10158,Apparel,221,Online,2025-12-08,39,0.506
10078,Grocery,138,Online,2025-11-10,34,0.864
10076,Grocery,100,InStore,2025-12-01,30,0.585
10018,Beauty,164,InStore,2025-11-24,36,0.965
10117,Beauty,236,Pickup,2025-11-17,27,0.613
10069,Electronics,225,Online,2025-10-20,33,0.774
10165,Grocery,234,InStore,2025-10-20,20,0.784
10127,Grocery,212,Pickup,2025-11-17,35,0.791
10062,Grocery,192,InStore,2025-10-13,29,0.89
10102,Grocery,235,Pickup,2025-11-10,29,0.575
10046,Electronics,232,InStore,2025-10-13,29,0.7
10046,Electronics,169,Pickup,2025-11-03,25,0.586
10118,Home,160,Pickup,2025-12-22,30,0.722
10155,Apparel,147,Online,2025-10-20,32,0.66
10086,Beauty,162,Online,2025-12-08,23,0.539
10073,Electronics,130,InStore,2025-10-06,24,0.533
10008,Beauty,149,Online,2025-12-01,25,0.861
10159,Electronics,216,InStore,2025-11-24,35,0.6
10039,Home,197,Online,2025-10-13,20,0.528
10124,Beauty,226,Pickup,2025-11-03,43,0.962
10104,Beauty,233,InStore,2025-11-03,33,0.566
10073,Apparel,161,InStore,2025-11-17,31,0.539
10064,Beauty,100,Pickup,2025-10-27,33,0.592
10099,Beauty,139,InStore,2025-12-01,33,0.899
10116,Apparel,244,InStore,2025-12-01,22,0.884
10091,Grocery,180,Online,2025-10-13,35,0.652
10070,Grocery,156,Pickup,2025-10-13,32,0.683
10176,Beauty,176,Pickup,2025-10-06,38,0.632
10050,Grocery,167,Pickup,2025-11-03,26,0.749
10143,Apparel,184,Pickup,2025-11-03,33,0.968
10036,Grocery,232,Online,2025-10-06,26,0.538
10170,Grocery,106,Pickup,2025-11-24,31,0.634
10055,Beauty,234,Online,2025-11-10,33,0.668
10153,Apparel,235,InStore,2025-12-15,26,0.517
10135,Beauty,106,Online,2025-11-10,32,0.82
10087,Electronics,147,Pickup,2025-12-08,27,0.936
10067,Home,201,Online,2025-10-20,33,0.786
10152,Beauty,152,Online,2025-10-13,22,0.575
10098,Electronics,175,InStore,2025-11-24,25,0.557
10008,Beauty,124,Online,2025-12-15,38,0.924
10088,Beauty,148,Online,2025-11-10,39,0.621
10085,Apparel,222,Online,2025-12-22,27,0.871
10048,Grocery,243,Online,2025-10-06,37,0.837
10031,Apparel,209,Online,2025-12-22,32,0.602
10121,Grocery,165,Online,2025-12-01,30,0.957
10179,Grocery,235,Online,2025-12-01,29,0.726
10103,Home,257,InStore,2025-11-17,28,0.704
10090,Apparel,254,Pickup,2025-12-08,36,0.53
10057,Home,127,Pickup,2025-10-13,26,0.612
10120,Apparel,146,Pickup,2025-10-06,22,0.84
10064,Electronics,231,Pickup,2025-11-17,33,0.823
10127,Home,255,InStore,2025-11-24,27,0.504
10115,Home,244,InStore,2025-10-27,28,0.622
10049,Electronics,204,InStore,2025-11-10,23,0.715
10080,Beauty,180,Online,2025-12-01,30,0.624
10093,Home,171,Online,2025-11-10,38,0.543
10080,Apparel,177,Online,2025-12-08,30,0.631
10169,Electronics,175,Pickup,2025-11-24,30,0.884
10062,Electronics,118,Pickup,2025-11-10,27,0.867
10029,Apparel,109,Pickup,2025-12-01,37,0.823
10041,Apparel,144,Pickup,2025-12-22,28,0.784
10147,Beauty,226,Pickup,2025-10-13,31,0.977
10122,Apparel,109,InStore,2025-11-17,34,0.565
10102,Home,230,InStore,2025-10-20,39,0.805
10134,Grocery,197,InStore,2025-11-17,25,0.851
10024,Electronics,168,Pickup,2025-12-15,24,0.865
10072,Electronics,102,Online,2025-12-08,34,0.837
10166,Home,166,Online,2025-10-27,14,0.546
10090,Beauty,149,Pickup,2025-12-01,33,0.701
10040,Electronics,252,Online,2025-10-13,29,0.921
10002,Grocery,149,Pickup,2025-11-03,26,0.626
10137,Grocery,222,Pickup,2025-10-06,30,0.535
10061,Home,251,InStore,2025-10-20,41,0.629
10029,Apparel,119,Online,2025-10-27,29,0.574
10073,Apparel,226,Pickup,2025-10-06,32,0.614
10052,Grocery,230,Online,2025-10-20,20,0.528
10178,Electronics,137,Pickup,2025-12-01,18,0.902
10082,Electronics,143,Online,2025-11-03,33,0.621
10134,Electronics,236,Pickup,2025-11-17,28,0.604
10144,Electronics,259,Online,2025-12-15,28,0.5
10097,Beauty,225,InStore,2025-10-13,26,0.564
10087,Home,127,Pickup,2025-12-01,34,0.71
10024,Apparel,166,Pickup,2025-12-22,29,0.578
10164,Grocery,185,InStore,2025-11-03,22,0.733
10064,Home,167,Pickup,2025-11-10,24,0.868
10080,Grocery,154,Online,2025-12-22,31,0.754
10005,Electronics,122,Pickup,2025-10-13,34,0.863
10078,Beauty,257,Online,2025-11-03,26,0.909
10006,Home,141,Pickup,2025-11-24,32,0.564
10016,Grocery,253,Online,2025-10-13,34,0.905
10046,Beauty,258,InStore,2025-12-15,27,0.918
10027,Grocery,108,InStore,2025-11-03,22,0.781
10046,Grocery,122,Online,2025-12-08,33,0.516
10163,Home,170,Online,2025-12-15,30,0.789
10097,Electronics,169,Pickup,2025-12-08,34,0.797
10047,Apparel,187,Pickup,2025-10-27,27,0.53
10014,Beauty,132,InStore,2025-11-24,30,0.597
10114,Grocery,160,Pickup,2025-11-03,42,0.88
10018,Beauty,104,InStore,2025-11-10,33,0.577
10175,Home,180,InStore,2025-12-15,39,0.79
10079,Grocery,230,InStore,2025-12-22,30,0.872
10119,Home,169,InStore,2025-12-15,34,0.593
10009,Grocery,155,InStore,2025-11-03,25,0.682
10080,Electronics,250,Online,2025-10-20,43,0.928
10142,Grocery,193,Pickup,2025-10-13,33,0.545
10047,Home,227,InStore,2025-12-22,37,0.94
10024,Beauty,252,InStore,2025-11-24,27,0.908
10036,Beauty,182,Pickup,2025-11-03,28,0.648
10018,Beauty,165,Pickup,2025-12-15,23,0.696
10139,Beauty,178,Online,2025-11-03,29,0.729
10036,Beauty,161,Pickup,2025-11-24,37,0.61
10069,Grocery,223,Online,2025-10-13,26,0.527
10022,Grocery,188,Pickup,2025-12-08,32,0.5
10001,Apparel,169,Pickup,2025-12-01,31,0.919
10144,Home,205,Online,2025-12-15,27,0.571
10111,Beauty,132,Online,2025-10-20,31,0.868
10077,Home,168,Pickup,2025-11-03,38,0.7
10090,Electronics,248,Pickup,2025-12-22,24,0.874
10112,Electronics,259,InStore,2025-11-24,33,0.757
10005,Apparel,208,InStore,2025-10-06,36,0.893
10165,Beauty,132,InStore,2025-11-17,20,0.829
10131,Electronics,193,InStore,2025-10-27,32,0.751
10090,Grocery,219,InStore,2025-10-06,33,0.875
10076,Electronics,127,InStore,2025-11-10,36,0.619
10170,Grocery,251,Online,2025-10-13,36,0.58
10145,Apparel,238,Online,2025-12-08,30,0.767
10143,Apparel,220,Pickup,2025-10-06,41,0.742
10107,Apparel,219,InStore,2025-11-03,33,0.551
10068,Apparel,181,Online,2025-12-08,33,0.764
10073,Home,204,Pickup,2025-10-27,25,0.904
10094,Electronics,185,Pickup,2025-10-20,36,0.829
10004,Grocery,110,InStore,2025-10-27,35,0.567
10002,Home,231,InStore,2025-11-24,26,0.918
10048,Apparel,157,Online,2025-10-20,40,0.558
10077,Grocery,130,InStore,2025-10-20,43,0.925
10074,Beauty,155,Online,2025-12-08,33,0.927
10171,Beauty,166,Pickup,2025-10-06,32,0.643
10043,Beauty,228,Online,2025-10-13,29,0.729
10016,Grocery,149,Online,2025-10-20,30,0.582
10026,Apparel,202,Pickup,2025-11-03,27,0.712
10133,Electronics,200,InStore,2025-12-01,24,0.871
10074,Beauty,187,Pickup,2025-10-20,26,0.665
10149,Home,105,Pickup,2025-10-13,31,0.689
10095,Electronics,119,Pickup,2025-12-01,32,0.901
10099,Beauty,204,Online,2025-11-03,28,0.98
10005,Beauty,102,Pickup,2025-12-08,37,0.524
10164,Grocery,126,Pickup,2025-12-01,28,0.605
10148,Electronics,105,InStore,2025-11-10,34,0.803
10158,Home,239,Pickup,2025-11-24,29,0.664
10178,Apparel,161,InStore,2025-10-06,22,0.797
10017,Grocery,147,Online,2025-12-15,28,0.734
10082,Grocery,138,Online,2025-12-08,35,0.802
10130,Apparel,197,Pickup,2025-10-06,35,0.779
10137,Beauty,120,Online,2025-12-15,28,0.961
10004,Apparel,231,InStore,2025-10-13,30,0.542
10120,Grocery,168,InStore,2025-11-10,25,0.746
10000,Home,161,Online,2025-10-20,29,0.716
10144,Beauty,106,Online,2025-10-13,34,0.905
10053,Apparel,251,Online,2025-12-15,36,0.505
10098,Beauty,193,Pickup,2025-10-27,37,0.766
10002,Apparel,235,Pickup,2025-12-15,32,0.902
10113,Beauty,147,Online,2025-12-15,35,0.551
10006,Apparel,209,Pickup,2025-11-17,39,0.751
10039,Beauty,234,Online,2025-12-01,35,0.782
10082,Apparel,239,Online,2025-10-20,35,0.591
10087,Beauty,226,Online,2025-11-03,31,0.649
10005,Grocery,169,InStore,2025-12-22,29,0.961
10059,Beauty,212,Online,2025-10-20,25,0.974
10145,Home,257,Pickup,2025-12-22,31,0.662
10136,Electronics,174,Online,2025-10-27,34,0.595
10127,Beauty,161,Online,2025-11-03,35,0.927
10070,Home,129,InStore,2025-10-13,24,0.636
10135,Home,151,Pickup,2025-12-22,27,0.722
10114,Apparel,213,Pickup,2025-10-13,23,0.934
10101,Grocery,189,Online,2025-12-22,36,0.902
10170,Apparel,220,Pickup,2025-12-22,25,0.796
10110,Grocery,122,InStore,2025-10-27,21,0.792
10025,Beauty,116,Pickup,2025-12-22,33,0.961
10093,Electronics,176,Pickup,2025-11-03,33,0.559
10118,Grocery,150,Pickup,2025-10-27,27,0.842
10007,Grocery,126,InStore,2025-12-22,29,0.754
10076,Grocery,236,Online,2025-10-20,25,0.545
10009,Apparel,259,InStore,2025-12-22,32,0.875
10077,Electronics,141,InStore,2025-12-08,29,0.61
10003,Beauty,146,Pickup,2025-12-15,33,0.547
10045,Apparel,258,Pickup,2025-11-03,36,0.905
10008,Electronics,104,Online,2025-12-08,23,0.828
10119,Home,199,InStore,2025-10-27,33,0.606
10047,Beauty,191,InStore,2025-12-08,35,0.931
10014,Home,200,Pickup,2025-11-10,30,0.559
10031,Grocery,237,Pickup,2025-11-17,26,0.883
10146,Beauty,126,Online,2025-12-08,23,0.876
10048,Home,129,InStore,2025-12-08,38,0.509
10032,Home,206,Pickup,2025-11-03,28,0.703
10160,Electronics,247,Pickup,2025-11-03,26,0.613
10035,Electronics,168,Pickup,2025-11-10,35,0.803
10007,Grocery,192,Pickup,2025-10-20,35,0.961
10021,Home,192,Online,2025-11-10,29,0.686
10102,Apparel,115,Online,2025-10-20,33,0.893
10099,Electronics,210,Pickup,2025-10-13,24,0.754
10024,Electronics,124,Online,2025-11-17,25,0.921
10042,Apparel,129,InStore,2025-12-15,44,0.89
10069,Beauty,101,Online,2025-10-20,37,0.767
10003,Grocery,119,Pickup,2025-11-24,42,0.638
10040,Apparel,205,Online,2025-12-15,23,0.613
10000,Grocery,146,InStore,2025-11-10,27,0.817
10032,Apparel,196,InStore,2025-12-01,36,0.832
10016,Electronics,182,Pickup,2025-12-01,30,0.589
10112,Electronics,188,Online,2025-11-24,38,0.531
10086,Apparel,100,Pickup,2025-10-27,34,0.618
10059,Electronics,124,Online,2025-10-13,36,0.887
10010,Grocery,198,InStore,2025-10-13,26,0.726
10103,Electronics,226,InStore,2025-10-13,19,0.703
10073,Electronics,134,InStore,2025-11-03,48,0.785
10057,Beauty,120,InStore,2025-11-24,22,0.629
10107,Grocery,155,Pickup,2025-12-01,35,0.662
10054,Home,152,Online,2025-12-22,19,0.709
10168,Electronics,167,InStore,2025-12-01,40,0.526
10058,Electronics,208,Online,2025-11-24,25,0.538
10073,Beauty,113,InStore,2025-10-13,37,0.612
10092,Beauty,190,Pickup,2025-12-01,32,0.871
10100,Apparel,132,InStore,2025-12-01,18,0.923
10074,Apparel,115,Pickup,2025-10-20,25,0.87
10030,Beauty,229,Online,2025-10-06,38,0.838
10136,Beauty,161,Pickup,2025-10-27,30,0.787
10149,Electronics,229,Pickup,2025-11-24,32,0.975
10040,Grocery,242,InStore,2025-12-01,33,0.579
10069,Apparel,108,InStore,2025-12-15,26,0.562
10074,Beauty,192,InStore,2025-10-20,32,0.551
10100,Grocery,119,InStore,2025-12-22,28,0.617
10056,Beauty,231,InStore,2025-12-15,28,0.688
10079,Beauty,173,InStore,2025-10-13,27,0.554
10112,Home,190,Online,2025-10-27,28,0.775
10019,Grocery,251,InStore,2025-11-03,35,0.629
10046,Home,165,InStore,2025-11-17,29,0.603
10080,Grocery,147,Pickup,2025-11-24,29,0.809
10071,Home,123,Pickup,2025-12-01,17,0.849
10104,Grocery,209,InStore,2025-11-10,39,0.866
10140,Grocery,220,InStore,2025-12-01,18,0.67
10120,Beauty,206,Pickup,2025-12-01,28,0.536
10117,Electronics,159,InStore,2025-12-01,38,0.922
10179,Beauty,255,Online,2025-12-15,33,0.785
10009,Grocery,238,Online,2025-12-08,28,0.838
10034,Beauty,259,Pickup,2025-10-06,24,0.944
10029,Apparel,184,Pickup,2025-11-10,25,0.802
10086,Beauty,103,Pickup,2025-11-24,24,0.502
10170,Apparel,204,InStore,2025-12-01,27,0.805
10156,Electronics,139,InStore,2025-10-20,23,0.534
10053,Home,190,InStore,2025-12-22,21,0.679
10006,Beauty,154,Online,2025-12-01,32,0.513
10081,Home,196,Online,2025-12-15,32,0.686
10132,Beauty,218,Online,2025-11-10,36,0.948
10004,Beauty,235,Pickup,2025-10-06,27,0.709
10018,Beauty,126,Online,2025-12-22,28,0.629
10069,Grocery,159,Pickup,2025-10-13,29,0.88
10102,Electronics,146,Online,2025-11-03,35,0.514
10118,Home,148,Pickup,2025-11-03,35,0.632
10047,Electronics,117,InStore,2025-11-17,36,0.669
10115,Home,257,InStore,2025-11-03,40,0.831
10082,Beauty,257,InStore,2025-11-10,25,0.872
10092,Home,249,Online,2025-11-24,28,0.959
10174,Electronics,175,Pickup,2025-12-08,21,0.841
10082,Home,155,Online,2025-11-10,27,0.533
10079,Electronics,147,InStore,2025-12-01,28,0.898
10061,Apparel,169,Pickup,2025-12-22,22,0.677
10175,Home,173,Online,2025-11-17,19,0.761
10166,Apparel,220,Pickup,2025-11-17,31,0.723
10115,Beauty,110,InStore,2025-10-06,27,0.833
10115,Beauty,177,InStore,2025-11-03,19,0.603
10077,Apparel,154,Pickup,2025-10-13,26,0.664
10042,Electronics,165,Pickup,2025-11-24,27,0.809
10027,Electronics,233,Pickup,2025-11-10,32,0.943
10096,Apparel,232,Pickup,2025-10-06,32,0.77
10018,Electronics,162,Online,2025-10-27,34,0.561
10149,Electronics,150,Online,2025-10-06,33,0.538
10054,Home,148,Pickup,2025-12-15,31,0.667
10004,Grocery,118,Online,2025-12-01,30,0.633
10114,Apparel,237,InStore,2025-11-24,28,0.506
10032,Beauty,232,InStore,2025-10-13,30,0.809
10142,Beauty,127,InStore,2025-10-20,29,0.579
10078,Electronics,253,Pickup,2025-11-03,31,0.785
10071,Grocery,230,Pickup,2025-11-24,38,0.516
10013,Apparel,203,Online,2025-11-03,31,0.73
10011,Apparel,141,Pickup,2025-11-17,31,0.552
10143,Apparel,116,Pickup,2025-12-15,25,0.759
10016,Apparel,159,InStore,2025-12-22,48,0.716
10004,Home,165,InStore,2025-10-27,45,0.681
10002,Apparel,144,InStore,2025-12-08,34,0.768
10176,Grocery,198,InStore,2025-10-27,22,0.978
10076,Beauty,217,Pickup,2025-10-06,30,0.565
10022,Grocery,130,Pickup,2025-11-17,29,0.772
10002,Beauty,146,Online,2025-11-03,38,0.743
10145,Apparel,138,InStore,2025-11-10,42,0.659
10070,Apparel,175,Pickup,2025-11-17,35,0.902
10098,Apparel,167,InStore,2025-10-06,39,0.566
10154,Apparel,163,InStore,2025-10-06,32,0.738
10010,Beauty,222,InStore,2025-11-24,28,0.586
10098,Beauty,213,Pickup,2025-11-03,24,0.802
10148,Beauty,242,InStore,2025-11-10,26,0.711
10066,Electronics,132,InStore,2025-11-17,20,0.791
10032,Beauty,163,InStore,2025-10-06,25,0.657
10108,Grocery,252,InStore,2025-11-10,22,0.928
10134,Home,253,Pickup,2025-10-06,28,0.924
10108,Electronics,120,Online,2025-12-15,28,0.946
10016,Home,121,Online,2025-10-06,35,0.941
10142,Apparel,217,Online,2025-11-17,40,0.727
10120,Apparel,218,InStore,2025-12-15,43,0.571
10166,Grocery,114,Pickup,2025-10-13,30,0.953
10033,Apparel,126,Pickup,2025-11-03,34,0.742
10056,Electronics,217,Pickup,2025-12-15,38,0.779
10097,Grocery,192,Pickup,2025-11-03,39,0.933
10046,Home,153,Pickup,2025-12-15,33,0.844
10025,Home,228,InStore,2025-11-24,38,0.516
10027,Electronics,111,Online,2025-11-03,31,0.544
10097,Electronics,165,Pickup,2025-11-17,27,0.909
10060,Beauty,201,Online,2025-11-03,23,0.755
10151,Grocery,236,Pickup,2025-10-27,38,0.553
10075,Beauty,214,InStore,2025-12-22,30,0.525
10106,Apparel,199,Online,2025-10-27,32,0.711
10035,Electronics,189,Online,2025-10-27,27,0.814
10106,Electronics,174,Pickup,2025-12-15,42,0.971
10023,Grocery,188,Online,2025-11-17,34,0.893
10001,Beauty,196,Online,2025-10-20,33,0.726
10048,Apparel,104,Online,2025-10-20,27,0.511
10048,Home,214,Pickup,2025-12-15,35,0.625
10130,Beauty,124,InStore,2025-11-17,40,0.535
10094,Grocery,215,Online,2025-11-17,30,0.763
10091,Grocery,202,Online,2025-11-03,35,0.514
10010,Grocery,228,InStore,2025-10-20,25,0.97
10168,Beauty,164,InStore,2025-12-08,20,0.793
10010,Grocery,161,InStore,2025-12-15,32,0.776
10038,Home,125,Online,2025-12-22,30,0.742
10078,Apparel,173,InStore,2025-11-24,29,0.868
10143,Grocery,212,Pickup,2025-11-24,28,0.542
10153,Apparel,137,Pickup,2025-11-10,35,0.963
10104,Grocery,126,Pickup,2025-10-06,23,0.969
10058,Beauty,163,Online,2025-11-24,35,0.825
10133,Electronics,151,InStore,2025-10-27,33,0.969
10112,Beauty,163,Pickup,2025-11-17,25,0.726
10007,Home,109,InStore,2025-12-01,22,0.644
10166,Apparel,247,Pickup,2025-12-22,38,0.731
10012,Beauty,137,InStore,2025-11-17,26,0.653
10085,Electronics,116,Online,2025-11-24,24,0.829
10024,Home,121,InStore,2025-11-24,33,0.693
10019,Apparel,194,Online,2025-12-08,26,0.58
10020,Apparel,155,Online,2025-10-20,34,0.716
10135,Apparel,169,InStore,2025-10-13,33,0.902
10072,Grocery,255,Pickup,2025-11-17,44,0.818
10043,Home,233,Online,2025-10-06,26,0.88
10070,Home,113,Online,2025-10-27,35,0.633
10079,Grocery,231,InStore,2025-11-03,28,0.859
10156,Beauty,247,Online,2025-12-01,25,0.679
10030,Apparel,109,Pickup,2025-10-13,35,0.654
10013,Beauty,238,Online,2025-11-10,29,0.705
10104,Electronics,143,InStore,2025-10-20,28,0.796
10146,Home,253,InStore,2025-11-03,35,0.734
10160,Electronics,102,Online,2025-12-22,45,0.865
10149,Beauty,192,InStore,2025-10-20,21,0.963
10148,Home,112,Online,2025-10-06,27,0.873
10069,Apparel,244,Pickup,2025-10-06,40,0.662
10068,Grocery,130,InStore,2025-10-27,31,0.609
10006,Beauty,190,Online,2025-11-10,41,0.929
10081,Electronics,236,Pickup,2025-10-13,28,0.523
10006,Electronics,118,Pickup,2025-12-15,33,0.691
10042,Grocery,198,Online,2025-12-01,29,0.908
10140,Electronics,251,Online,2025-11-03,24,0.877
10106,Home,103,Online,2025-12-08,29,0.655
10076,Apparel,192,InStore,2025-11-17,21,0.849
10006,Apparel,214,InStore,2025-10-27,40,0.955
10060,Electronics,245,InStore,2025-10-20,29,0.592
10013,Grocery,120,Pickup,2025-11-03,33,0.588
10094,Beauty,225,Pickup,2025-10-20,31,0.83
10098,Beauty,141,Pickup,2025-10-13,32,0.858
10169,Home,145,InStore,2025-10-13,27,0.905
10135,Electronics,233,Pickup,2025-12-15,19,0.54
10006,Grocery,151,Online,2025-11-03,32,0.535
10176,Beauty,247,InStore,2025-10-06,24,0.824
10112,Grocery,134,Online,2025-11-24,39,0.942
10128,Apparel,147,Online,2025-11-17,22,0.931
10073,Grocery,203,Pickup,2025-12-08,35,0.784
10122,Beauty,150,InStore,2025-12-22,24,0.731
10000,Apparel,199,InStore,2025-12-22,31,0.689
10093,Home,128,InStore,2025-10-13,31,0.71
10052,Apparel,178,Pickup,2025-11-17,26,0.515
10085,Home,110,Pickup,2025-12-08,33,0.767
10166,Home,168,Pickup,2025-11-24,33,0.66
10046,Electronics,141,Online,2025-12-22,20,0.897
10163,Beauty,156,Online,2025-10-06,38,0.711
10140,Grocery,225,Online,2025-11-24,33,0.956
10154,Apparel,228,Online,2025-11-24,24,0.853
10111,Beauty,253,Pickup,2025-12-15,28,0.551
10140,Electronics,166,InStore,2025-10-20,33,0.808
10079,Apparel,192,Pickup,2025-10-06,37,0.716
10130,Electronics,181,InStore,2025-12-01,31,0.795
10136,Apparel,254,InStore,2025-10-13,26,0.909
10129,Home,125,InStore,2025-10-20,22,0.64
10043,Electronics,254,Online,2025-10-13,28,0.908
10077,Apparel,203,InStore,2025-12-08,26,0.947
10061,Grocery,207,Pickup,2025-11-17,29,0.824
10120,Beauty,228,InStore,2025-12-15,25,0.807
10107,Home,154,Online,2025-11-03,35,0.88
10114,Electronics,206,InStore,2025-11-17,31,0.829
10028,Grocery,150,Pickup,2025-11-10,24,0.768
10034,Apparel,160,InStore,2025-12-01,23,0.89
10043,Beauty,116,Pickup,2025-12-15,28,0.522
10087,Apparel,225,Pickup,2025-12-22,26,0.848
10071,Beauty,154,InStore,2025-11-17,36,0.523
10066,Electronics,228,Pickup,2025-11-03,34,0.576
10057,Home,188,InStore,2025-10-06,26,0.813
10135,Grocery,182,InStore,2025-12-15,31,0.837
10091,Electronics,244,Pickup,2025-11-03,30,0.95
10034,Apparel,208,Pickup,2025-12-01,27,0.671
10082,Grocery,228,InStore,2025-11-17,36,0.778
10046,Grocery,162,Online,2025-10-20,32,0.678
10108,Grocery,234,Pickup,2025-12-22,21,0.815
10070,Apparel,148,Pickup,2025-10-13,39,0.799
10093,Apparel,130,Online,2025-11-10,35,0.855
10031,Electronics,119,InStore,2025-10-27,36,0.637
10131,Beauty,201,Online,2025-12-15,33,0.583
10150,Electronics,107,Online,2025-10-13,32,0.848
10179,Grocery,154,InStore,2025-11-03,30,0.539
10075,Electronics,142,Pickup,2025-10-13,33,0.971
10159,Home,159,Online,2025-10-06,44,0.918
10092,Apparel,179,Pickup,2025-10-06,26,0.597
10128,Home,175,Pickup,2025-12-08,31,0.526
10027,Home,195,InStore,2025-11-24,30,0.681
10074,Beauty,138,Online,2025-10-27,29,0.578
10037,Beauty,125,InStore,2025-12-15,35,0.763
10147,Beauty,122,Online,2025-10-06,20,0.939
10145,Electronics,117,InStore,2025-10-20,13,0.942
10046,Apparel,231,Pickup,2025-10-20,28,0.712
10068,Grocery,125,InStore,2025-12-01,39,0.637
10152,Grocery,170,InStore,2025-11-10,22,0.649
10054,Grocery,234,Pickup,2025-11-03,32,0.902
10145,Electronics,170,Online,2025-11-17,30,0.575
10145,Electronics,176,InStore,2025-10-27,30,0.946
10102,Apparel,148,Pickup,2025-11-10,29,0.589
10019,Beauty,193,Pickup,2025-12-22,34,0.529
10044,Apparel,212,Online,2025-12-15,31,0.607
10015,Electronics,185,Online,2025-11-24,34,0.751
10013,Home,167,InStore,2025-12-15,23,0.529
10009,Apparel,181,Pickup,2025-11-24,47,0.927
10168,Grocery,131,Online,2025-11-03,29,0.847
10137,Apparel,157,Online,2025-10-13,29,0.651
10100,Electronics,161,InStore,2025-11-03,30,0.916
10105,Grocery,214,Online,2025-12-15,29,0.771
10170,Home,125,Online,2025-10-06,29,0.878
10134,Home,241,InStore,2025-12-22,37,0.894
10058,Apparel,109,Online,2025-11-24,38,0.706
10173,Electronics,116,InStore,2025-11-10,25,0.582
10116,Beauty,211,Online,2025-12-01,31,0.687
10128,Apparel,177,InStore,2025-11-17,32,0.626
10092,Electronics,133,Pickup,2025-12-01,28,0.766
10166,Home,245,Pickup,2025-12-01,28,0.77
10012,Home,110,Pickup,2025-12-22,26,0.523
10132,Apparel,121,Pickup,2025-10-13,32,0.902
10136,Home,228,Pickup,2025-10-06,33,0.837
10105,Home,236,Pickup,2025-11-17,36,0.903
10166,Beauty,135,InStore,2025-12-01,30,0.978
10091,Apparel,133,InStore,2025-10-06,32,0.885
10011,Home,190,Pickup,2025-11-17,21,0.908
10071,Apparel,205,InStore,2025-10-27,23,0.848
10043,Home,204,Pickup,2025-11-03,29,0.569
10022,Apparel,201,InStore,2025-10-27,32,0.612
10104,Grocery,246,Online,2025-11-10,33,0.553
10099,Grocery,119,Online,2025-12-15,31,0.543
10046,Grocery,143,Online,2025-11-03,35,0.594
10167,Beauty,188,Pickup,2025-12-22,22,0.862
10066,Beauty,195,Pickup,2025-11-24,34,0.694
10112,Home,155,InStore,2025-11-03,33,0.7
10107,Apparel,164,InStore,2025-12-22,32,0.765
10012,Grocery,201,Pickup,2025-11-24,27,0.578
10179,Beauty,115,Online,2025-10-20,26,0.682
10080,Home,198,Online,2025-10-27,32,0.896
10038,Home,233,Pickup,2025-11-24,26,0.729
10124,Home,140,InStore,2025-10-13,26,0.559
10159,Grocery,209,Online,2025-11-24,24,0.522
10078,Beauty,129,InStore,2025-11-17,32,0.956
10102,Home,238,Pickup,2025-10-13,34,0.905
10092,Beauty,193,Pickup,2025-12-15,26,0.583
10046,Apparel,194,Online,2025-11-10,34,0.535
10124,Home,209,Online,2025-11-17,32,0.951
10013,Grocery,258,Pickup,2025-10-27,24,0.563
10096,Home,174,InStore,2025-10-27,30,0.924
10025,Apparel,103,Pickup,2025-12-22,36,0.749
10072,Grocery,145,Pickup,2025-12-22,27,0.909
10113,Apparel,254,Pickup,2025-10-13,24,0.546
10002,Electronics,213,Pickup,2025-12-01,30,0.832
10091,Grocery,181,InStore,2025-12-22,22,0.693
10007,Beauty,162,Online,2025-10-20,25,0.745
10173,Beauty,256,Online,2025-11-03,30,0.819
10039,Beauty,129,InStore,2025-12-15,25,0.733
10007,Grocery,100,InStore,2025-12-01,33,0.727
10064,Electronics,181,Pickup,2025-11-24,36,0.973
10164,Apparel,101,Pickup,2025-11-03,30,0.649
10056,Beauty,201,Online,2025-11-10,32,0.821
10165,Home,232,Pickup,2025-11-10,26,0.632
10073,Grocery,120,InStore,2025-10-13,31,0.565
10046,Home,188,InStore,2025-12-01,28,0.72
10083,Apparel,150,Online,2025-11-24,27,0.618
10053,Apparel,234,Pickup,2025-11-03,21,0.901
10141,Electronics,146,Pickup,2025-10-20,30,0.878
10029,Grocery,205,Online,2025-12-08,24,0.953
10153,Beauty,214,Online,2025-11-24,29,0.961
10009,Apparel,104,InStore,2025-10-13,24,0.64
10129,Electronics,164,InStore,2025-12-22,36,0.708
10161,Grocery,130,Online,2025-10-20,34,0.714
10048,Beauty,214,InStore,2025-10-27,31,0.959
10143,Home,118,Online,2025-12-08,21,0.618
10159,Grocery,228,InStore,2025-10-13,22,0.863
10003,Home,216,InStore,2025-10-13,33,0.868
10121,Electronics,184,InStore,2025-11-03,25,0.638
10073,Electronics,191,Pickup,2025-10-20,29,0.653
10064,Apparel,147,Pickup,2025-10-20,32,0.806
10025,Apparel,230,Online,2025-11-24,27,0.727
10069,Grocery,130,Online,2025-10-13,31,0.558
10042,Apparel,162,Online,2025-12-01,34,0.856
10152,Beauty,135,Online,2025-10-20,32,0.873
10110,Home,195,Online,2025-11-10,26,0.595
10024,Electronics,168,Online,2025-11-10,35,0.64
10015,Beauty,119,InStore,2025-12-01,30,0.825
10111,Beauty,229,InStore,2025-12-01,17,0.753
10014,Apparel,215,InStore,2025-11-03,25,0.515
10028,Grocery,168,Online,2025-10-27,29,0.956
10074,Electronics,106,InStore,2025-12-01,24,0.953
10166,Beauty,171,InStore,2025-11-17,22,0.976
10003,Apparel,255,InStore,2025-11-17,29,0.504
10082,Home,173,InStore,2025-12-22,26,0.96
10054,Beauty,213,InStore,2025-11-17,19,0.646
10163,Beauty,192,InStore,2025-10-13,32,0.846
10167,Home,140,Pickup,2025-10-20,31,0.728
10136,Home,142,Online,2025-11-24,29,0.893
10139,Grocery,236,Pickup,2025-11-17,36,0.661
10144,Beauty,174,Pickup,2025-10-06,33,0.565
10074,Beauty,194,InStore,2025-10-20,17,0.906
10152,Electronics,121,Online,2025-10-13,23,0.817
10047,Apparel,253,Pickup,2025-11-03,31,0.722
10098,Apparel,169,Pickup,2025-10-13,40,0.667
10050,Home,259,Pickup,2025-10-13,41,0.52
10025,Grocery,154,Pickup,2025-12-22,23,0.931
10028,Home,183,Pickup,2025-12-01,36,0.57
10170,Home,129,InStore,2025-10-27,38,0.654
10172,Home,160,InStore,2025-11-24,27,0.859
10159,Electronics,123,InStore,2025-10-20,23,0.71
10047,Grocery,187,InStore,2025-12-15,18,0.93
10167,Home,123,InStore,2025-11-10,34,0.548
10156,Apparel,166,InStore,2025-12-01,36,0.722
10029,Grocery,182,Pickup,2025-10-06,25,0.655
10011,Grocery,241,InStore,2025-12-01,25,0.969
10057,Home,234,InStore,2025-11-24,32,0.581
10115,Grocery,236,Online,2025-11-17,30,0.871
10133,Beauty,180,InStore,2025-12-22,29,0.505
10049,Electronics,223,Online,2025-10-20,30,0.879
10060,Beauty,126,Pickup,2025-10-06,28,0.543
10103,Home,161,InStore,2025-11-17,29,0.872
10099,Electronics,188,Online,2025-11-03,27,0.596
10086,Home,176,InStore,2025-12-01,29,0.926
10070,Apparel,211,InStore,2025-12-22,23,0.654
10101,Apparel,165,InStore,2025-12-15,28,0.822
10028,Electronics,108,Online,2025-12-08,20,0.688
10075,Electronics,236,InStore,2025-11-10,25,0.505
10131,Beauty,141,InStore,2025-11-10,28,0.947
10071,Electronics,145,Online,2025-11-03,33,0.964
10156,Grocery,252,InStore,2025-11-10,42,0.915
10057,Apparel,121,InStore,2025-12-15,23,0.739
10135,Electronics,238,InStore,2025-11-03,30,0.868
10022,Grocery,196,Pickup,2025-10-06,41,0.832
10162,Apparel,209,Pickup,2025-11-17,39,0.876
10079,Apparel,246,Pickup,2025-12-08,33,0.515
10041,Grocery,202,Pickup,2025-11-03,29,0.832
10073,Grocery,253,Online,2025-11-03,25,0.678
10147,Electronics,183,Pickup,2025-12-15,34,0.756
10137,Apparel,251,Online,2025-12-15,23,0.516
10143,Home,170,InStore,2025-10-20,22,0.876
10000,Beauty,244,Pickup,2025-10-06,31,0.622
10069,Electronics,219,InStore,2025-11-17,17,0.955
10006,Apparel,108,Online,2025-12-22,33,0.611
10155,Beauty,152,InStore,2025-10-13,27,0.652
10000,Apparel,235,InStore,2025-12-15,39,0.785
10035,Apparel,204,InStore,2025-10-13,20,0.972
10014,Beauty,181,InStore,2025-11-24,26,0.543
10075,Grocery,166,Pickup,2025-10-13,29,0.757
10100,Apparel,164,InStore,2025-11-10,37,0.689
10176,Electronics,105,Online,2025-12-08,33,0.902
10104,Home,173,Online,2025-12-22,30,0.635
10130,Electronics,136,InStore,2025-11-10,30,0.533
10008,Grocery,151,Online,2025-11-10,24,0.607
10122,Home,243,InStore,2025-12-15,26,0.765
10013,Home,148,Pickup,2025-11-03,29,0.975
10146,Beauty,151,Online,2025-10-06,36,0.589
10050,Grocery,156,Pickup,2025-12-08,25,0.716
10106,Home,144,Online,2025-10-06,24,0.872
10043,Apparel,243,Online,2025-12-15,29,0.588
10174,Grocery,213,Online,2025-10-13,28,0.871
10085,Beauty,246,Pickup,2025-12-08,25,0.798
10176,Home,164,InStore,2025-10-13,25,0.575
10148,Electronics,153,Online,2025-10-06,37,0.576
10053,Home,153,Pickup,2025-11-10,29,0.687
10019,Electronics,166,InStore,2025-10-13,26,0.747
10139,Grocery,101,Pickup,2025-11-17,31,0.698
10100,Home,155,InStore,2025-11-03,30,0.9
10098,Grocery,154,Online,2025-12-01,30,0.952
10163,Electronics,248,Online,2025-12-22,34,0.631
10026,Electronics,178,Pickup,2025-12-22,24,0.81
10072,Home,177,Pickup,2025-10-27,33,0.587
10123,Electronics,259,Pickup,2025-12-22,25,0.716
10165,Grocery,190,Pickup,2025-11-10,31,0.732
10074,Home,209,InStore,2025-11-24,28,0.79
10039,Home,167,Pickup,2025-12-15,27,0.755
10109,Home,113,InStore,2025-12-22,34,0.872
10174,Home,224,Online,2025-11-03,30,0.882
10156,Apparel,182,InStore,2025-12-15,41,0.811
10101,Electronics,186,Pickup,2025-10-13,31,0.739
10088,Home,202,InStore,2025-10-13,32,0.704
10011,Electronics,214,InStore,2025-11-24,20,0.851
10058,Electronics,120,InStore,2025-12-22,30,0.563
10059,Apparel,177,Online,2025-10-27,22,0.727
10043,Grocery,242,InStore,2025-11-10,37,0.622
10043,Apparel,247,InStore,2025-12-01,29,0.744
10035,Beauty,138,Online,2025-11-17,30,0.958
10077,Home,222,Pickup,2025-12-15,24,0.58
10051,Home,244,Pickup,2025-10-27,33,0.738
10028,Home,212,Pickup,2025-10-13,33,0.527
10120,Electronics,107,Pickup,2025-11-10,39,0.707
10031,Grocery,147,Online,2025-11-10,26,0.66
10139,Home,198,Pickup,2025-12-08,32,0.626
10146,Grocery,223,Online,2025-10-13,19,0.507
10067,Beauty,205,Pickup,2025-11-24,37,0.864
10090,Grocery,184,InStore,2025-10-06,35,0.845
10056,Home,156,Pickup,2025-12-01,27,0.694
10150,Beauty,181,Online,2025-12-22,18,0.564
10014,Beauty,237,Pickup,2025-11-10,40,0.608
10105,Beauty,205,InStore,2025-12-15,31,0.545
10048,Apparel,213,Pickup,2025-10-06,26,0.562
10102,Electronics,242,InStore,2025-10-27,26,0.703
10034,Electronics,176,Online,2025-10-13,36,0.743
10069,Apparel,228,Online,2025-10-13,27,0.91
10117,Beauty,158,Pickup,2025-11-03,33,0.778
10080,Beauty,202,Online,2025-12-22,28,0.548
10128,Electronics,110,Online,2025-10-06,34,0.566
10170,Electronics,218,InStore,2025-12-01,33,0.946
10114,Electronics,110,InStore,2025-11-10,34,0.857
10026,Beauty,197,Pickup,2025-12-01,29,0.893
10005,Beauty,191,InStore,2025-12-15,21,0.532
10014,Apparel,140,Pickup,2025-11-03,30,0.543
10156,Home,237,Pickup,2025-11-10,40,0.715
10145,Home,125,Pickup,2025-11-10,29,0.794
10157,Beauty,130,InStore,2025-12-15,28,0.598
10167,Beauty,160,Online,2025-12-08,26,0.661
10121,Apparel,215,Pickup,2025-12-15,30,0.809
10108,Beauty,249,Online,2025-11-03,36,0.663
10150,Apparel,194,Online,2025-12-22,41,0.866
10055,Electronics,126,Pickup,2025-11-24,25,0.944
10030,Apparel,124,Pickup,2025-11-24,33,0.575
10131,Beauty,251,InStore,2025-11-24,29,0.912
10096,Apparel,105,Online,2025-12-22,36,0.674
10088,Home,243,Online,2025-12-08,27,0.901
10174,Electronics,196,Pickup,2025-10-27,39,0.724
10102,Apparel,176,InStore,2025-12-22,37,0.6
10053,Home,173,Online,2025-11-03,20,0.636
10133,Electronics,120,Pickup,2025-11-17,38,0.678
10080,Grocery,202,Pickup,2025-10-20,24,0.758
10023,Beauty,147,InStore,2025-12-15,32,0.841
10093,Apparel,101,InStore,2025-11-10,27,0.836
10060,Electronics,143,InStore,2025-12-22,30,0.775
10066,Home,238,Online,2025-11-10,27,0.955
10125,Apparel,177,Pickup,2025-12-08,29,0.98
10039,Home,156,InStore,2025-10-20,29,0.949
10139,Home,165,Pickup,2025-10-27,30,0.764
10112,Electronics,112,Online,2025-10-06,28,0.555
10033,Apparel,110,Pickup,2025-12-01,27,0.548
10139,Beauty,110,InStore,2025-10-20,26,0.652
10063,Grocery,208,InStore,2025-11-10,49,0.721
10006,Grocery,205,Pickup,2025-12-15,40,0.856
10123,Beauty,167,InStore,2025-12-08,25,0.802
10158,Electronics,207,InStore,2025-12-01,21,0.504
10159,Beauty,173,Pickup,2025-11-24,33,0.962
10088,Beauty,152,InStore,2025-11-17,31,0.639
10078,Grocery,124,InStore,2025-12-15,32,0.538
10027,Grocery,137,Pickup,2025-12-08,25,0.694
10164,Beauty,134,Online,2025-10-27,26,0.673
10104,Home,131,Pickup,2025-12-08,38,0.699
10004,Grocery,198,Pickup,2025-12-08,33,0.855
10045,Electronics,180,Online,2025-12-22,27,0.94
10096,Beauty,199,Online,2025-10-13,30,0.514
10162,Grocery,184,InStore,2025-12-08,26,0.68
10054,Electronics,225,Pickup,2025-12-08,21,0.546
10141,Beauty,186,Online,2025-11-03,27,0.647
10035,Home,155,InStore,2025-12-01,30,0.66
10029,Beauty,164,InStore,2025-11-03,24,0.612
10067,Grocery,221,Online,2025-11-24,22,0.511
10091,Home,211,InStore,2025-10-06,36,0.751
10118,Grocery,150,InStore,2025-12-08,26,0.614
10159,Apparel,128,Pickup,2025-10-27,21,0.606
10058,Grocery,117,Online,2025-10-20,28,0.584
10035,Grocery,227,Pickup,2025-10-13,33,0.815
10108,Beauty,243,Online,2025-10-20,23,0.766
10120,Electronics,195,Pickup,2025-11-24,22,0.61
10104,Electronics,135,Pickup,2025-11-03,30,0.683
10049,Electronics,215,Online,2025-12-01,28,0.822
10152,Grocery,191,Pickup,2025-11-24,35,0.643
10067,Beauty,245,Pickup,2025-10-06,33,0.811
10114,Grocery,109,Online,2025-11-24,33,0.581
10179,Grocery,230,Online,2025-10-13,22,0.736
10122,Home,109,Pickup,2025-10-27,29,0.876
10152,Apparel,128,Pickup,2025-12-08,33,0.918
10034,Apparel,170,Pickup,2025-12-01,29,0.96
10068,Electronics,134,Online,2025-12-15,27,0.948
10051,Beauty,192,Pickup,2025-11-17,22,0.647
10098,Home,208,Online,2025-12-01,19,0.887
10124,Grocery,188,InStore,2025-10-27,38,0.955
10062,Electronics,133,Pickup,2025-12-01,32,0.507
10040,Grocery,207,Pickup,2025-11-03,31,0.649
10097,Beauty,225,InStore,2025-12-15,40,0.706
10172,Apparel,229,Pickup,2025-12-01,29,0.834
10124,Home,257,Pickup,2025-12-01,28,0.514
10060,Home,142,Pickup,2025-11-17,28,0.748
10111,Home,212,Online,2025-10-06,33,0.941
10123,Home,217,Pickup,2025-12-15,23,0.574
10139,Beauty,138,InStore,2025-12-01,29,0.576
10012,Apparel,130,Online,2025-12-15,31,0.703
10032,Grocery,145,Pickup,2025-10-13,31,0.787
10177,Apparel,253,Pickup,2025-10-27,33,0.848
10179,Beauty,123,InStore,2025-10-27,20,0.913
10096,Electronics,157,Online,2025-12-08,35,0.821
10140,Electronics,134,InStore,2025-10-06,26,0.537
10079,Electronics,108,Online,2025-10-27,32,0.557
10178,Electronics,236,Pickup,2025-11-24,37,0.873
10133,Grocery,214,Online,2025-12-08,33,0.798
10019,Beauty,199,Online,2025-11-17,37,0.672
10170,Electronics,157,InStore,2025-11-17,27,0.528
10023,Apparel,143,Online,2025-11-24,32,0.908
10075,Home,213,Pickup,2025-11-03,40,0.577
10160,Apparel,224,InStore,2025-12-22,34,0.755
10033,Electronics,155,Online,2025-10-06,26,0.733
10157,Grocery,238,InStore,2025-10-13,35,0.722
10096,Apparel,121,Online,2025-10-27,31,0.538
10168,Apparel,253,InStore,2025-10-27,30,0.709
10052,Beauty,156,InStore,2025-11-17,30,0.871
10097,Grocery,237,InStore,2025-10-06,27,0.849
10072,Apparel,196,Online,2025-12-15,31,0.817
10106,Grocery,175,Online,2025-11-17,34,0.959
10046,Electronics,158,Online,2025-12-08,22,0.977
10146,Home,174,Pickup,2025-11-10,30,0.709
10067,Grocery,195,Pickup,2025-11-17,24,0.674
10069,Apparel,237,Pickup,2025-12-08,31,0.573
10046,Beauty,232,Online,2025-12-08,28,0.785
10006,Electronics,122,Pickup,2025-12-08,36,0.507
10034,Home,181,Pickup,2025-12-22,34,0.838
10098,Electronics,188,Online,2025-11-17,37,0.811
10082,Beauty,129,Pickup,2025-10-06,31,0.812
10135,Grocery,149,Online,2025-12-15,27,0.634
10130,Beauty,141,InStore,2025-11-10,30,0.896
10100,Home,176,InStore,2025-10-20,22,0.894
10176,Home,187,Pickup,2025-12-08,38,0.612
10105,Electronics,144,Pickup,2025-12-22,33,0.704
10122,Beauty,140,InStore,2025-12-08,32,0.665
10174,Home,250,Online,2025-11-24,27,0.927
10094,Grocery,234,Online,2025-10-13,24,0.513
10060,Home,256,Pickup,2025-10-06,27,0.955
10169,Electronics,249,Pickup,2025-11-17,38,0.603
10035,Apparel,221,InStore,2025-12-22,30,0.534
10160,Electronics,230,Online,2025-11-24,20,0.531
10007,Home,232,InStore,2025-10-13,25,0.834
10045,Beauty,123,InStore,2025-11-03,20,0.505
10009,Electronics,108,Pickup,2025-12-01,29,0.76
10095,Home,129,Online,2025-11-10,26,0.942
10060,Grocery,254,InStore,2025-10-06,32,0.776
10000,Grocery,178,Online,2025-12-01,36,0.615
10156,Electronics,144,InStore,2025-12-22,31,0.638
10140,Beauty,137,Online,2025-11-03,24,0.904
10170,Electronics,202,InStore,2025-12-15,23,0.704
10144,Home,255,Online,2025-12-15,25,0.679
10083,Electronics,145,Online,2025-10-20,31,0.51
10054,Grocery,240,InStore,2025-12-15,35,0.7
10123,Home,182,InStore,2025-11-03,21,0.694
10061,Apparel,103,InStore,2025-11-03,36,0.634
10043,Home,179,InStore,2025-12-08,23,0.902
10099,Grocery,117,Pickup,2025-10-20,31,0.598
10021,Electronics,223,Online,2025-10-06,25,0.683
10139,Home,164,Pickup,2025-12-08,32,0.657
10168,Beauty,211,Pickup,2025-11-03,32,0.661
10081,Apparel,195,Pickup,2025-12-01,29,0.796
10076,Apparel,171,Online,2025-12-22,23,0.902
10140,Home,187,InStore,2025-12-01,44,0.953
10040,Home,193,InStore,2025-11-10,39,0.722
10023,Beauty,202,InStore,2025-11-17,31,0.712
10159,Apparel,199,Pickup,2025-11-24,32,0.97
10175,Beauty,236,Online,2025-10-06,28,0.631
10009,Electronics,174,InStore,2025-10-20,32,0.598
10107,Electronics,247,InStore,2025-10-27,42,0.636
10109,Apparel,230,Online,2025-11-03,32,0.533
10082,Electronics,214,Pickup,2025-10-13,34,0.635
10149,Electronics,219,Pickup,2025-11-17,24,0.516
10060,Electronics,145,InStore,2025-11-24,41,0.88
10040,Grocery,118,Pickup,2025-11-17,23,0.812
10022,Electronics,186,InStore,2025-10-06,30,0.628
10011,Apparel,152,InStore,2025-10-13,22,0.837
10085,Home,196,Online,2025-10-20,31,0.641
10159,Beauty,123,InStore,2025-12-01,24,0.713
10125,Apparel,120,InStore,2025-11-03,32,0.568
10014,Beauty,125,Pickup,2025-11-17,42,0.679
10141,Electronics,231,InStore,2025-11-10,25,0.888
10094,Beauty,171,InStore,2025-10-27,29,0.885
10013,Apparel,143,Online,2025-11-17,33,0.819
10093,Grocery,162,InStore,2025-10-27,26,0.685
10159,Grocery,180,Online,2025-12-01,34,0.661
10023,Electronics,131,Pickup,2025-11-17,34,0.612
10069,Electronics,116,InStore,2025-10-06,30,0.726
10150,Apparel,138,InStore,2025-10-27,34,0.93
10128,Apparel,232,Pickup,2025-12-15,38,0.602
10025,Grocery,103,Pickup,2025-12-15,43,0.544
10151,Electronics,178,Online,2025-11-10,22,0.673
10094,Electronics,152,Online,2025-10-20,33,0.519
10101,Grocery,223,Pickup,2025-11-17,28,0.774
10144,Grocery,247,Pickup,2025-11-10,33,0.547
10123,Apparel,124,InStore,2025-10-06,27,0.708
10101,Home,103,Online,2025-10-06,32,0.8
10031,Beauty,176,Online,2025-11-10,31,0.806
10149,Beauty,245,Pickup,2025-11-24,23,0.685
10053,Home,170,InStore,2025-12-08,29,0.943
10109,Beauty,109,InStore,2025-12-22,26,0.84
10107,Grocery,209,Pickup,2025-11-17,33,0.93
10014,Home,127,InStore,2025-12-08,29,0.896
10149,Grocery,113,InStore,2025-11-24,30,0.697
10082,Apparel,219,InStore,2025-12-01,29,0.894
10127,Electronics,179,InStore,2025-10-13,28,0.948
10144,Home,241,InStore,2025-11-03,25,0.722
10001,Apparel,168,InStore,2025-11-24,36,0.752
10032,Apparel,143,Online,2025-10-20,29,0.814
10176,Apparel,208,InStore,2025-12-01,31,0.937
10167,Apparel,258,InStore,2025-11-24,37,0.563
10069,Grocery,233,InStore,2025-12-01,31,0.84
10030,Apparel,240,Online,2025-12-08,24,0.594
10163,Apparel,227,InStore,2025-10-27,32,0.904
10089,Home,173,InStore,2025-12-22,34,0.721
10081,Grocery,258,Pickup,2025-11-10,38,0.616
10028,Grocery,158,Online,2025-12-15,19,0.89
10164,Grocery,214,Pickup,2025-11-17,29,0.976
10082,Beauty,231,Pickup,2025-10-27,28,0.735
10089,Home,159,Pickup,2025-10-20,29,0.824
10146,Beauty,136,InStore,2025-10-06,27,0.588
10083,Home,248,Pickup,2025-11-17,26,0.687
10112,Home,202,Pickup,2025-10-27,35,0.794
10177,Beauty,131,Online,2025-12-08,33,0.884
10124,Grocery,194,InStore,2025-10-13,30,0.858
10167,Home,240,Online,2025-11-24,23,0.709
10108,Grocery,232,InStore,2025-11-03,30,0.956
10070,Apparel,191,Online,2025-12-01,36,0.767
10059,Beauty,104,Pickup,2025-12-01,25,0.827
10074,Grocery,120,InStore,2025-11-03,34,0.969
10005,Apparel,104,InStore,2025-12-22,27,0.835
10131,Home,202,InStore,2025-12-08,30,0.714
10025,Home,218,Online,2025-12-01,22,0.821
10074,Grocery,111,Online,2025-12-15,32,0.653
10030,Home,143,Online,2025-10-13,32,0.589
10086,Grocery,108,InStore,2025-12-08,33,0.691
10177,Grocery,222,Pickup,2025-12-08,31,0.961
10096,Grocery,103,Pickup,2025-11-03,22,0.963
10058,Electronics,130,Online,2025-12-22,27,0.591
10081,Home,138,Pickup,2025-12-15,23,0.822
10078,Electronics,136,Pickup,2025-11-10,19,0.921
10040,Apparel,182,Online,2025-10-27,17,0.518
10003,Beauty,109,Online,2025-11-03,25,0.876
10177,Home,228,InStore,2025-12-15,28,0.592
10018,Beauty,131,Pickup,2025-12-08,20,0.803
10102,Grocery,197,Online,2025-12-15,32,0.771
10149,Grocery,141,Pickup,2025-10-27,37,0.868
10156,Electronics,114,Online,2025-11-17,38,0.545
10082,Home,152,InStore,2025-11-17,22,0.739
10102,Grocery,205,Online,2025-10-06,41,0.708
10051,Home,240,Pickup,2025-12-15,27,0.704
10011,Electronics,174,Pickup,2025-10-27,31,0.631
10082,Apparel,128,InStore,2025-12-08,35,0.917
10104,Home,225,InStore,2025-11-10,40,0.51
10084,Grocery,208,InStore,2025-12-22,30,0.935
10121,Electronics,192,Online,2025-10-13,25,0.623
10046,Home,197,InStore,2025-11-24,36,0.924
10073,Electronics,195,Pickup,2025-12-15,30,0.842
10078,Home,213,Online,2025-10-13,21,0.695
10043,Electronics,118,InStore,2025-12-15,27,0.719
10038,Grocery,231,Pickup,2025-11-03,19,0.715
10120,Beauty,211,InStore,2025-12-08,30,0.875
10050,Home,121,InStore,2025-11-03,34,0.589
10138,Home,192,Online,2025-12-22,47,0.84
10146,Grocery,167,InStore,2025-11-10,29,0.614
10069,Beauty,204,Pickup,2025-11-10,39,0.586
10064,Grocery,234,Online,2025-10-27,37,0.544
10146,Apparel,161,Online,2025-11-24,35,0.969
10045,Grocery,183,InStore,2025-12-15,43,0.898
10170,Apparel,157,Pickup,2025-10-13,27,0.592
10008,Home,230,Pickup,2025-10-13,25,0.586
10050,Beauty,228,Online,2025-10-06,34,0.578
10127,Grocery,180,Online,2025-11-17,39,0.508
10143,Apparel,191,Pickup,2025-12-22,26,0.7
10156,Apparel,116,Online,2025-12-01,31,0.885
10160,Apparel,200,Pickup,2025-11-24,36,0.694
10003,Home,106,InStore,2025-11-24,15,0.826
10086,Home,213,Pickup,2025-10-20,22,0.745
10156,Home,108,Online,2025-11-03,32,0.551
10091,Home,131,Pickup,2025-12-22,29,0.773
10028,Grocery,165,Online,2025-10-27,28,0.726
10152,Apparel,175,InStore,2025-11-10,33,0.571
10084,Home,119,InStore,2025-10-06,24,0.681
10136,Home,133,Pickup,2025-11-10,22,0.589
10142,Grocery,248,InStore,2025-10-20,28,0.846
10093,Apparel,129,Pickup,2025-11-10,30,0.659
10161,Grocery,167,Online,2025-10-13,26,0.552
10145,Apparel,146,Online,2025-12-08,33,0.881
10150,Grocery,257,InStore,2025-11-10,26,0.586
10085,Grocery,156,InStore,2025-10-20,40,0.66
10127,Beauty,226,Online,2025-10-27,24,0.559
10111,Beauty,252,Pickup,2025-12-15,30,0.578
10059,Beauty,185,Pickup,2025-11-03,20,0.699
10098,Home,159,InStore,2025-11-10,33,0.542
10025,Beauty,110,InStore,2025-11-03,38,0.797
10002,Beauty,154,Pickup,2025-11-03,37,0.88
10143,Electronics,175,InStore,2025-10-27,26,0.763
10142,Apparel,110,InStore,2025-11-24,31,0.515
10108,Beauty,213,Online,2025-10-27,23,0.614
10009,Grocery,259,InStore,2025-12-08,31,0.785
10155,Home,230,Pickup,2025-12-08,37,0.543
10166,Apparel,104,Online,2025-11-17,27,0.733
10107,Beauty,177,Online,2025-11-17,35,0.971
10156,Electronics,188,Online,2025-12-15,35,0.548
10038,Beauty,125,InStore,2025-11-03,23,0.842
10148,Beauty,159,Pickup,2025-12-22,31,0.599
10032,Home,234,InStore,2025-12-08,28,0.908
10108,Beauty,159,Pickup,2025-11-24,40,0.856
10092,Home,225,Online,2025-12-22,37,0.756
10115,Beauty,119,Online,2025-11-17,33,0.558
10032,Electronics,129,Pickup,2025-11-10,23,0.599
10162,Apparel,181,InStore,2025-10-20,38,0.848
10062,Home,140,Pickup,2025-11-10,24,0.509
10028,Apparel,207,Pickup,2025-11-24,34,0.769
10082,Electronics,229,Pickup,2025-10-13,23,0.687
10167,Apparel,202,Online,2025-11-10,30,0.861
10130,Beauty,112,Pickup,2025-10-13,32,0.795
10095,Apparel,118,Pickup,2025-10-27,18,0.566
10144,Electronics,116,Online,2025-12-08,27,0.83
10032,Apparel,161,InStore,2025-12-15,17,0.584
10178,Electronics,160,Online,2025-10-13,27,0.838
10121,Grocery,238,Pickup,2025-10-06,19,0.901
10022,Grocery,165,InStore,2025-12-22,14,0.601
10038,Beauty,224,Online,2025-10-20,45,0.891
10034,Beauty,128,Pickup,2025-12-15,41,0.759
10013,Electronics,118,InStore,2025-10-27,41,0.925
10000,Apparel,167,Pickup,2025-12-01,35,0.605
10045,Apparel,251,Online,2025-11-17,27,0.827
10107,Beauty,141,InStore,2025-10-27,28,0.706
10170,Grocery,144,InStore,2025-11-03,28,0.736
10024,Beauty,148,InStore,2025-12-08,32,0.756
10070,Grocery,125,Online,2025-11-10,25,0.719
10109,Beauty,201,Pickup,2025-12-01,29,0.61
10018,Home,252,Pickup,2025-11-03,28,0.766
10004,Beauty,211,Pickup,2025-11-17,34,0.627
10068,Electronics,168,Online,2025-12-08,30,0.643
10018,Beauty,165,Pickup,2025-10-20,46,0.572
10132,Apparel,235,Online,2025-12-08,23,0.562
10162,Apparel,119,Online,2025-11-10,28,0.737
10142,Electronics,255,Pickup,2025-11-24,24,0.837
10004,Electronics,109,Online,2025-12-15,26,0.84
10174,Grocery,255,Online,2025-11-24,21,0.611
10016,Home,236,Pickup,2025-10-20,29,0.886
10167,Beauty,113,Pickup,2025-11-24,30,0.801
10086,Apparel,162,Online,2025-10-06,39,0.959
10114,Beauty,152,Online,2025-10-06,37,0.808
10024,Apparel,242,Pickup,2025-12-22,37,0.888
10123,Grocery,152,Pickup,2025-11-10,29,0.561
10158,Apparel,237,Online,2025-11-10,32,0.641
10049,Apparel,242,Pickup,2025-10-13,34,0.65
10030,Apparel,255,InStore,2025-10-20,26,0.958
10159,Home,118,Pickup,2025-10-20,25,0.716
10086,Beauty,212,Online,2025-10-27,31,0.744
10102,Beauty,132,Online,2025-10-27,31,0.8
10001,Home,107,InStore,2025-10-13,33,0.947
10009,Grocery,143,Online,2025-12-08,31,0.733
10101,Beauty,129,Pickup,2025-10-13,36,0.692
10137,Electronics,227,Online,2025-11-24,34,0.628
10006,Apparel,147,Pickup,2025-12-15,23,0.959
10069,Home,174,InStore,2025-12-22,23,0.947
10065,Apparel,124,InStore,2025-10-27,32,0.725
10108,Grocery,199,Pickup,2025-11-24,32,0.876
10045,Electronics,139,Pickup,2025-11-10,29,0.565
10131,Grocery,119,Online,2025-10-06,33,0.882
10109,Grocery,239,Online,2025-10-20,22,0.815
10128,Grocery,214,Online,2025-12-08,29,0.754
10059,Electronics,164,InStore,2025-11-10,23,0.795
10178,Home,194,InStore,2025-12-08,36,0.562
10147,Apparel,132,Online,2025-12-15,29,0.838
10113,Electronics,183,Pickup,2025-10-20,27,0.551
10155,Grocery,197,Online,2025-11-03,29,0.927
10147,Grocery,152,Online,2025-12-15,32,0.901
10057,Beauty,161,Pickup,2025-12-01,29,0.889
10177,Apparel,106,Pickup,2025-12-08,30,0.749
10163,Grocery,226,Online,2025-12-15,26,0.619
10082,Apparel,254,Pickup,2025-11-17,33,0.821
10106,Apparel,130,Online,2025-12-22,28,0.918
10059,Electronics,100,Pickup,2025-11-24,30,0.85
10032,Grocery,179,Online,2025-10-27,27,0.531
10118,Grocery,110,InStore,2025-10-27,26,0.852
10079,Apparel,121,Online,2025-12-08,29,0.738
10098,Beauty,168,Pickup,2025-10-06,30,0.633
10020,Apparel,229,Online,2025-10-13,34,0.902
10022,Beauty,146,Online,2025-12-22,29,0.793
10172,Electronics,238,Pickup,2025-12-08,30,0.949
10174,Beauty,151,Online,2025-11-03,29,0.521
10102,Electronics,194,Pickup,2025-12-01,36,0.587
10090,Apparel,139,InStore,2025-10-20,28,0.69
10120,Apparel,217,Pickup,2025-11-17,18,0.938
10087,Apparel,120,InStore,2025-12-15,39,0.615
10084,Apparel,132,Online,2025-10-27,25,0.628
10116,Apparel,197,InStore,2025-10-20,39,0.736
10074,Electronics,156,Online,2025-12-15,35,0.554
10153,Home,234,Online,2025-12-01,29,0.616
10164,Apparel,164,InStore,2025-12-15,25,0.718
10171,Home,110,InStore,2025-11-03,31,0.616
10041,Apparel,217,Pickup,2025-12-01,31,0.577
10009,Apparel,232,InStore,2025-12-01,30,0.969
10118,Apparel,112,Pickup,2025-10-20,34,0.671
10171,Beauty,200,Pickup,2025-10-06,34,0.608
10044,Beauty,232,Online,2025-11-03,30,0.878
10033,Apparel,197,Pickup,2025-10-13,31,0.846
10148,Home,159,Online,2025-12-01,34,0.944
10035,Apparel,182,InStore,2025-11-10,29,0.887
10156,Home,235,InStore,2025-12-22,30,0.863
10038,Apparel,112,InStore,2025-11-17,27,0.917
10173,Grocery,236,Pickup,2025-11-10,34,0.698
10158,Grocery,240,Pickup,2025-11-24,28,0.664
10078,Beauty,208,InStore,2025-11-24,27,0.856
10145,Electronics,122,Online,2025-10-13,38,0.74
10103,Electronics,227,InStore,2025-12-22,34,0.687
10175,Beauty,121,Online,2025-11-17,30,0.978
10020,Home,209,InStore,2025-10-13,26,0.59
10020,Apparel,167,Pickup,2025-10-06,31,0.746
10144,Beauty,259,Online,2025-10-06,39,0.665
10154,Home,164,InStore,2025-10-06,22,0.571
10172,Apparel,177,InStore,2025-12-22,33,0.825
10174,Apparel,186,InStore,2025-10-20,33,0.859
10140,Home,164,Pickup,2025-11-17,30,0.517
10142,Home,218,Pickup,2025-12-08,34,0.75
10032,Apparel,238,InStore,2025-10-13,28,0.666
10124,Beauty,195,Pickup,2025-10-27,16,0.598
10116,Apparel,253,Pickup,2025-11-10,31,0.609
10119,Electronics,205,Pickup,2025-12-15,38,0.629
10074,Apparel,238,InStore,2025-11-03,29,0.755
10152,Home,241,Online,2025-10-27,35,0.503
10006,Apparel,117,Pickup,2025-12-08,32,0.83
10095,Beauty,104,Online,2025-11-03,27,0.703
10073,Beauty,109,Pickup,2025-11-17,25,0.518
10166,Beauty,162,InStore,2025-10-20,27,0.534
10022,Electronics,113,InStore,2025-12-22,31,0.588
10046,Home,132,InStore,2025-12-01,30,0.616
10100,Grocery,252,Pickup,2025-12-22,29,0.731
10152,Grocery,185,Pickup,2025-10-13,29,0.627
10053,Electronics,231,Online,2025-10-13,38,0.726
10043,Electronics,181,Online,2025-12-15,24,0.804
10068,Apparel,193,InStore,2025-10-06,41,0.894
10030,Grocery,110,InStore,2025-12-15,32,0.817
10096,Apparel,131,InStore,2025-12-08,28,0.962
10149,Electronics,202,InStore,2025-10-06,34,0.906
10051,Apparel,146,InStore,2025-12-15,24,0.517
10127,Beauty,157,InStore,2025-12-15,39,0.906
10121,Apparel,203,Pickup,2025-11-24,27,0.794
10084,Grocery,107,InStore,2025-12-08,29,0.811
10017,Grocery,220,Online,2025-12-22,25,0.57
10090,Apparel,245,InStore,2025-10-20,23,0.97
10002,Apparel,116,Pickup,2025-11-24,24,0.797
10166,Grocery,176,Online,2025-10-20,33,0.592
10008,Grocery,113,InStore,2025-10-20,35,0.98
10014,Home,250,InStore,2025-10-06,36,0.692
10030,Home,203,Online,2025-12-01,26,0.813
10120,Beauty,209,InStore,2025-10-13,28,0.868
10123,Electronics,165,Pickup,2025-11-03,44,0.61
10088,Apparel,229,InStore,2025-10-20,28,0.562
10174,Beauty,190,Pickup,2025-10-06,26,0.61
10048,Electronics,223,InStore,2025-11-17,33,0.713
10124,Electronics,259,Pickup,2025-11-10,28,0.844
10122,Home,103,InStore,2025-10-06,26,0.741
10134,Home,240,Online,2025-12-08,37,0.883
10129,Home,114,Online,2025-12-08,35,0.895
10043,Grocery,139,InStore,2025-11-03,25,0.613
10085,Home,171,InStore,2025-10-06,35,0.667
10072,Grocery,113,InStore,2025-10-27,25,0.509
10072,Grocery,228,Online,2025-11-03,28,0.938
10014,Beauty,192,InStore,2025-10-20,31,0.914
10108,Grocery,203,Online,2025-11-03,33,0.596
10002,Grocery,186,Pickup,2025-11-10,35,0.762
10117,Home,207,Online,2025-11-03,28,0.544
10173,Home,185,InStore,2025-10-13,20,0.87
10106,Apparel,110,InStore,2025-11-24,32,0.748
10179,Grocery,210,InStore,2025-10-13,31,0.854
10145,Home,127,Pickup,2025-11-17,35,0.752
10029,Grocery,247,Pickup,2025-10-27,25,0.547
10061,Apparel,165,Pickup,2025-11-24,29,0.566
10027,Electronics,213,Online,2025-10-13,33,0.599
10059,Electronics,155,Pickup,2025-10-20,33,0.802
10164,Home,232,InStore,2025-10-20,32,0.946
10066,Home,131,Pickup,2025-11-17,25,0.821
10167,Apparel,125,InStore,2025-10-27,42,0.827
10122,Grocery,231,Online,2025-11-03,34,0.543
10090,Home,239,InStore,2025-11-24,22,0.866
10143,Beauty,214,InStore,2025-10-13,40,0.975
10047,Electronics,164,Pickup,2025-10-27,30,0.709
10051,Electronics,141,InStore,2025-12-08,23,0.795
10140,Apparel,228,Pickup,2025-10-13,31,0.917
10053,Beauty,185,Online,2025-10-27,28,0.635
10169,Beauty,132,InStore,2025-11-17,31,0.611
10045,Grocery,192,Online,2025-12-15,29,0.6
10001,Apparel,144,Online,2025-12-22,37,0.758
10065,Electronics,208,Pickup,2025-10-13,23,0.905
10100,Apparel,235,InStore,2025-12-22,34,0.553
10086,Apparel,257,Online,2025-11-10,32,0.964
10072,Home,178,Pickup,2025-12-08,22,0.706
10093,Home,152,Pickup,2025-11-10,39,0.554
10163,Home,223,InStore,2025-11-03,30,0.905
10166,Electronics,249,Pickup,2025-12-08,28,0.566
10103,Beauty,107,Online,2025-11-24,31,0.588
10113,Electronics,204,Online,2025-12-08,35,0.791
10093,Grocery,177,Online,2025-11-17,29,0.659
10170,Electronics,103,InStore,2025-12-22,28,0.836
10093,Beauty,134,Online,2025-12-22,31,0.526
10008,Electronics,218,Pickup,2025-11-03,30,0.888
10078,Apparel,214,Pickup,2025-12-08,30,0.865
10022,Grocery,132,Pickup,2025-10-13,39,0.838
10008,Beauty,181,Pickup,2025-11-24,37,0.624
10097,Home,253,Pickup,2025-11-03,32,0.543
10006,Apparel,102,InStore,2025-10-20,29,0.874
10015,Beauty,151,InStore,2025-10-27,26,0.837
10144,Beauty,206,Online,2025-11-17,33,0.625
10149,Apparel,116,Online,2025-10-06,43,0.765
10018,Home,123,Pickup,2025-12-22,50,0.896
10002,Beauty,141,Online,2025-11-03,37,0.664
10177,Apparel,161,InStore,2025-12-08,33,0.68
10178,Electronics,212,InStore,2025-11-03,36,0.668
10138,Home,138,InStore,2025-11-24,20,0.578
10021,Electronics,255,Pickup,2025-10-27,31,0.863
10171,Beauty,166,Online,2025-10-20,33,0.586
10142,Electronics,249,Pickup,2025-12-08,35,0.581
10060,Electronics,161,Pickup,2025-12-08,37,0.921
10048,Home,251,Pickup,2025-11-03,39,0.518
10091,Apparel,213,InStore,2025-12-01,41,0.857
10109,Apparel,192,Online,2025-12-22,24,0.562
10147,Beauty,136,Pickup,2025-12-15,33,0.674
10140,Home,106,InStore,2025-11-24,20,0.838
10122,Beauty,184,Pickup,2025-12-15,37,0.529
10127,Home,109,Online,2025-10-13,37,0.76
10114,Apparel,158,Online,2025-11-10,30,0.684
10176,Grocery,233,Online,2025-12-22,33,0.94
10135,Apparel,136,Pickup,2025-11-24,27,0.746
10044,Beauty,244,Online,2025-12-08,23,0.785
10126,Electronics,147,Online,2025-12-08,30,0.883
10088,Apparel,123,InStore,2025-11-10,27,0.765
10025,Grocery,194,Online,2025-11-03,33,0.531
10130,Grocery,239,InStore,2025-10-27,29,0.605
10081,Home,105,InStore,2025-11-17,34,0.57
10080,Home,207,Online,2025-10-13,26,0.612
10003,Electronics,125,InStore,2025-12-08,28,0.53
10154,Electronics,173,Online,2025-12-01,29,0.809
10115,Beauty,231,InStore,2025-11-24,28,0.706
10160,Beauty,222,Online,2025-11-17,25,0.651
10061,Beauty,142,Online,2025-12-15,24,0.927
10002,Home,242,Pickup,2025-10-06,33,0.679
10096,Electronics,161,InStore,2025-11-17,28,0.622
10097,Electronics,107,InStore,2025-10-13,33,0.704
10153,Grocery,105,InStore,2025-11-03,39,0.804
10005,Electronics,137,Online,2025-12-22,32,0.685
10173,Home,100,InStore,2025-12-15,44,0.894
10095,Grocery,222,InStore,2025-10-27,26,0.761
10016,Beauty,110,Pickup,2025-10-27,31,0.733
10047,Apparel,113,Pickup,2025-12-15,30,0.76
10093,Electronics,207,Pickup,2025-10-06,36,0.653
10147,Home,215,Online,2025-11-17,29,0.726
10088,Beauty,142,Pickup,2025-10-06,29,0.6
10083,Beauty,211,Online,2025-11-10,35,0.611
10073,Electronics,192,InStore,2025-12-08,30,0.713
10175,Electronics,148,Pickup,2025-10-27,21,0.889
10097,Beauty,216,Pickup,2025-10-13,26,0.785
10079,Electronics,102,InStore,2025-12-08,37,0.726
10161,Home,196,InStore,2025-10-13,24,0.94
10030,Beauty,112,InStore,2025-10-27,19,0.606
10039,Home,106,Pickup,2025-10-27,25,0.775
10082,Beauty,133,Pickup,2025-11-17,29,0.686
10092,Beauty,170,Pickup,2025-11-10,27,0.569
10020,Home,147,InStore,2025-10-06,22,0.858
10017,Grocery,203,Pickup,2025-12-15,34,0.873
10023,Beauty,215,Pickup,2025-10-20,34,0.536
10118,Electronics,242,Online,2025-10-13,25,0.691
10115,Grocery,136,Pickup,2025-11-24,32,0.545
10138,Electronics,154,InStore,2025-10-13,39,0.942
10086,Electronics,252,Online,2025-12-08,36,0.612
10171,Home,177,Pickup,2025-12-15,25,0.895
10011,Electronics,140,Online,2025-10-20,29,0.915
10029,Grocery,117,InStore,2025-12-22,29,0.936
10037,Apparel,119,Online,2025-11-03,28,0.666
10130,Home,189,InStore,2025-10-06,19,0.639
10135,Home,258,Online,2025-12-22,22,0.748
10056,Grocery,172,Pickup,2025-11-03,34,0.84
10121,Home,186,InStore,2025-11-10,35,0.703
10163,Beauty,253,Pickup,2025-10-20,26,0.804
10173,Beauty,148,Pickup,2025-11-10,29,0.762
10085,Apparel,136,Pickup,2025-10-20,34,0.583
10017,Electronics,195,Pickup,2025-10-13,33,0.673
10114,Grocery,224,InStore,2025-12-22,27,0.591
10133,Beauty,105,Pickup,2025-12-08,20,0.896
10179,Home,147,InStore,2025-11-10,27,0.573
10015,Home,228,InStore,2025-10-20,30,0.709
10035,Apparel,157,Online,2025-12-22,35,0.933
10104,Beauty,140,Online,2025-10-27,31,0.716
10065,Home,237,Online,2025-10-27,35,0.977
10149,Beauty,103,InStore,2025-12-22,34,0.736
10028,Electronics,158,Pickup,2025-12-08,23,0.904
10099,Home,211,InStore,2025-11-03,32,0.737
10060,Apparel,138,Online,2025-11-03,31,0.667
10016,Electronics,107,Online,2025-10-13,30,0.893
10024,Beauty,232,Pickup,2025-11-03,41,0.514
10059,Beauty,153,Online,2025-10-06,19,0.589
10160,Electronics,167,Pickup,2025-10-27,27,0.924
10080,Grocery,150,InStore,2025-10-20,32,0.957
10125,Grocery,250,InStore,2025-11-17,30,0.733
10131,Electronics,218,Online,2025-11-24,33,0.569
10052,Apparel,225,Pickup,2025-11-10,23,0.961
10056,Grocery,106,Pickup,2025-10-20,30,0.575
10103,Home,229,Pickup,2025-10-20,26,0.969
10060,Grocery,216,InStore,2025-11-24,17,0.728
10138,Apparel,250,Online,2025-11-17,26,0.819
10054,Home,175,Pickup,2025-10-20,25,0.677
10036,Home,252,Online,2025-10-20,32,0.693
10118,Grocery,249,Online,2025-12-01,32,0.809
10062,Electronics,214,InStore,2025-11-10,33,0.524
10057,Electronics,123,Pickup,2025-12-22,33,0.71
10064,Beauty,221,Online,2025-11-17,31,0.564
10173,Grocery,235,Online,2025-10-06,32,0.566
10088,Apparel,132,Pickup,2025-12-01,37,0.833
10022,Apparel,230,Pickup,2025-12-15,27,0.718
10078,Grocery,114,Pickup,2025-12-15,25,0.836
10085,Beauty,206,InStore,2025-11-10,40,0.956
10039,Apparel,236,Pickup,2025-11-03,30,0.681
10063,Grocery,156,InStore,2025-11-17,19,0.773
10012,Grocery,237,InStore,2025-12-15,32,0.769
10086,Apparel,183,InStore,2025-10-20,22,0.762
10038,Beauty,246,Online,2025-11-10,42,0.662
10033,Beauty,243,InStore,2025-10-06,25,0.755
10146,Grocery,174,Online,2025-12-15,29,0.854
10050,Grocery,238,Pickup,2025-12-22,36,0.723
10037,Grocery,202,Online,2025-12-15,26,0.625
10159,Beauty,108,InStore,2025-12-22,31,0.713
10086,Beauty,107,InStore,2025-12-15,23,0.649
10126,Electronics,242,InStore,2025-10-27,31,0.741
10150,Home,196,Online,2025-10-27,26,0.536
10063,Grocery,136,Pickup,2025-12-22,34,0.915
10018,Apparel,104,InStore,2025-11-17,29,0.523
10028,Electronics,176,InStore,2025-11-10,32,0.936
10168,Grocery,161,InStore,2025-10-20,29,0.519
10135,Home,247,Online,2025-11-24,29,0.672
10120,Beauty,185,Online,2025-11-17,30,0.885
10088,Home,144,InStore,2025-11-24,32,0.679
10101,Grocery,199,Pickup,2025-10-20,23,0.881
10105,Electronics,151,Online,2025-11-10,18,0.774
10064,Electronics,248,InStore,2025-12-01,32,0.532
10142,Grocery,144,Pickup,2025-12-22,35,0.808
10031,Apparel,161,InStore,2025-12-08,34,0.522
10068,Grocery,233,Pickup,2025-12-15,28,0.538
10079,Apparel,233,Pickup,2025-12-15,19,0.567
10121,Electronics,194,InStore,2025-12-08,27,0.598
10154,Grocery,228,Pickup,2025-11-03,39,0.765
10062,Apparel,238,Pickup,2025-12-15,22,0.651
10053,Apparel,232,Pickup,2025-12-15,29,0.916
10055,Apparel,130,Pickup,2025-12-15,33,0.845
10171,Electronics,146,InStore,2025-10-13,26,0.912
10081,Electronics,158,Online,2025-11-24,26,0.619
10031,Apparel,235,Online,2025-10-27,27,0.695
10062,Apparel,149,InStore,2025-11-24,32,0.553
10011,Beauty,185,Online,2025-10-27,31,0.543
10070,Grocery,219,InStore,2025-12-15,26,0.641
10068,Grocery,117,Pickup,2025-12-01,29,0.876
10177,Apparel,132,InStore,2025-12-22,26,0.751
10123,Grocery,226,Pickup,2025-11-10,28,0.702
10163,Apparel,166,InStore,2025-10-06,34,0.855
10139,Home,154,Pickup,2025-12-08,30,0.572
10033,Apparel,111,InStore,2025-12-22,43,0.926
10018,Electronics,198,Online,2025-11-17,29,0.704
10096,Electronics,149,Pickup,2025-10-06,24,0.759
10152,Electronics,195,Online,2025-12-15,34,0.536
10146,Grocery,117,Online,2025-10-13,32,0.811
10124,Electronics,219,Online,2025-10-20,33,0.934
10046,Electronics,116,InStore,2025-12-15,25,0.668
10113,Beauty,211,InStore,2025-12-08,32,0.807
10171,Home,137,Online,2025-11-03,36,0.888
10062,Home,120,Pickup,2025-10-06,31,0.954
10148,Beauty,174,Pickup,2025-10-13,35,0.853
10140,Beauty,148,Online,2025-11-03,34,0.598
10027,Apparel,101,Pickup,2025-11-10,30,0.613
10127,Apparel,149,InStore,2025-10-13,36,0.891
10158,Apparel,186,InStore,2025-10-06,30,0.935
10099,Apparel,152,Pickup,2025-11-03,40,0.692
10170,Beauty,105,Pickup,2025-12-15,38,0.94
10154,Apparel,138,InStore,2025-12-22,29,0.636
10061,Beauty,243,InStore,2025-10-13,35,0.543
10154,Home,223,Pickup,2025-12-15,26,0.592
10008,Electronics,183,InStore,2025-11-03,31,0.949
10089,Home,103,Pickup,2025-10-27,27,0.796
10123,Grocery,240,Online,2025-10-13,40,0.643
10009,Home,211,Online,2025-12-08,31,0.735
10154,Home,232,Pickup,2025-12-15,42,0.528
10005,Beauty,207,InStore,2025-11-10,32,0.772
10028,Electronics,143,Pickup,2025-12-15,30,0.765
10077,Electronics,117,InStore,2025-11-24,17,0.75
10008,Electronics,222,Pickup,2025-11-03,30,0.669
10093,Beauty,171,Pickup,2025-12-01,28,0.915
10087,Electronics,181,InStore,2025-11-10,16,0.515
10009,Electronics,143,InStore,2025-11-24,27,0.671
10011,Apparel,245,Pickup,2025-10-13,43,0.641
10028,Apparel,142,Online,2025-10-06,25,0.955
10151,Grocery,254,Online,2025-10-27,27,0.707
10167,Home,142,Online,2025-11-10,23,0.578
10059,Home,250,Pickup,2025-10-20,23,0.863
10006,Grocery,112,Pickup,2025-12-01,35,0.897
10049,Grocery,151,Pickup,2025-11-24,23,0.94
10049,Electronics,101,InStore,2025-12-01,42,0.794
10113,Beauty,163,Online,2025-12-15,34,0.738
10047,Home,235,InStore,2025-11-17,21,0.648
10077,Home,153,Pickup,2025-11-03,25,0.767
10114,Apparel,161,Online,2025-12-15,32,0.608
10118,Electronics,254,InStore,2025-11-10,34,0.784
10080,Grocery,164,InStore,2025-11-10,28,0.869
10130,Home,151,Pickup,2025-10-06,36,0.71
10034,Apparel,142,InStore,2025-10-20,27,0.577
10168,Beauty,149,InStore,2025-10-06,32,0.769
10132,Grocery,190,InStore,2025-11-24,26,0.709
10105,Electronics,217,Online,2025-11-03,30,0.837
10147,Apparel,155,Online,2025-10-27,39,0.89
10062,Home,253,Online,2025-11-24,25,0.723
10090,Electronics,111,Pickup,2025-10-20,28,0.82
10178,Electronics,164,Pickup,2025-12-22,31,0.828
10071,Electronics,206,InStore,2025-11-24,24,0.592
10108,Home,179,Online,2025-11-10,35,0.656
10168,Grocery,202,Online,2025-11-24,29,0.919
10022,Home,121,InStore,2025-10-27,29,0.652
10141,Grocery,254,Online,2025-10-06,35,0.833
10118,Apparel,218,Pickup,2025-11-03,31,0.82
10127,Grocery,116,InStore,2025-12-08,34,0.945
10023,Beauty,251,Pickup,2025-12-15,21,0.961
10065,Apparel,216,Pickup,2025-12-22,29,0.54
10123,Grocery,259,Pickup,2025-10-13,41,0.883
10101,Grocery,238,Pickup,2025-11-10,33,0.614
10014,Electronics,168,Online,2025-10-27,17,0.807
10111,Apparel,178,Online,2025-12-22,35,0.609
10026,Home,199,Online,2025-12-15,28,0.964
10108,Electronics,182,InStore,2025-10-27,26,0.914
10081,Apparel,153,Online,2025-11-24,32,0.703
10051,Beauty,233,Pickup,2025-10-20,25,0.693
10117,Beauty,204,Online,2025-12-15,33,0.678
10151,Apparel,160,InStore,2025-12-08,31,0.57
10165,Home,135,InStore,2025-10-06,31,0.573
10105,Electronics,171,InStore,2025-10-06,42,0.912
10012,Apparel,132,Pickup,2025-11-24,32,0.724
10014,Electronics,218,Pickup,2025-10-20,31,0.595
10173,Beauty,179,InStore,2025-11-03,34,0.544
10081,Home,142,Pickup,2025-11-17,39,0.885
10121,Beauty,153,InStore,2025-10-20,29,0.889
10158,Beauty,189,InStore,2025-11-17,32,0.903
10092,Electronics,106,Online,2025-11-24,19,0.764
10115,Grocery,210,InStore,2025-10-13,25,0.78
10152,Home,123,Pickup,2025-10-06,26,0.771
10057,Beauty,121,InStore,2025-10-27,24,0.925
10120,Apparel,135,Pickup,2025-10-20,37,0.864
10097,Electronics,202,Online,2025-10-13,42,0.67
10113,Apparel,209,InStore,2025-12-22,23,0.608
10015,Home,145,Online,2025-11-24,31,0.803
10029,Grocery,114,Online,2025-12-22,39,0.711
10022,Beauty,172,Pickup,2025-10-27,15,0.515
10127,Electronics,203,InStore,2025-10-06,29,0.514
10104,Beauty,116,InStore,2025-10-06,38,0.873
10118,Electronics,160,Pickup,2025-12-15,38,0.946
10127,Grocery,218,Online,2025-12-22,26,0.679
10060,Apparel,172,InStore,2025-12-15,34,0.786
10084,Home,153,InStore,2025-12-01,31,0.681
10151,Grocery,146,Online,2025-11-17,42,0.878
10116,Electronics,139,InStore,2025-12-15,22,0.861
10113,Beauty,116,Pickup,2025-11-17,35,0.58
10130,Beauty,109,Pickup,2025-10-20,22,0.699
10078,Grocery,238,InStore,2025-10-27,29,0.698
10167,Home,179,InStore,2025-11-17,30,0.778
10081,Beauty,222,InStore,2025-10-20,30,0.868
10056,Electronics,125,Online,2025-11-17,31,0.941
10041,Grocery,198,Online,2025-11-24,19,0.685
10166,Home,113,InStore,2025-10-27,23,0.937
10165,Grocery,233,Pickup,2025-11-24,26,0.543
10003,Apparel,143,Online,2025-11-24,22,0.582
10082,Home,146,InStore,2025-12-22,28,0.803
10044,Home,129,InStore,2025-12-01,27,0.675
10125,Apparel,111,Online,2025-10-20,32,0.958
10027,Apparel,119,InStore,2025-11-17,25,0.54
10022,Apparel,248,Online,2025-10-13,19,0.759
10087,Grocery,193,InStore,2025-11-17,24,0.804
10054,Grocery,149,InStore,2025-10-20,29,0.71
10143,Apparel,191,InStore,2025-10-20,26,0.974
10152,Home,163,Pickup,2025-10-13,19,0.753
10155,Apparel,123,Online,2025-10-13,27,0.758
10122,Grocery,188,Pickup,2025-11-17,25,0.829
10100,Home,114,Pickup,2025-12-22,30,0.632
10019,Beauty,172,InStore,2025-11-24,31,0.788
10012,Home,138,Pickup,2025-10-20,24,0.828
10109,Electronics,113,Pickup,2025-10-06,29,0.774
10178,Grocery,235,Pickup,2025-12-01,21,0.577
10136,Grocery,215,Pickup,2025-11-17,29,0.802
10128,Beauty,231,Online,2025-11-03,22,0.755
10126,Beauty,165,Pickup,2025-11-03,38,0.654
10111,Beauty,152,InStore,2025-12-15,31,0.722
10138,Home,172,Online,2025-11-10,21,0.654
10053,Home,105,InStore,2025-10-13,22,0.601
10018,Home,167,InStore,2025-12-22,34,0.635
10133,Grocery,150,Pickup,2025-12-08,32,0.918
10162,Home,208,Pickup,2025-11-17,28,0.952
10120,Beauty,168,Pickup,2025-11-24,22,0.653
10159,Grocery,104,InStore,2025-11-17,28,0.813
10085,Beauty,215,Online,2025-12-22,31,0.506
10164,Apparel,160,Online,2025-12-08,32,0.953
10112,Electronics,251,Online,2025-10-13,33,0.941
10002,Electronics,219,InStore,2025-12-15,34,0.834
10087,Electronics,116,InStore,2025-10-20,24,0.613
10129,Electronics,100,Pickup,2025-10-13,26,0.611
10050,Apparel,164,Pickup,2025-11-03,41,0.656
10096,Electronics,249,Online,2025-10-20,32,0.908
10149,Electronics,124,Online,2025-10-13,27,0.947
10115,Electronics,214,InStore,2025-12-22,31,0.947
10065,Electronics,248,InStore,2025-11-24,26,0.9
10120,Apparel,126,InStore,2025-11-03,35,0.699
10155,Grocery,182,Pickup,2025-11-03,33,0.805
10137,Home,135,Online,2025-10-13,37,0.767
10108,Home,167,Online,2025-10-20,29,0.624
10076,Electronics,107,InStore,2025-11-03,33,0.93
10024,Apparel,236,InStore,2025-10-13,27,0.776
10143,Apparel,121,Online,2025-11-24,24,0.917
10177,Apparel,118,InStore,2025-12-08,31,0.893
10179,Electronics,183,Pickup,2025-11-24,36,0.534
10006,Electronics,188,Online,2025-12-01,31,0.763
10078,Home,140,Online,2025-10-06,36,0.921
10086,Home,244,Pickup,2025-12-22,29,0.89
10000,Beauty,176,Pickup,2025-10-27,31,0.563
10077,Beauty,235,Pickup,2025-12-08,27,0.877
10094,Apparel,216,InStore,2025-11-10,36,0.807
10127,Apparel,130,Online,2025-11-03,27,0.739
10071,Beauty,114,Online,2025-10-20,22,0.795
10072,Grocery,143,Pickup,2025-12-01,26,0.641
10049,Apparel,105,InStore,2025-11-24,26,0.635
10063,Apparel,234,Pickup,2025-10-27,37,0.862
10137,Electronics,250,InStore,2025-10-06,30,0.572
10108,Beauty,109,Online,2025-10-06,25,0.67
10053,Grocery,177,Pickup,2025-11-24,30,0.586
10122,Grocery,233,Pickup,2025-11-10,34,0.546
10117,Electronics,218,InStore,2025-11-17,33,0.843
10168,Grocery,155,Pickup,2025-12-22,38,0.755
10137,Beauty,125,Pickup,2025-11-10,42,0.69
10124,Apparel,123,Pickup,2025-12-01,22,0.828
10136,Electronics,178,Online,2025-10-13,20,0.765
10167,Grocery,225,Online,2025-12-08,31,0.741
10038,Home,238,InStore,2025-12-22,29,0.747
10050,Beauty,177,InStore,2025-11-03,37,0.938
10113,Apparel,187,Pickup,2025-11-10,41,0.503
10095,Beauty,197,Online,2025-10-27,30,0.728
10068,Home,156,Pickup,2025-11-17,22,0.703
10011,Electronics,186,Online,2025-11-17,32,0.949
10145,Grocery,104,Online,2025-11-03,28,0.784
10011,Beauty,197,Online,2025-10-20,34,0.756
10025,Apparel,223,InStore,2025-12-08,33,0.702
10104,Electronics,164,Pickup,2025-12-15,32,0.937
10116,Grocery,211,Pickup,2025-12-15,42,0.852
10119,Electronics,257,Pickup,2025-10-13,27,0.594
10071,Apparel,101,Online,2025-11-03,18,0.784
10113,Beauty,211,InStore,2025-10-27,32,0.813
10055,Beauty,171,InStore,2025-10-06,35,0.939
10111,Electronics,196,Online,2025-12-15,34,0.556
10112,Grocery,254,Pickup,2025-10-27,33,0.512
10165,Beauty,137,Online,2025-11-03,24,0.81
10061,Grocery,238,InStore,2025-12-22,28,0.603
10098,Grocery,212,Online,2025-10-06,27,0.972
10023,Beauty,137,Online,2025-10-20,24,0.87
10057,Apparel,187,Online,2025-11-17,27,0.944
10047,Electronics,128,InStore,2025-10-06,35,0.752
10046,Apparel,228,InStore,2025-11-17,25,0.58
10000,Beauty,166,Pickup,2025-11-03,34,0.74
10101,Grocery,185,Online,2025-11-24,30,0.594
10146,Beauty,195,Pickup,2025-12-15,27,0.592
10072,Apparel,245,Online,2025-10-20,31,0.578
10092,Apparel,200,Online,2025-12-08,26,0.557
10096,Home,159,InStore,2025-12-22,40,0.93
10083,Grocery,188,Online,2025-12-08,25,0.716
10004,Home,165,Pickup,2025-11-24,32,0.836
10005,Electronics,110,InStore,2025-10-27,34,0.572
10079,Grocery,110,Online,2025-10-20,30,0.813
10167,Home,187,Online,2025-11-17,32,0.683
10031,Beauty,171,Pickup,2025-10-13,33,0.58
10104,Grocery,112,Pickup,2025-10-20,30,0.574
10088,Beauty,136,Online,2025-11-10,22,0.817
10074,Apparel,213,Pickup,2025-12-15,27,0.706
10140,Grocery,135,InStore,2025-12-22,29,0.78
10104,Apparel,146,Online,2025-12-01,30,0.68
10092,Apparel,108,InStore,2025-12-22,28,0.634
10077,Electronics,182,Online,2025-10-06,28,0.769
10134,Grocery,171,Online,2025-11-24,31,0.565
10025,Grocery,244,Online,2025-10-13,38,0.954
10020,Electronics,143,InStore,2025-12-15,40,0.553
10001,Apparel,135,InStore,2025-12-15,32,0.528
10031,Apparel,139,Online,2025-12-08,41,0.512
10168,Beauty,198,Online,2025-12-22,30,0.556
10116,Apparel,122,Online,2025-10-20,38,0.566
10123,Electronics,165,InStore,2025-12-15,27,0.741
10018,Electronics,194,InStore,2025-10-27,40,0.551
10071,Apparel,169,Pickup,2025-10-20,31,0.64
10009,Beauty,233,InStore,2025-11-17,26,0.857
10057,Apparel,257,InStore,2025-11-17,26,0.858
10000,Beauty,241,InStore,2025-10-20,26,0.554
10055,Beauty,215,InStore,2025-12-01,26,0.95
10135,Home,136,Pickup,2025-12-08,27,0.63
10136,Home,199,Pickup,2025-11-17,29,0.845
10016,Grocery,248,Online,2025-11-03,27,0.606
10048,Home,110,Pickup,2025-10-20,33,0.733
10110,Home,242,InStore,2025-12-22,38,0.566
10054,Apparel,176,InStore,2025-10-20,31,0.774
10066,Electronics,206,InStore,2025-10-20,40,0.687
10006,Electronics,104,Online,2025-10-06,31,0.73
10155,Electronics,230,Online,2025-10-20,25,0.588
10108,Grocery,241,InStore,2025-12-08,32,0.618
10016,Grocery,114,Online,2025-10-20,31,0.787
10118,Electronics,125,Pickup,2025-12-01,36,0.567
10071,Home,136,InStore,2025-11-17,45,0.692
10063,Beauty,173,InStore,2025-10-20,28,0.534
10009,Apparel,237,Online,2025-12-08,33,0.537
10147,Beauty,169,Pickup,2025-10-20,36,0.767
10023,Beauty,222,Online,2025-12-15,23,0.531
10075,Electronics,251,Pickup,2025-11-24,36,0.694
10092,Grocery,160,Online,2025-11-17,29,0.944
10146,Electronics,122,Online,2025-11-24,38,0.54
10012,Grocery,166,InStore,2025-12-01,23,0.658
10019,Apparel,208,InStore,2025-12-15,30,0.593
10123,Home,153,Online,2025-12-22,30,0.908
10005,Electronics,249,Online,2025-11-10,24,0.571
10089,Electronics,199,Online,2025-11-17,29,0.818
10085,Home,161,Pickup,2025-12-08,23,0.828
10037,Apparel,190,Online,2025-11-03,27,0.863
10170,Grocery,177,InStore,2025-10-06,21,0.701
10036,Beauty,136,Pickup,2025-12-08,35,0.62
10053,Electronics,129,Online,2025-10-20,23,0.88
10020,Apparel,112,InStore,2025-10-06,36,0.859
10030,Electronics,142,Online,2025-11-10,38,0.651
10012,Home,133,InStore,2025-12-22,27,0.901
10155,Electronics,243,InStore,2025-12-22,30,0.686
10057,Home,250,Pickup,2025-10-27,29,0.73
10112,Home,123,InStore,2025-10-20,28,0.768
10060,Electronics,194,Online,2025-10-06,28,0.894
10065,Grocery,225,Pickup,2025-11-17,34,0.787
10155,Home,160,Pickup,2025-10-13,26,0.596
10059,Grocery,156,InStore,2025-12-08,24,0.709
10048,Beauty,186,Online,2025-11-24,20,0.819
10034,Apparel,200,Pickup,2025-10-13,31,0.835
10071,Apparel,142,Pickup,2025-10-06,37,0.653
10020,Grocery,143,Online,2025-10-06,35,0.844
10055,Electronics,182,Online,2025-11-10,29,0.723
10138,Electronics,207,Online,2025-12-22,23,0.546
10139,Grocery,200,Pickup,2025-11-24,27,0.859
10063,Electronics,226,Online,2025-12-15,28,0.563
10053,Beauty,249,Online,2025-10-06,29,0.762
10000,Grocery,241,InStore,2025-10-06,33,0.906
10010,Electronics,114,Pickup,2025-11-17,36,0.548
10074,Apparel,207,InStore,2025-10-27,32,0.566
10060,Grocery,199,InStore,2025-12-08,30,0.95
10152,Beauty,102,Online,2025-12-08,26,0.934
10027,Grocery,228,InStore,2025-10-27,33,0.887
10095,Beauty,110,InStore,2025-10-06,33,0.743
10163,Beauty,226,InStore,2025-11-10,38,0.708
10097,Apparel,186,Online,2025-12-08,33,0.736
10061,Beauty,167,InStore,2025-10-20,30,0.876
10096,Grocery,180,Online,2025-12-22,29,0.701
10013,Beauty,193,InStore,2025-10-20,37,0.831
10066,Grocery,161,InStore,2025-12-22,31,0.88
10096,Home,243,Online,2025-10-27,34,0.706
10081,Apparel,252,Online,2025-10-13,26,0.533
10086,Apparel,157,Pickup,2025-11-10,37,0.603
10089,Apparel,122,InStore,2025-12-22,25,0.583
10133,Beauty,124,Pickup,2025-10-06,31,0.568
10111,Home,144,Pickup,2025-10-06,29,0.807
10097,Beauty,145,Pickup,2025-10-20,34,0.687
10143,Grocery,114,Pickup,2025-11-24,26,0.882
10150,Apparel,217,Pickup,2025-10-20,33,0.842
10039,Grocery,208,Online,2025-12-01,31,0.798
10165,Electronics,116,InStore,2025-10-20,22,0.708
10016,Beauty,159,Pickup,2025-11-24,27,0.659
10133,Apparel,117,Online,2025-10-20,32,0.671
10165,Beauty,219,InStore,2025-11-03,25,0.725
10145,Beauty,235,InStore,2025-11-24,23,0.629
10013,Apparel,200,InStore,2025-10-06,22,0.504
10014,Beauty,154,Pickup,2025-12-01,23,0.817
10007,Beauty,137,Pickup,2025-11-17,30,0.956
10155,Electronics,183,InStore,2025-12-01,34,0.667
10111,Electronics,193,InStore,2025-10-06,31,0.9
10025,Beauty,119,Online,2025-10-13,28,0.587
10115,Electronics,185,InStore,2025-12-15,32,0.812
10112,Electronics,146,Online,2025-10-20,22,0.64
10013,Grocery,124,InStore,2025-10-13,30,0.76
10156,Home,131,Online,2025-12-22,29,0.641
10102,Grocery,238,Pickup,2025-12-01,28,0.968
10043,Grocery,179,InStore,2025-11-10,36,0.57
10050,Home,182,InStore,2025-11-03,29,0.897
10117,Apparel,193,Online,2025-11-10,24,0.763
10081,Grocery,108,InStore,2025-11-24,27,0.747
10019,Electronics,188,Online,2025-10-06,25,0.939
10170,Electronics,191,InStore,2025-12-22,24,0.847
10146,Electronics,230,InStore,2025-10-20,30,0.916
10117,Grocery,156,Online,2025-12-15,34,0.878
10168,Home,108,InStore,2025-12-15,28,0.98
10154,Apparel,115,InStore,2025-12-22,33,0.534
10155,Electronics,113,Online,2025-11-17,19,0.98
10079,Beauty,250,Online,2025-11-24,34,0.606
10106,Beauty,160,Online,2025-10-20,35,0.631
10093,Beauty,218,Pickup,2025-11-17,27,0.606
10046,Home,148,Pickup,2025-10-20,16,0.725
10095,Home,233,InStore,2025-12-08,30,0.683
10096,Beauty,171,InStore,2025-10-27,27,0.692
10162,Beauty,130,Online,2025-12-01,24,0.86
10102,Electronics,124,InStore,2025-11-03,31,0.793
10171,Home,118,Pickup,2025-10-13,50,0.609
10126,Beauty,242,Pickup,2025-11-03,14,0.729
10067,Beauty,214,Online,2025-10-27,34,0.907
10058,Apparel,119,InStore,2025-12-15,31,0.901
10001,Apparel,229,Pickup,2025-11-17,24,0.755
10149,Apparel,107,InStore,2025-10-13,33,0.648
10140,Electronics,134,InStore,2025-10-27,35,0.98
10048,Electronics,246,Online,2025-12-08,30,0.55
10097,Grocery,165,Pickup,2025-11-10,37,0.509
10051,Electronics,180,Online,2025-11-24,37,0.779
10121,Grocery,183,InStore,2025-11-03,25,0.702
10166,Electronics,170,Online,2025-12-08,36,0.79
10027,Home,210,Online,2025-11-17,24,0.526
10119,Home,249,Online,2025-11-03,38,0.5
10172,Grocery,127,Online,2025-12-15,28,0.534
10002,Home,214,Pickup,2025-11-10,43,0.763
10158,Grocery,175,Online,2025-10-27,24,0.676
10141,Apparel,107,InStore,2025-11-10,36,0.944
10128,Apparel,130,InStore,2025-10-20,25,0.533
10003,Apparel,106,Online,2025-10-27,32,0.871
10034,Electronics,229,InStore,2025-10-20,30,0.875
10032,Home,149,Pickup,2025-12-08,21,0.595
10031,Apparel,252,Pickup,2025-12-22,30,0.502
10137,Home,143,Online,2025-12-08,40,0.894
10073,Electronics,110,Pickup,2025-10-13,33,0.75
10126,Beauty,205,Pickup,2025-12-15,25,0.966
10112,Grocery,171,Pickup,2025-10-06,32,0.952
10169,Grocery,115,Online,2025-12-08,33,0.937
10109,Apparel,213,Online,2025-11-03,30,0.751
10161,Apparel,158,Pickup,2025-10-13,20,0.859
10174,Beauty,171,InStore,2025-10-13,31,0.545
10085,Electronics,217,Online,2025-11-03,20,0.69
10082,Home,254,Pickup,2025-12-01,37,0.836
10151,Grocery,152,Pickup,2025-10-13,23,0.575
10010,Home,216,InStore,2025-12-22,23,0.748
10129,Grocery,206,InStore,2025-10-27,29,0.922
10090,Electronics,247,Pickup,2025-10-13,28,0.969
10112,Grocery,200,Online,2025-12-08,26,0.511
10134,Apparel,159,Pickup,2025-11-24,29,0.799
10048,Electronics,249,InStore,2025-12-22,34,0.934
10097,Beauty,166,InStore,2025-10-06,26,0.939
10034,Grocery,146,Online,2025-12-08,35,0.505
10120,Apparel,170,Pickup,2025-10-06,31,0.692
10070,Beauty,138,Pickup,2025-11-24,25,0.524
10009,Electronics,201,Pickup,2025-10-27,32,0.588
10007,Grocery,111,Online,2025-10-06,31,0.68
10073,Home,126,InStore,2025-11-17,34,0.944
10009,Electronics,136,Online,2025-10-20,30,0.95
10054,Home,123,Online,2025-11-17,27,0.501
10042,Beauty,239,InStore,2025-11-17,28,0.722
10088,Beauty,203,Online,2025-10-20,29,0.938
10013,Apparel,117,Online,2025-10-20,33,0.868
10176,Home,148,Online,2025-10-13,49,0.64
10172,Grocery,152,Pickup,2025-11-10,25,0.721
10151,Electronics,186,Pickup,2025-11-03,28,0.973
10024,Beauty,131,Pickup,2025-12-15,36,0.721
10019,Electronics,170,Pickup,2025-11-24,25,0.658
10149,Home,121,Pickup,2025-10-20,28,0.959
10052,Home,231,Pickup,2025-12-08,33,0.819
10031,Electronics,216,InStore,2025-10-27,30,0.723
10090,Home,230,Online,2025-10-20,27,0.715
10047,Apparel,219,Pickup,2025-12-08,33,0.708
10179,Home,168,Pickup,2025-11-03,35,0.866
10174,Electronics,185,InStore,2025-10-20,30,0.953
10013,Electronics,248,Pickup,2025-10-27,29,0.877
10060,Home,247,Online,2025-10-20,26,0.756
10065,Electronics,135,Pickup,2025-10-13,29,0.943
10136,Grocery,174,Pickup,2025-11-24,35,0.527
10108,Electronics,163,InStore,2025-11-10,29,0.958
10036,Home,244,InStore,2025-11-17,37,0.622
10069,Electronics,158,Online,2025-10-13,29,0.672
10050,Apparel,102,InStore,2025-12-15,33,0.942
10045,Electronics,147,Online,2025-10-13,36,0.71
10101,Beauty,100,Pickup,2025-10-20,26,0.978
10131,Apparel,159,Online,2025-10-06,21,0.975
10075,Grocery,141,Online,2025-10-20,26,0.627
10094,Apparel,163,Online,2025-10-13,31,0.747
10058,Beauty,202,Pickup,2025-11-17,38,0.673
10019,Grocery,204,InStore,2025-10-20,27,0.555
10128,Beauty,103,Online,2025-12-22,19,0.923
10019,Home,133,InStore,2025-10-13,24,0.766
10137,Apparel,160,Online,2025-12-15,47,0.716
10115,Home,218,InStore,2025-10-20,27,0.771
10139,Apparel,191,Online,2025-11-17,27,0.968
10046,Beauty,235,Pickup,2025-11-17,27,0.509
10155,Electronics,189,InStore,2025-10-13,34,0.826
10132,Apparel,143,Online,2025-10-06,30,0.883
10053,Electronics,144,Online,2025-11-03,29,0.729
10061,Electronics,163,InStore,2025-10-06,31,0.917
10088,Grocery,185,InStore,2025-11-17,31,0.726
10020,Home,104,Pickup,2025-10-06,22,0.688
10086,Apparel,176,Pickup,2025-11-17,27,0.754
10078,Apparel,125,Online,2025-11-17,38,0.862
10086,Apparel,207,InStore,2025-12-15,33,0.801
10085,Home,199,Pickup,2025-11-03,32,0.656
10061,Electronics,110,Online,2025-10-13,37,0.944
10083,Grocery,188,Online,2025-12-15,33,0.53
10103,Electronics,241,InStore,2025-10-13,27,0.599
10044,Home,181,Online,2025-10-27,27,0.808
10075,Electronics,207,InStore,2025-12-01,26,0.533
10008,Apparel,258,InStore,2025-12-22,24,0.966
10022,Apparel,186,Pickup,2025-12-15,20,0.592
10176,Beauty,161,Online,2025-11-10,27,0.59
10086,Apparel,254,InStore,2025-10-20,35,0.551
10017,Beauty,112,InStore,2025-10-13,25,0.679
10084,Grocery,227,Pickup,2025-11-10,29,0.761
10060,Electronics,165,Pickup,2025-12-01,33,0.619
10056,Home,171,InStore,2025-11-03,32,0.698
10036,Beauty,201,Pickup,2025-11-03,20,0.908
10091,Electronics,123,Pickup,2025-12-15,27,0.645
10041,Beauty,203,Pickup,2025-11-10,35,0.783
10037,Apparel,222,Online,2025-10-13,28,0.714
10014,Beauty,193,InStore,2025-10-20,24,0.647
10159,Apparel,171,Online,2025-10-13,25,0.698
10103,Beauty,117,InStore,2025-10-27,36,0.971
10026,Electronics,200,InStore,2025-12-08,35,0.779
10044,Beauty,111,Pickup,2025-12-22,33,0.845
10020,Grocery,107,InStore,2025-10-20,26,0.876
10057,Beauty,112,Online,2025-11-17,21,0.589
10162,Home,191,Online,2025-10-06,39,0.927
10019,Beauty,206,Online,2025-12-01,30,0.854
10032,Apparel,209,InStore,2025-12-08,25,0.502
10027,Home,116,Pickup,2025-12-15,30,0.896
10078,Beauty,211,Pickup,2025-11-10,21,0.735
10082,Home,241,InStore,2025-11-03,28,0.873
10132,Grocery,233,Pickup,2025-12-01,29,0.868
10081,Electronics,219,InStore,2025-10-20,26,0.785
10055,Beauty,219,InStore,2025-10-13,40,0.922
10154,Electronics,254,InStore,2025-11-10,30,0.82
10105,Grocery,248,Online,2025-11-03,33,0.9
10177,Home,196,Online,2025-10-06,29,0.871
10164,Home,153,Pickup,2025-12-15,24,0.961
10065,Apparel,156,Online,2025-10-20,34,0.941
10059,Apparel,133,InStore,2025-12-15,36,0.657
10114,Grocery,181,InStore,2025-11-17,37,0.672
10157,Electronics,207,InStore,2025-10-06,27,0.731
10156,Grocery,202,Pickup,2025-12-01,35,0.674
10134,Grocery,204,Online,2025-11-03,26,0.619
10123,Beauty,242,InStore,2025-11-10,36,0.567
10086,Electronics,200,InStore,2025-12-15,28,0.518
10144,Grocery,228,Online,2025-11-24,31,0.842
10177,Electronics,131,Pickup,2025-11-24,34,0.5
10130,Grocery,141,InStore,2025-10-13,19,0.859
10052,Beauty,185,Pickup,2025-12-22,27,0.962
10064,Grocery,148,InStore,2025-12-15,23,0.52
10123,Electronics,124,InStore,2025-12-01,23,0.958
10105,Home,252,InStore,2025-12-15,19,0.734
10109,Grocery,250,InStore,2025-10-27,24,0.817
10172,Electronics,249,InStore,2025-11-17,29,0.524
10166,Home,159,Online,2025-10-20,18,0.67
10067,Grocery,241,Online,2025-11-24,36,0.64
10068,Grocery,233,InStore,2025-10-06,21,0.79
10090,Grocery,214,InStore,2025-10-27,35,0.876
10001,Grocery,237,InStore,2025-10-13,38,0.837
10071,Beauty,183,Pickup,2025-10-27,35,0.599
10026,Home,174,InStore,2025-10-06,35,0.681
10146,Home,167,Online,2025-11-03,32,0.579
10106,Home,174,Online,2025-11-10,33,0.657
10077,Grocery,132,InStore,2025-10-06,34,0.6
10138,Apparel,152,Pickup,2025-12-01,31,0.66
10017,Home,103,Online,2025-12-15,26,0.958
10065,Apparel,214,InStore,2025-10-06,24,0.736
10020,Electronics,113,InStore,2025-10-06,29,0.514
10113,Home,132,Online,2025-12-15,31,0.567
10021,Beauty,239,Online,2025-12-15,41,0.535
10131,Beauty,210,Pickup,2025-11-03,25,0.922
10116,Apparel,181,Online,2025-11-03,30,0.541
10147,Beauty,257,InStore,2025-10-06,20,0.5
10036,Apparel,152,InStore,2025-12-08,27,0.664
10054,Apparel,127,Online,2025-10-20,25,0.921
10084,Home,175,Online,2025-11-24,28,0.823
10062,Beauty,199,Pickup,2025-10-13,30,0.916
10058,Home,206,InStore,2025-10-13,27,0.678
10153,Electronics,188,InStore,2025-12-15,27,0.977
10034,Home,158,Pickup,2025-12-01,23,0.608
10012,Home,149,Pickup,2025-10-06,37,0.725
10115,Grocery,198,Online,2025-11-24,21,0.51
10086,Apparel,119,InStore,2025-10-06,39,0.555
10054,Electronics,137,Pickup,2025-10-20,27,0.603
10045,Home,178,Pickup,2025-10-20,39,0.536
10090,Apparel,138,InStore,2025-12-01,31,0.689
10113,Electronics,201,InStore,2025-12-01,36,0.607
10022,Beauty,247,Online,2025-11-17,25,0.917
10051,Grocery,225,Pickup,2025-12-15,29,0.862
10155,Beauty,144,Pickup,2025-11-17,26,0.627
10086,Home,107,Online,2025-11-03,21,0.597
10162,Home,107,Online,2025-11-03,20,0.541
10000,Beauty,153,Online,2025-11-10,25,0.88
10111,Beauty,147,Online,2025-12-15,28,0.84
10128,Beauty,191,Pickup,2025-12-22,34,0.839
10131,Grocery,253,Online,2025-10-06,22,0.973
10032,Beauty,230,Online,2025-10-20,24,0.667
10041,Home,131,InStore,2025-11-10,27,0.911
10138,Beauty,130,Pickup,2025-11-17,37,0.504
10141,Home,245,Online,2025-10-06,26,0.56
10039,Apparel,112,Pickup,2025-12-08,33,0.969
10134,Home,111,InStore,2025-12-01,30,0.763
10146,Grocery,156,Online,2025-10-27,32,0.79
10050,Grocery,240,Online,2025-10-06,36,0.937
10112,Home,182,Pickup,2025-12-15,23,0.563
10015,Home,151,Pickup,2025-10-20,35,0.647
10019,Home,192,InStore,2025-11-03,38,0.812
10127,Apparel,114,Pickup,2025-12-15,37,0.831
10055,Apparel,165,Pickup,2025-12-15,34,0.687
10086,Electronics,207,Pickup,2025-12-08,25,0.76
10016,Home,190,Online,2025-11-10,28,0.649
10031,Beauty,115,Online,2025-12-01,39,0.93
10164,Electronics,124,InStore,2025-10-06,27,0.531
10115,Electronics,143,InStore,2025-10-27,29,0.532
10098,Apparel,148,Pickup,2025-12-08,40,0.669
10148,Apparel,118,InStore,2025-12-08,26,0.722
10053,Apparel,153,Online,2025-11-17,28,0.82
10139,Apparel,103,InStore,2025-11-24,34,0.657
10163,Apparel,132,Pickup,2025-12-15,36,0.875
10179,Electronics,234,Pickup,2025-12-15,28,0.827
10070,Electronics,259,Online,2025-11-10,31,0.945
10077,Home,244,Online,2025-11-17,32,0.955
10027,Electronics,157,Pickup,2025-11-03,25,0.908
10051,Grocery,113,Online,2025-11-10,27,0.658
10002,Home,199,InStore,2025-10-06,29,0.834
10169,Grocery,257,Online,2025-11-17,33,0.846
10000,Beauty,121,InStore,2025-12-22,28,0.631
10032,Home,248,InStore,2025-12-22,26,0.586
10084,Grocery,124,InStore,2025-10-06,25,0.968
10103,Apparel,127,Pickup,2025-10-20,26,0.788
10146,Beauty,119,InStore,2025-10-13,28,0.785
10025,Home,170,Pickup,2025-11-17,31,0.644
10154,Home,179,InStore,2025-12-08,41,0.669
10151,Grocery,126,Online,2025-10-06,26,0.547
10143,Electronics,122,InStore,2025-12-08,31,0.855
10046,Home,184,Pickup,2025-11-24,28,0.887
10134,Apparel,227,Pickup,2025-11-24,33,0.751
10099,Beauty,249,Online,2025-12-01,39,0.831
10073,Beauty,239,InStore,2025-12-08,26,0.644
10094,Home,233,Pickup,2025-11-03,38,0.736
10016,Apparel,174,Pickup,2025-12-22,27,0.804
10052,Home,228,Pickup,2025-12-01,32,0.608
10174,Apparel,257,Pickup,2025-12-08,33,0.866
10096,Apparel,211,InStore,2025-12-15,26,0.855
10150,Electronics,228,Online,2025-10-20,27,0.594
10008,Electronics,174,Pickup,2025-12-01,34,0.748
10177,Grocery,121,Pickup,2025-11-10,29,0.719
10109,Home,166,Pickup,2025-11-17,27,0.686
10006,Grocery,169,Pickup,2025-12-08,31,0.558
10047,Home,148,Pickup,2025-10-27,35,0.918
10168,Apparel,116,Pickup,2025-11-17,40,0.899
10100,Home,114,InStore,2025-10-27,23,0.601
10063,Grocery,179,InStore,2025-11-17,29,0.816
10156,Home,174,Pickup,2025-12-08,34,0.818
10094,Beauty,206,InStore,2025-12-01,28,0.672
10055,Home,155,InStore,2025-11-03,25,0.671
10103,Beauty,209,Online,2025-11-17,22,0.763
10071,Electronics,129,Pickup,2025-10-20,29,0.596
10111,Apparel,179,InStore,2025-11-24,40,0.636
10043,Grocery,217,InStore,2025-10-27,28,0.943
10115,Beauty,123,Online,2025-12-01,32,0.923
10032,Apparel,137,Pickup,2025-12-08,37,0.508
10017,Grocery,149,Online,2025-12-01,34,0.93
10000,Home,234,InStore,2025-10-06,35,0.784
10019,Grocery,220,InStore,2025-11-24,39,0.907
10105,Beauty,176,InStore,2025-12-01,37,0.753
10150,Apparel,116,InStore,2025-12-22,32,0.977
10179,Beauty,137,Pickup,2025-10-20,27,0.682
10113,Electronics,101,Pickup,2025-10-20,28,0.73
10064,Beauty,184,Online,2025-10-06,25,0.926
10112,Apparel,212,Pickup,2025-11-10,35,0.572
10060,Electronics,124,Online,2025-10-06,30,0.521
10111,Grocery,100,Pickup,2025-12-15,42,0.598
10139,Electronics,247,Pickup,2025-12-01,25,0.833
10133,Electronics,196,Online,2025-11-03,33,0.509
10052,Electronics,241,InStore,2025-11-10,33,0.575
10116,Grocery,231,InStore,2025-10-13,18,0.561
10101,Home,224,Pickup,2025-10-13,24,0.849
10065,Apparel,227,InStore,2025-12-15,35,0.795
10031,Beauty,117,InStore,2025-11-17,28,0.831
10134,Electronics,191,Pickup,2025-11-24,23,0.557
10155,Home,112,Pickup,2025-10-06,24,0.585
10140,Apparel,211,Pickup,2025-11-03,22,0.745
10116,Grocery,144,Online,2025-11-10,30,0.719
10170,Electronics,188,Pickup,2025-11-24,21,0.925
10033,Home,105,Online,2025-10-06,38,0.94
10038,Electronics,135,Online,2025-12-22,34,0.872
10058,Beauty,155,Online,2025-11-03,40,0.885
10098,Grocery,205,Online,2025-11-24,30,0.539
10146,Grocery,103,Pickup,2025-10-06,27,0.883
10162,Electronics,133,Online,2025-12-01,36,0.772
10078,Beauty,199,Pickup,2025-12-01,18,0.683
10120,Grocery,123,Pickup,2025-10-13,26,0.591
10014,Grocery,168,Pickup,2025-11-17,32,0.861
10106,Electronics,155,InStore,2025-12-15,23,0.923
10031,Apparel,143,Online,2025-12-08,21,0.581
10130,Beauty,226,Pickup,2025-11-10,23,0.82
10172,Grocery,227,Online,2025-10-06,39,0.889
10105,Beauty,246,Pickup,2025-10-20,27,0.637
10108,Beauty,220,Pickup,2025-12-15,36,0.833
10066,Apparel,158,InStore,2025-12-22,28,0.758
10044,Grocery,120,Pickup,2025-10-20,21,0.587
10106,Beauty,205,InStore,2025-10-06,24,0.754
10020,Electronics,123,Online,2025-10-27,28,0.552
10022,Apparel,201,InStore,2025-12-15,25,0.51
10033,Electronics,116,Online,2025-10-20,31,0.586
10053,Home,222,Pickup,2025-12-01,27,0.69
10094,Apparel,156,Pickup,2025-10-27,26,0.701
10080,Beauty,128,InStore,2025-12-01,29,0.63
10179,Electronics,194,InStore,2025-12-22,43,0.747
10077,Beauty,107,Online,2025-11-03,24,0.651
10070,Beauty,206,Online,2025-12-15,37,0.936
10083,Apparel,245,Online,2025-10-27,27,0.632
10047,Electronics,168,Pickup,2025-12-15,28,0.951
10147,Beauty,142,Pickup,2025-10-06,30,0.811
10088,Home,201,Pickup,2025-10-13,26,0.797
10170,Apparel,162,Online,2025-10-27,30,0.937
10175,Home,110,InStore,2025-12-08,39,0.644
10078,Apparel,140,InStore,2025-12-22,32,0.792
10168,Apparel,167,InStore,2025-10-13,33,0.831
10054,Apparel,149,Pickup,2025-11-03,33,0.877
10082,Apparel,220,Online,2025-11-10,26,0.585
10127,Electronics,120,Online,2025-11-03,44,0.53
10114,Apparel,178,InStore,2025-11-03,37,0.932
10046,Beauty,120,Online,2025-10-27,32,0.544
10003,Apparel,161,InStore,2025-10-13,37,0.71
10034,Home,140,Online,2025-12-22,32,0.619
10020,Electronics,149,InStore,2025-12-08,17,0.532
10109,Apparel,200,InStore,2025-11-03,32,0.527
10016,Beauty,234,Online,2025-10-13,36,0.676
10106,Grocery,190,InStore,2025-10-20,35,0.837
10022,Apparel,238,InStore,2025-12-22,38,0.704
10068,Home,161,Online,2025-12-01,25,0.55
10017,Beauty,225,Pickup,2025-10-06,24,0.62
10113,Grocery,218,Online,2025-11-10,38,0.952
10155,Electronics,159,InStore,2025-11-10,27,0.623
10159,Apparel,239,Online,2025-10-13,29,0.658
10079,Home,180,InStore,2025-11-17,35,0.869
10050,Electronics,145,Online,2025-12-01,25,0.53
10168,Electronics,135,Pickup,2025-12-08,27,0.508
10019,Beauty,226,InStore,2025-12-22,37,0.737
10137,Electronics,181,Pickup,2025-10-06,26,0.976
10034,Home,169,Pickup,2025-10-20,35,0.537
10030,Grocery,161,InStore,2025-11-10,25,0.92
10157,Electronics,127,Online,2025-12-08,37,0.974
10171,Grocery,156,InStore,2025-12-08,31,0.963
10092,Home,232,InStore,2025-12-15,30,0.827
10099,Electronics,151,InStore,2025-12-08,32,0.56
10035,Grocery,226,InStore,2025-11-17,35,0.955
10133,Beauty,134,InStore,2025-11-03,25,0.886
10092,Grocery,143,InStore,2025-10-06,38,0.713
10045,Home,113,InStore,2025-10-27,25,0.77
10177,Electronics,239,InStore,2025-12-15,33,0.694
10022,Electronics,216,Online,2025-12-22,21,0.723
10066,Beauty,229,Online,2025-11-24,26,0.672
10080,Grocery,159,InStore,2025-11-03,30,0.732
10174,Apparel,183,Online,2025-12-01,30,0.745
10115,Electronics,142,InStore,2025-10-06,25,0.552
10085,Beauty,114,Online,2025-11-03,27,0.75
10166,Electronics,157,Online,2025-10-27,31,0.763
10044,Apparel,254,Online,2025-10-20,27,0.585
10100,Grocery,125,InStore,2025-12-01,30,0.925
10086,Electronics,122,Online,2025-11-03,20,0.895
10021,Beauty,221,Online,2025-10-27,32,0.858
10082,Beauty,109,Pickup,2025-12-08,26,0.819
10043,Apparel,240,Pickup,2025-10-20,29,0.583
10039,Home,174,Online,2025-12-22,38,0.625
10105,Apparel,167,Pickup,2025-10-27,35,0.829
10114,Beauty,129,Online,2025-12-08,30,0.659
10077,Beauty,241,Pickup,2025-10-20,33,0.837
10133,Home,141,InStore,2025-11-03,27,0.555
10097,Grocery,189,Online,2025-11-10,27,0.546
10017,Apparel,135,InStore,2025-11-17,37,0.501
10014,Electronics,154,Pickup,2025-11-03,34,0.962
10074,Home,204,Online,2025-11-10,29,0.975
10114,Electronics,216,Pickup,2025-10-20,31,0.613
10039,Apparel,166,Online,2025-11-17,37,0.957
10075,Home,191,Pickup,2025-10-13,31,0.954
10035,Home,194,Online,2025-11-03,33,0.576
10136,Apparel,255,Online,2025-10-13,28,0.862
10109,Beauty,259,Online,2025-12-01,18,0.714
10075,Electronics,137,Online,2025-12-08,28,0.708
10061,Beauty,137,Pickup,2025-12-15,27,0.763
10019,Grocery,209,InStore,2025-11-24,29,0.938
10150,Grocery,144,Online,2025-10-20,29,0.65
10016,Grocery,177,Pickup,2025-12-15,26,0.905
10033,Grocery,239,Online,2025-12-15,38,0.654
10152,Home,235,Online,2025-11-24,35,0.728
10117,Apparel,244,Online,2025-12-15,38,0.58
10143,Home,170,Online,2025-10-13,23,0.715
10135,Electronics,129,InStore,2025-11-24,33,0.967
10058,Home,240,Online,2025-10-13,30,0.673
10035,Electronics,236,InStore,2025-11-24,29,0.844
10117,Beauty,221,Pickup,2025-10-06,20,0.715
10164,Apparel,234,InStore,2025-11-10,27,0.535
10158,Home,235,Pickup,2025-12-22,18,0.762
10093,Home,136,Online,2025-10-13,30,0.742
10147,Beauty,233,Pickup,2025-12-15,27,0.957
10013,Home,101,InStore,2025-11-03,32,0.612
10099,Grocery,216,Online,2025-11-03,25,0.627
10051,Home,166,Online,2025-12-15,39,0.611
10003,Electronics,132,Online,2025-10-13,35,0.742
10075,Beauty,163,Online,2025-11-03,27,0.808
10168,Beauty,138,InStore,2025-11-17,23,0.538
10120,Electronics,226,Pickup,2025-10-06,37,0.793
10020,Home,161,Pickup,2025-12-01,39,0.851
10125,Electronics,225,Pickup,2025-11-17,31,0.691
10173,Grocery,185,Online,2025-11-17,29,0.757
10011,Grocery,114,Pickup,2025-12-15,25,0.747
10074,Grocery,193,Pickup,2025-10-27,28,0.917
10068,Home,127,InStore,2025-12-15,28,0.78
10035,Grocery,123,Online,2025-11-17,38,0.522
10102,Electronics,216,Pickup,2025-11-17,21,0.635
10038,Electronics,232,Pickup,2025-12-15,29,0.976
10004,Apparel,157,Pickup,2025-12-15,39,0.587
10142,Home,146,InStore,2025-11-10,33,0.972
10017,Electronics,102,Pickup,2025-11-24,30,0.775
10052,Electronics,134,Pickup,2025-12-08,30,0.677
10079,Electronics,236,Online,2025-10-27,28,0.623
10062,Grocery,258,Pickup,2025-11-10,23,0.72
10157,Home,218,InStore,2025-12-01,25,0.689
10144,Electronics,210,Pickup,2025-11-17,26,0.664
10064,Electronics,188,InStore,2025-12-22,34,0.701
10018,Electronics,244,Online,2025-11-03,23,0.744
10126,Electronics,118,InStore,2025-11-10,25,0.713
10016,Grocery,161,Online,2025-10-27,27,0.791
10092,Grocery,211,Online,2025-12-01,19,0.644
10110,Home,230,Online,2025-11-17,29,0.783
10006,Electronics,214,Pickup,2025-10-13,29,0.969
10059,Beauty,231,InStore,2025-12-22,25,0.627
10098,Apparel,108,Pickup,2025-12-15,23,0.859
10005,Electronics,146,Online,2025-11-24,34,0.94
10089,Grocery,164,InStore,2025-11-17,31,0.53
10094,Home,215,Pickup,2025-10-06,25,0.554
10068,Apparel,218,InStore,2025-12-22,28,0.91
10033,Home,219,Pickup,2025-10-20,38,0.802
10078,Home,251,Pickup,2025-10-06,25,0.6
10141,Electronics,110,Online,2025-12-08,26,0.964
10162,Apparel,202,InStore,2025-11-10,24,0.551
10034,Apparel,197,InStore,2025-10-27,29,0.565
10096,Grocery,225,Pickup,2025-12-08,31,0.701
10167,Grocery,243,Pickup,2025-11-24,20,0.746
10001,Grocery,190,InStore,2025-10-27,34,0.575
10006,Electronics,165,Pickup,2025-12-01,33,0.84
10016,Grocery,194,Pickup,2025-12-01,29,0.841
10004,Grocery,160,InStore,2025-11-03,37,0.6
10108,Apparel,216,InStore,2025-12-08,31,0.765
10102,Home,223,Pickup,2025-11-24,31,0.785
10012,Beauty,211,Pickup,2025-10-27,31,0.719
10176,Apparel,241,InStore,2025-12-08,33,0.57
10137,Apparel,208,Pickup,2025-11-03,29,0.591
10150,Electronics,157,Online,2025-10-13,31,0.769
10046,Beauty,218,Online,2025-11-03,33,0.795
10128,Apparel,158,Online,2025-11-17,20,0.856
10097,Grocery,216,Online,2025-10-06,31,0.708
10068,Electronics,198,InStore,2025-11-03,17,0.93
10067,Beauty,198,InStore,2025-11-17,27,0.793
10088,Beauty,197,Online,2025-11-10,31,0.567
10025,Electronics,203,Pickup,2025-11-24,38,0.681
10005,Electronics,127,InStore,2025-11-10,29,0.758
10123,Beauty,213,Online,2025-10-20,32,0.53
10129,Electronics,169,InStore,2025-12-22,33,0.79
10142,Electronics,217,Pickup,2025-11-24,36,0.748
10053,Apparel,244,Online,2025-11-10,31,0.804
10125,Grocery,230,InStore,2025-11-17,36,0.756
10006,Apparel,174,Online,2025-11-24,30,0.633
10064,Apparel,200,Online,2025-10-06,31,0.573
10163,Grocery,116,Pickup,2025-10-13,15,0.519
10009,Beauty,196,Pickup,2025-12-01,32,0.962
10019,Beauty,246,Pickup,2025-10-27,32,0.783
10005,Home,229,Online,2025-12-01,35,0.506
10061,Apparel,182,InStore,2025-12-22,34,0.913
10141,Electronics,180,Online,2025-10-27,40,0.509
10179,Apparel,220,Pickup,2025-12-15,35,0.556
10104,Electronics,126,Online,2025-12-15,37,0.956
10158,Apparel,140,Online,2025-10-06,28,0.805
10009,Electronics,153,InStore,2025-10-06,33,0.745
10039,Electronics,150,InStore,2025-10-27,32,0.615
10073,Apparel,243,Online,2025-11-17,22,0.777
10139,Apparel,146,InStore,2025-10-06,31,0.892
10075,Grocery,109,Pickup,2025-10-20,29,0.533
10092,Electronics,193,InStore,2025-11-03,21,0.616
10025,Beauty,228,InStore,2025-10-13,29,0.652
10174,Electronics,127,Pickup,2025-10-06,26,0.527
10142,Home,202,Online,2025-10-13,24,0.917
10141,Beauty,210,Pickup,2025-11-24,31,0.63
10051,Beauty,135,Online,2025-10-13,34,0.741
10048,Beauty,208,InStore,2025-10-27,30,0.825
10029,Electronics,146,InStore,2025-10-20,31,0.567
10007,Electronics,167,Pickup,2025-12-15,29,0.822
10107,Electronics,252,InStore,2025-11-24,35,0.937
10162,Apparel,183,InStore,2025-11-17,30,0.849
10123,Beauty,104,InStore,2025-10-20,37,0.655
10030,Apparel,117,Pickup,2025-11-10,37,0.649
10100,Beauty,136,Online,2025-11-17,34,0.604
10061,Electronics,191,InStore,2025-11-03,27,0.621
10135,Beauty,241,Pickup,2025-12-22,23,0.674
10136,Home,185,InStore,2025-12-22,15,0.523
10024,Apparel,199,Pickup,2025-11-17,15,0.857
10037,Apparel,142,InStore,2025-10-27,28,0.759
10171,Beauty,217,InStore,2025-11-03,21,0.741
10079,Beauty,235,Online,2025-12-15,36,0.955
10022,Beauty,142,Online,2025-10-06,32,0.916
10140,Home,126,InStore,2025-12-15,21,0.68
10004,Electronics,161,Online,2025-10-06,40,0.587
10059,Apparel,220,Online,2025-12-01,25,0.92
10179,Beauty,227,InStore,2025-10-27,32,0.664
10143,Electronics,159,Pickup,2025-12-22,32,0.508
10073,Apparel,203,Pickup,2025-11-10,30,0.784
10062,Home,177,Online,2025-12-22,41,0.619
10178,Grocery,191,Pickup,2025-10-20,28,0.866
10158,Beauty,116,Online,2025-12-08,29,0.899
10090,Apparel,231,Pickup,2025-10-20,33,0.591
10073,Home,259,Pickup,2025-10-27,28,0.759
10138,Grocery,136,InStore,2025-10-06,32,0.524
10121,Beauty,134,Pickup,2025-10-20,23,0.816
10087,Beauty,259,Pickup,2025-10-27,38,0.562
10006,Apparel,170,InStore,2025-12-22,21,0.724
10108,Beauty,225,InStore,2025-11-17,37,0.882
10057,Electronics,104,Pickup,2025-10-27,20,0.715
10052,Home,117,Online,2025-11-24,32,0.723
10113,Beauty,224,Pickup,2025-12-01,44,0.531
10044,Beauty,146,InStore,2025-11-24,36,0.945
10039,Electronics,242,InStore,2025-11-17,27,0.848
10019,Electronics,231,InStore,2025-11-03,36,0.685
10150,Grocery,112,Pickup,2025-10-13,20,0.585
10000,Apparel,226,Online,2025-10-06,24,0.664
10116,Grocery,215,InStore,2025-11-03,36,0.738
10065,Electronics,196,Online,2025-10-20,29,0.836
10039,Beauty,234,InStore,2025-10-13,24,0.806
10113,Beauty,231,Online,2025-12-08,30,0.95
10159,Beauty,255,Online,2025-11-17,29,0.805
10120,Electronics,114,Online,2025-12-01,26,0.843
10096,Beauty,221,Pickup,2025-12-15,21,0.834
10112,Apparel,105,Pickup,2025-10-27,25,0.672
10094,Grocery,115,Online,2025-11-10,27,0.8
10006,Electronics,207,Pickup,2025-10-20,32,0.665
10064,Apparel,125,Online,2025-11-03,35,0.67
10075,Beauty,118,InStore,2025-10-13,30,0.968
10131,Apparel,231,Pickup,2025-12-01,27,0.758
10034,Electronics,173,Online,2025-12-22,34,0.715
10132,Grocery,219,InStore,2025-11-03,32,0.971
10102,Grocery,187,InStore,2025-11-17,24,0.805
10104,Grocery,203,Online,2025-11-24,36,0.974
10146,Apparel,164,InStore,2025-12-08,29,0.542
10063,Beauty,195,InStore,2025-10-27,26,0.581
10036,Apparel,237,Online,2025-10-27,30,0.554
10165,Electronics,160,Online,2025-10-27,26,0.752
10159,Home,107,InStore,2025-11-24,25,0.529
10173,Home,232,Pickup,2025-11-17,42,0.636
10101,Apparel,158,Pickup,2025-12-15,23,0.676
10119,Apparel,193,Pickup,2025-11-24,43,0.926
10018,Electronics,140,Online,2025-11-17,31,0.729
10118,Grocery,202,InStore,2025-11-03,24,0.713
10033,Beauty,219,Pickup,2025-10-13,34,0.676
10093,Grocery,122,Online,2025-12-08,28,0.746
10103,Home,170,InStore,2025-12-22,31,0.766
10017,Grocery,240,Pickup,2025-10-20,37,0.69
10035,Electronics,231,Online,2025-11-03,42,0.792
10036,Home,122,Online,2025-11-17,33,0.509
10016,Electronics,242,InStore,2025-11-17,31,0.9
10039,Apparel,154,Online,2025-12-22,22,0.948
10087,Grocery,193,InStore,2025-12-15,28,0.572
10010,Apparel,117,Pickup,2025-10-13,35,0.641
10026,Home,132,InStore,2025-11-17,29,0.925
10127,Apparel,130,Online,2025-12-15,19,0.833
10044,Beauty,100,Online,2025-10-06,43,0.62
10077,Beauty,163,Online,2025-12-01,30,0.707
10067,Beauty,207,InStore,2025-11-24,19,0.593
10111,Beauty,159,InStore,2025-11-17,36,0.501
10151,Apparel,123,InStore,2025-10-27,36,0.933
10117,Apparel,180,InStore,2025-12-08,14,0.821
10034,Electronics,199,Online,2025-10-20,28,0.813
10085,Home,227,InStore,2025-10-06,25,0.675
10076,Home,169,Online,2025-10-27,30,0.842
10088,Apparel,171,Pickup,2025-11-24,29,0.772
10004,Home,125,Pickup,2025-12-15,33,0.59
10164,Home,161,Pickup,2025-10-06,32,0.682
10107,Grocery,193,Online,2025-12-01,21,0.898
10090,Beauty,111,Pickup,2025-12-08,28,0.775
10075,Apparel,202,InStore,2025-10-20,35,0.573
10088,Home,248,InStore,2025-12-22,35,0.635
10007,Electronics,242,InStore,2025-11-17,25,0.95
10072,Home,206,Pickup,2025-10-27,35,0.602
10139,Beauty,127,Pickup,2025-11-10,43,0.559
10126,Grocery,251,Online,2025-12-22,34,0.597
10073,Home,224,InStore,2025-10-20,27,0.622
10072,Beauty,174,InStore,2025-11-24,24,0.677
10082,Home,123,Online,2025-12-01,29,0.664
10129,Electronics,102,Online,2025-10-20,25,0.815
10073,Home,252,Pickup,2025-10-13,29,0.7
10151,Home,184,Online,2025-11-10,28,0.707
10171,Grocery,237,Pickup,2025-12-15,28,0.557
10150,Home,214,InStore,2025-11-24,32,0.552
10173,Beauty,124,Pickup,2025-11-24,28,0.595
10134,Electronics,230,Pickup,2025-11-17,24,0.802
10017,Apparel,215,InStore,2025-10-20,35,0.521
10121,Electronics,169,Pickup,2025-11-10,23,0.799
10040,Home,181,InStore,2025-11-24,32,0.834
10140,Grocery,114,InStore,2025-12-08,29,0.548
10076,Beauty,230,Pickup,2025-11-24,33,0.916
10095,Apparel,193,Online,2025-12-15,34,0.812
10119,Home,147,InStore,2025-11-10,39,0.746
10015,Electronics,252,Online,2025-12-01,33,0.773
10098,Apparel,179,InStore,2025-12-15,29,0.85
10179,Beauty,115,Pickup,2025-10-13,24,0.887
10079,Electronics,158,Online,2025-11-24,37,0.532
10153,Beauty,154,InStore,2025-10-27,28,0.573
10021,Beauty,143,InStore,2025-11-03,32,0.619
10045,Electronics,259,Pickup,2025-12-01,34,0.861
10083,Home,104,Pickup,2025-11-17,26,0.812
10112,Electronics,159,Pickup,2025-10-13,30,0.86
10051,Apparel,150,Online,2025-11-03,27,0.979
10075,Beauty,134,InStore,2025-10-13,32,0.659
10097,Home,252,InStore,2025-12-08,34,0.786
10002,Apparel,201,InStore,2025-10-20,31,0.619
10010,Grocery,205,InStore,2025-10-27,32,0.504
10105,Home,135,InStore,2025-12-01,31,0.958
10126,Grocery,258,Pickup,2025-12-08,30,0.506
10136,Electronics,137,Pickup,2025-10-27,34,0.977
10020,Grocery,234,InStore,2025-11-03,33,0.54
10069,Apparel,175,InStore,2025-11-10,28,0.921
10023,Apparel,258,Online,2025-10-20,28,0.759
10015,Grocery,111,Pickup,2025-12-22,32,0.524
10148,Grocery,219,Online,2025-11-03,24,0.881
10143,Apparel,192,InStore,2025-11-24,35,0.546
10147,Home,142,Pickup,2025-10-13,23,0.746
10118,Home,173,InStore,2025-11-24,26,0.828
10041,Grocery,146,Pickup,2025-10-27,25,0.877
10061,Beauty,107,Online,2025-11-17,24,0.835
10028,Grocery,225,Online,2025-11-10,29,0.974
10052,Electronics,223,Online,2025-12-22,39,0.89
10023,Apparel,167,Pickup,2025-11-24,35,0.626
10100,Grocery,152,Online,2025-12-15,24,0.627
10129,Grocery,256,Pickup,2025-10-27,28,0.765
10016,Grocery,194,InStore,2025-12-08,23,0.593
10138,Apparel,148,Online,2025-10-27,34,0.684
10007,Beauty,126,Pickup,2025-12-15,32,0.748
10073,Grocery,199,InStore,2025-12-01,26,0.775
10082,Beauty,198,Pickup,2025-11-10,36,0.513
10045,Beauty,189,Pickup,2025-11-24,32,0.589
10159,Home,203,Pickup,2025-11-17,31,0.756
10167,Apparel,158,InStore,2025-12-22,34,0.667
10031,Beauty,249,InStore,2025-11-17,36,0.975
10040,Electronics,152,Online,2025-11-03,29,0.566
10129,Grocery,232,Pickup,2025-11-10,25,0.959
10138,Grocery,195,InStore,2025-10-20,28,0.851
10025,Home,119,Pickup,2025-11-17,28,0.582
10024,Apparel,201,InStore,2025-10-20,31,0.728
10083,Home,135,Online,2025-12-15,35,0.973
10140,Home,152,Pickup,2025-12-22,23,0.937
10073,Grocery,258,InStore,2025-12-01,22,0.528
10075,Beauty,184,Online,2025-10-20,26,0.882
10081,Electronics,135,InStore,2025-10-13,18,0.603
10085,Electronics,115,Pickup,2025-10-06,27,0.631
10066,Apparel,132,InStore,2025-11-03,40,0.877
10084,Apparel,197,Online,2025-11-03,34,0.512
10142,Grocery,157,Pickup,2025-10-20,28,0.795
10134,Home,193,Pickup,2025-10-06,38,0.951
10129,Grocery,212,InStore,2025-12-08,28,0.625
10033,Apparel,133,InStore,2025-12-08,33,0.922
10155,Apparel,197,Pickup,2025-10-13,36,0.956
10094,Grocery,232,Pickup,2025-11-17,19,0.851
10112,Apparel,226,Pickup,2025-12-15,29,0.765
10062,Electronics,199,InStore,2025-12-22,27,0.892
10079,Home,211,Online,2025-10-27,25,0.974
10091,Beauty,107,InStore,2025-10-27,38,0.92
10053,Apparel,247,Online,2025-11-10,32,0.844
10109,Electronics,101,Pickup,2025-10-27,25,0.786
10006,Electronics,167,Pickup,2025-12-01,25,0.788
10062,Home,121,Pickup,2025-12-15,39,0.811
10178,Home,221,InStore,2025-10-06,40,0.968
10143,Grocery,223,InStore,2025-12-22,39,0.634
10021,Grocery,187,InStore,2025-10-06,37,0.602
10159,Beauty,234,Pickup,2025-11-24,18,0.869
10160,Electronics,164,Online,2025-10-06,31,0.693
10071,Electronics,184,Online,2025-10-13,30,0.577
10143,Home,161,Online,2025-10-13,25,0.833
10052,Electronics,199,Pickup,2025-12-15,40,0.821
10080,Beauty,190,Online,2025-11-17,33,0.842
10110,Apparel,104,InStore,2025-12-01,28,0.542
10159,Apparel,193,InStore,2025-10-06,31,0.514
10166,Beauty,138,Pickup,2025-12-15,28,0.795
10094,Apparel,206,Online,2025-12-22,23,0.754
10109,Apparel,152,InStore,2025-11-24,24,0.754
10149,Home,167,InStore,2025-11-24,22,0.924
10092,Grocery,227,Online,2025-10-13,34,0.56
10168,Home,224,Online,2025-10-13,23,0.666
10065,Electronics,106,Online,2025-11-03,18,0.602
10161,Apparel,199,InStore,2025-11-03,24,0.737
10005,Beauty,113,InStore,2025-12-15,22,0.745
10048,Beauty,139,Online,2025-11-24,24,0.806
10138,Apparel,255,Online,2025-12-01,26,0.7
10141,Home,249,Pickup,2025-12-08,28,0.786
10036,Electronics,134,Online,2025-10-13,49,0.722
10150,Beauty,214,Pickup,2025-10-27,33,0.943
10102,Apparel,159,Online,2025-12-01,27,0.703
10172,Beauty,123,Online,2025-11-24,29,0.741
10176,Grocery,125,Online,2025-10-13,36,0.967
10126,Apparel,166,Online,2025-11-03,23,0.811
10126,Grocery,113,Pickup,2025-11-10,19,0.899
10128,Apparel,112,InStore,2025-11-10,36,0.916
10062,Beauty,233,Pickup,2025-12-08,32,0.912
10115,Home,166,InStore,2025-11-24,25,0.654
10010,Electronics,127,InStore,2025-11-03,29,0.829
10054,Home,191,InStore,2025-12-08,25,0.854
10031,Electronics,183,InStore,2025-11-03,38,0.557
10066,Electronics,151,InStore,2025-12-15,20,0.611
10040,Apparel,112,Pickup,2025-12-22,20,0.769
10011,Grocery,158,Pickup,2025-11-03,38,0.573
10007,Grocery,164,Pickup,2025-12-22,30,0.58
10177,Apparel,120,Online,2025-11-17,33,0.529
10177,Electronics,184,Pickup,2025-11-17,26,0.619
10129,Apparel,255,InStore,2025-12-22,30,0.519
10132,Electronics,181,Pickup,2025-12-15,31,0.699
10137,Grocery,133,InStore,2025-11-24,28,0.921
10087,Apparel,236,InStore,2025-10-06,30,0.586
10105,Home,193,InStore,2025-11-24,29,0.575
10099,Apparel,180,InStore,2025-11-24,30,0.638
10048,Grocery,209,InStore,2025-11-10,27,0.815
10044,Home,193,Online,2025-11-24,27,0.787
10149,Electronics,209,Pickup,2025-11-24,28,0.572
10102,Home,246,Online,2025-10-27,26,0.657
10164,Beauty,236,Pickup,2025-11-17,32,0.627
10075,Electronics,142,Pickup,2025-10-20,32,0.543
10065,Apparel,230,Online,2025-12-01,24,0.558
10168,Beauty,164,Pickup,2025-10-13,33,0.845
10106,Beauty,253,Online,2025-10-13,28,0.78
10101,Apparel,189,InStore,2025-10-27,20,0.558
10102,Grocery,114,Pickup,2025-12-22,31,0.817
10122,Electronics,192,Online,2025-10-06,31,0.516
10079,Apparel,206,Pickup,2025-10-06,28,0.566
10133,Apparel,128,Online,2025-11-24,33,0.534
10102,Grocery,182,InStore,2025-11-03,34,0.575
10161,Grocery,222,Pickup,2025-11-17,24,0.528
10101,Grocery,133,InStore,2025-12-01,21,0.861
10144,Home,173,InStore,2025-11-17,34,0.947
10045,Beauty,236,InStore,2025-11-10,35,0.909
10018,Apparel,258,InStore,2025-10-20,32,0.911
10055,Apparel,155,Online,2025-12-01,30,0.634
10158,Home,191,Online,2025-12-15,20,0.824
10027,Grocery,168,InStore,2025-10-20,24,0.796
10048,Grocery,221,InStore,2025-12-01,36,0.812
10156,Beauty,195,Pickup,2025-12-01,23,0.552
10112,Electronics,258,Online,2025-11-17,23,0.581
10020,Apparel,226,Pickup,2025-11-24,25,0.857
10082,Beauty,197,Online,2025-11-10,31,0.861
10017,Grocery,166,Online,2025-12-22,25,0.938
10156,Apparel,201,InStore,2025-12-15,30,0.763
10029,Electronics,256,Online,2025-12-08,32,0.632
10005,Beauty,138,Pickup,2025-10-13,35,0.62
10164,Home,194,Online,2025-11-17,31,0.631
10005,Apparel,259,Pickup,2025-10-06,35,0.876
10165,Electronics,142,Pickup,2025-10-27,33,0.716
10003,Grocery,222,Online,2025-11-17,27,0.592
10060,Electronics,177,InStore,2025-11-03,34,0.974
10155,Grocery,157,Pickup,2025-12-01,33,0.868
10164,Grocery,236,InStore,2025-10-13,30,0.862
10166,Grocery,167,Pickup,2025-10-27,33,0.864
10039,Grocery,172,Pickup,2025-12-22,28,0.874
10059,Grocery,218,Online,2025-11-03,28,0.808
10011,Home,144,Online,2025-12-22,30,0.578
10072,Apparel,130,Online,2025-12-01,26,0.817
10139,Home,253,InStore,2025-10-27,36,0.821
10058,Electronics,152,InStore,2025-12-22,37,0.684
10074,Beauty,214,InStore,2025-12-22,34,0.647
10154,Apparel,147,InStore,2025-10-13,20,0.969
10101,Home,185,Online,2025-11-03,29,0.58
10115,Apparel,175,Pickup,2025-11-17,31,0.583
10152,Grocery,110,Online,2025-10-13,28,0.909
10135,Home,202,Pickup,2025-12-22,28,0.644
10001,Beauty,118,Online,2025-12-15,37,0.837
10150,Electronics,152,Online,2025-12-15,34,0.55
10117,Electronics,102,Online,2025-12-01,32,0.906
10179,Grocery,151,InStore,2025-10-27,34,0.715
10108,Home,181,Pickup,2025-11-10,25,0.557
10054,Home,167,Pickup,2025-12-08,32,0.699
10175,Home,217,InStore,2025-12-22,25,0.9
10121,Beauty,227,Pickup,2025-10-20,31,0.643
10011,Grocery,231,InStore,2025-11-10,33,0.613
10143,Home,151,Pickup,2025-10-20,32,0.671
10126,Grocery,129,InStore,2025-10-20,29,0.765
10062,Beauty,168,InStore,2025-11-03,33,0.625
10152,Grocery,173,InStore,2025-12-22,22,0.697
10016,Apparel,227,InStore,2025-10-20,31,0.922
10042,Home,250,Pickup,2025-12-08,23,0.711
10139,Apparel,181,Pickup,2025-12-22,28,0.616
10120,Electronics,178,InStore,2025-11-03,39,0.874
10141,Grocery,115,Pickup,2025-11-17,18,0.905
10081,Home,139,Online,2025-11-17,19,0.65
10140,Beauty,126,Online,2025-11-24,31,0.701
10174,Home,240,Pickup,2025-10-06,35,0.676
10177,Grocery,240,InStore,2025-11-03,26,0.554
10068,Electronics,232,InStore,2025-10-13,29,0.63
10084,Grocery,114,Online,2025-11-24,24,0.69
10019,Beauty,114,Pickup,2025-10-06,31,0.926
10033,Beauty,108,InStore,2025-10-13,34,0.539
10006,Electronics,178,Pickup,2025-10-27,19,0.776
10152,Grocery,186,Online,2025-11-10,26,0.593
10067,Home,143,InStore,2025-11-03,35,0.828
10033,Home,108,InStore,2025-10-20,32,0.787
10083,Apparel,209,Online,2025-11-17,37,0.579
10126,Home,174,Pickup,2025-12-15,32,0.93
10102,Beauty,256,Pickup,2025-10-06,39,0.753
10055,Beauty,143,Online,2025-11-17,31,0.56
10168,Home,147,Pickup,2025-12-01,30,0.581
10039,Apparel,257,InStore,2025-11-03,38,0.602
10036,Apparel,187,Online,2025-10-27,34,0.947
10081,Home,114,Pickup,2025-11-10,39,0.694
10169,Home,114,Pickup,2025-11-17,30,0.652
10042,Electronics,198,InStore,2025-12-08,29,0.765
10113,Beauty,130,Online,2025-10-13,23,0.772
10165,Beauty,101,Online,2025-10-06,30,0.809
10168,Beauty,123,Online,2025-11-03,32,0.693
10023,Grocery,145,Pickup,2025-11-24,32,0.608
10172,Electronics,148,Pickup,2025-12-08,30,0.625
10105,Apparel,179,Online,2025-12-15,28,0.86
10174,Electronics,240,InStore,2025-11-24,28,0.679
10042,Beauty,240,Online,2025-11-03,31,0.919
10017,Home,103,Pickup,2025-10-20,26,0.533
10057,Electronics,158,Pickup,2025-11-24,21,0.789
10012,Grocery,210,Online,2025-10-06,35,0.742
10081,Electronics,112,Pickup,2025-11-24,30,0.523
10122,Home,143,InStore,2025-10-20,27,0.892
10152,Electronics,182,Pickup,2025-12-08,27,0.667
10178,Beauty,162,Pickup,2025-12-15,31,0.968
10111,Beauty,234,Online,2025-10-13,36,0.961
10053,Apparel,236,Pickup,2025-12-08,33,0.513
10005,Apparel,167,Pickup,2025-10-13,28,0.709
10072,Home,108,Pickup,2025-11-17,29,0.744
10131,Beauty,100,Online,2025-11-17,33,0.905
10000,Beauty,204,InStore,2025-11-17,27,0.772
10055,Apparel,199,InStore,2025-12-01,32,0.522
10130,Home,116,Pickup,2025-10-27,22,0.938
10111,Home,133,Pickup,2025-12-22,26,0.503
10100,Home,257,Pickup,2025-11-17,37,0.637
10130,Home,200,InStore,2025-10-27,31,0.803
10119,Beauty,108,InStore,2025-11-10,31,0.58
10068,Grocery,257,Pickup,2025-10-20,25,0.971
10080,Beauty,253,InStore,2025-11-24,27,0.964
10127,Home,215,Pickup,2025-12-01,35,0.705
10080,Home,163,Pickup,2025-12-01,37,0.847
10134,Apparel,162,Online,2025-10-13,25,0.948
10120,Grocery,197,InStore,2025-10-27,22,0.867
10146,Grocery,216,InStore,2025-12-22,29,0.811
10053,Grocery,145,Pickup,2025-11-17,26,0.902
10088,Apparel,114,InStore,2025-10-20,32,0.516
10152,Beauty,100,Online,2025-12-22,27,0.938
10081,Home,228,Online,2025-12-01,19,0.86
10034,Beauty,176,Online,2025-12-22,22,0.57
10153,Home,225,Pickup,2025-12-01,26,0.766
10139,Grocery,135,Online,2025-10-27,29,0.678
10016,Beauty,130,Online,2025-11-17,21,0.544
10054,Apparel,158,Online,2025-12-15,28,0.874
10038,Home,220,Online,2025-10-13,23,0.81
10169,Beauty,147,Pickup,2025-12-08,39,0.679
10102,Grocery,127,InStore,2025-10-27,28,0.74
10107,Home,223,Pickup,2025-10-06,27,0.802
10121,Apparel,225,Online,2025-11-10,38,0.914
10155,Apparel,190,Pickup,2025-11-17,30,0.895
10168,Electronics,227,Online,2025-10-27,36,0.953
10015,Grocery,205,InStore,2025-10-27,29,0.844
10146,Home,192,Online,2025-10-20,36,0.557
10008,Apparel,161,InStore,2025-10-06,29,0.906
10029,Beauty,100,Online,2025-10-13,24,0.787
10008,Home,175,InStore,2025-11-10,27,0.804
10121,Apparel,105,Pickup,2025-12-08,31,0.653
10028,Apparel,215,InStore,2025-12-01,24,0.735
10129,Beauty,209,Pickup,2025-12-08,25,0.633
10105,Beauty,184,Online,2025-11-17,29,0.935
10096,Grocery,197,InStore,2025-12-22,30,0.965
10157,Beauty,210,InStore,2025-10-06,28,0.719
10060,Grocery,234,Pickup,2025-12-08,31,0.908
10064,Apparel,120,Pickup,2025-12-22,36,0.666
10060,Home,100,InStore,2025-12-01,41,0.661
10011,Beauty,164,InStore,2025-10-20,33,0.891
10153,Grocery,253,InStore,2025-11-24,34,0.647
10132,Apparel,252,InStore,2025-12-01,35,0.772
10179,Beauty,230,Pickup,2025-10-06,27,0.603
10039,Grocery,256,Online,2025-10-27,27,0.684
10173,Electronics,166,Pickup,2025-10-20,38,0.889
10108,Electronics,179,Online,2025-12-01,27,0.585
10033,Electronics,169,InStore,2025-10-13,28,0.875
10065,Beauty,150,Online,2025-11-24,23,0.732
10042,Electronics,155,Online,2025-11-03,33,0.685
10122,Apparel,134,Online,2025-12-15,20,0.932
10054,Home,152,InStore,2025-11-24,28,0.761
10129,Grocery,103,Online,2025-11-03,31,0.604
10111,Electronics,197,Online,2025-11-24,27,0.91
10028,Home,134,Online,2025-12-01,39,0.934
10017,Beauty,199,Pickup,2025-12-15,31,0.52
10001,Home,176,Pickup,2025-11-17,29,0.84
10021,Electronics,186,Online,2025-10-20,25,0.68
10055,Apparel,121,InStore,2025-12-15,43,0.746
10098,Beauty,253,Online,2025-10-27,40,0.59
10099,Electronics,157,InStore,2025-11-24,36,0.646
10038,Grocery,163,Pickup,2025-10-13,25,0.85
10080,Beauty,207,Pickup,2025-11-10,25,0.635
10109,Home,234,Online,2025-11-24,38,0.687
10001,Beauty,131,Pickup,2025-11-24,23,0.947
10038,Apparel,109,Online,2025-11-24,21,0.54
10167,Apparel,229,Online,2025-11-24,35,0.612
10178,Home,111,Online,2025-11-03,29,0.649
10065,Apparel,167,InStore,2025-10-27,18,0.73
10108,Home,103,Online,2025-11-10,31,0.635
10084,Electronics,152,Online,2025-10-13,30,0.748
10117,Grocery,168,Online,2025-12-08,31,0.562
10077,Home,107,Online,2025-11-24,22,0.739
10052,Electronics,200,Pickup,2025-10-27,26,0.705
10074,Electronics,146,Online,2025-10-27,35,0.64
10050,Apparel,257,Online,2025-10-20,36,0.546
10130,Home,166,Pickup,2025-11-17,24,0.745
10076,Beauty,152,Pickup,2025-12-01,35,0.865
10123,Grocery,128,Pickup,2025-12-22,28,0.862
10019,Apparel,250,InStore,2025-12-22,31,0.616
10111,Home,244,Online,2025-10-06,40,0.906
10087,Grocery,112,Pickup,2025-11-10,26,0.961
10164,Grocery,120,Online,2025-11-03,34,0.69
10031,Electronics,178,Online,2025-10-27,37,0.837
10090,Home,246,Pickup,2025-10-20,26,0.846
10109,Grocery,141,Online,2025-10-20,40,0.666
10095,Beauty,114,Online,2025-10-27,40,0.724
10049,Beauty,150,Pickup,2025-10-20,35,0.849
10016,Electronics,177,Pickup,2025-11-03,28,0.574
10016,Beauty,176,Online,2025-11-10,33,0.817
10160,Electronics,136,Pickup,2025-12-22,36,0.775
10155,Apparel,115,Pickup,2025-10-27,31,0.875
10051,Home,158,Pickup,2025-10-20,27,0.638
10130,Electronics,155,InStore,2025-12-08,39,0.815
10054,Beauty,167,InStore,2025-12-15,30,0.831
10057,Beauty,137,Pickup,2025-12-15,27,0.716
10091,Apparel,133,Pickup,2025-10-27,33,0.606
10079,Apparel,201,Pickup,2025-12-15,28,0.867
10108,Home,257,Online,2025-11-10,19,0.526
10071,Apparel,167,Pickup,2025-10-20,27,0.807
10091,Grocery,126,Pickup,2025-11-10,26,0.847
10134,Home,184,Online,2025-10-13,37,0.882
10157,Beauty,174,Online,2025-12-08,31,0.879
10075,Apparel,199,InStore,2025-11-24,28,0.957
10126,Apparel,147,InStore,2025-12-01,29,0.736
10166,Home,122,Pickup,2025-12-22,29,0.717
10123,Apparel,172,Pickup,2025-11-17,33,0.903
10096,Apparel,180,Online,2025-12-15,25,0.9
10077,Beauty,202,Online,2025-11-03,33,0.804
10052,Grocery,186,Online,2025-10-27,33,0.606
10012,Apparel,257,Online,2025-10-06,33,0.639
10113,Beauty,184,InStore,2025-10-20,32,0.63
10072,Apparel,120,Pickup,2025-11-24,39,0.595
10068,Beauty,123,Pickup,2025-11-03,27,0.802
10154,Beauty,201,Online,2025-12-22,33,0.592
10008,Apparel,188,Online,2025-10-27,26,0.859
10026,Apparel,125,Online,2025-10-06,27,0.905
10064,Grocery,206,InStore,2025-10-06,30,0.96
10115,Apparel,190,Pickup,2025-10-13,32,0.918
10164,Apparel,100,InStore,2025-11-17,30,0.695
10146,Grocery,187,Online,2025-10-27,24,0.965
10100,Home,201,Pickup,2025-12-15,37,0.87
10144,Apparel,234,Online,2025-10-06,29,0.629
10011,Beauty,104,Pickup,2025-11-10,20,0.807
10042,Beauty,234,InStore,2025-11-24,24,0.969
10110,Electronics,217,InStore,2025-12-01,31,0.647
10013,Beauty,115,InStore,2025-12-22,20,0.78
10007,Electronics,153,InStore,2025-10-13,29,0.862
10061,Grocery,168,InStore,2025-12-15,23,0.96
10117,Electronics,117,Pickup,2025-11-03,44,0.747
10039,Electronics,159,Online,2025-12-08,30,0.684
10075,Apparel,145,InStore,2025-11-17,21,0.796
10145,Electronics,116,Online,2025-12-08,27,0.734
10028,Apparel,233,Pickup,2025-11-17,27,0.921
10160,Grocery,135,InStore,2025-11-24,28,0.843
10094,Grocery,124,InStore,2025-10-27,30,0.878
10137,Apparel,125,Online,2025-10-13,38,0.859
10091,Grocery,111,InStore,2025-10-06,42,0.949
10121,Home,241,Online,2025-11-03,30,0.718
10162,Electronics,161,Online,2025-11-03,45,0.885
10079,Apparel,236,Online,2025-11-03,26,0.601
10122,Grocery,223,InStore,2025-10-13,31,0.841
10010,Grocery,258,InStore,2025-12-22,25,0.821
10137,Electronics,164,InStore,2025-10-13,23,0.73
10103,Home,119,InStore,2025-10-06,30,0.612
10151,Beauty,159,InStore,2025-10-20,33,0.513
10056,Apparel,146,Online,2025-10-20,27,0.715
10024,Home,225,Pickup,2025-12-01,27,0.905
10121,Beauty,123,Online,2025-10-06,28,0.6
10001,Electronics,152,InStore,2025-11-24,25,0.615
10157,Home,120,Pickup,2025-12-01,35,0.98
10078,Home,242,Pickup,2025-12-22,33,0.758
10126,Beauty,190,InStore,2025-12-08,35,0.601
10151,Grocery,102,Pickup,2025-10-13,31,0.752
10144,Electronics,126,Pickup,2025-12-01,26,0.885
10119,Beauty,244,Online,2025-11-10,33,0.666
10025,Grocery,130,Online,2025-12-01,29,0.714
10067,Home,123,Online,2025-10-27,31,0.644
10178,Apparel,147,Online,2025-10-27,36,0.786
10027,Grocery,187,Online,2025-10-13,21,0.559
10053,Electronics,181,Online,2025-11-24,27,0.9
10122,Beauty,115,Pickup,2025-11-17,28,0.868
10164,Electronics,259,Pickup,2025-10-27,35,0.678
10058,Electronics,150,Pickup,2025-11-17,40,0.732
10028,Electronics,160,Pickup,2025-12-22,29,0.703
10148,Home,137,Pickup,2025-11-03,33,0.626
10098,Home,177,Pickup,2025-11-17,35,0.803
10049,Beauty,218,Online,2025-10-20,33,0.54
10153,Beauty,173,Online,2025-10-13,32,0.923
10051,Beauty,230,Pickup,2025-12-22,37,0.717
10158,Grocery,236,InStore,2025-11-24,21,0.813
10012,Grocery,235,Online,2025-11-10,41,0.879
10021,Home,207,Online,2025-11-17,31,0.788
10090,Apparel,238,InStore,2025-12-15,24,0.683
10063,Home,216,InStore,2025-10-06,26,0.73
10061,Beauty,158,Pickup,2025-12-01,30,0.561
10007,Home,183,InStore,2025-12-15,30,0.785
10126,Home,152,Pickup,2025-12-01,37,0.546
10061,Home,223,Online,2025-10-20,38,0.679
10151,Beauty,123,Online,2025-11-03,36,0.795
10151,Apparel,139,InStore,2025-11-03,26,0.587
10093,Electronics,181,Pickup,2025-11-10,36,0.79
10076,Apparel,245,InStore,2025-11-24,36,0.814
10055,Beauty,258,Online,2025-10-06,33,0.564
10125,Grocery,180,InStore,2025-11-24,34,0.51
10035,Home,126,Pickup,2025-12-01,27,0.783
10130,Electronics,209,Pickup,2025-11-24,40,0.92
10144,Beauty,115,Pickup,2025-11-17,38,0.822
10090,Electronics,228,Pickup,2025-10-13,37,0.594
10129,Apparel,246,InStore,2025-12-22,28,0.726
10009,Home,258,Online,2025-12-22,32,0.591
10135,Grocery,218,Online,2025-11-17,30,0.914
10057,Grocery,194,Online,2025-10-06,23,0.78
10019,Grocery,245,InStore,2025-11-10,25,0.525
10039,Beauty,103,Online,2025-12-01,24,0.679
10173,Grocery,165,Pickup,2025-12-22,28,0.885
10070,Grocery,230,Pickup,2025-10-06,29,0.545
10071,Beauty,105,Online,2025-11-03,31,0.547
10158,Home,138,InStore,2025-10-20,29,0.775
10145,Apparel,229,InStore,2025-11-17,26,0.581
10060,Grocery,135,Online,2025-10-27,23,0.802
10055,Apparel,128,Pickup,2025-11-17,31,0.735
10039,Apparel,101,Pickup,2025-11-24,30,0.619
10034,Apparel,115,InStore,2025-11-24,30,0.863
10003,Electronics,143,Online,2025-12-15,30,0.902
10025,Apparel,116,InStore,2025-10-06,19,0.543
10123,Electronics,150,Pickup,2025-10-20,30,0.546
10070,Electronics,221,Pickup,2025-12-15,41,0.88
10134,Beauty,246,Online,2025-11-10,31,0.598
10139,Home,249,Online,2025-11-10,32,0.957
10038,Apparel,222,Pickup,2025-10-27,29,0.827
10133,Apparel,198,Online,2025-10-27,37,0.86
10141,Home,174,Pickup,2025-10-20,34,0.66
10023,Grocery,136,InStore,2025-11-03,20,0.54
10159,Beauty,109,Online,2025-12-01,31,0.749
10012,Beauty,112,Online,2025-11-24,31,0.561
10000,Beauty,106,Pickup,2025-11-03,28,0.927
10117,Electronics,236,Online,2025-12-08,20,0.957
10151,Electronics,174,InStore,2025-11-03,27,0.592
10125,Apparel,166,Online,2025-12-01,28,0.883
10003,Home,124,Pickup,2025-10-06,30,0.527
10063,Apparel,216,InStore,2025-12-15,34,0.705
10109,Grocery,101,Online,2025-11-24,33,0.695
10115,Home,198,Online,2025-10-13,23,0.69
10053,Home,142,Pickup,2025-10-06,26,0.888
10125,Beauty,213,Online,2025-10-13,25,0.775
10025,Grocery,184,InStore,2025-10-20,33,0.596
10045,Apparel,176,Pickup,2025-11-17,37,0.884
10116,Electronics,196,InStore,2025-11-03,30,0.573
10157,Apparel,183,Online,2025-12-15,25,0.902
10041,Grocery,185,Online,2025-11-03,24,0.96
10017,Electronics,119,Pickup,2025-11-10,23,0.75
10073,Grocery,113,Online,2025-10-27,30,0.611
10148,Apparel,226,Pickup,2025-12-01,28,0.646
10061,Grocery,210,Online,2025-11-17,23,0.504
10144,Home,155,Pickup,2025-12-01,28,0.93
10024,Grocery,182,Online,2025-12-01,23,0.889
10137,Grocery,118,InStore,2025-11-17,28,0.508
10169,Beauty,106,InStore,2025-10-13,36,0.78
10010,Beauty,118,Pickup,2025-10-27,36,0.695
10046,Home,101,Pickup,2025-11-17,28,0.9
10052,Home,144,Pickup,2025-12-01,43,0.612
10076,Beauty,216,Online,2025-12-22,39,0.711
10131,Home,249,Pickup,2025-12-22,31,0.574
10067,Electronics,108,InStore,2025-12-22,34,0.727
10155,Beauty,115,Online,2025-10-06,23,0.874
10082,Apparel,246,Pickup,2025-11-10,36,0.884
10130,Apparel,123,Online,2025-10-20,25,0.871
10145,Beauty,152,InStore,2025-12-01,24,0.616
10168,Home,138,Pickup,2025-11-10,24,0.87
10067,Apparel,169,Online,2025-11-03,34,0.682
10097,Apparel,187,InStore,2025-12-15,34,0.631
10104,Grocery,174,Pickup,2025-10-06,30,0.574
10084,Apparel,154,Online,2025-10-06,37,0.892
10126,Beauty,124,Online,2025-10-06,39,0.688
10108,Apparel,115,InStore,2025-12-22,28,0.648
10123,Home,202,InStore,2025-11-24,24,0.506
10053,Beauty,122,InStore,2025-11-10,31,0.532
10020,Electronics,171,Pickup,2025-12-01,18,0.901
10172,Beauty,151,Online,2025-12-01,15,0.87
10071,Apparel,245,Online,2025-11-10,26,0.783
10120,Home,151,InStore,2025-11-17,33,0.954
10139,Home,161,Online,2025-11-10,26,0.594
10111,Home,122,Pickup,2025-11-10,36,0.739
10070,Beauty,231,InStore,2025-12-08,31,0.967
10069,Apparel,250,Pickup,2025-10-06,50,0.654
10066,Home,142,InStore,2025-11-03,25,0.65
10174,Grocery,158,Pickup,2025-12-15,29,0.749
10153,Grocery,195,Pickup,2025-10-06,29,0.548
10097,Home,240,Pickup,2025-10-27,36,0.912
10087,Home,250,Online,2025-11-03,39,0.513
10056,Home,256,Online,2025-10-13,21,0.854
10174,Grocery,150,Pickup,2025-12-08,32,0.683
10015,Home,148,Pickup,2025-12-15,28,0.949
10025,Home,113,Online,2025-12-01,26,0.552
10172,Beauty,163,InStore,2025-11-10,42,0.9
10114,Beauty,217,InStore,2025-10-13,24,0.812
10058,Electronics,120,InStore,2025-10-20,24,0.724
10082,Electronics,136,Online,2025-10-06,32,0.528
10044,Home,202,InStore,2025-12-08,21,0.632
10067,Apparel,183,Pickup,2025-10-13,34,0.504
10118,Electronics,170,InStore,2025-10-27,42,0.73
10145,Home,128,Online,2025-11-17,29,0.838
10117,Apparel,259,InStore,2025-12-15,34,0.689
10090,Grocery,179,Online,2025-11-10,37,0.736
10159,Apparel,100,InStore,2025-11-10,27,0.963
10139,Electronics,176,InStore,2025-10-20,32,0.912
10129,Grocery,120,InStore,2025-10-27,38,0.585
10155,Grocery,223,Pickup,2025-12-01,29,0.824
10150,Home,250,Online,2025-11-10,32,0.965
10049,Grocery,201,Pickup,2025-11-24,26,0.632
10080,Home,106,InStore,2025-12-01,28,0.926
10038,Beauty,240,Pickup,2025-11-03,31,0.625
10131,Home,226,InStore,2025-11-17,24,0.654
10124,Electronics,220,Pickup,2025-12-08,33,0.838
10056,Electronics,248,Online,2025-11-17,40,0.92
10088,Apparel,113,InStore,2025-11-24,28,0.863
10065,Home,130,InStore,2025-10-06,41,0.667
10103,Beauty,162,Online,2025-10-13,40,0.526
10090,Home,170,InStore,2025-11-24,20,0.836
10167,Grocery,108,Online,2025-12-15,32,0.684
10132,Apparel,223,Pickup,2025-12-22,34,0.563
10150,Home,205,Pickup,2025-11-10,27,0.563
10176,Grocery,112,InStore,2025-11-17,29,0.547
10085,Beauty,231,InStore,2025-11-10,31,0.667
10073,Electronics,136,Pickup,2025-10-13,29,0.798
10161,Apparel,125,InStore,2025-10-20,29,0.595
10072,Electronics,190,InStore,2025-11-24,35,0.814
10160,Home,152,Online,2025-10-06,29,0.668
10025,Apparel,189,Online,2025-10-20,22,0.735
10122,Beauty,128,InStore,2025-11-24,22,0.953
10047,Electronics,249,Online,2025-10-20,25,0.646
10066,Apparel,157,InStore,2025-12-08,23,0.554
10048,Apparel,130,Online,2025-11-10,38,0.552
10088,Apparel,187,Pickup,2025-12-22,38,0.979
10003,Apparel,248,Pickup,2025-10-13,27,0.705
10040,Home,104,Pickup,2025-12-08,29,0.685
10077,Grocery,137,Online,2025-12-08,41,0.675
10048,Electronics,168,Pickup,2025-11-10,30,0.722
10021,Grocery,186,Pickup,2025-12-15,32,0.729
10151,Grocery,257,InStore,2025-10-20,25,0.669
10032,Grocery,197,Pickup,2025-10-27,29,0.57
10058,Electronics,117,Online,2025-12-01,22,0.838
10057,Apparel,205,InStore,2025-12-01,29,0.978
10034,Electronics,249,InStore,2025-12-15,35,0.673
10112,Apparel,183,InStore,2025-12-22,30,0.886
10128,Electronics,109,Pickup,2025-11-24,29,0.503
10043,Apparel,184,Pickup,2025-11-10,32,0.915
10032,Electronics,239,Pickup,2025-11-03,19,0.834
10104,Home,109,InStore,2025-12-15,40,0.645
10083,Grocery,196,Online,2025-11-24,29,0.914
10078,Beauty,196,Online,2025-10-20,28,0.796
10081,Apparel,179,Pickup,2025-12-22,29,0.524
10024,Electronics,117,InStore,2025-11-10,22,0.643
10169,Electronics,143,InStore,2025-11-03,23,0.519
10004,Beauty,254,Pickup,2025-11-03,28,0.689
10062,Electronics,108,Pickup,2025-10-27,23,0.588
10092,Apparel,128,Online,2025-11-17,36,0.829
10006,Grocery,193,Pickup,2025-10-06,33,0.529
10078,Electronics,176,Pickup,2025-10-13,30,0.83
10053,Home,238,Pickup,2025-11-24,34,0.761
10174,Grocery,174,InStore,2025-11-24,23,0.645
10035,Electronics,176,Pickup,2025-11-17,31,0.638
10084,Beauty,177,InStore,2025-11-17,30,0.543
10156,Home,205,Pickup,2025-10-06,28,0.744
10109,Apparel,132,InStore,2025-10-27,27,0.874
10001,Electronics,224,Pickup,2025-11-17,32,0.701
10116,Grocery,181,Pickup,2025-11-17,19,0.632
10125,Apparel,124,Pickup,2025-12-22,24,0.731
10048,Home,250,Pickup,2025-11-03,23,0.82
10041,Apparel,104,InStore,2025-11-17,28,0.915
10138,Home,160,Pickup,2025-12-08,32,0.713
10047,Apparel,166,Online,2025-12-15,36,0.766
10006,Grocery,180,Pickup,2025-10-20,30,0.527
10130,Home,176,Pickup,2025-12-08,37,0.717
10062,Electronics,160,Pickup,2025-10-20,20,0.94
10111,Electronics,222,Pickup,2025-10-20,23,0.743
10064,Beauty,170,InStore,2025-12-01,25,0.666
10024,Beauty,219,Online,2025-12-15,30,0.634
10088,Home,134,InStore,2025-11-17,31,0.567
10153,Electronics,236,InStore,2025-11-03,31,0.807
10102,Grocery,250,Online,2025-12-08,36,0.534
10108,Apparel,108,InStore,2025-11-17,27,0.725
10005,Home,161,InStore,2025-11-03,43,0.883
10079,Electronics,188,Pickup,2025-11-03,22,0.884
10093,Home,108,Pickup,2025-10-06,28,0.862
10156,Beauty,231,Pickup,2025-10-06,32,0.618
10154,Home,113,Pickup,2025-10-13,27,0.575
10156,Apparel,187,Pickup,2025-11-17,30,0.762
10158,Electronics,160,InStore,2025-11-24,22,0.798
10143,Home,226,InStore,2025-11-24,29,0.947
10058,Electronics,137,InStore,2025-10-20,30,0.614
10000,Grocery,206,InStore,2025-11-24,29,0.623
10128,Home,166,InStore,2025-10-27,31,0.744
10061,Beauty,258,Online,2025-12-08,24,0.874
10112,Beauty,238,Pickup,2025-11-03,34,0.697
10099,Beauty,247,Pickup,2025-11-17,39,0.727
10031,Grocery,206,Pickup,2025-10-27,25,0.939
10168,Grocery,218,Online,2025-10-27,31,0.641
10169,Beauty,164,Online,2025-12-22,26,0.741
10091,Home,178,Online,2025-11-03,28,0.908
10169,Apparel,198,InStore,2025-10-27,29,0.724
10010,Electronics,252,InStore,2025-10-20,22,0.862
10145,Home,144,InStore,2025-11-10,30,0.858
10133,Beauty,221,Pickup,2025-12-08,34,0.86
10094,Apparel,156,Online,2025-11-10,34,0.908
10034,Grocery,229,InStore,2025-12-08,32,0.704
10103,Home,121,Pickup,2025-10-20,25,0.739
10102,Apparel,220,Pickup,2025-12-22,30,0.843
10028,Home,129,Pickup,2025-12-01,39,0.637
10174,Beauty,103,Online,2025-11-17,23,0.643
10110,Grocery,179,Online,2025-12-08,35,0.552
10116,Beauty,229,Pickup,2025-10-27,26,0.687
10097,Beauty,137,InStore,2025-12-01,33,0.858
10048,Apparel,235,InStore,2025-11-17,35,0.584
10055,Electronics,171,Pickup,2025-10-27,28,0.865
10139,Electronics,117,InStore,2025-10-27,35,0.529
10158,Grocery,137,Online,2025-11-17,19,0.976
10160,Home,175,Pickup,2025-10-13,39,0.585
10006,Grocery,143,InStore,2025-12-08,26,0.947
10001,Apparel,122,InStore,2025-10-06,35,0.64
10165,Apparel,180,Online,2025-11-03,37,0.546
10158,Beauty,241,InStore,2025-10-20,32,0.639
10137,Beauty,161,InStore,2025-11-10,28,0.595
10072,Home,258,InStore,2025-11-17,28,0.885
10118,Home,167,Online,2025-11-24,28,0.685
10142,Grocery,157,Pickup,2025-10-13,25,0.602
10095,Home,102,Online,2025-12-22,28,0.638
10029,Electronics,212,Online,2025-10-13,36,0.66
10003,Grocery,164,Online,2025-11-10,31,0.891
10139,Apparel,221,InStore,2025-11-24,34,0.606
10036,Grocery,199,InStore,2025-12-08,34,0.821
10005,Apparel,198,Online,2025-10-13,34,0.846
10177,Electronics,204,InStore,2025-12-22,32,0.621
10034,Beauty,172,Online,2025-12-08,45,0.88
10136,Apparel,112,Pickup,2025-12-08,29,0.941
10033,Beauty,223,Online,2025-11-10,29,0.817
10059,Electronics,176,InStore,2025-12-22,25,0.63
10157,Apparel,109,Pickup,2025-12-01,30,0.944
10105,Apparel,201,Pickup,2025-12-08,29,0.684
10158,Beauty,171,InStore,2025-12-01,28,0.696
10138,Apparel,179,Pickup,2025-11-24,28,0.768
10044,Home,122,InStore,2025-12-15,28,0.579
10105,Beauty,144,Pickup,2025-10-13,15,0.815
10025,Apparel,215,InStore,2025-11-03,29,0.611
10156,Electronics,196,Pickup,2025-12-01,27,0.896
10101,Home,142,Online,2025-11-03,28,0.701
10067,Beauty,241,InStore,2025-11-17,27,0.593
10131,Grocery,138,Online,2025-10-13,27,0.906
10088,Home,248,Pickup,2025-11-17,28,0.943
10029,Beauty,164,Online,2025-11-24,31,0.635
10177,Apparel,151,InStore,2025-11-17,27,0.542
10034,Home,121,InStore,2025-11-10,34,0.536
10100,Apparel,195,InStore,2025-11-03,26,0.721
10097,Grocery,213,Online,2025-11-24,22,0.649
10016,Grocery,179,InStore,2025-10-06,41,0.738
10026,Home,259,Online,2025-11-24,37,0.931
10102,Electronics,132,Pickup,2025-12-22,32,0.883
10024,Apparel,195,Online,2025-11-17,26,0.591
10176,Home,186,Online,2025-10-13,26,0.562
10052,Electronics,187,Pickup,2025-11-17,31,0.529
10075,Beauty,114,Online,2025-10-27,24,0.558
10078,Apparel,209,InStore,2025-11-17,32,0.564
10081,Apparel,103,InStore,2025-12-08,33,0.812
10101,Apparel,201,Online,2025-12-15,29,0.659
10111,Grocery,193,Pickup,2025-12-08,29,0.805
10138,Grocery,100,Pickup,2025-12-22,22,0.713
10091,Grocery,116,Online,2025-10-20,25,0.579
10033,Home,245,InStore,2025-11-17,35,0.567
10098,Beauty,175,InStore,2025-10-06,32,0.797
10140,Grocery,216,Pickup,2025-11-24,33,0.913
10164,Apparel,178,Online,2025-10-27,26,0.603
10075,Electronics,190,Online,2025-10-13,22,0.707
10012,Home,247,Online,2025-12-22,31,0.906
10046,Home,123,InStore,2025-10-27,30,0.685
10123,Grocery,117,InStore,2025-12-01,20,0.586
10119,Beauty,184,InStore,2025-11-10,26,0.532
10161,Home,187,InStore,2025-12-15,31,0.625
10002,Beauty,217,Pickup,2025-12-15,32,0.545
10101,Apparel,232,Pickup,2025-12-08,24,0.942
10091,Beauty,256,Online,2025-12-22,34,0.538
10026,Grocery,130,InStore,2025-10-13,28,0.866
10038,Electronics,107,Online,2025-11-17,26,0.77
10155,Electronics,101,Online,2025-12-15,28,0.674
10106,Grocery,121,Pickup,2025-12-22,33,0.629
10042,Home,207,Pickup,2025-12-22,41,0.526
10127,Beauty,133,InStore,2025-11-03,30,0.603
10050,Electronics,215,InStore,2025-12-01,27,0.716
10123,Beauty,216,Pickup,2025-10-27,36,0.978
10031,Beauty,168,InStore,2025-10-13,37,0.875
10144,Electronics,116,Online,2025-10-06,20,0.549
10113,Beauty,187,Online,2025-10-06,22,0.91
10160,Electronics,200,InStore,2025-11-10,31,0.632
10149,Apparel,109,Online,2025-11-24,35,0.717
10061,Beauty,137,InStore,2025-12-08,31,0.569
10023,Apparel,257,Online,2025-11-24,30,0.587
10140,Electronics,117,Online,2025-10-20,32,0.875
10123,Electronics,163,InStore,2025-10-06,29,0.594
10103,Home,223,Pickup,2025-12-01,25,0.781
10008,Electronics,256,InStore,2025-10-27,30,0.812
10149,Grocery,144,Online,2025-12-15,30,0.895
10021,Home,148,Pickup,2025-12-15,25,0.784
10116,Electronics,176,Pickup,2025-11-03,30,0.817
10015,Grocery,188,InStore,2025-10-13,33,0.501
10156,Grocery,200,InStore,2025-11-03,21,0.825
10052,Home,237,Pickup,2025-12-01,30,0.685
10053,Home,150,Online,2025-10-06,27,0.596
10172,Home,100,Online,2025-12-01,21,0.579
10142,Electronics,186,InStore,2025-11-10,31,0.83
10065,Beauty,197,Pickup,2025-10-06,22,0.835
10040,Electronics,243,Online,2025-12-22,32,0.87
10003,Apparel,145,InStore,2025-11-24,30,0.896
10153,Apparel,258,Pickup,2025-11-17,35,0.516
10147,Beauty,239,InStore,2025-12-22,31,0.681
10100,Grocery,170,Pickup,2025-11-24,36,0.768
10043,Apparel,121,InStore,2025-11-03,31,0.725
10013,Grocery,243,InStore,2025-10-13,35,0.64
10093,Grocery,228,Pickup,2025-10-06,40,0.738
10072,Electronics,235,Pickup,2025-10-06,23,0.724
10023,Beauty,176,Pickup,2025-11-24,22,0.734
10133,Apparel,208,Pickup,2025-12-15,31,0.854
10045,Electronics,148,Online,2025-11-03,25,0.545
10079,Grocery,211,Pickup,2025-10-20,31,0.512
10118,Home,255,Pickup,2025-10-27,33,0.637
10061,Apparel,222,InStore,2025-11-24,35,0.752
10109,Apparel,130,Online,2025-11-03,30,0.657
10004,Apparel,161,Online,2025-11-24,33,0.841
10016,Apparel,194,Online,2025-12-15,19,0.526
10068,Grocery,181,Pickup,2025-12-22,33,0.827
10090,Grocery,220,Pickup,2025-12-22,25,0.77
10132,Beauty,213,Pickup,2025-12-08,32,0.551
10160,Grocery,172,Pickup,2025-11-03,30,0.628
10002,Electronics,241,InStore,2025-12-08,29,0.827
10074,Home,121,InStore,2025-11-03,28,0.932
10149,Electronics,137,InStore,2025-10-06,33,0.919
10064,Apparel,128,InStore,2025-10-20,28,0.561
10081,Home,204,Pickup,2025-12-22,32,0.746
10130,Electronics,232,InStore,2025-12-15,26,0.801
10117,Electronics,168,InStore,2025-11-03,30,0.723
10124,Home,216,InStore,2025-11-17,33,0.527
10168,Apparel,230,Pickup,2025-10-27,24,0.789
10121,Grocery,134,InStore,2025-11-24,30,0.885
10119,Beauty,211,InStore,2025-12-15,33,0.687
10022,Home,106,InStore,2025-12-08,34,0.854
10032,Home,196,InStore,2025-12-08,30,0.795
10091,Home,170,Online,2025-10-13,23,0.926
10120,Grocery,159,InStore,2025-11-17,26,0.776
10118,Electronics,110,Online,2025-12-15,30,0.664
10112,Home,250,Online,2025-10-27,26,0.837
10058,Apparel,212,InStore,2025-11-03,26,0.682
10071,Grocery,200,Online,2025-12-15,25,0.517
10153,Apparel,190,Pickup,2025-12-01,33,0.566
10166,Beauty,228,Pickup,2025-12-22,32,0.925
10098,Electronics,175,Pickup,2025-12-15,22,0.771
10139,Electronics,180,Pickup,2025-10-27,26,0.669
10087,Home,223,Online,2025-10-13,30,0.639
10173,Home,134,InStore,2025-10-20,43,0.657
10165,Apparel,152,InStore,2025-12-01,31,0.743
10075,Home,136,Pickup,2025-12-01,46,0.514
10104,Apparel,200,Online,2025-11-10,16,0.835
10073,Beauty,222,Online,2025-10-06,21,0.975
10023,Apparel,155,Online,2025-11-17,21,0.511
10100,Beauty,122,Online,2025-11-17,25,0.602
10040,Beauty,251,InStore,2025-12-15,24,0.746
10077,Beauty,127,Online,2025-10-06,26,0.874
10060,Electronics,177,InStore,2025-11-10,34,0.786
10167,Home,197,Online,2025-12-22,27,0.826
10039,Beauty,162,Pickup,2025-10-06,22,0.828
10050,Grocery,194,InStore,2025-10-20,36,0.93
10111,Home,154,Pickup,2025-11-24,39,0.828
10123,Apparel,105,Pickup,2025-11-10,28,0.555
10150,Apparel,144,Online,2025-12-15,29,0.627
10040,Home,250,Online,2025-12-15,29,0.85
10054,Grocery,249,Pickup,2025-11-03,24,0.698
10164,Electronics,136,InStore,2025-12-01,33,0.781
10000,Apparel,254,InStore,2025-11-10,28,0.961
10018,Beauty,134,Online,2025-11-10,28,0.526
10006,Home,150,InStore,2025-11-24,24,0.953
10118,Apparel,122,Pickup,2025-12-08,29,0.79
10068,Electronics,221,Online,2025-12-08,36,0.588
10166,Electronics,240,InStore,2025-10-27,22,0.907
10147,Apparel,129,Online,2025-10-27,29,0.734
10122,Home,144,Online,2025-10-27,32,0.615
10045,Beauty,160,Online,2025-10-06,31,0.966
10135,Apparel,151,InStore,2025-12-08,36,0.81
10170,Electronics,191,InStore,2025-10-06,21,0.78
10093,Beauty,215,Pickup,2025-12-15,30,0.624
10076,Beauty,104,InStore,2025-10-27,35,0.535
10167,Apparel,248,Online,2025-11-03,29,0.928
10010,Electronics,238,Pickup,2025-10-27,48,0.761
10174,Electronics,233,Pickup,2025-10-13,24,0.551
10035,Grocery,143,Pickup,2025-11-17,28,0.978
10022,Electronics,107,Pickup,2025-12-08,27,0.634
10127,Beauty,148,Pickup,2025-11-24,40,0.91
10049,Grocery,242,Online,2025-11-24,29,0.889
10011,Grocery,101,Online,2025-12-01,22,0.771
10035,Apparel,203,Pickup,2025-10-13,33,0.847
10112,Home,100,Online,2025-12-15,32,0.951
10089,Electronics,206,Pickup,2025-10-13,27,0.557
10088,Apparel,146,Online,2025-10-27,27,0.601
10170,Apparel,151,InStore,2025-11-17,24,0.848
10000,Home,259,Pickup,2025-11-24,35,0.62
10104,Electronics,127,Pickup,2025-12-22,27,0.566
10170,Beauty,256,InStore,2025-11-17,28,0.802
10129,Home,202,Pickup,2025-11-03,36,0.6
10133,Electronics,232,InStore,2025-10-27,27,0.887
10128,Grocery,146,Pickup,2025-11-17,32,0.763
10082,Apparel,193,Pickup,2025-12-22,28,0.604
10133,Grocery,205,Pickup,2025-10-06,36,0.785
10057,Electronics,118,Pickup,2025-11-03,35,0.611
10035,Grocery,105,InStore,2025-10-06,28,0.757
10106,Electronics,124,Pickup,2025-12-15,28,0.832
10058,Beauty,217,Online,2025-12-22,26,0.85
10105,Home,249,Pickup,2025-10-13,36,0.618
10071,Home,137,Pickup,2025-11-24,31,0.954
10061,Electronics,106,Pickup,2025-11-24,32,0.606
10152,Home,240,Pickup,2025-11-24,29,0.731
10064,Electronics,116,Online,2025-12-22,30,0.771
10166,Apparel,159,Online,2025-12-08,36,0.816
10013,Home,174,Online,2025-10-20,37,0.919
10141,Grocery,144,Pickup,2025-10-20,44,0.563
10046,Grocery,195,Online,2025-11-10,30,0.667
10148,Home,167,InStore,2025-11-17,25,0.65
10009,Beauty,133,Pickup,2025-10-27,37,0.779
10173,Apparel,165,Pickup,2025-12-08,24,0.657
10141,Beauty,111,InStore,2025-12-01,29,0.666
10126,Home,105,InStore,2025-11-17,26,0.945
10121,Beauty,213,Online,2025-11-03,35,0.753
10072,Grocery,106,InStore,2025-11-24,47,0.638
10118,Beauty,167,InStore,2025-10-13,30,0.65
10092,Electronics,219,Online,2025-12-15,35,0.675
10043,Home,219,InStore,2025-12-01,30,0.662
10069,Electronics,236,Online,2025-10-06,29,0.535
10062,Grocery,228,InStore,2025-12-15,28,0.503
10106,Electronics,233,Pickup,2025-11-03,39,0.76
10031,Grocery,249,Pickup,2025-12-15,30,0.782
10012,Beauty,185,Online,2025-12-08,25,0.806
10042,Electronics,172,Online,2025-11-24,37,0.788
10084,Apparel,168,Pickup,2025-12-15,23,0.748
10022,Electronics,192,Pickup,2025-12-15,34,0.803
10050,Beauty,189,Pickup,2025-11-03,40,0.743
10020,Electronics,133,Online,2025-12-08,28,0.606
10005,Electronics,170,Pickup,2025-11-10,33,0.682
10166,Beauty,226,Online,2025-11-10,28,0.567
10079,Beauty,243,Online,2025-12-22,24,0.704
10059,Home,107,InStore,2025-10-13,17,0.528
10086,Home,129,Online,2025-12-15,20,0.661
10000,Electronics,185,Pickup,2025-12-22,26,0.556
10126,Beauty,177,Online,2025-10-06,30,0.57
10017,Beauty,196,InStore,2025-11-24,33,0.678
10010,Home,214,Pickup,2025-12-15,37,0.937
10142,Electronics,123,InStore,2025-10-27,35,0.576
10122,Home,221,Pickup,2025-10-06,27,0.555
10156,Electronics,170,InStore,2025-12-01,29,0.852
10151,Electronics,140,Online,2025-11-17,22,0.796
10144,Home,209,InStore,2025-12-15,37,0.795
10112,Beauty,257,Online,2025-11-17,32,0.668
10029,Grocery,143,Online,2025-10-13,32,0.525
10142,Electronics,145,InStore,2025-12-01,32,0.755
10008,Grocery,200,Online,2025-12-22,26,0.768
10004,Electronics,205,Pickup,2025-11-24,27,0.84
10145,Apparel,205,Pickup,2025-11-03,24,0.777
10123,Home,237,Online,2025-12-15,26,0.574
10007,Apparel,157,InStore,2025-12-08,26,0.772
10101,Apparel,219,InStore,2025-12-01,25,0.705
10156,Grocery,104,Online,2025-10-27,27,0.698
10116,Apparel,226,Online,2025-11-17,33,0.792
10068,Grocery,132,InStore,2025-12-08,27,0.533
10034,Home,110,Online,2025-10-27,25,0.766
10137,Home,127,Online,2025-10-06,37,0.751
10026,Grocery,191,Online,2025-11-24,33,0.753
10157,Electronics,108,Pickup,2025-11-03,36,0.851
10027,Electronics,237,Pickup,2025-11-24,23,0.752
10062,Electronics,110,Online,2025-10-13,45,0.681
10047,Beauty,122,InStore,2025-11-17,33,0.663
10023,Home,109,Online,2025-11-03,24,0.874
10077,Apparel,219,InStore,2025-11-17,31,0.535
10110,Home,209,Pickup,2025-10-06,23,0.682
10005,Apparel,221,Online,2025-10-13,30,0.714
10177,Home,235,InStore,2025-10-13,28,0.94
10168,Grocery,256,InStore,2025-10-13,33,0.523
10023,Beauty,237,Pickup,2025-10-13,38,0.649
10037,Home,145,Pickup,2025-10-06,31,0.848
10108,Home,182,Pickup,2025-12-15,28,0.851
10124,Home,193,Pickup,2025-12-08,26,0.67
10068,Grocery,205,InStore,2025-10-27,28,0.886
10168,Grocery,174,Online,2025-12-08,34,0.582
10128,Apparel,119,InStore,2025-10-06,31,0.86
10051,Electronics,176,Online,2025-11-03,17,0.793
10096,Electronics,215,Online,2025-11-17,37,0.666
10123,Electronics,159,Pickup,2025-10-27,30,0.591
10039,Home,143,InStore,2025-12-22,39,0.578
10172,Electronics,143,Pickup,2025-12-01,30,0.578
10036,Apparel,257,InStore,2025-12-22,27,0.607
10080,Grocery,189,Online,2025-11-10,27,0.536
10030,Apparel,160,InStore,2025-10-20,32,0.816
10131,Grocery,126,Online,2025-12-08,26,0.557
10087,Beauty,138,InStore,2025-12-08,29,0.879
10110,Grocery,218,Pickup,2025-11-10,34,0.658
10018,Home,221,Pickup,2025-10-06,27,0.793
10056,Grocery,241,InStore,2025-10-27,29,0.639
10160,Grocery,235,InStore,2025-11-03,20,0.776
10099,Home,233,Pickup,2025-11-03,25,0.631
10177,Grocery,163,InStore,2025-11-03,23,0.686
10038,Home,182,InStore,2025-11-03,29,0.769
10092,Electronics,243,InStore,2025-11-10,27,0.616
10002,Home,153,InStore,2025-11-03,26,0.698
10155,Beauty,147,InStore,2025-12-08,31,0.526
10046,Beauty,111,Pickup,2025-12-22,38,0.862
10159,Beauty,258,Online,2025-11-03,29,0.791
10133,Electronics,156,Pickup,2025-11-24,28,0.897
10001,Apparel,195,InStore,2025-10-20,28,0.811
10103,Grocery,126,InStore,2025-11-17,36,0.908
10167,Electronics,178,Pickup,2025-12-01,24,0.846
10112,Beauty,203,Online,2025-10-13,32,0.932
10175,Electronics,144,InStore,2025-11-10,28,0.686
10013,Home,255,InStore,2025-10-06,25,0.62
10016,Apparel,201,InStore,2025-12-01,35,0.842
10101,Grocery,185,Pickup,2025-11-10,35,0.807
10123,Electronics,134,InStore,2025-10-20,33,0.852
10140,Apparel,216,Pickup,2025-12-15,34,0.579
10104,Apparel,166,Pickup,2025-11-17,30,0.654
10148,Beauty,239,InStore,2025-12-15,23,0.784
10007,Home,231,InStore,2025-10-20,29,0.647
10175,Grocery,124,Pickup,2025-10-06,33,0.64
10008,Electronics,183,Online,2025-10-13,47,0.784
10098,Beauty,211,Online,2025-12-01,19,0.831
10153,Electronics,259,Pickup,2025-11-03,27,0.731
10064,Beauty,173,Online,2025-11-17,32,0.531
10092,Beauty,138,InStore,2025-12-08,34,0.892
10114,Home,138,InStore,2025-10-06,37,0.798
10155,Beauty,148,Pickup,2025-12-22,34,0.62
10030,Grocery,136,InStore,2025-10-27,38,0.949
10043,Grocery,150,Online,2025-11-03,23,0.523
10165,Grocery,180,Pickup,2025-11-24,26,0.513
10025,Beauty,220,Pickup,2025-12-22,22,0.597
10120,Home,217,InStore,2025-10-27,26,0.536
10164,Grocery,225,InStore,2025-12-08,20,0.792
10115,Beauty,114,Pickup,2025-12-01,39,0.743
10047,Apparel,145,Pickup,2025-12-15,32,0.927
10022,Beauty,224,InStore,2025-12-22,25,0.68
10170,Grocery,216,Pickup,2025-12-01,28,0.547
10000,Beauty,194,Online,2025-10-27,28,0.681
10001,Electronics,148,InStore,2025-11-03,28,0.914
10007,Beauty,117,Pickup,2025-11-17,31,0.575
10025,Grocery,181,Online,2025-11-17,39,0.975
10035,Beauty,107,Online,2025-11-03,31,0.791
10124,Electronics,144,InStore,2025-10-13,33,0.776
10014,Home,169,Pickup,2025-11-03,36,0.963
10087,Beauty,172,InStore,2025-12-01,34,0.725
10136,Beauty,108,InStore,2025-11-24,19,0.834
10102,Beauty,187,InStore,2025-11-24,28,0.642
10096,Beauty,111,Online,2025-11-03,25,0.897
10170,Grocery,215,Pickup,2025-10-13,24,0.956
10169,Beauty,232,InStore,2025-11-03,28,0.857
10058,Home,150,Online,2025-11-03,23,0.722
10071,Apparel,184,Pickup,2025-10-20,27,0.551
10150,Home,251,Online,2025-10-27,33,0.528
10122,Apparel,217,InStore,2025-10-13,36,0.694
10062,Grocery,193,Online,2025-11-17,41,0.632
10132,Home,253,InStore,2025-11-03,27,0.811
10062,Electronics,247,Online,2025-10-06,31,0.549
10168,Grocery,185,Pickup,2025-11-24,25,0.515
10061,Electronics,197,Pickup,2025-12-08,25,0.782
10156,Apparel,175,Online,2025-12-01,29,0.822
10084,Home,241,Pickup,2025-10-27,31,0.53
10049,Grocery,142,Online,2025-10-20,24,0.758
10123,Apparel,133,Pickup,2025-12-01,35,0.601
10007,Apparel,257,Online,2025-12-22,43,0.581
10024,Grocery,198,Pickup,2025-11-03,30,0.607
10105,Apparel,110,Online,2025-12-15,36,0.939
10047,Home,146,Online,2025-10-20,35,0.581
10118,Electronics,161,InStore,2025-11-10,33,0.863
10005,Electronics,220,Online,2025-11-10,35,0.555
10071,Home,187,Online,2025-12-01,41,0.772
10099,Electronics,157,Pickup,2025-11-10,40,0.859
10038,Apparel,155,Online,2025-12-22,24,0.695
10055,Grocery,232,Online,2025-12-01,36,0.898
10130,Electronics,147,Pickup,2025-12-22,35,0.612
10062,Home,259,Online,2025-10-27,32,0.686
10073,Home,240,Pickup,2025-11-03,29,0.771
10158,Electronics,128,Pickup,2025-12-22,29,0.92
10055,Home,125,InStore,2025-11-03,24,0.746
10042,Electronics,124,InStore,2025-12-15,35,0.745
10016,Home,207,Pickup,2025-12-15,31,0.835
10019,Apparel,107,Pickup,2025-11-24,25,0.872
10027,Apparel,172,InStore,2025-12-08,29,0.925
10113,Electronics,104,Pickup,2025-12-01,22,0.509
10117,Grocery,205,Pickup,2025-12-22,25,0.857
10147,Electronics,210,Online,2025-11-10,32,0.946
10049,Grocery,207,Pickup,2025-10-27,34,0.958
10119,Electronics,107,Online,2025-12-15,32,0.899
10105,Electronics,124,InStore,2025-10-06,32,0.643
10097,Grocery,131,Pickup,2025-11-03,25,0.535
10179,Home,203,Pickup,2025-12-08,36,0.906
10079,Home,206,Pickup,2025-10-13,38,0.646
10142,Apparel,122,Online,2025-10-13,20,0.73
10080,Grocery,239,InStore,2025-12-08,32,0.505
10175,Home,163,InStore,2025-11-17,24,0.602
10091,Beauty,215,Online,2025-12-15,33,0.733
10145,Electronics,136,Online,2025-10-20,27,0.927
10172,Apparel,144,Online,2025-11-17,32,0.781
10058,Home,141,Pickup,2025-10-20,29,0.902
10023,Home,158,InStore,2025-11-03,32,0.691
10156,Home,171,InStore,2025-10-06,33,0.903
10034,Home,236,Online,2025-12-08,32,0.759
10131,Beauty,106,Pickup,2025-10-06,29,0.676
10109,Beauty,158,Online,2025-10-20,42,0.925
10040,Electronics,171,Pickup,2025-12-15,30,0.532
10045,Beauty,104,InStore,2025-12-22,27,0.747
10134,Electronics,182,Online,2025-12-22,33,0.656
10012,Apparel,125,InStore,2025-11-03,22,0.567
10085,Electronics,100,Online,2025-10-27,34,0.85
10107,Electronics,153,Online,2025-11-10,39,0.679
10015,Apparel,175,Pickup,2025-11-03,26,0.861
10034,Home,182,Online,2025-11-24,27,0.869
10058,Apparel,156,Pickup,2025-11-03,23,0.684
10151,Electronics,109,Pickup,2025-11-17,33,0.906
10125,Home,131,Pickup,2025-11-03,31,0.818
10149,Electronics,129,Online,2025-10-20,32,0.965
10003,Apparel,184,Online,2025-11-17,33,0.955
10026,Beauty,118,InStore,2025-11-24,27,0.679
10143,Electronics,249,Pickup,2025-10-27,23,0.7
10128,Home,133,Online,2025-11-17,20,0.841
10157,Grocery,228,Online,2025-11-03,28,0.978
10136,Apparel,168,Online,2025-12-08,37,0.934
10069,Home,204,Pickup,2025-12-08,21,0.828
10165,Beauty,227,Online,2025-11-03,30,0.951
10001,Beauty,122,Online,2025-10-13,29,0.548
10086,Electronics,115,Pickup,2025-10-27,38,0.93
10168,Home,181,Online,2025-10-27,33,0.806
10080,Home,105,Online,2025-10-13,32,0.753
10169,Grocery,176,Online,2025-10-27,27,0.887
10072,Home,206,Online,2025-10-06,31,0.899
10069,Electronics,184,InStore,2025-12-01,29,0.965
10095,Grocery,201,InStore,2025-11-24,27,0.973
10026,Apparel,140,Pickup,2025-11-24,28,0.95
10095,Beauty,133,Online,2025-12-15,23,0.617
10056,Electronics,217,Pickup,2025-11-17,22,0.81
10169,Grocery,242,Online,2025-10-13,29,0.789
10109,Home,164,Pickup,2025-12-15,31,0.918
10005,Home,224,Pickup,2025-10-13,28,0.563
10034,Electronics,211,Pickup,2025-12-15,29,0.582
10129,Home,158,Online,2025-11-24,42,0.68
10045,Apparel,170,InStore,2025-11-03,30,0.808
10095,Apparel,147,InStore,2025-10-06,18,0.88
10035,Electronics,160,Online,2025-12-22,29,0.565
10014,Beauty,129,Online,2025-10-13,40,0.705
10031,Apparel,217,Pickup,2025-10-20,26,0.584
10000,Home,217,Pickup,2025-10-13,35,0.503
10119,Electronics,215,Online,2025-11-17,37,0.626
10078,Electronics,150,Online,2025-10-27,31,0.761
10099,Beauty,259,Pickup,2025-10-27,25,0.658
10095,Apparel,148,Online,2025-11-03,35,0.977
10045,Apparel,142,Online,2025-12-01,30,0.962
10155,Home,171,InStore,2025-11-03,28,0.817
10120,Beauty,131,InStore,2025-12-01,36,0.757
10066,Electronics,160,Online,2025-10-06,24,0.73
10034,Home,168,Pickup,2025-11-10,29,0.586
10103,Home,159,InStore,2025-10-20,24,0.869
10025,Home,188,Online,2025-11-10,36,0.722
10082,Beauty,122,InStore,2025-12-15,23,0.976
10097,Beauty,125,Pickup,2025-10-27,28,0.802
10125,Grocery,250,Pickup,2025-10-13,25,0.904
10010,Electronics,249,Pickup,2025-10-27,22,0.635
10108,Electronics,196,InStore,2025-11-03,31,0.761
10127,Grocery,155,InStore,2025-11-24,38,0.687
10040,Electronics,170,Online,2025-11-24,30,0.619
10127,Beauty,214,InStore,2025-11-17,37,0.592
10146,Electronics,115,InStore,2025-10-27,32,0.688
10151,Grocery,226,InStore,2025-11-10,21,0.92
10108,Electronics,191,InStore,2025-10-27,28,0.545
10029,Apparel,119,Pickup,2025-10-13,34,0.617
10035,Apparel,157,Pickup,2025-12-08,34,0.933
10105,Beauty,174,Online,2025-11-10,18,0.808
10166,Beauty,142,Pickup,2025-10-06,27,0.53
10041,Home,218,InStore,2025-12-01,43,0.711
10080,Beauty,114,Pickup,2025-11-17,32,0.737
10025,Home,114,Online,2025-12-22,35,0.548
10092,Grocery,132,Pickup,2025-10-20,37,0.91
10008,Apparel,239,InStore,2025-12-22,30,0.763
10073,Grocery,103,InStore,2025-12-22,40,0.652
10164,Beauty,113,InStore,2025-12-01,30,0.757
10093,Grocery,233,Online,2025-11-17,29,0.568
10084,Apparel,166,Pickup,2025-11-03,31,0.522
10058,Beauty,128,InStore,2025-12-15,24,0.938
10054,Grocery,136,Pickup,2025-12-15,23,0.565
10031,Home,228,InStore,2025-11-03,40,0.722
10047,Beauty,234,InStore,2025-11-24,31,0.744
10174,Electronics,115,Pickup,2025-10-20,36,0.959
10088,Home,195,Online,2025-10-13,48,0.773
10105,Home,182,InStore,2025-11-03,33,0.87
10152,Apparel,136,Pickup,2025-10-27,30,0.952
10079,Apparel,213,Pickup,2025-11-03,37,0.668
10141,Grocery,209,Pickup,2025-10-13,40,0.507
10153,Electronics,252,Online,2025-11-24,33,0.513
10081,Home,166,Pickup,2025-10-20,28,0.699
10120,Home,143,InStore,2025-11-03,23,0.897
10026,Electronics,200,InStore,2025-12-01,35,0.793
10148,Grocery,199,Pickup,2025-12-22,24,0.541
10162,Electronics,204,Pickup,2025-10-20,32,0.91
10035,Beauty,140,InStore,2025-11-10,36,0.9
10113,Grocery,211,Online,2025-12-22,25,0.965
10016,Home,230,Online,2025-12-15,28,0.515
10110,Grocery,172,Pickup,2025-12-08,26,0.662
10078,Electronics,148,InStore,2025-10-13,24,0.599
10003,Grocery,141,InStore,2025-12-01,37,0.628
10130,Electronics,102,Pickup,2025-10-20,31,0.804
10099,Home,151,Pickup,2025-11-03,30,0.719
10068,Electronics,231,Online,2025-10-20,31,0.509
10022,Beauty,167,Pickup,2025-12-15,27,0.87
10154,Apparel,218,Online,2025-11-24,29,0.599
10167,Electronics,131,Online,2025-11-24,35,0.534
10160,Apparel,105,Pickup,2025-10-20,34,0.913
10040,Home,155,InStore,2025-12-15,24,0.623
10004,Grocery,135,Online,2025-12-15,27,0.835
10013,Beauty,140,InStore,2025-12-22,25,0.917
10140,Apparel,154,InStore,2025-10-06,35,0.931
10028,Electronics,214,Online,2025-10-20,33,0.553
10050,Home,258,Pickup,2025-10-13,32,0.909
10131,Electronics,115,Online,2025-11-10,21,0.636
10105,Electronics,197,Pickup,2025-11-10,23,0.96
10096,Grocery,246,Pickup,2025-12-22,32,0.535
10072,Home,195,InStore,2025-12-08,28,0.562
10121,Electronics,129,Pickup,2025-10-27,39,0.934
10103,Grocery,149,InStore,2025-10-13,28,0.647
10165,Beauty,105,Pickup,2025-10-20,27,0.939
10067,Home,214,InStore,2025-12-15,32,0.825
10178,Electronics,116,Pickup,2025-11-17,37,0.834
10024,Electronics,105,Online,2025-12-15,28,0.879
10124,Home,199,Online,2025-12-22,30,0.692
10022,Grocery,134,Pickup,2025-12-01,25,0.814
10170,Electronics,226,InStore,2025-11-10,26,0.806
10170,Electronics,220,Online,2025-11-03,30,0.945
10105,Electronics,148,Pickup,2025-11-03,35,0.971
10004,Home,169,Pickup,2025-12-01,30,0.696
10117,Grocery,174,InStore,2025-11-24,17,0.726
10066,Beauty,258,Pickup,2025-11-24,24,0.801
10166,Apparel,226,InStore,2025-10-06,24,0.903
10175,Apparel,195,Pickup,2025-10-06,23,0.68
10079,Beauty,110,InStore,2025-12-08,28,0.698
10065,Apparel,212,Pickup,2025-12-15,30,0.635
10085,Beauty,252,InStore,2025-10-06,29,0.725
10066,Grocery,125,Online,2025-11-17,36,0.907
10013,Electronics,182,Pickup,2025-10-06,40,0.768
10006,Beauty,153,InStore,2025-10-06,23,0.814
10169,Apparel,213,InStore,2025-12-08,25,0.968
10172,Grocery,172,Pickup,2025-12-01,30,0.955
10073,Electronics,157,Pickup,2025-12-01,24,0.897
10148,Grocery,116,Online,2025-12-22,31,0.615
10131,Grocery,130,Online,2025-12-22,27,0.65
10078,Grocery,122,InStore,2025-11-17,32,0.946
10149,Beauty,122,InStore,2025-10-20,23,0.522
10119,Apparel,255,InStore,2025-11-17,27,0.945
10152,Grocery,246,Pickup,2025-12-22,26,0.798
10176,Apparel,234,InStore,2025-12-22,33,0.649
10029,Home,149,InStore,2025-11-10,35,0.555
10033,Beauty,209,InStore,2025-11-10,27,0.896
10161,Home,126,Pickup,2025-11-03,32,0.94
10056,Beauty,101,InStore,2025-11-03,31,0.525
10034,Electronics,141,Online,2025-12-01,27,0.679
10172,Grocery,198,Online,2025-11-17,27,0.578
10077,Beauty,217,Pickup,2025-10-06,19,0.762
10006,Home,187,Pickup,2025-11-03,25,0.931
10056,Grocery,167,Online,2025-11-10,27,0.541
10001,Beauty,221,Online,2025-10-20,28,0.894
10063,Apparel,140,InStore,2025-10-27,28,0.893
10166,Apparel,111,Pickup,2025-12-08,28,0.947
10160,Electronics,127,InStore,2025-11-17,47,0.595
10089,Home,219,Online,2025-10-20,25,0.554
10119,Electronics,256,InStore,2025-10-20,29,0.905
10138,Beauty,106,Pickup,2025-11-10,32,0.688
10146,Beauty,224,Pickup,2025-12-15,24,0.743
10153,Apparel,210,Online,2025-11-10,35,0.547
10019,Grocery,150,InStore,2025-12-08,29,0.746
10064,Electronics,117,Pickup,2025-11-03,28,0.96
10086,Grocery,199,Online,2025-12-08,31,0.817
10049,Home,166,Pickup,2025-12-22,22,0.804
10146,Home,112,Pickup,2025-11-24,25,0.676
10013,Apparel,167,InStore,2025-11-24,27,0.894
10032,Apparel,223,Pickup,2025-10-06,37,0.806
10030,Grocery,256,Online,2025-11-10,30,0.874
10090,Beauty,238,Online,2025-10-06,30,0.889
10135,Grocery,130,InStore,2025-12-01,38,0.561
10164,Beauty,240,InStore,2025-10-27,27,0.804
10084,Grocery,160,InStore,2025-11-03,28,0.925
10031,Grocery,209,Pickup,2025-11-03,38,0.85
10055,Home,179,Pickup,2025-12-01,31,0.882
10145,Grocery,186,Online,2025-10-20,32,0.703
10041,Apparel,179,Pickup,2025-12-01,24,0.927
10088,Beauty,180,Pickup,2025-10-13,29,0.5
10016,Home,232,InStore,2025-12-22,32,0.747
10176,Home,188,Pickup,2025-11-10,25,0.921
10118,Beauty,145,Online,2025-11-03,18,0.911
10167,Grocery,116,InStore,2025-10-06,37,0.645
10012,Home,142,InStore,2025-12-01,31,0.536
10143,Apparel,155,InStore,2025-10-06,26,0.564
10050,Beauty,130,InStore,2025-12-22,29,0.764
10119,Beauty,112,Pickup,2025-10-20,28,0.775
10019,Beauty,115,Online,2025-12-22,37,0.66
10044,Home,240,Online,2025-12-22,30,0.634
10125,Home,210,Pickup,2025-10-27,30,0.897
10121,Apparel,181,InStore,2025-10-20,30,0.657
10058,Home,224,Pickup,2025-10-27,27,0.508
10040,Home,190,Online,2025-10-27,34,0.963
10041,Beauty,134,InStore,2025-12-22,24,0.645
10044,Electronics,114,InStore,2025-11-24,20,0.875
10103,Home,231,InStore,2025-12-22,30,0.544
10169,Electronics,181,Online,2025-10-27,27,0.792
10005,Apparel,116,InStore,2025-11-24,36,0.76
10083,Apparel,124,Online,2025-12-15,36,0.557
10021,Beauty,113,Online,2025-12-01,30,0.662
10016,Grocery,102,Online,2025-12-08,25,0.519
10113,Apparel,164,InStore,2025-12-15,29,0.722
10092,Apparel,230,Online,2025-11-24,25,0.757
10143,Beauty,228,InStore,2025-12-01,26,0.747
10133,Home,238,Pickup,2025-11-03,27,0.974
10137,Beauty,152,Pickup,2025-11-24,25,0.892
10041,Home,248,InStore,2025-11-10,30,0.812
10036,Home,145,Online,2025-12-22,29,0.975
10097,Home,142,Pickup,2025-10-20,22,0.564
10162,Apparel,193,Online,2025-11-03,26,0.724
10125,Apparel,157,InStore,2025-11-10,22,0.898
10133,Beauty,102,Pickup,2025-12-08,32,0.63
10078,Electronics,152,InStore,2025-11-03,34,0.886
10175,Home,172,Online,2025-11-17,50,0.539
10002,Electronics,136,Online,2025-10-06,24,0.719
10058,Grocery,161,Pickup,2025-12-15,23,0.824
10053,Beauty,202,Online,2025-11-24,31,0.942
10078,Beauty,254,Pickup,2025-11-03,38,0.835
10107,Home,100,InStore,2025-10-06,31,0.584
10160,Grocery,227,Pickup,2025-11-03,39,0.845
10156,Electronics,232,Online,2025-12-15,34,0.912
10124,Electronics,152,InStore,2025-10-20,25,0.837
10022,Electronics,146,Pickup,2025-12-08,23,0.681
10174,Grocery,107,Pickup,2025-10-20,26,0.886
10025,Apparel,159,Pickup,2025-12-15,32,0.544
10162,Home,255,InStore,2025-10-13,28,0.932
10014,Beauty,117,InStore,2025-12-01,23,0.887
10052,Electronics,111,InStore,2025-11-10,36,0.612
10112,Electronics,129,InStore,2025-12-01,30,0.945
10096,Grocery,181,Online,2025-12-08,22,0.795
10077,Home,131,Pickup,2025-11-24,46,0.791
10107,Electronics,112,InStore,2025-10-20,30,0.507
10125,Grocery,222,Pickup,2025-10-13,32,0.656
10129,Grocery,161,Online,2025-12-08,19,0.806
10050,Home,230,InStore,2025-12-15,27,0.956
10024,Apparel,243,Online,2025-10-20,30,0.764
10030,Grocery,216,Pickup,2025-12-15,29,0.605
10032,Grocery,202,Pickup,2025-11-10,35,0.833
10043,Apparel,127,Pickup,2025-11-24,25,0.722
10095,Electronics,130,Pickup,2025-10-06,33,0.841
10159,Grocery,216,InStore,2025-10-20,20,0.693
10092,Apparel,128,InStore,2025-10-13,32,0.754
10050,Beauty,183,Online,2025-11-17,26,0.682
10025,Electronics,229,Online,2025-10-20,29,0.736
10005,Grocery,210,Pickup,2025-11-17,33,0.56
10097,Electronics,252,InStore,2025-10-13,32,0.553
10087,Home,258,InStore,2025-10-20,25,0.779
10011,Grocery,188,Online,2025-10-20,30,0.654
10147,Electronics,213,InStore,2025-10-06,39,0.558
10147,Home,126,Online,2025-11-03,26,0.849
10102,Electronics,210,Pickup,2025-12-15,39,0.602
10173,Apparel,153,Online,2025-10-20,33,0.806
10143,Electronics,181,Pickup,2025-10-27,34,0.979
10058,Apparel,164,InStore,2025-11-10,28,0.689
10011,Apparel,234,Pickup,2025-10-13,28,0.525
10172,Grocery,104,Online,2025-10-27,29,0.719
10122,Beauty,155,Online,2025-10-13,22,0.553
10122,Electronics,161,Online,2025-11-03,28,0.928
10002,Apparel,155,Online,2025-10-13,31,0.699
10146,Beauty,160,Pickup,2025-12-15,32,0.702
10172,Electronics,131,InStore,2025-11-17,37,0.839
10046,Home,243,Online,2025-12-08,33,0.875
10165,Electronics,158,Pickup,2025-10-27,30,0.939
10095,Beauty,104,Pickup,2025-11-24,38,0.578
10096,Electronics,148,Online,2025-12-01,24,0.91
10053,Grocery,233,Online,2025-12-01,20,0.938
10049,Home,130,Pickup,2025-10-20,31,0.686
10153,Electronics,128,InStore,2025-11-10,24,0.71
10087,Electronics,247,Online,2025-11-17,20,0.963
10010,Apparel,203,Pickup,2025-10-20,35,0.943
10000,Apparel,104,Online,2025-12-15,34,0.948
10001,Apparel,149,Pickup,2025-12-08,27,0.72
10016,Grocery,185,Online,2025-10-20,19,0.599
10055,Apparel,193,InStore,2025-12-22,33,0.748
10124,Grocery,233,InStore,2025-12-01,19,0.828
10089,Electronics,257,Pickup,2025-11-17,21,0.97
10039,Apparel,197,InStore,2025-12-15,35,0.654
10078,Home,138,Pickup,2025-10-06,27,0.967
10048,Electronics,254,Pickup,2025-11-24,19,0.656
10114,Apparel,160,InStore,2025-10-06,31,0.599
10139,Beauty,224,Online,2025-12-01,32,0.782
10108,Home,168,Online,2025-12-15,42,0.603
10070,Home,114,Pickup,2025-11-17,30,0.978
10138,Grocery,168,Online,2025-10-20,30,0.677
10151,Home,109,Online,2025-10-20,25,0.725
10007,Grocery,176,InStore,2025-10-20,29,0.872
10172,Apparel,218,Pickup,2025-10-20,33,0.542
10021,Home,121,Pickup,2025-10-20,27,0.854
10176,Home,134,Pickup,2025-10-06,28,0.894
10039,Beauty,156,Pickup,2025-12-22,36,0.835
10008,Home,117,Pickup,2025-10-20,36,0.798
10118,Electronics,132,Pickup,2025-11-17,23,0.901
10083,Apparel,248,Online,2025-10-27,23,0.849
10136,Grocery,183,InStore,2025-12-22,32,0.701
10082,Apparel,187,InStore,2025-10-13,29,0.591
10132,Home,185,Pickup,2025-12-22,30,0.679
10002,Grocery,143,InStore,2025-11-24,27,0.931
10144,Grocery,180,Online,2025-10-20,24,0.82
10134,Electronics,132,Online,2025-12-01,35,0.629
10160,Apparel,175,Pickup,2025-11-03,31,0.732
10087,Grocery,139,Pickup,2025-12-08,25,0.572
10120,Home,185,InStore,2025-12-08,35,0.94
10131,Beauty,116,Online,2025-12-01,33,0.518
10110,Electronics,159,Pickup,2025-11-17,36,0.702
10150,Electronics,242,Pickup,2025-11-17,28,0.861
10173,Beauty,140,Pickup,2025-12-01,41,0.575
10177,Electronics,211,Online,2025-11-17,28,0.74
10044,Electronics,152,Online,2025-11-24,34,0.73
10109,Beauty,144,InStore,2025-10-06,31,0.802
10059,Electronics,256,InStore,2025-12-08,29,0.69
10088,Apparel,173,InStore,2025-12-08,42,0.683
10014,Grocery,167,Pickup,2025-10-27,24,0.903
10124,Beauty,156,Online,2025-12-08,45,0.689
10088,Electronics,159,InStore,2025-12-08,32,0.558
10176,Beauty,226,Online,2025-11-24,31,0.721
10139,Grocery,104,InStore,2025-12-01,35,0.884
10164,Beauty,134,Pickup,2025-11-24,34,0.526
10085,Electronics,215,Pickup,2025-11-10,23,0.967
10107,Home,196,Pickup,2025-12-22,34,0.622
10088,Grocery,103,Pickup,2025-12-08,38,0.803
10125,Grocery,150,Online,2025-12-08,29,0.669
10149,Grocery,134,InStore,2025-12-08,34,0.561
10038,Grocery,228,InStore,2025-10-06,28,0.942
10045,Grocery,106,Pickup,2025-12-15,28,0.644
10016,Beauty,203,InStore,2025-11-24,33,0.602
10131,Apparel,223,Pickup,2025-12-15,29,0.563
10041,Electronics,132,InStore,2025-10-13,24,0.931
10117,Grocery,182,Pickup,2025-11-10,31,0.612
10166,Grocery,111,InStore,2025-10-20,29,0.535
10031,Electronics,214,InStore,2025-12-22,21,0.583
10138,Home,196,Pickup,2025-11-17,30,0.608
10164,Grocery,181,Online,2025-12-01,32,0.512
10052,Electronics,121,Online,2025-11-10,32,0.674
10007,Beauty,227,Online,2025-12-08,37,0.885
10146,Beauty,103,InStore,2025-10-27,31,0.681
10177,Apparel,134,Pickup,2025-12-15,27,0.603
10046,Beauty,141,Online,2025-10-27,35,0.794
10015,Beauty,219,Online,2025-12-01,27,0.561
10144,Electronics,216,Pickup,2025-11-10,26,0.943
10020,Electronics,135,Pickup,2025-11-24,14,0.962
10019,Beauty,106,InStore,2025-10-27,22,0.807
10056,Apparel,131,Online,2025-11-03,27,0.708
10161,Electronics,102,Pickup,2025-11-03,29,0.759
10108,Grocery,188,InStore,2025-10-06,26,0.528
10053,Apparel,117,Pickup,2025-10-27,29,0.931
10042,Electronics,190,Online,2025-10-27,28,0.631
10141,Apparel,105,InStore,2025-12-01,34,0.947
10133,Grocery,193,Online,2025-12-08,30,0.759
10075,Apparel,173,Online,2025-12-08,39,0.588
10077,Electronics,147,Pickup,2025-11-17,30,0.782
10126,Home,193,Online,2025-12-15,20,0.961
10138,Apparel,247,InStore,2025-11-10,28,0.642
10026,Beauty,200,InStore,2025-11-17,36,0.935
10053,Home,115,Pickup,2025-10-27,32,0.902
10146,Beauty,224,InStore,2025-11-10,30,0.6
10078,Electronics,135,InStore,2025-10-06,21,0.664
10166,Grocery,155,InStore,2025-12-15,31,0.746
10059,Apparel,171,Pickup,2025-12-15,26,0.539
10113,Beauty,116,Pickup,2025-10-13,32,0.953
10156,Grocery,121,Online,2025-10-27,33,0.911
10049,Electronics,162,Online,2025-12-15,36,0.648
10105,Grocery,254,Online,2025-10-27,39,0.909
10018,Apparel,139,Pickup,2025-12-01,32,0.527
10056,Apparel,177,Online,2025-11-03,29,0.763
10064,Electronics,203,Pickup,2025-11-03,26,0.503
10132,Electronics,171,Pickup,2025-10-20,26,0.785
10025,Apparel,211,Pickup,2025-10-20,28,0.562
10096,Apparel,115,Online,2025-10-13,17,0.804
10091,Grocery,137,Online,2025-10-20,40,0.89
10037,Home,193,Online,2025-12-08,33,0.818
10122,Grocery,228,Online,2025-12-15,30,0.653
10133,Home,166,Pickup,2025-12-22,28,0.859
10017,Apparel,150,InStore,2025-12-15,36,0.608
10175,Grocery,231,InStore,2025-12-01,31,0.824
10149,Apparel,220,Pickup,2025-10-13,31,0.892
10018,Grocery,220,InStore,2025-11-03,25,0.665
10022,Grocery,124,Online,2025-10-13,32,0.694
10024,Apparel,215,InStore,2025-10-20,28,0.592
10138,Grocery,205,Online,2025-10-13,32,0.703
10120,Beauty,245,Online,2025-11-10,28,0.749
10161,Home,183,InStore,2025-11-10,35,0.741
10040,Electronics,152,Pickup,2025-11-17,32,0.888
10173,Home,234,InStore,2025-12-22,35,0.709
10004,Beauty,257,InStore,2025-10-27,29,0.649
10085,Beauty,114,Pickup,2025-10-13,37,0.781
10107,Electronics,113,InStore,2025-11-17,31,0.62
10087,Grocery,162,InStore,2025-12-08,34,0.757
10027,Beauty,219,Online,2025-10-06,36,0.973
10160,Home,157,InStore,2025-11-10,28,0.642
10066,Grocery,191,InStore,2025-11-24,35,0.653
10146,Apparel,243,Online,2025-11-17,41,0.838
10048,Apparel,128,Online,2025-10-13,40,0.674
10043,Apparel,208,Online,2025-12-08,39,0.52
10024,Home,211,Pickup,2025-11-03,25,0.958
10051,Apparel,191,Online,2025-12-01,26,0.812
10146,Electronics,242,Online,2025-11-03,25,0.569
10021,Electronics,102,Online,2025-12-15,33,0.53
10115,Apparel,142,Pickup,2025-11-03,27,0.52
10003,Home,123,Pickup,2025-10-13,38,0.783
10049,Home,219,Online,2025-12-15,47,0.901
10037,Home,208,Online,2025-11-17,26,0.943
10174,Apparel,180,Online,2025-10-27,22,0.563
10133,Electronics,224,InStore,2025-12-08,27,0.573
10173,Beauty,228,Online,2025-12-15,46,0.665
10017,Home,158,InStore,2025-11-10,35,0.601
10059,Apparel,100,Online,2025-10-13,29,0.627
10012,Beauty,192,Online,2025-12-15,27,0.524
10155,Apparel,143,Pickup,2025-12-08,26,0.752
10164,Electronics,249,Online,2025-12-22,19,0.642
10016,Grocery,230,Online,2025-12-22,28,0.951
10023,Grocery,187,InStore,2025-11-17,25,0.946
10154,Apparel,165,Online,2025-10-27,33,0.66
10083,Beauty,151,Pickup,2025-10-20,27,0.658
10163,Electronics,150,InStore,2025-10-27,28,0.861
10026,Electronics,213,InStore,2025-12-22,28,0.584
10161,Apparel,257,Online,2025-12-22,41,0.886
10129,Electronics,133,Pickup,2025-12-22,27,0.68
10126,Apparel,214,Online,2025-12-08,34,0.977
10137,Grocery,226,Online,2025-10-06,24,0.593
10030,Home,250,Pickup,2025-11-03,31,0.737
10013,Apparel,193,InStore,2025-10-27,36,0.641
10125,Home,104,Online,2025-12-15,34,0.969
10111,Beauty,213,Pickup,2025-12-15,26,0.927
10069,Apparel,175,Pickup,2025-11-03,27,0.951
10088,Home,235,Online,2025-11-03,30,0.521
10152,Electronics,101,Online,2025-11-10,31,0.5
10030,Home,229,Online,2025-12-01,30,0.98
10037,Electronics,205,Pickup,2025-10-13,27,0.511
10113,Beauty,259,Online,2025-11-24,27,0.916
10037,Apparel,146,InStore,2025-12-15,24,0.842
10037,Home,146,Online,2025-10-27,36,0.546
10166,Electronics,205,Online,2025-12-15,33,0.59
10003,Electronics,153,Pickup,2025-12-08,32,0.627
10117,Apparel,143,Pickup,2025-10-20,27,0.739
10059,Apparel,228,InStore,2025-11-03,34,0.793
10083,Beauty,143,Online,2025-11-24,36,0.691
10007,Grocery,146,Online,2025-12-15,19,0.657
10114,Home,144,Pickup,2025-12-08,35,0.598
10063,Grocery,205,Online,2025-12-08,28,0.668
10126,Apparel,171,Online,2025-10-13,27,0.562
10024,Apparel,207,Online,2025-10-06,28,0.801
10118,Apparel,200,InStore,2025-11-10,30,0.929
10046,Beauty,119,InStore,2025-12-08,24,0.899
10163,Beauty,240,Pickup,2025-10-06,29,0.698
10145,Electronics,120,Online,2025-11-17,22,0.854
10009,Grocery,190,Online,2025-11-24,33,0.647
10038,Apparel,139,Pickup,2025-10-13,34,0.958
10037,Beauty,159,InStore,2025-12-01,23,0.575
10066,Apparel,107,InStore,2025-12-08,24,0.584
10002,Grocery,190,Pickup,2025-10-13,31,0.773
10157,Electronics,255,Online,2025-12-15,25,0.556
10092,Home,148,InStore,2025-10-27,29,0.611
10044,Beauty,252,Online,2025-10-13,30,0.53
10052,Apparel,150,InStore,2025-11-03,23,0.529
10044,Electronics,155,InStore,2025-12-15,45,0.513
10144,Apparel,183,InStore,2025-11-17,28,0.564
10094,Home,175,InStore,2025-10-13,22,0.555
10148,Electronics,204,InStore,2025-12-22,34,0.619
10000,Electronics,144,InStore,2025-10-13,33,0.856
10099,Home,239,InStore,2025-12-22,39,0.591
10163,Beauty,242,InStore,2025-12-22,22,0.816
10104,Grocery,258,Pickup,2025-10-06,32,0.529
10043,Home,138,Pickup,2025-10-20,29,0.892
10160,Grocery,146,InStore,2025-10-06,29,0.928
10125,Beauty,145,InStore,2025-12-01,27,0.719
10131,Beauty,152,Pickup,2025-11-03,31,0.782
10001,Beauty,231,Pickup,2025-10-20,28,0.694
10078,Grocery,150,Pickup,2025-12-01,34,0.812
10091,Grocery,166,Online,2025-10-20,31,0.719
10003,Electronics,126,Pickup,2025-12-08,25,0.818
10149,Beauty,229,Online,2025-11-17,16,0.943
10002,Electronics,253,Online,2025-11-17,29,0.702
10166,Beauty,114,Pickup,2025-11-10,31,0.713
10149,Beauty,243,Pickup,2025-12-22,28,0.717
10129,Beauty,172,Online,2025-10-27,21,0.923
10089,Grocery,244,InStore,2025-10-20,36,0.523
10146,Apparel,131,InStore,2025-10-27,28,0.627
10044,Home,132,Pickup,2025-10-13,33,0.761
10016,Home,176,Pickup,2025-10-13,27,0.861
10179,Beauty,255,Pickup,2025-11-17,25,0.547
10045,Beauty,250,Online,2025-10-06,38,0.66
10022,Apparel,119,Online,2025-10-27,29,0.797
10105,Grocery,163,Pickup,2025-10-20,32,0.85
10165,Home,179,Online,2025-10-06,31,0.697
10075,Electronics,153,InStore,2025-11-03,37,0.513
10164,Home,213,InStore,2025-11-17,40,0.962
10080,Grocery,100,Pickup,2025-12-08,21,0.889
10164,Beauty,257,Online,2025-11-03,29,0.663
10169,Home,241,Pickup,2025-12-01,34,0.761
10041,Electronics,237,Online,2025-12-22,33,0.755
10042,Electronics,181,InStore,2025-10-13,30,0.832
10126,Apparel,221,Online,2025-10-20,31,0.684
10169,Beauty,133,Online,2025-10-13,33,0.852
10135,Grocery,163,Pickup,2025-12-15,40,0.718
10071,Electronics,162,Online,2025-12-22,26,0.724
10117,Beauty,226,Online,2025-12-15,30,0.683
10011,Home,104,InStore,2025-11-17,33,0.558
10165,Electronics,183,InStore,2025-11-17,32,0.922
10152,Beauty,209,InStore,2025-10-27,35,0.792
10165,Apparel,132,Pickup,2025-12-22,28,0.854
10010,Home,137,Online,2025-10-20,39,0.756
10126,Home,185,Online,2025-12-22,28,0.708
10007,Beauty,179,Online,2025-12-15,25,0.858
10161,Home,178,Pickup,2025-11-24,24,0.728
10052,Beauty,210,Online,2025-12-22,31,0.818
10007,Beauty,208,Pickup,2025-10-27,25,0.535
10109,Grocery,236,Online,2025-12-22,22,0.588
10032,Beauty,194,InStore,2025-11-10,21,0.97
10123,Home,122,Online,2025-10-27,32,0.524
10096,Grocery,193,InStore,2025-12-15,32,0.912
10166,Electronics,166,Online,2025-11-03,20,0.829
10036,Apparel,147,InStore,2025-11-17,36,0.949
10140,Electronics,181,Online,2025-10-06,37,0.51
10021,Home,243,Online,2025-11-24,28,0.523
10070,Home,161,InStore,2025-11-03,43,0.799
10095,Apparel,131,Online,2025-12-01,29,0.826
10019,Beauty,241,InStore,2025-12-22,24,0.65
10048,Home,218,InStore,2025-11-24,24,0.81
10179,Apparel,179,InStore,2025-11-03,36,0.557
10054,Home,254,InStore,2025-11-03,32,0.896
10108,Home,116,InStore,2025-11-17,41,0.679
10072,Electronics,110,Online,2025-10-06,38,0.576
10166,Electronics,152,Online,2025-10-13,25,0.769
10116,Home,175,InStore,2025-10-27,30,0.71
10131,Apparel,114,Online,2025-11-17,34,0.74
10098,Grocery,234,Pickup,2025-10-27,33,0.789
10156,Grocery,223,Pickup,2025-12-08,27,0.762
10163,Beauty,150,InStore,2025-12-01,46,0.965
10034,Electronics,103,Online,2025-10-06,39,0.914
10081,Electronics,170,Pickup,2025-10-13,29,0.622
10137,Electronics,252,Pickup,2025-12-22,32,0.942
10137,Electronics,141,Online,2025-12-22,44,0.637
10079,Apparel,212,Online,2025-11-10,24,0.835
10135,Grocery,106,Pickup,2025-10-20,24,0.881
10080,Apparel,117,Pickup,2025-10-27,30,0.609
10010,Home,150,Online,2025-12-01,39,0.707
10076,Electronics,186,Pickup,2025-10-27,37,0.726
10069,Electronics,190,InStore,2025-10-06,25,0.659
10174,Beauty,142,Pickup,2025-11-17,30,0.89
10086,Home,101,Pickup,2025-11-10,23,0.827
10047,Home,188,Pickup,2025-12-22,38,0.672
10098,Home,116,Pickup,2025-10-06,30,0.946
10156,Apparel,166,Online,2025-11-24,27,0.537
10054,Grocery,120,Pickup,2025-10-13,28,0.968
10053,Beauty,252,Online,2025-10-20,30,0.593
10050,Electronics,235,Pickup,2025-11-10,27,0.903
10089,Apparel,222,InStore,2025-11-24,29,0.73
10083,Home,122,Pickup,2025-11-17,30,0.55
10125,Home,215,Pickup,2025-10-13,41,0.855
10173,Grocery,115,Online,2025-10-06,30,0.724
10053,Apparel,232,Pickup,2025-11-03,26,0.751
10011,Apparel,179,Online,2025-12-15,24,0.738
10093,Grocery,134,Pickup,2025-12-15,32,0.9
10041,Beauty,122,InStore,2025-12-22,36,0.672
10069,Apparel,238,Online,2025-10-13,34,0.862
10114,Electronics,157,Pickup,2025-10-20,36,0.688
10134,Grocery,116,Online,2025-11-10,27,0.537
10173,Grocery,218,Online,2025-11-10,33,0.834
10010,Grocery,148,InStore,2025-11-10,35,0.968
10002,Electronics,178,Pickup,2025-11-17,24,0.777
10019,Electronics,119,Online,2025-11-17,39,0.81
10038,Apparel,196,Online,2025-10-13,43,0.586
10095,Beauty,230,Online,2025-11-10,27,0.648
10018,Grocery,188,Online,2025-10-13,37,0.801
10074,Electronics,105,Pickup,2025-11-03,27,0.822
10066,Beauty,188,Pickup,2025-11-24,34,0.656
10106,Apparel,238,Pickup,2025-12-15,37,0.525
10147,Grocery,107,Online,2025-10-13,35,0.71
10157,Beauty,116,Online,2025-10-27,30,0.76
10160,Home,259,Online,2025-11-24,23,0.622
10088,Electronics,137,Pickup,2025-10-13,33,0.829
10135,Home,251,Online,2025-12-08,25,0.913
10124,Beauty,216,Online,2025-10-20,38,0.784
10122,Beauty,162,Pickup,2025-10-20,28,0.777
10111,Grocery,147,Pickup,2025-11-03,27,0.692
10020,Apparel,253,InStore,2025-12-22,27,0.712
10030,Home,178,Online,2025-10-27,37,0.801
10151,Beauty,129,InStore,2025-10-13,40,0.713
10112,Grocery,238,Online,2025-12-01,31,0.509
10061,Apparel,132,Pickup,2025-12-08,34,0.864
10142,Beauty,259,Pickup,2025-11-10,25,0.833
10071,Apparel,224,Pickup,2025-11-17,27,0.965
10088,Beauty,230,Online,2025-10-13,33,0.709
10121,Beauty,206,Online,2025-11-03,29,0.943
10049,Grocery,216,InStore,2025-12-15,29,0.675
10062,Electronics,179,InStore,2025-12-15,32,0.78
10055,Home,144,Pickup,2025-11-03,30,0.593
10051,Grocery,203,InStore,2025-12-15,27,0.79
10070,Home,193,InStore,2025-11-24,38,0.843
10074,Apparel,207,InStore,2025-12-15,29,0.664
10112,Apparel,147,InStore,2025-11-10,29,0.894
10131,Home,167,InStore,2025-11-03,24,0.834
10009,Grocery,162,Online,2025-10-06,31,0.548
10056,Home,174,Pickup,2025-11-03,32,0.96
10083,Beauty,200,Online,2025-11-24,34,0.912
10118,Electronics,218,Online,2025-10-20,29,0.626
10037,Beauty,197,InStore,2025-12-15,26,0.687
10032,Beauty,252,Pickup,2025-11-03,26,0.783
10130,Electronics,187,Online,2025-10-20,29,0.919
10053,Apparel,212,Online,2025-10-20,33,0.852
10137,Beauty,199,InStore,2025-11-03,18,0.578
10080,Grocery,183,Pickup,2025-12-01,28,0.726
10074,Beauty,118,InStore,2025-11-03,33,0.853
10109,Home,131,InStore,2025-11-10,37,0.893
10036,Electronics,155,InStore,2025-12-22,27,0.707
10029,Grocery,142,Online,2025-10-06,34,0.741
10134,Apparel,158,InStore,2025-12-01,31,0.633
10022,Grocery,237,Pickup,2025-12-22,29,0.909
10171,Beauty,207,InStore,2025-12-08,33,0.502
10176,Beauty,150,Online,2025-10-27,28,0.643
10084,Beauty,174,Pickup,2025-11-17,46,0.714
10061,Electronics,205,InStore,2025-11-17,32,0.682
10096,Electronics,148,Online,2025-12-15,31,0.926
10043,Electronics,212,InStore,2025-10-20,25,0.882
10173,Beauty,153,Online,2025-11-24,24,0.865
10154,Apparel,145,Pickup,2025-11-10,33,0.566
10101,Home,191,Online,2025-10-06,31,0.83
10116,Apparel,158,Pickup,2025-10-27,28,0.598
10089,Apparel,253,Pickup,2025-12-15,29,0.551
10098,Grocery,196,Online,2025-11-24,32,0.73
10165,Grocery,142,Online,2025-12-22,37,0.956
10097,Electronics,239,Pickup,2025-10-27,26,0.6
10129,Grocery,257,InStore,2025-12-15,31,0.886
10128,Beauty,211,Online,2025-11-17,32,0.529
10134,Beauty,111,InStore,2025-11-10,28,0.602
10082,Electronics,197,Online,2025-10-06,30,0.646
10147,Apparel,138,InStore,2025-12-15,27,0.906
10140,Electronics,225,Online,2025-12-01,23,0.721
10115,Beauty,169,Pickup,2025-10-13,33,0.619
10093,Beauty,130,Online,2025-10-27,26,0.979
10105,Apparel,142,Online,2025-11-24,34,0.761
10106,Apparel,202,InStore,2025-10-13,32,0.771
10134,Grocery,218,InStore,2025-12-15,30,0.638
10091,Electronics,204,InStore,2025-12-22,38,0.659
10014,Apparel,140,Online,2025-10-20,22,0.964
10091,Beauty,184,InStore,2025-10-06,35,0.964
10012,Apparel,208,Pickup,2025-12-22,28,0.599
10027,Beauty,253,InStore,2025-10-13,27,0.755
10119,Home,224,InStore,2025-10-27,30,0.942
10151,Electronics,207,InStore,2025-11-03,30,0.672
10160,Electronics,246,Online,2025-12-22,23,0.677
10108,Beauty,138,InStore,2025-12-01,17,0.67
10104,Beauty,104,Pickup,2025-10-27,37,0.77
10028,Grocery,221,InStore,2025-12-01,29,0.654
10155,Apparel,218,Pickup,2025-12-22,24,0.824
10089,Electronics,258,Online,2025-12-22,32,0.852
10151,Electronics,214,InStore,2025-11-03,25,0.605
10028,Grocery,249,InStore,2025-10-13,17,0.624
10162,Electronics,180,InStore,2025-12-22,28,0.677
10010,Apparel,160,Pickup,2025-11-10,24,0.577
10114,Apparel,210,InStore,2025-10-27,28,0.646
10074,Electronics,109,Pickup,2025-11-17,29,0.576
10042,Beauty,129,Online,2025-12-01,29,0.796
10145,Grocery,150,InStore,2025-11-17,31,0.563
10042,Home,245,Online,2025-11-24,43,0.658
10124,Electronics,245,Online,2025-11-10,30,0.675
10173,Apparel,126,Pickup,2025-10-27,34,0.637
10099,Grocery,108,Pickup,2025-11-10,31,0.725
10148,Beauty,232,Pickup,2025-10-13,27,0.889
10147,Home,167,Pickup,2025-11-10,32,0.667
10068,Apparel,123,Pickup,2025-12-01,27,0.511
10083,Apparel,125,InStore,2025-11-10,28,0.667
10057,Electronics,111,InStore,2025-11-10,36,0.636
10047,Grocery,205,Online,2025-11-10,36,0.906
10163,Home,234,Online,2025-11-03,35,0.877
10084,Beauty,228,Pickup,2025-11-24,25,0.516
10121,Apparel,207,InStore,2025-12-15,27,0.753
10079,Apparel,121,Pickup,2025-10-06,29,0.536
10000,Home,218,Online,2025-12-22,27,0.822
10111,Grocery,242,Pickup,2025-10-20,33,0.566
10145,Electronics,182,Online,2025-10-13,24,0.56
10012,Beauty,173,Online,2025-12-15,34,0.774
10150,Apparel,206,Pickup,2025-12-01,25,0.921
10077,Beauty,219,InStore,2025-12-22,31,0.907
10059,Beauty,144,InStore,2025-11-24,31,0.825
10174,Electronics,175,Online,2025-10-06,27,0.941
10158,Home,201,InStore,2025-11-03,23,0.624
10112,Apparel,234,Pickup,2025-10-13,23,0.818
10006,Grocery,192,InStore,2025-10-06,25,0.72
10155,Apparel,144,Online,2025-10-06,26,0.66
10133,Beauty,112,Pickup,2025-10-27,29,0.954
10033,Beauty,141,InStore,2025-11-03,21,0.697
10117,Beauty,171,Online,2025-11-24,30,0.884
10090,Beauty,231,InStore,2025-12-15,26,0.704
10013,Electronics,125,Online,2025-12-15,31,0.962
10100,Electronics,254,Online,2025-12-08,40,0.846
10105,Electronics,225,Online,2025-11-24,31,0.978
10139,Home,246,Online,2025-10-06,36,0.952
10041,Grocery,192,Online,2025-11-24,40,0.676
10124,Grocery,138,Online,2025-11-03,28,0.628
10005,Apparel,161,InStore,2025-11-17,30,0.735
10160,Apparel,238,Online,2025-12-15,25,0.587
10070,Beauty,169,Pickup,2025-11-17,20,0.681
10047,Home,197,Online,2025-10-13,33,0.664
10115,Electronics,167,Online,2025-12-01,30,0.517
10068,Electronics,199,InStore,2025-12-22,27,0.847
10144,Home,213,Online,2025-12-15,22,0.742
10061,Apparel,146,Pickup,2025-11-03,31,0.887
10067,Apparel,160,Pickup,2025-12-08,22,0.579
10094,Grocery,196,Online,2025-11-10,40,0.779
10085,Beauty,159,InStore,2025-11-10,37,0.531
10112,Electronics,112,Online,2025-11-03,33,0.506
10123,Grocery,224,Online,2025-10-20,40,0.553
10101,Electronics,147,Pickup,2025-12-22,38,0.697
10124,Home,106,Pickup,2025-10-20,28,0.527
10003,Apparel,218,Pickup,2025-10-20,36,0.675
10016,Home,103,Pickup,2025-12-01,18,0.683
10098,Home,167,Online,2025-11-24,42,0.646
10101,Electronics,244,Online,2025-12-15,30,0.911
10161,Apparel,192,Online,2025-11-17,25,0.738
10049,Beauty,250,Online,2025-10-27,35,0.819
10142,Grocery,100,InStore,2025-11-03,34,0.663
10129,Beauty,240,InStore,2025-10-13,40,0.591
10035,Electronics,237,Pickup,2025-11-10,27,0.733
10145,Beauty,189,InStore,2025-12-08,29,0.78
10035,Beauty,253,Online,2025-12-15,30,0.863
10055,Apparel,150,Pickup,2025-10-20,36,0.978
10170,Apparel,174,InStore,2025-10-20,31,0.939
10038,Electronics,211,Online,2025-10-27,33,0.916
10162,Apparel,241,Pickup,2025-10-06,25,0.703
10032,Beauty,242,InStore,2025-12-01,27,0.805
10115,Electronics,224,InStore,2025-12-01,32,0.57
10020,Beauty,208,Online,2025-12-08,34,0.722
10046,Home,252,InStore,2025-10-20,28,0.954
10001,Apparel,193,InStore,2025-11-24,36,0.803
10153,Beauty,227,InStore,2025-11-17,21,0.753
10065,Beauty,216,Online,2025-10-20,25,0.753
10162,Electronics,149,InStore,2025-12-01,17,0.59
10019,Apparel,163,InStore,2025-11-17,30,0.855
10075,Grocery,108,Pickup,2025-12-08,35,0.714
10020,Grocery,135,Online,2025-10-06,22,0.971
10109,Grocery,236,Pickup,2025-12-15,31,0.717
10165,Beauty,164,Online,2025-12-15,19,0.958
10138,Beauty,228,InStore,2025-11-03,24,0.739
10179,Beauty,198,Pickup,2025-11-17,24,0.701
10043,Apparel,121,Online,2025-11-17,24,0.531
10083,Grocery,180,InStore,2025-10-13,28,0.52
10148,Home,197,InStore,2025-12-01,26,0.939
10173,Electronics,143,Pickup,2025-11-24,40,0.931
10003,Home,235,InStore,2025-10-06,29,0.68
10045,Grocery,125,Pickup,2025-12-22,29,0.607
10161,Beauty,237,Pickup,2025-12-08,26,0.608
10020,Grocery,245,Pickup,2025-10-13,26,0.589
10106,Grocery,244,Online,2025-10-20,28,0.527
10030,Beauty,124,Online,2025-10-20,29,0.693
10051,Home,162,InStore,2025-12-15,21,0.93
10113,Grocery,182,InStore,2025-12-15,27,0.916
10177,Apparel,243,Online,2025-10-27,39,0.926
10145,Apparel,185,Pickup,2025-11-03,18,0.715
10147,Apparel,240,InStore,2025-11-17,31,0.925
10131,Home,103,Online,2025-10-20,30,0.677
10026,Beauty,171,Online,2025-12-15,29,0.853
10012,Electronics,179,InStore,2025-11-17,39,0.804
10155,Home,162,InStore,2025-10-06,36,0.773
10144,Home,138,Pickup,2025-10-20,23,0.814
10145,Beauty,206,Pickup,2025-10-27,26,0.86
10037,Apparel,216,Online,2025-10-13,33,0.535
10025,Electronics,132,Pickup,2025-12-22,26,0.526
10156,Apparel,220,InStore,2025-11-10,29,0.599
10008,Apparel,109,Pickup,2025-12-08,33,0.686
10001,Grocery,234,Pickup,2025-12-01,30,0.564
10059,Electronics,114,Online,2025-10-06,23,0.819
10152,Grocery,220,Online,2025-11-17,25,0.789
10125,Electronics,257,Online,2025-12-08,29,0.742
10000,Beauty,105,Online,2025-10-20,30,0.932
10116,Beauty,125,Online,2025-11-03,31,0.932
10164,Electronics,249,Pickup,2025-12-01,23,0.889
10106,Beauty,138,Pickup,2025-10-27,33,0.615
10043,Electronics,105,InStore,2025-10-06,36,0.821
10175,Home,204,Online,2025-12-08,17,0.73
10090,Grocery,187,Pickup,2025-11-10,39,0.822
10021,Electronics,150,InStore,2025-12-15,29,0.533
10019,Apparel,167,InStore,2025-10-06,31,0.696
10114,Beauty,257,InStore,2025-12-22,40,0.835
10166,Apparel,200,Pickup,2025-11-17,31,0.684
10114,Beauty,225,Pickup,2025-10-20,26,0.686
10138,Beauty,141,Pickup,2025-10-27,26,0.854
10032,Beauty,254,Online,2025-12-15,31,0.849
10062,Beauty,104,InStore,2025-11-03,34,0.781
10097,Beauty,222,Online,2025-10-06,22,0.721
10032,Apparel,248,Online,2025-11-03,30,0.721
10053,Home,152,Pickup,2025-11-24,39,0.737
10064,Home,236,InStore,2025-10-20,32,0.953
10167,Grocery,100,InStore,2025-12-08,30,0.807
10011,Home,131,Pickup,2025-10-20,23,0.803
10100,Apparel,150,InStore,2025-11-24,31,0.545
10127,Beauty,237,InStore,2025-11-03,34,0.505
10014,Grocery,133,Online,2025-12-15,30,0.722
10000,Home,104,Online,2025-10-06,36,0.551
10161,Apparel,123,Pickup,2025-12-01,28,0.557
10010,Beauty,130,Pickup,2025-12-22,25,0.787
10021,Grocery,120,InStore,2025-10-06,32,0.973
10157,Electronics,164,Online,2025-12-08,26,0.557
10166,Home,140,InStore,2025-11-17,21,0.853
10045,Grocery,157,InStore,2025-12-08,31,0.874
10078,Grocery,257,Pickup,2025-10-06,23,0.944
10064,Electronics,235,Pickup,2025-10-20,30,0.551
10058,Apparel,126,Pickup,2025-10-20,33,0.962
10137,Home,173,Online,2025-11-24,19,0.82
10178,Grocery,176,Online,2025-11-17,39,0.852
10000,Home,116,Online,2025-11-03,17,0.666
10177,Home,102,InStore,2025-11-24,21,0.793
10090,Grocery,210,Online,2025-11-03,27,0.785
10098,Apparel,145,InStore,2025-10-27,34,0.809
10030,Apparel,162,InStore,2025-12-22,36,0.502
10131,Electronics,124,Online,2025-10-27,33,0.525
10162,Electronics,125,InStore,2025-10-13,37,0.786
10112,Apparel,177,Online,2025-10-27,27,0.522
10020,Grocery,101,Online,2025-11-24,30,0.937
10091,Apparel,246,Pickup,2025-11-10,31,0.892
10144,Electronics,182,InStore,2025-12-08,36,0.89
10177,Apparel,183,Online,2025-12-08,24,0.886
10016,Beauty,134,Online,2025-12-15,25,0.969
10117,Home,153,Online,2025-12-22,32,0.695
10075,Beauty,200,Online,2025-11-17,31,0.746
10175,Home,209,Online,2025-12-01,31,0.892
10067,Beauty,252,Pickup,2025-12-15,21,0.887
10096,Grocery,166,Pickup,2025-10-27,46,0.706
10045,Beauty,192,Pickup,2025-10-13,28,0.756
10132,Home,116,InStore,2025-11-10,32,0.546
10091,Grocery,109,Pickup,2025-12-08,26,0.545
10063,Home,133,InStore,2025-12-22,32,0.936
10069,Electronics,219,InStore,2025-10-20,29,0.536
10066,Electronics,256,Pickup,2025-11-03,24,0.668
10043,Electronics,160,Pickup,2025-12-01,32,0.815
10007,Apparel,112,Online,2025-12-08,37,0.893
10110,Electronics,239,Online,2025-10-20,19,0.523
10085,Beauty,212,Online,2025-12-01,36,0.601
10141,Beauty,177,InStore,2025-11-17,35,0.508
10060,Apparel,178,InStore,2025-12-08,29,0.515
10147,Beauty,218,Pickup,2025-12-15,31,0.825
10046,Electronics,171,Pickup,2025-10-27,18,0.883
10096,Electronics,257,Online,2025-11-24,33,0.915
10132,Home,247,InStore,2025-11-10,35,0.506
10005,Beauty,194,Online,2025-11-17,24,0.566
10053,Beauty,202,Pickup,2025-11-10,32,0.743
10002,Home,150,Online,2025-11-03,33,0.945
10069,Apparel,186,Online,2025-11-17,22,0.948
10150,Apparel,168,Pickup,2025-10-27,30,0.919
10009,Home,209,Online,2025-11-10,33,0.884
10056,Grocery,121,Pickup,2025-11-10,33,0.912
10112,Beauty,123,Online,2025-12-15,32,0.625
10032,Apparel,161,Online,2025-11-24,35,0.963
10016,Electronics,128,InStore,2025-10-06,41,0.684
10133,Beauty,176,InStore,2025-11-17,28,0.823
10027,Home,180,Online,2025-11-24,32,0.602
10169,Apparel,196,Pickup,2025-11-10,38,0.571
10148,Electronics,198,InStore,2025-10-27,32,0.745
10067,Apparel,139,Pickup,2025-10-06,27,0.93
10057,Electronics,172,Pickup,2025-10-13,34,0.679
10136,Electronics,175,Online,2025-12-01,20,0.695
10158,Home,114,Online,2025-10-13,27,0.711
10053,Apparel,155,Pickup,2025-11-24,32,0.732
10045,Home,246,InStore,2025-10-06,31,0.566
10139,Beauty,198,Online,2025-10-27,19,0.578
10069,Home,225,InStore,2025-11-10,26,0.881
10101,Grocery,120,InStore,2025-12-01,33,0.746
10083,Apparel,188,Pickup,2025-10-06,30,0.663
10167,Electronics,155,Online,2025-11-10,36,0.549
10011,Apparel,192,InStore,2025-11-03,29,0.597
10020,Home,106,InStore,2025-12-01,37,0.859
10104,Electronics,190,Online,2025-10-27,32,0.659
10147,Grocery,175,InStore,2025-11-24,25,0.533
10151,Beauty,152,InStore,2025-11-24,25,0.816
10043,Grocery,159,Pickup,2025-12-08,29,0.756
10166,Home,259,Pickup,2025-12-15,34,0.565
10139,Electronics,165,InStore,2025-11-03,26,0.57
10104,Beauty,236,Online,2025-10-27,30,0.514
10081,Apparel,245,Online,2025-11-24,28,0.784
10129,Apparel,113,InStore,2025-10-20,32,0.806
10023,Beauty,159,InStore,2025-11-03,31,0.51
10161,Beauty,237,InStore,2025-11-03,35,0.826
10011,Home,181,Online,2025-10-13,31,0.661
10119,Apparel,258,Online,2025-10-20,28,0.872
10111,Electronics,101,Pickup,2025-11-03,30,0.838
10012,Electronics,185,InStore,2025-11-17,32,0.832
10111,Electronics,240,Pickup,2025-10-27,34,0.531
10097,Grocery,104,InStore,2025-10-20,26,0.522
10057,Beauty,192,InStore,2025-11-10,32,0.779
10095,Grocery,167,Pickup,2025-11-03,39,0.605
10092,Grocery,214,Online,2025-10-20,28,0.869
10056,Grocery,131,Online,2025-11-24,25,0.501
10101,Electronics,148,Online,2025-11-17,28,0.615
10051,Electronics,257,Online,2025-10-27,35,0.778
10132,Grocery,142,Pickup,2025-12-22,29,0.827
10160,Beauty,149,Online,2025-12-01,26,0.823
10023,Beauty,183,Online,2025-12-22,33,0.755
10013,Beauty,231,InStore,2025-12-22,29,0.691
10017,Grocery,196,Pickup,2025-11-17,34,0.603
10085,Home,137,Online,2025-12-01,31,0.628
10043,Grocery,199,InStore,2025-10-06,36,0.524
10074,Home,205,Online,2025-10-20,35,0.67
10163,Grocery,173,Pickup,2025-10-13,32,0.815
10070,Home,193,Pickup,2025-12-15,39,0.815
10017,Electronics,233,Online,2025-12-22,34,0.864
10111,Home,199,InStore,2025-11-10,36,0.778
10065,Beauty,173,Pickup,2025-11-10,33,0.807
10018,Electronics,139,Online,2025-12-22,29,0.892
10030,Grocery,243,Online,2025-11-24,33,0.736
10064,Beauty,238,Online,2025-12-22,31,0.695
10105,Electronics,234,InStore,2025-12-01,25,0.568
10165,Electronics,252,Pickup,2025-10-20,25,0.751
10176,Electronics,180,Online,2025-11-24,30,0.912
10022,Electronics,115,Pickup,2025-12-15,25,0.903
10089,Apparel,197,Pickup,2025-10-20,26,0.928
10002,Electronics,121,Online,2025-12-01,32,0.762
10143,Home,144,Pickup,2025-10-20,35,0.702
10076,Apparel,200,Online,2025-11-03,35,0.941
10174,Home,241,Online,2025-12-15,27,0.639
10174,Electronics,237,Pickup,2025-12-08,34,0.759
10086,Home,165,Pickup,2025-12-22,28,0.842
10134,Apparel,172,Online,2025-11-24,32,0.77
10046,Electronics,205,Pickup,2025-12-01,34,0.886
10097,Grocery,215,Pickup,2025-12-01,27,0.806
10152,Apparel,232,InStore,2025-11-24,18,0.652
10079,Home,223,Online,2025-10-27,31,0.898
10117,Electronics,175,Online,2025-12-01,30,0.797
10160,Grocery,123,Pickup,2025-11-10,35,0.529
10091,Grocery,236,Online,2025-12-22,40,0.658
10072,Electronics,137,InStore,2025-12-08,33,0.7
10134,Electronics,104,InStore,2025-10-13,22,0.755
10045,Electronics,229,Pickup,2025-11-24,42,0.976
10078,Apparel,191,InStore,2025-10-13,22,0.573
10053,Beauty,185,Online,2025-10-06,38,0.716
10116,Apparel,137,Online,2025-12-08,38,0.783
10109,Electronics,130,Pickup,2025-12-01,34,0.561
10075,Apparel,248,InStore,2025-11-17,38,0.956
10078,Apparel,140,Online,2025-10-27,26,0.869
10053,Grocery,229,Pickup,2025-12-08,35,0.888
10056,Grocery,238,Pickup,2025-11-03,37,0.789
10157,Apparel,221,Pickup,2025-12-01,25,0.753
10160,Electronics,191,Pickup,2025-12-08,35,0.895
10016,Home,213,Online,2025-11-24,33,0.676
10175,Beauty,114,Pickup,2025-10-13,28,0.912
10059,Grocery,140,Online,2025-11-03,40,0.871
10141,Apparel,141,Pickup,2025-12-15,32,0.722
10080,Home,158,Online,2025-11-17,34,0.877
10038,Home,197,InStore,2025-12-01,32,0.581
10012,Apparel,218,Online,2025-12-01,24,0.617
10042,Home,227,Online,2025-12-22,27,0.596
10026,Grocery,234,Pickup,2025-11-17,29,0.724
10166,Apparel,197,Online,2025-11-03,23,0.765
10159,Grocery,193,InStore,2025-12-22,37,0.604
10061,Electronics,259,Pickup,2025-10-06,28,0.858
10078,Apparel,186,Pickup,2025-10-27,20,0.53
10132,Electronics,249,Online,2025-11-03,25,0.766
10071,Electronics,145,Pickup,2025-11-17,26,0.956
10089,Grocery,187,InStore,2025-11-17,34,0.57
10057,Beauty,119,InStore,2025-12-15,29,0.71
10102,Electronics,245,Pickup,2025-10-06,38,0.763
10066,Grocery,230,Pickup,2025-10-06,32,0.975
10094,Beauty,136,InStore,2025-12-08,34,0.781
10048,Grocery,137,InStore,2025-11-24,26,0.837
10062,Electronics,129,Online,2025-11-03,34,0.621
10152,Apparel,213,Pickup,2025-11-24,42,0.637
10011,Grocery,177,Online,2025-10-06,31,0.909
10056,Grocery,189,InStore,2025-11-03,23,0.736
10067,Grocery,147,Pickup,2025-11-10,30,0.825
10101,Grocery,244,InStore,2025-11-10,40,0.618
10098,Home,235,Online,2025-12-22,18,0.686
10096,Beauty,109,Pickup,2025-12-08,24,0.696
10178,Electronics,106,Online,2025-10-06,25,0.574
10140,Beauty,137,Online,2025-10-27,33,0.677
10052,Beauty,187,Pickup,2025-10-27,40,0.783
10103,Home,194,Pickup,2025-10-20,36,0.619
10065,Apparel,199,Online,2025-11-03,37,0.722
10120,Apparel,183,InStore,2025-12-22,33,0.66
10000,Beauty,229,InStore,2025-11-10,26,0.898
10155,Beauty,103,Online,2025-11-17,34,0.798
10088,Home,122,Pickup,2025-11-24,43,0.574
10065,Beauty,136,Online,2025-10-06,23,0.7
10144,Home,128,Online,2025-10-20,23,0.586
10086,Apparel,145,InStore,2025-12-01,25,0.81
10011,Beauty,142,InStore,2025-11-24,35,0.726
10177,Grocery,250,InStore,2025-10-20,35,0.808
10139,Apparel,206,Pickup,2025-10-20,32,0.793
10150,Apparel,131,Pickup,2025-10-20,25,0.767
10118,Electronics,153,Pickup,2025-12-01,29,0.85
10013,Apparel,188,Pickup,2025-12-08,38,0.808
10121,Apparel,247,Pickup,2025-12-22,34,0.861
10099,Electronics,118,Pickup,2025-10-06,30,0.639
10114,Grocery,236,Pickup,2025-11-03,26,0.898
10044,Electronics,102,Pickup,2025-12-08,23,0.77
10115,Apparel,101,InStore,2025-10-13,30,0.685
10031,Home,254,InStore,2025-10-27,28,0.6
10163,Grocery,151,Pickup,2025-10-06,41,0.907
10144,Beauty,139,Online,2025-11-10,24,0.828
10130,Home,158,Pickup,2025-10-06,26,0.646
10033,Grocery,123,Pickup,2025-11-17,24,0.636
10131,Home,198,InStore,2025-10-13,29,0.886
10140,Grocery,215,Pickup,2025-11-03,34,0.6
10178,Grocery,217,Online,2025-10-06,29,0.689
10025,Beauty,144,Pickup,2025-12-01,23,0.522
10124,Electronics,173,Online,2025-12-01,34,0.767
10032,Home,106,Online,2025-10-20,29,0.793
10111,Apparel,236,Online,2025-11-10,30,0.652
10001,Beauty,179,Pickup,2025-10-20,39,0.723
10104,Electronics,180,InStore,2025-10-06,31,0.729
10047,Home,185,InStore,2025-10-13,26,0.768
10105,Electronics,176,Pickup,2025-12-15,19,0.606
10070,Electronics,154,Online,2025-12-15,32,0.573
10135,Electronics,134,Online,2025-10-06,29,0.935
10095,Apparel,213,Pickup,2025-12-22,40,0.643
10006,Apparel,222,Pickup,2025-10-27,26,0.547
10100,Apparel,169,Pickup,2025-12-15,20,0.959
10129,Beauty,207,InStore,2025-10-27,32,0.735
10121,Beauty,156,Online,2025-12-15,41,0.758
10021,Grocery,196,InStore,2025-12-22,38,0.533
10090,Electronics,194,InStore,2025-12-08,32,0.758
10111,Grocery,201,InStore,2025-12-15,25,0.771
10072,Beauty,249,Online,2025-12-08,27,0.841
10166,Apparel,224,Pickup,2025-11-17,28,0.77
10057,Apparel,145,Pickup,2025-12-15,32,0.921
10169,Electronics,204,InStore,2025-10-27,41,0.685
10122,Grocery,141,InStore,2025-11-03,38,0.865
10165,Grocery,214,Online,2025-12-08,37,0.844
10115,Grocery,184,Pickup,2025-12-01,25,0.767
10174,Electronics,248,InStore,2025-12-22,26,0.522
10085,Home,212,InStore,2025-12-22,25,0.726
10156,Home,203,Online,2025-10-20,30,0.654
10015,Grocery,180,InStore,2025-11-17,34,0.583
10133,Apparel,180,Pickup,2025-10-13,21,0.543
10000,Grocery,148,Pickup,2025-11-24,27,0.575
10175,Electronics,254,Online,2025-12-01,27,0.759
10156,Beauty,123,InStore,2025-10-20,37,0.831
10163,Apparel,176,Online,2025-10-06,38,0.677
10131,Grocery,204,Online,2025-11-10,39,0.621
10080,Electronics,102,Online,2025-11-10,33,0.97
10001,Home,232,InStore,2025-10-13,26,0.962
10060,Grocery,239,Online,2025-10-27,28,0.941
10031,Apparel,188,Online,2025-11-03,27,0.762
10038,Home,158,InStore,2025-10-13,27,0.577
10010,Grocery,141,Online,2025-12-22,39,0.725
10144,Apparel,163,InStore,2025-11-03,38,0.965
10137,Home,146,Online,2025-12-15,34,0.645
10083,Beauty,117,Pickup,2025-10-20,39,0.684
10057,Beauty,236,Pickup,2025-12-01,36,0.555
10152,Home,134,InStore,2025-10-20,36,0.811
10178,Electronics,129,InStore,2025-10-13,22,0.66
10016,Home,168,Pickup,2025-12-22,37,0.968
10089,Beauty,181,InStore,2025-12-15,18,0.632
10153,Grocery,255,InStore,2025-11-24,32,0.769
10146,Home,139,InStore,2025-12-15,29,0.816
10074,Beauty,220,Online,2025-11-24,23,0.581
10140,Electronics,176,Online,2025-11-17,25,0.747
10035,Beauty,111,Online,2025-10-13,21,0.646
10156,Apparel,116,Pickup,2025-10-20,22,0.893
10010,Beauty,191,Pickup,2025-11-10,30,0.809
10036,Beauty,116,InStore,2025-12-15,31,0.68
10178,Grocery,233,InStore,2025-11-10,33,0.552
10120,Electronics,230,InStore,2025-11-17,26,0.532
10142,Beauty,190,InStore,2025-12-01,21,0.879
10072,Home,152,Pickup,2025-10-27,29,0.85
10129,Grocery,204,InStore,2025-12-08,32,0.58
10162,Home,204,Online,2025-12-08,27,0.585
10007,Apparel,172,Pickup,2025-12-22,41,0.697
10040,Home,158,Online,2025-11-10,30,0.825
10027,Beauty,111,Pickup,2025-11-10,23,0.768
10165,Apparel,158,Pickup,2025-12-22,26,0.716
10157,Apparel,245,InStore,2025-12-22,22,0.808
10062,Grocery,254,InStore,2025-11-17,27,0.834
10119,Electronics,115,InStore,2025-12-22,31,0.64
10119,Grocery,163,Online,2025-10-06,31,0.539
10026,Electronics,162,InStore,2025-12-08,27,0.927
10069,Apparel,115,Online,2025-10-13,18,0.512
10053,Home,138,Pickup,2025-12-01,27,0.727
10058,Grocery,240,InStore,2025-10-27,36,0.506
10077,Home,171,InStore,2025-11-10,28,0.924
10071,Apparel,209,Online,2025-10-13,28,0.543
10022,Apparel,224,Pickup,2025-11-10,31,0.958
10089,Electronics,179,Online,2025-10-20,26,0.717
10019,Apparel,108,Pickup,2025-11-24,36,0.736
10029,Beauty,148,Online,2025-11-10,44,0.511
10161,Beauty,242,InStore,2025-12-22,27,0.917
10067,Electronics,257,Online,2025-12-15,23,0.916
10086,Electronics,237,InStore,2025-11-10,27,0.527
10023,Home,168,InStore,2025-11-03,34,0.538
10077,Apparel,121,Pickup,2025-12-01,33,0.947
10081,Beauty,196,Pickup,2025-11-17,36,0.679
10033,Home,204,Pickup,2025-11-24,35,0.585
10097,Home,248,Pickup,2025-11-03,38,0.66
10146,Grocery,162,Online,2025-11-10,26,0.862
10030,Beauty,144,InStore,2025-10-06,25,0.916
10027,Grocery,113,InStore,2025-11-24,29,0.924
10064,Grocery,138,Pickup,2025-10-27,30,0.77
10027,Beauty,196,Pickup,2025-11-24,30,0.95
10141,Apparel,154,Online,2025-12-22,33,0.537
10116,Beauty,154,Pickup,2025-10-13,32,0.78
10067,Apparel,173,InStore,2025-10-06,26,0.607
10120,Home,180,Pickup,2025-10-20,22,0.95
10053,Electronics,209,Online,2025-12-15,27,0.579
10002,Grocery,106,Online,2025-11-17,25,0.61
10042,Home,114,Pickup,2025-12-08,24,0.736
10167,Grocery,240,Online,2025-10-27,26,0.941
10042,Beauty,170,InStore,2025-10-27,28,0.834
10072,Apparel,155,Online,2025-11-24,22,0.936
10121,Home,114,Online,2025-10-06,28,0.921
10169,Apparel,187,Online,2025-11-17,33,0.951
10080,Apparel,112,Online,2025-10-27,36,0.659
10110,Electronics,199,InStore,2025-10-20,26,0.551
10001,Apparel,123,Pickup,2025-10-27,30,0.76
10161,Home,116,Online,2025-10-06,27,0.776
10007,Grocery,160,Pickup,2025-11-24,24,0.749
10078,Apparel,183,InStore,2025-12-08,39,0.558
10042,Home,135,Pickup,2025-12-15,23,0.564
10148,Apparel,209,InStore,2025-12-22,33,0.595
10106,Beauty,248,Pickup,2025-10-27,25,0.507
10029,Home,165,Pickup,2025-12-15,32,0.72
10062,Beauty,171,Online,2025-12-15,25,0.711
10120,Beauty,224,Pickup,2025-10-06,20,0.556
10063,Beauty,129,Pickup,2025-10-20,25,0.743
10074,Grocery,259,InStore,2025-11-03,28,0.674
10109,Beauty,116,InStore,2025-12-08,29,0.871
10109,Grocery,194,Pickup,2025-11-24,32,0.758
10059,Electronics,148,InStore,2025-12-15,37,0.858
10040,Beauty,151,Pickup,2025-12-08,28,0.92
10054,Electronics,214,Pickup,2025-12-08,28,0.942
10129,Home,217,Online,2025-12-15,26,0.604
10095,Apparel,108,Online,2025-11-24,33,0.908
10146,Beauty,127,InStore,2025-11-10,28,0.93
10161,Electronics,188,Pickup,2025-10-20,29,0.677
10043,Home,132,InStore,2025-12-15,46,0.77
10071,Home,249,InStore,2025-12-15,27,0.64
10003,Apparel,241,Pickup,2025-10-20,44,0.958
10171,Grocery,128,InStore,2025-10-20,36,0.921
10163,Beauty,102,Pickup,2025-11-10,18,0.665
10031,Apparel,221,Online,2025-11-24,24,0.724
10143,Electronics,160,Online,2025-10-20,32,0.815
10129,Grocery,256,InStore,2025-12-01,30,0.871
10029,Home,115,Pickup,2025-10-13,45,0.738
10096,Apparel,124,InStore,2025-11-17,19,0.589
10042,Home,240,InStore,2025-10-13,22,0.635
10127,Beauty,191,Online,2025-12-22,24,0.857
10008,Beauty,169,Pickup,2025-12-08,29,0.611
10087,Electronics,109,InStore,2025-10-06,17,0.595
10119,Electronics,246,InStore,2025-10-13,23,0.56
10067,Beauty,175,InStore,2025-11-17,30,0.605
10120,Electronics,184,Pickup,2025-11-03,38,0.721
10042,Home,239,InStore,2025-12-22,24,0.519
10021,Grocery,229,Online,2025-12-15,34,0.532
10056,Electronics,144,InStore,2025-12-01,24,0.949
10085,Beauty,223,Pickup,2025-10-20,31,0.889
10110,Grocery,178,InStore,2025-11-10,32,0.621
10058,Home,174,Pickup,2025-12-22,44,0.772
10137,Home,117,Pickup,2025-11-10,26,0.744
10071,Apparel,106,InStore,2025-12-08,27,0.661
10070,Beauty,215,Pickup,2025-10-06,25,0.69
10008,Grocery,177,InStore,2025-10-20,29,0.849
10003,Home,168,Online,2025-12-01,30,0.736
10046,Grocery,173,Pickup,2025-12-15,28,0.599
10133,Apparel,131,InStore,2025-11-24,24,0.852
10164,Grocery,178,Online,2025-11-03,20,0.603
10106,Apparel,161,InStore,2025-11-10,31,0.95
10133,Grocery,185,InStore,2025-10-13,26,0.745
10075,Electronics,223,Pickup,2025-12-22,36,0.837
10087,Home,120,Pickup,2025-12-22,24,0.678
10078,Beauty,120,InStore,2025-12-15,25,0.968
10148,Electronics,104,Online,2025-10-20,32,0.708
10040,Grocery,237,Online,2025-10-13,35,0.977
10121,Beauty,226,Online,2025-11-24,34,0.592
10160,Apparel,173,Pickup,2025-12-01,33,0.667
10037,Beauty,198,InStore,2025-12-08,32,0.75
10143,Electronics,211,InStore,2025-11-10,33,0.725
10105,Home,223,InStore,2025-11-17,26,0.905
10060,Home,259,Pickup,2025-11-03,36,0.869
10087,Apparel,222,Pickup,2025-12-08,30,0.61
10090,Apparel,146,InStore,2025-11-24,27,0.908
10173,Grocery,198,Online,2025-11-03,23,0.955
10064,Grocery,251,Pickup,2025-12-01,31,0.876
10178,Beauty,125,InStore,2025-12-01,18,0.916
10095,Beauty,195,InStore,2025-10-27,33,0.914
10061,Beauty,161,Online,2025-12-01,31,0.906
10057,Grocery,132,Online,2025-11-17,39,0.976
10126,Home,107,InStore,2025-12-01,28,0.624
10041,Grocery,117,Pickup,2025-11-24,27,0.889
10141,Beauty,160,Pickup,2025-11-03,25,0.823
10118,Home,135,Online,2025-11-10,42,0.566
10059,Grocery,232,Online,2025-11-24,24,0.927
10109,Grocery,219,Pickup,2025-10-27,37,0.596
10000,Beauty,130,Online,2025-10-20,33,0.902
10165,Home,226,Pickup,2025-10-20,29,0.884
10161,Home,176,Pickup,2025-11-24,31,0.737
10017,Home,204,Online,2025-12-08,36,0.876
10156,Beauty,100,Pickup,2025-11-10,27,0.884
10040,Beauty,155,Pickup,2025-10-13,29,0.839
10069,Grocery,223,Online,2025-12-22,30,0.716
10006,Home,134,Pickup,2025-10-27,28,0.793
10024,Grocery,196,Online,2025-11-17,30,0.583
10164,Apparel,182,Online,2025-12-01,38,0.794
10031,Electronics,128,Pickup,2025-10-27,35,0.558
10085,Electronics,236,Online,2025-10-20,22,0.978
10108,Beauty,172,Pickup,2025-12-08,25,0.633
10111,Grocery,212,InStore,2025-10-27,34,0.889
10010,Grocery,104,Pickup,2025-11-03,32,0.669
10135,Beauty,119,Online,2025-10-27,36,0.848
10002,Apparel,102,Pickup,2025-11-24,34,0.818
10132,Home,221,Pickup,2025-11-24,37,0.719
10159,Home,252,Pickup,2025-10-06,32,0.556
10165,Apparel,226,Pickup,2025-11-17,24,0.917
10136,Grocery,156,Pickup,2025-12-01,39,0.97
10010,Home,232,Pickup,2025-12-08,31,0.633
10027,Electronics,112,InStore,2025-10-27,34,0.913
10050,Home,109,Pickup,2025-10-20,27,0.87
10025,Home,232,InStore,2025-10-06,25,0.777
10106,Electronics,156,Online,2025-11-24,27,0.81
10095,Beauty,190,InStore,2025-12-15,38,0.832
10171,Beauty,222,InStore,2025-10-20,32,0.816
10064,Beauty,186,Pickup,2025-11-17,27,0.918
10167,Apparel,189,Pickup,2025-11-17,25,0.774
10076,Electronics,208,Online,2025-12-01,29,0.743
10047,Home,107,Online,2025-11-17,29,0.712
10158,Home,138,Pickup,2025-11-03,24,0.645
10109,Grocery,186,Online,2025-10-13,28,0.657
10131,Beauty,191,InStore,2025-10-27,20,0.504
10055,Beauty,115,Online,2025-11-03,25,0.55
10069,Home,210,InStore,2025-10-06,36,0.939
10110,Grocery,125,Online,2025-11-10,32,0.937
10011,Grocery,124,Online,2025-12-01,30,0.588
10117,Grocery,137,InStore,2025-12-08,25,0.759
10004,Beauty,183,Pickup,2025-12-22,30,0.973
10026,Beauty,236,InStore,2025-12-01,25,0.907
10013,Beauty,205,InStore,2025-12-08,30,0.725
10004,Home,219,Online,2025-10-13,28,0.538
10169,Electronics,227,Online,2025-12-22,27,0.629
10034,Apparel,241,Online,2025-12-15,37,0.66
10135,Apparel,105,Online,2025-10-13,23,0.755
10002,Beauty,216,Online,2025-10-20,26,0.652
10155,Home,136,Online,2025-11-17,26,0.658
10046,Home,199,Online,2025-10-20,32,0.953
10174,Home,138,InStore,2025-12-01,33,0.917
10075,Beauty,187,InStore,2025-12-15,21,0.936
10107,Grocery,168,InStore,2025-11-03,36,0.795
10122,Beauty,230,Pickup,2025-10-27,32,0.905
10139,Beauty,245,Pickup,2025-12-15,29,0.893
10163,Apparel,215,Online,2025-10-27,39,0.879
10040,Grocery,174,Pickup,2025-11-17,25,0.843
10131,Electronics,112,InStore,2025-10-13,31,0.849
10179,Beauty,239,InStore,2025-12-01,36,0.931
10082,Home,248,Online,2025-12-01,29,0.621
10029,Apparel,119,InStore,2025-10-06,32,0.906
10016,Apparel,202,Pickup,2025-10-06,35,0.728
10106,Apparel,247,InStore,2025-10-13,31,0.966
10005,Apparel,156,Pickup,2025-10-13,20,0.593
10173,Grocery,130,Online,2025-10-27,22,0.509
10058,Electronics,230,InStore,2025-10-13,25,0.785
10131,Electronics,122,InStore,2025-11-17,43,0.847
10103,Home,146,Pickup,2025-12-08,36,0.795
10162,Beauty,119,Online,2025-12-01,26,0.768
10016,Beauty,209,Pickup,2025-12-22,33,0.761
10048,Grocery,131,Pickup,2025-12-15,29,0.734
10089,Beauty,135,Pickup,2025-10-06,22,0.686
10161,Home,212,Pickup,2025-12-15,28,0.865
10167,Home,245,InStore,2025-11-03,22,0.59
10027,Beauty,222,InStore,2025-12-22,31,0.83
10134,Home,181,Pickup,2025-11-10,26,0.727
10040,Beauty,223,Pickup,2025-12-22,34,0.556
10075,Electronics,175,InStore,2025-11-03,28,0.778
10123,Electronics,115,InStore,2025-10-20,30,0.811
10137,Home,129,Online,2025-10-06,31,0.559
10150,Home,117,Pickup,2025-11-17,24,0.506
10160,Grocery,232,Online,2025-12-08,32,0.882
10168,Home,259,Pickup,2025-11-24,25,0.679
10092,Electronics,152,InStore,2025-12-15,35,0.684
10171,Electronics,151,Pickup,2025-10-06,33,0.965
10132,Beauty,226,Online,2025-10-20,35,0.722
10165,Apparel,249,Pickup,2025-12-08,25,0.895
10149,Beauty,175,Pickup,2025-12-08,34,0.706
10058,Home,100,InStore,2025-10-20,39,0.658
10178,Grocery,120,Pickup,2025-10-13,24,0.826
10003,Beauty,249,InStore,2025-10-20,33,0.546
10152,Electronics,113,Online,2025-10-27,39,0.895
10018,Apparel,236,Pickup,2025-10-20,28,0.972
10069,Grocery,183,InStore,2025-11-10,40,0.587
10173,Electronics,179,Pickup,2025-11-17,32,0.778
10152,Grocery,215,Pickup,2025-11-24,31,0.759
10028,Apparel,117,InStore,2025-11-10,25,0.691
10052,Electronics,181,Online,2025-11-10,27,0.725
10157,Electronics,162,InStore,2025-10-20,20,0.622
10083,Apparel,185,Pickup,2025-10-20,26,0.971
10164,Apparel,150,Online,2025-10-13,34,0.948
10123,Home,228,InStore,2025-10-27,27,0.676
10142,Electronics,207,InStore,2025-12-15,33,0.514
10096,Home,112,Pickup,2025-11-24,34,0.569
10099,Home,103,Online,2025-11-24,25,0.85
10043,Apparel,257,Pickup,2025-11-17,25,0.965
10161,Home,122,Pickup,2025-12-22,34,0.657
10160,Beauty,112,Pickup,2025-11-10,26,0.896
10019,Beauty,114,InStore,2025-10-20,39,0.761
10056,Apparel,158,Pickup,2025-11-10,37,0.813
10047,Grocery,189,Online,2025-11-24,24,0.933
10166,Apparel,157,InStore,2025-10-20,28,0.848
10127,Grocery,174,Online,2025-11-10,38,0.841
10092,Grocery,214,InStore,2025-12-15,31,0.955
10008,Apparel,226,Pickup,2025-11-17,40,0.862
10086,Electronics,172,Pickup,2025-10-06,33,0.593
10046,Grocery,103,InStore,2025-12-08,23,0.778
10157,Home,161,Pickup,2025-10-20,21,0.592
10026,Electronics,118,InStore,2025-11-17,26,0.83
10040,Beauty,168,InStore,2025-10-06,36,0.527
10042,Apparel,257,InStore,2025-11-24,33,0.794
10085,Grocery,147,Pickup,2025-10-06,40,0.645
10014,Home,141,InStore,2025-10-27,22,0.975
10143,Grocery,229,Online,2025-11-10,23,0.932
10016,Electronics,164,InStore,2025-12-15,33,0.882
10034,Grocery,239,Pickup,2025-12-08,34,0.595
10067,Electronics,257,Online,2025-10-06,28,0.69
10143,Apparel,169,InStore,2025-10-20,35,0.748
10119,Electronics,106,Online,2025-12-22,24,0.757
10161,Electronics,178,InStore,2025-10-27,29,0.717
10177,Beauty,153,Pickup,2025-12-01,30,0.837
10026,Apparel,133,InStore,2025-10-06,29,0.812
10002,Beauty,239,Online,2025-10-13,33,0.904
10124,Home,143,InStore,2025-10-20,35,0.527
10078,Beauty,175,Pickup,2025-10-13,25,0.526
10139,Beauty,223,Pickup,2025-12-08,33,0.917
10171,Beauty,180,Pickup,2025-12-08,29,0.84
10105,Apparel,234,Online,2025-12-22,28,0.84
10126,Home,226,InStore,2025-10-20,37,0.944
10035,Grocery,209,Online,2025-10-20,33,0.5
10174,Beauty,156,Online,2025-10-13,28,0.886
10136,Home,172,InStore,2025-11-17,28,0.722
10095,Grocery,159,Pickup,2025-10-20,24,0.757
10150,Electronics,226,Online,2025-10-20,36,0.79
10048,Home,248,Online,2025-10-06,39,0.645
10147,Apparel,155,InStore,2025-11-03,21,0.636
10091,Apparel,231,Online,2025-11-03,38,0.756
10125,Apparel,135,Pickup,2025-11-10,37,0.676
10091,Apparel,158,Online,2025-12-08,29,0.575
10144,Beauty,215,InStore,2025-12-15,32,0.576
10173,Beauty,154,Pickup,2025-12-22,32,0.559
10076,Beauty,185,Online,2025-12-01,26,0.705
10116,Beauty,169,InStore,2025-10-27,30,0.937
10147,Grocery,189,Online,2025-11-24,29,0.831
10021,Beauty,107,Online,2025-12-22,43,0.509
10055,Apparel,202,InStore,2025-12-22,27,0.789
10139,Electronics,206,Online,2025-10-27,32,0.663
10009,Home,208,Online,2025-10-13,26,0.827
10108,Electronics,163,Pickup,2025-12-22,35,0.861
10017,Home,149,InStore,2025-10-13,27,0.645
10025,Apparel,179,Pickup,2025-11-10,24,0.909
10171,Home,129,Pickup,2025-10-27,31,0.578
10049,Electronics,206,Online,2025-12-01,33,0.715
10113,Beauty,140,Online,2025-11-03,37,0.636
10010,Home,144,Pickup,2025-12-08,29,0.529
10135,Grocery,133,InStore,2025-11-03,30,0.761
10138,Home,124,InStore,2025-12-15,28,0.547
10078,Grocery,150,Pickup,2025-12-22,22,0.97
10030,Grocery,248,InStore,2025-12-15,39,0.555
10149,Apparel,185,InStore,2025-11-17,37,0.934
10109,Apparel,188,InStore,2025-11-10,26,0.931
10102,Electronics,163,Pickup,2025-10-20,30,0.7
10093,Grocery,192,Online,2025-11-17,28,0.862
10047,Apparel,220,Pickup,2025-12-01,31,0.975
10085,Home,100,Online,2025-12-22,29,0.753
10134,Grocery,227,Pickup,2025-10-13,21,0.717
10054,Apparel,176,Pickup,2025-10-27,34,0.691
10030,Home,148,Pickup,2025-10-13,28,0.94
10028,Beauty,161,Online,2025-10-06,30,0.534
10027,Electronics,215,Pickup,2025-12-01,28,0.664
10067,Apparel,101,InStore,2025-12-22,29,0.732
10083,Apparel,202,Pickup,2025-11-10,30,0.559
10145,Beauty,121,InStore,2025-11-17,39,0.538
10138,Grocery,110,Online,2025-12-15,30,0.604
10031,Electronics,129,Pickup,2025-11-17,30,0.816
10014,Beauty,118,Online,2025-10-20,32,0.564
10169,Grocery,197,Online,2025-11-10,36,0.818
10106,Electronics,242,Online,2025-11-24,26,0.62
10000,Grocery,247,Online,2025-11-03,46,0.587
10124,Beauty,125,InStore,2025-10-20,28,0.794
10156,Grocery,112,Online,2025-11-17,36,0.705
10141,Grocery,112,Pickup,2025-11-24,29,0.736
10062,Apparel,130,InStore,2025-10-06,30,0.668
10152,Beauty,236,Pickup,2025-11-10,33,0.891
10123,Grocery,104,Pickup,2025-10-13,30,0.642
10123,Apparel,178,InStore,2025-10-20,36,0.768
10120,Grocery,116,Online,2025-10-13,34,0.911
10066,Apparel,259,InStore,2025-10-06,33,0.86
10093,Home,120,InStore,2025-11-03,41,0.904
10032,Grocery,146,InStore,2025-12-22,34,0.978
10123,Apparel,178,InStore,2025-11-24,38,0.703
10026,Electronics,149,InStore,2025-10-27,26,0.831
10039,Home,193,Online,2025-11-24,28,0.577
10147,Electronics,227,Online,2025-12-08,33,0.751
10120,Grocery,130,Online,2025-10-13,29,0.728
10164,Electronics,227,InStore,2025-10-20,32,0.554
10090,Home,213,Pickup,2025-10-13,35,0.589
10114,Electronics,132,Pickup,2025-11-17,29,0.862
10006,Grocery,258,InStore,2025-11-17,31,0.556
10126,Grocery,171,InStore,2025-12-08,35,0.978
10124,Grocery,238,InStore,2025-12-01,27,0.762
10179,Apparel,147,Online,2025-11-17,33,0.8
10049,Apparel,214,Pickup,2025-10-13,35,0.691
10128,Grocery,173,InStore,2025-12-01,39,0.582
10092,Home,177,Online,2025-10-13,27,0.673
10016,Electronics,176,InStore,2025-10-27,28,0.932
10017,Home,118,Online,2025-11-17,39,0.78
10133,Electronics,240,Online,2025-11-17,26,0.782
10069,Beauty,160,InStore,2025-11-17,30,0.776
10074,Apparel,158,InStore,2025-10-06,39,0.898
10163,Beauty,177,InStore,2025-10-13,27,0.913
10179,Home,249,Online,2025-11-10,30,0.798
10025,Electronics,112,InStore,2025-12-22,38,0.918
10171,Grocery,201,Online,2025-12-22,35,0.528
10040,Apparel,250,InStore,2025-11-03,26,0.666
10022,Apparel,259,Pickup,2025-10-06,23,0.864
10067,Grocery,243,Online,2025-12-22,24,0.598
10107,Beauty,127,InStore,2025-11-24,37,0.674
10159,Home,185,InStore,2025-11-24,26,0.545
10091,Home,122,Pickup,2025-12-01,37,0.646
10115,Electronics,256,Online,2025-10-13,30,0.94
10149,Apparel,123,Pickup,2025-10-20,24,0.743
10103,Electronics,223,Online,2025-11-10,27,0.877
10175,Home,158,Pickup,2025-10-27,28,0.575
10003,Apparel,105,Pickup,2025-12-15,26,0.525
10145,Beauty,217,InStore,2025-11-10,28,0.872
10037,Beauty,128,Online,2025-11-17,29,0.919
10113,Beauty,242,Pickup,2025-10-06,23,0.758
10055,Apparel,139,Online,2025-12-08,28,0.609
10069,Beauty,227,Pickup,2025-12-08,31,0.691
10175,Grocery,189,Online,2025-12-08,24,0.672
10031,Electronics,200,Pickup,2025-10-06,32,0.731
10151,Beauty,142,Online,2025-11-10,24,0.557
10155,Apparel,173,Online,2025-11-17,35,0.684
10093,Home,140,Online,2025-10-06,29,0.919
10042,Electronics,160,InStore,2025-11-10,25,0.809
10055,Electronics,202,Pickup,2025-11-10,39,0.79
10071,Home,140,Online,2025-12-01,33,0.972
10161,Electronics,154,InStore,2025-12-08,31,0.536
10135,Grocery,150,Online,2025-10-13,30,0.949
10178,Beauty,128,Online,2025-12-08,39,0.953
10112,Apparel,196,Pickup,2025-11-03,20,0.869
10154,Electronics,185,Pickup,2025-10-13,29,0.868
10094,Beauty,197,InStore,2025-10-27,30,0.643
10140,Beauty,138,InStore,2025-12-22,25,0.644
10129,Apparel,243,Pickup,2025-12-15,39,0.959
10058,Apparel,257,InStore,2025-10-06,26,0.511
10173,Grocery,125,Pickup,2025-11-10,28,0.824
10038,Electronics,248,Pickup,2025-10-27,33,0.575
10121,Apparel,151,InStore,2025-11-03,36,0.909
10177,Home,157,Pickup,2025-10-20,28,0.729
10043,Beauty,126,Pickup,2025-11-03,31,0.589
10103,Beauty,159,Pickup,2025-10-13,32,0.835
10125,Home,120,Pickup,2025-10-06,32,0.894
10122,Grocery,164,Pickup,2025-10-20,31,0.723
10027,Apparel,139,Online,2025-12-22,38,0.639
10101,Electronics,114,Pickup,2025-10-13,31,0.605
10113,Electronics,174,Pickup,2025-10-06,30,0.671
10113,Grocery,216,Online,2025-10-13,21,0.953
10086,Beauty,255,Online,2025-10-06,27,0.607
10037,Beauty,255,Pickup,2025-10-06,24,0.651
10127,Beauty,221,Online,2025-10-06,31,0.826
10018,Home,226,Online,2025-11-24,32,0.864
10021,Home,155,Pickup,2025-10-13,27,0.727
10152,Electronics,107,Pickup,2025-10-13,38,0.528
10056,Apparel,107,Online,2025-11-24,35,0.55
10015,Grocery,155,InStore,2025-12-15,23,0.787
10043,Beauty,235,Online,2025-10-13,34,0.722
10021,Electronics,225,Pickup,2025-10-06,26,0.692
10020,Grocery,246,InStore,2025-10-13,25,0.683
10147,Apparel,221,Pickup,2025-10-13,34,0.758
10111,Home,185,Pickup,2025-10-06,26,0.893
10107,Apparel,225,InStore,2025-12-15,31,0.93
10056,Apparel,238,Online,2025-12-08,31,0.665
10025,Electronics,242,Pickup,2025-11-24,31,0.785
10081,Electronics,100,Online,2025-12-15,38,0.565
10152,Home,215,Online,2025-11-10,20,0.606
10062,Electronics,172,Online,2025-11-24,41,0.542
10130,Electronics,214,Pickup,2025-11-03,22,0.973
10048,Apparel,129,Online,2025-10-13,28,0.849
10075,Beauty,123,Online,2025-12-15,36,0.871
10022,Beauty,160,Pickup,2025-10-20,24,0.559
10145,Grocery,249,Online,2025-11-10,35,0.792
10081,Beauty,230,Pickup,2025-10-13,27,0.627
10118,Home,128,InStore,2025-11-17,27,0.533
10163,Beauty,256,Pickup,2025-10-20,25,0.589
10053,Home,131,Pickup,2025-10-06,21,0.605
10159,Apparel,129,Pickup,2025-11-24,36,0.937
10003,Home,246,Online,2025-10-20,23,0.697
10051,Home,234,Pickup,2025-10-06,31,0.519
10118,Electronics,107,Pickup,2025-11-03,45,0.863
10125,Electronics,252,InStore,2025-12-01,33,0.843
10067,Apparel,239,InStore,2025-12-22,34,0.93
10041,Apparel,216,InStore,2025-11-24,37,0.554
10051,Apparel,183,Online,2025-10-06,32,0.633
10058,Beauty,229,Pickup,2025-11-24,32,0.542
10041,Electronics,133,Pickup,2025-10-27,27,0.63
10160,Home,180,Online,2025-11-03,26,0.513
10152,Electronics,186,Online,2025-12-22,26,0.697
10151,Home,238,InStore,2025-12-22,33,0.881
10118,Grocery,190,Pickup,2025-10-13,31,0.961
10001,Electronics,141,Pickup,2025-12-15,35,0.784
10143,Beauty,127,InStore,2025-10-13,31,0.729
10136,Apparel,107,InStore,2025-10-27,26,0.701
10161,Beauty,147,Online,2025-11-17,38,0.737
10095,Grocery,202,Online,2025-10-06,36,0.854
10029,Apparel,162,Pickup,2025-12-22,16,0.973
10144,Apparel,151,Online,2025-11-10,27,0.944
10017,Home,146,Pickup,2025-10-27,26,0.904
10033,Grocery,215,Online,2025-11-17,30,0.602
10095,Electronics,185,Pickup,2025-10-06,34,0.587
10148,Electronics,158,Online,2025-12-15,23,0.8
10032,Electronics,140,Online,2025-12-15,26,0.882
10062,Apparel,150,Pickup,2025-10-13,24,0.618
10069,Electronics,178,Pickup,2025-10-06,36,0.875
10088,Electronics,175,Pickup,2025-11-24,20,0.662
10158,Home,104,InStore,2025-11-24,32,0.746
10113,Home,142,Online,2025-10-20,29,0.698
10099,Apparel,178,InStore,2025-10-13,38,0.737
10119,Electronics,253,InStore,2025-10-13,31,0.833
10159,Grocery,256,Online,2025-11-10,29,0.612
10151,Home,213,Pickup,2025-11-24,25,0.593
10080,Beauty,170,Online,2025-10-06,24,0.676
10153,Beauty,229,Pickup,2025-11-03,38,0.962
10029,Grocery,105,Pickup,2025-12-22,28,0.5
10054,Beauty,253,Online,2025-10-06,22,0.868
10029,Home,253,Pickup,2025-11-03,27,0.749
10026,Apparel,178,Pickup,2025-12-15,32,0.958
10115,Home,245,InStore,2025-10-20,30,0.762
10102,Home,170,Pickup,2025-10-13,28,0.59
10057,Home,137,Online,2025-12-08,35,0.557
10008,Grocery,100,Pickup,2025-10-27,27,0.921
10143,Beauty,128,Pickup,2025-10-13,31,0.785
10007,Home,259,InStore,2025-11-10,20,0.615
10111,Beauty,127,InStore,2025-10-13,32,0.587
10078,Apparel,214,Pickup,2025-11-03,30,0.772
10152,Apparel,203,Online,2025-10-27,27,0.771
10025,Electronics,116,Online,2025-10-20,27,0.892
10064,Home,147,Pickup,2025-10-06,27,0.906
10068,Apparel,250,Online,2025-12-15,30,0.584
10172,Beauty,123,Pickup,2025-10-27,41,0.657
10174,Grocery,109,Pickup,2025-10-06,25,0.748
10001,Electronics,241,InStore,2025-12-01,37,0.583
10108,Electronics,226,Pickup,2025-11-10,31,0.94
10048,Electronics,211,Online,2025-12-15,31,0.719
10089,Beauty,119,InStore,2025-11-24,33,0.944
10093,Apparel,253,Pickup,2025-11-03,34,0.751
10049,Electronics,204,Online,2025-11-03,29,0.893
10149,Home,234,Online,2025-12-08,35,0.512
10163,Grocery,254,Pickup,2025-10-13,30,0.576
10131,Beauty,180,Online,2025-12-22,37,0.943
10047,Apparel,203,Pickup,2025-12-15,36,0.768
10014,Electronics,257,Pickup,2025-10-27,29,0.699
10152,Apparel,118,Online,2025-10-27,33,0.755
10169,Beauty,143,Pickup,2025-11-10,30,0.755
10170,Electronics,129,Online,2025-11-17,36,0.553
10116,Grocery,151,InStore,2025-12-01,41,0.616
10112,Grocery,172,InStore,2025-11-24,28,0.826
10013,Home,121,InStore,2025-11-10,41,0.979
10151,Home,115,InStore,2025-11-24,25,0.659
10132,Home,100,Online,2025-11-24,30,0.671
10111,Home,222,Online,2025-11-24,35,0.923
10091,Grocery,225,Online,2025-10-27,28,0.86
10149,Beauty,119,Online,2025-11-17,40,0.697
10103,Electronics,245,Online,2025-11-10,31,0.699
10125,Beauty,104,InStore,2025-12-01,36,0.783
10160,Beauty,226,Online,2025-10-20,29,0.951
10045,Home,128,InStore,2025-12-22,24,0.646
10066,Apparel,162,InStore,2025-10-13,26,0.952
10047,Electronics,244,Online,2025-12-01,13,0.825
10030,Home,147,Pickup,2025-10-27,17,0.619
10173,Apparel,158,Pickup,2025-11-10,29,0.897
10100,Grocery,141,Pickup,2025-10-27,31,0.793
10088,Home,127,Online,2025-12-22,31,0.976
10177,Apparel,254,Online,2025-12-22,25,0.828
10127,Beauty,216,Online,2025-11-03,30,0.753
10112,Grocery,128,Pickup,2025-12-08,23,0.639
10135,Grocery,126,Pickup,2025-12-22,27,0.926
10156,Apparel,204,Online,2025-12-08,28,0.503
10098,Home,233,InStore,2025-11-17,36,0.683
10074,Home,224,Online,2025-10-27,20,0.556
10094,Electronics,118,Pickup,2025-10-20,25,0.934
10116,Electronics,216,Pickup,2025-10-20,34,0.679
10002,Electronics,136,Pickup,2025-11-24,35,0.614
10176,Home,246,Pickup,2025-11-10,36,0.898
10071,Beauty,244,Pickup,2025-12-22,32,0.856
10166,Beauty,130,InStore,2025-10-13,33,0.959
10122,Apparel,219,Pickup,2025-11-10,27,0.59
10151,Grocery,117,InStore,2025-11-17,34,0.508
10150,Apparel,250,Pickup,2025-12-08,32,0.548
10012,Grocery,245,Online,2025-12-08,30,0.501
10128,Home,174,InStore,2025-11-10,29,0.647
10027,Apparel,192,InStore,2025-11-24,19,0.765
10080,Grocery,156,Online,2025-10-20,26,0.789
10149,Grocery,155,InStore,2025-12-22,27,0.536
10082,Grocery,136,Online,2025-12-01,25,0.95
10036,Electronics,162,Pickup,2025-10-06,28,0.71
10154,Beauty,191,Pickup,2025-10-20,31,0.523
10117,Grocery,131,InStore,2025-11-17,21,0.911
10172,Beauty,126,Online,2025-11-17,27,0.592
10084,Apparel,114,Pickup,2025-10-13,40,0.682
10056,Electronics,248,InStore,2025-10-27,29,0.829
10006,Grocery,251,Pickup,2025-12-15,35,0.819
10054,Home,178,Online,2025-11-10,33,0.897
10020,Electronics,119,InStore,2025-12-15,27,0.564
10013,Home,127,Pickup,2025-11-24,35,0.965
10097,Grocery,190,InStore,2025-10-20,35,0.631
10135,Apparel,144,Pickup,2025-11-03,26,0.801
10045,Grocery,117,Pickup,2025-11-03,26,0.752
10118,Apparel,124,InStore,2025-12-01,25,0.641
10094,Electronics,127,Online,2025-11-03,37,0.871
10050,Apparel,195,Pickup,2025-12-15,26,0.75
10098,Home,101,Online,2025-11-17,27,0.876
10144,Apparel,160,InStore,2025-10-27,38,0.895
10009,Home,107,Pickup,2025-12-08,30,0.93
10088,Beauty,243,Pickup,2025-11-17,34,0.89
10007,Beauty,208,InStore,2025-12-01,26,0.848
10115,Grocery,159,Online,2025-10-06,27,0.935
10034,Electronics,102,InStore,2025-11-24,40,0.691
10133,Beauty,180,Pickup,2025-12-15,28,0.631
10090,Apparel,146,Online,2025-10-20,32,0.511
10123,Apparel,155,Online,2025-12-15,33,0.756
10128,Beauty,157,Pickup,2025-12-01,40,0.612
10140,Electronics,248,Pickup,2025-10-06,41,0.873
10062,Grocery,191,Pickup,2025-12-22,18,0.503
10084,Grocery,194,Pickup,2025-11-17,30,0.974
10136,Grocery,172,Online,2025-12-08,31,0.537
10170,Electronics,175,Online,2025-11-10,22,0.827
10137,Home,185,Online,2025-12-08,30,0.774
10063,Grocery,153,InStore,2025-12-15,30,0.945
10133,Grocery,118,Online,2025-12-15,20,0.713
10139,Electronics,163,InStore,2025-11-17,26,0.515
10096,Grocery,201,Online,2025-10-20,24,0.631
10046,Electronics,174,Pickup,2025-11-10,29,0.927
10058,Apparel,172,Online,2025-11-10,32,0.718
10150,Grocery,194,Online,2025-11-17,36,0.625
10163,Home,181,Pickup,2025-11-10,34,0.61
10051,Beauty,115,InStore,2025-10-06,32,0.917
10091,Electronics,151,Pickup,2025-11-17,34,0.85
10151,Beauty,203,InStore,2025-11-17,24,0.737
10050,Home,119,Online,2025-12-22,21,0.917
10166,Apparel,146,InStore,2025-11-03,36,0.805
10122,Grocery,145,InStore,2025-12-22,24,0.663
10165,Home,206,Online,2025-12-08,42,0.896
10030,Home,122,Online,2025-10-20,32,0.68
10069,Home,229,Pickup,2025-10-13,41,0.527
10010,Electronics,103,Online,2025-10-20,24,0.88
10077,Apparel,126,Online,2025-10-20,34,0.528
10052,Beauty,229,Online,2025-11-10,25,0.559
10143,Grocery,220,Online,2025-12-01,29,0.737
10148,Grocery,190,Online,2025-10-27,22,0.897
10133,Home,181,Online,2025-12-22,41,0.588
10114,Beauty,137,Online,2025-12-01,27,0.914
10172,Electronics,163,InStore,2025-11-03,31,0.941
10100,Grocery,170,Pickup,2025-10-27,26,0.607
10118,Apparel,190,Online,2025-12-15,35,0.789
10017,Electronics,247,Pickup,2025-10-13,26,0.879
10033,Beauty,211,Online,2025-10-20,31,0.803
10030,Electronics,191,InStore,2025-12-08,35,0.503
10106,Home,113,Online,2025-10-06,22,0.773
10072,Home,164,InStore,2025-10-20,33,0.729
10029,Apparel,138,Pickup,2025-11-03,28,0.815
10150,Beauty,174,Pickup,2025-10-13,22,0.541
10154,Apparel,145,InStore,2025-12-08,40,0.879
10036,Beauty,167,Pickup,2025-10-13,34,0.652
10136,Beauty,130,Pickup,2025-10-20,36,0.629
10116,Grocery,240,Pickup,2025-11-17,36,0.807
10067,Electronics,207,InStore,2025-12-15,30,0.831
10070,Apparel,154,Online,2025-10-06,28,0.784
10003,Grocery,183,Pickup,2025-11-17,26,0.556
10024,Beauty,131,Pickup,2025-10-20,31,0.659
10121,Electronics,210,InStore,2025-10-20,34,0.57
10134,Apparel,148,Pickup,2025-12-08,44,0.952
10044,Apparel,147,InStore,2025-12-22,33,0.933
10129,Apparel,160,Online,2025-12-01,33,0.679
10121,Apparel,242,Online,2025-10-06,36,0.849
10103,Beauty,180,InStore,2025-12-08,26,0.607
10074,Beauty,205,InStore,2025-10-27,31,0.879
10110,Electronics,237,Online,2025-12-01,31,0.95
10150,Electronics,193,Pickup,2025-10-06,30,0.703
10104,Electronics,122,InStore,2025-12-22,39,0.6
10095,Beauty,246,Pickup,2025-12-15,35,0.626
10137,Grocery,205,Online,2025-10-06,32,0.88
10153,Home,180,Pickup,2025-11-17,23,0.806
10048,Apparel,257,Pickup,2025-11-03,36,0.849
10046,Electronics,237,Online,2025-12-01,32,0.585
10102,Apparel,255,Pickup,2025-10-13,20,0.525
10032,Beauty,208,InStore,2025-12-22,30,0.623
10130,Beauty,221,Pickup,2025-10-13,31,0.809
10126,Apparel,146,InStore,2025-11-24,33,0.568
10038,Grocery,111,Pickup,2025-12-01,28,0.58
10167,Electronics,229,Pickup,2025-10-13,33,0.69
10112,Beauty,218,Online,2025-10-20,31,0.822
10100,Electronics,244,Pickup,2025-10-20,39,0.645
10039,Home,116,Online,2025-12-22,21,0.605
10130,Home,243,InStore,2025-10-20,30,0.945
10027,Home,172,Pickup,2025-10-06,32,0.956
10119,Beauty,127,Online,2025-10-27,31,0.674
10027,Home,176,Online,2025-11-17,32,0.822
10102,Electronics,253,Online,2025-10-06,39,0.679
10064,Electronics,166,Online,2025-10-06,23,0.72
10036,Apparel,128,InStore,2025-12-15,37,0.804
10155,Beauty,230,InStore,2025-11-03,37,0.937
10054,Home,251,InStore,2025-11-10,25,0.543
10003,Home,161,InStore,2025-12-15,36,0.619
10132,Home,194,InStore,2025-11-10,32,0.565
10170,Home,253,Online,2025-12-22,28,0.867
10123,Home,118,InStore,2025-10-20,36,0.89
10013,Beauty,188,InStore,2025-12-22,28,0.604
10113,Home,195,Pickup,2025-12-01,29,0.934
10154,Apparel,193,Online,2025-12-08,25,0.81
10102,Home,246,Online,2025-11-10,24,0.873
10143,Electronics,114,Pickup,2025-10-06,38,0.656
10055,Home,137,InStore,2025-10-06,25,0.604
10065,Electronics,114,InStore,2025-10-27,31,0.559
10071,Apparel,198,Pickup,2025-11-24,23,0.89
10024,Apparel,141,Pickup,2025-11-24,29,0.783
10055,Apparel,245,Online,2025-11-03,21,0.966
10021,Beauty,107,Pickup,2025-10-20,31,0.754
10140,Apparel,219,Pickup,2025-12-08,25,0.501
10136,Electronics,151,Online,2025-12-15,30,0.939
10110,Home,225,Online,2025-10-13,26,0.648
10026,Electronics,123,InStore,2025-11-17,43,0.701
10107,Apparel,101,Online,2025-10-27,25,0.533
10126,Apparel,145,Pickup,2025-10-13,36,0.611
10069,Apparel,117,Online,2025-10-06,35,0.7
10157,Grocery,111,Online,2025-11-17,43,0.599
10095,Electronics,205,Pickup,2025-11-17,38,0.604
10080,Grocery,183,InStore,2025-10-06,16,0.782
10159,Beauty,173,InStore,2025-10-13,27,0.8
10051,Grocery,236,Online,2025-10-27,29,0.547
10000,Grocery,199,InStore,2025-10-27,28,0.657
10022,Apparel,195,InStore,2025-12-15,34,0.893
10134,Apparel,163,Online,2025-10-27,42,0.979
10107,Grocery,127,Online,2025-12-08,26,0.809
10132,Electronics,161,InStore,2025-11-17,37,0.95
10034,Electronics,104,Pickup,2025-12-08,39,0.754
10129,Electronics,190,Pickup,2025-11-17,28,0.703
10056,Apparel,247,InStore,2025-10-06,33,0.759
10097,Home,145,InStore,2025-12-08,37,0.605
10037,Home,259,InStore,2025-10-27,23,0.574
10019,Home,179,Pickup,2025-11-17,35,0.771
10033,Beauty,198,InStore,2025-12-08,20,0.737
10072,Apparel,152,InStore,2025-12-01,27,0.977
10127,Home,241,InStore,2025-12-01,26,0.654
10094,Grocery,232,InStore,2025-12-01,33,0.741
10122,Apparel,134,InStore,2025-11-17,41,0.911
10043,Electronics,144,Online,2025-11-10,31,0.796
10046,Home,158,Pickup,2025-12-15,30,0.773
10137,Grocery,240,Pickup,2025-12-01,28,0.845
10040,Home,228,InStore,2025-10-13,30,0.756
10171,Home,228,InStore,2025-11-10,27,0.819
10146,Apparel,223,Pickup,2025-11-10,27,0.723
10108,Home,155,InStore,2025-11-10,24,0.633
10082,Grocery,209,Pickup,2025-12-08,34,0.887
10049,Electronics,233,Pickup,2025-12-01,45,0.712
10002,Electronics,257,Pickup,2025-10-27,31,0.635
10086,Apparel,154,Pickup,2025-12-22,35,0.689
10005,Home,205,Pickup,2025-12-08,27,0.779
10068,Grocery,154,InStore,2025-11-17,30,0.857
10066,Beauty,216,Online,2025-12-01,36,0.747
10013,Beauty,194,Pickup,2025-10-06,26,0.82
10043,Beauty,203,InStore,2025-10-06,30,0.794
10116,Apparel,232,Online,2025-12-01,31,0.973
10126,Electronics,133,Pickup,2025-10-13,27,0.923
10167,Home,106,InStore,2025-11-03,18,0.58
10128,Grocery,120,Pickup,2025-10-20,29,0.656
10115,Electronics,209,Online,2025-10-27,28,0.686
10025,Home,108,Pickup,2025-12-22,29,0.883
10109,Beauty,237,Pickup,2025-12-01,44,0.632
10054,Home,180,InStore,2025-11-10,33,0.957
10067,Apparel,209,InStore,2025-10-06,34,0.865
10158,Electronics,174,Pickup,2025-10-20,36,0.784
10030,Home,223,Pickup,2025-10-06,32,0.945
10048,Grocery,238,Online,2025-10-06,33,0.599
10022,Apparel,156,Pickup,2025-12-08,29,0.962
10007,Home,139,Pickup,2025-12-22,26,0.975
10138,Electronics,203,Online,2025-12-01,41,0.625
10067,Home,247,Online,2025-12-08,34,0.574
10124,Electronics,230,Online,2025-11-10,30,0.594
10172,Beauty,222,InStore,2025-12-01,19,0.804
10088,Apparel,215,InStore,2025-12-15,40,0.668
10088,Apparel,215,Online,2025-11-24,29,0.806
10031,Home,248,InStore,2025-12-22,43,0.65
10166,Electronics,184,Pickup,2025-11-10,30,0.923
10081,Home,159,InStore,2025-12-15,29,0.879
10038,Apparel,202,Pickup,2025-11-10,33,0.72
10105,Apparel,131,Pickup,2025-11-17,27,0.873
10064,Apparel,165,InStore,2025-10-20,26,0.97
10009,Grocery,157,Pickup,2025-12-22,29,0.785
10045,Grocery,176,Pickup,2025-10-27,45,0.523
10080,Grocery,257,Online,2025-12-01,28,0.847
10000,Beauty,153,InStore,2025-10-06,42,0.734
10023,Electronics,248,Pickup,2025-10-20,24,0.541
10120,Home,159,Pickup,2025-11-03,35,0.585
10129,Electronics,253,InStore,2025-11-17,28,0.861
10123,Home,124,Online,2025-11-10,43,0.957
10173,Apparel,219,Online,2025-12-08,38,0.9
10116,Home,103,Online,2025-10-06,23,0.536
10103,Electronics,202,Online,2025-12-08,29,0.861
10078,Grocery,129,InStore,2025-12-08,30,0.729
10179,Electronics,193,Online,2025-12-08,23,0.875
10095,Electronics,182,Pickup,2025-10-20,26,0.915
10169,Apparel,197,Pickup,2025-10-06,28,0.532
10090,Home,112,Online,2025-11-10,26,0.619
10030,Home,125,Pickup,2025-10-06,29,0.699
10092,Apparel,190,Online,2025-11-24,27,0.595
10157,Grocery,143,InStore,2025-11-17,28,0.797
10172,Beauty,205,InStore,2025-11-17,34,0.566
10034,Grocery,232,InStore,2025-12-15,20,0.783
10163,Grocery,196,Online,2025-11-17,28,0.529
10076,Apparel,244,Online,2025-12-08,24,0.924
10044,Apparel,252,Online,2025-11-03,27,0.539
10177,Grocery,118,Online,2025-10-13,29,0.813
10146,Grocery,254,InStore,2025-12-08,21,0.728
10027,Electronics,165,Pickup,2025-11-10,41,0.791
10077,Beauty,177,Online,2025-10-20,32,0.602
10135,Electronics,100,Online,2025-10-06,36,0.703
10104,Apparel,152,Pickup,2025-12-01,26,0.962
10078,Electronics,228,Pickup,2025-11-17,25,0.785
10090,Beauty,120,InStore,2025-12-08,21,0.502
10098,Grocery,105,Online,2025-12-15,33,0.973
10123,Grocery,157,Online,2025-12-22,33,0.828
10075,Electronics,240,Online,2025-10-27,29,0.642
10059,Grocery,101,InStore,2025-10-13,23,0.71
10120,Beauty,129,Pickup,2025-12-08,34,0.802
10159,Apparel,215,InStore,2025-11-10,38,0.716
10065,Grocery,130,InStore,2025-12-08,38,0.879
10095,Home,113,InStore,2025-10-13,23,0.699
10086,Electronics,199,Online,2025-12-15,33,0.621
10152,Home,215,Pickup,2025-12-01,31,0.722
10069,Electronics,207,Pickup,2025-12-22,35,0.831
10110,Electronics,197,Online,2025-12-08,33,0.751
10178,Home,121,Pickup,2025-11-24,35,0.628
10043,Home,251,Pickup,2025-11-24,29,0.888
10110,Electronics,248,InStore,2025-10-27,37,0.514
10105,Home,234,Online,2025-10-13,23,0.507
10147,Electronics,139,Pickup,2025-10-13,41,0.578
10175,Grocery,104,InStore,2025-12-15,25,0.555
10050,Grocery,118,InStore,2025-11-03,30,0.625
10056,Home,251,Pickup,2025-11-10,27,0.641
10135,Electronics,204,Online,2025-12-22,29,0.907
10150,Home,113,Pickup,2025-11-10,30,0.595
10106,Electronics,167,InStore,2025-10-13,28,0.698
10155,Beauty,128,Online,2025-11-03,29,0.79
10000,Apparel,206,Pickup,2025-10-13,18,0.627
10161,Electronics,236,Pickup,2025-10-13,34,0.855
10079,Grocery,170,InStore,2025-11-24,30,0.657
10032,Home,201,Online,2025-10-06,30,0.794
10101,Grocery,191,Online,2025-11-03,29,0.87
10016,Apparel,176,Online,2025-10-06,28,0.939
10123,Home,195,Pickup,2025-12-22,40,0.697
10059,Apparel,209,Pickup,2025-12-22,31,0.888
10171,Beauty,191,InStore,2025-12-15,28,0.951
10114,Home,169,InStore,2025-11-03,24,0.871
10097,Home,105,Pickup,2025-10-27,28,0.958
10130,Beauty,171,Pickup,2025-11-24,22,0.886
10029,Beauty,128,Pickup,2025-12-15,30,0.557
10050,Grocery,254,InStore,2025-12-15,26,0.876
10026,Electronics,110,Pickup,2025-11-17,32,0.902
10155,Beauty,233,InStore,2025-12-01,22,0.611
10173,Beauty,152,InStore,2025-10-13,34,0.528
10098,Home,131,Online,2025-10-27,28,0.67
10041,Apparel,213,InStore,2025-10-20,38,0.809
10117,Home,116,InStore,2025-12-08,29,0.539
10040,Beauty,118,InStore,2025-12-01,31,0.969
10161,Apparel,113,InStore,2025-11-24,32,0.504
10157,Electronics,135,Online,2025-12-22,30,0.871
10130,Beauty,100,InStore,2025-10-06,34,0.74
10115,Grocery,100,InStore,2025-11-03,28,0.562
10127,Beauty,108,Pickup,2025-11-17,26,0.741
10047,Home,189,Online,2025-11-17,21,0.703
10152,Beauty,150,Pickup,2025-12-08,32,0.977
10153,Apparel,207,Pickup,2025-11-24,24,0.536
10109,Beauty,248,InStore,2025-11-03,36,0.625
10138,Grocery,143,Pickup,2025-10-27,23,0.626
10059,Grocery,138,InStore,2025-10-27,33,0.56
10174,Apparel,119,Pickup,2025-10-13,31,0.603
10114,Apparel,106,Pickup,2025-12-08,25,0.557
10033,Grocery,211,Online,2025-12-01,23,0.862
10047,Grocery,103,Pickup,2025-11-24,30,0.917
10026,Home,147,InStore,2025-12-01,37,0.808
10070,Home,109,Pickup,2025-12-08,30,0.79
10169,Grocery,220,Online,2025-12-08,31,0.967
10123,Home,140,Online,2025-12-22,15,0.748
10169,Electronics,233,Pickup,2025-12-22,27,0.934
10040,Grocery,119,Pickup,2025-12-08,28,0.808
10051,Apparel,232,Online,2025-10-06,30,0.854
10081,Apparel,146,Pickup,2025-11-10,25,0.659
10131,Beauty,237,Online,2025-12-22,42,0.543
10157,Beauty,114,Pickup,2025-11-17,31,0.707
10123,Grocery,186,InStore,2025-11-24,27,0.691
10175,Beauty,102,InStore,2025-12-01,30,0.681
10017,Electronics,240,Online,2025-10-06,36,0.649
10093,Beauty,103,Pickup,2025-10-27,25,0.954
10178,Apparel,141,Online,2025-10-13,24,0.824
10092,Beauty,258,InStore,2025-10-27,25,0.852
10008,Beauty,188,InStore,2025-12-15,32,0.586
10005,Apparel,217,InStore,2025-11-24,32,0.846
10074,Grocery,199,InStore,2025-10-20,39,0.878
10018,Beauty,214,InStore,2025-12-22,40,0.608
10034,Home,118,InStore,2025-11-17,26,0.661
10163,Home,224,Online,2025-11-17,28,0.819
10145,Beauty,154,InStore,2025-10-20,24,0.702
10121,Apparel,208,Online,2025-10-06,34,0.832
10014,Apparel,212,InStore,2025-10-27,32,0.596
10160,Apparel,188,InStore,2025-12-01,40,0.893
10050,Home,190,Pickup,2025-10-27,38,0.754
10002,Electronics,256,Pickup,2025-11-17,26,0.864
10165,Home,134,Online,2025-11-24,36,0.886
10112,Home,187,InStore,2025-12-22,28,0.537
10104,Grocery,103,InStore,2025-12-01,32,0.593
10040,Home,242,InStore,2025-11-17,34,0.968
10081,Apparel,203,InStore,2025-12-08,24,0.667
10029,Electronics,182,Online,2025-12-22,28,0.743
10137,Home,110,Pickup,2025-12-08,27,0.559
10020,Beauty,249,Pickup,2025-11-24,15,0.515
10153,Beauty,211,Pickup,2025-11-17,25,0.92
10124,Electronics,100,InStore,2025-11-10,33,0.501
10061,Home,145,InStore,2025-12-01,34,0.576
10046,Grocery,158,InStore,2025-11-03,24,0.744
10125,Grocery,170,Online,2025-10-20,30,0.53
10012,Apparel,238,Pickup,2025-10-27,30,0.756
10138,Apparel,187,Online,2025-10-27,25,0.946
10145,Electronics,116,InStore,2025-11-24,27,0.668
10011,Electronics,199,Online,2025-10-13,31,0.616
10005,Grocery,131,InStore,2025-11-24,30,0.601
10107,Grocery,238,Pickup,2025-12-01,26,0.618
10099,Electronics,147,Pickup,2025-11-17,36,0.568
10109,Electronics,154,Pickup,2025-10-20,34,0.963
10168,Beauty,211,Online,2025-12-01,36,0.674
10179,Apparel,137,InStore,2025-11-17,25,0.77
10082,Grocery,156,InStore,2025-10-20,35,0.686
10112,Apparel,195,InStore,2025-11-24,21,0.849
10120,Home,147,Pickup,2025-12-15,32,0.908
10177,Electronics,248,InStore,2025-12-22,29,0.883
10035,Grocery,243,InStore,2025-12-22,26,0.813
10154,Apparel,218,Online,2025-12-08,35,0.629
10066,Beauty,234,InStore,2025-12-22,19,0.861
10125,Electronics,250,InStore,2025-10-27,24,0.593
10157,Electronics,246,InStore,2025-11-17,34,0.52
10067,Grocery,128,InStore,2025-12-01,37,0.554
10170,Home,222,InStore,2025-11-24,31,0.538
10042,Beauty,200,InStore,2025-12-01,31,0.682
10167,Beauty,138,Pickup,2025-11-17,26,0.76
10158,Grocery,170,Pickup,2025-12-22,28,0.807
10121,Beauty,177,InStore,2025-12-15,26,0.505
10063,Electronics,169,Pickup,2025-12-22,26,0.54
10141,Beauty,182,Pickup,2025-10-13,32,0.631
10019,Grocery,187,Pickup,2025-12-01,28,0.972
10014,Home,152,Online,2025-11-03,35,0.737
10040,Beauty,114,Pickup,2025-11-03,38,0.645
10081,Grocery,233,InStore,2025-10-06,33,0.733
10076,Grocery,167,Pickup,2025-10-20,27,0.586
10062,Home,205,Pickup,2025-10-27,29,0.745
10027,Home,255,Online,2025-10-20,27,0.834
10078,Beauty,205,Pickup,2025-12-15,46,0.768
10042,Home,220,Pickup,2025-11-17,38,0.646
10179,Electronics,175,InStore,2025-11-24,33,0.651
10117,Apparel,255,InStore,2025-12-08,29,0.79
10094,Electronics,192,InStore,2025-11-03,24,0.871
10166,Home,114,Pickup,2025-12-22,41,0.652
10029,Electronics,219,InStore,2025-12-08,32,0.562
10169,Beauty,131,InStore,2025-11-17,36,0.934
10032,Beauty,228,InStore,2025-10-13,31,0.708
10157,Apparel,161,Online,2025-12-01,24,0.749
10000,Grocery,127,Pickup,2025-12-15,27,0.747
10016,Apparel,229,InStore,2025-11-17,21,0.977
10086,Electronics,188,InStore,2025-12-08,28,0.911
10094,Grocery,209,InStore,2025-11-24,34,0.719
10057,Electronics,176,InStore,2025-10-13,27,0.78
10094,Home,103,InStore,2025-10-13,36,0.603
10128,Grocery,117,Pickup,2025-11-03,24,0.804
10072,Beauty,139,Pickup,2025-11-03,25,0.866
10156,Home,226,Online,2025-12-22,22,0.65
10179,Apparel,127,Online,2025-10-06,27,0.783
10044,Beauty,215,InStore,2025-12-08,35,0.785
10100,Electronics,213,Pickup,2025-10-27,29,0.942
10104,Grocery,166,Online,2025-11-10,29,0.777
10136,Home,157,Online,2025-12-01,27,0.948
10050,Beauty,119,Online,2025-11-03,22,0.806
10176,Grocery,107,Pickup,2025-10-13,30,0.529
10032,Apparel,109,Online,2025-11-17,22,0.95
10069,Home,163,Online,2025-10-06,42,0.719
10010,Electronics,258,InStore,2025-10-27,24,0.791
10125,Apparel,101,Pickup,2025-10-06,22,0.974
10077,Home,175,Online,2025-10-20,33,0.609
10025,Beauty,257,InStore,2025-12-22,27,0.625
10009,Home,202,InStore,2025-10-06,24,0.558
10035,Grocery,195,Pickup,2025-10-27,19,0.688
10159,Apparel,258,Online,2025-10-20,28,0.61
10036,Home,161,Online,2025-10-27,29,0.785
10020,Beauty,171,InStore,2025-12-08,36,0.647
10147,Home,197,InStore,2025-10-20,25,0.517
10155,Home,211,Online,2025-10-27,29,0.737
10171,Electronics,132,InStore,2025-11-03,30,0.724
10019,Grocery,116,Online,2025-12-22,29,0.512
10028,Beauty,163,Pickup,2025-11-03,33,0.569
10088,Electronics,152,InStore,2025-10-27,26,0.505
10124,Beauty,246,Pickup,2025-12-01,37,0.952
10062,Beauty,102,InStore,2025-10-13,31,0.536
10172,Beauty,215,InStore,2025-12-01,25,0.835
10053,Electronics,194,Online,2025-10-13,35,0.846
10076,Electronics,173,InStore,2025-12-08,31,0.552
10025,Beauty,128,InStore,2025-10-27,33,0.708
10155,Grocery,156,Online,2025-10-06,25,0.838
10068,Apparel,159,Online,2025-11-24,37,0.829
10178,Beauty,247,InStore,2025-12-15,31,0.842
10001,Beauty,125,InStore,2025-11-03,32,0.914
10150,Home,174,Online,2025-11-03,26,0.968
10121,Home,157,Online,2025-10-13,32,0.726
10043,Apparel,177,Pickup,2025-10-06,23,0.519
10142,Apparel,159,InStore,2025-10-13,24,0.808
10100,Grocery,185,InStore,2025-12-15,34,0.66
10052,Beauty,243,Pickup,2025-11-24,33,0.701
10043,Apparel,116,InStore,2025-11-03,37,0.617
10122,Grocery,160,InStore,2025-12-08,23,0.729
10161,Grocery,138,InStore,2025-11-17,35,0.51
10108,Home,223,Pickup,2025-12-01,32,0.798
10136,Home,248,InStore,2025-11-17,29,0.564
10170,Grocery,155,Online,2025-11-10,31,0.772
10049,Home,257,Online,2025-11-10,29,0.551
10049,Electronics,104,Online,2025-11-24,20,0.874
10007,Beauty,191,Pickup,2025-11-03,32,0.665
10033,Home,222,InStore,2025-10-20,30,0.67
10090,Electronics,147,Online,2025-12-15,36,0.966
10047,Home,152,Online,2025-10-27,20,0.861
10039,Grocery,237,Pickup,2025-11-03,23,0.638
10153,Grocery,250,Online,2025-12-01,24,0.693
10130,Beauty,127,Online,2025-11-03,32,0.949
10011,Home,209,InStore,2025-10-20,36,0.975
10157,Grocery,212,Online,2025-10-27,25,0.743
10154,Home,231,InStore,2025-10-20,27,0.969
10046,Beauty,134,Online,2025-12-15,25,0.585
10089,Beauty,178,InStore,2025-10-27,29,0.53
10085,Grocery,220,Online,2025-11-17,29,0.6
10126,Beauty,157,Online,2025-11-24,43,0.757
10175,Electronics,182,InStore,2025-10-06,35,0.606
10051,Grocery,182,Pickup,2025-11-10,19,0.575
10122,Electronics,195,InStore,2025-11-10,27,0.756
10153,Home,222,Online,2025-11-10,26,0.852
10034,Apparel,115,Pickup,2025-12-08,35,0.598
10137,Home,251,Pickup,2025-10-20,28,0.772
10017,Grocery,124,InStore,2025-11-17,27,0.784
10068,Beauty,205,Pickup,2025-11-10,34,0.784
10136,Home,123,Pickup,2025-11-24,28,0.907
10170,Apparel,197,InStore,2025-12-22,30,0.571
10049,Beauty,209,InStore,2025-10-13,38,0.501
10151,Grocery,137,Online,2025-12-22,37,0.796
10091,Beauty,111,InStore,2025-10-20,24,0.697
10069,Home,137,Pickup,2025-10-27,28,0.587
10068,Beauty,223,InStore,2025-10-06,24,0.63
10022,Grocery,114,InStore,2025-12-22,28,0.98
10129,Home,136,Online,2025-12-15,31,0.71
10133,Beauty,193,Pickup,2025-10-27,24,0.834
10031,Apparel,214,Online,2025-11-17,34,0.821
10140,Electronics,210,Online,2025-11-24,25,0.669
10071,Home,221,Pickup,2025-10-06,27,0.755
10154,Grocery,191,InStore,2025-10-06,37,0.597
10080,Home,109,Pickup,2025-12-22,40,0.542
10154,Apparel,205,Pickup,2025-12-01,24,0.831
10126,Grocery,146,Pickup,2025-10-13,27,0.71
10062,Apparel,246,Pickup,2025-10-13,29,0.755
10001,Grocery,246,Online,2025-10-27,36,0.786
10176,Home,259,InStore,2025-11-24,32,0.767
10031,Grocery,154,Pickup,2025-10-06,32,0.962
10145,Beauty,140,Online,2025-11-24,26,0.686
10077,Grocery,100,Pickup,2025-12-08,31,0.538
10128,Grocery,166,InStore,2025-12-15,35,0.934
10146,Grocery,161,Pickup,2025-12-01,36,0.979
10021,Beauty,171,Online,2025-12-22,22,0.686
10026,Home,118,InStore,2025-10-20,40,0.832
10052,Apparel,155,InStore,2025-10-20,30,0.607
10084,Beauty,108,Online,2025-12-22,32,0.595
10060,Electronics,158,Pickup,2025-10-13,28,0.965
10011,Apparel,120,InStore,2025-11-17,37,0.774
10157,Grocery,174,InStore,2025-11-03,28,0.956
10176,Home,192,Pickup,2025-10-13,24,0.921
10061,Home,153,InStore,2025-11-03,23,0.917
10128,Grocery,174,Online,2025-10-06,37,0.745
10013,Home,171,Pickup,2025-10-27,27,0.589
10046,Grocery,183,Pickup,2025-12-01,33,0.553
10088,Home,221,Pickup,2025-10-27,27,0.805
10053,Electronics,163,Pickup,2025-12-22,24,0.569
10112,Grocery,187,InStore,2025-11-17,27,0.675
10117,Electronics,182,Online,2025-11-24,22,0.573
10064,Apparel,110,InStore,2025-12-01,33,0.868
10069,Home,128,Pickup,2025-10-20,33,0.579
10041,Grocery,142,Pickup,2025-11-10,30,0.972
10036,Grocery,257,Pickup,2025-10-20,28,0.972
10151,Home,139,Pickup,2025-10-20,36,0.551
10028,Beauty,105,Online,2025-10-06,42,0.716
10053,Home,140,InStore,2025-11-17,24,0.55
10002,Home,116,InStore,2025-10-13,25,0.674
10006,Grocery,238,Online,2025-11-03,36,0.547
10069,Beauty,153,Pickup,2025-11-17,24,0.945
10015,Home,246,Pickup,2025-12-15,22,0.757
10006,Electronics,226,Online,2025-11-10,26,0.683
10121,Home,202,Pickup,2025-12-22,36,0.644
10152,Beauty,209,InStore,2025-11-03,26,0.649
10116,Beauty,248,InStore,2025-11-17,41,0.703
10170,Electronics,100,Pickup,2025-11-03,25,0.864
10039,Electronics,101,InStore,2025-11-03,28,0.688
10084,Apparel,203,InStore,2025-12-22,40,0.646
10075,Beauty,256,Online,2025-10-13,32,0.944
10055,Apparel,190,Pickup,2025-11-03,28,0.71
10099,Grocery,247,InStore,2025-12-01,34,0.946
10102,Electronics,248,Pickup,2025-12-15,34,0.673
10044,Home,206,InStore,2025-11-10,30,0.805
10072,Beauty,143,Online,2025-11-24,25,0.808
10147,Grocery,254,Pickup,2025-10-20,27,0.515
10011,Apparel,165,Online,2025-12-08,32,0.73
10012,Beauty,119,Pickup,2025-11-10,27,0.773
10104,Grocery,236,Online,2025-12-22,26,0.756
10088,Grocery,178,InStore,2025-12-22,33,0.774
10037,Beauty,223,Pickup,2025-11-10,30,0.572
10083,Home,126,Online,2025-10-27,40,0.936
10028,Electronics,103,Pickup,2025-10-13,38,0.961
10043,Home,120,Online,2025-12-15,34,0.956
10039,Electronics,128,Online,2025-11-24,38,0.959
10150,Grocery,172,Pickup,2025-10-20,22,0.856
10056,Beauty,236,InStore,2025-11-17,37,0.767
10042,Beauty,189,Online,2025-10-27,30,0.83
10152,Beauty,220,InStore,2025-12-01,29,0.846
10111,Home,133,InStore,2025-11-10,27,0.822
10050,Grocery,108,InStore,2025-11-17,37,0.896
10016,Apparel,235,Pickup,2025-11-10,34,0.668
10167,Beauty,160,Online,2025-11-03,26,0.909
10143,Apparel,247,Online,2025-10-06,44,0.891
10088,Electronics,203,Pickup,2025-12-15,33,0.604
10021,Beauty,140,Pickup,2025-12-22,34,0.906
10018,Electronics,214,Online,2025-10-27,36,0.5
10081,Home,129,InStore,2025-11-03,27,0.948
10168,Apparel,194,InStore,2025-10-13,31,0.631
10072,Beauty,204,Online,2025-12-08,36,0.85
10083,Beauty,137,Pickup,2025-12-01,30,0.573
10099,Electronics,253,InStore,2025-10-20,31,0.89
10009,Home,113,Online,2025-12-08,32,0.548
10178,Grocery,136,Pickup,2025-11-03,23,0.668
10140,Home,182,Online,2025-11-17,39,0.933
10067,Beauty,189,InStore,2025-10-27,23,0.618
10177,Electronics,211,InStore,2025-12-08,25,0.634
10040,Grocery,230,Online,2025-10-27,35,0.884
10030,Electronics,172,Pickup,2025-12-08,27,0.638
10157,Home,103,Online,2025-11-24,24,0.585
10034,Grocery,242,Pickup,2025-12-08,31,0.54
10087,Apparel,100,InStore,2025-10-13,27,0.887
10027,Electronics,113,InStore,2025-11-10,36,0.868
10027,Apparel,198,Online,2025-11-03,35,0.621
10094,Electronics,235,Online,2025-11-03,34,0.646
10074,Apparel,233,InStore,2025-11-10,35,0.823
10023,Electronics,113,Online,2025-12-01,23,0.597
10094,Beauty,149,InStore,2025-12-01,20,0.708
10099,Apparel,126,Pickup,2025-12-22,37,0.534
10147,Home,128,InStore,2025-10-20,35,0.927
10053,Beauty,243,Pickup,2025-11-03,27,0.937
10084,Home,157,Online,2025-10-20,24,0.775
10177,Apparel,160,InStore,2025-12-15,31,0.533
10121,Grocery,231,Pickup,2025-11-03,35,0.507
10152,Grocery,210,Online,2025-11-24,35,0.708
10170,Home,229,Pickup,2025-11-03,24,0.601
10105,Electronics,125,InStore,2025-10-13,29,0.757
10048,Home,134,Online,2025-11-17,25,0.676
10071,Electronics,185,InStore,2025-11-10,30,0.816
10034,Apparel,119,InStore,2025-12-15,39,0.813
10060,Apparel,112,Pickup,2025-10-20,27,0.726
10020,Apparel,159,Online,2025-10-20,37,0.809
10061,Grocery,123,Online,2025-11-10,38,0.958
10156,Electronics,200,InStore,2025-12-15,28,0.86
10126,Electronics,225,Pickup,2025-11-24,34,0.509
10179,Grocery,155,Pickup,2025-12-22,31,0.946
10031,Apparel,117,InStore,2025-10-13,17,0.848
10153,Grocery,141,InStore,2025-11-17,34,0.848
10091,Apparel,137,Pickup,2025-11-24,24,0.791
10130,Apparel,140,InStore,2025-10-13,22,0.583
10022,Electronics,152,InStore,2025-12-15,35,0.854
10147,Electronics,177,InStore,2025-10-27,35,0.539
10116,Beauty,102,InStore,2025-11-24,24,0.714
10120,Electronics,252,InStore,2025-10-06,37,0.627
10003,Apparel,133,InStore,2025-10-13,33,0.562
10057,Home,179,InStore,2025-12-01,35,0.792
10130,Electronics,214,InStore,2025-10-27,40,0.657
10147,Grocery,101,Online,2025-12-15,35,0.547
10056,Home,137,Pickup,2025-11-03,28,0.784
10107,Electronics,249,InStore,2025-11-17,33,0.74
10019,Electronics,100,Online,2025-10-27,41,0.709
10003,Beauty,113,InStore,2025-12-08,35,0.881
10073,Apparel,227,Pickup,2025-12-01,32,0.702
10057,Grocery,245,Pickup,2025-11-03,34,0.736
10112,Beauty,208,Pickup,2025-11-24,36,0.78
10119,Home,166,InStore,2025-10-27,24,0.856
10055,Beauty,133,InStore,2025-12-01,25,0.771
10057,Beauty,148,Online,2025-11-17,33,0.969
10096,Home,245,Pickup,2025-11-17,25,0.647
10121,Electronics,166,Pickup,2025-11-10,25,0.613
10071,Home,188,Online,2025-10-13,32,0.941
10038,Home,139,InStore,2025-12-01,26,0.751
10061,Apparel,115,InStore,2025-12-01,31,0.919
10175,Home,128,Pickup,2025-11-24,26,0.687
10143,Apparel,158,Pickup,2025-12-01,35,0.924
10060,Beauty,232,InStore,2025-11-03,27,0.76
10162,Home,208,Online,2025-10-20,29,0.639
10122,Beauty,124,Online,2025-12-15,29,0.873
10009,Electronics,208,InStore,2025-10-27,41,0.822
10170,Beauty,236,Online,2025-12-22,26,0.606
10096,Home,155,Online,2025-11-10,26,0.972
10178,Grocery,102,Online,2025-10-13,27,0.777
10023,Home,242,Pickup,2025-12-15,41,0.807
10106,Beauty,190,Online,2025-10-27,22,0.785
10131,Beauty,145,Online,2025-11-24,23,0.941
10096,Home,149,Online,2025-12-22,25,0.96
10113,Beauty,202,Pickup,2025-10-20,26,0.587
10047,Home,192,Online,2025-10-13,31,0.735
10114,Grocery,124,Online,2025-10-13,40,0.593
10082,Grocery,177,Pickup,2025-11-03,33,0.62
10103,Electronics,244,Pickup,2025-12-22,27,0.765
10131,Grocery,232,Pickup,2025-12-22,30,0.682
