location_id,sales_channel,week_start_dt,txn_id,category,product_sku,units_sold,net_sales
246,InStore,2025-12-01,1,Apparel,10124,1,19.25
102,Online,2025-12-22,1,Apparel,10095,4,335.46
144,InStore,2025-10-20,1,Grocery,10032,4,385.61
251,InStore,2025-10-13,1,Apparel,10170,0,0.0
138,InStore,2025-10-20,1,Electronics,10012,2,109.14
185,InStore,2025-10-06,1,Electronics,10106,1,118.91
171,InStore,2025-11-10,1,Electronics,10077,1,93.52
151,Pickup,2025-12-22,1,Beauty,10135,0,0.0
110,InStore,2025-11-10,1,Electronics,10120,3,330.26
159,Online,2025-10-20,1,Electronics,10103,2,163.18
113,Online,2025-12-08,1,Beauty,10009,2,196.28
165,Pickup,2025-12-01,1,Apparel,10006,4,357.75
177,Online,2025-11-17,1,Electronics,10084,2,50.97
148,Online,2025-11-10,1,Beauty,10102,2,98.21
257,Online,2025-11-17,1,Electronics,10043,2,30.98
106,Online,2025-10-13,1,Beauty,10169,1,109.63
128,Pickup,2025-12-15,1,Home,10058,4,472.28
103,InStore,2025-11-03,1,Beauty,10096,3,79.38
233,Pickup,2025-11-03,1,Grocery,10119,1,98.41
231,Pickup,2025-11-03,1,Home,10128,2,157.13
157,InStore,2025-12-15,1,Grocery,10127,2,56.6
235,InStore,2025-12-22,1,Electronics,10044,1,39.33
142,Online,2025-12-08,1,Beauty,10143,2,172.52
247,InStore,2025-11-03,1,Grocery,10160,3,73.51
147,Online,2025-12-15,1,Beauty,10006,3,171.21
139,Online,2025-11-17,1,Beauty,10029,3,72.92
172,Pickup,2025-10-13,1,Electronics,10057,1,110.4
199,InStore,2025-11-10,1,Grocery,10111,3,248.06
123,Pickup,2025-10-06,1,Electronics,10161,1,74.28
237,Pickup,2025-12-08,1,Grocery,10161,3,193.41
120,Pickup,2025-11-03,1,Home,10127,5,103.41
257,Online,2025-12-01,1,Home,10003,3,38.07
195,InStore,2025-11-17,1,Grocery,10067,1,43.51
209,Online,2025-11-24,1,Electronics,10019,5,475.06
160,InStore,2025-10-20,1,Grocery,10044,1,36.63
200,Pickup,2025-12-08,1,Apparel,10112,4,347.58
153,InStore,2025-11-17,1,Grocery,10069,1,18.72
174,Online,2025-12-08,1,Apparel,10031,2,16.22
240,Online,2025-12-01,1,Beauty,10093,3,238.22
146,Online,2025-12-22,1,Apparel,10022,1,82.31
174,Online,2025-12-22,1,Home,10044,5,91.66
150,Pickup,2025-11-24,1,Beauty,10075,3,98.96
102,InStore,2025-10-20,1,Electronics,10006,1,95.02
197,InStore,2025-11-24,1,Grocery,10084,2,121.69
207,Online,2025-10-27,1,Home,10099,1,117.83
108,InStore,2025-12-22,1,Grocery,10095,4,326.54
175,Online,2025-11-03,1,Beauty,10015,2,40.45
211,Online,2025-11-03,1,Beauty,10073,0,0.0
247,InStore,2025-11-17,1,Apparel,10047,3,76.41
210,InStore,2025-11-17,1,Apparel,10144,0,0.0
111,Pickup,2025-12-22,1,Grocery,10033,3,204.75
258,InStore,2025-11-17,1,Apparel,10072,2,222.65
221,InStore,2025-10-06,1,Grocery,10122,0,0.0
157,Pickup,2025-11-24,1,Beauty,10126,2,152.44
149,Online,2025-10-06,1,Home,10096,2,133.34
245,Pickup,2025-11-10,1,Grocery,10164,2,60.52
162,Pickup,2025-10-06,1,Home,10084,0,0.0
241,Pickup,2025-12-15,1,Grocery,10061,5,344.66
250,Online,2025-10-06,1,Apparel,10069,1,15.34
132,Online,2025-12-01,1,Electronics,10169,4,438.86
144,Pickup,2025-12-01,1,Home,10052,2,125.76
218,InStore,2025-10-13,1,Electronics,10153,2,70.62
138,Pickup,2025-12-01,1,Electronics,10090,1,94.63
199,Online,2025-11-03,1,Grocery,10065,0,0.0
187,InStore,2025-12-01,1,Apparel,10071,2,60.78
188,Online,2025-10-13,1,Grocery,10018,2,184.14
255,Pickup,2025-10-13,1,Grocery,10102,4,363.03
245,InStore,2025-10-06,1,Apparel,10141,2,34.62
131,InStore,2025-11-03,1,Beauty,10056,2,150.2
141,Pickup,2025-12-08,1,Electronics,10077,0,0.0
179,Pickup,2025-10-06,1,Electronics,10124,3,127.39
230,Pickup,2025-12-22,1,Home,10079,1,43.33
167,Pickup,2025-12-22,1,Home,10072,1,74.91
224,InStore,2025-10-13,1,Home,10101,5,553.81
100,Pickup,2025-10-20,1,Apparel,10058,4,325.05
213,InStore,2025-11-03,1,Beauty,10138,0,0.0
246,Online,2025-12-01,2,Apparel,10124,0,0.0
216,Pickup,2025-12-01,1,Electronics,10066,2,170.57
171,Online,2025-12-22,1,Electronics,10095,2,68.68
214,InStore,2025-11-24,1,Beauty,10153,3,164.92
107,InStore,2025-12-08,1,Grocery,10162,1,59.74
160,Online,2025-11-17,1,Beauty,10092,2,225.22
146,InStore,2025-11-24,1,Grocery,10044,2,64.84
159,Pickup,2025-12-01,1,Home,10102,2,41.97
233,Online,2025-10-13,1,Apparel,10174,2,111.8
188,Pickup,2025-12-08,1,Beauty,10013,3,191.23
147,Pickup,2025-12-08,1,Beauty,10013,2,66.85
250,Online,2025-12-01,1,Home,10153,4,301.17
230,Pickup,2025-12-22,1,Apparel,10101,1,31.01
242,Pickup,2025-11-24,1,Apparel,10049,2,19.14
110,Online,2025-11-17,1,Electronics,10141,3,154.78
248,Pickup,2025-12-15,1,Apparel,10143,0,0.0
130,InStore,2025-10-06,1,Home,10073,1,81.99
111,InStore,2025-10-27,1,Apparel,10146,2,217.39
113,InStore,2025-10-06,1,Apparel,10031,1,76.84
122,Online,2025-11-17,1,Electronics,10078,1,16.79
249,InStore,2025-11-03,1,Home,10054,2,150.17
200,Pickup,2025-12-22,1,Grocery,10088,3,125.38
252,Online,2025-11-10,1,Grocery,10069,0,0.0
239,InStore,2025-11-10,1,Grocery,10083,2,207.72
150,Pickup,2025-10-13,1,Electronics,10135,4,358.46
120,Pickup,2025-10-06,1,Apparel,10125,3,239.33
198,InStore,2025-10-27,1,Grocery,10169,3,150.03
199,Pickup,2025-11-03,2,Beauty,10065,7,694.72
251,Online,2025-12-15,1,Apparel,10053,3,96.4
224,Pickup,2025-10-13,1,Beauty,10005,1,29.46
192,Pickup,2025-11-17,1,Electronics,10161,3,238.25
253,Pickup,2025-11-03,1,Home,10091,0,0.0
105,InStore,2025-10-13,1,Electronics,10053,0,0.0
181,Pickup,2025-11-17,1,Home,10025,3,142.75
239,Pickup,2025-12-15,1,Home,10021,4,205.62
137,InStore,2025-11-10,1,Home,10153,2,172.54
125,Online,2025-11-10,1,Home,10110,4,226.72
133,InStore,2025-11-24,1,Apparel,10025,3,272.21
250,InStore,2025-10-27,1,Apparel,10076,3,239.33
163,InStore,2025-10-06,1,Electronics,10123,2,47.69
241,Pickup,2025-10-06,1,Electronics,10162,4,214.31
219,Online,2025-11-03,1,Home,10148,0,0.0
179,Online,2025-12-22,1,Apparel,10134,2,229.2
107,Pickup,2025-11-10,1,Grocery,10003,1,79.3
216,InStore,2025-11-17,1,Apparel,10102,1,12.13
226,InStore,2025-11-10,1,Grocery,10151,1,59.38
247,Online,2025-11-03,1,Grocery,10094,3,182.61
218,InStore,2025-12-01,1,Beauty,10170,2,186.25
212,Pickup,2025-10-13,1,Apparel,10066,2,60.14
200,Online,2025-10-27,1,Home,10009,2,117.42
178,Pickup,2025-11-24,1,Electronics,10123,3,169.89
248,Online,2025-10-27,1,Grocery,10038,2,226.15
175,Online,2025-10-13,1,Apparel,10112,1,25.04
184,InStore,2025-12-22,1,Apparel,10039,0,0.0
201,Online,2025-10-20,1,Grocery,10002,4,84.5
218,Pickup,2025-12-08,1,Apparel,10000,3,45.15
248,Pickup,2025-10-27,1,Home,10056,1,110.7
129,Online,2025-11-03,1,Grocery,10062,2,103.28
237,InStore,2025-12-22,1,Apparel,10041,0,0.0
234,InStore,2025-10-27,1,Apparel,10064,2,234.64
131,Pickup,2025-11-03,1,Electronics,10125,1,14.52
102,Online,2025-12-01,1,Home,10175,4,256.88
143,Online,2025-12-01,1,Electronics,10171,1,100.58
133,Online,2025-12-22,1,Electronics,10111,0,0.0
135,InStore,2025-11-24,1,Electronics,10160,2,95.87
199,InStore,2025-10-20,1,Electronics,10110,4,426.42
115,InStore,2025-10-13,1,Home,10094,0,0.0
180,InStore,2025-10-13,1,Grocery,10091,1,23.3
247,Pickup,2025-12-01,1,Grocery,10156,0,0.0
188,Online,2025-12-22,1,Grocery,10030,2,46.94
151,InStore,2025-10-27,1,Apparel,10179,2,34.28
195,InStore,2025-10-06,1,Grocery,10071,4,169.01
159,Pickup,2025-12-08,1,Electronics,10166,2,132.91
102,Online,2025-10-13,1,Home,10151,1,78.09
147,Online,2025-10-06,1,Beauty,10019,1,98.07
211,Online,2025-12-15,1,Electronics,10107,0,0.0
236,InStore,2025-11-17,1,Grocery,10139,2,84.23
240,Online,2025-12-15,1,Electronics,10054,2,22.24
128,InStore,2025-12-15,1,Home,10108,3,77.33
121,Pickup,2025-11-10,1,Grocery,10056,5,337.96
187,Pickup,2025-12-15,1,Grocery,10097,3,241.3
164,InStore,2025-11-10,1,Beauty,10007,3,51.64
118,Online,2025-11-10,1,Electronics,10151,1,87.69
119,Pickup,2025-12-15,1,Grocery,10058,5,262.05
219,InStore,2025-11-17,1,Beauty,10149,1,110.62
142,Online,2025-10-06,1,Home,10166,2,94.15
205,InStore,2025-12-15,1,Electronics,10144,1,73.75
172,Online,2025-11-24,1,Beauty,10019,1,115.87
146,Pickup,2025-11-03,1,Beauty,10153,4,193.25
140,Pickup,2025-12-22,1,Home,10021,1,11.67
125,Pickup,2025-12-01,1,Electronics,10178,1,67.45
155,Online,2025-12-01,1,Beauty,10035,2,168.68
215,Online,2025-11-03,1,Home,10140,5,148.05
147,Pickup,2025-10-06,1,Apparel,10085,5,507.12
229,Pickup,2025-10-27,1,Home,10116,3,88.99
251,InStore,2025-10-06,1,Grocery,10078,1,107.73
193,Pickup,2025-11-24,1,Apparel,10119,2,29.11
175,InStore,2025-10-13,1,Grocery,10098,2,227.91
217,InStore,2025-11-03,1,Apparel,10171,1,90.38
142,Online,2025-10-20,1,Apparel,10097,3,311.66
146,Pickup,2025-12-15,1,Home,10007,4,233.45
251,Online,2025-12-15,1,Apparel,10006,3,294.62
197,InStore,2025-11-10,1,Apparel,10105,2,229.17
125,InStore,2025-12-01,2,Home,10178,1,56.65
101,InStore,2025-11-03,1,Home,10056,2,43.45
173,Online,2025-11-17,1,Electronics,10144,5,569.8
101,InStore,2025-12-15,1,Grocery,10155,4,273.52
222,Online,2025-12-08,1,Grocery,10177,2,48.03
235,Pickup,2025-12-08,1,Home,10179,3,311.56
174,Pickup,2025-10-20,1,Apparel,10142,2,226.12
236,Online,2025-10-13,1,Beauty,10081,3,306.78
231,Online,2025-11-03,1,Grocery,10079,1,34.83
250,Online,2025-10-13,1,Apparel,10075,2,225.41
217,Pickup,2025-10-13,1,Home,10169,0,0.0
257,Online,2025-10-06,1,Beauty,10058,1,101.32
100,Pickup,2025-10-13,1,Grocery,10087,2,43.4
129,InStore,2025-10-06,1,Home,10062,1,74.86
176,InStore,2025-10-20,1,Apparel,10139,3,117.3
255,Online,2025-10-13,1,Grocery,10162,0,0.0
123,InStore,2025-12-01,1,Apparel,10115,4,362.04
237,InStore,2025-12-01,1,Beauty,10175,1,42.25
226,Pickup,2025-12-15,1,Electronics,10063,5,121.47
195,Pickup,2025-11-10,1,Grocery,10046,4,268.35
207,InStore,2025-11-10,1,Beauty,10095,1,43.43
105,Online,2025-12-22,1,Home,10029,0,0.0
210,Pickup,2025-10-13,1,Grocery,10179,2,66.33
111,Pickup,2025-12-22,1,Beauty,10015,3,347.6
207,Pickup,2025-10-27,1,Electronics,10147,4,378.24
150,InStore,2025-10-27,1,Electronics,10078,1,61.91
139,Online,2025-11-24,1,Home,10048,3,294.09
259,Pickup,2025-10-27,1,Home,10037,2,95.28
255,Online,2025-11-17,1,Home,10003,1,26.65
177,Online,2025-10-27,1,Electronics,10072,3,341.4
146,InStore,2025-10-06,1,Electronics,10088,1,45.28
114,Pickup,2025-11-24,1,Beauty,10044,1,48.91
206,InStore,2025-12-01,1,Electronics,10019,2,199.12
131,InStore,2025-11-24,1,Home,10177,1,95.2
129,Online,2025-10-13,1,Beauty,10101,2,144.02
207,InStore,2025-10-20,1,Electronics,10172,1,34.48
211,InStore,2025-11-24,1,Grocery,10142,4,114.06
221,Pickup,2025-10-13,1,Electronics,10130,2,176.34
139,InStore,2025-11-10,1,Apparel,10038,1,22.51
116,Online,2025-12-08,1,Apparel,10144,3,278.07
211,Online,2025-11-10,1,Apparel,10083,0,0.0
164,InStore,2025-11-24,1,Grocery,10018,1,12.72
205,InStore,2025-10-13,1,Beauty,10019,1,19.29
184,Pickup,2025-11-24,1,Beauty,10046,0,0.0
104,InStore,2025-11-17,1,Beauty,10083,1,55.0
112,InStore,2025-12-15,1,Apparel,10029,3,81.94
123,Pickup,2025-10-27,1,Beauty,10172,3,274.64
189,Online,2025-12-22,1,Apparel,10106,2,44.07
113,InStore,2025-11-24,1,Beauty,10076,4,403.47
226,Online,2025-10-20,1,Beauty,10126,2,46.65
231,Pickup,2025-12-22,1,Grocery,10103,3,59.33
201,InStore,2025-12-15,1,Apparel,10022,2,52.75
176,Online,2025-10-13,1,Apparel,10078,2,104.42
118,Pickup,2025-11-03,1,Grocery,10057,5,217.7
122,InStore,2025-12-22,1,Grocery,10166,5,430.41
177,InStore,2025-11-17,2,Grocery,10084,0,0.0
148,InStore,2025-12-08,1,Apparel,10098,4,382.81
179,Pickup,2025-12-15,1,Home,10098,0,0.0
102,Online,2025-12-01,1,Apparel,10040,0,0.0
100,Online,2025-11-03,1,Home,10170,2,143.37
174,Online,2025-10-27,1,Grocery,10011,0,0.0
128,InStore,2025-11-17,1,Apparel,10055,1,101.84
107,Online,2025-11-03,1,Beauty,10049,3,273.83
133,Pickup,2025-12-22,2,Electronics,10111,2,151.98
239,InStore,2025-11-24,1,Apparel,10106,0,0.0
203,Pickup,2025-12-08,1,Grocery,10179,1,54.57
212,InStore,2025-11-24,1,Beauty,10143,5,468.53
182,Pickup,2025-11-03,1,Home,10038,2,57.97
118,InStore,2025-12-08,1,Grocery,10164,1,32.52
228,InStore,2025-11-24,1,Home,10025,2,60.87
208,Online,2025-12-01,1,Apparel,10076,2,103.57
239,Pickup,2025-12-22,1,Electronics,10067,2,202.42
122,Pickup,2025-12-08,1,Apparel,10019,4,378.61
139,Online,2025-10-20,1,Home,10156,4,182.45
233,InStore,2025-11-03,1,Beauty,10099,3,148.83
187,Pickup,2025-10-27,1,Home,10146,2,178.79
131,Pickup,2025-11-17,1,Grocery,10164,2,188.74
226,Online,2025-10-06,1,Home,10137,2,152.02
161,Pickup,2025-12-15,1,Electronics,10003,0,0.0
141,InStore,2025-12-08,1,Home,10051,2,158.74
163,Pickup,2025-11-03,1,Electronics,10005,2,130.07
221,Pickup,2025-12-08,1,Electronics,10068,2,107.28
215,InStore,2025-11-17,1,Home,10119,1,52.11
250,Pickup,2025-10-27,2,Home,10076,3,161.18
219,Pickup,2025-10-13,1,Home,10004,5,553.59
140,InStore,2025-10-20,1,Beauty,10089,4,73.67
167,InStore,2025-11-10,1,Apparel,10037,5,168.01
219,InStore,2025-11-17,1,Grocery,10069,3,91.89
242,Pickup,2025-10-13,1,Home,10169,2,172.38
248,Pickup,2025-11-03,1,Home,10016,2,239.66
212,Pickup,2025-10-27,1,Apparel,10100,2,169.19
218,Pickup,2025-11-24,1,Apparel,10131,4,335.26
157,InStore,2025-12-15,2,Apparel,10127,6,150.23
108,Pickup,2025-11-17,1,Home,10159,4,152.94
259,Online,2025-11-24,1,Grocery,10026,2,35.57
110,Pickup,2025-12-08,1,Apparel,10079,2,68.03
116,Online,2025-12-15,1,Electronics,10086,1,108.36
226,InStore,2025-10-20,1,Home,10117,1,98.48
253,Online,2025-10-20,1,Grocery,10080,0,0.0
119,Online,2025-12-15,1,Grocery,10034,2,231.6
248,Online,2025-11-17,1,Grocery,10088,1,108.87
248,InStore,2025-10-20,1,Apparel,10159,3,171.02
135,Online,2025-12-22,1,Beauty,10157,2,217.67
241,Online,2025-11-17,1,Electronics,10067,3,202.65
237,Pickup,2025-12-15,1,Home,10048,2,145.98
212,Online,2025-10-20,1,Apparel,10054,2,51.27
163,Pickup,2025-11-03,1,Grocery,10172,1,25.59
191,Online,2025-12-08,1,Grocery,10160,1,78.23
236,InStore,2025-11-17,1,Grocery,10056,3,127.27
120,Online,2025-12-01,1,Electronics,10101,5,386.5
257,Online,2025-11-10,1,Electronics,10150,2,169.87
159,Online,2025-12-01,1,Electronics,10037,3,273.26
139,Online,2025-11-03,1,Grocery,10072,1,86.85
169,Pickup,2025-12-15,1,Apparel,10119,2,229.98
257,InStore,2025-10-06,1,Electronics,10067,2,135.68
129,Online,2025-11-10,1,Electronics,10032,5,344.53
235,Pickup,2025-12-15,1,Apparel,10000,1,98.37
103,Pickup,2025-12-15,1,Home,10007,0,0.0
110,Pickup,2025-10-20,1,Home,10042,4,131.09
195,Online,2025-10-27,1,Home,10124,1,107.6
245,Online,2025-11-24,1,Beauty,10076,2,64.06
187,InStore,2025-10-20,1,Grocery,10130,2,147.51
190,Online,2025-12-22,1,Grocery,10053,2,164.05
113,Online,2025-10-27,1,Beauty,10152,4,354.02
116,InStore,2025-12-08,1,Apparel,10158,3,313.85
153,Online,2025-11-17,2,Apparel,10069,1,87.97
259,Pickup,2025-12-08,1,Beauty,10087,2,169.63
225,Pickup,2025-10-20,1,Grocery,10069,1,37.5
142,InStore,2025-10-20,2,Electronics,10097,2,103.98
122,InStore,2025-12-01,1,Apparel,10091,2,64.44
231,Online,2025-10-20,1,Beauty,10046,0,0.0
207,InStore,2025-10-27,1,Home,10157,1,114.25
169,Pickup,2025-10-20,1,Home,10147,2,220.53
241,Pickup,2025-10-06,2,Grocery,10162,1,43.44
126,Pickup,2025-11-17,1,Electronics,10103,2,94.81
255,Pickup,2025-12-22,1,Beauty,10129,1,68.71
220,InStore,2025-11-17,1,Apparel,10166,2,70.24
141,InStore,2025-10-20,1,Home,10058,5,181.33
106,Pickup,2025-10-20,1,Home,10032,4,222.98
203,InStore,2025-11-17,1,Grocery,10159,2,83.45
168,Pickup,2025-10-27,1,Electronics,10098,0,0.0
180,Online,2025-12-15,1,Electronics,10175,3,227.95
200,InStore,2025-10-06,1,Grocery,10013,1,117.04
198,InStore,2025-10-13,1,Apparel,10131,5,321.33
100,InStore,2025-11-24,1,Apparel,10059,0,0.0
250,InStore,2025-12-15,1,Beauty,10068,1,39.12
153,Online,2025-10-06,1,Beauty,10059,1,70.23
135,Pickup,2025-10-06,1,Apparel,10078,2,170.43
123,Online,2025-10-06,1,Home,10121,0,0.0
115,Pickup,2025-10-13,1,Home,10029,3,160.29
212,Pickup,2025-12-08,1,Beauty,10129,3,103.77
230,Online,2025-10-27,1,Home,10040,3,353.02
165,InStore,2025-12-15,1,Home,10018,2,48.02
196,Online,2025-11-17,1,Grocery,10024,4,375.69
175,Online,2025-10-13,1,Grocery,10078,3,201.45
253,Pickup,2025-11-03,2,Apparel,10091,0,0.0
106,InStore,2025-10-20,2,Electronics,10032,3,106.79
100,Online,2025-12-01,1,Electronics,10076,2,168.84
180,Pickup,2025-10-20,1,Beauty,10120,1,46.62
179,Online,2025-10-06,1,Grocery,10042,2,93.45
218,InStore,2025-12-01,1,Apparel,10041,3,182.14
215,Pickup,2025-12-22,1,Home,10172,4,380.7
183,InStore,2025-10-06,1,Beauty,10108,2,85.9
210,Pickup,2025-10-13,1,Grocery,10099,4,301.87
103,Online,2025-10-20,1,Apparel,10017,1,100.84
113,Online,2025-11-17,1,Beauty,10003,1,48.43
209,Pickup,2025-11-24,1,Beauty,10094,3,83.64
162,Online,2025-10-13,1,Home,10094,2,24.8
157,InStore,2025-10-13,1,Beauty,10170,1,21.12
147,Online,2025-10-13,1,Grocery,10154,1,107.52
192,InStore,2025-12-01,1,Apparel,10001,1,93.01
206,InStore,2025-10-13,1,Electronics,10000,2,25.38
122,Pickup,2025-10-13,1,Apparel,10142,2,205.35
249,Pickup,2025-10-13,1,Electronics,10000,1,98.17
120,InStore,2025-12-22,1,Home,10087,3,326.84
159,Pickup,2025-11-03,1,Electronics,10043,1,81.31
184,Online,2025-11-03,1,Beauty,10003,2,178.65
219,InStore,2025-10-20,1,Beauty,10033,1,50.62
149,Pickup,2025-12-15,1,Grocery,10120,1,114.12
125,Online,2025-11-17,1,Apparel,10056,2,203.62
179,Pickup,2025-12-08,1,Grocery,10110,2,53.8
185,InStore,2025-11-24,1,Electronics,10101,3,99.86
153,Pickup,2025-10-27,1,Grocery,10111,3,86.52
152,Online,2025-10-27,1,Beauty,10117,3,145.65
208,Pickup,2025-11-03,1,Grocery,10137,1,83.18
162,Pickup,2025-10-20,1,Electronics,10164,0,0.0
187,Online,2025-10-13,1,Electronics,10055,3,28.79
154,Pickup,2025-12-01,1,Home,10127,3,124.2
246,Online,2025-11-17,1,Grocery,10157,4,220.31
136,InStore,2025-12-15,1,Beauty,10054,0,0.0
246,InStore,2025-10-13,1,Apparel,10062,2,147.54
106,InStore,2025-10-27,1,Grocery,10039,2,163.57
125,Online,2025-11-17,2,Electronics,10056,1,23.83
199,InStore,2025-10-13,1,Home,10062,2,138.6
227,Pickup,2025-11-24,1,Beauty,10137,3,189.15
127,Pickup,2025-12-22,1,Electronics,10088,3,246.19
107,Online,2025-12-08,1,Apparel,10022,1,21.44
195,InStore,2025-11-10,1,Home,10110,0,0.0
190,Pickup,2025-10-27,1,Apparel,10112,1,87.72
182,Pickup,2025-10-13,1,Electronics,10177,3,158.85
122,Online,2025-11-17,1,Beauty,10047,3,69.34
130,Online,2025-11-17,1,Electronics,10138,0,0.0
170,Online,2025-11-24,1,Apparel,10090,0,0.0
168,Online,2025-10-06,1,Grocery,10040,2,227.67
131,InStore,2025-11-10,1,Home,10041,1,53.7
152,Online,2025-12-15,1,Grocery,10111,1,13.98
119,Online,2025-10-13,1,Beauty,10029,1,57.83
208,Pickup,2025-11-24,1,Home,10154,0,0.0
257,Online,2025-12-22,1,Electronics,10149,2,186.12
147,Pickup,2025-12-01,1,Home,10126,4,326.61
256,InStore,2025-10-27,1,Electronics,10129,3,145.8
151,InStore,2025-10-06,1,Home,10163,3,87.8
143,InStore,2025-12-22,1,Grocery,10039,1,43.39
159,Online,2025-11-10,1,Beauty,10085,3,76.54
147,Pickup,2025-10-27,1,Electronics,10030,2,76.85
108,InStore,2025-12-01,1,Electronics,10092,3,84.72
215,Online,2025-12-22,1,Electronics,10055,3,70.61
123,InStore,2025-10-20,1,Grocery,10145,3,298.53
168,InStore,2025-10-20,1,Grocery,10054,1,53.03
217,InStore,2025-11-17,1,Electronics,10043,2,97.7
112,Online,2025-11-03,1,Home,10024,1,55.11
133,InStore,2025-10-13,1,Apparel,10019,4,425.25
100,InStore,2025-11-10,1,Home,10159,4,266.04
200,InStore,2025-12-15,1,Beauty,10156,1,81.48
246,InStore,2025-11-10,1,Grocery,10091,1,74.57
233,Online,2025-12-01,1,Apparel,10124,1,61.88
125,Pickup,2025-11-10,2,Beauty,10110,2,126.82
139,Online,2025-12-01,1,Home,10018,0,0.0
184,InStore,2025-12-08,1,Electronics,10162,1,77.26
111,Pickup,2025-11-10,1,Apparel,10027,3,129.11
184,InStore,2025-11-24,2,Grocery,10046,0,0.0
184,InStore,2025-11-10,1,Apparel,10047,1,53.68
151,Pickup,2025-12-08,1,Apparel,10135,3,188.4
207,InStore,2025-11-17,1,Beauty,10061,1,69.59
120,Pickup,2025-12-15,1,Apparel,10078,1,116.97
144,InStore,2025-12-01,1,Beauty,10020,0,0.0
107,InStore,2025-10-13,1,Apparel,10150,2,147.02
214,Online,2025-10-13,1,Beauty,10063,6,398.56
100,InStore,2025-10-27,1,Beauty,10008,1,16.74
173,Pickup,2025-10-06,1,Electronics,10067,1,34.64
116,Online,2025-10-13,1,Electronics,10128,0,0.0
188,Online,2025-12-15,1,Home,10008,1,48.31
142,Online,2025-10-20,1,Beauty,10034,2,199.34
101,InStore,2025-11-10,1,Beauty,10005,2,182.42
248,Online,2025-10-27,1,Electronics,10110,4,106.04
223,Online,2025-10-13,1,Apparel,10154,4,298.45
141,Online,2025-11-10,1,Grocery,10036,1,68.82
181,InStore,2025-11-10,1,Grocery,10081,1,8.6
180,Pickup,2025-11-03,1,Electronics,10160,3,127.65
147,Pickup,2025-12-15,1,Beauty,10017,1,22.91
259,Pickup,2025-12-01,1,Apparel,10045,1,92.57
231,Online,2025-12-22,1,Apparel,10059,0,0.0
259,Pickup,2025-11-17,1,Beauty,10030,2,215.15
187,Pickup,2025-10-06,1,Grocery,10102,3,53.75
156,Online,2025-12-01,1,Electronics,10136,3,205.48
193,Online,2025-11-24,1,Home,10044,2,49.97
131,Online,2025-11-03,1,Beauty,10097,3,137.57
112,Online,2025-12-22,1,Grocery,10025,0,0.0
118,Online,2025-12-08,1,Electronics,10004,1,32.15
226,InStore,2025-12-15,1,Grocery,10112,1,118.63
154,Online,2025-10-06,1,Beauty,10084,1,65.83
226,Pickup,2025-12-08,1,Electronics,10144,3,236.42
143,InStore,2025-11-10,1,Grocery,10169,1,54.81
113,Pickup,2025-11-10,1,Beauty,10027,2,48.82
118,Pickup,2025-12-01,1,Home,10033,5,489.82
222,Online,2025-10-27,1,Grocery,10038,3,177.95
210,Pickup,2025-11-17,1,Beauty,10005,3,343.98
122,Pickup,2025-11-10,1,Home,10111,1,119.84
129,Online,2025-10-20,1,Grocery,10053,2,126.61
155,InStore,2025-12-15,1,Apparel,10044,2,138.82
167,Pickup,2025-10-20,1,Grocery,10076,5,98.43
220,Online,2025-11-10,1,Grocery,10082,3,105.77
177,Online,2025-11-17,1,Grocery,10128,4,75.99
101,Pickup,2025-10-06,1,Beauty,10165,2,150.88
106,Online,2025-10-27,2,Beauty,10039,2,59.14
249,Pickup,2025-12-15,1,Grocery,10031,0,0.0
245,Pickup,2025-11-10,1,Beauty,10019,2,28.22
187,InStore,2025-11-17,1,Electronics,10052,5,580.05
110,InStore,2025-12-22,1,Electronics,10012,2,178.37
236,Pickup,2025-11-10,1,Beauty,10152,1,104.77
105,Pickup,2025-11-03,1,Apparel,10071,1,28.7
190,InStore,2025-10-13,1,Grocery,10075,1,75.31
191,InStore,2025-12-22,1,Electronics,10128,2,59.62
182,InStore,2025-12-22,1,Electronics,10061,4,289.92
216,Pickup,2025-10-20,1,Beauty,10116,2,168.62
179,InStore,2025-11-17,1,Apparel,10077,1,51.07
175,Pickup,2025-10-13,2,Beauty,10078,2,231.97
122,InStore,2025-12-08,1,Grocery,10118,2,123.04
232,Pickup,2025-10-06,1,Electronics,10086,2,179.17
238,Online,2025-11-10,1,Beauty,10066,1,106.8
257,InStore,2025-12-22,2,Electronics,10149,2,67.08
101,Online,2025-12-22,1,Home,10067,1,65.64
158,Pickup,2025-12-15,1,Grocery,10148,2,133.7
208,Online,2025-12-22,1,Apparel,10084,1,108.54
239,Pickup,2025-10-20,1,Electronics,10023,2,91.93
193,Online,2025-12-22,1,Grocery,10055,1,57.44
137,InStore,2025-12-22,1,Grocery,10151,2,199.72
207,Pickup,2025-10-27,1,Grocery,10074,3,342.26
169,InStore,2025-12-22,1,Grocery,10061,0,0.0
146,InStore,2025-11-10,1,Apparel,10081,2,66.51
194,InStore,2025-10-20,1,Electronics,10074,0,0.0
259,InStore,2025-11-24,2,Electronics,10026,2,212.85
197,InStore,2025-11-24,2,Grocery,10084,3,173.21
210,Online,2025-10-20,1,Home,10170,2,115.93
147,Online,2025-11-10,1,Grocery,10067,0,0.0
215,Online,2025-11-03,1,Beauty,10142,2,51.31
142,Online,2025-12-08,1,Apparel,10021,1,38.49
191,Online,2025-11-17,1,Beauty,10139,3,347.15
161,Online,2025-11-17,1,Grocery,10096,0,0.0
223,Pickup,2025-10-20,1,Beauty,10061,2,156.91
259,Online,2025-12-08,2,Home,10087,3,75.37
143,Pickup,2025-10-06,1,Beauty,10123,1,32.85
181,InStore,2025-11-24,1,Beauty,10040,2,155.48
186,Pickup,2025-11-24,1,Apparel,10035,1,31.49
171,Pickup,2025-11-24,1,Grocery,10025,2,190.65
114,Pickup,2025-12-22,1,Grocery,10166,3,110.31
119,Online,2025-12-22,1,Grocery,10050,2,75.62
136,Online,2025-12-22,1,Grocery,10063,0,0.0
180,InStore,2025-12-22,1,Beauty,10096,0,0.0
136,Pickup,2025-10-06,1,Grocery,10065,5,549.66
257,InStore,2025-12-01,1,Electronics,10124,1,43.24
215,InStore,2025-11-03,1,Apparel,10014,1,111.87
146,InStore,2025-12-08,1,Beauty,10034,2,17.69
113,Pickup,2025-12-22,1,Grocery,10022,0,0.0
168,Pickup,2025-12-15,1,Grocery,10047,4,287.65
188,InStore,2025-10-06,1,Home,10083,0,0.0
135,Online,2025-11-10,1,Beauty,10125,2,181.0
210,Pickup,2025-12-01,1,Apparel,10101,2,228.47
102,Pickup,2025-12-01,2,Apparel,10040,1,115.34
193,Online,2025-11-03,1,Electronics,10092,5,580.58
243,Pickup,2025-11-17,1,Home,10042,4,370.91
222,Pickup,2025-12-22,1,Home,10085,2,20.65
179,InStore,2025-11-24,1,Home,10157,4,129.12
202,Pickup,2025-12-08,1,Electronics,10021,2,95.59
171,InStore,2025-10-13,1,Home,10155,0,0.0
244,Pickup,2025-10-20,1,Apparel,10089,0,0.0
139,Pickup,2025-12-15,1,Beauty,10116,4,114.17
232,InStore,2025-11-24,1,Grocery,10152,0,0.0
217,Pickup,2025-12-01,1,Home,10087,6,354.67
249,Pickup,2025-12-22,1,Grocery,10131,5,477.34
200,Online,2025-11-03,1,Home,10076,2,233.95
185,InStore,2025-10-13,1,Grocery,10173,4,292.87
240,Online,2025-11-24,1,Beauty,10152,1,101.39
119,Online,2025-10-06,1,Grocery,10168,0,0.0
184,Pickup,2025-10-13,1,Home,10134,0,0.0
115,Online,2025-10-27,1,Beauty,10053,1,110.44
185,Online,2025-10-20,1,Electronics,10083,3,112.47
252,InStore,2025-10-27,1,Apparel,10091,1,118.4
157,Online,2025-11-03,1,Beauty,10027,3,202.75
219,InStore,2025-10-27,1,Apparel,10104,3,68.95
190,InStore,2025-10-13,1,Grocery,10115,3,314.81
160,Pickup,2025-12-01,1,Home,10129,3,300.49
253,Pickup,2025-10-20,1,Home,10163,3,191.66
115,Online,2025-11-03,1,Home,10132,1,67.26
182,Pickup,2025-11-24,1,Electronics,10034,2,150.66
211,InStore,2025-10-06,1,Grocery,10091,1,18.67
107,Online,2025-10-27,1,Beauty,10017,1,48.72
107,InStore,2025-11-17,1,Apparel,10061,4,435.37
125,Online,2025-11-03,1,Home,10116,2,219.24
129,Pickup,2025-11-17,1,Beauty,10078,3,72.06
167,Online,2025-10-20,1,Apparel,10071,0,0.0
227,Pickup,2025-12-01,1,Beauty,10073,2,151.66
145,Pickup,2025-10-06,1,Apparel,10037,2,105.81
115,Online,2025-10-20,1,Apparel,10056,2,167.72
203,InStore,2025-11-03,1,Beauty,10026,1,107.44
177,Online,2025-12-08,1,Beauty,10029,2,51.29
119,Online,2025-12-08,1,Apparel,10040,0,0.0
170,Online,2025-12-08,1,Electronics,10053,3,352.9
115,InStore,2025-10-27,1,Electronics,10086,2,134.95
229,Online,2025-11-24,1,Electronics,10125,0,0.0
204,InStore,2025-12-08,1,Grocery,10017,3,352.18
257,Online,2025-11-17,1,Beauty,10132,2,45.71
255,Pickup,2025-10-27,1,Home,10021,5,149.63
228,InStore,2025-10-06,1,Home,10038,0,0.0
152,Online,2025-10-20,1,Grocery,10124,3,259.02
109,Pickup,2025-11-24,1,Electronics,10079,0,0.0
108,Pickup,2025-11-03,1,Home,10006,2,216.74
174,Pickup,2025-10-20,2,Grocery,10142,0,0.0
189,Online,2025-10-27,1,Home,10008,1,92.34
246,InStore,2025-10-13,2,Grocery,10062,3,140.11
223,Pickup,2025-12-15,1,Beauty,10042,1,54.49
178,InStore,2025-10-27,1,Apparel,10031,0,0.0
105,InStore,2025-12-22,2,Grocery,10029,1,70.72
110,Online,2025-12-15,1,Beauty,10105,1,97.54
230,Pickup,2025-12-08,1,Beauty,10080,1,9.83
258,Online,2025-10-27,1,Grocery,10008,3,207.69
133,Pickup,2025-12-15,1,Beauty,10123,4,193.28
107,Pickup,2025-11-03,1,Electronics,10162,1,19.23
176,Online,2025-11-03,1,Grocery,10171,2,115.12
236,Pickup,2025-12-08,1,Beauty,10115,4,239.24
167,InStore,2025-10-06,1,Beauty,10020,2,207.71
138,Pickup,2025-10-20,1,Electronics,10072,1,57.08
215,Pickup,2025-10-13,1,Home,10170,2,163.38
232,InStore,2025-11-10,1,Electronics,10165,3,56.15
130,Pickup,2025-12-15,1,Beauty,10127,2,233.49
228,Pickup,2025-10-13,1,Grocery,10043,0,0.0
127,InStore,2025-11-10,1,Home,10086,3,210.8
129,Pickup,2025-10-27,1,Apparel,10170,3,38.92
255,InStore,2025-11-10,1,Apparel,10014,6,135.58
125,InStore,2025-11-03,1,Electronics,10038,1,10.93
148,Pickup,2025-11-17,1,Apparel,10101,3,147.9
181,Online,2025-11-03,1,Home,10116,2,84.03
208,Online,2025-12-15,1,Grocery,10019,4,209.93
243,Pickup,2025-12-15,1,Apparel,10043,4,139.59
180,Pickup,2025-10-20,1,Grocery,10006,2,108.78
232,InStore,2025-12-15,1,Electronics,10156,3,114.2
252,Pickup,2025-10-13,1,Home,10081,3,296.55
239,InStore,2025-11-10,1,Electronics,10160,0,0.0
190,InStore,2025-11-24,1,Beauty,10092,2,202.49
221,Online,2025-10-06,1,Beauty,10018,1,81.38
210,InStore,2025-12-15,1,Apparel,10152,1,65.47
173,Online,2025-11-10,1,Grocery,10046,0,0.0
134,InStore,2025-12-01,1,Home,10028,1,80.49
136,Pickup,2025-11-17,1,Grocery,10071,2,191.18
185,Online,2025-11-17,1,Apparel,10120,1,62.79
179,InStore,2025-11-03,1,Apparel,10179,1,25.28
230,Online,2025-11-03,1,Electronics,10109,1,88.91
148,Pickup,2025-12-15,1,Apparel,10015,0,0.0
195,InStore,2025-12-22,1,Home,10112,0,0.0
114,Online,2025-11-17,1,Grocery,10079,2,29.81
125,InStore,2025-10-27,1,Electronics,10097,3,208.07
144,Online,2025-11-24,1,Electronics,10059,0,0.0
254,Pickup,2025-10-20,1,Beauty,10086,1,119.65
189,InStore,2025-12-22,1,Beauty,10028,4,307.14
173,InStore,2025-11-10,1,Beauty,10109,0,0.0
257,Online,2025-11-17,1,Electronics,10135,1,98.41
163,InStore,2025-11-17,1,Beauty,10107,0,0.0
162,Online,2025-12-15,1,Apparel,10051,5,118.33
195,Online,2025-12-08,1,Electronics,10072,1,119.23
238,Pickup,2025-12-08,1,Home,10009,1,58.56
222,InStore,2025-10-13,1,Grocery,10168,1,73.93
215,Pickup,2025-10-27,1,Electronics,10163,1,59.27
101,InStore,2025-12-15,1,Home,10147,3,143.36
239,Online,2025-11-10,2,Grocery,10083,2,85.53
223,Online,2025-11-10,1,Home,10103,0,0.0
183,Online,2025-11-03,1,Apparel,10035,2,209.93
152,Pickup,2025-11-03,1,Electronics,10014,2,179.63
162,Online,2025-10-06,1,Grocery,10159,4,148.19
214,InStore,2025-10-13,2,Home,10063,5,454.22
257,Pickup,2025-12-15,1,Beauty,10067,3,93.39
240,InStore,2025-12-15,1,Beauty,10094,1,112.37
141,Online,2025-11-24,1,Home,10024,1,33.64
126,Online,2025-11-10,1,Beauty,10091,1,38.57
225,InStore,2025-10-13,1,Apparel,10077,1,11.91
140,InStore,2025-10-20,1,Beauty,10130,1,60.64
105,Pickup,2025-10-06,1,Grocery,10043,4,89.93
184,InStore,2025-10-13,1,Grocery,10071,0,0.0
174,Online,2025-10-06,1,Apparel,10058,3,258.87
115,InStore,2025-12-01,1,Beauty,10052,1,106.46
220,Pickup,2025-12-01,1,Beauty,10059,0,0.0
115,Online,2025-12-08,1,Electronics,10169,3,26.58
131,InStore,2025-11-03,2,Home,10056,3,274.85
137,InStore,2025-12-08,1,Home,10150,0,0.0
175,Pickup,2025-12-08,1,Electronics,10174,1,66.09
256,InStore,2025-10-06,1,Grocery,10038,3,179.19
105,InStore,2025-12-15,1,Home,10098,1,99.59
185,Online,2025-11-03,1,Electronics,10126,1,88.94
234,Online,2025-12-01,1,Apparel,10088,1,66.14
169,Online,2025-10-27,1,Apparel,10041,5,219.32
231,InStore,2025-10-20,1,Apparel,10007,0,0.0
180,Pickup,2025-10-20,2,Home,10120,4,321.89
214,InStore,2025-11-10,1,Electronics,10111,2,189.09
169,Online,2025-12-08,1,Grocery,10008,4,221.42
173,Pickup,2025-12-08,1,Beauty,10075,3,92.25
103,Online,2025-11-24,1,Grocery,10139,3,231.55
232,Pickup,2025-10-13,1,Home,10007,0,0.0
138,Pickup,2025-12-22,1,Apparel,10154,3,309.89
197,Online,2025-10-20,1,Electronics,10147,4,322.01
254,Online,2025-11-10,1,Beauty,10000,3,192.69
108,Online,2025-10-06,1,Electronics,10131,2,192.44
228,Pickup,2025-11-17,1,Grocery,10013,4,45.71
157,Online,2025-12-08,1,Apparel,10022,1,110.36
248,Online,2025-12-15,2,Apparel,10143,2,221.32
136,Online,2025-12-01,1,Home,10075,2,207.66
200,InStore,2025-12-08,1,Electronics,10121,3,40.21
157,Pickup,2025-12-01,1,Home,10073,2,118.31
228,Pickup,2025-12-08,1,Grocery,10048,3,30.98
107,Pickup,2025-12-22,1,Apparel,10021,4,168.59
230,Pickup,2025-10-20,1,Home,10102,1,34.7
169,Pickup,2025-10-20,1,Electronics,10071,1,14.39
243,InStore,2025-11-03,1,Apparel,10053,1,55.5
225,Pickup,2025-12-01,1,Beauty,10093,1,18.04
185,InStore,2025-11-17,2,Home,10120,2,103.95
167,Pickup,2025-11-10,2,Grocery,10037,0,0.0
231,InStore,2025-12-15,1,Apparel,10056,3,171.6
165,Pickup,2025-12-22,1,Beauty,10160,2,203.16
101,Pickup,2025-10-20,1,Electronics,10069,1,19.39
183,Pickup,2025-11-10,1,Grocery,10069,3,310.7
214,Online,2025-10-13,1,Grocery,10143,3,56.77
254,Online,2025-11-10,1,Home,10118,1,52.22
138,InStore,2025-12-01,2,Home,10090,1,117.36
193,Online,2025-10-27,1,Electronics,10051,3,56.94
246,Online,2025-12-01,1,Grocery,10175,2,171.92
232,Online,2025-12-01,1,Home,10009,4,117.82
155,Online,2025-12-08,1,Home,10074,3,67.77
177,Pickup,2025-11-03,1,Beauty,10050,0,0.0
168,Pickup,2025-10-06,1,Grocery,10098,2,33.23
136,InStore,2025-11-10,1,Grocery,10132,1,117.05
231,Pickup,2025-11-03,2,Electronics,10128,1,116.05
164,Pickup,2025-12-22,1,Apparel,10129,1,106.0
129,Pickup,2025-12-22,1,Home,10087,3,152.33
247,Online,2025-11-10,1,Grocery,10144,1,116.82
148,InStore,2025-11-17,1,Home,10057,3,347.24
215,Pickup,2025-12-01,1,Electronics,10152,3,297.76
168,Online,2025-10-27,1,Home,10150,4,193.97
140,Online,2025-11-10,1,Grocery,10105,2,133.77
225,InStore,2025-12-22,1,Electronics,10092,0,0.0
126,Online,2025-11-24,1,Electronics,10140,3,196.97
209,InStore,2025-12-22,1,Grocery,10031,1,75.39
203,Online,2025-10-20,1,Apparel,10010,0,0.0
200,Pickup,2025-10-27,1,Beauty,10130,3,312.76
129,Pickup,2025-11-24,1,Grocery,10093,3,224.98
148,InStore,2025-12-08,1,Beauty,10172,1,52.67
144,Pickup,2025-12-22,1,Home,10041,0,0.0
143,Pickup,2025-10-27,1,Beauty,10138,0,0.0
207,Pickup,2025-10-20,1,Grocery,10055,1,16.5
201,Online,2025-12-01,1,Apparel,10135,2,113.92
194,Pickup,2025-11-24,1,Apparel,10008,1,19.11
242,InStore,2025-11-17,1,Apparel,10040,0,0.0
251,InStore,2025-11-24,1,Apparel,10012,1,15.55
238,InStore,2025-12-01,1,Grocery,10107,3,124.96
180,InStore,2025-10-20,1,Home,10158,1,86.3
116,InStore,2025-10-27,1,Beauty,10157,5,259.25
232,Online,2025-11-10,1,Apparel,10101,2,112.66
248,Online,2025-12-08,1,Electronics,10066,1,15.19
244,InStore,2025-12-22,1,Beauty,10026,1,32.04
176,Pickup,2025-10-27,1,Home,10045,1,11.37
212,Pickup,2025-11-24,1,Apparel,10075,0,0.0
136,Pickup,2025-11-17,1,Beauty,10155,0,0.0
242,InStore,2025-11-10,1,Home,10176,3,153.42
187,InStore,2025-12-15,1,Grocery,10161,4,255.73
101,Pickup,2025-10-13,1,Home,10115,3,251.4
231,InStore,2025-11-03,1,Home,10122,3,114.68
121,InStore,2025-11-03,1,Apparel,10029,1,58.72
230,Pickup,2025-10-13,1,Home,10179,5,94.83
191,Online,2025-12-22,1,Beauty,10127,0,0.0
182,Online,2025-10-27,1,Beauty,10040,0,0.0
114,Pickup,2025-12-15,1,Beauty,10078,2,89.8
131,Online,2025-10-20,1,Beauty,10024,0,0.0
238,Pickup,2025-11-03,1,Apparel,10133,2,132.56
233,Pickup,2025-11-10,1,Home,10178,2,110.51
171,Pickup,2025-11-10,2,Electronics,10077,2,109.33
153,Online,2025-10-06,1,Grocery,10009,3,353.57
143,Online,2025-12-01,1,Grocery,10172,4,431.94
187,Online,2025-11-17,1,Home,10057,1,42.39
153,InStore,2025-11-03,1,Grocery,10077,1,87.55
174,InStore,2025-10-20,3,Grocery,10142,0,0.0
223,Online,2025-10-13,1,Apparel,10069,1,78.06
127,Online,2025-12-01,1,Electronics,10109,2,139.78
143,InStore,2025-12-15,1,Beauty,10028,1,72.47
129,Online,2025-11-03,1,Grocery,10081,1,85.15
124,Pickup,2025-10-06,1,Home,10084,1,23.57
158,InStore,2025-12-15,1,Beauty,10174,1,40.38
195,Online,2025-12-15,1,Grocery,10050,1,97.01
164,Online,2025-10-27,1,Electronics,10131,2,176.16
212,Online,2025-12-15,1,Grocery,10087,0,0.0
115,Online,2025-12-15,1,Electronics,10022,1,9.87
152,Online,2025-11-24,1,Home,10001,3,208.74
118,Online,2025-12-08,1,Electronics,10148,0,0.0
236,Online,2025-11-10,2,Electronics,10152,0,0.0
162,Online,2025-10-20,1,Home,10157,2,209.63
137,InStore,2025-11-03,1,Electronics,10171,0,0.0
101,InStore,2025-11-17,1,Electronics,10164,5,203.62
153,InStore,2025-11-10,1,Apparel,10053,4,378.21
103,InStore,2025-12-22,1,Beauty,10128,1,32.37
236,Online,2025-11-17,1,Grocery,10164,1,47.63
193,Pickup,2025-12-15,1,Electronics,10096,1,29.81
146,InStore,2025-11-10,1,Electronics,10143,1,103.59
143,Online,2025-12-15,1,Home,10020,1,54.3
155,Online,2025-12-22,1,Electronics,10149,1,103.37
121,InStore,2025-12-08,1,Beauty,10059,1,95.42
129,Pickup,2025-12-08,1,Apparel,10120,2,211.72
173,InStore,2025-11-03,1,Home,10029,1,33.15
174,Online,2025-12-22,1,Apparel,10069,4,301.46
226,InStore,2025-10-13,1,Home,10103,0,0.0
128,Online,2025-10-06,1,Electronics,10016,2,159.99
225,InStore,2025-11-10,1,Grocery,10052,1,84.38
215,Pickup,2025-12-15,1,Electronics,10170,1,67.72
228,Pickup,2025-12-15,1,Home,10177,4,47.61
233,Online,2025-11-03,2,Home,10099,2,50.53
202,Online,2025-10-06,1,Home,10149,1,27.31
210,InStore,2025-11-24,1,Grocery,10033,1,75.1
163,InStore,2025-11-24,1,Beauty,10058,1,78.54
154,Online,2025-12-15,1,Apparel,10068,1,118.95
132,Online,2025-11-24,1,Electronics,10051,2,25.23
235,InStore,2025-12-22,1,Grocery,10156,1,99.38
212,Online,2025-11-03,1,Apparel,10170,0,0.0
135,InStore,2025-12-22,1,Apparel,10056,1,68.58
120,Pickup,2025-11-17,1,Electronics,10133,2,122.02
147,Pickup,2025-12-01,1,Electronics,10079,4,338.06
160,Pickup,2025-12-15,1,Grocery,10146,1,34.2
209,Pickup,2025-10-27,1,Beauty,10001,2,25.95
200,InStore,2025-10-27,1,Apparel,10167,2,207.4
213,Online,2025-12-15,1,Beauty,10144,3,172.2
239,InStore,2025-11-24,1,Beauty,10090,1,31.53
259,Online,2025-10-27,1,Home,10025,1,39.8
202,Pickup,2025-10-06,1,Grocery,10016,0,0.0
225,Online,2025-11-24,1,Apparel,10126,2,126.72
164,InStore,2025-12-15,1,Beauty,10165,6,161.08
146,InStore,2025-10-20,1,Beauty,10133,3,117.49
151,Pickup,2025-11-17,1,Apparel,10177,1,104.36
103,Online,2025-12-01,1,Electronics,10104,1,102.16
259,Online,2025-12-22,1,Apparel,10160,4,307.8
249,Online,2025-11-03,1,Home,10132,0,0.0
189,InStore,2025-10-20,1,Apparel,10032,0,0.0
194,Pickup,2025-12-22,1,Beauty,10138,1,53.94
223,Pickup,2025-11-24,1,Grocery,10167,3,35.41
187,Pickup,2025-10-27,1,Electronics,10036,1,87.7
158,InStore,2025-12-08,1,Grocery,10139,3,340.38
157,Pickup,2025-10-06,1,Electronics,10164,0,0.0
173,Pickup,2025-12-08,1,Electronics,10076,1,31.66
138,Online,2025-10-27,1,Grocery,10059,1,95.97
152,Pickup,2025-12-01,1,Beauty,10138,3,81.61
192,Online,2025-12-08,1,Grocery,10028,2,137.3
231,Online,2025-10-20,2,Home,10007,2,138.82
247,InStore,2025-11-17,1,Beauty,10099,4,307.44
129,Pickup,2025-11-17,2,Electronics,10078,1,71.02
105,Online,2025-12-22,3,Grocery,10029,1,103.94
202,InStore,2025-10-06,1,Grocery,10009,1,80.66
222,Online,2025-11-03,1,Electronics,10008,4,440.82
117,Pickup,2025-10-20,1,Home,10133,1,63.13
186,Online,2025-12-22,1,Beauty,10102,3,310.75
200,Online,2025-12-01,1,Grocery,10148,1,104.91
151,Pickup,2025-10-20,1,Beauty,10083,4,413.1
154,Online,2025-12-15,2,Electronics,10068,0,0.0
109,Pickup,2025-12-22,1,Apparel,10069,2,198.6
234,Pickup,2025-10-20,1,Beauty,10128,0,0.0
205,InStore,2025-11-03,1,Beauty,10002,1,59.81
133,InStore,2025-10-06,1,Apparel,10013,3,196.87
133,Online,2025-12-15,1,Home,10120,1,117.16
225,Pickup,2025-10-20,1,Grocery,10094,1,103.65
195,InStore,2025-12-15,1,Home,10146,1,25.3
152,Pickup,2025-10-27,1,Electronics,10088,0,0.0
127,InStore,2025-11-24,1,Beauty,10043,0,0.0
199,Online,2025-11-17,1,Apparel,10019,3,352.15
136,InStore,2025-10-06,1,Electronics,10082,2,196.56
136,InStore,2025-10-06,2,Apparel,10065,2,223.17
127,Online,2025-10-20,1,Home,10054,0,0.0
144,Pickup,2025-12-01,1,Apparel,10025,3,128.62
201,InStore,2025-12-15,1,Grocery,10111,1,67.71
225,Pickup,2025-11-10,1,Beauty,10069,1,25.66
236,InStore,2025-10-13,1,Home,10089,3,167.74
221,Pickup,2025-12-15,1,Beauty,10123,1,70.86
201,Online,2025-12-01,2,Beauty,10135,1,84.21
128,InStore,2025-10-13,1,Apparel,10079,4,265.58
255,Online,2025-10-06,1,Electronics,10026,2,35.23
171,InStore,2025-10-06,1,Apparel,10055,3,28.6
136,Online,2025-10-06,3,Electronics,10065,2,237.55
187,Online,2025-11-03,1,Electronics,10115,1,16.89
123,InStore,2025-10-27,1,Apparel,10046,2,175.93
125,InStore,2025-11-17,1,Home,10066,0,0.0
167,Pickup,2025-11-03,1,Apparel,10146,3,341.03
237,Pickup,2025-10-06,1,Apparel,10153,1,64.78
215,Pickup,2025-12-15,1,Grocery,10144,4,366.8
140,InStore,2025-12-01,1,Apparel,10173,3,274.3
177,Online,2025-11-17,2,Beauty,10128,1,112.86
252,Online,2025-11-24,1,Grocery,10153,2,50.89
183,InStore,2025-11-03,1,Apparel,10031,2,137.46
241,Online,2025-11-17,2,Beauty,10067,2,233.09
218,Online,2025-11-24,1,Electronics,10154,2,56.5
153,InStore,2025-10-13,1,Apparel,10004,1,30.96
127,Online,2025-12-01,2,Beauty,10109,1,101.71
184,Pickup,2025-11-10,1,Electronics,10166,3,354.44
176,Pickup,2025-10-27,1,Grocery,10150,1,104.82
167,InStore,2025-12-15,1,Grocery,10007,4,459.07
161,Online,2025-12-01,1,Electronics,10061,2,113.29
176,InStore,2025-11-03,1,Grocery,10116,3,239.45
253,Online,2025-10-13,1,Electronics,10100,2,232.41
188,Pickup,2025-12-22,1,Electronics,10013,1,93.04
195,Pickup,2025-10-20,1,Home,10001,4,286.85
127,Online,2025-10-27,1,Apparel,10119,3,167.03
196,Pickup,2025-10-20,1,Beauty,10065,4,247.0
129,Online,2025-12-01,1,Grocery,10042,0,0.0
103,InStore,2025-12-15,1,Electronics,10017,4,253.85
152,Pickup,2025-10-06,1,Apparel,10114,1,61.08
110,Online,2025-10-20,1,Apparel,10139,2,108.32
153,InStore,2025-10-06,1,Home,10006,2,174.51
125,Pickup,2025-11-17,1,Home,10119,3,28.35
246,Pickup,2025-10-20,1,Apparel,10023,2,24.63
143,Online,2025-12-08,1,Beauty,10006,0,0.0
151,InStore,2025-11-10,1,Apparel,10038,1,26.92
231,Pickup,2025-11-10,1,Apparel,10141,1,101.57
129,InStore,2025-10-13,1,Apparel,10014,2,185.82
216,Pickup,2025-12-15,1,Grocery,10124,2,125.98
117,InStore,2025-10-20,1,Home,10008,3,58.05
201,Online,2025-12-15,2,Grocery,10022,4,396.72
241,Online,2025-10-13,1,Beauty,10067,3,245.64
236,InStore,2025-12-08,1,Beauty,10034,4,110.65
173,Pickup,2025-11-03,2,Electronics,10029,5,271.57
125,Online,2025-12-01,1,Home,10144,4,198.21
106,Pickup,2025-12-08,1,Grocery,10071,2,234.04
196,Pickup,2025-11-17,1,Electronics,10163,2,134.91
184,InStore,2025-11-10,2,Apparel,10166,0,0.0
255,Online,2025-11-17,1,Apparel,10072,3,34.12
249,Online,2025-12-15,1,Apparel,10071,4,396.21
135,Pickup,2025-11-17,1,Electronics,10090,2,127.95
231,Online,2025-11-17,1,Beauty,10139,1,102.44
197,Online,2025-11-24,1,Beauty,10046,1,33.38
183,Pickup,2025-12-15,1,Apparel,10136,1,48.81
164,Online,2025-10-13,1,Home,10030,2,114.53
215,InStore,2025-11-24,1,Electronics,10125,1,94.12
172,InStore,2025-11-17,1,Grocery,10103,3,266.26
245,Online,2025-11-03,1,Apparel,10046,4,39.77
207,Online,2025-11-24,1,Grocery,10175,3,341.41
230,Pickup,2025-10-20,1,Beauty,10052,1,75.97
252,Online,2025-10-20,1,Electronics,10010,2,100.36
166,InStore,2025-11-17,1,Beauty,10104,3,128.84
221,Online,2025-10-06,1,Electronics,10159,1,16.96
252,InStore,2025-10-13,1,Apparel,10040,2,28.26
182,Pickup,2025-10-06,1,Home,10167,3,201.78
197,InStore,2025-10-06,1,Electronics,10065,1,91.93
183,InStore,2025-12-15,1,Apparel,10147,1,58.0
174,Pickup,2025-11-10,1,Beauty,10105,3,139.68
129,Online,2025-10-13,1,Grocery,10070,2,93.28
157,Pickup,2025-11-24,1,Electronics,10099,2,191.89
235,Pickup,2025-12-15,1,Home,10079,2,81.76
242,Online,2025-12-15,1,Grocery,10023,3,139.69
136,Pickup,2025-11-17,2,Apparel,10155,1,39.02
224,Pickup,2025-11-17,1,Home,10071,1,72.91
143,Online,2025-12-15,1,Apparel,10003,2,17.03
112,InStore,2025-11-17,1,Home,10137,7,628.64
217,InStore,2025-12-01,1,Home,10110,0,0.0
204,Online,2025-11-17,1,Beauty,10063,1,89.77
126,Pickup,2025-11-17,1,Electronics,10019,3,293.73
120,Online,2025-11-24,1,Grocery,10057,3,157.82
121,Online,2025-12-08,2,Beauty,10059,0,0.0
121,Pickup,2025-12-08,3,Grocery,10059,2,147.36
187,Pickup,2025-10-13,1,Apparel,10018,0,0.0
196,Pickup,2025-11-17,2,Electronics,10163,2,125.31
146,InStore,2025-12-22,2,Grocery,10022,3,151.25
186,Pickup,2025-11-17,1,Apparel,10064,4,168.45
156,Online,2025-12-15,1,Home,10074,2,33.68
215,Pickup,2025-10-13,1,Electronics,10125,1,60.52
254,Pickup,2025-10-13,1,Grocery,10022,0,0.0
201,InStore,2025-10-13,1,Apparel,10055,2,110.33
144,Online,2025-12-15,1,Apparel,10094,3,268.42
211,Online,2025-11-24,1,Apparel,10082,0,0.0
187,Pickup,2025-10-27,1,Grocery,10041,3,80.02
110,Pickup,2025-10-06,1,Apparel,10131,5,62.0
247,Pickup,2025-11-10,2,Home,10144,3,105.54
113,Online,2025-11-24,1,Home,10077,4,453.59
232,Pickup,2025-12-08,1,Apparel,10042,1,79.07
254,Pickup,2025-12-08,1,Apparel,10090,4,299.86
146,InStore,2025-11-03,2,Grocery,10153,0,0.0
160,Pickup,2025-11-03,1,Electronics,10084,1,16.56
141,InStore,2025-12-22,1,Grocery,10171,3,142.35
217,Online,2025-11-24,1,Home,10142,2,89.6
245,Online,2025-11-24,1,Electronics,10024,0,0.0
156,InStore,2025-10-06,1,Apparel,10163,0,0.0
185,Online,2025-11-03,1,Home,10164,5,562.74
259,Online,2025-11-24,1,Apparel,10000,1,95.41
137,Online,2025-12-01,1,Apparel,10097,0,0.0
230,InStore,2025-12-08,2,Home,10080,0,0.0
124,Pickup,2025-12-15,1,Electronics,10078,3,133.65
142,InStore,2025-10-06,1,Beauty,10110,5,324.68
126,InStore,2025-12-08,1,Grocery,10054,6,455.32
100,Pickup,2025-11-10,1,Home,10175,2,196.38
224,Online,2025-12-22,1,Apparel,10160,4,37.91
173,Pickup,2025-12-22,1,Apparel,10152,3,257.93
168,Pickup,2025-12-15,1,Beauty,10061,2,69.92
232,Pickup,2025-10-06,2,Beauty,10086,1,74.56
116,InStore,2025-10-13,1,Electronics,10163,2,198.85
249,Pickup,2025-12-01,1,Apparel,10099,0,0.0
144,Pickup,2025-10-27,1,Grocery,10122,1,75.0
201,Pickup,2025-10-06,1,Beauty,10002,1,94.5
239,Online,2025-11-17,1,Beauty,10042,0,0.0
158,Online,2025-11-10,1,Home,10019,1,89.78
153,InStore,2025-10-06,1,Home,10072,1,100.06
179,InStore,2025-10-13,1,Home,10002,1,33.94
140,InStore,2025-12-22,1,Beauty,10034,0,0.0
184,Online,2025-12-01,1,Electronics,10069,2,40.21
193,Online,2025-10-06,1,Beauty,10134,3,226.17
156,Pickup,2025-12-01,1,Grocery,10014,1,72.37
248,Pickup,2025-12-22,1,Electronics,10090,1,10.59
115,InStore,2025-11-17,1,Home,10122,2,116.81
164,InStore,2025-12-15,1,Apparel,10164,3,37.01
150,InStore,2025-11-03,1,Apparel,10052,0,0.0
203,Pickup,2025-10-06,1,Electronics,10165,1,48.87
249,Pickup,2025-11-17,1,Apparel,10113,1,71.33
190,Online,2025-12-01,1,Home,10153,2,76.5
235,InStore,2025-11-10,1,Electronics,10102,1,28.74
185,Pickup,2025-10-06,2,Beauty,10106,0,0.0
162,InStore,2025-12-22,1,Home,10030,4,164.98
122,Online,2025-11-10,1,Apparel,10053,0,0.0
202,InStore,2025-12-15,1,Beauty,10148,0,0.0
190,Pickup,2025-11-10,1,Grocery,10006,2,94.43
152,Pickup,2025-10-27,2,Electronics,10088,1,44.87
102,Online,2025-12-08,1,Beauty,10050,0,0.0
218,Online,2025-10-20,1,Grocery,10115,2,148.13
185,Online,2025-10-20,1,Beauty,10023,4,252.87
101,Pickup,2025-10-06,1,Home,10125,1,96.72
205,Online,2025-12-01,1,Grocery,10154,4,237.11
180,Online,2025-10-20,1,Electronics,10144,0,0.0
192,Online,2025-10-13,1,Home,10047,2,34.89
131,Pickup,2025-11-03,1,Grocery,10164,2,215.3
129,InStore,2025-11-03,2,Apparel,10081,2,185.87
249,Online,2025-10-27,1,Electronics,10010,2,125.88
177,Online,2025-10-27,2,Apparel,10072,1,90.79
175,Pickup,2025-12-15,1,Apparel,10033,4,106.3
152,Online,2025-12-08,1,Electronics,10000,1,109.56
120,Pickup,2025-12-22,2,Apparel,10087,2,89.06
173,InStore,2025-12-08,1,Electronics,10088,5,145.96
231,Online,2025-10-20,2,Grocery,10046,1,34.78
238,Online,2025-12-15,1,Beauty,10160,0,0.0
140,Online,2025-12-01,1,Apparel,10175,3,154.12
107,Online,2025-12-08,2,Home,10162,0,0.0
200,Online,2025-10-27,2,Apparel,10130,3,340.26
171,Online,2025-11-24,1,Apparel,10117,1,48.94
163,Pickup,2025-10-06,2,Home,10123,0,0.0
221,Pickup,2025-10-13,2,Electronics,10130,1,110.28
185,Pickup,2025-10-27,1,Beauty,10081,2,85.63
233,Pickup,2025-10-06,1,Grocery,10156,1,82.13
151,Pickup,2025-12-15,1,Electronics,10136,1,108.01
232,Online,2025-11-03,1,Home,10053,1,106.75
218,InStore,2025-12-15,1,Beauty,10147,2,171.28
142,Online,2025-10-27,1,Beauty,10037,4,294.34
127,Online,2025-11-24,1,Beauty,10113,3,82.98
254,Online,2025-11-17,1,Grocery,10082,1,73.63
204,Online,2025-12-15,1,Apparel,10167,3,86.75
123,Pickup,2025-11-10,1,Beauty,10061,3,83.16
188,Online,2025-11-24,1,Electronics,10066,2,206.3
123,InStore,2025-12-01,1,Beauty,10124,1,20.8
218,Online,2025-10-20,1,Electronics,10014,2,148.47
192,Online,2025-11-10,1,Electronics,10057,2,174.55
209,Online,2025-12-08,1,Apparel,10129,1,20.35
161,InStore,2025-11-03,1,Apparel,10005,2,113.11
197,InStore,2025-10-06,1,Beauty,10166,2,76.3
226,Online,2025-12-08,1,Grocery,10109,4,189.58
232,Online,2025-10-06,1,Beauty,10051,2,185.05
236,InStore,2025-11-24,1,Home,10035,4,275.77
175,Online,2025-12-15,1,Beauty,10098,4,167.57
145,Pickup,2025-12-15,1,Grocery,10057,4,96.17
225,Online,2025-11-17,1,Home,10108,1,50.92
248,InStore,2025-10-27,2,Apparel,10056,4,34.21
161,InStore,2025-11-17,1,Beauty,10010,1,76.16
200,Pickup,2025-10-27,2,Beauty,10009,1,63.76
154,Pickup,2025-10-20,1,Grocery,10145,1,63.57
116,InStore,2025-10-27,1,Electronics,10161,3,201.48
151,Pickup,2025-12-08,2,Electronics,10135,1,86.08
162,Online,2025-11-17,1,Apparel,10000,2,193.84
125,Online,2025-11-03,1,Apparel,10012,4,431.65
224,Online,2025-12-22,1,Apparel,10164,3,263.5
163,InStore,2025-10-06,1,Electronics,10032,1,58.8
203,Online,2025-11-24,1,Beauty,10121,2,196.61
154,InStore,2025-11-17,1,Beauty,10071,2,151.48
211,InStore,2025-12-01,1,Beauty,10116,2,54.77
187,Pickup,2025-12-22,1,Grocery,10112,0,0.0
189,Online,2025-10-13,1,Apparel,10105,0,0.0
232,Pickup,2025-10-06,3,Grocery,10086,3,153.6
250,Online,2025-10-06,2,Apparel,10069,1,100.98
219,Pickup,2025-10-13,1,Beauty,10029,2,222.06
252,Pickup,2025-11-03,1,Grocery,10018,2,239.44
209,Pickup,2025-11-24,1,Grocery,10074,3,38.93
131,Online,2025-11-03,3,Beauty,10056,2,95.8
203,InStore,2025-11-17,1,Electronics,10151,2,120.44
105,Pickup,2025-11-03,2,Electronics,10071,4,442.31
139,Pickup,2025-10-27,1,Grocery,10015,1,112.97
229,InStore,2025-10-27,1,Grocery,10063,0,0.0
201,Online,2025-12-15,1,Apparel,10156,1,98.91
112,Online,2025-11-03,2,Grocery,10024,1,71.23
244,Pickup,2025-12-22,1,Home,10089,3,289.21
117,InStore,2025-10-06,1,Beauty,10069,2,228.72
241,Pickup,2025-11-17,3,Home,10067,4,477.89
258,InStore,2025-11-17,1,Grocery,10118,0,0.0
242,Online,2025-10-20,1,Beauty,10108,3,204.15
115,InStore,2025-11-10,1,Home,10048,1,114.89
215,InStore,2025-11-17,2,Home,10119,3,46.62
171,InStore,2025-10-06,1,Apparel,10105,1,45.83
125,InStore,2025-11-17,1,Grocery,10078,2,122.36
157,InStore,2025-12-08,2,Apparel,10022,1,42.75
238,InStore,2025-12-15,1,Apparel,10106,5,245.57
203,Pickup,2025-11-03,1,Apparel,10064,2,134.31
258,InStore,2025-10-27,1,Home,10010,3,220.06
152,InStore,2025-10-13,1,Home,10155,2,118.94
165,Online,2025-12-15,1,Electronics,10008,3,139.09
163,InStore,2025-11-10,1,Apparel,10172,0,0.0
166,InStore,2025-10-27,1,Apparel,10128,3,110.17
113,InStore,2025-12-15,1,Electronics,10119,2,135.32
141,Pickup,2025-10-20,1,Grocery,10075,1,41.1
202,InStore,2025-11-03,1,Beauty,10091,2,194.69
216,Pickup,2025-10-13,1,Beauty,10025,0,0.0
144,Pickup,2025-10-06,1,Beauty,10111,0,0.0
206,Online,2025-11-17,1,Grocery,10105,4,371.4
126,Online,2025-12-08,1,Electronics,10003,5,139.62
191,Online,2025-10-06,1,Grocery,10101,2,41.91
171,Online,2025-11-17,1,Electronics,10025,4,254.06
155,Pickup,2025-12-22,1,Grocery,10036,1,48.4
227,Pickup,2025-10-13,1,Apparel,10134,1,86.46
220,Pickup,2025-12-08,1,Home,10169,1,95.02
180,Pickup,2025-11-24,1,Beauty,10125,2,141.42
207,InStore,2025-11-03,1,Apparel,10158,0,0.0
197,InStore,2025-10-27,1,Beauty,10154,2,126.05
168,Pickup,2025-11-03,1,Grocery,10107,2,79.2
109,InStore,2025-12-08,1,Home,10008,3,83.49
124,InStore,2025-12-22,1,Apparel,10125,1,54.46
164,Online,2025-10-13,1,Beauty,10096,2,216.0
256,InStore,2025-10-20,1,Beauty,10119,2,194.9
204,Online,2025-10-06,1,Grocery,10050,1,91.42
196,InStore,2025-11-24,1,Electronics,10017,2,118.21
165,Pickup,2025-12-15,2,Apparel,10008,1,31.92
134,InStore,2025-10-27,1,Apparel,10140,4,122.79
123,Pickup,2025-12-08,1,Apparel,10172,2,81.86
199,Pickup,2025-10-27,1,Home,10119,0,0.0
137,Pickup,2025-12-15,1,Beauty,10070,3,100.66
259,InStore,2025-12-15,1,Home,10144,0,0.0
255,InStore,2025-12-22,2,Apparel,10129,2,141.89
171,Online,2025-11-10,1,Apparel,10094,2,239.01
112,InStore,2025-10-06,1,Grocery,10020,3,244.51
191,Online,2025-10-06,1,Grocery,10170,0,0.0
229,Pickup,2025-11-10,1,Grocery,10143,3,75.37
222,Online,2025-10-06,1,Apparel,10137,1,77.13
155,Online,2025-10-06,1,Apparel,10143,2,24.89
149,Online,2025-10-27,1,Grocery,10008,4,82.35
137,Online,2025-10-20,1,Grocery,10054,2,224.05
189,Online,2025-10-20,1,Apparel,10025,2,146.64
196,Pickup,2025-12-22,1,Apparel,10021,0,0.0
164,Online,2025-11-03,1,Home,10029,2,204.21
141,Pickup,2025-12-01,1,Beauty,10024,1,24.99
107,Pickup,2025-10-20,1,Beauty,10021,0,0.0
226,InStore,2025-11-24,1,Beauty,10143,0,0.0
204,Online,2025-10-06,2,Grocery,10050,1,67.12
102,InStore,2025-10-20,1,Beauty,10057,1,76.49
172,Online,2025-11-10,1,Beauty,10058,2,44.28
232,Online,2025-12-01,1,Grocery,10116,2,227.81
186,Pickup,2025-11-10,1,Electronics,10152,1,8.68
117,Online,2025-12-15,1,Beauty,10125,1,32.47
230,Online,2025-10-06,1,Electronics,10179,3,351.26
179,Pickup,2025-12-22,1,Electronics,10099,2,224.19
177,Pickup,2025-12-08,2,Home,10029,2,137.52
108,InStore,2025-10-13,1,Home,10038,3,330.18
122,InStore,2025-11-24,1,Electronics,10146,2,150.49
145,Online,2025-12-22,1,Beauty,10072,1,12.93
208,Online,2025-12-22,1,Grocery,10111,3,239.03
207,Online,2025-10-13,1,Home,10005,2,23.08
258,Pickup,2025-12-08,1,Beauty,10010,2,90.2
125,Online,2025-11-10,1,Home,10122,3,253.11
203,Pickup,2025-10-06,1,Beauty,10024,3,40.73
255,InStore,2025-11-10,1,Grocery,10018,2,57.77
157,Pickup,2025-11-03,2,Apparel,10027,1,102.87
217,Pickup,2025-12-15,1,Beauty,10127,1,111.1
209,InStore,2025-12-01,1,Apparel,10175,3,318.18
135,Online,2025-12-22,1,Home,10140,2,91.82
207,Pickup,2025-10-06,1,Apparel,10024,0,0.0
185,Online,2025-12-22,1,Electronics,10052,5,226.73
205,Online,2025-12-08,1,Apparel,10029,2,84.51
235,Pickup,2025-10-06,1,Beauty,10003,4,42.27
251,Pickup,2025-12-22,1,Home,10094,3,285.41
236,InStore,2025-10-13,1,Electronics,10172,4,393.36
238,InStore,2025-11-17,1,Home,10073,1,78.09
101,Online,2025-10-13,2,Home,10115,3,123.53
205,Pickup,2025-11-10,1,Beauty,10085,3,214.69
127,Online,2025-10-06,1,Home,10042,0,0.0
255,InStore,2025-11-24,1,Apparel,10153,2,90.16
222,Pickup,2025-11-17,1,Beauty,10096,1,87.04
230,Pickup,2025-10-13,1,Beauty,10008,6,603.65
257,InStore,2025-12-22,1,Grocery,10145,1,8.19
218,Online,2025-11-10,1,Apparel,10132,3,259.05
257,Online,2025-11-03,1,Beauty,10048,1,33.09
130,Online,2025-12-08,1,Grocery,10156,3,212.29
153,Online,2025-12-01,1,Beauty,10118,2,129.22
163,Online,2025-11-03,1,Apparel,10177,2,232.97
138,Online,2025-11-24,1,Electronics,10138,1,14.01
215,Online,2025-12-15,2,Electronics,10170,1,52.97
172,InStore,2025-12-22,1,Electronics,10050,2,88.36
212,Online,2025-11-17,1,Beauty,10070,1,63.07
141,Online,2025-10-27,1,Home,10046,2,103.58
121,Online,2025-11-24,1,Grocery,10024,1,77.47
233,Online,2025-12-08,1,Electronics,10062,1,65.31
221,Online,2025-10-13,1,Home,10147,1,106.12
121,Online,2025-10-13,1,Electronics,10132,3,102.81
133,InStore,2025-12-01,1,Grocery,10055,2,79.71
171,InStore,2025-11-17,1,Electronics,10081,1,15.04
211,Online,2025-11-17,1,Home,10177,3,180.53
129,InStore,2025-12-15,1,Electronics,10068,0,0.0
160,Pickup,2025-12-01,1,Grocery,10088,2,146.54
128,Pickup,2025-10-27,1,Home,10031,2,146.48
204,InStore,2025-11-10,1,Grocery,10074,2,229.55
164,Pickup,2025-12-22,1,Apparel,10029,0,0.0
127,Pickup,2025-10-20,1,Home,10162,1,95.96
198,InStore,2025-11-03,1,Home,10024,2,80.95
239,InStore,2025-11-10,1,Home,10021,1,95.48
179,Pickup,2025-12-15,2,Home,10098,1,95.44
132,Online,2025-12-08,1,Electronics,10068,2,112.53
234,Pickup,2025-11-10,1,Home,10113,1,111.69
125,Pickup,2025-12-01,2,Home,10144,1,22.4
166,Pickup,2025-12-01,1,Electronics,10156,2,185.25
116,InStore,2025-11-03,1,Electronics,10000,1,43.26
135,InStore,2025-10-20,1,Home,10004,2,105.28
167,InStore,2025-11-17,1,Apparel,10148,2,138.79
228,Pickup,2025-11-10,1,Apparel,10136,4,368.19
194,InStore,2025-11-03,1,Electronics,10035,3,64.99
154,Pickup,2025-10-06,1,Grocery,10070,4,373.01
112,Pickup,2025-10-20,1,Home,10104,3,242.82
121,InStore,2025-10-27,1,Beauty,10022,5,98.98
177,Online,2025-11-17,1,Beauty,10126,2,134.63
234,Online,2025-10-27,1,Grocery,10134,1,54.2
184,Online,2025-10-20,1,Home,10080,2,237.95
236,Pickup,2025-12-08,2,Apparel,10034,1,20.01
128,Online,2025-12-01,1,Apparel,10014,3,184.37
122,Pickup,2025-11-17,1,Grocery,10131,2,153.42
221,Pickup,2025-11-17,1,Apparel,10064,1,87.17
187,Pickup,2025-12-08,1,Beauty,10176,2,169.61
115,Online,2025-12-22,1,Home,10108,1,88.05
209,Pickup,2025-10-13,1,Apparel,10141,1,14.99
230,Online,2025-10-20,1,Grocery,10070,1,95.59
112,Pickup,2025-12-08,1,Grocery,10039,1,46.91
221,Pickup,2025-11-24,1,Electronics,10067,1,96.02
154,Pickup,2025-12-08,1,Beauty,10139,6,645.47
206,InStore,2025-12-01,1,Electronics,10094,2,217.29
178,Pickup,2025-10-13,1,Beauty,10136,3,105.68
144,Pickup,2025-11-10,1,Beauty,10116,3,152.61
201,InStore,2025-10-13,1,Home,10011,1,26.58
179,Pickup,2025-11-10,1,Grocery,10043,1,89.8
163,InStore,2025-11-03,1,Grocery,10004,3,129.2
120,Online,2025-12-22,1,Beauty,10064,0,0.0
206,Pickup,2025-11-17,1,Electronics,10144,2,143.29
249,Pickup,2025-10-13,1,Apparel,10028,6,192.78
115,InStore,2025-11-03,1,Beauty,10133,2,55.77
248,InStore,2025-10-27,1,Apparel,10163,3,138.33
188,InStore,2025-11-10,1,Home,10176,1,39.33
212,Pickup,2025-12-01,1,Apparel,10158,2,63.56
157,InStore,2025-10-20,1,Grocery,10177,2,183.69
161,Pickup,2025-11-03,1,Apparel,10100,0,0.0
255,InStore,2025-12-15,1,Beauty,10006,1,113.66
130,InStore,2025-12-08,1,Grocery,10065,5,447.35
104,Online,2025-11-03,1,Apparel,10095,2,51.7
259,Pickup,2025-11-24,3,Beauty,10026,1,22.82
123,Pickup,2025-12-01,2,Beauty,10124,0,0.0
219,Online,2025-10-27,1,Beauty,10059,3,215.4
155,Pickup,2025-10-20,1,Apparel,10059,3,103.99
251,InStore,2025-10-13,2,Grocery,10170,4,387.14
138,Online,2025-12-08,1,Home,10082,2,191.39
144,InStore,2025-10-20,1,Apparel,10141,2,189.22
174,Online,2025-12-01,1,Home,10142,3,145.63
164,InStore,2025-11-03,2,Apparel,10029,1,109.46
258,InStore,2025-12-22,1,Beauty,10069,2,130.6
169,Pickup,2025-12-22,2,Home,10061,3,219.85
175,Online,2025-10-27,1,Electronics,10116,1,10.18
163,Online,2025-11-03,1,Grocery,10144,1,19.16
168,Pickup,2025-12-22,1,Home,10016,1,11.29
207,InStore,2025-10-27,1,Grocery,10049,1,71.99
102,Online,2025-12-08,1,Grocery,10072,3,344.38
215,Online,2025-10-06,1,Apparel,10070,0,0.0
210,InStore,2025-10-20,1,Grocery,10121,2,41.17
165,InStore,2025-12-15,1,Apparel,10123,3,194.62
147,InStore,2025-11-17,1,Beauty,10099,3,140.41
221,InStore,2025-10-06,1,Electronics,10071,1,68.09
186,Pickup,2025-11-03,1,Home,10141,4,235.62
176,Pickup,2025-11-17,1,Grocery,10133,2,21.33
205,Pickup,2025-12-01,1,Electronics,10057,1,76.85
143,InStore,2025-10-06,1,Home,10092,1,71.88
127,InStore,2025-11-03,1,Beauty,10062,4,150.48
212,InStore,2025-12-15,1,Grocery,10010,3,32.49
105,InStore,2025-12-08,1,Electronics,10121,2,52.71
206,Pickup,2025-11-24,1,Home,10000,0,0.0
198,InStore,2025-11-10,1,Apparel,10082,2,204.99
223,Online,2025-12-08,1,Grocery,10139,2,119.97
129,InStore,2025-10-13,2,Home,10101,2,178.38
159,InStore,2025-10-20,1,Grocery,10095,1,38.81
199,InStore,2025-11-24,1,Electronics,10108,2,101.98
197,InStore,2025-10-06,1,Home,10143,0,0.0
113,Online,2025-11-10,1,Grocery,10051,3,107.94
102,Pickup,2025-12-01,2,Beauty,10175,1,64.31
175,Online,2025-10-20,1,Beauty,10092,6,528.84
147,Online,2025-12-15,2,Grocery,10006,1,68.03
134,Online,2025-12-22,1,Beauty,10140,1,78.21
226,InStore,2025-10-06,1,Home,10000,3,52.56
178,Online,2025-11-03,1,Home,10120,1,112.54
221,Pickup,2025-10-27,1,Apparel,10021,1,42.12
186,Online,2025-11-10,2,Apparel,10152,0,0.0
163,Pickup,2025-10-06,1,Beauty,10119,1,45.58
124,InStore,2025-10-13,1,Electronics,10085,2,101.18
185,InStore,2025-10-20,1,Apparel,10094,2,63.27
161,Online,2025-11-10,1,Electronics,10030,4,134.2
177,InStore,2025-11-03,1,Grocery,10014,0,0.0
249,InStore,2025-11-17,1,Electronics,10100,0,0.0
242,Online,2025-10-27,1,Home,10102,6,390.07
201,Online,2025-10-13,2,Home,10011,4,71.06
103,Pickup,2025-11-24,1,Grocery,10047,2,173.86
235,Pickup,2025-11-17,1,Electronics,10046,3,223.7
218,Online,2025-10-20,1,Electronics,10112,0,0.0
104,Online,2025-12-15,1,Grocery,10029,3,181.0
155,Pickup,2025-12-22,1,Apparel,10168,4,256.85
121,Online,2025-10-27,1,Beauty,10057,1,101.04
180,Online,2025-11-17,1,Apparel,10015,1,93.47
137,InStore,2025-10-20,1,Grocery,10091,4,91.32
177,Pickup,2025-12-08,1,Beauty,10170,1,23.63
183,Online,2025-10-13,1,Beauty,10067,4,379.61
133,Pickup,2025-12-01,1,Apparel,10101,3,48.15
217,Online,2025-11-24,1,Home,10005,2,219.7
130,Online,2025-10-27,1,Apparel,10121,1,41.67
172,Online,2025-10-27,1,Grocery,10039,3,249.28
152,Pickup,2025-12-01,1,Beauty,10076,1,115.48
142,Online,2025-10-13,1,Grocery,10140,4,143.14
245,Pickup,2025-11-10,1,Apparel,10120,2,215.5
146,InStore,2025-11-03,1,Apparel,10168,2,215.33
122,Pickup,2025-12-22,1,Beauty,10100,1,40.33
215,Online,2025-11-17,1,Home,10136,0,0.0
121,Online,2025-12-22,1,Apparel,10000,6,201.13
136,Pickup,2025-10-06,1,Electronics,10012,1,96.91
194,Pickup,2025-12-15,1,Home,10016,1,8.41
141,Online,2025-10-13,1,Grocery,10178,3,300.2
129,InStore,2025-12-15,2,Electronics,10068,2,193.27
113,Online,2025-10-20,1,Electronics,10081,3,248.19
133,Online,2025-10-06,1,Electronics,10150,1,57.11
229,Pickup,2025-12-22,1,Electronics,10051,0,0.0
156,InStore,2025-12-01,2,Grocery,10014,4,269.89
196,InStore,2025-12-15,1,Beauty,10081,2,164.88
209,Online,2025-10-13,1,Electronics,10120,1,36.42
108,Pickup,2025-11-03,2,Beauty,10006,1,12.23
206,Online,2025-12-08,1,Home,10028,1,58.69
168,Pickup,2025-11-10,1,Electronics,10024,1,85.41
205,InStore,2025-12-01,2,Grocery,10057,1,14.34
139,Pickup,2025-12-15,2,Electronics,10116,0,0.0
119,Pickup,2025-10-27,1,Apparel,10135,2,117.05
230,InStore,2025-12-15,1,Home,10022,2,92.34
129,InStore,2025-12-08,1,Electronics,10078,2,157.42
180,Online,2025-11-17,1,Electronics,10079,1,85.26
133,Online,2025-12-22,3,Home,10111,1,98.2
236,InStore,2025-12-08,1,Home,10053,0,0.0
185,Online,2025-10-20,1,Beauty,10016,3,52.0
234,InStore,2025-10-06,1,Electronics,10144,1,111.81
247,Online,2025-12-01,1,Apparel,10008,3,212.46
226,InStore,2025-11-03,1,Home,10067,2,22.74
255,Pickup,2025-11-24,2,Electronics,10153,2,34.97
225,Online,2025-11-10,2,Electronics,10052,0,0.0
219,Online,2025-10-13,1,Apparel,10055,3,343.65
164,Pickup,2025-11-10,1,Home,10058,3,147.67
114,Online,2025-11-17,1,Home,10169,1,111.09
189,Online,2025-10-27,1,Grocery,10174,6,533.19
123,InStore,2025-12-01,1,Electronics,10056,2,93.02
199,Online,2025-10-13,2,Home,10062,2,125.88
175,InStore,2025-12-01,1,Apparel,10156,4,236.25
129,Pickup,2025-10-27,1,Apparel,10147,0,0.0
112,Online,2025-11-24,1,Beauty,10096,0,0.0
185,Online,2025-10-27,2,Beauty,10081,4,43.06
203,Online,2025-12-01,1,Electronics,10146,2,88.94
229,Online,2025-10-13,1,Home,10026,3,199.05
161,Online,2025-11-17,1,Beauty,10132,3,325.35
148,Pickup,2025-12-08,1,Apparel,10134,3,55.96
169,InStore,2025-11-24,1,Apparel,10178,3,97.55
114,InStore,2025-10-20,1,Apparel,10019,3,206.3
183,Online,2025-11-10,2,Apparel,10069,4,216.81
147,Online,2025-11-10,1,Beauty,10096,3,241.83
167,InStore,2025-11-10,1,Electronics,10079,0,0.0
182,Pickup,2025-11-10,1,Beauty,10051,3,279.15
161,Online,2025-10-06,1,Apparel,10164,2,100.09
174,Online,2025-10-20,1,Apparel,10013,2,44.82
240,InStore,2025-12-01,1,Home,10137,3,43.32
109,Online,2025-10-06,1,Beauty,10108,1,65.63
226,InStore,2025-11-17,1,Electronics,10008,2,169.13
195,InStore,2025-11-17,1,Grocery,10056,3,98.96
233,InStore,2025-12-01,1,Apparel,10132,1,32.62
129,Pickup,2025-10-27,2,Home,10147,2,239.61
129,InStore,2025-12-08,2,Electronics,10078,2,187.12
238,InStore,2025-12-22,1,Apparel,10064,2,42.18
114,Pickup,2025-10-06,1,Grocery,10059,2,78.59
104,Pickup,2025-11-17,1,Beauty,10159,1,44.6
259,InStore,2025-10-06,1,Apparel,10005,1,19.29
207,InStore,2025-10-06,1,Beauty,10157,2,59.3
155,Online,2025-10-20,1,Grocery,10147,3,311.43
203,Online,2025-10-06,1,Beauty,10127,2,93.12
112,InStore,2025-10-27,1,Grocery,10080,3,94.51
164,Pickup,2025-12-15,1,Home,10016,2,59.29
225,Pickup,2025-12-22,1,Home,10087,3,97.88
104,InStore,2025-12-08,1,Beauty,10034,2,178.99
169,Pickup,2025-12-22,3,Grocery,10061,2,41.43
228,InStore,2025-10-27,1,Grocery,10040,0,0.0
143,Online,2025-11-03,1,Electronics,10067,2,202.89
121,InStore,2025-11-24,1,Home,10062,2,111.4
250,Online,2025-12-22,1,Grocery,10009,3,325.45
156,Pickup,2025-10-06,1,Grocery,10059,5,253.78
152,InStore,2025-10-13,1,Home,10151,4,222.35
176,Online,2025-10-27,2,Grocery,10045,2,78.88
138,Pickup,2025-10-13,1,Home,10131,2,184.08
119,Pickup,2025-12-15,1,Electronics,10023,2,228.29
111,InStore,2025-12-15,1,Electronics,10074,1,47.42
144,Pickup,2025-12-22,1,Home,10001,0,0.0
194,Pickup,2025-11-03,1,Home,10120,3,40.1
224,InStore,2025-10-13,1,Beauty,10168,5,190.84
246,InStore,2025-11-24,1,Beauty,10153,1,91.6
179,InStore,2025-11-03,2,Grocery,10179,2,52.09
114,Pickup,2025-10-20,1,Grocery,10017,5,507.26
150,InStore,2025-12-01,1,Home,10163,3,237.37
175,InStore,2025-10-27,2,Grocery,10116,1,20.03
183,Pickup,2025-11-10,1,Apparel,10163,2,152.8
219,Online,2025-10-06,1,Electronics,10027,3,126.79
201,InStore,2025-12-15,2,Beauty,10111,0,0.0
207,InStore,2025-11-24,1,Beauty,10155,5,581.18
145,Online,2025-11-24,1,Home,10003,2,192.53
256,Online,2025-10-27,1,Home,10028,2,33.89
123,Pickup,2025-12-01,1,Electronics,10071,3,148.98
145,Online,2025-10-20,1,Electronics,10078,1,20.98
183,Online,2025-11-03,2,Apparel,10031,3,124.65
159,Online,2025-11-17,1,Grocery,10122,2,112.82
124,Online,2025-11-10,1,Electronics,10123,1,15.65
245,Pickup,2025-11-24,1,Grocery,10149,3,72.69
149,Pickup,2025-12-15,1,Beauty,10037,2,31.02
193,Online,2025-11-24,1,Grocery,10001,2,29.53
236,InStore,2025-12-08,3,Electronics,10034,1,97.48
208,Online,2025-10-27,1,Apparel,10048,3,358.59
181,Pickup,2025-11-10,1,Apparel,10129,3,213.94
146,InStore,2025-11-17,1,Grocery,10124,5,170.67
179,InStore,2025-10-06,1,Electronics,10092,2,35.53
219,InStore,2025-12-08,1,Electronics,10173,2,44.69
198,InStore,2025-11-17,1,Home,10172,5,554.33
235,InStore,2025-12-08,1,Grocery,10116,3,66.62
212,InStore,2025-12-08,1,Apparel,10029,1,40.33
115,Online,2025-11-24,1,Beauty,10128,2,141.05
220,InStore,2025-11-10,1,Grocery,10104,1,42.2
157,Online,2025-11-24,1,Grocery,10034,1,87.23
163,Pickup,2025-11-03,1,Beauty,10146,1,96.98
150,Online,2025-11-17,1,Beauty,10058,2,22.87
158,InStore,2025-10-13,1,Apparel,10020,4,148.46
232,InStore,2025-11-03,1,Grocery,10044,1,35.93
122,Pickup,2025-12-01,1,Beauty,10163,5,485.1
205,Pickup,2025-11-24,1,Apparel,10009,4,246.57
147,Online,2025-10-27,2,Grocery,10030,5,532.6
113,Pickup,2025-10-27,1,Apparel,10073,0,0.0
204,Pickup,2025-12-08,2,Home,10017,1,49.12
250,InStore,2025-11-03,1,Grocery,10089,2,150.65
159,Online,2025-10-20,2,Beauty,10103,2,157.33
255,InStore,2025-10-06,1,Grocery,10013,1,46.88
101,Online,2025-12-01,1,Electronics,10042,1,52.88
176,InStore,2025-10-13,1,Electronics,10057,3,37.58
117,Pickup,2025-11-03,1,Grocery,10117,3,261.91
209,Online,2025-11-24,2,Home,10074,4,382.23
153,Pickup,2025-11-10,1,Beauty,10000,3,145.96
173,Pickup,2025-12-22,1,Home,10082,3,168.7
249,Pickup,2025-12-22,1,Apparel,10164,5,78.71
250,Pickup,2025-10-13,1,Grocery,10125,2,120.55
141,Online,2025-12-15,1,Beauty,10171,1,42.58
118,Pickup,2025-11-17,1,Apparel,10009,1,93.66
117,Pickup,2025-11-24,1,Electronics,10039,2,84.94
236,Online,2025-10-27,1,Apparel,10165,1,99.53
202,Online,2025-10-13,1,Grocery,10142,0,0.0
121,Pickup,2025-11-24,1,Apparel,10117,2,88.13
253,Pickup,2025-11-03,1,Beauty,10004,2,197.16
164,Pickup,2025-12-22,2,Apparel,10129,1,20.4
114,InStore,2025-11-24,2,Apparel,10044,1,77.06
230,Online,2025-10-20,2,Home,10102,1,56.0
214,Pickup,2025-12-22,1,Grocery,10074,1,95.38
102,InStore,2025-11-24,1,Beauty,10073,1,115.54
198,InStore,2025-10-27,1,Apparel,10080,2,134.78
194,InStore,2025-11-24,2,Apparel,10008,2,93.65
132,InStore,2025-10-13,1,Electronics,10064,2,130.8
145,InStore,2025-10-13,1,Home,10169,1,58.41
146,Online,2025-10-13,1,Apparel,10126,2,32.46
256,Pickup,2025-11-10,1,Beauty,10041,0,0.0
198,InStore,2025-11-17,2,Electronics,10172,1,79.38
245,InStore,2025-11-10,2,Grocery,10120,1,38.33
201,InStore,2025-11-03,1,Apparel,10060,3,123.22
242,Online,2025-12-22,1,Electronics,10024,2,67.15
160,InStore,2025-11-10,1,Home,10178,4,192.9
122,Online,2025-11-17,1,Beauty,10089,2,186.69
129,Online,2025-12-01,1,Grocery,10024,1,111.95
185,Online,2025-10-13,1,Beauty,10152,1,89.09
168,Pickup,2025-11-10,1,Beauty,10120,4,386.01
182,Pickup,2025-10-20,1,Beauty,10170,3,60.03
130,Pickup,2025-11-17,1,Beauty,10016,5,105.78
219,Pickup,2025-10-06,1,Home,10143,2,49.62
175,InStore,2025-11-24,1,Beauty,10147,2,159.22
204,Pickup,2025-11-03,1,Beauty,10043,1,14.03
232,Pickup,2025-11-10,1,Electronics,10129,1,18.87
170,Online,2025-11-17,1,Apparel,10046,2,179.57
169,Online,2025-12-15,1,Apparel,10100,2,42.95
171,Pickup,2025-11-10,3,Electronics,10077,0,0.0
156,Pickup,2025-12-01,3,Beauty,10014,3,54.74
145,Pickup,2025-11-17,1,Electronics,10013,3,268.15
147,Pickup,2025-12-01,1,Grocery,10168,3,69.29
198,Online,2025-11-17,1,Grocery,10179,4,464.04
172,Online,2025-10-20,1,Home,10021,3,274.23
118,Pickup,2025-11-17,1,Grocery,10040,0,0.0
216,InStore,2025-10-13,1,Home,10113,3,188.04
176,InStore,2025-11-17,1,Beauty,10086,4,83.1
214,Online,2025-10-27,1,Grocery,10067,1,98.79
207,Online,2025-11-10,1,Grocery,10090,3,334.69
244,Online,2025-10-27,1,Electronics,10145,2,118.13
117,InStore,2025-10-27,1,Electronics,10080,1,29.23
134,InStore,2025-12-08,1,Grocery,10006,1,111.02
124,Online,2025-11-24,1,Electronics,10030,4,355.52
238,Online,2025-10-20,1,Apparel,10074,3,81.77
114,Online,2025-11-17,1,Electronics,10156,1,52.74
104,Online,2025-11-17,2,Grocery,10083,2,75.3
118,Online,2025-12-01,1,Home,10073,1,38.81
168,Pickup,2025-12-15,1,Beauty,10108,2,213.59
189,Pickup,2025-12-08,1,Electronics,10107,1,51.93
146,Online,2025-11-17,2,Grocery,10124,1,105.57
190,Pickup,2025-10-06,1,Home,10048,2,169.37
127,InStore,2025-11-17,1,Apparel,10145,0,0.0
119,Online,2025-10-13,1,Electronics,10146,1,54.33
164,Online,2025-12-08,1,Beauty,10157,1,32.47
174,InStore,2025-10-06,1,Electronics,10042,3,71.88
170,Pickup,2025-11-17,2,Home,10046,1,52.93
137,Online,2025-11-24,1,Grocery,10091,4,332.66
199,InStore,2025-10-20,1,Grocery,10074,5,52.61
151,Online,2025-11-10,1,Home,10105,2,102.79
179,InStore,2025-12-08,1,Apparel,10177,0,0.0
210,Pickup,2025-11-03,1,Electronics,10090,3,286.77
209,Pickup,2025-10-27,1,Electronics,10115,3,124.12
230,Pickup,2025-12-01,1,Home,10055,0,0.0
240,Online,2025-12-22,1,Grocery,10044,3,235.85
119,InStore,2025-11-17,1,Apparel,10115,0,0.0
159,InStore,2025-11-17,1,Home,10152,2,186.71
161,InStore,2025-12-15,1,Electronics,10058,4,90.97
112,Pickup,2025-12-01,1,Grocery,10006,1,105.76
176,InStore,2025-11-03,1,Apparel,10051,6,142.84
132,InStore,2025-11-17,1,Beauty,10118,3,255.9
106,Pickup,2025-11-24,1,Beauty,10140,2,49.34
155,InStore,2025-12-15,1,Beauty,10157,2,71.23
143,Pickup,2025-10-20,1,Electronics,10113,1,20.81
180,Pickup,2025-12-22,1,Grocery,10045,6,447.64
209,Pickup,2025-12-22,1,Beauty,10091,1,116.92
185,Pickup,2025-10-06,1,Apparel,10053,2,203.06
115,InStore,2025-10-20,1,Electronics,10102,1,61.54
139,Pickup,2025-12-01,1,Grocery,10080,2,23.65
174,Pickup,2025-12-22,1,Apparel,10016,0,0.0
187,Online,2025-11-10,1,Grocery,10090,2,186.42
203,Pickup,2025-11-17,2,Grocery,10159,1,98.98
160,Online,2025-10-27,1,Home,10165,4,239.89
182,InStore,2025-11-03,1,Apparel,10123,2,74.55
165,Pickup,2025-12-01,1,Beauty,10121,3,285.69
240,Pickup,2025-10-27,1,Grocery,10166,1,41.87
117,InStore,2025-10-20,1,Apparel,10140,1,101.62
206,Pickup,2025-11-17,1,Electronics,10114,1,62.31
190,InStore,2025-10-27,1,Home,10104,3,211.17
172,Online,2025-11-03,1,Grocery,10145,3,309.22
100,Online,2025-12-01,1,Beauty,10060,3,161.79
138,Online,2025-10-06,1,Electronics,10114,5,345.45
187,InStore,2025-11-10,2,Home,10090,0,0.0
165,Online,2025-11-24,1,Apparel,10042,2,43.81
137,Online,2025-10-20,1,Home,10010,1,60.45
158,Online,2025-12-01,1,Beauty,10143,5,292.72
102,Pickup,2025-11-24,1,Electronics,10177,0,0.0
105,Online,2025-12-15,1,Home,10121,1,101.86
238,InStore,2025-11-24,1,Beauty,10138,1,46.06
153,Pickup,2025-12-01,1,Grocery,10084,7,225.06
235,Online,2025-11-10,1,Home,10050,2,86.73
138,Pickup,2025-11-03,1,Apparel,10055,1,116.13
253,InStore,2025-10-27,1,Apparel,10139,1,93.81
114,Online,2025-10-06,2,Beauty,10059,0,0.0
180,Online,2025-12-15,1,Apparel,10133,1,88.31
181,Pickup,2025-11-17,1,Apparel,10114,0,0.0
191,Online,2025-11-24,1,Electronics,10159,1,63.05
117,Pickup,2025-11-10,1,Electronics,10137,1,27.73
259,Pickup,2025-10-27,1,Grocery,10164,2,17.66
113,Pickup,2025-10-06,1,Electronics,10106,2,102.54
118,Online,2025-11-03,2,Beauty,10057,3,266.81
132,Pickup,2025-11-17,1,Beauty,10114,4,392.94
129,InStore,2025-11-10,1,Electronics,10095,3,330.92
187,InStore,2025-11-24,1,Beauty,10008,2,146.57
214,Online,2025-11-24,1,Beauty,10150,0,0.0
232,Pickup,2025-11-03,1,Grocery,10060,3,24.25
195,Pickup,2025-11-10,1,Electronics,10122,2,200.34
119,InStore,2025-12-22,1,Apparel,10100,3,251.51
138,InStore,2025-10-06,1,Electronics,10012,7,281.32
160,Online,2025-11-24,1,Grocery,10136,1,80.04
165,Online,2025-11-24,1,Beauty,10061,1,75.08
220,Online,2025-11-10,1,Beauty,10005,3,82.95
191,Pickup,2025-12-08,2,Home,10160,2,148.08
226,Online,2025-10-20,1,Grocery,10165,3,187.14
195,Online,2025-11-17,1,Home,10024,1,76.43
143,Pickup,2025-10-06,1,Electronics,10179,2,204.05
152,InStore,2025-11-24,1,Beauty,10044,1,96.25
195,Online,2025-10-06,1,Beauty,10175,3,243.03
116,InStore,2025-12-01,1,Beauty,10156,5,375.79
165,Online,2025-10-20,1,Electronics,10018,2,189.38
241,InStore,2025-10-27,1,Beauty,10056,0,0.0
160,Pickup,2025-10-20,1,Apparel,10143,2,190.1
121,Pickup,2025-12-22,1,Beauty,10106,0,0.0
122,Pickup,2025-12-22,1,Electronics,10104,2,186.93
160,Pickup,2025-12-22,1,Home,10118,1,94.05
162,Pickup,2025-10-20,1,Grocery,10046,2,214.36
186,Pickup,2025-10-27,1,Home,10076,1,21.97
151,Online,2025-11-17,2,Beauty,10177,3,96.35
163,Pickup,2025-10-06,1,Home,10069,2,116.58
173,Pickup,2025-11-17,1,Home,10085,2,217.12
188,Online,2025-11-03,1,Electronics,10031,1,69.38
196,Online,2025-12-15,1,Electronics,10060,4,306.22
142,Pickup,2025-11-24,1,Apparel,10105,0,0.0
171,InStore,2025-10-27,1,Electronics,10046,1,115.73
182,Pickup,2025-10-13,1,Beauty,10141,3,81.01
153,Online,2025-10-06,1,Beauty,10142,4,359.6
256,InStore,2025-11-24,1,Home,10124,3,305.2
100,InStore,2025-11-03,1,Beauty,10142,4,141.34
255,InStore,2025-10-27,1,Grocery,10060,5,523.42
142,Pickup,2025-11-24,1,Beauty,10136,0,0.0
234,Online,2025-12-22,1,Grocery,10066,2,27.58
171,InStore,2025-10-13,1,Apparel,10010,1,46.27
210,Pickup,2025-11-24,1,Beauty,10152,2,99.97
191,Online,2025-10-20,1,Grocery,10124,1,75.87
103,Pickup,2025-11-03,1,Apparel,10129,0,0.0
186,Pickup,2025-10-27,2,Electronics,10076,3,166.33
191,Online,2025-12-01,1,Apparel,10051,1,34.83
187,Online,2025-11-03,1,Home,10006,4,78.93
245,Pickup,2025-11-03,1,Electronics,10167,4,468.06
202,InStore,2025-11-17,1,Grocery,10048,0,0.0
127,Online,2025-11-03,1,Grocery,10130,4,91.43
101,Pickup,2025-10-27,1,Electronics,10004,2,170.53
185,Pickup,2025-10-20,2,Beauty,10083,3,126.81
252,Online,2025-10-20,1,Grocery,10036,1,21.69
129,Pickup,2025-10-20,2,Electronics,10053,4,428.52
117,Online,2025-12-15,2,Beauty,10125,3,167.25
234,InStore,2025-10-06,1,Home,10000,1,37.18
121,Pickup,2025-10-13,1,Home,10152,1,14.95
131,Pickup,2025-11-03,2,Grocery,10164,1,113.92
193,Pickup,2025-12-01,1,Home,10107,3,206.11
212,Online,2025-11-10,1,Beauty,10079,1,18.47
102,Pickup,2025-11-24,1,Apparel,10116,5,337.26
106,InStore,2025-12-08,1,Home,10114,0,0.0
187,Pickup,2025-10-13,1,Grocery,10172,0,0.0
152,InStore,2025-11-17,1,Beauty,10040,2,99.98
157,Pickup,2025-12-08,1,Grocery,10159,1,82.12
241,Pickup,2025-11-03,1,Electronics,10121,1,47.46
206,Online,2025-11-17,1,Apparel,10024,3,140.17
110,Online,2025-12-01,1,Electronics,10064,3,103.55
107,Online,2025-10-27,1,Apparel,10152,3,189.06
111,Online,2025-12-15,2,Electronics,10074,1,41.95
109,InStore,2025-10-27,1,Grocery,10103,0,0.0
204,Pickup,2025-11-24,1,Beauty,10033,0,0.0
202,Online,2025-12-22,1,Beauty,10135,2,96.91
120,Online,2025-10-20,1,Home,10148,2,49.71
180,Online,2025-10-13,1,Grocery,10088,1,68.03
235,Online,2025-11-24,1,Electronics,10024,4,299.78
133,Pickup,2025-11-24,1,Grocery,10080,3,100.52
175,Online,2025-12-15,2,Electronics,10098,2,129.63
184,Pickup,2025-10-20,1,Apparel,10075,0,0.0
236,Online,2025-12-22,1,Home,10109,1,27.63
225,Online,2025-10-27,1,Beauty,10159,1,97.36
161,InStore,2025-12-08,1,Apparel,10060,1,87.62
152,Online,2025-11-03,2,Home,10014,2,124.1
219,Pickup,2025-10-13,1,Grocery,10176,3,347.99
100,InStore,2025-11-03,1,Beauty,10115,0,0.0
109,InStore,2025-10-20,1,Grocery,10050,4,377.61
108,Pickup,2025-12-15,1,Electronics,10004,1,87.93
148,Online,2025-12-15,1,Electronics,10054,1,97.96
157,Online,2025-12-15,1,Electronics,10053,3,45.85
231,InStore,2025-10-06,1,Apparel,10156,2,224.96
122,Pickup,2025-11-10,2,Home,10111,3,30.03
116,Online,2025-10-06,1,Apparel,10069,5,443.22
213,InStore,2025-10-13,1,Grocery,10174,2,231.3
249,Pickup,2025-11-03,2,Electronics,10132,1,27.25
199,Online,2025-12-22,1,Home,10088,2,76.68
222,Online,2025-11-03,2,Electronics,10008,1,70.21
246,Online,2025-10-06,1,Grocery,10045,0,0.0
115,Pickup,2025-11-03,1,Beauty,10096,0,0.0
222,Online,2025-12-22,1,Apparel,10027,1,95.96
243,Online,2025-10-20,1,Electronics,10024,3,90.04
198,InStore,2025-10-27,1,Grocery,10133,2,212.32
225,Pickup,2025-11-10,1,Apparel,10028,1,52.86
256,Online,2025-11-10,2,Beauty,10041,5,141.24
189,Online,2025-11-24,1,Grocery,10147,1,27.91
235,InStore,2025-11-24,1,Apparel,10145,5,243.15
171,Pickup,2025-12-22,1,Electronics,10177,2,56.63
137,Pickup,2025-10-20,2,Beauty,10054,1,81.65
110,Online,2025-12-08,1,Grocery,10175,1,100.68
100,Pickup,2025-11-10,2,Home,10175,2,105.46
206,Pickup,2025-10-06,1,Electronics,10079,3,303.23
186,Online,2025-12-22,1,Apparel,10152,1,89.65
169,InStore,2025-11-03,1,Apparel,10147,1,31.0
206,Online,2025-10-13,1,Apparel,10146,2,46.06
169,Online,2025-10-20,1,Home,10034,0,0.0
248,Online,2025-11-17,1,Home,10075,3,142.16
139,InStore,2025-12-15,3,Electronics,10116,3,261.22
150,Online,2025-11-10,1,Beauty,10028,2,196.36
179,InStore,2025-12-15,1,Home,10011,1,104.14
156,InStore,2025-10-27,1,Beauty,10179,1,96.04
184,Online,2025-12-01,2,Beauty,10069,1,92.71
144,Pickup,2025-12-22,1,Grocery,10011,1,74.53
185,Online,2025-11-17,1,Electronics,10119,1,44.86
110,Online,2025-10-06,1,Apparel,10046,1,108.56
178,Pickup,2025-12-22,1,Grocery,10026,2,179.96
186,InStore,2025-11-24,1,Home,10022,1,95.94
211,Pickup,2025-10-27,1,Electronics,10113,6,422.25
224,Online,2025-12-08,1,Beauty,10113,0,0.0
177,Online,2025-10-13,1,Beauty,10016,1,109.04
248,InStore,2025-12-08,1,Apparel,10114,1,62.23
242,Pickup,2025-12-22,2,Beauty,10024,2,49.06
232,InStore,2025-12-22,1,Beauty,10024,1,92.97
156,Pickup,2025-10-27,2,Electronics,10179,4,412.65
131,Online,2025-12-01,1,Grocery,10093,2,65.53
116,Pickup,2025-10-20,1,Grocery,10033,0,0.0
176,Pickup,2025-10-20,2,Electronics,10139,0,0.0
109,Pickup,2025-10-06,2,Electronics,10108,1,107.07
162,Pickup,2025-10-20,2,Grocery,10157,0,0.0
223,Pickup,2025-10-13,2,Grocery,10154,1,105.19
122,Pickup,2025-11-17,1,Beauty,10083,1,102.49
222,InStore,2025-10-20,1,Beauty,10033,4,89.33
231,Pickup,2025-12-08,1,Electronics,10113,1,30.41
184,Pickup,2025-11-10,1,Electronics,10029,2,99.14
259,Pickup,2025-10-27,2,Home,10164,3,186.75
232,Pickup,2025-12-01,2,Beauty,10116,0,0.0
175,InStore,2025-11-03,2,Electronics,10015,1,39.0
219,InStore,2025-11-03,2,Beauty,10148,1,81.42
112,Online,2025-11-17,1,Beauty,10166,1,47.63
222,InStore,2025-10-13,1,Beauty,10125,1,106.81
139,Pickup,2025-11-10,1,Grocery,10144,2,179.21
107,InStore,2025-10-13,2,Home,10150,4,177.27
175,Online,2025-10-27,3,Home,10116,0,0.0
248,InStore,2025-11-03,1,Beauty,10139,1,24.33
194,InStore,2025-11-17,1,Beauty,10164,5,131.53
202,InStore,2025-10-06,1,Apparel,10143,2,231.07
195,Online,2025-11-17,2,Home,10024,2,89.45
179,Online,2025-10-27,1,Apparel,10121,3,308.95
150,Pickup,2025-12-22,1,Home,10122,1,97.19
164,Pickup,2025-10-06,1,Grocery,10152,1,40.7
186,Online,2025-12-22,2,Beauty,10102,1,17.89
106,Online,2025-10-27,1,Electronics,10019,2,114.99
129,Online,2025-12-15,1,Apparel,10039,0,0.0
177,InStore,2025-11-03,1,Apparel,10016,4,371.12
208,Online,2025-11-17,1,Apparel,10162,1,41.37
100,Online,2025-10-06,1,Apparel,10161,0,0.0
114,Online,2025-10-06,1,Beauty,10121,5,179.18
242,Online,2025-10-27,2,Apparel,10102,5,231.14
259,Pickup,2025-10-27,1,Apparel,10126,3,145.18
242,InStore,2025-10-13,1,Apparel,10099,2,53.13
160,Online,2025-12-01,2,Apparel,10129,0,0.0
156,Pickup,2025-12-22,1,Grocery,10094,3,291.02
189,Online,2025-10-27,1,Apparel,10101,2,71.7
161,Online,2025-10-27,1,Home,10036,0,0.0
179,Online,2025-11-03,3,Beauty,10179,5,473.81
192,Online,2025-10-20,1,Apparel,10116,1,24.91
197,Pickup,2025-10-06,1,Apparel,10082,3,98.18
192,Online,2025-10-20,2,Apparel,10116,2,24.38
230,InStore,2025-11-10,1,Apparel,10095,1,60.85
130,Online,2025-12-08,2,Home,10156,4,417.92
238,Pickup,2025-12-01,1,Electronics,10124,4,271.28
137,Online,2025-12-08,1,Apparel,10165,1,91.43
184,Pickup,2025-11-17,1,Beauty,10177,2,187.77
175,Pickup,2025-12-08,1,Grocery,10128,1,31.1
100,Pickup,2025-10-27,1,Beauty,10019,3,61.39
206,Online,2025-10-13,2,Apparel,10000,4,459.73
203,Pickup,2025-11-17,1,Apparel,10022,4,164.58
113,InStore,2025-11-24,1,Apparel,10149,2,145.97
221,Pickup,2025-12-08,1,Grocery,10158,4,477.57
239,Pickup,2025-12-22,2,Apparel,10067,0,0.0
149,InStore,2025-12-01,1,Apparel,10160,0,0.0
112,Online,2025-10-13,1,Beauty,10131,3,249.14
156,Pickup,2025-10-06,1,Apparel,10155,2,91.3
167,InStore,2025-11-17,1,Grocery,10094,2,112.32
160,InStore,2025-11-03,1,Home,10141,2,174.24
123,Online,2025-11-10,1,Apparel,10167,3,266.02
182,InStore,2025-10-27,2,Electronics,10040,0,0.0
132,Pickup,2025-11-17,2,Electronics,10118,4,340.99
200,Pickup,2025-12-08,1,Grocery,10008,2,21.83
213,Pickup,2025-12-08,1,Electronics,10169,1,26.28
226,InStore,2025-11-24,1,Grocery,10097,4,122.97
228,Pickup,2025-10-13,1,Home,10140,4,138.69
188,InStore,2025-11-24,1,Home,10170,2,155.94
118,InStore,2025-11-17,1,Electronics,10137,3,313.73
158,InStore,2025-12-01,2,Home,10143,1,45.26
167,Pickup,2025-11-10,1,Beauty,10047,1,91.02
220,Online,2025-10-13,1,Home,10133,4,94.54
121,Online,2025-12-15,1,Grocery,10062,2,101.86
110,Online,2025-12-22,1,Apparel,10003,1,111.69
133,InStore,2025-11-24,1,Electronics,10012,2,77.06
174,Online,2025-10-06,2,Grocery,10058,1,117.68
131,InStore,2025-11-17,1,Beauty,10011,3,236.41
195,InStore,2025-12-01,1,Electronics,10081,0,0.0
199,Online,2025-11-03,1,Apparel,10161,2,174.6
205,InStore,2025-11-24,2,Electronics,10009,2,183.07
195,Pickup,2025-11-24,1,Apparel,10173,3,35.57
215,Pickup,2025-12-01,1,Beauty,10037,0,0.0
216,Online,2025-12-08,1,Electronics,10108,1,34.29
116,Pickup,2025-10-20,1,Electronics,10156,2,113.03
148,Pickup,2025-10-27,1,Electronics,10054,1,104.56
188,Online,2025-11-17,1,Home,10023,1,16.45
101,InStore,2025-11-17,1,Grocery,10046,5,171.55
167,InStore,2025-10-20,1,Grocery,10168,1,33.02
201,Online,2025-10-20,1,Beauty,10096,4,48.19
151,Pickup,2025-10-06,1,Electronics,10171,2,72.71
133,Online,2025-12-15,2,Beauty,10120,3,291.59
133,InStore,2025-11-24,2,Electronics,10080,3,162.91
123,Online,2025-11-03,1,Beauty,10168,0,0.0
209,Online,2025-11-17,1,Grocery,10162,2,222.44
126,InStore,2025-11-17,1,Home,10172,1,15.58
204,Online,2025-12-01,1,Home,10020,0,0.0
116,InStore,2025-12-22,1,Apparel,10148,2,57.5
172,Online,2025-10-06,1,Home,10027,1,97.86
151,Pickup,2025-12-08,1,Home,10099,2,168.13
143,Pickup,2025-11-24,1,Grocery,10003,3,125.11
160,InStore,2025-10-20,2,Beauty,10044,2,179.61
201,InStore,2025-12-22,1,Beauty,10171,1,90.88
173,Pickup,2025-12-08,1,Electronics,10097,1,87.94
164,Pickup,2025-11-17,1,Electronics,10140,3,190.35
220,Pickup,2025-10-13,1,Beauty,10038,2,160.49
259,Online,2025-12-01,1,Grocery,10021,1,22.74
216,Pickup,2025-10-13,1,Beauty,10097,1,85.89
124,Online,2025-11-17,1,Home,10015,4,427.98
102,Online,2025-11-24,1,Beauty,10103,1,77.15
184,Pickup,2025-12-08,2,Electronics,10162,0,0.0
195,InStore,2025-11-10,2,Home,10110,2,125.52
150,Online,2025-12-08,1,Beauty,10133,1,35.5
117,Pickup,2025-12-15,3,Apparel,10125,3,66.71
213,InStore,2025-12-01,1,Beauty,10009,0,0.0
128,Online,2025-10-13,1,Apparel,10093,3,180.54
208,InStore,2025-11-24,1,Grocery,10078,3,224.43
229,Pickup,2025-10-20,1,Apparel,10103,1,114.3
235,Online,2025-12-15,2,Apparel,10000,5,447.37
244,Pickup,2025-12-08,1,Electronics,10047,0,0.0
187,Pickup,2025-10-13,2,Beauty,10055,2,20.14
190,Pickup,2025-10-06,1,Apparel,10069,1,77.9
148,Pickup,2025-11-03,1,Beauty,10118,2,39.52
200,Online,2025-10-27,1,Beauty,10052,1,63.79
233,Online,2025-12-08,2,Beauty,10062,2,231.11
137,InStore,2025-10-27,1,Beauty,10136,4,412.45
125,Pickup,2025-11-03,2,Electronics,10038,1,38.14
148,InStore,2025-10-06,1,Beauty,10118,3,89.95
120,Pickup,2025-10-06,1,Electronics,10021,2,215.03
177,InStore,2025-12-22,1,Home,10172,3,320.66
167,Pickup,2025-11-10,1,Electronics,10064,5,449.69
255,Pickup,2025-12-01,1,Beauty,10138,1,95.45
213,InStore,2025-10-27,1,Apparel,10100,3,248.75
147,Online,2025-10-13,2,Grocery,10154,6,573.77
218,Online,2025-11-24,2,Grocery,10131,3,191.82
131,InStore,2025-10-20,1,Home,10011,2,213.33
249,InStore,2025-10-20,1,Electronics,10003,3,92.45
244,InStore,2025-12-08,1,Home,10135,1,107.42
147,Pickup,2025-11-10,1,Grocery,10031,3,73.64
204,Online,2025-11-03,2,Apparel,10043,1,28.96
140,InStore,2025-11-17,1,Electronics,10151,1,100.94
218,InStore,2025-10-27,1,Apparel,10114,1,82.6
248,Online,2025-10-27,1,Electronics,10144,1,73.77
111,InStore,2025-12-15,1,Grocery,10154,3,305.74
115,Online,2025-11-03,1,Electronics,10055,0,0.0
214,Pickup,2025-12-08,1,Apparel,10083,2,48.18
256,Pickup,2025-11-03,1,Home,10066,8,117.72
222,InStore,2025-10-06,1,Home,10097,1,31.0
211,InStore,2025-11-24,1,Electronics,10080,2,46.95
235,Online,2025-12-15,3,Grocery,10000,2,216.98
200,InStore,2025-10-06,2,Apparel,10013,0,0.0
230,Pickup,2025-11-03,1,Home,10155,1,48.07
240,Pickup,2025-11-03,1,Apparel,10042,1,52.85
213,Pickup,2025-10-13,1,Apparel,10114,1,54.49
188,InStore,2025-11-24,2,Home,10066,1,38.88
215,Online,2025-11-03,2,Grocery,10140,4,308.31
111,Pickup,2025-11-10,1,Home,10057,0,0.0
137,Pickup,2025-11-17,1,Electronics,10125,1,50.9
204,Online,2025-10-27,1,Home,10073,4,241.43
193,InStore,2025-11-10,1,Home,10059,2,72.34
197,Online,2025-10-13,1,Home,10177,6,707.98
235,InStore,2025-12-15,1,Home,10170,2,87.3
162,Pickup,2025-11-10,1,Apparel,10146,1,84.51
177,Pickup,2025-12-15,1,Home,10121,0,0.0
196,Pickup,2025-10-20,1,Grocery,10101,2,148.32
231,InStore,2025-11-17,1,Beauty,10064,2,35.54
158,Pickup,2025-12-08,1,Beauty,10091,2,120.32
177,Pickup,2025-11-17,1,Beauty,10139,3,223.84
181,InStore,2025-10-13,1,Home,10098,2,31.07
231,InStore,2025-12-22,2,Beauty,10059,1,92.36
153,Pickup,2025-11-03,1,Apparel,10007,4,111.41
130,Online,2025-10-06,1,Grocery,10040,5,460.8
185,Online,2025-11-10,1,Home,10071,2,102.77
192,Pickup,2025-10-13,1,Grocery,10176,0,0.0
148,Pickup,2025-12-08,1,Beauty,10024,2,122.95
126,Pickup,2025-11-17,1,Grocery,10091,1,9.09
105,InStore,2025-11-03,1,Electronics,10161,2,102.69
136,Pickup,2025-10-20,1,Electronics,10145,3,104.85
238,InStore,2025-11-03,1,Beauty,10112,3,89.22
198,InStore,2025-11-17,3,Apparel,10172,1,23.63
164,Pickup,2025-12-15,1,Beauty,10089,4,52.63
131,Pickup,2025-11-17,1,Home,10169,0,0.0
196,InStore,2025-10-20,2,Grocery,10065,2,164.4
179,Pickup,2025-12-15,1,Home,10105,4,222.67
248,Online,2025-11-03,1,Apparel,10097,4,380.03
170,InStore,2025-11-10,1,Beauty,10131,1,107.87
138,Pickup,2025-10-27,2,Home,10059,2,46.53
162,Online,2025-11-17,1,Home,10159,2,187.66
246,InStore,2025-10-20,1,Beauty,10090,2,57.13
234,InStore,2025-11-03,1,Grocery,10054,1,57.11
180,InStore,2025-10-27,1,Apparel,10062,2,90.67
144,Online,2025-12-01,2,Beauty,10025,1,51.94
168,InStore,2025-10-27,1,Apparel,10039,2,231.52
204,InStore,2025-11-10,1,Apparel,10046,2,104.24
212,Pickup,2025-12-15,1,Beauty,10170,0,0.0
107,InStore,2025-10-27,1,Beauty,10136,1,45.67
236,Pickup,2025-10-27,1,Electronics,10136,5,54.13
206,Online,2025-10-20,1,Electronics,10066,3,195.06
192,InStore,2025-10-13,1,Beauty,10121,0,0.0
144,Online,2025-12-22,2,Home,10041,4,223.69
134,InStore,2025-10-20,1,Electronics,10152,5,205.94
196,Online,2025-12-15,2,Apparel,10081,0,0.0
125,Pickup,2025-12-08,1,Electronics,10150,1,8.66
186,InStore,2025-12-15,1,Grocery,10021,0,0.0
172,InStore,2025-10-20,2,Beauty,10021,0,0.0
118,InStore,2025-11-17,2,Grocery,10009,0,0.0
198,InStore,2025-11-24,1,Home,10087,3,118.81
174,InStore,2025-11-24,1,Beauty,10006,2,118.89
203,InStore,2025-10-20,1,Apparel,10088,1,19.0
174,Online,2025-12-08,1,Home,10041,4,183.8
114,Pickup,2025-12-01,1,Beauty,10115,4,399.29
209,Online,2025-10-13,2,Grocery,10120,2,40.48
193,Pickup,2025-12-15,1,Apparel,10087,0,0.0
228,InStore,2025-10-06,2,Home,10038,4,478.22
207,Online,2025-10-06,1,Apparel,10093,1,91.57
108,InStore,2025-12-22,1,Grocery,10067,0,0.0
120,Online,2025-11-17,2,Grocery,10133,0,0.0
180,Pickup,2025-11-24,1,Grocery,10027,5,197.07
131,InStore,2025-12-22,1,Home,10101,0,0.0
120,Online,2025-12-15,1,Grocery,10043,4,330.26
119,InStore,2025-12-08,1,Grocery,10096,0,0.0
192,InStore,2025-10-20,1,Grocery,10074,3,356.16
164,Online,2025-12-15,2,Beauty,10016,2,72.19
256,Online,2025-10-13,1,Beauty,10115,4,319.3
221,Online,2025-11-10,1,Electronics,10134,2,48.99
148,InStore,2025-10-27,1,Home,10092,2,224.74
179,Pickup,2025-12-01,1,Apparel,10108,1,48.32
159,Pickup,2025-12-22,1,Apparel,10148,0,0.0
178,InStore,2025-11-24,1,Apparel,10046,3,146.49
163,Pickup,2025-11-17,1,Beauty,10112,4,228.6
190,Online,2025-10-27,1,Grocery,10106,1,90.11
185,Online,2025-10-13,1,Grocery,10133,2,88.1
103,InStore,2025-11-24,2,Grocery,10047,1,85.79
124,Pickup,2025-11-17,1,Electronics,10066,0,0.0
110,Online,2025-10-06,2,Beauty,10131,2,65.27
157,Online,2025-10-13,1,Grocery,10142,0,0.0
208,InStore,2025-11-24,2,Home,10154,1,25.93
220,Online,2025-11-17,1,Electronics,10085,2,161.89
243,Online,2025-12-01,1,Electronics,10067,1,10.43
174,Online,2025-10-20,4,Home,10142,1,18.16
243,Pickup,2025-10-13,1,Grocery,10156,0,0.0
102,Online,2025-12-01,3,Electronics,10040,1,104.86
146,InStore,2025-10-20,1,Grocery,10029,3,166.6
204,Pickup,2025-11-03,1,Grocery,10049,4,215.56
170,Online,2025-10-13,1,Beauty,10091,1,92.72
127,Online,2025-11-10,1,Home,10076,4,365.85
138,InStore,2025-12-01,3,Electronics,10090,4,254.37
168,Pickup,2025-10-27,2,Grocery,10098,5,585.83
174,Pickup,2025-11-10,1,Grocery,10128,3,202.76
125,InStore,2025-10-20,1,Electronics,10161,0,0.0
147,InStore,2025-12-01,1,Home,10062,2,234.11
182,Online,2025-10-06,1,Apparel,10073,3,322.97
138,InStore,2025-11-17,1,Grocery,10161,2,116.56
112,Online,2025-12-15,2,Electronics,10029,1,34.17
225,Pickup,2025-10-06,1,Electronics,10084,1,96.78
188,InStore,2025-12-08,1,Beauty,10037,2,173.65
143,Pickup,2025-10-20,1,Grocery,10117,3,70.43
151,Pickup,2025-12-08,2,Home,10099,5,138.85
113,Online,2025-11-17,1,Home,10155,0,0.0
158,Pickup,2025-10-27,1,Electronics,10091,3,332.86
254,InStore,2025-10-20,1,Grocery,10147,2,87.7
174,InStore,2025-10-13,1,Apparel,10053,1,53.99
249,Pickup,2025-12-15,2,Beauty,10031,2,200.9
170,Pickup,2025-10-20,1,Electronics,10125,1,55.8
109,Online,2025-10-06,1,Home,10131,4,458.54
116,InStore,2025-12-08,1,Beauty,10173,3,169.25
227,Pickup,2025-12-01,1,Apparel,10000,2,141.29
232,Online,2025-12-01,3,Electronics,10116,2,228.88
216,InStore,2025-10-13,1,Home,10037,2,85.39
247,Pickup,2025-10-20,1,Electronics,10060,5,300.67
206,Pickup,2025-12-15,1,Apparel,10135,0,0.0
168,Online,2025-11-10,2,Beauty,10120,3,329.29
191,Pickup,2025-12-22,1,Electronics,10077,3,330.06
123,Pickup,2025-12-01,1,Electronics,10159,3,136.88
216,Pickup,2025-12-08,2,Beauty,10108,3,217.6
193,Online,2025-12-08,1,Apparel,10098,1,94.77
186,Online,2025-11-17,2,Grocery,10064,1,32.67
241,Pickup,2025-12-08,1,Apparel,10002,1,69.99
199,InStore,2025-10-20,2,Home,10110,1,56.72
130,Pickup,2025-10-20,1,Beauty,10128,4,56.99
187,Pickup,2025-12-15,1,Beauty,10075,4,167.99
108,Pickup,2025-10-06,2,Beauty,10131,1,63.04
257,Pickup,2025-10-20,1,Apparel,10151,4,473.73
102,Online,2025-10-13,1,Electronics,10117,2,133.04
161,Online,2025-12-01,1,Electronics,10157,3,44.41
154,Online,2025-10-20,1,Apparel,10109,2,93.66
196,InStore,2025-10-13,1,Grocery,10038,1,52.95
176,Online,2025-10-27,3,Apparel,10045,0,0.0
166,Online,2025-12-22,1,Apparel,10133,2,24.44
227,Pickup,2025-12-08,1,Grocery,10147,0,0.0
148,Pickup,2025-12-08,2,Electronics,10024,1,18.6
118,InStore,2025-10-20,1,Apparel,10094,4,472.92
215,Online,2025-10-27,2,Beauty,10163,1,104.26
194,Pickup,2025-11-17,1,Home,10005,1,111.14
200,InStore,2025-12-15,1,Grocery,10071,1,10.83
128,Online,2025-12-15,1,Grocery,10036,0,0.0
117,Pickup,2025-10-20,1,Apparel,10013,2,86.21
166,InStore,2025-12-01,2,Home,10156,2,52.7
181,InStore,2025-10-06,1,Grocery,10140,5,164.72
109,InStore,2025-10-13,1,Apparel,10154,4,177.65
212,Pickup,2025-10-27,1,Electronics,10157,4,240.65
169,Pickup,2025-12-15,2,Electronics,10119,4,163.44
170,Online,2025-11-17,1,Grocery,10025,2,145.36
106,Online,2025-10-20,1,Electronics,10056,1,35.51
239,InStore,2025-11-10,1,Electronics,10132,1,64.37
129,InStore,2025-10-27,3,Apparel,10147,2,52.93
213,InStore,2025-12-22,1,Home,10074,1,111.36
200,Pickup,2025-12-22,2,Apparel,10088,1,110.35
194,Online,2025-12-22,1,Grocery,10179,3,321.74
237,Pickup,2025-11-10,1,Apparel,10035,3,267.55
183,InStore,2025-12-22,1,Beauty,10004,3,55.35
129,InStore,2025-10-13,1,Beauty,10178,1,50.37
100,Pickup,2025-10-06,1,Home,10044,5,580.52
172,InStore,2025-11-24,1,Home,10134,1,74.84
251,Online,2025-11-10,1,Home,10056,5,501.65
245,InStore,2025-10-06,1,Grocery,10067,2,198.79
219,InStore,2025-11-03,3,Electronics,10148,0,0.0
122,InStore,2025-11-03,1,Home,10086,4,444.48
150,Online,2025-12-08,1,Home,10174,1,72.81
138,Pickup,2025-10-20,1,Electronics,10158,2,50.7
143,InStore,2025-10-06,1,Apparel,10020,1,57.58
128,Online,2025-10-13,1,Apparel,10048,2,205.82
213,Pickup,2025-12-22,1,Electronics,10026,4,110.58
226,Online,2025-11-10,1,Apparel,10135,3,329.96
142,Pickup,2025-12-08,2,Beauty,10143,2,119.48
209,Online,2025-11-17,1,Apparel,10078,5,449.41
177,Pickup,2025-11-10,1,Apparel,10073,1,17.33
106,InStore,2025-10-13,1,Home,10028,3,86.41
241,InStore,2025-12-15,2,Home,10061,3,318.55
111,Online,2025-11-17,1,Apparel,10076,1,87.85
113,Online,2025-11-17,1,Grocery,10079,0,0.0
128,Online,2025-12-15,1,Apparel,10034,1,38.68
204,Pickup,2025-11-10,1,Home,10163,3,74.4
259,Online,2025-10-13,1,Home,10050,2,135.11
141,Online,2025-12-08,2,Electronics,10077,4,183.24
176,Online,2025-10-13,1,Grocery,10034,3,239.44
226,InStore,2025-11-17,1,Home,10131,4,409.79
109,Online,2025-11-17,1,Beauty,10173,3,200.34
141,Online,2025-10-13,1,Home,10098,3,118.7
214,Pickup,2025-10-27,1,Home,10018,6,76.7
124,Online,2025-10-13,1,Beauty,10013,0,0.0
187,Online,2025-11-17,1,Beauty,10023,2,93.58
204,Online,2025-12-08,1,Grocery,10113,0,0.0
254,InStore,2025-10-13,1,Beauty,10010,0,0.0
200,InStore,2025-10-06,1,Electronics,10062,3,71.08
236,InStore,2025-12-01,1,Home,10149,0,0.0
161,Pickup,2025-11-03,1,Electronics,10162,3,63.14
232,Pickup,2025-12-15,1,Electronics,10091,2,83.79
106,InStore,2025-11-10,1,Apparel,10138,2,196.46
141,Pickup,2025-11-10,1,Home,10131,0,0.0
219,Online,2025-11-03,1,Electronics,10107,2,50.74
224,InStore,2025-12-22,1,Apparel,10098,2,187.78
164,Pickup,2025-11-10,1,Electronics,10003,3,24.46
194,Pickup,2025-12-22,2,Home,10179,2,147.14
175,Online,2025-12-15,1,Beauty,10089,3,340.21
209,InStore,2025-12-22,1,Home,10059,4,151.64
141,Pickup,2025-11-10,2,Home,10131,1,103.13
257,Pickup,2025-11-17,1,Home,10089,2,191.4
126,Online,2025-11-24,2,Home,10140,4,351.91
146,Pickup,2025-10-20,2,Beauty,10029,0,0.0
198,InStore,2025-12-01,1,Home,10083,1,34.63
229,InStore,2025-11-24,1,Grocery,10048,1,62.34
166,InStore,2025-11-10,1,Electronics,10104,3,179.23
174,Online,2025-12-08,1,Home,10156,4,479.92
114,Pickup,2025-12-22,1,Grocery,10102,2,219.96
204,InStore,2025-10-20,1,Beauty,10162,0,0.0
188,Pickup,2025-12-15,1,Grocery,10154,3,342.2
134,Pickup,2025-10-27,2,Home,10140,1,84.16
225,Pickup,2025-11-24,1,Apparel,10105,3,302.48
257,Online,2025-11-03,1,Home,10078,3,57.5
101,Pickup,2025-12-15,1,Beauty,10030,1,21.72
186,Online,2025-10-13,1,Home,10109,2,129.06
212,InStore,2025-12-08,2,Home,10129,1,17.71
159,Pickup,2025-10-06,1,Home,10159,2,27.39
138,Pickup,2025-12-01,4,Apparel,10090,0,0.0
156,InStore,2025-12-15,2,Electronics,10074,2,180.3
174,InStore,2025-11-03,1,Grocery,10157,0,0.0
210,Online,2025-11-17,2,Beauty,10005,1,16.05
162,InStore,2025-10-20,1,Electronics,10122,6,49.13
115,Online,2025-10-20,1,Beauty,10074,3,348.02
126,InStore,2025-10-06,1,Grocery,10060,2,93.11
174,InStore,2025-11-17,1,Grocery,10084,5,292.84
239,Online,2025-10-27,1,Apparel,10097,5,394.65
258,Online,2025-11-17,2,Home,10118,4,190.81
221,Pickup,2025-11-10,1,Apparel,10165,1,31.74
240,Online,2025-10-13,1,Home,10080,0,0.0
136,Pickup,2025-12-01,1,Grocery,10142,3,314.69
197,InStore,2025-12-01,1,Electronics,10026,4,245.81
174,Online,2025-12-08,1,Apparel,10129,1,112.56
177,InStore,2025-11-24,1,Home,10053,0,0.0
223,Online,2025-10-20,2,Grocery,10061,1,58.76
135,InStore,2025-10-20,1,Electronics,10059,2,149.39
179,InStore,2025-10-27,1,Grocery,10134,0,0.0
216,InStore,2025-10-20,1,Home,10065,0,0.0
121,Pickup,2025-12-15,1,Apparel,10132,1,104.33
102,InStore,2025-11-24,2,Electronics,10116,1,41.56
196,InStore,2025-11-17,2,Beauty,10024,1,90.91
126,Pickup,2025-12-15,1,Apparel,10104,3,27.76
137,Online,2025-12-08,2,Home,10150,3,240.73
185,Online,2025-12-22,2,Apparel,10052,4,76.27
124,Online,2025-10-27,1,Electronics,10131,3,272.16
199,InStore,2025-10-27,2,Apparel,10119,2,202.39
226,Pickup,2025-11-10,1,Beauty,10108,1,25.03
101,Online,2025-11-03,1,Apparel,10071,2,145.44
143,InStore,2025-10-06,2,Home,10179,1,49.21
252,Pickup,2025-10-20,1,Beauty,10165,2,172.14
117,InStore,2025-11-24,2,Grocery,10039,3,82.41
190,InStore,2025-11-03,1,Grocery,10055,0,0.0
190,Pickup,2025-10-20,1,Home,10106,0,0.0
119,Pickup,2025-10-06,1,Apparel,10086,2,234.79
124,Online,2025-11-17,2,Apparel,10015,2,187.0
193,Pickup,2025-10-06,1,Home,10150,3,317.12
102,InStore,2025-11-24,1,Apparel,10034,2,215.78
134,Pickup,2025-11-17,1,Beauty,10122,0,0.0
183,Pickup,2025-12-08,1,Grocery,10177,2,92.75
118,Online,2025-12-15,1,Beauty,10006,2,49.01
227,InStore,2025-12-08,1,Home,10069,3,198.64
185,Online,2025-12-15,1,Home,10164,3,309.34
146,InStore,2025-10-27,1,Beauty,10037,2,56.84
170,InStore,2025-10-20,1,Apparel,10132,2,181.8
128,Online,2025-12-01,2,Electronics,10014,1,99.93
209,Online,2025-11-17,1,Apparel,10103,3,241.43
207,Pickup,2025-11-10,2,Grocery,10090,3,103.71
140,InStore,2025-10-13,1,Beauty,10130,1,76.46
158,Pickup,2025-10-20,1,Electronics,10051,3,352.91
203,InStore,2025-11-24,2,Home,10121,1,81.79
243,Pickup,2025-12-22,1,Electronics,10079,1,108.27
186,InStore,2025-11-10,1,Apparel,10142,0,0.0
232,InStore,2025-11-17,1,Grocery,10094,0,0.0
230,InStore,2025-10-13,1,Electronics,10081,3,299.45
125,Pickup,2025-11-03,1,Beauty,10001,1,76.58
140,InStore,2025-10-20,2,Apparel,10130,2,64.22
199,Online,2025-12-01,1,Beauty,10078,1,75.27
152,Online,2025-12-15,2,Grocery,10111,2,29.83
135,InStore,2025-12-15,1,Grocery,10112,2,155.64
104,Pickup,2025-10-27,1,Grocery,10172,4,462.53
166,Pickup,2025-12-22,2,Electronics,10133,3,172.71
124,Pickup,2025-10-06,1,Beauty,10123,2,196.51
117,Pickup,2025-10-20,1,Apparel,10145,3,348.57
186,InStore,2025-10-13,1,Grocery,10176,4,111.46
132,InStore,2025-10-06,1,Electronics,10042,4,300.15
231,Online,2025-12-01,1,Electronics,10175,0,0.0
227,Pickup,2025-10-27,1,Electronics,10179,0,0.0
235,InStore,2025-11-24,2,Grocery,10024,5,362.63
238,Online,2025-12-01,2,Electronics,10124,6,408.03
132,InStore,2025-11-17,1,Beauty,10026,1,109.84
207,Pickup,2025-10-27,1,Grocery,10067,2,218.4
146,Online,2025-10-27,1,Apparel,10102,1,68.18
256,Online,2025-11-10,1,Electronics,10159,3,130.86
223,Pickup,2025-10-20,3,Beauty,10061,0,0.0
213,InStore,2025-10-27,1,Electronics,10029,1,99.54
128,Pickup,2025-10-06,2,Grocery,10016,3,144.02
214,Pickup,2025-12-22,1,Grocery,10115,2,98.74
115,Online,2025-11-03,2,Home,10132,2,153.49
161,Pickup,2025-10-06,2,Electronics,10164,0,0.0
140,Online,2025-10-20,2,Apparel,10089,3,184.46
246,Online,2025-11-10,1,Home,10082,2,72.87
188,Pickup,2025-10-06,2,Apparel,10083,3,278.62
237,InStore,2025-12-08,1,Home,10069,5,214.32
237,InStore,2025-12-01,1,Home,10052,5,228.33
232,Pickup,2025-11-17,1,Apparel,10062,1,78.15
210,Online,2025-12-08,1,Electronics,10019,1,43.1
126,InStore,2025-10-06,1,Beauty,10096,3,142.79
100,Online,2025-11-03,2,Home,10142,0,0.0
124,Pickup,2025-11-17,3,Apparel,10015,1,17.68
221,Pickup,2025-10-27,1,Apparel,10039,1,112.1
127,Online,2025-11-17,1,Beauty,10160,1,28.68
136,Pickup,2025-10-20,1,Home,10009,3,330.84
173,Pickup,2025-11-17,1,Grocery,10155,1,75.22
220,Pickup,2025-11-03,1,Grocery,10102,4,394.06
168,InStore,2025-10-27,3,Beauty,10098,0,0.0
215,Pickup,2025-11-17,1,Home,10096,0,0.0
116,InStore,2025-10-06,1,Electronics,10003,0,0.0
216,Online,2025-11-03,1,Grocery,10041,1,58.06
107,InStore,2025-12-08,3,Apparel,10162,0,0.0
174,Online,2025-12-01,2,Beauty,10142,2,64.54
237,Online,2025-10-13,1,Beauty,10154,1,101.38
106,Pickup,2025-10-06,1,Grocery,10034,4,108.82
230,Pickup,2025-10-13,2,Electronics,10179,3,202.38
146,Online,2025-11-03,3,Beauty,10153,4,332.65
174,Online,2025-12-22,1,Home,10079,1,114.2
101,Online,2025-10-06,1,Electronics,10015,0,0.0
143,Pickup,2025-10-06,1,Apparel,10132,1,51.6
204,Online,2025-11-24,1,Home,10067,2,26.95
200,Pickup,2025-12-15,1,Grocery,10086,0,0.0
210,InStore,2025-11-24,2,Home,10033,2,29.8
221,Pickup,2025-10-13,3,Apparel,10130,1,111.27
120,Online,2025-12-08,1,Apparel,10090,2,102.86
149,Pickup,2025-10-27,1,Beauty,10084,0,0.0
116,InStore,2025-12-22,1,Electronics,10025,2,29.13
152,InStore,2025-11-24,2,Grocery,10001,4,221.35
128,Online,2025-11-17,2,Apparel,10055,2,55.93
141,Online,2025-11-03,1,Beauty,10033,3,52.22
190,Online,2025-10-27,1,Home,10040,4,464.8
148,Online,2025-10-27,2,Apparel,10054,2,64.31
210,Online,2025-12-15,1,Electronics,10102,2,214.25
132,Pickup,2025-12-01,2,Beauty,10169,2,210.11
157,InStore,2025-10-20,1,Electronics,10048,2,219.79
258,InStore,2025-12-22,2,Grocery,10069,4,445.15
196,InStore,2025-12-22,1,Apparel,10132,0,0.0
220,Pickup,2025-11-10,1,Beauty,10156,2,185.57
190,Online,2025-10-13,1,Electronics,10002,4,250.76
177,InStore,2025-11-03,1,Beauty,10119,1,98.29
140,InStore,2025-11-24,1,Apparel,10026,0,0.0
206,Pickup,2025-12-01,2,Apparel,10019,2,81.8
246,Pickup,2025-12-15,1,Apparel,10167,4,334.69
147,Online,2025-10-20,1,Beauty,10155,0,0.0
189,InStore,2025-12-15,1,Apparel,10004,1,66.44
206,Pickup,2025-10-27,1,Apparel,10139,3,190.91
112,Online,2025-12-22,2,Home,10025,3,122.32
114,Online,2025-11-24,1,Beauty,10032,2,214.52
207,Online,2025-11-24,1,Apparel,10153,1,109.96
251,Online,2025-12-01,1,Electronics,10019,3,39.54
233,Online,2025-12-22,1,Beauty,10169,1,95.69
208,Online,2025-11-03,2,Home,10137,2,200.92
226,InStore,2025-11-10,2,Electronics,10151,0,0.0
259,InStore,2025-12-15,2,Apparel,10144,5,257.53
219,Online,2025-10-20,2,Beauty,10033,1,15.32
183,Pickup,2025-12-22,1,Beauty,10023,2,221.85
134,Online,2025-12-22,2,Beauty,10140,5,567.23
108,Online,2025-12-15,2,Home,10004,3,43.34
115,InStore,2025-10-13,2,Electronics,10029,1,9.48
253,InStore,2025-10-06,1,Grocery,10054,0,0.0
146,Pickup,2025-10-13,1,Beauty,10171,1,67.88
238,InStore,2025-10-13,1,Home,10157,3,260.2
137,Pickup,2025-10-27,1,Home,10140,3,263.76
196,Online,2025-12-22,1,Beauty,10167,2,226.5
231,Online,2025-12-22,3,Electronics,10059,3,68.51
203,InStore,2025-11-10,1,Grocery,10041,2,17.57
145,Pickup,2025-11-03,1,Grocery,10136,5,261.9
234,InStore,2025-11-03,1,Home,10053,1,100.17
253,Online,2025-10-13,1,Home,10069,0,0.0
178,Online,2025-11-24,2,Beauty,10123,2,212.25
174,Online,2025-11-10,1,Grocery,10101,1,112.59
147,InStore,2025-12-15,1,Grocery,10023,2,45.69
118,Online,2025-12-08,1,Grocery,10143,0,0.0
170,Pickup,2025-10-06,1,Apparel,10080,3,69.08
238,Online,2025-12-08,1,Electronics,10114,3,91.16
215,Pickup,2025-11-17,2,Home,10136,3,319.81
217,Pickup,2025-12-15,1,Apparel,10123,2,177.66
188,InStore,2025-10-13,2,Grocery,10018,1,8.19
120,Online,2025-12-15,2,Grocery,10043,2,176.85
167,Pickup,2025-12-08,1,Apparel,10135,0,0.0
214,Online,2025-11-24,2,Home,10153,1,20.17
249,Online,2025-12-08,1,Home,10165,3,316.39
143,Online,2025-11-03,1,Beauty,10151,4,406.23
148,InStore,2025-11-03,1,Home,10013,3,127.96
173,InStore,2025-12-15,1,Electronics,10046,0,0.0
168,InStore,2025-10-20,1,Beauty,10146,2,106.58
209,Pickup,2025-11-17,2,Electronics,10162,0,0.0
184,Online,2025-10-20,1,Home,10138,2,36.59
141,Pickup,2025-10-13,1,Home,10130,1,40.2
211,Pickup,2025-10-20,1,Beauty,10104,1,12.6
123,InStore,2025-11-17,1,Electronics,10026,1,115.23
127,Online,2025-11-10,2,Beauty,10086,3,38.95
120,InStore,2025-12-01,1,Beauty,10135,2,106.55
102,Online,2025-12-15,1,Home,10021,0,0.0
143,Online,2025-12-22,2,Grocery,10039,2,35.17
183,Online,2025-11-17,1,Apparel,10144,1,69.57
252,InStore,2025-12-22,1,Grocery,10100,3,37.17
136,Pickup,2025-11-17,3,Beauty,10155,0,0.0
225,InStore,2025-10-13,2,Home,10077,3,249.07
232,Pickup,2025-10-13,1,Beauty,10148,7,197.96
129,InStore,2025-12-08,2,Beauty,10120,0,0.0
241,Online,2025-10-27,1,Grocery,10084,2,182.21
211,InStore,2025-12-22,1,Beauty,10113,1,47.67
236,Pickup,2025-12-08,1,Grocery,10013,1,107.46
202,Online,2025-10-13,1,Electronics,10106,3,279.92
131,InStore,2025-12-22,1,Apparel,10156,0,0.0
152,Online,2025-11-17,2,Grocery,10040,0,0.0
131,Online,2025-12-01,1,Home,10013,2,227.47
176,InStore,2025-10-27,4,Home,10045,1,61.01
249,Pickup,2025-12-22,1,Home,10106,2,225.42
195,InStore,2025-12-15,2,Home,10146,2,102.14
246,Pickup,2025-10-06,1,Beauty,10028,3,354.65
243,InStore,2025-10-20,2,Electronics,10024,3,154.33
259,Online,2025-12-22,1,Apparel,10083,3,298.86
102,Pickup,2025-11-10,1,Grocery,10049,2,25.49
107,Online,2025-11-03,2,Home,10162,3,275.36
256,InStore,2025-11-17,1,Electronics,10170,2,48.47
212,Pickup,2025-10-27,2,Home,10157,2,195.34
247,Online,2025-10-13,1,Apparel,10106,1,64.84
180,InStore,2025-12-08,1,Home,10092,2,206.49
219,Pickup,2025-12-22,1,Grocery,10104,2,56.28
190,Pickup,2025-12-15,1,Beauty,10095,1,49.81
112,InStore,2025-12-08,1,Grocery,10007,4,341.36
100,Pickup,2025-10-13,1,Electronics,10054,1,34.33
238,Online,2025-11-24,2,Grocery,10138,2,151.94
171,Online,2025-10-06,2,Beauty,10055,1,40.05
113,Pickup,2025-11-24,1,Beauty,10167,0,0.0
190,Online,2025-12-15,1,Apparel,10144,3,287.22
257,Pickup,2025-11-10,1,Grocery,10049,2,144.5
138,Online,2025-10-06,2,Apparel,10012,2,117.94
232,InStore,2025-11-10,2,Apparel,10129,0,0.0
115,Online,2025-11-17,1,Apparel,10141,2,62.77
144,Pickup,2025-11-10,2,Home,10116,0,0.0
164,Pickup,2025-12-15,2,Electronics,10089,3,176.58
188,Pickup,2025-12-22,2,Apparel,10030,4,284.78
226,Online,2025-10-13,1,Electronics,10115,2,183.46
158,InStore,2025-11-24,1,Grocery,10081,2,97.53
205,InStore,2025-10-13,2,Apparel,10019,2,156.06
193,Pickup,2025-12-15,1,Apparel,10092,0,0.0
226,Online,2025-12-22,1,Apparel,10019,1,44.43
100,Pickup,2025-11-24,2,Home,10059,0,0.0
161,Pickup,2025-12-15,2,Grocery,10003,1,63.23
197,Online,2025-11-17,1,Home,10134,3,32.55
190,Pickup,2025-12-01,1,Beauty,10092,2,146.04
214,InStore,2025-11-24,2,Electronics,10150,2,54.43
217,InStore,2025-11-17,1,Grocery,10169,3,27.44
234,InStore,2025-12-01,1,Home,10153,1,118.92
236,InStore,2025-12-08,1,Grocery,10156,3,347.76
214,Online,2025-12-08,1,Electronics,10054,2,139.87
156,Online,2025-10-27,1,Grocery,10094,1,119.48
235,InStore,2025-12-15,2,Home,10170,2,230.54
125,Online,2025-11-03,1,Apparel,10021,1,73.15
190,InStore,2025-10-20,1,Apparel,10097,1,20.92
122,Pickup,2025-10-13,1,Beauty,10145,1,58.4
190,Pickup,2025-11-03,2,Home,10055,2,90.94
101,Pickup,2025-10-27,1,Grocery,10109,2,115.38
118,InStore,2025-10-06,1,Grocery,10036,1,9.79
135,Pickup,2025-10-13,1,Apparel,10018,3,39.84
118,Online,2025-11-17,3,Home,10009,1,106.14
196,InStore,2025-11-17,3,Home,10163,0,0.0
107,Pickup,2025-11-24,1,Grocery,10056,2,156.11
154,InStore,2025-12-08,1,Beauty,10034,2,57.78
255,Online,2025-12-01,2,Beauty,10138,2,66.83
175,InStore,2025-11-24,1,Grocery,10088,3,348.05
235,InStore,2025-12-22,1,Grocery,10067,1,19.86
219,Pickup,2025-11-03,4,Grocery,10148,4,362.26
256,Online,2025-11-24,1,Beauty,10109,0,0.0
130,Online,2025-10-20,1,Beauty,10097,3,31.63
185,InStore,2025-11-17,1,Apparel,10173,1,51.07
146,Pickup,2025-10-06,2,Electronics,10088,0,0.0
159,Online,2025-11-24,1,Grocery,10108,2,179.59
212,Pickup,2025-10-20,1,Electronics,10043,2,195.37
143,Online,2025-12-15,2,Home,10003,5,384.98
160,Pickup,2025-10-20,1,Electronics,10000,2,217.3
245,Online,2025-11-10,1,Home,10071,1,99.88
177,InStore,2025-12-15,1,Apparel,10143,2,158.27
238,Pickup,2025-10-13,2,Home,10157,4,153.63
187,InStore,2025-11-24,1,Apparel,10010,4,145.26
191,Online,2025-12-15,1,Apparel,10107,1,9.66
143,InStore,2025-10-20,2,Apparel,10117,4,247.64
222,Online,2025-11-10,1,Electronics,10000,5,309.72
114,Pickup,2025-10-13,1,Beauty,10166,2,23.41
259,InStore,2025-11-24,2,Home,10000,3,30.21
158,Pickup,2025-10-13,2,Beauty,10020,2,46.21
214,Pickup,2025-12-22,2,Home,10074,2,140.67
236,InStore,2025-11-24,1,Apparel,10153,2,168.66
140,Pickup,2025-12-15,1,Electronics,10042,0,0.0
182,Pickup,2025-10-06,2,Electronics,10073,2,231.1
122,InStore,2025-11-17,1,Beauty,10036,3,71.06
110,Online,2025-10-06,1,Home,10095,2,205.25
190,Online,2025-11-24,2,Electronics,10092,3,346.18
141,InStore,2025-11-03,2,Electronics,10033,3,42.25
154,InStore,2025-11-17,1,Beauty,10068,0,0.0
145,InStore,2025-11-24,1,Beauty,10033,3,54.28
162,InStore,2025-10-06,2,Grocery,10159,4,214.51
236,Online,2025-10-27,2,Apparel,10136,3,95.61
146,InStore,2025-11-24,2,Home,10044,0,0.0
147,Online,2025-10-20,1,Home,10064,3,167.64
185,Online,2025-10-13,2,Beauty,10133,1,15.87
164,Pickup,2025-10-13,1,Electronics,10168,1,102.18
200,Pickup,2025-11-17,1,Grocery,10166,2,139.21
232,InStore,2025-12-22,1,Beauty,10131,7,539.03
181,Online,2025-11-24,1,Electronics,10064,3,221.14
230,Pickup,2025-11-10,1,Electronics,10026,4,252.59
203,Online,2025-10-20,2,Electronics,10088,2,206.76
214,InStore,2025-12-08,2,Electronics,10054,2,231.34
255,InStore,2025-12-01,3,Grocery,10138,1,97.81
192,InStore,2025-12-15,1,Home,10067,4,304.12
201,InStore,2025-10-20,2,Apparel,10096,1,43.7
224,InStore,2025-12-22,1,Grocery,10103,3,196.16
102,Pickup,2025-12-22,1,Grocery,10178,1,108.88
231,Pickup,2025-12-15,2,Electronics,10056,1,58.92
194,Online,2025-12-22,1,Electronics,10142,0,0.0
188,Online,2025-11-03,2,Electronics,10031,3,55.17
141,Online,2025-10-20,2,Grocery,10058,3,209.15
247,InStore,2025-11-10,1,Home,10138,1,98.47
150,InStore,2025-12-08,1,Apparel,10118,2,113.13
197,Online,2025-10-13,1,Home,10047,1,112.21
200,Online,2025-12-08,2,Home,10121,2,230.71
193,InStore,2025-11-24,2,Apparel,10044,2,155.2
137,Online,2025-10-27,2,Beauty,10136,2,200.55
228,InStore,2025-10-13,1,Home,10025,3,249.72
192,InStore,2025-12-22,1,Home,10109,0,0.0
185,InStore,2025-12-15,2,Beauty,10164,0,0.0
103,InStore,2025-12-08,1,Apparel,10081,2,130.59
116,Pickup,2025-10-20,1,Beauty,10165,3,276.21
150,Pickup,2025-10-20,1,Beauty,10055,1,17.85
204,Pickup,2025-12-15,1,Electronics,10004,3,334.92
119,InStore,2025-10-06,1,Home,10084,2,71.05
114,Online,2025-10-27,1,Grocery,10099,4,74.43
242,InStore,2025-10-06,1,Apparel,10113,4,38.3
123,Pickup,2025-11-24,1,Apparel,10172,2,180.79
226,InStore,2025-12-22,1,Grocery,10156,0,0.0
238,Pickup,2025-10-20,1,Electronics,10060,2,49.59
200,Online,2025-12-15,2,Beauty,10086,0,0.0
206,Online,2025-10-13,1,Grocery,10058,2,117.3
168,Online,2025-12-08,1,Home,10068,2,82.72
241,InStore,2025-12-15,1,Beauty,10174,0,0.0
151,InStore,2025-11-10,1,Beauty,10069,1,93.99
192,InStore,2025-11-24,1,Grocery,10027,1,25.01
236,Pickup,2025-11-24,1,Grocery,10158,0,0.0
183,Pickup,2025-12-08,2,Home,10177,4,303.53
104,Pickup,2025-11-10,1,Home,10070,1,96.38
187,InStore,2025-11-17,1,Electronics,10102,6,466.33
116,Online,2025-12-08,2,Apparel,10173,1,17.29
153,Pickup,2025-11-03,2,Beauty,10007,1,55.29
131,Pickup,2025-10-06,1,Apparel,10101,1,34.74
161,InStore,2025-12-01,2,Grocery,10061,1,55.78
212,InStore,2025-11-17,2,Electronics,10070,3,114.94
229,Pickup,2025-10-13,1,Beauty,10031,2,103.25
164,Pickup,2025-10-13,2,Home,10168,4,137.26
107,Online,2025-12-08,1,Grocery,10009,2,222.04
152,InStore,2025-11-03,3,Beauty,10014,3,262.17
206,Pickup,2025-11-03,1,Grocery,10107,1,65.79
122,InStore,2025-12-08,1,Grocery,10046,2,65.99
197,InStore,2025-11-10,2,Electronics,10105,2,209.43
201,Pickup,2025-12-22,1,Home,10154,0,0.0
200,InStore,2025-11-10,1,Home,10014,2,205.96
206,InStore,2025-10-06,1,Apparel,10064,1,36.26
215,InStore,2025-11-24,2,Beauty,10125,3,314.33
169,Pickup,2025-11-03,1,Grocery,10114,6,141.6
177,Online,2025-11-03,1,Home,10082,0,0.0
128,Online,2025-11-24,1,Home,10102,4,324.62
120,Online,2025-12-22,3,Home,10087,0,0.0
220,InStore,2025-12-01,1,Beauty,10130,4,225.02
240,InStore,2025-10-27,2,Beauty,10166,2,217.3
152,Online,2025-11-24,3,Electronics,10001,0,0.0
242,Online,2025-10-13,2,Electronics,10169,2,182.47
256,InStore,2025-10-06,2,Home,10038,4,111.28
176,Online,2025-10-27,1,Grocery,10169,3,303.07
167,Online,2025-12-08,1,Apparel,10123,5,68.51
160,InStore,2025-12-08,1,Grocery,10167,3,356.68
240,InStore,2025-12-01,2,Beauty,10093,4,351.0
166,InStore,2025-10-20,1,Electronics,10081,0,0.0
144,InStore,2025-12-08,1,Beauty,10002,3,52.97
110,Online,2025-11-10,1,Electronics,10144,0,0.0
198,Online,2025-11-17,4,Electronics,10172,0,0.0
206,Pickup,2025-11-03,2,Electronics,10107,0,0.0
154,Online,2025-10-27,1,Home,10061,2,69.0
170,Online,2025-11-03,1,Electronics,10045,2,141.78
150,Online,2025-10-13,2,Home,10135,3,89.73
238,InStore,2025-11-24,1,Apparel,10005,5,289.64
128,InStore,2025-11-17,1,Apparel,10037,1,34.0
259,Pickup,2025-10-27,1,Apparel,10073,0,0.0
123,Pickup,2025-10-06,1,Grocery,10152,1,72.63
227,Pickup,2025-12-22,1,Grocery,10169,2,56.39
189,Online,2025-12-08,1,Home,10104,3,170.71
159,InStore,2025-12-01,1,Apparel,10117,4,142.06
167,Pickup,2025-11-10,1,Home,10176,1,52.92
241,Online,2025-12-01,1,Grocery,10043,1,43.76
133,InStore,2025-12-08,1,Grocery,10020,3,188.05
136,Pickup,2025-12-01,1,Apparel,10082,2,212.16
187,InStore,2025-12-01,1,Beauty,10019,1,97.81
177,Pickup,2025-12-15,1,Beauty,10171,2,98.72
112,Online,2025-11-03,3,Beauty,10024,1,84.63
126,Online,2025-12-01,1,Electronics,10144,2,95.73
138,Online,2025-12-08,1,Apparel,10087,1,91.04
155,Online,2025-11-10,1,Apparel,10005,2,58.25
233,Pickup,2025-12-01,2,Grocery,10124,2,173.94
122,Online,2025-12-08,1,Apparel,10054,2,55.75
209,InStore,2025-12-15,1,Apparel,10053,3,318.61
146,Pickup,2025-10-13,1,Home,10101,4,348.66
188,InStore,2025-10-13,1,Electronics,10015,0,0.0
254,Pickup,2025-10-13,1,Beauty,10163,2,45.18
230,Online,2025-10-20,3,Beauty,10102,1,34.05
114,Online,2025-10-27,1,Beauty,10095,1,23.39
231,InStore,2025-10-13,1,Grocery,10116,3,262.75
228,Pickup,2025-12-15,1,Electronics,10062,3,288.41
189,InStore,2025-11-10,1,Electronics,10097,0,0.0
241,InStore,2025-12-08,2,Beauty,10002,5,377.56
212,Online,2025-12-15,2,Beauty,10010,1,38.09
137,Online,2025-12-15,2,Beauty,10070,1,57.42
248,Pickup,2025-12-22,1,Apparel,10031,3,39.14
256,Online,2025-10-06,1,Grocery,10102,2,98.46
147,Online,2025-12-01,2,Apparel,10126,1,51.26
123,Online,2025-10-20,1,Electronics,10149,3,199.95
108,Pickup,2025-12-22,1,Beauty,10102,3,143.45
195,Pickup,2025-12-15,1,Apparel,10073,5,466.38
162,InStore,2025-11-17,1,Electronics,10020,2,221.5
202,InStore,2025-10-13,1,Grocery,10097,1,45.61
234,Online,2025-10-13,1,Electronics,10111,1,92.81
200,Pickup,2025-12-08,1,Home,10026,2,147.17
171,Online,2025-12-01,1,Beauty,10020,5,419.6
116,InStore,2025-12-15,2,Grocery,10086,1,66.33
131,Online,2025-12-22,1,Home,10091,0,0.0
104,Pickup,2025-10-13,1,Beauty,10123,4,58.43
213,Online,2025-10-20,1,Grocery,10041,1,41.98
138,Online,2025-12-15,1,Grocery,10116,1,22.46
121,InStore,2025-12-08,1,Grocery,10075,1,75.16
132,Pickup,2025-12-01,1,Beauty,10046,1,110.33
122,Online,2025-10-20,1,Beauty,10030,1,57.51
225,InStore,2025-11-24,2,Beauty,10126,2,39.55
158,Online,2025-12-01,1,Beauty,10061,0,0.0
140,Online,2025-10-20,1,Apparel,10063,2,31.34
137,InStore,2025-12-22,1,Home,10001,0,0.0
250,InStore,2025-10-27,1,Grocery,10109,3,102.94
216,Pickup,2025-12-22,1,Beauty,10146,1,12.02
212,InStore,2025-12-15,1,Electronics,10065,2,224.11
193,Online,2025-10-06,1,Electronics,10068,4,274.12
222,Pickup,2025-10-06,1,Electronics,10109,3,357.11
175,InStore,2025-11-03,3,Electronics,10015,2,60.76
193,Pickup,2025-11-24,3,Apparel,10044,2,174.52
100,InStore,2025-11-10,2,Apparel,10159,0,0.0
164,Online,2025-11-10,1,Apparel,10100,4,457.28
203,InStore,2025-12-15,1,Home,10078,5,296.89
212,Pickup,2025-12-22,1,Apparel,10085,1,53.06
165,Pickup,2025-12-22,1,Grocery,10022,3,348.67
145,Online,2025-11-24,1,Grocery,10087,2,91.35
254,Pickup,2025-10-27,1,Electronics,10031,2,121.17
202,Pickup,2025-10-20,1,Grocery,10109,1,28.69
185,InStore,2025-11-24,1,Electronics,10159,1,70.47
182,Online,2025-10-27,1,Grocery,10054,3,330.5
214,InStore,2025-10-20,1,Grocery,10092,2,155.44
152,Online,2025-10-13,2,Beauty,10155,2,29.27
160,InStore,2025-11-03,1,Grocery,10167,6,335.57
103,InStore,2025-11-24,1,Apparel,10086,3,180.66
125,Pickup,2025-11-10,2,Apparel,10122,3,107.16
174,Online,2025-11-03,2,Electronics,10157,2,176.34
161,Online,2025-10-27,1,Electronics,10148,4,225.38
163,Pickup,2025-10-06,2,Grocery,10032,2,96.01
204,InStore,2025-10-06,3,Beauty,10050,2,129.55
183,InStore,2025-12-22,2,Home,10004,2,111.92
155,Pickup,2025-12-01,2,Home,10035,1,118.91
199,Online,2025-11-17,1,Grocery,10089,3,189.1
138,Online,2025-12-08,2,Beauty,10082,1,92.78
137,Pickup,2025-12-08,1,Home,10061,0,0.0
232,Pickup,2025-11-17,1,Electronics,10173,2,51.76
143,InStore,2025-12-08,1,Apparel,10137,2,78.95
177,Online,2025-11-03,2,Electronics,10119,1,86.88
212,Online,2025-11-03,1,Electronics,10162,1,31.3
137,Pickup,2025-12-01,2,Apparel,10097,2,239.28
112,InStore,2025-12-01,2,Apparel,10006,2,26.17
218,InStore,2025-11-24,1,Apparel,10048,1,22.89
127,Pickup,2025-11-03,1,Grocery,10008,2,182.77
241,Pickup,2025-10-20,1,Home,10003,3,299.08
152,Online,2025-10-27,1,Apparel,10072,1,13.34
194,Pickup,2025-11-10,1,Beauty,10032,1,103.42
141,Online,2025-11-17,1,Beauty,10153,1,62.04
163,InStore,2025-10-06,1,Grocery,10061,2,183.14
129,Online,2025-11-03,1,Apparel,10033,1,67.4
233,InStore,2025-12-15,1,Apparel,10147,0,0.0
107,Online,2025-10-20,1,Electronics,10044,3,244.51
171,Online,2025-10-20,1,Apparel,10132,3,220.64
246,Online,2025-11-10,1,Electronics,10134,0,0.0
110,Online,2025-10-06,1,Electronics,10128,1,56.58
215,Online,2025-12-01,1,Apparel,10002,4,77.02
239,InStore,2025-12-15,1,Beauty,10148,0,0.0
200,Pickup,2025-11-10,2,Apparel,10014,1,93.57
158,Pickup,2025-11-10,1,Electronics,10114,2,195.3
248,InStore,2025-12-01,1,Grocery,10141,2,55.19
201,InStore,2025-12-22,1,Beauty,10127,0,0.0
165,InStore,2025-11-17,1,Grocery,10046,2,98.23
105,InStore,2025-11-03,1,Electronics,10119,2,193.88
208,Pickup,2025-11-03,1,Apparel,10069,3,240.02
256,Pickup,2025-11-10,1,Beauty,10094,0,0.0
199,Pickup,2025-10-20,1,Electronics,10101,1,61.91
132,Pickup,2025-12-15,1,Grocery,10043,0,0.0
101,Online,2025-11-03,2,Home,10056,0,0.0
215,InStore,2025-12-01,1,Electronics,10028,1,47.98
122,InStore,2025-10-20,1,Apparel,10149,2,164.52
219,Online,2025-12-22,1,Electronics,10046,2,101.68
245,InStore,2025-12-15,1,Electronics,10046,2,189.18
147,Pickup,2025-12-15,2,Beauty,10017,2,93.94
133,Pickup,2025-12-01,1,Electronics,10092,3,83.39
180,InStore,2025-11-03,1,Apparel,10159,3,94.05
215,Pickup,2025-11-10,1,Apparel,10159,5,530.27
144,InStore,2025-12-22,3,Beauty,10041,1,10.39
143,Online,2025-12-01,1,Grocery,10069,2,114.66
120,Online,2025-12-08,1,Electronics,10133,1,112.04
114,InStore,2025-12-15,2,Beauty,10078,1,26.45
149,Online,2025-12-01,1,Beauty,10017,3,161.53
187,Online,2025-10-27,2,Apparel,10036,1,43.14
211,InStore,2025-11-03,1,Beauty,10140,0,0.0
159,Online,2025-12-08,2,Electronics,10166,1,17.65
189,Pickup,2025-10-20,2,Electronics,10025,3,278.28
187,Online,2025-10-06,1,Apparel,10003,2,237.9
201,InStore,2025-12-22,2,Grocery,10127,1,28.88
176,InStore,2025-12-01,1,Home,10086,1,35.98
233,Pickup,2025-10-27,1,Home,10116,1,29.01
139,Pickup,2025-12-01,1,Electronics,10091,3,223.86
127,Pickup,2025-11-24,2,Electronics,10113,4,196.32
230,Pickup,2025-12-15,2,Electronics,10022,2,86.03
170,Online,2025-10-13,1,Home,10081,1,48.95
169,Pickup,2025-11-03,1,Grocery,10014,0,0.0
174,Pickup,2025-11-10,2,Apparel,10105,3,262.62
195,InStore,2025-12-15,2,Beauty,10050,2,23.74
160,Pickup,2025-12-08,1,Grocery,10067,3,184.38
188,Pickup,2025-10-27,1,Beauty,10124,3,228.94
240,Pickup,2025-12-22,2,Electronics,10044,1,103.96
203,InStore,2025-11-24,3,Beauty,10121,4,161.89
239,Online,2025-12-15,1,Apparel,10136,3,358.6
140,InStore,2025-12-01,1,Grocery,10071,0,0.0
128,Online,2025-11-24,1,Home,10175,0,0.0
106,Pickup,2025-11-10,1,Grocery,10048,2,80.34
172,InStore,2025-12-08,1,Grocery,10027,7,653.58
120,Online,2025-12-15,1,Electronics,10118,0,0.0
175,Online,2025-11-03,1,Grocery,10069,3,46.95
219,Online,2025-11-03,5,Electronics,10148,3,49.06
154,Online,2025-11-17,2,Grocery,10071,1,95.39
255,InStore,2025-11-17,2,Beauty,10003,2,82.78
248,Online,2025-11-03,2,Home,10097,4,245.18
147,InStore,2025-10-20,2,Grocery,10064,0,0.0
108,InStore,2025-11-24,1,Beauty,10136,2,25.95
175,Online,2025-10-20,1,Grocery,10054,0,0.0
148,Pickup,2025-10-20,1,Electronics,10172,2,29.34
246,Online,2025-11-24,1,Apparel,10163,0,0.0
171,InStore,2025-12-08,1,Grocery,10126,3,210.05
214,Pickup,2025-10-13,1,Electronics,10049,3,216.78
150,Online,2025-12-08,1,Electronics,10019,3,51.11
163,Online,2025-10-06,2,Beauty,10119,7,665.93
256,Pickup,2025-10-06,2,Apparel,10102,3,249.71
205,Online,2025-11-10,1,Beauty,10150,4,168.65
168,InStore,2025-11-10,1,Beauty,10048,7,175.91
227,Online,2025-12-08,2,Electronics,10069,0,0.0
235,Online,2025-12-15,2,Apparel,10079,2,47.92
180,Pickup,2025-10-20,2,Grocery,10144,4,187.68
255,Online,2025-10-06,1,Beauty,10122,1,72.28
236,Pickup,2025-11-03,1,Electronics,10165,1,81.4
201,Pickup,2025-10-20,1,Electronics,10044,2,128.54
116,Online,2025-11-24,1,Grocery,10086,3,203.12
112,Pickup,2025-11-17,1,Grocery,10036,4,456.8
108,InStore,2025-12-22,1,Apparel,10159,3,164.01
151,InStore,2025-11-03,1,Grocery,10010,5,535.6
198,Pickup,2025-12-08,1,Home,10015,2,56.39
162,Online,2025-12-01,1,Electronics,10042,0,0.0
147,Pickup,2025-12-15,3,Electronics,10006,0,0.0
240,Online,2025-12-15,1,Electronics,10049,3,242.99
254,Online,2025-11-17,2,Home,10082,0,0.0
127,Pickup,2025-11-03,1,Electronics,10010,2,189.3
233,Pickup,2025-11-24,1,Beauty,10021,4,433.29
223,Online,2025-10-06,1,Beauty,10032,0,0.0
139,InStore,2025-11-03,1,Apparel,10043,0,0.0
182,Pickup,2025-12-22,1,Home,10123,2,49.42
187,Pickup,2025-11-24,1,Home,10102,1,34.77
161,Online,2025-12-08,2,Home,10060,2,199.9
207,InStore,2025-11-10,3,Electronics,10090,3,110.64
143,Pickup,2025-11-24,1,Electronics,10130,1,110.46
175,InStore,2025-10-06,1,Electronics,10174,2,205.84
167,Online,2025-11-10,1,Apparel,10056,1,79.59
207,InStore,2025-11-03,2,Beauty,10158,1,43.57
229,Pickup,2025-10-20,2,Grocery,10103,0,0.0
188,Pickup,2025-10-27,1,Beauty,10173,2,217.31
211,Online,2025-11-17,1,Grocery,10004,3,351.76
174,InStore,2025-12-22,1,Electronics,10039,3,179.96
100,Pickup,2025-12-08,1,Beauty,10077,2,78.3
258,Pickup,2025-10-13,1,Beauty,10050,5,512.91
132,Pickup,2025-12-08,1,Home,10126,6,472.4
118,InStore,2025-11-10,1,Grocery,10063,1,42.69
238,Online,2025-10-06,1,Electronics,10121,2,156.95
219,InStore,2025-12-15,1,Home,10024,3,208.55
122,Online,2025-11-10,1,Home,10091,1,82.7
160,Online,2025-10-20,3,Beauty,10044,4,396.34
168,Pickup,2025-10-27,4,Electronics,10098,1,68.98
165,Online,2025-11-10,1,Beauty,10131,2,137.29
219,Online,2025-12-15,1,Home,10049,1,13.86
132,Online,2025-12-15,2,Home,10043,3,139.98
220,InStore,2025-12-22,1,Grocery,10025,2,117.96
131,Pickup,2025-12-01,2,Home,10093,2,179.52
160,Online,2025-12-22,1,Apparel,10028,3,234.99
138,Pickup,2025-12-08,3,Electronics,10082,1,19.91
104,InStore,2025-10-06,1,Apparel,10020,2,183.33
131,Online,2025-11-24,1,Grocery,10133,1,61.83
237,Online,2025-12-08,2,Apparel,10069,1,86.94
158,Online,2025-12-01,3,Electronics,10143,1,102.16
179,InStore,2025-12-15,3,Apparel,10098,2,20.04
104,Online,2025-12-08,2,Beauty,10034,2,117.82
169,Online,2025-10-20,2,Home,10071,4,449.07
145,Pickup,2025-12-08,1,Home,10097,2,153.71
191,InStore,2025-12-22,1,Home,10062,4,389.1
235,InStore,2025-11-03,1,Electronics,10094,2,176.01
114,Online,2025-11-10,1,Beauty,10081,2,167.26
237,Pickup,2025-11-10,2,Electronics,10035,1,81.79
104,InStore,2025-10-20,1,Grocery,10123,3,159.13
106,InStore,2025-10-20,2,Apparel,10056,0,0.0
121,Online,2025-11-24,2,Beauty,10117,2,32.01
146,Pickup,2025-10-06,3,Beauty,10088,0,0.0
201,InStore,2025-11-03,1,Grocery,10102,2,115.93
177,Online,2025-10-27,1,Electronics,10112,3,81.26
117,InStore,2025-12-15,1,Beauty,10122,3,243.5
223,Pickup,2025-12-15,2,Apparel,10042,3,140.86
138,InStore,2025-12-08,2,Apparel,10087,4,167.12
187,Online,2025-12-15,2,Electronics,10161,3,305.21
208,InStore,2025-12-01,1,Apparel,10007,3,318.47
128,InStore,2025-12-22,1,Beauty,10045,0,0.0
229,Online,2025-10-13,1,Electronics,10167,2,87.05
153,Pickup,2025-12-01,2,Home,10118,0,0.0
187,InStore,2025-10-27,1,Grocery,10049,4,103.47
135,Online,2025-10-13,1,Apparel,10076,1,10.7
132,Pickup,2025-10-13,1,Home,10003,1,74.33
246,InStore,2025-10-20,2,Apparel,10090,4,351.41
228,Online,2025-11-17,1,Grocery,10078,3,49.72
131,Pickup,2025-11-24,1,Beauty,10007,1,94.49
238,InStore,2025-11-03,1,Electronics,10074,3,290.11
150,InStore,2025-11-24,1,Grocery,10006,3,34.22
161,InStore,2025-11-03,2,Apparel,10005,2,217.76
121,Online,2025-11-24,2,Electronics,10024,1,65.13
257,Online,2025-11-10,1,Beauty,10082,1,73.23
115,InStore,2025-10-20,2,Home,10102,2,20.83
201,Online,2025-12-15,1,Beauty,10103,2,33.06
174,Pickup,2025-12-15,1,Home,10126,3,152.97
226,InStore,2025-10-20,2,Grocery,10126,2,159.83
196,Pickup,2025-11-17,1,Grocery,10017,0,0.0
231,Online,2025-10-20,3,Electronics,10007,1,45.35
125,InStore,2025-10-13,1,Home,10105,0,0.0
182,Online,2025-11-10,1,Home,10035,2,167.82
119,Pickup,2025-12-22,1,Beauty,10158,0,0.0
190,Pickup,2025-11-03,1,Home,10037,3,125.1
137,InStore,2025-10-20,1,Grocery,10133,4,352.8
180,InStore,2025-11-17,1,Home,10153,2,86.96
181,Online,2025-10-06,1,Home,10116,4,130.5
186,Pickup,2025-12-08,1,Electronics,10097,2,146.52
237,InStore,2025-12-22,1,Home,10022,0,0.0
226,InStore,2025-11-10,1,Home,10163,0,0.0
233,InStore,2025-11-24,1,Home,10034,1,51.35
182,Pickup,2025-10-20,1,Electronics,10095,3,347.9
242,Pickup,2025-10-13,1,Beauty,10118,5,336.24
220,Pickup,2025-12-22,2,Beauty,10025,4,106.54
245,Pickup,2025-10-20,1,Beauty,10072,1,104.14
168,InStore,2025-10-06,1,Beauty,10125,5,414.24
133,Online,2025-10-27,1,Electronics,10032,3,164.71
127,Pickup,2025-12-08,1,Apparel,10060,1,64.87
113,InStore,2025-12-22,1,Home,10089,2,82.32
183,InStore,2025-11-24,1,Home,10179,6,469.47
195,Online,2025-12-15,1,Apparel,10152,2,207.43
199,Online,2025-11-03,2,Electronics,10161,2,88.55
138,InStore,2025-11-10,1,Home,10168,3,75.29
143,InStore,2025-10-06,2,Beauty,10123,2,119.69
103,Online,2025-12-22,2,Beauty,10128,0,0.0
233,Pickup,2025-11-24,2,Beauty,10021,2,178.77
214,Pickup,2025-12-15,1,Home,10105,2,30.21
171,Pickup,2025-10-27,1,Apparel,10055,5,345.02
180,Pickup,2025-10-13,2,Apparel,10088,3,171.87
250,Online,2025-11-10,1,Grocery,10079,4,209.51
129,InStore,2025-11-10,2,Apparel,10032,4,349.72
125,Pickup,2025-11-10,3,Apparel,10122,0,0.0
171,Pickup,2025-10-27,1,Electronics,10049,3,313.94
237,Pickup,2025-12-08,3,Home,10069,2,159.56
212,Pickup,2025-10-27,1,Home,10014,2,79.78
185,Online,2025-11-24,2,Grocery,10101,1,102.4
203,Pickup,2025-11-24,1,Apparel,10104,0,0.0
167,InStore,2025-10-27,1,Beauty,10105,2,233.25
226,Online,2025-11-17,1,Apparel,10165,1,92.33
236,Online,2025-12-08,2,Electronics,10115,2,164.09
225,Online,2025-12-22,2,Apparel,10087,6,469.37
256,InStore,2025-11-03,1,Apparel,10173,3,191.61
112,InStore,2025-10-20,1,Apparel,10118,1,94.31
177,InStore,2025-10-27,1,Beauty,10059,3,57.9
218,InStore,2025-11-17,1,Grocery,10043,1,17.97
175,Online,2025-11-03,4,Grocery,10015,0,0.0
231,Pickup,2025-12-22,1,Beauty,10179,1,95.5
241,Pickup,2025-10-27,2,Grocery,10056,1,8.81
167,Pickup,2025-12-15,1,Beauty,10013,2,36.66
251,Pickup,2025-12-15,1,Grocery,10039,2,120.61
237,Online,2025-11-24,1,Grocery,10027,4,413.17
121,Pickup,2025-12-15,2,Grocery,10062,2,43.8
175,InStore,2025-11-03,1,Home,10160,1,12.06
139,InStore,2025-10-13,1,Apparel,10038,4,93.81
113,Pickup,2025-10-20,2,Grocery,10081,2,113.94
179,Online,2025-11-24,1,Apparel,10138,3,232.33
154,InStore,2025-12-22,1,Grocery,10141,6,185.14
167,InStore,2025-12-15,1,Beauty,10064,2,93.16
107,Pickup,2025-11-24,2,Beauty,10056,1,64.59
114,Online,2025-11-24,1,Apparel,10179,1,106.22
207,InStore,2025-12-08,1,Home,10171,1,54.24
124,Online,2025-11-17,1,Electronics,10130,2,234.0
172,InStore,2025-11-24,2,Electronics,10019,4,313.38
196,InStore,2025-11-10,1,Grocery,10171,1,75.98
219,Online,2025-10-13,2,Apparel,10055,3,95.4
193,Online,2025-10-06,2,Grocery,10134,2,58.44
125,Pickup,2025-11-17,1,Grocery,10100,1,34.91
113,Pickup,2025-11-03,1,Home,10126,2,86.05
249,Online,2025-10-27,1,Grocery,10143,3,334.58
142,InStore,2025-11-10,1,Electronics,10151,0,0.0
256,Pickup,2025-11-03,2,Beauty,10173,0,0.0
215,Online,2025-12-01,1,Beauty,10050,0,0.0
167,InStore,2025-12-01,1,Grocery,10000,1,12.15
127,Online,2025-12-08,1,Home,10061,1,119.84
129,Pickup,2025-12-01,1,Apparel,10044,0,0.0
196,Pickup,2025-11-17,4,Apparel,10163,1,77.82
212,Online,2025-11-03,1,Grocery,10000,6,352.34
127,Pickup,2025-11-24,2,Apparel,10043,4,418.52
117,Online,2025-12-22,1,Electronics,10037,4,95.91
191,Online,2025-10-20,1,Apparel,10073,3,224.96
116,Online,2025-12-15,1,Electronics,10143,1,111.35
152,InStore,2025-10-06,1,Apparel,10160,2,128.41
156,InStore,2025-12-01,4,Electronics,10014,5,487.43
149,Pickup,2025-12-22,1,Grocery,10057,3,161.72
242,Online,2025-10-20,1,Beauty,10111,1,38.62
153,Pickup,2025-10-06,1,Grocery,10060,0,0.0
225,Pickup,2025-11-17,1,Grocery,10057,2,46.0
249,Pickup,2025-12-22,1,Home,10048,2,28.01
206,Online,2025-12-22,1,Apparel,10152,2,203.94
201,Pickup,2025-10-06,1,Apparel,10032,1,62.4
186,Pickup,2025-10-06,1,Electronics,10158,2,176.14
167,Pickup,2025-11-10,1,Apparel,10147,1,36.65
116,InStore,2025-11-10,1,Grocery,10134,1,44.63
229,Online,2025-10-06,1,Electronics,10030,0,0.0
202,Online,2025-12-08,1,Beauty,10131,2,68.57
156,Online,2025-12-08,1,Electronics,10124,3,52.32
117,Pickup,2025-12-22,1,Beauty,10029,1,67.76
250,InStore,2025-10-06,1,Electronics,10177,1,55.18
113,InStore,2025-12-15,2,Home,10119,2,39.62
229,Pickup,2025-12-08,1,Grocery,10053,2,132.68
135,InStore,2025-11-24,2,Apparel,10160,1,98.49
124,Pickup,2025-10-06,1,Home,10133,0,0.0
136,Pickup,2025-11-10,2,Home,10132,3,113.76
196,InStore,2025-11-10,1,Beauty,10094,2,197.31
164,Online,2025-10-27,1,Electronics,10047,1,69.39
115,Online,2025-10-20,1,Apparel,10022,4,394.33
183,InStore,2025-11-10,3,Electronics,10069,2,69.66
117,Online,2025-12-08,1,Home,10006,2,101.88
128,Online,2025-11-24,1,Apparel,10039,4,93.37
124,Pickup,2025-12-22,2,Apparel,10125,4,32.7
246,Pickup,2025-12-01,3,Electronics,10124,2,226.3
197,InStore,2025-10-20,1,Apparel,10118,2,24.81
105,InStore,2025-12-15,1,Beauty,10170,0,0.0
136,InStore,2025-11-03,1,Apparel,10100,1,85.62
140,InStore,2025-11-10,1,Electronics,10113,2,87.45
159,Online,2025-11-03,2,Beauty,10043,0,0.0
238,InStore,2025-12-15,2,Electronics,10160,1,42.8
151,Pickup,2025-10-27,1,Electronics,10015,7,178.06
140,Online,2025-11-10,2,Electronics,10113,1,113.97
165,InStore,2025-12-15,3,Grocery,10008,2,125.3
209,Online,2025-10-06,1,Grocery,10110,2,55.74
116,InStore,2025-11-03,1,Home,10138,3,220.31
189,Pickup,2025-12-22,1,Electronics,10035,1,97.61
185,Online,2025-10-13,2,Grocery,10173,2,135.01
111,Pickup,2025-10-13,1,Grocery,10021,3,62.17
221,Pickup,2025-10-13,4,Home,10130,3,79.59
104,InStore,2025-11-17,2,Apparel,10159,2,106.46
258,Online,2025-10-13,1,Beauty,10104,3,31.94
136,InStore,2025-11-24,1,Electronics,10002,2,233.04
187,InStore,2025-10-20,2,Home,10130,0,0.0
163,Pickup,2025-11-03,2,Apparel,10177,2,50.19
178,Pickup,2025-10-06,1,Apparel,10069,2,117.18
231,InStore,2025-12-15,1,Beauty,10090,3,27.62
251,Pickup,2025-12-01,1,Beauty,10172,0,0.0
158,Online,2025-12-08,2,Electronics,10091,4,73.45
205,Pickup,2025-12-22,1,Beauty,10117,0,0.0
137,Online,2025-11-10,1,Electronics,10064,0,0.0
166,Online,2025-10-20,2,Apparel,10081,1,89.61
206,Online,2025-10-27,1,Apparel,10147,3,91.09
190,InStore,2025-11-03,3,Electronics,10055,4,45.8
107,Pickup,2025-10-13,1,Beauty,10149,7,363.78
143,Online,2025-11-03,1,Home,10046,3,255.79
179,Online,2025-12-22,2,Grocery,10099,0,0.0
123,InStore,2025-12-01,2,Home,10159,2,221.22
183,Online,2025-10-06,1,Beauty,10051,4,437.57
158,Pickup,2025-10-27,1,Beauty,10116,4,283.81
173,InStore,2025-12-08,2,Electronics,10076,1,23.41
150,Pickup,2025-11-24,1,Grocery,10065,0,0.0
193,Online,2025-12-08,1,Grocery,10106,0,0.0
241,Pickup,2025-10-06,1,Home,10000,2,33.31
161,Pickup,2025-11-17,1,Beauty,10107,1,36.28
200,InStore,2025-12-08,3,Grocery,10121,1,94.53
233,Pickup,2025-11-10,1,Home,10122,2,40.22
172,Pickup,2025-12-15,1,Grocery,10060,3,71.37
169,Online,2025-10-27,1,Beauty,10159,3,251.59
160,Pickup,2025-12-22,1,Beauty,10035,2,20.98
150,InStore,2025-12-22,2,Beauty,10122,3,31.41
164,InStore,2025-10-20,1,Electronics,10011,2,223.99
116,InStore,2025-12-08,1,Apparel,10117,1,16.85
171,Online,2025-10-27,1,Home,10013,4,218.31
222,Pickup,2025-10-13,2,Beauty,10125,1,30.21
240,InStore,2025-12-15,2,Apparel,10049,3,26.5
148,Pickup,2025-11-03,1,Home,10105,4,351.62
142,Pickup,2025-12-01,1,Grocery,10174,1,86.44
111,Pickup,2025-12-22,2,Home,10033,2,210.62
189,InStore,2025-11-24,1,Beauty,10045,3,26.33
172,Pickup,2025-12-22,2,Home,10050,1,63.81
252,InStore,2025-10-27,2,Home,10091,4,449.62
159,Pickup,2025-12-22,1,Home,10143,3,265.32
255,Pickup,2025-11-10,1,Beauty,10096,0,0.0
186,Pickup,2025-12-22,2,Apparel,10152,3,137.83
212,InStore,2025-12-15,1,Beauty,10166,0,0.0
170,Online,2025-10-27,1,Home,10042,2,125.88
104,Pickup,2025-11-17,3,Home,10083,1,93.73
137,InStore,2025-12-01,1,Grocery,10178,2,110.12
121,Pickup,2025-11-03,1,Electronics,10050,1,56.84
120,Online,2025-12-08,2,Apparel,10090,0,0.0
107,InStore,2025-10-20,2,Home,10021,1,52.95
181,Pickup,2025-12-01,1,Electronics,10164,0,0.0
110,InStore,2025-11-24,1,Beauty,10106,2,190.32
133,Pickup,2025-10-27,1,Apparel,10041,3,131.75
248,InStore,2025-10-20,1,Home,10142,5,276.74
178,InStore,2025-11-17,1,Beauty,10002,1,27.61
232,InStore,2025-12-15,1,Grocery,10003,4,193.0
224,Pickup,2025-12-22,2,Apparel,10103,0,0.0
235,InStore,2025-12-15,1,Apparel,10153,2,73.71
182,InStore,2025-10-27,1,Beauty,10108,3,358.29
152,InStore,2025-12-01,1,Electronics,10122,2,153.13
101,Online,2025-11-24,1,Beauty,10109,6,510.75
208,Online,2025-11-17,2,Home,10162,5,100.03
100,InStore,2025-10-27,2,Home,10019,1,25.44
225,Online,2025-10-20,2,Apparel,10094,0,0.0
228,InStore,2025-10-27,1,Grocery,10124,3,98.61
114,Online,2025-10-20,1,Electronics,10031,2,153.52
229,Online,2025-10-20,1,Home,10088,1,24.2
159,Online,2025-11-24,1,Electronics,10068,4,158.87
186,Pickup,2025-11-24,2,Beauty,10022,0,0.0
157,Online,2025-10-27,1,Grocery,10166,1,71.47
124,InStore,2025-10-27,1,Apparel,10065,1,43.9
215,Pickup,2025-11-24,1,Apparel,10152,0,0.0
252,InStore,2025-12-22,1,Electronics,10031,1,45.32
174,Pickup,2025-12-08,1,Beauty,10157,3,300.01
131,Online,2025-12-01,2,Electronics,10013,2,196.11
196,Online,2025-11-17,2,Home,10017,4,102.33
109,Online,2025-10-13,2,Electronics,10154,1,85.23
161,Online,2025-10-06,1,Electronics,10028,4,58.24
113,Online,2025-10-13,1,Home,10095,3,172.2
157,InStore,2025-11-10,1,Beauty,10149,2,176.94
120,Pickup,2025-10-27,1,Grocery,10046,2,131.68
174,Pickup,2025-11-03,3,Beauty,10157,2,191.82
181,Pickup,2025-12-15,1,Home,10132,2,147.31
141,Pickup,2025-11-03,1,Apparel,10133,1,70.7
251,Pickup,2025-12-15,2,Electronics,10053,1,82.64
180,Pickup,2025-10-27,1,Apparel,10141,2,58.1
130,Online,2025-10-06,1,Beauty,10065,3,328.15
190,InStore,2025-11-24,1,Home,10132,1,53.4
104,Online,2025-11-03,1,Home,10145,4,80.71
251,InStore,2025-12-15,1,Apparel,10074,2,101.15
159,InStore,2025-12-15,1,Apparel,10025,0,0.0
245,Pickup,2025-11-10,2,Apparel,10019,3,185.18
152,Online,2025-10-13,1,Electronics,10173,1,97.29
102,Online,2025-10-20,1,Grocery,10129,3,310.85
249,Pickup,2025-10-13,1,Home,10105,4,48.93
244,Pickup,2025-10-06,1,Apparel,10069,3,115.28
217,Online,2025-12-22,1,Beauty,10175,0,0.0
197,Online,2025-11-17,1,Home,10176,2,235.44
137,InStore,2025-10-20,2,Apparel,10133,4,166.51
134,Pickup,2025-10-13,1,Beauty,10075,1,45.69
191,InStore,2025-12-01,1,Electronics,10171,3,206.45
256,Pickup,2025-11-24,2,Electronics,10109,2,207.09
140,Online,2025-10-06,1,Electronics,10116,3,172.52
143,InStore,2025-10-27,2,Apparel,10138,1,78.66
103,InStore,2025-10-20,2,Home,10017,1,63.36
161,Pickup,2025-11-03,2,Apparel,10100,1,31.3
209,InStore,2025-12-15,1,Beauty,10144,3,244.41
243,Online,2025-11-24,1,Home,10021,2,146.7
137,InStore,2025-11-24,1,Apparel,10125,0,0.0
157,Pickup,2025-11-10,1,Beauty,10086,3,318.8
152,Pickup,2025-12-15,3,Grocery,10111,4,38.53
125,Online,2025-10-27,1,Beauty,10163,0,0.0
248,InStore,2025-10-13,1,Beauty,10022,5,80.16
178,InStore,2025-10-27,1,Electronics,10161,4,216.47
185,Pickup,2025-11-17,1,Beauty,10012,2,156.29
241,InStore,2025-11-03,1,Electronics,10082,2,128.71
205,Pickup,2025-10-20,1,Home,10178,1,103.0
226,Pickup,2025-11-24,1,Beauty,10176,5,571.97
123,InStore,2025-12-01,3,Electronics,10159,3,203.97
152,Pickup,2025-11-03,1,Grocery,10040,2,221.86
148,InStore,2025-10-06,2,Apparel,10118,2,206.32
231,Pickup,2025-12-08,1,Home,10161,3,151.71
174,Pickup,2025-10-06,2,Beauty,10042,1,95.72
170,Online,2025-11-17,3,Home,10046,3,104.8
213,Online,2025-11-24,1,Home,10094,1,8.19
213,InStore,2025-11-24,1,Apparel,10052,2,178.4
142,InStore,2025-10-20,3,Home,10097,1,58.37
237,Pickup,2025-10-27,1,Grocery,10036,0,0.0
148,Online,2025-10-27,2,Apparel,10092,2,163.42
213,InStore,2025-12-15,1,Apparel,10074,7,585.26
220,Pickup,2025-11-03,1,Beauty,10016,1,68.05
215,Online,2025-10-13,2,Home,10170,6,282.51
114,Pickup,2025-10-27,2,Apparel,10095,0,0.0
158,Pickup,2025-10-20,1,Electronics,10052,4,72.0
184,Pickup,2025-11-10,1,Apparel,10043,0,0.0
130,Pickup,2025-12-15,2,Beauty,10127,3,303.95
102,Pickup,2025-12-08,1,Beauty,10051,1,89.34
179,Online,2025-12-01,1,Beauty,10172,3,169.08
201,Online,2025-12-22,3,Beauty,10127,2,135.91
257,InStore,2025-10-27,1,Beauty,10051,2,46.39
198,InStore,2025-11-10,2,Apparel,10082,3,56.98
176,InStore,2025-12-22,1,Apparel,10059,2,170.23
225,Pickup,2025-12-01,1,Grocery,10024,3,327.0
228,Online,2025-12-01,1,Apparel,10081,1,40.53
217,Online,2025-11-17,1,Grocery,10120,4,70.02
194,Online,2025-12-08,1,Electronics,10121,0,0.0
246,InStore,2025-11-17,2,Home,10157,2,202.82
169,InStore,2025-12-01,1,Beauty,10001,1,61.53
135,Pickup,2025-11-17,2,Apparel,10090,3,95.2
209,Pickup,2025-12-01,2,Apparel,10175,1,89.94
229,Online,2025-12-22,2,Electronics,10051,2,141.13
148,Pickup,2025-11-17,2,Apparel,10057,1,57.52
200,Online,2025-10-20,1,Grocery,10178,1,75.71
206,InStore,2025-10-20,2,Electronics,10066,1,83.11
226,Online,2025-11-10,1,Beauty,10170,3,282.62
162,Online,2025-12-22,2,Home,10030,3,63.2
149,Pickup,2025-12-22,1,Grocery,10033,2,113.18
199,InStore,2025-11-17,1,Beauty,10024,2,138.47
146,InStore,2025-12-08,1,Electronics,10022,0,0.0
246,Pickup,2025-12-22,1,Apparel,10040,0,0.0
203,Online,2025-11-03,1,Beauty,10110,0,0.0
186,InStore,2025-10-06,1,Electronics,10022,1,26.37
239,Pickup,2025-12-08,1,Beauty,10034,2,138.49
202,InStore,2025-10-13,2,Electronics,10097,2,77.34
126,InStore,2025-11-10,2,Beauty,10091,0,0.0
116,Online,2025-10-06,1,Home,10144,4,162.69
156,Pickup,2025-12-15,1,Grocery,10117,2,77.74
123,Online,2025-10-27,1,Beauty,10067,3,110.26
162,Online,2025-11-17,2,Grocery,10159,1,19.83
147,Pickup,2025-11-17,1,Beauty,10128,1,119.29
155,Online,2025-11-03,1,Electronics,10042,2,26.41
252,Online,2025-11-03,1,Grocery,10044,2,110.56
207,Pickup,2025-12-15,1,Electronics,10016,4,97.17
219,InStore,2025-12-01,1,Beauty,10043,3,134.14
227,Online,2025-10-27,2,Grocery,10179,4,461.47
222,Online,2025-10-06,2,Apparel,10137,0,0.0
102,InStore,2025-12-15,2,Grocery,10021,2,130.0
197,InStore,2025-10-13,1,Electronics,10033,2,79.93
159,Online,2025-12-08,1,Home,10039,1,54.48
109,Pickup,2025-10-06,3,Beauty,10108,0,0.0
116,InStore,2025-10-13,1,Home,10113,2,34.71
160,InStore,2025-12-08,1,Beauty,10091,2,165.01
191,InStore,2025-12-01,2,Electronics,10051,4,224.98
256,Online,2025-10-13,1,Grocery,10168,1,102.93
256,Online,2025-10-13,2,Home,10115,1,79.11
134,Online,2025-10-13,1,Beauty,10036,3,207.76
248,Online,2025-10-13,1,Electronics,10053,3,54.93
245,InStore,2025-10-06,2,Grocery,10067,2,147.03
171,Pickup,2025-10-27,1,Home,10118,3,56.29
212,Online,2025-12-22,1,Home,10161,2,232.89
107,Online,2025-10-20,1,Home,10048,0,0.0
191,Online,2025-12-08,1,Beauty,10047,4,280.92
158,InStore,2025-10-27,2,Beauty,10091,3,61.7
167,Pickup,2025-10-27,2,Home,10105,1,49.76
169,Pickup,2025-11-24,2,Beauty,10178,2,128.96
242,Online,2025-12-08,1,Home,10130,3,244.07
114,Pickup,2025-11-17,2,Electronics,10156,0,0.0
245,InStore,2025-12-08,1,Home,10012,4,195.01
107,InStore,2025-10-13,1,Grocery,10147,1,47.1
202,Online,2025-11-10,1,Grocery,10162,0,0.0
187,InStore,2025-12-01,1,Apparel,10004,0,0.0
183,InStore,2025-12-08,1,Home,10078,2,210.58
200,Pickup,2025-12-08,1,Home,10092,2,39.33
102,Pickup,2025-11-10,2,Apparel,10049,1,93.79
141,Pickup,2025-11-10,2,Beauty,10036,1,9.04
136,Online,2025-10-06,1,Electronics,10146,2,128.37
221,InStore,2025-10-13,1,Grocery,10005,4,196.37
116,InStore,2025-12-22,1,Apparel,10064,2,107.02
238,Online,2025-10-06,1,Beauty,10103,4,158.41
228,Pickup,2025-10-27,1,Apparel,10035,4,218.18
232,InStore,2025-12-15,1,Electronics,10092,0,0.0
155,Online,2025-12-22,1,Apparel,10179,4,396.43
136,Online,2025-12-01,2,Electronics,10075,4,166.18
179,Pickup,2025-12-01,1,Home,10027,2,190.48
216,Online,2025-11-17,1,Beauty,10124,0,0.0
153,InStore,2025-12-08,1,Home,10046,0,0.0
238,Online,2025-10-06,2,Apparel,10121,1,90.63
127,InStore,2025-11-03,2,Apparel,10008,5,227.42
168,Online,2025-11-24,1,Beauty,10120,1,30.64
212,Pickup,2025-11-24,2,Home,10143,1,44.12
253,Pickup,2025-12-01,1,Home,10141,4,62.27
199,Online,2025-10-13,1,Grocery,10011,2,151.7
149,Online,2025-10-13,1,Grocery,10127,2,113.39
157,InStore,2025-11-10,1,Grocery,10125,0,0.0
130,Pickup,2025-11-10,1,Apparel,10039,3,276.62
139,Online,2025-12-08,1,Apparel,10087,2,147.04
239,InStore,2025-11-10,2,Home,10021,2,93.17
180,Pickup,2025-11-03,1,Apparel,10028,2,90.36
167,InStore,2025-12-22,1,Grocery,10018,1,73.44
128,Pickup,2025-10-27,2,Apparel,10031,1,26.25
240,Online,2025-10-13,1,Apparel,10042,0,0.0
112,Online,2025-10-06,1,Electronics,10148,3,117.38
159,InStore,2025-10-06,1,Electronics,10115,3,81.9
156,Online,2025-12-08,2,Home,10124,4,440.51
197,Pickup,2025-10-27,1,Grocery,10095,6,300.39
256,InStore,2025-11-24,3,Electronics,10109,1,91.19
168,Pickup,2025-11-03,1,Apparel,10071,0,0.0
239,InStore,2025-12-22,3,Beauty,10067,3,323.15
215,Online,2025-10-27,3,Apparel,10163,1,13.05
151,InStore,2025-12-22,1,Beauty,10112,0,0.0
252,InStore,2025-12-01,1,Home,10125,2,116.87
165,Online,2025-12-22,2,Grocery,10022,2,214.33
163,Online,2025-10-06,2,Home,10061,2,219.65
139,InStore,2025-12-01,2,Electronics,10091,6,501.58
220,Online,2025-11-10,1,Grocery,10009,2,19.92
175,Online,2025-11-24,1,Beauty,10084,1,117.71
127,InStore,2025-11-10,1,Home,10123,3,63.69
195,Pickup,2025-11-17,2,Electronics,10067,1,31.61
175,Online,2025-11-17,1,Apparel,10067,1,53.68
258,InStore,2025-10-06,1,Home,10104,1,40.28
196,Pickup,2025-12-22,1,Home,10107,2,168.49
257,InStore,2025-12-22,3,Apparel,10149,1,98.82
219,Pickup,2025-10-06,2,Apparel,10027,4,414.14
100,InStore,2025-11-10,3,Electronics,10159,1,42.0
152,Pickup,2025-10-27,3,Beauty,10088,4,330.84
245,Online,2025-11-03,2,Electronics,10167,0,0.0
236,Pickup,2025-12-01,1,Grocery,10144,2,120.34
140,Online,2025-10-27,1,Electronics,10063,3,191.79
101,Pickup,2025-11-03,1,Grocery,10013,1,34.81
136,InStore,2025-12-22,1,Home,10160,4,467.94
102,Pickup,2025-11-24,2,Apparel,10034,0,0.0
102,Pickup,2025-10-20,2,Electronics,10129,4,93.52
130,Online,2025-10-06,2,Grocery,10073,1,98.89
156,Pickup,2025-11-03,1,Apparel,10058,2,210.66
221,InStore,2025-11-24,1,Electronics,10085,3,341.0
203,Pickup,2025-10-06,2,Home,10165,3,269.94
100,InStore,2025-11-24,3,Grocery,10059,3,37.62
135,InStore,2025-12-15,1,Apparel,10004,3,102.5
124,InStore,2025-10-27,2,Home,10065,0,0.0
248,InStore,2025-12-15,1,Home,10030,1,94.02
192,Pickup,2025-12-01,2,Grocery,10001,1,118.17
221,Pickup,2025-10-13,5,Apparel,10130,2,217.04
211,Online,2025-10-27,1,Home,10079,3,348.97
250,Pickup,2025-11-17,1,Electronics,10138,3,172.65
184,InStore,2025-11-03,1,Home,10121,1,12.8
248,Online,2025-12-01,1,Beauty,10082,0,0.0
106,InStore,2025-10-13,2,Beauty,10169,3,308.02
258,InStore,2025-11-03,1,Beauty,10045,1,89.57
184,Online,2025-11-17,1,Apparel,10059,7,286.12
117,InStore,2025-10-06,1,Electronics,10133,3,232.44
128,Online,2025-12-15,2,Home,10036,0,0.0
155,Pickup,2025-12-15,1,Electronics,10106,3,346.16
242,Pickup,2025-12-15,1,Apparel,10111,1,69.57
107,InStore,2025-11-10,1,Apparel,10141,3,357.03
212,Online,2025-12-15,2,Beauty,10170,3,101.23
181,InStore,2025-10-27,1,Beauty,10168,4,77.86
239,InStore,2025-10-20,1,Home,10110,2,164.47
175,Online,2025-11-24,2,Grocery,10088,2,19.45
225,Pickup,2025-12-08,1,Home,10164,4,230.63
252,InStore,2025-12-15,1,Grocery,10067,1,108.75
137,InStore,2025-10-20,3,Grocery,10054,0,0.0
123,InStore,2025-11-03,1,Electronics,10011,1,94.62
139,Online,2025-12-08,1,Electronics,10031,2,132.53
113,Online,2025-10-06,2,Grocery,10106,0,0.0
149,Pickup,2025-12-15,1,Beauty,10135,0,0.0
167,Pickup,2025-11-24,1,Home,10149,4,177.88
251,Online,2025-12-15,1,Electronics,10137,1,111.61
165,Pickup,2025-11-03,1,Apparel,10139,2,224.91
184,Pickup,2025-12-01,1,Apparel,10136,4,242.47
237,Online,2025-10-13,1,Apparel,10043,1,53.82
136,InStore,2025-10-20,1,Grocery,10085,3,330.64
136,InStore,2025-10-06,2,Electronics,10146,0,0.0
241,Online,2025-12-08,3,Beauty,10002,1,114.55
115,InStore,2025-11-03,2,Grocery,10096,3,27.71
145,InStore,2025-11-17,2,Home,10013,1,22.89
100,Pickup,2025-11-03,3,Apparel,10142,3,342.03
195,InStore,2025-11-24,1,Apparel,10112,0,0.0
174,Online,2025-10-27,1,Home,10111,6,368.46
197,Pickup,2025-11-03,1,Beauty,10034,2,147.22
247,Pickup,2025-12-08,1,Home,10067,1,81.08
169,Pickup,2025-11-10,1,Grocery,10085,0,0.0
173,Pickup,2025-12-01,1,Apparel,10160,2,115.59
181,Pickup,2025-11-10,1,Apparel,10093,1,90.26
129,Online,2025-12-01,2,Beauty,10044,2,141.53
152,Pickup,2025-11-03,1,Home,10099,2,18.83
123,Pickup,2025-11-10,1,Beauty,10111,3,298.09
148,Online,2025-11-17,3,Grocery,10057,6,394.46
234,Pickup,2025-12-22,1,Home,10148,5,373.19
113,Pickup,2025-11-24,2,Apparel,10076,1,32.88
100,InStore,2025-11-10,1,Grocery,10015,1,96.52
233,Pickup,2025-11-10,1,Apparel,10027,2,140.22
209,Online,2025-12-22,2,Electronics,10091,3,94.61
168,Pickup,2025-10-27,5,Beauty,10098,1,16.35
236,InStore,2025-11-17,2,Electronics,10056,3,269.34
199,Online,2025-11-17,2,Beauty,10019,3,213.2
252,Pickup,2025-11-03,2,Home,10044,3,90.08
203,Online,2025-11-24,1,Beauty,10103,3,100.09
202,Pickup,2025-10-06,1,Beauty,10132,3,210.59
230,Online,2025-12-22,2,Grocery,10101,3,153.41
178,Online,2025-10-27,2,Electronics,10161,0,0.0
116,InStore,2025-10-06,1,Beauty,10148,5,64.62
104,InStore,2025-10-20,1,Home,10152,1,110.17
147,Online,2025-10-06,1,Home,10020,1,76.66
104,Pickup,2025-11-03,2,Home,10145,2,168.4
247,Online,2025-12-15,1,Grocery,10178,0,0.0
207,InStore,2025-11-03,1,Grocery,10113,0,0.0
174,InStore,2025-11-17,1,Grocery,10040,1,29.35
168,Pickup,2025-12-08,1,Beauty,10117,1,28.81
134,Pickup,2025-12-22,1,Electronics,10093,1,37.54
240,InStore,2025-11-17,1,Electronics,10147,3,32.65
175,InStore,2025-12-08,1,Grocery,10149,2,67.56
208,InStore,2025-10-13,1,Beauty,10009,2,96.79
196,InStore,2025-11-17,3,Apparel,10017,1,102.26
225,Pickup,2025-11-24,2,Home,10105,5,494.29
202,InStore,2025-10-06,2,Electronics,10132,3,149.27
103,Online,2025-10-27,1,Grocery,10039,2,157.86
113,Pickup,2025-10-13,2,Home,10095,1,54.28
189,InStore,2025-12-08,2,Apparel,10107,1,99.63
174,InStore,2025-12-01,1,Electronics,10048,3,53.41
167,Pickup,2025-10-20,2,Apparel,10076,3,358.57
247,Pickup,2025-10-06,1,Grocery,10056,3,65.19
253,Online,2025-11-03,2,Home,10004,2,159.19
137,InStore,2025-10-20,1,Electronics,10058,3,322.09
153,Pickup,2025-11-10,2,Beauty,10053,2,166.01
249,Online,2025-11-24,1,Grocery,10044,3,58.33
183,InStore,2025-10-27,1,Home,10072,2,118.13
250,Pickup,2025-11-17,2,Home,10138,2,166.19
131,InStore,2025-11-17,1,Home,10105,3,28.83
162,InStore,2025-12-22,1,Home,10071,0,0.0
149,Pickup,2025-10-06,1,Electronics,10012,0,0.0
243,InStore,2025-10-27,1,Home,10059,0,0.0
128,Pickup,2025-11-24,2,Home,10039,2,239.17
105,InStore,2025-10-06,1,Grocery,10127,2,185.07
179,Online,2025-11-10,1,Grocery,10151,2,216.25
242,Pickup,2025-11-03,1,Electronics,10134,4,360.43
106,Online,2025-11-17,1,Beauty,10002,2,211.25
245,Online,2025-11-17,1,Apparel,10046,1,21.91
206,Online,2025-11-03,1,Home,10144,3,235.02
143,Online,2025-11-17,1,Home,10035,4,263.58
132,Online,2025-12-15,1,Home,10147,3,107.28
162,Online,2025-10-13,1,Grocery,10042,3,306.31
147,Pickup,2025-11-03,1,Electronics,10111,1,37.62
141,InStore,2025-11-10,1,Apparel,10130,3,139.32
259,Online,2025-11-03,1,Grocery,10074,1,67.41
259,Pickup,2025-12-22,1,Home,10009,1,26.08
183,Pickup,2025-12-22,1,Beauty,10120,3,48.13
166,InStore,2025-10-27,1,Grocery,10096,0,0.0
127,Pickup,2025-10-13,1,Apparel,10143,1,31.45
193,Pickup,2025-12-15,1,Grocery,10041,4,106.55
257,Online,2025-12-22,1,Apparel,10161,2,190.64
123,InStore,2025-12-01,1,Grocery,10143,1,79.31
220,Online,2025-12-08,2,Home,10169,3,83.36
101,InStore,2025-10-06,2,Electronics,10015,1,60.43
254,InStore,2025-12-08,1,Beauty,10100,2,34.19
154,InStore,2025-11-03,1,Electronics,10107,1,112.13
212,InStore,2025-12-22,2,Grocery,10161,1,115.96
174,InStore,2025-10-20,1,Beauty,10158,4,170.44
191,InStore,2025-11-24,1,Beauty,10152,1,34.64
116,Pickup,2025-12-08,2,Electronics,10144,3,332.09
211,InStore,2025-11-03,2,Grocery,10073,2,189.29
136,InStore,2025-10-27,1,Apparel,10030,0,0.0
117,Online,2025-12-15,4,Electronics,10125,0,0.0
227,InStore,2025-12-22,1,Apparel,10103,1,15.06
181,Online,2025-12-22,1,Home,10139,2,113.04
221,Online,2025-12-22,1,Home,10035,3,111.7
153,Online,2025-11-24,1,Home,10173,1,107.47
104,Pickup,2025-12-22,1,Home,10005,1,38.06
183,Online,2025-11-17,1,Beauty,10165,4,420.66
119,InStore,2025-11-17,2,Beauty,10115,4,455.39
254,Online,2025-12-22,1,Apparel,10153,1,20.1
125,InStore,2025-10-06,1,Beauty,10030,3,102.36
191,Pickup,2025-11-24,2,Apparel,10159,1,54.69
163,Online,2025-11-03,2,Electronics,10146,2,186.58
116,Pickup,2025-10-06,1,Home,10100,1,49.61
164,InStore,2025-10-13,3,Grocery,10168,2,230.55
207,Online,2025-11-03,1,Electronics,10040,3,207.07
187,Pickup,2025-12-15,1,Apparel,10005,1,45.08
161,InStore,2025-11-10,1,Apparel,10096,3,102.51
152,InStore,2025-11-03,1,Home,10078,4,334.79
193,Pickup,2025-12-15,1,Home,10070,3,225.94
150,InStore,2025-10-20,1,Home,10005,3,256.03
109,Online,2025-11-03,1,Home,10023,0,0.0
133,Pickup,2025-11-03,1,Apparel,10012,2,107.2
179,Online,2025-10-13,1,Apparel,10071,1,41.56
203,Online,2025-11-24,4,Apparel,10121,1,52.74
179,Pickup,2025-10-06,2,Home,10124,0,0.0
145,Pickup,2025-10-20,1,Electronics,10178,1,63.17
132,InStore,2025-11-17,3,Home,10118,0,0.0
109,Pickup,2025-12-22,1,Grocery,10160,1,114.42
257,InStore,2025-11-10,1,Apparel,10108,6,500.71
229,InStore,2025-12-01,1,Apparel,10005,1,94.31
168,InStore,2025-12-15,2,Electronics,10108,2,218.24
129,Pickup,2025-11-10,1,Home,10093,1,56.81
212,Pickup,2025-11-17,3,Grocery,10070,2,225.97
257,Pickup,2025-11-10,2,Electronics,10082,3,75.57
158,InStore,2025-10-27,2,Home,10116,0,0.0
157,InStore,2025-10-20,1,Electronics,10166,1,84.64
158,InStore,2025-12-15,1,Apparel,10054,1,18.48
153,InStore,2025-10-20,1,Electronics,10173,0,0.0
256,Pickup,2025-12-01,1,Home,10072,0,0.0
146,Online,2025-11-24,1,Apparel,10005,3,116.61
258,Pickup,2025-11-24,1,Electronics,10027,3,280.18
232,Pickup,2025-11-03,1,Beauty,10024,0,0.0
207,InStore,2025-12-22,1,Home,10138,3,343.34
150,InStore,2025-10-13,3,Home,10135,2,232.79
151,InStore,2025-11-03,1,Electronics,10121,0,0.0
259,Online,2025-10-13,1,Beauty,10031,3,181.5
248,Online,2025-11-17,1,Home,10116,0,0.0
166,InStore,2025-11-10,1,Apparel,10121,1,60.55
233,Online,2025-11-10,2,Home,10027,1,38.6
227,Pickup,2025-11-10,1,Grocery,10084,0,0.0
250,Pickup,2025-11-03,2,Home,10089,2,142.0
240,Online,2025-10-13,2,Grocery,10042,2,156.54
114,InStore,2025-11-24,3,Beauty,10044,2,214.11
167,Pickup,2025-12-15,2,Apparel,10007,1,47.64
117,Online,2025-10-06,2,Beauty,10133,3,336.3
229,InStore,2025-12-01,1,Electronics,10111,2,131.2
179,InStore,2025-12-15,2,Home,10105,2,209.04
248,InStore,2025-12-15,2,Electronics,10030,3,144.61
206,Pickup,2025-11-17,2,Home,10144,2,145.11
101,Pickup,2025-10-13,3,Grocery,10115,2,61.22
257,Pickup,2025-12-15,1,Home,10039,4,94.76
185,Online,2025-11-17,1,Home,10149,2,197.46
206,Pickup,2025-12-15,1,Home,10052,1,59.72
209,Pickup,2025-11-24,2,Grocery,10019,3,34.82
103,Pickup,2025-10-27,1,Apparel,10146,3,271.63
143,Pickup,2025-11-17,1,Electronics,10004,3,28.13
177,Pickup,2025-12-08,2,Home,10170,3,284.08
156,Pickup,2025-10-27,3,Apparel,10179,3,124.76
249,Online,2025-12-22,2,Electronics,10164,3,170.45
228,Online,2025-12-15,1,Beauty,10122,1,9.79
135,Online,2025-10-06,1,Electronics,10020,2,63.24
184,Online,2025-11-03,2,Apparel,10003,0,0.0
124,InStore,2025-10-27,1,Apparel,10044,1,88.91
250,InStore,2025-11-10,1,Grocery,10150,2,203.0
132,InStore,2025-10-13,2,Beauty,10003,3,350.96
153,Online,2025-11-03,1,Electronics,10023,2,222.76
173,Pickup,2025-12-15,1,Apparel,10012,3,48.05
205,Pickup,2025-12-15,1,Apparel,10040,4,304.84
195,InStore,2025-11-24,1,Home,10070,2,77.65
225,Online,2025-12-08,2,Apparel,10164,3,296.13
256,InStore,2025-11-10,1,Apparel,10154,1,61.88
158,Pickup,2025-12-08,1,Home,10028,4,303.79
211,Pickup,2025-11-24,2,Electronics,10082,3,41.55
204,InStore,2025-12-15,2,Apparel,10004,4,278.26
123,InStore,2025-11-10,2,Apparel,10167,1,39.67
141,Pickup,2025-10-13,2,Apparel,10178,1,46.61
176,Online,2025-11-17,1,Grocery,10027,2,26.86
230,Online,2025-11-17,1,Grocery,10134,1,87.5
229,Online,2025-11-03,1,Apparel,10170,3,68.2
209,Pickup,2025-12-15,2,Grocery,10053,1,38.92
205,InStore,2025-11-10,1,Beauty,10047,3,209.8
190,InStore,2025-11-24,1,Home,10009,3,346.52
106,Pickup,2025-10-13,3,Apparel,10169,1,50.2
201,InStore,2025-11-03,2,Apparel,10102,4,435.21
216,Online,2025-12-15,1,Home,10140,2,70.48
147,InStore,2025-10-20,3,Apparel,10064,0,0.0
116,Online,2025-12-15,1,Electronics,10043,1,59.52
122,Online,2025-12-08,1,Beauty,10093,1,78.11
123,InStore,2025-11-24,1,Beauty,10165,3,243.52
196,InStore,2025-10-27,1,Home,10060,1,88.7
237,InStore,2025-10-06,1,Beauty,10135,3,123.76
128,Pickup,2025-10-20,1,Home,10171,2,193.83
131,Online,2025-11-24,2,Electronics,10133,2,218.86
186,Online,2025-11-03,1,Beauty,10151,3,263.79
173,Online,2025-12-22,1,Grocery,10089,2,209.36
134,InStore,2025-12-01,2,Electronics,10028,1,45.91
155,InStore,2025-10-13,1,Grocery,10122,0,0.0
144,Pickup,2025-12-01,2,Grocery,10020,2,79.65
140,Pickup,2025-11-03,1,Home,10014,3,178.29
103,InStore,2025-10-06,1,Beauty,10146,2,197.99
183,InStore,2025-10-27,2,Grocery,10072,3,135.84
159,Pickup,2025-12-01,2,Beauty,10117,2,193.77
238,Online,2025-12-15,3,Apparel,10160,0,0.0
133,Pickup,2025-12-22,1,Grocery,10012,3,170.73
108,InStore,2025-11-03,1,Apparel,10157,0,0.0
140,Pickup,2025-10-27,1,Home,10078,3,312.5
236,InStore,2025-11-03,2,Apparel,10165,1,90.46
152,Pickup,2025-10-13,1,Home,10011,0,0.0
235,InStore,2025-12-22,2,Beauty,10067,2,70.85
160,Pickup,2025-12-01,3,Grocery,10129,2,82.3
117,Online,2025-12-15,5,Electronics,10125,3,312.98
234,Online,2025-11-10,1,Home,10164,3,280.11
258,InStore,2025-11-03,1,Apparel,10093,2,143.51
225,Pickup,2025-12-08,1,Apparel,10022,4,266.97
103,Pickup,2025-11-10,1,Electronics,10070,2,127.74
163,Pickup,2025-11-03,2,Home,10144,3,343.84
137,InStore,2025-12-08,1,Apparel,10117,1,48.37
155,Pickup,2025-11-17,1,Grocery,10023,5,202.13
143,InStore,2025-11-24,2,Apparel,10003,1,21.32
197,InStore,2025-10-20,1,Grocery,10116,1,100.7
103,InStore,2025-10-20,1,Apparel,10131,2,206.2
121,InStore,2025-12-08,2,Apparel,10075,6,297.76
259,Pickup,2025-11-10,1,Home,10110,1,95.12
181,Pickup,2025-12-22,1,Electronics,10150,3,119.9
213,Online,2025-11-03,2,Beauty,10138,2,73.43
175,InStore,2025-10-27,1,Home,10158,5,199.11
185,Online,2025-11-03,1,Grocery,10101,2,205.99
176,InStore,2025-10-27,2,Home,10169,3,219.25
237,InStore,2025-11-03,1,Beauty,10161,2,207.47
192,InStore,2025-10-20,2,Grocery,10074,1,96.45
143,Pickup,2025-11-24,1,Apparel,10072,4,163.18
243,Pickup,2025-12-22,2,Grocery,10079,6,465.15
219,InStore,2025-12-01,1,Apparel,10015,3,121.99
208,InStore,2025-11-03,3,Grocery,10137,2,53.41
143,InStore,2025-12-08,2,Home,10006,3,249.56
207,Pickup,2025-12-22,1,Beauty,10042,2,74.81
224,InStore,2025-11-03,1,Home,10174,0,0.0
122,InStore,2025-12-01,2,Electronics,10163,2,32.41
158,InStore,2025-10-20,2,Apparel,10052,2,143.37
212,Online,2025-12-15,2,Beauty,10166,2,231.53
128,InStore,2025-11-03,1,Home,10155,2,121.71
131,InStore,2025-10-06,1,Electronics,10053,1,44.79
178,Pickup,2025-12-08,1,Home,10072,3,219.34
170,Pickup,2025-11-10,1,Home,10152,4,437.28
220,Pickup,2025-12-08,1,Home,10044,2,124.93
148,Pickup,2025-10-27,1,Home,10015,2,196.97
137,Online,2025-12-22,2,Grocery,10001,4,94.34
235,Online,2025-10-13,1,Grocery,10177,0,0.0
121,InStore,2025-10-13,2,Home,10132,0,0.0
210,Online,2025-11-17,1,Home,10109,2,209.17
116,Pickup,2025-11-17,1,Beauty,10017,1,91.86
146,Pickup,2025-11-24,3,Electronics,10044,1,41.16
136,InStore,2025-12-01,2,Home,10142,1,13.46
121,InStore,2025-12-15,3,Electronics,10062,3,244.34
257,Online,2025-12-15,1,Home,10129,1,19.41
160,Online,2025-12-15,1,Home,10177,2,184.89
196,InStore,2025-10-06,1,Grocery,10022,1,44.37
243,InStore,2025-12-22,1,Home,10035,2,231.76
212,Online,2025-12-01,1,Apparel,10168,1,48.0
178,Pickup,2025-11-24,3,Apparel,10123,1,22.41
216,Online,2025-12-15,2,Electronics,10124,2,81.33
200,Online,2025-12-08,1,Apparel,10055,3,249.42
106,Online,2025-11-24,2,Home,10140,1,71.48
180,InStore,2025-10-13,2,Electronics,10091,3,276.35
206,Pickup,2025-10-06,1,Beauty,10063,3,53.3
169,Online,2025-11-24,3,Beauty,10178,3,208.61
136,Pickup,2025-12-22,2,Apparel,10160,2,24.65
140,Pickup,2025-12-22,2,Apparel,10021,0,0.0
233,Online,2025-11-03,1,Home,10050,3,244.68
157,InStore,2025-11-03,3,Beauty,10027,3,309.02
149,Online,2025-11-24,1,Beauty,10062,2,40.63
122,Online,2025-10-20,2,Electronics,10030,0,0.0
202,Pickup,2025-10-13,2,Beauty,10106,1,50.49
130,Pickup,2025-10-20,1,Apparel,10062,1,95.83
190,InStore,2025-10-13,2,Apparel,10075,5,476.38
142,Online,2025-11-17,1,Apparel,10162,4,470.24
153,Online,2025-10-06,2,Beauty,10009,2,164.11
127,Online,2025-11-10,1,Grocery,10146,2,229.58
188,InStore,2025-10-20,1,Electronics,10011,4,261.81
236,Pickup,2025-11-17,1,Grocery,10104,1,45.46
139,Pickup,2025-12-01,1,Beauty,10038,2,23.75
183,InStore,2025-11-17,1,Grocery,10125,1,103.88
157,Online,2025-12-01,2,Grocery,10073,5,553.53
151,Pickup,2025-10-20,2,Grocery,10083,1,104.98
143,Online,2025-10-20,2,Electronics,10113,3,29.2
131,Online,2025-12-22,2,Home,10156,2,27.97
111,Online,2025-11-17,1,Grocery,10040,2,26.39
114,Pickup,2025-11-17,1,Beauty,10010,3,348.41
116,Pickup,2025-12-15,1,Grocery,10027,1,48.52
254,Pickup,2025-12-22,2,Apparel,10153,0,0.0
107,Online,2025-10-20,1,Home,10020,3,324.22
133,Pickup,2025-10-06,1,Electronics,10026,2,62.72
162,Pickup,2025-12-22,2,Home,10071,3,86.55
186,Pickup,2025-10-27,1,Grocery,10003,3,267.61
244,InStore,2025-12-01,1,Home,10116,1,106.92
211,InStore,2025-10-27,1,Apparel,10000,0,0.0
185,Pickup,2025-11-03,1,Grocery,10059,0,0.0
247,InStore,2025-11-17,1,Apparel,10022,3,159.81
183,InStore,2025-11-17,2,Apparel,10125,6,218.5
194,Online,2025-12-15,2,Electronics,10016,1,46.09
109,Pickup,2025-12-08,2,Apparel,10008,1,40.72
228,Pickup,2025-10-27,1,Apparel,10000,2,114.43
137,Pickup,2025-12-15,1,Home,10095,4,347.15
136,Pickup,2025-12-01,1,Grocery,10164,2,71.79
215,InStore,2025-12-15,2,Apparel,10144,0,0.0
107,Pickup,2025-11-03,2,Electronics,10049,1,90.26
104,Online,2025-12-01,1,Electronics,10110,2,41.65
232,Online,2025-12-22,2,Electronics,10131,2,146.9
182,Online,2025-12-15,1,Electronics,10112,1,78.21
154,InStore,2025-12-08,2,Grocery,10139,3,283.61
236,Pickup,2025-10-27,1,Grocery,10151,0,0.0
110,Pickup,2025-12-08,1,Apparel,10085,2,213.31
213,Online,2025-12-15,1,Grocery,10111,2,206.97
143,InStore,2025-12-01,2,Home,10069,5,229.33
255,Online,2025-10-13,2,Home,10162,2,132.45
192,Online,2025-10-20,1,Apparel,10007,3,350.64
136,Online,2025-12-22,2,Grocery,10063,6,136.11
225,InStore,2025-12-08,1,Home,10054,5,563.77
175,Online,2025-11-03,1,Beauty,10075,2,164.51
214,Online,2025-12-08,1,Grocery,10133,3,270.89
168,InStore,2025-10-20,1,Home,10066,1,92.06
108,InStore,2025-10-13,2,Apparel,10038,2,28.08
239,InStore,2025-12-08,1,Beauty,10080,5,63.24
147,Pickup,2025-11-17,1,Beauty,10036,2,214.77
148,Online,2025-11-10,1,Apparel,10150,1,68.23
107,Online,2025-12-22,1,Home,10096,3,54.04
193,Pickup,2025-11-24,1,Electronics,10070,3,318.41
104,Pickup,2025-10-20,2,Beauty,10123,1,51.18
157,Pickup,2025-10-06,2,Apparel,10164,3,294.58
145,Pickup,2025-11-10,1,Grocery,10154,5,211.21
256,Pickup,2025-10-27,2,Home,10028,3,314.96
129,Pickup,2025-12-08,3,Apparel,10078,1,116.01
155,InStore,2025-10-27,1,Apparel,10015,1,47.73
105,InStore,2025-12-08,1,Electronics,10133,0,0.0
176,InStore,2025-11-17,1,Apparel,10145,3,100.09
155,Pickup,2025-11-24,1,Electronics,10016,2,172.62
232,Pickup,2025-12-01,1,Grocery,10094,4,425.22
102,Pickup,2025-12-08,1,Home,10044,2,48.26
128,Online,2025-11-24,1,Home,10103,3,202.47
103,Online,2025-11-17,1,Beauty,10155,1,63.28
193,Pickup,2025-10-27,2,Electronics,10051,3,232.74
146,Online,2025-11-03,1,Electronics,10166,1,117.27
232,Online,2025-12-01,4,Home,10116,3,70.49
202,Pickup,2025-10-20,1,Electronics,10138,3,82.37
229,Pickup,2025-11-24,2,Apparel,10125,1,116.96
245,Pickup,2025-11-10,3,Grocery,10120,8,603.36
150,Online,2025-10-20,1,Grocery,10049,2,152.26
249,Pickup,2025-10-20,2,Apparel,10003,2,169.83
156,InStore,2025-10-06,1,Electronics,10145,2,224.93
163,Pickup,2025-10-13,1,Electronics,10094,2,138.45
247,Pickup,2025-11-10,1,Electronics,10053,5,520.36
147,InStore,2025-10-20,1,Grocery,10162,1,27.83
207,InStore,2025-11-24,1,Electronics,10067,3,42.61
236,Online,2025-11-03,1,Electronics,10079,2,157.21
128,Online,2025-10-27,1,Electronics,10159,3,288.17
113,Pickup,2025-11-24,2,Grocery,10167,3,93.06
126,Pickup,2025-10-06,1,Electronics,10151,0,0.0
179,Pickup,2025-12-08,1,Home,10154,2,33.58
181,Online,2025-11-03,2,Apparel,10116,3,261.93
237,Pickup,2025-11-10,1,Grocery,10158,1,55.77
203,Online,2025-12-08,1,Electronics,10081,2,201.01
218,Pickup,2025-11-03,1,Electronics,10144,1,79.91
147,Online,2025-11-10,1,Electronics,10119,1,79.88
253,Online,2025-10-20,2,Electronics,10163,1,71.85
121,InStore,2025-10-20,1,Home,10021,4,112.46
252,Online,2025-11-24,1,Beauty,10091,1,26.12
129,Pickup,2025-10-13,2,Beauty,10178,2,112.85
153,Pickup,2025-10-06,2,Electronics,10006,4,233.78
236,Online,2025-11-03,1,Home,10114,2,134.78
117,Pickup,2025-10-13,1,Beauty,10146,2,193.54
155,Pickup,2025-10-20,2,Electronics,10059,1,87.66
197,Pickup,2025-10-06,2,Home,10065,0,0.0
246,InStore,2025-11-10,1,Apparel,10038,5,419.7
127,InStore,2025-12-08,1,Grocery,10157,2,66.71
120,Online,2025-11-03,1,Home,10013,2,235.45
173,InStore,2025-12-22,2,Apparel,10152,0,0.0
174,Online,2025-12-15,2,Grocery,10126,0,0.0
146,InStore,2025-12-22,1,Apparel,10082,0,0.0
193,InStore,2025-12-08,1,Beauty,10037,1,51.98
169,InStore,2025-10-13,1,Electronics,10098,1,117.44
200,InStore,2025-10-06,3,Apparel,10013,1,23.02
215,Pickup,2025-11-17,1,Grocery,10033,3,275.05
225,Pickup,2025-12-08,2,Home,10022,1,34.04
117,Online,2025-12-15,2,Beauty,10122,0,0.0
116,InStore,2025-11-03,1,Electronics,10043,2,172.87
134,InStore,2025-11-24,1,Grocery,10112,1,16.81
153,Pickup,2025-11-03,2,Beauty,10023,0,0.0
212,Pickup,2025-10-13,1,Apparel,10029,0,0.0
151,InStore,2025-12-15,2,Apparel,10136,1,75.83
187,Pickup,2025-10-27,2,Grocery,10041,2,22.04
223,InStore,2025-12-08,1,Grocery,10171,5,517.52
104,InStore,2025-12-15,2,Home,10029,2,131.21
163,Online,2025-10-13,1,Beauty,10152,2,66.35
103,Pickup,2025-11-24,3,Grocery,10047,2,182.91
182,InStore,2025-10-06,3,Electronics,10073,1,26.0
196,Online,2025-12-22,1,Apparel,10083,3,332.31
249,Online,2025-11-17,1,Electronics,10169,4,344.69
107,InStore,2025-11-24,1,Apparel,10128,1,11.82
221,InStore,2025-10-27,2,Beauty,10021,1,81.92
127,InStore,2025-10-06,1,Electronics,10077,1,54.73
233,Online,2025-11-03,1,Grocery,10104,1,20.59
164,Online,2025-10-27,2,Beauty,10131,1,26.48
203,InStore,2025-12-01,1,Home,10138,1,51.4
243,InStore,2025-11-24,1,Beauty,10173,4,298.97
132,Pickup,2025-12-22,1,Home,10025,6,272.29
188,InStore,2025-10-20,1,Beauty,10161,1,8.56
137,InStore,2025-12-08,1,Apparel,10057,3,85.71
222,Online,2025-10-20,1,Beauty,10081,0,0.0
165,InStore,2025-12-22,3,Beauty,10022,3,294.21
139,Pickup,2025-10-06,1,Electronics,10174,2,142.79
116,Online,2025-10-27,2,Electronics,10161,1,53.3
168,InStore,2025-11-03,1,Apparel,10023,2,71.84
128,Online,2025-10-13,2,Electronics,10079,2,64.08
226,Pickup,2025-12-15,2,Beauty,10063,0,0.0
147,Online,2025-11-10,1,Apparel,10062,0,0.0
254,Pickup,2025-12-15,1,Electronics,10050,2,234.5
199,Online,2025-12-08,1,Apparel,10164,1,10.59
251,Online,2025-11-24,1,Electronics,10075,6,212.14
179,InStore,2025-10-13,2,Grocery,10071,3,68.54
212,Online,2025-10-20,2,Beauty,10054,0,0.0
189,Online,2025-11-03,1,Grocery,10030,2,229.35
170,Online,2025-11-17,2,Grocery,10025,0,0.0
240,Pickup,2025-10-06,1,Home,10012,3,194.96
172,Online,2025-12-01,1,Electronics,10071,4,251.54
100,Online,2025-11-03,1,Electronics,10168,2,100.97
160,Pickup,2025-10-13,1,Grocery,10178,2,220.14
211,Pickup,2025-12-08,1,Beauty,10020,5,110.26
181,Pickup,2025-10-27,1,Grocery,10118,2,155.4
196,InStore,2025-11-17,3,Apparel,10024,1,113.84
156,Online,2025-11-17,1,Electronics,10063,1,92.71
130,Pickup,2025-11-10,1,Home,10093,3,200.91
216,Pickup,2025-11-17,1,Apparel,10026,1,106.21
150,Pickup,2025-10-27,1,Electronics,10118,3,106.24
126,InStore,2025-10-27,1,Home,10083,1,69.55
254,Pickup,2025-10-20,2,Beauty,10086,3,169.17
258,InStore,2025-10-27,2,Electronics,10010,1,22.82
240,Pickup,2025-11-03,2,Grocery,10042,1,116.6
104,Online,2025-12-01,1,Apparel,10025,0,0.0
152,InStore,2025-12-15,1,Beauty,10092,1,106.35
255,Pickup,2025-11-03,1,Grocery,10074,1,42.92
129,Online,2025-12-08,1,Beauty,10025,1,112.76
100,Pickup,2025-11-03,4,Beauty,10142,3,109.64
233,InStore,2025-12-22,1,Apparel,10017,3,228.21
107,Pickup,2025-10-20,1,Grocery,10174,2,207.03
248,InStore,2025-11-03,1,Home,10109,2,58.99
132,Online,2025-10-13,1,Apparel,10044,4,92.02
220,InStore,2025-11-24,1,Beauty,10049,2,226.45
211,InStore,2025-10-20,2,Grocery,10104,3,300.55
112,Online,2025-11-17,2,Apparel,10036,1,114.5
214,Pickup,2025-12-08,2,Beauty,10133,3,241.64
120,Pickup,2025-10-13,1,Home,10054,1,53.49
165,InStore,2025-11-03,1,Apparel,10126,3,245.23
175,Pickup,2025-12-15,1,Grocery,10151,3,249.54
226,Online,2025-11-10,1,Grocery,10006,0,0.0
203,Online,2025-11-10,1,Electronics,10073,3,316.05
170,InStore,2025-10-13,2,Beauty,10081,1,20.01
143,InStore,2025-10-06,2,Beauty,10132,2,79.23
217,Pickup,2025-11-24,2,Electronics,10142,0,0.0
215,Online,2025-10-20,1,Apparel,10023,2,154.88
167,InStore,2025-12-15,3,Home,10007,2,134.18
155,InStore,2025-11-17,2,Beauty,10023,6,378.17
165,Online,2025-11-10,2,Home,10131,3,213.82
156,Online,2025-10-06,1,Apparel,10167,1,36.7
220,Online,2025-12-08,1,Grocery,10124,3,123.93
161,Pickup,2025-10-13,1,Home,10003,0,0.0
171,Pickup,2025-11-17,2,Grocery,10025,1,28.73
224,InStore,2025-10-20,1,Home,10022,3,107.19
115,Pickup,2025-10-06,1,Apparel,10085,3,186.86
116,Pickup,2025-10-20,2,Beauty,10165,2,23.23
100,Pickup,2025-12-15,1,Apparel,10015,1,103.74
247,InStore,2025-12-22,1,Home,10133,1,104.61
203,Pickup,2025-12-15,1,Apparel,10047,3,186.61
147,InStore,2025-11-24,1,Electronics,10036,0,0.0
221,Pickup,2025-10-06,1,Grocery,10059,1,14.36
229,Online,2025-10-13,1,Apparel,10082,1,44.68
159,Online,2025-12-15,2,Grocery,10025,1,61.12
108,Online,2025-10-06,3,Home,10131,3,180.11
218,Online,2025-12-22,1,Home,10068,4,353.99
177,InStore,2025-11-03,1,Grocery,10106,3,53.44
130,InStore,2025-10-20,2,Electronics,10097,6,77.5
138,Pickup,2025-11-24,2,Grocery,10138,1,100.34
131,Online,2025-11-03,1,Home,10168,0,0.0
214,Pickup,2025-11-24,3,Beauty,10150,0,0.0
131,Online,2025-11-10,2,Electronics,10041,3,329.89
220,Pickup,2025-11-03,1,Grocery,10018,2,115.15
130,InStore,2025-10-06,2,Grocery,10040,2,183.69
159,InStore,2025-10-27,1,Apparel,10084,2,197.23
139,Online,2025-10-20,1,Grocery,10014,1,55.69
127,InStore,2025-12-15,1,Beauty,10000,1,30.76
158,Online,2025-12-08,2,Electronics,10028,2,124.41
214,Online,2025-11-17,1,Grocery,10127,0,0.0
110,Online,2025-10-27,1,Home,10048,1,28.23
112,Pickup,2025-12-08,1,Grocery,10136,2,106.96
175,Online,2025-11-10,1,Electronics,10170,0,0.0
200,Pickup,2025-10-27,3,Apparel,10130,6,275.84
205,Online,2025-11-03,2,Beauty,10002,4,83.86
128,Pickup,2025-11-03,1,Apparel,10010,1,41.84
193,InStore,2025-10-27,1,Electronics,10133,3,246.01
116,InStore,2025-11-17,1,Beauty,10178,1,65.03
153,Online,2025-11-03,3,Beauty,10023,1,38.63
116,Pickup,2025-10-06,1,Beauty,10098,2,46.8
179,Online,2025-10-13,3,Grocery,10071,3,269.31
172,Online,2025-11-03,1,Apparel,10059,2,51.27
173,InStore,2025-11-17,2,Beauty,10085,2,178.29
112,Pickup,2025-11-10,1,Apparel,10128,1,34.9
236,InStore,2025-11-10,1,Home,10173,2,104.56
218,InStore,2025-10-13,1,Electronics,10144,3,152.46
209,Pickup,2025-11-24,3,Grocery,10074,3,137.58
117,InStore,2025-11-17,1,Beauty,10151,2,89.91
138,Online,2025-10-06,2,Beauty,10114,3,327.15
152,Online,2025-12-15,1,Grocery,10147,2,165.22
126,Online,2025-12-15,2,Electronics,10104,3,86.01
130,Online,2025-12-01,1,Apparel,10162,1,22.84
245,InStore,2025-11-17,1,Beauty,10096,0,0.0
203,InStore,2025-11-24,2,Apparel,10104,6,477.32
118,Online,2025-11-24,1,Home,10173,0,0.0
132,Online,2025-10-13,2,Home,10064,2,99.16
205,Online,2025-10-20,1,Apparel,10161,1,58.86
118,Pickup,2025-12-08,1,Home,10177,2,228.83
241,InStore,2025-11-10,1,Grocery,10052,2,22.74
178,InStore,2025-10-06,1,Beauty,10061,2,42.46
161,Online,2025-10-27,2,Grocery,10036,1,19.29
123,InStore,2025-12-22,1,Grocery,10057,2,79.09
179,Online,2025-10-27,2,Grocery,10134,1,64.1
214,Pickup,2025-10-13,3,Home,10063,2,200.69
258,InStore,2025-11-17,1,Electronics,10112,2,115.06
122,Pickup,2025-10-20,2,Home,10149,0,0.0
256,InStore,2025-10-27,2,Beauty,10129,3,187.41
211,Pickup,2025-12-08,1,Grocery,10120,2,116.68
128,InStore,2025-12-08,1,Electronics,10082,0,0.0
205,Pickup,2025-10-13,3,Electronics,10019,1,109.12
137,InStore,2025-12-08,1,Beauty,10119,2,118.4
216,InStore,2025-12-22,1,Beauty,10065,1,108.15
136,Pickup,2025-12-22,3,Electronics,10160,1,29.88
130,InStore,2025-12-15,1,Beauty,10157,1,97.92
133,Pickup,2025-10-27,1,Electronics,10091,1,52.71
123,Pickup,2025-10-06,2,Grocery,10121,2,146.48
142,Pickup,2025-10-13,1,Electronics,10147,0,0.0
217,Online,2025-11-17,1,Apparel,10127,3,260.15
248,Pickup,2025-12-22,1,Grocery,10174,1,62.82
110,Online,2025-11-10,1,Grocery,10130,5,550.08
236,Online,2025-12-08,4,Apparel,10034,0,0.0
176,Pickup,2025-11-17,1,Electronics,10001,2,214.65
236,InStore,2025-11-03,1,Electronics,10153,1,44.46
244,InStore,2025-10-27,1,Beauty,10051,4,467.62
143,Online,2025-12-15,2,Apparel,10020,1,36.16
251,InStore,2025-11-24,1,Beauty,10043,5,158.78
237,InStore,2025-12-01,1,Home,10177,0,0.0
186,Pickup,2025-11-03,2,Electronics,10141,3,50.07
238,InStore,2025-11-03,2,Beauty,10112,2,70.88
212,InStore,2025-12-15,2,Apparel,10065,2,150.4
162,Online,2025-10-20,1,Home,10007,2,70.22
105,InStore,2025-10-20,1,Electronics,10130,0,0.0
204,Online,2025-11-03,3,Electronics,10043,4,271.42
133,Pickup,2025-12-08,2,Apparel,10020,1,61.09
107,Online,2025-12-22,1,Electronics,10074,1,9.81
113,Pickup,2025-11-17,2,Apparel,10155,0,0.0
141,Pickup,2025-10-20,1,Apparel,10134,3,210.67
185,Pickup,2025-11-17,2,Home,10119,1,83.89
142,Pickup,2025-12-08,2,Grocery,10021,2,72.35
246,Online,2025-10-13,3,Apparel,10062,3,277.66
117,InStore,2025-10-20,2,Grocery,10133,3,306.84
208,InStore,2025-10-13,1,Beauty,10098,2,135.87
253,Online,2025-12-22,1,Apparel,10155,0,0.0
238,Online,2025-10-13,1,Beauty,10032,2,26.24
161,Online,2025-10-06,2,Beauty,10028,5,169.76
179,Online,2025-11-24,2,Beauty,10138,1,30.48
167,InStore,2025-11-24,1,Home,10023,2,22.25
221,Online,2025-12-08,1,Apparel,10117,5,538.36
245,Pickup,2025-11-10,2,Apparel,10071,0,0.0
190,InStore,2025-10-27,2,Electronics,10104,1,39.53
231,Pickup,2025-12-15,2,Beauty,10090,2,83.09
243,Pickup,2025-11-24,2,Grocery,10021,3,358.4
223,Online,2025-11-24,1,Apparel,10102,5,385.81
108,Pickup,2025-10-27,1,Home,10062,2,95.24
165,Pickup,2025-11-24,2,Home,10061,2,37.23
129,InStore,2025-10-20,1,Grocery,10071,2,225.61
107,InStore,2025-11-10,1,Beauty,10120,3,87.18
157,Online,2025-11-03,1,Apparel,10096,1,101.33
194,Online,2025-11-17,1,Home,10012,3,80.89
200,Pickup,2025-10-20,2,Home,10178,3,64.86
125,InStore,2025-12-15,1,Home,10052,2,233.31
131,Online,2025-11-03,2,Electronics,10125,3,42.61
138,Pickup,2025-11-03,1,Home,10091,0,0.0
159,InStore,2025-12-01,1,Electronics,10148,4,477.62
252,Online,2025-11-17,1,Electronics,10009,2,65.51
187,InStore,2025-10-06,1,Electronics,10021,0,0.0
195,Pickup,2025-11-10,2,Apparel,10046,1,34.99
250,Online,2025-11-10,2,Grocery,10150,1,56.06
197,Pickup,2025-11-10,1,Grocery,10082,6,113.12
175,Pickup,2025-12-01,1,Electronics,10136,1,68.78
233,Pickup,2025-11-10,1,Beauty,10074,2,141.75
236,InStore,2025-10-20,1,Electronics,10064,0,0.0
187,Pickup,2025-12-15,2,Grocery,10005,1,63.67
159,Pickup,2025-12-22,1,Apparel,10001,1,80.4
153,Pickup,2025-10-20,2,Home,10173,1,13.93
176,Pickup,2025-10-27,5,Grocery,10045,2,24.67
190,Pickup,2025-10-27,2,Home,10112,1,68.81
181,Pickup,2025-10-06,2,Electronics,10140,4,310.36
164,Online,2025-12-15,2,Apparel,10164,3,65.08
102,InStore,2025-12-08,2,Apparel,10050,4,273.0
233,Pickup,2025-12-15,1,Apparel,10135,2,70.59
181,Online,2025-10-27,2,Grocery,10118,4,142.14
130,Online,2025-10-20,2,Electronics,10128,2,78.6
182,Online,2025-11-24,1,Home,10178,3,261.05
137,Online,2025-12-01,1,Grocery,10154,1,54.54
258,InStore,2025-11-03,2,Beauty,10093,1,116.64
159,Online,2025-12-22,2,Beauty,10001,2,179.55
142,Pickup,2025-11-10,1,Grocery,10167,1,14.05
174,InStore,2025-11-03,1,Beauty,10056,0,0.0
181,InStore,2025-11-10,2,Apparel,10081,1,63.79
153,Pickup,2025-11-03,4,Electronics,10023,3,97.26
164,Online,2025-10-13,1,Apparel,10075,2,190.09
112,InStore,2025-10-13,1,Beauty,10017,4,262.14
246,Pickup,2025-10-06,2,Home,10045,4,424.33
146,Online,2025-10-20,3,Beauty,10029,2,114.63
257,Online,2025-11-17,1,Grocery,10100,3,159.38
253,Online,2025-11-03,1,Electronics,10146,7,210.13
170,Pickup,2025-10-13,1,Beauty,10143,1,89.99
187,Pickup,2025-12-22,2,Beauty,10112,4,231.51
167,Online,2025-10-13,1,Electronics,10161,4,230.26
259,Pickup,2025-10-27,3,Grocery,10164,4,202.86
234,InStore,2025-11-24,1,Grocery,10109,3,160.64
116,InStore,2025-11-03,2,Electronics,10000,2,156.52
177,Online,2025-11-17,1,Beauty,10107,2,60.58
172,Online,2025-11-24,1,Home,10112,1,61.81
125,Online,2025-11-10,3,Beauty,10110,2,94.99
155,InStore,2025-10-20,1,Home,10052,0,0.0
126,InStore,2025-12-08,2,Electronics,10003,3,193.98
238,Online,2025-10-06,3,Beauty,10121,2,67.92
186,InStore,2025-12-15,1,Apparel,10178,3,318.79
103,Online,2025-11-10,2,Home,10070,2,205.31
259,InStore,2025-12-22,2,Apparel,10083,4,211.97
147,Online,2025-12-15,3,Beauty,10017,0,0.0
239,Pickup,2025-12-15,2,Grocery,10021,2,201.99
126,Pickup,2025-11-17,2,Grocery,10019,2,208.35
207,Pickup,2025-12-22,1,Apparel,10036,2,119.37
136,Online,2025-12-22,3,Apparel,10063,3,66.57
147,Pickup,2025-11-24,1,Beauty,10138,2,22.24
205,InStore,2025-12-08,1,Home,10005,0,0.0
165,InStore,2025-12-22,1,Electronics,10173,1,83.52
213,InStore,2025-12-15,2,Beauty,10144,2,139.24
143,Online,2025-10-27,3,Home,10138,1,76.35
215,Pickup,2025-11-17,2,Grocery,10033,1,63.09
233,Online,2025-12-15,1,Apparel,10068,2,95.12
108,Online,2025-11-10,1,Electronics,10099,2,90.9
113,Pickup,2025-11-24,2,Grocery,10149,2,198.89
110,Pickup,2025-10-06,3,Beauty,10131,0,0.0
107,Pickup,2025-11-10,2,Apparel,10120,1,73.0
108,Online,2025-12-08,1,Electronics,10075,0,0.0
206,Pickup,2025-10-27,1,Apparel,10145,0,0.0
193,InStore,2025-12-22,1,Beauty,10074,1,90.9
122,Pickup,2025-11-03,1,Apparel,10080,0,0.0
143,InStore,2025-10-20,1,Home,10124,2,201.86
217,Online,2025-12-22,1,Grocery,10128,4,61.56
104,Online,2025-12-22,1,Electronics,10105,4,247.04
130,Online,2025-10-06,2,Electronics,10065,4,325.34
257,Pickup,2025-12-22,1,Apparel,10157,1,38.9
124,Online,2025-11-17,1,Electronics,10096,0,0.0
153,InStore,2025-11-03,1,Beauty,10075,3,106.31
185,Online,2025-12-08,1,Home,10137,2,169.88
189,InStore,2025-10-27,2,Apparel,10174,4,101.44
104,Pickup,2025-10-20,1,Electronics,10097,3,77.93
151,Pickup,2025-11-17,1,Apparel,10120,2,196.76
202,Online,2025-12-22,1,Grocery,10080,3,102.31
198,InStore,2025-10-27,1,Beauty,10139,2,36.28
147,InStore,2025-11-24,2,Apparel,10036,3,351.75
240,Online,2025-11-10,1,Home,10152,1,65.63
152,Pickup,2025-10-13,3,Apparel,10155,0,0.0
246,InStore,2025-12-08,1,Beauty,10079,0,0.0
176,Pickup,2025-10-20,1,Beauty,10054,1,24.47
245,InStore,2025-11-10,3,Electronics,10071,0,0.0
238,Pickup,2025-11-10,1,Beauty,10013,2,126.67
171,InStore,2025-10-13,2,Electronics,10155,1,23.52
139,Pickup,2025-12-01,2,Home,10038,2,33.94
203,InStore,2025-10-20,3,Home,10088,3,40.15
222,Pickup,2025-11-17,2,Apparel,10096,2,153.41
250,InStore,2025-10-27,1,Home,10049,2,180.46
217,InStore,2025-11-24,3,Grocery,10142,1,31.53
257,Online,2025-12-22,2,Apparel,10157,0,0.0
236,Pickup,2025-11-24,1,Home,10166,0,0.0
254,Online,2025-11-24,1,Beauty,10048,2,212.08
249,Pickup,2025-11-10,1,Electronics,10064,0,0.0
246,Online,2025-10-20,3,Beauty,10090,2,118.96
251,Pickup,2025-12-01,2,Home,10172,5,550.15
137,Pickup,2025-11-03,2,Apparel,10171,4,122.5
171,Pickup,2025-11-17,3,Apparel,10025,0,0.0
165,Pickup,2025-11-17,1,Apparel,10107,1,29.04
190,Pickup,2025-11-17,1,Electronics,10011,2,80.33
135,InStore,2025-11-17,3,Home,10090,5,516.22
210,Online,2025-12-01,1,Beauty,10019,0,0.0
173,Online,2025-12-01,1,Beauty,10025,4,383.5
160,Online,2025-11-03,2,Grocery,10084,1,19.83
240,Pickup,2025-12-15,3,Grocery,10049,1,82.33
100,Online,2025-10-27,1,Electronics,10086,3,199.57
123,Online,2025-10-20,1,Home,10112,4,133.15
161,Online,2025-10-27,2,Electronics,10148,4,339.61
151,Online,2025-10-06,1,Home,10130,0,0.0
158,Online,2025-10-13,1,Beauty,10060,2,41.25
165,Online,2025-12-15,1,Electronics,10131,1,79.85
149,Online,2025-11-17,1,Apparel,10090,3,284.9
119,InStore,2025-10-13,1,Grocery,10025,3,189.1
148,Pickup,2025-11-10,2,Apparel,10102,2,53.25
100,InStore,2025-11-03,1,Apparel,10094,4,90.9
202,InStore,2025-11-03,1,Grocery,10129,2,17.48
207,Online,2025-10-06,2,Electronics,10093,3,181.75
217,Online,2025-10-13,1,Beauty,10000,3,96.01
170,Pickup,2025-12-01,1,Apparel,10156,2,65.15
121,InStore,2025-12-15,4,Beauty,10062,1,51.82
105,Online,2025-11-17,1,Home,10081,3,287.06
193,Online,2025-10-06,1,Apparel,10048,1,83.44
228,Online,2025-10-06,1,Electronics,10136,0,0.0
217,Pickup,2025-12-22,2,Electronics,10175,2,127.09
222,InStore,2025-10-06,2,Beauty,10097,3,110.22
146,Online,2025-10-20,1,Electronics,10090,4,269.07
130,Online,2025-10-20,1,Grocery,10136,1,115.71
175,InStore,2025-11-10,2,Grocery,10170,1,78.3
225,InStore,2025-11-17,1,Apparel,10053,0,0.0
206,Online,2025-12-01,3,Electronics,10019,1,30.39
252,Online,2025-10-27,1,Grocery,10143,1,26.65
153,Pickup,2025-10-06,2,Apparel,10142,4,295.72
199,Pickup,2025-11-03,1,Home,10137,0,0.0
115,Pickup,2025-10-20,3,Electronics,10102,1,24.54
157,InStore,2025-10-20,2,Home,10177,3,39.49
258,Pickup,2025-10-06,2,Grocery,10104,1,87.89
193,Pickup,2025-11-10,1,Home,10040,2,174.33
251,InStore,2025-12-15,2,Apparel,10039,4,465.04
126,Pickup,2025-12-08,1,Beauty,10134,1,91.08
161,Pickup,2025-11-10,2,Beauty,10030,0,0.0
117,Pickup,2025-12-01,1,Beauty,10068,1,74.99
195,Online,2025-12-01,2,Home,10081,4,69.58
228,Pickup,2025-10-13,1,Electronics,10090,2,108.62
180,Pickup,2025-10-20,2,Beauty,10006,2,159.42
205,Online,2025-10-06,1,Electronics,10133,2,84.86
227,Online,2025-10-27,3,Electronics,10179,3,145.64
123,Pickup,2025-11-10,2,Home,10111,4,268.61
169,InStore,2025-11-03,1,Apparel,10046,0,0.0
210,Online,2025-12-22,1,Apparel,10052,1,64.26
227,InStore,2025-12-08,3,Beauty,10069,2,94.1
233,Pickup,2025-11-17,1,Grocery,10098,7,329.06
130,InStore,2025-12-22,1,Home,10058,0,0.0
188,InStore,2025-10-20,2,Electronics,10161,0,0.0
191,Pickup,2025-10-27,1,Grocery,10179,2,172.0
240,Pickup,2025-11-24,1,Grocery,10158,3,121.56
166,InStore,2025-11-24,1,Home,10095,1,16.95
219,Online,2025-10-20,1,Apparel,10069,1,85.94
165,InStore,2025-10-27,1,Grocery,10004,2,148.18
173,Pickup,2025-12-01,1,Apparel,10154,3,355.53
195,Online,2025-12-15,2,Grocery,10152,2,44.33
163,Online,2025-11-03,1,Electronics,10028,3,34.38
100,InStore,2025-11-03,5,Apparel,10142,1,107.93
187,Pickup,2025-12-01,2,Grocery,10004,1,95.76
252,InStore,2025-11-10,1,Home,10156,2,62.9
236,Online,2025-11-10,2,Home,10173,3,124.83
115,Pickup,2025-11-03,2,Electronics,10055,2,40.4
209,InStore,2025-10-13,3,Electronics,10120,4,32.95
256,Pickup,2025-11-10,2,Grocery,10154,1,39.0
241,Pickup,2025-12-08,1,Electronics,10160,3,292.75
243,Pickup,2025-10-27,1,Apparel,10096,6,625.92
162,InStore,2025-11-17,2,Beauty,10000,3,294.08
237,Online,2025-12-22,2,Home,10022,2,191.36
175,Online,2025-10-27,2,Home,10158,0,0.0
156,Online,2025-12-01,1,Home,10171,5,247.46
181,Pickup,2025-11-24,2,Grocery,10040,1,29.91
103,Pickup,2025-10-27,2,Grocery,10146,3,150.91
125,Pickup,2025-11-17,1,Electronics,10116,0,0.0
200,Pickup,2025-10-27,1,Apparel,10142,3,96.66
242,Pickup,2025-12-15,2,Grocery,10023,3,295.66
245,InStore,2025-11-03,3,Beauty,10167,1,9.29
159,Online,2025-11-17,2,Apparel,10152,1,85.89
238,InStore,2025-12-08,1,Apparel,10160,3,222.5
206,InStore,2025-10-27,2,Grocery,10145,2,165.1
204,Online,2025-12-15,3,Electronics,10004,3,103.54
150,Pickup,2025-10-27,1,Beauty,10128,4,283.38
102,InStore,2025-12-08,1,Electronics,10016,3,65.15
250,InStore,2025-10-06,1,Electronics,10045,0,0.0
202,InStore,2025-12-08,2,Apparel,10021,1,43.44
239,Online,2025-11-24,1,Apparel,10044,2,122.67
232,InStore,2025-12-01,2,Beauty,10094,2,212.26
116,Pickup,2025-10-20,2,Beauty,10033,1,27.4
172,Online,2025-11-24,3,Beauty,10019,1,90.94
179,Pickup,2025-12-01,1,Grocery,10073,0,0.0
128,InStore,2025-11-17,3,Grocery,10055,3,61.19
107,InStore,2025-10-27,2,Electronics,10136,1,99.81
149,Online,2025-10-20,1,Beauty,10016,4,207.58
135,Online,2025-12-08,1,Electronics,10168,2,89.72
100,Pickup,2025-11-10,4,Electronics,10159,1,61.24
103,Online,2025-12-01,2,Electronics,10104,2,199.38
130,Pickup,2025-12-22,2,Beauty,10058,1,32.34
205,Pickup,2025-11-17,1,Home,10061,2,93.18
154,Online,2025-11-03,1,Electronics,10179,2,225.4
239,InStore,2025-11-24,2,Grocery,10106,0,0.0
121,Online,2025-11-03,1,Apparel,10144,2,108.96
106,Pickup,2025-11-24,3,Home,10140,0,0.0
215,InStore,2025-11-17,3,Apparel,10136,4,424.02
228,Pickup,2025-10-13,2,Beauty,10025,3,195.73
129,InStore,2025-10-13,3,Electronics,10178,2,49.88
105,Pickup,2025-10-13,1,Apparel,10135,3,270.13
107,Pickup,2025-10-06,1,Home,10141,2,128.4
101,Pickup,2025-11-03,3,Electronics,10056,2,66.75
234,Pickup,2025-11-10,2,Grocery,10113,1,78.98
164,InStore,2025-10-13,2,Beauty,10096,1,106.99
148,Pickup,2025-10-27,1,Home,10037,1,40.66
146,Pickup,2025-11-10,2,Apparel,10081,4,412.71
244,Pickup,2025-12-08,2,Electronics,10135,0,0.0
154,InStore,2025-10-06,2,Electronics,10070,2,120.69
111,Pickup,2025-10-06,1,Home,10007,1,81.25
235,Online,2025-11-24,1,Grocery,10109,1,78.94
176,Online,2025-10-20,2,Home,10054,1,61.27
185,Pickup,2025-12-15,1,Home,10115,3,215.63
256,InStore,2025-10-27,3,Grocery,10028,0,0.0
236,Online,2025-10-27,1,Home,10104,3,218.6
191,Pickup,2025-12-15,1,Electronics,10158,3,226.31
124,InStore,2025-12-15,1,Home,10122,0,0.0
126,Pickup,2025-10-06,2,Electronics,10151,3,174.03
148,InStore,2025-12-15,1,Home,10059,1,12.72
102,Pickup,2025-12-08,1,Home,10005,0,0.0
182,Pickup,2025-10-06,1,Beauty,10014,5,127.54
229,InStore,2025-10-27,1,Beauty,10121,2,212.33
151,Online,2025-11-03,1,Home,10099,3,57.34
224,Pickup,2025-12-01,1,Electronics,10139,0,0.0
226,Online,2025-10-06,1,Grocery,10166,0,0.0
254,Online,2025-12-08,1,Electronics,10146,4,121.37
217,InStore,2025-12-15,1,Grocery,10056,2,155.05
144,Pickup,2025-11-10,1,Apparel,10026,1,27.65
112,InStore,2025-11-03,4,Grocery,10024,3,55.38
149,InStore,2025-12-22,1,Home,10096,5,195.1
180,Online,2025-12-15,2,Electronics,10175,0,0.0
193,Pickup,2025-12-08,1,Home,10154,6,168.21
121,Pickup,2025-10-06,1,Beauty,10071,1,107.36
136,InStore,2025-12-01,2,Beauty,10164,1,18.06
101,Pickup,2025-12-01,1,Home,10011,0,0.0
113,Pickup,2025-12-15,1,Grocery,10047,0,0.0
210,InStore,2025-12-01,2,Electronics,10019,1,38.75
209,InStore,2025-10-06,2,Home,10110,3,319.3
241,Online,2025-12-15,1,Grocery,10023,5,175.29
141,InStore,2025-10-27,1,Grocery,10014,1,79.91
123,Online,2025-10-06,2,Apparel,10161,1,70.7
136,Online,2025-10-27,2,Apparel,10030,4,37.71
166,Online,2025-11-24,2,Grocery,10095,5,71.03
140,InStore,2025-11-17,1,Grocery,10166,1,15.51
208,InStore,2025-10-20,1,Apparel,10162,5,261.09
109,Pickup,2025-10-20,2,Home,10050,2,161.46
176,InStore,2025-11-17,1,Home,10178,2,64.24
237,Pickup,2025-11-03,1,Electronics,10039,1,33.02
241,InStore,2025-12-01,1,Grocery,10011,3,249.76
195,Online,2025-10-20,1,Beauty,10041,2,200.96
249,Online,2025-10-27,1,Beauty,10065,1,77.66
236,Online,2025-10-20,1,Home,10016,2,213.78
185,Pickup,2025-11-17,2,Apparel,10012,1,66.08
189,Online,2025-11-17,1,Electronics,10116,2,29.82
143,InStore,2025-12-15,2,Beauty,10028,7,502.21
126,Online,2025-12-22,1,Grocery,10099,2,37.06
233,Online,2025-11-03,2,Electronics,10119,4,50.17
191,InStore,2025-10-27,1,Apparel,10123,0,0.0
218,InStore,2025-10-20,2,Home,10115,4,431.27
249,Pickup,2025-10-13,1,Electronics,10039,2,70.16
173,InStore,2025-10-13,1,Grocery,10170,3,340.06
132,Online,2025-11-17,4,Home,10118,2,200.02
219,Online,2025-11-03,1,Apparel,10165,1,85.41
246,Pickup,2025-10-13,1,Grocery,10020,5,565.58
225,InStore,2025-12-01,1,Beauty,10140,4,456.03
221,InStore,2025-10-27,2,Home,10039,2,205.59
257,InStore,2025-11-17,2,Electronics,10089,1,27.27
126,Pickup,2025-12-15,1,Apparel,10007,1,17.57
229,InStore,2025-10-13,2,Apparel,10082,1,75.52
176,Online,2025-10-13,2,Home,10057,2,212.92
258,Pickup,2025-10-27,3,Home,10010,3,357.41
186,InStore,2025-12-01,1,Apparel,10024,0,0.0
180,Pickup,2025-12-22,2,Beauty,10045,1,93.67
145,Online,2025-10-20,2,Apparel,10178,1,66.61
127,InStore,2025-12-08,1,Apparel,10107,3,156.79
105,Online,2025-11-10,1,Apparel,10123,1,61.34
229,InStore,2025-10-13,1,Grocery,10020,1,68.34
116,InStore,2025-10-27,2,Beauty,10157,2,34.75
190,Online,2025-10-20,2,Beauty,10097,5,268.6
149,InStore,2025-12-08,1,Electronics,10119,0,0.0
168,Pickup,2025-10-20,1,Grocery,10027,0,0.0
187,Online,2025-10-27,3,Grocery,10041,3,30.42
246,Online,2025-10-06,1,Grocery,10139,3,291.14
239,Pickup,2025-11-03,1,Apparel,10146,3,123.48
160,Pickup,2025-12-22,1,Grocery,10034,3,105.83
169,InStore,2025-11-03,1,Apparel,10067,1,39.7
203,Pickup,2025-11-10,2,Apparel,10073,1,105.61
153,InStore,2025-11-03,2,Home,10077,4,294.26
209,Online,2025-11-17,1,Apparel,10006,2,58.91
131,Online,2025-11-24,1,Electronics,10077,3,188.53
191,Pickup,2025-11-10,1,Apparel,10010,1,61.08
148,InStore,2025-12-08,3,Grocery,10024,1,52.05
101,Online,2025-11-03,4,Home,10056,0,0.0
114,InStore,2025-10-13,1,Electronics,10022,3,162.82
180,InStore,2025-10-06,1,Electronics,10133,2,42.89
114,Online,2025-11-17,1,Apparel,10131,1,106.23
177,InStore,2025-11-17,1,Grocery,10098,0,0.0
148,Pickup,2025-11-10,1,Apparel,10088,2,220.51
180,Online,2025-10-13,1,Home,10083,1,80.99
212,Pickup,2025-11-10,1,Beauty,10103,3,166.18
179,Online,2025-12-08,2,Grocery,10110,3,121.93
131,Online,2025-12-15,1,Home,10048,2,72.16
133,InStore,2025-10-27,2,Grocery,10032,1,14.68
201,InStore,2025-11-24,1,Electronics,10095,0,0.0
214,InStore,2025-12-08,1,Home,10128,1,33.79
256,Online,2025-11-03,2,Apparel,10066,3,144.98
233,Online,2025-12-15,1,Beauty,10079,3,37.17
137,Online,2025-10-20,1,Electronics,10023,7,769.16
200,Pickup,2025-12-01,1,Apparel,10133,2,148.62
150,Online,2025-10-13,1,Beauty,10089,3,27.18
108,Pickup,2025-11-03,3,Electronics,10006,0,0.0
215,Pickup,2025-10-27,1,Apparel,10101,1,24.77
151,InStore,2025-12-01,1,Apparel,10172,3,295.05
110,InStore,2025-10-27,1,Electronics,10005,2,182.18
211,Pickup,2025-11-10,1,Home,10143,0,0.0
110,Pickup,2025-11-17,2,Apparel,10141,2,204.25
206,Online,2025-10-06,2,Home,10064,2,114.56
223,Online,2025-11-10,1,Electronics,10037,4,39.66
183,InStore,2025-12-08,2,Apparel,10078,2,182.12
258,Online,2025-10-27,4,Apparel,10010,4,56.6
232,InStore,2025-11-24,1,Home,10033,2,177.72
224,Online,2025-11-10,1,Apparel,10022,1,102.36
103,InStore,2025-11-24,2,Home,10086,2,150.01
208,Online,2025-12-01,2,Home,10007,0,0.0
181,Online,2025-10-06,2,Grocery,10116,2,210.52
117,Online,2025-12-22,2,Home,10029,5,290.12
103,Pickup,2025-10-20,3,Beauty,10017,1,57.59
107,Pickup,2025-11-17,2,Grocery,10061,0,0.0
223,Online,2025-12-15,3,Home,10042,1,97.69
141,Pickup,2025-10-20,2,Apparel,10134,2,212.13
214,InStore,2025-11-10,1,Grocery,10002,1,36.63
159,InStore,2025-12-22,3,Beauty,10001,1,23.21
109,Online,2025-12-08,3,Electronics,10008,2,218.15
228,InStore,2025-12-15,2,Electronics,10177,5,91.26
222,Online,2025-10-20,1,Beauty,10111,1,61.34
246,Pickup,2025-11-10,2,Electronics,10091,0,0.0
153,Pickup,2025-10-20,3,Beauty,10173,3,79.2
122,Pickup,2025-10-20,1,Electronics,10116,3,305.9
184,Pickup,2025-12-22,1,Apparel,10041,0,0.0
153,InStore,2025-11-03,3,Apparel,10077,4,397.9
215,Online,2025-11-10,1,Apparel,10078,2,178.41
135,Pickup,2025-12-01,1,Apparel,10105,0,0.0
174,Online,2025-11-24,1,Grocery,10117,3,85.22
241,InStore,2025-11-24,1,Electronics,10067,2,231.82
256,InStore,2025-10-13,2,Grocery,10168,0,0.0
129,Online,2025-11-10,1,Home,10023,2,170.13
177,Online,2025-11-17,2,Electronics,10107,2,62.33
124,Pickup,2025-12-01,1,Grocery,10118,1,11.16
183,Pickup,2025-11-10,2,Apparel,10163,0,0.0
143,InStore,2025-12-01,3,Apparel,10069,6,122.14
192,InStore,2025-12-22,1,Home,10138,1,116.52
130,Pickup,2025-10-13,1,Grocery,10069,5,261.3
135,InStore,2025-12-22,1,Apparel,10038,2,75.71
249,InStore,2025-12-08,1,Grocery,10012,4,409.23
215,Pickup,2025-11-17,1,Grocery,10094,3,138.66
156,InStore,2025-10-06,2,Beauty,10163,2,228.81
259,Online,2025-12-08,3,Grocery,10087,3,119.68
141,Online,2025-12-22,2,Electronics,10171,1,79.0
213,Online,2025-11-03,1,Apparel,10079,0,0.0
128,InStore,2025-12-15,1,Beauty,10029,4,190.12
187,Pickup,2025-10-06,2,Beauty,10003,4,185.38
125,InStore,2025-11-17,2,Grocery,10119,1,84.35
150,Pickup,2025-11-03,1,Grocery,10165,3,340.43
203,Pickup,2025-10-20,1,Grocery,10043,1,88.84
148,Pickup,2025-11-03,2,Beauty,10118,0,0.0
249,InStore,2025-10-27,2,Beauty,10010,3,301.95
179,Pickup,2025-11-10,2,Electronics,10151,2,78.7
123,Online,2025-10-20,2,Home,10149,0,0.0
239,Pickup,2025-11-10,1,Grocery,10023,0,0.0
168,Pickup,2025-11-24,2,Apparel,10120,2,68.24
173,Pickup,2025-11-17,2,Beauty,10155,2,69.03
258,InStore,2025-10-27,1,Beauty,10018,2,56.61
145,InStore,2025-11-17,3,Grocery,10013,1,100.0
243,InStore,2025-12-08,1,Grocery,10084,1,59.77
166,InStore,2025-12-08,1,Home,10020,1,49.33
243,InStore,2025-11-10,1,Beauty,10163,6,315.86
185,InStore,2025-10-27,1,Grocery,10011,3,197.48
235,InStore,2025-12-22,2,Grocery,10156,6,626.95
135,InStore,2025-12-08,1,Electronics,10017,5,193.95
215,InStore,2025-10-06,2,Home,10070,3,64.44
169,InStore,2025-10-13,1,Beauty,10033,4,404.59
101,InStore,2025-10-06,3,Grocery,10015,0,0.0
116,Online,2025-10-06,1,Grocery,10149,3,187.64
122,Pickup,2025-11-24,2,Grocery,10146,4,343.73
145,Online,2025-12-22,2,Grocery,10072,2,69.67
144,Online,2025-12-01,2,Home,10052,1,25.62
109,Pickup,2025-10-06,4,Beauty,10108,1,73.08
177,InStore,2025-12-15,2,Electronics,10171,2,231.18
253,Online,2025-10-06,1,Beauty,10134,1,50.83
202,Online,2025-11-24,1,Home,10053,4,344.14
117,InStore,2025-10-27,1,Apparel,10009,2,81.28
158,Online,2025-11-03,1,Beauty,10120,0,0.0
172,InStore,2025-11-03,1,Beauty,10140,3,231.42
114,Pickup,2025-10-27,1,Beauty,10075,4,304.52
175,Pickup,2025-10-20,1,Apparel,10077,3,326.53
213,Online,2025-10-27,2,Home,10100,1,86.84
148,InStore,2025-11-24,1,Electronics,10154,4,90.48
195,Online,2025-10-20,1,Apparel,10111,2,49.08
193,Pickup,2025-11-17,1,Apparel,10087,0,0.0
199,Online,2025-11-24,1,Home,10075,1,16.29
151,Pickup,2025-10-06,1,Electronics,10146,2,239.53
227,Pickup,2025-12-22,2,Apparel,10103,2,200.73
128,Pickup,2025-12-01,1,Home,10080,5,302.1
150,InStore,2025-11-24,2,Electronics,10075,4,429.38
248,InStore,2025-10-27,1,Electronics,10083,2,164.86
210,Online,2025-11-17,3,Beauty,10005,4,281.89
175,InStore,2025-12-08,2,Beauty,10128,1,28.29
154,InStore,2025-12-22,1,Grocery,10080,3,199.89
221,Pickup,2025-11-10,1,Beauty,10096,3,269.64
175,InStore,2025-12-15,2,Grocery,10151,0,0.0
212,InStore,2025-11-03,1,Beauty,10178,4,108.14
250,Online,2025-11-17,3,Electronics,10138,2,177.36
225,Pickup,2025-12-01,2,Beauty,10024,4,331.1
117,Online,2025-10-13,1,Home,10054,0,0.0
150,Pickup,2025-10-06,1,Apparel,10149,1,15.26
159,Online,2025-10-13,1,Electronics,10077,0,0.0
245,Online,2025-11-17,1,Electronics,10153,0,0.0
173,Online,2025-12-01,2,Home,10154,1,107.46
226,InStore,2025-10-20,2,Electronics,10117,1,110.67
193,Online,2025-10-06,1,Home,10111,2,78.11
108,Online,2025-12-15,3,Electronics,10004,3,357.93
133,InStore,2025-12-15,1,Beauty,10065,0,0.0
227,InStore,2025-12-08,1,Apparel,10007,4,197.89
186,Pickup,2025-12-22,1,Grocery,10164,2,46.27
158,InStore,2025-11-10,1,Beauty,10040,0,0.0
232,InStore,2025-11-17,2,Electronics,10062,2,144.78
110,Online,2025-10-13,1,Electronics,10062,1,119.47
191,Pickup,2025-11-24,3,Electronics,10159,2,70.32
165,Online,2025-12-22,1,Apparel,10086,0,0.0
202,InStore,2025-11-10,1,Electronics,10167,2,44.94
153,Online,2025-10-06,1,Beauty,10148,2,172.94
214,Online,2025-11-10,1,Electronics,10045,4,71.16
121,InStore,2025-10-06,2,Home,10071,1,8.62
210,Pickup,2025-11-24,1,Apparel,10140,2,140.93
101,Pickup,2025-11-10,1,Home,10069,2,181.83
148,Pickup,2025-12-01,1,Beauty,10096,3,343.3
213,Online,2025-11-24,1,Apparel,10016,2,170.58
131,InStore,2025-10-13,1,Apparel,10161,2,235.53
220,Online,2025-10-13,2,Home,10133,0,0.0
210,Pickup,2025-11-17,4,Home,10005,2,163.18
140,Online,2025-11-24,2,Home,10026,2,141.31
249,InStore,2025-11-17,1,Grocery,10107,1,75.72
158,InStore,2025-12-15,1,Grocery,10028,2,193.97
215,Online,2025-11-03,1,Grocery,10025,3,99.73
133,Online,2025-12-15,2,Apparel,10123,3,115.16
143,Pickup,2025-12-01,2,Home,10172,2,146.87
105,Pickup,2025-12-15,2,Beauty,10121,2,41.92
120,InStore,2025-10-06,2,Home,10021,1,67.26
168,Pickup,2025-11-03,1,Electronics,10179,2,138.02
171,InStore,2025-11-24,2,Grocery,10117,1,40.95
156,Online,2025-10-20,1,Apparel,10082,0,0.0
259,InStore,2025-11-10,1,Apparel,10070,4,433.13
148,InStore,2025-12-15,1,Electronics,10153,4,271.24
106,Online,2025-12-22,1,Apparel,10141,0,0.0
160,Pickup,2025-10-20,1,Home,10022,1,119.87
243,InStore,2025-11-17,1,Grocery,10073,5,236.21
141,Online,2025-10-27,2,Electronics,10046,2,72.69
111,Pickup,2025-10-27,1,Electronics,10070,1,14.0
116,InStore,2025-10-13,2,Beauty,10113,3,104.71
226,Online,2025-11-24,2,Apparel,10097,2,29.45
132,Pickup,2025-10-13,3,Home,10003,3,35.3
194,Online,2025-12-08,1,Apparel,10178,3,123.63
127,Pickup,2025-11-10,3,Home,10086,2,185.65
101,Pickup,2025-12-15,2,Home,10030,3,228.0
165,Pickup,2025-11-24,1,Apparel,10164,3,185.57
226,Online,2025-10-13,2,Apparel,10103,3,334.4
159,Online,2025-10-20,1,Home,10151,0,0.0
255,Pickup,2025-10-13,2,Grocery,10102,1,100.75
114,InStore,2025-10-06,2,Home,10121,3,340.86
112,Pickup,2025-10-20,2,Electronics,10118,2,129.37
211,Online,2025-11-24,2,Home,10080,0,0.0
255,Online,2025-11-24,3,Electronics,10153,2,18.2
210,InStore,2025-11-10,1,Apparel,10147,1,73.47
167,Online,2025-11-17,1,Apparel,10125,1,79.37
151,InStore,2025-11-03,1,Apparel,10164,0,0.0
108,InStore,2025-11-24,1,Grocery,10032,1,64.0
228,Pickup,2025-10-06,3,Apparel,10038,4,319.14
135,InStore,2025-10-13,1,Grocery,10081,1,97.7
148,InStore,2025-12-08,4,Grocery,10024,4,381.92
208,Online,2025-11-24,1,Beauty,10138,1,69.97
160,Pickup,2025-11-17,2,Beauty,10092,3,104.08
219,Pickup,2025-12-15,2,Electronics,10024,0,0.0
147,InStore,2025-12-08,1,Apparel,10060,3,145.9
135,Pickup,2025-10-06,2,Home,10078,6,457.0
229,InStore,2025-10-20,1,Beauty,10034,3,28.44
121,InStore,2025-12-15,1,Apparel,10057,2,172.13
164,Pickup,2025-12-22,1,Beauty,10035,1,114.48
211,InStore,2025-11-03,1,Apparel,10024,2,224.56
158,Pickup,2025-12-22,1,Electronics,10165,1,8.01
148,InStore,2025-12-08,2,Beauty,10172,0,0.0
105,Online,2025-11-03,1,Grocery,10088,2,35.61
199,Pickup,2025-10-27,3,Home,10119,0,0.0
124,Pickup,2025-10-06,2,Home,10133,1,38.53
139,InStore,2025-10-27,1,Electronics,10069,3,223.92
152,InStore,2025-11-17,1,Home,10088,3,353.4
133,Online,2025-11-03,1,Home,10127,0,0.0
215,Pickup,2025-10-27,4,Home,10163,0,0.0
229,Online,2025-10-20,2,Grocery,10034,1,23.01
243,Pickup,2025-10-06,1,Beauty,10048,2,219.79
168,InStore,2025-12-15,2,Grocery,10061,1,68.34
157,InStore,2025-10-06,1,Home,10029,2,106.1
256,Pickup,2025-10-06,3,Grocery,10102,2,137.89
202,InStore,2025-10-20,1,Electronics,10075,2,91.48
202,Online,2025-11-10,1,Electronics,10032,1,117.74
109,InStore,2025-11-24,1,Home,10114,1,82.84
247,InStore,2025-11-24,1,Home,10053,3,81.66
209,Pickup,2025-12-01,3,Electronics,10175,2,122.79
170,Pickup,2025-10-06,1,Home,10104,2,43.4
123,InStore,2025-11-10,2,Beauty,10061,4,146.24
154,Online,2025-11-03,1,Apparel,10014,2,139.15
208,InStore,2025-11-03,2,Home,10069,2,179.05
180,Pickup,2025-10-06,1,Home,10120,2,72.6
122,InStore,2025-11-17,2,Beauty,10083,1,26.59
132,InStore,2025-12-08,2,Home,10126,2,230.26
244,Online,2025-12-01,2,Beauty,10116,4,394.03
148,Pickup,2025-10-27,1,Grocery,10029,0,0.0
161,InStore,2025-11-17,1,Grocery,10103,6,227.35
119,Online,2025-11-17,1,Beauty,10001,0,0.0
198,Pickup,2025-11-03,1,Home,10173,1,28.02
196,Pickup,2025-10-06,1,Apparel,10052,1,98.11
130,InStore,2025-11-03,1,Grocery,10127,5,171.93
223,Online,2025-10-06,2,Grocery,10032,2,87.99
247,InStore,2025-11-24,1,Home,10135,2,177.42
230,Pickup,2025-10-27,1,Electronics,10073,3,138.94
223,Online,2025-10-13,2,Electronics,10069,2,212.37
140,InStore,2025-11-03,1,Electronics,10113,4,201.94
158,Online,2025-10-20,2,Home,10051,2,22.64
164,Pickup,2025-11-17,1,Electronics,10089,2,156.39
240,InStore,2025-10-13,1,Electronics,10123,3,312.16
161,Online,2025-11-17,1,Apparel,10076,3,221.88
232,InStore,2025-12-08,2,Apparel,10042,3,155.22
242,Pickup,2025-11-17,2,Apparel,10040,4,425.86
236,Online,2025-11-24,2,Home,10166,1,45.64
148,Online,2025-11-03,1,Electronics,10001,0,0.0
121,Pickup,2025-12-01,1,Electronics,10077,1,22.77
173,Pickup,2025-11-24,1,Beauty,10159,0,0.0
167,Pickup,2025-10-06,1,Apparel,10098,5,172.62
115,Online,2025-10-27,2,Apparel,10086,2,160.97
256,Online,2025-10-06,1,Electronics,10100,4,378.76
112,InStore,2025-10-27,2,Electronics,10080,3,109.23
110,InStore,2025-10-27,1,Grocery,10118,2,51.09
258,InStore,2025-11-24,1,Beauty,10167,0,0.0
224,Online,2025-10-27,1,Grocery,10119,2,190.13
174,InStore,2025-11-03,1,Electronics,10139,3,317.57
193,InStore,2025-10-27,1,Beauty,10131,1,81.33
138,InStore,2025-12-01,1,Grocery,10053,0,0.0
190,Online,2025-10-27,2,Electronics,10040,2,83.65
105,Online,2025-11-17,1,Grocery,10053,4,156.71
103,Online,2025-10-06,1,Grocery,10116,4,188.57
185,InStore,2025-11-03,2,Apparel,10059,1,77.42
152,InStore,2025-11-24,2,Electronics,10044,2,27.98
193,Online,2025-12-08,2,Home,10106,1,45.12
223,InStore,2025-10-20,4,Electronics,10061,3,112.65
205,InStore,2025-11-03,1,Electronics,10135,1,36.24
116,InStore,2025-11-03,2,Grocery,10138,1,103.09
101,Pickup,2025-11-03,2,Apparel,10071,2,98.73
229,Online,2025-12-08,1,Electronics,10017,2,46.6
156,Online,2025-11-10,1,Beauty,10084,3,174.8
174,Online,2025-12-15,1,Beauty,10106,1,116.56
235,Pickup,2025-10-06,2,Apparel,10003,3,195.05
220,Pickup,2025-12-01,2,Electronics,10130,2,39.62
120,Pickup,2025-12-01,1,Grocery,10142,2,134.15
111,Online,2025-10-13,2,Apparel,10021,1,116.64
248,InStore,2025-11-03,2,Beauty,10109,2,143.05
203,Pickup,2025-11-03,1,Apparel,10037,2,202.77
246,Pickup,2025-11-17,3,Grocery,10157,0,0.0
121,Pickup,2025-11-24,1,Home,10143,2,64.37
157,Pickup,2025-12-08,1,Electronics,10045,1,20.42
202,InStore,2025-11-24,1,Grocery,10023,1,62.31
122,InStore,2025-11-10,2,Electronics,10053,2,33.39
118,InStore,2025-12-01,2,Beauty,10033,0,0.0
121,InStore,2025-12-01,1,Grocery,10054,0,0.0
221,InStore,2025-11-10,2,Apparel,10096,2,106.1
255,Online,2025-11-17,1,Grocery,10034,2,202.97
236,Pickup,2025-12-22,1,Beauty,10155,3,244.5
215,Online,2025-11-24,1,Apparel,10088,2,47.04
158,Pickup,2025-10-06,1,Grocery,10113,1,38.42
247,InStore,2025-11-17,1,Electronics,10120,4,392.02
218,InStore,2025-12-15,1,Electronics,10032,1,11.55
217,Pickup,2025-12-01,1,Home,10141,2,76.78
213,Pickup,2025-10-13,1,Electronics,10090,2,86.98
200,InStore,2025-11-17,1,Home,10114,1,70.84
252,Online,2025-11-17,1,Apparel,10037,3,274.63
111,InStore,2025-11-10,2,Apparel,10057,3,303.54
236,Pickup,2025-10-27,3,Apparel,10136,1,85.21
130,Online,2025-12-01,1,Home,10109,1,38.07
134,Online,2025-12-01,1,Electronics,10122,5,527.7
127,Online,2025-12-08,2,Apparel,10061,3,278.95
178,Online,2025-10-27,1,Beauty,10172,2,105.99
160,InStore,2025-10-20,1,Grocery,10030,2,79.82
204,Online,2025-12-08,1,Grocery,10156,0,0.0
142,InStore,2025-10-06,1,Grocery,10142,2,209.76
250,Online,2025-11-17,1,Apparel,10125,3,335.45
226,Online,2025-12-08,1,Grocery,10043,1,13.77
171,InStore,2025-11-24,3,Beauty,10117,2,54.07
134,InStore,2025-10-20,1,Grocery,10123,2,237.57
121,Online,2025-12-15,2,Beauty,10057,3,325.45
226,InStore,2025-12-15,3,Grocery,10063,4,443.17
214,Pickup,2025-10-13,1,Grocery,10082,1,31.25
217,Online,2025-11-17,2,Beauty,10127,1,111.72
116,InStore,2025-11-17,2,Electronics,10178,0,0.0
193,InStore,2025-11-17,2,Home,10087,2,94.18
215,Pickup,2025-12-01,1,Grocery,10172,2,109.98
170,InStore,2025-10-13,2,Beauty,10091,4,79.09
179,InStore,2025-10-13,4,Grocery,10071,2,229.71
177,Online,2025-10-06,1,Apparel,10100,6,77.3
195,Pickup,2025-12-22,2,Electronics,10112,2,129.63
175,InStore,2025-10-06,2,Apparel,10174,2,122.8
227,Pickup,2025-11-17,1,Grocery,10086,3,187.13
240,Pickup,2025-10-06,1,Home,10163,1,46.98
168,Online,2025-10-20,2,Grocery,10027,0,0.0
180,Online,2025-10-13,3,Home,10091,2,214.58
192,InStore,2025-11-17,1,Grocery,10076,0,0.0
114,InStore,2025-10-06,3,Home,10121,0,0.0
224,Online,2025-10-06,1,Grocery,10099,2,52.98
197,InStore,2025-10-20,2,Apparel,10118,2,32.45
249,Pickup,2025-11-03,2,Grocery,10054,2,89.99
183,Online,2025-12-01,1,Electronics,10125,1,77.5
250,Online,2025-11-03,1,Apparel,10048,1,13.65
222,Pickup,2025-10-06,3,Home,10097,1,77.83
152,InStore,2025-11-17,3,Beauty,10040,6,323.45
163,Pickup,2025-10-06,3,Home,10123,4,216.92
105,InStore,2025-11-03,3,Electronics,10071,2,102.49
122,InStore,2025-11-10,2,Beauty,10091,4,101.83
124,InStore,2025-11-17,1,Home,10003,1,51.6
129,InStore,2025-10-20,1,Apparel,10149,5,398.33
168,Pickup,2025-12-15,3,Beauty,10061,2,163.89
204,Pickup,2025-12-08,1,Beauty,10162,2,193.78
162,InStore,2025-12-22,1,Electronics,10029,2,192.28
157,Pickup,2025-10-13,1,Apparel,10137,2,205.16
123,Online,2025-10-27,1,Apparel,10142,1,13.58
243,Online,2025-12-22,1,Beauty,10155,2,180.48
233,InStore,2025-11-17,1,Grocery,10028,4,149.31
127,Online,2025-12-01,1,Apparel,10070,2,21.18
233,Online,2025-11-24,1,Home,10165,3,125.87
247,Online,2025-10-20,2,Beauty,10060,3,141.34
232,Pickup,2025-11-03,1,Grocery,10108,1,82.01
136,Pickup,2025-12-01,1,Electronics,10054,1,75.81
127,Online,2025-11-17,2,Apparel,10145,2,107.91
110,Pickup,2025-12-15,1,Grocery,10030,1,57.1
114,Online,2025-12-01,2,Electronics,10115,0,0.0
243,Pickup,2025-12-22,2,Apparel,10035,2,128.99
243,InStore,2025-11-24,3,Beauty,10021,1,79.0
129,Pickup,2025-11-24,2,Grocery,10093,4,228.87
138,InStore,2025-10-27,3,Grocery,10059,0,0.0
227,Pickup,2025-12-01,2,Home,10000,0,0.0
232,InStore,2025-12-22,2,Apparel,10024,4,304.77
180,Online,2025-10-27,1,Electronics,10174,4,271.91
226,InStore,2025-12-22,2,Beauty,10156,4,444.3
105,Pickup,2025-11-03,4,Grocery,10071,2,59.23
142,Online,2025-10-13,1,Grocery,10075,1,19.95
213,Online,2025-11-03,1,Apparel,10075,3,281.44
220,Online,2025-10-13,2,Home,10038,0,0.0
194,Online,2025-11-03,2,Home,10120,3,100.94
192,Online,2025-12-22,2,Beauty,10138,0,0.0
195,Pickup,2025-12-15,3,Home,10146,1,80.78
162,Pickup,2025-12-15,2,Electronics,10051,0,0.0
106,Online,2025-10-06,2,Grocery,10034,1,86.74
140,Pickup,2025-11-10,2,Electronics,10105,2,142.41
234,InStore,2025-11-03,1,Grocery,10163,2,30.45
235,Pickup,2025-12-08,1,Beauty,10077,2,235.02
202,Pickup,2025-10-06,2,Apparel,10143,2,204.33
239,Online,2025-11-24,2,Grocery,10044,3,310.97
250,Pickup,2025-11-17,4,Apparel,10138,3,300.76
215,InStore,2025-12-01,1,Electronics,10055,2,35.76
224,Online,2025-10-06,1,Apparel,10120,4,218.33
107,Pickup,2025-10-27,1,Grocery,10091,2,227.16
237,InStore,2025-12-22,2,Electronics,10041,3,83.67
253,Online,2025-10-13,1,Apparel,10106,1,117.01
201,Online,2025-11-24,2,Electronics,10095,4,246.51
249,Pickup,2025-12-22,2,Home,10048,0,0.0
131,Online,2025-11-03,3,Electronics,10125,2,167.5
157,Pickup,2025-10-06,1,Apparel,10028,3,59.63
123,Online,2025-10-27,2,Apparel,10142,2,51.99
103,Pickup,2025-12-01,1,Grocery,10060,4,102.66
137,Pickup,2025-12-15,1,Grocery,10061,1,67.16
134,Pickup,2025-12-22,2,Apparel,10093,6,179.79
246,Online,2025-11-10,1,Apparel,10102,1,75.45
206,Online,2025-10-06,2,Electronics,10063,1,101.88
240,InStore,2025-11-17,2,Beauty,10147,3,339.68
232,Pickup,2025-11-24,2,Home,10033,3,75.3
203,Online,2025-11-10,2,Electronics,10041,1,47.33
140,Pickup,2025-10-20,1,Home,10011,0,0.0
123,InStore,2025-10-27,1,Electronics,10149,0,0.0
132,InStore,2025-12-08,1,Grocery,10061,3,38.75
169,Pickup,2025-12-08,2,Electronics,10008,3,327.49
198,Online,2025-11-24,1,Apparel,10167,0,0.0
167,Pickup,2025-11-10,2,Apparel,10056,4,300.19
117,Pickup,2025-11-03,1,Grocery,10128,2,47.66
223,InStore,2025-10-20,1,Home,10170,2,192.92
163,Online,2025-12-15,1,Grocery,10113,0,0.0
144,InStore,2025-10-06,1,Home,10106,4,240.08
236,InStore,2025-10-27,1,Apparel,10079,0,0.0
131,Pickup,2025-10-27,1,Beauty,10098,5,230.71
160,Pickup,2025-11-10,1,Apparel,10101,1,68.9
146,Online,2025-10-06,4,Electronics,10088,2,58.44
257,Pickup,2025-11-10,2,Beauty,10049,2,40.69
188,Online,2025-11-10,2,Beauty,10176,2,187.42
216,Online,2025-11-03,2,Beauty,10041,1,21.04
222,Pickup,2025-10-20,2,Beauty,10033,4,143.13
213,Pickup,2025-12-01,1,Grocery,10002,0,0.0
188,InStore,2025-12-08,1,Apparel,10083,4,194.47
158,InStore,2025-12-22,1,Electronics,10167,0,0.0
254,Pickup,2025-10-20,1,Apparel,10044,4,197.75
243,InStore,2025-10-13,2,Beauty,10156,1,37.04
165,Pickup,2025-11-17,2,Grocery,10107,2,58.67
190,Pickup,2025-10-06,2,Apparel,10069,6,332.26
135,Online,2025-10-27,1,Grocery,10085,1,86.59
201,Pickup,2025-11-10,1,Electronics,10087,3,332.39
164,Pickup,2025-10-27,3,Grocery,10131,4,311.65
170,InStore,2025-11-24,2,Beauty,10090,3,274.97
181,Pickup,2025-10-06,1,Grocery,10007,1,110.98
239,InStore,2025-12-15,3,Beauty,10021,2,238.78
170,InStore,2025-11-10,2,Beauty,10152,3,136.36
117,InStore,2025-10-06,3,Apparel,10133,1,68.15
186,InStore,2025-12-08,1,Electronics,10177,0,0.0
197,Online,2025-10-06,1,Electronics,10102,2,168.81
131,InStore,2025-10-20,1,Beauty,10041,6,474.35
154,InStore,2025-11-10,1,Beauty,10033,1,40.92
142,Online,2025-10-20,1,Apparel,10002,2,207.0
214,Online,2025-10-13,2,Home,10082,1,61.85
127,Online,2025-11-17,3,Beauty,10145,2,65.99
256,InStore,2025-10-13,3,Apparel,10115,5,135.77
117,Pickup,2025-12-01,2,Apparel,10068,0,0.0
114,Pickup,2025-12-22,2,Beauty,10102,2,108.5
220,InStore,2025-12-22,1,Apparel,10090,1,51.37
210,InStore,2025-12-22,1,Beauty,10125,2,197.25
252,InStore,2025-11-17,2,Electronics,10037,1,59.58
202,InStore,2025-10-20,1,Home,10072,0,0.0
113,Online,2025-11-24,2,Grocery,10077,1,12.11
253,Online,2025-11-24,1,Grocery,10160,4,210.16
233,Online,2025-11-03,3,Home,10099,0,0.0
191,Online,2025-11-10,1,Beauty,10009,3,145.55
145,Pickup,2025-10-20,1,Electronics,10059,1,54.42
152,InStore,2025-12-08,2,Home,10000,2,154.37
144,Online,2025-11-10,1,Apparel,10043,1,15.03
164,Online,2025-12-22,3,Grocery,10129,0,0.0
164,Online,2025-12-22,2,Home,10035,1,29.25
135,InStore,2025-11-10,2,Grocery,10125,4,148.24
132,Pickup,2025-12-01,2,Electronics,10046,0,0.0
148,Pickup,2025-10-13,1,Electronics,10078,1,100.18
234,InStore,2025-11-03,1,Grocery,10020,5,579.21
196,InStore,2025-10-27,1,Beauty,10150,2,120.5
245,Online,2025-11-03,1,Apparel,10055,7,622.64
167,Online,2025-10-13,1,Apparel,10006,4,180.62
200,InStore,2025-12-15,2,Apparel,10156,3,129.02
174,Pickup,2025-10-13,2,Grocery,10053,3,181.65
150,Online,2025-10-27,1,Apparel,10039,4,144.67
247,InStore,2025-11-10,2,Grocery,10138,0,0.0
137,InStore,2025-12-08,2,Electronics,10165,3,180.1
175,InStore,2025-11-24,2,Home,10147,0,0.0
102,InStore,2025-10-13,1,Home,10096,2,65.04
111,Pickup,2025-12-08,1,Home,10126,1,92.62
159,InStore,2025-12-08,3,Electronics,10166,2,27.87
123,Pickup,2025-12-01,4,Electronics,10159,2,236.55
101,Pickup,2025-11-10,2,Grocery,10069,1,26.62
155,Pickup,2025-10-27,2,Electronics,10015,2,177.64
135,InStore,2025-12-08,2,Home,10168,2,92.02
195,Online,2025-12-01,3,Home,10081,4,174.25
152,Pickup,2025-12-01,2,Home,10122,3,336.53
151,Pickup,2025-10-06,2,Apparel,10130,1,69.04
189,Online,2025-11-03,1,Home,10056,2,214.32
224,InStore,2025-11-10,2,Grocery,10022,0,0.0
148,Pickup,2025-12-01,1,Beauty,10128,0,0.0
201,Online,2025-12-15,3,Apparel,10111,0,0.0
249,InStore,2025-11-24,1,Beauty,10143,2,108.73
213,InStore,2025-11-17,1,Electronics,10038,2,192.85
247,Online,2025-10-13,1,Grocery,10017,1,47.25
159,Online,2025-11-17,3,Electronics,10152,4,173.27
110,Pickup,2025-10-06,1,Apparel,10000,3,273.68
114,Online,2025-12-15,1,Grocery,10127,3,220.51
175,InStore,2025-12-15,1,Electronics,10121,2,33.0
220,InStore,2025-10-13,1,Apparel,10149,1,21.88
202,Online,2025-11-03,1,Electronics,10077,0,0.0
238,Online,2025-10-13,2,Apparel,10032,0,0.0
205,Online,2025-12-15,1,Electronics,10006,0,0.0
190,Pickup,2025-10-20,2,Beauty,10106,2,227.12
168,InStore,2025-12-22,2,Apparel,10016,5,166.25
195,InStore,2025-11-24,2,Grocery,10173,1,39.86
108,Pickup,2025-11-24,2,Home,10136,2,225.21
158,Online,2025-10-13,1,Grocery,10102,0,0.0
218,Online,2025-10-20,3,Electronics,10115,2,195.26
114,InStore,2025-12-15,2,Home,10127,1,10.56
112,Online,2025-10-13,1,Apparel,10130,0,0.0
134,Online,2025-12-08,2,Home,10006,1,98.44
130,Pickup,2025-11-24,1,Home,10085,4,298.69
128,Online,2025-12-22,2,Grocery,10045,3,275.05
215,Online,2025-12-01,2,Electronics,10172,3,283.27
118,Online,2025-11-10,1,Home,10126,1,52.86
157,InStore,2025-10-27,2,Home,10166,5,242.67
200,Online,2025-12-01,1,Apparel,10042,4,60.72
248,InStore,2025-12-08,2,Electronics,10066,0,0.0
146,Online,2025-12-15,1,Home,10037,2,165.94
175,Pickup,2025-11-24,3,Beauty,10147,3,167.71
236,Online,2025-11-17,1,Beauty,10134,3,269.17
172,InStore,2025-12-22,1,Home,10007,1,100.11
172,InStore,2025-11-17,2,Grocery,10103,2,203.99
181,Online,2025-12-22,1,Apparel,10091,2,188.29
204,Pickup,2025-11-17,1,Electronics,10000,1,55.59
153,Pickup,2025-10-06,3,Grocery,10006,1,98.46
129,InStore,2025-12-01,2,Apparel,10024,1,83.62
184,Online,2025-11-10,3,Electronics,10166,0,0.0
111,Pickup,2025-11-10,2,Home,10027,7,175.33
142,Pickup,2025-12-08,3,Home,10143,3,75.01
257,Online,2025-11-03,2,Home,10048,5,213.46
224,Pickup,2025-10-27,1,Electronics,10058,2,222.22
176,InStore,2025-11-24,1,Beauty,10161,1,60.75
186,Pickup,2025-10-06,1,Electronics,10079,2,160.95
121,InStore,2025-11-24,1,Beauty,10178,5,263.64
119,Pickup,2025-12-15,2,Electronics,10034,0,0.0
114,Online,2025-11-17,2,Apparel,10131,1,83.46
138,InStore,2025-11-24,1,Grocery,10091,0,0.0
105,Pickup,2025-12-15,2,Beauty,10170,1,9.16
202,Online,2025-10-20,2,Home,10072,1,29.11
186,Pickup,2025-12-08,2,Apparel,10177,1,82.59
101,Online,2025-10-06,2,Beauty,10125,1,36.74
232,Pickup,2025-10-13,2,Electronics,10148,2,166.53
217,InStore,2025-11-17,1,Apparel,10142,2,26.95
248,InStore,2025-12-01,2,Apparel,10082,1,63.03
157,InStore,2025-10-13,1,Home,10094,2,166.86
247,Online,2025-10-27,1,Apparel,10107,0,0.0
225,Online,2025-12-01,2,Electronics,10140,1,87.61
161,InStore,2025-11-03,1,Grocery,10122,4,406.05
223,Online,2025-10-20,5,Home,10061,0,0.0
218,Pickup,2025-11-24,3,Apparel,10131,1,38.25
192,Online,2025-11-24,1,Electronics,10041,1,37.72
118,Online,2025-10-20,1,Home,10159,3,44.24
257,InStore,2025-11-17,2,Electronics,10135,5,215.86
126,InStore,2025-11-10,1,Grocery,10108,4,71.04
176,Pickup,2025-10-20,1,Grocery,10076,5,498.42
120,InStore,2025-11-03,2,Electronics,10013,2,188.61
100,InStore,2025-12-01,1,Beauty,10007,2,160.49
204,InStore,2025-10-06,1,Beauty,10135,0,0.0
222,Pickup,2025-12-01,1,Grocery,10079,3,25.39
138,Pickup,2025-11-24,3,Home,10138,2,92.04
222,Pickup,2025-10-27,1,Home,10095,2,239.35
174,Pickup,2025-12-22,2,Home,10069,3,157.64
196,Online,2025-10-06,1,Grocery,10177,2,88.84
159,Pickup,2025-11-03,1,Home,10100,3,266.0
194,InStore,2025-11-03,2,Electronics,10035,0,0.0
178,InStore,2025-11-10,1,Electronics,10110,2,131.71
185,Pickup,2025-11-17,3,Electronics,10012,2,130.07
253,Online,2025-11-03,1,Grocery,10073,3,318.27
259,Pickup,2025-11-24,1,Beauty,10113,1,25.88
255,Online,2025-10-06,1,Home,10037,1,26.99
198,Online,2025-11-03,1,Grocery,10068,6,167.56
254,InStore,2025-11-10,1,Electronics,10150,2,25.63
158,Pickup,2025-10-13,3,Grocery,10020,3,246.32
196,Pickup,2025-11-17,4,Electronics,10017,4,283.52
187,Online,2025-11-17,2,Electronics,10052,3,35.65
221,Online,2025-10-06,2,Apparel,10018,0,0.0
139,Pickup,2025-12-01,2,Electronics,10018,1,55.03
161,Pickup,2025-11-17,2,Apparel,10096,8,610.71
224,Pickup,2025-12-01,2,Grocery,10139,1,68.14
166,Online,2025-10-20,1,Grocery,10091,1,88.29
228,Pickup,2025-10-27,2,Grocery,10124,0,0.0
110,Online,2025-10-06,2,Grocery,10046,4,90.35
151,InStore,2025-12-22,2,Electronics,10135,4,344.2
110,Online,2025-10-27,2,Electronics,10118,1,43.26
161,Online,2025-11-17,3,Apparel,10096,4,123.45
224,Online,2025-12-22,1,Home,10002,6,500.84
122,InStore,2025-12-22,1,Electronics,10089,2,239.47
166,Pickup,2025-10-13,1,Home,10019,2,159.85
183,InStore,2025-10-20,1,Home,10086,3,143.46
175,Pickup,2025-12-15,3,Beauty,10151,2,219.38
145,InStore,2025-11-24,1,Electronics,10015,3,236.77
158,Pickup,2025-12-15,1,Grocery,10046,0,0.0
177,InStore,2025-10-27,2,Apparel,10112,1,58.88
195,InStore,2025-11-24,2,Grocery,10070,1,10.67
126,InStore,2025-10-06,2,Electronics,10096,3,215.39
207,InStore,2025-10-06,2,Electronics,10157,1,63.28
193,Online,2025-11-10,1,Electronics,10071,1,62.44
246,Online,2025-10-20,4,Electronics,10090,1,110.18
109,InStore,2025-12-15,1,Beauty,10104,2,163.64
113,Online,2025-10-06,2,Grocery,10031,2,153.93
115,Pickup,2025-12-22,1,Grocery,10019,0,0.0
167,Online,2025-10-13,2,Grocery,10161,1,118.47
197,Online,2025-10-27,2,Grocery,10154,4,122.38
232,InStore,2025-12-08,1,Home,10101,2,41.03
253,InStore,2025-10-06,2,Electronics,10054,1,110.2
207,Pickup,2025-10-13,1,Electronics,10080,0,0.0
159,Pickup,2025-11-03,3,Electronics,10043,1,68.05
118,Online,2025-11-24,1,Apparel,10172,0,0.0
170,Pickup,2025-12-08,2,Grocery,10053,2,67.55
122,Pickup,2025-10-06,1,Beauty,10014,0,0.0
130,InStore,2025-11-24,1,Home,10012,3,316.34
203,Online,2025-12-15,2,Home,10078,0,0.0
223,InStore,2025-10-06,1,Electronics,10133,3,256.7
253,Pickup,2025-10-13,1,Beauty,10016,2,207.42
156,Pickup,2025-12-15,2,Electronics,10117,0,0.0
222,InStore,2025-11-17,1,Apparel,10068,1,10.12
111,Pickup,2025-10-20,1,Beauty,10166,2,53.55
117,InStore,2025-11-10,1,Beauty,10024,0,0.0
217,Online,2025-10-13,2,Grocery,10000,0,0.0
193,Online,2025-11-10,2,Grocery,10059,0,0.0
164,Online,2025-10-13,1,Beauty,10054,1,57.97
134,Pickup,2025-12-08,1,Grocery,10149,0,0.0
137,Pickup,2025-10-27,1,Electronics,10031,6,307.54
175,InStore,2025-11-03,2,Beauty,10075,4,286.73
187,InStore,2025-10-06,2,Home,10102,1,76.54
177,Online,2025-12-15,3,Grocery,10171,0,0.0
186,Online,2025-10-06,2,Grocery,10158,3,70.81
201,InStore,2025-10-06,2,Apparel,10002,2,145.05
204,Pickup,2025-10-27,1,Home,10126,0,0.0
235,Pickup,2025-11-10,1,Home,10012,3,254.09
109,InStore,2025-10-06,1,Home,10174,1,54.11
189,Online,2025-12-22,1,Home,10101,3,99.4
237,Pickup,2025-12-22,1,Home,10131,3,46.37
204,Online,2025-10-13,1,Home,10092,0,0.0
211,Pickup,2025-10-20,1,Home,10079,2,43.04
194,Online,2025-10-27,1,Apparel,10000,1,95.19
252,InStore,2025-11-24,2,Home,10153,2,32.51
110,Online,2025-10-06,1,Beauty,10072,2,103.43
256,InStore,2025-12-15,1,Home,10101,3,67.13
137,Online,2025-12-08,1,Apparel,10077,1,33.7
220,Pickup,2025-11-24,1,Beauty,10129,2,139.65
180,Pickup,2025-10-06,1,Apparel,10108,4,135.72
117,InStore,2025-11-03,2,Beauty,10128,0,0.0
140,Pickup,2025-12-22,3,Grocery,10021,4,443.96
181,Pickup,2025-10-20,1,Home,10057,4,218.86
158,Online,2025-10-13,1,Electronics,10038,0,0.0
122,Pickup,2025-10-13,2,Apparel,10142,1,22.93
180,InStore,2025-11-17,1,Home,10174,2,66.67
242,InStore,2025-11-03,1,Apparel,10140,0,0.0
108,InStore,2025-12-08,2,Beauty,10075,0,0.0
123,Pickup,2025-11-24,2,Home,10165,2,232.99
178,Pickup,2025-12-01,1,Apparel,10000,2,48.45
242,InStore,2025-10-20,2,Electronics,10108,1,76.11
144,InStore,2025-10-27,1,Electronics,10121,2,64.47
195,InStore,2025-11-03,1,Beauty,10100,3,293.17
217,InStore,2025-12-01,2,Beauty,10141,2,135.44
233,Pickup,2025-10-06,2,Home,10156,1,72.93
149,Pickup,2025-11-17,2,Home,10090,4,193.81
195,Pickup,2025-12-01,1,Electronics,10090,0,0.0
106,Online,2025-11-17,1,Apparel,10112,6,531.05
114,Pickup,2025-11-17,2,Electronics,10169,6,104.45
103,Online,2025-10-06,1,Beauty,10034,2,157.9
212,Pickup,2025-10-27,1,Home,10129,2,224.99
250,InStore,2025-11-24,1,Grocery,10030,1,52.44
123,Pickup,2025-10-27,2,Home,10172,2,208.43
114,InStore,2025-10-13,1,Apparel,10085,2,201.15
252,InStore,2025-10-20,2,Home,10165,2,22.99
242,Online,2025-11-10,1,Grocery,10043,5,285.29
254,Pickup,2025-11-03,1,Home,10078,2,151.68
132,InStore,2025-11-24,1,Apparel,10012,1,16.99
108,InStore,2025-11-24,2,Beauty,10032,4,307.28
121,InStore,2025-10-06,1,Grocery,10031,2,109.89
107,InStore,2025-12-15,1,Grocery,10169,2,49.59
234,InStore,2025-11-10,3,Grocery,10113,6,180.94
122,Online,2025-12-08,1,Home,10006,1,81.98
167,Online,2025-10-20,1,Beauty,10061,4,341.03
171,InStore,2025-12-01,1,Apparel,10158,6,307.03
187,InStore,2025-12-22,3,Electronics,10112,1,77.69
169,InStore,2025-12-22,1,Electronics,10063,2,53.3
121,Online,2025-10-27,1,Electronics,10156,4,195.24
250,Pickup,2025-12-15,1,Apparel,10040,2,120.99
100,Pickup,2025-12-08,2,Beauty,10077,4,48.04
173,Online,2025-12-08,2,Grocery,10075,2,121.67
104,Online,2025-12-01,2,Grocery,10110,0,0.0
180,Pickup,2025-12-22,3,Electronics,10045,5,414.72
161,Online,2025-11-24,1,Beauty,10146,1,16.99
145,Online,2025-11-24,2,Electronics,10033,0,0.0
161,Pickup,2025-10-27,3,Home,10148,2,22.92
175,InStore,2025-12-15,2,Home,10121,2,144.0
187,Online,2025-10-27,1,Grocery,10054,1,72.04
219,Pickup,2025-10-27,1,Electronics,10040,1,68.34
210,Online,2025-11-17,2,Beauty,10144,4,337.38
179,InStore,2025-12-01,1,Home,10066,1,49.31
165,InStore,2025-11-10,1,Grocery,10097,3,65.14
247,Online,2025-11-17,2,Home,10120,4,424.41
237,Online,2025-12-01,1,Grocery,10109,2,63.68
211,Online,2025-10-06,1,Grocery,10089,1,72.23
210,Pickup,2025-11-10,1,Home,10153,2,96.8
194,Pickup,2025-10-20,1,Electronics,10050,0,0.0
247,InStore,2025-11-10,1,Apparel,10132,2,114.84
132,Online,2025-12-22,1,Electronics,10165,1,30.97
160,Online,2025-11-17,3,Home,10092,1,117.1
223,InStore,2025-12-22,1,Home,10143,1,49.06
214,InStore,2025-10-27,2,Apparel,10067,1,59.42
117,Pickup,2025-10-06,2,Electronics,10069,4,451.03
148,Pickup,2025-11-17,2,Beauty,10101,3,289.98
144,Online,2025-12-22,2,Electronics,10001,1,95.69
209,InStore,2025-11-10,1,Apparel,10104,2,109.13
201,InStore,2025-11-10,2,Beauty,10087,2,33.42
134,Online,2025-12-15,1,Grocery,10169,3,83.91
218,InStore,2025-12-01,2,Apparel,10041,1,105.3
192,Online,2025-12-15,1,Home,10146,2,153.07
259,InStore,2025-11-24,3,Grocery,10000,2,31.77
161,Online,2025-11-24,1,Electronics,10036,1,64.83
210,Pickup,2025-11-17,2,Home,10109,0,0.0
118,InStore,2025-10-13,1,Grocery,10075,3,67.07
201,InStore,2025-10-06,3,Home,10002,3,62.91
148,InStore,2025-11-03,2,Grocery,10105,1,18.0
175,InStore,2025-12-15,4,Beauty,10151,3,181.9
168,Online,2025-11-17,1,Home,10014,5,101.37
200,InStore,2025-11-10,3,Electronics,10014,3,157.17
230,Pickup,2025-10-13,2,Grocery,10008,4,45.09
100,InStore,2025-11-03,2,Beauty,10115,2,100.54
194,InStore,2025-12-08,1,Electronics,10090,0,0.0
122,InStore,2025-11-17,1,Apparel,10100,3,281.29
169,Online,2025-11-17,1,Grocery,10072,4,138.49
170,InStore,2025-11-17,1,Apparel,10145,1,66.93
147,InStore,2025-12-22,1,Apparel,10101,4,251.33
116,Online,2025-11-17,1,Beauty,10088,2,223.67
123,InStore,2025-12-01,2,Grocery,10071,1,24.1
158,InStore,2025-12-22,1,Grocery,10025,4,479.88
240,Pickup,2025-10-27,1,Home,10058,1,118.04
234,Online,2025-10-27,1,Electronics,10098,1,63.4
257,InStore,2025-11-10,1,Grocery,10086,2,170.16
187,InStore,2025-11-17,2,Home,10057,4,49.6
198,Pickup,2025-11-17,1,Home,10018,2,33.96
250,Pickup,2025-11-03,2,Electronics,10048,1,64.54
240,Pickup,2025-10-27,1,Electronics,10111,5,565.36
216,InStore,2025-12-22,2,Home,10065,2,18.29
191,Online,2025-12-22,2,Grocery,10077,1,101.76
165,InStore,2025-12-08,1,Electronics,10039,1,43.39
249,Online,2025-11-24,1,Grocery,10067,4,474.64
248,InStore,2025-10-27,2,Electronics,10163,4,132.66
198,Online,2025-11-10,3,Beauty,10082,1,25.02
205,Online,2025-12-01,1,Electronics,10046,4,219.05
118,Pickup,2025-11-24,2,Home,10173,2,81.21
237,Online,2025-11-24,1,Grocery,10077,1,15.37
230,InStore,2025-12-22,1,Electronics,10016,1,55.02
188,InStore,2025-12-08,2,Beauty,10083,2,39.84
115,InStore,2025-10-13,1,Home,10013,2,126.78
248,Pickup,2025-11-24,1,Electronics,10065,3,339.84
214,Online,2025-11-03,1,Home,10176,3,350.12
133,InStore,2025-12-01,1,Beauty,10043,1,106.93
213,Online,2025-12-08,1,Electronics,10061,1,94.63
114,InStore,2025-10-06,4,Apparel,10121,2,74.21
256,Pickup,2025-10-27,4,Home,10028,1,112.51
124,Online,2025-10-27,2,Apparel,10044,2,150.42
246,Pickup,2025-10-06,2,Home,10028,3,225.13
100,InStore,2025-10-13,2,Grocery,10054,1,100.23
248,Pickup,2025-10-27,1,Home,10013,4,238.69
234,InStore,2025-12-22,2,Home,10066,3,212.17
163,InStore,2025-11-03,2,Grocery,10172,1,64.72
205,Online,2025-12-01,3,Apparel,10057,4,240.06
100,Pickup,2025-10-06,1,Electronics,10107,3,146.61
186,Online,2025-10-06,1,Grocery,10026,4,142.41
140,Online,2025-12-01,2,Home,10173,2,138.43
120,Online,2025-11-17,1,Beauty,10101,3,54.88
115,InStore,2025-11-10,1,Home,10131,4,195.64
138,InStore,2025-11-17,1,Home,10128,0,0.0
179,Pickup,2025-10-06,1,Home,10165,2,81.5
124,Pickup,2025-10-13,1,Beauty,10022,0,0.0
115,Online,2025-10-06,1,Grocery,10051,2,193.05
144,Online,2025-12-15,1,Beauty,10149,4,188.64
246,Pickup,2025-12-01,2,Grocery,10175,4,375.21
256,Online,2025-10-20,1,Grocery,10009,6,259.69
249,Online,2025-11-17,2,Electronics,10169,6,355.86
213,Pickup,2025-10-20,2,Beauty,10041,2,71.42
255,Online,2025-11-03,2,Beauty,10074,2,73.14
117,Online,2025-11-10,1,Apparel,10030,3,187.39
180,InStore,2025-10-13,3,Electronics,10088,1,43.19
202,Online,2025-11-17,2,Grocery,10048,0,0.0
160,Pickup,2025-10-13,1,Apparel,10155,3,102.92
167,Pickup,2025-10-13,1,Home,10118,2,84.52
169,Online,2025-11-10,2,Apparel,10085,2,188.55
218,Online,2025-10-13,2,Home,10153,0,0.0
132,InStore,2025-12-08,1,Beauty,10080,4,154.89
139,Online,2025-12-15,1,Apparel,10026,1,26.79
144,Online,2025-11-17,1,Beauty,10155,2,81.37
128,Pickup,2025-10-20,1,Grocery,10098,0,0.0
100,Pickup,2025-10-27,1,Home,10141,0,0.0
210,InStore,2025-11-10,2,Grocery,10153,4,145.27
203,InStore,2025-11-03,2,Apparel,10064,2,49.47
257,Online,2025-11-17,3,Beauty,10135,3,196.9
138,Online,2025-11-24,1,Apparel,10153,0,0.0
110,Pickup,2025-12-22,2,Apparel,10003,1,42.41
195,Online,2025-11-03,2,Electronics,10100,3,313.0
125,Online,2025-11-10,1,Electronics,10083,4,138.14
153,Pickup,2025-11-10,1,Electronics,10165,1,37.12
171,Pickup,2025-10-13,1,Electronics,10174,2,19.65
247,InStore,2025-10-27,2,Grocery,10107,2,227.76
250,Pickup,2025-11-10,1,Home,10159,2,86.57
161,Pickup,2025-12-01,2,Beauty,10157,1,42.37
126,InStore,2025-11-17,3,Home,10019,3,292.35
193,InStore,2025-12-08,2,Electronics,10154,0,0.0
116,Online,2025-10-27,3,Grocery,10161,2,154.77
110,Online,2025-10-27,1,Electronics,10064,1,104.9
187,Pickup,2025-12-15,3,Grocery,10005,0,0.0
147,Pickup,2025-12-01,2,Home,10079,0,0.0
189,Online,2025-12-22,2,Home,10101,1,17.06
244,InStore,2025-10-06,1,Apparel,10093,1,87.43
227,Pickup,2025-12-08,2,Electronics,10007,1,8.7
102,InStore,2025-11-10,3,Beauty,10049,4,332.51
217,Online,2025-10-20,1,Apparel,10150,2,148.81
127,Online,2025-11-03,2,Electronics,10130,5,543.18
201,Pickup,2025-12-15,4,Home,10111,4,326.27
237,Pickup,2025-10-27,1,Grocery,10065,1,110.24
212,Online,2025-12-15,3,Home,10166,1,18.38
217,Online,2025-10-06,1,Grocery,10076,2,170.74
184,Pickup,2025-11-03,1,Beauty,10174,3,59.0
220,InStore,2025-12-01,1,Home,10174,5,415.15
239,InStore,2025-10-06,1,Home,10107,1,109.23
198,Pickup,2025-10-13,1,Beauty,10177,3,343.01
139,Online,2025-11-17,1,Home,10081,1,9.44
106,InStore,2025-10-13,1,Beauty,10173,1,73.26
151,InStore,2025-12-15,3,Apparel,10136,2,116.37
134,InStore,2025-10-06,1,Home,10176,2,105.07
202,Online,2025-10-06,3,Apparel,10143,5,217.12
219,Pickup,2025-10-06,1,Home,10090,1,13.89
192,Online,2025-11-10,1,Grocery,10021,2,197.34
125,InStore,2025-11-17,2,Home,10100,2,139.31
149,Pickup,2025-11-10,1,Grocery,10029,1,72.44
182,Online,2025-12-08,1,Home,10152,0,0.0
147,InStore,2025-10-27,3,Electronics,10030,1,80.26
110,Pickup,2025-10-06,2,Beauty,10095,1,32.59
154,InStore,2025-12-08,1,Electronics,10007,5,403.39
114,InStore,2025-12-22,3,Grocery,10102,3,47.66
213,InStore,2025-10-13,1,Grocery,10078,6,606.02
129,InStore,2025-10-20,3,Grocery,10053,4,57.75
163,InStore,2025-12-22,1,Electronics,10108,5,56.61
194,InStore,2025-11-03,1,Grocery,10025,1,43.26
111,InStore,2025-10-20,1,Grocery,10091,1,102.84
256,Online,2025-11-10,1,Electronics,10037,0,0.0
144,InStore,2025-10-06,1,Electronics,10109,1,60.18
109,Pickup,2025-11-24,2,Apparel,10079,0,0.0
238,Pickup,2025-12-01,1,Beauty,10102,1,18.1
198,Pickup,2025-12-08,1,Electronics,10042,3,321.89
253,Online,2025-11-24,1,Beauty,10062,2,49.4
137,Pickup,2025-12-15,3,Beauty,10070,2,217.96
233,Online,2025-12-22,1,Apparel,10176,4,306.57
119,InStore,2025-10-06,1,Electronics,10105,2,55.49
107,Pickup,2025-10-13,1,Apparel,10026,3,231.01
172,Online,2025-11-17,3,Beauty,10103,1,98.34
105,Pickup,2025-11-03,1,Electronics,10074,2,217.29
131,Online,2025-10-06,2,Beauty,10053,1,105.14
204,InStore,2025-11-10,2,Apparel,10163,1,114.44
206,Online,2025-12-22,2,Electronics,10152,1,119.07
222,Pickup,2025-10-27,2,Beauty,10095,2,201.38
159,Pickup,2025-11-17,2,Beauty,10122,4,340.77
141,Online,2025-10-27,1,Apparel,10041,4,450.74
202,InStore,2025-10-20,3,Grocery,10072,2,70.77
133,InStore,2025-12-22,1,Grocery,10129,0,0.0
239,Online,2025-10-20,1,Home,10082,0,0.0
171,Pickup,2025-12-15,1,Electronics,10026,1,94.04
209,Pickup,2025-11-17,2,Home,10078,4,135.44
109,Pickup,2025-11-17,1,Electronics,10074,2,40.12
213,Online,2025-11-24,1,Grocery,10097,3,233.17
116,Pickup,2025-11-03,3,Home,10138,3,220.47
213,Online,2025-11-03,3,Grocery,10138,0,0.0
245,Pickup,2025-10-13,1,Apparel,10011,2,169.31
159,Online,2025-11-03,1,Beauty,10027,2,30.05
222,Online,2025-10-20,2,Electronics,10111,2,201.74
164,Pickup,2025-12-01,1,Apparel,10002,0,0.0
251,Online,2025-11-03,1,Grocery,10048,1,15.72
122,Online,2025-11-24,1,Beauty,10123,2,179.48
135,Pickup,2025-10-13,1,Apparel,10065,2,226.39
208,Pickup,2025-10-13,2,Apparel,10009,0,0.0
185,InStore,2025-12-01,1,Home,10076,3,172.51
134,Pickup,2025-11-24,1,Home,10021,4,100.18
199,Online,2025-11-17,2,Beauty,10024,1,93.88
108,InStore,2025-11-24,1,Electronics,10081,1,97.74
228,InStore,2025-11-24,1,Home,10084,5,65.9
158,Online,2025-12-15,2,Home,10028,1,34.41
259,Online,2025-10-27,1,Beauty,10062,0,0.0
175,InStore,2025-11-24,4,Electronics,10147,0,0.0
201,Pickup,2025-10-27,1,Apparel,10099,1,63.57
219,Pickup,2025-10-06,3,Beauty,10027,4,246.14
187,Online,2025-12-01,3,Electronics,10004,2,211.6
181,Pickup,2025-12-22,2,Grocery,10150,1,38.37
147,InStore,2025-12-15,1,Apparel,10090,2,46.13
222,InStore,2025-11-17,1,Apparel,10169,1,110.01
127,Pickup,2025-10-27,2,Grocery,10119,4,288.05
140,Online,2025-12-01,2,Apparel,10175,2,239.9
203,Online,2025-11-03,2,Grocery,10026,0,0.0
223,Online,2025-12-15,1,Electronics,10154,2,54.51
142,Pickup,2025-12-01,1,Beauty,10081,0,0.0
185,Pickup,2025-11-24,1,Electronics,10015,1,11.66
170,Online,2025-12-01,2,Beauty,10156,2,166.06
123,InStore,2025-11-17,1,Grocery,10054,2,91.85
226,Online,2025-12-08,1,Apparel,10026,1,90.15
143,InStore,2025-11-24,1,Beauty,10009,2,157.03
118,Pickup,2025-11-17,4,Beauty,10009,1,75.86
132,Pickup,2025-12-15,1,Electronics,10167,3,173.83
107,Pickup,2025-10-13,1,Grocery,10059,0,0.0
236,Pickup,2025-11-17,1,Home,10117,2,164.86
182,Online,2025-11-24,1,Apparel,10117,3,334.02
108,Online,2025-12-08,3,Grocery,10075,2,92.84
208,Pickup,2025-10-13,3,Apparel,10009,1,111.35
188,InStore,2025-12-01,1,Home,10160,2,192.69
183,InStore,2025-12-22,2,Home,10120,4,175.88
124,InStore,2025-11-03,1,Grocery,10102,1,24.61
157,Online,2025-10-20,1,Grocery,10142,1,11.33
255,InStore,2025-10-27,1,Apparel,10052,3,145.26
194,Online,2025-10-20,1,Home,10103,5,237.34
258,InStore,2025-10-06,3,Beauty,10104,1,117.74
224,InStore,2025-11-03,2,Home,10174,1,117.56
188,Pickup,2025-11-24,1,Apparel,10112,1,106.06
233,InStore,2025-11-17,2,Beauty,10098,2,227.25
197,InStore,2025-12-15,1,Grocery,10073,4,432.07
136,Online,2025-10-13,1,Apparel,10073,2,179.33
218,Pickup,2025-12-22,1,Electronics,10155,1,26.16
101,InStore,2025-11-10,3,Grocery,10069,1,31.54
121,Online,2025-11-24,3,Apparel,10117,1,118.64
133,Pickup,2025-12-15,3,Beauty,10123,3,256.98
232,Pickup,2025-11-17,3,Home,10062,2,212.89
141,Pickup,2025-12-01,1,Grocery,10172,0,0.0
161,Online,2025-11-17,2,Home,10103,2,226.07
202,Online,2025-10-13,2,Grocery,10142,0,0.0
115,Online,2025-11-24,1,Apparel,10151,3,176.53
249,Online,2025-10-20,1,Apparel,10047,1,31.9
180,Online,2025-11-17,2,Home,10079,2,35.47
208,InStore,2025-12-01,3,Home,10007,0,0.0
255,Online,2025-11-10,2,Apparel,10018,1,23.23
228,InStore,2025-12-15,1,Home,10116,1,95.76
217,InStore,2025-10-06,1,Electronics,10144,7,429.74
215,InStore,2025-12-01,2,Home,10002,0,0.0
244,Pickup,2025-11-17,1,Apparel,10077,2,107.76
240,Online,2025-10-06,1,Electronics,10050,2,24.17
239,InStore,2025-12-08,1,Apparel,10070,1,111.59
151,InStore,2025-11-03,2,Grocery,10164,0,0.0
106,Online,2025-11-10,2,Beauty,10138,3,118.78
137,InStore,2025-11-24,2,Electronics,10091,0,0.0
138,InStore,2025-11-03,1,Apparel,10029,0,0.0
206,InStore,2025-11-17,2,Home,10105,0,0.0
174,Online,2025-11-03,1,Electronics,10077,4,385.03
161,InStore,2025-12-01,1,Grocery,10068,2,128.67
250,Pickup,2025-11-03,1,Electronics,10040,2,113.87
205,Online,2025-12-15,2,Electronics,10006,0,0.0
217,InStore,2025-10-13,3,Electronics,10000,1,48.99
195,Pickup,2025-11-17,3,Apparel,10067,0,0.0
116,InStore,2025-12-08,1,Grocery,10127,1,30.8
157,InStore,2025-11-24,2,Electronics,10126,4,338.81
202,InStore,2025-10-06,2,Electronics,10016,2,64.5
212,Online,2025-12-15,3,Home,10010,0,0.0
215,Pickup,2025-12-01,2,Grocery,10050,4,347.38
256,Online,2025-11-10,2,Grocery,10159,1,107.99
134,Pickup,2025-12-22,3,Electronics,10093,1,75.82
173,InStore,2025-11-24,1,Apparel,10174,1,23.69
103,InStore,2025-10-13,1,Beauty,10028,2,110.28
151,Online,2025-12-08,3,Apparel,10135,3,189.74
132,Pickup,2025-12-08,2,Home,10080,1,67.93
116,InStore,2025-10-20,3,Home,10033,2,68.34
182,Pickup,2025-12-15,2,Electronics,10112,1,99.42
172,Online,2025-10-20,3,Grocery,10021,4,402.31
168,Pickup,2025-12-15,2,Beauty,10047,3,176.02
242,Pickup,2025-11-03,1,Electronics,10126,2,40.78
192,Online,2025-10-20,2,Beauty,10007,3,327.01
209,InStore,2025-12-22,1,Grocery,10148,0,0.0
123,Pickup,2025-11-03,2,Grocery,10011,2,222.57
256,Pickup,2025-11-17,1,Home,10024,1,78.82
111,InStore,2025-11-17,2,Beauty,10076,1,54.02
152,Pickup,2025-11-03,2,Apparel,10099,1,36.05
201,Online,2025-12-22,4,Apparel,10127,3,345.77
224,Pickup,2025-12-22,3,Apparel,10103,4,426.24
156,Pickup,2025-10-20,1,Beauty,10080,2,163.28
191,Online,2025-10-20,1,Apparel,10154,2,177.15
109,Online,2025-10-06,2,Electronics,10174,0,0.0
254,Online,2025-10-06,1,Home,10141,1,94.7
197,Online,2025-12-01,1,Home,10038,3,111.36
130,Online,2025-10-13,2,Home,10069,1,60.07
163,InStore,2025-12-01,1,Beauty,10080,2,177.2
248,Pickup,2025-12-15,1,Beauty,10102,1,52.7
231,Online,2025-11-24,1,Electronics,10002,3,263.59
197,Online,2025-11-03,1,Grocery,10166,3,323.86
116,InStore,2025-12-15,2,Electronics,10027,2,94.08
114,Online,2025-10-13,1,Home,10101,0,0.0
185,InStore,2025-11-03,1,Beauty,10145,3,333.12
134,Online,2025-10-20,1,Electronics,10173,2,46.76
250,Online,2025-11-03,3,Electronics,10089,3,339.64
177,Pickup,2025-10-06,2,Grocery,10100,3,330.26
205,InStore,2025-12-08,2,Electronics,10029,1,69.73
209,Pickup,2025-11-24,1,Apparel,10149,1,55.78
186,InStore,2025-12-22,1,Beauty,10179,2,22.98
231,InStore,2025-12-08,2,Apparel,10113,1,107.9
161,InStore,2025-11-24,2,Beauty,10146,2,232.0
212,Online,2025-12-01,2,Home,10168,1,83.21
215,Online,2025-10-06,3,Home,10070,1,64.57
172,Pickup,2025-11-03,2,Beauty,10145,4,305.94
164,InStore,2025-11-24,2,Apparel,10018,0,0.0
231,Pickup,2025-11-17,2,Beauty,10064,0,0.0
140,Pickup,2025-11-24,1,Home,10113,2,225.82
223,Pickup,2025-10-06,2,Beauty,10133,0,0.0
114,InStore,2025-10-13,2,Electronics,10022,2,84.29
120,Online,2025-11-17,2,Grocery,10101,1,62.45
118,InStore,2025-11-10,2,Electronics,10063,2,90.81
212,Pickup,2025-12-01,1,Beauty,10044,5,480.62
122,Online,2025-12-08,1,Beauty,10072,1,11.04
176,Pickup,2025-11-17,1,Grocery,10035,3,187.24
186,Pickup,2025-10-13,1,Grocery,10037,0,0.0
151,Pickup,2025-12-15,4,Home,10136,0,0.0
143,Pickup,2025-12-22,1,Apparel,10060,5,190.64
207,InStore,2025-12-15,2,Beauty,10016,1,58.24
220,Online,2025-11-24,2,Home,10049,2,128.21
158,Pickup,2025-10-27,3,Apparel,10091,1,65.24
158,Pickup,2025-12-22,1,Apparel,10133,3,225.97
216,Pickup,2025-10-20,1,Electronics,10126,2,120.98
204,InStore,2025-10-06,2,Beauty,10135,2,88.56
116,Online,2025-11-03,4,Apparel,10138,1,46.75
255,InStore,2025-10-06,2,Electronics,10037,0,0.0
212,Online,2025-10-27,1,Electronics,10111,1,10.48
201,Pickup,2025-12-22,2,Beauty,10171,0,0.0
141,InStore,2025-10-13,2,Electronics,10098,2,188.34
206,Online,2025-11-10,1,Electronics,10085,5,119.32
109,Pickup,2025-11-24,2,Electronics,10114,2,70.62
255,Online,2025-12-15,1,Beauty,10144,2,186.58
198,Pickup,2025-11-03,1,Grocery,10027,3,136.9
154,Pickup,2025-10-06,3,Apparel,10070,3,300.5
241,Pickup,2025-10-13,2,Grocery,10067,2,152.89
187,InStore,2025-10-27,1,Beauty,10052,2,159.38
105,InStore,2025-12-22,4,Beauty,10029,2,207.92
175,Online,2025-12-08,1,Beauty,10020,0,0.0
139,Online,2025-11-17,2,Beauty,10081,2,215.89
168,Online,2025-12-08,1,Electronics,10136,2,37.38
219,Online,2025-12-15,1,Apparel,10075,3,185.39
101,Pickup,2025-11-17,1,Grocery,10098,0,0.0
256,Pickup,2025-11-10,3,Beauty,10041,3,119.57
155,Online,2025-11-03,1,Home,10112,4,150.28
239,InStore,2025-12-22,4,Electronics,10067,3,292.75
183,InStore,2025-12-15,2,Beauty,10147,1,69.8
199,InStore,2025-12-22,1,Home,10034,2,95.95
248,Pickup,2025-12-22,2,Grocery,10090,3,162.82
246,InStore,2025-10-13,4,Home,10062,2,96.21
234,Pickup,2025-11-03,2,Electronics,10054,0,0.0
112,InStore,2025-12-08,2,Apparel,10007,2,62.37
230,InStore,2025-10-20,1,Home,10155,0,0.0
165,Online,2025-12-01,2,Electronics,10121,6,262.13
243,Pickup,2025-11-24,1,Apparel,10167,1,118.99
240,InStore,2025-10-27,3,Grocery,10166,3,81.21
113,InStore,2025-12-01,1,Grocery,10023,1,39.6
177,Online,2025-10-13,1,Apparel,10151,1,10.19
217,Pickup,2025-11-17,2,Grocery,10120,3,351.08
165,Pickup,2025-12-15,2,Beauty,10131,0,0.0
258,Online,2025-10-13,2,Electronics,10104,3,143.95
137,InStore,2025-11-24,2,Grocery,10125,1,64.57
162,InStore,2025-11-03,1,Electronics,10010,3,276.38
130,Online,2025-11-10,2,Grocery,10039,1,27.16
233,InStore,2025-11-17,3,Beauty,10098,1,88.92
152,Pickup,2025-10-06,1,Home,10139,3,320.15
158,Pickup,2025-11-17,1,Home,10080,0,0.0
218,Pickup,2025-11-03,1,Grocery,10037,0,0.0
200,Pickup,2025-10-06,4,Home,10013,0,0.0
243,InStore,2025-12-08,1,Home,10088,1,37.09
185,Online,2025-12-15,3,Beauty,10164,2,83.73
100,InStore,2025-10-06,2,Electronics,10044,3,247.07
259,Online,2025-11-10,2,Beauty,10070,0,0.0
172,Online,2025-10-20,1,Beauty,10032,3,242.15
130,Pickup,2025-12-08,2,Apparel,10065,6,299.65
132,InStore,2025-11-17,1,Electronics,10121,1,73.94
171,InStore,2025-10-13,1,Electronics,10128,4,200.35
132,Pickup,2025-10-27,1,Beauty,10051,1,41.27
179,Online,2025-12-01,2,Electronics,10066,2,76.02
141,Online,2025-12-15,2,Electronics,10171,2,194.76
256,Pickup,2025-10-06,4,Home,10102,0,0.0
134,Pickup,2025-10-27,3,Electronics,10140,1,25.34
258,Pickup,2025-11-17,2,Apparel,10112,0,0.0
117,Pickup,2025-10-20,2,Electronics,10008,0,0.0
131,Pickup,2025-11-24,2,Grocery,10007,3,60.73
164,InStore,2025-10-13,3,Home,10096,2,109.11
181,Online,2025-12-08,1,Apparel,10068,3,322.33
242,InStore,2025-11-03,2,Apparel,10140,1,18.44
232,InStore,2025-12-08,3,Beauty,10042,4,75.0
186,Online,2025-12-22,2,Electronics,10164,1,108.05
166,Online,2025-12-22,1,Home,10124,0,0.0
132,InStore,2025-11-17,1,Home,10066,0,0.0
100,Online,2025-11-10,2,Grocery,10015,2,196.03
175,InStore,2025-11-24,5,Beauty,10147,4,350.81
167,Online,2025-12-01,1,Home,10006,5,541.02
124,Online,2025-10-27,1,Beauty,10031,1,80.79
117,InStore,2025-10-20,2,Home,10140,1,87.84
157,Pickup,2025-11-24,3,Beauty,10126,2,114.81
106,Online,2025-11-17,2,Beauty,10002,0,0.0
183,Pickup,2025-11-10,1,Grocery,10176,6,227.14
197,InStore,2025-12-22,1,Grocery,10167,5,50.33
203,Online,2025-11-17,1,Electronics,10177,2,199.87
202,Pickup,2025-11-17,3,Apparel,10048,2,221.11
158,Online,2025-12-15,3,Beauty,10028,2,213.3
204,Pickup,2025-11-03,1,Apparel,10134,3,167.36
206,Online,2025-11-03,2,Home,10144,2,77.35
236,InStore,2025-12-15,1,Electronics,10109,1,21.75
175,Pickup,2025-12-01,1,Grocery,10117,1,47.14
134,Online,2025-10-13,2,Beauty,10036,0,0.0
178,Pickup,2025-11-03,1,Grocery,10164,3,293.67
152,Pickup,2025-10-27,2,Beauty,10117,2,210.48
108,InStore,2025-11-03,1,Grocery,10160,4,58.86
149,Pickup,2025-12-01,1,Home,10064,0,0.0
115,InStore,2025-12-08,2,Apparel,10169,2,42.76
216,Pickup,2025-12-15,1,Home,10063,3,66.69
126,Pickup,2025-11-03,1,Grocery,10033,2,160.41
253,InStore,2025-11-03,3,Electronics,10091,1,70.73
257,Online,2025-12-22,1,Electronics,10007,2,184.16
121,Pickup,2025-11-24,2,Grocery,10143,2,184.84
214,Online,2025-10-20,1,Home,10078,3,116.45
116,Pickup,2025-12-22,2,Grocery,10025,2,54.18
254,Online,2025-10-20,2,Home,10044,2,164.7
128,InStore,2025-12-15,2,Beauty,10034,5,424.95
132,Online,2025-12-01,1,Beauty,10100,1,28.86
185,Pickup,2025-10-20,1,Home,10174,3,158.37
230,Pickup,2025-12-22,2,Beauty,10016,2,66.78
250,Pickup,2025-12-22,1,Apparel,10021,3,261.9
155,Pickup,2025-10-13,1,Grocery,10002,3,294.08
258,InStore,2025-10-06,4,Home,10104,4,41.69
117,Pickup,2025-12-15,3,Grocery,10122,5,414.63
154,InStore,2025-10-13,1,Beauty,10077,3,135.59
111,InStore,2025-12-15,1,Grocery,10029,4,455.4
164,Pickup,2025-10-13,2,Beauty,10054,0,0.0
161,Online,2025-11-03,2,Apparel,10122,3,79.87
149,Pickup,2025-12-22,2,Beauty,10033,2,162.35
117,Online,2025-12-01,3,Electronics,10068,1,56.84
148,InStore,2025-10-13,1,Home,10030,3,298.95
182,Online,2025-10-06,2,Apparel,10014,3,344.09
203,Pickup,2025-12-01,2,Beauty,10146,2,203.63
154,InStore,2025-12-22,1,Electronics,10041,3,318.89
124,Online,2025-12-15,2,Apparel,10078,0,0.0
187,Pickup,2025-10-13,2,Beauty,10018,0,0.0
207,Pickup,2025-12-08,2,Beauty,10171,0,0.0
214,Pickup,2025-11-10,1,Beauty,10062,1,114.12
106,Pickup,2025-10-20,3,Home,10032,4,188.88
209,InStore,2025-10-13,4,Apparel,10120,1,105.11
169,InStore,2025-11-17,2,Grocery,10072,2,143.07
123,Pickup,2025-11-03,1,Beauty,10151,2,114.32
126,Pickup,2025-11-24,1,Electronics,10033,0,0.0
247,Online,2025-11-03,2,Apparel,10094,1,86.63
154,InStore,2025-11-24,1,Electronics,10111,3,356.86
231,Online,2025-11-10,2,Apparel,10141,1,10.77
209,InStore,2025-10-27,2,Grocery,10115,2,54.24
119,Pickup,2025-10-06,2,Apparel,10084,1,92.3
115,InStore,2025-12-01,1,Home,10031,3,188.75
187,Pickup,2025-11-10,3,Apparel,10090,5,539.37
242,Online,2025-10-06,1,Beauty,10121,0,0.0
128,Online,2025-10-20,2,Home,10098,2,196.02
219,InStore,2025-11-03,1,Grocery,10067,5,271.89
234,Online,2025-10-27,1,Grocery,10150,3,186.15
155,InStore,2025-11-24,1,Home,10175,2,211.93
254,Pickup,2025-11-10,2,Home,10000,2,212.75
105,InStore,2025-10-27,1,Home,10149,1,105.98
109,Online,2025-12-22,2,Electronics,10160,1,69.45
127,Online,2025-10-13,2,Electronics,10143,2,106.96
189,Pickup,2025-11-17,1,Beauty,10047,4,246.39
208,Pickup,2025-10-27,2,Home,10048,1,34.1
138,InStore,2025-11-24,2,Beauty,10153,2,177.56
166,Online,2025-12-22,1,Grocery,10049,2,235.82
137,Pickup,2025-12-08,1,Electronics,10011,0,0.0
196,Online,2025-10-20,3,Apparel,10065,1,61.64
168,Pickup,2025-10-27,1,Apparel,10028,1,35.86
131,InStore,2025-10-27,2,Electronics,10098,5,293.28
209,Pickup,2025-11-17,1,Electronics,10107,1,9.91
137,Online,2025-12-01,2,Apparel,10154,6,539.7
219,InStore,2025-12-15,2,Grocery,10075,1,72.18
102,Online,2025-12-08,2,Grocery,10072,2,31.02
107,Online,2025-10-20,2,Grocery,10174,1,47.34
222,InStore,2025-11-17,3,Apparel,10096,3,198.02
212,Online,2025-11-24,2,Home,10075,3,80.05
206,Pickup,2025-11-03,1,Grocery,10032,0,0.0
108,InStore,2025-12-22,2,Home,10102,2,89.98
124,InStore,2025-12-22,1,Apparel,10172,0,0.0
135,Pickup,2025-10-06,3,Home,10078,0,0.0
167,InStore,2025-12-08,1,Electronics,10054,3,291.0
222,Pickup,2025-10-20,2,Beauty,10081,3,200.8
126,Pickup,2025-11-03,1,Electronics,10147,2,158.87
169,InStore,2025-11-03,2,Electronics,10067,1,61.54
197,Pickup,2025-11-03,2,Grocery,10166,0,0.0
195,InStore,2025-12-15,3,Apparel,10152,2,50.8
225,InStore,2025-11-10,2,Beauty,10069,1,92.66
146,Pickup,2025-11-03,1,Beauty,10075,1,79.9
142,Online,2025-10-06,2,Apparel,10142,4,185.22
256,InStore,2025-11-10,2,Beauty,10037,2,236.58
152,InStore,2025-11-03,2,Home,10078,0,0.0
216,Pickup,2025-12-22,2,Beauty,10146,1,88.73
150,Pickup,2025-12-01,1,Electronics,10010,2,199.84
216,InStore,2025-12-01,1,Grocery,10133,2,53.35
115,Online,2025-11-17,2,Home,10122,1,10.57
174,Online,2025-11-24,2,Home,10117,0,0.0
250,Pickup,2025-10-06,1,Apparel,10016,3,183.64
202,Online,2025-10-06,4,Home,10143,4,60.0
117,InStore,2025-10-06,4,Home,10133,1,100.18
101,Pickup,2025-10-06,3,Home,10125,0,0.0
170,InStore,2025-11-10,1,Apparel,10005,1,64.87
254,Online,2025-12-08,2,Grocery,10100,1,105.06
105,Pickup,2025-10-06,1,Home,10035,2,104.46
234,Pickup,2025-11-03,3,Apparel,10054,1,47.76
162,Online,2025-10-06,2,Beauty,10084,3,344.24
128,InStore,2025-12-08,1,Beauty,10150,2,131.11
125,InStore,2025-10-06,1,Electronics,10170,4,257.44
105,InStore,2025-10-06,1,Grocery,10033,0,0.0
218,Pickup,2025-11-03,2,Beauty,10037,3,329.96
161,InStore,2025-12-22,1,Home,10040,3,191.71
223,Pickup,2025-10-20,1,Grocery,10049,1,24.3
141,InStore,2025-10-27,1,Apparel,10149,1,119.38
240,InStore,2025-11-03,3,Home,10042,0,0.0
133,Online,2025-12-15,2,Beauty,10065,3,44.74
207,InStore,2025-11-03,2,Beauty,10040,3,65.16
238,InStore,2025-10-20,2,Electronics,10060,4,464.64
219,InStore,2025-12-15,1,Beauty,10092,8,509.01
218,Online,2025-12-08,1,Electronics,10013,0,0.0
175,InStore,2025-11-03,2,Apparel,10069,1,89.39
202,InStore,2025-10-06,1,Home,10095,0,0.0
141,Pickup,2025-12-01,2,Home,10172,0,0.0
131,Pickup,2025-10-20,1,Electronics,10178,2,39.59
146,InStore,2025-10-13,2,Home,10101,4,476.24
256,Pickup,2025-11-24,1,Home,10011,3,33.38
216,InStore,2025-12-01,1,Beauty,10124,3,349.66
198,Pickup,2025-11-03,2,Apparel,10173,3,59.9
138,InStore,2025-11-10,1,Beauty,10145,3,92.0
146,Pickup,2025-10-27,1,Beauty,10041,3,325.92
232,Online,2025-12-01,1,Beauty,10041,2,212.39
202,InStore,2025-10-06,5,Beauty,10143,2,69.17
239,Pickup,2025-12-15,2,Beauty,10148,1,63.26
216,Online,2025-11-24,1,Apparel,10060,1,110.94
144,Online,2025-10-06,1,Home,10155,3,51.01
131,Online,2025-10-27,1,Home,10094,2,150.81
171,InStore,2025-10-27,2,Home,10118,1,39.28
108,Online,2025-11-03,2,Home,10160,6,580.34
136,InStore,2025-10-13,2,Grocery,10073,0,0.0
147,Pickup,2025-10-20,4,Electronics,10064,5,499.14
175,Pickup,2025-12-15,3,Beauty,10098,5,525.05
127,Online,2025-11-10,2,Apparel,10076,0,0.0
230,InStore,2025-11-24,1,Beauty,10160,1,62.54
211,InStore,2025-10-20,3,Grocery,10104,3,63.43
248,Pickup,2025-11-24,1,Apparel,10072,5,301.51
191,InStore,2025-11-24,1,Home,10134,3,341.27
166,Online,2025-10-13,2,Home,10019,0,0.0
146,Online,2025-11-03,2,Apparel,10075,1,22.97
119,Online,2025-11-24,1,Home,10003,1,102.42
175,Pickup,2025-11-24,1,Electronics,10169,2,44.0
189,InStore,2025-11-24,2,Electronics,10147,1,80.24
189,InStore,2025-12-22,2,Beauty,10035,2,92.34
145,Pickup,2025-11-24,2,Electronics,10015,5,465.92
198,Pickup,2025-10-13,1,Apparel,10115,4,241.15
230,Pickup,2025-11-03,1,Apparel,10097,2,205.92
137,Pickup,2025-12-22,3,Beauty,10001,1,103.49
254,InStore,2025-12-01,1,Electronics,10175,1,18.64
157,Pickup,2025-10-13,1,Beauty,10121,3,302.69
224,Online,2025-10-27,2,Beauty,10058,3,343.37
175,InStore,2025-11-03,3,Grocery,10075,3,105.91
211,Pickup,2025-12-15,1,Grocery,10116,1,90.69
215,Online,2025-11-24,1,Beauty,10140,0,0.0
179,InStore,2025-11-24,2,Home,10157,4,101.61
132,Pickup,2025-10-13,3,Beauty,10064,4,103.09
139,Pickup,2025-11-17,3,Apparel,10081,1,77.24
235,Online,2025-12-08,2,Grocery,10179,2,35.86
208,Pickup,2025-10-27,1,Apparel,10069,0,0.0
177,Online,2025-12-08,3,Grocery,10029,2,68.09
141,Pickup,2025-10-13,1,Electronics,10038,0,0.0
224,Pickup,2025-10-06,2,Apparel,10099,2,49.52
215,Pickup,2025-11-24,2,Grocery,10140,2,213.72
202,Pickup,2025-12-01,1,Beauty,10156,1,82.41
150,InStore,2025-10-20,2,Grocery,10005,4,317.08
252,Pickup,2025-10-27,3,Apparel,10091,4,294.73
112,Online,2025-10-20,1,Electronics,10119,3,119.57
155,Pickup,2025-10-20,1,Home,10177,4,202.93
105,InStore,2025-10-06,1,Grocery,10028,1,24.75
118,Pickup,2025-11-10,2,Apparel,10151,3,307.14
148,Online,2025-12-01,2,Apparel,10128,3,46.15
107,InStore,2025-10-27,2,Home,10091,4,91.05
137,Pickup,2025-12-01,1,Beauty,10085,1,16.36
209,Pickup,2025-12-01,4,Grocery,10175,1,63.07
140,InStore,2025-12-15,2,Home,10042,3,263.94
136,Online,2025-12-01,1,Grocery,10008,2,133.88
244,Pickup,2025-11-10,1,Beauty,10119,2,54.13
196,InStore,2025-11-24,1,Home,10057,2,105.2
254,InStore,2025-11-10,2,Apparel,10150,0,0.0
119,Pickup,2025-10-13,1,Electronics,10174,2,161.17
212,Online,2025-11-03,2,Beauty,10000,6,411.06
116,InStore,2025-11-03,5,Electronics,10138,3,105.1
123,Pickup,2025-10-20,3,Electronics,10149,3,254.64
154,Pickup,2025-11-03,2,Electronics,10179,0,0.0
224,Online,2025-11-03,1,Electronics,10016,1,80.53
191,InStore,2025-10-27,1,Electronics,10062,2,91.29
138,Online,2025-10-06,3,Home,10012,3,234.58
124,Online,2025-11-03,2,Beauty,10102,2,232.11
137,Pickup,2025-12-08,3,Electronics,10165,5,146.42
127,Online,2025-11-24,1,Home,10105,1,48.78
251,InStore,2025-12-15,1,Grocery,10040,3,322.69
161,InStore,2025-12-15,3,Apparel,10003,1,70.71
220,Pickup,2025-10-13,3,Apparel,10038,3,212.53
153,Online,2025-10-06,2,Grocery,10059,0,0.0
146,InStore,2025-12-08,2,Home,10022,2,21.7
148,Pickup,2025-11-03,1,Beauty,10045,0,0.0
135,Online,2025-11-17,1,Apparel,10041,0,0.0
142,Pickup,2025-10-06,3,Electronics,10142,4,149.26
210,InStore,2025-10-13,1,Beauty,10115,1,42.57
158,Online,2025-12-01,4,Home,10143,2,17.18
121,InStore,2025-11-17,1,Grocery,10175,1,52.43
163,InStore,2025-11-03,2,Electronics,10028,1,42.71
231,Online,2025-12-15,1,Electronics,10018,2,101.33
103,Online,2025-12-22,1,Apparel,10170,4,195.35
124,Pickup,2025-12-01,2,Beauty,10118,1,21.93
116,InStore,2025-10-13,1,Beauty,10120,4,365.42
208,Online,2025-10-27,3,Apparel,10048,0,0.0
174,InStore,2025-10-20,1,Electronics,10051,4,264.74
104,InStore,2025-10-06,2,Beauty,10020,3,275.11
121,Online,2025-11-10,1,Apparel,10013,6,168.52
101,InStore,2025-12-01,1,Beauty,10007,3,99.73
225,InStore,2025-11-17,2,Grocery,10108,2,58.59
203,InStore,2025-11-03,3,Electronics,10026,0,0.0
258,Online,2025-10-27,5,Beauty,10010,1,14.27
102,Online,2025-11-24,2,Apparel,10073,3,318.19
131,Pickup,2025-12-01,1,Home,10095,3,295.73
255,InStore,2025-12-15,2,Beauty,10006,6,74.25
177,InStore,2025-12-22,2,Apparel,10172,4,170.64
140,InStore,2025-12-15,1,Electronics,10032,1,104.94
167,InStore,2025-10-06,2,Electronics,10020,0,0.0
248,Pickup,2025-10-27,2,Electronics,10013,1,18.93
120,Pickup,2025-12-08,2,Beauty,10133,1,9.36
178,Pickup,2025-12-15,1,Grocery,10074,0,0.0
115,Online,2025-10-20,4,Grocery,10102,3,80.11
165,Pickup,2025-12-22,2,Home,10173,5,156.03
168,InStore,2025-12-15,4,Grocery,10061,0,0.0
208,Pickup,2025-11-24,3,Electronics,10154,1,37.18
144,Online,2025-12-15,1,Apparel,10112,3,126.74
204,Online,2025-10-13,2,Apparel,10092,3,340.21
258,InStore,2025-12-01,1,Apparel,10076,2,199.86
159,Online,2025-12-08,1,Apparel,10043,3,266.97
228,InStore,2025-12-22,1,Home,10166,2,62.47
102,Pickup,2025-10-06,1,Electronics,10131,2,75.95
182,InStore,2025-10-06,1,Beauty,10013,1,66.77
173,Pickup,2025-11-24,2,Apparel,10159,0,0.0
232,Pickup,2025-12-01,2,Electronics,10041,1,64.44
125,Online,2025-12-01,1,Home,10034,0,0.0
252,InStore,2025-11-10,2,Grocery,10156,0,0.0
229,Online,2025-12-08,1,Beauty,10034,2,20.94
125,Online,2025-12-01,2,Electronics,10034,3,126.47
236,Pickup,2025-11-17,1,Grocery,10105,1,22.87
211,Pickup,2025-11-17,1,Grocery,10153,3,32.5
212,Pickup,2025-12-15,1,Home,10161,3,64.68
167,InStore,2025-11-24,1,Home,10109,0,0.0
105,Online,2025-11-03,2,Grocery,10119,1,71.07
110,Pickup,2025-10-06,2,Apparel,10128,1,113.91
183,Online,2025-10-06,2,Home,10051,2,146.69
142,Online,2025-10-06,4,Home,10142,1,97.82
240,InStore,2025-12-22,3,Electronics,10044,6,429.18
231,InStore,2025-12-08,3,Electronics,10113,3,338.12
156,InStore,2025-12-01,2,Beauty,10136,5,190.33
210,Pickup,2025-10-13,2,Electronics,10099,3,65.7
107,InStore,2025-12-22,1,Apparel,10075,4,375.39
126,Pickup,2025-11-03,2,Home,10033,3,258.95
165,InStore,2025-10-27,1,Electronics,10154,0,0.0
171,InStore,2025-10-27,2,Apparel,10046,2,23.3
236,Online,2025-11-10,3,Electronics,10152,4,197.94
210,Pickup,2025-10-13,2,Apparel,10179,4,316.01
188,InStore,2025-10-20,2,Apparel,10011,2,36.8
130,InStore,2025-11-17,2,Grocery,10138,3,97.11
128,Pickup,2025-11-17,1,Electronics,10092,1,19.74
169,InStore,2025-12-15,2,Home,10100,2,215.59
195,Pickup,2025-11-24,3,Electronics,10070,1,71.45
172,Pickup,2025-11-03,3,Home,10145,4,218.75
113,Pickup,2025-11-24,3,Electronics,10167,1,101.96
241,Pickup,2025-10-20,1,Electronics,10077,1,35.64
189,Online,2025-11-10,2,Electronics,10097,2,39.91
217,InStore,2025-10-06,2,Home,10144,4,366.86
250,Pickup,2025-12-08,1,Electronics,10042,2,150.88
122,Pickup,2025-10-20,3,Home,10149,3,206.99
216,Online,2025-12-01,2,Beauty,10066,0,0.0
135,Online,2025-12-22,2,Apparel,10038,0,0.0
128,InStore,2025-10-06,1,Electronics,10047,2,207.54
137,Online,2025-12-15,2,Home,10095,2,165.94
203,Pickup,2025-10-20,2,Electronics,10043,2,196.47
130,InStore,2025-10-20,2,Electronics,10136,2,127.14
118,Online,2025-11-17,2,Home,10040,1,103.44
155,Online,2025-10-27,1,Grocery,10147,2,182.35
200,Online,2025-10-06,5,Home,10013,4,394.11
186,InStore,2025-10-06,1,Beauty,10113,6,416.4
212,Online,2025-12-15,2,Electronics,10161,1,25.59
221,InStore,2025-10-13,6,Beauty,10130,1,35.26
226,InStore,2025-11-17,1,Apparel,10035,1,88.83
234,InStore,2025-11-10,1,Beauty,10055,1,23.31
206,Online,2025-10-20,1,Apparel,10139,2,67.19
156,Pickup,2025-11-17,2,Home,10063,1,51.59
145,Pickup,2025-11-03,1,Grocery,10071,1,31.21
191,Online,2025-12-08,1,Beauty,10030,2,179.91
100,Pickup,2025-11-03,3,Electronics,10115,2,51.47
192,InStore,2025-10-13,2,Beauty,10176,0,0.0
125,Pickup,2025-10-27,2,Grocery,10163,2,89.57
240,Pickup,2025-11-10,1,Apparel,10133,0,0.0
219,Pickup,2025-11-17,2,Beauty,10149,3,328.89
257,Online,2025-12-22,1,Apparel,10040,2,167.15
169,Online,2025-11-10,1,Apparel,10024,2,79.46
129,InStore,2025-10-06,1,Home,10137,0,0.0
118,Pickup,2025-10-06,2,Electronics,10036,1,21.61
183,InStore,2025-10-20,1,Electronics,10113,4,364.7
245,Online,2025-11-17,2,Beauty,10046,1,75.88
243,InStore,2025-12-22,1,Electronics,10017,2,173.32
229,Pickup,2025-11-24,2,Home,10048,5,550.36
242,Online,2025-12-08,1,Apparel,10034,2,224.3
149,Online,2025-10-20,1,Home,10089,2,200.32
162,InStore,2025-10-13,2,Beauty,10042,4,42.67
175,Online,2025-12-15,3,Grocery,10121,2,167.33
157,Online,2025-12-22,1,Grocery,10123,1,96.02
243,Pickup,2025-11-17,1,Beauty,10088,3,118.06
106,InStore,2025-10-06,1,Beauty,10131,3,154.0
259,Online,2025-10-13,2,Apparel,10031,3,189.82
114,Pickup,2025-10-06,5,Beauty,10121,3,116.71
117,InStore,2025-10-06,5,Apparel,10133,1,47.39
106,InStore,2025-11-17,2,Electronics,10112,2,127.19
110,InStore,2025-10-06,4,Home,10131,3,291.29
168,InStore,2025-10-20,1,Apparel,10118,2,189.74
153,Pickup,2025-10-06,3,Apparel,10009,0,0.0
239,Online,2025-12-08,1,Apparel,10073,1,104.6
204,InStore,2025-12-22,1,Beauty,10091,2,229.61
104,Pickup,2025-11-10,1,Grocery,10011,2,129.62
169,Pickup,2025-12-01,1,Beauty,10034,1,108.89
150,Pickup,2025-12-08,2,Grocery,10174,1,56.37
214,Online,2025-12-15,1,Home,10067,1,118.35
254,Online,2025-10-13,2,Apparel,10163,0,0.0
251,Online,2025-12-15,2,Electronics,10137,0,0.0
123,Online,2025-11-10,3,Apparel,10111,3,89.39
169,InStore,2025-12-01,2,Grocery,10001,1,99.4
222,Pickup,2025-10-20,3,Home,10111,2,223.95
127,Online,2025-11-10,3,Apparel,10076,0,0.0
106,InStore,2025-11-10,1,Grocery,10090,2,130.95
158,Pickup,2025-11-17,2,Home,10080,1,12.45
227,Pickup,2025-12-22,3,Electronics,10103,0,0.0
212,Pickup,2025-11-03,2,Home,10170,2,86.94
122,InStore,2025-12-08,2,Home,10006,1,64.79
198,InStore,2025-10-20,1,Home,10049,1,110.41
248,Pickup,2025-11-03,1,Home,10105,2,234.29
148,Online,2025-10-13,1,Beauty,10070,2,216.78
155,Pickup,2025-11-24,1,Home,10053,1,43.87
147,InStore,2025-10-06,1,Apparel,10064,0,0.0
242,Online,2025-10-13,1,Beauty,10161,4,39.3
116,Pickup,2025-11-24,1,Apparel,10002,2,231.7
150,Pickup,2025-11-24,1,Grocery,10083,2,95.39
240,Online,2025-12-08,1,Beauty,10030,2,86.14
179,InStore,2025-12-01,1,Electronics,10055,1,19.15
257,Pickup,2025-11-24,1,Electronics,10023,3,324.88
208,InStore,2025-11-24,1,Beauty,10058,0,0.0
183,Online,2025-11-10,1,Grocery,10095,1,56.44
226,Online,2025-12-15,1,Beauty,10163,1,72.17
214,Online,2025-10-27,1,Beauty,10006,0,0.0
221,InStore,2025-11-10,2,Home,10165,2,87.42
116,Online,2025-10-06,2,Home,10144,2,169.19
135,Online,2025-12-08,1,Apparel,10112,2,210.82
213,Pickup,2025-11-10,1,Beauty,10109,2,198.07
136,InStore,2025-12-01,3,Beauty,10164,1,58.74
121,Pickup,2025-10-13,1,Apparel,10059,4,387.07
180,Online,2025-11-17,1,Grocery,10127,1,22.61
100,Pickup,2025-12-15,1,Grocery,10009,2,150.46
205,Online,2025-12-08,2,Beauty,10005,2,228.91
147,InStore,2025-10-13,3,Apparel,10154,2,149.97
157,Pickup,2025-10-20,1,Beauty,10084,2,56.44
114,Pickup,2025-12-22,1,Home,10022,2,25.8
101,InStore,2025-10-20,2,Electronics,10069,3,96.2
113,Online,2025-10-20,1,Beauty,10129,3,156.64
194,Online,2025-10-20,2,Apparel,10103,3,56.02
196,Online,2025-12-22,2,Electronics,10107,1,113.03
198,Pickup,2025-10-13,2,Home,10131,0,0.0
205,InStore,2025-10-06,1,Grocery,10105,1,17.36
124,Online,2025-10-06,1,Beauty,10003,4,418.83
185,InStore,2025-12-01,2,Beauty,10076,1,106.15
180,Online,2025-12-15,2,Home,10133,1,42.66
156,Online,2025-12-08,1,Grocery,10050,1,91.07
255,Pickup,2025-10-27,1,Electronics,10118,2,50.8
149,InStore,2025-12-15,2,Grocery,10037,0,0.0
112,Pickup,2025-11-17,3,Home,10036,2,67.94
157,Online,2025-12-01,3,Apparel,10073,4,469.61
202,Pickup,2025-12-15,1,Grocery,10037,0,0.0
140,Online,2025-12-22,1,Grocery,10013,2,16.78
216,Pickup,2025-10-20,1,Home,10124,2,207.81
116,Pickup,2025-10-13,3,Beauty,10113,0,0.0
221,Online,2025-12-22,2,Beauty,10035,0,0.0
224,InStore,2025-11-03,1,Electronics,10038,3,265.55
211,InStore,2025-10-20,1,Home,10033,4,421.34
107,Online,2025-12-01,1,Home,10167,0,0.0
153,InStore,2025-10-06,2,Apparel,10072,3,259.1
252,Pickup,2025-11-17,2,Apparel,10009,1,110.98
138,Pickup,2025-10-06,4,Beauty,10012,2,224.64
148,Online,2025-10-27,2,Home,10015,5,151.46
236,Pickup,2025-12-22,2,Home,10155,4,180.87
227,InStore,2025-12-08,4,Beauty,10069,3,195.93
141,Online,2025-10-27,2,Home,10041,1,107.3
226,Online,2025-11-10,1,Beauty,10130,1,21.67
202,Pickup,2025-12-01,1,Grocery,10016,1,91.69
168,Online,2025-12-15,1,Apparel,10084,3,140.34
143,Pickup,2025-10-06,3,Apparel,10132,1,56.01
221,InStore,2025-11-24,2,Beauty,10067,4,245.71
157,Pickup,2025-11-03,4,Home,10027,1,103.44
108,InStore,2025-11-24,3,Grocery,10136,5,228.76
186,InStore,2025-10-27,2,Grocery,10003,1,76.33
169,Online,2025-10-27,1,Home,10140,2,200.22
109,InStore,2025-10-20,1,Grocery,10088,1,26.6
143,InStore,2025-12-08,1,Electronics,10009,0,0.0
186,InStore,2025-11-10,1,Grocery,10002,2,60.34
167,Online,2025-11-10,2,Electronics,10147,1,99.14
121,Online,2025-11-24,1,Grocery,10020,2,88.57
150,Online,2025-11-03,2,Electronics,10165,5,252.07
200,Online,2025-11-17,2,Beauty,10114,0,0.0
191,Pickup,2025-11-03,1,Home,10101,2,142.17
137,Online,2025-11-10,2,Apparel,10064,1,55.26
153,InStore,2025-10-20,1,Apparel,10025,2,27.32
115,InStore,2025-11-10,2,Electronics,10131,2,62.71
172,Pickup,2025-10-20,1,Grocery,10016,5,461.82
106,Pickup,2025-10-06,2,Grocery,10131,3,149.46
173,InStore,2025-12-01,2,Apparel,10025,1,68.43
152,Pickup,2025-10-13,2,Beauty,10011,1,45.24
136,Pickup,2025-10-06,1,Beauty,10138,0,0.0
165,Pickup,2025-11-10,1,Beauty,10156,1,9.26
160,Online,2025-10-13,2,Grocery,10178,2,139.67
256,InStore,2025-12-15,2,Grocery,10101,3,147.58
129,InStore,2025-10-13,1,Electronics,10151,1,87.27
203,Online,2025-10-06,2,Home,10024,2,165.77
147,Online,2025-10-13,4,Apparel,10154,2,203.22
158,Online,2025-12-08,2,Electronics,10139,1,112.74
163,Online,2025-10-06,1,Beauty,10158,0,0.0
209,Pickup,2025-10-06,1,Electronics,10067,4,307.24
101,InStore,2025-11-24,1,Home,10020,1,65.75
181,Online,2025-11-03,1,Beauty,10034,5,129.0
117,InStore,2025-10-13,2,Apparel,10054,3,204.81
162,Pickup,2025-10-06,1,Electronics,10086,4,289.04
179,InStore,2025-11-17,1,Apparel,10173,1,82.14
113,Pickup,2025-11-10,1,Grocery,10123,1,76.83
240,Pickup,2025-10-06,2,Electronics,10163,4,391.06
132,Online,2025-12-15,1,Grocery,10035,3,347.44
216,InStore,2025-12-15,1,Apparel,10049,2,225.22
166,Online,2025-10-06,1,Grocery,10097,1,18.95
214,Online,2025-10-27,1,Home,10130,0,0.0
162,Pickup,2025-12-22,2,Electronics,10029,2,155.44
247,Online,2025-11-24,1,Electronics,10151,3,144.43
144,Online,2025-10-27,1,Beauty,10171,2,152.88
259,Online,2025-11-10,3,Electronics,10070,2,32.1
231,InStore,2025-10-20,1,Grocery,10088,3,227.32
113,InStore,2025-12-01,1,Apparel,10021,1,77.63
243,InStore,2025-12-22,2,Grocery,10155,3,286.46
103,Online,2025-11-24,2,Grocery,10139,1,19.89
228,InStore,2025-10-13,1,Beauty,10037,0,0.0
177,InStore,2025-11-03,3,Apparel,10119,2,168.75
229,Pickup,2025-11-03,2,Electronics,10170,0,0.0
142,Pickup,2025-10-06,1,Electronics,10071,1,17.57
211,InStore,2025-11-17,1,Electronics,10128,2,232.11
110,Online,2025-10-20,1,Home,10048,5,137.58
143,Pickup,2025-12-01,2,Apparel,10171,2,96.31
149,Online,2025-12-08,2,Electronics,10119,2,198.21
199,Pickup,2025-10-27,4,Grocery,10119,2,123.53
238,InStore,2025-10-13,3,Grocery,10157,4,238.47
195,InStore,2025-12-01,1,Apparel,10054,2,133.69
171,Pickup,2025-10-27,3,Electronics,10118,2,63.38
249,Online,2025-11-17,1,Electronics,10034,1,116.92
152,InStore,2025-12-15,2,Apparel,10147,0,0.0
207,Online,2025-12-08,1,Apparel,10021,3,173.1
258,InStore,2025-12-08,2,Apparel,10010,3,231.5
100,Online,2025-11-17,1,Electronics,10131,2,218.09
250,InStore,2025-12-01,2,Electronics,10153,2,70.28
129,Pickup,2025-11-10,3,Electronics,10032,3,287.52
127,Pickup,2025-11-17,2,Home,10160,1,8.3
179,Online,2025-12-01,1,Electronics,10041,0,0.0
130,InStore,2025-10-27,1,Home,10173,3,93.34
184,InStore,2025-11-10,4,Home,10166,1,19.61
208,Online,2025-10-06,1,Grocery,10005,5,128.52
183,Pickup,2025-12-15,1,Apparel,10007,2,69.81
119,InStore,2025-10-27,1,Beauty,10029,3,30.09
198,Online,2025-11-17,2,Beauty,10179,1,30.06
119,Pickup,2025-10-20,1,Home,10126,1,95.88
140,InStore,2025-12-15,3,Electronics,10042,2,140.57
230,Pickup,2025-10-27,1,Home,10117,3,97.76
212,Online,2025-10-20,3,Electronics,10054,3,299.29
124,Online,2025-10-06,2,Beauty,10084,3,72.77
131,Pickup,2025-12-22,3,Apparel,10156,7,606.29
163,Pickup,2025-10-06,3,Home,10032,2,95.17
135,Online,2025-12-08,3,Home,10168,1,73.03
196,InStore,2025-12-01,1,Home,10017,1,97.69
250,Online,2025-12-22,1,Electronics,10019,3,140.66
227,InStore,2025-12-22,4,Home,10103,1,114.87
108,InStore,2025-11-03,3,Electronics,10160,3,253.61
122,InStore,2025-11-17,2,Grocery,10089,1,14.64
108,Online,2025-12-22,3,Grocery,10102,1,105.26
250,InStore,2025-12-22,2,Home,10019,0,0.0
226,Online,2025-11-10,2,Beauty,10163,1,14.11
131,Pickup,2025-12-08,1,Apparel,10104,3,28.63
173,Online,2025-12-22,2,Home,10089,0,0.0
196,Pickup,2025-10-06,1,Apparel,10172,3,345.53
257,Pickup,2025-12-15,2,Apparel,10039,4,464.46
100,Pickup,2025-11-10,5,Grocery,10159,1,20.83
156,InStore,2025-12-15,3,Apparel,10117,3,33.5
203,InStore,2025-11-24,1,Grocery,10025,1,39.61
174,InStore,2025-11-03,1,Electronics,10151,1,101.94
134,Pickup,2025-11-17,1,Apparel,10088,1,45.56
159,Online,2025-12-22,4,Electronics,10001,2,43.72
201,Online,2025-11-10,1,Home,10000,1,57.59
184,Pickup,2025-11-17,1,Electronics,10062,2,21.82
189,InStore,2025-11-17,2,Electronics,10047,3,64.49
215,InStore,2025-12-15,1,Beauty,10093,3,233.84
135,Online,2025-10-13,2,Electronics,10065,3,171.35
144,InStore,2025-10-13,1,Electronics,10105,2,156.61
157,Pickup,2025-11-10,2,Electronics,10086,3,263.95
132,Online,2025-12-15,3,Home,10043,2,153.99
144,Online,2025-10-13,1,Beauty,10124,0,0.0
172,InStore,2025-10-13,2,Beauty,10057,2,39.25
208,Online,2025-10-06,1,Home,10177,6,230.69
113,Online,2025-10-06,1,Beauty,10020,2,205.58
248,Online,2025-12-01,1,Apparel,10064,3,325.51
226,Online,2025-11-17,2,Grocery,10165,2,45.63
133,InStore,2025-10-27,3,Grocery,10032,2,222.33
137,Online,2025-11-10,3,Beauty,10064,2,129.86
128,Pickup,2025-12-08,1,Home,10130,0,0.0
172,Online,2025-12-22,1,Home,10149,2,234.27
225,Online,2025-12-15,1,Electronics,10107,2,111.16
216,InStore,2025-11-03,1,Apparel,10127,4,410.6
110,Online,2025-10-27,2,Home,10048,1,18.1
133,Online,2025-12-15,1,Electronics,10059,1,44.22
134,Online,2025-11-17,2,Apparel,10088,0,0.0
190,Online,2025-10-27,1,Grocery,10042,3,156.34
233,Pickup,2025-12-01,2,Home,10132,2,19.18
101,InStore,2025-10-20,1,Beauty,10113,3,30.67
186,Pickup,2025-10-06,2,Electronics,10022,3,246.66
243,InStore,2025-10-27,2,Electronics,10096,2,224.64
193,Online,2025-12-15,2,Beauty,10070,3,304.11
122,Pickup,2025-12-22,2,Home,10104,2,130.65
143,InStore,2025-11-24,3,Grocery,10003,1,68.27
143,Online,2025-11-24,1,Electronics,10023,1,113.54
236,InStore,2025-10-27,2,Grocery,10165,2,166.45
180,InStore,2025-10-13,4,Beauty,10091,3,251.12
139,Online,2025-12-01,1,Apparel,10107,1,17.05
196,Pickup,2025-10-06,2,Home,10022,0,0.0
156,Online,2025-12-01,1,Home,10128,2,27.32
239,Online,2025-10-06,1,Apparel,10178,2,238.2
130,Online,2025-11-10,3,Home,10039,7,315.52
127,Online,2025-12-15,2,Grocery,10000,3,318.85
212,Online,2025-12-01,2,Grocery,10044,2,37.86
175,Pickup,2025-10-13,2,Home,10112,0,0.0
105,InStore,2025-12-15,2,Electronics,10098,2,91.89
257,InStore,2025-12-15,3,Home,10039,2,73.48
241,Online,2025-10-06,3,Home,10162,2,83.57
254,Online,2025-12-15,2,Electronics,10050,0,0.0
133,InStore,2025-12-15,1,Grocery,10014,3,32.44
204,InStore,2025-12-08,2,Grocery,10162,4,57.36
231,InStore,2025-11-03,3,Beauty,10128,3,283.34
153,Pickup,2025-11-03,2,Grocery,10075,1,63.85
228,InStore,2025-11-24,2,Grocery,10084,2,53.58
188,Pickup,2025-11-17,1,Grocery,10122,0,0.0
166,Online,2025-12-08,2,Beauty,10020,2,116.31
127,Online,2025-11-17,3,Electronics,10160,0,0.0
196,Online,2025-12-15,2,Beauty,10060,0,0.0
244,Online,2025-11-10,2,Electronics,10119,3,85.56
178,InStore,2025-11-10,2,Home,10110,4,459.17
160,Pickup,2025-12-08,2,Home,10167,2,137.04
175,InStore,2025-12-08,3,Electronics,10128,1,81.08
118,InStore,2025-12-01,2,Apparel,10073,2,37.32
211,Pickup,2025-12-22,1,Grocery,10078,4,137.64
131,InStore,2025-10-20,2,Beauty,10011,3,311.92
159,InStore,2025-10-20,1,Apparel,10166,4,336.5
174,InStore,2025-12-08,1,Home,10060,0,0.0
207,Online,2025-12-22,1,Grocery,10069,1,8.74
234,Pickup,2025-12-22,1,Beauty,10176,1,36.52
106,Pickup,2025-10-27,2,Electronics,10019,2,135.32
158,InStore,2025-12-15,2,Beauty,10046,1,21.0
119,Pickup,2025-12-15,1,Electronics,10099,2,229.37
160,InStore,2025-11-10,1,Grocery,10042,1,46.6
209,InStore,2025-12-22,2,Electronics,10059,1,40.34
117,Online,2025-10-13,1,Home,10010,1,93.57
112,Pickup,2025-11-10,1,Beauty,10160,0,0.0
240,Online,2025-10-13,1,Beauty,10125,1,49.95
173,InStore,2025-11-03,1,Beauty,10071,6,223.41
115,Pickup,2025-11-17,1,Beauty,10144,1,20.55
211,InStore,2025-12-15,1,Electronics,10048,0,0.0
237,Online,2025-12-15,2,Beauty,10048,1,108.79
232,InStore,2025-12-15,1,Electronics,10130,1,108.56
208,Online,2025-10-06,2,Beauty,10005,2,73.93
128,Pickup,2025-11-24,2,Electronics,10175,2,217.24
163,Pickup,2025-10-27,1,Apparel,10112,5,580.87
211,InStore,2025-11-24,3,Beauty,10080,2,133.18
227,InStore,2025-10-20,1,Home,10147,2,194.89
135,Online,2025-12-15,1,Apparel,10001,4,214.18
229,InStore,2025-12-08,2,Apparel,10034,0,0.0
233,Online,2025-11-24,2,Grocery,10034,0,0.0
180,InStore,2025-11-24,2,Electronics,10125,5,297.28
183,InStore,2025-11-17,2,Home,10144,3,351.36
158,InStore,2025-11-03,1,Electronics,10011,4,363.4
249,InStore,2025-12-01,1,Home,10029,3,295.73
154,Online,2025-10-06,1,Home,10031,2,76.16
200,Pickup,2025-10-06,6,Grocery,10013,3,110.22
149,Online,2025-10-06,1,Grocery,10114,2,199.43
207,Pickup,2025-10-27,2,Grocery,10147,4,309.0
123,Pickup,2025-12-22,1,Beauty,10018,2,90.63
157,Online,2025-11-03,2,Grocery,10096,0,0.0
179,InStore,2025-10-27,2,Grocery,10121,0,0.0
113,InStore,2025-10-27,1,Apparel,10109,4,325.48
142,Online,2025-11-17,1,Home,10081,1,92.7
116,InStore,2025-10-13,2,Electronics,10163,0,0.0
123,Online,2025-11-10,3,Grocery,10061,1,78.66
114,InStore,2025-10-27,2,Apparel,10099,0,0.0
210,Pickup,2025-10-20,1,Apparel,10046,7,820.98
154,Online,2025-11-24,1,Home,10004,2,216.44
174,Pickup,2025-11-24,1,Electronics,10136,1,22.76
249,Online,2025-10-27,3,Grocery,10010,1,114.63
180,InStore,2025-12-01,1,Apparel,10159,0,0.0
188,Online,2025-12-08,2,Electronics,10037,2,185.7
120,Pickup,2025-12-01,1,Electronics,10126,2,102.15
245,InStore,2025-12-01,1,Grocery,10029,2,96.2
251,Pickup,2025-10-27,1,Electronics,10150,2,138.66
223,InStore,2025-12-22,1,Beauty,10110,2,100.93
200,Pickup,2025-12-08,4,Apparel,10121,5,49.87
250,Pickup,2025-11-03,2,Beauty,10040,1,107.98
116,InStore,2025-11-17,2,Apparel,10017,0,0.0
129,Online,2025-11-10,2,Beauty,10023,2,98.26
100,InStore,2025-12-01,2,Apparel,10060,2,126.86
132,Pickup,2025-11-17,5,Grocery,10118,2,156.21
203,Pickup,2025-12-08,2,Apparel,10179,2,155.58
164,Pickup,2025-12-08,1,Grocery,10168,4,49.72
170,Online,2025-12-08,3,Electronics,10053,1,85.6
164,Online,2025-10-13,3,Apparel,10054,4,342.22
102,InStore,2025-11-24,3,Grocery,10073,5,58.49
109,Pickup,2025-10-20,3,Beauty,10050,2,37.98
192,Online,2025-11-24,2,Apparel,10027,1,39.65
218,Online,2025-11-24,2,Electronics,10048,3,78.51
164,InStore,2025-10-06,2,Grocery,10152,1,109.65
177,InStore,2025-11-03,2,Home,10082,0,0.0
210,Online,2025-10-20,2,Electronics,10170,3,163.21
153,Pickup,2025-11-10,1,Home,10107,2,232.89
255,Online,2025-11-17,1,Apparel,10159,2,17.61
142,Pickup,2025-12-22,1,Beauty,10132,2,26.56
254,Online,2025-11-03,2,Apparel,10078,3,239.63
257,Pickup,2025-11-10,2,Beauty,10086,2,66.46
188,Pickup,2025-11-03,1,Beauty,10016,0,0.0
222,InStore,2025-12-08,2,Apparel,10177,2,93.05
223,Pickup,2025-11-10,2,Beauty,10103,1,83.7
102,Online,2025-11-24,4,Home,10073,1,17.16
121,Pickup,2025-11-24,2,Home,10178,4,42.74
210,Pickup,2025-11-10,2,Beauty,10147,4,446.8
191,Online,2025-11-03,2,Electronics,10101,0,0.0
126,InStore,2025-10-27,2,Electronics,10083,1,16.96
221,Pickup,2025-10-06,1,Beauty,10178,2,133.09
152,Online,2025-10-27,4,Home,10088,0,0.0
104,Online,2025-10-13,1,Electronics,10134,2,169.39
222,InStore,2025-11-17,1,Beauty,10085,6,216.49
255,Online,2025-12-01,4,Home,10138,1,58.49
166,Pickup,2025-10-06,2,Apparel,10097,3,176.45
209,InStore,2025-12-22,2,Apparel,10148,2,185.55
167,Pickup,2025-12-15,2,Electronics,10013,2,127.08
146,InStore,2025-10-27,1,Grocery,10074,0,0.0
180,Pickup,2025-12-08,1,Home,10171,4,99.64
216,Online,2025-10-27,1,Electronics,10112,0,0.0
259,Pickup,2025-11-03,1,Electronics,10153,1,62.74
172,Pickup,2025-11-17,1,Grocery,10073,2,226.12
196,Pickup,2025-12-15,3,Electronics,10060,3,60.72
100,Online,2025-11-10,3,Grocery,10175,1,41.26
140,InStore,2025-10-06,2,Grocery,10116,1,105.3
212,Pickup,2025-11-03,2,Beauty,10162,3,178.03
200,Pickup,2025-12-08,2,Apparel,10092,1,71.97
101,Online,2025-11-24,2,Electronics,10020,3,118.97
236,Pickup,2025-11-17,2,Home,10139,1,58.85
171,Online,2025-12-08,1,Grocery,10074,0,0.0
179,Online,2025-12-22,3,Grocery,10099,3,209.28
129,InStore,2025-10-27,1,Grocery,10171,4,313.53
148,Online,2025-11-10,2,Home,10088,1,39.67
225,InStore,2025-10-06,2,Electronics,10084,2,152.05
118,InStore,2025-12-15,1,Grocery,10133,0,0.0
115,InStore,2025-12-22,2,Grocery,10108,0,0.0
174,Pickup,2025-12-15,1,Apparel,10146,2,53.97
206,Online,2025-11-03,1,Electronics,10121,2,223.13
123,InStore,2025-10-20,1,Home,10130,1,69.75
226,InStore,2025-11-10,2,Home,10135,2,56.89
158,Online,2025-10-20,3,Home,10051,0,0.0
119,Pickup,2025-10-06,3,Home,10084,2,57.76
198,Pickup,2025-10-13,2,Home,10177,1,32.43
151,Online,2025-10-20,1,Beauty,10143,2,136.08
229,InStore,2025-11-24,1,Beauty,10045,4,276.54
114,Pickup,2025-10-13,1,Beauty,10010,4,211.21
126,Pickup,2025-12-22,1,Grocery,10007,4,237.06
187,Pickup,2025-10-27,2,Electronics,10052,4,111.02
105,Pickup,2025-12-22,1,Beauty,10152,1,12.06
117,InStore,2025-11-10,2,Apparel,10030,0,0.0
199,Pickup,2025-12-08,2,Grocery,10164,3,217.37
123,Pickup,2025-12-01,5,Beauty,10159,0,0.0
114,Pickup,2025-11-24,4,Apparel,10044,3,187.93
235,Online,2025-11-10,2,Electronics,10050,1,85.88
226,Online,2025-11-10,3,Grocery,10151,4,184.38
198,Online,2025-10-27,2,Apparel,10139,0,0.0
233,Pickup,2025-10-06,3,Home,10156,3,127.13
207,Pickup,2025-11-10,1,Apparel,10175,2,59.66
106,Pickup,2025-11-10,3,Grocery,10138,2,120.65
138,InStore,2025-12-15,1,Home,10147,5,422.15
127,Pickup,2025-11-10,2,Apparel,10123,2,127.09
176,Online,2025-10-06,1,Beauty,10176,2,183.15
159,InStore,2025-10-27,2,Electronics,10084,3,267.84
130,Online,2025-10-27,2,Electronics,10173,2,227.53
186,InStore,2025-10-06,2,Beauty,10026,1,105.24
239,InStore,2025-10-20,2,Home,10110,0,0.0
194,InStore,2025-12-22,2,Electronics,10138,3,232.67
199,InStore,2025-11-03,2,Apparel,10137,1,68.79
105,Pickup,2025-12-15,3,Grocery,10121,2,17.83
182,InStore,2025-11-10,1,Grocery,10117,3,37.25
174,InStore,2025-10-20,1,Beauty,10170,4,479.15
130,Pickup,2025-10-13,1,Electronics,10026,4,320.75
236,Online,2025-11-17,1,Home,10115,3,268.21
207,Online,2025-11-10,2,Home,10175,0,0.0
182,InStore,2025-10-13,2,Apparel,10177,2,146.91
157,Pickup,2025-11-17,1,Electronics,10024,5,312.95
143,InStore,2025-12-08,1,Home,10157,1,25.19
116,Pickup,2025-11-10,1,Beauty,10101,1,112.39
168,InStore,2025-11-10,3,Apparel,10120,3,355.63
218,Pickup,2025-11-17,1,Grocery,10135,1,77.99
155,Online,2025-11-24,1,Grocery,10057,0,0.0
190,Pickup,2025-10-27,3,Electronics,10112,1,21.31
134,Pickup,2025-10-13,3,Grocery,10036,1,102.21
202,Pickup,2025-11-03,2,Apparel,10077,2,215.94
181,Online,2025-11-10,1,Beauty,10108,1,47.9
183,Pickup,2025-11-03,2,Apparel,10035,3,89.17
124,Online,2025-10-27,2,Grocery,10131,2,84.91
200,Pickup,2025-10-06,1,Home,10064,1,73.16
111,Pickup,2025-11-03,1,Electronics,10096,3,218.27
147,Pickup,2025-12-01,2,Apparel,10168,4,144.64
113,InStore,2025-10-20,1,Beauty,10008,1,116.09
193,Pickup,2025-10-06,3,Grocery,10134,1,96.73
119,Online,2025-12-01,1,Apparel,10040,2,75.23
118,Online,2025-12-08,2,Apparel,10148,2,30.47
156,Online,2025-11-10,2,Beauty,10084,2,105.5
133,Pickup,2025-12-15,3,Beauty,10120,1,15.99
124,Pickup,2025-11-17,1,Apparel,10104,3,258.22
196,InStore,2025-12-15,1,Beauty,10111,1,55.53
198,Online,2025-11-03,2,Beauty,10068,1,68.19
220,Pickup,2025-11-10,2,Beauty,10005,3,122.6
231,Online,2025-12-22,1,Home,10013,0,0.0
132,Pickup,2025-10-13,1,Electronics,10022,3,32.98
133,Online,2025-12-01,2,Home,10101,2,77.93
209,Online,2025-10-06,2,Apparel,10067,3,218.38
204,Online,2025-11-17,1,Electronics,10014,2,112.23
195,InStore,2025-12-01,2,Apparel,10054,1,49.07
174,Online,2025-10-20,2,Grocery,10013,1,56.07
107,InStore,2025-12-01,2,Electronics,10167,2,198.02
201,Online,2025-12-15,2,Beauty,10156,6,509.42
240,Pickup,2025-10-06,2,Beauty,10012,4,370.52
121,Online,2025-10-06,1,Home,10046,6,337.64
215,Online,2025-12-01,3,Electronics,10002,0,0.0
163,Pickup,2025-10-27,1,Beauty,10134,4,48.4
259,Online,2025-11-24,2,Beauty,10113,2,157.76
146,Pickup,2025-12-08,3,Grocery,10022,2,57.73
174,InStore,2025-11-24,2,Electronics,10136,4,231.51
171,InStore,2025-10-06,1,Grocery,10156,0,0.0
232,Online,2025-11-03,2,Home,10044,2,61.5
131,Pickup,2025-10-20,2,Electronics,10024,2,124.46
156,Online,2025-12-08,2,Home,10050,0,0.0
108,Pickup,2025-11-03,4,Electronics,10160,3,240.21
215,Pickup,2025-10-06,4,Apparel,10070,3,81.7
246,Pickup,2025-11-17,4,Grocery,10157,1,110.95
170,Online,2025-10-13,3,Electronics,10081,1,80.62
198,Online,2025-11-17,3,Apparel,10179,2,189.66
187,InStore,2025-10-06,2,Beauty,10021,0,0.0
128,Pickup,2025-10-06,2,Beauty,10047,1,59.35
216,Online,2025-10-20,2,Beauty,10124,0,0.0
202,InStore,2025-10-27,1,Grocery,10112,1,24.36
162,Online,2025-10-13,1,Beauty,10134,3,133.72
167,InStore,2025-11-10,3,Electronics,10056,0,0.0
182,InStore,2025-12-08,1,Grocery,10081,2,28.75
231,Pickup,2025-11-10,1,Grocery,10085,0,0.0
105,Pickup,2025-10-06,1,Grocery,10099,2,175.32
156,InStore,2025-12-08,3,Apparel,10124,2,66.33
107,Online,2025-11-24,1,Beauty,10159,1,59.5
129,Online,2025-11-17,1,Electronics,10100,4,286.03
202,Pickup,2025-10-20,2,Beauty,10138,0,0.0
177,Online,2025-11-17,3,Home,10128,2,106.57
176,Online,2025-10-06,1,Beauty,10051,2,157.77
164,Online,2025-12-15,2,Apparel,10165,1,77.24
137,Pickup,2025-10-27,3,Home,10136,1,66.93
137,Online,2025-12-08,1,Grocery,10147,1,47.38
182,InStore,2025-10-13,3,Grocery,10177,3,347.07
238,InStore,2025-11-17,2,Home,10073,1,30.67
139,Online,2025-10-20,2,Grocery,10156,2,45.48
175,Pickup,2025-12-15,4,Grocery,10121,1,87.17
125,Online,2025-11-03,1,Apparel,10055,1,34.55
258,Pickup,2025-11-17,3,Grocery,10112,1,104.02
128,Online,2025-10-20,3,Beauty,10098,3,150.66
217,Online,2025-10-06,1,Apparel,10035,2,190.98
193,Online,2025-11-24,2,Electronics,10070,4,248.32
101,InStore,2025-11-17,1,Electronics,10139,2,25.83
170,InStore,2025-12-01,1,Apparel,10064,2,66.91
155,Online,2025-11-24,2,Home,10175,0,0.0
144,InStore,2025-10-27,2,Beauty,10122,0,0.0
215,Online,2025-11-03,2,Grocery,10014,1,43.99
141,Online,2025-12-22,1,Electronics,10010,2,27.51
185,Pickup,2025-11-17,3,Beauty,10119,3,31.05
248,Pickup,2025-10-20,1,Home,10023,1,46.48
217,Online,2025-10-06,2,Apparel,10035,5,221.94
146,InStore,2025-12-08,2,Home,10034,5,116.18
157,InStore,2025-11-03,3,Apparel,10096,6,645.12
171,Online,2025-11-24,1,Grocery,10130,1,81.28
127,Online,2025-11-03,1,Grocery,10094,0,0.0
124,Pickup,2025-10-27,2,Apparel,10031,1,105.5
127,InStore,2025-12-08,3,Home,10061,0,0.0
232,Online,2025-12-08,1,Electronics,10108,0,0.0
109,InStore,2025-10-06,2,Electronics,10131,2,144.35
112,InStore,2025-10-13,2,Grocery,10017,0,0.0
141,Pickup,2025-12-15,3,Apparel,10171,4,293.75
124,InStore,2025-10-20,1,Grocery,10068,1,51.01
103,Online,2025-12-15,1,Grocery,10016,0,0.0
229,InStore,2025-12-01,2,Beauty,10111,2,44.23
115,Online,2025-12-08,1,Beauty,10034,2,83.05
200,Pickup,2025-12-22,3,Apparel,10088,1,60.3
205,InStore,2025-10-06,1,Grocery,10129,2,178.58
152,Pickup,2025-10-27,5,Grocery,10088,1,31.82
152,Pickup,2025-12-01,1,Apparel,10072,1,81.3
108,Online,2025-12-08,1,Beauty,10086,6,182.93
162,InStore,2025-12-22,3,Electronics,10071,6,715.82
111,Online,2025-11-17,3,Apparel,10076,2,151.7
115,Pickup,2025-10-06,1,Grocery,10095,0,0.0
240,Online,2025-10-13,1,Beauty,10103,0,0.0
147,InStore,2025-11-10,2,Beauty,10031,1,101.35
106,InStore,2025-11-03,1,Electronics,10065,3,256.17
225,InStore,2025-12-08,1,Electronics,10167,2,237.91
168,Pickup,2025-11-17,2,Home,10014,2,26.2
233,Pickup,2025-12-08,1,Home,10095,3,146.69
126,Online,2025-11-17,2,Electronics,10172,2,84.67
180,Pickup,2025-10-20,2,Grocery,10158,0,0.0
130,Pickup,2025-11-17,3,Electronics,10138,1,16.69
111,Pickup,2025-10-27,2,Beauty,10146,1,56.3
179,Online,2025-11-10,1,Grocery,10090,5,455.93
131,Online,2025-11-24,1,Home,10173,3,294.93
198,Pickup,2025-10-13,2,Electronics,10115,1,104.05
149,Pickup,2025-12-15,2,Grocery,10120,1,17.44
183,Online,2025-12-22,1,Grocery,10112,1,64.72
245,Online,2025-11-03,2,Electronics,10055,1,113.05
103,Online,2025-11-10,1,Apparel,10046,2,217.86
200,Pickup,2025-11-03,2,Home,10076,0,0.0
215,Pickup,2025-12-01,1,Grocery,10049,1,99.48
165,Pickup,2025-10-06,1,Beauty,10000,1,85.1
167,InStore,2025-10-13,1,Grocery,10106,2,102.89
118,Online,2025-11-24,3,Beauty,10173,2,153.8
211,Pickup,2025-12-15,1,Home,10034,7,176.76
160,Pickup,2025-11-10,2,Apparel,10042,1,16.62
148,Online,2025-12-08,2,Grocery,10134,0,0.0
186,Pickup,2025-11-17,1,Grocery,10011,1,81.41
187,Online,2025-10-27,2,Beauty,10049,2,130.87
225,Pickup,2025-10-27,1,Grocery,10091,2,237.34
254,Online,2025-10-20,2,Apparel,10147,4,188.29
192,InStore,2025-11-03,1,Beauty,10094,1,24.08
224,InStore,2025-11-17,1,Electronics,10027,2,43.46
255,InStore,2025-11-10,2,Grocery,10014,1,9.32
152,InStore,2025-11-24,1,Beauty,10137,3,349.81
166,InStore,2025-12-22,2,Electronics,10124,2,60.11
196,InStore,2025-12-08,1,Apparel,10166,0,0.0
202,Online,2025-10-13,3,Grocery,10097,3,312.15
207,Online,2025-10-27,2,Beauty,10099,3,70.48
139,Online,2025-11-03,2,Apparel,10043,3,99.29
107,Pickup,2025-12-22,1,Beauty,10010,0,0.0
105,InStore,2025-12-22,1,Electronics,10096,2,222.02
232,InStore,2025-12-22,3,Grocery,10024,2,160.17
234,Pickup,2025-12-01,1,Home,10108,2,152.86
216,Online,2025-10-13,2,Apparel,10097,0,0.0
231,Online,2025-12-01,2,Home,10175,4,386.0
177,Pickup,2025-11-10,1,Electronics,10066,0,0.0
187,Pickup,2025-12-01,1,Home,10140,3,313.09
123,Pickup,2025-11-24,1,Apparel,10136,3,108.45
193,Pickup,2025-10-06,1,Beauty,10159,2,211.37
200,Pickup,2025-10-06,1,Electronics,10093,3,79.7
119,InStore,2025-12-22,2,Home,10050,1,56.19
126,InStore,2025-11-17,1,Home,10073,3,165.44
172,Online,2025-11-10,1,Apparel,10138,1,109.03
125,InStore,2025-11-17,3,Beauty,10119,0,0.0
188,Pickup,2025-11-03,2,Beauty,10016,0,0.0
199,Online,2025-12-01,1,Beauty,10073,1,45.98
238,Pickup,2025-12-08,1,Grocery,10172,2,212.98
211,Pickup,2025-10-27,1,Grocery,10012,1,30.38
251,Pickup,2025-10-13,3,Electronics,10170,1,25.09
180,Pickup,2025-12-22,1,Grocery,10121,1,60.58
257,InStore,2025-12-15,2,Beauty,10067,0,0.0
237,Pickup,2025-12-22,3,Electronics,10041,2,220.27
177,Pickup,2025-11-17,2,Apparel,10126,1,119.73
139,Pickup,2025-12-22,1,Apparel,10018,4,443.19
146,InStore,2025-10-06,5,Apparel,10088,2,92.15
193,Pickup,2025-12-22,1,Apparel,10082,2,192.6
231,Pickup,2025-11-24,1,Home,10116,3,261.85
239,Pickup,2025-10-06,2,Beauty,10107,3,69.88
127,Pickup,2025-12-08,2,Apparel,10060,2,34.78
242,Pickup,2025-12-08,2,Home,10034,4,99.11
252,Pickup,2025-12-08,1,Home,10097,1,73.26
196,InStore,2025-12-01,1,Apparel,10083,1,19.17
157,Pickup,2025-10-13,2,Beauty,10170,1,46.8
164,InStore,2025-11-24,3,Beauty,10018,2,135.68
202,Online,2025-11-03,3,Electronics,10077,2,213.07
125,Pickup,2025-11-03,2,Grocery,10116,2,56.3
146,Pickup,2025-12-08,1,Beauty,10103,1,17.64
139,Pickup,2025-10-13,2,Beauty,10038,2,134.07
215,Online,2025-10-20,1,Home,10017,4,287.92
174,Online,2025-10-27,1,Grocery,10015,4,404.83
101,Pickup,2025-11-10,1,Electronics,10027,1,37.92
250,InStore,2025-11-24,2,Home,10030,0,0.0
197,InStore,2025-12-08,1,Home,10061,2,198.66
196,Pickup,2025-12-01,1,Apparel,10032,4,137.61
135,Pickup,2025-11-24,3,Grocery,10160,1,56.73
214,InStore,2025-10-27,2,Electronics,10130,0,0.0
119,Online,2025-10-20,2,Apparel,10126,1,35.08
237,Pickup,2025-11-03,2,Home,10039,1,95.42
122,Pickup,2025-11-17,2,Beauty,10131,1,72.25
257,InStore,2025-11-10,3,Apparel,10082,5,336.49
219,Online,2025-10-13,1,Electronics,10123,2,100.2
183,InStore,2025-12-01,2,Home,10125,1,54.14
138,Online,2025-11-03,2,Grocery,10055,0,0.0
147,Online,2025-11-10,3,Electronics,10031,1,14.05
101,Online,2025-11-24,2,Apparel,10109,2,175.13
155,InStore,2025-10-20,1,Beauty,10020,1,82.08
259,InStore,2025-11-17,1,Home,10154,1,41.66
124,Pickup,2025-10-27,3,Beauty,10131,3,39.07
126,Online,2025-11-03,2,Home,10147,2,29.48
220,Online,2025-12-08,1,Electronics,10136,3,284.24
111,Pickup,2025-10-20,2,Apparel,10166,4,389.87
204,Online,2025-11-03,4,Home,10043,4,38.48
120,Online,2025-12-08,1,Home,10157,0,0.0
258,InStore,2025-10-20,1,Home,10018,5,560.37
192,InStore,2025-11-24,3,Beauty,10027,3,56.93
218,InStore,2025-12-01,1,Beauty,10012,2,25.85
103,InStore,2025-11-10,1,Electronics,10108,3,302.61
247,Pickup,2025-12-22,1,Electronics,10166,3,261.67
140,Online,2025-11-03,2,Home,10014,2,197.97
113,InStore,2025-10-06,3,Electronics,10106,0,0.0
237,InStore,2025-12-08,1,Electronics,10009,1,29.53
133,Online,2025-11-03,2,Apparel,10127,3,266.8
113,Online,2025-12-01,2,Electronics,10023,0,0.0
128,Pickup,2025-10-27,3,Grocery,10031,1,114.48
130,Online,2025-10-27,1,Home,10093,4,159.15
201,InStore,2025-11-03,1,Apparel,10127,3,294.6
130,Online,2025-12-15,3,Grocery,10127,4,240.44
168,InStore,2025-10-27,2,Beauty,10039,4,78.33
167,Online,2025-12-15,1,Beauty,10054,3,122.29
198,Online,2025-10-27,2,Electronics,10080,1,107.41
218,Pickup,2025-12-22,1,Beauty,10127,0,0.0
256,InStore,2025-11-17,2,Beauty,10024,2,169.15
237,Online,2025-10-27,2,Apparel,10065,2,125.34
226,Pickup,2025-12-08,2,Apparel,10144,2,28.16
107,InStore,2025-10-13,1,Apparel,10097,2,157.37
251,Online,2025-12-22,1,Grocery,10023,2,38.85
253,InStore,2025-11-03,1,Beauty,10093,1,21.79
137,Online,2025-12-22,2,Grocery,10151,0,0.0
181,InStore,2025-12-01,2,Home,10164,1,12.96
179,Online,2025-10-06,1,Electronics,10016,3,335.73
100,Pickup,2025-12-01,1,Beauty,10054,5,328.77
238,Pickup,2025-10-13,1,Grocery,10104,2,198.15
253,Online,2025-11-17,1,Home,10129,3,321.91
167,Online,2025-10-27,1,Grocery,10160,1,61.33
159,InStore,2025-12-22,1,Electronics,10096,5,299.54
139,Online,2025-11-17,4,Grocery,10081,1,105.35
243,Pickup,2025-10-27,3,Beauty,10096,3,42.22
149,Online,2025-10-06,2,Home,10096,1,107.14
146,Pickup,2025-10-27,1,Home,10017,0,0.0
161,Online,2025-10-27,3,Home,10036,4,196.34
235,Pickup,2025-11-24,2,Beauty,10109,1,105.51
167,InStore,2025-12-08,2,Electronics,10123,0,0.0
101,Online,2025-10-13,4,Electronics,10115,4,341.37
243,InStore,2025-10-20,1,Beauty,10110,0,0.0
159,InStore,2025-12-01,2,Grocery,10102,2,114.48
154,Online,2025-12-01,1,Electronics,10014,2,111.14
236,Online,2025-11-03,2,Beauty,10153,3,48.81
120,Online,2025-10-27,2,Grocery,10046,2,151.52
221,Pickup,2025-11-24,2,Grocery,10085,3,181.5
225,Pickup,2025-12-08,3,Grocery,10164,0,0.0
217,InStore,2025-12-22,2,Apparel,10128,0,0.0
238,InStore,2025-11-17,3,Apparel,10073,1,65.49
247,InStore,2025-10-06,1,Apparel,10062,2,22.17
189,Online,2025-11-17,2,Electronics,10116,0,0.0
237,Online,2025-12-22,4,Home,10041,1,34.81
158,Pickup,2025-10-06,1,Beauty,10077,0,0.0
217,InStore,2025-10-06,1,Beauty,10154,4,170.2
258,Online,2025-12-08,1,Electronics,10171,2,110.87
257,InStore,2025-10-27,2,Beauty,10051,3,88.22
208,Online,2025-12-22,2,Home,10111,2,234.82
175,InStore,2025-10-06,1,Beauty,10098,3,104.98
225,Online,2025-11-17,3,Grocery,10108,2,63.01
179,InStore,2025-11-10,1,Beauty,10158,1,13.28
216,InStore,2025-10-06,1,Beauty,10063,1,71.18
160,Pickup,2025-11-17,1,Electronics,10022,1,21.86
167,InStore,2025-10-13,2,Grocery,10106,2,209.38
168,InStore,2025-12-15,1,Electronics,10024,4,197.23
244,Pickup,2025-10-06,1,Beauty,10173,4,371.31
165,InStore,2025-10-20,1,Apparel,10064,2,23.61
214,Pickup,2025-10-27,2,Home,10018,0,0.0
165,InStore,2025-12-22,3,Apparel,10173,5,524.55
233,Online,2025-12-01,3,Apparel,10124,1,71.91
102,Pickup,2025-11-10,1,Beauty,10064,3,170.54
203,Pickup,2025-11-03,2,Electronics,10037,2,40.1
123,Pickup,2025-10-27,1,Grocery,10020,5,343.59
176,Pickup,2025-10-06,1,Apparel,10163,2,223.96
172,InStore,2025-11-24,2,Beauty,10134,2,48.13
250,Online,2025-11-17,2,Apparel,10125,5,175.99
135,InStore,2025-12-22,2,Beauty,10157,1,93.07
170,Pickup,2025-11-17,4,Beauty,10046,0,0.0
107,Pickup,2025-12-01,3,Electronics,10167,2,230.68
107,InStore,2025-10-13,2,Electronics,10026,4,449.41
253,InStore,2025-11-24,1,Home,10153,1,59.42
210,Pickup,2025-11-17,3,Grocery,10109,2,183.72
104,InStore,2025-10-13,1,Electronics,10009,0,0.0
118,Pickup,2025-10-27,1,Beauty,10010,4,173.54
255,Pickup,2025-10-13,1,Grocery,10136,6,608.0
182,Online,2025-10-06,1,Electronics,10062,1,49.29
137,Online,2025-10-13,1,Electronics,10174,5,599.97
183,InStore,2025-12-08,3,Grocery,10078,1,59.31
157,Online,2025-12-01,1,Home,10128,3,164.81
169,Online,2025-10-13,1,Beauty,10054,2,96.49
126,InStore,2025-11-17,2,Grocery,10073,1,17.12
112,Pickup,2025-11-10,2,Home,10128,1,11.85
107,Pickup,2025-11-17,3,Home,10061,3,224.21
170,InStore,2025-11-03,2,Beauty,10045,4,345.11
151,InStore,2025-10-27,2,Beauty,10179,3,253.37
101,Pickup,2025-11-10,2,Home,10027,4,168.54
117,Pickup,2025-12-01,1,Beauty,10104,1,80.95
258,Online,2025-10-06,1,Home,10055,3,124.93
145,Online,2025-11-10,2,Home,10154,2,16.67
224,Pickup,2025-10-20,1,Grocery,10178,2,51.11
144,Online,2025-10-13,2,Grocery,10124,1,67.97
163,InStore,2025-11-17,1,Electronics,10175,1,77.68
150,InStore,2025-12-08,2,Beauty,10133,2,224.88
128,Online,2025-12-01,1,Electronics,10067,3,293.92
254,Pickup,2025-11-10,1,Electronics,10154,0,0.0
259,Pickup,2025-10-27,1,Grocery,10087,0,0.0
249,InStore,2025-12-15,3,Grocery,10031,2,120.91
241,Pickup,2025-11-03,2,Beauty,10121,0,0.0
116,Online,2025-12-22,2,Apparel,10148,5,155.1
214,Pickup,2025-12-22,2,Apparel,10115,2,47.63
244,Online,2025-11-17,1,Electronics,10080,0,0.0
183,Online,2025-10-27,1,Apparel,10071,4,412.1
210,InStore,2025-10-27,1,Apparel,10114,6,378.26
201,Pickup,2025-12-08,1,Beauty,10105,4,471.01
246,Pickup,2025-11-24,1,Apparel,10134,0,0.0
248,Online,2025-11-24,2,Apparel,10065,0,0.0
163,Online,2025-11-10,1,Beauty,10013,4,313.9
156,InStore,2025-12-15,3,Grocery,10074,4,84.72
154,InStore,2025-10-06,2,Home,10084,1,76.93
219,Pickup,2025-10-13,3,Grocery,10055,1,67.32
240,Pickup,2025-10-13,2,Grocery,10103,3,112.07
179,InStore,2025-12-01,2,Apparel,10108,2,232.58
106,Online,2025-11-24,1,Beauty,10003,1,45.26
237,Online,2025-11-03,2,Grocery,10161,2,184.09
139,Pickup,2025-11-03,2,Beauty,10072,3,202.19
108,Online,2025-10-06,1,Apparel,10012,1,96.22
149,Pickup,2025-10-06,1,Grocery,10168,1,86.61
182,Pickup,2025-12-15,1,Apparel,10156,1,78.59
194,Online,2025-12-08,1,Electronics,10019,2,153.83
233,InStore,2025-11-17,1,Home,10009,0,0.0
140,InStore,2025-10-20,2,Electronics,10011,3,86.14
188,Online,2025-11-17,2,Grocery,10122,0,0.0
104,Pickup,2025-12-15,1,Grocery,10125,2,102.98
152,Pickup,2025-11-10,1,Beauty,10172,2,109.88
132,Online,2025-11-17,2,Beauty,10121,1,68.75
106,InStore,2025-12-08,2,Beauty,10114,5,559.35
236,Online,2025-12-15,2,Home,10109,1,56.14
222,Online,2025-12-01,1,Home,10053,1,40.85
180,InStore,2025-12-15,1,Grocery,10157,0,0.0
107,InStore,2025-11-17,4,Apparel,10061,4,344.13
184,Online,2025-12-01,2,Grocery,10136,2,124.51
218,InStore,2025-11-03,1,Grocery,10014,1,9.77
223,Online,2025-10-20,6,Home,10061,2,205.33
227,Pickup,2025-12-01,2,Apparel,10073,2,162.83
219,InStore,2025-10-13,2,Grocery,10029,4,89.68
212,Online,2025-11-03,1,Apparel,10032,5,237.23
132,Pickup,2025-10-13,4,Apparel,10003,2,80.6
241,Online,2025-11-03,1,Beauty,10144,1,62.5
169,Online,2025-10-20,1,Home,10143,3,60.91
179,Online,2025-11-17,1,Grocery,10012,1,9.07
136,InStore,2025-10-13,1,Grocery,10034,1,50.8
131,InStore,2025-11-17,1,Beauty,10117,1,72.56
248,Pickup,2025-11-10,1,Electronics,10147,4,82.74
184,Online,2025-10-20,2,Grocery,10138,0,0.0
240,Pickup,2025-11-24,1,Home,10175,1,9.72
164,Online,2025-12-08,1,Grocery,10074,4,174.62
223,Online,2025-10-20,2,Electronics,10170,1,46.86
167,InStore,2025-11-17,2,Home,10125,1,19.1
186,Pickup,2025-12-22,3,Home,10102,0,0.0
156,Online,2025-12-08,1,Apparel,10042,2,218.6
146,Online,2025-10-27,2,Home,10017,2,172.8
133,InStore,2025-11-17,1,Beauty,10128,6,643.32
178,Pickup,2025-11-17,1,Apparel,10052,5,400.19
225,Pickup,2025-12-08,4,Beauty,10164,3,302.87
250,Online,2025-11-17,3,Beauty,10125,3,262.78
131,Pickup,2025-12-22,1,Home,10014,3,61.21
259,Online,2025-11-17,2,Grocery,10154,3,270.96
116,Online,2025-11-10,2,Beauty,10134,4,335.0
258,Online,2025-11-17,3,Beauty,10118,3,123.4
135,Online,2025-12-15,2,Electronics,10112,1,41.63
153,Online,2025-10-20,2,Grocery,10025,1,110.73
211,Pickup,2025-10-27,1,Beauty,10155,1,28.58
154,Pickup,2025-10-27,2,Home,10061,3,265.1
133,Pickup,2025-11-10,1,Electronics,10136,4,145.79
193,InStore,2025-11-24,3,Beauty,10070,1,107.13
113,Pickup,2025-10-06,4,Beauty,10106,1,33.86
153,InStore,2025-11-10,3,Electronics,10053,2,45.03
126,Pickup,2025-12-08,2,Home,10054,0,0.0
163,Pickup,2025-10-06,4,Home,10123,1,54.73
225,Online,2025-11-24,3,Home,10126,5,462.61
253,InStore,2025-11-03,3,Beauty,10004,5,271.53
132,Online,2025-11-17,1,Beauty,10169,2,30.78
124,Online,2025-11-10,1,Apparel,10039,3,109.81
103,Online,2025-10-06,2,Electronics,10034,0,0.0
118,InStore,2025-12-01,3,Electronics,10073,0,0.0
107,Pickup,2025-10-20,3,Home,10021,3,298.2
109,Online,2025-12-01,1,Home,10029,3,230.85
148,Online,2025-10-13,2,Electronics,10078,5,571.83
152,Pickup,2025-11-24,1,Beauty,10151,2,81.15
232,Pickup,2025-12-15,2,Grocery,10156,3,57.49
221,Pickup,2025-11-10,1,Grocery,10171,0,0.0
128,Online,2025-12-01,3,Home,10014,3,279.61
150,Online,2025-12-08,1,Grocery,10107,2,186.16
215,InStore,2025-11-10,2,Apparel,10078,1,29.51
257,Pickup,2025-11-03,1,Beauty,10115,3,76.85
126,InStore,2025-12-01,1,Apparel,10001,0,0.0
149,Pickup,2025-12-01,2,Home,10160,4,342.55
158,InStore,2025-11-10,1,Beauty,10063,2,37.87
240,Pickup,2025-11-17,1,Grocery,10084,3,269.75
196,Pickup,2025-11-10,1,Electronics,10169,0,0.0
129,Online,2025-11-10,2,Electronics,10095,2,98.07
246,Online,2025-10-13,2,Home,10020,1,91.61
166,Pickup,2025-11-10,2,Apparel,10104,2,237.43
213,InStore,2025-11-17,2,Grocery,10038,1,63.34
124,Pickup,2025-12-15,3,Apparel,10078,3,24.51
185,Online,2025-11-24,2,Beauty,10159,5,333.39
102,Pickup,2025-11-03,1,Grocery,10161,1,74.31
155,InStore,2025-10-27,1,Apparel,10006,5,456.96
249,Online,2025-10-20,2,Home,10047,4,308.64
168,Pickup,2025-11-10,2,Home,10024,2,110.69
124,Pickup,2025-11-17,2,Home,10066,3,55.31
106,Online,2025-12-01,1,Beauty,10074,1,33.1
177,Pickup,2025-11-17,3,Beauty,10084,3,358.91
181,InStore,2025-11-03,2,Electronics,10034,3,140.01
140,Pickup,2025-10-20,3,Beauty,10130,4,81.66
234,Online,2025-12-01,1,Apparel,10039,2,111.84
205,InStore,2025-11-03,1,Grocery,10165,4,395.09
116,InStore,2025-12-15,3,Apparel,10027,3,181.77
117,Pickup,2025-10-13,3,Home,10054,3,136.2
202,InStore,2025-10-20,1,Beauty,10017,3,339.35
230,Pickup,2025-10-27,1,Beauty,10122,2,125.03
188,InStore,2025-12-15,2,Beauty,10154,3,68.56
178,Online,2025-10-06,2,Beauty,10061,0,0.0
114,Pickup,2025-11-03,1,Beauty,10085,1,112.6
128,InStore,2025-12-15,3,Electronics,10036,2,233.43
242,Online,2025-10-06,2,Home,10113,2,192.05
147,Pickup,2025-11-03,1,Electronics,10117,5,496.85
244,Pickup,2025-12-22,1,Home,10086,2,88.9
210,Online,2025-11-10,1,Grocery,10109,2,132.16
182,Online,2025-12-15,1,Electronics,10135,2,106.81
108,Online,2025-12-22,2,Apparel,10095,1,94.29
133,Pickup,2025-12-15,4,Home,10123,1,64.32
175,Pickup,2025-12-08,1,Grocery,10165,1,60.88
159,Pickup,2025-10-27,1,Grocery,10098,1,18.03
116,Pickup,2025-12-22,1,Apparel,10150,3,124.94
100,Pickup,2025-12-01,3,Electronics,10060,4,248.63
120,InStore,2025-10-13,1,Grocery,10073,4,231.0
184,InStore,2025-10-06,1,Electronics,10090,1,14.6
240,Online,2025-12-15,2,Electronics,10054,3,24.97
102,Pickup,2025-12-01,4,Grocery,10040,1,17.6
204,InStore,2025-11-10,3,Beauty,10163,3,211.77
102,InStore,2025-12-08,3,Apparel,10050,2,30.18
257,Pickup,2025-11-17,2,Apparel,10043,2,19.7
109,Online,2025-11-03,2,Grocery,10023,4,272.43
198,Pickup,2025-11-24,2,Electronics,10167,1,66.1
229,Online,2025-11-24,2,Beauty,10045,2,71.95
215,InStore,2025-12-22,2,Home,10172,3,32.87
251,Online,2025-12-15,2,Home,10040,2,31.34
117,Online,2025-11-10,3,Electronics,10030,3,90.05
218,InStore,2025-11-03,2,Beauty,10014,0,0.0
251,Pickup,2025-12-08,1,Grocery,10095,2,165.06
227,InStore,2025-10-13,1,Apparel,10092,1,49.97
149,InStore,2025-10-27,2,Beauty,10008,2,212.31
121,Pickup,2025-10-06,2,Grocery,10031,1,50.01
139,InStore,2025-11-17,2,Electronics,10029,2,46.96
222,Pickup,2025-12-01,2,Grocery,10079,1,86.31
179,Pickup,2025-11-10,3,Home,10151,4,223.95
182,Online,2025-11-03,1,Home,10050,1,35.87
146,Online,2025-10-06,1,Grocery,10120,0,0.0
149,Online,2025-12-08,3,Home,10119,2,200.83
213,InStore,2025-11-03,2,Electronics,10075,1,51.67
171,Pickup,2025-12-08,2,Electronics,10126,3,287.08
184,InStore,2025-11-17,2,Electronics,10059,0,0.0
114,InStore,2025-10-27,3,Apparel,10095,1,99.06
239,InStore,2025-10-13,1,Home,10159,2,151.98
175,InStore,2025-11-10,1,Home,10069,1,63.53
223,InStore,2025-12-22,1,Home,10069,2,217.54
241,InStore,2025-10-20,1,Beauty,10043,0,0.0
244,Online,2025-10-20,2,Home,10089,6,620.9
109,Pickup,2025-11-17,1,Apparel,10151,0,0.0
142,InStore,2025-11-17,1,Apparel,10174,2,150.04
257,InStore,2025-10-20,2,Beauty,10151,2,214.32
116,Pickup,2025-12-15,2,Home,10043,3,81.15
123,InStore,2025-11-03,1,Grocery,10045,4,365.08
195,Pickup,2025-10-13,1,Electronics,10088,1,70.3
203,Pickup,2025-11-17,2,Home,10177,1,46.81
247,InStore,2025-12-01,2,Home,10008,1,36.07
143,Pickup,2025-11-03,2,Grocery,10067,2,55.55
254,InStore,2025-11-24,2,Home,10048,3,251.08
206,InStore,2025-12-08,1,Home,10165,0,0.0
112,Pickup,2025-10-13,2,Apparel,10131,1,22.59
106,Online,2025-11-24,4,Electronics,10140,2,208.85
143,Online,2025-12-01,1,Grocery,10062,3,169.52
180,Online,2025-10-27,2,Apparel,10062,2,75.7
165,Online,2025-11-03,2,Home,10126,0,0.0
233,InStore,2025-11-24,3,Beauty,10034,3,177.83
183,Pickup,2025-11-03,3,Grocery,10031,0,0.0
188,Online,2025-10-20,3,Home,10161,2,113.91
139,Online,2025-11-17,1,Grocery,10091,2,153.59
108,Pickup,2025-10-27,1,Grocery,10046,1,106.55
155,InStore,2025-10-27,2,Grocery,10147,4,135.84
146,InStore,2025-11-03,2,Home,10166,3,235.06
199,Online,2025-12-01,1,Apparel,10002,4,286.1
208,Online,2025-10-13,4,Electronics,10009,1,47.99
188,InStore,2025-12-15,1,Grocery,10153,2,77.41
233,Online,2025-11-03,2,Apparel,10050,1,69.22
130,Pickup,2025-12-22,1,Electronics,10131,2,40.18
172,InStore,2025-11-10,2,Grocery,10138,1,32.49
115,InStore,2025-12-22,2,Home,10019,1,113.96
253,InStore,2025-10-13,2,Beauty,10106,1,46.01
144,Pickup,2025-11-10,3,Electronics,10116,5,217.96
134,InStore,2025-12-08,1,Grocery,10052,1,30.3
172,InStore,2025-10-20,2,Grocery,10016,1,90.49
251,InStore,2025-12-22,1,Home,10126,6,600.35
185,InStore,2025-12-22,1,Electronics,10000,1,21.29
144,Online,2025-12-15,1,Grocery,10044,3,85.19
125,InStore,2025-10-13,1,Home,10026,2,212.57
234,Pickup,2025-10-06,2,Beauty,10000,2,210.87
148,InStore,2025-12-15,2,Home,10059,1,82.8
245,InStore,2025-11-17,3,Beauty,10046,3,230.52
150,Online,2025-12-08,1,Beauty,10125,2,63.02
119,Online,2025-10-13,2,Electronics,10029,2,41.14
202,InStore,2025-11-10,1,Home,10038,3,130.78
154,InStore,2025-12-08,2,Apparel,10034,1,62.4
144,InStore,2025-12-01,1,Grocery,10056,1,116.9
225,Pickup,2025-12-01,1,Beauty,10153,4,337.03
182,InStore,2025-12-08,1,Electronics,10144,1,73.03
142,Online,2025-11-24,1,Beauty,10011,4,318.59
240,InStore,2025-11-17,1,Apparel,10016,1,104.64
223,Online,2025-11-10,2,Apparel,10037,1,48.47
129,InStore,2025-11-24,3,Beauty,10093,2,137.8
131,Pickup,2025-10-06,2,Beauty,10101,1,15.41
190,Online,2025-11-17,2,Beauty,10011,3,124.39
210,Online,2025-10-20,2,Apparel,10046,0,0.0
216,InStore,2025-11-17,2,Beauty,10026,2,78.98
100,Online,2025-11-10,3,Electronics,10015,0,0.0
189,Online,2025-11-03,2,Apparel,10030,2,139.52
171,Online,2025-10-27,1,Grocery,10094,3,85.22
194,InStore,2025-12-22,3,Electronics,10179,2,45.41
139,Pickup,2025-10-20,2,Electronics,10014,1,14.27
138,Pickup,2025-10-27,1,Grocery,10074,4,108.13
121,Online,2025-11-10,1,Beauty,10177,2,144.42
116,InStore,2025-10-13,2,Apparel,10120,3,276.33
161,Pickup,2025-11-03,3,Home,10122,4,368.05
223,InStore,2025-10-13,1,Beauty,10146,2,152.89
184,Pickup,2025-11-17,1,Home,10105,3,63.87
167,Online,2025-11-10,1,Electronics,10146,4,468.14
202,Pickup,2025-10-27,2,Home,10112,1,43.39
200,Online,2025-10-06,2,Electronics,10093,0,0.0
206,InStore,2025-10-27,1,Apparel,10129,2,76.0
134,Pickup,2025-12-15,1,Beauty,10177,1,21.36
136,InStore,2025-11-17,1,Home,10138,1,105.86
236,Online,2025-12-22,3,Beauty,10155,1,113.53
123,InStore,2025-12-01,2,Apparel,10056,6,506.19
242,InStore,2025-10-13,2,Apparel,10161,0,0.0
120,Online,2025-12-15,2,Beauty,10118,3,299.52
163,Online,2025-11-17,2,Grocery,10175,4,476.11
205,InStore,2025-12-15,3,Grocery,10006,4,80.4
230,InStore,2025-10-06,1,Home,10053,2,53.9
138,InStore,2025-12-08,4,Grocery,10082,3,219.74
180,InStore,2025-12-22,1,Grocery,10131,3,329.3
129,Pickup,2025-10-06,2,Grocery,10062,1,116.97
164,InStore,2025-11-10,2,Electronics,10058,3,74.57
179,InStore,2025-12-15,2,Electronics,10011,4,326.95
100,InStore,2025-10-06,2,Grocery,10107,4,435.98
176,InStore,2025-10-27,1,Electronics,10176,1,46.18
236,InStore,2025-11-10,1,Beauty,10138,3,41.69
172,Pickup,2025-10-20,4,Home,10021,4,295.08
184,Pickup,2025-10-06,2,Beauty,10090,2,30.4
126,Pickup,2025-12-15,2,Home,10007,3,131.6
206,Online,2025-12-22,3,Grocery,10152,0,0.0
220,InStore,2025-11-03,2,Grocery,10018,1,20.35
186,Pickup,2025-12-22,3,Home,10152,3,122.84
190,Online,2025-10-06,2,Electronics,10048,2,101.61
123,InStore,2025-12-01,2,Electronics,10115,1,33.28
134,Online,2025-11-24,1,Electronics,10121,4,193.97
139,Pickup,2025-12-08,1,Beauty,10116,3,135.16
167,Online,2025-12-01,1,Home,10115,2,68.77
142,Pickup,2025-12-22,1,Home,10165,2,207.34
207,InStore,2025-11-03,1,Grocery,10117,2,226.85
196,Pickup,2025-12-01,2,Beauty,10083,3,93.53
118,Pickup,2025-10-13,2,Electronics,10075,1,113.69
165,Online,2025-10-27,2,Apparel,10004,2,226.43
116,InStore,2025-10-06,1,Electronics,10104,0,0.0
217,InStore,2025-11-24,4,Grocery,10142,5,377.75
243,InStore,2025-12-08,2,Beauty,10084,1,10.35
215,Online,2025-11-24,2,Home,10088,2,101.44
235,InStore,2025-11-10,2,Home,10102,3,207.66
172,Online,2025-10-06,1,Grocery,10086,1,14.19
152,InStore,2025-11-24,2,Home,10151,2,135.76
141,Pickup,2025-12-22,1,Home,10137,2,230.72
258,Pickup,2025-11-24,1,Electronics,10066,0,0.0
226,InStore,2025-11-17,2,Electronics,10035,2,172.68
114,InStore,2025-10-20,2,Electronics,10017,2,191.21
164,Pickup,2025-12-08,1,Home,10146,1,12.57
110,Pickup,2025-10-20,2,Beauty,10042,5,200.3
204,Online,2025-12-08,1,Electronics,10129,1,35.52
102,Online,2025-12-22,2,Grocery,10095,1,60.84
250,Pickup,2025-11-03,3,Home,10040,0,0.0
243,Pickup,2025-11-24,4,Beauty,10021,2,188.51
100,InStore,2025-10-13,2,Beauty,10087,1,28.77
225,Pickup,2025-10-13,1,Grocery,10097,2,227.39
118,InStore,2025-11-24,1,Home,10026,4,324.17
130,Online,2025-12-08,3,Grocery,10065,2,229.8
148,Online,2025-10-13,2,Apparel,10030,3,353.15
219,InStore,2025-12-01,1,Electronics,10082,2,174.41
184,Pickup,2025-10-06,1,Electronics,10091,1,108.68
223,InStore,2025-10-27,1,Electronics,10064,0,0.0
196,InStore,2025-11-17,1,Grocery,10138,3,201.58
243,InStore,2025-10-20,2,Apparel,10110,2,162.37
136,Online,2025-10-06,4,Apparel,10065,2,33.06
144,InStore,2025-11-10,4,Apparel,10116,2,143.24
219,Pickup,2025-11-03,2,Beauty,10107,0,0.0
135,Pickup,2025-12-22,3,Grocery,10038,1,60.41
192,InStore,2025-11-03,1,Apparel,10020,0,0.0
228,Online,2025-10-27,3,Beauty,10124,2,100.86
133,Pickup,2025-12-15,1,Beauty,10095,4,249.32
234,Online,2025-11-24,2,Beauty,10109,3,71.59
257,InStore,2025-11-10,4,Grocery,10082,0,0.0
151,InStore,2025-10-06,2,Electronics,10163,1,17.5
103,Online,2025-10-06,2,Beauty,10116,1,110.89
141,Pickup,2025-10-27,1,Apparel,10100,3,352.07
256,InStore,2025-11-24,4,Home,10109,0,0.0
206,Online,2025-12-08,2,Beauty,10028,3,54.88
130,InStore,2025-11-03,1,Home,10109,3,233.48
113,Online,2025-12-15,2,Beauty,10047,4,460.27
152,InStore,2025-10-06,2,Grocery,10139,3,331.39
259,InStore,2025-12-22,1,Electronics,10123,3,231.47
205,Pickup,2025-10-20,2,Apparel,10161,2,29.26
179,Online,2025-10-13,5,Electronics,10071,2,205.34
201,InStore,2025-12-15,1,Home,10079,3,134.82
181,Pickup,2025-10-06,3,Grocery,10116,1,32.52
175,Pickup,2025-12-08,4,Home,10128,5,59.97
212,Online,2025-12-22,3,Grocery,10161,0,0.0
225,Pickup,2025-11-17,2,Beauty,10057,2,101.81
236,Pickup,2025-10-13,1,Electronics,10024,2,30.58
160,InStore,2025-11-03,3,Electronics,10084,3,283.7
126,Pickup,2025-10-06,1,Grocery,10080,1,76.48
183,Online,2025-12-08,4,Apparel,10078,3,351.09
125,InStore,2025-12-15,1,Beauty,10004,2,164.18
163,Pickup,2025-11-03,3,Grocery,10144,1,96.56
175,Online,2025-10-27,3,Apparel,10158,5,131.85
124,Pickup,2025-10-27,1,Beauty,10127,2,20.44
118,InStore,2025-12-08,1,Apparel,10087,4,82.07
216,Pickup,2025-11-24,1,Grocery,10041,1,50.67
249,InStore,2025-12-15,2,Beauty,10071,1,50.69
122,Online,2025-11-24,2,Apparel,10123,2,199.73
211,Pickup,2025-12-01,1,Grocery,10169,2,95.74
118,Pickup,2025-12-08,2,Grocery,10087,1,9.28
157,Online,2025-10-13,2,Beauty,10137,0,0.0
209,Pickup,2025-10-13,1,Grocery,10151,1,85.15
185,InStore,2025-10-06,1,Grocery,10111,1,108.85
218,Online,2025-10-27,1,Grocery,10168,2,227.49
253,InStore,2025-10-20,1,Grocery,10099,2,95.31
140,Pickup,2025-10-20,3,Electronics,10011,1,9.49
122,InStore,2025-10-20,3,Apparel,10030,2,115.47
161,Online,2025-10-27,4,Home,10148,1,25.18
167,Online,2025-11-24,1,Electronics,10118,1,94.94
115,Pickup,2025-12-22,1,Beauty,10013,3,158.64
189,InStore,2025-11-03,3,Electronics,10030,2,230.82
258,Pickup,2025-10-27,1,Grocery,10092,1,95.47
149,Online,2025-11-17,3,Electronics,10090,3,228.54
131,Pickup,2025-11-24,3,Beauty,10007,0,0.0
220,Online,2025-12-08,2,Apparel,10044,3,313.5
249,Online,2025-10-20,3,Electronics,10047,1,58.34
186,Online,2025-10-13,1,Apparel,10101,1,56.33
240,InStore,2025-10-27,1,Beauty,10076,2,88.57
204,Pickup,2025-10-06,1,Apparel,10045,0,0.0
160,Pickup,2025-12-08,2,Beauty,10067,2,238.39
171,InStore,2025-11-24,1,Apparel,10134,1,45.89
191,Pickup,2025-11-03,1,Beauty,10007,1,60.95
182,Pickup,2025-12-22,2,Electronics,10061,1,87.73
145,InStore,2025-10-20,1,Home,10062,2,214.87
219,Online,2025-10-06,2,Beauty,10143,2,116.71
249,InStore,2025-12-01,1,Beauty,10118,3,239.78
124,Pickup,2025-12-15,2,Electronics,10122,4,438.64
158,InStore,2025-11-10,2,Home,10063,2,217.4
180,Online,2025-11-17,2,Electronics,10153,0,0.0
155,Online,2025-11-24,3,Electronics,10175,1,51.86
239,Pickup,2025-11-10,2,Beauty,10132,2,208.77
200,Pickup,2025-12-08,2,Home,10112,1,95.78
144,Pickup,2025-11-17,1,Apparel,10172,5,154.25
166,InStore,2025-12-22,3,Electronics,10124,2,42.7
235,Pickup,2025-10-06,3,Home,10003,4,405.32
202,Pickup,2025-12-22,1,Grocery,10050,0,0.0
137,Pickup,2025-12-08,2,Home,10011,0,0.0
193,Online,2025-12-08,1,Beauty,10133,1,46.93
210,InStore,2025-11-17,4,Apparel,10109,1,111.42
145,Pickup,2025-12-08,2,Home,10097,1,110.97
183,InStore,2025-10-06,2,Beauty,10108,3,57.39
190,Pickup,2025-10-27,2,Beauty,10042,2,85.1
206,InStore,2025-11-17,2,Electronics,10024,2,70.1
239,Pickup,2025-11-24,3,Electronics,10044,4,428.22
147,InStore,2025-12-08,2,Grocery,10013,1,43.29
168,Online,2025-12-22,3,Beauty,10016,2,109.64
226,Online,2025-12-22,1,Apparel,10048,1,98.2
101,Online,2025-11-03,3,Home,10071,2,21.27
205,Pickup,2025-10-13,1,Home,10153,0,0.0
217,Online,2025-11-17,2,Home,10169,3,253.1
123,InStore,2025-10-06,2,Grocery,10152,1,51.47
109,Pickup,2025-11-17,2,Apparel,10151,2,63.89
223,InStore,2025-12-22,1,Grocery,10052,1,95.73
190,InStore,2025-11-24,1,Grocery,10072,0,0.0
228,Online,2025-10-06,4,Apparel,10038,1,82.63
140,Pickup,2025-10-20,1,Grocery,10014,1,82.13
130,InStore,2025-10-06,1,Grocery,10095,6,388.43
121,Pickup,2025-10-13,3,Grocery,10132,2,37.11
149,InStore,2025-12-01,1,Grocery,10162,0,0.0
243,Online,2025-11-17,2,Grocery,10042,2,96.34
187,InStore,2025-10-06,3,Electronics,10102,2,61.68
257,InStore,2025-11-10,3,Apparel,10086,5,133.63
143,Pickup,2025-10-20,1,Electronics,10032,2,114.99
215,Online,2025-12-15,1,Home,10088,3,194.75
155,Pickup,2025-11-10,1,Beauty,10096,2,55.16
132,Pickup,2025-11-17,1,Grocery,10057,5,306.03
188,InStore,2025-12-08,3,Electronics,10037,1,40.55
147,Online,2025-12-15,2,Grocery,10023,1,23.28
218,InStore,2025-11-17,1,Home,10083,2,100.07
219,Online,2025-10-20,3,Beauty,10033,1,91.51
259,Pickup,2025-10-27,4,Electronics,10164,2,154.89
198,Pickup,2025-12-08,2,Grocery,10042,1,118.12
180,Pickup,2025-10-27,2,Electronics,10141,2,23.0
196,Online,2025-12-22,3,Home,10107,0,0.0
145,Pickup,2025-10-13,1,Grocery,10126,2,196.88
152,Pickup,2025-10-27,3,Electronics,10117,0,0.0
238,Online,2025-12-15,2,Apparel,10106,2,33.23
158,Online,2025-11-24,1,Grocery,10057,3,249.77
153,InStore,2025-12-08,2,Grocery,10046,0,0.0
223,InStore,2025-12-01,1,Apparel,10108,2,99.69
192,Online,2025-11-24,1,Beauty,10143,2,32.96
123,Pickup,2025-11-03,2,Grocery,10151,1,60.06
181,Online,2025-12-22,2,Electronics,10091,3,154.68
123,InStore,2025-10-13,1,Apparel,10003,2,227.16
125,InStore,2025-11-10,4,Electronics,10110,2,163.93
243,Online,2025-10-27,2,Home,10059,2,67.47
148,InStore,2025-12-08,2,Grocery,10098,4,431.01
135,Pickup,2025-12-15,3,Grocery,10112,3,218.56
159,Pickup,2025-11-17,1,Home,10128,2,156.96
166,InStore,2025-11-03,1,Apparel,10084,4,99.55
113,Online,2025-11-10,2,Beauty,10051,1,50.73
168,InStore,2025-10-20,3,Home,10027,1,28.39
120,InStore,2025-10-13,1,Home,10110,1,38.23
120,InStore,2025-10-13,2,Apparel,10054,5,496.8
119,InStore,2025-11-03,1,Grocery,10037,2,145.55
125,InStore,2025-11-03,3,Grocery,10038,2,152.36
167,InStore,2025-10-06,3,Home,10020,3,294.01
255,InStore,2025-10-20,1,Beauty,10095,4,431.31
203,Online,2025-11-17,2,Beauty,10151,1,104.35
132,InStore,2025-10-13,4,Apparel,10064,1,38.62
114,Pickup,2025-10-13,1,Electronics,10175,1,80.63
205,Pickup,2025-10-13,1,Beauty,10037,3,316.84
238,Online,2025-11-03,2,Home,10133,0,0.0
119,InStore,2025-11-17,1,Electronics,10149,2,115.34
184,InStore,2025-11-03,1,Apparel,10093,0,0.0
242,Pickup,2025-10-27,1,Home,10109,5,73.2
234,Online,2025-11-10,4,Apparel,10113,3,273.94
181,Online,2025-10-27,1,Home,10169,2,181.07
171,Online,2025-10-06,2,Electronics,10156,3,67.13
155,InStore,2025-11-03,2,Grocery,10112,0,0.0
179,Online,2025-10-06,2,Apparel,10042,1,36.86
114,Pickup,2025-12-22,1,Electronics,10029,1,73.58
233,Pickup,2025-10-20,1,Home,10051,3,322.79
241,Pickup,2025-11-03,3,Beauty,10121,3,277.55
201,Pickup,2025-12-15,5,Apparel,10111,2,47.67
118,InStore,2025-12-01,1,Grocery,10040,1,78.14
233,Online,2025-12-08,3,Apparel,10062,4,211.39
255,Online,2025-10-06,3,Apparel,10037,4,380.12
167,Pickup,2025-10-20,2,Beauty,10168,0,0.0
255,InStore,2025-10-20,1,Electronics,10027,2,199.92
193,Online,2025-12-08,1,Home,10103,2,28.81
149,Online,2025-12-22,2,Apparel,10096,4,285.29
221,InStore,2025-11-24,1,Beauty,10076,2,65.59
107,Online,2025-12-22,2,Electronics,10021,3,36.03
222,InStore,2025-11-17,1,Apparel,10160,3,65.47
194,Pickup,2025-12-15,3,Grocery,10016,2,160.79
150,InStore,2025-12-15,1,Grocery,10046,3,320.12
133,InStore,2025-11-24,2,Grocery,10025,2,54.59
142,InStore,2025-10-13,2,Home,10075,3,356.74
160,InStore,2025-12-01,2,Apparel,10088,2,151.87
124,Pickup,2025-10-20,2,Apparel,10068,2,101.04
146,Pickup,2025-11-03,2,Apparel,10168,2,238.21
143,InStore,2025-11-03,1,Electronics,10169,1,37.54
220,Online,2025-12-08,3,Electronics,10044,5,153.46
148,Pickup,2025-10-20,2,Electronics,10172,2,98.14
102,Pickup,2025-12-08,1,Beauty,10079,4,338.94
186,Online,2025-10-20,1,Grocery,10174,0,0.0
229,Online,2025-10-13,1,Grocery,10069,5,268.47
240,Online,2025-10-13,2,Home,10123,3,252.1
189,InStore,2025-10-27,1,Grocery,10035,2,211.37
245,Online,2025-11-10,1,Apparel,10103,4,198.92
175,Pickup,2025-11-17,2,Home,10067,1,28.93
248,Online,2025-10-13,1,Home,10150,3,185.75
178,InStore,2025-11-03,2,Home,10120,0,0.0
154,InStore,2025-12-08,3,Home,10139,1,112.37
191,Pickup,2025-12-15,2,Grocery,10107,2,67.18
122,Pickup,2025-11-24,3,Grocery,10146,2,146.79
121,Online,2025-12-15,2,Beauty,10132,2,143.29
109,InStore,2025-11-17,1,Electronics,10032,3,356.41
152,Pickup,2025-10-13,1,Grocery,10152,0,0.0
113,Online,2025-10-27,2,Home,10152,4,46.71
232,Online,2025-10-06,4,Apparel,10086,2,187.23
239,InStore,2025-12-22,1,Grocery,10147,1,70.3
188,Pickup,2025-12-22,1,Home,10167,1,82.77
114,InStore,2025-10-20,1,Apparel,10088,0,0.0
165,InStore,2025-12-08,1,Beauty,10048,4,124.12
130,InStore,2025-12-08,1,Electronics,10101,2,112.87
193,InStore,2025-12-22,1,Grocery,10019,2,182.79
158,Online,2025-10-06,1,Electronics,10122,2,22.42
193,Online,2025-12-22,2,Grocery,10082,0,0.0
135,Online,2025-10-13,2,Grocery,10076,1,81.22
189,InStore,2025-12-22,2,Electronics,10106,1,67.15
239,Online,2025-12-22,1,Beauty,10042,1,59.82
167,Online,2025-11-24,2,Home,10149,2,153.44
113,InStore,2025-12-01,2,Beauty,10021,1,110.91
167,InStore,2025-12-08,2,Grocery,10135,7,177.39
232,Online,2025-11-17,4,Home,10062,2,79.39
130,InStore,2025-11-10,2,Home,10093,2,154.84
247,Online,2025-10-06,1,Grocery,10143,3,184.03
110,Pickup,2025-12-08,2,Beauty,10175,3,324.42
215,Pickup,2025-10-27,2,Electronics,10101,1,58.31
146,Online,2025-12-08,3,Electronics,10034,0,0.0
218,InStore,2025-12-01,3,Home,10041,0,0.0
180,InStore,2025-12-08,2,Grocery,10092,1,89.69
236,Pickup,2025-12-01,2,Beauty,10149,0,0.0
249,InStore,2025-12-08,2,Home,10012,4,345.65
150,Online,2025-12-08,2,Home,10107,1,50.72
247,InStore,2025-11-10,3,Grocery,10138,1,25.73
193,Pickup,2025-11-24,2,Grocery,10119,1,115.74
186,Online,2025-10-13,2,Electronics,10037,3,333.49
133,InStore,2025-10-27,2,Grocery,10091,2,117.03
112,InStore,2025-10-20,1,Grocery,10060,1,91.74
253,InStore,2025-10-06,1,Home,10131,5,576.96
252,InStore,2025-10-27,2,Grocery,10143,2,192.5
197,InStore,2025-10-13,2,Beauty,10033,3,151.35
187,Pickup,2025-11-17,2,Apparel,10102,1,107.14
146,Pickup,2025-10-27,2,Beauty,10037,3,353.54
135,InStore,2025-10-06,1,Apparel,10089,4,438.57
122,Pickup,2025-11-17,2,Electronics,10047,2,83.32
195,Online,2025-10-20,1,Electronics,10138,5,313.22
236,Online,2025-11-17,2,Beauty,10105,1,68.94
125,Pickup,2025-11-17,2,Apparel,10066,0,0.0
159,Online,2025-11-24,2,Apparel,10108,2,185.82
180,Online,2025-10-13,2,Apparel,10083,1,48.06
196,Online,2025-12-22,4,Home,10107,5,199.55
120,Pickup,2025-11-03,1,Electronics,10093,1,103.49
235,Pickup,2025-10-13,2,Grocery,10177,2,34.54
190,Online,2025-11-03,1,Apparel,10038,1,105.36
156,InStore,2025-11-24,1,Home,10039,2,96.36
213,InStore,2025-11-24,2,Grocery,10016,1,104.9
148,Online,2025-11-24,1,Beauty,10000,3,105.94
205,Pickup,2025-10-06,1,Apparel,10106,2,75.69
169,InStore,2025-11-17,3,Grocery,10072,4,399.06
237,InStore,2025-12-01,2,Grocery,10177,2,204.39
155,Pickup,2025-10-06,2,Apparel,10143,2,105.13
160,InStore,2025-12-15,1,Beauty,10118,0,0.0
110,Pickup,2025-12-15,2,Home,10105,1,99.06
226,Online,2025-11-03,1,Grocery,10007,0,0.0
100,Pickup,2025-12-01,4,Home,10060,2,196.24
115,InStore,2025-12-08,3,Apparel,10169,2,103.35
171,InStore,2025-12-15,1,Home,10040,2,113.04
133,Online,2025-11-17,2,Beauty,10128,4,129.65
149,Pickup,2025-12-01,2,Beauty,10064,0,0.0
130,Online,2025-12-22,2,Apparel,10131,2,21.18
259,Pickup,2025-10-27,5,Beauty,10164,2,45.11
202,InStore,2025-12-01,2,Electronics,10156,0,0.0
150,Online,2025-12-01,2,Grocery,10163,0,0.0
241,Pickup,2025-10-20,2,Electronics,10077,1,113.85
186,InStore,2025-12-22,1,Beauty,10077,2,165.55
178,Pickup,2025-12-08,2,Electronics,10072,4,157.94
114,InStore,2025-10-13,2,Home,10166,3,287.96
154,InStore,2025-12-22,2,Home,10041,4,322.38
164,Online,2025-10-20,1,Home,10048,2,146.19
107,Pickup,2025-11-03,1,Electronics,10077,2,179.36
153,Online,2025-11-03,1,Apparel,10030,1,53.45
258,Online,2025-11-10,1,Apparel,10062,3,341.84
183,Online,2025-12-15,2,Grocery,10136,4,345.39
161,Pickup,2025-11-17,2,Grocery,10132,1,38.31
118,InStore,2025-10-27,1,Electronics,10037,3,127.86
117,Online,2025-12-01,2,Grocery,10104,3,234.4
189,Online,2025-11-17,3,Home,10047,3,84.2
215,InStore,2025-12-15,3,Grocery,10170,2,80.45
189,Online,2025-10-13,1,Beauty,10155,1,93.54
258,InStore,2025-12-08,3,Grocery,10010,2,92.58
170,Online,2025-10-20,1,Beauty,10143,1,37.93
251,Pickup,2025-12-01,3,Beauty,10172,0,0.0
212,Online,2025-12-15,4,Beauty,10010,3,89.86
241,Online,2025-10-06,2,Beauty,10000,2,179.58
249,Pickup,2025-11-17,1,Electronics,10031,3,244.02
193,Pickup,2025-12-15,3,Electronics,10070,2,233.66
138,Online,2025-10-20,2,Home,10072,3,103.38
213,Online,2025-10-13,1,Electronics,10027,2,95.85
213,InStore,2025-11-24,2,Electronics,10052,2,228.83
122,Online,2025-11-03,1,Grocery,10152,3,153.38
256,Online,2025-12-01,1,Home,10129,0,0.0
104,Online,2025-10-27,1,Beauty,10156,3,68.48
157,InStore,2025-11-03,5,Grocery,10027,0,0.0
179,InStore,2025-10-27,3,Grocery,10121,3,101.62
201,Pickup,2025-11-17,1,Home,10109,1,54.62
100,Online,2025-11-24,1,Beauty,10132,1,104.89
118,InStore,2025-11-10,3,Electronics,10151,2,29.51
104,InStore,2025-11-17,4,Electronics,10083,2,36.14
256,Online,2025-11-03,3,Beauty,10173,4,200.44
244,Pickup,2025-12-15,1,Grocery,10117,0,0.0
223,Pickup,2025-12-15,4,Home,10042,2,26.1
233,InStore,2025-11-10,2,Electronics,10178,1,99.0
242,Online,2025-11-24,1,Home,10152,1,58.24
164,Online,2025-10-06,1,Grocery,10154,0,0.0
211,Pickup,2025-12-15,1,Apparel,10031,0,0.0
207,Online,2025-11-24,2,Beauty,10155,0,0.0
150,InStore,2025-12-01,2,Apparel,10010,1,34.49
174,Pickup,2025-11-24,1,Grocery,10072,4,365.87
147,Online,2025-11-10,2,Apparel,10119,0,0.0
226,Online,2025-12-08,3,Grocery,10144,3,358.83
232,InStore,2025-12-01,3,Apparel,10041,2,222.2
236,InStore,2025-10-27,1,Electronics,10051,1,23.59
108,Pickup,2025-11-17,2,Apparel,10159,3,91.4
107,Online,2025-11-03,2,Apparel,10077,1,51.51
107,Pickup,2025-12-22,2,Home,10075,0,0.0
166,Online,2025-12-22,4,Electronics,10124,1,35.87
235,Online,2025-12-08,2,Grocery,10116,2,85.94
233,Online,2025-12-01,1,Grocery,10049,2,199.05
238,Pickup,2025-11-03,2,Home,10074,6,95.03
118,Online,2025-11-03,3,Beauty,10057,0,0.0
112,InStore,2025-12-22,3,Apparel,10025,2,100.92
174,Pickup,2025-10-20,2,Beauty,10170,4,98.75
104,Online,2025-11-17,1,Electronics,10011,0,0.0
163,Online,2025-10-27,2,Home,10134,2,192.3
132,Pickup,2025-12-15,2,Home,10147,1,52.79
203,InStore,2025-12-08,2,Beauty,10081,0,0.0
180,Pickup,2025-12-22,2,Home,10121,2,90.13
200,Online,2025-10-27,2,Beauty,10142,2,61.43
116,InStore,2025-11-17,3,Electronics,10178,0,0.0
107,Online,2025-12-15,1,Beauty,10082,1,62.69
164,Online,2025-11-17,2,Electronics,10140,2,62.31
114,InStore,2025-11-10,1,Electronics,10166,2,219.72
252,InStore,2025-10-27,4,Beauty,10091,5,83.15
131,InStore,2025-10-06,1,Electronics,10082,5,196.31
103,Online,2025-11-17,2,Home,10155,3,178.04
184,InStore,2025-12-22,2,Apparel,10039,1,79.19
125,Online,2025-12-15,1,Apparel,10037,2,223.66
155,Pickup,2025-12-01,3,Beauty,10035,0,0.0
165,InStore,2025-12-08,2,Grocery,10039,2,50.1
116,InStore,2025-10-06,2,Apparel,10098,1,94.47
103,Online,2025-10-20,4,Apparel,10017,5,254.77
238,InStore,2025-12-15,3,Beauty,10106,3,354.16
151,Online,2025-11-03,1,Grocery,10174,3,72.15
251,Online,2025-12-22,2,Beauty,10126,1,17.67
213,InStore,2025-10-13,2,Apparel,10027,2,172.51
158,Pickup,2025-10-20,1,Electronics,10109,2,205.5
161,InStore,2025-11-24,3,Beauty,10146,2,239.9
138,InStore,2025-12-15,1,Apparel,10081,4,479.98
212,InStore,2025-11-03,1,Electronics,10167,2,213.21
100,Pickup,2025-11-17,1,Electronics,10152,2,86.51
196,Pickup,2025-10-27,2,Home,10150,4,233.25
221,Online,2025-12-08,1,Apparel,10105,3,114.13
119,Online,2025-11-17,1,Beauty,10019,4,478.75
133,InStore,2025-11-03,1,Grocery,10055,2,199.34
114,Pickup,2025-11-17,3,Home,10131,2,203.25
100,Online,2025-12-22,1,Electronics,10064,2,189.66
159,Pickup,2025-10-13,2,Home,10077,4,214.59
124,InStore,2025-11-10,2,Grocery,10039,2,52.08
115,Online,2025-10-20,5,Apparel,10102,5,358.34
245,Online,2025-11-17,1,Home,10033,3,319.6
129,InStore,2025-11-10,4,Grocery,10032,2,212.58
218,Pickup,2025-11-17,1,Apparel,10117,2,215.15
164,Pickup,2025-11-03,1,Apparel,10149,3,80.39
220,Pickup,2025-11-17,2,Apparel,10085,4,418.85
231,InStore,2025-12-22,1,Home,10000,4,370.2
192,InStore,2025-11-17,1,Electronics,10051,2,154.54
224,Online,2025-11-24,1,Apparel,10002,3,356.03
110,Pickup,2025-11-24,2,Apparel,10106,2,213.2
182,Online,2025-10-06,2,Electronics,10167,1,114.67
130,Pickup,2025-10-06,2,Home,10095,3,311.65
123,Pickup,2025-12-22,1,Electronics,10156,2,216.37
158,Pickup,2025-11-03,2,Beauty,10120,2,32.09
138,Online,2025-10-20,1,Home,10111,1,110.71
196,Online,2025-12-08,2,Beauty,10166,5,429.9
233,Online,2025-12-22,2,Beauty,10176,1,41.26
250,Online,2025-11-17,1,Grocery,10174,3,193.19
137,Online,2025-12-08,2,Home,10057,1,33.97
133,Pickup,2025-10-13,1,Grocery,10003,0,0.0
196,Online,2025-11-24,1,Apparel,10083,3,296.53
110,Pickup,2025-10-27,3,Apparel,10118,2,54.18
209,InStore,2025-11-10,1,Electronics,10162,1,24.86
225,InStore,2025-11-17,1,Home,10118,6,172.5
103,Pickup,2025-12-01,3,Apparel,10104,3,205.96
220,InStore,2025-11-03,3,Beauty,10018,2,205.62
102,Pickup,2025-11-17,1,Beauty,10150,0,0.0
117,Online,2025-11-17,1,Apparel,10047,3,114.08
145,Online,2025-12-01,1,Apparel,10125,2,217.69
166,InStore,2025-10-20,3,Beauty,10081,1,21.03
224,Online,2025-12-08,2,Apparel,10113,1,62.26
175,Online,2025-12-08,2,Home,10149,4,439.11
192,Online,2025-10-06,1,Electronics,10051,1,55.2
168,Pickup,2025-10-20,2,Beauty,10054,0,0.0
122,InStore,2025-10-13,3,Grocery,10142,6,286.17
243,Online,2025-12-22,3,Apparel,10035,0,0.0
210,InStore,2025-11-24,1,Grocery,10141,2,228.22
241,Pickup,2025-12-22,1,Electronics,10059,1,50.75
116,Online,2025-10-20,4,Beauty,10033,1,14.1
107,InStore,2025-11-10,2,Electronics,10141,4,345.01
181,Pickup,2025-11-10,3,Grocery,10081,2,201.48
110,Pickup,2025-10-27,2,Beauty,10005,2,232.0
154,Pickup,2025-12-22,1,Beauty,10173,1,58.53
183,InStore,2025-12-08,3,Home,10177,1,59.2
254,Pickup,2025-10-13,2,Home,10022,2,207.03
104,InStore,2025-12-08,1,Apparel,10074,1,56.07
133,InStore,2025-11-03,3,Electronics,10127,3,345.82
236,Pickup,2025-10-20,2,Beauty,10064,2,234.67
161,InStore,2025-11-03,3,Home,10005,0,0.0
112,Online,2025-12-01,3,Grocery,10006,2,194.33
197,Pickup,2025-10-20,2,Home,10147,2,166.14
210,InStore,2025-11-03,2,Home,10090,3,233.04
116,InStore,2025-11-17,1,Apparel,10168,2,111.49
248,Online,2025-12-08,2,Beauty,10114,2,79.55
130,Online,2025-12-22,3,Grocery,10131,1,105.8
164,Online,2025-12-22,1,Apparel,10178,0,0.0
196,InStore,2025-12-22,1,Grocery,10056,3,237.35
131,Pickup,2025-10-27,2,Apparel,10094,1,117.85
106,Pickup,2025-11-17,3,Beauty,10002,0,0.0
232,Online,2025-11-17,5,Grocery,10062,1,25.19
202,Online,2025-12-22,2,Home,10050,2,183.96
239,InStore,2025-12-22,1,Beauty,10086,4,303.07
152,Pickup,2025-12-01,2,Electronics,10138,6,103.85
140,Pickup,2025-12-01,3,Grocery,10173,1,77.09
190,Online,2025-10-13,2,Electronics,10002,1,62.96
109,Online,2025-12-08,4,Beauty,10008,2,215.29
159,InStore,2025-12-22,2,Apparel,10143,2,174.69
121,Pickup,2025-11-17,1,Grocery,10043,2,108.43
229,InStore,2025-10-27,2,Electronics,10121,2,91.28
214,InStore,2025-12-15,1,Apparel,10010,1,14.86
104,Online,2025-11-10,2,Home,10070,3,304.97
127,InStore,2025-10-27,3,Home,10119,2,173.12
235,Pickup,2025-11-10,1,Home,10079,2,183.22
103,Online,2025-12-15,2,Grocery,10007,2,75.22
205,Pickup,2025-12-01,2,Beauty,10154,1,97.23
165,Pickup,2025-11-03,1,Grocery,10123,0,0.0
111,InStore,2025-12-22,3,Grocery,10033,0,0.0
175,Online,2025-11-24,3,Electronics,10088,3,199.85
252,Online,2025-12-22,1,Grocery,10134,5,542.6
114,Pickup,2025-10-27,4,Apparel,10095,0,0.0
116,InStore,2025-11-17,4,Grocery,10178,7,206.24
143,Pickup,2025-12-08,3,Apparel,10006,2,181.17
102,Pickup,2025-11-10,2,Apparel,10064,0,0.0
114,Online,2025-11-03,1,Grocery,10173,1,71.95
115,InStore,2025-12-01,2,Beauty,10052,2,133.75
164,InStore,2025-12-15,3,Grocery,10089,1,78.7
120,Online,2025-11-03,1,Grocery,10164,2,26.89
206,Pickup,2025-12-15,2,Beauty,10052,2,192.4
175,Online,2025-11-24,1,Home,10179,0,0.0
133,Online,2025-12-01,1,Apparel,10051,2,49.1
169,Pickup,2025-10-13,1,Grocery,10135,4,352.24
257,Pickup,2025-11-17,1,Grocery,10057,3,168.61
244,Pickup,2025-10-27,2,Grocery,10145,2,97.77
203,Pickup,2025-10-13,1,Home,10112,0,0.0
218,Online,2025-11-10,2,Home,10132,1,16.7
160,Online,2025-10-06,1,Home,10045,4,328.39
207,Online,2025-11-03,2,Electronics,10113,3,200.9
166,Pickup,2025-10-13,3,Grocery,10019,1,9.2
137,Online,2025-10-20,2,Electronics,10091,3,291.38
178,InStore,2025-11-10,1,Electronics,10054,2,172.31
243,Pickup,2025-11-10,1,Apparel,10092,2,82.63
159,InStore,2025-10-20,1,Apparel,10089,4,316.71
155,Online,2025-12-08,2,Apparel,10074,3,166.69
125,Pickup,2025-11-10,1,Home,10137,4,435.77
195,InStore,2025-12-15,4,Apparel,10152,0,0.0
231,InStore,2025-12-15,3,Electronics,10056,0,0.0
158,InStore,2025-12-08,3,Electronics,10091,1,29.49
206,Pickup,2025-11-03,3,Apparel,10107,2,200.32
173,Online,2025-10-13,2,Apparel,10170,1,56.96
186,InStore,2025-11-17,2,Grocery,10011,0,0.0
218,Online,2025-11-17,2,Grocery,10043,2,115.18
212,Online,2025-10-27,3,Grocery,10157,3,245.42
165,Online,2025-12-22,2,Home,10086,1,25.11
179,Online,2025-10-13,2,Grocery,10002,2,156.68
248,Online,2025-10-13,1,Grocery,10003,3,74.41
133,Online,2025-12-01,1,Home,10162,1,32.33
201,Pickup,2025-11-17,2,Beauty,10109,2,74.17
248,Online,2025-10-20,2,Beauty,10142,2,226.41
173,InStore,2025-11-24,1,Grocery,10118,4,209.71
224,InStore,2025-11-24,1,Grocery,10121,3,134.07
110,Online,2025-10-06,3,Home,10128,3,249.27
259,InStore,2025-10-06,1,Home,10066,2,187.63
191,InStore,2025-12-01,3,Grocery,10051,2,31.25
176,Online,2025-12-01,1,Apparel,10105,2,42.77
212,Online,2025-10-06,1,Apparel,10111,4,276.93
110,Pickup,2025-11-10,1,Beauty,10088,3,259.13
138,Pickup,2025-11-03,2,Beauty,10091,2,154.94
180,InStore,2025-11-10,1,Apparel,10054,3,241.12
226,Online,2025-11-24,3,Apparel,10097,1,46.47
115,InStore,2025-12-22,3,Apparel,10019,3,230.77
123,Pickup,2025-10-06,3,Home,10161,1,38.24
167,Pickup,2025-10-27,2,Beauty,10160,5,80.89
158,Pickup,2025-12-01,1,Beauty,10021,2,125.97
222,Online,2025-11-10,1,Beauty,10170,0,0.0
148,InStore,2025-12-15,2,Electronics,10015,1,113.54
132,Pickup,2025-11-17,2,Electronics,10057,2,234.37
241,Online,2025-10-06,4,Beauty,10162,3,306.69
236,Online,2025-10-13,2,Grocery,10081,0,0.0
231,InStore,2025-10-20,1,Grocery,10001,1,85.31
160,Pickup,2025-10-06,1,Apparel,10066,1,93.3
141,Pickup,2025-12-01,1,Grocery,10003,5,396.65
121,Pickup,2025-11-03,1,Electronics,10043,3,55.58
121,InStore,2025-11-10,2,Home,10013,1,42.93
259,Pickup,2025-11-10,1,Electronics,10017,1,66.58
252,Online,2025-10-20,3,Electronics,10165,1,66.44
161,Online,2025-10-27,4,Home,10036,0,0.0
165,Pickup,2025-11-10,1,Electronics,10143,4,284.85
186,Online,2025-11-03,3,Electronics,10141,3,28.8
170,Pickup,2025-10-27,1,Grocery,10100,0,0.0
241,Online,2025-12-22,2,Apparel,10059,2,191.69
131,Online,2025-11-24,1,Electronics,10005,3,105.07
191,InStore,2025-10-06,2,Beauty,10101,2,206.22
121,InStore,2025-11-17,2,Home,10175,0,0.0
193,Pickup,2025-12-22,3,Electronics,10082,1,106.85
215,Online,2025-11-03,2,Beauty,10142,4,473.18
182,Pickup,2025-11-10,2,Home,10051,0,0.0
193,Online,2025-10-13,1,Electronics,10051,2,165.95
143,InStore,2025-11-24,2,Electronics,10009,2,138.68
153,InStore,2025-10-27,2,Beauty,10111,1,21.6
177,InStore,2025-10-06,1,Home,10126,2,96.15
200,Online,2025-12-01,2,Grocery,10042,1,65.01
114,Online,2025-11-17,1,Electronics,10080,4,441.17
147,InStore,2025-12-08,3,Beauty,10013,1,88.13
136,Pickup,2025-10-06,1,Grocery,10002,0,0.0
131,Pickup,2025-12-08,1,Electronics,10018,3,198.12
159,Pickup,2025-12-08,1,Grocery,10088,3,85.29
124,Pickup,2025-11-17,2,Apparel,10003,0,0.0
134,Online,2025-12-01,1,Electronics,10022,1,54.74
255,Online,2025-12-15,3,Grocery,10006,3,268.24
186,Pickup,2025-11-17,1,Electronics,10168,1,33.46
258,Online,2025-12-22,1,Electronics,10135,3,257.77
201,InStore,2025-11-03,1,Electronics,10036,2,223.16
159,InStore,2025-10-13,1,Beauty,10103,4,413.19
117,InStore,2025-10-06,3,Beauty,10069,5,115.94
183,Pickup,2025-11-24,2,Apparel,10179,2,185.81
217,Online,2025-12-15,2,Apparel,10056,2,167.63
173,Pickup,2025-11-24,3,Apparel,10159,3,258.42
137,Pickup,2025-11-10,4,Home,10064,4,156.14
176,Online,2025-10-20,1,Beauty,10100,5,342.25
214,InStore,2025-10-13,2,Home,10143,1,13.49
125,Online,2025-11-10,4,Apparel,10122,0,0.0
228,Online,2025-10-13,1,Beauty,10152,2,153.51
217,Pickup,2025-10-13,1,Home,10122,4,44.92
127,Pickup,2025-11-24,2,Beauty,10105,3,273.17
193,Pickup,2025-12-22,2,Beauty,10055,0,0.0
184,InStore,2025-12-01,1,Electronics,10115,5,166.85
105,Pickup,2025-11-10,1,Grocery,10126,0,0.0
212,Pickup,2025-11-03,3,Home,10000,1,116.21
169,InStore,2025-11-03,2,Beauty,10046,2,186.16
196,Online,2025-10-06,2,Apparel,10052,1,96.39
225,InStore,2025-10-20,2,Apparel,10069,4,477.31
159,Online,2025-11-24,2,Electronics,10068,1,39.49
238,Pickup,2025-11-03,1,Apparel,10177,1,102.35
208,InStore,2025-11-03,4,Apparel,10137,1,47.64
236,Pickup,2025-10-27,4,Apparel,10136,3,317.22
156,InStore,2025-10-27,4,Beauty,10179,2,84.87
147,InStore,2025-10-06,2,Apparel,10019,3,223.62
134,Pickup,2025-10-20,1,Home,10121,4,395.88
135,InStore,2025-10-20,2,Home,10059,2,134.43
235,Pickup,2025-11-24,2,Grocery,10145,2,102.7
111,InStore,2025-12-22,4,Grocery,10033,1,30.84
216,Pickup,2025-11-24,1,Electronics,10140,3,308.51
183,InStore,2025-11-03,4,Home,10031,3,142.43
121,Online,2025-11-10,3,Home,10013,0,0.0
259,Online,2025-12-15,3,Grocery,10144,3,337.72
104,Pickup,2025-12-01,2,Electronics,10025,0,0.0
229,InStore,2025-10-27,3,Apparel,10121,2,238.51
174,Pickup,2025-11-24,3,Home,10117,2,209.05
201,Pickup,2025-12-15,6,Grocery,10111,2,80.8
217,Online,2025-10-13,4,Electronics,10000,1,112.34
185,Pickup,2025-11-03,3,Beauty,10059,1,85.35
159,InStore,2025-11-10,1,Home,10096,1,87.95
254,InStore,2025-11-10,2,Home,10154,2,228.49
105,Online,2025-12-15,3,Grocery,10170,4,287.91
121,Online,2025-11-24,4,Apparel,10117,1,34.15
214,Pickup,2025-11-03,2,Apparel,10176,6,403.11
100,Online,2025-10-27,2,Beauty,10086,0,0.0
131,InStore,2025-12-22,1,Home,10005,3,39.53
172,Online,2025-12-08,1,Electronics,10136,1,87.91
259,Online,2025-12-22,3,Beauty,10083,1,72.74
135,Pickup,2025-12-15,1,Home,10015,3,64.22
204,InStore,2025-11-03,2,Grocery,10049,1,119.75
141,Online,2025-12-01,3,Apparel,10172,2,116.04
255,Pickup,2025-12-08,1,Grocery,10035,1,93.06
226,InStore,2025-12-08,4,Grocery,10144,3,219.8
141,Online,2025-11-03,2,Beauty,10133,0,0.0
217,Online,2025-11-03,1,Apparel,10105,1,34.65
147,InStore,2025-10-27,4,Electronics,10030,4,126.51
249,Online,2025-12-08,1,Grocery,10141,6,506.75
191,Online,2025-11-24,2,Apparel,10152,0,0.0
116,InStore,2025-12-22,1,Grocery,10039,3,210.08
246,InStore,2025-12-22,1,Home,10129,0,0.0
110,Pickup,2025-11-17,3,Apparel,10141,2,174.49
215,Online,2025-12-01,3,Electronics,10050,1,28.01
211,InStore,2025-12-01,1,Apparel,10033,0,0.0
213,Online,2025-12-22,2,Grocery,10074,0,0.0
113,Pickup,2025-10-13,3,Home,10095,1,76.21
174,Online,2025-11-24,2,Home,10072,5,85.9
176,Pickup,2025-11-17,2,Home,10133,0,0.0
135,Online,2025-12-01,2,Electronics,10105,4,218.8
236,Pickup,2025-10-13,2,Beauty,10172,1,100.01
217,Pickup,2025-12-01,2,Beauty,10110,3,275.83
132,Online,2025-12-22,1,Home,10102,1,90.63
155,Online,2025-12-15,1,Apparel,10015,0,0.0
145,InStore,2025-10-27,1,Apparel,10098,4,307.71
259,InStore,2025-10-27,2,Electronics,10087,0,0.0
129,InStore,2025-10-06,1,Beauty,10082,1,51.47
137,Online,2025-11-24,1,Electronics,10071,3,206.13
248,Online,2025-11-03,3,Home,10109,2,51.63
196,InStore,2025-11-10,2,Home,10171,1,100.94
149,InStore,2025-10-06,2,Apparel,10012,3,186.95
136,Pickup,2025-12-01,3,Apparel,10075,2,39.12
133,InStore,2025-11-10,2,Electronics,10136,3,139.69
259,InStore,2025-12-08,1,Home,10009,2,56.66
190,InStore,2025-11-03,2,Grocery,10037,0,0.0
258,Online,2025-10-27,6,Apparel,10010,3,271.84
150,InStore,2025-10-06,2,Home,10149,4,417.68
175,InStore,2025-12-15,2,Electronics,10089,2,228.29
199,Online,2025-11-17,3,Home,10024,2,229.96
110,Pickup,2025-10-06,5,Apparel,10131,2,220.27
178,Pickup,2025-12-08,1,Beauty,10060,2,234.6
148,Pickup,2025-11-03,2,Apparel,10001,1,95.39
215,Pickup,2025-12-15,2,Beauty,10088,1,31.58
237,Online,2025-10-13,1,Grocery,10148,3,34.33
246,Pickup,2025-12-08,2,Grocery,10079,1,48.68
144,Pickup,2025-10-20,2,Beauty,10141,1,109.06
249,Online,2025-10-20,4,Electronics,10047,1,96.36
159,Online,2025-11-24,3,Apparel,10068,0,0.0
204,Pickup,2025-10-06,2,Home,10045,3,41.48
222,Online,2025-10-20,4,Home,10111,3,297.2
102,Online,2025-12-08,1,Beauty,10133,4,434.08
214,Online,2025-11-03,3,Home,10176,4,61.91
232,InStore,2025-12-08,1,Grocery,10010,2,52.02
227,Pickup,2025-12-15,1,Electronics,10033,2,202.1
154,Pickup,2025-10-06,1,Beauty,10140,1,71.01
134,Pickup,2025-11-24,1,Beauty,10164,2,212.97
150,InStore,2025-11-24,2,Electronics,10006,3,46.24
224,Online,2025-12-15,1,Grocery,10146,1,14.92
127,InStore,2025-12-22,1,Apparel,10104,0,0.0
116,Pickup,2025-10-27,1,Home,10066,2,235.05
259,Online,2025-10-27,6,Grocery,10164,3,116.77
174,Pickup,2025-11-17,2,Beauty,10084,1,28.9
175,Pickup,2025-12-15,5,Beauty,10151,2,176.16
110,Pickup,2025-10-06,4,Electronics,10128,1,96.38
207,Pickup,2025-11-24,2,Apparel,10175,1,52.42
142,InStore,2025-11-03,1,Electronics,10115,0,0.0
138,Online,2025-10-27,1,Beauty,10064,5,87.66
165,Pickup,2025-12-22,2,Home,10160,1,66.34
237,InStore,2025-11-10,3,Grocery,10035,1,30.77
151,InStore,2025-11-10,2,Electronics,10038,1,56.06
203,Online,2025-11-03,3,Electronics,10037,4,361.28
245,Online,2025-11-10,4,Home,10071,1,20.58
239,Online,2025-12-22,2,Grocery,10147,1,110.41
229,InStore,2025-10-27,2,Electronics,10063,1,32.41
228,Online,2025-10-13,2,Grocery,10037,3,306.28
235,InStore,2025-12-15,3,Home,10079,1,18.79
237,Pickup,2025-12-01,2,Electronics,10052,1,48.23
165,Pickup,2025-12-08,2,Apparel,10048,2,214.59
220,InStore,2025-12-15,1,Home,10108,2,197.8
237,Online,2025-10-13,2,Electronics,10148,1,59.74
197,Online,2025-11-10,2,Grocery,10082,1,8.1
203,Pickup,2025-12-08,3,Electronics,10179,1,74.9
196,Pickup,2025-11-03,1,Electronics,10116,5,429.19
141,Pickup,2025-12-08,2,Electronics,10051,4,33.14
130,Online,2025-12-08,2,Beauty,10101,1,116.09
195,Pickup,2025-11-24,1,Beauty,10027,0,0.0
209,Pickup,2025-11-10,2,Beauty,10162,3,133.97
152,InStore,2025-11-24,3,Grocery,10044,1,36.21
115,Online,2025-10-20,1,Home,10179,1,80.13
231,InStore,2025-11-10,2,Home,10085,1,33.05
255,InStore,2025-12-15,2,Electronics,10144,1,35.1
240,InStore,2025-12-01,3,Beauty,10093,4,152.9
104,InStore,2025-11-03,1,Home,10167,0,0.0
257,InStore,2025-12-15,4,Grocery,10039,2,194.64
119,Pickup,2025-12-08,1,Grocery,10060,3,318.29
146,Online,2025-12-22,1,Grocery,10007,1,33.1
170,Pickup,2025-11-17,5,Beauty,10046,0,0.0
108,InStore,2025-12-22,1,Grocery,10006,0,0.0
191,InStore,2025-12-15,3,Grocery,10107,1,58.23
209,Online,2025-12-22,3,Electronics,10059,2,84.1
244,InStore,2025-11-17,1,Electronics,10036,2,110.58
124,Online,2025-10-13,2,Grocery,10085,3,177.19
159,Online,2025-12-08,2,Home,10088,5,82.4
169,Online,2025-10-27,1,Electronics,10116,0,0.0
189,Pickup,2025-12-22,2,Home,10028,1,89.18
259,InStore,2025-12-01,2,Apparel,10045,5,343.75
242,Online,2025-12-08,3,Home,10034,2,103.05
206,Pickup,2025-12-22,4,Electronics,10152,2,20.62
125,InStore,2025-12-15,2,Apparel,10004,0,0.0
137,InStore,2025-12-08,1,Grocery,10075,5,241.05
129,Online,2025-10-20,1,Home,10172,6,251.98
234,Pickup,2025-11-03,1,Apparel,10016,2,85.84
173,Pickup,2025-10-13,1,Grocery,10159,3,94.77
154,InStore,2025-10-06,4,Beauty,10070,3,320.52
167,InStore,2025-12-15,2,Grocery,10054,1,19.05
216,InStore,2025-11-17,2,Grocery,10124,3,49.13
170,InStore,2025-11-10,1,Electronics,10021,2,175.78
116,Online,2025-12-22,2,Apparel,10064,1,47.1
180,Online,2025-12-22,3,Electronics,10121,3,260.56
199,Pickup,2025-12-01,1,Home,10136,2,51.41
188,Pickup,2025-10-27,2,Electronics,10124,3,145.78
256,Online,2025-10-27,1,Home,10039,0,0.0
179,Pickup,2025-11-10,2,Home,10158,2,141.03
124,InStore,2025-10-13,1,Apparel,10149,1,21.07
113,InStore,2025-10-06,3,Home,10031,3,188.6
175,Pickup,2025-11-24,4,Grocery,10088,1,81.87
242,Pickup,2025-11-17,3,Beauty,10040,3,220.82
230,Pickup,2025-11-03,2,Home,10097,1,70.47
109,Online,2025-11-17,2,Beauty,10074,1,50.55
105,Pickup,2025-10-27,1,Electronics,10112,4,302.48
120,Pickup,2025-11-03,1,Apparel,10120,1,40.13
212,Pickup,2025-11-03,2,Grocery,10032,3,119.65
230,InStore,2025-12-01,1,Electronics,10111,0,0.0
195,Pickup,2025-11-10,3,Electronics,10110,3,200.11
129,Online,2025-12-01,3,Grocery,10044,2,219.11
121,Online,2025-10-20,1,Beauty,10103,1,68.62
250,Pickup,2025-11-03,1,Apparel,10087,3,178.61
163,Pickup,2025-11-03,3,Beauty,10146,1,114.13
215,InStore,2025-10-13,1,Beauty,10034,1,10.84
225,Online,2025-11-17,4,Grocery,10108,1,88.18
114,InStore,2025-10-27,3,Electronics,10099,1,69.45
130,Pickup,2025-12-15,1,Apparel,10055,4,368.68
192,Online,2025-10-20,3,Home,10116,2,198.17
129,Pickup,2025-10-20,2,Beauty,10071,1,9.27
248,InStore,2025-10-27,3,Home,10163,3,165.75
197,Pickup,2025-12-15,2,Home,10073,2,136.64
126,InStore,2025-11-03,1,Apparel,10161,3,52.27
143,Online,2025-12-08,4,Apparel,10006,1,62.45
172,Pickup,2025-11-03,1,Apparel,10160,0,0.0
179,Online,2025-12-01,2,Home,10073,3,323.0
114,Pickup,2025-10-13,1,Apparel,10059,1,66.25
119,Pickup,2025-12-22,2,Home,10100,3,330.76
157,InStore,2025-11-10,1,Grocery,10160,1,60.39
144,Pickup,2025-12-15,1,Home,10179,2,96.89
185,InStore,2025-10-13,2,Grocery,10152,1,87.79
170,Online,2025-10-06,2,Apparel,10104,3,356.12
195,Pickup,2025-12-22,1,Grocery,10123,2,75.31
167,Pickup,2025-12-15,3,Apparel,10054,2,46.17
196,Online,2025-12-01,1,Grocery,10009,2,233.85
166,Pickup,2025-11-10,2,Home,10121,2,207.91
194,Online,2025-10-13,1,Beauty,10124,4,126.66
138,InStore,2025-11-03,2,Home,10029,2,145.54
113,InStore,2025-12-15,3,Grocery,10047,1,30.46
118,Pickup,2025-10-06,3,Apparel,10036,1,22.22
129,InStore,2025-12-22,2,Beauty,10087,2,236.29
205,InStore,2025-11-10,2,Home,10150,2,193.51
235,Pickup,2025-11-10,1,Grocery,10059,2,86.02
181,InStore,2025-11-24,1,Electronics,10008,2,201.55
227,Online,2025-12-15,2,Apparel,10033,0,0.0
220,Pickup,2025-10-06,1,Beauty,10127,0,0.0
121,Pickup,2025-12-08,4,Beauty,10059,0,0.0
149,Pickup,2025-12-01,3,Electronics,10064,3,287.42
173,Online,2025-11-17,1,Beauty,10035,1,13.98
131,InStore,2025-11-17,1,Home,10121,2,38.01
118,Pickup,2025-12-15,2,Electronics,10133,0,0.0
114,InStore,2025-10-06,6,Apparel,10121,1,25.28
136,Pickup,2025-11-10,1,Beauty,10088,1,8.79
227,Online,2025-12-01,1,Electronics,10006,0,0.0
106,Online,2025-12-22,1,Home,10119,1,47.82
168,Pickup,2025-10-06,2,Apparel,10040,0,0.0
162,Pickup,2025-10-13,1,Home,10066,1,103.09
210,Pickup,2025-10-20,2,Electronics,10121,2,119.8
124,Online,2025-11-17,3,Electronics,10003,2,59.14
208,InStore,2025-10-06,1,Electronics,10121,3,287.22
226,Pickup,2025-10-06,1,Apparel,10134,2,60.72
140,InStore,2025-10-20,2,Home,10063,3,282.98
191,Online,2025-12-22,1,Home,10143,2,153.94
247,Pickup,2025-11-17,3,Electronics,10120,1,13.44
120,InStore,2025-10-13,2,Apparel,10073,2,131.31
177,Pickup,2025-10-13,1,Beauty,10092,0,0.0
209,Pickup,2025-12-22,1,Home,10016,2,167.0
233,Online,2025-11-10,2,Beauty,10122,3,59.46
246,Online,2025-12-22,2,Home,10129,3,201.1
176,Pickup,2025-10-13,2,Home,10078,2,53.81
142,InStore,2025-12-08,3,Grocery,10021,5,61.19
114,Pickup,2025-12-22,2,Grocery,10022,3,200.74
157,Online,2025-10-13,2,Apparel,10094,2,132.26
203,Pickup,2025-10-06,3,Grocery,10165,4,151.64
142,Pickup,2025-11-03,1,Beauty,10101,1,83.72
188,Online,2025-12-01,1,Apparel,10006,3,210.62
142,Online,2025-12-15,1,Apparel,10150,3,70.22
135,Online,2025-12-22,4,Apparel,10038,4,42.45
127,Pickup,2025-11-17,1,Apparel,10013,3,173.19
187,Pickup,2025-10-13,3,Beauty,10055,0,0.0
190,InStore,2025-11-24,3,Grocery,10092,1,77.51
251,Pickup,2025-11-24,1,Apparel,10131,1,17.97
196,InStore,2025-12-01,1,Beauty,10010,2,80.07
148,Online,2025-12-15,3,Apparel,10059,2,52.73
257,Online,2025-12-01,2,Apparel,10124,2,96.29
187,Pickup,2025-10-13,1,Home,10027,3,108.67
223,Online,2025-12-22,2,Electronics,10052,2,232.09
121,Online,2025-12-15,1,Beauty,10116,4,89.22
222,Pickup,2025-10-06,3,Apparel,10137,1,11.18
154,Pickup,2025-12-22,3,Grocery,10041,4,248.78
157,Online,2025-11-24,4,Home,10126,4,213.49
215,Pickup,2025-12-22,2,Beauty,10055,3,32.69
253,Pickup,2025-12-15,1,Apparel,10035,3,234.82
122,InStore,2025-10-13,1,Electronics,10141,3,340.47
201,Online,2025-12-01,1,Beauty,10016,0,0.0
125,Online,2025-12-15,2,Apparel,10052,3,89.63
110,InStore,2025-11-10,1,Electronics,10114,2,232.73
248,Online,2025-11-17,2,Home,10116,1,34.73
194,InStore,2025-11-17,1,Electronics,10150,2,19.17
170,Online,2025-11-10,2,Beauty,10131,5,320.85
144,Pickup,2025-11-10,5,Home,10116,1,111.71
114,Online,2025-10-20,3,Electronics,10017,1,38.26
226,InStore,2025-11-24,4,Beauty,10097,3,333.22
170,InStore,2025-12-22,1,Home,10103,3,131.59
175,Pickup,2025-12-08,2,Grocery,10174,3,108.55
160,InStore,2025-11-10,2,Electronics,10101,6,472.09
148,Online,2025-10-13,2,Grocery,10070,1,60.65
182,Online,2025-10-27,2,Electronics,10054,1,52.85
194,Pickup,2025-12-15,4,Apparel,10016,1,11.3
173,Pickup,2025-10-20,1,Beauty,10063,4,69.66
249,Online,2025-12-22,3,Beauty,10164,1,32.06
188,InStore,2025-12-01,1,Grocery,10046,3,63.02
149,InStore,2025-10-20,2,Home,10089,3,51.55
132,Pickup,2025-10-27,1,Home,10109,2,129.19
255,Online,2025-11-17,2,Electronics,10034,3,159.22
240,InStore,2025-12-01,2,Beauty,10137,0,0.0
113,Online,2025-11-10,3,Grocery,10051,2,98.28
250,Online,2025-11-17,1,Grocery,10040,3,100.57
215,Pickup,2025-10-13,3,Home,10170,1,103.98
126,Pickup,2025-12-15,3,Grocery,10104,4,249.09
117,InStore,2025-11-03,3,Electronics,10128,4,83.61
198,InStore,2025-11-24,1,Electronics,10115,2,145.55
250,Online,2025-11-17,2,Grocery,10174,0,0.0
120,Online,2025-10-27,3,Apparel,10046,0,0.0
216,Pickup,2025-10-13,3,Home,10097,1,55.43
225,Pickup,2025-10-27,2,Apparel,10091,4,120.2
152,Online,2025-10-06,3,Electronics,10139,3,134.52
161,InStore,2025-12-01,1,Grocery,10146,2,231.06
218,InStore,2025-10-20,1,Apparel,10049,1,68.17
205,Pickup,2025-10-27,1,Grocery,10015,4,439.92
199,InStore,2025-10-27,1,Apparel,10106,2,148.54
218,Online,2025-11-17,2,Apparel,10083,4,435.81
209,Pickup,2025-11-24,2,Apparel,10094,3,260.83
231,Pickup,2025-11-03,2,Apparel,10122,2,176.08
211,Online,2025-12-01,1,Electronics,10168,2,184.08
115,InStore,2025-10-20,6,Grocery,10102,1,10.37
224,Pickup,2025-12-01,1,Electronics,10103,0,0.0
168,Online,2025-12-22,1,Grocery,10130,1,51.65
188,InStore,2025-12-22,3,Grocery,10030,2,77.39
227,Pickup,2025-10-13,2,Electronics,10134,5,452.93
222,InStore,2025-11-17,1,Grocery,10003,3,91.96
172,Online,2025-11-17,4,Beauty,10103,1,49.97
148,InStore,2025-11-17,1,Beauty,10060,3,221.63
241,InStore,2025-10-20,1,Beauty,10163,2,21.55
104,Pickup,2025-11-03,3,Beauty,10145,0,0.0
126,InStore,2025-11-17,3,Apparel,10172,2,227.31
162,Online,2025-10-27,1,Apparel,10018,1,10.9
258,Pickup,2025-10-06,2,Home,10055,3,308.36
239,Online,2025-10-20,2,Beauty,10023,4,209.0
182,Pickup,2025-10-06,2,Home,10013,3,198.85
171,Online,2025-10-13,2,Home,10128,3,75.76
158,InStore,2025-12-22,2,Electronics,10133,4,424.18
110,Online,2025-12-08,1,Electronics,10105,4,451.64
199,Online,2025-12-22,1,Grocery,10124,1,117.12
187,Pickup,2025-10-27,1,Apparel,10138,3,311.92
125,Pickup,2025-12-01,3,Electronics,10144,1,112.96
195,Pickup,2025-10-13,1,Beauty,10009,2,139.65
109,Online,2025-11-24,1,Apparel,10160,2,77.71
181,InStore,2025-12-22,1,Grocery,10068,1,119.05
256,Pickup,2025-11-17,2,Grocery,10170,2,118.77
241,Pickup,2025-10-20,1,Grocery,10158,1,76.7
181,Online,2025-12-22,3,Grocery,10150,1,41.01
155,Pickup,2025-11-03,3,Home,10112,1,17.87
100,InStore,2025-11-03,6,Electronics,10142,3,269.7
148,Online,2025-12-15,2,Electronics,10054,2,132.48
182,InStore,2025-11-10,2,Electronics,10035,4,254.44
160,Online,2025-10-20,2,Apparel,10022,2,22.08
162,InStore,2025-12-22,3,Home,10030,1,41.54
121,Pickup,2025-12-15,1,Grocery,10034,3,204.83
207,Online,2025-10-27,1,Beauty,10175,1,38.54
139,InStore,2025-11-10,1,Electronics,10045,3,133.38
246,Online,2025-11-17,5,Electronics,10157,4,243.11
130,InStore,2025-10-06,3,Beauty,10040,5,325.98
185,Online,2025-11-17,2,Electronics,10149,2,166.23
142,InStore,2025-12-01,1,Beauty,10012,3,222.37
243,InStore,2025-12-15,2,Beauty,10043,2,19.1
150,InStore,2025-12-08,2,Apparel,10019,4,68.69
154,Pickup,2025-12-08,3,Grocery,10034,2,200.13
221,Pickup,2025-10-13,2,Electronics,10147,3,103.21
148,InStore,2025-12-01,3,Grocery,10128,2,20.29
224,Online,2025-11-03,2,Grocery,10016,4,82.18
225,Online,2025-12-15,2,Home,10107,1,97.74
190,Online,2025-11-03,2,Apparel,10038,0,0.0
171,Pickup,2025-10-06,2,Home,10105,3,337.22
230,Pickup,2025-10-27,2,Electronics,10040,2,231.37
102,Pickup,2025-12-01,3,Electronics,10175,1,64.93
188,InStore,2025-12-15,2,Beauty,10008,2,85.66
170,Pickup,2025-10-20,2,Electronics,10143,3,77.87
195,InStore,2025-10-13,2,Electronics,10088,0,0.0
127,Pickup,2025-12-08,3,Electronics,10060,1,108.2
122,InStore,2025-11-24,3,Beauty,10123,4,439.47
204,InStore,2025-11-24,1,Apparel,10046,0,0.0
205,Pickup,2025-11-17,2,Beauty,10061,0,0.0
211,Pickup,2025-12-01,1,Apparel,10098,2,191.38
198,Online,2025-11-17,2,Grocery,10018,2,64.84
253,Pickup,2025-12-15,1,Home,10111,2,141.95
205,InStore,2025-11-17,1,Electronics,10172,1,101.91
205,Online,2025-11-10,2,Beauty,10047,1,85.0
253,Pickup,2025-10-13,2,Beauty,10069,1,55.14
110,Pickup,2025-12-15,3,Apparel,10105,3,74.96
222,Online,2025-11-17,2,Beauty,10068,1,107.0
223,Pickup,2025-10-06,3,Grocery,10133,5,157.17
128,Pickup,2025-12-08,2,Grocery,10082,1,60.8
160,Pickup,2025-10-27,1,Home,10144,0,0.0
111,Pickup,2025-10-27,1,Apparel,10093,4,428.39
135,Pickup,2025-12-15,4,Apparel,10112,2,65.7
207,Online,2025-12-22,1,Electronics,10127,0,0.0
159,Pickup,2025-12-01,2,Grocery,10148,0,0.0
233,InStore,2025-11-17,1,Home,10093,2,226.99
250,Online,2025-12-08,1,Electronics,10145,2,16.05
207,Online,2025-10-27,2,Electronics,10049,4,313.26
208,InStore,2025-12-22,2,Home,10084,3,358.67
252,Online,2025-10-13,1,Beauty,10073,5,490.78
163,Pickup,2025-11-03,1,Home,10093,1,73.81
136,Pickup,2025-11-03,1,Apparel,10178,3,110.4
164,Online,2025-10-06,1,Home,10160,2,23.24
117,Online,2025-12-15,6,Home,10125,6,152.8
232,Pickup,2025-10-13,1,Electronics,10068,3,244.86
101,Pickup,2025-10-20,3,Apparel,10069,1,116.28
131,Online,2025-12-08,1,Home,10007,4,159.27
213,InStore,2025-11-24,3,Home,10052,1,59.12
255,Online,2025-11-24,1,Grocery,10132,2,125.73
121,InStore,2025-10-06,3,Electronics,10071,1,44.92
259,Pickup,2025-11-24,4,Beauty,10000,3,215.16
243,InStore,2025-12-22,1,Electronics,10067,0,0.0
195,Online,2025-11-24,2,Electronics,10027,2,68.23
158,Pickup,2025-10-13,2,Home,10102,3,25.3
105,InStore,2025-12-22,2,Grocery,10152,2,136.19
232,InStore,2025-10-13,3,Electronics,10148,0,0.0
235,Online,2025-12-15,2,Grocery,10153,2,85.86
165,Online,2025-12-08,3,Home,10039,1,26.64
118,Online,2025-11-24,2,Grocery,10172,1,54.61
186,Online,2025-11-03,2,Home,10151,3,226.26
243,Online,2025-11-10,1,Electronics,10179,0,0.0
184,Pickup,2025-11-24,3,Apparel,10046,0,0.0
239,Pickup,2025-10-06,3,Apparel,10107,3,195.05
133,Online,2025-11-03,1,Beauty,10027,5,596.25
180,Pickup,2025-11-17,3,Beauty,10079,1,80.12
133,InStore,2025-10-27,1,Electronics,10163,2,164.55
110,InStore,2025-11-17,4,Home,10141,1,61.32
167,Pickup,2025-11-03,1,Beauty,10050,1,114.35
141,Online,2025-10-13,2,Grocery,10130,2,88.21
167,Online,2025-11-10,3,Apparel,10147,2,143.15
174,InStore,2025-12-08,1,Grocery,10168,2,70.97
174,InStore,2025-10-20,3,Grocery,10170,4,39.91
132,Pickup,2025-12-15,2,Grocery,10167,0,0.0
100,Pickup,2025-11-17,2,Electronics,10131,2,158.08
127,Pickup,2025-10-06,1,Apparel,10179,1,42.06
136,Pickup,2025-12-22,4,Apparel,10063,3,342.28
205,Online,2025-11-17,2,Home,10172,0,0.0
247,Pickup,2025-11-10,4,Apparel,10138,3,339.45
215,Online,2025-12-01,3,Apparel,10172,2,197.89
109,Online,2025-10-27,1,Beauty,10174,4,393.78
214,Online,2025-11-24,4,Home,10150,0,0.0
242,InStore,2025-11-03,1,Home,10094,0,0.0
126,Pickup,2025-12-01,2,Beauty,10001,2,219.46
100,InStore,2025-11-10,4,Home,10175,1,44.68
234,Online,2025-12-22,2,Apparel,10176,3,106.69
148,Pickup,2025-12-15,3,Apparel,10015,2,111.8
141,InStore,2025-11-24,1,Grocery,10006,5,221.72
151,Pickup,2025-11-10,1,Beauty,10166,3,278.61
248,Pickup,2025-12-22,1,Electronics,10177,3,46.6
140,Online,2025-10-06,1,Home,10078,1,71.26
187,InStore,2025-12-01,2,Home,10019,3,321.45
199,InStore,2025-12-01,2,Apparel,10002,3,282.42
160,InStore,2025-11-03,2,Grocery,10167,1,81.99
177,Online,2025-11-24,1,Home,10015,4,119.59
140,Pickup,2025-11-10,1,Grocery,10035,2,77.36
141,InStore,2025-12-15,1,Beauty,10097,0,0.0
229,Pickup,2025-11-17,1,Beauty,10149,3,115.87
114,InStore,2025-11-03,1,Beauty,10053,2,31.87
121,Online,2025-11-03,2,Electronics,10050,0,0.0
140,InStore,2025-12-08,1,Grocery,10122,3,327.36
236,Online,2025-10-27,2,Beauty,10104,4,132.67
116,Online,2025-11-17,1,Home,10113,0,0.0
185,Pickup,2025-10-13,3,Beauty,10152,3,29.17
201,InStore,2025-10-13,1,Grocery,10088,1,109.38
165,Pickup,2025-11-10,1,Beauty,10027,3,90.95
119,Online,2025-10-13,3,Grocery,10029,2,187.75
194,Online,2025-12-22,2,Beauty,10142,2,32.28
203,InStore,2025-12-22,1,Electronics,10084,5,73.46
147,InStore,2025-12-01,3,Grocery,10079,3,107.99
130,Pickup,2025-10-27,1,Grocery,10068,1,79.17
123,Online,2025-10-20,2,Beauty,10130,3,331.18
215,InStore,2025-11-24,3,Apparel,10140,0,0.0
242,InStore,2025-12-22,1,Beauty,10161,2,145.33
259,InStore,2025-11-24,1,Apparel,10160,3,273.89
182,Pickup,2025-10-06,1,Electronics,10005,2,115.57
198,InStore,2025-11-10,4,Beauty,10082,1,24.32
141,Online,2025-12-22,1,Home,10120,3,310.87
199,Pickup,2025-12-01,3,Home,10002,5,161.13
193,Pickup,2025-11-24,4,Grocery,10070,0,0.0
120,InStore,2025-11-03,2,Grocery,10164,3,177.63
203,Online,2025-11-10,1,Grocery,10139,0,0.0
166,Online,2025-10-06,3,Apparel,10097,1,62.72
136,Online,2025-11-03,1,Beauty,10146,1,106.93
152,Pickup,2025-10-06,4,Electronics,10139,4,383.07
151,Pickup,2025-11-03,1,Electronics,10031,5,276.56
201,Online,2025-11-10,3,Electronics,10087,1,42.8
213,Pickup,2025-10-27,2,Electronics,10029,2,134.73
106,InStore,2025-12-01,1,Beauty,10020,0,0.0
131,Pickup,2025-11-24,1,Electronics,10056,3,277.74
121,InStore,2025-11-03,2,Home,10029,1,47.1
107,Online,2025-11-17,1,Grocery,10160,3,285.33
152,Online,2025-12-08,3,Grocery,10000,2,75.58
100,Online,2025-10-13,1,Grocery,10029,0,0.0
135,Pickup,2025-10-13,3,Beauty,10076,4,220.42
158,InStore,2025-11-10,3,Home,10063,0,0.0
182,Pickup,2025-11-10,3,Beauty,10035,2,47.63
100,Pickup,2025-12-01,2,Grocery,10076,3,277.95
215,Pickup,2025-11-24,4,Grocery,10140,2,237.18
209,Pickup,2025-11-17,3,Grocery,10162,2,82.12
244,Online,2025-10-20,3,Grocery,10089,0,0.0
246,Pickup,2025-11-10,2,Home,10082,0,0.0
197,InStore,2025-11-03,2,Home,10034,2,207.49
191,Pickup,2025-10-20,1,Home,10178,0,0.0
147,Online,2025-12-08,1,Home,10059,2,42.69
253,Pickup,2025-12-01,1,Electronics,10063,3,294.24
216,Pickup,2025-11-03,1,Electronics,10099,1,26.25
247,InStore,2025-11-10,2,Electronics,10132,2,202.24
201,Online,2025-12-08,2,Electronics,10105,2,232.8
108,Online,2025-11-03,1,Home,10027,1,54.03
211,Pickup,2025-10-06,2,Apparel,10091,2,209.28
154,Online,2025-10-06,5,Home,10070,2,160.37
160,InStore,2025-12-22,2,Home,10034,2,88.26
197,Online,2025-12-01,1,Beauty,10150,1,77.6
123,Pickup,2025-11-03,2,Beauty,10045,2,204.64
157,Pickup,2025-12-08,1,Home,10066,2,147.21
239,Online,2025-10-13,2,Electronics,10159,1,117.46
162,Online,2025-10-20,3,Home,10157,2,86.93
240,Online,2025-11-24,1,Electronics,10002,4,391.85
102,Online,2025-11-24,3,Beauty,10116,2,31.49
244,Online,2025-11-17,2,Electronics,10080,0,0.0
257,InStore,2025-10-06,2,Grocery,10058,1,117.04
100,Pickup,2025-11-17,3,Home,10131,1,35.54
124,Pickup,2025-12-15,1,Grocery,10008,0,0.0
186,Pickup,2025-11-17,3,Grocery,10064,1,41.6
171,Online,2025-10-27,1,Apparel,10008,1,65.95
184,Online,2025-12-01,3,Electronics,10136,2,145.69
211,InStore,2025-11-10,2,Electronics,10083,1,112.11
187,InStore,2025-11-17,1,Apparel,10112,4,98.9
250,Online,2025-11-03,4,Apparel,10040,1,23.22
208,Online,2025-12-15,2,Beauty,10019,1,37.02
248,InStore,2025-10-27,4,Apparel,10163,1,9.04
234,Online,2025-10-27,2,Electronics,10134,1,54.71
182,Online,2025-10-27,3,Home,10040,0,0.0
136,Pickup,2025-11-10,1,Apparel,10150,2,44.47
179,InStore,2025-12-01,3,Electronics,10073,2,54.57
247,Online,2025-11-17,1,Beauty,10087,2,238.86
103,Pickup,2025-10-06,1,Grocery,10101,2,120.42
122,Online,2025-10-13,4,Electronics,10142,6,691.14
109,Pickup,2025-10-27,2,Home,10103,3,113.15
106,Online,2025-12-22,2,Apparel,10119,0,0.0
175,InStore,2025-12-01,1,Apparel,10067,3,193.73
141,Online,2025-10-20,2,Electronics,10075,2,126.98
178,Online,2025-11-17,2,Beauty,10002,2,218.88
225,InStore,2025-10-20,1,Apparel,10114,2,24.41
257,Online,2025-12-22,2,Apparel,10040,4,444.74
169,Pickup,2025-11-03,2,Home,10014,2,157.66
239,Pickup,2025-10-27,1,Electronics,10038,1,50.94
127,Pickup,2025-12-08,2,Electronics,10107,0,0.0
182,Online,2025-12-15,3,Apparel,10112,4,416.37
205,Online,2025-12-15,2,Beauty,10040,4,339.11
126,Online,2025-11-17,4,Apparel,10172,4,191.3
217,InStore,2025-12-15,1,Grocery,10129,5,567.61
176,InStore,2025-11-17,2,Apparel,10027,4,260.44
154,Online,2025-10-06,2,Apparel,10140,3,84.09
252,Online,2025-11-10,1,Beauty,10095,2,162.34
234,Pickup,2025-10-13,2,Home,10111,0,0.0
159,InStore,2025-12-01,3,Electronics,10102,1,56.12
131,InStore,2025-11-17,1,Home,10172,1,79.43
137,Pickup,2025-10-27,2,Electronics,10140,2,55.83
174,Online,2025-10-20,1,Grocery,10009,1,78.3
114,Pickup,2025-10-13,2,Apparel,10175,1,117.14
234,Online,2025-12-22,3,Apparel,10176,2,157.34
152,Pickup,2025-12-01,2,Beauty,10076,1,100.88
116,Online,2025-10-20,1,Home,10115,3,179.17
101,Pickup,2025-11-03,2,Apparel,10013,3,183.45
138,InStore,2025-12-01,2,Beauty,10053,1,73.21
108,Online,2025-11-24,4,Grocery,10136,1,56.07
201,Online,2025-11-03,1,Beauty,10155,4,305.21
125,Online,2025-10-27,2,Apparel,10097,2,230.8
137,InStore,2025-12-08,2,Home,10077,2,95.4
133,Pickup,2025-12-01,3,Beauty,10101,1,83.92
122,InStore,2025-12-22,2,Grocery,10100,3,308.47
177,Online,2025-10-13,2,Grocery,10092,1,50.79
247,Pickup,2025-10-06,1,Electronics,10097,1,88.31
192,InStore,2025-11-17,2,Apparel,10161,2,17.54
116,InStore,2025-11-10,2,Beauty,10101,1,10.96
220,Online,2025-11-10,2,Home,10156,3,279.37
202,Pickup,2025-11-24,2,Grocery,10023,1,38.02
163,InStore,2025-11-17,1,Home,10090,1,28.6
235,Pickup,2025-12-22,2,Apparel,10044,0,0.0
238,Online,2025-12-01,1,Apparel,10008,0,0.0
182,Online,2025-11-03,1,Apparel,10102,1,115.69
100,InStore,2025-12-01,2,Apparel,10054,0,0.0
162,Online,2025-11-17,2,Home,10020,1,26.05
231,InStore,2025-11-17,3,Beauty,10064,2,70.12
159,Pickup,2025-12-01,3,Beauty,10117,4,50.22
251,InStore,2025-12-22,1,Apparel,10081,5,230.43
233,Online,2025-11-03,1,Apparel,10094,4,36.36
238,Pickup,2025-10-06,1,Electronics,10011,7,236.64
235,Pickup,2025-11-24,3,Grocery,10145,5,526.92
125,Pickup,2025-11-03,2,Electronics,10021,3,253.58
238,InStore,2025-12-08,2,Electronics,10160,2,204.63
175,InStore,2025-12-15,4,Home,10098,4,313.2
211,Online,2025-11-10,2,Beauty,10143,3,84.88
148,Pickup,2025-11-17,3,Electronics,10101,2,167.94
220,Pickup,2025-11-17,3,Apparel,10085,0,0.0
207,Pickup,2025-10-27,2,Home,10157,4,389.06
182,Pickup,2025-11-03,1,Beauty,10068,0,0.0
250,InStore,2025-11-10,2,Apparel,10159,1,11.05
189,InStore,2025-10-27,2,Beauty,10035,4,247.43
184,Online,2025-11-03,2,Home,10093,7,517.67
132,Online,2025-12-08,3,Electronics,10080,1,62.19
173,Online,2025-12-22,2,Grocery,10082,2,157.95
201,Pickup,2025-11-17,3,Beauty,10109,1,90.58
220,Pickup,2025-11-17,4,Apparel,10085,1,112.91
130,InStore,2025-12-08,3,Beauty,10101,3,325.91
101,InStore,2025-11-17,2,Beauty,10139,4,122.77
218,Pickup,2025-10-20,1,Electronics,10001,1,17.89
238,Online,2025-12-22,1,Grocery,10022,1,116.84
118,InStore,2025-11-10,1,Grocery,10062,1,76.4
123,InStore,2025-12-01,3,Beauty,10124,1,115.8
245,Pickup,2025-11-24,1,Home,10081,1,47.34
127,InStore,2025-10-20,2,Grocery,10054,0,0.0
201,Online,2025-10-13,2,Apparel,10055,0,0.0
219,Online,2025-10-06,4,Home,10027,2,170.42
230,Pickup,2025-12-22,1,Apparel,10116,0,0.0
248,Online,2025-12-22,1,Grocery,10088,2,195.39
176,InStore,2025-11-17,2,Apparel,10035,3,356.61
157,Online,2025-10-06,2,Grocery,10028,1,88.41
207,Pickup,2025-11-03,3,Apparel,10158,2,167.0
172,InStore,2025-11-03,2,Home,10160,2,213.45
143,Pickup,2025-10-06,3,Grocery,10179,2,205.26
162,Pickup,2025-11-17,3,Grocery,10159,4,139.48
116,InStore,2025-10-20,3,Electronics,10165,0,0.0
214,Pickup,2025-12-08,3,Grocery,10054,3,276.59
168,Pickup,2025-11-03,2,Home,10179,1,28.37
192,Pickup,2025-11-03,2,Beauty,10020,2,185.88
228,Pickup,2025-11-17,1,Home,10082,0,0.0
236,Pickup,2025-12-08,2,Apparel,10013,5,421.16
165,InStore,2025-11-10,2,Grocery,10027,2,194.24
115,Pickup,2025-10-20,7,Electronics,10102,3,189.62
220,Pickup,2025-12-22,2,Electronics,10090,3,326.07
120,Online,2025-10-27,4,Electronics,10046,1,89.95
213,Online,2025-11-24,4,Grocery,10052,1,118.0
163,InStore,2025-11-17,1,Home,10019,1,107.45
156,Pickup,2025-12-22,2,Grocery,10094,2,97.48
184,InStore,2025-11-24,4,Apparel,10046,1,24.55
162,Online,2025-12-15,1,Home,10049,1,88.1
210,Online,2025-11-10,3,Electronics,10147,1,105.62
187,Pickup,2025-10-27,3,Apparel,10049,0,0.0
146,Online,2025-11-17,1,Apparel,10128,1,12.88
241,InStore,2025-12-15,2,Home,10023,1,27.06
173,InStore,2025-11-10,2,Grocery,10046,2,104.98
167,Online,2025-10-27,1,Home,10166,3,321.62
187,Online,2025-10-27,4,Apparel,10041,0,0.0
207,InStore,2025-12-15,1,Grocery,10074,0,0.0
120,InStore,2025-11-24,2,Electronics,10057,4,312.93
165,Online,2025-12-22,1,Electronics,10159,3,234.55
132,Online,2025-11-03,1,Home,10171,2,129.84
184,Pickup,2025-10-20,1,Grocery,10071,0,0.0
259,Pickup,2025-11-24,4,Home,10026,0,0.0
142,Online,2025-12-01,2,Beauty,10081,0,0.0
193,Pickup,2025-12-01,1,Electronics,10043,1,93.95
101,Pickup,2025-11-03,3,Apparel,10013,1,102.2
235,Pickup,2025-11-17,1,Apparel,10047,1,61.39
124,Online,2025-10-06,1,Apparel,10105,3,140.13
236,InStore,2025-10-20,1,Beauty,10018,1,99.93
174,InStore,2025-11-17,1,Electronics,10158,2,167.04
138,InStore,2025-12-01,1,Apparel,10108,2,212.67
235,Pickup,2025-12-08,3,Grocery,10116,3,236.35
127,Pickup,2025-11-17,4,Beauty,10160,2,154.76
140,Online,2025-11-24,3,Electronics,10026,1,62.14
214,InStore,2025-12-22,1,Beauty,10018,1,48.58
185,Pickup,2025-10-20,2,Apparel,10174,1,75.63
126,InStore,2025-11-10,1,Electronics,10038,1,39.95
234,Online,2025-11-24,3,Grocery,10109,3,97.29
245,Online,2025-10-13,2,Beauty,10011,1,68.27
155,InStore,2025-11-24,4,Beauty,10175,5,82.18
197,Online,2025-11-24,1,Home,10050,2,211.1
241,Online,2025-10-20,2,Home,10158,1,28.39
136,InStore,2025-12-22,5,Grocery,10063,5,559.39
126,Pickup,2025-11-03,2,Home,10161,2,237.22
218,Online,2025-10-20,2,Electronics,10014,1,51.94
117,Pickup,2025-10-13,4,Home,10054,1,81.26
100,Online,2025-12-15,1,Electronics,10112,4,122.72
251,InStore,2025-12-15,2,Electronics,10006,4,404.4
224,Pickup,2025-10-27,1,Apparel,10074,3,230.66
171,Online,2025-10-13,1,Grocery,10138,2,200.81
150,Online,2025-10-27,1,Electronics,10163,2,71.83
175,InStore,2025-11-03,4,Home,10075,0,0.0
138,InStore,2025-10-27,4,Electronics,10059,2,211.39
148,InStore,2025-10-13,1,Apparel,10176,3,340.49
250,Online,2025-10-27,1,Beauty,10057,3,310.58
161,Pickup,2025-11-10,1,Beauty,10118,3,185.61
156,Pickup,2025-12-08,2,Apparel,10042,3,146.78
146,Pickup,2025-10-06,2,Electronics,10120,1,15.5
160,InStore,2025-12-22,1,Beauty,10031,5,264.28
129,Online,2025-12-15,1,Electronics,10042,1,118.07
118,Online,2025-10-27,2,Grocery,10010,0,0.0
107,Pickup,2025-10-20,2,Grocery,10020,1,113.16
126,InStore,2025-11-24,1,Electronics,10055,3,352.32
179,InStore,2025-10-06,3,Electronics,10042,2,57.99
125,Pickup,2025-11-17,1,Grocery,10010,2,206.9
181,InStore,2025-12-22,4,Grocery,10150,2,24.2
127,Pickup,2025-10-20,1,Grocery,10103,1,43.88
201,InStore,2025-10-20,3,Apparel,10096,2,84.81
214,InStore,2025-10-13,4,Electronics,10063,4,414.13
113,Online,2025-10-27,1,Electronics,10131,3,358.99
168,Online,2025-12-15,2,Beauty,10024,2,79.58
132,Pickup,2025-10-13,5,Beauty,10003,1,46.9
116,Online,2025-11-17,2,Beauty,10113,2,49.48
130,Pickup,2025-12-01,2,Home,10162,1,119.73
238,Online,2025-12-01,2,Home,10008,0,0.0
170,InStore,2025-11-03,3,Electronics,10045,3,254.14
183,InStore,2025-11-10,1,Beauty,10177,4,282.52
105,Pickup,2025-11-24,1,Apparel,10120,3,128.81
141,Online,2025-12-08,3,Home,10051,1,21.76
140,Pickup,2025-11-24,2,Electronics,10113,2,161.49
179,Pickup,2025-10-27,4,Apparel,10121,2,85.02
174,InStore,2025-11-03,2,Electronics,10151,0,0.0
120,InStore,2025-11-17,3,Apparel,10133,3,287.44
102,InStore,2025-11-24,3,Beauty,10034,2,58.29
258,Pickup,2025-12-01,1,Apparel,10073,6,118.13
220,InStore,2025-11-24,1,Electronics,10005,2,34.7
109,Pickup,2025-11-17,2,Electronics,10173,0,0.0
123,InStore,2025-11-17,2,Apparel,10026,3,174.44
155,Online,2025-10-13,2,Electronics,10002,1,110.99
164,Online,2025-11-17,1,Beauty,10162,4,360.84
216,Pickup,2025-10-27,1,Apparel,10110,2,74.72
153,InStore,2025-11-03,3,Home,10075,0,0.0
133,Online,2025-11-24,2,Grocery,10012,1,113.18
117,InStore,2025-10-06,6,Beauty,10133,1,60.57
143,InStore,2025-11-24,2,Home,10072,1,87.41
215,Pickup,2025-12-22,3,Beauty,10172,2,192.61
241,Online,2025-11-03,2,Home,10082,1,94.53
140,Pickup,2025-12-01,3,Grocery,10175,1,31.18
144,Pickup,2025-12-22,1,Grocery,10156,3,54.21
103,InStore,2025-11-03,2,Beauty,10096,1,62.44
249,Online,2025-10-20,1,Grocery,10096,1,105.63
226,InStore,2025-12-08,1,Apparel,10044,2,114.29
164,InStore,2025-12-15,1,Home,10109,3,126.05
256,Pickup,2025-11-24,5,Electronics,10109,2,168.46
249,Online,2025-11-03,3,Beauty,10132,5,462.04
139,Online,2025-12-08,2,Grocery,10087,1,64.14
173,Online,2025-12-22,3,Apparel,10082,2,58.56
147,Online,2025-11-10,2,Home,10096,5,439.8
130,Pickup,2025-10-20,1,Grocery,10000,2,42.33
259,Pickup,2025-11-10,2,Electronics,10017,2,58.74
125,Online,2025-11-17,3,Beauty,10100,0,0.0
228,InStore,2025-11-17,2,Apparel,10013,3,262.08
104,Online,2025-10-13,2,Grocery,10009,2,142.49
250,InStore,2025-10-06,1,Apparel,10143,1,31.63
174,Pickup,2025-12-08,2,Grocery,10031,3,57.93
106,InStore,2025-10-27,3,Home,10039,3,236.88
196,Online,2025-12-22,2,Grocery,10083,1,51.94
161,InStore,2025-12-22,1,Home,10173,1,23.27
211,Pickup,2025-11-17,2,Grocery,10004,0,0.0
109,Online,2025-11-17,3,Grocery,10173,1,28.2
167,Online,2025-10-13,3,Electronics,10106,2,173.5
172,Pickup,2025-10-06,2,Beauty,10027,1,16.62
131,Online,2025-12-08,2,Beauty,10007,1,97.96
175,Online,2025-12-08,3,Apparel,10174,2,151.43
125,Pickup,2025-12-22,1,Home,10128,5,73.09
140,InStore,2025-11-17,1,Home,10056,5,478.24
198,Online,2025-10-27,1,Apparel,10090,4,100.93
240,Online,2025-12-15,2,Home,10094,1,36.27
211,Online,2025-11-03,2,Electronics,10024,0,0.0
165,Pickup,2025-12-15,4,Home,10008,1,56.7
139,Pickup,2025-12-08,1,Apparel,10055,2,87.69
186,Pickup,2025-10-27,3,Electronics,10003,3,281.57
216,Pickup,2025-10-20,1,Beauty,10159,2,51.54
128,Online,2025-12-15,2,Electronics,10058,1,87.59
199,InStore,2025-12-01,1,Grocery,10055,3,59.1
212,Pickup,2025-11-10,1,Grocery,10055,3,87.21
185,Pickup,2025-12-22,1,Electronics,10005,2,85.41
109,Online,2025-10-06,1,Grocery,10087,2,71.04
194,Pickup,2025-10-20,1,Grocery,10124,2,64.79
217,Online,2025-10-06,1,Home,10077,2,79.8
161,Online,2025-11-10,3,Beauty,10030,4,61.46
194,InStore,2025-11-03,3,Grocery,10035,2,54.55
250,InStore,2025-11-24,3,Grocery,10030,1,90.93
175,Pickup,2025-11-24,2,Apparel,10169,2,195.99
108,Pickup,2025-11-24,2,Electronics,10081,1,92.29
123,InStore,2025-10-06,3,Apparel,10152,1,110.68
106,Online,2025-10-27,1,Apparel,10003,1,30.46
131,Online,2025-11-10,1,Grocery,10034,4,331.43
248,InStore,2025-10-27,2,Grocery,10144,4,179.65
120,Pickup,2025-11-17,4,Electronics,10133,2,127.69
118,InStore,2025-12-15,3,Grocery,10133,1,90.58
229,InStore,2025-10-20,3,Apparel,10103,2,82.79
174,Pickup,2025-12-08,2,Electronics,10157,4,279.61
124,InStore,2025-10-06,1,Apparel,10175,5,182.03
248,Online,2025-10-27,3,Beauty,10144,5,512.51
129,Pickup,2025-12-01,1,Home,10036,1,74.78
167,Online,2025-11-24,2,Home,10118,0,0.0
195,InStore,2025-10-06,2,Electronics,10071,5,280.44
234,Pickup,2025-11-03,2,Beauty,10020,7,405.83
192,Online,2025-12-08,1,Electronics,10046,1,16.19
184,Pickup,2025-11-24,5,Electronics,10046,3,217.79
151,Pickup,2025-11-24,1,Apparel,10162,0,0.0
133,Online,2025-12-22,2,Apparel,10129,5,392.32
124,InStore,2025-10-27,2,Grocery,10127,1,108.92
177,Pickup,2025-10-13,3,Grocery,10092,0,0.0
241,InStore,2025-12-01,1,Electronics,10169,1,85.42
202,InStore,2025-10-27,3,Grocery,10112,1,39.25
192,InStore,2025-11-03,1,Electronics,10097,2,211.38
176,InStore,2025-11-17,2,Apparel,10178,4,417.87
137,Online,2025-11-03,3,Home,10171,1,49.42
208,Online,2025-11-24,2,Grocery,10138,3,296.9
136,InStore,2025-11-10,3,Grocery,10132,3,275.13
100,Pickup,2025-10-27,3,Home,10086,3,209.8
133,Pickup,2025-12-01,2,Electronics,10043,3,156.11
234,Online,2025-12-01,1,Beauty,10082,1,117.71
124,Online,2025-12-08,1,Home,10064,1,44.78
207,Online,2025-10-27,3,Apparel,10049,2,139.69
171,Pickup,2025-11-10,4,Home,10077,2,77.99
241,InStore,2025-10-06,3,Home,10000,4,422.49
165,Online,2025-12-01,3,Electronics,10121,3,75.27
236,InStore,2025-12-08,3,Home,10013,2,194.38
171,Online,2025-10-13,2,Grocery,10010,1,51.69
226,Online,2025-12-08,2,Home,10044,1,60.92
145,Online,2025-10-06,1,Grocery,10080,1,10.68
173,Online,2025-11-10,3,Apparel,10046,2,71.48
147,InStore,2025-11-17,1,Apparel,10077,2,147.72
108,InStore,2025-10-27,2,Grocery,10062,2,35.73
236,InStore,2025-11-03,2,Beauty,10079,0,0.0
178,Pickup,2025-11-17,2,Beauty,10052,1,52.32
120,Pickup,2025-11-03,3,Home,10013,4,247.05
168,InStore,2025-12-15,3,Electronics,10047,3,303.91
218,InStore,2025-11-03,1,Electronics,10059,1,53.13
231,Pickup,2025-12-22,1,Electronics,10025,0,0.0
188,Online,2025-12-22,2,Apparel,10013,1,38.34
165,InStore,2025-10-27,1,Home,10153,2,21.87
110,Online,2025-11-10,1,Electronics,10022,2,157.22
103,InStore,2025-11-10,3,Grocery,10070,0,0.0
112,Online,2025-10-27,1,Beauty,10030,1,113.12
104,Online,2025-12-01,3,Home,10025,0,0.0
117,InStore,2025-12-01,4,Apparel,10068,1,77.79
118,InStore,2025-12-08,2,Electronics,10143,3,197.79
110,InStore,2025-10-06,2,Electronics,10072,1,14.36
143,Pickup,2025-11-24,4,Grocery,10003,1,47.39
145,Online,2025-10-13,2,Electronics,10126,1,25.96
126,Pickup,2025-11-17,2,Home,10103,0,0.0
135,Pickup,2025-12-08,2,Apparel,10017,1,66.87
124,Online,2025-10-27,3,Beauty,10031,3,330.56
161,Pickup,2025-12-22,2,Apparel,10040,1,71.03
255,Online,2025-11-24,1,Beauty,10127,3,115.91
225,InStore,2025-11-24,1,Grocery,10145,3,209.57
222,Online,2025-12-01,1,Grocery,10015,2,63.4
171,Online,2025-10-06,1,Home,10085,2,190.69
190,Online,2025-10-27,3,Home,10042,3,279.61
240,InStore,2025-10-27,4,Home,10166,5,135.88
186,Online,2025-11-17,2,Beauty,10168,1,97.73
155,InStore,2025-10-27,3,Beauty,10147,1,80.69
120,InStore,2025-12-15,3,Beauty,10043,3,31.26
258,InStore,2025-10-27,2,Apparel,10008,1,83.99
170,Online,2025-11-10,3,Grocery,10131,0,0.0
164,Online,2025-12-08,1,Apparel,10081,4,188.33
134,Pickup,2025-11-24,1,Home,10012,5,463.31
206,InStore,2025-10-20,3,Apparel,10066,5,523.92
189,Online,2025-10-20,3,Home,10025,2,202.46
217,Online,2025-10-13,2,Home,10169,1,11.17
155,Online,2025-11-24,5,Home,10175,2,49.8
244,Online,2025-12-15,2,Grocery,10117,4,148.02
134,Pickup,2025-11-24,2,Beauty,10121,3,94.04
211,InStore,2025-10-20,2,Home,10033,1,28.1
165,Online,2025-12-22,3,Electronics,10086,2,96.03
116,InStore,2025-10-13,1,Electronics,10111,1,51.55
174,Online,2025-10-27,2,Home,10015,0,0.0
253,InStore,2025-12-15,2,Beauty,10035,2,139.23
151,InStore,2025-11-17,1,Beauty,10091,2,163.04
209,Online,2025-12-22,3,Apparel,10091,5,330.83
237,Online,2025-11-03,3,Beauty,10039,3,331.06
147,InStore,2025-10-27,1,Home,10178,2,195.85
115,Online,2025-10-27,3,Electronics,10086,1,115.83
129,Online,2025-12-01,2,Apparel,10042,2,60.3
252,Online,2025-11-03,1,Electronics,10032,4,230.87
154,Online,2025-12-08,2,Grocery,10007,2,144.23
114,InStore,2025-11-03,2,Beauty,10085,1,68.04
220,Online,2025-11-24,2,Apparel,10005,2,147.52
103,Online,2025-10-20,1,Grocery,10010,2,206.25
157,InStore,2025-10-20,2,Home,10084,1,50.94
182,Online,2025-11-10,1,Beauty,10055,2,169.69
115,InStore,2025-11-03,2,Grocery,10133,1,90.29
155,InStore,2025-12-01,4,Beauty,10035,3,221.42
150,Online,2025-10-13,2,Grocery,10089,0,0.0
178,InStore,2025-12-08,1,Electronics,10001,1,38.56
166,InStore,2025-10-06,1,Grocery,10163,3,288.46
119,InStore,2025-10-27,2,Apparel,10029,1,28.11
102,InStore,2025-11-03,2,Beauty,10161,2,65.18
259,Pickup,2025-11-03,2,Home,10074,0,0.0
158,InStore,2025-10-13,2,Apparel,10060,2,96.39
191,Pickup,2025-12-15,1,Beauty,10005,2,204.25
128,Pickup,2025-10-20,2,Electronics,10171,3,180.54
151,Online,2025-11-17,2,Grocery,10120,3,59.51
159,InStore,2025-11-03,4,Home,10043,2,162.73
131,Pickup,2025-11-17,2,Beauty,10117,2,37.23
228,Pickup,2025-10-13,1,Apparel,10032,3,57.1
173,InStore,2025-12-22,3,Home,10089,2,180.53
219,Online,2025-10-27,2,Beauty,10059,2,238.71
106,Pickup,2025-11-10,1,Grocery,10172,1,28.28
250,InStore,2025-10-27,3,Beauty,10076,2,74.61
147,InStore,2025-10-20,5,Apparel,10064,1,96.94
187,Online,2025-10-06,3,Apparel,10021,0,0.0
199,InStore,2025-10-13,3,Home,10062,3,236.14
146,Pickup,2025-11-17,3,Home,10124,1,13.01
155,InStore,2025-11-24,1,Electronics,10072,2,30.62
195,Pickup,2025-11-24,4,Grocery,10070,2,124.85
240,Pickup,2025-10-06,1,Electronics,10017,0,0.0
224,InStore,2025-12-15,2,Grocery,10146,0,0.0
237,Online,2025-10-13,3,Grocery,10148,0,0.0
187,Online,2025-12-15,2,Beauty,10097,1,112.46
207,InStore,2025-10-06,3,Grocery,10157,4,225.87
154,Pickup,2025-12-22,1,Electronics,10011,1,72.57
207,Online,2025-12-22,2,Beauty,10127,0,0.0
231,Pickup,2025-10-13,1,Beauty,10053,0,0.0
249,Pickup,2025-11-24,2,Apparel,10067,1,44.09
230,InStore,2025-10-20,1,Grocery,10167,4,314.68
164,Pickup,2025-10-13,4,Apparel,10096,1,12.08
173,InStore,2025-10-13,2,Electronics,10159,1,57.06
167,InStore,2025-11-10,4,Grocery,10147,2,133.6
158,Online,2025-11-03,3,Beauty,10120,1,63.57
138,Pickup,2025-12-15,1,Electronics,10030,4,377.74
106,Online,2025-11-10,1,Electronics,10135,2,153.77
240,Pickup,2025-10-27,1,Beauty,10164,3,325.44
233,InStore,2025-11-17,2,Beauty,10009,1,81.4
211,InStore,2025-11-03,1,Home,10173,4,238.59
139,Online,2025-11-03,1,Apparel,10151,1,103.08
162,InStore,2025-11-17,4,Beauty,10159,0,0.0
186,Online,2025-12-22,4,Home,10152,4,138.78
101,InStore,2025-10-06,4,Electronics,10015,3,86.87
190,InStore,2025-10-13,3,Grocery,10002,1,52.76
259,Pickup,2025-10-27,7,Electronics,10164,1,116.89
101,Online,2025-12-15,2,Beauty,10155,1,59.76
211,Pickup,2025-10-27,2,Electronics,10155,2,226.63
108,InStore,2025-11-24,3,Electronics,10081,2,193.34
230,Pickup,2025-10-13,3,Beauty,10179,1,75.62
244,Online,2025-11-10,1,Beauty,10101,2,239.69
156,InStore,2025-11-17,3,Beauty,10063,3,338.24
144,InStore,2025-12-22,2,Apparel,10011,0,0.0
131,Pickup,2025-11-17,1,Electronics,10066,3,98.26
151,Pickup,2025-10-27,1,Grocery,10133,1,91.02
149,Online,2025-10-13,1,Electronics,10017,2,188.34
245,InStore,2025-11-03,2,Electronics,10046,0,0.0
178,Pickup,2025-11-17,3,Home,10052,5,226.48
174,Pickup,2025-11-03,2,Grocery,10077,2,121.28
147,Pickup,2025-11-10,1,Home,10075,1,90.01
116,Pickup,2025-10-27,4,Apparel,10161,3,35.4
174,Online,2025-10-20,2,Beauty,10009,6,217.56
137,InStore,2025-12-08,3,Apparel,10057,2,204.98
104,Online,2025-12-15,1,Apparel,10175,2,76.69
124,Pickup,2025-11-17,2,Grocery,10104,5,258.8
164,Online,2025-12-22,3,Apparel,10035,2,43.54
197,InStore,2025-11-03,1,Grocery,10155,0,0.0
237,Pickup,2025-11-10,2,Home,10158,0,0.0
100,Pickup,2025-11-10,6,Apparel,10159,1,86.53
193,Pickup,2025-12-15,1,Electronics,10095,6,514.76
140,InStore,2025-10-06,3,Home,10116,1,88.72
110,Online,2025-10-13,1,Beauty,10152,2,130.26
229,Pickup,2025-10-13,2,Electronics,10069,3,101.62
181,Pickup,2025-11-24,2,Electronics,10064,4,215.77
206,InStore,2025-10-20,2,Home,10139,5,385.6
194,Pickup,2025-11-10,1,Apparel,10046,0,0.0
223,InStore,2025-12-22,1,Apparel,10075,3,321.66
175,Online,2025-11-03,1,Grocery,10157,2,217.04
106,Online,2025-12-01,1,Electronics,10080,2,110.01
132,InStore,2025-10-20,1,Grocery,10167,2,192.69
242,Online,2025-12-08,4,Home,10034,1,34.1
179,Pickup,2025-12-01,2,Apparel,10055,0,0.0
184,InStore,2025-11-10,2,Beauty,10047,3,150.5
178,Pickup,2025-12-22,1,Apparel,10088,2,129.12
198,Pickup,2025-11-17,5,Home,10172,0,0.0
232,Pickup,2025-10-06,1,Grocery,10036,3,233.4
110,InStore,2025-10-27,2,Beauty,10064,2,148.85
168,InStore,2025-10-27,6,Electronics,10098,2,121.03
243,InStore,2025-12-15,1,Apparel,10122,5,317.04
259,Online,2025-11-10,2,Electronics,10110,2,210.86
106,InStore,2025-11-24,2,Beauty,10003,3,273.89
161,Online,2025-12-22,2,Grocery,10173,4,105.96
229,Online,2025-11-17,1,Electronics,10016,1,29.14
134,Online,2025-12-15,1,Beauty,10066,1,75.95
101,Pickup,2025-10-06,5,Electronics,10015,2,49.78
259,InStore,2025-11-10,4,Beauty,10070,3,145.35
204,Online,2025-11-24,2,Apparel,10046,4,108.83
146,Pickup,2025-10-20,2,Home,10090,1,93.95
135,Pickup,2025-11-24,1,Beauty,10020,1,50.12
148,Online,2025-11-17,2,Beauty,10060,1,116.99
152,Pickup,2025-11-10,1,Beauty,10123,5,571.58
258,Pickup,2025-12-01,2,Grocery,10073,2,121.55
185,Pickup,2025-12-01,3,Grocery,10076,2,30.94
116,Pickup,2025-12-08,2,Electronics,10127,3,181.65
193,Pickup,2025-12-01,2,Grocery,10107,1,54.73
157,Pickup,2025-12-08,3,Electronics,10022,1,79.78
144,Pickup,2025-12-01,3,Beauty,10025,3,26.62
223,Pickup,2025-10-06,1,Beauty,10021,2,156.35
149,Pickup,2025-12-22,2,Apparel,10057,4,441.65
108,Pickup,2025-10-13,1,Electronics,10033,1,64.97
242,Online,2025-12-15,3,Apparel,10023,2,219.1
193,InStore,2025-12-08,2,Electronics,10037,1,29.16
115,Online,2025-12-01,3,Home,10052,4,100.79
126,InStore,2025-10-20,1,Beauty,10150,3,291.24
137,Online,2025-12-15,4,Home,10070,4,143.94
123,Online,2025-11-10,3,Beauty,10167,2,93.64
177,Pickup,2025-11-10,2,Apparel,10066,0,0.0
132,Pickup,2025-12-08,4,Home,10080,3,252.96
209,Pickup,2025-12-22,4,Electronics,10059,2,65.46
166,Online,2025-11-10,1,Apparel,10093,2,174.36
186,Online,2025-11-24,1,Beauty,10139,1,15.33
188,InStore,2025-11-24,3,Grocery,10066,3,156.93
129,Online,2025-12-15,3,Grocery,10068,3,56.23
219,Online,2025-12-01,2,Grocery,10043,0,0.0
152,Pickup,2025-12-22,1,Apparel,10107,3,100.75
247,Online,2025-11-10,3,Beauty,10132,1,107.64
208,InStore,2025-11-24,1,Grocery,10112,3,88.89
146,InStore,2025-10-13,2,Beauty,10171,0,0.0
176,Pickup,2025-12-22,2,Apparel,10059,1,79.03
156,Pickup,2025-10-20,2,Apparel,10080,2,198.12
218,InStore,2025-10-20,3,Electronics,10014,0,0.0
233,Pickup,2025-11-24,4,Beauty,10034,0,0.0
161,InStore,2025-12-15,1,Beauty,10032,0,0.0
175,InStore,2025-11-24,5,Apparel,10088,4,85.56
188,InStore,2025-12-15,3,Grocery,10154,1,14.37
175,Online,2025-11-10,3,Grocery,10170,1,50.11
100,Online,2025-12-22,2,Beauty,10064,4,53.83
184,Pickup,2025-10-20,2,Electronics,10071,3,262.45
181,Pickup,2025-11-17,2,Electronics,10114,1,78.03
191,InStore,2025-10-06,2,Electronics,10170,4,210.91
240,InStore,2025-10-13,1,Beauty,10058,3,138.96
182,InStore,2025-12-15,2,Grocery,10156,0,0.0
101,InStore,2025-11-10,2,Electronics,10005,1,43.9
118,Online,2025-11-10,3,Apparel,10063,5,63.16
166,Online,2025-10-06,1,Grocery,10176,1,40.89
182,InStore,2025-10-06,2,Beauty,10005,2,70.59
116,Pickup,2025-11-24,2,Beauty,10086,1,31.92
209,Online,2025-11-03,1,Beauty,10099,1,82.6
189,InStore,2025-12-08,2,Home,10104,2,197.47
223,Pickup,2025-12-01,1,Apparel,10155,2,117.39
105,Online,2025-12-01,1,Electronics,10017,1,44.71
165,Pickup,2025-10-13,1,Grocery,10164,1,9.78
166,Online,2025-10-06,2,Home,10163,0,0.0
106,Online,2025-11-24,5,Electronics,10140,2,178.84
161,Pickup,2025-12-08,1,Electronics,10155,1,32.0
195,Pickup,2025-11-24,5,Electronics,10070,1,13.16
106,Pickup,2025-11-17,3,Electronics,10112,1,29.87
118,InStore,2025-11-17,2,Home,10137,0,0.0
157,Online,2025-12-08,1,Beauty,10096,2,238.73
189,InStore,2025-11-03,4,Grocery,10030,1,115.17
206,InStore,2025-11-24,2,Grocery,10000,0,0.0
141,Pickup,2025-10-13,3,Grocery,10098,0,0.0
138,Pickup,2025-12-01,2,Apparel,10108,3,178.2
233,Online,2025-11-17,2,Beauty,10028,0,0.0
196,Online,2025-12-01,2,Apparel,10009,2,135.34
198,Pickup,2025-12-01,1,Apparel,10042,3,173.21
117,InStore,2025-10-20,2,Electronics,10013,2,178.98
177,Online,2025-10-20,1,Beauty,10008,5,222.32
251,Online,2025-11-24,2,Beauty,10043,1,108.1
237,Pickup,2025-12-01,2,Electronics,10109,1,108.34
117,Online,2025-10-13,2,Grocery,10010,1,9.08
205,Online,2025-11-10,1,Home,10018,2,21.26
170,InStore,2025-11-24,1,Grocery,10040,2,222.72
206,Pickup,2025-11-24,3,Apparel,10000,3,341.22
199,Online,2025-12-08,3,Apparel,10164,4,93.44
207,Pickup,2025-12-08,3,Home,10171,1,85.28
176,Online,2025-10-20,3,Electronics,10054,1,46.44
161,Pickup,2025-11-10,4,Beauty,10030,1,30.69
248,Pickup,2025-10-27,3,Apparel,10056,3,110.25
228,Pickup,2025-10-13,2,Home,10032,3,84.97
116,InStore,2025-10-06,2,Grocery,10149,2,96.99
117,InStore,2025-12-15,7,Home,10125,2,35.71
124,Online,2025-12-15,1,Electronics,10012,0,0.0
114,Pickup,2025-12-22,2,Electronics,10166,1,80.16
201,Online,2025-12-01,3,Beauty,10135,4,61.11
132,InStore,2025-12-15,4,Beauty,10043,0,0.0
146,Online,2025-11-03,3,Home,10168,2,43.37
152,InStore,2025-11-24,1,Beauty,10053,1,83.23
113,Pickup,2025-11-17,2,Grocery,10079,4,73.09
133,Online,2025-12-22,4,Electronics,10111,2,23.17
195,Online,2025-11-10,2,Beauty,10122,2,189.35
247,Online,2025-11-24,1,Home,10116,3,241.04
117,Online,2025-11-17,1,Home,10007,0,0.0
254,InStore,2025-10-27,1,Electronics,10090,4,439.08
209,Pickup,2025-11-03,1,Grocery,10154,1,39.3
178,InStore,2025-11-17,4,Apparel,10052,1,80.85
225,Online,2025-12-08,1,Home,10048,3,169.03
189,InStore,2025-10-20,2,Apparel,10032,3,149.67
220,Pickup,2025-12-15,1,Beauty,10007,1,111.81
164,Online,2025-10-13,4,Beauty,10168,4,103.77
241,Online,2025-12-15,3,Home,10023,3,255.15
117,Pickup,2025-10-06,7,Apparel,10133,4,477.7
224,Pickup,2025-11-10,1,Beauty,10058,1,49.44
174,InStore,2025-11-10,1,Electronics,10127,4,129.16
151,InStore,2025-10-20,3,Beauty,10083,3,138.17
137,Pickup,2025-12-08,3,Beauty,10077,1,11.37
166,Pickup,2025-11-17,1,Beauty,10109,3,341.93
212,Pickup,2025-11-03,3,Grocery,10162,0,0.0
175,Pickup,2025-11-10,4,Grocery,10170,3,336.3
102,InStore,2025-12-01,4,Apparel,10175,3,345.7
102,Pickup,2025-10-06,1,Home,10156,1,40.3
218,Online,2025-11-03,1,Grocery,10046,0,0.0
115,InStore,2025-12-22,4,Beauty,10019,3,133.0
236,Pickup,2025-12-22,1,Grocery,10104,0,0.0
201,Online,2025-11-03,2,Apparel,10155,1,31.2
157,Online,2025-11-10,1,Electronics,10034,1,102.57
117,Online,2025-10-27,2,Electronics,10009,0,0.0
122,InStore,2025-10-27,1,Apparel,10123,2,80.73
183,Online,2025-12-01,3,Beauty,10125,3,117.37
131,Pickup,2025-12-08,1,Apparel,10177,2,97.31
193,Pickup,2025-10-06,4,Apparel,10134,3,94.78
135,InStore,2025-10-27,2,Home,10085,3,85.7
256,InStore,2025-11-24,6,Beauty,10109,1,55.82
134,Pickup,2025-12-01,2,Home,10022,3,150.79
240,Pickup,2025-11-17,1,Apparel,10116,3,186.58
110,Online,2025-12-22,1,Apparel,10013,5,185.27
236,InStore,2025-11-10,4,Grocery,10152,1,41.84
148,InStore,2025-11-10,2,Beauty,10150,0,0.0
115,Pickup,2025-10-27,4,Grocery,10086,2,93.22
110,Online,2025-12-15,1,Apparel,10138,1,28.06
123,Online,2025-12-01,3,Home,10115,3,356.31
149,InStore,2025-12-01,3,Apparel,10160,1,95.51
163,Online,2025-11-17,3,Apparel,10175,0,0.0
135,InStore,2025-10-06,2,Home,10089,0,0.0
217,Online,2025-10-20,1,Apparel,10031,3,247.83
196,Online,2025-10-20,1,Electronics,10078,3,236.19
148,InStore,2025-11-03,2,Grocery,10013,3,192.45
211,Online,2025-12-01,2,Home,10168,3,128.64
144,InStore,2025-10-13,1,Apparel,10000,2,208.36
129,Online,2025-12-01,4,Beauty,10044,3,357.67
232,InStore,2025-10-13,2,Apparel,10068,1,61.41
207,Pickup,2025-10-27,1,Electronics,10129,3,149.29
121,InStore,2025-11-03,3,Grocery,10050,2,191.81
131,Pickup,2025-10-06,3,Home,10053,0,0.0
237,InStore,2025-10-13,1,Grocery,10023,1,48.01
225,InStore,2025-10-13,2,Electronics,10097,1,77.72
228,Pickup,2025-10-13,2,Apparel,10140,1,109.49
159,Pickup,2025-11-17,3,Apparel,10122,1,66.49
205,Pickup,2025-10-13,1,Home,10138,4,226.09
130,Pickup,2025-10-13,1,Home,10017,1,56.16
231,InStore,2025-10-06,2,Electronics,10156,3,209.34
188,Online,2025-11-03,3,Beauty,10031,4,369.41
145,Pickup,2025-10-13,2,Beauty,10169,1,76.21
209,Online,2025-12-08,1,Home,10111,2,119.05
189,InStore,2025-11-03,1,Grocery,10046,1,35.71
147,Online,2025-10-27,5,Home,10030,1,79.66
129,InStore,2025-10-20,2,Grocery,10149,5,595.52
132,InStore,2025-12-22,2,Grocery,10102,3,328.95
193,Pickup,2025-10-06,2,Home,10068,1,32.93
211,Pickup,2025-11-03,3,Electronics,10073,3,152.38
115,InStore,2025-10-13,3,Electronics,10029,3,162.06
223,InStore,2025-11-17,1,Electronics,10040,1,19.63
243,Pickup,2025-10-13,1,Electronics,10061,0,0.0
245,Pickup,2025-11-24,2,Home,10149,1,47.59
214,Pickup,2025-10-20,2,Home,10078,0,0.0
240,Pickup,2025-10-13,1,Home,10129,2,130.02
175,InStore,2025-12-01,2,Apparel,10156,2,54.98
151,Pickup,2025-12-15,1,Grocery,10066,0,0.0
122,Pickup,2025-12-08,2,Electronics,10046,3,166.21
157,InStore,2025-11-10,3,Beauty,10086,1,119.2
134,Pickup,2025-11-24,2,Apparel,10164,1,118.58
155,InStore,2025-10-20,2,Home,10147,1,92.34
201,Online,2025-12-15,1,Apparel,10078,3,56.43
240,Online,2025-10-06,3,Apparel,10012,4,368.21
153,InStore,2025-10-20,1,Grocery,10121,3,297.22
122,Online,2025-11-03,2,Electronics,10080,4,367.61
208,Pickup,2025-10-13,1,Home,10065,3,27.53
123,Online,2025-11-24,3,Electronics,10165,1,118.33
114,Online,2025-10-27,4,Beauty,10099,0,0.0
127,Pickup,2025-11-24,3,Apparel,10043,0,0.0
185,Online,2025-11-10,2,Apparel,10071,1,16.02
103,Online,2025-11-24,1,Electronics,10157,2,216.08
165,InStore,2025-11-03,1,Beauty,10026,1,93.38
146,Pickup,2025-10-27,2,Grocery,10102,2,112.46
235,InStore,2025-12-08,4,Grocery,10116,1,18.11
229,InStore,2025-11-24,3,Grocery,10048,5,119.21
158,Online,2025-11-24,2,Home,10081,3,258.8
165,Pickup,2025-11-03,2,Apparel,10123,0,0.0
188,InStore,2025-11-17,1,Grocery,10098,2,82.56
151,Online,2025-11-03,1,Electronics,10006,2,112.07
125,InStore,2025-10-13,1,Electronics,10137,1,56.65
114,Online,2025-10-20,4,Beauty,10017,5,443.1
207,Pickup,2025-12-22,2,Electronics,10138,3,331.96
129,InStore,2025-10-06,3,Electronics,10062,0,0.0
157,InStore,2025-11-03,6,Beauty,10027,2,191.81
117,InStore,2025-12-15,1,Beauty,10015,2,47.43
233,Pickup,2025-12-08,4,Home,10062,2,223.2
119,Pickup,2025-10-27,1,Beauty,10031,5,531.42
216,InStore,2025-11-24,2,Grocery,10140,4,147.9
230,Online,2025-10-20,4,Beauty,10102,3,71.6
192,Online,2025-11-03,2,Home,10097,2,88.99
145,Pickup,2025-12-15,2,Beauty,10057,2,171.33
144,Online,2025-10-06,2,Apparel,10111,1,62.99
206,Online,2025-12-22,5,Beauty,10152,2,165.55
231,InStore,2025-11-17,1,Home,10130,0,0.0
235,InStore,2025-12-01,1,Apparel,10178,5,596.72
169,Pickup,2025-11-03,3,Electronics,10046,1,59.74
200,InStore,2025-12-22,4,Grocery,10088,2,212.25
216,Pickup,2025-10-13,2,Grocery,10025,3,239.71
119,Online,2025-10-06,2,Electronics,10086,1,117.82
197,Pickup,2025-12-01,1,Grocery,10021,2,175.69
214,Pickup,2025-11-10,2,Grocery,10062,2,139.31
157,Online,2025-12-15,2,Beauty,10053,2,120.46
120,InStore,2025-10-06,2,Home,10125,0,0.0
180,Online,2025-12-01,2,Electronics,10159,1,98.94
121,Pickup,2025-12-15,3,Grocery,10057,2,35.43
202,InStore,2025-12-15,2,Home,10037,0,0.0
106,InStore,2025-10-20,3,Apparel,10056,0,0.0
244,InStore,2025-12-08,3,Grocery,10135,4,392.4
116,InStore,2025-12-08,3,Electronics,10144,5,533.13
116,Online,2025-12-22,3,Electronics,10148,1,22.21
164,Online,2025-12-22,4,Apparel,10129,1,27.44
179,Online,2025-11-17,2,Beauty,10012,3,317.12
221,InStore,2025-11-10,2,Grocery,10134,1,70.57
212,Online,2025-12-01,3,Grocery,10168,2,89.21
165,Online,2025-11-17,1,Apparel,10135,2,106.47
104,InStore,2025-12-01,1,Beauty,10171,1,60.14
185,Pickup,2025-11-03,2,Electronics,10101,0,0.0
109,Online,2025-11-17,1,Apparel,10122,2,70.15
177,Pickup,2025-10-13,4,Electronics,10092,1,107.06
203,Pickup,2025-12-08,3,Home,10081,0,0.0
220,Online,2025-11-24,3,Electronics,10049,0,0.0
114,Pickup,2025-11-24,2,Apparel,10032,0,0.0
237,InStore,2025-12-01,3,Grocery,10109,2,158.39
191,Online,2025-10-20,2,Grocery,10178,3,75.8
125,InStore,2025-11-03,3,Grocery,10021,2,201.42
107,Online,2025-11-03,1,Home,10035,2,126.09
186,Online,2025-11-17,1,Beauty,10069,2,162.03
163,Pickup,2025-12-15,1,Home,10135,4,255.53
160,Pickup,2025-12-08,3,Electronics,10167,5,221.8
179,InStore,2025-11-24,1,Apparel,10111,3,255.93
109,Pickup,2025-12-22,1,Beauty,10109,1,92.68
195,Online,2025-11-24,2,Apparel,10112,2,95.84
103,Online,2025-12-15,1,Home,10156,1,48.17
130,InStore,2025-10-27,1,Apparel,10105,2,225.3
167,InStore,2025-10-20,2,Home,10061,2,106.17
186,InStore,2025-10-27,1,Home,10052,3,213.93
180,Pickup,2025-10-13,3,Grocery,10083,3,340.9
117,Online,2025-10-20,3,Apparel,10013,2,120.63
213,Pickup,2025-11-03,1,Home,10109,1,8.85
171,InStore,2025-11-24,4,Home,10117,0,0.0
205,Pickup,2025-12-15,1,Electronics,10126,4,404.71
188,Pickup,2025-12-15,3,Home,10008,2,138.44
180,Online,2025-10-06,2,Home,10120,3,103.13
177,Pickup,2025-10-06,1,Home,10043,2,30.08
249,Pickup,2025-10-27,2,Apparel,10143,1,87.38
131,InStore,2025-11-17,3,Grocery,10117,1,89.89
112,Pickup,2025-10-20,2,Home,10119,3,38.34
203,InStore,2025-10-20,4,Apparel,10088,0,0.0
222,Online,2025-10-20,3,Apparel,10033,1,119.02
227,InStore,2025-10-27,1,Grocery,10046,0,0.0
157,InStore,2025-11-10,2,Home,10160,4,359.62
171,Online,2025-11-03,1,Grocery,10155,1,64.12
242,InStore,2025-10-27,2,Apparel,10109,3,132.42
176,Online,2025-12-01,2,Beauty,10086,1,63.91
121,Online,2025-12-15,3,Apparel,10132,3,277.52
160,Online,2025-11-24,1,Home,10158,0,0.0
239,Pickup,2025-10-13,1,Grocery,10002,1,33.65
208,InStore,2025-12-22,1,Electronics,10149,1,38.21
148,Online,2025-10-20,1,Electronics,10046,6,269.64
255,Online,2025-11-24,1,Beauty,10174,2,75.41
164,Pickup,2025-12-22,4,Grocery,10035,1,27.45
118,Online,2025-12-15,4,Home,10133,1,100.29
185,Online,2025-10-06,1,Home,10158,3,329.68
124,Pickup,2025-10-20,1,Grocery,10020,1,40.46
203,Pickup,2025-10-06,1,Apparel,10105,2,40.01
105,Pickup,2025-12-01,2,Grocery,10017,1,63.98
190,Online,2025-10-27,3,Apparel,10104,3,88.27
137,InStore,2025-12-15,5,Apparel,10070,1,82.46
125,Online,2025-10-20,2,Electronics,10161,1,86.5
120,Online,2025-12-22,2,Beauty,10064,1,113.38
139,Online,2025-12-08,3,Home,10087,1,84.81
220,Online,2025-11-10,3,Electronics,10005,4,357.66
218,Pickup,2025-12-01,4,Grocery,10041,2,91.37
169,Pickup,2025-10-20,2,Grocery,10147,2,73.61
219,Pickup,2025-12-15,1,Apparel,10070,4,285.59
206,Online,2025-11-17,3,Home,10024,1,42.29
157,Online,2025-10-20,2,Apparel,10048,2,104.8
129,Pickup,2025-10-27,2,Apparel,10170,0,0.0
116,Online,2025-11-10,3,Beauty,10134,0,0.0
188,Pickup,2025-12-01,2,Grocery,10006,1,27.19
150,InStore,2025-12-08,3,Grocery,10107,0,0.0
211,Pickup,2025-12-08,2,Beauty,10020,1,80.67
166,Online,2025-11-03,1,Electronics,10126,1,71.46
233,InStore,2025-10-06,1,Home,10081,1,119.86
158,InStore,2025-10-13,1,Apparel,10069,2,97.16
237,Online,2025-10-13,2,Grocery,10154,2,202.84
112,Pickup,2025-10-20,3,Home,10119,0,0.0
231,InStore,2025-12-08,4,Grocery,10113,2,118.07
242,Pickup,2025-10-20,2,Apparel,10111,0,0.0
134,Online,2025-11-03,1,Beauty,10133,1,59.76
177,Online,2025-11-17,3,Apparel,10107,1,8.58
130,Pickup,2025-10-20,2,Grocery,10000,1,87.64
174,Online,2025-11-17,1,Beauty,10045,4,245.65
238,Online,2025-12-08,2,Home,10009,1,21.11
133,Online,2025-11-10,1,Electronics,10111,0,0.0
191,Pickup,2025-10-13,1,Beauty,10078,1,81.72
144,InStore,2025-11-24,1,Home,10088,0,0.0
128,Pickup,2025-11-17,2,Beauty,10092,0,0.0
251,InStore,2025-12-08,2,Electronics,10095,1,106.76
240,InStore,2025-10-20,1,Grocery,10017,1,13.8
134,InStore,2025-10-20,2,Apparel,10121,0,0.0
252,Pickup,2025-10-13,2,Beauty,10073,1,36.29
133,InStore,2025-12-15,5,Grocery,10123,0,0.0
251,Online,2025-12-01,2,Beauty,10019,4,189.9
105,InStore,2025-10-20,1,Beauty,10160,4,319.27
238,Pickup,2025-10-27,1,Apparel,10012,4,338.7
122,InStore,2025-10-13,2,Home,10145,4,270.17
232,Online,2025-10-06,2,Apparel,10051,3,115.06
104,InStore,2025-12-22,2,Electronics,10005,1,17.57
179,Online,2025-12-15,3,Electronics,10105,3,151.08
108,Pickup,2025-12-15,4,Beauty,10004,3,278.67
165,InStore,2025-12-08,4,Electronics,10039,1,61.96
158,InStore,2025-10-13,2,Electronics,10069,4,462.37
140,Pickup,2025-11-24,1,Electronics,10020,1,53.17
259,Pickup,2025-12-08,2,Grocery,10009,2,106.42
212,InStore,2025-10-13,2,Grocery,10066,0,0.0
138,Pickup,2025-10-20,2,Apparel,10012,3,106.29
246,InStore,2025-10-27,1,Beauty,10019,1,109.91
198,Pickup,2025-11-24,2,Grocery,10115,3,211.85
135,Online,2025-11-17,2,Electronics,10041,1,116.71
154,Online,2025-10-06,6,Home,10070,0,0.0
118,Pickup,2025-12-01,3,Apparel,10033,3,251.37
207,Online,2025-12-22,2,Grocery,10042,2,90.52
203,Pickup,2025-12-15,1,Beauty,10017,3,277.71
231,Online,2025-10-20,4,Apparel,10007,5,137.11
222,Online,2025-10-13,3,Home,10125,0,0.0
111,Online,2025-12-22,1,Beauty,10046,3,117.93
223,InStore,2025-12-15,5,Electronics,10042,6,467.81
167,InStore,2025-11-10,3,Grocery,10037,3,274.84
152,Online,2025-10-13,1,Beauty,10084,5,414.41
167,InStore,2025-12-15,4,Apparel,10054,3,252.3
245,InStore,2025-11-17,2,Home,10153,2,110.98
202,Pickup,2025-12-08,1,Apparel,10103,1,39.98
237,InStore,2025-12-08,1,Electronics,10151,5,240.02
255,Online,2025-11-17,2,Grocery,10159,1,61.35
232,Online,2025-12-22,4,Electronics,10024,1,30.37
214,InStore,2025-11-24,3,Home,10153,1,119.24
139,Pickup,2025-12-01,3,Apparel,10091,4,43.51
113,Pickup,2025-11-24,3,Home,10076,2,28.46
162,InStore,2025-10-20,2,Beauty,10007,2,94.91
203,Pickup,2025-10-20,5,Beauty,10088,1,66.91
241,InStore,2025-12-22,3,Apparel,10059,3,344.17
138,Online,2025-12-01,3,Apparel,10108,1,30.18
148,Online,2025-12-15,1,Beauty,10021,0,0.0
169,Online,2025-10-27,2,Electronics,10159,2,175.87
172,Online,2025-10-06,3,Grocery,10027,2,176.82
246,Pickup,2025-12-01,4,Beauty,10124,1,26.99
197,Online,2025-11-10,3,Home,10082,2,95.98
236,InStore,2025-11-24,2,Home,10035,2,238.96
155,Pickup,2025-10-20,2,Beauty,10052,3,247.35
191,Online,2025-12-08,1,Home,10054,2,222.27
216,Online,2025-12-22,3,Grocery,10065,6,624.59
213,Pickup,2025-11-03,2,Grocery,10109,0,0.0
132,InStore,2025-12-01,3,Apparel,10046,1,118.34
178,Pickup,2025-12-08,3,Home,10072,1,21.23
121,InStore,2025-10-20,2,Grocery,10103,2,203.75
183,InStore,2025-10-20,2,Grocery,10113,2,116.27
222,Pickup,2025-11-10,2,Beauty,10000,0,0.0
219,Pickup,2025-12-15,3,Beauty,10075,1,98.03
253,InStore,2025-12-01,1,Apparel,10143,7,462.14
229,Pickup,2025-12-08,3,Grocery,10034,4,196.81
186,Pickup,2025-10-13,3,Grocery,10037,3,289.38
172,Online,2025-10-06,2,Apparel,10086,2,23.06
165,InStore,2025-12-15,1,Grocery,10101,2,225.28
131,Pickup,2025-10-20,2,Electronics,10041,2,140.02
170,Pickup,2025-11-10,2,Apparel,10005,2,73.22
149,Pickup,2025-10-20,1,Home,10054,2,162.54
159,InStore,2025-11-10,2,Grocery,10096,1,113.55
150,InStore,2025-10-20,2,Beauty,10055,2,138.29
155,Pickup,2025-12-01,1,Beauty,10144,2,148.54
171,InStore,2025-10-06,3,Apparel,10105,4,126.88
191,InStore,2025-12-08,2,Beauty,10054,1,18.35
174,Pickup,2025-10-20,2,Apparel,10158,2,239.9
220,Pickup,2025-11-10,2,Beauty,10082,3,78.19
123,Online,2025-11-03,2,Beauty,10168,1,32.33
178,Pickup,2025-12-22,2,Apparel,10088,1,97.3
181,InStore,2025-11-03,3,Grocery,10116,2,41.27
136,Pickup,2025-12-22,6,Electronics,10063,3,30.94
212,Pickup,2025-10-27,2,Home,10014,2,74.85
123,InStore,2025-10-20,4,Electronics,10149,4,118.39
115,Pickup,2025-10-13,1,Home,10069,2,147.25
195,Pickup,2025-11-10,1,Apparel,10090,2,126.92
237,Online,2025-12-15,1,Home,10171,4,250.74
167,InStore,2025-10-13,1,Apparel,10036,5,584.59
245,Pickup,2025-12-15,2,Beauty,10046,5,539.14
123,InStore,2025-11-17,3,Apparel,10026,3,216.59
255,Pickup,2025-10-20,1,Electronics,10030,1,21.97
222,InStore,2025-10-20,3,Grocery,10081,1,29.55
216,InStore,2025-10-20,2,Beauty,10126,2,109.38
200,Online,2025-11-17,1,Electronics,10026,2,182.65
119,Pickup,2025-12-15,2,Home,10023,4,81.43
253,InStore,2025-12-22,1,Apparel,10131,3,116.96
191,Online,2025-12-15,2,Apparel,10005,3,207.39
122,InStore,2025-12-08,2,Beauty,10054,3,51.25
208,Online,2025-12-01,4,Grocery,10007,0,0.0
242,InStore,2025-11-03,2,Beauty,10094,0,0.0
158,Pickup,2025-11-17,1,Grocery,10081,3,304.56
161,Online,2025-12-08,2,Beauty,10155,2,76.63
171,InStore,2025-10-13,3,Beauty,10155,2,239.78
134,Pickup,2025-11-24,2,Electronics,10021,1,111.82
247,Pickup,2025-12-15,2,Apparel,10178,0,0.0
156,Online,2025-12-01,2,Beauty,10128,1,74.29
138,Online,2025-10-20,2,Beauty,10111,0,0.0
153,InStore,2025-11-17,1,Grocery,10053,4,48.96
118,Pickup,2025-12-01,2,Grocery,10040,3,208.31
207,Pickup,2025-12-15,3,Home,10016,1,107.33
220,Online,2025-11-24,1,Apparel,10019,0,0.0
166,InStore,2025-11-03,2,Electronics,10126,0,0.0
209,Online,2025-12-08,1,Grocery,10019,1,101.46
217,Pickup,2025-10-27,1,Beauty,10043,3,185.37
113,Online,2025-11-17,2,Beauty,10003,3,80.76
177,Pickup,2025-12-15,4,Home,10171,2,47.52
257,Pickup,2025-12-01,2,Home,10003,2,53.49
114,Online,2025-11-17,2,Home,10010,0,0.0
148,InStore,2025-10-06,3,Apparel,10118,3,29.05
106,InStore,2025-11-24,1,Grocery,10061,0,0.0
133,Pickup,2025-10-06,2,Apparel,10026,4,236.77
158,Pickup,2025-12-15,3,Beauty,10046,2,43.99
224,InStore,2025-11-03,3,Grocery,10174,3,214.0
180,InStore,2025-10-13,5,Electronics,10091,1,64.92
236,InStore,2025-11-10,2,Grocery,10138,1,105.89
120,Pickup,2025-11-17,5,Apparel,10133,4,207.33
183,Pickup,2025-12-22,1,Grocery,10136,4,103.45
157,Online,2025-10-13,2,Beauty,10121,2,29.11
232,Pickup,2025-10-13,2,Electronics,10007,2,127.02
251,InStore,2025-12-15,3,Grocery,10053,5,281.31
113,InStore,2025-10-06,2,Beauty,10020,5,71.58
257,Pickup,2025-11-10,2,Apparel,10150,2,86.57
100,Pickup,2025-10-13,3,Beauty,10054,2,89.83
210,Pickup,2025-11-10,4,Grocery,10147,0,0.0
213,InStore,2025-12-01,1,Home,10091,1,60.2
156,InStore,2025-12-01,2,Apparel,10171,2,194.66
192,Pickup,2025-11-10,2,Beauty,10021,2,239.82
215,Pickup,2025-10-13,4,Apparel,10170,0,0.0
206,Pickup,2025-10-13,1,Grocery,10085,1,62.53
243,Online,2025-10-27,3,Beauty,10059,1,90.07
110,InStore,2025-11-10,2,Grocery,10120,1,113.23
167,InStore,2025-12-22,2,Beauty,10018,1,118.14
233,InStore,2025-11-03,2,Apparel,10094,0,0.0
131,InStore,2025-11-24,3,Apparel,10133,2,228.24
161,Pickup,2025-10-20,1,Grocery,10000,4,101.83
238,InStore,2025-12-08,3,Grocery,10160,3,353.53
173,InStore,2025-10-20,2,Grocery,10063,2,72.3
119,Online,2025-12-01,2,Electronics,10040,1,46.28
110,Pickup,2025-11-17,5,Electronics,10141,4,36.63
194,Online,2025-12-01,1,Home,10102,0,0.0
186,Online,2025-10-06,3,Apparel,10158,6,296.82
137,InStore,2025-10-20,3,Apparel,10091,5,157.63
203,InStore,2025-12-22,1,Grocery,10174,3,260.67
225,Pickup,2025-12-01,2,Apparel,10093,2,51.69
225,InStore,2025-10-20,2,Electronics,10114,4,118.87
158,Pickup,2025-12-22,2,Beauty,10167,2,200.48
202,Online,2025-12-08,3,Electronics,10021,2,90.89
212,Pickup,2025-10-27,2,Beauty,10100,3,311.4
193,Pickup,2025-12-22,1,Grocery,10159,6,444.58
257,Pickup,2025-12-22,2,Grocery,10145,1,115.9
252,Pickup,2025-10-20,2,Home,10010,4,346.56
241,Pickup,2025-12-15,4,Grocery,10023,2,92.24
133,InStore,2025-11-03,2,Apparel,10012,2,35.68
207,Online,2025-10-20,2,Home,10055,2,93.51
124,Online,2025-11-17,3,Apparel,10104,1,16.52
111,Pickup,2025-11-10,1,Home,10058,5,190.53
113,Online,2025-11-24,4,Beauty,10076,2,181.93
172,Pickup,2025-10-13,3,Home,10057,1,87.78
189,Online,2025-11-17,4,Electronics,10047,0,0.0
241,Pickup,2025-11-03,1,Electronics,10115,3,253.8
197,InStore,2025-12-01,2,Grocery,10150,1,98.35
129,Online,2025-11-03,1,Electronics,10077,0,0.0
253,Online,2025-12-01,2,Electronics,10063,3,242.62
219,InStore,2025-12-01,3,Electronics,10043,1,72.44
198,Online,2025-12-08,3,Grocery,10042,1,106.09
210,InStore,2025-12-01,2,Home,10101,2,48.66
216,InStore,2025-12-15,2,Beauty,10063,3,253.2
228,Online,2025-11-24,1,Beauty,10010,3,185.26
215,Online,2025-11-03,3,Electronics,10142,1,16.23
179,Pickup,2025-11-17,2,Grocery,10173,2,145.47
134,Online,2025-11-24,3,Home,10021,1,106.35
234,Online,2025-11-03,2,Beauty,10016,4,320.6
132,Online,2025-12-15,5,Electronics,10043,3,315.72
197,Pickup,2025-10-13,3,Electronics,10033,3,273.45
145,InStore,2025-12-08,3,Electronics,10097,1,69.17
113,InStore,2025-11-24,1,Electronics,10027,4,459.66
237,Pickup,2025-12-08,2,Electronics,10161,0,0.0
159,Pickup,2025-12-08,2,Home,10039,2,25.32
168,Pickup,2025-11-10,4,Home,10120,1,114.01
162,Pickup,2025-12-01,2,Electronics,10042,6,190.12
109,InStore,2025-10-20,1,Apparel,10176,0,0.0
126,InStore,2025-11-17,2,Apparel,10091,1,47.55
137,Pickup,2025-10-27,3,Apparel,10140,0,0.0
236,InStore,2025-10-27,3,Apparel,10165,3,357.65
177,InStore,2025-10-13,1,Electronics,10163,1,93.25
207,Online,2025-11-24,2,Electronics,10153,1,60.77
153,Pickup,2025-11-03,2,Electronics,10030,1,26.67
202,Pickup,2025-10-20,2,Beauty,10109,1,113.22
257,Pickup,2025-10-06,1,Grocery,10100,1,16.32
165,Pickup,2025-12-08,1,Grocery,10173,2,181.3
114,Online,2025-11-24,2,Beauty,10179,4,84.07
206,InStore,2025-11-10,1,Apparel,10044,1,49.65
198,InStore,2025-11-17,3,Apparel,10018,1,74.6
108,Online,2025-11-24,3,Electronics,10032,1,110.44
257,InStore,2025-11-03,2,Apparel,10115,5,95.48
210,Pickup,2025-11-17,3,Beauty,10144,2,64.08
136,Pickup,2025-12-01,2,Apparel,10008,3,329.73
132,Online,2025-12-08,3,Home,10126,1,57.25
247,Pickup,2025-12-08,2,Electronics,10067,4,51.74
185,Pickup,2025-10-13,1,Beauty,10047,3,190.96
258,Pickup,2025-12-22,1,Home,10089,2,226.28
171,InStore,2025-10-27,1,Electronics,10096,2,166.17
110,Pickup,2025-10-27,1,Beauty,10004,0,0.0
144,InStore,2025-12-15,2,Electronics,10044,2,202.08
147,InStore,2025-12-15,1,Beauty,10039,1,97.11
124,Pickup,2025-10-06,3,Electronics,10084,5,176.79
115,Online,2025-11-24,2,Apparel,10151,2,152.04
137,InStore,2025-10-27,2,Home,10031,0,0.0
254,InStore,2025-12-22,1,Apparel,10177,0,0.0
105,Online,2025-11-17,2,Home,10053,1,105.0
203,InStore,2025-11-03,4,Beauty,10026,2,236.34
225,Online,2025-10-27,2,Apparel,10159,1,72.3
248,Online,2025-12-08,3,Home,10066,3,129.31
171,Pickup,2025-10-27,2,Grocery,10013,1,88.18
103,Pickup,2025-12-15,3,Electronics,10007,2,149.59
114,Online,2025-12-08,1,Home,10129,2,220.73
149,Online,2025-10-06,2,Home,10114,0,0.0
110,Pickup,2025-11-10,2,Grocery,10130,0,0.0
236,InStore,2025-10-13,2,Grocery,10089,1,37.42
131,Online,2025-12-22,4,Grocery,10156,1,14.98
236,InStore,2025-12-01,1,Electronics,10057,1,81.61
220,Pickup,2025-12-22,1,Home,10102,2,158.39
136,Pickup,2025-10-27,3,Apparel,10030,1,39.35
215,InStore,2025-11-17,2,Home,10094,1,103.24
156,Pickup,2025-12-01,3,Electronics,10136,0,0.0
113,Pickup,2025-10-27,3,Home,10152,1,45.15
137,Pickup,2025-11-24,2,Beauty,10071,5,124.34
208,InStore,2025-10-13,5,Home,10009,0,0.0
238,InStore,2025-12-08,4,Home,10160,2,111.71
159,Online,2025-10-06,2,Grocery,10115,2,210.48
217,Online,2025-12-22,1,Electronics,10134,3,211.0
110,InStore,2025-10-13,2,Apparel,10152,1,109.62
175,InStore,2025-10-13,3,Electronics,10112,2,131.07
130,InStore,2025-12-01,3,Home,10162,1,117.47
109,Online,2025-10-20,1,Apparel,10151,1,103.58
106,Pickup,2025-10-20,1,Grocery,10124,2,107.45
154,InStore,2025-11-03,2,Electronics,10014,4,244.6
186,InStore,2025-12-01,1,Grocery,10148,2,170.12
247,InStore,2025-12-15,3,Electronics,10178,2,187.25
140,Pickup,2025-10-27,1,Grocery,10104,0,0.0
253,InStore,2025-11-03,2,Apparel,10093,1,28.07
235,Online,2025-11-10,2,Grocery,10079,0,0.0
215,Online,2025-11-10,3,Grocery,10078,2,236.34
189,Pickup,2025-11-24,3,Beauty,10147,2,41.4
197,Online,2025-10-13,4,Home,10033,0,0.0
134,Online,2025-11-24,1,Apparel,10165,1,100.88
159,Pickup,2025-12-15,1,Apparel,10081,1,26.84
119,InStore,2025-10-13,2,Apparel,10146,3,104.29
233,Pickup,2025-12-01,2,Apparel,10049,0,0.0
148,Online,2025-12-08,3,Electronics,10172,2,144.79
259,Pickup,2025-10-27,8,Home,10164,2,30.7
170,Online,2025-12-08,4,Grocery,10053,4,152.22
251,Online,2025-12-15,3,Home,10040,2,222.39
244,InStore,2025-12-15,3,Home,10117,4,343.25
159,Pickup,2025-10-20,1,Home,10020,2,223.81
145,Online,2025-12-15,1,Electronics,10119,1,103.48
184,Pickup,2025-11-17,2,Apparel,10105,4,445.09
100,Pickup,2025-11-03,2,Grocery,10094,3,58.09
150,Online,2025-10-13,4,Beauty,10135,1,95.73
214,InStore,2025-11-17,2,Apparel,10127,2,38.31
242,Pickup,2025-11-17,4,Apparel,10040,5,503.49
183,Pickup,2025-11-24,1,Electronics,10000,3,89.63
185,Online,2025-12-22,1,Grocery,10136,2,32.57
109,Online,2025-11-17,3,Beauty,10074,0,0.0
225,Pickup,2025-11-10,2,Grocery,10028,1,77.39
111,Online,2025-11-10,2,Beauty,10058,0,0.0
153,Online,2025-11-17,3,Grocery,10069,1,75.75
104,Online,2025-12-01,1,Electronics,10139,1,91.57
163,InStore,2025-11-17,2,Electronics,10090,4,260.99
214,Pickup,2025-11-17,1,Beauty,10164,3,224.97
197,InStore,2025-10-20,3,Beauty,10118,0,0.0
119,InStore,2025-11-24,1,Electronics,10089,2,32.01
206,Online,2025-10-20,3,Home,10139,4,152.7
191,Pickup,2025-11-03,1,Apparel,10161,1,111.15
223,InStore,2025-10-27,2,Electronics,10064,4,312.6
180,Pickup,2025-12-08,1,Apparel,10103,2,215.6
201,InStore,2025-10-06,2,Electronics,10032,1,117.7
198,InStore,2025-12-08,4,Beauty,10042,1,9.3
103,Pickup,2025-12-08,2,Apparel,10081,4,85.53
192,Online,2025-11-17,2,Home,10076,1,78.45
107,Pickup,2025-12-08,1,Home,10084,0,0.0
196,Online,2025-12-15,2,Beauty,10111,2,225.27
203,InStore,2025-11-03,4,Apparel,10037,0,0.0
203,Online,2025-12-15,1,Home,10088,4,427.67
201,Pickup,2025-11-03,2,Electronics,10036,0,0.0
247,InStore,2025-10-13,1,Electronics,10090,1,64.67
174,InStore,2025-11-10,2,Home,10128,3,128.41
167,Online,2025-11-24,2,Grocery,10109,2,84.15
185,Pickup,2025-10-27,3,Home,10081,3,41.95
195,Online,2025-12-22,2,Home,10123,0,0.0
228,Pickup,2025-12-15,2,Apparel,10062,7,119.72
127,Online,2025-10-20,1,Electronics,10142,1,80.33
117,Online,2025-10-27,1,Apparel,10103,1,34.88
131,Pickup,2025-12-08,3,Beauty,10007,3,117.57
248,Pickup,2025-12-22,2,Apparel,10088,5,455.59
167,InStore,2025-12-08,2,Beauty,10054,2,221.98
254,InStore,2025-10-20,3,Electronics,10147,1,50.54
181,Online,2025-12-15,2,Beauty,10132,2,119.81
195,Online,2025-12-08,2,Home,10072,2,142.82
154,Online,2025-11-03,3,Grocery,10014,2,36.81
212,Online,2025-11-10,2,Electronics,10103,4,434.56
136,InStore,2025-10-06,1,Electronics,10109,3,315.6
220,Pickup,2025-12-01,2,Apparel,10059,2,33.11
117,Pickup,2025-10-20,4,Home,10013,0,0.0
191,Online,2025-10-20,2,Electronics,10124,1,99.58
102,Online,2025-12-08,2,Beauty,10079,3,243.47
216,Online,2025-12-01,2,Home,10133,2,153.77
229,Pickup,2025-12-01,3,Electronics,10111,2,215.11
208,InStore,2025-12-22,3,Apparel,10111,1,10.15
107,InStore,2025-12-22,2,Grocery,10096,0,0.0
107,Online,2025-11-17,1,Apparel,10102,2,141.5
211,Online,2025-11-03,1,Beauty,10099,4,231.66
132,Pickup,2025-12-01,2,Apparel,10100,4,97.39
176,InStore,2025-10-27,3,Electronics,10169,0,0.0
138,Online,2025-10-20,1,Electronics,10144,3,71.08
177,Pickup,2025-11-03,1,Electronics,10115,4,354.87
233,InStore,2025-11-17,3,Beauty,10028,3,42.19
131,InStore,2025-12-22,2,Apparel,10101,1,57.08
215,Pickup,2025-12-08,1,Grocery,10156,3,59.3
