event_id,event_ts,requester_email,channel,market_raw,issue_type
1,2026-01-04 20:49:20,user10174@example.com,DIRECT, España ,HOWTO
2,2026-01-17 18:02:31,user10130@alliances.net,PARTNER,United States,BUG
3,2026-01-10 22:42:52,user10071@alliances.net,PARTNER,Espa~na,HOWTO
4,2026-01-12 07:32:24,user10048@example.com,DIRECT,España,BUG
5,2026-01-15 07:48:38,user10002@example.com,DIRECT,Brasil,BILLING
6,2026-01-03 03:47:54,user10043@example.com,DIRECT,Brasil,BUG
7,2026-01-18 05:17:25,user10062@example.com,DIRECT, Canada,BUG
8,2026-01-02 23:26:13,user10193@example.com,DIRECT,Espa~na,LOGIN
9,2026-01-02 03:46:57,user10113@reseller.co,PARTNER,UNITED STATES,BUG
10,2026-01-14 05:52:26,user10043@example.com,DIRECT,United States,LOGIN
11,2026-01-02 20:12:02,user10163@alliances.net,PARTNER, Canada,BILLING
12,2026-01-12 05:54:40,user10099@example.com,DIRECT,UNITED STATES,HOWTO
13,2026-01-14 04:16:54,user10183@example.com,DIRECT,Mexico,BILLING
14,2026-01-01 08:46:50,user10165@example.com,DIRECT,Bra~sil,BILLING
15,2026-01-04 19:28:43,user10205@example.com,DIRECT,Mexico,BILLING
16,2026-01-11 05:45:33,user10155@example.com,DIRECT,United States,LOGIN
17,2026-01-09 13:09:33,user10023@example.com,DIRECT,Espa~na,LOGIN
18,2026-01-04 05:54:06,user10121@partner-mail.com,PARTNER, Canada,BILLING
19,2026-01-12 22:47:01,user10093@example.com,DIRECT,Me~xico,BILLING
20,2026-01-06 22:11:12,user10177@example.com,DIRECT,Bra~sil,LOGIN
21,2026-01-10 12:55:07,user10033@example.com,DIRECT,CANADA ,BILLING
22,2026-01-02 01:58:04,user10102@example.com,DIRECT, Canada,LOGIN
23,2026-01-11 20:48:21,user10181@example.com,DIRECT,Mexico,BILLING
24,2026-01-18 20:01:42,user10136@example.com,DIRECT,United States,BILLING
25,2026-01-03 11:22:27,user10008@example.com,DIRECT,Bra~sil,BILLING
26,2026-01-09 12:50:01,user10180@example.com,DIRECT, España ,HOWTO
27,2026-01-03 11:06:11,user10080@example.com,DIRECT,Mexico,HOWTO
28,2026-01-12 00:50:47,user10149@example.com,DIRECT, Canada,HOWTO
29,2026-01-07 08:42:10,user10143@example.com,DIRECT,Bra~sil,HOWTO
30,2026-01-04 03:37:28,user10141@example.com,DIRECT,Espa~na,BUG
31,2026-01-05 17:18:01,user10091@example.com,DIRECT,México,LOGIN
32,2026-01-07 15:44:20,user10089@example.com,DIRECT,Me~xico,BUG
33,2026-01-02 14:49:03,user10022@example.com,DIRECT,Mexico,BUG
34,2026-01-12 13:26:31,user10122@example.com,DIRECT,Mexico,HOWTO
35,2026-01-06 09:09:15,user10064@example.com,DIRECT,Espana,LOGIN
36,2026-01-14 05:48:29,user10087@example.com,DIRECT,Brasil,HOWTO
37,2026-01-18 00:18:30,user10036@example.com,DIRECT,CANADA ,HOWTO
38,2026-01-17 06:59:30,user10163@example.com,DIRECT,Brasil,HOWTO
39,2026-01-09 10:50:46,user10203@example.com,DIRECT,España,BUG
40,2026-01-05 22:15:16,user10083@example.com,DIRECT,United States,BUG
41,2026-01-07 12:14:43,user10093@example.com,DIRECT,Bra~sil,HOWTO
42,2026-01-05 17:41:30,user10102@example.com,DIRECT,CANADA ,LOGIN
43,2026-01-15 10:52:33,user10015@example.com,DIRECT,México,BUG
44,2026-01-08 15:53:11,user10166@reseller.co,PARTNER,Espana,BILLING
45,2026-01-16 09:25:28,user10193@example.com,DIRECT,Espa~na,BILLING
46,2026-01-06 22:10:40,user10110@alliances.net,PARTNER,Espa~na,BUG
47,2026-01-04 02:28:32,user10013@alliances.net,PARTNER,Espana,BUG
48,2026-01-15 05:33:35,user10074@example.com,DIRECT,Espana,BILLING
49,2026-01-03 18:41:35,user10034@example.com,DIRECT,Mexico,HOWTO
50,2026-01-07 07:54:44,user10181@alliances.net,PARTNER,Bra~sil,BUG
51,2026-01-14 14:31:31,user10176@example.com,DIRECT,Me~xico,BILLING
52,2026-01-07 20:07:02,user10083@example.com,DIRECT,Mexico,BILLING
53,2026-01-15 21:17:36,user10082@example.com,DIRECT,Espana,LOGIN
54,2026-01-10 10:34:03,user10185@alliances.net,PARTNER,UNITED STATES,HOWTO
55,2026-01-04 06:45:15,user10019@example.com,DIRECT,UNITED STATES,HOWTO
56,2026-01-11 10:43:08,user10172@example.com,DIRECT, España ,BUG
57,2026-01-04 04:29:44,user10211@example.com,DIRECT,Espa~na,BILLING
58,2026-01-07 19:25:13,user10098@partner-mail.com,PARTNER,UNITED STATES,HOWTO
59,2026-01-02 23:21:22,user10165@example.com,DIRECT,United States,BILLING
60,2026-01-01 23:59:07,user10156@example.com,DIRECT, Canada,LOGIN
61,2026-01-01 06:40:11,user10197@example.com,DIRECT, Canada,BUG
62,2026-01-14 21:18:06,user10007@example.com,DIRECT, Canada,LOGIN
63,2026-01-03 23:43:48,user10155@example.com,DIRECT, Canada,LOGIN
64,2026-01-03 18:30:25,user10085@example.com,DIRECT,Brasil,LOGIN
65,2026-01-03 14:14:32,user10189@example.com,DIRECT,CANADA ,HOWTO
66,2026-01-16 10:42:56,user10189@example.com,DIRECT,United States,LOGIN
67,2026-01-18 09:12:26,user10062@example.com,DIRECT, México ,BILLING
68,2026-01-05 16:56:48,user10127@partner-mail.com,PARTNER, España ,LOGIN
69,2026-01-11 06:56:32,user10108@example.com,DIRECT,Brasil,BUG
70,2026-01-05 05:24:47,user10122@example.com,DIRECT,United States,BUG
71,2026-01-04 11:51:53,user10183@example.com,DIRECT,Espa~na,HOWTO
72,2026-01-10 06:05:30,user10146@example.com,DIRECT,United States,BUG
73,2026-01-16 03:16:26,user10166@partner-mail.com,PARTNER,México,BUG
74,2026-01-17 04:54:10,user10149@example.com,DIRECT,Brasil,BUG
75,2026-01-01 21:55:21,user10055@partner-mail.com,PARTNER,Espana,LOGIN
76,2026-01-07 16:21:43,user10128@example.com,DIRECT,Bra~sil,LOGIN
77,2026-01-14 11:31:01,user10083@example.com,DIRECT, Canada,LOGIN
78,2026-01-09 22:45:00,user10092@example.com,DIRECT, España ,BILLING
79,2026-01-05 12:46:54,user10024@example.com,DIRECT,Espa~na,BILLING
80,2026-01-08 18:08:04,user10040@example.com,DIRECT,Me~xico,BILLING
81,2026-01-07 03:17:23,user10075@example.com,DIRECT,España,BILLING
82,2026-01-03 06:23:59,user10064@example.com,DIRECT,Brasil,BILLING
83,2026-01-12 00:49:13,user10140@example.com,DIRECT,United States,LOGIN
84,2026-01-06 15:50:56,user10064@example.com,DIRECT,Mexico,BILLING
85,2026-01-05 19:39:19,user10054@example.com,DIRECT,Bra~sil,HOWTO
86,2026-01-17 08:24:49,user10094@example.com,DIRECT,Espana,LOGIN
87,2026-01-11 09:41:36,user10125@example.com,DIRECT,Mexico,BILLING
88,2026-01-17 19:46:43,user10219@reseller.co,PARTNER,UNITED STATES,BUG
89,2026-01-09 01:11:35,user10112@example.com,DIRECT,Brasil,BUG
90,2026-01-05 11:38:53,user10077@example.com,DIRECT,CANADA ,HOWTO
91,2026-01-15 09:37:56,user10070@example.com,DIRECT,México,BILLING
92,2026-01-17 05:59:29,user10098@example.com,DIRECT,México,LOGIN
93,2026-01-05 08:23:17,user10203@example.com,DIRECT,Bra~sil,BUG
94,2026-01-01 06:58:31,user10081@alliances.net,PARTNER, México ,BUG
95,2026-01-18 18:04:02,user10054@example.com,DIRECT,Brasil,BUG
96,2026-01-13 02:02:55,user10127@example.com,DIRECT,Brasil,HOWTO
97,2026-01-07 01:56:47,user10170@example.com,DIRECT,Brasil,HOWTO
98,2026-01-01 08:40:12,user10208@example.com,DIRECT,UNITED STATES,BILLING
99,2026-01-11 02:58:04,user10061@example.com,DIRECT,CANADA ,LOGIN
100,2026-01-08 08:08:38,user10195@example.com,DIRECT, México ,HOWTO
101,2026-01-09 19:01:39,user10188@example.com,DIRECT,México,BILLING
102,2026-01-08 10:59:41,user10082@example.com,DIRECT, Canada,LOGIN
103,2026-01-12 16:04:43,user10073@example.com,DIRECT,Brasil,BUG
104,2026-01-08 15:46:49,user10058@example.com,DIRECT,CANADA ,BILLING
105,2026-01-18 13:07:06,user10069@example.com,DIRECT, Canada,BUG
106,2026-01-17 22:17:00,user10194@example.com,DIRECT,España,HOWTO
107,2026-01-02 15:42:51,user10068@example.com,DIRECT, Canada,BUG
108,2026-01-07 19:37:07,user10108@example.com,DIRECT,Brasil,BILLING
109,2026-01-17 22:45:47,user10205@example.com,DIRECT,España,BILLING
110,2026-01-01 13:45:59,user10150@partner-mail.com,PARTNER,UNITED STATES,LOGIN
111,2026-01-06 07:13:02,user10028@example.com,DIRECT,Espa~na,BILLING
112,2026-01-02 08:40:29,user10016@example.com,DIRECT,CANADA ,BUG
113,2026-01-07 00:12:25,user10049@example.com,DIRECT,México,LOGIN
114,2026-01-14 04:05:39,user10190@alliances.net,PARTNER,United States,LOGIN
115,2026-01-04 05:39:05,user10049@example.com,DIRECT,CANADA ,BUG
116,2026-01-03 14:11:13,user10068@alliances.net,PARTNER,Espa~na,BUG
117,2026-01-01 01:56:30,user10118@alliances.net,PARTNER,Brasil,HOWTO
118,2026-01-02 01:32:01,user10108@example.com,DIRECT, Canada,BILLING
119,2026-01-15 02:40:22,user10016@reseller.co,PARTNER,United States,LOGIN
120,2026-01-04 01:17:05,user10043@example.com,DIRECT, España ,BUG
121,2026-01-03 20:57:46,user10218@example.com,DIRECT,Me~xico,BUG
122,2026-01-18 15:24:49,user10092@example.com,DIRECT,United States,HOWTO
123,2026-01-07 14:55:08,user10061@reseller.co,PARTNER,United States,LOGIN
124,2026-01-09 03:56:33,user10182@reseller.co,PARTNER, Canada,HOWTO
125,2026-01-06 13:06:55,user10102@example.com,DIRECT,Me~xico,BILLING
126,2026-01-03 20:21:52,user10182@example.com,DIRECT,México,BUG
127,2026-01-13 06:49:57,user10035@example.com,DIRECT, Canada,BUG
128,2026-01-12 16:04:26,user10104@example.com,DIRECT,Brasil,HOWTO
129,2026-01-07 11:08:07,user10178@example.com,DIRECT, España ,LOGIN
130,2026-01-07 12:35:13,user10168@partner-mail.com,PARTNER,Me~xico,HOWTO
131,2026-01-02 16:41:49,user10148@example.com,DIRECT, México ,BUG
132,2026-01-10 22:28:09,user10100@reseller.co,PARTNER,UNITED STATES,BUG
133,2026-01-09 09:13:55,user10181@example.com,DIRECT,Espana,LOGIN
134,2026-01-18 03:09:49,user10082@example.com,DIRECT, México ,HOWTO
135,2026-01-06 21:03:23,user10145@example.com,DIRECT,United States,BILLING
136,2026-01-13 07:26:22,user10120@example.com,DIRECT,España,HOWTO
137,2026-01-07 22:13:38,user10066@example.com,DIRECT, Canada,BUG
138,2026-01-10 12:11:12,user10044@example.com,DIRECT, México ,BUG
139,2026-01-06 06:22:04,user10116@example.com,DIRECT,Espa~na,BILLING
140,2026-01-18 23:10:04,user10069@partner-mail.com,PARTNER,Espana,BUG
141,2026-01-08 04:10:16,user10113@example.com,DIRECT,UNITED STATES,BILLING
142,2026-01-10 01:53:22,user10155@partner-mail.com,PARTNER,España,HOWTO
143,2026-01-03 06:03:16,user10176@example.com,DIRECT,CANADA ,BUG
144,2026-01-09 14:26:46,user10169@partner-mail.com,PARTNER,Me~xico,BILLING
145,2026-01-17 18:06:23,user10112@partner-mail.com,PARTNER, España ,BUG
146,2026-01-16 22:04:05,user10012@example.com,DIRECT,Me~xico,BUG
147,2026-01-11 16:05:52,user10039@alliances.net,PARTNER,Espa~na,LOGIN
148,2026-01-18 03:28:32,user10161@example.com,DIRECT,Espana,BUG
149,2026-01-03 12:38:25,user10130@example.com,DIRECT,United States,BUG
150,2026-01-13 16:53:52,user10179@partner-mail.com,PARTNER,Mexico,LOGIN
151,2026-01-08 20:49:49,user10107@example.com,DIRECT, Canada,BUG
152,2026-01-07 16:34:34,user10097@example.com,DIRECT,Mexico,BUG
153,2026-01-18 19:17:05,user10053@example.com,DIRECT, España ,HOWTO
154,2026-01-08 08:38:52,user10013@partner-mail.com,PARTNER,Mexico,HOWTO
155,2026-01-11 09:26:18,user10031@reseller.co,PARTNER,Espa~na,BILLING
156,2026-01-01 12:51:15,user10150@example.com,DIRECT,Me~xico,HOWTO
157,2026-01-04 05:27:53,user10127@example.com,DIRECT, España ,HOWTO
158,2026-01-05 22:26:49,user10054@example.com,DIRECT,Espana,LOGIN
159,2026-01-13 17:33:34,user10079@example.com,DIRECT, México ,HOWTO
160,2026-01-14 11:13:53,user10141@example.com,DIRECT,Espana,BILLING
161,2026-01-08 10:02:57,user10084@example.com,DIRECT,Me~xico,BILLING
162,2026-01-09 10:57:09,user10082@example.com,DIRECT, España ,LOGIN
163,2026-01-12 00:30:27,user10059@example.com,DIRECT,UNITED STATES,BILLING
164,2026-01-16 13:32:29,user10140@example.com,DIRECT, Canada,BILLING
165,2026-01-14 20:50:02,user10195@example.com,DIRECT, España ,LOGIN
166,2026-01-13 00:46:03,user10056@example.com,DIRECT,UNITED STATES,HOWTO
167,2026-01-02 23:23:53,user10064@example.com,DIRECT,Mexico,BUG
168,2026-01-11 19:25:43,user10104@example.com,DIRECT, Canada,HOWTO
169,2026-01-03 03:35:47,user10041@example.com,DIRECT,Me~xico,BUG
170,2026-01-15 01:13:50,user10115@example.com,DIRECT,España,LOGIN
171,2026-01-11 17:20:13,user10194@example.com,DIRECT,United States,BILLING
172,2026-01-09 23:29:25,user10138@alliances.net,PARTNER,CANADA ,BILLING
173,2026-01-01 08:38:44,user10036@partner-mail.com,PARTNER, México ,HOWTO
174,2026-01-13 23:17:41,user10044@partner-mail.com,PARTNER,CANADA ,BUG
175,2026-01-10 23:57:50,user10016@example.com,DIRECT,Espa~na,BUG
176,2026-01-09 19:38:38,user10211@example.com,DIRECT,CANADA ,HOWTO
177,2026-01-05 21:50:08,user10076@example.com,DIRECT, México ,BUG
178,2026-01-07 21:29:23,user10063@example.com,DIRECT, Canada,LOGIN
179,2026-01-15 00:05:42,user10188@example.com,DIRECT,UNITED STATES,HOWTO
180,2026-01-14 14:46:23,user10067@reseller.co,PARTNER, España ,BUG
181,2026-01-16 00:30:55,user10051@alliances.net,PARTNER, Canada,BILLING
182,2026-01-02 07:20:12,user10056@example.com,DIRECT,Me~xico,HOWTO
183,2026-01-04 03:01:01,user10087@example.com,DIRECT,CANADA ,LOGIN
184,2026-01-18 14:29:27,user10014@reseller.co,PARTNER,Me~xico,HOWTO
185,2026-01-02 17:44:14,user10141@reseller.co,PARTNER,United States,HOWTO
186,2026-01-18 16:17:30,user10093@example.com,DIRECT,Espana,HOWTO
187,2026-01-13 05:44:56,user10213@example.com,DIRECT,Me~xico,BILLING
188,2026-01-15 03:23:57,user10169@example.com,DIRECT, México ,BUG
189,2026-01-08 01:26:36,user10084@example.com,DIRECT,Mexico,LOGIN
190,2026-01-09 18:35:38,user10156@example.com,DIRECT, España ,HOWTO
191,2026-01-06 12:57:40,user10177@example.com,DIRECT,United States,BILLING
192,2026-01-09 07:17:28,user10043@example.com,DIRECT,UNITED STATES,HOWTO
193,2026-01-17 07:30:14,user10035@example.com,DIRECT,Brasil,HOWTO
194,2026-01-08 12:18:04,user10030@example.com,DIRECT,Bra~sil,BUG
195,2026-01-02 09:03:38,user10009@example.com,DIRECT,UNITED STATES,BUG
196,2026-01-09 06:23:51,user10070@alliances.net,PARTNER,CANADA ,BUG
197,2026-01-02 07:52:49,user10174@example.com,DIRECT,Espa~na,HOWTO
198,2026-01-04 06:46:22,user10169@example.com,DIRECT,Espana,BILLING
199,2026-01-04 23:08:38,user10083@alliances.net,PARTNER,Bra~sil,HOWTO
200,2026-01-15 21:02:12,user10107@example.com,DIRECT,Bra~sil,LOGIN
201,2026-01-07 16:30:35,user10168@example.com,DIRECT,Espana,LOGIN
202,2026-01-16 18:29:04,user10203@example.com,DIRECT,CANADA ,HOWTO
203,2026-01-13 01:53:25,user10061@example.com,DIRECT,Espana,BILLING
204,2026-01-10 01:30:09,user10144@example.com,DIRECT,Me~xico,BILLING
205,2026-01-05 04:02:57,user10130@example.com,DIRECT,Mexico,BUG
206,2026-01-16 18:30:23,user10136@example.com,DIRECT, España ,BUG
207,2026-01-12 19:51:29,user10176@alliances.net,PARTNER,Brasil,BILLING
208,2026-01-06 22:11:58,user10168@reseller.co,PARTNER,Me~xico,BUG
209,2026-01-06 02:06:50,user10087@example.com,DIRECT,United States,LOGIN
210,2026-01-16 16:53:38,user10165@example.com,DIRECT, México ,BILLING
211,2026-01-12 00:27:32,user10012@example.com,DIRECT,CANADA ,LOGIN
212,2026-01-18 16:36:54,user10075@partner-mail.com,PARTNER,Me~xico,BILLING
213,2026-01-10 06:40:42,user10047@example.com,DIRECT,Mexico,LOGIN
214,2026-01-13 06:20:16,user10056@alliances.net,PARTNER,Mexico,LOGIN
215,2026-01-15 03:32:31,user10198@example.com,DIRECT,Me~xico,LOGIN
216,2026-01-18 16:46:33,user10096@reseller.co,PARTNER,Bra~sil,HOWTO
217,2026-01-04 16:39:01,user10016@example.com,DIRECT,Me~xico,LOGIN
218,2026-01-14 09:05:50,user10107@example.com,DIRECT,United States,BILLING
219,2026-01-09 04:37:51,user10015@example.com,DIRECT,United States,HOWTO
220,2026-01-13 22:08:54,user10031@example.com,DIRECT, España ,BUG
221,2026-01-01 07:06:36,user10084@example.com,DIRECT,México,HOWTO
222,2026-01-09 16:54:26,user10097@example.com,DIRECT,United States,LOGIN
223,2026-01-18 08:40:53,user10051@example.com,DIRECT,Me~xico,BUG
224,2026-01-02 07:44:42,user10140@example.com,DIRECT,Espana,LOGIN
225,2026-01-04 10:08:26,user10109@partner-mail.com,PARTNER,México,HOWTO
226,2026-01-03 21:12:26,user10029@example.com,DIRECT,Bra~sil,LOGIN
227,2026-01-15 07:45:24,user10180@example.com,DIRECT,Espa~na,HOWTO
228,2026-01-15 18:34:41,user10030@alliances.net,PARTNER,Mexico,LOGIN
229,2026-01-11 19:04:43,user10079@example.com,DIRECT, México ,BUG
230,2026-01-04 04:49:32,user10038@example.com,DIRECT, México ,BUG
231,2026-01-18 14:04:54,user10207@partner-mail.com,PARTNER,Me~xico,BUG
232,2026-01-13 05:09:16,user10062@example.com,DIRECT,Mexico,BILLING
233,2026-01-09 01:16:50,user10190@example.com,DIRECT,Espa~na,HOWTO
234,2026-01-03 00:18:40,user10211@example.com,DIRECT,España,LOGIN
235,2026-01-11 10:18:11,user10048@example.com,DIRECT,Me~xico,BILLING
236,2026-01-14 18:28:46,user10005@example.com,DIRECT,Espa~na,BUG
237,2026-01-05 05:41:20,user10002@example.com,DIRECT,UNITED STATES,BILLING
238,2026-01-18 02:03:47,user10040@example.com,DIRECT,UNITED STATES,BUG
239,2026-01-14 10:20:33,user10088@example.com,DIRECT,Espana,BUG
240,2026-01-12 06:36:34,user10036@example.com,DIRECT,México,BILLING
241,2026-01-10 04:40:12,user10210@example.com,DIRECT,Mexico,BILLING
242,2026-01-01 17:40:22,user10104@example.com,DIRECT,UNITED STATES,BILLING
243,2026-01-03 01:27:24,user10186@example.com,DIRECT,Espana,BUG
244,2026-01-14 07:20:12,user10003@example.com,DIRECT, México ,BUG
245,2026-01-02 20:12:55,user10029@example.com,DIRECT,United States,HOWTO
246,2026-01-09 06:51:37,user10100@example.com,DIRECT,United States,LOGIN
247,2026-01-04 09:58:25,user10035@alliances.net,PARTNER,México,BILLING
248,2026-01-16 01:35:27,user10035@example.com,DIRECT,Me~xico,BUG
249,2026-01-16 03:40:13,user10005@example.com,DIRECT,Me~xico,HOWTO
250,2026-01-03 01:12:31,user10059@example.com,DIRECT,UNITED STATES,BUG
251,2026-01-08 12:16:01,user10167@reseller.co,PARTNER,Brasil,LOGIN
252,2026-01-06 13:43:23,user10174@example.com,DIRECT,Me~xico,LOGIN
253,2026-01-01 10:28:30,user10111@example.com,DIRECT,España,BUG
254,2026-01-17 03:19:30,user10040@partner-mail.com,PARTNER, España ,HOWTO
255,2026-01-14 05:13:14,user10098@example.com,DIRECT,Espana,BILLING
256,2026-01-16 23:07:51,user10135@example.com,DIRECT,Espa~na,BUG
257,2026-01-06 17:41:52,user10032@alliances.net,PARTNER,Brasil,BUG
258,2026-01-17 00:37:18,user10089@example.com,DIRECT,España,HOWTO
259,2026-01-02 23:43:41,user10181@reseller.co,PARTNER,CANADA ,LOGIN
260,2026-01-10 07:34:50,user10091@example.com,DIRECT,España,LOGIN
261,2026-01-03 11:23:17,user10103@alliances.net,PARTNER, Canada,BILLING
262,2026-01-13 04:24:48,user10179@example.com,DIRECT,Bra~sil,BILLING
263,2026-01-11 11:39:52,user10147@example.com,DIRECT,Espa~na,BUG
264,2026-01-17 21:34:47,user10035@example.com,DIRECT,México,LOGIN
265,2026-01-14 04:27:39,user10134@example.com,DIRECT,Me~xico,HOWTO
266,2026-01-12 18:01:04,user10203@example.com,DIRECT,United States,LOGIN
267,2026-01-07 20:28:35,user10046@example.com,DIRECT,España,BUG
268,2026-01-02 02:40:28,user10196@example.com,DIRECT,Espa~na,LOGIN
269,2026-01-17 04:43:36,user10129@example.com,DIRECT,México,BUG
270,2026-01-03 01:20:05,user10147@example.com,DIRECT,UNITED STATES,LOGIN
271,2026-01-03 14:59:12,user10072@example.com,DIRECT,Bra~sil,BILLING
272,2026-01-01 01:59:38,user10010@example.com,DIRECT,Espa~na,BILLING
273,2026-01-16 05:05:28,user10005@example.com,DIRECT,Bra~sil,LOGIN
274,2026-01-03 17:44:59,user10145@example.com,DIRECT, España ,BILLING
275,2026-01-05 23:55:40,user10216@partner-mail.com,PARTNER,México,HOWTO
276,2026-01-01 17:56:04,user10132@example.com,DIRECT,Mexico,HOWTO
277,2026-01-16 17:42:45,user10078@example.com,DIRECT,Brasil,BUG
278,2026-01-07 15:11:08,user10169@example.com,DIRECT, España ,BILLING
279,2026-01-13 10:57:51,user10207@alliances.net,PARTNER,UNITED STATES,HOWTO
280,2026-01-12 11:44:19,user10047@example.com,DIRECT,México,BUG
281,2026-01-12 14:52:44,user10022@example.com,DIRECT,Espa~na,HOWTO
282,2026-01-16 11:06:44,user10209@example.com,DIRECT,CANADA ,BUG
283,2026-01-16 01:17:54,user10009@example.com,DIRECT,UNITED STATES,BILLING
284,2026-01-08 14:17:35,user10194@example.com,DIRECT,Espana,LOGIN
285,2026-01-05 04:51:08,user10031@alliances.net,PARTNER,Bra~sil,LOGIN
286,2026-01-03 02:36:14,user10025@example.com,DIRECT, España ,BILLING
287,2026-01-02 09:13:25,user10060@example.com,DIRECT,United States,BILLING
288,2026-01-17 19:04:06,user10069@example.com,DIRECT,Espana,HOWTO
289,2026-01-06 12:11:41,user10072@example.com,DIRECT,Espa~na,LOGIN
290,2026-01-17 18:39:40,user10007@example.com,DIRECT, Canada,BUG
291,2026-01-12 17:14:08,user10187@example.com,DIRECT,Me~xico,BILLING
292,2026-01-18 16:20:21,user10182@reseller.co,PARTNER,España,HOWTO
293,2026-01-11 05:08:00,user10149@partner-mail.com,PARTNER,Brasil,BUG
294,2026-01-01 05:39:13,user10201@partner-mail.com,PARTNER, México ,BILLING
295,2026-01-14 12:06:36,user10206@reseller.co,PARTNER,Bra~sil,BILLING
296,2026-01-11 05:09:10,user10217@example.com,DIRECT,United States,BUG
297,2026-01-05 21:51:08,user10082@example.com,DIRECT,España,BILLING
298,2026-01-12 23:31:30,user10134@example.com,DIRECT,Mexico,BILLING
299,2026-01-03 21:00:46,user10167@example.com,DIRECT,Mexico,BILLING
300,2026-01-10 22:45:58,user10146@example.com,DIRECT,España,BILLING
301,2026-01-16 16:04:42,user10174@example.com,DIRECT,CANADA ,BUG
302,2026-01-04 17:57:11,user10149@example.com,DIRECT, España ,BUG
303,2026-01-11 14:04:33,user10085@example.com,DIRECT,CANADA ,BUG
304,2026-01-17 18:50:45,user10125@example.com,DIRECT,UNITED STATES,LOGIN
305,2026-01-15 03:35:09,user10043@example.com,DIRECT,México,BUG
306,2026-01-10 10:59:40,user10209@example.com,DIRECT,España,BUG
307,2026-01-02 15:29:37,user10196@alliances.net,PARTNER,Bra~sil,BILLING
308,2026-01-01 21:02:57,user10133@example.com,DIRECT,United States,BILLING
309,2026-01-04 16:25:54,user10168@partner-mail.com,PARTNER,CANADA ,BUG
310,2026-01-07 16:34:16,user10073@example.com,DIRECT,España,BUG
311,2026-01-11 03:20:01,user10083@reseller.co,PARTNER,Brasil,LOGIN
312,2026-01-14 10:30:23,user10112@alliances.net,PARTNER,Espa~na,BUG
313,2026-01-14 09:27:13,user10058@example.com,DIRECT,Brasil,BILLING
314,2026-01-04 16:21:15,user10004@example.com,DIRECT, Canada,BUG
315,2026-01-07 04:54:56,user10087@example.com,DIRECT,Me~xico,BILLING
316,2026-01-14 01:54:41,user10159@example.com,DIRECT,Brasil,HOWTO
317,2026-01-14 07:43:52,user10057@example.com,DIRECT,Espana,HOWTO
318,2026-01-04 09:28:11,user10152@reseller.co,PARTNER,Mexico,LOGIN
319,2026-01-04 03:29:28,user10131@example.com,DIRECT,Brasil,HOWTO
320,2026-01-08 20:15:03,user10092@example.com,DIRECT,Bra~sil,BUG
321,2026-01-06 15:40:40,user10159@example.com,DIRECT,United States,BUG
322,2026-01-06 11:30:57,user10187@example.com,DIRECT,Espa~na,BUG
323,2026-01-09 11:05:00,user10209@example.com,DIRECT,México,BUG
324,2026-01-03 13:21:02,user10166@reseller.co,PARTNER,United States,HOWTO
325,2026-01-01 03:38:13,user10020@example.com,DIRECT,España,BUG
326,2026-01-16 13:27:22,user10074@example.com,DIRECT,Brasil,BILLING
327,2026-01-10 02:56:56,user10116@example.com,DIRECT,Mexico,BILLING
328,2026-01-07 22:37:56,user10017@example.com,DIRECT,UNITED STATES,HOWTO
329,2026-01-09 22:51:32,user10092@alliances.net,PARTNER,CANADA ,BUG
330,2026-01-14 04:49:13,user10029@reseller.co,PARTNER,Brasil,BUG
331,2026-01-09 04:11:16,user10121@example.com,DIRECT,México,LOGIN
332,2026-01-17 16:21:17,user10040@example.com,DIRECT,Brasil,HOWTO
333,2026-01-15 14:56:06,user10059@example.com,DIRECT,Bra~sil,BILLING
334,2026-01-06 10:46:47,user10066@example.com,DIRECT,United States,BILLING
335,2026-01-12 20:01:48,user10214@example.com,DIRECT,Espana,LOGIN
336,2026-01-01 05:39:02,user10098@example.com,DIRECT,Brasil,HOWTO
337,2026-01-09 21:26:27,user10122@example.com,DIRECT, España ,BUG
338,2026-01-10 01:09:45,user10204@example.com,DIRECT,España,BUG
339,2026-01-18 21:23:34,user10003@partner-mail.com,PARTNER,CANADA ,LOGIN
340,2026-01-05 14:38:54,user10061@alliances.net,PARTNER,Brasil,BILLING
341,2026-01-13 01:22:14,user10093@example.com,DIRECT,Espa~na,BILLING
342,2026-01-16 04:24:24,user10197@example.com,DIRECT,Mexico,BILLING
343,2026-01-09 23:15:16,user10158@example.com,DIRECT,México,BILLING
344,2026-01-03 13:58:46,user10149@example.com,DIRECT,Brasil,BUG
345,2026-01-11 13:25:21,user10083@reseller.co,PARTNER, México ,LOGIN
346,2026-01-13 10:19:05,user10187@partner-mail.com,PARTNER,UNITED STATES,HOWTO
347,2026-01-09 18:33:06,user10040@example.com,DIRECT,United States,HOWTO
348,2026-01-01 09:44:00,user10088@example.com,DIRECT,Brasil,BUG
349,2026-01-12 03:37:09,user10078@alliances.net,PARTNER, Canada,BILLING
350,2026-01-05 21:18:42,user10000@partner-mail.com,PARTNER,CANADA ,LOGIN
351,2026-01-11 04:39:53,user10020@example.com,DIRECT,España,BILLING
352,2026-01-04 02:09:32,user10173@example.com,DIRECT,Mexico,BUG
353,2026-01-12 20:49:35,user10207@example.com,DIRECT, Canada,LOGIN
354,2026-01-16 13:28:09,user10054@example.com,DIRECT,Espana,HOWTO
355,2026-01-01 16:56:48,user10017@example.com,DIRECT,Bra~sil,LOGIN
356,2026-01-11 09:56:51,user10031@example.com,DIRECT,Espana,HOWTO
357,2026-01-13 17:37:03,user10012@example.com,DIRECT, México ,LOGIN
358,2026-01-12 03:38:00,user10175@example.com,DIRECT,Espana,BUG
359,2026-01-10 17:39:20,user10010@example.com,DIRECT,United States,LOGIN
360,2026-01-02 09:29:10,user10150@alliances.net,PARTNER, España ,HOWTO
361,2026-01-07 22:29:42,user10174@example.com,DIRECT,United States,BILLING
362,2026-01-06 20:48:11,user10046@example.com,DIRECT, España ,BILLING
363,2026-01-07 13:50:46,user10050@example.com,DIRECT, México ,BILLING
364,2026-01-17 04:45:12,user10058@alliances.net,PARTNER,Mexico,LOGIN
365,2026-01-01 14:40:39,user10167@example.com,DIRECT, México ,BUG
366,2026-01-12 16:18:42,user10206@example.com,DIRECT,Bra~sil,LOGIN
367,2026-01-11 22:57:56,user10166@example.com,DIRECT,Me~xico,HOWTO
368,2026-01-14 06:26:31,user10059@partner-mail.com,PARTNER, Canada,BUG
369,2026-01-07 14:06:36,user10157@partner-mail.com,PARTNER,Me~xico,BUG
370,2026-01-10 12:27:46,user10154@alliances.net,PARTNER, Canada,LOGIN
371,2026-01-10 16:14:29,user10093@example.com,DIRECT,Me~xico,BILLING
372,2026-01-04 13:13:26,user10028@example.com,DIRECT, Canada,BUG
373,2026-01-01 02:50:46,user10069@reseller.co,PARTNER,Espa~na,BILLING
374,2026-01-17 01:42:58,user10179@alliances.net,PARTNER,CANADA ,BILLING
375,2026-01-15 17:39:17,user10113@alliances.net,PARTNER,México,BILLING
376,2026-01-05 19:23:36,user10025@example.com,DIRECT, Canada,BILLING
377,2026-01-08 23:51:09,user10201@example.com,DIRECT,Me~xico,BUG
378,2026-01-04 09:05:05,user10113@example.com,DIRECT,Me~xico,LOGIN
379,2026-01-01 04:14:19,user10076@reseller.co,PARTNER,Espana,LOGIN
380,2026-01-12 05:02:04,user10007@alliances.net,PARTNER,México,LOGIN
381,2026-01-11 02:48:47,user10125@example.com,DIRECT, México ,HOWTO
382,2026-01-02 04:59:09,user10121@partner-mail.com,PARTNER,España,LOGIN
383,2026-01-18 10:49:19,user10033@example.com,DIRECT,Espa~na,LOGIN
384,2026-01-14 23:38:39,user10186@example.com,DIRECT,Espana,LOGIN
385,2026-01-03 05:33:13,user10110@example.com,DIRECT,CANADA ,LOGIN
386,2026-01-13 22:38:01,user10018@example.com,DIRECT,CANADA ,LOGIN
387,2026-01-13 08:09:41,user10042@example.com,DIRECT, Canada,HOWTO
388,2026-01-07 11:15:37,user10060@example.com,DIRECT,Espa~na,HOWTO
389,2026-01-13 20:23:45,user10164@example.com,DIRECT,CANADA ,LOGIN
390,2026-01-10 06:29:51,user10168@example.com,DIRECT,United States,HOWTO
391,2026-01-08 20:41:51,user10180@example.com,DIRECT,Espana,BILLING
392,2026-01-09 16:59:41,user10133@reseller.co,PARTNER,México,LOGIN
393,2026-01-09 05:22:31,user10200@example.com,DIRECT,CANADA ,HOWTO
394,2026-01-02 01:16:05,user10068@example.com,DIRECT,Espana,BILLING
395,2026-01-07 00:28:20,user10128@example.com,DIRECT, Canada,HOWTO
396,2026-01-02 20:36:55,user10138@example.com,DIRECT,CANADA ,LOGIN
397,2026-01-07 03:16:57,user10080@example.com,DIRECT,España,LOGIN
398,2026-01-07 00:08:11,user10100@example.com,DIRECT, Canada,HOWTO
399,2026-01-16 19:04:07,user10155@example.com,DIRECT,Bra~sil,HOWTO
400,2026-01-01 01:11:08,user10189@alliances.net,PARTNER,UNITED STATES,BILLING
401,2026-01-08 13:12:37,user10202@reseller.co,PARTNER,España,LOGIN
402,2026-01-04 08:01:14,user10064@example.com,DIRECT, México ,BUG
403,2026-01-16 15:18:34,user10157@partner-mail.com,PARTNER,Me~xico,LOGIN
404,2026-01-07 10:56:50,user10166@example.com,DIRECT,UNITED STATES,HOWTO
405,2026-01-08 14:19:32,user10206@example.com,DIRECT,Me~xico,BILLING
406,2026-01-12 00:07:33,user10139@example.com,DIRECT, México ,HOWTO
407,2026-01-14 10:35:45,user10044@example.com,DIRECT,Espana,BUG
408,2026-01-10 06:51:17,user10162@example.com,DIRECT, España ,BUG
409,2026-01-15 18:58:58,user10037@partner-mail.com,PARTNER, Canada,BUG
410,2026-01-04 23:36:37,user10083@partner-mail.com,PARTNER,México,LOGIN
411,2026-01-11 08:33:21,user10107@example.com,DIRECT,CANADA ,LOGIN
412,2026-01-14 18:34:17,user10159@partner-mail.com,PARTNER,Bra~sil,BILLING
413,2026-01-08 05:11:56,user10036@example.com,DIRECT,México,HOWTO
414,2026-01-15 01:24:19,user10153@example.com,DIRECT,United States,LOGIN
415,2026-01-16 17:29:05,user10031@alliances.net,PARTNER,Bra~sil,BILLING
416,2026-01-12 21:02:28,user10085@example.com,DIRECT,CANADA ,HOWTO
417,2026-01-17 21:25:57,user10026@partner-mail.com,PARTNER,Espana,LOGIN
418,2026-01-13 11:10:41,user10005@reseller.co,PARTNER,UNITED STATES,HOWTO
419,2026-01-06 21:25:29,user10071@alliances.net,PARTNER,Me~xico,LOGIN
420,2026-01-05 23:44:37,user10211@example.com,DIRECT, México ,BUG
421,2026-01-07 02:50:23,user10123@example.com,DIRECT,Bra~sil,BUG
422,2026-01-16 07:42:17,user10156@example.com,DIRECT,Me~xico,BUG
423,2026-01-17 01:37:50,user10050@example.com,DIRECT, España ,HOWTO
424,2026-01-11 07:25:43,user10045@reseller.co,PARTNER, México ,HOWTO
425,2026-01-18 06:46:14,user10199@example.com,DIRECT,UNITED STATES,HOWTO
426,2026-01-04 16:17:56,user10160@example.com,DIRECT,UNITED STATES,BUG
427,2026-01-09 21:22:22,user10107@example.com,DIRECT, España ,BILLING
428,2026-01-13 11:42:49,user10061@example.com,DIRECT,México,BILLING
429,2026-01-04 01:09:48,user10189@partner-mail.com,PARTNER,Me~xico,BILLING
430,2026-01-12 06:38:02,user10103@example.com,DIRECT,Espana,BUG
431,2026-01-05 14:04:43,user10011@example.com,DIRECT,Espa~na,HOWTO
432,2026-01-11 12:35:25,user10189@example.com,DIRECT,México,BUG
433,2026-01-06 13:37:23,user10091@alliances.net,PARTNER, México ,LOGIN
434,2026-01-09 15:17:27,user10098@example.com,DIRECT,Bra~sil,BILLING
435,2026-01-08 23:45:33,user10084@example.com,DIRECT, México ,LOGIN
436,2026-01-14 07:29:57,user10063@example.com,DIRECT,CANADA ,BILLING
437,2026-01-18 16:37:50,user10132@example.com,DIRECT,Me~xico,LOGIN
438,2026-01-14 19:46:57,user10067@example.com,DIRECT,UNITED STATES,LOGIN
439,2026-01-06 23:27:45,user10112@reseller.co,PARTNER,Espana,HOWTO
440,2026-01-11 17:58:13,user10016@example.com,DIRECT,Bra~sil,LOGIN
441,2026-01-02 00:17:28,user10183@example.com,DIRECT,UNITED STATES,HOWTO
442,2026-01-02 18:04:29,user10048@example.com,DIRECT,CANADA ,BILLING
443,2026-01-10 21:18:14,user10133@example.com,DIRECT,Me~xico,LOGIN
444,2026-01-05 15:50:43,user10059@reseller.co,PARTNER,CANADA ,BUG
445,2026-01-18 21:02:43,user10040@alliances.net,PARTNER,CANADA ,LOGIN
446,2026-01-18 05:31:23,user10038@example.com,DIRECT,CANADA ,BILLING
447,2026-01-04 19:09:19,user10155@partner-mail.com,PARTNER,UNITED STATES,LOGIN
448,2026-01-08 16:56:33,user10013@example.com,DIRECT,Brasil,BUG
449,2026-01-10 09:02:12,user10175@example.com,DIRECT, España ,HOWTO
450,2026-01-12 04:11:31,user10102@example.com,DIRECT,UNITED STATES,BILLING
451,2026-01-14 08:36:39,user10099@example.com,DIRECT,Espa~na,BILLING
452,2026-01-03 03:24:22,user10047@example.com,DIRECT,United States,BUG
453,2026-01-10 15:06:43,user10078@example.com,DIRECT,Espa~na,BUG
454,2026-01-11 12:05:25,user10162@example.com,DIRECT,Espana,LOGIN
455,2026-01-01 09:11:41,user10195@example.com,DIRECT, Canada,LOGIN
456,2026-01-11 04:08:14,user10202@example.com,DIRECT,España,LOGIN
457,2026-01-06 11:27:17,user10136@example.com,DIRECT,España,BUG
458,2026-01-14 03:03:31,user10060@example.com,DIRECT,UNITED STATES,HOWTO
459,2026-01-10 15:42:53,user10016@example.com,DIRECT,UNITED STATES,LOGIN
460,2026-01-18 14:12:44,user10125@partner-mail.com,PARTNER,Bra~sil,HOWTO
461,2026-01-04 15:10:43,user10121@example.com,DIRECT, Canada,LOGIN
462,2026-01-09 23:24:42,user10111@example.com,DIRECT,España,LOGIN
463,2026-01-12 03:59:15,user10115@example.com,DIRECT,Brasil,LOGIN
464,2026-01-06 01:19:58,user10016@example.com,DIRECT,United States,BILLING
465,2026-01-08 00:07:59,user10086@example.com,DIRECT,Me~xico,BILLING
466,2026-01-03 10:39:42,user10027@partner-mail.com,PARTNER,España,LOGIN
467,2026-01-11 03:15:48,user10188@reseller.co,PARTNER,Bra~sil,LOGIN
468,2026-01-07 02:10:04,user10194@example.com,DIRECT, México ,LOGIN
469,2026-01-12 18:42:50,user10181@example.com,DIRECT,Bra~sil,HOWTO
470,2026-01-08 12:55:47,user10104@alliances.net,PARTNER,México,LOGIN
471,2026-01-10 11:32:24,user10176@partner-mail.com,PARTNER,Me~xico,BUG
472,2026-01-18 13:47:28,user10177@example.com,DIRECT,Mexico,LOGIN
473,2026-01-17 23:34:22,user10076@alliances.net,PARTNER, México ,LOGIN
474,2026-01-10 11:46:23,user10014@example.com,DIRECT, España ,BILLING
475,2026-01-11 13:17:27,user10185@alliances.net,PARTNER,Mexico,HOWTO
476,2026-01-13 00:56:17,user10130@example.com,DIRECT,España,LOGIN
477,2026-01-08 22:05:02,user10098@example.com,DIRECT,España,BUG
478,2026-01-14 16:49:09,user10190@example.com,DIRECT,México,BUG
479,2026-01-01 17:04:52,user10209@example.com,DIRECT,Me~xico,LOGIN
480,2026-01-01 12:11:21,user10190@example.com,DIRECT,España,BILLING
481,2026-01-01 00:24:36,user10002@example.com,DIRECT, México ,HOWTO
482,2026-01-05 13:45:32,user10001@example.com,DIRECT,Brasil,LOGIN
483,2026-01-03 03:48:02,user10107@partner-mail.com,PARTNER,México,BILLING
484,2026-01-10 16:02:08,user10114@example.com,DIRECT,Mexico,BILLING
485,2026-01-16 02:57:10,user10051@partner-mail.com,PARTNER, España ,BUG
486,2026-01-02 21:44:40,user10081@example.com,DIRECT, Canada,BUG
487,2026-01-11 18:05:07,user10124@example.com,DIRECT,Brasil,LOGIN
488,2026-01-03 10:25:46,user10167@example.com,DIRECT,UNITED STATES,BILLING
489,2026-01-14 04:06:57,user10166@example.com,DIRECT, Canada,HOWTO
490,2026-01-14 21:54:40,user10016@example.com,DIRECT,United States,BUG
491,2026-01-17 20:36:02,user10084@reseller.co,PARTNER,Mexico,BILLING
492,2026-01-13 04:13:07,user10058@example.com,DIRECT, Canada,HOWTO
493,2026-01-13 05:55:00,user10063@alliances.net,PARTNER,CANADA ,BILLING
494,2026-01-03 10:53:24,user10178@example.com,DIRECT, Canada,HOWTO
495,2026-01-02 17:29:19,user10094@alliances.net,PARTNER,United States,HOWTO
496,2026-01-03 04:14:43,user10103@partner-mail.com,PARTNER,España,BILLING
497,2026-01-16 23:18:58,user10215@example.com,DIRECT,Espana,HOWTO
498,2026-01-16 08:56:11,user10099@example.com,DIRECT,UNITED STATES,HOWTO
499,2026-01-08 14:06:50,user10165@example.com,DIRECT, México ,BILLING
500,2026-01-09 21:41:00,user10213@example.com,DIRECT,Brasil,BUG
501,2026-01-01 02:56:16,user10214@example.com,DIRECT,España,LOGIN
502,2026-01-06 23:24:09,user10070@example.com,DIRECT, México ,BILLING
503,2026-01-03 08:24:54,user10088@example.com,DIRECT, España ,BILLING
504,2026-01-13 11:20:18,user10009@example.com,DIRECT,Bra~sil,BILLING
505,2026-01-04 02:09:50,user10164@example.com,DIRECT,España,BUG
506,2026-01-13 06:38:16,user10086@example.com,DIRECT,Espa~na,BUG
507,2026-01-16 19:06:49,user10002@partner-mail.com,PARTNER,CANADA ,HOWTO
508,2026-01-18 07:44:42,user10033@example.com,DIRECT,Me~xico,LOGIN
509,2026-01-10 22:36:49,user10039@example.com,DIRECT,España,LOGIN
510,2026-01-02 21:38:23,user10018@example.com,DIRECT,España,LOGIN
511,2026-01-13 12:47:41,user10015@example.com,DIRECT,Mexico,LOGIN
512,2026-01-14 10:31:28,user10124@example.com,DIRECT,United States,BUG
513,2026-01-15 04:05:10,user10051@reseller.co,PARTNER,Me~xico,BUG
514,2026-01-09 04:45:48,user10209@partner-mail.com,PARTNER,Me~xico,BUG
515,2026-01-11 21:56:23,user10125@reseller.co,PARTNER,Me~xico,BILLING
516,2026-01-05 20:02:23,user10127@reseller.co,PARTNER,España,LOGIN
517,2026-01-03 00:32:48,user10115@example.com,DIRECT,Espa~na,BUG
518,2026-01-09 12:14:23,user10142@example.com,DIRECT,UNITED STATES,BUG
519,2026-01-09 23:43:21,user10172@reseller.co,PARTNER,España,HOWTO
520,2026-01-01 10:15:10,user10071@example.com,DIRECT,Brasil,LOGIN
521,2026-01-18 14:46:19,user10134@example.com,DIRECT,Mexico,LOGIN
522,2026-01-03 21:40:47,user10125@example.com,DIRECT, Canada,BILLING
523,2026-01-04 02:28:13,user10150@alliances.net,PARTNER,Espa~na,BUG
524,2026-01-02 17:54:26,user10165@example.com,DIRECT,CANADA ,LOGIN
525,2026-01-11 12:45:53,user10168@example.com,DIRECT,Espana,BUG
526,2026-01-13 00:20:29,user10129@example.com,DIRECT,Bra~sil,BUG
527,2026-01-15 16:15:04,user10015@partner-mail.com,PARTNER, México ,BILLING
528,2026-01-13 23:11:47,user10176@example.com,DIRECT,Me~xico,BILLING
529,2026-01-01 15:48:32,user10213@example.com,DIRECT, México ,BUG
530,2026-01-05 10:54:39,user10121@example.com,DIRECT, España ,BUG
531,2026-01-14 08:14:59,user10096@example.com,DIRECT,Brasil,HOWTO
532,2026-01-06 04:19:04,user10043@alliances.net,PARTNER,Espana,BUG
533,2026-01-14 15:57:14,user10100@example.com,DIRECT,Brasil,BILLING
534,2026-01-14 21:50:42,user10128@example.com,DIRECT,Brasil,BILLING
535,2026-01-03 05:53:31,user10170@partner-mail.com,PARTNER,CANADA ,HOWTO
536,2026-01-07 10:04:09,user10108@example.com,DIRECT,España,BUG
537,2026-01-08 18:07:03,user10039@example.com,DIRECT,Brasil,BILLING
538,2026-01-07 16:25:51,user10036@example.com,DIRECT,México,LOGIN
539,2026-01-15 13:15:41,user10117@example.com,DIRECT,Me~xico,BILLING
540,2026-01-18 18:01:09,user10136@example.com,DIRECT,United States,BUG
541,2026-01-03 23:57:46,user10194@example.com,DIRECT,CANADA ,BUG
542,2026-01-10 04:40:14,user10179@example.com,DIRECT,United States,HOWTO
543,2026-01-03 02:19:41,user10127@partner-mail.com,PARTNER,UNITED STATES,BUG
544,2026-01-10 23:36:16,user10029@alliances.net,PARTNER,CANADA ,LOGIN
545,2026-01-13 05:44:37,user10181@example.com,DIRECT, México ,HOWTO
546,2026-01-11 13:30:30,user10119@alliances.net,PARTNER,Espa~na,LOGIN
547,2026-01-02 20:29:58,user10185@alliances.net,PARTNER,Me~xico,BUG
548,2026-01-01 01:22:03,user10161@example.com,DIRECT,UNITED STATES,BILLING
549,2026-01-16 15:48:58,user10069@example.com,DIRECT, España ,LOGIN
550,2026-01-08 12:52:53,user10088@alliances.net,PARTNER,España,BUG
551,2026-01-12 14:26:54,user10090@example.com,DIRECT, Canada,LOGIN
552,2026-01-15 00:26:29,user10059@example.com,DIRECT,United States,HOWTO
553,2026-01-01 15:48:20,user10169@example.com,DIRECT,Espana,BUG
554,2026-01-12 23:30:07,user10081@example.com,DIRECT, Canada,HOWTO
555,2026-01-16 19:32:30,user10153@example.com,DIRECT,CANADA ,BUG
556,2026-01-17 15:59:06,user10119@example.com,DIRECT,UNITED STATES,BUG
557,2026-01-14 02:53:16,user10089@example.com,DIRECT,United States,BUG
558,2026-01-06 09:06:17,user10151@example.com,DIRECT,UNITED STATES,BILLING
559,2026-01-10 07:49:14,user10038@example.com,DIRECT,Espa~na,LOGIN
560,2026-01-09 19:10:48,user10123@example.com,DIRECT, México ,HOWTO
561,2026-01-03 15:03:40,user10032@example.com,DIRECT,CANADA ,BUG
562,2026-01-05 19:03:27,user10023@example.com,DIRECT,Mexico,BUG
563,2026-01-12 08:53:07,user10182@example.com,DIRECT,CANADA ,LOGIN
564,2026-01-04 16:48:40,user10179@alliances.net,PARTNER,United States,BILLING
565,2026-01-06 08:51:41,user10148@example.com,DIRECT,United States,BUG
566,2026-01-02 05:38:40,user10203@partner-mail.com,PARTNER,Mexico,LOGIN
567,2026-01-15 09:07:32,user10133@example.com,DIRECT,CANADA ,BUG
568,2026-01-04 02:14:09,user10022@partner-mail.com,PARTNER,Mexico,BILLING
569,2026-01-13 21:12:09,user10084@example.com,DIRECT,United States,LOGIN
570,2026-01-03 20:32:50,user10054@example.com,DIRECT, México ,BUG
571,2026-01-06 08:29:53,user10158@partner-mail.com,PARTNER,CANADA ,HOWTO
572,2026-01-08 21:19:15,user10038@example.com,DIRECT,España,BILLING
573,2026-01-12 07:12:09,user10132@reseller.co,PARTNER,Espa~na,HOWTO
574,2026-01-08 08:17:32,user10186@example.com,DIRECT,Me~xico,BUG
575,2026-01-10 03:44:55,user10040@example.com,DIRECT,Brasil,BILLING
576,2026-01-14 09:16:36,user10200@partner-mail.com,PARTNER,España,BILLING
577,2026-01-09 11:47:28,user10154@example.com,DIRECT,Mexico,HOWTO
578,2026-01-15 09:40:34,user10009@example.com,DIRECT,Me~xico,BUG
579,2026-01-17 21:59:51,user10117@reseller.co,PARTNER,Bra~sil,BUG
580,2026-01-10 06:38:29,user10073@example.com,DIRECT,United States,LOGIN
581,2026-01-13 13:44:20,user10153@reseller.co,PARTNER, Canada,BILLING
582,2026-01-12 22:31:11,user10042@example.com,DIRECT,United States,LOGIN
583,2026-01-17 08:44:15,user10108@example.com,DIRECT,United States,BUG
584,2026-01-09 12:45:28,user10103@example.com,DIRECT,UNITED STATES,LOGIN
585,2026-01-16 21:16:12,user10109@example.com,DIRECT,CANADA ,HOWTO
586,2026-01-06 17:01:34,user10202@example.com,DIRECT, Canada,BUG
587,2026-01-16 16:15:41,user10207@partner-mail.com,PARTNER, México ,BILLING
588,2026-01-10 14:31:32,user10015@example.com,DIRECT, Canada,LOGIN
589,2026-01-02 05:51:03,user10173@example.com,DIRECT,United States,HOWTO
590,2026-01-12 02:09:00,user10037@example.com,DIRECT,México,BUG
591,2026-01-06 08:04:33,user10034@example.com,DIRECT,Mexico,HOWTO
592,2026-01-18 01:43:57,user10107@reseller.co,PARTNER,United States,BILLING
593,2026-01-10 13:47:22,user10214@example.com,DIRECT,Bra~sil,HOWTO
594,2026-01-15 03:32:32,user10115@example.com,DIRECT,España,BUG
595,2026-01-08 14:05:56,user10128@example.com,DIRECT, España ,LOGIN
596,2026-01-02 11:55:31,user10164@example.com,DIRECT,Espa~na,BUG
597,2026-01-11 23:54:30,user10105@example.com,DIRECT,UNITED STATES,BILLING
598,2026-01-12 15:04:04,user10096@partner-mail.com,PARTNER,España,HOWTO
599,2026-01-12 22:54:27,user10153@example.com,DIRECT,Espana,BILLING
600,2026-01-02 23:53:55,user10031@partner-mail.com,PARTNER,México,LOGIN
601,2026-01-01 05:28:33,user10193@example.com,DIRECT,Me~xico,BUG
602,2026-01-12 21:36:59,user10077@example.com,DIRECT,Espana,LOGIN
603,2026-01-09 12:10:00,user10129@example.com,DIRECT,Me~xico,HOWTO
604,2026-01-16 17:44:11,user10216@example.com,DIRECT,Bra~sil,HOWTO
605,2026-01-05 09:20:29,user10167@example.com,DIRECT,CANADA ,BUG
606,2026-01-13 09:12:08,user10165@example.com,DIRECT,Espa~na,LOGIN
607,2026-01-05 00:23:10,user10179@example.com,DIRECT, Canada,LOGIN
608,2026-01-03 08:16:16,user10025@example.com,DIRECT,Bra~sil,LOGIN
609,2026-01-11 06:06:19,user10096@example.com,DIRECT,United States,LOGIN
610,2026-01-08 16:43:56,user10177@example.com,DIRECT, México ,BILLING
611,2026-01-08 10:14:09,user10057@example.com,DIRECT,España,LOGIN
612,2026-01-04 08:17:50,user10068@partner-mail.com,PARTNER,Bra~sil,BUG
613,2026-01-04 02:23:12,user10193@example.com,DIRECT,CANADA ,BUG
614,2026-01-12 18:22:25,user10171@example.com,DIRECT,Bra~sil,LOGIN
615,2026-01-07 11:43:16,user10055@example.com,DIRECT, México ,LOGIN
616,2026-01-13 17:29:04,user10002@example.com,DIRECT,CANADA ,BILLING
617,2026-01-08 06:55:38,user10106@example.com,DIRECT,United States,BILLING
618,2026-01-14 02:52:43,user10191@example.com,DIRECT,Me~xico,BILLING
619,2026-01-07 03:47:16,user10120@example.com,DIRECT,México,BUG
620,2026-01-07 19:17:36,user10035@alliances.net,PARTNER, México ,HOWTO
621,2026-01-05 16:05:04,user10106@example.com,DIRECT,Bra~sil,BUG
622,2026-01-11 02:14:28,user10100@example.com,DIRECT, España ,LOGIN
623,2026-01-08 04:39:21,user10132@example.com,DIRECT,España,BUG
624,2026-01-04 07:37:30,user10145@partner-mail.com,PARTNER, México ,BILLING
625,2026-01-01 13:47:20,user10053@example.com,DIRECT,Bra~sil,BILLING
626,2026-01-17 23:24:06,user10111@example.com,DIRECT,España,BILLING
627,2026-01-07 17:19:11,user10107@example.com,DIRECT,Espa~na,BUG
628,2026-01-17 15:37:48,user10036@alliances.net,PARTNER,UNITED STATES,BUG
629,2026-01-08 07:48:05,user10109@example.com,DIRECT, México ,BILLING
630,2026-01-01 20:33:17,user10030@example.com,DIRECT,UNITED STATES,HOWTO
631,2026-01-18 22:39:58,user10043@example.com,DIRECT, Canada,BILLING
632,2026-01-11 22:14:31,user10062@example.com,DIRECT,España,BUG
633,2026-01-18 19:13:42,user10213@example.com,DIRECT,España,BUG
634,2026-01-13 06:21:07,user10011@alliances.net,PARTNER,Espana,BILLING
635,2026-01-04 01:06:14,user10188@example.com,DIRECT,CANADA ,LOGIN
636,2026-01-05 19:05:47,user10047@example.com,DIRECT,México,BUG
637,2026-01-09 09:37:56,user10208@reseller.co,PARTNER, España ,BUG
638,2026-01-01 08:56:07,user10028@partner-mail.com,PARTNER, México ,BUG
639,2026-01-06 18:06:26,user10134@alliances.net,PARTNER,Bra~sil,BUG
640,2026-01-01 01:33:20,user10102@example.com,DIRECT,Me~xico,BILLING
641,2026-01-11 01:10:47,user10049@example.com,DIRECT,Espana,BILLING
642,2026-01-13 02:33:48,user10078@example.com,DIRECT,Mexico,HOWTO
643,2026-01-05 05:12:32,user10089@example.com,DIRECT,México,BILLING
644,2026-01-01 03:01:47,user10129@reseller.co,PARTNER,Brasil,LOGIN
645,2026-01-04 15:12:07,user10161@alliances.net,PARTNER,Bra~sil,HOWTO
646,2026-01-07 15:09:13,user10061@alliances.net,PARTNER,México,BILLING
647,2026-01-07 17:41:16,user10083@example.com,DIRECT,Mexico,HOWTO
648,2026-01-15 15:23:58,user10007@example.com,DIRECT,México,BUG
649,2026-01-13 12:41:42,user10057@example.com,DIRECT,España,LOGIN
650,2026-01-01 20:20:23,user10072@example.com,DIRECT,Espana,BILLING
651,2026-01-08 17:47:58,user10177@example.com,DIRECT,Espa~na,BUG
652,2026-01-13 07:04:55,user10166@example.com,DIRECT,Brasil,HOWTO
653,2026-01-18 04:45:36,user10169@example.com,DIRECT,Brasil,BILLING
654,2026-01-08 18:18:05,user10056@example.com,DIRECT,España,BILLING
655,2026-01-09 09:54:27,user10047@example.com,DIRECT, Canada,LOGIN
656,2026-01-08 06:24:08,user10089@example.com,DIRECT,United States,HOWTO
657,2026-01-17 06:37:33,user10094@example.com,DIRECT, España ,LOGIN
658,2026-01-09 07:31:39,user10166@example.com,DIRECT,Me~xico,LOGIN
659,2026-01-07 01:42:55,user10190@example.com,DIRECT,México,HOWTO
660,2026-01-07 15:44:22,user10089@example.com,DIRECT,Mexico,BUG
661,2026-01-10 10:12:38,user10047@example.com,DIRECT,UNITED STATES,BUG
662,2026-01-16 09:25:13,user10195@example.com,DIRECT,Bra~sil,BUG
663,2026-01-09 03:51:36,user10118@example.com,DIRECT,Bra~sil,BUG
664,2026-01-13 23:57:09,user10201@example.com,DIRECT,United States,LOGIN
665,2026-01-07 17:40:46,user10085@example.com,DIRECT,Me~xico,BUG
666,2026-01-07 07:35:49,user10068@example.com,DIRECT,Espa~na,HOWTO
667,2026-01-06 03:51:57,user10013@example.com,DIRECT,Bra~sil,BILLING
668,2026-01-03 05:41:54,user10161@example.com,DIRECT,México,LOGIN
669,2026-01-03 10:42:34,user10109@example.com,DIRECT,UNITED STATES,BILLING
670,2026-01-10 21:06:01,user10055@example.com,DIRECT,UNITED STATES,HOWTO
671,2026-01-11 18:56:42,user10098@example.com,DIRECT,México,LOGIN
672,2026-01-18 20:57:16,user10030@example.com,DIRECT,United States,LOGIN
673,2026-01-05 11:20:08,user10213@alliances.net,PARTNER, Canada,BUG
674,2026-01-17 03:54:36,user10096@example.com,DIRECT,México,HOWTO
675,2026-01-09 05:18:57,user10066@example.com,DIRECT,Bra~sil,BILLING
676,2026-01-02 08:06:05,user10132@example.com,DIRECT,México,BILLING
677,2026-01-16 02:13:13,user10174@reseller.co,PARTNER,CANADA ,HOWTO
678,2026-01-07 12:14:34,user10205@example.com,DIRECT,CANADA ,LOGIN
679,2026-01-18 00:12:58,user10149@example.com,DIRECT,UNITED STATES,LOGIN
680,2026-01-09 01:35:25,user10032@alliances.net,PARTNER,España,HOWTO
681,2026-01-16 15:59:20,user10092@example.com,DIRECT,Bra~sil,BILLING
682,2026-01-08 08:53:57,user10156@reseller.co,PARTNER,España,BILLING
683,2026-01-14 22:43:11,user10181@example.com,DIRECT,CANADA ,HOWTO
684,2026-01-03 18:29:07,user10104@reseller.co,PARTNER, México ,HOWTO
685,2026-01-04 06:49:04,user10187@example.com,DIRECT,Me~xico,BUG
686,2026-01-04 18:26:28,user10028@example.com,DIRECT, México ,LOGIN
687,2026-01-10 15:06:28,user10075@reseller.co,PARTNER,United States,BUG
688,2026-01-10 03:34:13,user10213@example.com,DIRECT, México ,BILLING
689,2026-01-04 13:56:20,user10043@example.com,DIRECT,UNITED STATES,LOGIN
690,2026-01-13 07:17:01,user10153@example.com,DIRECT, Canada,BILLING
691,2026-01-15 01:24:10,user10046@example.com,DIRECT,UNITED STATES,LOGIN
692,2026-01-13 06:26:29,user10028@alliances.net,PARTNER,United States,BILLING
693,2026-01-10 05:19:19,user10035@example.com,DIRECT,Espana,LOGIN
694,2026-01-13 16:25:51,user10199@partner-mail.com,PARTNER,México,LOGIN
695,2026-01-16 10:01:03,user10215@example.com,DIRECT,México,HOWTO
696,2026-01-13 03:09:54,user10022@example.com,DIRECT,Mexico,LOGIN
697,2026-01-12 10:41:50,user10155@alliances.net,PARTNER, México ,BUG
698,2026-01-01 23:39:46,user10020@example.com,DIRECT,CANADA ,BILLING
699,2026-01-07 17:27:14,user10180@reseller.co,PARTNER,Espa~na,LOGIN
700,2026-01-04 02:47:03,user10072@example.com,DIRECT, España ,BILLING
701,2026-01-06 05:17:05,user10010@example.com,DIRECT,Mexico,HOWTO
702,2026-01-07 12:41:22,user10206@example.com,DIRECT,United States,BILLING
703,2026-01-15 12:44:30,user10202@example.com,DIRECT,España,BUG
704,2026-01-05 16:52:48,user10007@example.com,DIRECT,Bra~sil,HOWTO
705,2026-01-06 07:32:38,user10085@example.com,DIRECT,Espa~na,HOWTO
706,2026-01-07 22:45:29,user10202@alliances.net,PARTNER,CANADA ,BUG
707,2026-01-05 07:39:42,user10077@reseller.co,PARTNER,United States,BILLING
708,2026-01-08 14:44:22,user10134@example.com,DIRECT,Brasil,HOWTO
709,2026-01-18 12:37:15,user10191@example.com,DIRECT,Bra~sil,BUG
710,2026-01-07 20:31:52,user10014@example.com,DIRECT,España,BUG
711,2026-01-05 08:25:29,user10108@alliances.net,PARTNER,CANADA ,HOWTO
712,2026-01-01 12:44:34,user10125@example.com,DIRECT, Canada,BILLING
713,2026-01-18 20:05:11,user10203@example.com,DIRECT,Espana,BUG
714,2026-01-16 05:18:07,user10100@example.com,DIRECT,Me~xico,BUG
715,2026-01-05 11:50:38,user10184@example.com,DIRECT,Me~xico,BUG
716,2026-01-18 10:06:11,user10124@example.com,DIRECT,Espa~na,BILLING
717,2026-01-08 05:44:41,user10095@example.com,DIRECT,UNITED STATES,HOWTO
718,2026-01-12 14:34:02,user10162@example.com,DIRECT,España,BILLING
719,2026-01-16 00:28:38,user10186@alliances.net,PARTNER,Bra~sil,LOGIN
720,2026-01-05 12:44:36,user10149@example.com,DIRECT, España ,HOWTO
721,2026-01-16 22:10:28,user10136@example.com,DIRECT,CANADA ,HOWTO
722,2026-01-09 18:46:53,user10219@example.com,DIRECT,España,LOGIN
723,2026-01-01 15:40:45,user10132@example.com,DIRECT,Mexico,LOGIN
724,2026-01-17 12:56:55,user10034@example.com,DIRECT,España,HOWTO
725,2026-01-02 21:58:27,user10202@example.com,DIRECT, España ,BUG
726,2026-01-11 09:12:03,user10178@example.com,DIRECT,CANADA ,BILLING
727,2026-01-10 04:13:06,user10081@example.com,DIRECT,CANADA ,LOGIN
728,2026-01-13 12:21:52,user10090@reseller.co,PARTNER,UNITED STATES,BUG
729,2026-01-13 13:40:24,user10146@example.com,DIRECT, España ,BUG
730,2026-01-13 12:28:12,user10172@reseller.co,PARTNER,UNITED STATES,LOGIN
731,2026-01-13 16:23:46,user10154@example.com,DIRECT,CANADA ,BILLING
732,2026-01-18 00:14:22,user10196@example.com,DIRECT, México ,BUG
733,2026-01-17 06:14:58,user10015@example.com,DIRECT, México ,LOGIN
734,2026-01-12 07:52:38,user10218@example.com,DIRECT, México ,BILLING
735,2026-01-02 15:15:32,user10107@example.com,DIRECT, Canada,LOGIN
736,2026-01-02 13:45:01,user10058@example.com,DIRECT,Espana,BILLING
737,2026-01-14 22:03:34,user10047@example.com,DIRECT,United States,BILLING
738,2026-01-10 17:05:57,user10099@example.com,DIRECT,España,LOGIN
739,2026-01-14 09:11:27,user10066@reseller.co,PARTNER,España,BILLING
740,2026-01-17 10:15:39,user10207@example.com,DIRECT, Canada,BUG
741,2026-01-15 20:50:10,user10109@alliances.net,PARTNER,Me~xico,BILLING
742,2026-01-03 17:54:32,user10208@partner-mail.com,PARTNER, México ,LOGIN
743,2026-01-08 01:05:11,user10148@example.com,DIRECT,México,HOWTO
744,2026-01-01 12:04:49,user10082@example.com,DIRECT, México ,LOGIN
745,2026-01-05 05:54:13,user10088@example.com,DIRECT, Canada,HOWTO
746,2026-01-01 08:52:07,user10206@example.com,DIRECT, Canada,BILLING
747,2026-01-16 20:42:00,user10144@example.com,DIRECT, Canada,BUG
748,2026-01-02 05:49:04,user10089@partner-mail.com,PARTNER,CANADA ,BILLING
749,2026-01-03 10:52:59,user10164@example.com,DIRECT, Canada,HOWTO
750,2026-01-03 19:08:34,user10082@example.com,DIRECT,Bra~sil,HOWTO
751,2026-01-02 19:01:39,user10047@example.com,DIRECT, Canada,BUG
752,2026-01-14 22:07:42,user10166@example.com,DIRECT,Espana,BILLING
753,2026-01-09 16:39:36,user10018@example.com,DIRECT,United States,BUG
754,2026-01-11 17:30:15,user10103@alliances.net,PARTNER, México ,HOWTO
755,2026-01-17 09:37:54,user10090@example.com,DIRECT,Me~xico,BUG
756,2026-01-14 05:17:31,user10098@example.com,DIRECT,CANADA ,BUG
757,2026-01-08 16:40:05,user10046@example.com,DIRECT,Mexico,LOGIN
758,2026-01-11 16:56:32,user10084@example.com,DIRECT,CANADA ,BUG
759,2026-01-12 18:07:35,user10027@example.com,DIRECT,Mexico,BILLING
760,2026-01-07 12:07:18,user10095@reseller.co,PARTNER,UNITED STATES,BUG
761,2026-01-10 01:48:11,user10162@alliances.net,PARTNER,UNITED STATES,LOGIN
762,2026-01-15 22:11:39,user10030@alliances.net,PARTNER, México ,BILLING
763,2026-01-16 16:13:17,user10033@example.com,DIRECT,United States,LOGIN
764,2026-01-04 00:08:40,user10013@example.com,DIRECT, México ,HOWTO
765,2026-01-13 04:29:49,user10183@example.com,DIRECT,Me~xico,BILLING
766,2026-01-07 18:33:06,user10165@example.com,DIRECT,Espana,LOGIN
767,2026-01-14 16:26:49,user10009@reseller.co,PARTNER,México,LOGIN
768,2026-01-08 11:11:33,user10124@example.com,DIRECT, México ,BILLING
769,2026-01-03 10:05:53,user10103@example.com,DIRECT,España,BILLING
770,2026-01-13 20:32:11,user10147@example.com,DIRECT, México ,LOGIN
771,2026-01-15 15:21:49,user10082@example.com,DIRECT,México,LOGIN
772,2026-01-14 14:32:23,user10176@example.com,DIRECT,United States,LOGIN
773,2026-01-02 04:07:21,user10111@example.com,DIRECT,Espa~na,LOGIN
774,2026-01-11 00:10:56,user10050@example.com,DIRECT,United States,BILLING
775,2026-01-02 18:36:20,user10110@example.com,DIRECT,CANADA ,BUG
776,2026-01-11 16:36:05,user10051@example.com,DIRECT,Espana,HOWTO
777,2026-01-03 22:23:58,user10110@example.com,DIRECT, Canada,LOGIN
778,2026-01-06 12:47:51,user10061@example.com,DIRECT,España,LOGIN
779,2026-01-10 16:23:36,user10095@example.com,DIRECT,México,BUG
780,2026-01-11 05:44:31,user10066@reseller.co,PARTNER,México,LOGIN
781,2026-01-16 11:03:06,user10115@example.com,DIRECT,España,BILLING
782,2026-01-16 02:55:32,user10167@reseller.co,PARTNER, Canada,BUG
783,2026-01-03 02:59:03,user10151@example.com,DIRECT, Canada,LOGIN
784,2026-01-08 09:33:30,user10082@example.com,DIRECT,Espa~na,BILLING
785,2026-01-18 02:03:20,user10109@reseller.co,PARTNER,México,LOGIN
786,2026-01-14 13:27:41,user10071@example.com,DIRECT, Canada,HOWTO
787,2026-01-13 06:07:09,user10068@example.com,DIRECT, Canada,BILLING
788,2026-01-10 11:28:47,user10139@example.com,DIRECT,Brasil,HOWTO
789,2026-01-10 17:14:10,user10172@example.com,DIRECT, México ,BUG
790,2026-01-10 00:24:32,user10041@example.com,DIRECT,United States,HOWTO
791,2026-01-17 10:12:42,user10056@example.com,DIRECT,Brasil,BUG
792,2026-01-11 03:32:58,user10023@example.com,DIRECT,Mexico,BUG
793,2026-01-07 02:39:04,user10218@example.com,DIRECT,Me~xico,HOWTO
794,2026-01-03 16:20:21,user10153@partner-mail.com,PARTNER,México,BILLING
795,2026-01-17 11:24:12,user10034@partner-mail.com,PARTNER,Espa~na,BILLING
796,2026-01-04 13:05:51,user10166@example.com,DIRECT,Espana,BUG
797,2026-01-01 18:10:41,user10067@example.com,DIRECT,United States,LOGIN
798,2026-01-04 17:49:40,user10065@example.com,DIRECT, México ,BUG
799,2026-01-09 02:07:29,user10107@example.com,DIRECT,UNITED STATES,LOGIN
800,2026-01-10 09:56:56,user10139@example.com,DIRECT, Canada,HOWTO
801,2026-01-05 12:25:32,user10144@example.com,DIRECT, Canada,BUG
802,2026-01-13 06:09:56,user10007@example.com,DIRECT, México ,BUG
803,2026-01-01 13:13:00,user10163@example.com,DIRECT,Me~xico,BILLING
804,2026-01-13 19:09:21,user10088@example.com,DIRECT, México ,LOGIN
805,2026-01-10 16:59:05,user10201@example.com,DIRECT, Canada,LOGIN
806,2026-01-04 05:14:08,user10127@example.com,DIRECT,United States,HOWTO
807,2026-01-14 15:14:47,user10205@alliances.net,PARTNER,Mexico,BILLING
808,2026-01-07 01:27:13,user10055@alliances.net,PARTNER, Canada,BUG
809,2026-01-16 04:24:53,user10145@alliances.net,PARTNER,CANADA ,BUG
810,2026-01-03 08:50:45,user10076@alliances.net,PARTNER,Mexico,BUG
811,2026-01-01 12:37:38,user10188@example.com,DIRECT, México ,BUG
812,2026-01-12 10:49:50,user10134@example.com,DIRECT,UNITED STATES,LOGIN
813,2026-01-01 05:40:44,user10165@alliances.net,PARTNER, México ,BILLING
814,2026-01-08 05:01:07,user10129@example.com,DIRECT, Canada,BILLING
815,2026-01-12 07:53:10,user10167@example.com,DIRECT,Espana,BUG
816,2026-01-05 22:56:03,user10033@example.com,DIRECT,Mexico,BUG
817,2026-01-06 10:16:31,user10050@example.com,DIRECT,España,LOGIN
818,2026-01-05 05:33:16,user10155@example.com,DIRECT,Espa~na,HOWTO
819,2026-01-01 15:11:45,user10040@example.com,DIRECT,Espa~na,LOGIN
820,2026-01-18 02:55:37,user10017@example.com,DIRECT,Bra~sil,BILLING
821,2026-01-13 01:39:53,user10122@example.com,DIRECT,España,BUG
822,2026-01-09 15:52:37,user10213@partner-mail.com,PARTNER, México ,BUG
823,2026-01-04 00:21:37,user10068@example.com,DIRECT,Espana,BUG
824,2026-01-18 03:26:06,user10044@example.com,DIRECT,Brasil,BUG
825,2026-01-04 06:54:38,user10159@reseller.co,PARTNER,Brasil,BILLING
826,2026-01-06 06:43:04,user10055@example.com,DIRECT,España,LOGIN
827,2026-01-08 14:31:23,user10170@example.com,DIRECT,Espa~na,BILLING
828,2026-01-04 09:55:49,user10044@example.com,DIRECT, Canada,BILLING
829,2026-01-11 14:59:53,user10041@example.com,DIRECT,CANADA ,BUG
830,2026-01-13 06:34:28,user10218@example.com,DIRECT,United States,HOWTO
831,2026-01-01 05:02:07,user10131@example.com,DIRECT,Brasil,HOWTO
832,2026-01-17 15:41:26,user10063@example.com,DIRECT,México,BILLING
833,2026-01-07 02:07:18,user10099@example.com,DIRECT, Canada,LOGIN
834,2026-01-03 03:21:39,user10133@example.com,DIRECT,Mexico,HOWTO
835,2026-01-01 11:49:44,user10010@example.com,DIRECT, México ,HOWTO
836,2026-01-16 15:27:36,user10217@example.com,DIRECT,UNITED STATES,BILLING
837,2026-01-07 12:15:12,user10105@example.com,DIRECT, España ,LOGIN
838,2026-01-11 02:46:47,user10209@example.com,DIRECT,UNITED STATES,BUG
839,2026-01-02 21:31:39,user10173@example.com,DIRECT, Canada,BILLING
840,2026-01-17 13:55:19,user10009@alliances.net,PARTNER,España,BILLING
841,2026-01-16 14:15:52,user10176@example.com,DIRECT,CANADA ,BILLING
842,2026-01-18 23:29:25,user10114@example.com,DIRECT, México ,BUG
843,2026-01-14 17:20:35,user10194@example.com,DIRECT,United States,BUG
844,2026-01-08 18:53:10,user10132@example.com,DIRECT,Me~xico,BUG
845,2026-01-05 02:39:34,user10061@reseller.co,PARTNER,Mexico,BUG
846,2026-01-17 22:42:43,user10154@example.com,DIRECT, España ,BUG
847,2026-01-09 21:27:37,user10062@reseller.co,PARTNER, Canada,BUG
848,2026-01-04 13:06:17,user10073@example.com,DIRECT, México ,BUG
849,2026-01-10 13:43:44,user10129@example.com,DIRECT, España ,BUG
850,2026-01-08 03:48:16,user10072@alliances.net,PARTNER,Bra~sil,BUG
851,2026-01-02 07:14:52,user10205@example.com,DIRECT,España,HOWTO
852,2026-01-08 08:53:07,user10000@alliances.net,PARTNER,México,BILLING
853,2026-01-01 10:53:51,user10084@example.com,DIRECT,México,BILLING
854,2026-01-05 18:37:55,user10007@example.com,DIRECT,Mexico,BUG
855,2026-01-16 20:48:39,user10158@example.com,DIRECT, México ,LOGIN
856,2026-01-09 03:10:01,user10121@alliances.net,PARTNER,United States,HOWTO
857,2026-01-05 13:32:50,user10032@partner-mail.com,PARTNER,Espa~na,LOGIN
858,2026-01-14 15:56:19,user10016@example.com,DIRECT,Bra~sil,BUG
859,2026-01-12 01:45:31,user10163@example.com,DIRECT,Espa~na,BUG
860,2026-01-02 07:44:20,user10044@example.com,DIRECT,Mexico,BILLING
861,2026-01-01 21:53:02,user10185@example.com,DIRECT,UNITED STATES,BILLING
862,2026-01-09 22:01:18,user10073@alliances.net,PARTNER,Espa~na,LOGIN
863,2026-01-09 17:26:36,user10120@example.com,DIRECT,Espana,BILLING
864,2026-01-10 08:24:41,user10015@example.com,DIRECT,México,BILLING
865,2026-01-12 05:45:34,user10111@example.com,DIRECT,Bra~sil,LOGIN
866,2026-01-04 07:44:25,user10006@example.com,DIRECT,UNITED STATES,BILLING
867,2026-01-12 13:11:35,user10049@example.com,DIRECT,Bra~sil,BUG
868,2026-01-12 06:32:00,user10203@partner-mail.com,PARTNER,CANADA ,BUG
869,2026-01-06 10:09:03,user10215@example.com,DIRECT,Me~xico,LOGIN
870,2026-01-05 12:57:25,user10095@example.com,DIRECT,Espa~na,BUG
871,2026-01-15 17:05:49,user10199@example.com,DIRECT, México ,BILLING
872,2026-01-11 22:51:47,user10045@example.com,DIRECT,Brasil,BUG
873,2026-01-13 01:14:43,user10129@example.com,DIRECT, España ,HOWTO
874,2026-01-11 12:58:09,user10155@example.com,DIRECT,Espana,HOWTO
875,2026-01-09 13:50:37,user10195@example.com,DIRECT,Brasil,BILLING
876,2026-01-14 17:47:37,user10002@example.com,DIRECT,United States,LOGIN
877,2026-01-02 03:51:27,user10130@example.com,DIRECT,Bra~sil,BUG
878,2026-01-17 12:29:32,user10053@reseller.co,PARTNER,UNITED STATES,BUG
879,2026-01-13 02:50:04,user10085@example.com,DIRECT,United States,LOGIN
880,2026-01-17 01:59:12,user10211@example.com,DIRECT, España ,HOWTO
881,2026-01-03 06:11:14,user10143@reseller.co,PARTNER,Bra~sil,HOWTO
882,2026-01-10 14:04:45,user10197@reseller.co,PARTNER,Mexico,BUG
883,2026-01-10 10:57:23,user10041@reseller.co,PARTNER,Bra~sil,BILLING
884,2026-01-05 14:15:50,user10139@example.com,DIRECT,Mexico,HOWTO
885,2026-01-12 11:03:35,user10203@example.com,DIRECT,Espana,LOGIN
886,2026-01-05 14:18:34,user10020@example.com,DIRECT,Espa~na,LOGIN
887,2026-01-12 15:39:02,user10192@example.com,DIRECT,Espana,BILLING
888,2026-01-15 07:09:50,user10069@example.com,DIRECT,Bra~sil,HOWTO
889,2026-01-16 04:22:57,user10092@example.com,DIRECT,CANADA ,BUG
890,2026-01-14 06:24:15,user10006@example.com,DIRECT,México,BILLING
891,2026-01-09 21:47:12,user10184@example.com,DIRECT,México,BILLING
892,2026-01-15 07:54:06,user10048@example.com,DIRECT,Espana,HOWTO
893,2026-01-11 22:42:56,user10218@example.com,DIRECT,CANADA ,BILLING
894,2026-01-16 00:44:28,user10005@example.com,DIRECT, España ,BUG
895,2026-01-13 19:43:01,user10024@example.com,DIRECT,España,BUG
896,2026-01-11 03:52:02,user10027@alliances.net,PARTNER,Bra~sil,BUG
897,2026-01-12 02:17:52,user10149@example.com,DIRECT,Espana,BUG
898,2026-01-17 06:53:16,user10139@alliances.net,PARTNER,Bra~sil,LOGIN
899,2026-01-18 02:31:12,user10045@example.com,DIRECT,Mexico,BUG
900,2026-01-12 12:17:39,user10022@example.com,DIRECT,Espana,HOWTO
901,2026-01-01 17:00:44,user10057@example.com,DIRECT,UNITED STATES,BUG
902,2026-01-12 21:52:38,user10034@reseller.co,PARTNER, México ,BUG
903,2026-01-10 12:55:19,user10157@example.com,DIRECT,Mexico,BUG
904,2026-01-16 16:49:16,user10198@example.com,DIRECT,Brasil,BILLING
905,2026-01-15 16:15:30,user10094@example.com,DIRECT,Me~xico,LOGIN
906,2026-01-12 12:23:03,user10073@example.com,DIRECT,Brasil,BUG
907,2026-01-04 22:10:22,user10115@example.com,DIRECT,CANADA ,BUG
908,2026-01-14 17:12:02,user10073@example.com,DIRECT,Bra~sil,BILLING
909,2026-01-03 03:51:43,user10039@example.com,DIRECT,Bra~sil,HOWTO
910,2026-01-17 10:40:00,user10019@alliances.net,PARTNER, Canada,LOGIN
911,2026-01-06 16:09:58,user10143@example.com,DIRECT,CANADA ,BILLING
912,2026-01-08 01:08:06,user10175@example.com,DIRECT,Mexico,BILLING
913,2026-01-11 03:10:24,user10114@example.com,DIRECT, México ,HOWTO
914,2026-01-14 16:28:30,user10148@example.com,DIRECT,CANADA ,BUG
915,2026-01-02 10:58:32,user10025@example.com,DIRECT, México ,LOGIN
916,2026-01-06 16:55:42,user10120@example.com,DIRECT,Me~xico,BILLING
917,2026-01-08 06:14:14,user10147@alliances.net,PARTNER,Brasil,HOWTO
918,2026-01-09 15:43:38,user10135@example.com,DIRECT,Espana,BILLING
919,2026-01-09 23:37:34,user10005@alliances.net,PARTNER,UNITED STATES,BUG
920,2026-01-16 20:27:32,user10022@example.com,DIRECT,Bra~sil,BUG
921,2026-01-11 07:21:19,user10216@example.com,DIRECT,Espana,HOWTO
922,2026-01-18 18:45:38,user10057@example.com,DIRECT,Mexico,BUG
923,2026-01-14 21:45:56,user10050@example.com,DIRECT, México ,BILLING
924,2026-01-18 19:53:42,user10128@reseller.co,PARTNER,Brasil,BUG
925,2026-01-12 16:29:18,user10161@example.com,DIRECT,UNITED STATES,HOWTO
926,2026-01-14 01:06:14,user10209@example.com,DIRECT,México,LOGIN
927,2026-01-11 16:49:06,user10163@example.com,DIRECT,Me~xico,BILLING
928,2026-01-16 23:59:47,user10179@example.com,DIRECT,Me~xico,BILLING
929,2026-01-05 08:21:14,user10201@reseller.co,PARTNER,Bra~sil,HOWTO
930,2026-01-16 14:07:09,user10140@example.com,DIRECT, México ,HOWTO
931,2026-01-08 07:30:11,user10133@alliances.net,PARTNER,Brasil,LOGIN
932,2026-01-11 14:13:42,user10114@partner-mail.com,PARTNER,Bra~sil,LOGIN
933,2026-01-04 07:21:02,user10045@example.com,DIRECT,CANADA ,LOGIN
934,2026-01-05 14:43:01,user10003@example.com,DIRECT,Mexico,BILLING
935,2026-01-07 10:15:05,user10026@example.com,DIRECT, Canada,LOGIN
936,2026-01-01 06:28:54,user10195@example.com,DIRECT,Bra~sil,LOGIN
937,2026-01-16 17:21:27,user10067@example.com,DIRECT,Brasil,BUG
938,2026-01-14 07:16:17,user10014@partner-mail.com,PARTNER, España ,BILLING
939,2026-01-10 12:38:42,user10030@example.com,DIRECT,Bra~sil,HOWTO
940,2026-01-14 21:02:42,user10028@example.com,DIRECT,CANADA ,BUG
941,2026-01-13 21:47:00,user10082@example.com,DIRECT,Mexico,BUG
942,2026-01-14 14:24:27,user10152@example.com,DIRECT, España ,HOWTO
943,2026-01-07 20:07:26,user10177@example.com,DIRECT,México,BILLING
944,2026-01-11 23:03:03,user10178@partner-mail.com,PARTNER,España,BUG
945,2026-01-01 06:11:43,user10210@example.com,DIRECT,CANADA ,LOGIN
946,2026-01-12 05:00:04,user10173@example.com,DIRECT,Espana,BUG
947,2026-01-03 06:05:01,user10058@example.com,DIRECT, España ,HOWTO
948,2026-01-13 14:03:03,user10099@example.com,DIRECT,Brasil,BILLING
949,2026-01-13 02:38:56,user10142@example.com,DIRECT,Espa~na,BILLING
950,2026-01-10 14:24:00,user10038@example.com,DIRECT,Mexico,LOGIN
951,2026-01-05 06:38:06,user10151@example.com,DIRECT,España,BUG
952,2026-01-12 00:53:17,user10007@example.com,DIRECT,Brasil,HOWTO
953,2026-01-05 00:16:57,user10049@example.com,DIRECT,Espa~na,BUG
954,2026-01-05 15:01:30,user10187@example.com,DIRECT,Mexico,BUG
955,2026-01-13 10:36:17,user10070@example.com,DIRECT,España,BILLING
956,2026-01-10 09:13:26,user10215@example.com,DIRECT,Me~xico,BUG
957,2026-01-03 08:42:09,user10184@example.com,DIRECT,Brasil,LOGIN
958,2026-01-12 10:19:10,user10053@example.com,DIRECT,United States,BILLING
959,2026-01-14 14:10:37,user10202@example.com,DIRECT,Bra~sil,HOWTO
960,2026-01-11 04:27:13,user10190@partner-mail.com,PARTNER,United States,HOWTO
961,2026-01-07 23:40:27,user10216@example.com,DIRECT, España ,BUG
962,2026-01-05 14:16:08,user10088@reseller.co,PARTNER,Espana,BILLING
963,2026-01-02 04:10:43,user10199@example.com,DIRECT,México,BUG
964,2026-01-03 16:09:39,user10068@partner-mail.com,PARTNER,UNITED STATES,LOGIN
965,2026-01-15 09:22:41,user10078@alliances.net,PARTNER, México ,BUG
966,2026-01-12 21:24:30,user10111@example.com,DIRECT, México ,BILLING
967,2026-01-14 22:30:07,user10079@reseller.co,PARTNER,México,BUG
968,2026-01-03 20:12:12,user10001@example.com,DIRECT, Canada,BUG
969,2026-01-12 17:21:30,user10157@example.com,DIRECT,Mexico,HOWTO
970,2026-01-15 23:31:28,user10097@partner-mail.com,PARTNER,UNITED STATES,BUG
971,2026-01-04 09:40:38,user10179@example.com,DIRECT,United States,BUG
972,2026-01-04 23:25:10,user10043@example.com,DIRECT,Espa~na,BILLING
973,2026-01-12 06:02:45,user10049@example.com,DIRECT, España ,BUG
974,2026-01-14 16:48:49,user10156@example.com,DIRECT,México,LOGIN
975,2026-01-17 20:51:29,user10153@example.com,DIRECT,Bra~sil,HOWTO
976,2026-01-07 06:44:15,user10110@example.com,DIRECT,United States,HOWTO
977,2026-01-05 15:21:31,user10132@example.com,DIRECT,Bra~sil,BILLING
978,2026-01-17 12:57:49,user10191@reseller.co,PARTNER, México ,BUG
979,2026-01-11 20:03:54,user10193@example.com,DIRECT,México,BILLING
980,2026-01-05 02:00:14,user10197@example.com,DIRECT,United States,BUG
981,2026-01-02 12:31:06,user10218@example.com,DIRECT,España,HOWTO
982,2026-01-03 13:35:23,user10069@example.com,DIRECT,CANADA ,BILLING
983,2026-01-18 09:53:48,user10175@alliances.net,PARTNER,Espana,BUG
984,2026-01-13 07:20:03,user10061@example.com,DIRECT,UNITED STATES,BUG
985,2026-01-14 17:41:15,user10190@alliances.net,PARTNER,Espa~na,HOWTO
986,2026-01-14 12:52:30,user10206@example.com,DIRECT,Bra~sil,LOGIN
987,2026-01-11 20:10:17,user10096@example.com,DIRECT,Espana,HOWTO
988,2026-01-07 18:00:06,user10110@example.com,DIRECT,Espana,BUG
989,2026-01-05 20:06:11,user10025@example.com,DIRECT,United States,BUG
990,2026-01-09 01:27:18,user10021@example.com,DIRECT,United States,HOWTO
991,2026-01-14 17:00:12,user10043@example.com,DIRECT, España ,BUG
992,2026-01-12 21:01:31,user10010@example.com,DIRECT,Espa~na,LOGIN
993,2026-01-09 18:57:16,user10087@example.com,DIRECT, España ,BUG
994,2026-01-06 00:54:34,user10217@example.com,DIRECT,Espa~na,BUG
995,2026-01-15 00:03:00,user10155@example.com,DIRECT,Espana,HOWTO
996,2026-01-08 11:45:28,user10127@example.com,DIRECT,México,BUG
997,2026-01-03 19:38:03,user10160@example.com,DIRECT, España ,LOGIN
998,2026-01-11 05:14:32,user10011@example.com,DIRECT,Espa~na,BILLING
999,2026-01-02 11:30:28,user10144@alliances.net,PARTNER,Mexico,BILLING
1000,2026-01-06 00:56:11,user10112@example.com,DIRECT,España,BUG
1001,2026-01-05 10:41:22,user10025@example.com,DIRECT,Espa~na,LOGIN
1002,2026-01-03 11:30:47,user10110@alliances.net,PARTNER,Brasil,BUG
1003,2026-01-12 09:35:57,user10146@example.com,DIRECT, Canada,BUG
1004,2026-01-17 06:17:15,user10095@partner-mail.com,PARTNER,United States,LOGIN
1005,2026-01-05 16:26:11,user10202@example.com,DIRECT,Mexico,BILLING
1006,2026-01-03 01:55:12,user10209@example.com,DIRECT, España ,HOWTO
1007,2026-01-06 18:48:48,user10079@example.com,DIRECT,México,LOGIN
1008,2026-01-18 19:47:10,user10208@example.com,DIRECT,México,BUG
1009,2026-01-15 02:50:07,user10053@example.com,DIRECT,Espa~na,BILLING
1010,2026-01-16 05:53:34,user10027@example.com,DIRECT,Brasil,HOWTO
1011,2026-01-06 12:29:40,user10142@partner-mail.com,PARTNER, España ,BILLING
1012,2026-01-09 22:31:01,user10033@example.com,DIRECT,Mexico,BUG
1013,2026-01-03 21:54:03,user10070@example.com,DIRECT,Brasil,HOWTO
1014,2026-01-16 14:36:28,user10089@alliances.net,PARTNER,Me~xico,BILLING
1015,2026-01-12 01:13:31,user10151@example.com,DIRECT, España ,BUG
1016,2026-01-02 08:31:27,user10183@example.com,DIRECT,United States,LOGIN
1017,2026-01-14 12:31:02,user10196@example.com,DIRECT,España,HOWTO
1018,2026-01-11 01:27:13,user10137@example.com,DIRECT,España,BILLING
1019,2026-01-01 10:15:47,user10212@alliances.net,PARTNER,México,BILLING
1020,2026-01-07 20:31:51,user10160@example.com,DIRECT, México ,BUG
1021,2026-01-11 00:58:06,user10192@example.com,DIRECT,Bra~sil,BUG
1022,2026-01-06 02:36:39,user10126@reseller.co,PARTNER,Espa~na,BUG
1023,2026-01-04 18:25:41,user10025@example.com,DIRECT,Bra~sil,BILLING
1024,2026-01-17 18:37:48,user10046@example.com,DIRECT, Canada,LOGIN
1025,2026-01-17 23:02:47,user10090@example.com,DIRECT,Espana,BILLING
1026,2026-01-01 12:41:08,user10179@example.com,DIRECT,Espa~na,BUG
1027,2026-01-02 07:54:57,user10091@example.com,DIRECT,CANADA ,LOGIN
1028,2026-01-16 10:56:01,user10003@example.com,DIRECT,CANADA ,HOWTO
1029,2026-01-06 08:20:13,user10095@example.com,DIRECT,United States,LOGIN
1030,2026-01-02 01:56:02,user10153@reseller.co,PARTNER,México,BILLING
1031,2026-01-09 21:34:45,user10217@example.com,DIRECT, España ,BILLING
1032,2026-01-13 10:05:11,user10042@reseller.co,PARTNER,UNITED STATES,LOGIN
1033,2026-01-07 09:08:36,user10068@alliances.net,PARTNER,Brasil,LOGIN
1034,2026-01-06 00:23:43,user10103@example.com,DIRECT,México,HOWTO
1035,2026-01-07 08:02:23,user10107@example.com,DIRECT, México ,BUG
1036,2026-01-10 18:18:56,user10214@example.com,DIRECT,Me~xico,LOGIN
1037,2026-01-07 00:24:50,user10087@example.com,DIRECT, España ,LOGIN
1038,2026-01-17 16:58:19,user10118@example.com,DIRECT,España,BILLING
1039,2026-01-15 08:02:11,user10055@reseller.co,PARTNER,UNITED STATES,BILLING
1040,2026-01-15 03:15:48,user10012@example.com,DIRECT, España ,BUG
1041,2026-01-05 10:05:30,user10086@example.com,DIRECT,UNITED STATES,BILLING
1042,2026-01-02 12:13:46,user10094@example.com,DIRECT,México,BUG
1043,2026-01-17 18:16:44,user10037@reseller.co,PARTNER,Me~xico,LOGIN
1044,2026-01-06 04:16:23,user10145@example.com,DIRECT,United States,BUG
1045,2026-01-10 19:22:34,user10072@example.com,DIRECT,Brasil,BUG
1046,2026-01-09 17:05:20,user10012@partner-mail.com,PARTNER,Brasil,BILLING
1047,2026-01-12 15:49:36,user10117@example.com,DIRECT,España,BUG
1048,2026-01-13 04:32:10,user10055@example.com,DIRECT,CANADA ,HOWTO
1049,2026-01-03 04:45:33,user10160@example.com,DIRECT,Mexico,BILLING
1050,2026-01-01 04:08:47,user10004@example.com,DIRECT,CANADA ,HOWTO
1051,2026-01-13 16:56:32,user10169@example.com,DIRECT,CANADA ,HOWTO
1052,2026-01-16 06:49:28,user10118@alliances.net,PARTNER,España,BUG
1053,2026-01-15 18:00:31,user10160@example.com,DIRECT,Brasil,BUG
1054,2026-01-16 23:19:04,user10083@example.com,DIRECT,Mexico,BILLING
1055,2026-01-02 20:15:52,user10194@example.com,DIRECT,Brasil,BILLING
1056,2026-01-18 19:38:35,user10110@alliances.net,PARTNER,CANADA ,HOWTO
1057,2026-01-05 14:55:24,user10219@example.com,DIRECT,CANADA ,HOWTO
1058,2026-01-04 09:40:39,user10065@example.com,DIRECT, Canada,BILLING
1059,2026-01-14 07:42:12,user10188@example.com,DIRECT,Espa~na,BUG
1060,2026-01-04 19:04:00,user10144@partner-mail.com,PARTNER, México ,LOGIN
1061,2026-01-10 14:05:47,user10203@example.com,DIRECT,Me~xico,BILLING
1062,2026-01-15 08:40:29,user10038@example.com,DIRECT,México,BUG
1063,2026-01-16 09:57:23,user10112@example.com,DIRECT,Brasil,BUG
1064,2026-01-10 04:30:08,user10199@partner-mail.com,PARTNER,Me~xico,BILLING
1065,2026-01-09 02:56:00,user10053@example.com,DIRECT, Canada,BUG
1066,2026-01-05 21:31:47,user10211@example.com,DIRECT,Espana,BILLING
1067,2026-01-06 23:50:13,user10212@example.com,DIRECT,United States,BILLING
1068,2026-01-01 00:52:46,user10108@example.com,DIRECT,España,LOGIN
1069,2026-01-09 03:13:24,user10160@example.com,DIRECT,Me~xico,BILLING
1070,2026-01-04 19:02:06,user10102@example.com,DIRECT,Mexico,BUG
1071,2026-01-12 09:52:34,user10144@example.com,DIRECT,Mexico,BUG
1072,2026-01-13 23:02:05,user10189@example.com,DIRECT,España,LOGIN
1073,2026-01-06 21:42:03,user10162@example.com,DIRECT, México ,BUG
1074,2026-01-14 02:01:13,user10063@example.com,DIRECT, España ,BILLING
1075,2026-01-18 12:07:49,user10127@example.com,DIRECT,Brasil,BILLING
1076,2026-01-07 20:37:20,user10176@example.com,DIRECT,CANADA ,LOGIN
1077,2026-01-11 01:38:39,user10127@reseller.co,PARTNER,Espana,BILLING
1078,2026-01-17 18:43:19,user10063@example.com,DIRECT, Canada,BUG
1079,2026-01-02 06:42:21,user10165@example.com,DIRECT,United States,HOWTO
1080,2026-01-10 01:01:00,user10158@example.com,DIRECT, Canada,BILLING
1081,2026-01-05 15:42:11,user10139@example.com,DIRECT,CANADA ,BUG
1082,2026-01-10 10:39:35,user10073@example.com,DIRECT, México ,BUG
1083,2026-01-06 04:48:34,user10123@example.com,DIRECT,Mexico,HOWTO
1084,2026-01-08 06:14:35,user10132@example.com,DIRECT,United States,HOWTO
1085,2026-01-03 17:49:34,user10047@example.com,DIRECT,Brasil,HOWTO
1086,2026-01-08 09:13:18,user10203@partner-mail.com,PARTNER, España ,HOWTO
1087,2026-01-14 20:35:28,user10130@partner-mail.com,PARTNER,Bra~sil,HOWTO
1088,2026-01-07 09:09:47,user10011@example.com,DIRECT,Brasil,BUG
1089,2026-01-04 01:32:07,user10059@alliances.net,PARTNER,CANADA ,HOWTO
1090,2026-01-15 09:28:07,user10177@example.com,DIRECT,México,BILLING
1091,2026-01-03 03:52:58,user10152@example.com,DIRECT, España ,HOWTO
1092,2026-01-08 00:14:03,user10119@partner-mail.com,PARTNER,UNITED STATES,BUG
1093,2026-01-05 21:46:47,user10108@example.com,DIRECT,United States,LOGIN
1094,2026-01-05 06:30:36,user10083@example.com,DIRECT,Mexico,LOGIN
1095,2026-01-17 23:42:31,user10207@example.com,DIRECT,Espa~na,BILLING
1096,2026-01-08 06:57:38,user10077@example.com,DIRECT, España ,LOGIN
1097,2026-01-16 23:25:33,user10182@example.com,DIRECT, España ,BUG
1098,2026-01-17 15:35:05,user10015@example.com,DIRECT, Canada,BUG
1099,2026-01-12 03:07:35,user10117@example.com,DIRECT,Brasil,HOWTO
1100,2026-01-12 16:42:09,user10056@example.com,DIRECT,CANADA ,LOGIN
1101,2026-01-14 00:02:29,user10092@example.com,DIRECT,Espana,BILLING
1102,2026-01-02 18:00:38,user10137@example.com,DIRECT, Canada,BUG
1103,2026-01-12 10:35:41,user10014@example.com,DIRECT,México,HOWTO
1104,2026-01-08 15:17:16,user10021@example.com,DIRECT, Canada,LOGIN
1105,2026-01-10 01:53:29,user10127@example.com,DIRECT,Brasil,LOGIN
1106,2026-01-09 21:27:31,user10147@alliances.net,PARTNER,Espa~na,BILLING
1107,2026-01-16 03:46:04,user10013@example.com,DIRECT, Canada,BILLING
1108,2026-01-01 13:20:54,user10211@partner-mail.com,PARTNER,Brasil,HOWTO
1109,2026-01-14 01:21:21,user10096@example.com,DIRECT,United States,HOWTO
1110,2026-01-18 07:31:15,user10215@example.com,DIRECT, México ,LOGIN
1111,2026-01-16 22:43:44,user10029@example.com,DIRECT,United States,HOWTO
1112,2026-01-17 00:57:51,user10195@example.com,DIRECT,United States,BILLING
1113,2026-01-04 00:54:07,user10141@example.com,DIRECT,CANADA ,BUG
1114,2026-01-02 17:26:39,user10177@example.com,DIRECT,México,HOWTO
1115,2026-01-05 09:30:18,user10177@reseller.co,PARTNER,United States,LOGIN
1116,2026-01-10 13:29:45,user10039@example.com,DIRECT, España ,BUG
1117,2026-01-02 16:14:20,user10036@example.com,DIRECT,UNITED STATES,BUG
1118,2026-01-06 03:55:14,user10213@example.com,DIRECT,Mexico,BILLING
1119,2026-01-03 14:44:09,user10095@example.com,DIRECT,Mexico,LOGIN
1120,2026-01-04 12:16:29,user10044@example.com,DIRECT, México ,BUG
1121,2026-01-10 08:34:41,user10138@reseller.co,PARTNER,Espa~na,LOGIN
1122,2026-01-05 22:39:49,user10191@example.com,DIRECT,UNITED STATES,BILLING
1123,2026-01-10 02:08:07,user10060@example.com,DIRECT,Me~xico,BILLING
1124,2026-01-01 14:31:55,user10193@alliances.net,PARTNER,Bra~sil,BUG
1125,2026-01-14 01:45:49,user10014@example.com,DIRECT,United States,LOGIN
1126,2026-01-13 07:25:04,user10136@example.com,DIRECT, Canada,BUG
1127,2026-01-12 09:29:48,user10082@reseller.co,PARTNER,España,BUG
1128,2026-01-07 19:21:39,user10114@example.com,DIRECT,Me~xico,LOGIN
1129,2026-01-17 17:34:48,user10133@alliances.net,PARTNER,Bra~sil,BUG
1130,2026-01-13 09:28:28,user10044@reseller.co,PARTNER,México,LOGIN
1131,2026-01-06 20:12:30,user10010@reseller.co,PARTNER, Canada,BILLING
1132,2026-01-15 00:21:34,user10114@example.com,DIRECT,UNITED STATES,BUG
1133,2026-01-18 16:53:30,user10209@example.com,DIRECT,Me~xico,LOGIN
1134,2026-01-11 01:54:49,user10063@example.com,DIRECT,Me~xico,BUG
1135,2026-01-09 07:51:53,user10123@alliances.net,PARTNER,Bra~sil,HOWTO
1136,2026-01-07 23:04:36,user10027@example.com,DIRECT,España,BILLING
1137,2026-01-06 03:26:59,user10075@example.com,DIRECT,Brasil,BUG
1138,2026-01-03 02:14:52,user10028@example.com,DIRECT, Canada,BUG
1139,2026-01-02 02:11:29,user10024@example.com,DIRECT,Espa~na,LOGIN
1140,2026-01-12 18:48:04,user10176@example.com,DIRECT,Espa~na,LOGIN
1141,2026-01-11 11:07:29,user10198@example.com,DIRECT,Me~xico,BUG
1142,2026-01-13 00:44:12,user10202@example.com,DIRECT,México,BUG
1143,2026-01-16 09:42:41,user10160@example.com,DIRECT,Brasil,LOGIN
1144,2026-01-15 10:10:14,user10031@example.com,DIRECT,Brasil,BUG
1145,2026-01-05 02:28:38,user10203@example.com,DIRECT, Canada,BUG
1146,2026-01-03 06:46:07,user10002@example.com,DIRECT,CANADA ,BILLING
1147,2026-01-09 10:20:54,user10059@example.com,DIRECT,Bra~sil,LOGIN
1148,2026-01-01 08:15:25,user10057@reseller.co,PARTNER,Espana,HOWTO
1149,2026-01-11 13:17:51,user10163@example.com,DIRECT,CANADA ,BILLING
1150,2026-01-16 02:10:52,user10029@example.com,DIRECT,Bra~sil,BUG
1151,2026-01-14 10:02:00,user10212@example.com,DIRECT,Brasil,BUG
1152,2026-01-11 09:38:52,user10041@alliances.net,PARTNER,España,BILLING
1153,2026-01-15 20:40:45,user10189@alliances.net,PARTNER,Espana,BILLING
1154,2026-01-02 18:13:21,user10128@example.com,DIRECT,Brasil,LOGIN
1155,2026-01-08 16:21:47,user10055@example.com,DIRECT,Espa~na,BUG
1156,2026-01-13 12:35:41,user10092@example.com,DIRECT,Brasil,BILLING
1157,2026-01-18 19:14:49,user10025@example.com,DIRECT,UNITED STATES,BUG
1158,2026-01-02 03:10:18,user10094@alliances.net,PARTNER, México ,BUG
1159,2026-01-02 17:33:23,user10152@alliances.net,PARTNER,United States,HOWTO
1160,2026-01-12 19:19:55,user10045@example.com,DIRECT,México,BILLING
1161,2026-01-13 18:10:01,user10211@alliances.net,PARTNER,España,BUG
1162,2026-01-10 20:54:41,user10146@example.com,DIRECT, México ,HOWTO
1163,2026-01-02 19:38:18,user10080@example.com,DIRECT,Brasil,LOGIN
1164,2026-01-13 10:56:56,user10063@example.com,DIRECT,UNITED STATES,BUG
1165,2026-01-10 21:37:13,user10170@example.com,DIRECT, México ,LOGIN
1166,2026-01-02 08:37:13,user10087@example.com,DIRECT,Mexico,BUG
1167,2026-01-01 05:46:17,user10207@reseller.co,PARTNER,Espa~na,BUG
1168,2026-01-17 00:25:36,user10101@partner-mail.com,PARTNER,Me~xico,BUG
1169,2026-01-16 00:58:05,user10154@alliances.net,PARTNER,Me~xico,HOWTO
1170,2026-01-17 01:41:35,user10198@reseller.co,PARTNER,Espa~na,BUG
1171,2026-01-04 02:16:51,user10209@alliances.net,PARTNER,Espa~na,BUG
1172,2026-01-18 09:00:27,user10054@example.com,DIRECT,México,LOGIN
1173,2026-01-10 07:29:19,user10095@example.com,DIRECT,Bra~sil,BUG
1174,2026-01-14 02:43:11,user10158@example.com,DIRECT,Espana,HOWTO
1175,2026-01-12 14:19:06,user10090@example.com,DIRECT,Bra~sil,HOWTO
1176,2026-01-06 23:16:00,user10068@example.com,DIRECT,United States,BILLING
1177,2026-01-07 00:46:50,user10136@reseller.co,PARTNER, México ,BUG
1178,2026-01-18 15:27:33,user10196@partner-mail.com,PARTNER,Mexico,BILLING
1179,2026-01-17 19:29:41,user10102@example.com,DIRECT, España ,BILLING
1180,2026-01-12 07:30:29,user10086@example.com,DIRECT,UNITED STATES,LOGIN
1181,2026-01-11 09:35:35,user10167@partner-mail.com,PARTNER,España,BILLING
1182,2026-01-13 14:02:21,user10111@example.com,DIRECT,España,BUG
1183,2026-01-16 07:02:20,user10068@example.com,DIRECT,Mexico,LOGIN
1184,2026-01-12 04:02:13,user10192@example.com,DIRECT,Bra~sil,LOGIN
1185,2026-01-05 19:27:29,user10134@example.com,DIRECT,United States,HOWTO
1186,2026-01-04 22:00:56,user10148@alliances.net,PARTNER,Brasil,LOGIN
1187,2026-01-18 19:39:37,user10178@example.com,DIRECT,México,BILLING
1188,2026-01-16 12:01:07,user10020@example.com,DIRECT,Bra~sil,LOGIN
1189,2026-01-04 20:41:43,user10187@example.com,DIRECT,Espa~na,BILLING
1190,2026-01-12 16:47:26,user10030@example.com,DIRECT,CANADA ,BUG
1191,2026-01-08 16:14:32,user10002@example.com,DIRECT,Brasil,BUG
1192,2026-01-04 04:22:08,user10217@example.com,DIRECT,España,LOGIN
1193,2026-01-11 01:29:56,user10061@example.com,DIRECT,Brasil,HOWTO
1194,2026-01-07 11:22:12,user10006@example.com,DIRECT, Canada,LOGIN
1195,2026-01-16 04:24:17,user10154@example.com,DIRECT,México,BILLING
1196,2026-01-03 17:07:55,user10066@example.com,DIRECT,Espana,BILLING
1197,2026-01-13 14:36:11,user10091@partner-mail.com,PARTNER,CANADA ,BILLING
1198,2026-01-08 09:17:55,user10210@example.com,DIRECT,Mexico,LOGIN
1199,2026-01-17 12:27:25,user10125@example.com,DIRECT,España,LOGIN
1200,2026-01-18 01:33:41,user10003@example.com,DIRECT,CANADA ,LOGIN
1201,2026-01-10 12:22:52,user10149@example.com,DIRECT,United States,BILLING
1202,2026-01-07 11:15:35,user10035@example.com,DIRECT, México ,BILLING
1203,2026-01-15 02:26:04,user10070@example.com,DIRECT,Brasil,BUG
1204,2026-01-08 19:46:34,user10046@alliances.net,PARTNER,UNITED STATES,LOGIN
1205,2026-01-08 12:21:18,user10201@example.com,DIRECT,United States,BUG
1206,2026-01-15 11:05:25,user10019@example.com,DIRECT,United States,HOWTO
1207,2026-01-01 16:51:11,user10118@example.com,DIRECT,España,LOGIN
1208,2026-01-02 23:30:48,user10103@example.com,DIRECT,México,LOGIN
1209,2026-01-05 11:57:35,user10121@example.com,DIRECT, México ,BUG
1210,2026-01-03 13:25:49,user10130@example.com,DIRECT, España ,BILLING
1211,2026-01-01 16:39:26,user10022@partner-mail.com,PARTNER,Bra~sil,HOWTO
1212,2026-01-14 21:11:06,user10070@example.com,DIRECT,Espa~na,LOGIN
1213,2026-01-02 08:38:42,user10124@reseller.co,PARTNER,Mexico,BILLING
1214,2026-01-03 00:46:52,user10023@example.com,DIRECT,Espana,LOGIN
1215,2026-01-01 16:14:35,user10178@example.com,DIRECT,Espa~na,BUG
1216,2026-01-12 15:09:09,user10178@example.com,DIRECT, Canada,HOWTO
1217,2026-01-04 03:31:07,user10116@example.com,DIRECT,México,HOWTO
1218,2026-01-15 12:14:54,user10176@example.com,DIRECT,CANADA ,BILLING
1219,2026-01-12 14:13:08,user10094@example.com,DIRECT,Espa~na,BILLING
1220,2026-01-11 08:35:18,user10123@example.com,DIRECT,Espana,LOGIN
1221,2026-01-04 02:30:51,user10102@example.com,DIRECT, España ,BILLING
1222,2026-01-02 21:39:01,user10030@example.com,DIRECT,Me~xico,LOGIN
1223,2026-01-18 15:09:41,user10038@example.com,DIRECT,Bra~sil,LOGIN
1224,2026-01-04 02:12:28,user10119@reseller.co,PARTNER,CANADA ,BUG
1225,2026-01-08 02:19:09,user10017@example.com,DIRECT,Bra~sil,LOGIN
1226,2026-01-10 11:39:54,user10138@alliances.net,PARTNER,Brasil,BILLING
1227,2026-01-11 20:26:53,user10070@partner-mail.com,PARTNER,España,BUG
1228,2026-01-18 07:21:20,user10094@example.com,DIRECT,México,BILLING
1229,2026-01-04 05:08:57,user10197@example.com,DIRECT, Canada,BILLING
1230,2026-01-12 23:02:26,user10190@example.com,DIRECT,UNITED STATES,BUG
1231,2026-01-12 15:31:58,user10103@example.com,DIRECT,Espa~na,BILLING
1232,2026-01-13 18:45:35,user10085@reseller.co,PARTNER,México,BILLING
1233,2026-01-18 08:03:29,user10178@reseller.co,PARTNER,Espana,BILLING
1234,2026-01-11 04:49:02,user10112@example.com,DIRECT,Mexico,BUG
1235,2026-01-15 02:45:21,user10162@partner-mail.com,PARTNER, Canada,BILLING
1236,2026-01-06 03:03:56,user10025@example.com,DIRECT,Me~xico,BUG
1237,2026-01-05 13:11:03,user10156@example.com,DIRECT,UNITED STATES,BUG
1238,2026-01-11 00:34:13,user10123@example.com,DIRECT,Mexico,LOGIN
1239,2026-01-08 12:33:44,user10046@example.com,DIRECT,Bra~sil,HOWTO
1240,2026-01-01 04:18:35,user10168@example.com,DIRECT,México,BUG
1241,2026-01-09 18:33:21,user10118@example.com,DIRECT,UNITED STATES,BILLING
1242,2026-01-08 22:17:44,user10160@example.com,DIRECT,Me~xico,BILLING
1243,2026-01-15 18:42:59,user10182@reseller.co,PARTNER,Bra~sil,BILLING
1244,2026-01-15 20:56:53,user10056@alliances.net,PARTNER,España,BUG
1245,2026-01-11 20:56:40,user10178@example.com,DIRECT,Espana,BILLING
1246,2026-01-04 19:11:54,user10218@example.com,DIRECT,Brasil,LOGIN
1247,2026-01-10 11:39:43,user10113@example.com,DIRECT,UNITED STATES,BILLING
1248,2026-01-12 09:36:27,user10158@example.com,DIRECT,Brasil,HOWTO
1249,2026-01-01 11:02:01,user10169@example.com,DIRECT,Me~xico,BUG
1250,2026-01-13 11:33:50,user10093@example.com,DIRECT,Bra~sil,BUG
1251,2026-01-09 04:17:05,user10177@example.com,DIRECT,CANADA ,BUG
1252,2026-01-03 13:48:18,user10091@example.com,DIRECT, España ,LOGIN
1253,2026-01-07 02:07:30,user10194@example.com,DIRECT, España ,BILLING
1254,2026-01-16 19:26:42,user10171@example.com,DIRECT,Espana,BILLING
1255,2026-01-05 02:06:16,user10118@example.com,DIRECT, México ,LOGIN
1256,2026-01-05 00:06:07,user10038@example.com,DIRECT,Bra~sil,HOWTO
1257,2026-01-16 21:08:58,user10182@example.com,DIRECT,Bra~sil,BILLING
1258,2026-01-18 04:21:03,user10140@partner-mail.com,PARTNER,México,BILLING
1259,2026-01-07 01:32:39,user10125@example.com,DIRECT, Canada,BUG
1260,2026-01-07 13:57:12,user10158@example.com,DIRECT,Brasil,BILLING
1261,2026-01-05 01:04:54,user10218@alliances.net,PARTNER, España ,LOGIN
1262,2026-01-12 03:23:31,user10113@example.com,DIRECT, España ,BUG
1263,2026-01-02 10:09:37,user10084@example.com,DIRECT, España ,BILLING
1264,2026-01-18 22:30:54,user10192@example.com,DIRECT,Mexico,LOGIN
1265,2026-01-03 20:26:00,user10142@example.com,DIRECT,México,LOGIN
1266,2026-01-15 01:04:15,user10103@partner-mail.com,PARTNER, España ,BILLING
1267,2026-01-17 08:23:13,user10040@example.com,DIRECT,Brasil,HOWTO
1268,2026-01-09 23:22:02,user10102@example.com,DIRECT,Me~xico,HOWTO
1269,2026-01-10 03:32:25,user10206@reseller.co,PARTNER,Brasil,BUG
1270,2026-01-04 05:08:57,user10062@example.com,DIRECT,Bra~sil,LOGIN
1271,2026-01-10 19:36:20,user10211@alliances.net,PARTNER,España,BILLING
1272,2026-01-12 04:39:08,user10202@example.com,DIRECT, España ,BUG
1273,2026-01-13 03:06:37,user10186@example.com,DIRECT, España ,BUG
1274,2026-01-11 10:11:12,user10069@example.com,DIRECT,Mexico,HOWTO
1275,2026-01-12 21:28:50,user10174@reseller.co,PARTNER,CANADA ,BILLING
1276,2026-01-02 15:18:30,user10152@example.com,DIRECT,Me~xico,BILLING
1277,2026-01-01 23:24:24,user10197@example.com,DIRECT,México,LOGIN
1278,2026-01-07 23:30:35,user10090@example.com,DIRECT,Bra~sil,LOGIN
1279,2026-01-04 14:57:05,user10136@example.com,DIRECT,México,HOWTO
1280,2026-01-17 11:25:51,user10205@example.com,DIRECT,México,BILLING
1281,2026-01-13 22:55:40,user10200@example.com,DIRECT,CANADA ,LOGIN
1282,2026-01-10 21:33:16,user10208@example.com,DIRECT,Espana,BILLING
1283,2026-01-13 13:11:45,user10022@example.com,DIRECT,Espana,HOWTO
1284,2026-01-04 21:22:18,user10006@example.com,DIRECT, México ,BUG
1285,2026-01-14 10:27:10,user10020@example.com,DIRECT, España ,HOWTO
1286,2026-01-12 23:37:38,user10218@example.com,DIRECT,Me~xico,LOGIN
1287,2026-01-15 09:12:41,user10091@reseller.co,PARTNER,Espa~na,BUG
1288,2026-01-09 08:38:14,user10133@example.com,DIRECT,UNITED STATES,HOWTO
1289,2026-01-13 08:59:41,user10091@example.com,DIRECT, México ,BILLING
1290,2026-01-17 11:23:19,user10016@example.com,DIRECT,Brasil,HOWTO
1291,2026-01-07 00:03:32,user10200@example.com,DIRECT,Me~xico,BUG
1292,2026-01-09 00:31:07,user10109@example.com,DIRECT,Espana,LOGIN
1293,2026-01-13 12:47:51,user10067@example.com,DIRECT,Espa~na,BUG
1294,2026-01-01 09:12:41,user10010@example.com,DIRECT,Bra~sil,BUG
1295,2026-01-10 23:07:52,user10025@partner-mail.com,PARTNER,United States,BILLING
1296,2026-01-03 08:29:12,user10120@example.com,DIRECT,España,HOWTO
1297,2026-01-12 13:39:09,user10169@example.com,DIRECT,Espa~na,HOWTO
1298,2026-01-04 02:59:08,user10040@example.com,DIRECT,México,LOGIN
1299,2026-01-02 02:29:09,user10116@example.com,DIRECT, España ,HOWTO
1300,2026-01-18 19:58:43,user10080@example.com,DIRECT,Espana,BUG
1301,2026-01-05 14:19:22,user10143@partner-mail.com,PARTNER,UNITED STATES,BUG
1302,2026-01-07 06:42:01,user10067@example.com,DIRECT,Brasil,BUG
1303,2026-01-10 21:07:47,user10194@example.com,DIRECT,Mexico,HOWTO
1304,2026-01-07 03:08:17,user10132@example.com,DIRECT,Espa~na,LOGIN
1305,2026-01-10 16:57:18,user10038@example.com,DIRECT,Me~xico,BILLING
1306,2026-01-18 02:46:16,user10180@example.com,DIRECT,UNITED STATES,HOWTO
1307,2026-01-01 02:22:39,user10141@partner-mail.com,PARTNER, Canada,LOGIN
1308,2026-01-04 00:35:12,user10206@reseller.co,PARTNER,Espa~na,BUG
1309,2026-01-07 14:16:30,user10202@partner-mail.com,PARTNER,México,LOGIN
1310,2026-01-12 18:07:30,user10072@example.com,DIRECT,UNITED STATES,HOWTO
1311,2026-01-10 06:08:20,user10152@example.com,DIRECT,UNITED STATES,BUG
1312,2026-01-18 12:46:02,user10125@alliances.net,PARTNER,United States,BUG
1313,2026-01-03 18:21:47,user10095@example.com,DIRECT,Me~xico,BUG
1314,2026-01-17 12:34:00,user10001@example.com,DIRECT, México ,BILLING
1315,2026-01-02 03:22:19,user10179@example.com,DIRECT, España ,BUG
1316,2026-01-03 09:55:47,user10081@reseller.co,PARTNER,Me~xico,BUG
1317,2026-01-08 17:33:44,user10015@example.com,DIRECT, Canada,BILLING
1318,2026-01-09 23:07:53,user10211@example.com,DIRECT,México,BILLING
1319,2026-01-17 19:36:01,user10088@example.com,DIRECT,United States,BILLING
1320,2026-01-05 09:04:20,user10026@example.com,DIRECT, Canada,LOGIN
1321,2026-01-09 02:44:47,user10096@example.com,DIRECT,Espa~na,BUG
1322,2026-01-13 11:23:48,user10191@partner-mail.com,PARTNER,Espa~na,BILLING
1323,2026-01-12 07:38:10,user10164@alliances.net,PARTNER, México ,HOWTO
1324,2026-01-05 16:33:36,user10143@example.com,DIRECT,Mexico,BILLING
1325,2026-01-03 05:25:14,user10065@example.com,DIRECT,United States,LOGIN
1326,2026-01-04 22:17:52,user10064@example.com,DIRECT,Espana,BILLING
1327,2026-01-08 02:35:53,user10057@example.com,DIRECT, Canada,HOWTO
1328,2026-01-05 20:36:17,user10171@example.com,DIRECT,México,BILLING
1329,2026-01-10 05:40:48,user10177@reseller.co,PARTNER,CANADA ,HOWTO
1330,2026-01-03 21:09:26,user10063@example.com,DIRECT,Espa~na,BUG
1331,2026-01-01 22:35:45,user10066@example.com,DIRECT,Mexico,LOGIN
1332,2026-01-13 04:23:53,user10196@example.com,DIRECT,United States,LOGIN
1333,2026-01-13 22:52:08,user10214@example.com,DIRECT,España,BILLING
1334,2026-01-06 22:40:10,user10018@example.com,DIRECT,Me~xico,BUG
1335,2026-01-08 07:47:18,user10056@example.com,DIRECT,UNITED STATES,BUG
1336,2026-01-08 19:46:21,user10026@alliances.net,PARTNER, España ,LOGIN
1337,2026-01-02 02:13:33,user10078@example.com,DIRECT,Bra~sil,BUG
1338,2026-01-05 07:54:53,user10165@partner-mail.com,PARTNER, España ,BUG
1339,2026-01-05 00:33:22,user10129@alliances.net,PARTNER,Bra~sil,BUG
1340,2026-01-07 19:19:46,user10098@reseller.co,PARTNER,Espa~na,BUG
1341,2026-01-13 05:08:48,user10045@alliances.net,PARTNER,México,LOGIN
1342,2026-01-06 22:52:06,user10032@alliances.net,PARTNER,España,BILLING
1343,2026-01-11 15:52:10,user10167@alliances.net,PARTNER, España ,BUG
1344,2026-01-07 17:50:22,user10112@example.com,DIRECT,Espana,LOGIN
1345,2026-01-10 08:30:16,user10004@example.com,DIRECT,España,BILLING
1346,2026-01-13 17:43:42,user10065@example.com,DIRECT, Canada,BUG
1347,2026-01-10 22:13:40,user10149@partner-mail.com,PARTNER,España,LOGIN
1348,2026-01-04 20:07:28,user10120@example.com,DIRECT,España,BUG
1349,2026-01-18 00:09:10,user10160@example.com,DIRECT,Brasil,BILLING
1350,2026-01-13 21:05:25,user10163@example.com,DIRECT,CANADA ,BILLING
1351,2026-01-12 12:41:58,user10024@example.com,DIRECT,Me~xico,BILLING
1352,2026-01-07 18:44:53,user10188@partner-mail.com,PARTNER,UNITED STATES,HOWTO
1353,2026-01-06 20:42:54,user10131@partner-mail.com,PARTNER,UNITED STATES,BUG
1354,2026-01-02 01:51:55,user10012@example.com,DIRECT,United States,LOGIN
1355,2026-01-08 12:43:01,user10210@example.com,DIRECT,España,BILLING
1356,2026-01-03 05:00:27,user10130@example.com,DIRECT,Espa~na,LOGIN
1357,2026-01-08 09:45:26,user10052@example.com,DIRECT,CANADA ,BUG
1358,2026-01-17 02:53:57,user10216@example.com,DIRECT,CANADA ,HOWTO
1359,2026-01-17 14:17:08,user10007@example.com,DIRECT,CANADA ,BILLING
1360,2026-01-01 11:10:59,user10101@example.com,DIRECT,Brasil,HOWTO
1361,2026-01-11 00:53:44,user10008@alliances.net,PARTNER,UNITED STATES,BILLING
1362,2026-01-05 01:34:31,user10169@example.com,DIRECT,UNITED STATES,BILLING
1363,2026-01-04 10:28:10,user10170@partner-mail.com,PARTNER,España,BILLING
1364,2026-01-16 13:12:52,user10021@example.com,DIRECT,Mexico,BILLING
1365,2026-01-02 15:08:04,user10064@example.com,DIRECT, México ,BILLING
1366,2026-01-02 22:10:58,user10192@example.com,DIRECT,Brasil,BUG
1367,2026-01-02 10:00:41,user10057@example.com,DIRECT,Espa~na,LOGIN
1368,2026-01-04 23:33:24,user10128@partner-mail.com,PARTNER,Brasil,BUG
1369,2026-01-06 22:56:57,user10119@reseller.co,PARTNER,UNITED STATES,BILLING
1370,2026-01-05 00:53:58,user10195@reseller.co,PARTNER,Espa~na,BUG
1371,2026-01-04 04:56:41,user10163@example.com,DIRECT,United States,BILLING
1372,2026-01-16 16:22:52,user10173@example.com,DIRECT,Brasil,LOGIN
1373,2026-01-15 03:26:45,user10019@example.com,DIRECT,Mexico,HOWTO
1374,2026-01-03 03:25:56,user10191@partner-mail.com,PARTNER, Canada,BUG
1375,2026-01-03 20:14:05,user10099@example.com,DIRECT,Mexico,BUG
1376,2026-01-18 20:41:27,user10012@example.com,DIRECT,CANADA ,BUG
1377,2026-01-14 15:51:26,user10021@reseller.co,PARTNER,Brasil,LOGIN
1378,2026-01-03 00:44:52,user10157@example.com,DIRECT,CANADA ,BUG
1379,2026-01-03 17:51:17,user10195@example.com,DIRECT,Me~xico,LOGIN
1380,2026-01-11 02:28:37,user10043@example.com,DIRECT,Espana,BUG
1381,2026-01-01 15:17:23,user10064@example.com,DIRECT,Mexico,BUG
1382,2026-01-14 07:46:00,user10058@example.com,DIRECT, Canada,HOWTO
1383,2026-01-18 23:40:10,user10196@example.com,DIRECT,Espana,HOWTO
1384,2026-01-11 00:07:36,user10071@reseller.co,PARTNER,Mexico,HOWTO
1385,2026-01-16 00:59:36,user10143@example.com,DIRECT, México ,BILLING
1386,2026-01-10 15:53:29,user10130@reseller.co,PARTNER, Canada,BILLING
1387,2026-01-16 01:14:55,user10090@alliances.net,PARTNER,Brasil,LOGIN
1388,2026-01-08 04:56:09,user10138@partner-mail.com,PARTNER,Espa~na,HOWTO
1389,2026-01-06 23:15:49,user10045@example.com,DIRECT,Espana,BUG
1390,2026-01-05 17:16:40,user10204@example.com,DIRECT,México,BUG
1391,2026-01-01 05:49:23,user10201@example.com,DIRECT,Mexico,HOWTO
1392,2026-01-18 22:47:18,user10002@alliances.net,PARTNER,México,BUG
1393,2026-01-01 19:09:26,user10106@example.com,DIRECT,Bra~sil,BILLING
1394,2026-01-08 11:17:21,user10042@example.com,DIRECT,Bra~sil,LOGIN
1395,2026-01-06 02:51:21,user10098@example.com,DIRECT,México,HOWTO
1396,2026-01-12 11:17:00,user10079@example.com,DIRECT,Brasil,HOWTO
1397,2026-01-14 06:00:54,user10192@example.com,DIRECT,Mexico,BILLING
1398,2026-01-11 23:54:53,user10179@example.com,DIRECT,CANADA ,HOWTO
1399,2026-01-02 14:01:56,user10063@example.com,DIRECT, España ,BUG
1400,2026-01-18 07:31:45,user10120@example.com,DIRECT,Espana,LOGIN
1401,2026-01-16 15:01:30,user10086@example.com,DIRECT,Espa~na,LOGIN
1402,2026-01-05 21:15:38,user10112@example.com,DIRECT, España ,HOWTO
1403,2026-01-10 04:20:34,user10198@reseller.co,PARTNER, España ,HOWTO
1404,2026-01-03 17:06:55,user10167@alliances.net,PARTNER, Canada,LOGIN
1405,2026-01-10 08:07:08,user10011@example.com,DIRECT,Mexico,BUG
1406,2026-01-17 00:13:02,user10144@example.com,DIRECT, España ,BILLING
1407,2026-01-16 08:27:09,user10169@example.com,DIRECT,Bra~sil,BUG
1408,2026-01-10 07:08:35,user10063@alliances.net,PARTNER,CANADA ,BILLING
1409,2026-01-09 05:48:57,user10162@partner-mail.com,PARTNER,México,BUG
1410,2026-01-12 17:18:13,user10019@example.com,DIRECT,Mexico,LOGIN
1411,2026-01-11 18:21:09,user10020@example.com,DIRECT,Bra~sil,BILLING
1412,2026-01-12 01:04:58,user10101@example.com,DIRECT,Bra~sil,BILLING
1413,2026-01-18 17:41:15,user10090@example.com,DIRECT, México ,HOWTO
1414,2026-01-15 20:34:46,user10193@example.com,DIRECT,Espana,BILLING
1415,2026-01-13 13:35:25,user10181@example.com,DIRECT,UNITED STATES,LOGIN
1416,2026-01-16 21:53:40,user10131@reseller.co,PARTNER,United States,BILLING
1417,2026-01-01 09:27:46,user10119@reseller.co,PARTNER,United States,LOGIN
1418,2026-01-13 18:13:37,user10011@example.com,DIRECT,España,HOWTO
1419,2026-01-05 00:41:24,user10041@example.com,DIRECT,México,BILLING
1420,2026-01-01 19:27:58,user10096@example.com,DIRECT,México,BUG
1421,2026-01-01 17:51:48,user10093@example.com,DIRECT,United States,LOGIN
1422,2026-01-16 14:20:17,user10084@example.com,DIRECT,México,BILLING
1423,2026-01-12 06:49:41,user10110@example.com,DIRECT,Bra~sil,HOWTO
1424,2026-01-01 19:24:11,user10128@reseller.co,PARTNER,Mexico,LOGIN
1425,2026-01-10 09:06:40,user10085@example.com,DIRECT,CANADA ,BUG
1426,2026-01-16 11:13:15,user10129@example.com,DIRECT, México ,HOWTO
1427,2026-01-17 16:41:03,user10023@example.com,DIRECT,Mexico,BUG
1428,2026-01-01 09:48:00,user10209@partner-mail.com,PARTNER, México ,LOGIN
1429,2026-01-05 03:41:58,user10114@example.com,DIRECT, México ,BUG
1430,2026-01-14 16:52:15,user10074@example.com,DIRECT,CANADA ,BUG
1431,2026-01-04 04:21:49,user10097@example.com,DIRECT,Espa~na,BILLING
1432,2026-01-12 11:10:02,user10089@reseller.co,PARTNER,UNITED STATES,HOWTO
1433,2026-01-12 13:13:54,user10062@example.com,DIRECT,España,BILLING
1434,2026-01-01 07:27:18,user10134@example.com,DIRECT,CANADA ,BILLING
1435,2026-01-04 09:50:15,user10195@example.com,DIRECT,Espana,BUG
1436,2026-01-14 06:21:12,user10195@example.com,DIRECT, Canada,LOGIN
1437,2026-01-15 16:17:18,user10036@example.com,DIRECT, México ,BILLING
1438,2026-01-11 10:29:32,user10155@example.com,DIRECT,Espa~na,LOGIN
1439,2026-01-15 15:07:15,user10165@example.com,DIRECT, México ,LOGIN
1440,2026-01-03 09:10:06,user10103@reseller.co,PARTNER,Espa~na,HOWTO
1441,2026-01-05 19:16:29,user10151@example.com,DIRECT,UNITED STATES,LOGIN
1442,2026-01-16 18:05:57,user10179@example.com,DIRECT,Espana,BUG
1443,2026-01-01 02:49:20,user10023@example.com,DIRECT,Espana,BILLING
1444,2026-01-11 18:49:05,user10106@example.com,DIRECT,España,HOWTO
1445,2026-01-12 12:24:27,user10006@example.com,DIRECT,Bra~sil,LOGIN
1446,2026-01-09 19:09:32,user10211@example.com,DIRECT, Canada,BUG
1447,2026-01-07 16:25:57,user10116@example.com,DIRECT,Me~xico,BUG
1448,2026-01-18 20:16:31,user10062@example.com,DIRECT,Espana,BUG
1449,2026-01-17 22:03:22,user10014@example.com,DIRECT,United States,LOGIN
1450,2026-01-04 08:41:38,user10028@example.com,DIRECT, España ,BUG
1451,2026-01-12 00:00:46,user10061@example.com,DIRECT, España ,BUG
1452,2026-01-04 08:51:58,user10182@example.com,DIRECT,México,BILLING
1453,2026-01-03 18:03:49,user10216@partner-mail.com,PARTNER,Espa~na,LOGIN
1454,2026-01-17 20:06:49,user10065@example.com,DIRECT,Espa~na,BILLING
1455,2026-01-12 16:05:03,user10074@example.com,DIRECT, México ,BILLING
1456,2026-01-03 04:19:22,user10186@example.com,DIRECT,Mexico,BUG
1457,2026-01-05 01:04:30,user10022@example.com,DIRECT, México ,HOWTO
1458,2026-01-15 16:50:47,user10134@example.com,DIRECT, España ,LOGIN
1459,2026-01-15 19:39:16,user10131@partner-mail.com,PARTNER,UNITED STATES,HOWTO
1460,2026-01-04 12:35:38,user10111@example.com,DIRECT,México,LOGIN
1461,2026-01-04 03:58:59,user10183@example.com,DIRECT,Espa~na,HOWTO
1462,2026-01-15 15:59:43,user10019@alliances.net,PARTNER,Espa~na,BILLING
1463,2026-01-18 14:02:36,user10062@partner-mail.com,PARTNER,Mexico,LOGIN
1464,2026-01-08 16:43:33,user10172@partner-mail.com,PARTNER,Espana,HOWTO
1465,2026-01-18 00:07:14,user10066@example.com,DIRECT,CANADA ,HOWTO
1466,2026-01-12 16:03:12,user10014@example.com,DIRECT,United States,HOWTO
1467,2026-01-17 22:53:09,user10100@alliances.net,PARTNER, Canada,BUG
1468,2026-01-11 05:38:27,user10212@example.com,DIRECT, Canada,LOGIN
1469,2026-01-11 21:33:13,user10173@alliances.net,PARTNER,Espa~na,HOWTO
1470,2026-01-08 00:33:49,user10192@example.com,DIRECT, Canada,BUG
1471,2026-01-17 00:00:42,user10062@example.com,DIRECT, Canada,HOWTO
1472,2026-01-10 22:51:44,user10066@example.com,DIRECT, España ,LOGIN
1473,2026-01-03 07:50:53,user10034@example.com,DIRECT,Bra~sil,HOWTO
1474,2026-01-12 21:32:30,user10028@example.com,DIRECT,UNITED STATES,BUG
1475,2026-01-05 12:51:55,user10061@alliances.net,PARTNER, México ,BUG
1476,2026-01-03 12:06:49,user10194@example.com,DIRECT,CANADA ,BILLING
1477,2026-01-01 01:29:41,user10148@partner-mail.com,PARTNER,UNITED STATES,LOGIN
1478,2026-01-17 15:52:11,user10105@example.com,DIRECT,México,BILLING
1479,2026-01-03 09:43:34,user10103@example.com,DIRECT, España ,LOGIN
1480,2026-01-15 02:11:09,user10027@example.com,DIRECT,Mexico,BUG
1481,2026-01-15 09:51:18,user10107@partner-mail.com,PARTNER, México ,LOGIN
1482,2026-01-04 11:00:04,user10109@example.com,DIRECT,CANADA ,BILLING
1483,2026-01-10 15:43:30,user10168@partner-mail.com,PARTNER, Canada,LOGIN
1484,2026-01-05 14:06:39,user10054@example.com,DIRECT,Espana,BUG
1485,2026-01-12 18:13:56,user10189@alliances.net,PARTNER,Bra~sil,LOGIN
1486,2026-01-08 16:47:47,user10089@example.com,DIRECT,Brasil,BUG
1487,2026-01-15 21:02:18,user10013@example.com,DIRECT,Espana,LOGIN
1488,2026-01-14 05:15:26,user10140@example.com,DIRECT,United States,BUG
1489,2026-01-10 21:24:10,user10133@example.com,DIRECT,Mexico,LOGIN
1490,2026-01-10 02:13:21,user10201@example.com,DIRECT,United States,BILLING
1491,2026-01-04 02:24:08,user10121@example.com,DIRECT,Brasil,BUG
1492,2026-01-06 23:04:05,user10176@example.com,DIRECT,United States,BUG
1493,2026-01-13 01:06:35,user10052@example.com,DIRECT,United States,BUG
1494,2026-01-14 20:21:54,user10035@example.com,DIRECT,Me~xico,BUG
1495,2026-01-07 07:10:01,user10141@example.com,DIRECT,Brasil,BUG
1496,2026-01-04 04:17:09,user10105@reseller.co,PARTNER,Espana,LOGIN
1497,2026-01-06 03:32:46,user10174@example.com,DIRECT, Canada,LOGIN
1498,2026-01-13 19:44:33,user10108@example.com,DIRECT,Mexico,BILLING
1499,2026-01-08 02:54:23,user10175@example.com,DIRECT,México,LOGIN
1500,2026-01-14 19:29:45,user10217@example.com,DIRECT, España ,BUG
1501,2026-01-03 07:14:34,user10213@example.com,DIRECT, Canada,HOWTO
1502,2026-01-02 04:21:24,user10019@example.com,DIRECT,Brasil,HOWTO
1503,2026-01-12 02:28:28,user10213@example.com,DIRECT,Me~xico,BUG
1504,2026-01-11 19:18:37,user10112@example.com,DIRECT, Canada,BUG
1505,2026-01-11 06:52:47,user10082@partner-mail.com,PARTNER,Me~xico,LOGIN
1506,2026-01-11 09:10:16,user10201@example.com,DIRECT,UNITED STATES,BUG
1507,2026-01-13 15:25:13,user10037@example.com,DIRECT,Bra~sil,LOGIN
1508,2026-01-18 08:01:14,user10087@example.com,DIRECT,Mexico,HOWTO
1509,2026-01-06 02:41:05,user10183@example.com,DIRECT, Canada,BILLING
1510,2026-01-06 03:51:08,user10057@example.com,DIRECT,México,LOGIN
1511,2026-01-05 15:38:55,user10205@example.com,DIRECT,CANADA ,BILLING
1512,2026-01-09 14:11:40,user10122@example.com,DIRECT,España,BILLING
1513,2026-01-09 16:15:21,user10112@example.com,DIRECT,México,BUG
1514,2026-01-17 14:42:45,user10070@example.com,DIRECT,CANADA ,BILLING
1515,2026-01-04 01:27:25,user10027@alliances.net,PARTNER,Mexico,LOGIN
1516,2026-01-03 12:16:25,user10203@example.com,DIRECT,Me~xico,BILLING
1517,2026-01-15 04:42:46,user10000@example.com,DIRECT,Bra~sil,HOWTO
1518,2026-01-17 02:23:46,user10018@example.com,DIRECT, España ,HOWTO
1519,2026-01-01 04:32:48,user10016@reseller.co,PARTNER,Espa~na,LOGIN
1520,2026-01-07 19:05:53,user10045@example.com,DIRECT, México ,HOWTO
1521,2026-01-11 09:53:16,user10161@partner-mail.com,PARTNER,UNITED STATES,BILLING
1522,2026-01-07 07:36:10,user10018@alliances.net,PARTNER,Me~xico,LOGIN
1523,2026-01-03 11:52:52,user10032@example.com,DIRECT,Me~xico,BUG
1524,2026-01-18 06:20:53,user10156@example.com,DIRECT,CANADA ,BILLING
1525,2026-01-03 14:49:13,user10007@alliances.net,PARTNER,Bra~sil,HOWTO
1526,2026-01-08 15:23:13,user10064@example.com,DIRECT, España ,HOWTO
1527,2026-01-12 14:59:41,user10182@example.com,DIRECT,Espa~na,BILLING
1528,2026-01-05 04:26:04,user10198@example.com,DIRECT, México ,LOGIN
1529,2026-01-14 09:56:51,user10109@example.com,DIRECT,United States,LOGIN
1530,2026-01-04 21:50:54,user10196@alliances.net,PARTNER,Me~xico,HOWTO
1531,2026-01-18 13:25:57,user10195@alliances.net,PARTNER,Espa~na,HOWTO
1532,2026-01-13 15:33:19,user10206@example.com,DIRECT,España,BILLING
1533,2026-01-18 20:18:10,user10054@example.com,DIRECT, España ,HOWTO
1534,2026-01-12 18:56:29,user10056@reseller.co,PARTNER,España,BUG
1535,2026-01-06 23:32:50,user10145@example.com,DIRECT,UNITED STATES,LOGIN
1536,2026-01-05 08:10:32,user10000@alliances.net,PARTNER, España ,LOGIN
1537,2026-01-11 09:33:25,user10058@example.com,DIRECT,Mexico,HOWTO
1538,2026-01-09 10:16:53,user10085@example.com,DIRECT,Me~xico,BILLING
1539,2026-01-17 09:19:25,user10195@example.com,DIRECT,Espa~na,LOGIN
1540,2026-01-06 06:02:01,user10211@example.com,DIRECT, México ,BILLING
1541,2026-01-05 09:05:39,user10075@example.com,DIRECT,Brasil,LOGIN
1542,2026-01-16 06:01:32,user10168@example.com,DIRECT, Canada,HOWTO
1543,2026-01-14 19:23:09,user10119@alliances.net,PARTNER,España,HOWTO
1544,2026-01-07 09:57:38,user10013@reseller.co,PARTNER,United States,BILLING
1545,2026-01-10 05:28:06,user10087@example.com,DIRECT, México ,BILLING
1546,2026-01-12 18:53:26,user10154@example.com,DIRECT,España,BUG
1547,2026-01-16 17:58:10,user10155@example.com,DIRECT,UNITED STATES,BILLING
1548,2026-01-17 12:04:25,user10201@example.com,DIRECT,UNITED STATES,BILLING
1549,2026-01-09 03:08:03,user10138@example.com,DIRECT,México,HOWTO
1550,2026-01-05 19:59:55,user10212@example.com,DIRECT,México,BILLING
1551,2026-01-02 17:16:10,user10099@example.com,DIRECT,Bra~sil,HOWTO
1552,2026-01-18 02:40:53,user10157@example.com,DIRECT, Canada,BUG
1553,2026-01-14 21:41:48,user10136@reseller.co,PARTNER,Bra~sil,LOGIN
1554,2026-01-09 06:56:26,user10189@example.com,DIRECT,Mexico,LOGIN
1555,2026-01-15 14:25:13,user10204@example.com,DIRECT,Espa~na,LOGIN
1556,2026-01-12 00:52:47,user10185@example.com,DIRECT, Canada,HOWTO
1557,2026-01-10 19:51:37,user10210@example.com,DIRECT,Me~xico,BUG
1558,2026-01-05 21:55:08,user10078@example.com,DIRECT,Bra~sil,BILLING
1559,2026-01-04 19:16:49,user10218@example.com,DIRECT,Mexico,BUG
1560,2026-01-13 01:30:44,user10021@partner-mail.com,PARTNER,Espana,LOGIN
1561,2026-01-03 04:14:41,user10080@example.com,DIRECT,United States,HOWTO
1562,2026-01-14 13:00:30,user10160@example.com,DIRECT,United States,BILLING
1563,2026-01-07 01:02:18,user10136@example.com,DIRECT,Espa~na,LOGIN
1564,2026-01-11 16:09:37,user10030@alliances.net,PARTNER,Espana,BILLING
1565,2026-01-01 20:37:36,user10149@alliances.net,PARTNER,México,LOGIN
1566,2026-01-16 04:53:56,user10084@example.com,DIRECT,Me~xico,BUG
1567,2026-01-12 03:43:17,user10175@example.com,DIRECT, Canada,BUG
1568,2026-01-09 23:31:12,user10219@example.com,DIRECT, España ,HOWTO
1569,2026-01-10 21:36:13,user10044@partner-mail.com,PARTNER, Canada,BILLING
1570,2026-01-01 23:32:11,user10123@example.com,DIRECT,Brasil,LOGIN
1571,2026-01-16 08:44:51,user10006@example.com,DIRECT,México,BILLING
1572,2026-01-17 05:43:05,user10114@example.com,DIRECT,Espa~na,BUG
1573,2026-01-18 19:50:05,user10185@partner-mail.com,PARTNER,México,BILLING
1574,2026-01-11 03:20:57,user10208@example.com,DIRECT,Brasil,HOWTO
1575,2026-01-17 07:10:57,user10174@example.com,DIRECT,España,LOGIN
1576,2026-01-12 15:35:38,user10062@example.com,DIRECT, Canada,BUG
1577,2026-01-18 02:52:35,user10082@partner-mail.com,PARTNER,España,LOGIN
1578,2026-01-11 12:21:04,user10219@reseller.co,PARTNER,Brasil,LOGIN
1579,2026-01-07 03:34:40,user10174@example.com,DIRECT, España ,HOWTO
1580,2026-01-01 14:30:09,user10200@example.com,DIRECT,CANADA ,BUG
1581,2026-01-03 02:24:00,user10054@partner-mail.com,PARTNER,Me~xico,LOGIN
1582,2026-01-06 14:50:00,user10080@example.com,DIRECT,México,HOWTO
1583,2026-01-13 20:34:38,user10181@example.com,DIRECT,United States,LOGIN
1584,2026-01-02 22:56:49,user10071@example.com,DIRECT,Bra~sil,BILLING
1585,2026-01-03 09:26:26,user10165@reseller.co,PARTNER, España ,BILLING
1586,2026-01-12 18:26:34,user10027@reseller.co,PARTNER,Me~xico,LOGIN
1587,2026-01-14 23:31:39,user10013@example.com,DIRECT,United States,LOGIN
1588,2026-01-16 07:30:08,user10201@example.com,DIRECT,United States,BILLING
1589,2026-01-13 09:28:03,user10066@example.com,DIRECT, México ,BUG
1590,2026-01-12 17:56:15,user10040@alliances.net,PARTNER,España,BILLING
1591,2026-01-07 08:01:24,user10056@example.com,DIRECT,United States,BUG
1592,2026-01-15 10:46:51,user10001@reseller.co,PARTNER,United States,BUG
1593,2026-01-12 01:47:16,user10167@reseller.co,PARTNER,España,BUG
1594,2026-01-06 23:24:39,user10195@example.com,DIRECT,Espana,HOWTO
1595,2026-01-04 13:00:42,user10003@example.com,DIRECT, España ,BUG
1596,2026-01-01 11:27:26,user10131@example.com,DIRECT,CANADA ,BUG
1597,2026-01-18 08:35:27,user10080@example.com,DIRECT,España,BUG
1598,2026-01-08 00:15:45,user10147@alliances.net,PARTNER,España,BUG
1599,2026-01-17 20:50:59,user10154@reseller.co,PARTNER,United States,HOWTO
1600,2026-01-04 22:00:25,user10161@example.com,DIRECT,Bra~sil,HOWTO
1601,2026-01-03 18:44:15,user10010@example.com,DIRECT,Mexico,BILLING
1602,2026-01-06 06:38:36,user10009@example.com,DIRECT,España,BILLING
1603,2026-01-04 05:06:05,user10207@partner-mail.com,PARTNER,United States,LOGIN
1604,2026-01-05 19:43:02,user10020@example.com,DIRECT, Canada,HOWTO
1605,2026-01-02 09:27:27,user10111@example.com,DIRECT,United States,BILLING
1606,2026-01-04 14:40:37,user10109@example.com,DIRECT, España ,BILLING
1607,2026-01-03 03:19:44,user10083@reseller.co,PARTNER,CANADA ,HOWTO
1608,2026-01-13 17:51:45,user10011@example.com,DIRECT,Espana,BUG
1609,2026-01-16 17:43:42,user10036@example.com,DIRECT,Me~xico,BUG
1610,2026-01-11 17:43:51,user10110@alliances.net,PARTNER,United States,BILLING
1611,2026-01-10 10:15:00,user10024@example.com,DIRECT,México,BILLING
1612,2026-01-15 21:43:56,user10161@example.com,DIRECT,Brasil,LOGIN
1613,2026-01-16 22:50:28,user10189@example.com,DIRECT, México ,BILLING
1614,2026-01-18 19:59:54,user10144@example.com,DIRECT,CANADA ,HOWTO
1615,2026-01-17 10:53:00,user10182@example.com,DIRECT, México ,BUG
1616,2026-01-05 15:29:16,user10135@example.com,DIRECT,CANADA ,BUG
1617,2026-01-09 01:43:59,user10152@example.com,DIRECT, México ,BUG
1618,2026-01-17 07:50:22,user10010@example.com,DIRECT,España,LOGIN
1619,2026-01-18 23:53:40,user10119@example.com,DIRECT,Me~xico,BILLING
1620,2026-01-14 11:51:05,user10052@reseller.co,PARTNER,España,BUG
1621,2026-01-15 05:33:11,user10040@example.com,DIRECT,CANADA ,BUG
1622,2026-01-11 06:41:27,user10197@example.com,DIRECT, Canada,HOWTO
1623,2026-01-18 00:15:11,user10181@alliances.net,PARTNER,Brasil,LOGIN
1624,2026-01-18 08:04:52,user10027@example.com,DIRECT,CANADA ,BILLING
1625,2026-01-14 22:10:36,user10217@example.com,DIRECT,CANADA ,HOWTO
1626,2026-01-10 11:03:12,user10117@example.com,DIRECT,Espa~na,BILLING
1627,2026-01-01 21:34:09,user10136@example.com,DIRECT,México,BILLING
1628,2026-01-01 10:09:20,user10011@example.com,DIRECT,United States,BUG
1629,2026-01-02 03:33:05,user10194@example.com,DIRECT, México ,HOWTO
1630,2026-01-03 06:56:49,user10206@example.com,DIRECT,Espana,HOWTO
1631,2026-01-06 03:53:29,user10168@example.com,DIRECT, Canada,BUG
1632,2026-01-06 07:18:32,user10037@example.com,DIRECT, Canada,LOGIN
1633,2026-01-05 07:27:27,user10115@example.com,DIRECT,España,BILLING
1634,2026-01-13 07:28:34,user10090@example.com,DIRECT,Brasil,BUG
1635,2026-01-05 02:40:36,user10086@example.com,DIRECT,Bra~sil,BUG
1636,2026-01-11 04:35:44,user10120@example.com,DIRECT,México,BILLING
1637,2026-01-15 00:29:54,user10157@example.com,DIRECT,España,BUG
1638,2026-01-13 13:59:18,user10158@example.com,DIRECT,México,HOWTO
1639,2026-01-02 10:52:31,user10053@example.com,DIRECT, México ,BILLING
1640,2026-01-01 02:13:14,user10206@alliances.net,PARTNER,Mexico,BUG
1641,2026-01-10 23:20:00,user10096@example.com,DIRECT,Me~xico,LOGIN
1642,2026-01-05 05:57:33,user10161@example.com,DIRECT,Me~xico,BUG
1643,2026-01-01 22:06:30,user10190@alliances.net,PARTNER,México,BILLING
1644,2026-01-10 04:05:42,user10076@example.com,DIRECT, México ,HOWTO
1645,2026-01-04 17:47:25,user10188@alliances.net,PARTNER, México ,LOGIN
1646,2026-01-12 16:57:37,user10016@example.com,DIRECT,Espa~na,BUG
1647,2026-01-11 15:34:07,user10065@example.com,DIRECT, México ,BILLING
1648,2026-01-08 06:43:11,user10155@partner-mail.com,PARTNER,Espana,BILLING
1649,2026-01-09 08:42:46,user10166@example.com,DIRECT,Mexico,HOWTO
1650,2026-01-04 02:23:31,user10213@reseller.co,PARTNER, México ,LOGIN
1651,2026-01-03 15:47:50,user10092@partner-mail.com,PARTNER,Espana,HOWTO
1652,2026-01-06 19:42:38,user10003@example.com,DIRECT,Espa~na,HOWTO
1653,2026-01-05 05:42:55,user10097@example.com,DIRECT,España,BUG
1654,2026-01-14 10:30:24,user10170@example.com,DIRECT,España,BUG
1655,2026-01-15 14:05:41,user10025@example.com,DIRECT, España ,BILLING
1656,2026-01-13 19:18:12,user10038@example.com,DIRECT, España ,BUG
1657,2026-01-07 12:14:39,user10090@alliances.net,PARTNER, México ,BUG
1658,2026-01-05 07:41:54,user10101@example.com,DIRECT,Espa~na,BUG
1659,2026-01-18 15:32:22,user10096@example.com,DIRECT,España,HOWTO
1660,2026-01-18 08:18:58,user10114@example.com,DIRECT,United States,LOGIN
1661,2026-01-15 13:42:44,user10134@example.com,DIRECT,México,LOGIN
1662,2026-01-01 13:24:59,user10135@example.com,DIRECT,Mexico,BUG
1663,2026-01-11 16:03:13,user10090@example.com,DIRECT,Bra~sil,LOGIN
1664,2026-01-05 01:40:19,user10217@partner-mail.com,PARTNER,Bra~sil,BUG
1665,2026-01-02 02:43:10,user10107@example.com,DIRECT,Brasil,BILLING
1666,2026-01-08 23:26:45,user10151@example.com,DIRECT,Espana,BILLING
1667,2026-01-17 08:11:12,user10146@example.com,DIRECT,Brasil,BILLING
1668,2026-01-15 03:12:03,user10086@example.com,DIRECT,Bra~sil,HOWTO
1669,2026-01-06 02:23:06,user10140@reseller.co,PARTNER,España,HOWTO
1670,2026-01-11 21:54:57,user10157@example.com,DIRECT,UNITED STATES,HOWTO
1671,2026-01-18 19:38:42,user10105@reseller.co,PARTNER,United States,BUG
1672,2026-01-13 15:49:31,user10102@example.com,DIRECT, Canada,BUG
1673,2026-01-08 17:45:16,user10131@example.com,DIRECT,Espa~na,BILLING
1674,2026-01-18 18:20:25,user10090@example.com,DIRECT, Canada,LOGIN
1675,2026-01-09 18:10:04,user10166@example.com,DIRECT,Me~xico,HOWTO
1676,2026-01-07 05:02:21,user10080@example.com,DIRECT,México,LOGIN
1677,2026-01-12 20:39:02,user10020@example.com,DIRECT, México ,BILLING
1678,2026-01-04 21:24:32,user10108@example.com,DIRECT,Me~xico,LOGIN
1679,2026-01-02 05:19:03,user10198@example.com,DIRECT,Bra~sil,BUG
1680,2026-01-08 12:51:38,user10061@example.com,DIRECT,United States,HOWTO
1681,2026-01-02 00:23:49,user10068@example.com,DIRECT,UNITED STATES,BILLING
1682,2026-01-11 09:55:12,user10053@example.com,DIRECT, España ,BUG
1683,2026-01-14 13:43:49,user10204@example.com,DIRECT,CANADA ,HOWTO
1684,2026-01-03 04:37:31,user10032@example.com,DIRECT, México ,HOWTO
1685,2026-01-03 15:59:13,user10097@example.com,DIRECT,Espa~na,HOWTO
1686,2026-01-01 04:06:44,user10096@example.com,DIRECT, Canada,BUG
1687,2026-01-02 10:23:04,user10124@example.com,DIRECT,Mexico,HOWTO
1688,2026-01-14 20:42:16,user10064@partner-mail.com,PARTNER,Mexico,LOGIN
1689,2026-01-11 17:16:50,user10167@example.com,DIRECT,Me~xico,BUG
1690,2026-01-18 23:16:14,user10184@alliances.net,PARTNER,Me~xico,BUG
1691,2026-01-03 01:00:02,user10095@example.com,DIRECT,Brasil,LOGIN
1692,2026-01-17 10:02:18,user10186@example.com,DIRECT,Espana,LOGIN
1693,2026-01-14 20:58:05,user10026@example.com,DIRECT,Me~xico,BUG
1694,2026-01-07 17:21:52,user10075@alliances.net,PARTNER,Bra~sil,BILLING
1695,2026-01-12 18:53:22,user10194@example.com,DIRECT,Bra~sil,HOWTO
1696,2026-01-09 16:45:56,user10136@partner-mail.com,PARTNER,Espa~na,BUG
1697,2026-01-01 07:43:10,user10037@example.com,DIRECT,México,BILLING
1698,2026-01-15 11:51:07,user10198@example.com,DIRECT, España ,LOGIN
1699,2026-01-02 01:47:25,user10193@example.com,DIRECT,Espana,HOWTO
1700,2026-01-18 11:31:39,user10079@example.com,DIRECT, España ,LOGIN
1701,2026-01-16 15:04:33,user10041@example.com,DIRECT,España,HOWTO
1702,2026-01-07 13:16:32,user10122@example.com,DIRECT, Canada,LOGIN
1703,2026-01-17 01:27:26,user10128@example.com,DIRECT,UNITED STATES,HOWTO
1704,2026-01-18 08:19:08,user10097@partner-mail.com,PARTNER,México,LOGIN
1705,2026-01-03 00:23:45,user10156@example.com,DIRECT,Mexico,HOWTO
1706,2026-01-13 17:53:39,user10143@example.com,DIRECT,UNITED STATES,LOGIN
1707,2026-01-05 01:27:19,user10172@example.com,DIRECT,Brasil,LOGIN
1708,2026-01-03 10:01:51,user10211@example.com,DIRECT,CANADA ,BILLING
1709,2026-01-04 02:01:42,user10165@example.com,DIRECT, España ,BUG
1710,2026-01-09 12:06:36,user10030@example.com,DIRECT,United States,BILLING
1711,2026-01-10 01:25:20,user10001@example.com,DIRECT,Espa~na,BUG
1712,2026-01-01 04:21:46,user10212@example.com,DIRECT,Bra~sil,LOGIN
1713,2026-01-12 01:44:40,user10177@example.com,DIRECT,Bra~sil,HOWTO
1714,2026-01-08 23:25:01,user10146@reseller.co,PARTNER, España ,BUG
1715,2026-01-14 20:59:36,user10055@example.com,DIRECT,CANADA ,HOWTO
1716,2026-01-10 01:51:57,user10175@example.com,DIRECT,Mexico,BUG
1717,2026-01-10 18:42:06,user10024@example.com,DIRECT,Brasil,BILLING
1718,2026-01-15 17:12:22,user10139@partner-mail.com,PARTNER,México,HOWTO
1719,2026-01-02 10:53:57,user10082@example.com,DIRECT,España,HOWTO
1720,2026-01-06 15:51:22,user10191@partner-mail.com,PARTNER,Espa~na,HOWTO
1721,2026-01-13 08:32:18,user10150@example.com,DIRECT, España ,BUG
1722,2026-01-12 08:16:05,user10071@example.com,DIRECT,Me~xico,LOGIN
1723,2026-01-05 18:42:22,user10173@example.com,DIRECT,México,BILLING
1724,2026-01-12 23:26:18,user10155@example.com,DIRECT,CANADA ,HOWTO
1725,2026-01-07 08:51:46,user10055@example.com,DIRECT,Me~xico,BUG
1726,2026-01-10 00:52:34,user10058@example.com,DIRECT, México ,LOGIN
1727,2026-01-16 12:00:56,user10085@example.com,DIRECT,CANADA ,BUG
1728,2026-01-12 06:32:48,user10111@example.com,DIRECT,Espa~na,BUG
1729,2026-01-13 19:37:45,user10060@reseller.co,PARTNER,Bra~sil,BILLING
1730,2026-01-09 08:06:14,user10149@example.com,DIRECT, Canada,BILLING
1731,2026-01-11 17:08:52,user10115@example.com,DIRECT,Bra~sil,BILLING
1732,2026-01-11 15:24:28,user10044@example.com,DIRECT,UNITED STATES,HOWTO
1733,2026-01-03 17:18:31,user10154@example.com,DIRECT,España,BILLING
1734,2026-01-09 14:09:48,user10013@example.com,DIRECT,Me~xico,HOWTO
1735,2026-01-05 01:47:53,user10204@example.com,DIRECT,CANADA ,BILLING
1736,2026-01-17 17:04:37,user10174@example.com,DIRECT,España,BUG
1737,2026-01-06 08:46:08,user10019@alliances.net,PARTNER,CANADA ,BUG
1738,2026-01-03 20:39:03,user10177@partner-mail.com,PARTNER, Canada,LOGIN
1739,2026-01-17 11:43:53,user10073@partner-mail.com,PARTNER,España,BILLING
1740,2026-01-16 00:27:51,user10146@example.com,DIRECT, México ,BUG
1741,2026-01-16 08:48:23,user10051@alliances.net,PARTNER,Bra~sil,BUG
1742,2026-01-14 13:27:18,user10070@example.com,DIRECT,CANADA ,HOWTO
1743,2026-01-09 03:47:45,user10003@example.com,DIRECT,Espa~na,HOWTO
1744,2026-01-01 09:37:32,user10144@alliances.net,PARTNER,Brasil,HOWTO
1745,2026-01-07 19:00:25,user10129@example.com,DIRECT, Canada,BILLING
1746,2026-01-13 16:32:35,user10018@example.com,DIRECT,United States,HOWTO
1747,2026-01-06 08:16:17,user10060@example.com,DIRECT,Brasil,BUG
1748,2026-01-07 12:38:44,user10145@reseller.co,PARTNER,Espana,HOWTO
1749,2026-01-17 22:56:09,user10175@example.com,DIRECT, España ,HOWTO
1750,2026-01-10 08:21:28,user10126@reseller.co,PARTNER,Bra~sil,BILLING
1751,2026-01-05 14:58:09,user10036@example.com,DIRECT, Canada,LOGIN
1752,2026-01-10 00:09:54,user10135@example.com,DIRECT,Brasil,BUG
1753,2026-01-16 00:51:34,user10049@example.com,DIRECT,United States,BUG
1754,2026-01-14 07:27:25,user10098@example.com,DIRECT, Canada,HOWTO
1755,2026-01-10 12:46:14,user10105@example.com,DIRECT,Espana,BILLING
1756,2026-01-09 10:42:15,user10049@example.com,DIRECT, España ,BUG
1757,2026-01-15 00:10:45,user10179@example.com,DIRECT,Espa~na,LOGIN
1758,2026-01-12 08:05:21,user10159@example.com,DIRECT,Brasil,BILLING
1759,2026-01-16 13:13:38,user10024@example.com,DIRECT,Espana,BUG
1760,2026-01-04 09:06:05,user10102@example.com,DIRECT, España ,BUG
1761,2026-01-11 01:35:41,user10025@example.com,DIRECT,España,BILLING
1762,2026-01-02 15:37:33,user10163@reseller.co,PARTNER, Canada,BILLING
1763,2026-01-12 05:07:32,user10084@example.com,DIRECT,CANADA ,LOGIN
1764,2026-01-13 08:03:05,user10080@example.com,DIRECT,España,HOWTO
1765,2026-01-03 00:58:30,user10054@example.com,DIRECT,Bra~sil,HOWTO
1766,2026-01-18 20:25:20,user10019@example.com,DIRECT,Espa~na,BUG
1767,2026-01-13 00:26:02,user10029@example.com,DIRECT,United States,LOGIN
1768,2026-01-02 08:40:20,user10119@example.com,DIRECT,UNITED STATES,HOWTO
1769,2026-01-18 11:51:46,user10159@example.com,DIRECT, México ,LOGIN
1770,2026-01-17 10:25:43,user10137@example.com,DIRECT, Canada,BILLING
1771,2026-01-01 05:48:26,user10049@example.com,DIRECT, Canada,BUG
1772,2026-01-07 10:24:03,user10202@example.com,DIRECT, España ,BILLING
1773,2026-01-12 10:10:04,user10143@partner-mail.com,PARTNER,México,HOWTO
1774,2026-01-12 21:40:38,user10195@example.com,DIRECT,Mexico,BUG
1775,2026-01-10 14:03:43,user10001@example.com,DIRECT,UNITED STATES,BUG
1776,2026-01-05 14:30:55,user10012@example.com,DIRECT,Me~xico,HOWTO
1777,2026-01-17 21:27:52,user10013@example.com,DIRECT, España ,BUG
1778,2026-01-13 23:09:05,user10169@example.com,DIRECT, España ,BUG
1779,2026-01-04 21:03:16,user10080@example.com,DIRECT,Espana,BUG
1780,2026-01-08 00:06:25,user10057@example.com,DIRECT,España,LOGIN
1781,2026-01-01 06:59:15,user10131@example.com,DIRECT,México,BILLING
1782,2026-01-15 22:55:59,user10153@example.com,DIRECT,UNITED STATES,LOGIN
1783,2026-01-01 04:55:09,user10098@example.com,DIRECT, México ,BUG
1784,2026-01-05 04:40:47,user10083@example.com,DIRECT,Espa~na,LOGIN
1785,2026-01-05 12:42:04,user10085@example.com,DIRECT,Espana,HOWTO
1786,2026-01-06 21:32:10,user10070@example.com,DIRECT, Canada,LOGIN
1787,2026-01-09 03:38:30,user10083@example.com,DIRECT,Bra~sil,BUG
1788,2026-01-12 01:03:18,user10107@example.com,DIRECT, Canada,BILLING
1789,2026-01-03 00:28:00,user10071@example.com,DIRECT,España,LOGIN
1790,2026-01-02 20:33:02,user10116@example.com,DIRECT, Canada,HOWTO
1791,2026-01-01 04:39:48,user10142@partner-mail.com,PARTNER, España ,HOWTO
1792,2026-01-18 15:10:53,user10152@example.com,DIRECT,Mexico,BILLING
1793,2026-01-03 16:15:18,user10002@example.com,DIRECT,United States,HOWTO
1794,2026-01-11 16:26:56,user10140@example.com,DIRECT, España ,HOWTO
1795,2026-01-16 14:01:07,user10069@alliances.net,PARTNER,Brasil,BILLING
1796,2026-01-18 09:23:17,user10149@alliances.net,PARTNER,Brasil,HOWTO
1797,2026-01-08 01:25:24,user10211@example.com,DIRECT,España,BILLING
1798,2026-01-04 09:18:53,user10084@example.com,DIRECT,UNITED STATES,BUG
1799,2026-01-12 15:48:46,user10024@example.com,DIRECT,México,HOWTO
1800,2026-01-13 03:45:37,user10149@reseller.co,PARTNER,México,BILLING
1801,2026-01-10 07:47:30,user10072@example.com,DIRECT,Espa~na,BUG
1802,2026-01-04 03:22:19,user10075@example.com,DIRECT, España ,BILLING
1803,2026-01-16 04:26:12,user10135@example.com,DIRECT, México ,BUG
1804,2026-01-02 14:58:51,user10133@example.com,DIRECT, México ,LOGIN
1805,2026-01-09 20:31:06,user10005@example.com,DIRECT,Mexico,BUG
1806,2026-01-08 08:12:29,user10101@example.com,DIRECT,Espa~na,BUG
1807,2026-01-10 07:28:46,user10083@example.com,DIRECT,UNITED STATES,BILLING
1808,2026-01-09 00:41:27,user10123@example.com,DIRECT,Mexico,LOGIN
1809,2026-01-09 11:29:36,user10137@example.com,DIRECT,México,BILLING
1810,2026-01-11 04:04:03,user10003@partner-mail.com,PARTNER, Canada,LOGIN
1811,2026-01-06 19:44:53,user10013@example.com,DIRECT,UNITED STATES,BILLING
1812,2026-01-09 04:04:48,user10109@example.com,DIRECT, España ,BILLING
1813,2026-01-12 02:05:57,user10184@example.com,DIRECT,Mexico,BUG
1814,2026-01-04 04:38:16,user10048@reseller.co,PARTNER,Me~xico,BUG
1815,2026-01-15 15:31:58,user10025@example.com,DIRECT,Espana,BILLING
1816,2026-01-13 10:54:00,user10084@example.com,DIRECT,Bra~sil,BUG
1817,2026-01-12 12:57:59,user10058@example.com,DIRECT,United States,BUG
1818,2026-01-05 21:51:06,user10016@example.com,DIRECT,Espa~na,LOGIN
1819,2026-01-18 04:35:13,user10204@example.com,DIRECT,México,LOGIN
1820,2026-01-06 13:57:52,user10144@example.com,DIRECT,Espa~na,BILLING
1821,2026-01-15 11:51:37,user10174@example.com,DIRECT, España ,BUG
1822,2026-01-15 17:46:01,user10196@example.com,DIRECT,UNITED STATES,BILLING
1823,2026-01-18 15:44:17,user10139@example.com,DIRECT,Brasil,BUG
1824,2026-01-13 02:31:55,user10078@example.com,DIRECT,United States,LOGIN
1825,2026-01-17 03:30:31,user10000@example.com,DIRECT,México,BUG
1826,2026-01-14 16:37:11,user10023@example.com,DIRECT,United States,BUG
1827,2026-01-09 00:35:58,user10069@example.com,DIRECT,Me~xico,BILLING
1828,2026-01-17 20:45:42,user10136@example.com,DIRECT,Brasil,LOGIN
1829,2026-01-11 11:10:36,user10145@example.com,DIRECT,Espana,LOGIN
1830,2026-01-16 23:52:25,user10027@example.com,DIRECT, México ,LOGIN
1831,2026-01-01 04:00:55,user10057@partner-mail.com,PARTNER,España,BUG
1832,2026-01-04 17:05:40,user10196@example.com,DIRECT,España,BILLING
1833,2026-01-08 15:29:28,user10064@example.com,DIRECT,Me~xico,HOWTO
1834,2026-01-18 14:34:19,user10026@example.com,DIRECT, España ,HOWTO
1835,2026-01-09 06:00:36,user10053@reseller.co,PARTNER,Espana,BILLING
1836,2026-01-10 23:05:24,user10079@example.com,DIRECT,España,LOGIN
1837,2026-01-05 01:08:37,user10109@example.com,DIRECT,Espana,LOGIN
1838,2026-01-11 03:05:52,user10108@example.com,DIRECT, México ,LOGIN
1839,2026-01-18 09:20:04,user10023@example.com,DIRECT, Canada,BILLING
1840,2026-01-06 19:01:50,user10025@example.com,DIRECT,Me~xico,BUG
1841,2026-01-16 13:51:20,user10045@example.com,DIRECT,Espa~na,HOWTO
1842,2026-01-07 17:15:57,user10070@example.com,DIRECT,Espa~na,BILLING
1843,2026-01-11 01:23:09,user10212@example.com,DIRECT, México ,BUG
1844,2026-01-11 17:25:42,user10060@alliances.net,PARTNER,España,BUG
1845,2026-01-16 14:39:48,user10077@example.com,DIRECT,Espa~na,BUG
1846,2026-01-01 08:30:46,user10156@example.com,DIRECT,Brasil,HOWTO
1847,2026-01-01 01:44:01,user10074@example.com,DIRECT,Espana,BUG
1848,2026-01-13 01:54:40,user10216@example.com,DIRECT,España,BUG
1849,2026-01-08 03:14:36,user10107@example.com,DIRECT, Canada,HOWTO
1850,2026-01-07 03:23:43,user10079@example.com,DIRECT,Espana,HOWTO
1851,2026-01-17 04:54:26,user10169@example.com,DIRECT,Mexico,BUG
1852,2026-01-13 16:14:50,user10173@example.com,DIRECT, España ,LOGIN
1853,2026-01-01 16:47:57,user10145@example.com,DIRECT, México ,BUG
1854,2026-01-14 07:29:21,user10030@example.com,DIRECT,CANADA ,BUG
1855,2026-01-11 11:05:22,user10064@example.com,DIRECT,Bra~sil,BUG
1856,2026-01-12 22:46:36,user10127@example.com,DIRECT,Bra~sil,LOGIN
1857,2026-01-03 14:39:19,user10081@example.com,DIRECT, España ,BUG
1858,2026-01-02 02:55:28,user10095@partner-mail.com,PARTNER, México ,LOGIN
1859,2026-01-08 08:45:20,user10062@example.com,DIRECT,Me~xico,BILLING
1860,2026-01-11 19:32:35,user10063@example.com,DIRECT, España ,HOWTO
1861,2026-01-13 16:18:44,user10106@example.com,DIRECT, España ,HOWTO
1862,2026-01-07 11:27:16,user10180@partner-mail.com,PARTNER,Me~xico,LOGIN
1863,2026-01-03 03:23:51,user10080@example.com,DIRECT, España ,BUG
1864,2026-01-13 07:03:41,user10164@example.com,DIRECT,Espana,BILLING
1865,2026-01-15 04:41:29,user10215@example.com,DIRECT,Bra~sil,HOWTO
1866,2026-01-13 06:06:51,user10029@example.com,DIRECT,Mexico,LOGIN
1867,2026-01-04 05:41:51,user10203@reseller.co,PARTNER,CANADA ,BUG
1868,2026-01-10 08:28:56,user10064@example.com,DIRECT,Me~xico,BILLING
1869,2026-01-18 12:07:37,user10021@example.com,DIRECT,Espa~na,BILLING
1870,2026-01-14 08:49:50,user10180@alliances.net,PARTNER,España,BUG
1871,2026-01-07 00:52:26,user10001@example.com,DIRECT,Bra~sil,BUG
1872,2026-01-03 05:25:36,user10218@example.com,DIRECT,Brasil,HOWTO
1873,2026-01-08 19:07:05,user10045@alliances.net,PARTNER,United States,BUG
1874,2026-01-15 05:15:20,user10134@alliances.net,PARTNER,Me~xico,BUG
1875,2026-01-05 13:28:58,user10054@example.com,DIRECT,Me~xico,BUG
1876,2026-01-18 23:18:26,user10191@example.com,DIRECT,Espana,LOGIN
1877,2026-01-11 23:56:28,user10155@example.com,DIRECT,México,LOGIN
1878,2026-01-17 10:06:45,user10216@example.com,DIRECT,Espa~na,BUG
1879,2026-01-04 12:41:01,user10173@example.com,DIRECT,España,BILLING
1880,2026-01-15 14:57:11,user10162@example.com,DIRECT,Me~xico,LOGIN
1881,2026-01-05 05:52:59,user10207@example.com,DIRECT,México,BILLING
1882,2026-01-08 16:51:47,user10141@example.com,DIRECT,United States,BILLING
1883,2026-01-04 16:32:06,user10046@alliances.net,PARTNER, México ,LOGIN
1884,2026-01-17 07:57:57,user10048@example.com,DIRECT,Espana,LOGIN
1885,2026-01-11 05:08:32,user10144@example.com,DIRECT,UNITED STATES,BUG
1886,2026-01-11 22:26:22,user10081@example.com,DIRECT, México ,LOGIN
1887,2026-01-02 05:07:23,user10166@example.com,DIRECT,Espana,BILLING
1888,2026-01-04 07:03:07,user10137@example.com,DIRECT, España ,HOWTO
1889,2026-01-08 17:57:03,user10008@example.com,DIRECT,Espana,BILLING
1890,2026-01-10 04:36:23,user10203@example.com,DIRECT,México,BILLING
1891,2026-01-02 03:11:38,user10214@example.com,DIRECT, Canada,BILLING
1892,2026-01-16 01:04:04,user10066@example.com,DIRECT,United States,BUG
1893,2026-01-10 15:22:41,user10062@example.com,DIRECT,Espa~na,LOGIN
1894,2026-01-13 06:18:40,user10086@example.com,DIRECT,Brasil,HOWTO
1895,2026-01-01 00:49:51,user10178@example.com,DIRECT,Espa~na,LOGIN
1896,2026-01-15 01:28:28,user10004@reseller.co,PARTNER, España ,LOGIN
1897,2026-01-03 07:05:44,user10039@example.com,DIRECT,Bra~sil,BUG
1898,2026-01-01 15:03:38,user10153@alliances.net,PARTNER,Me~xico,HOWTO
1899,2026-01-10 11:57:05,user10091@example.com,DIRECT, España ,HOWTO
1900,2026-01-18 13:48:38,user10097@example.com,DIRECT,UNITED STATES,LOGIN
1901,2026-01-18 09:14:40,user10206@example.com,DIRECT,España,BUG
1902,2026-01-17 00:32:27,user10175@partner-mail.com,PARTNER,United States,BILLING
1903,2026-01-08 13:27:43,user10024@example.com,DIRECT,España,BUG
1904,2026-01-10 22:47:58,user10051@example.com,DIRECT,México,BUG
1905,2026-01-08 05:10:55,user10057@example.com,DIRECT,México,LOGIN
1906,2026-01-17 17:29:11,user10145@example.com,DIRECT, México ,BUG
1907,2026-01-17 03:26:47,user10094@reseller.co,PARTNER,Mexico,LOGIN
1908,2026-01-04 13:12:18,user10148@example.com,DIRECT,Me~xico,BUG
1909,2026-01-10 01:33:00,user10049@example.com,DIRECT,Mexico,BILLING
1910,2026-01-07 22:40:38,user10102@example.com,DIRECT,Espa~na,BUG
1911,2026-01-14 03:09:49,user10080@example.com,DIRECT,Me~xico,HOWTO
1912,2026-01-04 12:42:55,user10041@example.com,DIRECT,UNITED STATES,BUG
1913,2026-01-08 05:45:57,user10044@reseller.co,PARTNER, España ,HOWTO
1914,2026-01-13 04:13:39,user10088@example.com,DIRECT, España ,HOWTO
1915,2026-01-17 04:57:28,user10148@example.com,DIRECT,United States,BUG
1916,2026-01-17 18:42:48,user10163@example.com,DIRECT, España ,HOWTO
1917,2026-01-14 12:24:56,user10170@example.com,DIRECT, España ,BUG
1918,2026-01-17 22:55:28,user10041@example.com,DIRECT,España,BUG
1919,2026-01-02 05:52:07,user10127@alliances.net,PARTNER,Mexico,BUG
1920,2026-01-02 01:26:18,user10019@example.com,DIRECT,UNITED STATES,BUG
1921,2026-01-08 06:49:04,user10029@example.com,DIRECT,CANADA ,HOWTO
1922,2026-01-14 12:05:34,user10101@reseller.co,PARTNER,United States,BILLING
1923,2026-01-03 00:17:34,user10153@example.com,DIRECT,España,BILLING
1924,2026-01-11 05:26:01,user10051@partner-mail.com,PARTNER,Brasil,LOGIN
1925,2026-01-17 17:18:04,user10037@example.com,DIRECT,United States,BUG
1926,2026-01-04 21:41:42,user10176@example.com,DIRECT, México ,LOGIN
1927,2026-01-08 08:36:59,user10131@example.com,DIRECT,Espa~na,LOGIN
1928,2026-01-17 02:17:56,user10179@example.com,DIRECT,Brasil,BILLING
1929,2026-01-14 03:58:17,user10019@example.com,DIRECT,Espana,BUG
1930,2026-01-10 19:21:38,user10207@alliances.net,PARTNER,México,HOWTO
1931,2026-01-02 21:36:50,user10177@alliances.net,PARTNER, México ,BUG
1932,2026-01-01 04:56:51,user10184@example.com,DIRECT,United States,BILLING
1933,2026-01-09 19:01:15,user10022@example.com,DIRECT,España,BUG
1934,2026-01-07 15:23:26,user10142@example.com,DIRECT, México ,LOGIN
1935,2026-01-02 04:53:42,user10119@example.com,DIRECT, España ,LOGIN
1936,2026-01-13 16:36:28,user10041@example.com,DIRECT,CANADA ,BILLING
1937,2026-01-18 20:58:48,user10201@alliances.net,PARTNER,CANADA ,BUG
1938,2026-01-16 18:15:12,user10181@example.com,DIRECT,Bra~sil,BILLING
1939,2026-01-07 18:54:48,user10182@example.com,DIRECT,UNITED STATES,HOWTO
1940,2026-01-04 01:16:22,user10160@example.com,DIRECT,Bra~sil,BILLING
1941,2026-01-07 12:45:14,user10039@example.com,DIRECT,CANADA ,BUG
1942,2026-01-11 11:35:45,user10164@partner-mail.com,PARTNER,Bra~sil,LOGIN
1943,2026-01-14 23:39:49,user10101@example.com,DIRECT,Espana,LOGIN
1944,2026-01-02 03:00:53,user10153@example.com,DIRECT, Canada,LOGIN
1945,2026-01-11 11:52:15,user10130@example.com,DIRECT,CANADA ,BILLING
1946,2026-01-17 03:02:14,user10182@example.com,DIRECT,CANADA ,BILLING
1947,2026-01-10 08:54:14,user10114@example.com,DIRECT,México,BUG
1948,2026-01-01 03:53:06,user10065@example.com,DIRECT,Bra~sil,HOWTO
1949,2026-01-03 09:38:54,user10145@example.com,DIRECT, Canada,BILLING
1950,2026-01-18 03:33:02,user10147@example.com,DIRECT,Mexico,LOGIN
1951,2026-01-12 08:55:39,user10064@reseller.co,PARTNER,CANADA ,HOWTO
1952,2026-01-11 22:26:20,user10113@alliances.net,PARTNER, España ,BUG
1953,2026-01-11 14:11:50,user10146@example.com,DIRECT,CANADA ,HOWTO
1954,2026-01-14 13:26:59,user10074@example.com,DIRECT,Espa~na,LOGIN
1955,2026-01-08 21:51:13,user10037@example.com,DIRECT,México,BUG
1956,2026-01-13 06:05:21,user10071@example.com,DIRECT,CANADA ,BUG
1957,2026-01-08 07:11:40,user10183@example.com,DIRECT,Espa~na,BUG
1958,2026-01-10 11:39:08,user10034@example.com,DIRECT,Me~xico,LOGIN
1959,2026-01-06 06:06:21,user10086@example.com,DIRECT,United States,LOGIN
1960,2026-01-08 01:19:09,user10108@example.com,DIRECT,Espana,LOGIN
1961,2026-01-02 07:20:38,user10174@partner-mail.com,PARTNER,Brasil,BILLING
1962,2026-01-04 05:11:04,user10081@example.com,DIRECT,Brasil,BILLING
1963,2026-01-01 14:05:29,user10218@example.com,DIRECT, España ,LOGIN
1964,2026-01-06 15:02:56,user10092@example.com,DIRECT,United States,HOWTO
1965,2026-01-05 04:32:09,user10101@example.com,DIRECT,Bra~sil,LOGIN
1966,2026-01-02 16:40:08,user10187@alliances.net,PARTNER,United States,BUG
1967,2026-01-18 06:42:58,user10099@example.com,DIRECT,México,HOWTO
1968,2026-01-05 14:46:39,user10149@example.com,DIRECT,UNITED STATES,BILLING
1969,2026-01-13 03:47:06,user10077@example.com,DIRECT,México,LOGIN
1970,2026-01-12 23:37:51,user10149@example.com,DIRECT,United States,LOGIN
1971,2026-01-02 05:11:26,user10131@example.com,DIRECT, Canada,BUG
1972,2026-01-10 23:30:36,user10216@example.com,DIRECT,Espa~na,HOWTO
1973,2026-01-12 19:31:36,user10087@example.com,DIRECT,United States,BILLING
1974,2026-01-11 20:00:57,user10047@example.com,DIRECT, México ,BUG
1975,2026-01-12 02:48:30,user10030@example.com,DIRECT,Espa~na,BILLING
1976,2026-01-10 11:10:39,user10111@partner-mail.com,PARTNER,Bra~sil,LOGIN
1977,2026-01-16 20:37:18,user10110@example.com,DIRECT,Mexico,LOGIN
1978,2026-01-18 18:10:16,user10020@example.com,DIRECT,Bra~sil,LOGIN
1979,2026-01-13 05:20:42,user10002@reseller.co,PARTNER,Espana,LOGIN
1980,2026-01-16 05:58:47,user10086@example.com,DIRECT,México,LOGIN
1981,2026-01-08 11:45:59,user10007@example.com,DIRECT,Mexico,LOGIN
1982,2026-01-05 20:45:22,user10209@example.com,DIRECT,Espana,LOGIN
1983,2026-01-17 01:23:14,user10173@example.com,DIRECT,UNITED STATES,LOGIN
1984,2026-01-11 05:50:58,user10018@example.com,DIRECT,United States,BILLING
1985,2026-01-18 15:22:23,user10171@example.com,DIRECT,Me~xico,LOGIN
1986,2026-01-18 23:46:43,user10166@alliances.net,PARTNER, Canada,BUG
1987,2026-01-09 11:42:44,user10159@example.com,DIRECT,España,BILLING
1988,2026-01-05 00:19:39,user10190@example.com,DIRECT,United States,HOWTO
1989,2026-01-04 15:52:15,user10155@alliances.net,PARTNER,Espana,BILLING
1990,2026-01-13 19:06:33,user10111@example.com,DIRECT,México,BUG
1991,2026-01-02 04:31:45,user10159@reseller.co,PARTNER, México ,LOGIN
1992,2026-01-12 12:00:57,user10175@example.com,DIRECT, España ,BILLING
1993,2026-01-06 00:57:44,user10128@example.com,DIRECT, México ,BUG
1994,2026-01-13 19:35:29,user10097@example.com,DIRECT,CANADA ,BUG
1995,2026-01-06 14:58:25,user10126@example.com,DIRECT,UNITED STATES,LOGIN
1996,2026-01-11 12:30:25,user10077@example.com,DIRECT,Bra~sil,LOGIN
1997,2026-01-18 02:05:28,user10089@example.com,DIRECT, España ,HOWTO
1998,2026-01-14 20:00:11,user10111@example.com,DIRECT,Bra~sil,BUG
1999,2026-01-02 17:39:23,user10164@example.com,DIRECT,México,LOGIN
2000,2026-01-07 17:00:05,user10042@alliances.net,PARTNER,Espana,BILLING
2001,2026-01-10 11:04:37,user10095@example.com,DIRECT,UNITED STATES,BUG
2002,2026-01-17 15:20:24,user10067@example.com,DIRECT,España,BILLING
2003,2026-01-10 21:47:36,user10034@example.com,DIRECT, Canada,BILLING
2004,2026-01-11 22:49:57,user10067@example.com,DIRECT, Canada,HOWTO
2005,2026-01-06 04:09:01,user10066@partner-mail.com,PARTNER,Mexico,BUG
2006,2026-01-07 02:49:47,user10217@example.com,DIRECT,United States,BILLING
2007,2026-01-09 13:27:37,user10085@example.com,DIRECT, España ,LOGIN
2008,2026-01-12 22:13:45,user10073@example.com,DIRECT,Mexico,LOGIN
2009,2026-01-14 15:54:03,user10086@example.com,DIRECT, Canada,BUG
2010,2026-01-13 12:31:21,user10050@example.com,DIRECT,United States,LOGIN
2011,2026-01-05 12:15:02,user10200@example.com,DIRECT,Espa~na,BILLING
2012,2026-01-17 16:58:44,user10206@example.com,DIRECT,Espa~na,HOWTO
2013,2026-01-13 22:49:18,user10086@example.com,DIRECT,Espa~na,BILLING
2014,2026-01-12 16:02:15,user10030@partner-mail.com,PARTNER,Brasil,BUG
2015,2026-01-16 14:54:03,user10004@example.com,DIRECT, España ,LOGIN
2016,2026-01-10 09:24:10,user10212@example.com,DIRECT,Mexico,BUG
2017,2026-01-16 22:57:14,user10182@example.com,DIRECT,Brasil,BILLING
2018,2026-01-07 12:38:30,user10187@example.com,DIRECT, México ,HOWTO
2019,2026-01-18 05:01:27,user10128@reseller.co,PARTNER,Me~xico,LOGIN
2020,2026-01-08 23:20:45,user10142@example.com,DIRECT,Espa~na,BUG
2021,2026-01-12 17:29:13,user10168@example.com,DIRECT, México ,BUG
2022,2026-01-06 11:43:04,user10094@example.com,DIRECT,México,LOGIN
2023,2026-01-12 20:22:27,user10181@example.com,DIRECT, México ,BUG
2024,2026-01-12 21:59:55,user10043@example.com,DIRECT,Me~xico,BILLING
2025,2026-01-03 22:40:20,user10097@example.com,DIRECT,UNITED STATES,BUG
2026,2026-01-16 00:12:08,user10023@example.com,DIRECT,Brasil,BUG
2027,2026-01-14 11:09:06,user10170@example.com,DIRECT,CANADA ,HOWTO
2028,2026-01-11 13:46:53,user10022@example.com,DIRECT,Espa~na,LOGIN
2029,2026-01-13 20:00:58,user10110@example.com,DIRECT,Bra~sil,BILLING
2030,2026-01-04 16:32:14,user10076@example.com,DIRECT,Brasil,LOGIN
2031,2026-01-13 15:21:57,user10218@reseller.co,PARTNER,United States,BUG
2032,2026-01-01 09:29:09,user10089@reseller.co,PARTNER,Espa~na,BILLING
2033,2026-01-04 21:34:27,user10031@example.com,DIRECT,Espana,BILLING
2034,2026-01-16 01:56:59,user10203@partner-mail.com,PARTNER,UNITED STATES,HOWTO
2035,2026-01-18 06:13:44,user10121@example.com,DIRECT,UNITED STATES,BUG
2036,2026-01-06 19:00:35,user10117@example.com,DIRECT, España ,BUG
2037,2026-01-14 01:50:06,user10139@example.com,DIRECT, México ,LOGIN
2038,2026-01-13 18:04:17,user10217@example.com,DIRECT,España,BILLING
2039,2026-01-14 19:48:06,user10005@reseller.co,PARTNER,Mexico,BUG
2040,2026-01-18 09:09:00,user10158@example.com,DIRECT, España ,BILLING
2041,2026-01-06 02:06:46,user10100@example.com,DIRECT,Bra~sil,LOGIN
2042,2026-01-17 02:20:30,user10032@example.com,DIRECT, México ,BILLING
2043,2026-01-10 16:07:35,user10199@example.com,DIRECT,España,HOWTO
2044,2026-01-10 20:08:49,user10121@reseller.co,PARTNER,Me~xico,LOGIN
2045,2026-01-09 14:22:09,user10201@example.com,DIRECT,CANADA ,BUG
2046,2026-01-17 18:37:29,user10035@example.com,DIRECT,Bra~sil,BILLING
2047,2026-01-17 01:09:44,user10148@example.com,DIRECT,Espa~na,BUG
2048,2026-01-08 20:01:18,user10008@example.com,DIRECT,España,LOGIN
2049,2026-01-03 16:57:14,user10216@example.com,DIRECT, Canada,BILLING
2050,2026-01-17 19:39:07,user10207@example.com,DIRECT,México,LOGIN
2051,2026-01-03 05:46:08,user10194@example.com,DIRECT,España,BILLING
2052,2026-01-13 06:18:53,user10074@example.com,DIRECT, México ,BUG
2053,2026-01-07 13:00:06,user10153@example.com,DIRECT,España,BUG
2054,2026-01-02 14:59:28,user10041@example.com,DIRECT,UNITED STATES,HOWTO
2055,2026-01-18 10:57:58,user10184@example.com,DIRECT, México ,BILLING
2056,2026-01-15 11:10:43,user10022@example.com,DIRECT,United States,LOGIN
2057,2026-01-07 20:23:39,user10161@example.com,DIRECT,Mexico,HOWTO
2058,2026-01-03 09:22:07,user10143@example.com,DIRECT,Brasil,LOGIN
2059,2026-01-11 14:17:19,user10064@example.com,DIRECT,Mexico,BILLING
2060,2026-01-18 09:50:56,user10101@reseller.co,PARTNER,Mexico,BUG
2061,2026-01-05 05:23:16,user10104@example.com,DIRECT,UNITED STATES,BILLING
2062,2026-01-01 16:09:28,user10002@example.com,DIRECT,España,BUG
2063,2026-01-03 00:13:26,user10011@example.com,DIRECT,México,BUG
2064,2026-01-14 23:57:17,user10157@example.com,DIRECT,Brasil,HOWTO
2065,2026-01-17 14:54:15,user10151@example.com,DIRECT, Canada,BUG
2066,2026-01-03 11:20:37,user10056@example.com,DIRECT, México ,BUG
2067,2026-01-01 12:02:53,user10098@example.com,DIRECT, España ,LOGIN
2068,2026-01-10 08:47:52,user10171@example.com,DIRECT,Me~xico,HOWTO
2069,2026-01-10 23:46:00,user10149@partner-mail.com,PARTNER,Brasil,BILLING
2070,2026-01-07 15:04:10,user10107@example.com,DIRECT, Canada,HOWTO
2071,2026-01-04 03:30:38,user10190@example.com,DIRECT,CANADA ,BUG
2072,2026-01-16 15:06:04,user10117@example.com,DIRECT,Me~xico,LOGIN
2073,2026-01-16 18:22:26,user10001@example.com,DIRECT,Mexico,LOGIN
2074,2026-01-05 09:46:19,user10100@example.com,DIRECT, Canada,BILLING
2075,2026-01-04 23:14:52,user10053@example.com,DIRECT,España,BUG
2076,2026-01-13 15:30:12,user10148@example.com,DIRECT,Mexico,BILLING
2077,2026-01-08 06:59:31,user10023@alliances.net,PARTNER,United States,HOWTO
2078,2026-01-17 15:45:36,user10217@example.com,DIRECT,Mexico,HOWTO
2079,2026-01-16 23:58:50,user10133@example.com,DIRECT, México ,BILLING
2080,2026-01-02 17:55:07,user10175@example.com,DIRECT,United States,LOGIN
2081,2026-01-06 00:07:47,user10101@example.com,DIRECT, México ,BUG
2082,2026-01-13 04:00:31,user10015@alliances.net,PARTNER,Brasil,BUG
2083,2026-01-01 01:30:00,user10095@example.com,DIRECT,México,BILLING
2084,2026-01-02 15:39:41,user10108@example.com,DIRECT,UNITED STATES,HOWTO
2085,2026-01-05 22:56:19,user10092@example.com,DIRECT,UNITED STATES,HOWTO
2086,2026-01-15 10:01:42,user10051@example.com,DIRECT,Espana,BUG
2087,2026-01-18 11:54:25,user10045@example.com,DIRECT,UNITED STATES,HOWTO
2088,2026-01-16 21:06:20,user10022@example.com,DIRECT,United States,HOWTO
2089,2026-01-05 05:41:33,user10109@example.com,DIRECT, Canada,BILLING
2090,2026-01-03 14:50:28,user10042@reseller.co,PARTNER,Espana,HOWTO
2091,2026-01-04 23:34:14,user10137@example.com,DIRECT,México,HOWTO
2092,2026-01-16 19:27:48,user10054@example.com,DIRECT, Canada,BUG
2093,2026-01-13 22:48:40,user10095@example.com,DIRECT,Bra~sil,BILLING
2094,2026-01-08 19:26:51,user10211@example.com,DIRECT,Brasil,HOWTO
2095,2026-01-10 16:35:32,user10115@example.com,DIRECT,Mexico,BUG
2096,2026-01-06 05:06:39,user10163@example.com,DIRECT,España,LOGIN
2097,2026-01-14 21:14:12,user10149@example.com,DIRECT,Brasil,LOGIN
2098,2026-01-18 01:51:43,user10187@partner-mail.com,PARTNER,Mexico,HOWTO
2099,2026-01-12 21:17:25,user10012@example.com,DIRECT,United States,BILLING
2100,2026-01-07 18:13:42,user10153@alliances.net,PARTNER,Me~xico,HOWTO
2101,2026-01-06 21:31:34,user10052@example.com,DIRECT,Espana,LOGIN
2102,2026-01-04 01:19:50,user10069@example.com,DIRECT, México ,BUG
2103,2026-01-14 17:41:59,user10199@example.com,DIRECT,CANADA ,HOWTO
2104,2026-01-06 22:45:21,user10086@example.com,DIRECT,Me~xico,BILLING
2105,2026-01-09 22:10:25,user10113@example.com,DIRECT,Brasil,LOGIN
2106,2026-01-17 16:34:02,user10096@example.com,DIRECT,Espana,BILLING
2107,2026-01-18 22:28:04,user10023@example.com,DIRECT,Espana,LOGIN
2108,2026-01-18 10:09:37,user10064@example.com,DIRECT,UNITED STATES,BILLING
2109,2026-01-01 00:53:20,user10033@example.com,DIRECT,Espana,HOWTO
2110,2026-01-09 16:05:07,user10092@example.com,DIRECT,Mexico,BUG
2111,2026-01-08 19:02:18,user10000@example.com,DIRECT,Mexico,BUG
2112,2026-01-09 03:10:02,user10169@example.com,DIRECT, Canada,BILLING
2113,2026-01-10 09:55:22,user10117@reseller.co,PARTNER,United States,BILLING
2114,2026-01-11 15:18:54,user10016@example.com,DIRECT,UNITED STATES,BUG
2115,2026-01-11 02:54:06,user10218@example.com,DIRECT,Brasil,HOWTO
2116,2026-01-16 22:04:57,user10060@example.com,DIRECT,UNITED STATES,HOWTO
2117,2026-01-12 00:45:40,user10076@example.com,DIRECT,United States,HOWTO
2118,2026-01-01 00:00:10,user10105@alliances.net,PARTNER,Espa~na,LOGIN
2119,2026-01-06 00:42:13,user10117@example.com,DIRECT, México ,BUG
2120,2026-01-15 22:30:52,user10148@example.com,DIRECT,United States,BUG
2121,2026-01-14 12:08:02,user10117@example.com,DIRECT,España,BUG
2122,2026-01-18 07:27:26,user10142@example.com,DIRECT, México ,BUG
2123,2026-01-10 21:01:18,user10068@example.com,DIRECT,United States,LOGIN
2124,2026-01-08 09:31:34,user10159@example.com,DIRECT,Bra~sil,LOGIN
2125,2026-01-18 02:42:18,user10187@example.com,DIRECT,México,LOGIN
2126,2026-01-08 22:32:56,user10023@example.com,DIRECT, España ,BILLING
2127,2026-01-03 08:12:59,user10026@example.com,DIRECT,Brasil,HOWTO
2128,2026-01-18 19:07:04,user10039@alliances.net,PARTNER,Espa~na,LOGIN
2129,2026-01-08 02:58:31,user10072@example.com,DIRECT,CANADA ,BILLING
2130,2026-01-08 09:14:15,user10067@example.com,DIRECT,Brasil,BUG
2131,2026-01-14 04:42:38,user10171@alliances.net,PARTNER, Canada,HOWTO
2132,2026-01-07 23:30:36,user10061@partner-mail.com,PARTNER,United States,BUG
2133,2026-01-16 18:45:46,user10195@example.com,DIRECT,United States,LOGIN
2134,2026-01-16 00:46:56,user10166@example.com,DIRECT,México,HOWTO
2135,2026-01-04 05:54:59,user10206@example.com,DIRECT,Bra~sil,BUG
2136,2026-01-09 15:51:06,user10218@example.com,DIRECT,UNITED STATES,BUG
2137,2026-01-02 13:11:03,user10015@example.com,DIRECT,Brasil,LOGIN
2138,2026-01-12 12:13:33,user10150@example.com,DIRECT,Bra~sil,BUG
2139,2026-01-08 02:51:04,user10190@example.com,DIRECT,México,BUG
2140,2026-01-06 21:17:54,user10007@example.com,DIRECT,Espana,BUG
2141,2026-01-01 09:32:45,user10036@example.com,DIRECT,España,LOGIN
2142,2026-01-13 00:26:55,user10065@example.com,DIRECT,UNITED STATES,BUG
2143,2026-01-02 10:23:53,user10045@example.com,DIRECT, España ,HOWTO
2144,2026-01-07 07:43:06,user10176@example.com,DIRECT,España,BILLING
2145,2026-01-10 02:12:05,user10029@example.com,DIRECT,Espa~na,BILLING
2146,2026-01-15 11:28:47,user10203@example.com,DIRECT, España ,BILLING
2147,2026-01-06 10:16:33,user10078@example.com,DIRECT, Canada,HOWTO
2148,2026-01-09 01:45:31,user10130@example.com,DIRECT, México ,BUG
2149,2026-01-14 20:12:09,user10089@example.com,DIRECT,México,LOGIN
2150,2026-01-17 15:29:36,user10076@example.com,DIRECT,UNITED STATES,HOWTO
2151,2026-01-16 17:09:58,user10190@partner-mail.com,PARTNER,Brasil,HOWTO
2152,2026-01-10 20:20:34,user10078@example.com,DIRECT,España,LOGIN
2153,2026-01-04 15:21:54,user10215@example.com,DIRECT,Espana,LOGIN
2154,2026-01-16 21:45:03,user10139@example.com,DIRECT,Mexico,BUG
2155,2026-01-15 02:53:50,user10079@example.com,DIRECT,Me~xico,BUG
2156,2026-01-08 03:27:34,user10190@example.com,DIRECT,Espana,HOWTO
2157,2026-01-13 06:11:41,user10061@alliances.net,PARTNER,United States,HOWTO
2158,2026-01-13 12:09:12,user10074@example.com,DIRECT,España,LOGIN
2159,2026-01-03 07:42:17,user10195@example.com,DIRECT,España,HOWTO
2160,2026-01-05 23:38:25,user10041@example.com,DIRECT,Me~xico,BILLING
2161,2026-01-16 16:13:13,user10194@partner-mail.com,PARTNER,United States,BILLING
2162,2026-01-11 01:43:01,user10000@example.com,DIRECT,Brasil,LOGIN
2163,2026-01-02 19:53:10,user10001@example.com,DIRECT, México ,BILLING
2164,2026-01-12 16:55:04,user10030@example.com,DIRECT, México ,LOGIN
2165,2026-01-07 15:08:20,user10135@reseller.co,PARTNER,Mexico,BILLING
2166,2026-01-04 06:51:52,user10187@example.com,DIRECT,Espana,HOWTO
2167,2026-01-03 07:19:46,user10186@example.com,DIRECT,México,BUG
2168,2026-01-10 21:48:19,user10137@example.com,DIRECT,Me~xico,LOGIN
2169,2026-01-06 19:58:50,user10140@example.com,DIRECT,España,BUG
2170,2026-01-17 14:35:49,user10217@example.com,DIRECT,Me~xico,LOGIN
2171,2026-01-06 07:03:31,user10208@example.com,DIRECT, Canada,HOWTO
2172,2026-01-04 21:30:38,user10015@example.com,DIRECT,UNITED STATES,LOGIN
2173,2026-01-02 10:31:02,user10123@example.com,DIRECT, Canada,BILLING
2174,2026-01-09 01:12:39,user10080@example.com,DIRECT,Mexico,BUG
2175,2026-01-05 07:53:20,user10029@example.com,DIRECT,Espa~na,BUG
2176,2026-01-16 14:32:01,user10175@example.com,DIRECT,Brasil,BUG
2177,2026-01-13 16:08:38,user10119@example.com,DIRECT,España,BILLING
2178,2026-01-08 10:04:56,user10145@example.com,DIRECT,Me~xico,BILLING
2179,2026-01-18 11:08:34,user10113@partner-mail.com,PARTNER,México,HOWTO
2180,2026-01-01 02:35:20,user10014@example.com,DIRECT, Canada,HOWTO
2181,2026-01-04 17:21:13,user10190@partner-mail.com,PARTNER,Me~xico,BILLING
2182,2026-01-10 09:49:06,user10088@example.com,DIRECT,Brasil,LOGIN
2183,2026-01-03 02:55:45,user10048@example.com,DIRECT,España,LOGIN
2184,2026-01-09 17:47:49,user10140@example.com,DIRECT,UNITED STATES,LOGIN
2185,2026-01-01 11:35:47,user10066@example.com,DIRECT,CANADA ,BILLING
2186,2026-01-17 13:58:13,user10151@reseller.co,PARTNER,Brasil,LOGIN
2187,2026-01-15 04:37:19,user10112@alliances.net,PARTNER,Brasil,HOWTO
2188,2026-01-12 14:15:10,user10099@partner-mail.com,PARTNER,Mexico,LOGIN
2189,2026-01-18 12:20:28,user10021@example.com,DIRECT, México ,BILLING
2190,2026-01-14 06:42:30,user10041@example.com,DIRECT,México,BILLING
2191,2026-01-06 00:02:15,user10190@example.com,DIRECT,Brasil,BUG
2192,2026-01-07 12:12:55,user10212@partner-mail.com,PARTNER,CANADA ,HOWTO
2193,2026-01-12 23:02:43,user10121@example.com,DIRECT,Mexico,LOGIN
2194,2026-01-17 10:42:46,user10102@reseller.co,PARTNER,México,BUG
2195,2026-01-06 18:22:48,user10039@example.com,DIRECT,United States,BILLING
2196,2026-01-15 21:50:25,user10157@example.com,DIRECT,United States,BILLING
2197,2026-01-18 18:36:44,user10142@example.com,DIRECT,Bra~sil,BUG
2198,2026-01-02 21:04:11,user10117@reseller.co,PARTNER,Me~xico,BILLING
2199,2026-01-06 11:57:38,user10059@partner-mail.com,PARTNER,Espana,LOGIN
2200,2026-01-12 10:29:50,user10017@example.com,DIRECT,UNITED STATES,LOGIN
2201,2026-01-07 09:39:24,user10213@example.com,DIRECT,México,BILLING
2202,2026-01-17 12:04:44,user10052@example.com,DIRECT,Espa~na,HOWTO
2203,2026-01-09 06:45:18,user10143@example.com,DIRECT,España,BUG
2204,2026-01-12 07:01:25,user10013@example.com,DIRECT, Canada,BUG
2205,2026-01-05 11:16:09,user10150@example.com,DIRECT,Espana,BUG
2206,2026-01-18 13:36:22,user10041@example.com,DIRECT,Me~xico,LOGIN
2207,2026-01-10 03:39:59,user10153@example.com,DIRECT, España ,BUG
2208,2026-01-05 03:07:43,user10044@example.com,DIRECT, España ,BUG
2209,2026-01-16 19:28:52,user10109@alliances.net,PARTNER,Me~xico,BUG
2210,2026-01-11 23:10:34,user10091@example.com,DIRECT,Brasil,BUG
2211,2026-01-08 16:49:21,user10112@partner-mail.com,PARTNER,México,LOGIN
2212,2026-01-10 09:56:47,user10070@example.com,DIRECT,Espana,HOWTO
2213,2026-01-06 18:55:59,user10074@example.com,DIRECT,España,LOGIN
2214,2026-01-06 00:13:07,user10079@alliances.net,PARTNER,Espa~na,LOGIN
2215,2026-01-05 23:33:36,user10140@example.com,DIRECT, Canada,BUG
2216,2026-01-15 07:07:37,user10179@example.com,DIRECT,CANADA ,HOWTO
2217,2026-01-07 09:45:50,user10080@example.com,DIRECT, México ,BUG
2218,2026-01-08 22:46:22,user10004@reseller.co,PARTNER, México ,BILLING
2219,2026-01-14 12:42:03,user10042@example.com,DIRECT,United States,LOGIN
2220,2026-01-12 07:26:46,user10022@example.com,DIRECT,Mexico,BUG
2221,2026-01-04 15:13:48,user10138@example.com,DIRECT,Bra~sil,HOWTO
2222,2026-01-15 09:16:34,user10177@example.com,DIRECT,Espa~na,BUG
2223,2026-01-18 20:21:09,user10046@reseller.co,PARTNER,Mexico,BUG
2224,2026-01-14 23:23:41,user10117@example.com,DIRECT,Espa~na,BILLING
2225,2026-01-14 21:37:22,user10105@example.com,DIRECT,Me~xico,BILLING
2226,2026-01-02 18:50:10,user10096@partner-mail.com,PARTNER, España ,HOWTO
2227,2026-01-08 23:21:22,user10194@example.com,DIRECT,United States,BILLING
2228,2026-01-01 08:39:08,user10058@example.com,DIRECT,Me~xico,BUG
2229,2026-01-03 23:24:41,user10137@example.com,DIRECT,España,BUG
2230,2026-01-15 03:57:31,user10119@example.com,DIRECT,Espana,BUG
2231,2026-01-03 22:20:44,user10192@example.com,DIRECT,UNITED STATES,BUG
2232,2026-01-12 09:22:35,user10048@example.com,DIRECT,Espa~na,BUG
2233,2026-01-06 13:55:31,user10205@example.com,DIRECT,Brasil,LOGIN
2234,2026-01-03 08:57:19,user10188@example.com,DIRECT,México,BUG
2235,2026-01-14 19:19:08,user10098@example.com,DIRECT,Mexico,BUG
2236,2026-01-03 21:28:17,user10181@partner-mail.com,PARTNER,United States,BILLING
2237,2026-01-17 05:14:41,user10142@example.com,DIRECT,Brasil,HOWTO
2238,2026-01-09 12:56:40,user10070@example.com,DIRECT,United States,BUG
2239,2026-01-18 14:38:06,user10187@example.com,DIRECT,Espa~na,HOWTO
2240,2026-01-04 22:11:44,user10005@example.com,DIRECT,UNITED STATES,HOWTO
2241,2026-01-16 04:07:00,user10030@example.com,DIRECT,Espana,BILLING
2242,2026-01-17 23:40:02,user10195@example.com,DIRECT, España ,BILLING
2243,2026-01-16 04:54:38,user10174@partner-mail.com,PARTNER, México ,HOWTO
2244,2026-01-05 20:52:13,user10065@example.com,DIRECT,España,BILLING
2245,2026-01-09 11:55:26,user10216@reseller.co,PARTNER,Espana,HOWTO
2246,2026-01-17 09:45:25,user10144@example.com,DIRECT,CANADA ,HOWTO
2247,2026-01-02 19:21:22,user10053@example.com,DIRECT,Espa~na,BUG
2248,2026-01-13 09:22:25,user10188@example.com,DIRECT,Bra~sil,BUG
2249,2026-01-10 11:19:34,user10218@reseller.co,PARTNER, Canada,LOGIN
2250,2026-01-11 13:08:22,user10175@example.com,DIRECT, España ,HOWTO
2251,2026-01-10 21:49:26,user10137@example.com,DIRECT,United States,BUG
2252,2026-01-13 16:18:09,user10189@example.com,DIRECT,Me~xico,BILLING
2253,2026-01-15 23:42:34,user10177@example.com,DIRECT,Espa~na,BUG
2254,2026-01-13 20:22:14,user10107@example.com,DIRECT,United States,LOGIN
2255,2026-01-01 02:47:58,user10166@example.com,DIRECT, Canada,BILLING
2256,2026-01-06 19:37:12,user10185@example.com,DIRECT,CANADA ,LOGIN
2257,2026-01-11 09:06:37,user10007@example.com,DIRECT,Espa~na,HOWTO
2258,2026-01-09 07:30:38,user10101@example.com,DIRECT,UNITED STATES,BUG
2259,2026-01-10 18:31:57,user10205@partner-mail.com,PARTNER,UNITED STATES,LOGIN
2260,2026-01-02 17:39:45,user10058@example.com,DIRECT,Me~xico,HOWTO
2261,2026-01-10 06:16:15,user10135@example.com,DIRECT,UNITED STATES,BUG
2262,2026-01-01 09:01:37,user10105@example.com,DIRECT,Espa~na,LOGIN
2263,2026-01-02 01:29:57,user10129@example.com,DIRECT,México,BILLING
2264,2026-01-17 18:38:14,user10073@example.com,DIRECT, México ,BUG
2265,2026-01-15 04:21:59,user10140@example.com,DIRECT, Canada,BILLING
2266,2026-01-16 00:19:11,user10168@example.com,DIRECT,España,BUG
2267,2026-01-04 06:51:08,user10162@partner-mail.com,PARTNER,Espana,BILLING
2268,2026-01-14 20:22:09,user10182@example.com,DIRECT,España,BUG
2269,2026-01-01 12:14:45,user10055@example.com,DIRECT,España,BILLING
2270,2026-01-02 16:45:09,user10031@example.com,DIRECT,España,LOGIN
2271,2026-01-11 22:28:10,user10119@example.com,DIRECT, Canada,BUG
2272,2026-01-12 03:31:11,user10036@partner-mail.com,PARTNER, España ,HOWTO
2273,2026-01-01 10:07:11,user10138@example.com,DIRECT,Mexico,BUG
2274,2026-01-13 06:00:28,user10084@example.com,DIRECT,Espa~na,LOGIN
2275,2026-01-16 17:34:05,user10158@example.com,DIRECT,UNITED STATES,LOGIN
2276,2026-01-08 07:28:08,user10101@alliances.net,PARTNER, España ,BUG
2277,2026-01-11 15:39:11,user10123@example.com,DIRECT,Bra~sil,HOWTO
2278,2026-01-07 12:19:29,user10210@example.com,DIRECT,Bra~sil,BILLING
2279,2026-01-17 23:14:21,user10138@partner-mail.com,PARTNER,México,BUG
2280,2026-01-14 21:44:09,user10207@example.com,DIRECT,Bra~sil,BILLING
2281,2026-01-13 09:23:34,user10053@alliances.net,PARTNER,Brasil,HOWTO
2282,2026-01-01 23:17:37,user10212@example.com,DIRECT,Espana,BILLING
2283,2026-01-13 04:56:08,user10047@example.com,DIRECT,Bra~sil,LOGIN
2284,2026-01-09 14:28:07,user10160@example.com,DIRECT,United States,LOGIN
2285,2026-01-13 11:59:20,user10010@partner-mail.com,PARTNER,Brasil,BUG
2286,2026-01-05 02:37:17,user10148@example.com,DIRECT,CANADA ,LOGIN
2287,2026-01-03 12:35:19,user10193@partner-mail.com,PARTNER,CANADA ,HOWTO
2288,2026-01-08 23:28:49,user10059@example.com,DIRECT,UNITED STATES,HOWTO
2289,2026-01-09 02:07:47,user10034@partner-mail.com,PARTNER, Canada,BUG
2290,2026-01-10 23:03:06,user10081@example.com,DIRECT, España ,BILLING
2291,2026-01-01 10:58:33,user10014@example.com,DIRECT,United States,BILLING
2292,2026-01-08 02:06:53,user10000@example.com,DIRECT, Canada,HOWTO
2293,2026-01-12 12:07:27,user10094@example.com,DIRECT,México,LOGIN
2294,2026-01-16 15:58:43,user10183@example.com,DIRECT, México ,BUG
2295,2026-01-03 14:41:30,user10088@example.com,DIRECT,Brasil,HOWTO
2296,2026-01-16 15:59:47,user10060@example.com,DIRECT,Bra~sil,BUG
2297,2026-01-06 11:53:10,user10049@example.com,DIRECT,México,BUG
2298,2026-01-14 15:51:36,user10017@reseller.co,PARTNER,United States,LOGIN
2299,2026-01-02 04:26:28,user10086@example.com,DIRECT,Espana,BILLING
2300,2026-01-15 17:24:11,user10069@example.com,DIRECT,España,BILLING
2301,2026-01-18 09:25:46,user10098@alliances.net,PARTNER,UNITED STATES,BILLING
2302,2026-01-10 00:07:23,user10071@reseller.co,PARTNER,CANADA ,LOGIN
2303,2026-01-11 20:05:21,user10129@partner-mail.com,PARTNER, España ,HOWTO
2304,2026-01-05 07:24:37,user10159@example.com,DIRECT,United States,BILLING
2305,2026-01-03 07:35:51,user10002@example.com,DIRECT,México,BUG
2306,2026-01-15 08:06:04,user10001@example.com,DIRECT,Bra~sil,BUG
2307,2026-01-17 23:20:26,user10060@example.com,DIRECT,México,HOWTO
2308,2026-01-03 15:34:58,user10050@example.com,DIRECT,México,HOWTO
2309,2026-01-14 06:22:23,user10019@example.com,DIRECT,Brasil,BUG
2310,2026-01-11 02:16:55,user10197@example.com,DIRECT, México ,BUG
2311,2026-01-14 01:16:04,user10019@example.com,DIRECT,Mexico,BUG
2312,2026-01-12 06:38:00,user10188@example.com,DIRECT,España,LOGIN
2313,2026-01-17 13:55:50,user10014@example.com,DIRECT,Espa~na,BUG
2314,2026-01-02 04:12:25,user10138@alliances.net,PARTNER, Canada,HOWTO
2315,2026-01-01 08:38:04,user10084@example.com,DIRECT, España ,BILLING
2316,2026-01-04 01:08:09,user10122@reseller.co,PARTNER, México ,BUG
2317,2026-01-02 10:42:45,user10114@alliances.net,PARTNER,UNITED STATES,LOGIN
2318,2026-01-13 11:21:36,user10048@reseller.co,PARTNER,Brasil,BILLING
2319,2026-01-10 19:04:49,user10022@partner-mail.com,PARTNER, España ,LOGIN
2320,2026-01-16 04:54:01,user10192@example.com,DIRECT,Bra~sil,BUG
2321,2026-01-17 12:06:04,user10160@example.com,DIRECT,Espa~na,BUG
2322,2026-01-08 11:34:20,user10167@example.com,DIRECT,España,LOGIN
2323,2026-01-15 03:37:25,user10135@example.com,DIRECT,CANADA ,BUG
2324,2026-01-10 04:56:54,user10112@example.com,DIRECT,Espana,BUG
2325,2026-01-16 19:04:53,user10187@reseller.co,PARTNER,Brasil,BILLING
2326,2026-01-13 19:00:27,user10035@alliances.net,PARTNER,España,BUG
2327,2026-01-09 04:31:47,user10133@example.com,DIRECT,CANADA ,BUG
2328,2026-01-11 02:40:45,user10047@example.com,DIRECT,España,LOGIN
2329,2026-01-05 12:53:47,user10143@reseller.co,PARTNER, México ,BUG
2330,2026-01-09 18:30:29,user10083@reseller.co,PARTNER,CANADA ,BILLING
2331,2026-01-01 15:48:14,user10093@example.com,DIRECT,España,BUG
2332,2026-01-12 15:46:47,user10072@example.com,DIRECT,España,LOGIN
2333,2026-01-02 21:23:21,user10131@example.com,DIRECT,Espa~na,BUG
2334,2026-01-13 03:47:54,user10013@example.com,DIRECT,México,BUG
2335,2026-01-17 20:06:02,user10169@reseller.co,PARTNER,España,LOGIN
2336,2026-01-15 09:04:58,user10089@example.com,DIRECT,Bra~sil,BILLING
2337,2026-01-08 13:17:55,user10215@example.com,DIRECT,Espana,HOWTO
2338,2026-01-11 09:10:23,user10098@example.com,DIRECT, España ,HOWTO
2339,2026-01-12 00:07:43,user10026@partner-mail.com,PARTNER,Espana,LOGIN
2340,2026-01-12 10:54:53,user10063@example.com,DIRECT,United States,LOGIN
2341,2026-01-08 18:17:52,user10101@example.com,DIRECT, España ,HOWTO
2342,2026-01-04 16:11:36,user10084@example.com,DIRECT,United States,BUG
2343,2026-01-04 15:34:28,user10058@example.com,DIRECT,United States,LOGIN
2344,2026-01-03 00:21:27,user10073@alliances.net,PARTNER,México,HOWTO
2345,2026-01-01 20:59:26,user10161@reseller.co,PARTNER,Espana,LOGIN
2346,2026-01-15 03:58:29,user10082@reseller.co,PARTNER,Brasil,HOWTO
2347,2026-01-08 00:16:32,user10034@example.com,DIRECT,Espa~na,BILLING
2348,2026-01-05 16:45:54,user10136@example.com,DIRECT, Canada,HOWTO
2349,2026-01-16 19:55:40,user10162@example.com,DIRECT,UNITED STATES,LOGIN
2350,2026-01-08 02:13:49,user10109@example.com,DIRECT,UNITED STATES,HOWTO
2351,2026-01-14 13:12:32,user10159@example.com,DIRECT,México,BILLING
2352,2026-01-16 20:15:37,user10043@partner-mail.com,PARTNER,Bra~sil,LOGIN
2353,2026-01-06 13:55:08,user10031@example.com,DIRECT,United States,LOGIN
2354,2026-01-03 08:53:29,user10174@example.com,DIRECT,Me~xico,BUG
2355,2026-01-03 02:29:14,user10173@alliances.net,PARTNER,Mexico,LOGIN
2356,2026-01-13 00:52:15,user10112@example.com,DIRECT,Espana,BUG
2357,2026-01-11 23:29:10,user10106@reseller.co,PARTNER,España,BUG
2358,2026-01-05 18:26:24,user10100@example.com,DIRECT,Brasil,BUG
2359,2026-01-12 08:25:12,user10048@example.com,DIRECT, España ,LOGIN
2360,2026-01-12 05:52:53,user10156@reseller.co,PARTNER,Bra~sil,LOGIN
2361,2026-01-16 22:33:53,user10083@example.com,DIRECT,Espa~na,LOGIN
2362,2026-01-15 23:57:52,user10165@example.com,DIRECT,Bra~sil,LOGIN
2363,2026-01-06 17:04:33,user10097@example.com,DIRECT, España ,BUG
2364,2026-01-15 22:08:33,user10186@example.com,DIRECT,Mexico,LOGIN
2365,2026-01-12 16:18:58,user10186@example.com,DIRECT,España,BUG
2366,2026-01-14 21:14:52,user10178@example.com,DIRECT,United States,BILLING
2367,2026-01-17 20:15:55,user10059@example.com,DIRECT,Espa~na,LOGIN
2368,2026-01-10 21:12:42,user10147@example.com,DIRECT,Brasil,LOGIN
2369,2026-01-03 12:24:10,user10165@example.com,DIRECT,UNITED STATES,BUG
2370,2026-01-10 01:45:58,user10158@example.com,DIRECT,México,BUG
2371,2026-01-17 18:43:43,user10193@example.com,DIRECT,Espana,BILLING
2372,2026-01-04 00:38:26,user10034@example.com,DIRECT, España ,LOGIN
2373,2026-01-05 17:23:37,user10144@example.com,DIRECT,Brasil,BILLING
2374,2026-01-03 09:37:26,user10153@example.com,DIRECT,Espana,LOGIN
2375,2026-01-15 07:23:17,user10078@example.com,DIRECT, España ,BUG
2376,2026-01-14 10:05:31,user10055@example.com,DIRECT,Bra~sil,BUG
2377,2026-01-08 20:56:04,user10124@example.com,DIRECT,UNITED STATES,BUG
2378,2026-01-01 09:48:40,user10056@example.com,DIRECT,Mexico,HOWTO
2379,2026-01-17 12:10:29,user10129@alliances.net,PARTNER,Bra~sil,LOGIN
2380,2026-01-17 14:19:22,user10026@alliances.net,PARTNER,CANADA ,LOGIN
2381,2026-01-06 15:03:09,user10086@example.com,DIRECT,Mexico,BILLING
2382,2026-01-04 18:48:51,user10087@example.com,DIRECT,Mexico,LOGIN
2383,2026-01-16 14:46:58,user10161@example.com,DIRECT,CANADA ,BUG
2384,2026-01-13 18:55:10,user10004@example.com,DIRECT,Mexico,BUG
2385,2026-01-07 14:03:08,user10079@example.com,DIRECT,UNITED STATES,BUG
2386,2026-01-09 22:19:27,user10144@example.com,DIRECT, Canada,BUG
2387,2026-01-12 16:19:27,user10109@example.com,DIRECT,United States,BILLING
2388,2026-01-12 16:14:09,user10164@example.com,DIRECT,México,BUG
2389,2026-01-03 06:22:02,user10191@example.com,DIRECT, Canada,HOWTO
2390,2026-01-14 21:03:21,user10170@example.com,DIRECT,UNITED STATES,HOWTO
2391,2026-01-05 13:41:22,user10073@alliances.net,PARTNER, España ,BILLING
2392,2026-01-06 02:11:23,user10028@alliances.net,PARTNER, México ,LOGIN
2393,2026-01-16 03:38:00,user10019@example.com,DIRECT,España,LOGIN
2394,2026-01-15 00:37:24,user10141@example.com,DIRECT,UNITED STATES,BUG
2395,2026-01-13 17:58:07,user10027@reseller.co,PARTNER,Espa~na,BUG
2396,2026-01-14 10:50:10,user10184@example.com,DIRECT,España,BILLING
2397,2026-01-04 18:32:34,user10127@example.com,DIRECT, Canada,HOWTO
2398,2026-01-11 21:11:14,user10007@example.com,DIRECT,Espana,LOGIN
2399,2026-01-02 22:06:06,user10174@example.com,DIRECT,United States,HOWTO
2400,2026-01-11 09:15:06,user10042@example.com,DIRECT,Espana,BUG
2401,2026-01-14 13:02:14,user10218@example.com,DIRECT,Brasil,LOGIN
2402,2026-01-07 02:39:36,user10058@example.com,DIRECT,United States,HOWTO
2403,2026-01-12 01:28:10,user10121@example.com,DIRECT,UNITED STATES,LOGIN
2404,2026-01-18 03:01:49,user10101@example.com,DIRECT,Me~xico,BILLING
2405,2026-01-06 01:41:04,user10077@alliances.net,PARTNER,Bra~sil,BILLING
2406,2026-01-07 05:29:32,user10037@example.com,DIRECT, Canada,BUG
2407,2026-01-09 18:14:15,user10013@example.com,DIRECT,CANADA ,BUG
2408,2026-01-05 20:43:43,user10118@alliances.net,PARTNER, México ,LOGIN
2409,2026-01-10 10:58:05,user10216@example.com,DIRECT,CANADA ,HOWTO
2410,2026-01-11 08:04:07,user10075@example.com,DIRECT,UNITED STATES,LOGIN
2411,2026-01-08 22:46:05,user10066@example.com,DIRECT,Espana,HOWTO
2412,2026-01-17 20:37:17,user10144@example.com,DIRECT,CANADA ,BUG
2413,2026-01-16 08:13:59,user10219@example.com,DIRECT,Bra~sil,BUG
2414,2026-01-17 22:36:48,user10116@example.com,DIRECT,Me~xico,LOGIN
2415,2026-01-11 17:39:26,user10213@example.com,DIRECT, México ,BUG
2416,2026-01-11 18:35:27,user10150@example.com,DIRECT,Espa~na,LOGIN
2417,2026-01-02 19:53:46,user10175@partner-mail.com,PARTNER,UNITED STATES,BUG
2418,2026-01-08 22:09:44,user10054@example.com,DIRECT,México,HOWTO
2419,2026-01-07 19:08:42,user10121@alliances.net,PARTNER,Espa~na,BUG
2420,2026-01-14 06:07:28,user10155@example.com,DIRECT,México,HOWTO
2421,2026-01-15 15:27:37,user10079@example.com,DIRECT,Me~xico,LOGIN
2422,2026-01-11 04:40:11,user10161@example.com,DIRECT,México,LOGIN
2423,2026-01-01 17:21:27,user10085@example.com,DIRECT, México ,BUG
2424,2026-01-15 05:48:10,user10158@example.com,DIRECT, Canada,HOWTO
2425,2026-01-10 06:29:11,user10099@example.com,DIRECT, México ,BUG
2426,2026-01-15 00:25:45,user10015@example.com,DIRECT,CANADA ,BILLING
2427,2026-01-06 06:57:23,user10021@example.com,DIRECT,México,BUG
2428,2026-01-13 22:20:20,user10208@reseller.co,PARTNER,CANADA ,HOWTO
2429,2026-01-14 18:25:02,user10140@example.com,DIRECT,Me~xico,BUG
2430,2026-01-18 04:56:44,user10126@alliances.net,PARTNER,Espa~na,BUG
2431,2026-01-17 21:07:25,user10169@example.com,DIRECT,Bra~sil,BUG
2432,2026-01-12 15:07:12,user10059@example.com,DIRECT,Espa~na,BUG
2433,2026-01-02 11:30:37,user10080@partner-mail.com,PARTNER,Espana,LOGIN
2434,2026-01-18 06:49:40,user10095@example.com,DIRECT,Bra~sil,BUG
2435,2026-01-05 19:14:33,user10144@example.com,DIRECT,Mexico,LOGIN
2436,2026-01-12 12:57:32,user10113@example.com,DIRECT, Canada,BILLING
2437,2026-01-08 22:26:16,user10059@example.com,DIRECT,México,HOWTO
2438,2026-01-04 10:27:32,user10113@example.com,DIRECT, Canada,HOWTO
2439,2026-01-17 18:10:29,user10082@example.com,DIRECT,México,BILLING
2440,2026-01-12 17:18:08,user10054@example.com,DIRECT,United States,HOWTO
2441,2026-01-07 05:20:03,user10042@example.com,DIRECT, Canada,BUG
2442,2026-01-14 04:49:19,user10058@example.com,DIRECT,Mexico,LOGIN
2443,2026-01-18 13:23:23,user10118@example.com,DIRECT,España,LOGIN
2444,2026-01-08 06:55:43,user10079@partner-mail.com,PARTNER,Espana,BILLING
2445,2026-01-07 19:37:36,user10093@example.com,DIRECT,CANADA ,LOGIN
2446,2026-01-04 03:19:25,user10171@example.com,DIRECT,México,BILLING
2447,2026-01-07 19:45:07,user10152@example.com,DIRECT,Brasil,BUG
2448,2026-01-07 07:47:45,user10096@example.com,DIRECT,Mexico,HOWTO
2449,2026-01-17 05:06:02,user10126@alliances.net,PARTNER, Canada,LOGIN
2450,2026-01-15 20:00:32,user10008@alliances.net,PARTNER,España,LOGIN
2451,2026-01-08 02:37:34,user10089@example.com,DIRECT,UNITED STATES,BUG
2452,2026-01-04 23:07:31,user10099@example.com,DIRECT,Bra~sil,BILLING
2453,2026-01-13 15:59:11,user10065@example.com,DIRECT,Espana,BILLING
2454,2026-01-01 00:21:48,user10044@reseller.co,PARTNER, México ,BILLING
2455,2026-01-12 08:48:24,user10162@example.com,DIRECT,United States,HOWTO
2456,2026-01-16 20:17:02,user10002@example.com,DIRECT,Brasil,BUG
2457,2026-01-08 02:25:10,user10214@example.com,DIRECT,Brasil,BUG
2458,2026-01-18 17:36:58,user10214@example.com,DIRECT,United States,HOWTO
2459,2026-01-13 12:00:33,user10137@example.com,DIRECT,Brasil,LOGIN
2460,2026-01-16 01:54:01,user10064@partner-mail.com,PARTNER,Brasil,BILLING
2461,2026-01-07 13:43:22,user10064@example.com,DIRECT,Espa~na,BILLING
2462,2026-01-15 03:51:02,user10118@example.com,DIRECT,United States,BUG
2463,2026-01-08 10:18:08,user10147@example.com,DIRECT,Me~xico,BUG
2464,2026-01-14 20:46:10,user10078@example.com,DIRECT,CANADA ,HOWTO
2465,2026-01-07 17:22:22,user10096@alliances.net,PARTNER, España ,BUG
2466,2026-01-10 04:39:37,user10011@example.com,DIRECT, México ,BILLING
2467,2026-01-01 14:38:29,user10194@example.com,DIRECT,UNITED STATES,LOGIN
2468,2026-01-12 21:47:37,user10198@example.com,DIRECT,Brasil,LOGIN
2469,2026-01-17 07:12:24,user10057@example.com,DIRECT,Espana,BILLING
2470,2026-01-14 12:57:33,user10205@example.com,DIRECT,Me~xico,BILLING
2471,2026-01-06 10:36:00,user10186@example.com,DIRECT,Espana,BUG
2472,2026-01-06 23:37:31,user10041@example.com,DIRECT,México,BUG
2473,2026-01-18 16:37:56,user10033@partner-mail.com,PARTNER,México,LOGIN
2474,2026-01-04 12:06:45,user10091@example.com,DIRECT, Canada,BILLING
2475,2026-01-13 22:11:49,user10152@example.com,DIRECT,Brasil,LOGIN
2476,2026-01-13 03:08:48,user10082@example.com,DIRECT,Brasil,LOGIN
2477,2026-01-12 21:02:29,user10161@example.com,DIRECT,United States,BUG
2478,2026-01-11 14:32:43,user10036@example.com,DIRECT,México,LOGIN
2479,2026-01-18 07:13:47,user10203@example.com,DIRECT,United States,BUG
2480,2026-01-18 10:41:18,user10145@partner-mail.com,PARTNER,Bra~sil,LOGIN
2481,2026-01-07 01:29:00,user10055@example.com,DIRECT,México,BUG
2482,2026-01-08 01:42:00,user10172@example.com,DIRECT, México ,BUG
2483,2026-01-05 04:33:18,user10090@example.com,DIRECT,España,LOGIN
2484,2026-01-08 19:38:39,user10167@example.com,DIRECT,España,LOGIN
2485,2026-01-17 23:14:14,user10154@alliances.net,PARTNER,UNITED STATES,BILLING
2486,2026-01-03 21:34:47,user10148@example.com,DIRECT, Canada,BILLING
2487,2026-01-03 15:23:28,user10026@example.com,DIRECT,Me~xico,BUG
2488,2026-01-01 23:08:08,user10003@example.com,DIRECT,Me~xico,BILLING
2489,2026-01-06 06:38:54,user10153@partner-mail.com,PARTNER, Canada,BILLING
2490,2026-01-03 15:27:41,user10050@alliances.net,PARTNER,United States,LOGIN
2491,2026-01-13 04:14:02,user10014@example.com,DIRECT,México,HOWTO
2492,2026-01-11 13:59:48,user10113@example.com,DIRECT,United States,HOWTO
2493,2026-01-17 02:29:15,user10205@example.com,DIRECT,España,BUG
2494,2026-01-18 04:40:43,user10154@example.com,DIRECT,España,LOGIN
2495,2026-01-06 18:01:49,user10066@example.com,DIRECT,UNITED STATES,BILLING
2496,2026-01-03 23:08:21,user10085@reseller.co,PARTNER, España ,LOGIN
2497,2026-01-17 01:24:25,user10153@example.com,DIRECT,Me~xico,BILLING
2498,2026-01-03 17:38:11,user10098@example.com,DIRECT,Bra~sil,LOGIN
2499,2026-01-02 20:27:09,user10122@example.com,DIRECT,Espa~na,BUG
2500,2026-01-13 16:02:39,user10184@example.com,DIRECT,Espa~na,BUG
2501,2026-01-14 08:36:37,user10012@partner-mail.com,PARTNER,Bra~sil,HOWTO
2502,2026-01-06 16:40:02,user10005@example.com,DIRECT,CANADA ,LOGIN
2503,2026-01-10 01:10:31,user10195@example.com,DIRECT,Espana,LOGIN
2504,2026-01-01 20:11:56,user10059@alliances.net,PARTNER,Bra~sil,BUG
2505,2026-01-06 21:36:29,user10180@example.com,DIRECT, España ,LOGIN
2506,2026-01-16 08:14:05,user10063@reseller.co,PARTNER,UNITED STATES,BILLING
2507,2026-01-15 09:35:46,user10186@example.com,DIRECT,Espana,HOWTO
2508,2026-01-03 02:40:56,user10218@example.com,DIRECT,Mexico,LOGIN
2509,2026-01-17 16:19:38,user10202@example.com,DIRECT,United States,HOWTO
2510,2026-01-08 23:47:23,user10050@example.com,DIRECT,Bra~sil,LOGIN
2511,2026-01-06 06:12:01,user10113@example.com,DIRECT,Bra~sil,HOWTO
2512,2026-01-14 00:45:21,user10010@partner-mail.com,PARTNER,Brasil,HOWTO
2513,2026-01-06 03:41:47,user10058@example.com,DIRECT, España ,LOGIN
2514,2026-01-15 06:31:05,user10091@example.com,DIRECT,Bra~sil,BILLING
2515,2026-01-01 19:16:12,user10007@example.com,DIRECT, México ,BUG
2516,2026-01-18 11:48:20,user10142@example.com,DIRECT,UNITED STATES,LOGIN
2517,2026-01-14 00:00:45,user10042@example.com,DIRECT,México,LOGIN
2518,2026-01-11 00:57:50,user10033@example.com,DIRECT,Mexico,BUG
2519,2026-01-18 04:05:13,user10143@example.com,DIRECT,España,LOGIN
2520,2026-01-03 07:26:44,user10184@reseller.co,PARTNER, España ,LOGIN
2521,2026-01-02 03:17:30,user10219@partner-mail.com,PARTNER,Mexico,HOWTO
2522,2026-01-02 20:53:17,user10043@example.com,DIRECT,CANADA ,BUG
2523,2026-01-10 11:39:23,user10170@example.com,DIRECT, Canada,HOWTO
2524,2026-01-12 15:00:35,user10154@partner-mail.com,PARTNER,Espa~na,LOGIN
2525,2026-01-07 23:51:59,user10178@example.com,DIRECT,Espana,HOWTO
2526,2026-01-10 14:00:38,user10035@partner-mail.com,PARTNER, México ,BUG
2527,2026-01-16 01:27:04,user10105@example.com,DIRECT,Brasil,LOGIN
2528,2026-01-05 00:26:17,user10193@example.com,DIRECT,United States,BILLING
2529,2026-01-03 03:39:33,user10126@partner-mail.com,PARTNER,Brasil,HOWTO
2530,2026-01-03 10:15:11,user10044@example.com,DIRECT,CANADA ,BUG
2531,2026-01-15 06:16:37,user10000@example.com,DIRECT,Mexico,HOWTO
2532,2026-01-07 02:55:37,user10160@reseller.co,PARTNER,Bra~sil,BILLING
2533,2026-01-17 06:08:52,user10014@example.com,DIRECT,UNITED STATES,BILLING
2534,2026-01-06 09:17:32,user10184@reseller.co,PARTNER,Espana,HOWTO
2535,2026-01-11 08:30:28,user10144@example.com,DIRECT,Espana,LOGIN
2536,2026-01-07 09:19:39,user10056@example.com,DIRECT,UNITED STATES,LOGIN
2537,2026-01-08 00:16:18,user10046@example.com,DIRECT,España,BILLING
2538,2026-01-07 10:11:26,user10020@example.com,DIRECT,Me~xico,BUG
2539,2026-01-05 04:12:20,user10074@example.com,DIRECT,UNITED STATES,BILLING
2540,2026-01-14 07:35:01,user10128@example.com,DIRECT,Mexico,BILLING
2541,2026-01-08 23:51:39,user10067@example.com,DIRECT,United States,HOWTO
2542,2026-01-09 18:44:54,user10109@partner-mail.com,PARTNER,Espana,BILLING
2543,2026-01-10 20:10:59,user10138@example.com,DIRECT,CANADA ,LOGIN
2544,2026-01-16 11:07:05,user10105@alliances.net,PARTNER,Espa~na,BILLING
2545,2026-01-08 12:10:28,user10054@partner-mail.com,PARTNER,Brasil,HOWTO
2546,2026-01-10 21:47:31,user10171@reseller.co,PARTNER,Espana,BUG
2547,2026-01-10 20:51:58,user10157@example.com,DIRECT,UNITED STATES,HOWTO
2548,2026-01-06 08:15:27,user10101@example.com,DIRECT, México ,LOGIN
2549,2026-01-01 11:33:10,user10039@example.com,DIRECT, México ,BUG
2550,2026-01-17 03:26:46,user10109@example.com,DIRECT,México,HOWTO
2551,2026-01-02 01:48:44,user10079@partner-mail.com,PARTNER,UNITED STATES,HOWTO
2552,2026-01-12 08:31:23,user10107@example.com,DIRECT,Mexico,BILLING
2553,2026-01-15 08:55:16,user10027@example.com,DIRECT,UNITED STATES,LOGIN
2554,2026-01-16 20:55:05,user10100@example.com,DIRECT,CANADA ,BUG
2555,2026-01-07 20:05:01,user10011@example.com,DIRECT,España,LOGIN
2556,2026-01-05 08:36:52,user10089@reseller.co,PARTNER,España,BUG
2557,2026-01-01 23:17:08,user10153@partner-mail.com,PARTNER,Brasil,BUG
2558,2026-01-18 19:41:37,user10035@example.com,DIRECT,México,HOWTO
2559,2026-01-17 14:44:33,user10028@example.com,DIRECT,Mexico,BUG
2560,2026-01-12 16:37:56,user10064@example.com,DIRECT,CANADA ,LOGIN
2561,2026-01-04 10:10:37,user10199@example.com,DIRECT,Mexico,BILLING
2562,2026-01-07 06:12:09,user10058@example.com,DIRECT,CANADA ,BILLING
2563,2026-01-18 01:58:12,user10207@alliances.net,PARTNER,España,LOGIN
2564,2026-01-05 04:35:31,user10054@partner-mail.com,PARTNER,Bra~sil,HOWTO
2565,2026-01-17 11:08:34,user10012@example.com,DIRECT, México ,BILLING
2566,2026-01-02 02:42:23,user10172@example.com,DIRECT, México ,HOWTO
2567,2026-01-08 01:15:38,user10026@alliances.net,PARTNER,United States,LOGIN
2568,2026-01-01 10:47:04,user10025@example.com,DIRECT,Espa~na,BUG
2569,2026-01-07 13:44:46,user10117@partner-mail.com,PARTNER,Espana,HOWTO
2570,2026-01-04 16:40:13,user10045@alliances.net,PARTNER,México,LOGIN
2571,2026-01-18 08:05:48,user10132@reseller.co,PARTNER,Brasil,BILLING
2572,2026-01-06 07:03:21,user10115@example.com,DIRECT, Canada,LOGIN
2573,2026-01-06 01:45:32,user10157@partner-mail.com,PARTNER,México,BUG
2574,2026-01-10 22:54:25,user10068@alliances.net,PARTNER, Canada,BUG
2575,2026-01-07 17:00:52,user10061@example.com,DIRECT, México ,BUG
2576,2026-01-08 00:20:30,user10052@example.com,DIRECT,Brasil,BILLING
2577,2026-01-07 22:46:01,user10164@example.com,DIRECT,Espa~na,BUG
2578,2026-01-01 18:51:05,user10082@example.com,DIRECT,United States,HOWTO
2579,2026-01-07 08:34:36,user10187@example.com,DIRECT,Espana,LOGIN
2580,2026-01-03 04:04:49,user10110@example.com,DIRECT, México ,LOGIN
2581,2026-01-01 23:41:22,user10174@alliances.net,PARTNER,Espa~na,BUG
2582,2026-01-01 23:57:06,user10148@example.com,DIRECT,CANADA ,BUG
2583,2026-01-11 11:25:07,user10152@example.com,DIRECT,Espana,LOGIN
2584,2026-01-01 02:21:36,user10213@reseller.co,PARTNER,United States,BUG
2585,2026-01-06 08:21:28,user10099@example.com,DIRECT,Mexico,BUG
2586,2026-01-06 22:06:18,user10187@example.com,DIRECT,Espa~na,HOWTO
2587,2026-01-08 22:12:41,user10181@example.com,DIRECT,España,BILLING
2588,2026-01-12 09:38:10,user10094@example.com,DIRECT,Espa~na,BUG
2589,2026-01-09 07:00:10,user10153@example.com,DIRECT,Espa~na,BILLING
2590,2026-01-03 06:52:37,user10099@alliances.net,PARTNER,UNITED STATES,LOGIN
2591,2026-01-18 20:12:34,user10146@example.com,DIRECT,Mexico,BUG
2592,2026-01-16 00:58:45,user10091@reseller.co,PARTNER,Mexico,BILLING
2593,2026-01-09 14:30:58,user10108@alliances.net,PARTNER,Bra~sil,BUG
2594,2026-01-18 05:15:49,user10052@reseller.co,PARTNER,Me~xico,BUG
2595,2026-01-05 11:41:21,user10139@example.com,DIRECT,United States,BUG
2596,2026-01-12 09:11:53,user10209@example.com,DIRECT,México,HOWTO
2597,2026-01-18 14:43:27,user10077@example.com,DIRECT,Brasil,BUG
2598,2026-01-01 22:27:29,user10015@example.com,DIRECT,CANADA ,BUG
2599,2026-01-03 12:28:25,user10155@example.com,DIRECT,United States,HOWTO
2600,2026-01-04 23:13:27,user10045@reseller.co,PARTNER,Espana,LOGIN
2601,2026-01-16 13:15:07,user10153@example.com,DIRECT, México ,BILLING
2602,2026-01-10 01:54:39,user10145@example.com,DIRECT,Me~xico,LOGIN
2603,2026-01-08 20:56:42,user10208@example.com,DIRECT,México,BUG
2604,2026-01-17 13:29:13,user10129@example.com,DIRECT,Me~xico,LOGIN
2605,2026-01-11 23:29:42,user10026@example.com,DIRECT,Me~xico,HOWTO
2606,2026-01-18 00:46:51,user10061@example.com,DIRECT,España,LOGIN
2607,2026-01-18 20:46:08,user10059@example.com,DIRECT,Brasil,BILLING
2608,2026-01-14 02:29:25,user10206@example.com,DIRECT,Me~xico,BUG
2609,2026-01-01 01:37:32,user10189@example.com,DIRECT,Espana,BILLING
2610,2026-01-17 14:46:53,user10090@example.com,DIRECT,United States,BUG
2611,2026-01-05 01:12:29,user10192@example.com,DIRECT,United States,LOGIN
2612,2026-01-02 12:38:38,user10131@example.com,DIRECT,Espana,LOGIN
2613,2026-01-04 22:13:23,user10069@example.com,DIRECT, Canada,BUG
2614,2026-01-10 21:36:20,user10020@example.com,DIRECT, España ,BUG
2615,2026-01-11 17:38:42,user10200@example.com,DIRECT,Espa~na,BILLING
2616,2026-01-09 21:41:19,user10195@example.com,DIRECT,Brasil,BUG
2617,2026-01-10 21:59:22,user10164@partner-mail.com,PARTNER,Me~xico,BUG
2618,2026-01-04 03:49:55,user10022@reseller.co,PARTNER, México ,LOGIN
2619,2026-01-02 00:50:24,user10122@example.com,DIRECT,Brasil,LOGIN
2620,2026-01-11 15:12:45,user10086@example.com,DIRECT, Canada,BUG
2621,2026-01-14 17:44:52,user10150@example.com,DIRECT,Brasil,BUG
2622,2026-01-11 19:21:06,user10194@example.com,DIRECT,Mexico,BUG
2623,2026-01-12 03:11:58,user10117@example.com,DIRECT,Me~xico,HOWTO
2624,2026-01-18 18:32:26,user10207@example.com,DIRECT,España,BUG
2625,2026-01-07 06:37:00,user10042@example.com,DIRECT,Me~xico,LOGIN
2626,2026-01-02 13:36:53,user10198@example.com,DIRECT,México,BUG
2627,2026-01-05 23:56:07,user10192@partner-mail.com,PARTNER,Espana,BILLING
2628,2026-01-06 12:17:40,user10182@example.com,DIRECT,CANADA ,BILLING
2629,2026-01-12 18:33:51,user10209@example.com,DIRECT,Mexico,BILLING
2630,2026-01-04 13:42:22,user10051@example.com,DIRECT,Me~xico,BILLING
2631,2026-01-12 22:10:57,user10042@example.com,DIRECT,Brasil,LOGIN
2632,2026-01-05 09:54:56,user10007@example.com,DIRECT,México,LOGIN
2633,2026-01-09 01:08:36,user10166@example.com,DIRECT,España,HOWTO
2634,2026-01-06 13:33:45,user10099@example.com,DIRECT, Canada,HOWTO
2635,2026-01-14 05:02:02,user10064@example.com,DIRECT,UNITED STATES,HOWTO
2636,2026-01-07 21:23:57,user10013@example.com,DIRECT,Brasil,BUG
2637,2026-01-07 22:57:13,user10058@example.com,DIRECT,United States,BILLING
2638,2026-01-18 08:21:05,user10211@example.com,DIRECT,España,BILLING
2639,2026-01-02 20:12:49,user10015@partner-mail.com,PARTNER,España,HOWTO
2640,2026-01-06 10:34:36,user10001@example.com,DIRECT,México,BUG
2641,2026-01-06 22:34:13,user10055@example.com,DIRECT, Canada,BILLING
2642,2026-01-09 10:30:48,user10071@example.com,DIRECT,United States,LOGIN
2643,2026-01-04 18:25:49,user10043@example.com,DIRECT,UNITED STATES,LOGIN
2644,2026-01-03 20:47:47,user10044@example.com,DIRECT,Espana,BUG
2645,2026-01-01 09:12:11,user10119@example.com,DIRECT,España,LOGIN
2646,2026-01-04 05:52:24,user10003@example.com,DIRECT, Canada,LOGIN
2647,2026-01-13 11:57:12,user10215@example.com,DIRECT,United States,BUG
2648,2026-01-04 10:32:45,user10109@example.com,DIRECT,Mexico,BUG
2649,2026-01-05 08:36:05,user10080@partner-mail.com,PARTNER,CANADA ,HOWTO
2650,2026-01-11 18:01:50,user10016@partner-mail.com,PARTNER, Canada,LOGIN
2651,2026-01-09 11:07:35,user10042@example.com,DIRECT,Bra~sil,LOGIN
2652,2026-01-06 09:24:51,user10197@example.com,DIRECT,Espa~na,HOWTO
2653,2026-01-06 13:02:25,user10073@example.com,DIRECT,Mexico,BILLING
2654,2026-01-06 20:31:55,user10151@example.com,DIRECT,Bra~sil,BUG
2655,2026-01-01 04:28:00,user10035@example.com,DIRECT,México,BILLING
2656,2026-01-10 12:54:25,user10081@example.com,DIRECT,United States,LOGIN
2657,2026-01-09 01:24:00,user10071@alliances.net,PARTNER,United States,HOWTO
2658,2026-01-01 02:22:26,user10185@example.com,DIRECT,Espana,LOGIN
2659,2026-01-07 22:18:22,user10087@partner-mail.com,PARTNER,Bra~sil,BILLING
2660,2026-01-16 08:48:07,user10175@example.com,DIRECT,UNITED STATES,BILLING
2661,2026-01-10 05:21:24,user10202@example.com,DIRECT,UNITED STATES,HOWTO
2662,2026-01-01 03:30:47,user10071@example.com,DIRECT,España,LOGIN
2663,2026-01-11 15:54:56,user10046@alliances.net,PARTNER,CANADA ,LOGIN
2664,2026-01-08 10:32:40,user10186@alliances.net,PARTNER,Espana,HOWTO
2665,2026-01-16 10:15:23,user10203@example.com,DIRECT,Mexico,HOWTO
2666,2026-01-18 08:44:29,user10204@example.com,DIRECT,CANADA ,BILLING
2667,2026-01-03 19:46:58,user10029@example.com,DIRECT,Espana,BILLING
2668,2026-01-04 08:08:41,user10136@example.com,DIRECT, México ,HOWTO
2669,2026-01-15 01:35:51,user10025@example.com,DIRECT, México ,LOGIN
2670,2026-01-01 19:54:18,user10077@reseller.co,PARTNER,Espana,LOGIN
2671,2026-01-12 08:17:37,user10089@example.com,DIRECT, México ,BILLING
2672,2026-01-09 21:32:08,user10198@alliances.net,PARTNER,Bra~sil,LOGIN
2673,2026-01-02 19:28:42,user10161@example.com,DIRECT,Me~xico,HOWTO
2674,2026-01-12 18:08:14,user10207@example.com,DIRECT, México ,HOWTO
2675,2026-01-14 07:23:33,user10183@example.com,DIRECT,España,BILLING
2676,2026-01-07 18:23:13,user10076@example.com,DIRECT,UNITED STATES,BUG
2677,2026-01-03 21:12:33,user10190@example.com,DIRECT,United States,BILLING
2678,2026-01-04 21:25:37,user10018@example.com,DIRECT,UNITED STATES,BUG
2679,2026-01-02 21:09:10,user10044@example.com,DIRECT, Canada,BUG
2680,2026-01-13 22:01:20,user10190@example.com,DIRECT,United States,LOGIN
2681,2026-01-10 07:28:10,user10012@reseller.co,PARTNER,Me~xico,BUG
2682,2026-01-11 04:11:06,user10146@example.com,DIRECT, México ,BILLING
2683,2026-01-11 04:57:03,user10196@example.com,DIRECT,Me~xico,LOGIN
2684,2026-01-07 21:32:16,user10051@example.com,DIRECT,CANADA ,BUG
2685,2026-01-15 03:39:42,user10153@example.com,DIRECT,Espana,LOGIN
2686,2026-01-12 03:51:56,user10124@alliances.net,PARTNER, Canada,BILLING
2687,2026-01-05 21:28:25,user10154@example.com,DIRECT, España ,LOGIN
2688,2026-01-16 06:31:30,user10067@example.com,DIRECT, España ,BUG
2689,2026-01-04 16:09:36,user10025@example.com,DIRECT, Canada,LOGIN
2690,2026-01-10 18:58:51,user10202@example.com,DIRECT, Canada,BUG
2691,2026-01-03 02:04:02,user10022@example.com,DIRECT,Bra~sil,LOGIN
2692,2026-01-07 03:25:59,user10075@example.com,DIRECT,Mexico,BUG
2693,2026-01-13 18:00:06,user10000@example.com,DIRECT, Canada,BILLING
2694,2026-01-12 23:08:53,user10043@alliances.net,PARTNER,México,BILLING
2695,2026-01-16 01:25:50,user10143@example.com,DIRECT,CANADA ,BILLING
2696,2026-01-10 22:21:39,user10009@example.com,DIRECT,España,BUG
2697,2026-01-03 23:40:02,user10048@example.com,DIRECT,Me~xico,BILLING
2698,2026-01-02 00:00:07,user10075@example.com,DIRECT,España,LOGIN
2699,2026-01-18 22:26:36,user10072@partner-mail.com,PARTNER,United States,HOWTO
2700,2026-01-17 15:16:21,user10217@example.com,DIRECT, México ,BILLING
2701,2026-01-16 16:56:55,user10041@example.com,DIRECT,Espa~na,BILLING
2702,2026-01-03 22:12:41,user10048@alliances.net,PARTNER,CANADA ,LOGIN
2703,2026-01-03 07:28:41,user10166@example.com,DIRECT,México,BUG
2704,2026-01-14 12:58:12,user10100@example.com,DIRECT,CANADA ,HOWTO
2705,2026-01-17 06:46:59,user10109@reseller.co,PARTNER, México ,BILLING
2706,2026-01-08 12:53:44,user10213@example.com,DIRECT,Espa~na,BUG
2707,2026-01-13 11:51:07,user10045@partner-mail.com,PARTNER,Me~xico,BILLING
2708,2026-01-15 14:04:58,user10001@example.com,DIRECT, México ,HOWTO
2709,2026-01-17 15:48:31,user10193@example.com,DIRECT,Brasil,LOGIN
2710,2026-01-10 13:16:32,user10064@example.com,DIRECT,Mexico,BUG
2711,2026-01-15 03:39:01,user10070@example.com,DIRECT,España,LOGIN
2712,2026-01-15 13:57:37,user10180@partner-mail.com,PARTNER,Espa~na,LOGIN
2713,2026-01-12 11:55:33,user10137@alliances.net,PARTNER,México,HOWTO
2714,2026-01-09 16:19:54,user10021@example.com,DIRECT,México,BILLING
2715,2026-01-01 10:52:21,user10196@example.com,DIRECT,United States,BILLING
2716,2026-01-05 22:56:56,user10204@example.com,DIRECT,Bra~sil,LOGIN
2717,2026-01-02 00:22:26,user10001@example.com,DIRECT,UNITED STATES,HOWTO
2718,2026-01-14 01:58:34,user10183@example.com,DIRECT,United States,HOWTO
2719,2026-01-16 21:53:38,user10038@example.com,DIRECT,Espana,BUG
2720,2026-01-15 05:37:08,user10031@example.com,DIRECT,España,BILLING
2721,2026-01-06 14:55:33,user10168@example.com,DIRECT,Espana,LOGIN
2722,2026-01-10 00:08:16,user10130@example.com,DIRECT,Mexico,BUG
2723,2026-01-07 20:34:48,user10096@example.com,DIRECT,Mexico,LOGIN
2724,2026-01-17 01:36:14,user10122@example.com,DIRECT, Canada,LOGIN
2725,2026-01-04 05:43:44,user10044@example.com,DIRECT,Espa~na,HOWTO
2726,2026-01-13 04:50:24,user10152@example.com,DIRECT,Me~xico,LOGIN
2727,2026-01-07 22:24:39,user10078@alliances.net,PARTNER,CANADA ,BUG
2728,2026-01-17 21:38:58,user10067@example.com,DIRECT,México,BILLING
2729,2026-01-08 00:47:46,user10123@example.com,DIRECT,Me~xico,HOWTO
2730,2026-01-04 07:33:52,user10084@reseller.co,PARTNER,CANADA ,LOGIN
2731,2026-01-07 17:17:19,user10014@reseller.co,PARTNER, Canada,HOWTO
2732,2026-01-17 14:25:41,user10052@example.com,DIRECT,Espana,BUG
2733,2026-01-09 21:23:46,user10215@example.com,DIRECT, España ,HOWTO
2734,2026-01-14 07:30:32,user10064@example.com,DIRECT,UNITED STATES,BUG
2735,2026-01-02 18:39:25,user10087@example.com,DIRECT,México,BILLING
2736,2026-01-17 23:42:27,user10038@example.com,DIRECT, España ,LOGIN
2737,2026-01-08 08:02:02,user10011@example.com,DIRECT,México,HOWTO
2738,2026-01-07 04:37:18,user10198@example.com,DIRECT,CANADA ,BILLING
2739,2026-01-05 14:22:55,user10130@partner-mail.com,PARTNER,CANADA ,BUG
2740,2026-01-11 09:28:35,user10195@example.com,DIRECT,CANADA ,BUG
2741,2026-01-13 23:42:43,user10182@reseller.co,PARTNER,United States,LOGIN
2742,2026-01-17 08:52:30,user10079@partner-mail.com,PARTNER,CANADA ,LOGIN
2743,2026-01-10 00:39:57,user10105@example.com,DIRECT,Mexico,LOGIN
2744,2026-01-13 05:07:40,user10152@reseller.co,PARTNER,Brasil,BILLING
2745,2026-01-15 03:35:32,user10170@example.com,DIRECT,México,LOGIN
2746,2026-01-06 01:46:24,user10107@example.com,DIRECT,Bra~sil,BILLING
2747,2026-01-14 03:16:38,user10008@example.com,DIRECT,Espa~na,BUG
2748,2026-01-06 09:22:57,user10061@example.com,DIRECT,Espana,HOWTO
2749,2026-01-09 12:13:42,user10068@example.com,DIRECT, España ,BILLING
2750,2026-01-18 04:50:24,user10076@example.com,DIRECT,México,BILLING
2751,2026-01-10 13:42:32,user10129@example.com,DIRECT,United States,LOGIN
2752,2026-01-13 00:33:48,user10212@example.com,DIRECT,Brasil,BILLING
2753,2026-01-14 17:16:52,user10032@example.com,DIRECT,UNITED STATES,LOGIN
2754,2026-01-01 21:15:24,user10075@example.com,DIRECT, España ,LOGIN
2755,2026-01-17 22:25:19,user10058@example.com,DIRECT,Bra~sil,BUG
2756,2026-01-05 08:14:07,user10127@example.com,DIRECT,Bra~sil,BUG
2757,2026-01-09 19:42:54,user10179@partner-mail.com,PARTNER,Me~xico,HOWTO
2758,2026-01-11 00:16:39,user10207@example.com,DIRECT, México ,BUG
2759,2026-01-09 09:52:43,user10111@example.com,DIRECT,México,HOWTO
2760,2026-01-04 14:47:20,user10065@example.com,DIRECT,Bra~sil,HOWTO
2761,2026-01-12 12:04:54,user10047@alliances.net,PARTNER,United States,LOGIN
2762,2026-01-09 11:28:33,user10177@example.com,DIRECT,CANADA ,BILLING
2763,2026-01-08 01:18:42,user10010@reseller.co,PARTNER,México,BILLING
2764,2026-01-13 16:33:07,user10025@example.com,DIRECT,Mexico,LOGIN
2765,2026-01-09 21:25:33,user10013@example.com,DIRECT,Espana,BUG
2766,2026-01-02 08:38:33,user10161@example.com,DIRECT,Brasil,HOWTO
2767,2026-01-18 10:17:39,user10187@example.com,DIRECT,Mexico,BILLING
2768,2026-01-05 03:21:52,user10177@example.com,DIRECT,Espana,BUG
2769,2026-01-13 13:39:21,user10060@example.com,DIRECT,Mexico,BILLING
2770,2026-01-16 15:20:59,user10184@partner-mail.com,PARTNER,CANADA ,BUG
2771,2026-01-01 22:15:09,user10001@example.com,DIRECT,CANADA ,HOWTO
2772,2026-01-01 09:33:41,user10214@alliances.net,PARTNER,CANADA ,LOGIN
2773,2026-01-10 18:47:46,user10131@example.com,DIRECT, México ,BUG
2774,2026-01-03 21:02:20,user10156@example.com,DIRECT,Bra~sil,BUG
2775,2026-01-10 16:10:13,user10021@reseller.co,PARTNER,España,BUG
2776,2026-01-15 07:50:22,user10214@example.com,DIRECT,Bra~sil,BILLING
2777,2026-01-15 10:44:50,user10086@alliances.net,PARTNER,Bra~sil,BUG
2778,2026-01-13 05:20:22,user10061@alliances.net,PARTNER, México ,BILLING
2779,2026-01-17 21:52:49,user10187@partner-mail.com,PARTNER,United States,LOGIN
2780,2026-01-09 04:27:45,user10114@example.com,DIRECT,Mexico,BILLING
2781,2026-01-11 14:58:07,user10029@example.com,DIRECT, España ,HOWTO
2782,2026-01-16 06:08:58,user10047@reseller.co,PARTNER,CANADA ,LOGIN
2783,2026-01-07 01:02:50,user10079@example.com,DIRECT,Espana,BILLING
2784,2026-01-04 05:43:26,user10018@partner-mail.com,PARTNER,España,HOWTO
2785,2026-01-18 10:30:56,user10111@example.com,DIRECT,Espa~na,LOGIN
2786,2026-01-01 12:31:29,user10096@reseller.co,PARTNER,Brasil,BUG
2787,2026-01-03 04:21:30,user10142@example.com,DIRECT, España ,HOWTO
2788,2026-01-15 08:55:56,user10158@example.com,DIRECT,España,BUG
2789,2026-01-12 09:08:29,user10029@example.com,DIRECT,Mexico,LOGIN
2790,2026-01-12 23:16:01,user10171@example.com,DIRECT, Canada,BUG
2791,2026-01-13 15:34:03,user10180@example.com,DIRECT,Brasil,LOGIN
2792,2026-01-07 04:53:37,user10003@example.com,DIRECT, México ,BILLING
2793,2026-01-15 02:18:06,user10167@example.com,DIRECT, España ,BUG
2794,2026-01-11 22:34:02,user10207@partner-mail.com,PARTNER,Brasil,LOGIN
2795,2026-01-06 03:15:07,user10086@example.com,DIRECT,Brasil,HOWTO
2796,2026-01-02 08:03:31,user10054@example.com,DIRECT,Espa~na,BUG
2797,2026-01-06 03:15:38,user10121@alliances.net,PARTNER,México,HOWTO
2798,2026-01-06 11:35:58,user10064@example.com,DIRECT,México,BILLING
2799,2026-01-17 13:37:02,user10046@example.com,DIRECT, España ,BILLING
2800,2026-01-11 23:01:26,user10183@partner-mail.com,PARTNER,Bra~sil,LOGIN
2801,2026-01-15 10:01:07,user10132@example.com,DIRECT,CANADA ,HOWTO
2802,2026-01-16 18:44:01,user10196@reseller.co,PARTNER,Me~xico,LOGIN
2803,2026-01-14 11:23:59,user10157@example.com,DIRECT, Canada,BUG
2804,2026-01-06 22:43:17,user10162@partner-mail.com,PARTNER, Canada,LOGIN
2805,2026-01-04 05:58:49,user10172@example.com,DIRECT,Espa~na,LOGIN
2806,2026-01-02 12:55:52,user10073@alliances.net,PARTNER,España,LOGIN
2807,2026-01-05 02:13:10,user10028@example.com,DIRECT, Canada,LOGIN
2808,2026-01-02 07:37:44,user10101@alliances.net,PARTNER,México,BILLING
2809,2026-01-06 13:38:34,user10213@example.com,DIRECT,Espana,BUG
2810,2026-01-06 16:12:09,user10183@example.com,DIRECT,España,LOGIN
2811,2026-01-05 01:22:58,user10159@example.com,DIRECT,Espa~na,HOWTO
2812,2026-01-12 16:26:36,user10078@example.com,DIRECT, Canada,BUG
2813,2026-01-16 23:46:03,user10046@example.com,DIRECT,Bra~sil,BILLING
2814,2026-01-13 00:59:49,user10177@example.com,DIRECT,México,LOGIN
2815,2026-01-13 03:27:51,user10096@example.com,DIRECT,Espa~na,BILLING
2816,2026-01-13 02:34:15,user10172@example.com,DIRECT, Canada,BUG
2817,2026-01-09 21:29:47,user10046@example.com,DIRECT, México ,LOGIN
2818,2026-01-16 22:42:41,user10103@example.com,DIRECT, Canada,BUG
2819,2026-01-14 07:28:31,user10175@example.com,DIRECT,México,LOGIN
2820,2026-01-13 17:18:08,user10197@example.com,DIRECT,Espana,LOGIN
2821,2026-01-18 17:56:38,user10009@reseller.co,PARTNER, Canada,HOWTO
2822,2026-01-13 19:44:59,user10084@example.com,DIRECT,Brasil,BUG
2823,2026-01-07 08:46:14,user10058@partner-mail.com,PARTNER,Espa~na,LOGIN
2824,2026-01-11 04:30:40,user10164@example.com,DIRECT,CANADA ,BILLING
2825,2026-01-14 06:54:44,user10171@example.com,DIRECT, México ,LOGIN
2826,2026-01-12 23:23:14,user10140@partner-mail.com,PARTNER,United States,BILLING
2827,2026-01-12 20:40:01,user10163@example.com,DIRECT, México ,BUG
2828,2026-01-14 07:13:19,user10072@example.com,DIRECT,España,BUG
2829,2026-01-02 03:01:07,user10012@example.com,DIRECT,México,BUG
2830,2026-01-18 03:21:42,user10116@example.com,DIRECT,España,BUG
2831,2026-01-18 22:07:54,user10004@example.com,DIRECT,Brasil,BUG
2832,2026-01-04 08:37:23,user10133@example.com,DIRECT,Me~xico,BUG
2833,2026-01-04 22:35:33,user10133@example.com,DIRECT,United States,BILLING
2834,2026-01-12 08:26:10,user10118@reseller.co,PARTNER, Canada,BUG
2835,2026-01-01 17:56:56,user10186@example.com,DIRECT, Canada,BILLING
2836,2026-01-03 01:23:51,user10024@example.com,DIRECT,España,LOGIN
2837,2026-01-14 06:07:39,user10089@example.com,DIRECT, España ,BILLING
2838,2026-01-04 20:18:57,user10218@example.com,DIRECT,UNITED STATES,BUG
2839,2026-01-04 08:30:00,user10056@example.com,DIRECT,Me~xico,BUG
2840,2026-01-17 20:53:02,user10212@example.com,DIRECT,Bra~sil,LOGIN
2841,2026-01-16 01:58:11,user10000@example.com,DIRECT,CANADA ,BUG
2842,2026-01-08 04:44:17,user10008@example.com,DIRECT,Espana,BUG
2843,2026-01-14 15:37:05,user10046@example.com,DIRECT, España ,BUG
2844,2026-01-11 13:13:13,user10207@example.com,DIRECT, Canada,LOGIN
2845,2026-01-05 16:48:42,user10141@example.com,DIRECT,España,BILLING
2846,2026-01-04 20:53:42,user10116@example.com,DIRECT,Me~xico,HOWTO
2847,2026-01-10 03:03:58,user10026@example.com,DIRECT,México,BILLING
2848,2026-01-10 09:04:22,user10027@example.com,DIRECT,Espa~na,BILLING
2849,2026-01-08 04:20:28,user10188@example.com,DIRECT, Canada,BUG
2850,2026-01-01 12:13:00,user10180@partner-mail.com,PARTNER,Bra~sil,BILLING
2851,2026-01-11 06:33:33,user10013@example.com,DIRECT,Espa~na,BILLING
2852,2026-01-11 05:51:23,user10095@example.com,DIRECT, Canada,LOGIN
2853,2026-01-12 07:16:23,user10120@example.com,DIRECT, Canada,BILLING
2854,2026-01-18 11:13:52,user10156@partner-mail.com,PARTNER,Brasil,BILLING
2855,2026-01-04 19:37:45,user10001@example.com,DIRECT,Mexico,BUG
2856,2026-01-13 07:29:44,user10181@example.com,DIRECT, España ,BILLING
2857,2026-01-07 20:07:43,user10115@partner-mail.com,PARTNER, México ,HOWTO
2858,2026-01-12 19:46:56,user10118@example.com,DIRECT,Espa~na,BILLING
2859,2026-01-12 17:38:21,user10079@example.com,DIRECT,Mexico,LOGIN
2860,2026-01-10 03:49:13,user10010@example.com,DIRECT,Espana,BUG
2861,2026-01-07 05:32:52,user10204@example.com,DIRECT,Espana,BILLING
2862,2026-01-06 00:47:28,user10180@example.com,DIRECT,Espa~na,LOGIN
2863,2026-01-12 12:55:26,user10182@example.com,DIRECT,CANADA ,LOGIN
2864,2026-01-14 21:37:05,user10152@example.com,DIRECT,México,BUG
2865,2026-01-17 22:17:54,user10107@example.com,DIRECT,España,HOWTO
2866,2026-01-07 04:07:57,user10200@example.com,DIRECT,Mexico,LOGIN
2867,2026-01-07 11:34:42,user10023@alliances.net,PARTNER,Brasil,HOWTO
2868,2026-01-07 13:10:51,user10059@example.com,DIRECT,Espana,BILLING
2869,2026-01-16 23:42:00,user10098@example.com,DIRECT, España ,BUG
2870,2026-01-10 17:01:00,user10172@example.com,DIRECT,CANADA ,LOGIN
2871,2026-01-07 06:23:40,user10073@example.com,DIRECT,Espa~na,BUG
2872,2026-01-18 07:50:35,user10192@alliances.net,PARTNER,Espa~na,BUG
2873,2026-01-16 16:53:15,user10069@example.com,DIRECT,Mexico,HOWTO
2874,2026-01-14 22:17:48,user10078@example.com,DIRECT,España,BILLING
2875,2026-01-15 14:25:10,user10070@example.com,DIRECT,Espa~na,LOGIN
2876,2026-01-13 08:06:33,user10090@reseller.co,PARTNER,Espa~na,BUG
2877,2026-01-05 04:40:45,user10179@example.com,DIRECT, España ,BUG
2878,2026-01-03 04:43:39,user10073@example.com,DIRECT,Me~xico,LOGIN
2879,2026-01-16 04:03:22,user10107@example.com,DIRECT, Canada,HOWTO
2880,2026-01-15 01:34:04,user10001@alliances.net,PARTNER,Brasil,LOGIN
2881,2026-01-06 22:58:47,user10121@example.com,DIRECT,United States,HOWTO
2882,2026-01-08 21:35:39,user10050@example.com,DIRECT,España,HOWTO
2883,2026-01-11 08:59:24,user10108@example.com,DIRECT, España ,BILLING
2884,2026-01-12 05:11:05,user10072@example.com,DIRECT,Espa~na,BUG
2885,2026-01-13 13:24:58,user10083@partner-mail.com,PARTNER,España,HOWTO
2886,2026-01-11 21:32:21,user10023@example.com,DIRECT,Espana,BILLING
2887,2026-01-10 12:31:19,user10101@example.com,DIRECT,Espana,BUG
2888,2026-01-15 10:57:08,user10168@example.com,DIRECT,México,BUG
2889,2026-01-01 20:32:08,user10134@example.com,DIRECT,CANADA ,BUG
2890,2026-01-01 22:23:22,user10093@example.com,DIRECT,UNITED STATES,LOGIN
2891,2026-01-17 23:14:01,user10186@example.com,DIRECT,Espa~na,BUG
2892,2026-01-02 02:05:06,user10125@alliances.net,PARTNER, Canada,BILLING
2893,2026-01-03 09:28:43,user10135@alliances.net,PARTNER,Mexico,BILLING
2894,2026-01-06 20:31:33,user10062@alliances.net,PARTNER,CANADA ,LOGIN
2895,2026-01-09 04:08:10,user10150@example.com,DIRECT,UNITED STATES,HOWTO
2896,2026-01-04 23:30:14,user10079@example.com,DIRECT,United States,LOGIN
2897,2026-01-02 18:41:31,user10042@example.com,DIRECT, Canada,BILLING
2898,2026-01-13 17:03:38,user10165@example.com,DIRECT, España ,LOGIN
2899,2026-01-14 16:31:51,user10126@example.com,DIRECT,España,BUG
2900,2026-01-03 03:12:26,user10103@example.com,DIRECT,Bra~sil,BUG
2901,2026-01-02 12:04:40,user10156@partner-mail.com,PARTNER,United States,BUG
2902,2026-01-02 23:56:26,user10131@reseller.co,PARTNER,México,HOWTO
2903,2026-01-05 08:49:26,user10167@example.com,DIRECT,United States,LOGIN
2904,2026-01-10 19:13:44,user10092@example.com,DIRECT,México,LOGIN
2905,2026-01-16 14:38:39,user10219@example.com,DIRECT, México ,HOWTO
2906,2026-01-02 05:02:26,user10122@example.com,DIRECT, Canada,LOGIN
2907,2026-01-03 07:10:09,user10103@reseller.co,PARTNER,Espana,BUG
2908,2026-01-15 23:17:28,user10197@example.com,DIRECT, México ,HOWTO
2909,2026-01-08 03:41:10,user10219@example.com,DIRECT,Mexico,BUG
2910,2026-01-06 02:04:11,user10058@example.com,DIRECT,Brasil,HOWTO
2911,2026-01-16 03:03:57,user10051@alliances.net,PARTNER,Bra~sil,BILLING
2912,2026-01-06 03:06:57,user10114@partner-mail.com,PARTNER, España ,BUG
2913,2026-01-16 12:46:05,user10015@example.com,DIRECT,United States,BUG
2914,2026-01-11 00:21:32,user10151@example.com,DIRECT,UNITED STATES,LOGIN
2915,2026-01-04 23:50:47,user10149@example.com,DIRECT,Espana,LOGIN
2916,2026-01-18 14:12:58,user10019@example.com,DIRECT,Bra~sil,LOGIN
2917,2026-01-16 16:56:38,user10059@alliances.net,PARTNER,CANADA ,HOWTO
2918,2026-01-06 09:41:33,user10211@example.com,DIRECT,Brasil,LOGIN
2919,2026-01-12 10:09:36,user10039@example.com,DIRECT,México,BILLING
2920,2026-01-05 02:03:27,user10109@example.com,DIRECT, Canada,BUG
2921,2026-01-05 08:10:58,user10149@example.com,DIRECT,España,HOWTO
2922,2026-01-07 11:50:00,user10053@example.com,DIRECT,United States,LOGIN
2923,2026-01-07 02:02:39,user10074@reseller.co,PARTNER,España,BILLING
2924,2026-01-15 21:08:35,user10167@example.com,DIRECT,Espa~na,BUG
2925,2026-01-06 11:56:14,user10093@example.com,DIRECT,Bra~sil,BUG
2926,2026-01-17 02:12:38,user10179@example.com,DIRECT, España ,BUG
2927,2026-01-12 07:18:16,user10013@example.com,DIRECT,CANADA ,BILLING
2928,2026-01-03 15:19:58,user10138@example.com,DIRECT,UNITED STATES,BILLING
2929,2026-01-02 16:30:33,user10074@example.com,DIRECT,Espana,HOWTO
2930,2026-01-01 04:02:50,user10201@example.com,DIRECT,Bra~sil,BUG
2931,2026-01-17 08:28:03,user10096@example.com,DIRECT,Espana,LOGIN
2932,2026-01-06 12:15:29,user10019@alliances.net,PARTNER,United States,BILLING
2933,2026-01-07 19:42:00,user10184@example.com,DIRECT,Espa~na,LOGIN
2934,2026-01-06 08:13:29,user10116@partner-mail.com,PARTNER,Mexico,LOGIN
2935,2026-01-14 16:09:25,user10013@example.com,DIRECT,Bra~sil,BILLING
2936,2026-01-14 06:37:11,user10163@example.com,DIRECT,UNITED STATES,BUG
2937,2026-01-14 13:29:52,user10128@reseller.co,PARTNER,Brasil,BILLING
2938,2026-01-13 00:17:37,user10201@partner-mail.com,PARTNER,Me~xico,HOWTO
2939,2026-01-15 13:26:25,user10154@example.com,DIRECT,Espana,BILLING
2940,2026-01-14 13:52:54,user10141@example.com,DIRECT,CANADA ,HOWTO
2941,2026-01-04 19:36:09,user10048@example.com,DIRECT, Canada,LOGIN
2942,2026-01-08 10:38:33,user10132@example.com,DIRECT,United States,LOGIN
2943,2026-01-04 03:40:18,user10037@partner-mail.com,PARTNER,Espa~na,BUG
2944,2026-01-08 16:35:32,user10085@example.com,DIRECT, México ,BUG
2945,2026-01-14 18:07:03,user10095@example.com,DIRECT,Espana,BILLING
2946,2026-01-17 04:26:01,user10125@example.com,DIRECT,México,HOWTO
2947,2026-01-16 20:51:43,user10046@example.com,DIRECT,Me~xico,BUG
2948,2026-01-01 23:36:24,user10122@example.com,DIRECT,Me~xico,BUG
2949,2026-01-06 10:01:08,user10071@example.com,DIRECT,México,LOGIN
2950,2026-01-01 00:28:27,user10199@example.com,DIRECT,España,HOWTO
2951,2026-01-08 17:21:19,user10217@example.com,DIRECT,España,BUG
2952,2026-01-01 04:42:07,user10181@example.com,DIRECT,España,BILLING
2953,2026-01-15 02:20:29,user10051@example.com,DIRECT, España ,HOWTO
2954,2026-01-15 15:23:49,user10162@example.com,DIRECT,UNITED STATES,BUG
2955,2026-01-18 16:56:09,user10216@example.com,DIRECT,Me~xico,LOGIN
2956,2026-01-10 03:12:57,user10203@partner-mail.com,PARTNER,Bra~sil,BILLING
2957,2026-01-05 02:34:47,user10192@partner-mail.com,PARTNER,United States,BILLING
2958,2026-01-13 06:15:11,user10014@example.com,DIRECT,España,BILLING
2959,2026-01-04 06:43:18,user10033@example.com,DIRECT,Bra~sil,LOGIN
2960,2026-01-12 12:02:28,user10169@example.com,DIRECT,Brasil,BUG
2961,2026-01-12 00:20:55,user10067@example.com,DIRECT,CANADA ,BILLING
2962,2026-01-15 18:09:08,user10101@alliances.net,PARTNER, España ,BUG
2963,2026-01-08 17:14:05,user10106@example.com,DIRECT, México ,BUG
2964,2026-01-10 20:44:51,user10165@example.com,DIRECT,CANADA ,LOGIN
2965,2026-01-16 19:53:43,user10163@example.com,DIRECT,España,LOGIN
2966,2026-01-06 07:36:09,user10065@example.com,DIRECT,México,BILLING
2967,2026-01-16 14:12:11,user10174@example.com,DIRECT,Espana,BUG
2968,2026-01-03 15:47:07,user10102@example.com,DIRECT,Espana,BILLING
2969,2026-01-17 15:58:03,user10128@example.com,DIRECT,Espana,LOGIN
2970,2026-01-08 00:33:19,user10181@example.com,DIRECT,Bra~sil,BUG
2971,2026-01-07 18:02:30,user10062@example.com,DIRECT,Mexico,BUG
2972,2026-01-04 21:22:30,user10007@example.com,DIRECT,UNITED STATES,LOGIN
2973,2026-01-09 07:46:10,user10144@example.com,DIRECT,Mexico,BUG
2974,2026-01-17 16:07:17,user10064@example.com,DIRECT, Canada,LOGIN
2975,2026-01-18 04:32:33,user10057@example.com,DIRECT, México ,HOWTO
2976,2026-01-14 21:39:12,user10107@example.com,DIRECT,UNITED STATES,BILLING
2977,2026-01-18 03:54:20,user10192@example.com,DIRECT, México ,BUG
2978,2026-01-06 05:02:57,user10187@example.com,DIRECT,España,LOGIN
2979,2026-01-16 07:28:45,user10160@example.com,DIRECT,Mexico,LOGIN
2980,2026-01-10 11:55:11,user10059@example.com,DIRECT,Mexico,BILLING
2981,2026-01-01 11:59:04,user10207@partner-mail.com,PARTNER,Brasil,LOGIN
2982,2026-01-09 17:50:57,user10181@partner-mail.com,PARTNER, Canada,BILLING
2983,2026-01-18 17:46:21,user10008@partner-mail.com,PARTNER,España,BUG
2984,2026-01-11 00:36:21,user10053@example.com,DIRECT,Me~xico,BUG
2985,2026-01-04 08:24:06,user10026@partner-mail.com,PARTNER,United States,BUG
2986,2026-01-18 20:11:11,user10066@alliances.net,PARTNER,Espa~na,HOWTO
2987,2026-01-18 06:57:14,user10148@example.com,DIRECT, México ,LOGIN
2988,2026-01-05 16:59:13,user10121@reseller.co,PARTNER,Mexico,BUG
2989,2026-01-12 08:00:23,user10032@alliances.net,PARTNER,Me~xico,HOWTO
2990,2026-01-12 18:54:49,user10143@example.com,DIRECT, España ,LOGIN
2991,2026-01-01 14:34:02,user10130@example.com,DIRECT,United States,BUG
2992,2026-01-10 03:54:00,user10193@example.com,DIRECT,Bra~sil,BUG
2993,2026-01-02 10:02:26,user10068@example.com,DIRECT,Brasil,BILLING
2994,2026-01-18 18:38:56,user10193@example.com,DIRECT, Canada,HOWTO
2995,2026-01-01 03:56:50,user10144@example.com,DIRECT, México ,LOGIN
2996,2026-01-04 13:36:27,user10055@partner-mail.com,PARTNER, Canada,BUG
2997,2026-01-06 23:47:11,user10071@alliances.net,PARTNER,United States,BILLING
2998,2026-01-12 03:35:52,user10164@example.com,DIRECT,Bra~sil,LOGIN
2999,2026-01-05 10:11:29,user10152@example.com,DIRECT,Espana,BUG
3000,2026-01-02 03:10:07,user10139@partner-mail.com,PARTNER, Canada,BUG
3001,2026-01-17 15:47:42,user10088@example.com,DIRECT,Espa~na,BUG
3002,2026-01-10 20:35:07,user10084@example.com,DIRECT,United States,BUG
3003,2026-01-04 14:49:11,user10122@example.com,DIRECT,Mexico,HOWTO
3004,2026-01-18 09:33:50,user10170@example.com,DIRECT, España ,LOGIN
3005,2026-01-17 01:30:07,user10055@example.com,DIRECT,UNITED STATES,LOGIN
3006,2026-01-13 06:31:44,user10197@alliances.net,PARTNER, España ,HOWTO
3007,2026-01-03 20:34:21,user10043@example.com,DIRECT,UNITED STATES,LOGIN
3008,2026-01-01 08:50:14,user10105@reseller.co,PARTNER,UNITED STATES,BUG
3009,2026-01-01 00:57:06,user10068@example.com,DIRECT,CANADA ,BUG
3010,2026-01-18 16:25:54,user10201@alliances.net,PARTNER,United States,HOWTO
3011,2026-01-11 05:15:25,user10038@reseller.co,PARTNER,United States,BUG
3012,2026-01-10 03:16:21,user10028@example.com,DIRECT,Bra~sil,BUG
3013,2026-01-13 00:05:30,user10150@example.com,DIRECT,United States,BILLING
3014,2026-01-11 03:53:11,user10036@reseller.co,PARTNER,CANADA ,LOGIN
3015,2026-01-11 22:39:42,user10217@example.com,DIRECT,Espana,BUG
3016,2026-01-18 15:35:28,user10168@example.com,DIRECT,Bra~sil,BILLING
3017,2026-01-18 23:26:42,user10194@example.com,DIRECT,UNITED STATES,BUG
3018,2026-01-11 21:27:47,user10067@example.com,DIRECT,Mexico,HOWTO
3019,2026-01-12 23:22:14,user10164@example.com,DIRECT,UNITED STATES,BUG
3020,2026-01-04 16:07:30,user10128@example.com,DIRECT, México ,BUG
3021,2026-01-08 00:35:07,user10093@reseller.co,PARTNER, Canada,LOGIN
3022,2026-01-08 22:40:53,user10109@example.com,DIRECT, España ,BILLING
3023,2026-01-17 10:41:50,user10003@example.com,DIRECT,Me~xico,HOWTO
3024,2026-01-14 06:47:38,user10032@example.com,DIRECT,España,LOGIN
3025,2026-01-12 18:15:48,user10027@example.com,DIRECT,Brasil,HOWTO
3026,2026-01-08 08:29:52,user10165@alliances.net,PARTNER,Mexico,BUG
3027,2026-01-16 08:44:08,user10059@example.com,DIRECT, México ,HOWTO
3028,2026-01-04 08:56:43,user10163@reseller.co,PARTNER,CANADA ,BILLING
3029,2026-01-09 06:47:03,user10156@example.com,DIRECT, Canada,BUG
3030,2026-01-08 08:36:31,user10031@example.com,DIRECT,España,BUG
3031,2026-01-15 09:04:27,user10071@example.com,DIRECT, México ,BUG
3032,2026-01-02 06:26:55,user10057@reseller.co,PARTNER,Espana,BILLING
3033,2026-01-03 18:16:02,user10025@example.com,DIRECT, México ,BILLING
3034,2026-01-02 19:01:32,user10176@example.com,DIRECT, España ,HOWTO
3035,2026-01-13 13:28:50,user10081@alliances.net,PARTNER,Me~xico,LOGIN
3036,2026-01-03 06:47:57,user10200@example.com,DIRECT, Canada,BUG
3037,2026-01-17 11:09:36,user10185@example.com,DIRECT, España ,HOWTO
3038,2026-01-10 09:59:33,user10191@example.com,DIRECT,United States,BILLING
3039,2026-01-05 10:59:07,user10162@alliances.net,PARTNER,España,BILLING
3040,2026-01-06 11:20:12,user10110@example.com,DIRECT, España ,BILLING
3041,2026-01-04 05:36:44,user10093@alliances.net,PARTNER, Canada,LOGIN
3042,2026-01-04 23:54:37,user10080@example.com,DIRECT,UNITED STATES,HOWTO
3043,2026-01-02 16:15:02,user10138@example.com,DIRECT, España ,BUG
3044,2026-01-14 07:54:22,user10097@example.com,DIRECT,Me~xico,BUG
3045,2026-01-01 08:40:06,user10188@example.com,DIRECT,España,BILLING
3046,2026-01-12 16:35:02,user10038@example.com,DIRECT,Bra~sil,BILLING
3047,2026-01-11 16:06:02,user10080@reseller.co,PARTNER,Espana,BILLING
3048,2026-01-15 07:51:48,user10109@partner-mail.com,PARTNER,Bra~sil,BILLING
3049,2026-01-05 07:53:30,user10061@example.com,DIRECT,CANADA ,BILLING
3050,2026-01-03 19:12:38,user10050@reseller.co,PARTNER,Me~xico,BILLING
3051,2026-01-08 02:24:19,user10123@example.com,DIRECT,Bra~sil,BUG
3052,2026-01-12 09:18:15,user10035@example.com,DIRECT,CANADA ,LOGIN
3053,2026-01-05 17:15:33,user10171@example.com,DIRECT,Espa~na,LOGIN
3054,2026-01-05 00:30:55,user10083@example.com,DIRECT,United States,LOGIN
3055,2026-01-14 22:40:09,user10165@example.com,DIRECT,CANADA ,BUG
3056,2026-01-09 12:33:15,user10014@example.com,DIRECT,Me~xico,LOGIN
3057,2026-01-17 07:21:22,user10173@example.com,DIRECT,España,BILLING
3058,2026-01-09 08:06:05,user10103@partner-mail.com,PARTNER,Mexico,LOGIN
3059,2026-01-12 08:19:07,user10187@partner-mail.com,PARTNER,United States,BILLING
3060,2026-01-11 06:21:11,user10153@example.com,DIRECT,UNITED STATES,LOGIN
3061,2026-01-03 17:41:47,user10176@example.com,DIRECT,UNITED STATES,LOGIN
3062,2026-01-11 07:01:22,user10143@reseller.co,PARTNER,Bra~sil,BILLING
3063,2026-01-14 12:03:38,user10024@example.com,DIRECT,España,BUG
3064,2026-01-17 00:02:47,user10214@alliances.net,PARTNER,México,BILLING
3065,2026-01-01 01:50:43,user10086@example.com,DIRECT,España,HOWTO
3066,2026-01-12 17:32:10,user10194@example.com,DIRECT,Espa~na,HOWTO
3067,2026-01-10 09:13:19,user10111@reseller.co,PARTNER,Brasil,LOGIN
3068,2026-01-07 13:08:41,user10139@example.com,DIRECT,México,BUG
3069,2026-01-06 08:03:34,user10039@example.com,DIRECT,España,BILLING
3070,2026-01-15 15:16:18,user10197@example.com,DIRECT,Me~xico,LOGIN
3071,2026-01-09 21:18:32,user10174@example.com,DIRECT,Mexico,HOWTO
3072,2026-01-03 13:40:05,user10097@example.com,DIRECT,CANADA ,LOGIN
3073,2026-01-15 11:59:46,user10092@example.com,DIRECT,Brasil,BUG
3074,2026-01-14 09:08:43,user10175@example.com,DIRECT,Bra~sil,HOWTO
3075,2026-01-13 16:56:42,user10036@example.com,DIRECT,Bra~sil,BUG
3076,2026-01-11 11:00:33,user10062@example.com,DIRECT, México ,LOGIN
3077,2026-01-15 02:16:02,user10030@example.com,DIRECT,Bra~sil,LOGIN
3078,2026-01-05 11:25:53,user10115@alliances.net,PARTNER,United States,BILLING
3079,2026-01-16 22:40:26,user10081@example.com,DIRECT,México,HOWTO
3080,2026-01-14 22:01:12,user10215@example.com,DIRECT,Brasil,BUG
3081,2026-01-12 10:51:20,user10196@alliances.net,PARTNER, México ,BILLING
3082,2026-01-03 08:21:40,user10131@example.com,DIRECT,United States,HOWTO
3083,2026-01-06 23:40:52,user10168@example.com,DIRECT, México ,LOGIN
3084,2026-01-01 03:39:29,user10111@example.com,DIRECT,Espana,HOWTO
3085,2026-01-05 11:09:24,user10093@example.com,DIRECT,Espa~na,BILLING
3086,2026-01-05 02:00:39,user10173@example.com,DIRECT,España,BILLING
3087,2026-01-10 12:28:09,user10079@example.com,DIRECT,Me~xico,HOWTO
3088,2026-01-10 08:05:39,user10068@example.com,DIRECT,United States,HOWTO
3089,2026-01-14 15:52:40,user10031@example.com,DIRECT,Brasil,LOGIN
3090,2026-01-12 13:44:10,user10182@example.com,DIRECT, Canada,HOWTO
3091,2026-01-10 07:07:36,user10174@example.com,DIRECT,Espana,BILLING
3092,2026-01-06 13:58:47,user10004@example.com,DIRECT, España ,BILLING
3093,2026-01-13 12:40:31,user10185@example.com,DIRECT,Espa~na,HOWTO
3094,2026-01-11 17:28:10,user10052@example.com,DIRECT,España,HOWTO
3095,2026-01-12 12:29:07,user10195@example.com,DIRECT, Canada,BUG
3096,2026-01-18 15:49:31,user10038@example.com,DIRECT,España,LOGIN
3097,2026-01-02 10:00:29,user10034@partner-mail.com,PARTNER,México,BUG
3098,2026-01-18 02:00:02,user10056@partner-mail.com,PARTNER,Mexico,BILLING
3099,2026-01-17 18:55:48,user10205@example.com,DIRECT,Brasil,LOGIN
3100,2026-01-13 09:21:11,user10208@alliances.net,PARTNER,United States,HOWTO
3101,2026-01-10 02:23:13,user10145@reseller.co,PARTNER,España,BILLING
3102,2026-01-06 08:53:21,user10005@example.com,DIRECT,Espa~na,BILLING
3103,2026-01-08 18:37:04,user10135@reseller.co,PARTNER,Brasil,LOGIN
3104,2026-01-09 02:42:31,user10065@example.com,DIRECT, España ,BUG
3105,2026-01-08 05:49:36,user10160@example.com,DIRECT,Espa~na,LOGIN
3106,2026-01-15 14:07:24,user10126@example.com,DIRECT,CANADA ,HOWTO
3107,2026-01-09 01:42:08,user10192@example.com,DIRECT, México ,HOWTO
3108,2026-01-16 18:35:28,user10154@example.com,DIRECT,Espa~na,BILLING
3109,2026-01-16 12:28:10,user10069@example.com,DIRECT,España,LOGIN
3110,2026-01-18 01:01:46,user10170@reseller.co,PARTNER, España ,HOWTO
3111,2026-01-15 09:20:15,user10052@example.com,DIRECT,Mexico,BUG
3112,2026-01-07 12:43:08,user10084@example.com,DIRECT, Canada,BUG
3113,2026-01-06 02:30:58,user10051@example.com,DIRECT,Bra~sil,LOGIN
3114,2026-01-07 02:52:06,user10048@partner-mail.com,PARTNER,CANADA ,HOWTO
3115,2026-01-11 08:30:45,user10088@example.com,DIRECT, México ,HOWTO
3116,2026-01-07 18:37:59,user10187@example.com,DIRECT,UNITED STATES,BUG
3117,2026-01-14 11:15:16,user10097@example.com,DIRECT, Canada,HOWTO
3118,2026-01-15 13:24:14,user10026@example.com,DIRECT,Espana,LOGIN
3119,2026-01-07 09:58:00,user10165@example.com,DIRECT,España,BUG
3120,2026-01-18 01:34:55,user10014@example.com,DIRECT,Mexico,HOWTO
3121,2026-01-12 06:57:07,user10123@example.com,DIRECT,Espana,BUG
3122,2026-01-11 12:22:44,user10050@partner-mail.com,PARTNER,Brasil,BUG
3123,2026-01-12 18:56:30,user10198@example.com,DIRECT,México,BILLING
3124,2026-01-08 05:46:58,user10108@example.com,DIRECT,Mexico,BILLING
3125,2026-01-04 00:43:39,user10090@example.com,DIRECT,Bra~sil,LOGIN
3126,2026-01-12 04:58:28,user10207@example.com,DIRECT, Canada,BUG
3127,2026-01-05 21:39:51,user10100@reseller.co,PARTNER, España ,HOWTO
3128,2026-01-08 16:00:45,user10160@alliances.net,PARTNER, España ,HOWTO
3129,2026-01-08 09:20:50,user10095@partner-mail.com,PARTNER, España ,LOGIN
3130,2026-01-11 09:42:31,user10124@example.com,DIRECT,Brasil,HOWTO
3131,2026-01-17 08:38:40,user10109@partner-mail.com,PARTNER, España ,LOGIN
3132,2026-01-04 22:16:38,user10114@example.com,DIRECT,Espa~na,BILLING
3133,2026-01-13 02:17:19,user10095@example.com,DIRECT,México,HOWTO
3134,2026-01-02 21:59:45,user10152@example.com,DIRECT,Espa~na,BILLING
3135,2026-01-09 07:29:58,user10104@example.com,DIRECT,Espa~na,LOGIN
3136,2026-01-08 20:28:41,user10137@example.com,DIRECT,CANADA ,BUG
3137,2026-01-11 14:16:02,user10159@reseller.co,PARTNER, Canada,BUG
3138,2026-01-05 09:50:50,user10073@example.com,DIRECT,Brasil,HOWTO
3139,2026-01-14 19:54:16,user10037@alliances.net,PARTNER,México,BUG
3140,2026-01-03 21:42:48,user10020@example.com,DIRECT, México ,LOGIN
3141,2026-01-02 12:33:39,user10131@example.com,DIRECT,Bra~sil,LOGIN
3142,2026-01-18 01:43:46,user10044@example.com,DIRECT,México,BUG
3143,2026-01-09 23:06:14,user10078@example.com,DIRECT,España,BUG
3144,2026-01-13 18:37:06,user10172@example.com,DIRECT,Bra~sil,BUG
3145,2026-01-08 10:19:36,user10101@example.com,DIRECT,United States,BUG
3146,2026-01-07 08:36:55,user10139@example.com,DIRECT,UNITED STATES,BUG
3147,2026-01-03 00:44:27,user10032@example.com,DIRECT,México,BUG
3148,2026-01-18 20:46:34,user10175@example.com,DIRECT,México,LOGIN
3149,2026-01-07 09:28:36,user10130@alliances.net,PARTNER,Mexico,BUG
3150,2026-01-02 00:42:45,user10009@alliances.net,PARTNER,Espana,BILLING
3151,2026-01-17 01:44:50,user10103@example.com,DIRECT,Mexico,LOGIN
3152,2026-01-07 13:48:17,user10198@example.com,DIRECT, España ,LOGIN
3153,2026-01-03 19:38:34,user10103@example.com,DIRECT, México ,HOWTO
3154,2026-01-16 01:40:13,user10084@example.com,DIRECT, Canada,BUG
3155,2026-01-02 21:12:27,user10006@example.com,DIRECT,Espana,HOWTO
3156,2026-01-18 07:04:16,user10203@example.com,DIRECT,Mexico,BUG
3157,2026-01-18 02:14:18,user10049@example.com,DIRECT,España,HOWTO
3158,2026-01-15 13:33:10,user10130@example.com,DIRECT, Canada,BUG
3159,2026-01-07 04:02:10,user10093@example.com,DIRECT,Mexico,HOWTO
3160,2026-01-04 03:20:05,user10120@reseller.co,PARTNER,Espa~na,LOGIN
3161,2026-01-01 02:18:35,user10026@example.com,DIRECT,CANADA ,HOWTO
3162,2026-01-11 16:39:43,user10179@example.com,DIRECT,Brasil,LOGIN
3163,2026-01-06 11:44:41,user10035@alliances.net,PARTNER, España ,BUG
3164,2026-01-02 12:18:23,user10137@example.com,DIRECT,México,BUG
3165,2026-01-14 06:01:47,user10056@example.com,DIRECT,Brasil,LOGIN
3166,2026-01-02 05:22:05,user10148@example.com,DIRECT, México ,BILLING
3167,2026-01-16 08:01:05,user10020@reseller.co,PARTNER,Espana,BILLING
3168,2026-01-16 12:54:35,user10034@example.com,DIRECT,México,BILLING
3169,2026-01-14 07:54:26,user10198@example.com,DIRECT,UNITED STATES,BUG
3170,2026-01-01 10:42:01,user10132@example.com,DIRECT,Brasil,BUG
3171,2026-01-11 03:06:53,user10178@partner-mail.com,PARTNER,Mexico,BILLING
3172,2026-01-02 00:48:27,user10078@reseller.co,PARTNER, Canada,BILLING
3173,2026-01-05 19:44:23,user10167@example.com,DIRECT,México,BILLING
3174,2026-01-02 17:01:40,user10016@example.com,DIRECT,Bra~sil,BUG
3175,2026-01-03 22:43:17,user10157@example.com,DIRECT,Mexico,BUG
3176,2026-01-13 17:09:02,user10029@example.com,DIRECT,Me~xico,HOWTO
3177,2026-01-15 19:40:55,user10141@example.com,DIRECT,Espana,LOGIN
3178,2026-01-12 21:50:35,user10105@example.com,DIRECT,Espana,BUG
3179,2026-01-03 14:13:09,user10138@partner-mail.com,PARTNER, México ,BILLING
3180,2026-01-04 22:35:52,user10057@example.com,DIRECT,CANADA ,BILLING
3181,2026-01-11 20:36:39,user10023@example.com,DIRECT,Espa~na,BUG
3182,2026-01-08 08:53:18,user10168@alliances.net,PARTNER,España,LOGIN
3183,2026-01-09 15:37:00,user10101@example.com,DIRECT,México,LOGIN
3184,2026-01-18 15:26:04,user10026@example.com,DIRECT,México,BILLING
3185,2026-01-18 16:02:48,user10092@example.com,DIRECT, México ,BUG
3186,2026-01-04 14:35:10,user10003@partner-mail.com,PARTNER,CANADA ,HOWTO
3187,2026-01-04 20:37:28,user10193@example.com,DIRECT,UNITED STATES,BUG
3188,2026-01-02 01:15:26,user10219@example.com,DIRECT,UNITED STATES,BILLING
3189,2026-01-12 01:00:13,user10088@alliances.net,PARTNER,México,LOGIN
3190,2026-01-12 17:22:21,user10068@example.com,DIRECT, Canada,BILLING
3191,2026-01-16 04:25:22,user10138@example.com,DIRECT, Canada,HOWTO
3192,2026-01-02 06:32:28,user10112@example.com,DIRECT,España,LOGIN
3193,2026-01-10 12:19:06,user10166@example.com,DIRECT,México,BILLING
3194,2026-01-11 10:11:48,user10046@example.com,DIRECT,UNITED STATES,HOWTO
3195,2026-01-10 16:25:09,user10083@example.com,DIRECT, México ,BILLING
3196,2026-01-05 14:53:44,user10045@partner-mail.com,PARTNER,Espana,BILLING
3197,2026-01-01 21:30:17,user10208@example.com,DIRECT, México ,LOGIN
3198,2026-01-01 12:06:23,user10088@example.com,DIRECT,Espana,BILLING
3199,2026-01-16 06:11:25,user10141@example.com,DIRECT,Mexico,LOGIN
3200,2026-01-12 06:43:07,user10173@example.com,DIRECT, Canada,LOGIN
