event_id,event_ts,campaign_code_raw,region_code_raw,impression,click
1,2026-01-05 01:00:00,CMP001, NORTH,1,0
2,2026-01-05 01:00:00,CMP001,SOUTH,1,0
3,2026-01-05 01:00:00,CMP001,EAST,1,0
4,2026-01-05 01:00:00,CMP001,WEST,1,0
5,2026-01-06 01:00:00,CMP001, NORTH,1,0
6,2026-01-06 01:00:00,CMP001,SOUTH ,1,0
7,2026-01-06 01:00:00,CMP001,EAST ,1,0
8,2026-01-06 01:00:00,CMP001,WEST,1,0
9,2026-01-07 01:00:00,CMP001,NORTH,1,0
10,2026-01-07 01:00:00,CMP001,SOUTH,1,0
11,2026-01-07 01:00:00,CMP001,EAST,1,0
12,2026-01-07 01:00:00,CMP001,WEST,1,0
13,2026-01-08 01:00:00,CMP001,NORTH,1,0
14,2026-01-08 01:00:00,CMP001,SOUTH,1,0
15,2026-01-08 01:00:00,CMP001,EAST,1,0
16,2026-01-08 01:00:00,CMP001,WEST,1,0
17,2026-01-09 01:00:00,CMP001, NORTH ,1,0
18,2026-01-09 01:00:00,CMP001,SOUTH,1,0
19,2026-01-09 01:00:00,CMP001,EAST,1,0
20,2026-01-09 01:00:00,CMP001,WEST,1,0
21,2026-01-10 01:00:00,CMP001,NORTH ,1,0
22,2026-01-10 01:00:00,CMP001,SOUTH,1,0
23,2026-01-10 01:00:00,CMP001,EAST,1,0
24,2026-01-10 01:00:00,CMP001,WEST ,1,0
25,2026-01-11 01:00:00,CMP001,NORTH,1,0
26,2026-01-11 01:00:00,CMP001, SOUTH,1,0
27,2026-01-11 01:00:00,CMP001,EAST ,1,0
28,2026-01-11 01:00:00,CMP001,WEST,1,0
29,2026-01-12 01:00:00,CMP001, NORTH,1,0
30,2026-01-12 01:00:00,CMP001, SOUTH ,1,0
31,2026-01-12 01:00:00,CMP001,EAST,1,0
32,2026-01-12 01:00:00,CMP001,WEST,1,0
33,2026-01-13 01:00:00,CMP001,NORTH,1,0
34,2026-01-13 01:00:00,CMP001,SOUTH,1,0
35,2026-01-13 01:00:00,CMP001,EAST ,1,0
36,2026-01-13 01:00:00,CMP001, WEST,1,0
37,2026-01-14 01:00:00,CMP001,NORTH,1,0
38,2026-01-14 01:00:00,CMP001,SOUTH,1,0
39,2026-01-14 01:00:00,CMP001,EAST,1,0
40,2026-01-14 01:00:00,CMP001,WEST,1,0
41,2026-01-05 01:00:00,CMP002, NORTH,1,0
42,2026-01-05 01:00:00,CMP002,SOUTH ,1,0
43,2026-01-05 01:00:00,CMP002,EAST,1,0
44,2026-01-05 01:00:00,CMP002,WEST,1,0
45,2026-01-06 01:00:00,CMP002,NORTH,1,0
46,2026-01-06 01:00:00,CMP002,SOUTH,1,0
47,2026-01-06 01:00:00,CMP002,EAST ,1,0
48,2026-01-06 01:00:00,CMP002,WEST ,1,0
49,2026-01-07 01:00:00,CMP002,NORTH,1,0
50,2026-01-07 01:00:00,CMP002,SOUTH ,1,0
51,2026-01-07 01:00:00,CMP002,EAST,1,0
52,2026-01-07 01:00:00,CMP002,WEST ,1,0
53,2026-01-08 01:00:00,CMP002,NORTH,1,0
54,2026-01-08 01:00:00,CMP002,SOUTH ,1,0
55,2026-01-08 01:00:00,CMP002,EAST,1,0
56,2026-01-08 01:00:00,CMP002,WEST ,1,0
57,2026-01-09 01:00:00,CMP002,NORTH,1,0
58,2026-01-09 01:00:00,CMP002,SOUTH,1,0
59,2026-01-09 01:00:00,CMP002, EAST,1,0
60,2026-01-09 01:00:00,CMP002,WEST,1,0
61,2026-01-10 01:00:00,CMP002,NORTH,1,0
62,2026-01-10 01:00:00,CMP002,SOUTH,1,0
63,2026-01-10 01:00:00,CMP002,EAST,1,0
64,2026-01-10 01:00:00,CMP002,WEST,1,0
65,2026-01-11 01:00:00,CMP002,NORTH,1,0
66,2026-01-11 01:00:00,CMP002, SOUTH,1,0
67,2026-01-11 01:00:00,CMP002,EAST,1,0
68,2026-01-11 01:00:00,CMP002,WEST,1,0
69,2026-01-12 01:00:00,CMP002,NORTH,1,0
70,2026-01-12 01:00:00,CMP002,SOUTH,1,0
71,2026-01-12 01:00:00,CMP002,EAST,1,0
72,2026-01-12 01:00:00,CMP002,WEST,1,0
73,2026-01-13 01:00:00,CMP002,NORTH,1,0
74,2026-01-13 01:00:00,CMP002,SOUTH,1,0
75,2026-01-13 01:00:00,CMP002,EAST,1,0
76,2026-01-13 01:00:00,CMP002,WEST,1,0
77,2026-01-14 01:00:00,CMP002,NORTH ,1,0
78,2026-01-14 01:00:00,CMP002,SOUTH,1,0
79,2026-01-14 01:00:00,CMP002,EAST,1,0
80,2026-01-14 01:00:00,CMP002,WEST,1,0
81,2026-01-05 01:00:00,CMP003,NORTH,1,0
82,2026-01-05 01:00:00,CMP003,SOUTH,1,0
83,2026-01-05 01:00:00,CMP003,EAST,1,0
84,2026-01-05 01:00:00,CMP003,WEST,1,0
85,2026-01-06 01:00:00,CMP003,NORTH,1,0
86,2026-01-06 01:00:00,CMP003,SOUTH,1,0
87,2026-01-06 01:00:00,CMP003,EAST,1,0
88,2026-01-06 01:00:00,CMP003,WEST,1,0
89,2026-01-07 01:00:00,CMP003,NORTH ,1,0
90,2026-01-07 01:00:00,CMP003,SOUTH,1,0
91,2026-01-07 01:00:00,CMP003,EAST,1,0
92,2026-01-07 01:00:00,CMP003, WEST,1,0
93,2026-01-08 01:00:00,CMP003,NORTH,1,0
94,2026-01-08 01:00:00,CMP003,SOUTH,1,0
95,2026-01-08 01:00:00,CMP003,EAST,1,0
96,2026-01-08 01:00:00,CMP003,WEST ,1,0
97,2026-01-09 01:00:00,CMP003,NORTH,1,0
98,2026-01-09 01:00:00,CMP003,SOUTH,1,0
99,2026-01-09 01:00:00,CMP003,EAST,1,0
100,2026-01-09 01:00:00,CMP003, WEST,1,0
101,2026-01-10 01:00:00,CMP003, NORTH,1,0
102,2026-01-10 01:00:00,CMP003,SOUTH,1,0
103,2026-01-10 01:00:00,CMP003, EAST ,1,0
104,2026-01-10 01:00:00,CMP003,WEST ,1,0
105,2026-01-11 01:00:00,CMP003,NORTH,1,0
106,2026-01-11 01:00:00,CMP003,SOUTH,1,0
107,2026-01-11 01:00:00,CMP003,EAST,1,0
108,2026-01-11 01:00:00,CMP003,WEST,1,0
109,2026-01-12 01:00:00,CMP003,NORTH ,1,0
110,2026-01-12 01:00:00,CMP003,SOUTH,1,0
111,2026-01-12 01:00:00,CMP003,EAST,1,0
112,2026-01-12 01:00:00,CMP003,WEST ,1,0
113,2026-01-13 01:00:00,CMP003,NORTH ,1,0
114,2026-01-13 01:00:00,CMP003,SOUTH,1,0
115,2026-01-13 01:00:00,CMP003,EAST,1,0
116,2026-01-13 01:00:00,CMP003, WEST ,1,0
117,2026-01-14 01:00:00,CMP003,NORTH,1,0
118,2026-01-14 01:00:00,CMP003,SOUTH,1,0
119,2026-01-14 01:00:00,CMP003,EAST,1,0
120,2026-01-14 01:00:00,CMP003,WEST ,1,0
121,2026-01-05 01:00:00,CMP004, NORTH ,1,0
122,2026-01-05 01:00:00,CMP004,SOUTH,1,0
123,2026-01-05 01:00:00,CMP004,EAST ,1,0
124,2026-01-05 01:00:00,CMP004,WEST ,1,0
125,2026-01-06 01:00:00,CMP004,NORTH,1,0
126,2026-01-06 01:00:00,CMP004,SOUTH,1,0
127,2026-01-06 01:00:00,CMP004,EAST ,1,0
128,2026-01-06 01:00:00,CMP004,WEST,1,0
129,2026-01-07 01:00:00,CMP004,NORTH ,1,0
130,2026-01-07 01:00:00,CMP004,SOUTH ,1,0
131,2026-01-07 01:00:00,CMP004,EAST,1,0
132,2026-01-07 01:00:00,CMP004,WEST,1,0
133,2026-01-08 01:00:00,CMP004,NORTH,1,0
134,2026-01-08 01:00:00,CMP004,SOUTH ,1,0
135,2026-01-08 01:00:00,CMP004,EAST,1,0
136,2026-01-08 01:00:00,CMP004,WEST,1,0
137,2026-01-09 01:00:00,CMP004,NORTH ,1,0
138,2026-01-09 01:00:00,CMP004,SOUTH,1,0
139,2026-01-09 01:00:00,CMP004,EAST,1,0
140,2026-01-09 01:00:00,CMP004,WEST,1,0
141,2026-01-10 01:00:00,CMP004,NORTH,1,0
142,2026-01-10 01:00:00,CMP004,SOUTH,1,0
143,2026-01-10 01:00:00,CMP004,EAST,1,0
144,2026-01-10 01:00:00,CMP004,WEST,1,0
145,2026-01-11 01:00:00,CMP004,NORTH,1,0
146,2026-01-11 01:00:00,CMP004,SOUTH,1,0
147,2026-01-11 01:00:00,CMP004,EAST,1,0
148,2026-01-11 01:00:00,CMP004, WEST ,1,0
149,2026-01-12 01:00:00,CMP004,NORTH,1,0
150,2026-01-12 01:00:00,CMP004,SOUTH,1,0
151,2026-01-12 01:00:00,CMP004,EAST,1,0
152,2026-01-12 01:00:00,CMP004,WEST,1,0
153,2026-01-13 01:00:00,CMP004,NORTH ,1,0
154,2026-01-13 01:00:00,CMP004,SOUTH,1,0
155,2026-01-13 01:00:00,CMP004,EAST,1,0
156,2026-01-13 01:00:00,CMP004,WEST ,1,0
157,2026-01-14 01:00:00,CMP004, NORTH,1,0
158,2026-01-14 01:00:00,CMP004,SOUTH,1,0
159,2026-01-14 01:00:00,CMP004,EAST,1,0
160,2026-01-14 01:00:00,CMP004,WEST,1,0
161,2026-01-05 01:00:00,CMP005, NORTH,1,0
162,2026-01-05 01:00:00,CMP005,SOUTH,1,0
163,2026-01-05 01:00:00,CMP005, EAST,1,0
164,2026-01-05 01:00:00,CMP005,WEST,1,0
165,2026-01-06 01:00:00,CMP005,NORTH,1,0
166,2026-01-06 01:00:00,CMP005,SOUTH,1,0
167,2026-01-06 01:00:00,CMP005,EAST,1,0
168,2026-01-06 01:00:00,CMP005,WEST,1,0
169,2026-01-07 01:00:00,CMP005,NORTH ,1,0
170,2026-01-07 01:00:00,CMP005,SOUTH ,1,0
171,2026-01-07 01:00:00,CMP005,EAST,1,0
172,2026-01-07 01:00:00,CMP005,WEST,1,0
173,2026-01-08 01:00:00,CMP005, NORTH,1,0
174,2026-01-08 01:00:00,CMP005,SOUTH ,1,0
175,2026-01-08 01:00:00,CMP005,EAST,1,0
176,2026-01-08 01:00:00,CMP005, WEST ,1,0
177,2026-01-09 01:00:00,CMP005,NORTH,1,0
178,2026-01-09 01:00:00,CMP005,SOUTH,1,0
179,2026-01-09 01:00:00,CMP005, EAST,1,0
180,2026-01-09 01:00:00,CMP005,WEST ,1,0
181,2026-01-10 01:00:00,CMP005,NORTH,1,0
182,2026-01-10 01:00:00,CMP005,SOUTH ,1,0
183,2026-01-10 01:00:00,CMP005,EAST,1,0
184,2026-01-10 01:00:00,CMP005,WEST,1,0
185,2026-01-11 01:00:00,CMP005,NORTH,1,0
186,2026-01-11 01:00:00,CMP005,SOUTH,1,0
187,2026-01-11 01:00:00,CMP005,EAST,1,0
188,2026-01-11 01:00:00,CMP005,WEST ,1,0
189,2026-01-12 01:00:00,CMP005, NORTH,1,0
190,2026-01-12 01:00:00,CMP005,SOUTH,1,0
191,2026-01-12 01:00:00,CMP005,EAST,1,0
192,2026-01-12 01:00:00,CMP005,WEST,1,0
193,2026-01-13 01:00:00,CMP005,NORTH,1,0
194,2026-01-13 01:00:00,CMP005, SOUTH ,1,0
195,2026-01-13 01:00:00,CMP005,EAST,1,0
196,2026-01-13 01:00:00,CMP005,WEST ,1,0
197,2026-01-14 01:00:00,CMP005,NORTH,1,0
198,2026-01-14 01:00:00,CMP005,SOUTH ,1,0
199,2026-01-14 01:00:00,CMP005,EAST,1,0
200,2026-01-14 01:00:00,CMP005,WEST,1,0
201,2026-01-05 01:00:00,CMP006,NORTH,1,0
202,2026-01-05 01:00:00,CMP006,SOUTH,1,0
203,2026-01-05 01:00:00,CMP006,EAST,1,0
204,2026-01-05 01:00:00,CMP006,WEST,1,0
205,2026-01-06 01:00:00,CMP006,NORTH,1,0
206,2026-01-06 01:00:00,CMP006,SOUTH ,1,0
207,2026-01-06 01:00:00,CMP006,EAST ,1,0
208,2026-01-06 01:00:00,CMP006,WEST ,1,0
209,2026-01-07 01:00:00,CMP006,NORTH ,1,0
210,2026-01-07 01:00:00,CMP006,SOUTH,1,0
211,2026-01-07 01:00:00,CMP006,EAST,1,0
212,2026-01-07 01:00:00,CMP006,WEST,1,0
213,2026-01-08 01:00:00,CMP006,NORTH,1,0
214,2026-01-08 01:00:00,CMP006,SOUTH,1,0
215,2026-01-08 01:00:00,CMP006,EAST,1,0
216,2026-01-08 01:00:00,CMP006,WEST,1,0
217,2026-01-09 01:00:00,CMP006,NORTH,1,0
218,2026-01-09 01:00:00,CMP006,SOUTH,1,0
219,2026-01-09 01:00:00,CMP006,EAST,1,0
220,2026-01-09 01:00:00,CMP006,WEST,1,0
221,2026-01-10 01:00:00,CMP006,NORTH,1,0
222,2026-01-10 01:00:00,CMP006,SOUTH ,1,0
223,2026-01-10 01:00:00,CMP006,EAST,1,0
224,2026-01-10 01:00:00,CMP006,WEST,1,0
225,2026-01-11 01:00:00,CMP006,NORTH,1,0
226,2026-01-11 01:00:00,CMP006,SOUTH,1,0
227,2026-01-11 01:00:00,CMP006, EAST,1,0
228,2026-01-11 01:00:00,CMP006,WEST ,1,0
229,2026-01-12 01:00:00,CMP006,NORTH,1,0
230,2026-01-12 01:00:00,CMP006,SOUTH,1,0
231,2026-01-12 01:00:00,CMP006,EAST,1,0
232,2026-01-12 01:00:00,CMP006, WEST,1,0
233,2026-01-13 01:00:00,CMP006, NORTH,1,0
234,2026-01-13 01:00:00,CMP006,SOUTH,1,0
235,2026-01-13 01:00:00,CMP006,EAST,1,0
236,2026-01-13 01:00:00,CMP006,WEST ,1,0
237,2026-01-14 01:00:00,CMP006,NORTH,1,0
238,2026-01-14 01:00:00,CMP006,SOUTH,1,0
239,2026-01-14 01:00:00,CMP006,EAST ,1,0
240,2026-01-14 01:00:00,CMP006,WEST,1,0
241,2026-01-05 01:00:00,CMP007, NORTH,1,0
242,2026-01-05 01:00:00,CMP007,SOUTH ,1,0
243,2026-01-05 01:00:00,CMP007,EAST ,1,0
244,2026-01-05 01:00:00,CMP007,WEST,1,0
245,2026-01-06 01:00:00,CMP007,NORTH ,1,0
246,2026-01-06 01:00:00,CMP007,SOUTH ,1,0
247,2026-01-06 01:00:00,CMP007, EAST ,1,0
248,2026-01-06 01:00:00,CMP007,WEST ,1,0
249,2026-01-07 01:00:00,CMP007,NORTH,1,0
250,2026-01-07 01:00:00,CMP007,SOUTH,1,0
251,2026-01-07 01:00:00,CMP007,EAST,1,0
252,2026-01-07 01:00:00,CMP007,WEST,1,0
253,2026-01-08 01:00:00,CMP007,NORTH,1,0
254,2026-01-08 01:00:00,CMP007,SOUTH,1,0
255,2026-01-08 01:00:00,CMP007,EAST,1,0
256,2026-01-08 01:00:00,CMP007,WEST,1,0
257,2026-01-09 01:00:00,CMP007,NORTH ,1,0
258,2026-01-09 01:00:00,CMP007,SOUTH,1,0
259,2026-01-09 01:00:00,CMP007,EAST,1,0
260,2026-01-09 01:00:00,CMP007,WEST,1,0
261,2026-01-10 01:00:00,CMP007,NORTH,1,0
262,2026-01-10 01:00:00,CMP007, SOUTH,1,0
263,2026-01-10 01:00:00,CMP007,EAST,1,0
264,2026-01-10 01:00:00,CMP007,WEST,1,0
265,2026-01-11 01:00:00,CMP007,NORTH,1,0
266,2026-01-11 01:00:00,CMP007,SOUTH,1,0
267,2026-01-11 01:00:00,CMP007,EAST,1,0
268,2026-01-11 01:00:00,CMP007,WEST,1,0
269,2026-01-12 01:00:00,CMP007, NORTH,1,0
270,2026-01-12 01:00:00,CMP007,SOUTH,1,0
271,2026-01-12 01:00:00,CMP007,EAST,1,0
272,2026-01-12 01:00:00,CMP007,WEST,1,0
273,2026-01-13 01:00:00,CMP007,NORTH,1,0
274,2026-01-13 01:00:00,CMP007,SOUTH,1,0
275,2026-01-13 01:00:00,CMP007,EAST ,1,0
276,2026-01-13 01:00:00,CMP007,WEST ,1,0
277,2026-01-14 01:00:00,CMP007,NORTH,1,0
278,2026-01-14 01:00:00,CMP007,SOUTH,1,0
279,2026-01-14 01:00:00,CMP007,EAST ,1,0
280,2026-01-14 01:00:00,CMP007,WEST,1,0
281,2026-01-05 01:00:00,CMP008, NORTH,1,0
282,2026-01-05 01:00:00,CMP008,SOUTH,1,0
283,2026-01-05 01:00:00,CMP008,EAST,1,0
284,2026-01-05 01:00:00,CMP008,WEST ,1,0
285,2026-01-06 01:00:00,CMP008,NORTH,1,0
286,2026-01-06 01:00:00,CMP008,SOUTH,1,0
287,2026-01-06 01:00:00,CMP008,EAST,1,0
288,2026-01-06 01:00:00,CMP008,WEST,1,0
289,2026-01-07 01:00:00,CMP008, NORTH,1,0
290,2026-01-07 01:00:00,CMP008,SOUTH,1,0
291,2026-01-07 01:00:00,CMP008,EAST,1,0
292,2026-01-07 01:00:00,CMP008,WEST ,1,0
293,2026-01-08 01:00:00,CMP008,NORTH,1,0
294,2026-01-08 01:00:00,CMP008,SOUTH ,1,0
295,2026-01-08 01:00:00,CMP008,EAST,1,0
296,2026-01-08 01:00:00,CMP008,WEST,1,0
297,2026-01-09 01:00:00,CMP008,NORTH,1,0
298,2026-01-09 01:00:00,CMP008, SOUTH,1,0
299,2026-01-09 01:00:00,CMP008,EAST ,1,0
300,2026-01-09 01:00:00,CMP008,WEST,1,0
301,2026-01-10 01:00:00,CMP008,NORTH,1,0
302,2026-01-10 01:00:00,CMP008,SOUTH ,1,0
303,2026-01-10 01:00:00,CMP008,EAST,1,0
304,2026-01-10 01:00:00,CMP008,WEST,1,0
305,2026-01-11 01:00:00,CMP008,NORTH,1,0
306,2026-01-11 01:00:00,CMP008,SOUTH ,1,0
307,2026-01-11 01:00:00,CMP008,EAST,1,0
308,2026-01-11 01:00:00,CMP008,WEST,1,0
309,2026-01-12 01:00:00,CMP008,NORTH ,1,0
310,2026-01-12 01:00:00,CMP008,SOUTH ,1,0
311,2026-01-12 01:00:00,CMP008,EAST ,1,0
312,2026-01-12 01:00:00,CMP008,WEST ,1,0
313,2026-01-13 01:00:00,CMP008,NORTH,1,0
314,2026-01-13 01:00:00,CMP008,SOUTH,1,0
315,2026-01-13 01:00:00,CMP008,EAST,1,0
316,2026-01-13 01:00:00,CMP008,WEST,1,0
317,2026-01-14 01:00:00,CMP008,NORTH,1,0
318,2026-01-14 01:00:00,CMP008,SOUTH,1,0
319,2026-01-14 01:00:00,CMP008,EAST,1,0
320,2026-01-14 01:00:00,CMP008,WEST,1,0
321,2026-01-05 01:00:00,CMP009,NORTH,1,0
322,2026-01-05 01:00:00,CMP009,SOUTH ,1,0
323,2026-01-05 01:00:00,CMP009,EAST ,1,0
324,2026-01-05 01:00:00,CMP009,WEST,1,0
325,2026-01-06 01:00:00,CMP009,NORTH,1,0
326,2026-01-06 01:00:00,CMP009,SOUTH ,1,0
327,2026-01-06 01:00:00,CMP009,EAST,1,0
328,2026-01-06 01:00:00,CMP009,WEST,1,0
329,2026-01-07 01:00:00,CMP009,NORTH,1,0
330,2026-01-07 01:00:00,CMP009,SOUTH ,1,0
331,2026-01-07 01:00:00,CMP009,EAST,1,0
332,2026-01-07 01:00:00,CMP009,WEST,1,0
333,2026-01-08 01:00:00,CMP009,NORTH,1,0
334,2026-01-08 01:00:00,CMP009,SOUTH,1,0
335,2026-01-08 01:00:00,CMP009,EAST ,1,0
336,2026-01-08 01:00:00,CMP009,WEST ,1,0
337,2026-01-09 01:00:00,CMP009,NORTH ,1,0
338,2026-01-09 01:00:00,CMP009,SOUTH,1,0
339,2026-01-09 01:00:00,CMP009,EAST,1,0
340,2026-01-09 01:00:00,CMP009,WEST,1,0
341,2026-01-10 01:00:00,CMP009,NORTH ,1,0
342,2026-01-10 01:00:00,CMP009,SOUTH,1,0
343,2026-01-10 01:00:00,CMP009,EAST ,1,0
344,2026-01-10 01:00:00,CMP009, WEST,1,0
345,2026-01-11 01:00:00,CMP009,NORTH,1,0
346,2026-01-11 01:00:00,CMP009,SOUTH,1,0
347,2026-01-11 01:00:00,CMP009,EAST,1,0
348,2026-01-11 01:00:00,CMP009,WEST,1,0
349,2026-01-12 01:00:00,CMP009, NORTH,1,0
350,2026-01-12 01:00:00,CMP009,SOUTH,1,0
351,2026-01-12 01:00:00,CMP009,EAST,1,0
352,2026-01-12 01:00:00,CMP009,WEST ,1,0
353,2026-01-13 01:00:00,CMP009, NORTH,1,0
354,2026-01-13 01:00:00,CMP009,SOUTH,1,0
355,2026-01-13 01:00:00,CMP009,EAST,1,0
356,2026-01-13 01:00:00,CMP009, WEST,1,0
357,2026-01-14 01:00:00,CMP009,NORTH ,1,0
358,2026-01-14 01:00:00,CMP009,SOUTH,1,0
359,2026-01-14 01:00:00,CMP009,EAST,1,0
360,2026-01-14 01:00:00,CMP009,WEST,1,0
361,2026-01-05 01:00:00,CMP010,NORTH,1,0
362,2026-01-05 01:00:00,CMP010,SOUTH,1,0
363,2026-01-05 01:00:00,CMP010,EAST,1,0
364,2026-01-05 01:00:00,CMP010,WEST,1,0
365,2026-01-06 01:00:00,CMP010,NORTH,1,0
366,2026-01-06 01:00:00,CMP010,SOUTH,1,0
367,2026-01-06 01:00:00,CMP010,EAST,1,0
368,2026-01-06 01:00:00,CMP010,WEST,1,0
369,2026-01-07 01:00:00,CMP010,NORTH ,1,0
370,2026-01-07 01:00:00,CMP010,SOUTH,1,0
371,2026-01-07 01:00:00,CMP010, EAST ,1,0
372,2026-01-07 01:00:00,CMP010,WEST,1,0
373,2026-01-08 01:00:00,CMP010,NORTH ,1,0
374,2026-01-08 01:00:00,CMP010, SOUTH,1,0
375,2026-01-08 01:00:00,CMP010,EAST,1,0
376,2026-01-08 01:00:00,CMP010,WEST,1,0
377,2026-01-09 01:00:00,CMP010,NORTH,1,0
378,2026-01-09 01:00:00,CMP010, SOUTH,1,0
379,2026-01-09 01:00:00,CMP010,EAST,1,0
380,2026-01-09 01:00:00,CMP010,WEST,1,0
381,2026-01-10 01:00:00,CMP010,NORTH,1,0
382,2026-01-10 01:00:00,CMP010, SOUTH ,1,0
383,2026-01-10 01:00:00,CMP010,EAST,1,0
384,2026-01-10 01:00:00,CMP010,WEST,1,0
385,2026-01-11 01:00:00,CMP010, NORTH,1,0
386,2026-01-11 01:00:00,CMP010,SOUTH,1,0
387,2026-01-11 01:00:00,CMP010,EAST,1,0
388,2026-01-11 01:00:00,CMP010,WEST,1,0
389,2026-01-12 01:00:00,CMP010, NORTH,1,0
390,2026-01-12 01:00:00,CMP010, SOUTH,1,0
391,2026-01-12 01:00:00,CMP010,EAST,1,0
392,2026-01-12 01:00:00,CMP010,WEST,1,0
393,2026-01-13 01:00:00,CMP010,NORTH ,1,0
394,2026-01-13 01:00:00,CMP010,SOUTH,1,0
395,2026-01-13 01:00:00,CMP010,EAST,1,0
396,2026-01-13 01:00:00,CMP010,WEST ,1,0
397,2026-01-14 01:00:00,CMP010,NORTH,1,0
398,2026-01-14 01:00:00,CMP010,SOUTH,1,0
399,2026-01-14 01:00:00,CMP010,EAST,1,0
400,2026-01-14 01:00:00,CMP010,WEST ,1,0
401,2026-01-05 01:00:00,CMP011,NORTH,1,0
402,2026-01-05 01:00:00,CMP011,SOUTH,1,0
403,2026-01-05 01:00:00,CMP011,EAST,1,0
404,2026-01-05 01:00:00,CMP011,WEST,1,0
405,2026-01-06 01:00:00,CMP011,NORTH,1,0
406,2026-01-06 01:00:00,CMP011,SOUTH,1,0
407,2026-01-06 01:00:00,CMP011,EAST,1,0
408,2026-01-06 01:00:00,CMP011,WEST,1,0
409,2026-01-07 01:00:00,CMP011,NORTH ,1,0
410,2026-01-07 01:00:00,CMP011,SOUTH ,1,0
411,2026-01-07 01:00:00,CMP011,EAST,1,0
412,2026-01-07 01:00:00,CMP011, WEST,1,0
413,2026-01-08 01:00:00,CMP011,NORTH,1,0
414,2026-01-08 01:00:00,CMP011,SOUTH ,1,0
415,2026-01-08 01:00:00,CMP011,EAST,1,0
416,2026-01-08 01:00:00,CMP011,WEST,1,0
417,2026-01-09 01:00:00,CMP011,NORTH,1,0
418,2026-01-09 01:00:00,CMP011,SOUTH,1,0
419,2026-01-09 01:00:00,CMP011, EAST,1,0
420,2026-01-09 01:00:00,CMP011,WEST,1,0
421,2026-01-10 01:00:00,CMP011,NORTH,1,0
422,2026-01-10 01:00:00,CMP011,SOUTH,1,0
423,2026-01-10 01:00:00,CMP011,EAST,1,0
424,2026-01-10 01:00:00,CMP011,WEST ,1,0
425,2026-01-11 01:00:00,CMP011,NORTH ,1,0
426,2026-01-11 01:00:00,CMP011,SOUTH,1,0
427,2026-01-11 01:00:00,CMP011,EAST,1,0
428,2026-01-11 01:00:00,CMP011,WEST,1,0
429,2026-01-12 01:00:00,CMP011,NORTH,1,0
430,2026-01-12 01:00:00,CMP011,SOUTH,1,0
431,2026-01-12 01:00:00,CMP011,EAST ,1,0
432,2026-01-12 01:00:00,CMP011,WEST,1,0
433,2026-01-13 01:00:00,CMP011,NORTH,1,0
434,2026-01-13 01:00:00,CMP011,SOUTH,1,0
435,2026-01-13 01:00:00,CMP011,EAST,1,0
436,2026-01-13 01:00:00,CMP011,WEST,1,0
437,2026-01-14 01:00:00,CMP011,NORTH,1,0
438,2026-01-14 01:00:00,CMP011, SOUTH,1,0
439,2026-01-14 01:00:00,CMP011,EAST,1,0
440,2026-01-14 01:00:00,CMP011,WEST,1,0
441,2026-01-05 01:00:00,CMP012,NORTH,1,0
442,2026-01-05 01:00:00,CMP012,SOUTH,1,0
443,2026-01-05 01:00:00,CMP012,EAST,1,0
444,2026-01-05 01:00:00,CMP012,WEST,1,0
445,2026-01-06 01:00:00,CMP012,NORTH,1,0
446,2026-01-06 01:00:00,CMP012,SOUTH,1,0
447,2026-01-06 01:00:00,CMP012,EAST ,1,0
448,2026-01-06 01:00:00,CMP012,WEST ,1,0
449,2026-01-07 01:00:00,CMP012,NORTH,1,0
450,2026-01-07 01:00:00,CMP012, SOUTH,1,0
451,2026-01-07 01:00:00,CMP012,EAST,1,0
452,2026-01-07 01:00:00,CMP012,WEST,1,0
453,2026-01-08 01:00:00,CMP012,NORTH,1,0
454,2026-01-08 01:00:00,CMP012,SOUTH,1,0
455,2026-01-08 01:00:00,CMP012,EAST,1,0
456,2026-01-08 01:00:00,CMP012, WEST,1,0
457,2026-01-09 01:00:00,CMP012,NORTH,1,0
458,2026-01-09 01:00:00,CMP012,SOUTH ,1,0
459,2026-01-09 01:00:00,CMP012,EAST,1,0
460,2026-01-09 01:00:00,CMP012,WEST,1,0
461,2026-01-10 01:00:00,CMP012,NORTH,1,0
462,2026-01-10 01:00:00,CMP012,SOUTH ,1,0
463,2026-01-10 01:00:00,CMP012,EAST,1,0
464,2026-01-10 01:00:00,CMP012,WEST ,1,0
465,2026-01-11 01:00:00,CMP012,NORTH,1,0
466,2026-01-11 01:00:00,CMP012,SOUTH,1,0
467,2026-01-11 01:00:00,CMP012,EAST,1,0
468,2026-01-11 01:00:00,CMP012,WEST ,1,0
469,2026-01-12 01:00:00,CMP012,NORTH,1,0
470,2026-01-12 01:00:00,CMP012, SOUTH,1,0
471,2026-01-12 01:00:00,CMP012,EAST,1,0
472,2026-01-12 01:00:00,CMP012,WEST ,1,0
473,2026-01-13 01:00:00,CMP012,NORTH,1,0
474,2026-01-13 01:00:00,CMP012,SOUTH,1,0
475,2026-01-13 01:00:00,CMP012,EAST ,1,0
476,2026-01-13 01:00:00,CMP012,WEST,1,0
477,2026-01-14 01:00:00,CMP012,NORTH,1,0
478,2026-01-14 01:00:00,CMP012,SOUTH,1,0
479,2026-01-14 01:00:00,CMP012, EAST,1,0
480,2026-01-14 01:00:00,CMP012,WEST,1,0
481,2026-01-05 01:00:00,CMP013,NORTH,1,0
482,2026-01-05 01:00:00,CMP013,SOUTH,1,0
483,2026-01-05 01:00:00,CMP013,EAST,1,0
484,2026-01-05 01:00:00,CMP013,WEST ,1,0
485,2026-01-06 01:00:00,CMP013,NORTH,1,0
486,2026-01-06 01:00:00,CMP013, SOUTH,1,0
487,2026-01-06 01:00:00,CMP013,EAST,1,0
488,2026-01-06 01:00:00,CMP013,WEST,1,0
489,2026-01-07 01:00:00,CMP013,NORTH,1,0
490,2026-01-07 01:00:00,CMP013,SOUTH,1,0
491,2026-01-07 01:00:00,CMP013, EAST,1,0
492,2026-01-07 01:00:00,CMP013,WEST,1,0
493,2026-01-08 01:00:00,CMP013,NORTH,1,0
494,2026-01-08 01:00:00,CMP013,SOUTH,1,0
495,2026-01-08 01:00:00,CMP013,EAST,1,0
496,2026-01-08 01:00:00,CMP013,WEST ,1,0
497,2026-01-09 01:00:00,CMP013,NORTH,1,0
498,2026-01-09 01:00:00,CMP013,SOUTH,1,0
499,2026-01-09 01:00:00,CMP013,EAST,1,0
500,2026-01-09 01:00:00,CMP013,WEST,1,0
501,2026-01-10 01:00:00,CMP013,NORTH,1,0
502,2026-01-10 01:00:00,CMP013,SOUTH,1,0
503,2026-01-10 01:00:00,CMP013,EAST,1,0
504,2026-01-10 01:00:00,CMP013,WEST ,1,0
505,2026-01-11 01:00:00,CMP013,NORTH ,1,0
506,2026-01-11 01:00:00,CMP013,SOUTH,1,0
507,2026-01-11 01:00:00,CMP013,EAST,1,0
508,2026-01-11 01:00:00,CMP013,WEST,1,0
509,2026-01-12 01:00:00,CMP013,NORTH,1,0
510,2026-01-12 01:00:00,CMP013,SOUTH,1,0
511,2026-01-12 01:00:00,CMP013,EAST ,1,0
512,2026-01-12 01:00:00,CMP013,WEST ,1,0
513,2026-01-13 01:00:00,CMP013,NORTH ,1,0
514,2026-01-13 01:00:00,CMP013,SOUTH,1,0
515,2026-01-13 01:00:00,CMP013, EAST,1,0
516,2026-01-13 01:00:00,CMP013, WEST,1,0
517,2026-01-14 01:00:00,CMP013,NORTH,1,0
518,2026-01-14 01:00:00,CMP013,SOUTH,1,0
519,2026-01-14 01:00:00,CMP013,EAST,1,0
520,2026-01-14 01:00:00,CMP013,WEST,1,0
521,2026-01-05 01:00:00,CMP014, NORTH ,1,0
522,2026-01-05 01:00:00,CMP014,SOUTH ,1,0
523,2026-01-05 01:00:00,CMP014,EAST ,1,0
524,2026-01-05 01:00:00,CMP014,WEST,1,0
525,2026-01-06 01:00:00,CMP014,NORTH,1,0
526,2026-01-06 01:00:00,CMP014,SOUTH,1,0
527,2026-01-06 01:00:00,CMP014,EAST,1,0
528,2026-01-06 01:00:00,CMP014,WEST,1,0
529,2026-01-07 01:00:00,CMP014,NORTH,1,0
530,2026-01-07 01:00:00,CMP014,SOUTH,1,0
531,2026-01-07 01:00:00,CMP014,EAST ,1,0
532,2026-01-07 01:00:00,CMP014,WEST,1,0
533,2026-01-08 01:00:00,CMP014,NORTH,1,0
534,2026-01-08 01:00:00,CMP014,SOUTH,1,0
535,2026-01-08 01:00:00,CMP014,EAST,1,0
536,2026-01-08 01:00:00,CMP014,WEST,1,0
537,2026-01-09 01:00:00,CMP014,NORTH ,1,0
538,2026-01-09 01:00:00,CMP014,SOUTH,1,0
539,2026-01-09 01:00:00,CMP014,EAST,1,0
540,2026-01-09 01:00:00,CMP014,WEST,1,0
541,2026-01-10 01:00:00,CMP014,NORTH,1,0
542,2026-01-10 01:00:00,CMP014,SOUTH,1,0
543,2026-01-10 01:00:00,CMP014,EAST,1,0
544,2026-01-10 01:00:00,CMP014,WEST ,1,0
545,2026-01-11 01:00:00,CMP014,NORTH,1,0
546,2026-01-11 01:00:00,CMP014,SOUTH,1,0
547,2026-01-11 01:00:00,CMP014,EAST,1,0
548,2026-01-11 01:00:00,CMP014,WEST,1,0
549,2026-01-12 01:00:00,CMP014,NORTH,1,0
550,2026-01-12 01:00:00,CMP014,SOUTH,1,0
551,2026-01-12 01:00:00,CMP014,EAST,1,0
552,2026-01-12 01:00:00,CMP014,WEST,1,0
553,2026-01-13 01:00:00,CMP014,NORTH,1,0
554,2026-01-13 01:00:00,CMP014,SOUTH,1,0
555,2026-01-13 01:00:00,CMP014,EAST,1,0
556,2026-01-13 01:00:00,CMP014,WEST,1,0
557,2026-01-14 01:00:00,CMP014,NORTH,1,0
558,2026-01-14 01:00:00,CMP014,SOUTH,1,0
559,2026-01-14 01:00:00,CMP014,EAST,1,0
560,2026-01-14 01:00:00,CMP014,WEST,1,0
561,2026-01-05 01:00:00,CMP015,NORTH,1,0
562,2026-01-05 01:00:00,CMP015, SOUTH,1,0
563,2026-01-05 01:00:00,CMP015,EAST,1,0
564,2026-01-05 01:00:00,CMP015,WEST,1,0
565,2026-01-06 01:00:00,CMP015,NORTH,1,0
566,2026-01-06 01:00:00,CMP015, SOUTH,1,0
567,2026-01-06 01:00:00,CMP015,EAST,1,0
568,2026-01-06 01:00:00,CMP015,WEST ,1,0
569,2026-01-07 01:00:00,CMP015,NORTH,1,0
570,2026-01-07 01:00:00,CMP015,SOUTH ,1,0
571,2026-01-07 01:00:00,CMP015,EAST ,1,0
572,2026-01-07 01:00:00,CMP015,WEST,1,0
573,2026-01-08 01:00:00,CMP015,NORTH,1,0
574,2026-01-08 01:00:00,CMP015,SOUTH,1,0
575,2026-01-08 01:00:00,CMP015,EAST,1,0
576,2026-01-08 01:00:00,CMP015,WEST ,1,0
577,2026-01-09 01:00:00,CMP015,NORTH ,1,0
578,2026-01-09 01:00:00,CMP015,SOUTH,1,0
579,2026-01-09 01:00:00,CMP015,EAST,1,0
580,2026-01-09 01:00:00,CMP015,WEST,1,0
581,2026-01-10 01:00:00,CMP015,NORTH ,1,0
582,2026-01-10 01:00:00,CMP015,SOUTH,1,0
583,2026-01-10 01:00:00,CMP015,EAST ,1,0
584,2026-01-10 01:00:00,CMP015,WEST,1,0
585,2026-01-11 01:00:00,CMP015,NORTH,1,0
586,2026-01-11 01:00:00,CMP015,SOUTH ,1,0
587,2026-01-11 01:00:00,CMP015,EAST,1,0
588,2026-01-11 01:00:00,CMP015,WEST ,1,0
589,2026-01-12 01:00:00,CMP015,NORTH ,1,0
590,2026-01-12 01:00:00,CMP015,SOUTH,1,0
591,2026-01-12 01:00:00,CMP015,EAST ,1,0
592,2026-01-12 01:00:00,CMP015,WEST,1,0
593,2026-01-13 01:00:00,CMP015,NORTH ,1,0
594,2026-01-13 01:00:00,CMP015,SOUTH,1,0
595,2026-01-13 01:00:00,CMP015,EAST,1,0
596,2026-01-13 01:00:00,CMP015,WEST,1,0
597,2026-01-14 01:00:00,CMP015,NORTH,1,0
598,2026-01-14 01:00:00,CMP015,SOUTH,1,0
599,2026-01-14 01:00:00,CMP015,EAST ,1,0
600,2026-01-14 01:00:00,CMP015, WEST,1,0
601,2026-01-05 01:00:00,CMP016,NORTH,1,0
602,2026-01-05 01:00:00,CMP016,SOUTH ,1,0
603,2026-01-05 01:00:00,CMP016,EAST,1,0
604,2026-01-05 01:00:00,CMP016, WEST,1,0
605,2026-01-06 01:00:00,CMP016,NORTH,1,0
606,2026-01-06 01:00:00,CMP016, SOUTH ,1,0
607,2026-01-06 01:00:00,CMP016,EAST,1,0
608,2026-01-06 01:00:00,CMP016,WEST ,1,0
609,2026-01-07 01:00:00,CMP016,NORTH,1,0
610,2026-01-07 01:00:00,CMP016,SOUTH,1,0
611,2026-01-07 01:00:00,CMP016,EAST,1,0
612,2026-01-07 01:00:00,CMP016,WEST ,1,0
613,2026-01-08 01:00:00,CMP016,NORTH,1,0
614,2026-01-08 01:00:00,CMP016,SOUTH,1,0
615,2026-01-08 01:00:00,CMP016, EAST,1,0
616,2026-01-08 01:00:00,CMP016, WEST,1,0
617,2026-01-09 01:00:00,CMP016,NORTH,1,0
618,2026-01-09 01:00:00,CMP016,SOUTH,1,0
619,2026-01-09 01:00:00,CMP016,EAST,1,0
620,2026-01-09 01:00:00,CMP016,WEST,1,0
621,2026-01-10 01:00:00,CMP016,NORTH,1,0
622,2026-01-10 01:00:00,CMP016,SOUTH,1,0
623,2026-01-10 01:00:00,CMP016,EAST,1,0
624,2026-01-10 01:00:00,CMP016,WEST,1,0
625,2026-01-11 01:00:00,CMP016,NORTH,1,0
626,2026-01-11 01:00:00,CMP016,SOUTH,1,0
627,2026-01-11 01:00:00,CMP016,EAST ,1,0
628,2026-01-11 01:00:00,CMP016,WEST,1,0
629,2026-01-12 01:00:00,CMP016, NORTH,1,0
630,2026-01-12 01:00:00,CMP016,SOUTH,1,0
631,2026-01-12 01:00:00,CMP016,EAST,1,0
632,2026-01-12 01:00:00,CMP016,WEST,1,0
633,2026-01-13 01:00:00,CMP016,NORTH,1,0
634,2026-01-13 01:00:00,CMP016, SOUTH,1,0
635,2026-01-13 01:00:00,CMP016,EAST,1,0
636,2026-01-13 01:00:00,CMP016,WEST,1,0
637,2026-01-14 01:00:00,CMP016,NORTH,1,0
638,2026-01-14 01:00:00,CMP016,SOUTH,1,0
639,2026-01-14 01:00:00,CMP016,EAST,1,0
640,2026-01-14 01:00:00,CMP016,WEST,1,0
641,2026-01-05 01:00:00,CMP017, NORTH,1,0
642,2026-01-05 01:00:00,CMP017,SOUTH,1,0
643,2026-01-05 01:00:00,CMP017,EAST,1,0
644,2026-01-05 01:00:00,CMP017, WEST ,1,0
645,2026-01-06 01:00:00,CMP017,NORTH,1,0
646,2026-01-06 01:00:00,CMP017,SOUTH ,1,0
647,2026-01-06 01:00:00,CMP017,EAST,1,0
648,2026-01-06 01:00:00,CMP017,WEST,1,0
649,2026-01-07 01:00:00,CMP017,NORTH ,1,0
650,2026-01-07 01:00:00,CMP017,SOUTH,1,0
651,2026-01-07 01:00:00,CMP017,EAST,1,0
652,2026-01-07 01:00:00,CMP017,WEST,1,0
653,2026-01-08 01:00:00,CMP017,NORTH,1,0
654,2026-01-08 01:00:00,CMP017,SOUTH,1,0
655,2026-01-08 01:00:00,CMP017,EAST,1,0
656,2026-01-08 01:00:00,CMP017,WEST,1,0
657,2026-01-09 01:00:00,CMP017,NORTH ,1,0
658,2026-01-09 01:00:00,CMP017,SOUTH ,1,0
659,2026-01-09 01:00:00,CMP017,EAST ,1,0
660,2026-01-09 01:00:00,CMP017,WEST,1,0
661,2026-01-10 01:00:00,CMP017, NORTH,1,0
662,2026-01-10 01:00:00,CMP017,SOUTH,1,0
663,2026-01-10 01:00:00,CMP017,EAST,1,0
664,2026-01-10 01:00:00,CMP017, WEST,1,0
665,2026-01-11 01:00:00,CMP017, NORTH,1,0
666,2026-01-11 01:00:00,CMP017,SOUTH,1,0
667,2026-01-11 01:00:00,CMP017,EAST,1,0
668,2026-01-11 01:00:00,CMP017,WEST ,1,0
669,2026-01-12 01:00:00,CMP017,NORTH,1,0
670,2026-01-12 01:00:00,CMP017,SOUTH,1,0
671,2026-01-12 01:00:00,CMP017,EAST,1,0
672,2026-01-12 01:00:00,CMP017,WEST,1,0
673,2026-01-13 01:00:00,CMP017,NORTH,1,0
674,2026-01-13 01:00:00,CMP017,SOUTH,1,0
675,2026-01-13 01:00:00,CMP017,EAST,1,0
676,2026-01-13 01:00:00,CMP017,WEST,1,0
677,2026-01-14 01:00:00,CMP017,NORTH,1,0
678,2026-01-14 01:00:00,CMP017,SOUTH,1,0
679,2026-01-14 01:00:00,CMP017,EAST,1,0
680,2026-01-14 01:00:00,CMP017,WEST,1,0
681,2026-01-05 01:00:00,CMP018,NORTH ,1,0
682,2026-01-05 01:00:00,CMP018,SOUTH,1,0
683,2026-01-05 01:00:00,CMP018,EAST,1,0
684,2026-01-05 01:00:00,CMP018,WEST,1,0
685,2026-01-06 01:00:00,CMP018,NORTH,1,0
686,2026-01-06 01:00:00,CMP018,SOUTH,1,0
687,2026-01-06 01:00:00,CMP018,EAST ,1,0
688,2026-01-06 01:00:00,CMP018,WEST,1,0
689,2026-01-07 01:00:00,CMP018, NORTH,1,0
690,2026-01-07 01:00:00,CMP018,SOUTH ,1,0
691,2026-01-07 01:00:00,CMP018,EAST,1,0
692,2026-01-07 01:00:00,CMP018,WEST,1,0
693,2026-01-08 01:00:00,CMP018,NORTH,1,0
694,2026-01-08 01:00:00,CMP018,SOUTH,1,0
695,2026-01-08 01:00:00,CMP018,EAST,1,0
696,2026-01-08 01:00:00,CMP018,WEST,1,0
697,2026-01-09 01:00:00,CMP018,NORTH,1,0
698,2026-01-09 01:00:00,CMP018,SOUTH,1,0
699,2026-01-09 01:00:00,CMP018,EAST,1,0
700,2026-01-09 01:00:00,CMP018,WEST,1,0
701,2026-01-10 01:00:00,CMP018,NORTH ,1,0
702,2026-01-10 01:00:00,CMP018, SOUTH,1,0
703,2026-01-10 01:00:00,CMP018,EAST ,1,0
704,2026-01-10 01:00:00,CMP018,WEST ,1,0
705,2026-01-11 01:00:00,CMP018,NORTH,1,0
706,2026-01-11 01:00:00,CMP018,SOUTH,1,0
707,2026-01-11 01:00:00,CMP018,EAST,1,0
708,2026-01-11 01:00:00,CMP018,WEST,1,0
709,2026-01-12 01:00:00,CMP018,NORTH,1,0
710,2026-01-12 01:00:00,CMP018,SOUTH,1,0
711,2026-01-12 01:00:00,CMP018,EAST,1,0
712,2026-01-12 01:00:00,CMP018,WEST,1,0
713,2026-01-13 01:00:00,CMP018,NORTH ,1,0
714,2026-01-13 01:00:00,CMP018,SOUTH,1,0
715,2026-01-13 01:00:00,CMP018,EAST ,1,0
716,2026-01-13 01:00:00,CMP018, WEST,1,0
717,2026-01-14 01:00:00,CMP018,NORTH,1,0
718,2026-01-14 01:00:00,CMP018,SOUTH,1,0
719,2026-01-14 01:00:00,CMP018,EAST,1,0
720,2026-01-14 01:00:00,CMP018,WEST,1,0
721,2026-01-14 04:26:55,CMP018,WEST,1,0
722,2026-01-11 21:32:23,CMP016,SOUTH,1,0
723,2026-01-11 19:50:48,CMP018,SOUTH,1,0
724,2026-01-13 02:57:26,CMP017,NORTH,1,0
725,2026-01-10 23:40:34,CMP003,SOUTH,1,0
726,2026-01-12 12:47:50,CMP016,NORTH ,1,0
727,2026-01-13 14:54:24,CMP006,SOUTH,1,0
728,2026-01-07 01:12:04,CMP007,WEST,1,0
729,2026-01-05 21:12:36,CMP020, EAST,1,0
730,2026-01-08 22:32:27,CMP010,EAST,1,0
731,2026-01-07 18:25:05,CMP020,WEST,1,0
732,2026-01-13 04:07:03,CMP022,SOUTH ,1,0
733,2026-01-14 12:37:42,CMP007,SOUTH,1,0
734,2026-01-05 09:50:25,CMP024, WEST,1,0
735,2026-01-09 09:24:35,CMP012, NORTH,1,0
736,2026-01-13 13:07:21,CMP005,WEST ,1,0
737,2026-01-06 17:09:25,CMP008,NORTH,1,0
738,2026-01-12 17:14:51,CMP001,NORTH,1,0
739,2026-01-06 05:48:12,CMP005,EAST,1,0
740,2026-01-09 22:29:55,CMP025,WEST ,1,0
741,2026-01-13 10:29:41,CMP004,EAST,1,0
742,2026-01-08 17:40:21,CMP022,NORTH ,1,0
743,2026-01-08 20:48:34,CMP017,WEST,1,0
744,2026-01-07 08:20:12,CMP016, EAST,1,0
745,2026-01-12 20:34:55,CMP023,SOUTH,1,0
746,2026-01-07 01:48:29,CMP021,SOUTH,1,0
747,2026-01-14 07:09:51,CMP013,NORTH ,1,0
748,2026-01-09 16:58:39,CMP015,SOUTH,1,0
749,2026-01-09 18:06:43,CMP025,NORTH,1,0
750,2026-01-10 23:20:24,CMP023,SOUTH,1,0
751,2026-01-10 10:07:21,CMP009,SOUTH ,1,0
752,2026-01-10 00:24:30,CMP007, EAST,1,0
753,2026-01-10 10:39:31,CMP001,EAST ,1,0
754,2026-01-14 18:35:32,CMP012,SOUTH,1,0
755,2026-01-13 02:46:31,CMP016, SOUTH ,1,0
756,2026-01-12 04:13:38,CMP017,EAST,1,0
757,2026-01-12 09:55:05,CMP025,EAST,1,0
758,2026-01-11 11:02:19,CMP006,WEST,1,0
759,2026-01-08 10:29:58,CMP013,EAST,1,0
760,2026-01-14 12:32:35,CMP018,NORTH,1,0
761,2026-01-09 14:42:46,CMP003,EAST,1,0
762,2026-01-07 14:44:46,CMP007,NORTH,1,1
763,2026-01-13 09:52:00,CMP019, SOUTH,1,0
764,2026-01-06 23:44:55,CMP018,EAST ,1,0
765,2026-01-13 11:44:37,CMP006,NORTH,1,0
766,2026-01-11 16:29:51,CMP021,SOUTH,1,0
767,2026-01-06 15:58:56,CMP022,NORTH,1,1
768,2026-01-05 09:25:02,CMP011,SOUTH ,1,0
769,2026-01-09 15:22:47,CMP009,WEST,1,0
770,2026-01-05 17:09:37,CMP025,EAST,1,0
771,2026-01-06 11:33:14,CMP007,EAST,1,0
772,2026-01-10 11:12:05,CMP016,EAST,1,1
773,2026-01-14 14:20:29,CMP010,WEST ,1,0
774,2026-01-09 09:54:53,CMP019,WEST ,1,0
775,2026-01-13 18:10:53,CMP016, NORTH,1,0
776,2026-01-14 08:46:32,CMP001,WEST,1,0
777,2026-01-13 02:15:35,CMP002,SOUTH,1,0
778,2026-01-11 11:50:30,CMP003,WEST,1,0
779,2026-01-09 21:39:14,CMP025,NORTH,1,0
780,2026-01-10 06:44:54,CMP018,SOUTH ,1,0
781,2026-01-07 07:27:32,CMP009,SOUTH,1,0
782,2026-01-09 05:48:37,CMP024,WEST,1,0
783,2026-01-08 22:17:41,CMP008,SOUTH ,1,0
784,2026-01-07 03:33:47,CMP016,EAST,1,0
785,2026-01-14 10:37:38,CMP013,SOUTH ,1,0
786,2026-01-05 10:33:55,CMP023,NORTH,1,0
787,2026-01-05 13:32:15,CMP013,EAST,1,0
788,2026-01-06 07:02:17,CMP002,WEST,1,0
789,2026-01-14 18:18:45,CMP010, WEST,1,0
790,2026-01-11 20:05:11,CMP023,NORTH,1,0
791,2026-01-13 10:27:41,CMP010,WEST,1,0
792,2026-01-07 20:20:58,CMP022,EAST,1,0
793,2026-01-12 02:54:29,CMP001,SOUTH,1,0
794,2026-01-08 08:15:10,CMP016,EAST,1,0
795,2026-01-09 21:15:11,CMP004,EAST ,1,0
796,2026-01-05 14:51:33,CMP011,WEST,1,0
797,2026-01-11 04:06:31,CMP014,SOUTH,1,0
798,2026-01-13 21:39:17,CMP018,EAST,1,0
799,2026-01-11 21:03:37,CMP019,NORTH,1,0
800,2026-01-06 08:37:11,CMP007,WEST,1,0
801,2026-01-10 04:29:42,CMP018,SOUTH,1,0
802,2026-01-07 13:18:47,CMP017,NORTH,1,1
803,2026-01-14 14:03:52,CMP001,WEST,1,0
804,2026-01-13 10:38:43,CMP018,NORTH,1,0
805,2026-01-06 17:05:51,CMP024, NORTH ,1,0
806,2026-01-10 15:36:22,CMP014,NORTH,1,0
807,2026-01-14 18:51:09,CMP005,SOUTH,1,0
808,2026-01-13 23:02:04,CMP007,EAST ,1,0
809,2026-01-12 18:03:58,CMP020,EAST,1,0
810,2026-01-11 03:19:37,CMP001,SOUTH,1,0
811,2026-01-05 00:10:58,CMP005,WEST,1,0
812,2026-01-12 23:10:09,CMP005,NORTH,1,1
813,2026-01-09 19:21:57,CMP006,NORTH,1,0
814,2026-01-05 15:58:39,CMP021,NORTH,1,0
815,2026-01-07 06:04:15,CMP004,NORTH,1,0
816,2026-01-10 19:06:03,CMP006,EAST,1,0
817,2026-01-12 02:37:06,CMP023, EAST,1,0
818,2026-01-10 15:14:34,CMP002,SOUTH,1,0
819,2026-01-11 09:02:12,CMP008,EAST,1,0
820,2026-01-13 20:53:15,CMP007,WEST,1,0
821,2026-01-11 16:21:51,CMP020,WEST,1,0
822,2026-01-08 07:49:47,CMP013,SOUTH,1,0
823,2026-01-11 18:58:12,CMP004,EAST,1,0
824,2026-01-10 16:59:35,CMP015,WEST ,1,0
825,2026-01-06 06:02:29,CMP023,SOUTH ,1,0
826,2026-01-05 06:20:19,CMP022,WEST,1,1
827,2026-01-11 09:16:47,CMP024,EAST,1,0
828,2026-01-08 12:12:27,CMP022,SOUTH ,1,0
829,2026-01-10 06:38:31,CMP022,SOUTH,1,0
830,2026-01-08 16:21:20,CMP025,SOUTH,1,0
831,2026-01-07 12:35:05,CMP016,WEST,1,0
832,2026-01-06 04:49:37,CMP023, NORTH ,1,0
833,2026-01-08 16:51:41,CMP009,SOUTH,1,0
834,2026-01-13 01:28:04,CMP012,SOUTH,1,0
835,2026-01-09 22:18:06,CMP009,NORTH ,1,0
836,2026-01-08 18:58:57,CMP004,SOUTH,1,0
837,2026-01-10 02:10:26,CMP002,EAST,1,0
838,2026-01-14 19:24:52,CMP024,SOUTH,1,0
839,2026-01-08 07:58:42,CMP017,NORTH,1,0
840,2026-01-10 15:58:33,CMP006,NORTH,1,1
841,2026-01-09 05:39:49,CMP009,SOUTH ,1,0
842,2026-01-11 07:42:51,CMP016,SOUTH,1,0
843,2026-01-09 00:21:15,CMP004,SOUTH,1,0
844,2026-01-11 15:47:46,CMP007,NORTH,1,0
845,2026-01-10 14:08:55,CMP003,SOUTH ,1,0
846,2026-01-11 02:00:47,CMP021,WEST,1,1
847,2026-01-14 06:37:23,CMP010,SOUTH,1,0
848,2026-01-06 15:54:00,CMP006,EAST,1,0
849,2026-01-10 19:09:22,CMP005,EAST,1,0
850,2026-01-09 13:49:43,CMP011,NORTH,1,0
851,2026-01-08 03:56:42,CMP018,EAST,1,0
852,2026-01-07 14:48:46,CMP006,SOUTH ,1,1
853,2026-01-05 05:21:42,CMP006,SOUTH,1,0
854,2026-01-09 10:43:39,CMP022,SOUTH ,1,0
855,2026-01-13 11:30:00,CMP001,NORTH ,1,0
856,2026-01-05 05:24:13,CMP016,NORTH,1,0
857,2026-01-09 19:32:00,CMP001,EAST,1,0
858,2026-01-14 17:25:15,CMP016, SOUTH,1,0
859,2026-01-14 02:37:49,CMP007,NORTH,1,0
860,2026-01-07 11:08:20,CMP008,NORTH ,1,0
861,2026-01-05 02:44:46,CMP013,EAST,1,0
862,2026-01-11 17:53:20,CMP005,NORTH,1,0
863,2026-01-05 09:14:28,CMP019,WEST,1,0
864,2026-01-08 08:44:25,CMP022,EAST,1,0
865,2026-01-09 05:54:40,CMP011,EAST,1,0
866,2026-01-13 02:06:24,CMP020,SOUTH,1,0
867,2026-01-05 03:13:23,CMP020,NORTH,1,0
868,2026-01-11 13:01:08,CMP019,EAST,1,0
869,2026-01-10 17:24:47,CMP020,SOUTH,1,1
870,2026-01-06 14:56:46,CMP025,SOUTH,1,0
871,2026-01-13 05:25:24,CMP006,EAST,1,1
872,2026-01-13 22:07:21,CMP014,EAST,1,0
873,2026-01-09 15:37:39,CMP024,NORTH,1,0
874,2026-01-14 21:18:22,CMP005,SOUTH,1,0
875,2026-01-11 00:06:48,CMP009,EAST,1,1
876,2026-01-14 01:22:17,CMP016,SOUTH,1,0
877,2026-01-14 01:26:08,CMP003,NORTH,1,0
878,2026-01-10 18:31:27,CMP008,SOUTH,1,1
879,2026-01-07 08:48:00,CMP008,SOUTH ,1,0
880,2026-01-06 06:16:21,CMP013,SOUTH,1,0
881,2026-01-10 14:17:27,CMP014,NORTH,1,0
882,2026-01-06 16:43:57,CMP012,WEST ,1,0
883,2026-01-12 10:44:50,CMP021,EAST,1,1
884,2026-01-14 09:06:27,CMP015,NORTH,1,0
885,2026-01-07 09:18:37,CMP019,WEST,1,0
886,2026-01-10 07:43:47,CMP024,NORTH,1,1
887,2026-01-05 09:07:02,CMP015,SOUTH ,1,0
888,2026-01-06 11:43:07,CMP021, SOUTH ,1,0
889,2026-01-08 07:49:39,CMP012,WEST ,1,0
890,2026-01-13 12:43:57,CMP011,WEST ,1,0
891,2026-01-14 15:32:20,CMP002,EAST,1,0
892,2026-01-11 16:40:03,CMP021,WEST,1,0
893,2026-01-10 00:13:14,CMP003,WEST ,1,0
894,2026-01-10 15:18:33,CMP022, EAST ,1,0
895,2026-01-05 07:36:29,CMP004,WEST,1,0
896,2026-01-08 16:16:41,CMP020,SOUTH,1,1
897,2026-01-14 23:03:50,CMP025,SOUTH,1,0
898,2026-01-09 09:13:04,CMP014, EAST,1,0
899,2026-01-07 02:41:19,CMP020,WEST,1,0
900,2026-01-07 16:15:22,CMP023,WEST,1,0
901,2026-01-12 07:56:34,CMP022,WEST,1,0
902,2026-01-05 08:17:21,CMP013,NORTH,1,0
903,2026-01-14 14:47:21,CMP023, SOUTH ,1,0
904,2026-01-13 14:34:50,CMP003,EAST,1,0
905,2026-01-10 00:37:39,CMP003,WEST,1,1
906,2026-01-09 11:01:43,CMP007,EAST,1,0
907,2026-01-12 09:04:52,CMP025, WEST ,1,0
908,2026-01-10 13:30:25,CMP017, SOUTH,1,0
909,2026-01-09 15:03:12,CMP005,EAST,1,0
910,2026-01-08 00:25:15,CMP010,NORTH,1,0
911,2026-01-09 01:28:50,CMP001,SOUTH,1,0
912,2026-01-12 11:58:15,CMP011,EAST,1,0
913,2026-01-05 20:09:39,CMP016,NORTH ,1,0
914,2026-01-05 05:16:45,CMP011,NORTH,1,0
915,2026-01-12 02:47:39,CMP013,NORTH ,1,0
916,2026-01-08 09:15:34,CMP005,SOUTH ,1,0
917,2026-01-13 06:24:02,CMP002,SOUTH,1,0
918,2026-01-05 01:46:13,CMP003,EAST,1,0
919,2026-01-14 22:16:02,CMP017,EAST,1,0
920,2026-01-06 15:45:56,CMP002,WEST,1,0
921,2026-01-09 19:02:15,CMP005,EAST,1,0
922,2026-01-14 21:26:40,CMP017,NORTH,1,0
923,2026-01-06 15:13:27,CMP020,SOUTH,1,0
924,2026-01-11 08:30:37,CMP009,NORTH,1,0
925,2026-01-12 00:00:51,CMP013,EAST ,1,0
926,2026-01-09 02:31:17,CMP012,EAST,1,0
927,2026-01-05 07:32:35,CMP020,WEST,1,0
928,2026-01-10 14:53:11,CMP024,WEST,1,1
929,2026-01-09 15:49:40,CMP021,WEST,1,0
930,2026-01-13 03:02:55,CMP016,NORTH,1,0
931,2026-01-11 06:14:45,CMP019,NORTH,1,0
932,2026-01-08 21:23:56,CMP021,EAST,1,0
933,2026-01-05 07:01:36,CMP022,WEST,1,0
934,2026-01-10 02:56:20,CMP020,NORTH,1,0
935,2026-01-07 05:53:27,CMP018, WEST,1,0
936,2026-01-11 08:41:05,CMP024,EAST,1,1
937,2026-01-13 11:55:07,CMP010,EAST,1,0
938,2026-01-08 11:52:18,CMP002,NORTH,1,1
939,2026-01-14 02:33:08,CMP013,SOUTH,1,0
940,2026-01-10 02:49:44,CMP010, EAST,1,0
941,2026-01-10 04:56:29,CMP002,EAST,1,1
942,2026-01-12 07:38:59,CMP024,SOUTH ,1,0
943,2026-01-12 23:11:26,CMP025,EAST ,1,0
944,2026-01-14 06:36:24,CMP012,EAST,1,0
945,2026-01-14 08:29:37,CMP019,EAST,1,1
946,2026-01-06 17:07:09,CMP024,SOUTH,1,0
947,2026-01-09 08:07:54,CMP012,WEST,1,1
948,2026-01-14 23:40:14,CMP005,NORTH,1,0
949,2026-01-08 11:42:12,CMP003,NORTH,1,0
950,2026-01-05 08:42:29,CMP002,NORTH,1,0
951,2026-01-10 18:30:58,CMP002,NORTH,1,1
952,2026-01-12 18:58:38,CMP023,SOUTH,1,1
953,2026-01-12 15:53:10,CMP018,EAST,1,1
954,2026-01-13 03:22:05,CMP011,NORTH,1,0
955,2026-01-11 07:03:40,CMP025,SOUTH,1,0
956,2026-01-06 13:55:04,CMP013,NORTH,1,0
957,2026-01-13 08:52:30,CMP010,WEST ,1,0
958,2026-01-09 10:23:06,CMP024,EAST,1,0
959,2026-01-13 06:48:21,CMP019,EAST,1,0
960,2026-01-13 06:54:59,CMP006,SOUTH,1,0
961,2026-01-14 11:35:12,CMP018,EAST,1,0
962,2026-01-05 19:43:15,CMP025,WEST,1,0
963,2026-01-13 08:46:27,CMP010,WEST,1,0
964,2026-01-11 17:54:50,CMP010,SOUTH,1,0
965,2026-01-09 23:33:34,CMP014,SOUTH,1,0
966,2026-01-12 03:12:57,CMP007,EAST ,1,0
967,2026-01-14 22:12:06,CMP024,EAST,1,0
968,2026-01-10 07:01:03,CMP006,EAST,1,0
969,2026-01-05 02:19:32,CMP021, NORTH,1,0
970,2026-01-12 19:40:05,CMP013,WEST,1,0
971,2026-01-07 00:11:07,CMP017,NORTH ,1,0
972,2026-01-07 23:49:06,CMP012, EAST,1,1
973,2026-01-06 04:57:54,CMP018,WEST ,1,0
974,2026-01-06 14:40:39,CMP023,NORTH,1,1
975,2026-01-14 05:59:07,CMP014,WEST,1,0
976,2026-01-08 20:55:14,CMP002,SOUTH,1,0
977,2026-01-06 16:57:12,CMP019,WEST,1,0
978,2026-01-06 23:37:16,CMP002,NORTH,1,0
979,2026-01-08 18:57:08,CMP015,WEST,1,0
980,2026-01-08 17:46:23,CMP004,EAST,1,0
981,2026-01-08 22:39:14,CMP021,EAST ,1,0
982,2026-01-14 15:28:24,CMP016,NORTH,1,0
983,2026-01-13 05:05:38,CMP017,SOUTH,1,0
984,2026-01-10 05:18:35,CMP020,EAST ,1,1
985,2026-01-14 15:44:03,CMP007,NORTH,1,0
986,2026-01-08 08:53:24,CMP012,NORTH ,1,0
987,2026-01-06 18:11:33,CMP005,EAST,1,0
988,2026-01-07 14:57:55,CMP016,WEST,1,0
989,2026-01-05 00:55:20,CMP011,NORTH ,1,0
990,2026-01-14 22:14:01,CMP017,NORTH,1,0
991,2026-01-07 23:21:00,CMP016,SOUTH,1,1
992,2026-01-09 07:14:39,CMP001,EAST,1,0
993,2026-01-07 06:48:24,CMP006,SOUTH,1,0
994,2026-01-14 09:29:06,CMP007,EAST ,1,0
995,2026-01-06 19:28:46,CMP010,WEST,1,0
996,2026-01-10 00:32:01,CMP025,SOUTH,1,0
997,2026-01-14 04:18:15,CMP012,EAST,1,0
998,2026-01-10 16:43:17,CMP009,EAST,1,0
999,2026-01-13 10:00:38,CMP022,WEST,1,0
1000,2026-01-13 10:38:44,CMP024,SOUTH,1,0
1001,2026-01-12 22:29:49,CMP008,NORTH,1,0
1002,2026-01-12 19:08:44,CMP013,SOUTH,1,0
1003,2026-01-10 02:40:35,CMP004,NORTH,1,0
1004,2026-01-10 05:36:27,CMP006,SOUTH ,1,0
1005,2026-01-13 06:15:59,CMP014,WEST,1,0
1006,2026-01-09 15:49:53,CMP001,NORTH,1,0
1007,2026-01-14 10:18:29,CMP019,NORTH ,1,0
1008,2026-01-13 16:09:15,CMP006,EAST ,1,0
1009,2026-01-08 05:23:32,CMP013,NORTH,1,0
1010,2026-01-09 11:08:37,CMP009,NORTH ,1,0
1011,2026-01-12 08:46:10,CMP007,EAST,1,0
1012,2026-01-14 04:31:35,CMP011,NORTH,1,0
1013,2026-01-05 04:53:50,CMP018, EAST,1,0
1014,2026-01-05 09:40:10,CMP012,NORTH,1,0
1015,2026-01-07 16:15:07,CMP018,NORTH,1,0
1016,2026-01-09 17:52:51,CMP014, WEST,1,0
1017,2026-01-06 18:34:23,CMP019,EAST,1,1
1018,2026-01-10 04:32:25,CMP012,EAST ,1,0
1019,2026-01-10 13:53:05,CMP015,EAST,1,0
1020,2026-01-14 02:09:39,CMP001,SOUTH,1,0
1021,2026-01-12 03:10:40,CMP005,EAST,1,1
1022,2026-01-07 11:06:24,CMP007,EAST,1,0
1023,2026-01-12 16:46:09,CMP015,NORTH,1,0
1024,2026-01-13 05:37:42,CMP025,WEST,1,0
1025,2026-01-11 04:05:26,CMP004,EAST ,1,0
1026,2026-01-11 19:12:47,CMP001,EAST,1,0
1027,2026-01-08 14:23:11,CMP017,WEST,1,0
1028,2026-01-12 19:36:50,CMP019,EAST,1,0
1029,2026-01-06 02:06:09,CMP023,WEST,1,0
1030,2026-01-11 22:41:12,CMP012,SOUTH,1,0
1031,2026-01-14 19:22:41,CMP020,NORTH,1,0
1032,2026-01-14 20:09:15,CMP018,EAST,1,0
1033,2026-01-07 02:27:18,CMP001,WEST,1,0
1034,2026-01-08 15:32:19,CMP009,WEST ,1,0
1035,2026-01-11 12:59:04,CMP018,EAST,1,0
1036,2026-01-08 04:29:21,CMP010,EAST,1,0
1037,2026-01-12 21:58:28,CMP015,WEST,1,0
1038,2026-01-07 19:45:07,CMP013,SOUTH ,1,0
1039,2026-01-06 19:53:40,CMP017,WEST,1,0
1040,2026-01-05 17:28:27,CMP023,WEST,1,0
1041,2026-01-09 04:15:27,CMP022,WEST,1,0
1042,2026-01-07 17:55:29,CMP009,NORTH ,1,0
1043,2026-01-07 11:04:28,CMP012,SOUTH,1,0
1044,2026-01-14 16:44:18,CMP003,NORTH,1,0
1045,2026-01-13 14:16:46,CMP021,SOUTH ,1,0
1046,2026-01-13 19:55:14,CMP001, WEST,1,0
1047,2026-01-10 12:27:07,CMP012,WEST ,1,0
1048,2026-01-06 07:08:53,CMP023,WEST,1,0
1049,2026-01-12 15:53:17,CMP024,NORTH,1,0
1050,2026-01-11 16:08:19,CMP008,NORTH,1,0
1051,2026-01-14 06:59:00,CMP024,EAST,1,0
1052,2026-01-09 12:24:54,CMP003,NORTH,1,0
1053,2026-01-06 15:57:52,CMP018, WEST,1,0
1054,2026-01-10 08:06:29,CMP015,NORTH,1,0
1055,2026-01-09 04:05:32,CMP021,EAST,1,0
1056,2026-01-11 07:50:38,CMP022,EAST,1,0
1057,2026-01-08 20:02:06,CMP011,SOUTH,1,0
1058,2026-01-08 03:43:52,CMP015,NORTH,1,0
1059,2026-01-06 09:26:36,CMP019,WEST,1,0
1060,2026-01-14 11:47:48,CMP004,EAST,1,0
1061,2026-01-12 19:04:06,CMP016,EAST ,1,0
1062,2026-01-09 08:50:57,CMP011,EAST ,1,0
1063,2026-01-07 23:51:49,CMP010,EAST,1,0
1064,2026-01-11 10:06:59,CMP007,NORTH,1,0
1065,2026-01-09 11:05:55,CMP012,SOUTH,1,0
1066,2026-01-11 20:26:24,CMP001,WEST,1,0
1067,2026-01-05 10:49:02,CMP016,NORTH,1,0
1068,2026-01-06 16:21:22,CMP025,SOUTH,1,0
1069,2026-01-12 08:27:34,CMP012,WEST,1,1
1070,2026-01-05 16:19:33,CMP012,EAST,1,1
1071,2026-01-11 14:19:37,CMP012,EAST,1,0
1072,2026-01-09 23:37:01,CMP004,SOUTH,1,0
1073,2026-01-05 09:33:56,CMP014, SOUTH ,1,0
1074,2026-01-12 05:13:40,CMP023,SOUTH,1,0
1075,2026-01-11 03:20:46,CMP022,WEST,1,0
1076,2026-01-13 12:11:22,CMP025,SOUTH ,1,0
1077,2026-01-13 12:01:03,CMP005,EAST,1,0
1078,2026-01-12 02:13:13,CMP021,NORTH,1,0
1079,2026-01-13 00:16:44,CMP013,WEST,1,0
1080,2026-01-06 09:25:37,CMP007,SOUTH,1,0
1081,2026-01-14 00:50:38,CMP020,WEST,1,0
1082,2026-01-14 22:48:30,CMP005,SOUTH,1,1
1083,2026-01-11 18:58:05,CMP012,EAST,1,0
1084,2026-01-13 02:03:43,CMP014,SOUTH ,1,0
1085,2026-01-12 18:41:07,CMP014,SOUTH,1,0
1086,2026-01-13 18:11:07,CMP015,NORTH,1,0
1087,2026-01-13 17:24:41,CMP003,EAST,1,0
1088,2026-01-10 20:46:13,CMP022,SOUTH,1,0
1089,2026-01-13 16:57:48,CMP005,NORTH,1,0
1090,2026-01-14 12:12:52,CMP025,EAST,1,0
1091,2026-01-07 17:24:19,CMP024,EAST,1,0
1092,2026-01-05 19:08:33,CMP023,WEST,1,0
1093,2026-01-06 14:00:16,CMP008,WEST,1,0
1094,2026-01-05 10:35:06,CMP009,NORTH ,1,0
1095,2026-01-09 13:45:01,CMP020,NORTH,1,0
1096,2026-01-05 08:28:49,CMP015, WEST ,1,0
1097,2026-01-07 09:42:53,CMP025,WEST ,1,0
1098,2026-01-07 12:08:15,CMP004,EAST,1,0
1099,2026-01-12 17:58:34,CMP015,EAST,1,0
1100,2026-01-07 04:40:25,CMP013, NORTH,1,0
1101,2026-01-14 10:22:29,CMP024,EAST ,1,1
1102,2026-01-06 07:22:46,CMP002,NORTH,1,0
1103,2026-01-14 03:42:52,CMP011,WEST,1,0
1104,2026-01-10 07:19:44,CMP003,WEST,1,1
1105,2026-01-07 07:14:22,CMP019,NORTH ,1,0
1106,2026-01-05 23:43:18,CMP004,NORTH,1,0
1107,2026-01-08 09:18:02,CMP025,WEST,1,0
1108,2026-01-10 08:02:38,CMP008,NORTH,1,1
1109,2026-01-06 09:29:12,CMP011,WEST,1,0
1110,2026-01-06 05:29:34,CMP008,EAST,1,0
1111,2026-01-06 21:54:45,CMP009,EAST,1,0
1112,2026-01-11 22:33:15,CMP018,EAST,1,0
1113,2026-01-05 09:25:12,CMP010,SOUTH ,1,0
1114,2026-01-05 03:19:33,CMP002,WEST,1,0
1115,2026-01-09 00:27:21,CMP004,SOUTH,1,0
1116,2026-01-08 23:10:45,CMP003,EAST,1,0
1117,2026-01-10 19:56:53,CMP025,EAST,1,0
1118,2026-01-14 20:28:46,CMP017,SOUTH,1,0
1119,2026-01-13 14:03:42,CMP024,NORTH,1,0
1120,2026-01-10 15:31:45,CMP017, SOUTH ,1,1
1121,2026-01-11 18:25:14,CMP018,EAST,1,0
1122,2026-01-13 10:16:02,CMP018,NORTH,1,0
1123,2026-01-09 19:49:28,CMP023,WEST,1,0
1124,2026-01-11 04:44:01,CMP019,EAST,1,0
1125,2026-01-07 10:40:46,CMP012,EAST ,1,1
1126,2026-01-11 02:32:55,CMP017,WEST,1,0
1127,2026-01-07 18:35:30,CMP010, NORTH ,1,0
1128,2026-01-06 02:29:17,CMP014,NORTH,1,0
1129,2026-01-12 12:03:46,CMP004,SOUTH,1,0
1130,2026-01-10 08:22:45,CMP019,SOUTH,1,0
1131,2026-01-08 23:51:39,CMP001,NORTH ,1,0
1132,2026-01-05 09:46:17,CMP003,SOUTH,1,0
1133,2026-01-07 03:23:40,CMP007,WEST,1,0
1134,2026-01-13 22:10:08,CMP006,NORTH,1,0
1135,2026-01-09 13:14:40,CMP020,WEST,1,1
1136,2026-01-14 12:52:10,CMP019,EAST,1,0
1137,2026-01-14 15:12:37,CMP006,WEST,1,0
1138,2026-01-13 23:46:30,CMP005,WEST,1,0
1139,2026-01-05 00:37:08,CMP009,EAST,1,0
1140,2026-01-05 17:18:04,CMP014,SOUTH,1,0
1141,2026-01-10 10:54:46,CMP018,WEST,1,0
1142,2026-01-08 03:30:39,CMP007,EAST ,1,0
1143,2026-01-13 21:45:24,CMP018,EAST,1,0
1144,2026-01-08 13:17:08,CMP011,WEST,1,0
1145,2026-01-06 21:56:05,CMP002,WEST ,1,0
1146,2026-01-06 03:49:29,CMP021,SOUTH,1,0
1147,2026-01-08 16:12:30,CMP009,NORTH ,1,0
1148,2026-01-11 00:56:27,CMP017,WEST,1,0
1149,2026-01-06 23:38:34,CMP008,NORTH ,1,0
1150,2026-01-12 22:39:03,CMP012,EAST,1,0
1151,2026-01-08 21:12:57,CMP017,EAST,1,0
1152,2026-01-08 08:06:30,CMP007,EAST,1,0
1153,2026-01-11 16:44:01,CMP002,SOUTH ,1,0
1154,2026-01-13 04:33:00,CMP021,NORTH,1,0
1155,2026-01-09 20:10:11,CMP003,EAST,1,0
1156,2026-01-12 02:26:34,CMP017,SOUTH,1,0
1157,2026-01-08 17:38:08,CMP015,WEST,1,0
1158,2026-01-06 15:39:04,CMP011,NORTH ,1,0
1159,2026-01-13 07:04:10,CMP005,SOUTH ,1,0
1160,2026-01-12 11:04:03,CMP022,WEST,1,1
1161,2026-01-12 11:23:54,CMP010, EAST,1,0
1162,2026-01-13 00:16:48,CMP018,WEST,1,0
1163,2026-01-09 01:15:37,CMP022,NORTH,1,0
1164,2026-01-06 17:09:51,CMP025,NORTH,1,0
1165,2026-01-10 16:28:42,CMP020,SOUTH,1,0
1166,2026-01-10 06:09:37,CMP017,EAST,1,0
1167,2026-01-08 10:43:06,CMP025,WEST,1,0
1168,2026-01-11 18:44:00,CMP023,NORTH ,1,0
1169,2026-01-07 16:17:59,CMP001,EAST,1,0
1170,2026-01-11 11:43:35,CMP014,WEST,1,0
1171,2026-01-12 20:44:24,CMP008,SOUTH,1,0
1172,2026-01-05 12:51:14,CMP018,EAST,1,0
1173,2026-01-09 00:07:49,CMP004,WEST,1,0
1174,2026-01-11 10:58:21,CMP022,WEST,1,0
1175,2026-01-05 05:49:52,CMP025,WEST ,1,0
1176,2026-01-11 16:13:24,CMP003,EAST,1,0
1177,2026-01-14 02:31:07,CMP019,EAST,1,0
1178,2026-01-13 23:45:39,CMP012,NORTH ,1,0
1179,2026-01-11 14:34:50,CMP025,SOUTH,1,1
1180,2026-01-13 19:08:56,CMP016,SOUTH ,1,0
1181,2026-01-08 11:02:55,CMP024,WEST,1,0
1182,2026-01-08 01:39:30,CMP002,EAST,1,0
1183,2026-01-05 10:27:48,CMP016,NORTH,1,0
1184,2026-01-12 11:52:30,CMP020, WEST,1,0
1185,2026-01-08 10:03:07,CMP002,NORTH,1,0
1186,2026-01-13 05:37:22,CMP018,SOUTH ,1,0
1187,2026-01-09 04:58:38,CMP022,EAST,1,1
1188,2026-01-13 02:27:27,CMP024, NORTH,1,0
1189,2026-01-06 11:56:34,CMP014,NORTH ,1,1
1190,2026-01-06 04:41:03,CMP010,SOUTH ,1,0
1191,2026-01-08 15:01:20,CMP022,NORTH,1,1
1192,2026-01-05 05:57:17,CMP012,NORTH,1,0
1193,2026-01-09 10:26:40,CMP009,SOUTH,1,0
1194,2026-01-11 23:02:00,CMP023,NORTH ,1,0
1195,2026-01-11 12:34:33,CMP020,SOUTH,1,0
1196,2026-01-07 17:52:36,CMP011, SOUTH,1,0
1197,2026-01-06 16:21:44,CMP002,SOUTH,1,0
1198,2026-01-10 20:28:16,CMP021,NORTH,1,0
1199,2026-01-11 01:20:31,CMP006,EAST,1,0
1200,2026-01-14 16:46:18,CMP011,EAST,1,0
1201,2026-01-13 05:42:47,CMP002, EAST ,1,0
1202,2026-01-08 07:34:32,CMP009,WEST,1,0
1203,2026-01-06 21:44:14,CMP023,EAST,1,0
1204,2026-01-07 09:23:11,CMP007,WEST,1,0
1205,2026-01-13 12:22:15,CMP002,NORTH,1,0
1206,2026-01-09 10:34:34,CMP006,NORTH,1,0
1207,2026-01-14 02:34:26,CMP005, WEST,1,0
1208,2026-01-11 07:02:30,CMP011,EAST ,1,0
1209,2026-01-10 03:37:21,CMP004,WEST,1,0
1210,2026-01-06 10:06:52,CMP005,EAST,1,1
1211,2026-01-10 00:03:33,CMP007,WEST,1,0
1212,2026-01-08 18:30:30,CMP021,NORTH,1,1
1213,2026-01-13 12:50:56,CMP008,NORTH,1,0
1214,2026-01-06 01:49:00,CMP025,EAST,1,0
1215,2026-01-06 23:47:30,CMP019,EAST,1,0
1216,2026-01-11 06:38:16,CMP003,NORTH,1,0
1217,2026-01-11 08:21:32,CMP010,WEST,1,0
1218,2026-01-13 11:29:47,CMP002,SOUTH ,1,0
1219,2026-01-10 12:50:21,CMP005,SOUTH,1,0
1220,2026-01-08 16:13:45,CMP001,SOUTH,1,0
1221,2026-01-08 12:46:01,CMP010,EAST,1,0
1222,2026-01-08 15:30:08,CMP024,WEST ,1,0
1223,2026-01-11 07:26:23,CMP025,SOUTH,1,0
1224,2026-01-10 17:23:58,CMP002,NORTH ,1,0
1225,2026-01-07 20:27:52,CMP009,EAST,1,0
1226,2026-01-07 02:31:34,CMP018,EAST ,1,0
1227,2026-01-12 02:51:00,CMP019,NORTH,1,1
1228,2026-01-07 04:20:17,CMP008,EAST ,1,0
1229,2026-01-07 07:57:20,CMP013,NORTH,1,0
1230,2026-01-08 07:24:55,CMP005,SOUTH,1,0
1231,2026-01-13 18:42:53,CMP014,NORTH,1,0
1232,2026-01-09 06:45:37,CMP007,WEST,1,0
1233,2026-01-10 21:17:30,CMP005,EAST ,1,0
1234,2026-01-05 18:08:03,CMP018,SOUTH,1,0
1235,2026-01-08 22:33:31,CMP004,EAST,1,1
1236,2026-01-12 23:50:22,CMP001,SOUTH,1,1
1237,2026-01-12 01:42:07,CMP012,WEST,1,0
1238,2026-01-10 16:23:41,CMP022,EAST,1,0
1239,2026-01-13 20:48:19,CMP010,NORTH,1,1
1240,2026-01-07 00:47:35,CMP015,SOUTH,1,0
1241,2026-01-06 03:56:57,CMP005,SOUTH ,1,0
1242,2026-01-05 07:08:32,CMP006, EAST,1,1
1243,2026-01-06 04:57:22,CMP005,WEST,1,0
1244,2026-01-12 19:16:21,CMP006,NORTH,1,1
1245,2026-01-14 03:11:47,CMP016,NORTH,1,0
1246,2026-01-06 22:11:02,CMP017,NORTH,1,0
1247,2026-01-10 08:34:56,CMP009,WEST,1,0
1248,2026-01-06 14:16:40,CMP016,EAST,1,0
1249,2026-01-13 09:48:06,CMP010,SOUTH ,1,0
1250,2026-01-06 08:22:18,CMP008,SOUTH,1,0
1251,2026-01-11 20:45:19,CMP005,EAST,1,1
1252,2026-01-05 08:31:22,CMP009, WEST ,1,0
1253,2026-01-12 23:28:46,CMP008,NORTH,1,0
1254,2026-01-14 15:12:09,CMP012, NORTH,1,0
1255,2026-01-12 08:37:47,CMP022,EAST,1,0
1256,2026-01-07 20:44:26,CMP023,NORTH ,1,0
1257,2026-01-13 06:39:54,CMP006,WEST,1,0
1258,2026-01-08 08:10:47,CMP014, WEST,1,0
1259,2026-01-12 21:19:57,CMP003,WEST ,1,0
1260,2026-01-13 04:34:36,CMP022,SOUTH ,1,0
1261,2026-01-09 21:12:10,CMP009,NORTH,1,0
1262,2026-01-11 00:04:01,CMP017,NORTH ,1,0
1263,2026-01-13 00:12:56,CMP023,EAST ,1,0
1264,2026-01-06 03:17:57,CMP015,NORTH,1,0
1265,2026-01-05 14:45:43,CMP023,WEST,1,0
1266,2026-01-09 20:25:42,CMP013,WEST,1,0
1267,2026-01-06 20:18:04,CMP024,NORTH ,1,0
1268,2026-01-13 14:59:24,CMP018,SOUTH,1,0
1269,2026-01-13 15:22:53,CMP016,WEST,1,0
1270,2026-01-08 23:46:31,CMP013,EAST,1,0
1271,2026-01-08 22:46:19,CMP025,NORTH,1,0
1272,2026-01-12 01:40:01,CMP019,WEST,1,0
1273,2026-01-09 13:27:27,CMP015,WEST,1,0
1274,2026-01-05 08:47:03,CMP005,EAST,1,0
1275,2026-01-11 03:13:32,CMP021,NORTH,1,0
1276,2026-01-12 19:05:49,CMP009,WEST,1,0
1277,2026-01-05 13:00:56,CMP003,SOUTH ,1,0
1278,2026-01-12 15:52:08,CMP022,WEST,1,0
1279,2026-01-10 12:23:25,CMP018,WEST ,1,0
1280,2026-01-13 01:36:00,CMP010,SOUTH,1,0
1281,2026-01-13 20:48:00,CMP014,WEST ,1,0
1282,2026-01-11 09:38:04,CMP022,WEST ,1,0
1283,2026-01-08 05:16:08,CMP007,NORTH,1,0
1284,2026-01-08 15:18:11,CMP024,EAST,1,0
1285,2026-01-12 07:17:46,CMP003,EAST,1,0
1286,2026-01-05 16:30:21,CMP015,NORTH,1,0
1287,2026-01-07 12:15:31,CMP018,WEST,1,0
1288,2026-01-10 10:50:26,CMP003,NORTH,1,0
1289,2026-01-14 02:23:55,CMP008,EAST ,1,0
1290,2026-01-12 04:30:57,CMP019, SOUTH,1,0
1291,2026-01-13 20:44:58,CMP016, WEST,1,0
1292,2026-01-06 23:10:56,CMP017, NORTH,1,0
1293,2026-01-07 13:15:39,CMP017,SOUTH ,1,0
1294,2026-01-07 11:11:45,CMP008,WEST,1,0
1295,2026-01-12 04:18:32,CMP001,SOUTH,1,0
1296,2026-01-10 17:12:58,CMP022,EAST,1,0
1297,2026-01-07 15:33:06,CMP004,SOUTH,1,0
1298,2026-01-12 12:50:09,CMP013,NORTH,1,0
1299,2026-01-11 06:26:29,CMP022,NORTH,1,0
1300,2026-01-13 01:56:11,CMP002,WEST,1,0
1301,2026-01-10 23:15:50,CMP018,WEST,1,0
1302,2026-01-06 05:40:50,CMP002,EAST,1,0
1303,2026-01-13 15:40:36,CMP003,EAST ,1,0
1304,2026-01-06 01:30:45,CMP006, SOUTH,1,0
1305,2026-01-05 16:23:31,CMP010,EAST ,1,1
1306,2026-01-12 04:34:43,CMP016,NORTH,1,0
1307,2026-01-09 16:46:57,CMP009,NORTH,1,0
1308,2026-01-11 04:48:16,CMP021,SOUTH,1,0
1309,2026-01-06 11:53:28,CMP002,WEST,1,0
1310,2026-01-12 09:57:23,CMP003,WEST,1,0
1311,2026-01-09 12:17:50,CMP006,EAST,1,0
1312,2026-01-14 07:43:14,CMP001,EAST,1,0
1313,2026-01-11 08:06:32,CMP007,WEST,1,0
1314,2026-01-14 08:42:04,CMP016,SOUTH ,1,0
1315,2026-01-12 15:17:33,CMP017,SOUTH,1,0
1316,2026-01-13 19:36:19,CMP011,EAST ,1,0
1317,2026-01-05 08:47:06,CMP008,EAST,1,0
1318,2026-01-12 00:30:45,CMP012, EAST,1,0
1319,2026-01-11 04:40:19,CMP015,NORTH,1,0
1320,2026-01-08 02:28:53,CMP021,EAST ,1,0
1321,2026-01-08 15:05:11,CMP004,SOUTH,1,0
1322,2026-01-11 19:23:14,CMP023,NORTH,1,0
1323,2026-01-06 05:05:30,CMP010,WEST,1,0
1324,2026-01-06 12:48:54,CMP025,NORTH ,1,1
1325,2026-01-13 11:27:43,CMP008,NORTH,1,0
1326,2026-01-12 10:32:00,CMP020,NORTH ,1,0
1327,2026-01-10 21:14:46,CMP012,EAST,1,0
1328,2026-01-12 06:24:56,CMP001,WEST,1,0
1329,2026-01-08 14:58:08,CMP001,SOUTH,1,0
1330,2026-01-12 13:00:56,CMP004,NORTH,1,0
1331,2026-01-07 21:00:35,CMP015,SOUTH,1,0
1332,2026-01-09 05:19:03,CMP015,SOUTH,1,0
1333,2026-01-06 22:24:25,CMP005,NORTH,1,0
1334,2026-01-08 20:36:02,CMP024, EAST,1,0
1335,2026-01-08 10:45:36,CMP009,EAST,1,0
1336,2026-01-09 19:46:37,CMP003,SOUTH,1,0
1337,2026-01-09 15:32:07,CMP015,SOUTH,1,0
1338,2026-01-05 07:43:27,CMP013, WEST,1,0
1339,2026-01-08 20:28:45,CMP003,EAST,1,0
1340,2026-01-13 00:35:16,CMP010,NORTH,1,0
1341,2026-01-09 03:20:55,CMP016,WEST,1,0
1342,2026-01-10 21:18:14,CMP011,NORTH,1,0
1343,2026-01-06 19:02:10,CMP010,WEST,1,0
1344,2026-01-08 07:10:05,CMP007,NORTH ,1,0
1345,2026-01-14 23:39:27,CMP010,EAST,1,0
1346,2026-01-10 15:45:54,CMP007,SOUTH,1,0
1347,2026-01-05 05:49:31,CMP005,WEST,1,1
1348,2026-01-12 20:35:44,CMP006,SOUTH,1,0
1349,2026-01-12 23:48:04,CMP003,NORTH,1,0
1350,2026-01-08 19:09:38,CMP003, SOUTH,1,0
1351,2026-01-05 14:59:50,CMP008,SOUTH ,1,0
1352,2026-01-13 20:42:00,CMP014,EAST,1,0
1353,2026-01-07 19:20:21,CMP002,NORTH,1,0
1354,2026-01-14 11:44:21,CMP012,SOUTH,1,0
1355,2026-01-08 18:12:03,CMP017,WEST,1,0
1356,2026-01-08 20:12:54,CMP018,EAST ,1,0
1357,2026-01-12 00:47:37,CMP012,NORTH ,1,0
1358,2026-01-06 11:04:03,CMP016,NORTH,1,0
1359,2026-01-05 22:27:51,CMP014,EAST,1,0
1360,2026-01-12 06:19:53,CMP024,EAST,1,0
1361,2026-01-14 14:44:56,CMP022,NORTH,1,0
1362,2026-01-14 11:32:35,CMP009,WEST,1,0
1363,2026-01-06 14:04:29,CMP002,NORTH,1,0
1364,2026-01-06 08:02:58,CMP023, WEST,1,1
1365,2026-01-08 15:17:34,CMP001,NORTH,1,0
1366,2026-01-12 18:24:41,CMP010,EAST ,1,1
1367,2026-01-14 17:42:56,CMP007,WEST ,1,0
1368,2026-01-13 19:57:39,CMP017,WEST,1,0
1369,2026-01-08 06:04:03,CMP001,WEST,1,0
1370,2026-01-14 03:23:16,CMP021,NORTH,1,0
1371,2026-01-07 13:00:24,CMP016,EAST,1,0
1372,2026-01-06 03:56:46,CMP010,SOUTH,1,1
1373,2026-01-09 15:04:05,CMP001,SOUTH,1,0
1374,2026-01-05 09:12:28,CMP012,SOUTH,1,0
1375,2026-01-11 17:14:42,CMP014,SOUTH,1,0
1376,2026-01-14 11:07:07,CMP016,EAST,1,1
1377,2026-01-06 13:29:23,CMP010,NORTH,1,0
1378,2026-01-06 22:57:06,CMP003,WEST,1,0
1379,2026-01-06 15:04:44,CMP005,SOUTH ,1,0
1380,2026-01-06 22:36:02,CMP014,SOUTH,1,0
1381,2026-01-10 05:49:37,CMP006,WEST,1,0
1382,2026-01-10 23:12:32,CMP003,NORTH,1,0
1383,2026-01-14 05:09:23,CMP010,EAST ,1,0
1384,2026-01-09 17:30:50,CMP006,EAST,1,0
1385,2026-01-14 01:06:15,CMP010,WEST,1,0
1386,2026-01-12 16:15:12,CMP016,NORTH ,1,0
1387,2026-01-13 21:08:16,CMP005,NORTH,1,0
1388,2026-01-06 06:29:21,CMP025, WEST,1,0
1389,2026-01-09 03:46:20,CMP004, EAST,1,0
1390,2026-01-14 08:56:37,CMP025,NORTH ,1,0
1391,2026-01-12 01:36:07,CMP010,WEST,1,0
1392,2026-01-07 00:03:51,CMP007,SOUTH,1,0
1393,2026-01-13 10:15:29,CMP018, SOUTH,1,0
1394,2026-01-12 19:59:27,CMP004,NORTH,1,0
1395,2026-01-06 09:40:40,CMP016,EAST,1,1
1396,2026-01-05 06:37:33,CMP013,SOUTH,1,0
1397,2026-01-07 05:23:29,CMP021,EAST,1,0
1398,2026-01-09 01:54:09,CMP012,EAST,1,0
1399,2026-01-06 09:27:51,CMP006, EAST,1,0
1400,2026-01-05 07:34:27,CMP010,SOUTH,1,0
1401,2026-01-06 10:46:40,CMP003,SOUTH,1,0
1402,2026-01-08 07:45:21,CMP020, NORTH,1,0
1403,2026-01-08 14:10:40,CMP004,SOUTH ,1,0
1404,2026-01-08 17:22:32,CMP018,EAST,1,0
1405,2026-01-09 00:17:13,CMP010,WEST,1,0
1406,2026-01-12 00:08:13,CMP015,EAST,1,0
1407,2026-01-07 06:38:32,CMP011,NORTH,1,0
1408,2026-01-09 05:31:13,CMP016,NORTH,1,1
1409,2026-01-12 02:07:19,CMP019, WEST ,1,0
1410,2026-01-05 21:30:54,CMP015,SOUTH,1,0
1411,2026-01-14 02:07:02,CMP014,SOUTH,1,0
1412,2026-01-14 20:31:01,CMP017,NORTH,1,0
1413,2026-01-07 01:34:48,CMP012,NORTH ,1,0
1414,2026-01-13 15:05:48,CMP024,NORTH,1,0
1415,2026-01-07 09:10:08,CMP003,SOUTH,1,0
1416,2026-01-14 13:24:53,CMP024,SOUTH,1,0
1417,2026-01-11 12:31:24,CMP007,SOUTH,1,0
1418,2026-01-07 05:20:34,CMP025,SOUTH,1,0
1419,2026-01-05 02:26:26,CMP015,SOUTH,1,0
1420,2026-01-08 21:00:08,CMP022,WEST ,1,0
1421,2026-01-12 17:30:05,CMP001,WEST,1,0
1422,2026-01-07 18:15:26,CMP003,NORTH,1,0
1423,2026-01-10 14:49:50,CMP004,NORTH,1,0
1424,2026-01-06 12:18:37,CMP012, EAST ,1,0
1425,2026-01-09 20:25:20,CMP001,SOUTH ,1,0
1426,2026-01-05 03:51:51,CMP020, EAST ,1,0
1427,2026-01-14 14:33:35,CMP023,NORTH,1,0
1428,2026-01-10 05:10:48,CMP008, SOUTH,1,0
1429,2026-01-13 15:37:55,CMP007,WEST ,1,1
1430,2026-01-06 09:06:10,CMP016,EAST ,1,0
1431,2026-01-06 10:15:04,CMP022,WEST,1,0
1432,2026-01-06 07:56:49,CMP002,NORTH,1,0
1433,2026-01-10 14:18:45,CMP013,NORTH,1,0
1434,2026-01-13 01:27:55,CMP006,SOUTH ,1,0
1435,2026-01-11 18:31:19,CMP013,EAST ,1,0
1436,2026-01-09 09:45:10,CMP011,NORTH,1,0
1437,2026-01-14 23:32:20,CMP010,NORTH,1,0
1438,2026-01-06 10:46:09,CMP002,WEST,1,1
1439,2026-01-06 02:56:37,CMP023, EAST,1,0
1440,2026-01-11 06:53:23,CMP011,NORTH,1,0
1441,2026-01-13 11:02:04,CMP023,EAST,1,0
1442,2026-01-07 09:13:23,CMP006,NORTH,1,0
1443,2026-01-07 06:21:09,CMP022,WEST ,1,0
1444,2026-01-10 07:58:37,CMP022,EAST,1,0
1445,2026-01-12 17:35:14,CMP020,WEST,1,0
1446,2026-01-07 09:02:38,CMP008,SOUTH,1,0
1447,2026-01-13 03:43:47,CMP017, NORTH,1,0
1448,2026-01-10 14:51:24,CMP010,EAST,1,0
1449,2026-01-12 17:44:45,CMP025,EAST,1,0
1450,2026-01-11 11:56:09,CMP021,SOUTH,1,0
1451,2026-01-09 17:23:08,CMP011,NORTH,1,0
1452,2026-01-10 04:44:31,CMP014, NORTH,1,0
1453,2026-01-14 03:28:35,CMP024,WEST,1,1
1454,2026-01-08 19:05:10,CMP002,WEST ,1,0
1455,2026-01-14 18:56:19,CMP006,NORTH,1,1
1456,2026-01-12 12:18:59,CMP006,NORTH,1,0
1457,2026-01-06 11:39:07,CMP001,WEST,1,0
1458,2026-01-13 11:00:02,CMP016,SOUTH,1,0
1459,2026-01-08 05:17:17,CMP018,SOUTH,1,0
1460,2026-01-06 17:07:12,CMP005, WEST,1,0
1461,2026-01-07 09:09:36,CMP019, NORTH,1,0
1462,2026-01-06 18:03:04,CMP007,SOUTH,1,0
1463,2026-01-08 10:36:23,CMP023,NORTH,1,0
1464,2026-01-06 20:22:38,CMP016, WEST ,1,1
1465,2026-01-10 20:19:52,CMP012,WEST,1,0
1466,2026-01-14 19:28:11,CMP013,NORTH ,1,0
1467,2026-01-14 06:27:01,CMP005,SOUTH,1,0
1468,2026-01-14 16:03:22,CMP007,EAST ,1,0
1469,2026-01-07 18:04:57,CMP009,NORTH,1,0
1470,2026-01-07 17:18:25,CMP014,EAST,1,0
1471,2026-01-11 21:06:16,CMP012,WEST ,1,1
1472,2026-01-14 03:46:15,CMP016,EAST,1,0
1473,2026-01-13 15:45:38,CMP020,NORTH,1,0
1474,2026-01-07 16:46:55,CMP001,WEST,1,0
1475,2026-01-12 08:34:37,CMP021, SOUTH,1,0
1476,2026-01-10 06:06:25,CMP007,NORTH,1,0
1477,2026-01-09 13:34:12,CMP003,SOUTH,1,0
1478,2026-01-09 06:11:17,CMP008, EAST,1,0
1479,2026-01-10 14:06:56,CMP020, SOUTH,1,0
1480,2026-01-14 02:52:59,CMP022,WEST ,1,0
1481,2026-01-12 09:29:16,CMP019,EAST,1,0
1482,2026-01-05 09:31:32,CMP002,NORTH,1,0
1483,2026-01-12 17:36:00,CMP003,WEST ,1,0
1484,2026-01-08 00:28:37,CMP009,EAST,1,0
1485,2026-01-08 08:43:15,CMP001,EAST ,1,1
1486,2026-01-10 15:46:03,CMP005,SOUTH,1,0
1487,2026-01-14 11:55:33,CMP007,SOUTH,1,0
1488,2026-01-05 17:57:16,CMP018,SOUTH,1,0
1489,2026-01-10 20:51:29,CMP016,SOUTH ,1,0
1490,2026-01-07 18:36:47,CMP021,EAST,1,0
1491,2026-01-14 08:01:23,CMP001,NORTH ,1,1
1492,2026-01-09 03:05:33,CMP002,EAST,1,0
1493,2026-01-13 02:05:38,CMP019,EAST,1,0
1494,2026-01-13 15:23:09,CMP022,EAST,1,0
1495,2026-01-06 03:01:31,CMP017,EAST,1,0
1496,2026-01-12 20:07:08,CMP018,WEST,1,0
1497,2026-01-12 13:53:42,CMP025,SOUTH,1,0
1498,2026-01-13 00:51:47,CMP006,EAST,1,0
1499,2026-01-14 18:59:47,CMP019,WEST ,1,0
1500,2026-01-12 04:38:27,CMP023,WEST,1,0
1501,2026-01-13 23:49:09,CMP023, SOUTH,1,0
1502,2026-01-12 06:25:35,CMP008,EAST,1,0
1503,2026-01-07 13:12:09,CMP001,EAST,1,0
1504,2026-01-13 11:05:15,CMP020,SOUTH,1,0
1505,2026-01-12 08:26:50,CMP004,EAST,1,0
1506,2026-01-11 04:07:55,CMP002,NORTH,1,0
1507,2026-01-14 01:28:13,CMP015,EAST,1,0
1508,2026-01-12 12:55:58,CMP012, NORTH,1,0
1509,2026-01-08 23:35:52,CMP019,SOUTH,1,0
1510,2026-01-08 08:15:17,CMP013,SOUTH ,1,0
1511,2026-01-08 07:12:12,CMP005,EAST,1,0
1512,2026-01-06 15:43:21,CMP023, NORTH,1,0
1513,2026-01-05 23:58:31,CMP011,EAST,1,0
1514,2026-01-12 12:45:06,CMP021,EAST,1,1
1515,2026-01-12 23:14:34,CMP016,SOUTH,1,1
1516,2026-01-06 16:28:16,CMP014,EAST,1,0
1517,2026-01-08 19:08:05,CMP007,EAST,1,1
1518,2026-01-14 05:54:43,CMP002,EAST,1,0
1519,2026-01-13 13:14:33,CMP002,NORTH,1,0
1520,2026-01-10 16:58:10,CMP011,SOUTH,1,0
1521,2026-01-14 08:41:26,CMP012,SOUTH,1,0
1522,2026-01-08 17:37:52,CMP010,SOUTH,1,0
1523,2026-01-13 09:17:05,CMP022,WEST,1,0
1524,2026-01-14 17:19:37,CMP025,SOUTH,1,0
1525,2026-01-10 10:54:14,CMP003,SOUTH,1,0
1526,2026-01-06 01:38:34,CMP018,WEST,1,0
1527,2026-01-07 02:19:43,CMP019,SOUTH,1,0
1528,2026-01-10 22:42:27,CMP011,NORTH ,1,0
1529,2026-01-07 15:17:02,CMP010,EAST,1,0
1530,2026-01-05 13:50:41,CMP010,SOUTH,1,0
1531,2026-01-06 18:29:50,CMP011,EAST,1,0
1532,2026-01-14 06:32:08,CMP020,EAST,1,0
1533,2026-01-08 08:46:27,CMP023,SOUTH ,1,0
1534,2026-01-10 10:25:09,CMP003,NORTH ,1,0
1535,2026-01-09 15:47:14,CMP004, WEST ,1,0
1536,2026-01-13 12:25:20,CMP021,WEST,1,0
1537,2026-01-06 06:31:56,CMP004,SOUTH ,1,0
1538,2026-01-07 12:25:35,CMP017,SOUTH ,1,1
1539,2026-01-10 08:58:34,CMP002,EAST ,1,0
1540,2026-01-13 05:57:03,CMP011, SOUTH ,1,0
1541,2026-01-09 04:36:12,CMP001,EAST,1,0
1542,2026-01-12 06:21:32,CMP018, NORTH,1,0
1543,2026-01-13 12:55:50,CMP015, WEST,1,0
1544,2026-01-11 08:43:33,CMP010,SOUTH,1,0
1545,2026-01-13 10:08:52,CMP018,SOUTH ,1,0
1546,2026-01-14 18:44:31,CMP004, EAST ,1,0
1547,2026-01-07 16:40:31,CMP016,NORTH ,1,0
1548,2026-01-09 10:29:55,CMP011,SOUTH,1,0
1549,2026-01-07 13:48:00,CMP011,SOUTH,1,0
1550,2026-01-09 00:55:37,CMP002,NORTH,1,0
1551,2026-01-05 09:48:51,CMP022,SOUTH ,1,0
1552,2026-01-11 10:51:10,CMP003,EAST ,1,0
1553,2026-01-07 07:07:51,CMP008,NORTH,1,0
1554,2026-01-13 04:49:57,CMP011,SOUTH ,1,0
1555,2026-01-12 17:46:22,CMP019,WEST,1,0
1556,2026-01-08 00:17:52,CMP021,WEST,1,0
1557,2026-01-09 23:26:41,CMP003,NORTH,1,1
1558,2026-01-11 23:26:55,CMP006,EAST ,1,0
1559,2026-01-09 15:00:01,CMP010,EAST,1,0
1560,2026-01-07 07:02:57,CMP013,EAST ,1,1
1561,2026-01-05 07:03:10,CMP004,NORTH,1,0
1562,2026-01-10 12:53:59,CMP025,WEST,1,0
1563,2026-01-10 16:03:29,CMP008,EAST,1,0
1564,2026-01-12 08:35:48,CMP021, WEST ,1,0
1565,2026-01-06 10:34:07,CMP020,WEST,1,0
1566,2026-01-05 01:16:54,CMP023, SOUTH,1,0
1567,2026-01-12 21:15:40,CMP023,NORTH,1,0
1568,2026-01-12 21:37:16,CMP017,EAST,1,0
1569,2026-01-12 06:17:38,CMP008,SOUTH,1,0
1570,2026-01-05 22:27:20,CMP015,SOUTH,1,0
1571,2026-01-11 20:21:14,CMP005,NORTH,1,0
1572,2026-01-14 04:28:27,CMP015,NORTH,1,0
1573,2026-01-12 03:40:18,CMP006,WEST,1,0
1574,2026-01-09 10:01:54,CMP016, NORTH,1,0
1575,2026-01-09 16:36:11,CMP019,WEST,1,0
1576,2026-01-09 08:58:02,CMP012,NORTH,1,0
1577,2026-01-05 17:34:48,CMP020,WEST,1,1
1578,2026-01-12 04:00:47,CMP010,NORTH,1,0
1579,2026-01-10 22:13:40,CMP014,WEST,1,0
1580,2026-01-10 15:52:47,CMP006,NORTH,1,0
1581,2026-01-14 06:00:27,CMP010, NORTH ,1,0
1582,2026-01-12 18:46:04,CMP002,EAST ,1,0
1583,2026-01-14 09:50:29,CMP024,NORTH,1,0
1584,2026-01-05 18:13:57,CMP010,SOUTH ,1,0
1585,2026-01-14 16:52:07,CMP017,EAST ,1,0
1586,2026-01-10 16:12:21,CMP020,NORTH ,1,0
1587,2026-01-09 02:54:13,CMP015,SOUTH,1,0
1588,2026-01-10 00:25:11,CMP014,SOUTH,1,0
1589,2026-01-05 16:47:44,CMP021,EAST,1,0
1590,2026-01-14 05:30:37,CMP005,NORTH,1,0
1591,2026-01-11 01:36:27,CMP003,EAST,1,1
1592,2026-01-05 12:21:01,CMP021,EAST,1,0
1593,2026-01-14 22:25:28,CMP022, SOUTH ,1,0
1594,2026-01-09 16:52:05,CMP002,NORTH,1,0
1595,2026-01-06 07:12:55,CMP014,SOUTH,1,0
1596,2026-01-11 09:16:27,CMP024,EAST ,1,0
1597,2026-01-05 16:45:14,CMP012, NORTH,1,0
1598,2026-01-10 10:46:56,CMP017,NORTH,1,0
1599,2026-01-12 13:24:30,CMP010,NORTH,1,0
1600,2026-01-05 20:10:38,CMP014,SOUTH,1,0
1601,2026-01-12 01:21:43,CMP009,WEST,1,0
1602,2026-01-10 00:33:54,CMP011, WEST,1,0
1603,2026-01-08 21:21:57,CMP020, EAST,1,0
1604,2026-01-07 06:26:46,CMP021,SOUTH,1,0
1605,2026-01-05 19:43:52,CMP006,NORTH,1,0
1606,2026-01-06 06:57:30,CMP001,EAST,1,0
1607,2026-01-07 20:19:48,CMP024,NORTH,1,0
1608,2026-01-13 23:49:36,CMP001,SOUTH,1,0
1609,2026-01-10 22:06:31,CMP014,EAST,1,0
1610,2026-01-06 05:27:39,CMP014,NORTH,1,0
1611,2026-01-12 12:25:07,CMP016,NORTH,1,0
1612,2026-01-09 01:07:50,CMP008,NORTH,1,0
1613,2026-01-13 06:24:23,CMP004,WEST ,1,0
1614,2026-01-12 09:59:42,CMP011,WEST,1,0
1615,2026-01-14 00:52:03,CMP025, NORTH,1,1
1616,2026-01-12 15:35:19,CMP014,SOUTH,1,0
1617,2026-01-06 04:37:33,CMP012,EAST,1,0
1618,2026-01-10 03:40:55,CMP002,EAST,1,0
1619,2026-01-09 15:37:27,CMP024,SOUTH,1,0
1620,2026-01-13 20:09:09,CMP025,SOUTH,1,0
1621,2026-01-06 23:55:50,CMP002,EAST,1,0
1622,2026-01-09 04:42:53,CMP017,WEST,1,0
1623,2026-01-13 18:38:17,CMP020,NORTH,1,0
1624,2026-01-11 16:54:09,CMP003,NORTH,1,0
1625,2026-01-05 19:31:01,CMP010,EAST,1,0
1626,2026-01-13 03:53:00,CMP019,SOUTH,1,0
1627,2026-01-08 11:29:36,CMP022,NORTH,1,0
1628,2026-01-11 21:09:41,CMP014, EAST ,1,0
1629,2026-01-11 13:46:37,CMP008,NORTH,1,0
1630,2026-01-11 04:49:54,CMP018,WEST,1,0
1631,2026-01-09 00:00:53,CMP009,SOUTH ,1,0
1632,2026-01-09 17:33:09,CMP019, NORTH ,1,1
1633,2026-01-06 01:38:00,CMP001,WEST,1,0
1634,2026-01-10 20:07:43,CMP025,SOUTH,1,0
1635,2026-01-07 15:47:35,CMP007,WEST ,1,0
1636,2026-01-08 06:07:07,CMP003,SOUTH ,1,1
1637,2026-01-06 05:05:18,CMP003,NORTH,1,1
1638,2026-01-12 02:13:40,CMP025,EAST,1,0
1639,2026-01-14 08:07:21,CMP024,NORTH,1,1
1640,2026-01-08 14:04:02,CMP012,NORTH,1,0
1641,2026-01-09 07:21:34,CMP020,WEST ,1,0
1642,2026-01-09 11:58:35,CMP006,EAST ,1,1
1643,2026-01-05 15:05:00,CMP024, SOUTH,1,0
1644,2026-01-12 11:30:13,CMP010,EAST,1,0
1645,2026-01-13 05:59:40,CMP015,EAST ,1,0
1646,2026-01-10 18:45:07,CMP010,EAST,1,0
1647,2026-01-05 17:13:51,CMP003,EAST,1,0
1648,2026-01-08 11:06:52,CMP023,NORTH,1,0
1649,2026-01-06 04:19:46,CMP020,SOUTH,1,0
1650,2026-01-13 11:55:43,CMP014,SOUTH,1,0
1651,2026-01-13 08:38:56,CMP025,NORTH,1,0
1652,2026-01-08 11:41:39,CMP002,SOUTH ,1,0
1653,2026-01-08 03:00:28,CMP011,EAST,1,0
1654,2026-01-13 10:54:36,CMP018,SOUTH,1,0
1655,2026-01-05 01:13:23,CMP009,SOUTH,1,1
1656,2026-01-12 09:44:14,CMP013,SOUTH,1,0
1657,2026-01-14 16:46:23,CMP005, NORTH ,1,0
1658,2026-01-09 03:51:42,CMP021,WEST,1,0
1659,2026-01-12 03:04:01,CMP007, EAST,1,0
1660,2026-01-12 07:05:14,CMP002,NORTH,1,0
1661,2026-01-13 21:44:44,CMP005,WEST,1,0
1662,2026-01-05 06:21:26,CMP022,WEST ,1,0
1663,2026-01-12 22:36:03,CMP013,WEST,1,0
1664,2026-01-08 05:57:22,CMP023,NORTH,1,0
1665,2026-01-13 01:22:19,CMP013,NORTH,1,0
1666,2026-01-13 18:47:16,CMP001,NORTH,1,1
1667,2026-01-07 02:51:22,CMP021,NORTH,1,0
1668,2026-01-10 02:44:12,CMP012,NORTH,1,0
1669,2026-01-09 12:49:03,CMP003,WEST,1,0
1670,2026-01-10 04:55:48,CMP004,SOUTH,1,0
1671,2026-01-13 14:30:19,CMP002,EAST ,1,0
1672,2026-01-11 12:38:02,CMP014, WEST ,1,0
1673,2026-01-12 17:08:03,CMP017,WEST ,1,1
1674,2026-01-11 07:30:03,CMP003,WEST ,1,0
1675,2026-01-07 06:42:31,CMP015,NORTH,1,0
1676,2026-01-10 05:45:50,CMP023,WEST,1,0
1677,2026-01-08 17:58:36,CMP023,EAST,1,0
1678,2026-01-09 08:57:40,CMP005,SOUTH,1,0
1679,2026-01-06 20:27:17,CMP007,EAST,1,0
1680,2026-01-06 12:02:54,CMP017,NORTH ,1,0
1681,2026-01-08 19:03:08,CMP019,EAST,1,0
1682,2026-01-07 16:11:02,CMP017,EAST,1,0
1683,2026-01-11 16:37:41,CMP015,NORTH,1,0
1684,2026-01-07 23:19:59,CMP009,WEST,1,0
1685,2026-01-07 10:52:20,CMP024,NORTH,1,0
1686,2026-01-09 20:27:47,CMP006,NORTH,1,0
1687,2026-01-10 19:47:29,CMP017,SOUTH,1,0
1688,2026-01-14 10:19:11,CMP023,WEST,1,0
1689,2026-01-10 16:42:13,CMP017,SOUTH,1,1
1690,2026-01-08 10:50:21,CMP001, NORTH,1,1
1691,2026-01-08 15:59:46,CMP005,EAST,1,1
1692,2026-01-09 09:58:37,CMP007,EAST ,1,0
1693,2026-01-14 11:49:57,CMP024,SOUTH ,1,0
1694,2026-01-08 05:44:03,CMP009,SOUTH,1,0
1695,2026-01-07 15:15:23,CMP006,WEST,1,0
1696,2026-01-10 22:50:32,CMP015,WEST,1,0
1697,2026-01-12 08:29:48,CMP012,EAST ,1,0
1698,2026-01-14 01:38:52,CMP010,WEST,1,0
1699,2026-01-07 16:59:31,CMP004,NORTH,1,0
1700,2026-01-13 04:55:07,CMP003,NORTH,1,0
1701,2026-01-13 16:42:11,CMP008,EAST,1,0
1702,2026-01-08 15:53:15,CMP015,SOUTH,1,0
1703,2026-01-08 22:46:21,CMP001,NORTH ,1,0
1704,2026-01-07 14:08:58,CMP019,NORTH,1,0
1705,2026-01-08 02:53:20,CMP007,SOUTH,1,0
1706,2026-01-13 06:41:15,CMP018,SOUTH,1,0
1707,2026-01-08 06:30:41,CMP017,EAST ,1,0
1708,2026-01-09 22:29:12,CMP013,NORTH,1,0
1709,2026-01-14 20:38:27,CMP016,NORTH ,1,0
1710,2026-01-11 09:49:36,CMP008,SOUTH,1,0
1711,2026-01-06 21:03:12,CMP005,WEST,1,0
1712,2026-01-05 14:18:36,CMP001,SOUTH ,1,0
1713,2026-01-07 07:32:56,CMP014,SOUTH,1,0
1714,2026-01-13 02:11:04,CMP014,NORTH,1,0
1715,2026-01-07 21:55:36,CMP003,WEST,1,0
1716,2026-01-08 21:22:52,CMP016,SOUTH,1,0
1717,2026-01-10 17:55:08,CMP006,WEST,1,0
1718,2026-01-09 02:28:19,CMP012,WEST,1,0
1719,2026-01-05 13:22:53,CMP012,NORTH,1,0
1720,2026-01-06 09:27:25,CMP024,NORTH ,1,0
1721,2026-01-14 16:23:11,CMP016,NORTH ,1,0
1722,2026-01-09 21:15:13,CMP006,WEST,1,0
1723,2026-01-07 12:51:05,CMP008,SOUTH,1,0
1724,2026-01-13 22:40:47,CMP021,SOUTH,1,0
1725,2026-01-09 04:38:47,CMP004,NORTH ,1,0
1726,2026-01-13 21:41:43,CMP018,NORTH,1,0
1727,2026-01-06 20:57:27,CMP011, NORTH,1,0
1728,2026-01-09 19:51:44,CMP023,WEST,1,0
1729,2026-01-13 22:51:01,CMP011,EAST ,1,0
1730,2026-01-12 05:35:57,CMP024,SOUTH,1,0
1731,2026-01-11 04:37:47,CMP005,EAST ,1,0
1732,2026-01-09 00:45:52,CMP006,SOUTH,1,0
1733,2026-01-13 18:10:14,CMP011,NORTH,1,0
1734,2026-01-08 10:50:36,CMP024,SOUTH,1,0
1735,2026-01-11 07:00:35,CMP023,WEST,1,0
1736,2026-01-10 01:30:58,CMP011,WEST ,1,0
1737,2026-01-08 06:20:41,CMP022,WEST ,1,0
1738,2026-01-07 23:03:10,CMP017,NORTH,1,0
1739,2026-01-10 01:41:55,CMP025,WEST,1,0
1740,2026-01-08 00:11:47,CMP024,NORTH,1,0
1741,2026-01-10 06:01:51,CMP021,NORTH,1,0
1742,2026-01-12 07:48:41,CMP015, SOUTH,1,0
1743,2026-01-13 04:45:38,CMP010, SOUTH,1,0
1744,2026-01-12 04:52:44,CMP015,NORTH ,1,0
1745,2026-01-10 13:02:47,CMP021,EAST,1,0
1746,2026-01-05 00:19:42,CMP002,WEST,1,0
1747,2026-01-06 23:33:08,CMP010,WEST,1,0
1748,2026-01-12 11:58:40,CMP015,SOUTH,1,0
1749,2026-01-10 08:48:50,CMP019,SOUTH ,1,0
1750,2026-01-13 01:49:30,CMP007, EAST ,1,0
1751,2026-01-09 04:41:03,CMP008,SOUTH,1,0
1752,2026-01-09 21:35:54,CMP010,WEST,1,0
1753,2026-01-07 08:03:00,CMP019,SOUTH ,1,0
1754,2026-01-05 16:30:11,CMP010,SOUTH,1,0
1755,2026-01-06 03:55:37,CMP003,EAST ,1,0
1756,2026-01-11 08:52:48,CMP025,SOUTH,1,0
1757,2026-01-10 07:49:40,CMP010,WEST,1,0
1758,2026-01-07 20:11:51,CMP016,EAST,1,0
1759,2026-01-08 09:34:44,CMP010,NORTH,1,0
1760,2026-01-11 19:07:28,CMP019,EAST ,1,0
1761,2026-01-08 22:07:30,CMP019,SOUTH,1,0
1762,2026-01-08 07:50:04,CMP005,SOUTH ,1,0
1763,2026-01-07 05:03:50,CMP004,NORTH,1,0
1764,2026-01-11 20:20:00,CMP008,NORTH,1,0
1765,2026-01-13 22:15:14,CMP003,EAST ,1,0
1766,2026-01-07 22:18:19,CMP022,SOUTH ,1,0
1767,2026-01-07 03:10:15,CMP024,EAST ,1,0
1768,2026-01-09 14:52:38,CMP004,EAST,1,0
1769,2026-01-06 02:47:55,CMP008,SOUTH,1,0
1770,2026-01-10 08:26:34,CMP024,NORTH,1,0
1771,2026-01-13 09:46:05,CMP015,EAST,1,0
1772,2026-01-11 21:36:50,CMP011,WEST,1,0
1773,2026-01-06 17:35:47,CMP004,WEST,1,0
1774,2026-01-07 22:37:43,CMP010,NORTH,1,0
1775,2026-01-05 20:02:15,CMP009,WEST,1,0
1776,2026-01-14 08:20:05,CMP013,SOUTH,1,0
1777,2026-01-08 20:45:40,CMP017,NORTH,1,0
1778,2026-01-07 02:04:15,CMP012,NORTH,1,0
1779,2026-01-13 04:49:56,CMP006,WEST,1,0
1780,2026-01-08 20:49:38,CMP012,SOUTH ,1,0
1781,2026-01-07 01:18:57,CMP015,WEST ,1,0
1782,2026-01-07 15:57:18,CMP011,SOUTH,1,0
1783,2026-01-08 21:23:33,CMP022,NORTH,1,0
1784,2026-01-05 05:34:04,CMP018,EAST,1,0
1785,2026-01-11 16:44:18,CMP023,EAST,1,1
1786,2026-01-09 13:36:22,CMP007,WEST,1,0
1787,2026-01-14 16:50:26,CMP012,WEST,1,0
1788,2026-01-12 07:23:47,CMP005,NORTH,1,0
1789,2026-01-08 02:46:51,CMP024,NORTH,1,0
1790,2026-01-12 22:03:37,CMP011,WEST,1,0
1791,2026-01-13 02:29:29,CMP021,SOUTH,1,0
1792,2026-01-06 08:12:38,CMP003,SOUTH,1,0
1793,2026-01-06 00:01:45,CMP018,NORTH,1,0
1794,2026-01-06 04:42:36,CMP012,SOUTH,1,0
1795,2026-01-05 15:38:33,CMP023,SOUTH,1,0
1796,2026-01-08 01:02:13,CMP013,NORTH,1,0
1797,2026-01-12 05:14:56,CMP004,NORTH,1,0
1798,2026-01-12 08:13:13,CMP020,WEST,1,0
1799,2026-01-08 07:57:40,CMP018,NORTH ,1,0
1800,2026-01-09 23:44:48,CMP003,SOUTH,1,0
1801,2026-01-12 04:28:31,CMP004,SOUTH,1,0
1802,2026-01-14 05:14:24,CMP010,EAST,1,0
1803,2026-01-07 18:12:06,CMP018,SOUTH,1,0
1804,2026-01-11 10:59:35,CMP020,NORTH,1,0
1805,2026-01-10 11:56:52,CMP001,EAST,1,0
1806,2026-01-11 23:19:50,CMP009,EAST,1,0
1807,2026-01-13 04:56:03,CMP024,EAST,1,0
1808,2026-01-12 00:09:40,CMP021,NORTH ,1,0
1809,2026-01-08 21:07:37,CMP002,WEST,1,0
1810,2026-01-12 07:04:53,CMP018,SOUTH,1,0
1811,2026-01-05 07:41:08,CMP021,EAST,1,0
1812,2026-01-08 19:42:30,CMP002,EAST,1,0
1813,2026-01-07 14:59:23,CMP010,NORTH,1,0
1814,2026-01-07 02:17:51,CMP010,NORTH,1,0
1815,2026-01-14 21:25:53,CMP020,NORTH,1,0
1816,2026-01-09 22:16:44,CMP020,EAST,1,0
1817,2026-01-05 00:12:17,CMP015,SOUTH ,1,0
1818,2026-01-09 20:01:45,CMP014,WEST,1,0
1819,2026-01-05 04:13:45,CMP003,WEST,1,0
1820,2026-01-06 03:25:59,CMP017,NORTH,1,0
1821,2026-01-08 18:21:11,CMP013, EAST,1,0
1822,2026-01-09 14:12:58,CMP025, SOUTH,1,0
1823,2026-01-07 10:29:00,CMP002,NORTH,1,0
1824,2026-01-11 13:19:55,CMP017,NORTH ,1,0
1825,2026-01-09 04:48:47,CMP013, WEST,1,1
1826,2026-01-06 16:38:55,CMP014,NORTH,1,0
1827,2026-01-13 08:32:36,CMP025, SOUTH,1,0
1828,2026-01-06 07:21:51,CMP022,SOUTH,1,0
1829,2026-01-08 13:25:09,CMP010,WEST,1,0
1830,2026-01-06 09:13:10,CMP011,SOUTH,1,1
1831,2026-01-14 01:32:40,CMP009, EAST ,1,0
1832,2026-01-07 05:46:45,CMP001,EAST ,1,1
1833,2026-01-13 23:30:14,CMP008,SOUTH,1,0
1834,2026-01-14 07:00:20,CMP007,WEST,1,0
1835,2026-01-07 09:29:45,CMP014,EAST,1,0
1836,2026-01-05 04:13:02,CMP015,EAST,1,0
1837,2026-01-05 01:15:12,CMP025,WEST,1,0
1838,2026-01-06 21:42:20,CMP024,SOUTH,1,0
1839,2026-01-09 14:15:26,CMP018,EAST,1,0
1840,2026-01-06 21:17:53,CMP016,SOUTH,1,0
1841,2026-01-14 19:56:51,CMP008,SOUTH,1,0
1842,2026-01-09 08:38:25,CMP008,EAST,1,1
1843,2026-01-13 11:32:21,CMP013,NORTH,1,0
1844,2026-01-05 16:38:14,CMP025,WEST ,1,0
1845,2026-01-06 18:38:36,CMP019,WEST,1,0
1846,2026-01-09 11:45:59,CMP011,EAST ,1,0
1847,2026-01-06 00:53:55,CMP015,SOUTH,1,0
1848,2026-01-06 06:44:19,CMP006,EAST ,1,0
1849,2026-01-05 07:28:19,CMP003,SOUTH,1,0
1850,2026-01-07 08:23:25,CMP014,NORTH,1,0
1851,2026-01-12 14:08:10,CMP008,WEST,1,1
1852,2026-01-12 23:09:49,CMP009,WEST,1,0
1853,2026-01-10 03:32:38,CMP022,EAST,1,0
1854,2026-01-06 08:11:42,CMP003,SOUTH,1,0
1855,2026-01-09 06:24:39,CMP016,WEST,1,0
1856,2026-01-11 13:53:16,CMP018,SOUTH,1,0
1857,2026-01-06 19:32:46,CMP012,EAST,1,0
1858,2026-01-09 22:40:56,CMP018, WEST,1,0
1859,2026-01-13 12:10:45,CMP003,NORTH,1,0
1860,2026-01-09 07:08:32,CMP025,NORTH,1,0
1861,2026-01-09 05:13:45,CMP023,EAST,1,0
1862,2026-01-13 19:24:52,CMP004, WEST,1,0
1863,2026-01-11 01:05:44,CMP015,WEST,1,0
1864,2026-01-06 02:44:16,CMP023,NORTH ,1,0
1865,2026-01-11 01:28:16,CMP003,WEST,1,0
1866,2026-01-14 17:35:59,CMP020,NORTH,1,0
1867,2026-01-07 20:28:13,CMP012,EAST,1,0
1868,2026-01-13 19:21:37,CMP007,EAST,1,0
1869,2026-01-10 06:35:17,CMP025,WEST,1,0
1870,2026-01-11 20:05:55,CMP012,WEST,1,0
1871,2026-01-08 00:06:58,CMP006,NORTH,1,1
1872,2026-01-05 23:24:04,CMP016, SOUTH,1,0
1873,2026-01-05 14:20:03,CMP015,NORTH,1,0
1874,2026-01-11 17:03:45,CMP008,WEST ,1,0
1875,2026-01-14 02:20:17,CMP019,NORTH ,1,0
1876,2026-01-11 23:27:11,CMP003, SOUTH ,1,0
1877,2026-01-08 09:24:05,CMP016,EAST ,1,0
1878,2026-01-12 06:40:49,CMP021,WEST ,1,0
1879,2026-01-14 20:24:44,CMP019,WEST ,1,1
1880,2026-01-07 12:31:02,CMP005,NORTH,1,0
1881,2026-01-06 03:10:40,CMP020,SOUTH ,1,0
1882,2026-01-14 05:08:16,CMP013,SOUTH ,1,0
1883,2026-01-05 08:43:34,CMP003,SOUTH ,1,0
1884,2026-01-13 02:00:16,CMP011,NORTH ,1,0
1885,2026-01-06 12:09:44,CMP007, EAST,1,0
1886,2026-01-06 10:32:04,CMP023,EAST ,1,0
1887,2026-01-07 15:34:13,CMP010,SOUTH,1,0
1888,2026-01-08 17:16:20,CMP014,SOUTH,1,0
1889,2026-01-08 03:14:25,CMP016,WEST,1,0
1890,2026-01-05 18:40:57,CMP011,EAST ,1,0
1891,2026-01-13 19:43:33,CMP004,NORTH ,1,1
1892,2026-01-13 00:24:27,CMP025,NORTH,1,0
1893,2026-01-11 18:15:18,CMP007,EAST ,1,0
1894,2026-01-14 22:36:47,CMP009,EAST ,1,0
1895,2026-01-14 09:25:17,CMP009,WEST,1,0
1896,2026-01-14 05:56:00,CMP019,WEST,1,1
1897,2026-01-08 13:13:32,CMP002, EAST ,1,0
1898,2026-01-11 07:00:46,CMP006,NORTH,1,0
1899,2026-01-12 05:02:22,CMP023,EAST,1,0
1900,2026-01-11 19:58:40,CMP019,SOUTH ,1,0
1901,2026-01-12 14:25:23,CMP015,NORTH,1,0
1902,2026-01-11 21:27:40,CMP019,WEST,1,0
1903,2026-01-08 17:11:53,CMP009,WEST,1,0
1904,2026-01-10 17:40:28,CMP021,WEST,1,0
1905,2026-01-06 18:52:14,CMP021,NORTH,1,0
1906,2026-01-14 07:59:15,CMP013,WEST,1,0
1907,2026-01-13 03:08:02,CMP018, WEST,1,0
1908,2026-01-11 11:06:29,CMP006,NORTH,1,0
1909,2026-01-12 23:20:15,CMP007,EAST,1,0
1910,2026-01-08 20:01:49,CMP016,EAST,1,0
1911,2026-01-08 17:21:17,CMP002, SOUTH,1,0
1912,2026-01-10 08:34:31,CMP023,NORTH,1,0
1913,2026-01-07 05:02:47,CMP020,NORTH,1,0
1914,2026-01-05 19:19:38,CMP008, SOUTH,1,0
1915,2026-01-08 10:33:34,CMP007,SOUTH,1,0
1916,2026-01-12 18:46:05,CMP001, EAST,1,0
1917,2026-01-07 05:03:56,CMP009,EAST,1,0
1918,2026-01-11 11:14:53,CMP005,SOUTH,1,0
1919,2026-01-10 19:08:55,CMP023,SOUTH,1,0
1920,2026-01-09 21:31:02,CMP024,SOUTH,1,0
1921,2026-01-12 01:03:13,CMP006,WEST,1,0
1922,2026-01-13 09:13:42,CMP001, SOUTH,1,0
1923,2026-01-14 06:24:04,CMP006,EAST,1,0
1924,2026-01-12 17:59:52,CMP002,NORTH,1,0
1925,2026-01-05 18:42:36,CMP018,SOUTH,1,0
1926,2026-01-08 15:21:14,CMP003,NORTH ,1,0
1927,2026-01-10 17:52:56,CMP006, NORTH,1,0
1928,2026-01-05 07:57:00,CMP023,WEST ,1,0
1929,2026-01-09 01:23:41,CMP019,NORTH ,1,0
1930,2026-01-06 12:45:46,CMP010,NORTH ,1,0
1931,2026-01-10 00:31:11,CMP004, WEST,1,0
1932,2026-01-06 14:32:41,CMP018, WEST,1,0
1933,2026-01-07 14:32:48,CMP008,NORTH,1,0
1934,2026-01-08 12:53:01,CMP018,WEST,1,0
1935,2026-01-14 20:18:18,CMP021,WEST,1,0
1936,2026-01-09 02:39:26,CMP011,WEST,1,0
1937,2026-01-10 09:44:45,CMP004, SOUTH,1,1
1938,2026-01-14 23:47:41,CMP019,WEST,1,0
1939,2026-01-05 06:07:07,CMP022,NORTH,1,0
1940,2026-01-07 23:11:54,CMP012,NORTH,1,0
1941,2026-01-09 00:04:03,CMP011,NORTH ,1,0
1942,2026-01-13 00:53:57,CMP014,NORTH ,1,0
1943,2026-01-12 05:06:02,CMP023,WEST,1,0
1944,2026-01-11 22:39:45,CMP008, SOUTH ,1,0
1945,2026-01-08 15:26:28,CMP008,SOUTH,1,0
1946,2026-01-13 12:45:20,CMP001,NORTH,1,0
1947,2026-01-06 02:56:38,CMP001,EAST,1,0
1948,2026-01-09 03:01:00,CMP015,NORTH ,1,0
1949,2026-01-08 20:34:28,CMP025,NORTH,1,0
1950,2026-01-05 19:41:37,CMP007,WEST,1,0
1951,2026-01-05 01:26:01,CMP007,WEST,1,0
1952,2026-01-12 10:23:28,CMP007,WEST,1,0
1953,2026-01-14 13:06:50,CMP008,SOUTH,1,0
1954,2026-01-07 17:06:59,CMP022,WEST,1,0
1955,2026-01-05 00:12:50,CMP024,NORTH,1,1
1956,2026-01-06 19:51:12,CMP010,SOUTH,1,0
1957,2026-01-05 12:37:06,CMP012,SOUTH,1,0
1958,2026-01-12 12:54:46,CMP003,WEST,1,0
1959,2026-01-05 08:38:19,CMP006,WEST ,1,0
1960,2026-01-11 01:11:31,CMP016,WEST,1,0
1961,2026-01-12 22:20:44,CMP001,SOUTH,1,0
1962,2026-01-07 19:44:21,CMP014,SOUTH,1,0
1963,2026-01-07 19:53:16,CMP014,WEST,1,0
1964,2026-01-07 16:39:24,CMP002,NORTH ,1,1
1965,2026-01-12 11:40:41,CMP013,SOUTH,1,0
1966,2026-01-14 21:50:36,CMP009,NORTH,1,0
1967,2026-01-12 02:36:11,CMP004,EAST,1,0
1968,2026-01-07 06:28:59,CMP016,SOUTH,1,0
1969,2026-01-12 10:45:17,CMP022,EAST ,1,0
1970,2026-01-12 18:50:38,CMP007,WEST,1,0
1971,2026-01-09 08:01:30,CMP015,NORTH,1,0
1972,2026-01-06 20:57:17,CMP025,NORTH,1,0
1973,2026-01-08 07:34:30,CMP022,NORTH,1,0
1974,2026-01-13 08:31:16,CMP020,SOUTH,1,0
1975,2026-01-10 07:42:12,CMP010,WEST,1,0
1976,2026-01-06 09:50:40,CMP013,SOUTH ,1,0
1977,2026-01-14 19:33:21,CMP002,WEST,1,0
1978,2026-01-10 08:00:56,CMP023,WEST,1,0
1979,2026-01-08 11:42:31,CMP001,WEST ,1,0
1980,2026-01-05 00:08:14,CMP001, NORTH ,1,0
1981,2026-01-10 13:17:20,CMP002,EAST,1,0
1982,2026-01-10 05:33:26,CMP006,EAST ,1,0
1983,2026-01-06 11:48:14,CMP023,EAST,1,0
1984,2026-01-13 07:57:24,CMP023,SOUTH,1,0
1985,2026-01-10 09:06:53,CMP014,SOUTH,1,0
1986,2026-01-05 02:36:06,CMP013,EAST,1,0
1987,2026-01-06 11:02:29,CMP009,SOUTH ,1,0
1988,2026-01-07 18:22:24,CMP005,WEST,1,0
1989,2026-01-12 14:37:46,CMP017,NORTH ,1,0
1990,2026-01-12 10:14:48,CMP015,WEST ,1,0
1991,2026-01-13 20:18:27,CMP013, EAST,1,0
1992,2026-01-11 13:38:13,CMP019,WEST,1,0
1993,2026-01-14 14:43:47,CMP007,NORTH ,1,0
1994,2026-01-08 06:49:50,CMP016,SOUTH,1,0
1995,2026-01-10 16:27:18,CMP021,WEST,1,0
1996,2026-01-11 08:38:54,CMP002,SOUTH,1,0
1997,2026-01-08 04:40:37,CMP011, SOUTH ,1,1
1998,2026-01-09 18:04:52,CMP001,NORTH,1,0
1999,2026-01-12 13:51:14,CMP004,WEST,1,0
2000,2026-01-13 11:16:32,CMP011, SOUTH,1,1
2001,2026-01-14 17:07:32,CMP012,WEST ,1,0
2002,2026-01-07 14:18:59,CMP001,NORTH,1,0
2003,2026-01-12 18:13:28,CMP003,WEST,1,0
2004,2026-01-12 10:08:39,CMP003,WEST,1,0
2005,2026-01-14 23:59:31,CMP023,NORTH,1,0
2006,2026-01-11 13:22:07,CMP017,NORTH,1,0
2007,2026-01-07 11:16:48,CMP009,EAST,1,0
2008,2026-01-12 21:32:11,CMP011,NORTH,1,0
2009,2026-01-06 23:58:37,CMP012,WEST,1,0
2010,2026-01-08 06:25:03,CMP003,WEST,1,0
2011,2026-01-09 05:34:43,CMP007,EAST,1,0
2012,2026-01-12 12:27:26,CMP022,WEST ,1,0
2013,2026-01-06 01:43:09,CMP005,NORTH,1,0
2014,2026-01-11 16:29:36,CMP010,WEST,1,0
2015,2026-01-06 16:16:26,CMP012,WEST ,1,0
2016,2026-01-08 02:04:58,CMP023, SOUTH,1,0
2017,2026-01-06 06:27:12,CMP024,WEST,1,0
2018,2026-01-05 23:05:17,CMP016, NORTH ,1,0
2019,2026-01-08 04:19:46,CMP018,SOUTH,1,0
2020,2026-01-14 11:58:12,CMP016,WEST,1,0
2021,2026-01-10 16:19:14,CMP013,NORTH,1,0
2022,2026-01-12 05:53:17,CMP011, SOUTH,1,0
2023,2026-01-07 08:07:19,CMP009,EAST,1,0
2024,2026-01-07 18:15:01,CMP017,WEST ,1,0
2025,2026-01-14 10:11:48,CMP006, WEST,1,0
2026,2026-01-12 19:34:26,CMP007,NORTH,1,0
2027,2026-01-09 01:25:34,CMP016,SOUTH,1,1
2028,2026-01-07 15:08:05,CMP007,NORTH ,1,0
2029,2026-01-13 08:10:48,CMP012,SOUTH,1,1
2030,2026-01-09 21:59:16,CMP022,EAST,1,0
2031,2026-01-05 10:32:39,CMP004,SOUTH ,1,1
2032,2026-01-13 02:08:01,CMP006,EAST,1,0
2033,2026-01-09 20:04:40,CMP025,SOUTH ,1,0
2034,2026-01-09 12:39:44,CMP010,EAST,1,1
2035,2026-01-08 01:26:20,CMP012,EAST,1,0
2036,2026-01-07 17:49:45,CMP019, EAST ,1,0
2037,2026-01-11 14:00:38,CMP025, NORTH,1,0
2038,2026-01-08 22:00:13,CMP009,EAST ,1,0
2039,2026-01-10 16:51:27,CMP013,SOUTH,1,0
2040,2026-01-05 15:23:41,CMP010,NORTH,1,0
2041,2026-01-13 05:18:54,CMP022,EAST ,1,0
2042,2026-01-07 14:27:19,CMP023,NORTH,1,0
2043,2026-01-11 04:04:52,CMP002,NORTH,1,0
2044,2026-01-07 09:19:02,CMP006,SOUTH,1,0
2045,2026-01-06 10:22:49,CMP016,NORTH ,1,0
2046,2026-01-06 13:43:07,CMP007,EAST,1,0
2047,2026-01-12 05:01:40,CMP004,EAST,1,0
2048,2026-01-05 13:18:54,CMP023,NORTH,1,0
2049,2026-01-12 07:47:34,CMP024, WEST,1,0
2050,2026-01-09 21:43:14,CMP007,NORTH,1,0
2051,2026-01-09 23:46:42,CMP016,WEST,1,0
2052,2026-01-07 19:51:01,CMP009,SOUTH,1,0
2053,2026-01-08 05:38:32,CMP004,WEST,1,0
2054,2026-01-12 17:41:33,CMP023,SOUTH,1,0
2055,2026-01-13 23:34:10,CMP001,WEST,1,0
2056,2026-01-14 22:10:15,CMP009,SOUTH,1,0
2057,2026-01-11 20:56:55,CMP002,NORTH ,1,0
2058,2026-01-07 01:35:16,CMP025,WEST,1,0
2059,2026-01-05 03:36:27,CMP014,EAST,1,0
2060,2026-01-10 18:28:14,CMP021,WEST ,1,0
2061,2026-01-10 07:21:39,CMP011,SOUTH,1,0
2062,2026-01-10 11:07:36,CMP022,NORTH ,1,0
2063,2026-01-10 11:35:48,CMP015,SOUTH ,1,0
2064,2026-01-05 18:02:35,CMP006, SOUTH,1,0
2065,2026-01-08 17:47:49,CMP001, EAST,1,0
2066,2026-01-06 07:06:29,CMP006,NORTH,1,0
2067,2026-01-13 18:59:23,CMP025,WEST,1,0
2068,2026-01-13 11:12:58,CMP019,SOUTH,1,0
2069,2026-01-13 14:00:37,CMP023,SOUTH,1,0
2070,2026-01-09 19:47:24,CMP021,NORTH,1,0
2071,2026-01-13 06:49:59,CMP016,SOUTH,1,0
2072,2026-01-13 00:50:39,CMP006,NORTH ,1,0
2073,2026-01-08 15:43:40,CMP011,EAST,1,0
2074,2026-01-05 06:59:13,CMP006,NORTH ,1,0
2075,2026-01-13 06:14:18,CMP023, SOUTH,1,0
2076,2026-01-10 11:43:23,CMP007,NORTH,1,0
2077,2026-01-09 21:03:01,CMP021,NORTH,1,0
2078,2026-01-13 20:26:09,CMP004,EAST,1,0
2079,2026-01-14 17:31:35,CMP010,WEST,1,0
2080,2026-01-13 06:28:50,CMP011,NORTH,1,0
2081,2026-01-05 22:40:40,CMP019,SOUTH,1,0
2082,2026-01-05 19:45:13,CMP013,WEST,1,0
2083,2026-01-09 00:53:38,CMP021,WEST ,1,0
2084,2026-01-10 05:52:08,CMP016,WEST,1,0
2085,2026-01-07 02:54:49,CMP001,NORTH ,1,0
2086,2026-01-08 07:16:32,CMP002,SOUTH ,1,0
2087,2026-01-10 16:14:57,CMP011,NORTH,1,0
2088,2026-01-12 13:17:29,CMP005, EAST,1,0
2089,2026-01-12 03:29:37,CMP006,SOUTH ,1,0
2090,2026-01-05 15:41:37,CMP003,WEST,1,0
2091,2026-01-08 14:16:31,CMP025,NORTH,1,0
2092,2026-01-07 21:07:18,CMP007, NORTH,1,0
2093,2026-01-07 07:27:58,CMP018,SOUTH,1,0
2094,2026-01-13 21:06:25,CMP005,EAST,1,0
2095,2026-01-09 15:45:46,CMP004,SOUTH,1,0
2096,2026-01-09 06:00:13,CMP024,SOUTH ,1,0
2097,2026-01-14 07:45:35,CMP013,SOUTH,1,0
2098,2026-01-09 17:53:40,CMP010,SOUTH ,1,0
2099,2026-01-12 16:36:33,CMP005,NORTH,1,0
2100,2026-01-14 15:14:23,CMP004,SOUTH,1,0
2101,2026-01-14 09:40:37,CMP002,SOUTH,1,0
2102,2026-01-08 09:16:02,CMP017,NORTH,1,1
2103,2026-01-09 13:24:52,CMP003,SOUTH ,1,0
2104,2026-01-05 18:37:30,CMP025,EAST,1,0
2105,2026-01-12 06:04:43,CMP008,NORTH,1,0
2106,2026-01-08 21:32:25,CMP020,NORTH,1,0
2107,2026-01-05 04:47:01,CMP008,WEST ,1,1
2108,2026-01-06 11:30:02,CMP017,SOUTH,1,0
2109,2026-01-06 07:25:32,CMP016,NORTH,1,0
2110,2026-01-05 21:59:11,CMP010,WEST,1,0
2111,2026-01-05 04:12:50,CMP006,NORTH ,1,0
2112,2026-01-10 03:03:46,CMP011,SOUTH,1,0
2113,2026-01-07 16:24:19,CMP009, WEST,1,0
2114,2026-01-14 03:59:18,CMP008,SOUTH,1,0
2115,2026-01-10 23:43:50,CMP006,NORTH ,1,1
2116,2026-01-10 18:20:26,CMP021,WEST,1,0
2117,2026-01-10 21:09:56,CMP009,WEST,1,0
2118,2026-01-11 07:19:59,CMP021,EAST,1,0
2119,2026-01-12 17:55:06,CMP016,NORTH,1,0
2120,2026-01-08 14:02:55,CMP013,EAST,1,0
2121,2026-01-11 10:10:03,CMP019, NORTH,1,0
2122,2026-01-10 11:55:46,CMP022,NORTH,1,0
2123,2026-01-11 00:24:06,CMP004,EAST,1,0
2124,2026-01-12 03:29:55,CMP017,EAST,1,0
2125,2026-01-12 02:59:03,CMP007,SOUTH,1,0
2126,2026-01-10 18:06:05,CMP018,SOUTH ,1,0
2127,2026-01-05 06:27:35,CMP013,EAST,1,0
2128,2026-01-13 17:47:39,CMP007,EAST ,1,0
2129,2026-01-14 17:03:46,CMP010, NORTH ,1,0
2130,2026-01-10 03:29:05,CMP007,SOUTH,1,0
2131,2026-01-09 07:48:06,CMP018,EAST ,1,1
2132,2026-01-06 06:14:04,CMP006,NORTH,1,0
2133,2026-01-09 02:44:45,CMP022,EAST ,1,0
2134,2026-01-10 19:12:50,CMP023,WEST,1,0
2135,2026-01-12 08:56:04,CMP006, EAST,1,0
2136,2026-01-09 21:53:36,CMP021,EAST,1,0
2137,2026-01-06 20:15:50,CMP013,WEST ,1,1
2138,2026-01-06 20:52:55,CMP023,WEST,1,0
2139,2026-01-10 17:45:46,CMP014,NORTH,1,0
2140,2026-01-11 12:02:40,CMP021, SOUTH ,1,0
2141,2026-01-13 10:12:27,CMP023, SOUTH,1,0
2142,2026-01-13 08:49:02,CMP021,SOUTH,1,0
2143,2026-01-10 15:03:31,CMP011,WEST,1,0
2144,2026-01-06 10:41:09,CMP011, NORTH,1,0
2145,2026-01-13 20:36:11,CMP008,NORTH,1,0
2146,2026-01-10 04:13:59,CMP020,SOUTH,1,0
2147,2026-01-13 08:46:15,CMP002,WEST,1,0
2148,2026-01-12 11:54:13,CMP005, SOUTH ,1,1
2149,2026-01-08 06:45:11,CMP005,EAST,1,0
2150,2026-01-09 05:32:28,CMP017,NORTH,1,0
2151,2026-01-09 13:28:28,CMP012,SOUTH,1,0
2152,2026-01-07 03:53:12,CMP002,SOUTH,1,0
2153,2026-01-12 18:45:44,CMP011,SOUTH,1,0
2154,2026-01-08 09:08:05,CMP025,SOUTH,1,0
2155,2026-01-11 18:00:08,CMP009,NORTH,1,0
2156,2026-01-10 01:32:04,CMP022,WEST ,1,0
2157,2026-01-09 18:55:06,CMP010,EAST,1,0
2158,2026-01-11 11:17:18,CMP005, SOUTH ,1,0
2159,2026-01-06 20:25:54,CMP002,EAST,1,0
2160,2026-01-10 16:42:26,CMP020,WEST,1,1
2161,2026-01-06 19:17:35,CMP013,NORTH,1,0
2162,2026-01-06 15:38:01,CMP021,NORTH,1,0
2163,2026-01-13 02:37:19,CMP017,NORTH,1,0
2164,2026-01-13 23:24:22,CMP002,NORTH,1,0
2165,2026-01-11 09:24:39,CMP015,SOUTH,1,0
2166,2026-01-14 21:15:32,CMP015,WEST,1,0
2167,2026-01-11 12:13:01,CMP004,NORTH,1,0
2168,2026-01-06 15:12:36,CMP011,NORTH,1,0
2169,2026-01-08 04:21:41,CMP010,SOUTH,1,0
2170,2026-01-07 21:32:34,CMP016,NORTH ,1,0
2171,2026-01-12 18:59:13,CMP017,EAST,1,0
2172,2026-01-06 10:40:00,CMP023,EAST,1,0
2173,2026-01-11 10:03:34,CMP002,EAST,1,1
2174,2026-01-13 19:10:22,CMP019,SOUTH,1,0
2175,2026-01-06 03:57:55,CMP006,WEST,1,0
2176,2026-01-14 06:49:39,CMP006,NORTH,1,0
2177,2026-01-12 03:22:42,CMP009,WEST,1,0
2178,2026-01-05 12:38:27,CMP014,EAST ,1,0
2179,2026-01-10 08:56:24,CMP001,WEST,1,0
2180,2026-01-08 23:31:00,CMP015,EAST,1,0
2181,2026-01-11 21:26:46,CMP021,EAST,1,0
2182,2026-01-06 14:22:16,CMP001,NORTH,1,0
2183,2026-01-09 18:22:03,CMP022,NORTH,1,0
2184,2026-01-09 12:09:46,CMP004,EAST ,1,0
2185,2026-01-09 10:12:40,CMP021,SOUTH,1,0
2186,2026-01-14 18:53:43,CMP009,SOUTH,1,0
2187,2026-01-14 08:39:51,CMP010,SOUTH,1,0
2188,2026-01-05 07:29:47,CMP005,WEST,1,0
2189,2026-01-12 03:23:41,CMP014,WEST,1,1
2190,2026-01-06 19:56:42,CMP006,NORTH,1,0
2191,2026-01-06 19:01:15,CMP005,EAST,1,0
2192,2026-01-09 00:26:42,CMP017,NORTH,1,0
2193,2026-01-14 20:13:51,CMP019,SOUTH ,1,0
2194,2026-01-10 05:43:05,CMP025,EAST,1,0
2195,2026-01-10 21:18:26,CMP014,SOUTH,1,0
2196,2026-01-12 04:15:14,CMP012,NORTH,1,0
2197,2026-01-09 03:48:24,CMP018,SOUTH,1,0
2198,2026-01-09 06:10:35,CMP017,WEST,1,1
2199,2026-01-11 22:24:56,CMP023,WEST,1,0
2200,2026-01-06 22:41:33,CMP020,WEST,1,0
2201,2026-01-13 15:51:21,CMP023,EAST,1,1
2202,2026-01-08 00:34:24,CMP017,SOUTH,1,0
2203,2026-01-10 14:48:54,CMP024,EAST,1,0
2204,2026-01-14 07:10:11,CMP017,WEST,1,0
2205,2026-01-12 17:31:22,CMP014, SOUTH,1,0
2206,2026-01-12 13:47:07,CMP001,NORTH,1,0
2207,2026-01-13 21:00:09,CMP008,SOUTH,1,0
2208,2026-01-06 16:52:26,CMP022,WEST ,1,0
2209,2026-01-09 07:32:57,CMP017,WEST,1,0
2210,2026-01-13 18:34:14,CMP005,NORTH,1,0
2211,2026-01-07 05:45:51,CMP002, SOUTH ,1,0
2212,2026-01-08 09:11:55,CMP005,NORTH,1,0
2213,2026-01-13 05:39:25,CMP005,WEST,1,0
2214,2026-01-12 05:17:03,CMP013,NORTH,1,0
2215,2026-01-07 09:39:48,CMP007,NORTH ,1,0
2216,2026-01-05 20:27:23,CMP015,SOUTH,1,0
2217,2026-01-09 10:40:36,CMP019,NORTH,1,0
2218,2026-01-13 02:55:48,CMP019,NORTH,1,0
2219,2026-01-10 18:01:09,CMP020,NORTH ,1,0
2220,2026-01-06 01:33:37,CMP008,WEST,1,0
2221,2026-01-09 13:29:21,CMP024,NORTH ,1,0
2222,2026-01-09 05:33:28,CMP024,EAST,1,0
2223,2026-01-11 21:42:21,CMP002,SOUTH,1,0
2224,2026-01-11 11:49:19,CMP016,EAST,1,0
2225,2026-01-07 09:55:31,CMP011,WEST,1,0
2226,2026-01-10 22:36:42,CMP022,EAST,1,0
2227,2026-01-09 10:59:17,CMP017,SOUTH ,1,0
2228,2026-01-06 17:29:32,CMP012,SOUTH,1,0
2229,2026-01-09 10:28:11,CMP009,NORTH,1,0
2230,2026-01-06 13:32:07,CMP002,WEST,1,0
2231,2026-01-06 11:56:21,CMP009,EAST ,1,0
2232,2026-01-07 12:30:33,CMP001,EAST,1,0
2233,2026-01-14 10:28:07,CMP025,SOUTH,1,0
2234,2026-01-05 16:38:31,CMP017, SOUTH,1,0
2235,2026-01-13 11:24:19,CMP014,EAST,1,0
2236,2026-01-07 15:02:06,CMP011,SOUTH,1,0
2237,2026-01-14 17:24:57,CMP017,WEST,1,0
2238,2026-01-06 08:04:17,CMP012,NORTH,1,0
2239,2026-01-11 04:04:50,CMP023, NORTH,1,0
2240,2026-01-09 02:13:31,CMP009,SOUTH,1,1
2241,2026-01-07 14:21:56,CMP012,EAST,1,0
2242,2026-01-08 04:49:19,CMP005,SOUTH ,1,0
2243,2026-01-09 08:35:34,CMP018,SOUTH,1,0
2244,2026-01-10 18:47:06,CMP012,NORTH,1,0
2245,2026-01-12 11:04:37,CMP007,NORTH,1,0
2246,2026-01-07 15:13:36,CMP007,WEST ,1,1
2247,2026-01-08 03:33:21,CMP022,SOUTH,1,0
2248,2026-01-05 19:07:56,CMP023,SOUTH,1,0
2249,2026-01-07 14:15:35,CMP006,NORTH,1,0
2250,2026-01-08 01:04:04,CMP005,EAST,1,0
2251,2026-01-13 11:16:29,CMP015,EAST,1,0
2252,2026-01-12 21:37:10,CMP025,NORTH,1,0
2253,2026-01-12 11:20:19,CMP015,EAST,1,0
2254,2026-01-07 09:10:26,CMP022,EAST,1,0
2255,2026-01-07 00:40:24,CMP020, EAST,1,0
2256,2026-01-09 22:13:40,CMP010,EAST,1,0
2257,2026-01-09 05:23:53,CMP008,SOUTH,1,0
2258,2026-01-12 14:16:06,CMP020, NORTH,1,0
2259,2026-01-13 10:14:23,CMP015, NORTH,1,0
2260,2026-01-09 13:08:07,CMP015,WEST,1,0
2261,2026-01-07 02:53:52,CMP002,NORTH ,1,0
2262,2026-01-13 19:38:01,CMP012,NORTH,1,0
2263,2026-01-10 03:53:11,CMP020,NORTH,1,0
2264,2026-01-14 15:00:37,CMP021,SOUTH,1,0
2265,2026-01-08 06:08:14,CMP014,EAST,1,0
2266,2026-01-08 16:11:23,CMP021,EAST,1,1
2267,2026-01-05 02:15:32,CMP021,EAST,1,0
2268,2026-01-12 03:46:56,CMP006,SOUTH,1,0
2269,2026-01-09 21:39:42,CMP018,EAST ,1,0
2270,2026-01-07 14:30:25,CMP023,WEST ,1,0
2271,2026-01-09 19:30:05,CMP012,NORTH ,1,0
2272,2026-01-06 08:33:21,CMP001,NORTH,1,0
2273,2026-01-14 18:18:38,CMP025,SOUTH,1,0
2274,2026-01-09 01:48:50,CMP001,SOUTH,1,0
2275,2026-01-08 17:12:40,CMP003,WEST,1,0
2276,2026-01-11 03:11:47,CMP013,EAST,1,0
2277,2026-01-12 15:26:52,CMP009,WEST,1,1
2278,2026-01-14 11:30:54,CMP008, WEST,1,0
2279,2026-01-11 15:09:48,CMP024,NORTH,1,0
2280,2026-01-06 06:18:00,CMP011,WEST,1,0
2281,2026-01-09 02:31:14,CMP002,WEST,1,0
2282,2026-01-12 18:22:03,CMP012,SOUTH,1,0
2283,2026-01-13 11:03:54,CMP007,SOUTH,1,1
2284,2026-01-09 02:56:15,CMP012,EAST,1,0
2285,2026-01-13 10:03:19,CMP021,SOUTH,1,0
2286,2026-01-06 00:19:53,CMP023,SOUTH,1,0
2287,2026-01-08 21:05:53,CMP018,WEST,1,0
2288,2026-01-14 23:55:39,CMP023,EAST,1,0
2289,2026-01-06 09:37:20,CMP006,EAST ,1,0
2290,2026-01-11 07:30:40,CMP009,NORTH,1,0
2291,2026-01-07 15:05:46,CMP020,NORTH,1,1
2292,2026-01-06 12:14:05,CMP008, WEST,1,0
2293,2026-01-06 18:10:05,CMP015, EAST ,1,0
2294,2026-01-14 05:02:28,CMP017,EAST,1,0
2295,2026-01-14 09:06:42,CMP008,SOUTH ,1,0
2296,2026-01-06 05:00:40,CMP005,NORTH,1,0
2297,2026-01-12 22:46:33,CMP001,SOUTH,1,0
2298,2026-01-05 09:39:19,CMP011,SOUTH,1,0
2299,2026-01-13 15:23:55,CMP011,NORTH ,1,0
2300,2026-01-08 18:57:18,CMP018,SOUTH,1,0
2301,2026-01-05 14:50:47,CMP019,EAST,1,0
2302,2026-01-14 00:56:09,CMP001,WEST,1,0
2303,2026-01-14 23:43:01,CMP013,WEST,1,0
2304,2026-01-05 20:05:43,CMP020, SOUTH,1,0
2305,2026-01-08 07:21:39,CMP025,WEST,1,0
2306,2026-01-14 23:45:59,CMP019,EAST ,1,0
2307,2026-01-08 21:23:18,CMP008,WEST ,1,0
2308,2026-01-11 13:25:11,CMP010,WEST,1,0
2309,2026-01-13 10:23:32,CMP010,WEST,1,0
2310,2026-01-05 08:38:24,CMP007,SOUTH,1,0
2311,2026-01-09 06:08:36,CMP001,SOUTH,1,0
2312,2026-01-10 05:36:52,CMP014,WEST,1,0
2313,2026-01-14 02:56:35,CMP007,WEST,1,0
2314,2026-01-09 04:23:26,CMP008,SOUTH,1,0
2315,2026-01-13 23:30:54,CMP010,SOUTH,1,0
2316,2026-01-10 07:45:36,CMP021,NORTH,1,0
2317,2026-01-09 05:07:24,CMP019,EAST,1,0
2318,2026-01-12 20:26:23,CMP015,NORTH,1,0
2319,2026-01-13 14:17:08,CMP019,WEST,1,0
2320,2026-01-11 00:04:41,CMP008,EAST,1,0
2321,2026-01-11 06:02:26,CMP010, SOUTH,1,0
2322,2026-01-14 18:51:48,CMP021,SOUTH ,1,0
2323,2026-01-11 06:36:02,CMP016,WEST,1,0
2324,2026-01-06 16:01:06,CMP016,WEST,1,0
2325,2026-01-14 13:55:22,CMP006,WEST ,1,0
2326,2026-01-13 00:27:22,CMP004,EAST,1,0
2327,2026-01-08 03:03:44,CMP006,WEST,1,0
2328,2026-01-09 01:40:08,CMP011,EAST,1,0
2329,2026-01-11 19:44:26,CMP007, WEST,1,0
2330,2026-01-12 17:38:29,CMP013,SOUTH,1,0
2331,2026-01-12 03:05:57,CMP007,EAST,1,0
2332,2026-01-13 16:09:21,CMP024,EAST,1,0
2333,2026-01-05 03:47:55,CMP025,NORTH,1,1
2334,2026-01-14 07:31:25,CMP009,EAST ,1,0
2335,2026-01-09 16:28:58,CMP019,NORTH,1,0
2336,2026-01-07 20:40:15,CMP012,SOUTH,1,0
2337,2026-01-07 07:08:09,CMP020,SOUTH,1,0
2338,2026-01-09 05:02:37,CMP025,SOUTH,1,0
2339,2026-01-08 00:30:28,CMP021,EAST,1,0
2340,2026-01-14 10:14:44,CMP011,WEST,1,0
2341,2026-01-09 13:36:46,CMP013,NORTH ,1,0
2342,2026-01-14 02:45:36,CMP021,WEST,1,0
2343,2026-01-11 15:55:10,CMP010,SOUTH,1,0
2344,2026-01-08 15:29:47,CMP003,SOUTH ,1,0
2345,2026-01-09 03:47:09,CMP010,EAST ,1,0
2346,2026-01-14 02:05:18,CMP010,NORTH,1,0
2347,2026-01-11 04:43:00,CMP003,WEST,1,0
2348,2026-01-09 04:18:27,CMP005,WEST,1,1
2349,2026-01-12 04:19:10,CMP010,NORTH,1,0
2350,2026-01-08 18:23:32,CMP023,SOUTH,1,0
2351,2026-01-07 05:25:07,CMP011,NORTH,1,0
2352,2026-01-12 12:00:20,CMP014,WEST,1,0
2353,2026-01-05 18:35:27,CMP008,WEST,1,0
2354,2026-01-09 15:53:05,CMP006,WEST ,1,0
2355,2026-01-09 10:05:02,CMP005,EAST,1,0
2356,2026-01-09 17:36:53,CMP003,SOUTH,1,0
2357,2026-01-07 00:28:08,CMP002, NORTH,1,1
2358,2026-01-08 14:33:25,CMP011,WEST,1,0
2359,2026-01-06 08:22:28,CMP015, NORTH,1,0
2360,2026-01-09 04:44:46,CMP003,EAST,1,0
2361,2026-01-12 04:16:38,CMP023,WEST,1,0
2362,2026-01-06 16:45:49,CMP013,EAST,1,0
2363,2026-01-06 23:06:11,CMP022,SOUTH,1,0
2364,2026-01-05 02:46:57,CMP019,WEST,1,0
2365,2026-01-13 07:16:06,CMP011, NORTH,1,0
2366,2026-01-12 06:28:31,CMP008,EAST,1,0
2367,2026-01-05 11:46:19,CMP007,EAST,1,0
2368,2026-01-10 10:45:19,CMP005, WEST,1,0
2369,2026-01-09 16:11:20,CMP013,WEST,1,0
2370,2026-01-11 02:44:47,CMP010,SOUTH,1,0
2371,2026-01-08 12:07:21,CMP013,NORTH ,1,0
2372,2026-01-13 02:32:37,CMP005,SOUTH ,1,0
2373,2026-01-10 19:16:06,CMP018,SOUTH,1,0
2374,2026-01-07 15:39:16,CMP022,EAST,1,0
2375,2026-01-10 21:08:38,CMP014,EAST,1,0
2376,2026-01-07 17:48:25,CMP003,SOUTH,1,1
2377,2026-01-10 16:26:06,CMP004,NORTH,1,0
2378,2026-01-07 08:53:47,CMP019,EAST ,1,0
2379,2026-01-09 20:15:24,CMP008,SOUTH,1,0
2380,2026-01-08 09:21:23,CMP009,EAST,1,0
2381,2026-01-10 05:52:13,CMP025,WEST,1,0
2382,2026-01-12 04:58:56,CMP019,EAST,1,0
2383,2026-01-11 12:20:06,CMP011,EAST,1,0
2384,2026-01-08 12:31:08,CMP020,WEST,1,0
2385,2026-01-09 06:03:51,CMP007, WEST,1,0
2386,2026-01-08 13:55:43,CMP004,EAST,1,0
2387,2026-01-08 04:56:58,CMP012,SOUTH,1,0
2388,2026-01-11 22:24:23,CMP019,WEST,1,0
2389,2026-01-12 00:47:01,CMP008,SOUTH,1,0
2390,2026-01-06 00:58:26,CMP024,WEST,1,0
2391,2026-01-07 07:52:31,CMP008,WEST,1,0
2392,2026-01-06 21:48:33,CMP015,WEST,1,0
2393,2026-01-14 05:04:03,CMP005,WEST,1,0
2394,2026-01-11 23:46:31,CMP017,NORTH,1,0
2395,2026-01-06 08:03:50,CMP005,WEST,1,0
2396,2026-01-12 08:18:38,CMP009,NORTH,1,0
2397,2026-01-08 02:32:28,CMP002,EAST,1,0
2398,2026-01-07 17:25:09,CMP005,EAST,1,0
2399,2026-01-09 20:48:43,CMP003,WEST,1,0
2400,2026-01-11 19:47:46,CMP019,SOUTH ,1,0
2401,2026-01-11 03:32:57,CMP019,NORTH,1,0
2402,2026-01-05 15:37:37,CMP021,WEST,1,0
2403,2026-01-12 10:47:03,CMP008,NORTH,1,0
2404,2026-01-09 06:56:01,CMP006,SOUTH,1,0
2405,2026-01-14 18:21:36,CMP005,WEST,1,0
2406,2026-01-10 14:56:59,CMP003,EAST,1,0
2407,2026-01-14 20:42:47,CMP003,NORTH,1,1
2408,2026-01-07 21:02:44,CMP009,NORTH ,1,0
2409,2026-01-11 20:33:20,CMP004, EAST,1,0
2410,2026-01-08 02:34:08,CMP016,EAST,1,0
2411,2026-01-13 14:51:55,CMP015,WEST,1,0
2412,2026-01-11 11:31:09,CMP010,WEST ,1,0
2413,2026-01-12 04:12:25,CMP003,NORTH,1,0
2414,2026-01-10 00:32:36,CMP025,WEST,1,0
2415,2026-01-12 04:53:27,CMP006,EAST,1,0
2416,2026-01-06 20:16:44,CMP020,SOUTH,1,0
2417,2026-01-07 16:25:59,CMP023,SOUTH,1,0
2418,2026-01-12 18:41:01,CMP023,SOUTH,1,0
2419,2026-01-06 21:36:10,CMP015,SOUTH,1,0
2420,2026-01-05 01:06:17,CMP015,EAST,1,0
2421,2026-01-10 09:46:05,CMP021,SOUTH,1,0
2422,2026-01-14 17:53:58,CMP019,SOUTH,1,0
2423,2026-01-08 17:39:59,CMP017, EAST,1,0
2424,2026-01-07 16:35:50,CMP024,SOUTH,1,0
2425,2026-01-12 03:21:17,CMP006,SOUTH,1,0
2426,2026-01-07 03:01:48,CMP001,WEST,1,0
2427,2026-01-12 10:17:50,CMP014,NORTH,1,0
2428,2026-01-07 12:36:14,CMP015,WEST ,1,0
2429,2026-01-06 07:37:52,CMP022,EAST,1,0
2430,2026-01-14 16:32:40,CMP005,SOUTH,1,0
2431,2026-01-10 05:19:59,CMP003,WEST,1,1
2432,2026-01-07 08:03:05,CMP020,EAST,1,0
2433,2026-01-09 02:25:34,CMP024,NORTH,1,0
2434,2026-01-11 12:05:36,CMP006,WEST,1,0
2435,2026-01-05 17:48:16,CMP007,SOUTH ,1,0
2436,2026-01-14 23:25:20,CMP019,SOUTH,1,0
2437,2026-01-09 05:46:26,CMP016,SOUTH ,1,0
2438,2026-01-14 15:15:22,CMP009,WEST,1,0
2439,2026-01-12 01:12:55,CMP016,SOUTH,1,0
2440,2026-01-05 12:02:52,CMP017,WEST,1,0
2441,2026-01-13 21:14:12,CMP003,WEST,1,0
2442,2026-01-10 01:35:02,CMP017,WEST,1,0
2443,2026-01-13 09:09:54,CMP016,WEST ,1,0
2444,2026-01-11 02:54:29,CMP023,NORTH,1,0
2445,2026-01-07 12:44:30,CMP005,NORTH,1,0
2446,2026-01-12 20:25:06,CMP022,WEST,1,0
2447,2026-01-07 11:13:48,CMP018,SOUTH,1,1
2448,2026-01-08 17:49:20,CMP011,WEST,1,1
2449,2026-01-10 07:18:19,CMP001, NORTH,1,0
2450,2026-01-08 20:02:32,CMP018,NORTH ,1,0
2451,2026-01-14 05:40:19,CMP025, SOUTH,1,0
2452,2026-01-05 13:52:26,CMP005,EAST,1,0
2453,2026-01-08 08:33:02,CMP004,NORTH,1,0
2454,2026-01-05 13:49:27,CMP003, NORTH,1,0
2455,2026-01-12 06:29:53,CMP006,EAST,1,0
2456,2026-01-10 12:44:01,CMP018,EAST ,1,0
2457,2026-01-06 06:28:17,CMP006,SOUTH ,1,0
2458,2026-01-05 17:38:31,CMP023,EAST,1,1
2459,2026-01-12 05:27:37,CMP022,NORTH,1,0
2460,2026-01-07 07:55:30,CMP019,EAST,1,0
2461,2026-01-13 00:21:54,CMP001,NORTH,1,0
2462,2026-01-08 11:55:15,CMP013,WEST,1,0
2463,2026-01-10 00:03:07,CMP006,WEST,1,0
2464,2026-01-05 11:16:27,CMP016,SOUTH ,1,0
2465,2026-01-10 20:35:22,CMP017,SOUTH,1,0
2466,2026-01-05 15:52:45,CMP019,NORTH ,1,0
2467,2026-01-07 12:34:22,CMP017,WEST,1,0
2468,2026-01-14 05:11:20,CMP015,WEST ,1,0
2469,2026-01-14 20:54:17,CMP021,SOUTH,1,0
2470,2026-01-09 00:36:06,CMP010,NORTH,1,0
2471,2026-01-14 04:39:06,CMP022,SOUTH,1,0
2472,2026-01-07 02:07:31,CMP022, NORTH,1,0
2473,2026-01-10 08:31:29,CMP002,WEST,1,0
2474,2026-01-12 04:18:06,CMP010,NORTH ,1,0
2475,2026-01-13 03:39:17,CMP015,WEST,1,0
2476,2026-01-05 20:34:25,CMP023,WEST,1,0
2477,2026-01-10 13:01:24,CMP025,EAST ,1,0
2478,2026-01-07 17:12:14,CMP020,SOUTH,1,0
2479,2026-01-08 12:39:04,CMP003,NORTH ,1,0
2480,2026-01-14 17:59:57,CMP020,WEST,1,0
2481,2026-01-11 18:10:21,CMP002,EAST,1,0
2482,2026-01-13 10:39:41,CMP021,EAST,1,0
2483,2026-01-06 20:14:10,CMP019,NORTH ,1,0
2484,2026-01-11 02:27:59,CMP025, WEST,1,0
2485,2026-01-14 22:33:42,CMP021, NORTH,1,0
2486,2026-01-05 11:09:59,CMP025,WEST ,1,0
2487,2026-01-13 03:44:05,CMP017,SOUTH ,1,0
2488,2026-01-08 20:42:42,CMP013,WEST,1,0
2489,2026-01-09 16:03:34,CMP007,SOUTH ,1,0
2490,2026-01-05 12:13:10,CMP010,SOUTH,1,0
2491,2026-01-13 06:29:34,CMP002,EAST,1,0
2492,2026-01-07 15:09:50,CMP019,SOUTH,1,0
2493,2026-01-14 19:16:28,CMP013,SOUTH,1,0
2494,2026-01-05 08:58:50,CMP025,EAST,1,0
2495,2026-01-06 03:37:05,CMP025,SOUTH,1,0
2496,2026-01-06 03:36:07,CMP016, EAST,1,0
2497,2026-01-11 19:02:12,CMP024,EAST,1,0
2498,2026-01-11 15:02:20,CMP001,WEST,1,0
2499,2026-01-07 06:02:42,CMP012,EAST,1,0
2500,2026-01-06 11:38:22,CMP001,WEST ,1,0
2501,2026-01-07 04:01:26,CMP004,SOUTH,1,0
2502,2026-01-06 08:17:42,CMP012, SOUTH,1,0
2503,2026-01-12 19:21:09,CMP020, WEST ,1,0
2504,2026-01-14 06:12:16,CMP020,NORTH,1,0
2505,2026-01-09 23:06:03,CMP018,EAST,1,0
2506,2026-01-08 16:42:13,CMP023,EAST ,1,1
2507,2026-01-10 01:21:05,CMP025,WEST,1,0
2508,2026-01-08 07:37:47,CMP010,EAST ,1,0
2509,2026-01-06 07:27:25,CMP004,EAST,1,0
2510,2026-01-05 13:49:23,CMP013,SOUTH ,1,0
2511,2026-01-11 23:57:41,CMP024,EAST,1,0
2512,2026-01-12 06:14:01,CMP013, NORTH ,1,0
2513,2026-01-10 04:15:36,CMP025,SOUTH,1,0
2514,2026-01-11 18:04:54,CMP003,NORTH,1,0
2515,2026-01-06 14:58:01,CMP012,SOUTH,1,0
2516,2026-01-10 08:59:55,CMP001,NORTH,1,0
2517,2026-01-11 16:45:30,CMP018,WEST,1,0
2518,2026-01-11 11:29:01,CMP014,SOUTH,1,0
2519,2026-01-05 21:15:37,CMP007,WEST ,1,0
2520,2026-01-06 22:15:42,CMP013,NORTH ,1,0
2521,2026-01-14 07:31:02,CMP016,SOUTH,1,0
2522,2026-01-07 17:14:28,CMP022,NORTH ,1,0
2523,2026-01-07 12:04:59,CMP025,EAST,1,0
2524,2026-01-10 17:40:19,CMP005,NORTH,1,0
2525,2026-01-12 08:49:59,CMP002,WEST,1,0
2526,2026-01-14 08:08:39,CMP022,SOUTH,1,0
2527,2026-01-12 00:27:52,CMP015,NORTH ,1,0
2528,2026-01-13 20:10:05,CMP007,NORTH,1,0
2529,2026-01-14 12:24:53,CMP017,EAST,1,0
2530,2026-01-11 09:15:29,CMP014,NORTH,1,0
2531,2026-01-11 12:54:10,CMP018, NORTH,1,0
2532,2026-01-10 23:43:09,CMP018,SOUTH ,1,0
2533,2026-01-07 19:56:23,CMP022,SOUTH,1,0
2534,2026-01-05 21:30:05,CMP004,WEST,1,0
2535,2026-01-06 09:00:16,CMP022,WEST,1,0
2536,2026-01-13 15:49:08,CMP024,WEST,1,0
2537,2026-01-08 12:32:06,CMP012,SOUTH,1,0
2538,2026-01-05 19:57:18,CMP024,SOUTH ,1,0
2539,2026-01-06 17:32:09,CMP016, NORTH,1,0
2540,2026-01-06 13:03:25,CMP025,NORTH,1,0
2541,2026-01-08 11:32:17,CMP014,SOUTH,1,0
2542,2026-01-11 17:35:38,CMP001,SOUTH,1,0
2543,2026-01-13 12:01:07,CMP005,EAST,1,0
2544,2026-01-13 02:59:40,CMP017,EAST,1,1
2545,2026-01-14 01:16:39,CMP024,WEST,1,0
2546,2026-01-12 23:43:33,CMP017,SOUTH,1,0
2547,2026-01-07 06:12:16,CMP017, NORTH,1,0
2548,2026-01-09 19:12:18,CMP022,EAST,1,0
2549,2026-01-11 02:43:30,CMP008,WEST,1,0
2550,2026-01-06 03:25:07,CMP006,EAST,1,0
2551,2026-01-11 00:41:18,CMP023,EAST,1,0
2552,2026-01-05 05:49:21,CMP004,EAST ,1,0
2553,2026-01-07 23:30:14,CMP008,WEST,1,0
2554,2026-01-13 13:47:57,CMP021,WEST,1,0
2555,2026-01-08 00:13:53,CMP007,NORTH ,1,0
2556,2026-01-14 18:18:21,CMP007,NORTH,1,0
2557,2026-01-13 22:24:08,CMP023,SOUTH,1,0
2558,2026-01-07 03:34:20,CMP002,SOUTH ,1,0
2559,2026-01-14 13:13:05,CMP018,WEST,1,0
2560,2026-01-13 23:03:19,CMP003, NORTH ,1,0
2561,2026-01-14 07:55:15,CMP003,EAST,1,1
2562,2026-01-09 08:18:09,CMP017,EAST,1,0
2563,2026-01-14 14:51:34,CMP014, NORTH,1,0
2564,2026-01-08 23:52:45,CMP014,EAST ,1,0
2565,2026-01-08 22:14:44,CMP007,SOUTH,1,0
2566,2026-01-10 18:03:43,CMP019,SOUTH,1,0
2567,2026-01-08 06:47:33,CMP004,NORTH,1,0
2568,2026-01-05 11:39:09,CMP021,NORTH,1,0
2569,2026-01-12 04:07:30,CMP015,WEST,1,1
2570,2026-01-09 08:42:17,CMP001,SOUTH,1,0
2571,2026-01-13 22:58:24,CMP013, EAST,1,0
2572,2026-01-06 02:18:56,CMP024, NORTH,1,0
2573,2026-01-07 03:03:38,CMP013,WEST ,1,0
2574,2026-01-12 02:06:34,CMP022,NORTH,1,0
2575,2026-01-11 04:46:56,CMP001,WEST,1,0
2576,2026-01-10 15:06:24,CMP024,SOUTH,1,0
2577,2026-01-11 08:59:10,CMP007,NORTH,1,0
2578,2026-01-13 18:33:52,CMP020,WEST,1,0
2579,2026-01-13 14:21:32,CMP002,NORTH,1,0
2580,2026-01-13 21:46:51,CMP010,SOUTH,1,0
2581,2026-01-14 07:42:29,CMP018,NORTH,1,0
2582,2026-01-08 08:45:35,CMP007,EAST ,1,0
2583,2026-01-12 00:50:56,CMP024,WEST,1,0
2584,2026-01-07 22:30:11,CMP023, SOUTH,1,0
2585,2026-01-13 20:01:04,CMP009,NORTH,1,0
2586,2026-01-14 07:07:30,CMP011,SOUTH,1,0
2587,2026-01-09 05:35:45,CMP025,EAST ,1,0
2588,2026-01-10 22:33:25,CMP013,NORTH,1,0
2589,2026-01-06 12:20:20,CMP024,SOUTH,1,0
2590,2026-01-05 22:03:07,CMP018,NORTH,1,0
2591,2026-01-06 07:34:44,CMP012,EAST,1,0
2592,2026-01-05 03:43:11,CMP018,WEST,1,0
2593,2026-01-08 14:04:59,CMP014,NORTH,1,0
2594,2026-01-14 20:39:32,CMP018,SOUTH,1,0
2595,2026-01-12 02:31:15,CMP010,EAST ,1,0
2596,2026-01-10 16:53:18,CMP016,SOUTH,1,0
2597,2026-01-12 00:51:16,CMP016,NORTH,1,0
2598,2026-01-05 16:51:30,CMP013,WEST ,1,0
2599,2026-01-11 21:05:54,CMP014,SOUTH ,1,0
2600,2026-01-10 20:10:11,CMP020,WEST,1,0
2601,2026-01-06 14:38:08,CMP006,SOUTH,1,1
2602,2026-01-10 12:52:47,CMP010, SOUTH,1,0
2603,2026-01-11 03:08:26,CMP016,SOUTH,1,0
2604,2026-01-09 12:09:44,CMP007,SOUTH,1,0
2605,2026-01-14 22:17:03,CMP020,EAST,1,0
2606,2026-01-14 08:48:31,CMP023,EAST,1,1
2607,2026-01-08 06:41:54,CMP013,EAST,1,0
2608,2026-01-14 20:45:57,CMP022,NORTH,1,1
2609,2026-01-07 12:49:58,CMP002, EAST,1,1
2610,2026-01-06 21:37:34,CMP018,SOUTH,1,0
2611,2026-01-11 01:00:37,CMP012,WEST,1,0
2612,2026-01-06 03:51:11,CMP005,SOUTH ,1,0
2613,2026-01-08 16:14:06,CMP022,EAST,1,0
2614,2026-01-09 18:31:55,CMP002,WEST,1,0
2615,2026-01-11 23:23:21,CMP025,NORTH,1,0
2616,2026-01-13 06:36:44,CMP024,NORTH ,1,1
2617,2026-01-13 06:12:18,CMP019,WEST,1,0
2618,2026-01-11 04:24:45,CMP024,WEST ,1,0
2619,2026-01-14 17:50:46,CMP018,SOUTH ,1,0
2620,2026-01-12 04:43:58,CMP007,NORTH,1,0
2621,2026-01-13 21:38:11,CMP022,WEST,1,0
2622,2026-01-10 13:45:33,CMP016,SOUTH,1,0
2623,2026-01-06 16:10:24,CMP017,SOUTH ,1,0
2624,2026-01-07 06:42:52,CMP001,NORTH ,1,0
2625,2026-01-09 17:28:42,CMP010, NORTH,1,0
2626,2026-01-13 05:48:52,CMP010,WEST,1,0
2627,2026-01-09 04:10:24,CMP008,NORTH,1,0
2628,2026-01-05 02:21:50,CMP018,WEST ,1,0
2629,2026-01-09 03:38:38,CMP025,WEST ,1,0
2630,2026-01-11 07:47:35,CMP010,NORTH,1,1
2631,2026-01-14 02:30:36,CMP007,WEST ,1,0
2632,2026-01-06 18:34:41,CMP021,EAST,1,0
2633,2026-01-08 08:24:08,CMP010,SOUTH,1,0
2634,2026-01-09 00:31:06,CMP023,SOUTH,1,0
2635,2026-01-09 21:28:23,CMP020,NORTH,1,0
2636,2026-01-14 11:35:01,CMP004,EAST,1,0
2637,2026-01-08 15:39:54,CMP009,WEST,1,0
2638,2026-01-10 14:28:02,CMP018,SOUTH,1,0
2639,2026-01-07 19:05:08,CMP001,SOUTH,1,0
2640,2026-01-05 01:11:27,CMP010,WEST,1,0
2641,2026-01-08 08:35:48,CMP004,NORTH,1,0
2642,2026-01-09 07:03:19,CMP005,NORTH,1,0
2643,2026-01-06 13:42:34,CMP022, NORTH ,1,0
2644,2026-01-11 21:45:19,CMP009,WEST,1,0
2645,2026-01-08 00:16:36,CMP020, EAST,1,0
2646,2026-01-05 23:51:50,CMP013,SOUTH,1,1
2647,2026-01-10 11:22:25,CMP022,NORTH,1,0
2648,2026-01-07 20:24:26,CMP023,EAST,1,1
2649,2026-01-12 22:52:22,CMP019,NORTH,1,0
2650,2026-01-05 04:04:21,CMP020, SOUTH,1,0
2651,2026-01-12 05:29:05,CMP004,NORTH,1,0
2652,2026-01-10 18:20:23,CMP001,EAST,1,1
2653,2026-01-12 10:02:43,CMP022,EAST,1,0
2654,2026-01-08 10:49:14,CMP002,EAST,1,0
2655,2026-01-13 07:27:18,CMP001, EAST,1,0
2656,2026-01-10 04:05:43,CMP025,EAST,1,0
2657,2026-01-14 20:10:05,CMP005,WEST,1,0
2658,2026-01-07 11:32:28,CMP014,NORTH ,1,0
2659,2026-01-13 00:12:15,CMP001,WEST,1,0
2660,2026-01-11 22:08:56,CMP016,NORTH,1,0
2661,2026-01-14 02:53:18,CMP007,WEST,1,0
2662,2026-01-06 21:03:14,CMP009,WEST,1,0
2663,2026-01-10 16:59:12,CMP001,EAST ,1,0
2664,2026-01-14 09:23:48,CMP021,SOUTH,1,0
2665,2026-01-07 09:28:47,CMP025,NORTH ,1,0
2666,2026-01-14 01:31:13,CMP014,SOUTH,1,0
2667,2026-01-14 09:27:13,CMP006,SOUTH,1,0
2668,2026-01-09 21:36:47,CMP015,NORTH,1,0
2669,2026-01-12 21:08:40,CMP005,SOUTH ,1,0
2670,2026-01-09 23:40:15,CMP007,EAST,1,0
2671,2026-01-11 16:00:24,CMP020,SOUTH,1,0
2672,2026-01-13 12:16:24,CMP020,WEST,1,0
2673,2026-01-12 19:19:29,CMP004,WEST,1,0
2674,2026-01-07 05:24:24,CMP006,SOUTH,1,0
2675,2026-01-10 21:36:03,CMP023,WEST,1,0
2676,2026-01-13 13:03:03,CMP004, SOUTH,1,0
2677,2026-01-10 10:46:18,CMP011,EAST,1,0
2678,2026-01-07 16:42:38,CMP015,SOUTH,1,0
2679,2026-01-12 14:06:57,CMP001,EAST,1,0
2680,2026-01-12 11:34:22,CMP021,NORTH,1,0
2681,2026-01-11 21:36:19,CMP018,SOUTH,1,0
2682,2026-01-08 08:27:40,CMP008,NORTH,1,0
2683,2026-01-10 20:19:04,CMP025,SOUTH,1,0
2684,2026-01-11 05:56:48,CMP008,NORTH,1,0
2685,2026-01-07 09:49:29,CMP020,EAST,1,0
2686,2026-01-14 07:07:28,CMP004,SOUTH,1,0
2687,2026-01-10 04:24:57,CMP020,SOUTH,1,0
2688,2026-01-05 01:11:44,CMP016,WEST,1,0
2689,2026-01-07 13:37:27,CMP021,EAST,1,0
2690,2026-01-13 06:07:18,CMP020,NORTH,1,0
2691,2026-01-11 23:52:57,CMP017,SOUTH ,1,0
2692,2026-01-10 22:52:30,CMP004,EAST,1,0
2693,2026-01-09 07:43:35,CMP012,NORTH,1,0
2694,2026-01-08 00:11:39,CMP014,NORTH,1,1
2695,2026-01-14 17:53:44,CMP024,EAST,1,0
2696,2026-01-08 17:27:33,CMP014, NORTH ,1,0
2697,2026-01-13 08:33:33,CMP023,WEST,1,0
2698,2026-01-05 18:56:02,CMP003,WEST,1,0
2699,2026-01-10 02:48:40,CMP009,SOUTH ,1,0
2700,2026-01-07 09:42:46,CMP014,NORTH,1,0
2701,2026-01-09 04:59:30,CMP021,SOUTH,1,0
2702,2026-01-11 14:17:08,CMP007,NORTH,1,0
2703,2026-01-05 01:38:34,CMP012,NORTH,1,1
2704,2026-01-05 05:18:04,CMP005,WEST,1,0
2705,2026-01-10 03:48:54,CMP022,WEST,1,0
2706,2026-01-11 16:01:59,CMP025,NORTH,1,0
2707,2026-01-05 09:51:41,CMP022,WEST,1,0
2708,2026-01-14 16:59:16,CMP003,NORTH ,1,0
2709,2026-01-09 03:05:02,CMP018,WEST,1,0
2710,2026-01-14 17:37:46,CMP009,WEST ,1,1
2711,2026-01-06 13:52:28,CMP014,NORTH,1,0
2712,2026-01-13 11:48:05,CMP016,NORTH,1,0
2713,2026-01-11 09:13:52,CMP015,EAST,1,0
2714,2026-01-13 23:17:23,CMP011,WEST,1,0
2715,2026-01-13 15:13:43,CMP014,SOUTH,1,0
2716,2026-01-06 20:47:29,CMP001,SOUTH,1,0
2717,2026-01-06 06:03:43,CMP015,EAST,1,0
2718,2026-01-14 13:44:20,CMP022,EAST,1,0
2719,2026-01-09 16:43:08,CMP023,EAST,1,0
2720,2026-01-07 16:22:36,CMP006,SOUTH,1,1
2721,2026-01-11 10:31:56,CMP003, WEST,1,0
2722,2026-01-13 06:35:41,CMP011,SOUTH,1,0
2723,2026-01-07 07:54:02,CMP008,SOUTH ,1,0
2724,2026-01-13 22:38:49,CMP023,WEST ,1,0
2725,2026-01-05 06:01:32,CMP018,SOUTH ,1,0
2726,2026-01-11 15:29:00,CMP025,WEST,1,0
2727,2026-01-08 16:30:18,CMP013,SOUTH,1,0
2728,2026-01-10 21:28:41,CMP023,NORTH,1,0
2729,2026-01-11 09:51:42,CMP018,WEST ,1,0
2730,2026-01-07 06:55:37,CMP011,EAST,1,0
2731,2026-01-05 01:44:44,CMP001, SOUTH,1,0
2732,2026-01-10 23:34:37,CMP019, NORTH,1,0
2733,2026-01-14 10:29:22,CMP003,NORTH,1,0
2734,2026-01-07 02:31:50,CMP022,SOUTH,1,0
2735,2026-01-10 01:25:33,CMP008,SOUTH,1,0
2736,2026-01-06 12:43:42,CMP005,NORTH,1,0
2737,2026-01-08 11:13:02,CMP016,SOUTH,1,0
2738,2026-01-06 02:39:04,CMP025,EAST,1,0
2739,2026-01-06 21:15:15,CMP018,NORTH,1,0
2740,2026-01-13 04:33:17,CMP003, EAST,1,0
2741,2026-01-14 09:04:02,CMP008,WEST,1,0
2742,2026-01-14 18:20:22,CMP017,EAST,1,1
2743,2026-01-12 10:32:17,CMP005,SOUTH,1,0
2744,2026-01-06 01:35:10,CMP006,WEST,1,0
2745,2026-01-14 16:03:14,CMP013, EAST,1,0
2746,2026-01-05 09:11:06,CMP006,SOUTH,1,0
2747,2026-01-07 17:37:17,CMP014,EAST,1,0
2748,2026-01-07 04:35:59,CMP004,NORTH,1,0
2749,2026-01-12 14:29:50,CMP008,WEST,1,0
2750,2026-01-06 20:24:23,CMP024,NORTH,1,0
2751,2026-01-14 05:32:12,CMP019,EAST ,1,0
2752,2026-01-06 01:58:37,CMP004,SOUTH ,1,0
2753,2026-01-13 11:31:45,CMP008,NORTH ,1,0
2754,2026-01-10 08:04:40,CMP023, WEST ,1,0
2755,2026-01-07 14:54:23,CMP025, WEST,1,0
2756,2026-01-09 20:32:59,CMP005,SOUTH,1,0
2757,2026-01-06 22:12:37,CMP023,NORTH,1,0
2758,2026-01-09 16:29:09,CMP009,EAST,1,0
2759,2026-01-11 22:24:32,CMP004,EAST,1,0
2760,2026-01-07 16:52:47,CMP006,WEST,1,0
2761,2026-01-14 22:28:32,CMP014,SOUTH,1,0
2762,2026-01-11 23:47:18,CMP025,WEST ,1,1
2763,2026-01-08 04:23:59,CMP024,NORTH,1,0
2764,2026-01-07 00:33:43,CMP003, EAST,1,0
2765,2026-01-12 00:06:43,CMP010, NORTH,1,0
2766,2026-01-08 15:57:20,CMP022,EAST,1,0
2767,2026-01-14 08:40:56,CMP024,WEST,1,0
2768,2026-01-09 17:52:44,CMP008,NORTH,1,0
2769,2026-01-12 20:45:40,CMP007,WEST,1,0
2770,2026-01-14 17:57:22,CMP024,EAST,1,1
2771,2026-01-14 09:41:32,CMP010,NORTH,1,0
2772,2026-01-07 17:08:11,CMP019,SOUTH,1,0
2773,2026-01-09 16:37:23,CMP009,NORTH,1,0
2774,2026-01-12 01:43:59,CMP007,EAST,1,0
2775,2026-01-09 01:05:43,CMP023,EAST,1,0
2776,2026-01-08 02:00:52,CMP013,NORTH,1,0
2777,2026-01-11 12:49:46,CMP014, EAST,1,0
2778,2026-01-13 18:32:50,CMP005,WEST,1,0
2779,2026-01-09 19:53:45,CMP007,NORTH,1,0
2780,2026-01-08 14:40:56,CMP011,NORTH ,1,0
2781,2026-01-12 22:47:46,CMP013,WEST,1,0
2782,2026-01-10 06:18:15,CMP001,WEST,1,1
2783,2026-01-08 05:48:35,CMP008,SOUTH ,1,0
2784,2026-01-13 00:13:22,CMP018,WEST,1,0
2785,2026-01-11 03:14:46,CMP015,WEST,1,0
2786,2026-01-11 12:48:10,CMP015, NORTH,1,0
2787,2026-01-13 18:35:40,CMP023,WEST,1,0
2788,2026-01-05 02:10:12,CMP007,WEST,1,0
2789,2026-01-13 19:59:10,CMP002,EAST,1,0
2790,2026-01-06 17:57:40,CMP001,EAST,1,0
2791,2026-01-05 03:02:37,CMP023, NORTH,1,1
2792,2026-01-14 08:10:38,CMP024,EAST ,1,1
2793,2026-01-07 15:17:21,CMP014, EAST ,1,1
2794,2026-01-05 19:22:46,CMP004,SOUTH,1,0
2795,2026-01-12 19:38:58,CMP002,EAST,1,0
2796,2026-01-08 02:17:36,CMP009,SOUTH,1,0
2797,2026-01-09 01:34:44,CMP003,EAST,1,0
2798,2026-01-14 11:51:19,CMP001,NORTH ,1,0
2799,2026-01-10 05:28:43,CMP007,NORTH ,1,0
2800,2026-01-05 02:23:39,CMP010,SOUTH,1,0
2801,2026-01-11 10:50:30,CMP021,EAST,1,0
2802,2026-01-06 18:43:43,CMP011,EAST,1,0
2803,2026-01-08 12:51:45,CMP018,EAST,1,0
2804,2026-01-07 13:26:22,CMP014,EAST,1,0
2805,2026-01-14 14:40:36,CMP021,NORTH,1,0
2806,2026-01-05 05:37:57,CMP009,EAST ,1,0
2807,2026-01-10 15:44:21,CMP025,SOUTH,1,0
2808,2026-01-09 23:06:30,CMP007,SOUTH,1,0
2809,2026-01-10 02:10:45,CMP003,NORTH ,1,0
2810,2026-01-10 16:22:04,CMP020,SOUTH,1,0
2811,2026-01-06 09:58:13,CMP014,SOUTH,1,0
2812,2026-01-08 08:04:19,CMP007, WEST,1,0
2813,2026-01-10 03:34:40,CMP005,NORTH,1,0
2814,2026-01-06 20:31:40,CMP009,WEST ,1,0
2815,2026-01-13 10:30:17,CMP016,NORTH,1,0
2816,2026-01-13 09:07:10,CMP013,NORTH,1,0
2817,2026-01-10 23:18:48,CMP003,WEST,1,0
2818,2026-01-13 22:37:08,CMP007,SOUTH,1,0
2819,2026-01-09 02:19:38,CMP013,SOUTH,1,0
2820,2026-01-10 07:07:50,CMP019,SOUTH,1,0
2821,2026-01-09 07:04:37,CMP015,EAST,1,1
2822,2026-01-06 23:37:28,CMP003,WEST,1,0
2823,2026-01-06 00:37:54,CMP004,WEST,1,0
2824,2026-01-10 01:29:58,CMP009,NORTH,1,0
2825,2026-01-05 20:11:27,CMP018,EAST ,1,0
2826,2026-01-11 17:37:46,CMP011,WEST,1,0
2827,2026-01-08 10:04:52,CMP004,NORTH,1,0
2828,2026-01-09 06:59:37,CMP007,WEST,1,0
2829,2026-01-13 00:02:59,CMP015,SOUTH,1,0
2830,2026-01-13 10:10:25,CMP021,SOUTH,1,0
2831,2026-01-09 13:15:37,CMP006,NORTH,1,0
2832,2026-01-08 15:16:06,CMP009,EAST,1,0
2833,2026-01-13 08:09:08,CMP006,NORTH,1,0
2834,2026-01-10 01:05:59,CMP011,SOUTH,1,0
2835,2026-01-12 06:13:52,CMP012,NORTH,1,0
2836,2026-01-06 05:21:53,CMP012,EAST,1,0
2837,2026-01-12 23:11:06,CMP004,SOUTH,1,0
2838,2026-01-10 02:29:47,CMP021,SOUTH,1,0
2839,2026-01-07 19:37:24,CMP015,SOUTH,1,0
2840,2026-01-12 17:45:05,CMP006,WEST,1,0
2841,2026-01-10 11:17:23,CMP011,SOUTH ,1,0
2842,2026-01-12 05:18:35,CMP021,SOUTH,1,0
2843,2026-01-13 02:22:22,CMP019,WEST,1,0
2844,2026-01-07 11:57:35,CMP024,WEST ,1,0
2845,2026-01-13 18:46:12,CMP015,EAST,1,0
2846,2026-01-14 07:53:03,CMP007,EAST,1,0
2847,2026-01-10 18:45:53,CMP004,WEST,1,0
2848,2026-01-12 05:40:00,CMP005, SOUTH,1,0
2849,2026-01-12 07:08:53,CMP014,EAST,1,0
2850,2026-01-09 22:26:39,CMP020,WEST ,1,0
2851,2026-01-13 14:03:07,CMP017,EAST,1,0
2852,2026-01-09 12:10:47,CMP008,NORTH,1,0
2853,2026-01-13 13:24:21,CMP008,WEST,1,0
2854,2026-01-12 15:36:40,CMP006,WEST,1,0
2855,2026-01-10 13:38:34,CMP008,EAST,1,0
2856,2026-01-06 16:54:18,CMP002,WEST,1,0
2857,2026-01-13 05:37:21,CMP005,SOUTH,1,0
2858,2026-01-11 19:42:27,CMP016,WEST,1,0
2859,2026-01-10 00:13:22,CMP006,NORTH,1,1
2860,2026-01-12 06:19:02,CMP024,EAST,1,0
2861,2026-01-14 07:30:41,CMP004,SOUTH,1,0
2862,2026-01-10 01:53:10,CMP023,EAST,1,0
2863,2026-01-08 19:29:51,CMP022, WEST,1,0
2864,2026-01-13 11:12:50,CMP015,WEST,1,0
2865,2026-01-11 17:15:46,CMP007,NORTH ,1,0
2866,2026-01-09 04:04:48,CMP011,SOUTH,1,0
2867,2026-01-06 23:49:32,CMP016,WEST,1,0
2868,2026-01-09 00:29:25,CMP025,WEST,1,0
2869,2026-01-14 15:24:11,CMP008,SOUTH,1,0
2870,2026-01-07 22:04:20,CMP017, WEST,1,0
2871,2026-01-14 20:56:04,CMP021,SOUTH ,1,0
2872,2026-01-14 15:02:17,CMP024, WEST,1,0
2873,2026-01-13 23:29:31,CMP009,EAST,1,0
2874,2026-01-08 09:56:41,CMP018, SOUTH,1,0
2875,2026-01-12 08:31:04,CMP013,EAST,1,0
2876,2026-01-11 03:16:28,CMP018,EAST,1,0
2877,2026-01-13 16:40:14,CMP009,SOUTH ,1,0
2878,2026-01-09 18:16:11,CMP018,NORTH,1,0
2879,2026-01-11 01:24:12,CMP023,NORTH,1,0
2880,2026-01-14 12:47:31,CMP004,NORTH ,1,0
2881,2026-01-14 14:53:12,CMP023,WEST,1,0
2882,2026-01-14 04:10:59,CMP007,NORTH ,1,0
2883,2026-01-06 12:12:32,CMP001, NORTH,1,0
2884,2026-01-05 23:34:28,CMP002,EAST,1,0
2885,2026-01-05 19:05:56,CMP013,EAST ,1,0
2886,2026-01-14 22:49:10,CMP024,SOUTH ,1,0
2887,2026-01-09 12:40:16,CMP005,SOUTH,1,0
2888,2026-01-11 22:15:04,CMP025,WEST,1,0
2889,2026-01-09 23:08:28,CMP002,SOUTH,1,0
2890,2026-01-05 19:50:22,CMP016,NORTH,1,0
2891,2026-01-14 10:33:26,CMP016, WEST,1,0
2892,2026-01-09 12:45:28,CMP004,NORTH ,1,0
2893,2026-01-08 11:06:15,CMP022,WEST,1,0
2894,2026-01-05 07:12:38,CMP004,WEST,1,0
2895,2026-01-06 13:39:36,CMP004,EAST,1,0
2896,2026-01-10 15:38:27,CMP012,SOUTH ,1,0
2897,2026-01-12 20:00:28,CMP010,WEST,1,0
2898,2026-01-06 03:37:56,CMP010,NORTH ,1,0
2899,2026-01-10 12:16:29,CMP010,NORTH,1,1
2900,2026-01-08 14:48:12,CMP005,WEST,1,1
2901,2026-01-11 14:40:49,CMP016,SOUTH,1,0
2902,2026-01-08 01:35:08,CMP003,NORTH,1,1
2903,2026-01-13 17:38:42,CMP015,EAST,1,0
2904,2026-01-11 00:19:33,CMP017,WEST,1,0
2905,2026-01-06 15:25:41,CMP011,WEST,1,0
2906,2026-01-13 17:10:20,CMP020,SOUTH,1,0
2907,2026-01-11 07:12:12,CMP016, WEST,1,0
2908,2026-01-14 08:13:30,CMP002,WEST,1,0
2909,2026-01-14 06:44:12,CMP010,EAST,1,0
2910,2026-01-08 16:44:02,CMP008,SOUTH,1,0
2911,2026-01-11 05:04:05,CMP008,EAST,1,1
2912,2026-01-10 18:43:07,CMP008,WEST,1,0
2913,2026-01-09 07:06:58,CMP020, NORTH,1,0
2914,2026-01-05 20:02:50,CMP014, SOUTH,1,0
2915,2026-01-13 23:06:06,CMP006,EAST,1,0
2916,2026-01-08 14:46:47,CMP016,WEST,1,1
2917,2026-01-05 00:26:58,CMP011, SOUTH,1,0
2918,2026-01-14 20:19:18,CMP011,SOUTH ,1,0
2919,2026-01-09 18:09:15,CMP003,WEST,1,0
2920,2026-01-06 15:48:46,CMP022,SOUTH ,1,0
2921,2026-01-09 21:39:04,CMP023,NORTH ,1,0
2922,2026-01-13 22:15:17,CMP010,EAST,1,0
2923,2026-01-12 10:44:49,CMP008,NORTH,1,0
2924,2026-01-11 21:31:27,CMP008,EAST,1,0
2925,2026-01-07 12:27:26,CMP013,SOUTH,1,0
2926,2026-01-07 01:02:19,CMP020,EAST,1,0
2927,2026-01-07 12:23:35,CMP022,SOUTH,1,0
2928,2026-01-12 06:25:24,CMP022,EAST,1,0
2929,2026-01-13 17:38:28,CMP017,NORTH,1,0
2930,2026-01-07 09:19:54,CMP022, SOUTH,1,0
2931,2026-01-08 17:39:17,CMP002,WEST,1,1
2932,2026-01-13 06:03:10,CMP005, NORTH,1,0
2933,2026-01-14 20:14:44,CMP008,WEST,1,0
2934,2026-01-05 04:14:43,CMP005,EAST,1,0
2935,2026-01-07 04:54:50,CMP019,SOUTH,1,0
2936,2026-01-06 20:57:48,CMP012,EAST,1,0
2937,2026-01-08 17:37:57,CMP006,SOUTH,1,0
2938,2026-01-12 00:36:00,CMP025,EAST,1,0
2939,2026-01-10 10:44:50,CMP007,NORTH ,1,0
2940,2026-01-09 04:21:52,CMP016,SOUTH,1,0
2941,2026-01-07 21:15:38,CMP015,SOUTH,1,0
2942,2026-01-06 18:14:44,CMP016, WEST,1,0
2943,2026-01-12 18:27:02,CMP022, WEST,1,0
2944,2026-01-10 05:21:34,CMP009,SOUTH ,1,0
2945,2026-01-05 17:21:05,CMP012, EAST,1,0
2946,2026-01-07 06:12:01,CMP025,WEST,1,0
2947,2026-01-11 14:35:55,CMP013,SOUTH,1,0
2948,2026-01-10 23:13:09,CMP005, NORTH,1,0
2949,2026-01-12 19:05:27,CMP002,WEST,1,0
2950,2026-01-12 18:18:13,CMP014,EAST,1,0
2951,2026-01-06 03:44:12,CMP004,SOUTH,1,0
2952,2026-01-13 10:46:04,CMP017,WEST,1,0
2953,2026-01-10 13:43:53,CMP013,WEST,1,0
2954,2026-01-05 03:16:07,CMP021, NORTH,1,0
2955,2026-01-14 15:08:51,CMP002,SOUTH,1,0
2956,2026-01-10 06:27:25,CMP021,WEST,1,0
2957,2026-01-07 23:51:33,CMP022,NORTH,1,0
2958,2026-01-14 23:32:52,CMP010,SOUTH,1,0
2959,2026-01-05 12:33:26,CMP015,EAST,1,0
2960,2026-01-09 18:59:09,CMP007,NORTH,1,0
2961,2026-01-05 22:56:36,CMP015,SOUTH,1,0
2962,2026-01-12 01:40:37,CMP025,SOUTH,1,0
2963,2026-01-12 04:40:21,CMP002,NORTH,1,0
2964,2026-01-05 16:57:51,CMP014, EAST,1,0
2965,2026-01-07 04:34:24,CMP016,EAST,1,0
2966,2026-01-13 09:01:29,CMP008,SOUTH ,1,0
2967,2026-01-07 21:21:44,CMP005,SOUTH,1,0
2968,2026-01-10 17:16:39,CMP004,WEST,1,0
2969,2026-01-10 10:51:05,CMP003,SOUTH,1,0
2970,2026-01-13 07:05:26,CMP021,NORTH,1,0
2971,2026-01-12 10:02:15,CMP014,NORTH,1,0
2972,2026-01-12 03:07:26,CMP022, SOUTH,1,0
2973,2026-01-05 20:17:00,CMP012,NORTH,1,0
2974,2026-01-13 00:28:22,CMP015,SOUTH,1,0
2975,2026-01-09 03:07:54,CMP024,SOUTH,1,0
2976,2026-01-05 07:05:47,CMP010,SOUTH,1,1
2977,2026-01-05 09:30:21,CMP013,EAST,1,1
2978,2026-01-12 20:38:53,CMP017,SOUTH,1,0
2979,2026-01-13 17:54:59,CMP017,NORTH ,1,0
2980,2026-01-06 21:23:22,CMP025,NORTH,1,0
2981,2026-01-07 16:30:07,CMP021,WEST,1,0
2982,2026-01-07 16:23:46,CMP015,NORTH,1,0
2983,2026-01-13 05:11:14,CMP015,SOUTH,1,0
2984,2026-01-08 17:56:57,CMP020, SOUTH ,1,0
2985,2026-01-11 10:18:21,CMP019,WEST,1,0
2986,2026-01-10 04:40:15,CMP023,EAST,1,0
2987,2026-01-09 20:14:10,CMP025,EAST ,1,0
2988,2026-01-11 08:30:08,CMP019,SOUTH,1,1
2989,2026-01-07 23:16:44,CMP004,WEST,1,0
2990,2026-01-14 21:34:53,CMP013,EAST,1,0
2991,2026-01-14 19:41:42,CMP002,WEST,1,0
2992,2026-01-05 23:40:14,CMP005,SOUTH ,1,0
2993,2026-01-09 06:51:31,CMP005,NORTH,1,0
2994,2026-01-06 10:37:59,CMP018,SOUTH ,1,0
2995,2026-01-09 04:40:19,CMP010,WEST,1,0
2996,2026-01-08 18:37:24,CMP021,NORTH,1,0
2997,2026-01-13 09:28:14,CMP016,EAST,1,0
2998,2026-01-13 22:24:09,CMP025,NORTH,1,0
2999,2026-01-07 03:45:12,CMP001,WEST,1,0
3000,2026-01-10 23:55:40,CMP004,WEST,1,1
3001,2026-01-08 04:35:55,CMP021,EAST,1,0
3002,2026-01-10 07:05:53,CMP003,SOUTH,1,1
3003,2026-01-14 23:01:34,CMP008,EAST,1,0
3004,2026-01-12 15:41:51,CMP016,SOUTH,1,0
3005,2026-01-05 11:15:57,CMP011,EAST,1,0
3006,2026-01-11 09:21:34,CMP021,NORTH,1,0
3007,2026-01-12 06:46:22,CMP003,SOUTH,1,0
3008,2026-01-07 11:09:43,CMP002,WEST,1,0
3009,2026-01-12 05:12:28,CMP023,NORTH,1,0
3010,2026-01-05 11:05:09,CMP016,EAST,1,0
3011,2026-01-05 13:38:47,CMP004,SOUTH ,1,0
3012,2026-01-09 06:41:03,CMP007,EAST,1,0
3013,2026-01-09 08:33:31,CMP005,EAST ,1,0
3014,2026-01-13 00:27:27,CMP025,WEST,1,0
3015,2026-01-13 21:18:29,CMP008,EAST,1,0
3016,2026-01-10 18:23:48,CMP010,NORTH,1,0
3017,2026-01-10 23:40:30,CMP025,EAST ,1,0
3018,2026-01-05 16:42:11,CMP003,EAST,1,0
3019,2026-01-06 23:59:02,CMP022,SOUTH,1,1
3020,2026-01-09 20:10:27,CMP020,NORTH,1,0
3021,2026-01-09 04:27:14,CMP003,WEST,1,0
3022,2026-01-08 03:40:45,CMP008,EAST,1,0
3023,2026-01-10 15:44:54,CMP023,SOUTH,1,0
3024,2026-01-10 05:41:19,CMP011,SOUTH,1,0
3025,2026-01-08 17:55:36,CMP019,WEST,1,0
3026,2026-01-10 14:18:25,CMP004,EAST,1,0
3027,2026-01-06 23:34:28,CMP020,WEST,1,0
3028,2026-01-14 22:28:44,CMP009,NORTH ,1,0
3029,2026-01-10 19:57:13,CMP007,NORTH,1,0
3030,2026-01-08 11:19:21,CMP004, SOUTH,1,0
3031,2026-01-09 16:37:50,CMP020,WEST ,1,0
3032,2026-01-09 04:49:11,CMP007,EAST,1,0
3033,2026-01-07 22:02:54,CMP015,NORTH ,1,0
3034,2026-01-11 14:16:21,CMP015,WEST,1,1
3035,2026-01-13 14:43:31,CMP010,NORTH,1,0
3036,2026-01-13 22:58:48,CMP008,SOUTH,1,0
3037,2026-01-06 10:57:47,CMP001,EAST,1,0
3038,2026-01-12 20:50:01,CMP017,NORTH,1,0
3039,2026-01-12 17:48:18,CMP013,SOUTH ,1,0
3040,2026-01-09 21:34:29,CMP023,NORTH ,1,0
3041,2026-01-11 03:21:26,CMP006, WEST,1,1
3042,2026-01-13 09:51:09,CMP015,EAST,1,1
3043,2026-01-06 14:27:51,CMP002,NORTH,1,0
3044,2026-01-09 06:17:42,CMP001,WEST ,1,0
3045,2026-01-05 08:50:19,CMP012, WEST ,1,0
3046,2026-01-14 20:53:38,CMP024,NORTH ,1,1
3047,2026-01-10 21:05:23,CMP017,EAST,1,0
3048,2026-01-07 18:54:50,CMP005,SOUTH,1,0
3049,2026-01-05 05:36:03,CMP023,SOUTH ,1,0
3050,2026-01-06 20:25:58,CMP009,NORTH ,1,0
3051,2026-01-07 02:05:01,CMP010, NORTH,1,0
3052,2026-01-13 09:23:22,CMP014,WEST,1,1
3053,2026-01-14 02:18:43,CMP023,SOUTH,1,0
3054,2026-01-07 06:52:04,CMP016,NORTH,1,0
3055,2026-01-08 18:41:38,CMP010,WEST,1,0
3056,2026-01-13 05:46:01,CMP009,NORTH ,1,0
3057,2026-01-06 11:42:56,CMP004,WEST,1,0
3058,2026-01-11 20:53:41,CMP012,WEST,1,0
3059,2026-01-10 06:26:38,CMP025,NORTH,1,0
3060,2026-01-10 22:03:58,CMP016,WEST,1,0
3061,2026-01-13 13:49:59,CMP010,EAST,1,0
3062,2026-01-05 08:48:42,CMP012,WEST,1,0
3063,2026-01-07 15:08:06,CMP005,EAST,1,0
3064,2026-01-12 20:59:20,CMP008, NORTH,1,0
3065,2026-01-08 07:50:02,CMP015,EAST,1,0
3066,2026-01-05 09:09:12,CMP011,SOUTH ,1,0
3067,2026-01-09 01:52:27,CMP001,EAST,1,0
3068,2026-01-14 10:44:59,CMP010,EAST,1,0
3069,2026-01-12 07:56:01,CMP014,EAST ,1,0
3070,2026-01-13 13:35:44,CMP008,WEST,1,0
3071,2026-01-07 14:56:18,CMP013, SOUTH,1,0
3072,2026-01-08 05:18:40,CMP016,WEST,1,0
3073,2026-01-06 08:07:38,CMP008, NORTH ,1,0
3074,2026-01-06 06:25:07,CMP013,NORTH,1,0
3075,2026-01-07 02:00:52,CMP009,EAST ,1,1
3076,2026-01-13 06:23:58,CMP011,SOUTH,1,0
3077,2026-01-11 16:20:09,CMP013,EAST,1,0
3078,2026-01-09 06:14:30,CMP018,WEST,1,0
3079,2026-01-09 09:57:46,CMP002,EAST,1,0
3080,2026-01-06 12:22:20,CMP021,EAST,1,0
3081,2026-01-09 00:14:16,CMP019,WEST,1,0
3082,2026-01-09 02:24:43,CMP017, EAST,1,0
3083,2026-01-12 01:10:39,CMP005,WEST ,1,0
3084,2026-01-07 18:43:44,CMP009,WEST,1,0
3085,2026-01-13 07:02:25,CMP019,WEST ,1,0
3086,2026-01-09 04:11:42,CMP024,WEST,1,1
3087,2026-01-05 04:02:54,CMP025,NORTH,1,0
3088,2026-01-11 10:39:18,CMP003,WEST,1,0
3089,2026-01-11 02:31:12,CMP018,WEST,1,0
3090,2026-01-14 15:24:13,CMP021,EAST,1,0
3091,2026-01-10 16:56:17,CMP019,NORTH,1,0
3092,2026-01-13 03:18:45,CMP011,SOUTH ,1,0
3093,2026-01-07 23:39:26,CMP018,WEST,1,0
3094,2026-01-06 09:49:14,CMP010,NORTH,1,0
3095,2026-01-11 20:02:28,CMP004,SOUTH,1,0
3096,2026-01-09 13:30:57,CMP022,NORTH,1,0
3097,2026-01-12 20:55:32,CMP004, WEST,1,0
3098,2026-01-09 13:12:26,CMP017,EAST,1,0
3099,2026-01-12 07:38:26,CMP010, NORTH,1,0
3100,2026-01-14 21:25:14,CMP025,WEST,1,0
3101,2026-01-14 21:33:17,CMP010,NORTH,1,0
3102,2026-01-05 18:50:24,CMP022,WEST,1,0
3103,2026-01-14 16:06:38,CMP008,EAST,1,0
3104,2026-01-10 02:54:06,CMP003,WEST ,1,1
3105,2026-01-08 18:21:09,CMP010, NORTH,1,0
3106,2026-01-14 19:59:50,CMP013,SOUTH,1,0
3107,2026-01-06 15:33:42,CMP025, NORTH,1,0
3108,2026-01-08 13:11:42,CMP020,SOUTH,1,0
3109,2026-01-13 15:50:23,CMP011,WEST,1,0
3110,2026-01-07 16:16:33,CMP003,NORTH,1,0
3111,2026-01-14 02:39:30,CMP010,WEST,1,0
3112,2026-01-10 03:50:21,CMP014,EAST,1,0
3113,2026-01-10 06:41:41,CMP012,NORTH,1,0
3114,2026-01-08 11:19:39,CMP025,WEST ,1,1
3115,2026-01-06 09:21:42,CMP008,SOUTH,1,0
3116,2026-01-14 16:47:52,CMP006,WEST,1,1
3117,2026-01-05 14:37:49,CMP008,SOUTH,1,1
3118,2026-01-05 19:08:19,CMP003, SOUTH,1,0
3119,2026-01-05 05:04:09,CMP004, NORTH,1,0
3120,2026-01-07 19:20:22,CMP008,NORTH ,1,1
3121,2026-01-12 05:21:27,CMP006,EAST,1,0
3122,2026-01-05 05:12:40,CMP009,WEST ,1,0
3123,2026-01-06 21:58:00,CMP019,SOUTH,1,0
3124,2026-01-12 19:59:07,CMP008,WEST,1,1
3125,2026-01-05 02:30:41,CMP021,WEST,1,0
3126,2026-01-07 13:38:32,CMP011,WEST,1,0
3127,2026-01-13 22:50:37,CMP004,WEST,1,0
3128,2026-01-14 16:02:54,CMP021,SOUTH,1,0
3129,2026-01-09 13:24:03,CMP006,NORTH,1,0
3130,2026-01-13 20:26:14,CMP013,SOUTH,1,0
3131,2026-01-13 14:18:28,CMP001,WEST,1,0
3132,2026-01-14 09:43:52,CMP015,EAST,1,0
3133,2026-01-07 21:57:13,CMP018,EAST ,1,0
3134,2026-01-07 22:04:16,CMP003,WEST,1,0
3135,2026-01-11 22:11:56,CMP012,WEST,1,0
3136,2026-01-05 21:09:00,CMP002,NORTH,1,0
3137,2026-01-07 06:15:00,CMP017,WEST ,1,0
3138,2026-01-08 19:23:09,CMP024,SOUTH,1,0
3139,2026-01-13 07:41:36,CMP018,WEST,1,0
3140,2026-01-14 09:07:06,CMP009,NORTH,1,0
3141,2026-01-08 13:54:18,CMP018,NORTH,1,0
3142,2026-01-12 12:40:37,CMP024,NORTH,1,0
3143,2026-01-10 21:09:35,CMP014,WEST,1,0
3144,2026-01-05 04:09:17,CMP009, NORTH,1,0
3145,2026-01-08 14:21:45,CMP004, EAST,1,0
3146,2026-01-12 18:13:29,CMP016,WEST,1,0
3147,2026-01-12 10:32:13,CMP024,SOUTH,1,0
3148,2026-01-14 21:22:56,CMP017,EAST,1,0
3149,2026-01-11 18:02:27,CMP023,SOUTH ,1,1
3150,2026-01-14 03:51:36,CMP003,SOUTH,1,0
3151,2026-01-09 03:38:16,CMP003,SOUTH ,1,0
3152,2026-01-12 17:52:26,CMP002,SOUTH,1,0
3153,2026-01-11 09:02:59,CMP023,NORTH,1,0
3154,2026-01-13 16:39:36,CMP012,SOUTH,1,0
3155,2026-01-14 18:15:49,CMP016,SOUTH ,1,1
3156,2026-01-13 00:52:35,CMP004,WEST,1,0
3157,2026-01-14 16:57:29,CMP001,EAST,1,0
3158,2026-01-08 22:00:22,CMP008,SOUTH,1,0
3159,2026-01-14 19:49:41,CMP021, SOUTH,1,0
3160,2026-01-05 11:29:58,CMP005,NORTH,1,0
3161,2026-01-08 11:24:55,CMP021, SOUTH,1,0
3162,2026-01-12 06:27:37,CMP008,EAST,1,0
3163,2026-01-11 11:57:17,CMP019, WEST,1,0
3164,2026-01-06 00:43:28,CMP012,WEST,1,0
3165,2026-01-11 04:37:19,CMP009,WEST,1,0
3166,2026-01-08 18:45:51,CMP008,NORTH ,1,0
3167,2026-01-12 07:28:52,CMP008,EAST,1,0
3168,2026-01-14 08:06:25,CMP009,WEST,1,0
3169,2026-01-07 16:45:38,CMP013,NORTH ,1,0
3170,2026-01-10 12:19:25,CMP013,NORTH,1,0
3171,2026-01-05 10:41:38,CMP017,WEST,1,0
3172,2026-01-10 04:40:25,CMP018,SOUTH,1,0
3173,2026-01-13 08:09:53,CMP010,WEST ,1,0
3174,2026-01-14 14:34:04,CMP002,WEST,1,0
3175,2026-01-12 14:44:30,CMP014,SOUTH,1,0
3176,2026-01-07 09:32:01,CMP025,WEST,1,0
3177,2026-01-08 16:19:17,CMP023,EAST,1,0
3178,2026-01-14 19:21:30,CMP011,NORTH ,1,0
3179,2026-01-12 02:13:56,CMP024,EAST,1,0
3180,2026-01-14 15:59:30,CMP024,EAST,1,1
3181,2026-01-07 17:12:41,CMP010,EAST,1,0
3182,2026-01-08 17:19:17,CMP001,EAST,1,0
3183,2026-01-13 06:51:47,CMP015,SOUTH ,1,0
3184,2026-01-08 06:01:39,CMP002,SOUTH,1,0
3185,2026-01-12 10:30:36,CMP019,NORTH,1,0
3186,2026-01-06 01:31:56,CMP003, WEST,1,0
3187,2026-01-05 07:18:41,CMP005,WEST,1,0
3188,2026-01-14 21:07:08,CMP023,EAST,1,0
3189,2026-01-08 20:02:05,CMP015,SOUTH,1,0
3190,2026-01-06 22:27:20,CMP011,NORTH,1,0
3191,2026-01-07 00:40:06,CMP004,WEST,1,1
3192,2026-01-05 15:26:38,CMP022,SOUTH,1,0
3193,2026-01-12 01:20:37,CMP013,WEST,1,1
3194,2026-01-13 22:07:20,CMP018,EAST,1,0
3195,2026-01-05 12:25:38,CMP002,NORTH,1,0
3196,2026-01-10 16:57:03,CMP003,EAST,1,0
3197,2026-01-08 05:35:30,CMP018,NORTH ,1,0
3198,2026-01-11 14:32:23,CMP010,EAST ,1,0
3199,2026-01-12 20:15:11,CMP020,NORTH,1,0
3200,2026-01-12 10:03:25,CMP009,EAST,1,0
3201,2026-01-05 19:00:53,CMP007,EAST,1,0
3202,2026-01-05 08:32:04,CMP012,NORTH,1,0
3203,2026-01-14 05:25:27,CMP003,SOUTH,1,0
3204,2026-01-05 11:45:07,CMP019,NORTH ,1,0
3205,2026-01-10 16:23:47,CMP016,WEST,1,0
3206,2026-01-09 05:20:18,CMP003,NORTH ,1,0
3207,2026-01-08 12:31:34,CMP024,SOUTH,1,0
3208,2026-01-05 10:15:51,CMP024,EAST,1,0
3209,2026-01-06 20:36:10,CMP018,SOUTH ,1,0
3210,2026-01-10 12:11:00,CMP012, SOUTH,1,0
3211,2026-01-06 00:23:00,CMP012,SOUTH,1,0
3212,2026-01-12 00:44:56,CMP010,WEST,1,0
3213,2026-01-13 12:11:14,CMP016, EAST,1,1
3214,2026-01-11 09:26:46,CMP018,WEST,1,0
3215,2026-01-13 01:39:20,CMP022,WEST ,1,0
3216,2026-01-11 06:49:36,CMP007,NORTH,1,0
3217,2026-01-11 08:14:20,CMP020,WEST,1,0
3218,2026-01-05 15:13:11,CMP018,SOUTH,1,0
3219,2026-01-10 04:59:47,CMP017,SOUTH,1,0
3220,2026-01-07 19:28:57,CMP011,SOUTH ,1,0
