account_id,account_open_date,account_tier,region_code
30000,2021-08-02,Pro,SE
30001,2022-06-28,Basic,SW
30001,2024-01-10,Basic,SE
30001,2021-01-07,Pro,NE
30002,2020-12-27,Basic,MW
30002,2020-04-02,Basic,SE
30003,2023-09-06,Basic,SE
30003,2020-11-19,Basic,NE
30004,2021-01-18,Pro,W
30005,2021-07-28,Basic,MW
30006,2022-01-05,Pro,MW
30007,2022-01-06,Basic,W
30007,2020-12-11,Pro,SE
30008,2023-01-31,Basic,SE
30008,2023-05-23,Pro,SW
30009,2023-04-30,Pro,SW
30009,2024-08-22,Basic,SE
30010,2021-12-19,Enterprise,MW
30011,2022-02-19,Pro,NE
30011,2022-10-16,Basic,SW
30011,2023-05-02,Basic,SE
30012,2023-11-04,Enterprise,SW
30012,2023-11-27,Pro,MW
30013,2021-10-25,Basic,NE
30014,2024-11-07,Basic,W
30015,2021-08-22,Pro,NE
30016,2020-01-11,Pro,W
30017,2020-07-05,Pro,SW
30017,2021-12-26,Basic,SE
30018,2022-11-04,Pro,SW
30019,2022-02-16,Basic,W
30020,2023-08-13,Basic,NE
30020,2021-02-14,Pro,SW
30021,2022-08-13,Enterprise,MW
30022,2021-08-07,Basic,W
30023,2022-12-11,Basic,SW
30024,2024-07-21,Pro,SW
30025,2022-11-17,Basic,SW
30025,2021-07-30,Pro,MW
30026,2022-11-06,Pro,NE
30027,2023-10-06,Basic,SE
30027,2023-12-22,Enterprise,MW
30028,2024-07-31,Pro,SE
30028,2023-06-06,Enterprise,MW
30029,2024-11-24,Pro,SW
30030,2022-09-15,Enterprise,NE
30030,2023-05-18,Basic,W
30031,2023-12-25,Basic,SW
30032,2023-08-10,Enterprise,SE
30033,2022-01-12,Basic,SE
30033,2024-11-11,Basic,SW
30033,2024-05-24,Pro,MW
30034,2023-02-01,Pro,W
30034,2020-07-22,Basic,NE
30034,2022-12-12,Enterprise,MW
30035,2022-08-31,Pro,SE
30035,2022-07-28,Basic,SW
30036,2023-10-30,Pro,SE
30037,2022-12-13,Basic,MW
30038,2023-07-23,Basic,NE
30038,2023-09-20,Basic,W
30039,2022-11-20,Basic,MW
30040,2023-03-04,Basic,SW
30041,2022-12-17,Pro,SW
30042,2020-04-14,Pro,MW
30043,2023-07-13,Pro,SE
30043,2024-03-25,Pro,NE
30043,2024-02-28,Basic,SW
30044,2020-09-09,Basic,W
30045,2020-10-21,Enterprise,SE
30045,2021-10-29,Basic,SW
30046,2023-03-27,Basic,SE
30047,2021-07-02,Pro,SE
30047,2021-09-22,Basic,NE
30048,2022-12-26,Enterprise,MW
30048,2024-11-12,Basic,SE
30049,2020-10-25,Basic,W
30050,2024-01-26,Basic,MW
30050,2024-10-14,Pro,SE
30050,2020-04-10,Basic,NE
30051,2022-12-15,Basic,SW
30051,2020-11-27,Enterprise,SE
30052,2022-04-15,Enterprise,NE
30052,2024-11-09,Basic,W
30052,2021-01-27,Basic,SE
30053,2024-11-01,Basic,SW
30053,2022-05-23,Enterprise,MW
30054,2021-01-15,Enterprise,MW
30054,2020-04-01,Basic,W
30055,2024-12-19,Pro,NE
30055,2021-03-22,Basic,SE
30055,2020-04-18,Basic,SW
30056,2020-11-12,Basic,W
30057,2023-04-06,Basic,MW
30058,2023-12-29,Basic,MW
30059,2021-03-17,Basic,MW
30060,2020-08-05,Pro,SW
30061,2023-05-30,Basic,MW
30062,2021-11-03,Pro,W
30062,2024-03-31,Basic,SW
30063,2020-10-04,Basic,MW
30064,2022-10-05,Basic,SW
30065,2021-07-22,Basic,NE
30065,2024-05-16,Basic,W
30066,2022-10-06,Basic,W
30067,2022-05-24,Basic,SW
30067,2021-04-10,Basic,NE
30068,2022-04-18,Pro,W
30069,2022-01-23,Pro,W
30069,2024-06-13,Basic,NE
30069,2024-05-26,Basic,SE
30070,2022-04-17,Basic,SW
30070,2020-01-30,Pro,MW
30071,2020-12-24,Basic,NE
30072,2023-08-04,Basic,W
30073,2020-03-26,Basic,MW
30073,2023-06-11,Enterprise,SE
30074,2022-01-16,Basic,SW
30074,2020-11-08,Pro,W
30075,2020-12-30,Basic,NE
30075,2024-12-05,Enterprise,SW
30076,2024-12-27,Pro,SE
30076,2022-06-23,Basic,SW
30077,2023-07-16,Pro,SW
30078,2021-11-28,Basic,NE
30079,2020-05-10,Pro,SW
30080,2022-03-13,Pro,W
30080,2022-02-27,Basic,SE
30081,2020-12-16,Pro,SW
30081,2020-06-28,Basic,W
30082,2024-12-30,Basic,MW
30083,2024-02-12,Basic,MW
30084,2023-04-01,Pro,W
30085,2024-12-11,Basic,NE
30086,2023-01-24,Basic,NE
30086,2022-02-12,Pro,SW
30087,2021-05-24,Basic,NE
30087,2020-12-30,Basic,SW
30088,2022-09-07,Basic,SW
30088,2020-12-18,Basic,W
30089,2022-03-10,Basic,NE
30090,2023-12-30,Basic,W
30091,2023-01-11,Enterprise,SE
30091,2023-06-02,Pro,NE
30092,2021-02-15,Basic,MW
30092,2022-01-04,Basic,NE
30093,2022-09-07,Basic,W
30093,2020-04-27,Pro,SE
30094,2021-04-26,Basic,NE
30094,2020-07-10,Basic,SE
30095,2021-08-13,Enterprise,SE
30096,2021-08-12,Basic,NE
30096,2021-10-20,Basic,MW
30097,2020-04-16,Enterprise,NE
30098,2021-01-16,Pro,SW
30099,2022-02-21,Basic,SW
30100,2021-01-24,Pro,SW
30101,2020-08-31,Basic,MW
30101,2021-08-07,Pro,W
30102,2022-05-18,Basic,SE
30103,2021-04-12,Pro,SW
30103,2022-05-15,Enterprise,NE
30104,2022-07-22,Enterprise,MW
30104,2024-04-10,Enterprise,NE
30104,2023-05-18,Basic,W
30105,2021-08-26,Basic,SW
30106,2024-07-18,Basic,W
30107,2022-10-11,Pro,W
30107,2023-01-01,Enterprise,MW
30108,2024-07-16,Basic,NE
30109,2023-08-25,Enterprise,NE
30110,2024-09-15,Pro,NE
30111,2024-09-18,Enterprise,SE
30112,2024-09-29,Enterprise,SW
30112,2024-06-01,Basic,NE
30112,2022-05-09,Basic,W
30113,2023-04-24,Basic,NE
30113,2023-06-30,Basic,MW
30114,2020-01-13,Pro,MW
30114,2020-10-25,Pro,SW
30115,2023-01-04,Enterprise,MW
30115,2022-12-10,Pro,SW
30116,2022-02-25,Basic,W
30116,2020-05-28,Basic,MW
30117,2024-10-20,Basic,SE
30118,2020-05-01,Basic,SW
30118,2023-05-19,Basic,MW
30119,2023-07-27,Basic,MW
30119,2021-06-21,Basic,SW
30120,2024-09-04,Basic,W
30120,2023-03-25,Pro,SE
30121,2023-06-15,Basic,SE
30121,2021-01-10,Basic,MW
30122,2020-03-22,Basic,MW
30123,2021-05-06,Enterprise,NE
30124,2020-12-21,Basic,SE
30125,2022-07-13,Basic,SW
30126,2023-07-20,Pro,SW
30126,2024-05-22,Pro,MW
30127,2022-12-03,Enterprise,SW
30127,2022-10-01,Basic,W
30128,2024-05-15,Basic,SE
30129,2020-05-02,Basic,W
30129,2023-10-04,Pro,SE
30130,2021-12-08,Basic,SW
30131,2020-11-25,Basic,SE
30132,2023-12-03,Basic,MW
30133,2022-09-17,Basic,MW
30134,2020-11-18,Basic,SW
30134,2023-02-08,Pro,W
30134,2022-02-08,Pro,NE
30135,2023-01-17,Basic,SE
30136,2021-03-08,Basic,MW
30136,2021-12-10,Pro,NE
30137,2022-03-04,Basic,MW
30137,2021-12-12,Basic,SW
30138,2023-01-27,Basic,SW
30139,2021-06-22,Pro,NE
30139,2021-08-23,Enterprise,SW
30139,2023-03-15,Pro,MW
30140,2024-09-13,Basic,SE
30140,2020-09-13,Basic,MW
30140,2023-04-27,Enterprise,SW
30141,2023-06-17,Basic,SW
30142,2022-05-20,Enterprise,SW
30143,2022-06-17,Enterprise,SE
30144,2024-03-06,Basic,SE
30145,2024-09-27,Enterprise,SE
30146,2022-03-19,Basic,NE
30146,2021-11-07,Pro,MW
30147,2020-09-27,Basic,W
30147,2024-03-23,Basic,NE
30148,2021-07-03,Pro,MW
30149,2023-02-11,Pro,MW
30150,2023-09-24,Basic,MW
30150,2021-07-21,Pro,SE
30150,2022-09-12,Basic,SW
30151,2020-12-24,Basic,MW
30152,2024-07-31,Basic,SE
30153,2024-06-25,Basic,NE
30154,2023-09-19,Basic,MW
30154,2024-09-08,Basic,SE
30154,2023-04-07,Basic,NE
30155,2023-09-24,Basic,NE
30156,2022-03-08,Basic,SW
30156,2023-07-08,Enterprise,W
30157,2022-06-05,Basic,W
30157,2024-10-24,Enterprise,SE
30158,2023-05-07,Pro,SW
30159,2020-07-29,Pro,SE
30159,2020-10-13,Pro,W
30160,2024-09-11,Pro,SE
30161,2024-11-20,Basic,SE
30161,2022-01-12,Basic,W
30162,2024-02-04,Pro,SE
30162,2024-02-14,Pro,W
30163,2022-11-12,Pro,MW
30163,2024-05-02,Basic,W
30164,2023-02-06,Pro,SE
30165,2020-10-22,Basic,SE
30165,2020-01-06,Basic,NE
30166,2021-07-03,Basic,MW
30167,2021-11-11,Pro,NE
30168,2022-03-05,Enterprise,W
30169,2020-07-21,Basic,MW
30169,2020-11-20,Pro,SW
30170,2022-04-04,Basic,SW
30170,2024-12-13,Basic,W
30171,2020-08-31,Basic,W
30172,2020-11-22,Basic,W
30172,2022-09-13,Basic,SW
30173,2022-12-06,Basic,MW
30174,2022-01-30,Pro,NE
30174,2024-06-02,Pro,W
30175,2024-07-03,Basic,SW
30176,2022-11-02,Basic,NE
30176,2022-06-25,Basic,W
30177,2023-11-04,Basic,MW
30178,2020-12-30,Basic,SW
30178,2024-06-13,Basic,SE
30178,2023-09-27,Enterprise,MW
30179,2024-12-20,Pro,MW
30180,2023-05-29,Basic,MW
30181,2020-03-13,Basic,W
30182,2024-11-04,Basic,NE
30182,2024-11-30,Pro,SW
30182,2024-07-06,Basic,SE
30183,2022-12-05,Basic,SE
30183,2024-03-07,Pro,MW
30184,2020-09-30,Basic,MW
30185,2024-04-27,Basic,NE
30185,2020-07-26,Basic,MW
30186,2024-06-26,Basic,NE
30186,2020-05-03,Basic,SE
30187,2022-10-30,Basic,SW
30187,2023-09-14,Basic,W
30188,2023-04-25,Basic,SW
30188,2021-06-26,Pro,MW
30189,2024-08-18,Basic,SW
30190,2020-02-29,Basic,SW
30191,2024-11-19,Pro,SW
30191,2022-06-17,Pro,SE
30192,2022-06-04,Pro,SE
30192,2022-02-20,Basic,W
30192,2021-03-17,Basic,SW
30193,2023-05-25,Pro,SW
30193,2022-06-29,Pro,NE
30194,2022-10-22,Basic,NE
30195,2024-04-08,Enterprise,SE
30196,2024-10-07,Basic,MW
30196,2022-04-11,Enterprise,SW
30197,2022-10-04,Enterprise,SW
30197,2024-09-30,Pro,SE
30198,2023-10-11,Enterprise,NE
30198,2021-09-17,Pro,W
30199,2024-12-20,Basic,W
30199,2024-08-17,Basic,SW
30200,2023-04-03,Basic,SW
30200,2022-09-24,Basic,NE
30201,2022-01-03,Pro,SW
30202,2020-03-31,Basic,NE
30203,2020-06-15,Basic,MW
30203,2022-08-16,Pro,W
30204,2020-07-25,Enterprise,MW
30204,2023-07-29,Basic,W
30205,2022-12-24,Basic,SE
30206,2021-05-30,Basic,SW
30207,2023-03-26,Pro,NE
30207,2024-11-19,Basic,MW
30208,2024-11-27,Pro,W
30209,2022-01-16,Basic,SW
30210,2020-11-01,Basic,NE
30210,2021-01-29,Enterprise,MW
30211,2023-01-02,Basic,MW
30211,2020-07-05,Basic,SE
30212,2024-05-16,Basic,W
30212,2023-09-22,Basic,SE
30213,2024-08-26,Basic,NE
30214,2024-05-10,Basic,MW
30214,2021-09-14,Basic,NE
30215,2021-12-30,Basic,NE
30216,2020-08-27,Pro,MW
30217,2021-06-16,Pro,SE
30217,2020-05-20,Basic,NE
30218,2023-07-12,Pro,W
30218,2020-05-18,Basic,SW
30219,2021-04-03,Basic,SW
30219,2020-03-10,Basic,MW
30220,2021-01-19,Basic,NE
30220,2021-09-21,Basic,SE
30221,2020-07-16,Basic,MW
30221,2020-07-23,Pro,NE
30222,2024-10-15,Enterprise,SW
30223,2021-07-21,Basic,W
30224,2024-12-27,Pro,SE
30225,2022-09-08,Pro,W
30226,2022-03-15,Pro,SW
30226,2024-09-06,Basic,W
30226,2022-05-08,Basic,MW
30227,2022-05-31,Basic,SE
30228,2022-08-31,Basic,W
30228,2021-10-01,Pro,MW
30229,2023-12-25,Basic,W
30229,2020-11-20,Basic,MW
30230,2021-03-17,Pro,SE
30230,2022-03-14,Pro,SW
30231,2020-10-14,Basic,SW
30231,2020-08-13,Pro,MW
30232,2022-12-23,Basic,SE
30232,2022-08-24,Basic,SW
30233,2022-07-26,Basic,NE
30234,2021-07-13,Pro,W
30235,2021-12-14,Enterprise,SE
30235,2021-05-12,Basic,MW
30236,2022-04-28,Basic,MW
30237,2022-07-14,Basic,MW
30238,2020-02-29,Basic,SW
30238,2023-11-21,Basic,W
30239,2020-09-13,Basic,MW
30240,2021-07-30,Pro,SE
30240,2020-08-26,Pro,MW
30240,2024-12-29,Basic,NE
30241,2020-02-07,Basic,MW
30241,2020-01-25,Basic,SE
30241,2021-02-13,Basic,NE
30242,2021-04-05,Pro,NE
30242,2024-05-13,Enterprise,MW
30242,2022-09-14,Basic,SW
30243,2023-12-11,Basic,SE
30244,2020-12-22,Pro,NE
30245,2021-01-17,Basic,MW
30245,2023-03-27,Pro,W
30245,2021-07-22,Basic,SW
30246,2023-12-27,Pro,MW
30247,2022-12-07,Basic,NE
30247,2023-09-13,Pro,W
30247,2021-03-08,Pro,SE
30248,2023-12-25,Basic,W
30248,2020-02-25,Pro,SE
30248,2021-07-30,Pro,SW
30249,2020-09-24,Basic,W
30249,2020-03-09,Basic,SW
30250,2024-10-17,Basic,NE
30251,2022-06-20,Basic,NE
30252,2024-06-12,Basic,MW
30252,2024-01-12,Pro,SW
30253,2022-03-03,Basic,W
30254,2020-09-13,Enterprise,W
30255,2021-11-02,Basic,W
30255,2021-05-04,Basic,SE
30256,2022-01-15,Basic,SE
30256,2024-07-24,Basic,MW
30256,2020-02-18,Basic,W
30257,2024-08-09,Basic,MW
30257,2020-11-11,Basic,SW
30258,2021-02-16,Pro,SW
30258,2021-03-09,Pro,W
30259,2022-10-22,Basic,SE
30260,2023-03-14,Pro,MW
30260,2023-10-21,Pro,NE
30261,2021-02-23,Basic,SW
30261,2024-05-15,Enterprise,W
30261,2024-12-13,Pro,SE
30262,2024-05-03,Basic,W
30263,2022-04-23,Basic,MW
30263,2024-01-07,Basic,SW
30264,2022-07-04,Basic,NE
30264,2021-03-09,Pro,MW
30265,2021-10-04,Basic,W
30265,2024-04-27,Pro,MW
30266,2020-02-26,Pro,SW
30266,2024-05-04,Pro,SE
30267,2022-08-21,Pro,NE
30267,2022-09-03,Basic,SE
30268,2023-04-16,Basic,W
30269,2023-08-09,Pro,SW
30270,2020-02-15,Basic,MW
30270,2023-04-08,Basic,NE
30271,2023-07-18,Enterprise,MW
30271,2021-02-20,Pro,NE
30272,2022-04-27,Basic,NE
30272,2020-05-18,Pro,SW
30273,2020-09-03,Pro,W
30273,2023-03-17,Basic,NE
30273,2020-08-17,Basic,MW
30274,2022-03-02,Enterprise,W
30274,2021-09-28,Basic,MW
30275,2024-09-23,Basic,SW
30275,2021-01-08,Basic,W
30276,2023-01-08,Pro,MW
30276,2024-06-17,Basic,W
30277,2022-01-07,Basic,W
30277,2022-12-24,Basic,MW
30278,2020-03-28,Enterprise,NE
30278,2023-01-16,Basic,SW
30279,2021-12-13,Pro,SW
30279,2024-10-15,Enterprise,W
30280,2023-05-12,Basic,SE
30280,2023-11-06,Enterprise,SW
30281,2021-08-23,Enterprise,MW
30282,2024-02-08,Enterprise,SE
30283,2024-05-15,Basic,NE
30284,2024-12-11,Pro,W
30284,2024-06-17,Pro,NE
30285,2021-06-22,Enterprise,SW
30286,2020-08-01,Basic,SE
30287,2020-03-14,Pro,SE
30287,2020-03-01,Basic,NE
30288,2021-11-28,Basic,NE
30289,2024-04-15,Basic,W
30289,2023-05-27,Pro,SE
30290,2020-01-12,Basic,NE
30291,2022-03-24,Basic,SE
30292,2023-12-09,Enterprise,MW
30292,2020-02-01,Basic,SW
30293,2023-03-29,Pro,NE
30294,2022-09-27,Basic,SE
30295,2020-08-24,Basic,SW
30295,2024-10-28,Pro,SE
30296,2023-04-19,Enterprise,W
30296,2021-07-11,Basic,MW
30297,2023-09-26,Pro,SW
30298,2024-01-21,Basic,SW
30298,2023-01-08,Basic,MW
30299,2021-10-08,Basic,SE
30300,2024-11-30,Basic,W
30301,2022-09-13,Basic,NE
30301,2022-03-30,Basic,SW
30302,2024-11-17,Basic,NE
30302,2021-04-17,Basic,MW
30303,2024-08-21,Basic,NE
30303,2024-10-04,Pro,MW
30304,2020-04-21,Enterprise,SW
30304,2023-08-08,Pro,SE
30305,2024-07-12,Basic,W
30305,2021-01-17,Enterprise,SW
30305,2020-01-17,Pro,MW
30306,2021-05-07,Basic,SW
30306,2023-09-16,Basic,NE
30307,2022-07-14,Pro,SW
30308,2024-10-28,Pro,SW
30308,2024-02-18,Pro,SE
30309,2023-11-30,Pro,NE
30310,2020-04-26,Pro,SE
30311,2024-04-27,Enterprise,MW
30312,2022-05-29,Basic,W
30313,2020-04-24,Basic,SE
30313,2024-12-23,Pro,SW
30313,2024-04-21,Basic,NE
30314,2022-03-24,Pro,NE
30314,2024-07-06,Enterprise,MW
30315,2024-04-19,Pro,SE
30315,2021-10-05,Pro,W
30316,2023-09-21,Basic,SE
30317,2020-12-01,Basic,SW
30318,2022-07-10,Basic,SE
30319,2024-10-29,Pro,NE
30320,2020-05-26,Pro,MW
30320,2020-05-01,Pro,W
30321,2020-03-21,Basic,NE
30321,2021-11-15,Basic,SW
30322,2024-08-16,Pro,SE
30322,2021-10-23,Basic,W
30323,2021-01-09,Basic,NE
30324,2024-05-12,Pro,SW
30324,2020-03-03,Pro,W
30324,2021-05-18,Basic,SE
30325,2021-10-29,Enterprise,SW
30325,2021-03-24,Basic,NE
30326,2023-12-22,Enterprise,SE
30326,2022-05-17,Basic,MW
30327,2023-12-21,Basic,SE
30327,2023-12-15,Enterprise,W
30328,2023-09-07,Basic,NE
30329,2021-11-10,Pro,MW
30330,2023-04-04,Pro,MW
30331,2024-06-08,Enterprise,MW
30331,2024-07-30,Enterprise,W
30332,2021-04-05,Basic,SE
30333,2021-04-03,Pro,W
30334,2023-04-27,Basic,MW
30335,2021-04-08,Basic,MW
30336,2022-06-30,Pro,MW
30336,2021-01-13,Basic,SW
30337,2022-10-22,Pro,NE
30337,2024-06-29,Basic,SE
30338,2020-12-29,Pro,W
30339,2020-03-12,Enterprise,SE
30340,2023-12-21,Basic,SE
30341,2021-09-29,Pro,MW
30342,2023-04-08,Enterprise,SW
30343,2023-05-13,Basic,SE
30344,2020-12-02,Basic,MW
30345,2024-02-04,Pro,W
30345,2020-07-13,Basic,SW
30346,2024-08-20,Basic,SW
30346,2022-10-08,Pro,MW
30347,2021-10-14,Basic,SE
30348,2023-07-22,Enterprise,NE
30349,2020-01-07,Pro,NE
30349,2022-06-23,Pro,MW
30350,2022-09-05,Basic,NE
30350,2021-07-19,Basic,SW
30351,2021-09-07,Basic,MW
30351,2021-07-26,Enterprise,NE
30352,2021-08-21,Basic,SW
30352,2022-02-08,Basic,SE
30353,2023-04-16,Basic,SW
30354,2020-08-29,Basic,MW
30355,2023-05-11,Basic,W
30355,2024-04-15,Pro,NE
30356,2024-12-29,Basic,SE
30357,2024-01-25,Basic,W
30357,2023-01-08,Basic,NE
30358,2024-03-26,Pro,SE
30358,2023-12-11,Pro,MW
30358,2022-02-04,Basic,NE
30359,2021-01-18,Pro,MW
30359,2021-01-25,Basic,SW
30360,2022-06-14,Enterprise,W
30361,2024-12-27,Basic,MW
30361,2021-11-18,Pro,W
30362,2023-02-23,Enterprise,MW
30363,2024-02-26,Pro,NE
30363,2020-02-16,Basic,SW
30364,2024-10-07,Basic,SE
30364,2024-02-08,Pro,MW
30364,2021-09-10,Basic,SW
30365,2021-04-08,Pro,SE
30366,2024-12-15,Pro,SE
30366,2020-05-02,Pro,NE
30366,2024-02-06,Basic,SW
30367,2020-05-13,Pro,NE
30367,2024-06-30,Pro,SE
30367,2022-04-20,Pro,MW
30368,2024-05-04,Basic,SE
30369,2022-04-28,Basic,SW
30370,2021-08-29,Basic,MW
30371,2024-12-08,Basic,SE
30372,2020-01-23,Pro,SW
30373,2021-07-19,Enterprise,SW
30373,2022-02-04,Basic,W
30374,2022-08-22,Pro,SE
30375,2020-08-22,Basic,NE
30376,2022-09-22,Basic,W
30376,2022-12-18,Basic,MW
30377,2023-04-02,Basic,W
30378,2024-11-29,Enterprise,SE
30378,2022-04-05,Basic,MW
30379,2020-08-03,Pro,W
30380,2023-04-21,Basic,SW
30381,2024-05-11,Enterprise,SW
30381,2021-10-18,Basic,MW
30382,2022-07-23,Basic,SW
30382,2023-01-18,Basic,SE
30383,2020-11-06,Basic,SW
30383,2021-07-10,Basic,NE
30384,2022-08-29,Enterprise,W
30384,2020-09-13,Pro,SE
30385,2021-06-16,Pro,W
30385,2024-04-05,Basic,SW
30386,2020-02-21,Basic,NE
30387,2023-09-23,Basic,MW
30388,2023-04-09,Enterprise,SE
30388,2022-12-26,Pro,NE
30389,2024-07-06,Enterprise,SW
30389,2020-10-26,Pro,NE
30390,2021-11-02,Basic,SW
30390,2022-02-16,Basic,MW
30390,2022-04-11,Basic,NE
30391,2020-08-19,Basic,SW
30392,2022-09-01,Basic,MW
30393,2022-12-27,Basic,W
30393,2024-03-09,Pro,NE
30394,2020-01-28,Enterprise,SW
30395,2024-07-09,Pro,NE
30395,2022-12-10,Enterprise,MW
30395,2024-09-12,Basic,SE
30396,2023-07-07,Basic,SE
30396,2021-08-13,Pro,NE
30397,2022-02-23,Basic,W
30398,2021-09-11,Basic,MW
30398,2021-08-08,Basic,SW
30399,2024-09-06,Basic,W
30399,2022-09-28,Basic,MW
30400,2020-07-02,Basic,SE
30401,2022-11-12,Basic,W
30401,2024-12-14,Pro,SE
30401,2020-05-08,Basic,NE
30402,2020-10-17,Basic,W
30402,2021-05-15,Basic,NE
30403,2020-07-04,Basic,SW
30403,2021-04-23,Pro,NE
30404,2024-05-13,Pro,MW
30405,2021-05-06,Pro,MW
30405,2021-05-27,Basic,NE
30406,2024-07-24,Pro,MW
30407,2022-12-26,Pro,SW
30408,2021-04-11,Basic,W
30408,2020-10-11,Basic,SW
30408,2021-08-23,Basic,SE
30409,2023-12-11,Pro,NE
30410,2023-01-28,Pro,W
30411,2020-07-07,Basic,SW
30411,2022-09-15,Pro,SE
30411,2022-06-08,Basic,NE
30412,2021-01-22,Basic,MW
30412,2020-08-28,Enterprise,SW
30412,2024-12-10,Enterprise,W
30413,2024-10-20,Basic,SW
30413,2021-02-20,Basic,MW
30414,2020-06-24,Basic,W
30414,2021-01-21,Basic,MW
30415,2024-02-03,Pro,SE
30416,2022-05-02,Enterprise,MW
30417,2023-06-10,Pro,SE
30418,2021-10-24,Basic,MW
30418,2021-03-27,Pro,SW
30419,2020-10-03,Basic,SE
30419,2023-06-06,Enterprise,NE
30420,2023-04-09,Enterprise,NE
30420,2024-10-24,Pro,W
30421,2020-07-31,Basic,SW
30421,2023-07-29,Basic,NE
30422,2020-02-10,Basic,NE
30423,2023-02-19,Pro,SE
30424,2023-06-04,Basic,W
30425,2020-10-20,Basic,SE
30425,2021-08-22,Basic,SW
30426,2023-07-14,Pro,W
30427,2021-06-24,Basic,W
30427,2024-11-17,Enterprise,SW
30428,2021-03-26,Enterprise,MW
30429,2024-01-12,Enterprise,SW
30430,2024-11-14,Basic,SE
30431,2022-12-20,Basic,W
30431,2024-03-05,Basic,NE
30432,2023-03-16,Basic,W
30432,2024-09-05,Basic,SW
30433,2022-02-28,Pro,SW
30434,2020-11-29,Basic,SE
30435,2022-06-09,Enterprise,W
30435,2023-03-11,Basic,MW
30436,2020-02-13,Pro,W
30437,2020-05-23,Pro,W
30437,2020-11-28,Pro,NE
30438,2022-09-24,Enterprise,MW
30438,2024-02-29,Pro,NE
30439,2023-11-20,Enterprise,SW
30440,2020-02-24,Basic,SE
30441,2023-08-23,Basic,W
30441,2022-05-19,Basic,SW
30441,2023-12-17,Basic,MW
30442,2023-12-11,Basic,SW
30443,2024-08-23,Basic,SE
30444,2022-03-07,Basic,SE
30444,2020-11-20,Basic,MW
30445,2024-09-29,Basic,MW
30445,2024-08-21,Enterprise,SE
30445,2020-03-20,Basic,SW
30446,2022-11-20,Pro,SW
30446,2022-09-11,Basic,NE
30446,2023-02-09,Enterprise,SE
30447,2021-07-11,Enterprise,SE
30447,2022-05-14,Pro,W
30448,2021-12-17,Pro,NE
30449,2024-05-06,Basic,MW
30450,2024-07-31,Enterprise,NE
30450,2021-04-16,Enterprise,SW
30451,2020-03-14,Enterprise,MW
30451,2024-04-25,Pro,NE
30452,2024-02-11,Basic,MW
30453,2021-08-11,Enterprise,W
30453,2023-11-11,Basic,NE
30453,2024-09-18,Pro,SE
30454,2021-07-17,Basic,NE
30455,2023-12-27,Enterprise,SW
30456,2023-12-06,Basic,SE
30457,2021-04-11,Basic,SE
30458,2021-08-21,Pro,SE
30459,2024-07-02,Pro,W
30460,2022-09-18,Pro,W
30461,2022-01-06,Basic,NE
30461,2022-09-20,Basic,W
30462,2020-09-04,Pro,NE
30462,2024-05-23,Enterprise,SE
30463,2023-02-17,Pro,MW
30463,2020-03-07,Basic,SE
30464,2021-07-26,Enterprise,W
30464,2023-09-12,Basic,MW
30464,2021-12-03,Basic,SW
30465,2021-04-14,Basic,NE
30466,2021-05-07,Basic,W
30467,2024-09-20,Pro,NE
30467,2021-10-24,Basic,MW
30468,2020-10-12,Basic,MW
30469,2024-06-19,Basic,W
30469,2020-11-07,Basic,NE
30469,2020-11-04,Pro,MW
30470,2022-02-13,Basic,SW
30471,2023-01-25,Basic,SE
30471,2022-08-22,Pro,SW
30471,2023-02-10,Pro,NE
30472,2024-07-18,Pro,SW
30473,2021-03-31,Basic,SE
30473,2024-01-26,Enterprise,SW
30474,2020-05-11,Enterprise,MW
30474,2022-07-18,Pro,SW
30475,2022-08-22,Pro,W
30475,2022-07-17,Basic,SE
30475,2020-04-30,Enterprise,SW
30476,2023-05-05,Basic,NE
30477,2024-02-14,Basic,NE
30477,2021-09-25,Basic,MW
30478,2024-12-22,Basic,NE
30478,2022-06-15,Enterprise,MW
30478,2022-02-10,Pro,W
30479,2022-11-28,Pro,NE
30479,2021-07-19,Pro,SE
30480,2021-05-26,Basic,SE
30480,2024-02-06,Basic,W
30481,2023-03-30,Pro,W
30481,2020-10-15,Pro,NE
30482,2020-07-18,Basic,MW
30483,2024-12-16,Pro,SE
30483,2021-06-11,Basic,W
30484,2022-07-05,Basic,SW
30484,2024-09-04,Basic,SE
30485,2024-03-06,Basic,NE
30485,2023-06-25,Pro,MW
30485,2023-11-07,Pro,SW
30486,2023-05-26,Basic,W
30487,2023-01-15,Pro,MW
30488,2023-01-10,Pro,MW
30488,2022-12-21,Basic,SE
30488,2022-03-09,Basic,W
30489,2024-03-03,Enterprise,SE
30489,2022-12-01,Pro,W
30490,2020-01-12,Enterprise,SW
30491,2022-04-12,Basic,MW
30491,2024-11-04,Pro,NE
30492,2022-04-20,Basic,SE
30493,2021-10-04,Basic,SE
30494,2023-02-12,Basic,SW
30495,2023-05-26,Basic,SE
30496,2024-07-30,Basic,W
30496,2020-04-15,Basic,NE
30497,2021-11-21,Basic,SE
30498,2021-06-11,Pro,SE
30498,2024-02-04,Basic,W
30498,2024-11-12,Basic,MW
30499,2022-04-25,Basic,W
30499,2022-06-11,Basic,SE
30499,2021-01-21,Pro,NE
30500,2023-06-03,Basic,SE
30500,2021-04-25,Pro,SW
30501,2024-11-12,Basic,MW
30501,2021-02-11,Basic,W
30502,2024-01-20,Enterprise,NE
30503,2024-08-03,Pro,W
30503,2022-06-16,Basic,SE
30504,2021-12-11,Pro,MW
30504,2024-07-05,Basic,NE
30505,2021-09-30,Pro,SE
30506,2022-11-10,Pro,SW
30506,2024-08-09,Pro,MW
30506,2024-06-12,Enterprise,NE
30507,2022-03-25,Basic,NE
30507,2022-07-06,Pro,W
30508,2020-07-21,Basic,MW
30508,2021-02-20,Basic,SW
30508,2021-02-19,Basic,SE
30509,2024-01-11,Basic,SE
30509,2024-03-15,Pro,MW
30510,2020-03-25,Pro,MW
30510,2020-06-15,Pro,SW
30511,2021-01-18,Basic,NE
30512,2021-04-12,Basic,MW
30512,2022-12-31,Enterprise,SE
30512,2022-03-20,Basic,NE
30513,2022-09-23,Pro,MW
30513,2024-03-24,Pro,SE
30514,2024-12-21,Pro,SE
30515,2021-04-17,Basic,W
30516,2022-09-19,Enterprise,SE
30517,2023-07-05,Basic,SW
30517,2020-10-01,Enterprise,MW
30518,2024-11-08,Basic,MW
30518,2022-11-09,Basic,SW
30518,2024-02-22,Basic,NE
30519,2024-11-03,Pro,W
30520,2021-05-04,Basic,W
30520,2024-10-22,Basic,MW
30521,2020-11-21,Basic,SW
30522,2021-06-12,Enterprise,NE
30522,2022-06-10,Pro,MW
30522,2020-03-29,Pro,W
30523,2021-04-30,Pro,W
30523,2021-12-08,Basic,SE
30524,2020-12-15,Basic,W
30524,2023-01-12,Enterprise,MW
30525,2021-01-21,Basic,W
30526,2020-03-27,Basic,SW
30527,2020-11-02,Basic,MW
30528,2023-03-23,Basic,SE
30529,2021-03-15,Basic,SW
30529,2022-01-09,Basic,W
30530,2020-09-20,Basic,SE
30530,2022-09-03,Basic,NE
30531,2022-01-04,Basic,W
30531,2021-02-24,Basic,SE
30531,2021-05-07,Basic,MW
30532,2021-09-24,Pro,SW
30532,2022-09-19,Basic,SE
30532,2021-02-14,Pro,W
30533,2020-06-21,Pro,SW
30533,2020-01-04,Pro,SE
30534,2022-05-03,Basic,NE
30534,2024-07-21,Basic,SW
30535,2022-09-12,Basic,SE
30535,2024-02-04,Pro,W
30535,2023-02-07,Basic,SW
30536,2022-11-26,Pro,SW
30536,2021-08-05,Enterprise,MW
30537,2024-12-29,Basic,NE
30538,2022-11-20,Basic,W
30539,2021-01-15,Pro,MW
30540,2023-07-15,Basic,W
30540,2022-10-31,Basic,MW
30540,2020-12-09,Enterprise,NE
30541,2024-04-16,Basic,NE
30541,2024-05-11,Enterprise,SW
30542,2020-06-14,Pro,MW
30543,2021-11-30,Pro,SE
30543,2020-12-07,Basic,SW
30544,2024-02-14,Basic,SE
30544,2022-11-08,Basic,SW
30545,2024-07-09,Basic,SE
30546,2022-09-06,Basic,W
30547,2023-04-22,Basic,SE
30547,2024-12-10,Basic,W
30548,2021-06-28,Basic,W
30548,2022-10-30,Pro,MW
30549,2024-06-03,Basic,MW
30549,2020-07-10,Basic,SW
30550,2020-11-15,Pro,W
30550,2024-09-21,Enterprise,SE
30551,2021-08-02,Basic,MW
30551,2021-04-19,Basic,W
30552,2021-09-28,Pro,SW
30552,2021-03-02,Enterprise,W
30553,2022-12-18,Pro,MW
30553,2023-12-30,Pro,SW
30554,2020-04-06,Basic,NE
30554,2021-05-10,Basic,MW
30555,2024-12-15,Basic,SW
30556,2021-10-22,Pro,SE
30557,2023-07-25,Pro,MW
30558,2023-07-12,Enterprise,W
30558,2020-01-09,Basic,SW
30559,2021-04-01,Basic,MW
30559,2024-12-23,Basic,NE
30560,2020-09-29,Pro,NE
30560,2022-07-28,Pro,SE
30561,2022-10-28,Basic,SE
30562,2020-07-26,Basic,SW
30563,2024-07-18,Basic,NE
30564,2023-02-20,Basic,SE
30565,2022-11-22,Enterprise,SW
30565,2024-03-16,Basic,MW
30566,2020-07-22,Pro,SW
30567,2021-06-01,Pro,NE
30568,2021-05-31,Pro,W
30568,2021-03-18,Basic,NE
30568,2024-06-03,Pro,SE
30569,2024-12-14,Basic,SE
30570,2021-11-19,Basic,NE
30570,2022-04-29,Basic,MW
30571,2022-04-12,Basic,SW
30571,2020-12-04,Basic,MW
30572,2024-01-01,Basic,MW
30573,2024-01-08,Enterprise,W
30573,2023-03-05,Basic,NE
30574,2021-01-21,Pro,NE
30574,2022-11-14,Enterprise,MW
30575,2021-05-20,Basic,NE
30575,2023-09-10,Pro,W
30575,2024-09-14,Basic,SW
30576,2021-11-10,Basic,SE
30577,2023-09-23,Basic,SE
30577,2021-11-20,Enterprise,W
30577,2022-06-03,Basic,NE
30578,2023-01-23,Pro,MW
30579,2024-04-17,Basic,SW
30580,2021-09-14,Enterprise,SE
30581,2023-03-15,Basic,W
30581,2022-06-11,Pro,SE
30581,2022-08-10,Pro,NE
30582,2023-06-08,Pro,SE
30583,2022-02-22,Enterprise,W
30584,2021-05-09,Pro,MW
30584,2022-11-27,Basic,W
30585,2023-12-19,Basic,NE
30586,2024-07-28,Basic,MW
30587,2022-01-16,Basic,SW
30588,2021-03-12,Basic,SE
30589,2023-10-23,Basic,SW
30590,2020-12-10,Basic,W
30591,2023-03-29,Enterprise,MW
30591,2021-07-03,Basic,SE
30592,2024-08-12,Enterprise,SE
30593,2022-03-30,Basic,W
30594,2021-06-24,Pro,SE
30594,2020-05-23,Pro,SW
30595,2021-08-10,Basic,W
30596,2021-10-18,Basic,NE
30596,2024-10-30,Basic,W
30597,2024-05-18,Basic,W
30598,2020-12-10,Enterprise,W
30599,2023-07-16,Pro,W
30600,2021-11-26,Basic,W
30601,2024-12-01,Basic,SE
30602,2020-09-24,Basic,SE
30603,2020-06-17,Basic,MW
30604,2024-11-29,Pro,NE
30605,2024-10-28,Basic,SE
30606,2020-02-02,Basic,SE
30607,2021-01-11,Basic,SW
30608,2023-05-22,Basic,SW
30608,2024-05-04,Pro,MW
30609,2024-01-03,Basic,SW
30609,2024-02-24,Enterprise,MW
30610,2021-01-27,Enterprise,SW
30611,2021-05-03,Basic,NE
30611,2021-12-22,Basic,SW
30612,2022-08-03,Pro,MW
30612,2022-11-18,Enterprise,NE
30613,2020-02-08,Pro,SE
30614,2024-06-23,Basic,NE
30614,2023-04-11,Enterprise,SW
30615,2022-11-06,Basic,SE
30615,2022-12-15,Pro,SW
30615,2020-08-13,Enterprise,MW
30616,2024-04-30,Basic,SW
30617,2020-03-07,Enterprise,W
30618,2023-05-05,Basic,MW
30618,2024-08-04,Enterprise,SE
30619,2022-04-14,Basic,NE
30619,2022-11-12,Enterprise,SE
30620,2022-09-25,Basic,NE
30621,2024-06-17,Pro,SW
30622,2024-11-12,Basic,SW
30623,2020-08-24,Basic,SE
30624,2022-08-14,Basic,W
30624,2022-07-07,Pro,SE
30625,2024-05-08,Basic,SE
30626,2023-03-07,Pro,SE
30627,2021-04-17,Basic,NE
30627,2024-12-12,Enterprise,W
30628,2021-07-06,Basic,SW
30629,2024-06-21,Basic,SW
30630,2021-11-25,Basic,MW
30630,2024-07-21,Basic,SW
30631,2023-06-06,Basic,SE
30631,2020-11-12,Basic,MW
30632,2021-08-20,Enterprise,SE
30632,2022-02-06,Pro,MW
30633,2024-10-10,Pro,SW
30633,2024-10-16,Basic,SE
30634,2022-06-04,Pro,SE
30635,2024-06-23,Basic,NE
30636,2021-07-14,Pro,W
30636,2023-05-09,Basic,MW
30637,2020-09-14,Basic,NE
30638,2024-02-12,Basic,SW
30639,2023-04-16,Enterprise,SE
30640,2022-01-26,Basic,SW
30641,2020-05-02,Pro,SE
30642,2020-12-07,Basic,SW
30643,2023-04-09,Pro,MW
30644,2024-07-29,Enterprise,SE
30645,2022-12-18,Basic,SW
30645,2024-09-24,Basic,W
30646,2024-01-28,Enterprise,NE
30646,2024-12-08,Basic,W
30647,2020-09-16,Basic,W
30647,2023-10-28,Pro,SE
30648,2020-04-04,Pro,SW
30648,2023-02-22,Basic,NE
30649,2020-02-10,Pro,SW
30650,2020-09-10,Basic,W
30651,2020-01-07,Basic,SW
30651,2024-02-03,Pro,SE
30652,2021-12-28,Basic,MW
30652,2024-03-14,Basic,SE
30653,2024-05-23,Pro,SW
30653,2020-03-09,Enterprise,NE
30654,2023-01-09,Enterprise,W
30655,2021-06-25,Enterprise,NE
30656,2024-05-27,Enterprise,MW
30657,2023-07-09,Basic,W
30658,2020-03-29,Basic,MW
30658,2023-05-16,Pro,W
30659,2020-07-31,Basic,MW
30659,2022-04-13,Pro,W
30660,2020-09-22,Pro,MW
30661,2022-06-30,Basic,W
30661,2020-10-19,Enterprise,MW
30661,2023-05-15,Basic,SW
30662,2020-11-28,Basic,MW
30662,2023-01-05,Enterprise,NE
30663,2023-08-04,Basic,NE
30664,2022-10-01,Basic,SE
30665,2020-02-16,Basic,SE
30666,2021-09-13,Pro,SW
30667,2023-05-08,Pro,NE
30668,2021-03-02,Pro,W
30669,2020-07-28,Pro,SW
30670,2022-06-06,Basic,W
30671,2023-12-14,Enterprise,NE
30671,2020-06-02,Enterprise,SE
30672,2024-03-25,Basic,NE
30673,2021-02-18,Basic,MW
30673,2023-10-08,Enterprise,NE
30674,2023-03-26,Enterprise,SW
30675,2023-07-08,Enterprise,W
30675,2023-01-05,Enterprise,SE
30675,2022-02-07,Basic,SW
30676,2022-09-09,Pro,W
30677,2024-02-20,Basic,MW
30678,2023-02-28,Basic,NE
30678,2021-08-01,Pro,SW
30678,2024-01-18,Basic,W
30679,2022-01-09,Pro,NE
30679,2020-06-11,Basic,SW
30680,2022-11-04,Basic,SW
30680,2023-06-09,Basic,MW
30681,2020-07-13,Basic,SE
30682,2021-06-25,Basic,SE
30683,2020-12-24,Basic,W
30683,2022-04-29,Enterprise,SE
30684,2023-09-16,Basic,MW
30684,2021-03-02,Basic,SE
30684,2021-05-11,Pro,W
30685,2022-04-07,Pro,NE
30685,2021-04-30,Basic,MW
30686,2024-01-12,Pro,MW
30686,2023-12-07,Pro,W
30687,2020-11-25,Basic,W
30688,2024-10-21,Basic,SE
30688,2022-06-07,Enterprise,W
30689,2022-09-17,Pro,SE
30690,2023-03-16,Pro,NE
30691,2020-09-15,Basic,SE
30692,2020-10-18,Basic,W
30692,2020-05-22,Pro,MW
30693,2022-01-16,Basic,SE
30694,2021-09-18,Basic,NE
30695,2023-10-20,Pro,SE
30695,2020-03-30,Basic,NE
30696,2021-12-20,Pro,SW
30697,2023-04-02,Pro,W
30697,2021-04-25,Basic,NE
30698,2020-03-24,Pro,NE
30699,2023-01-05,Basic,W
30700,2021-11-03,Pro,MW
30700,2021-05-31,Basic,NE
30701,2021-04-29,Basic,SE
30702,2024-06-01,Pro,MW
30703,2024-06-14,Basic,SW
30704,2024-06-10,Enterprise,NE
30705,2022-02-20,Basic,W
30705,2020-04-13,Basic,MW
30705,2024-01-15,Basic,SW
30706,2024-02-19,Basic,SE
30707,2020-12-04,Basic,MW
30707,2021-11-17,Pro,SE
30708,2024-05-08,Pro,SW
30709,2022-06-18,Enterprise,W
30709,2024-02-10,Enterprise,SW
30710,2024-10-12,Basic,NE
30710,2021-08-29,Pro,W
30711,2020-08-10,Basic,NE
30711,2022-10-29,Pro,MW
30712,2022-12-12,Basic,SW
30713,2023-01-05,Enterprise,NE
30714,2024-10-07,Pro,SW
30715,2021-05-17,Enterprise,W
30715,2023-09-01,Pro,NE
30715,2022-04-01,Enterprise,MW
30716,2021-09-15,Pro,SW
30716,2020-06-13,Basic,NE
30717,2023-07-26,Basic,NE
30717,2022-11-16,Basic,W
30717,2022-12-29,Basic,SW
30718,2023-05-26,Basic,SW
30719,2023-10-20,Basic,SE
30719,2024-09-20,Basic,MW
30720,2023-08-22,Enterprise,MW
30720,2023-02-21,Enterprise,SW
30720,2020-01-19,Basic,W
30721,2023-07-04,Basic,SW
30722,2023-08-12,Basic,SE
30723,2022-11-11,Basic,NE
30723,2022-09-15,Pro,SE
30724,2021-03-25,Basic,W
30724,2021-07-05,Pro,SW
30725,2024-04-22,Enterprise,NE
30725,2022-12-07,Pro,SW
30726,2021-11-25,Basic,SW
30727,2021-08-09,Pro,NE
30727,2021-12-21,Basic,MW
30728,2023-04-21,Basic,MW
30729,2023-12-29,Basic,SE
30730,2020-04-16,Basic,SW
30731,2023-04-26,Basic,SW
30731,2022-02-14,Basic,NE
30732,2023-01-14,Pro,SW
30732,2024-01-19,Pro,NE
30733,2023-03-06,Basic,NE
30733,2022-06-16,Basic,SE
30734,2020-12-01,Pro,SW
30735,2021-08-29,Basic,SE
30735,2022-04-17,Enterprise,SW
30736,2024-11-15,Pro,NE
30737,2024-02-01,Basic,SW
30737,2021-08-24,Basic,SE
30738,2024-05-13,Basic,MW
30739,2021-02-06,Basic,NE
30740,2021-06-23,Basic,MW
30741,2022-12-31,Pro,W
30742,2024-12-10,Basic,NE
30742,2020-01-24,Basic,SW
30743,2021-09-15,Pro,W
30743,2024-02-17,Basic,NE
30744,2022-12-15,Basic,NE
30745,2022-09-12,Basic,NE
30745,2020-08-10,Basic,SW
30746,2024-07-13,Pro,SE
30747,2020-06-27,Basic,SW
30747,2022-03-10,Pro,SE
30748,2021-03-09,Basic,W
30748,2024-01-13,Basic,SE
30748,2022-03-03,Basic,SW
30749,2022-06-02,Pro,MW
30749,2021-05-06,Basic,W
30750,2023-04-27,Basic,SW
30751,2024-05-20,Pro,MW
30751,2022-03-20,Basic,SW
30751,2022-08-18,Basic,W
30752,2021-02-23,Pro,SE
30752,2023-06-26,Basic,MW
30753,2024-05-30,Pro,SW
30754,2021-10-10,Basic,W
30755,2023-04-02,Pro,SW
30755,2024-11-03,Pro,MW
30756,2023-07-02,Basic,W
30756,2021-04-20,Pro,SW
30757,2023-12-11,Enterprise,MW
30757,2020-06-18,Basic,SW
30758,2023-09-02,Basic,SE
30758,2020-06-22,Pro,SW
30759,2021-04-14,Pro,SE
30759,2020-12-10,Basic,SW
30760,2021-03-20,Enterprise,NE
30761,2022-11-07,Basic,MW
30762,2022-12-29,Pro,MW
30763,2023-09-23,Pro,W
30763,2021-09-19,Enterprise,SE
30764,2021-08-14,Basic,SW
30765,2021-06-10,Pro,SW
30765,2024-09-07,Basic,NE
30766,2021-03-31,Basic,SE
30766,2023-07-16,Basic,NE
30767,2024-07-12,Pro,MW
30767,2022-03-21,Basic,NE
30768,2020-07-06,Basic,NE
30769,2022-10-17,Pro,W
30769,2024-05-11,Pro,SE
30770,2021-12-11,Pro,SE
30771,2021-06-12,Enterprise,MW
30771,2021-03-09,Basic,NE
30772,2020-10-14,Enterprise,NE
30773,2024-05-09,Enterprise,SW
30774,2021-05-13,Basic,NE
30774,2024-01-04,Basic,SE
30775,2024-12-09,Basic,NE
30776,2020-10-29,Basic,NE
30777,2020-03-27,Pro,NE
30777,2022-04-09,Pro,SE
30778,2021-03-13,Pro,NE
30778,2021-06-24,Basic,W
30779,2022-11-11,Basic,SW
30779,2022-04-12,Enterprise,SE
30780,2022-03-07,Basic,SW
30780,2021-07-13,Enterprise,W
30781,2024-03-20,Basic,MW
30781,2022-01-31,Enterprise,SE
30782,2024-08-25,Basic,MW
30783,2024-03-06,Basic,W
30784,2024-10-03,Basic,SE
30785,2021-04-11,Pro,W
30785,2023-01-29,Enterprise,SE
30785,2024-05-25,Basic,MW
30786,2021-11-05,Enterprise,MW
30786,2021-11-15,Pro,SW
30787,2023-03-10,Pro,SW
30788,2020-05-17,Pro,MW
30789,2021-07-31,Basic,MW
30789,2021-12-10,Basic,NE
30789,2020-08-15,Enterprise,W
30790,2020-10-07,Enterprise,NE
30791,2021-11-14,Enterprise,SE
30791,2022-04-07,Enterprise,W
30792,2021-03-06,Basic,NE
30792,2022-11-29,Pro,MW
30793,2024-03-22,Basic,W
30793,2024-09-05,Enterprise,NE
30794,2024-08-13,Basic,W
30795,2023-05-19,Pro,W
30795,2020-10-28,Basic,NE
30796,2023-01-14,Basic,MW
30796,2023-11-21,Basic,SW
30796,2023-06-30,Enterprise,NE
30797,2021-06-16,Pro,W
30797,2022-02-07,Basic,SE
30798,2023-11-05,Pro,SW
30798,2021-03-19,Pro,W
30799,2022-11-22,Basic,MW
30799,2020-09-16,Basic,SE
30799,2023-06-11,Enterprise,NE
30800,2024-03-18,Pro,NE
30800,2023-08-24,Basic,SE
30801,2022-01-08,Pro,W
30802,2022-03-06,Basic,SE
30802,2020-03-10,Basic,NE
30803,2024-01-17,Basic,MW
30803,2024-01-02,Basic,W
30804,2023-10-19,Pro,SE
30805,2022-09-09,Enterprise,SE
30805,2024-11-24,Basic,SW
30806,2021-04-25,Basic,NE
30806,2023-03-13,Pro,MW
30806,2020-01-24,Enterprise,SE
30807,2022-08-22,Pro,MW
30807,2023-12-19,Enterprise,W
30807,2022-01-15,Basic,SE
30808,2022-04-24,Pro,SW
30809,2023-04-13,Basic,SW
30810,2020-11-20,Basic,NE
30810,2024-08-21,Basic,MW
30810,2023-10-03,Basic,SE
30811,2022-03-08,Enterprise,SE
30811,2020-01-18,Enterprise,NE
30812,2020-02-13,Basic,W
30813,2020-06-03,Basic,SE
30813,2022-05-16,Basic,SW
30813,2022-07-10,Basic,W
30814,2023-11-01,Pro,SE
30814,2022-01-12,Enterprise,MW
30815,2023-11-26,Enterprise,SE
30815,2020-08-12,Pro,NE
30816,2020-08-04,Pro,NE
30816,2024-05-10,Basic,SW
30817,2020-01-31,Basic,SE
30818,2022-12-18,Basic,W
30819,2022-06-16,Pro,SW
30820,2023-10-08,Pro,MW
30820,2022-07-23,Basic,SE
30821,2021-03-20,Basic,SE
30822,2023-06-12,Basic,NE
30823,2023-02-04,Enterprise,SW
30824,2023-04-29,Basic,NE
30824,2021-06-13,Pro,SE
30825,2022-01-07,Pro,W
30825,2024-08-29,Basic,SW
30825,2024-05-25,Pro,NE
30826,2022-05-23,Enterprise,SE
30827,2021-07-19,Basic,MW
30828,2023-06-22,Enterprise,MW
30828,2020-03-16,Basic,NE
30829,2021-06-30,Basic,SE
30830,2020-09-23,Enterprise,NE
30831,2020-11-12,Pro,W
30832,2023-02-18,Enterprise,SE
30833,2020-01-25,Pro,SE
30834,2023-12-26,Enterprise,W
30835,2020-06-08,Pro,SW
30836,2021-08-18,Pro,W
30836,2023-02-11,Pro,SW
30836,2024-10-24,Basic,SE
30837,2022-06-18,Enterprise,W
30838,2021-05-16,Basic,NE
30838,2023-04-04,Basic,MW
30839,2022-10-09,Basic,SE
30839,2021-12-03,Pro,W
30840,2023-04-13,Basic,NE
30841,2020-01-01,Basic,NE
30841,2022-01-10,Enterprise,W
30842,2023-01-14,Basic,MW
30843,2024-05-16,Pro,W
30843,2020-11-15,Basic,MW
30843,2023-11-25,Basic,SW
30844,2021-01-16,Basic,NE
30845,2024-10-07,Pro,MW
30846,2024-06-28,Basic,MW
30847,2023-09-03,Enterprise,NE
30847,2024-12-31,Basic,SE
30847,2023-06-27,Basic,MW
30848,2024-03-28,Basic,SE
30848,2024-08-25,Basic,SW
30849,2024-04-27,Pro,SW
30849,2022-06-16,Enterprise,SE
30850,2024-07-04,Pro,W
30851,2021-12-17,Basic,SW
30851,2023-07-03,Basic,MW
30852,2020-11-02,Basic,SE
30853,2023-03-13,Enterprise,NE
30853,2024-08-08,Basic,MW
30854,2021-01-25,Pro,SE
30855,2024-08-26,Basic,MW
30856,2023-04-07,Basic,SW
30857,2022-09-16,Basic,W
30858,2020-10-24,Basic,MW
30858,2020-08-20,Pro,NE
30859,2020-09-27,Basic,NE
30860,2022-12-19,Pro,W
30860,2023-08-12,Basic,NE
30861,2024-01-30,Enterprise,W
30862,2023-06-12,Basic,W
30862,2021-11-07,Enterprise,SE
30863,2021-12-06,Pro,W
30864,2020-08-21,Enterprise,NE
30865,2023-10-23,Basic,SE
30865,2024-09-14,Pro,MW
30866,2022-04-24,Basic,W
30867,2023-06-09,Basic,NE
30868,2021-05-05,Basic,W
30868,2024-06-30,Basic,NE
30869,2021-05-17,Enterprise,MW
30869,2022-06-08,Basic,NE
30869,2024-10-24,Pro,W
30870,2021-08-14,Pro,NE
30871,2022-01-15,Basic,W
30872,2023-11-05,Pro,SE
30872,2024-09-15,Basic,SW
30873,2021-03-03,Pro,SW
30874,2021-11-27,Basic,MW
30875,2021-10-07,Enterprise,MW
30876,2022-01-01,Pro,SE
30876,2022-03-10,Enterprise,MW
30877,2020-12-29,Basic,W
30877,2020-07-20,Basic,NE
30878,2022-05-31,Basic,MW
30879,2020-05-25,Basic,W
30880,2022-04-15,Basic,W
30881,2021-09-30,Pro,MW
30881,2024-01-20,Basic,NE
30882,2020-05-14,Basic,SE
30883,2021-09-17,Enterprise,W
30884,2023-07-11,Pro,W
30884,2020-03-04,Basic,SE
30885,2021-05-05,Basic,SE
30886,2024-07-28,Basic,SW
30886,2020-02-10,Basic,NE
30887,2023-08-12,Pro,W
30888,2022-10-23,Basic,NE
30889,2022-07-01,Enterprise,SW
30890,2024-09-25,Pro,MW
30890,2022-09-01,Pro,W
30891,2023-02-07,Basic,W
30891,2023-05-29,Basic,SE
30892,2023-10-25,Pro,NE
30892,2021-01-02,Basic,MW
30893,2023-12-30,Basic,NE
30894,2022-07-06,Basic,W
30894,2022-10-24,Basic,MW
30895,2020-08-31,Pro,NE
30896,2022-06-20,Basic,SE
30897,2020-06-14,Basic,SW
30897,2022-11-15,Basic,SE
30898,2023-11-19,Pro,SE
30899,2024-02-06,Enterprise,SW
30900,2022-11-06,Enterprise,SE
30901,2021-12-28,Basic,MW
30902,2023-01-20,Basic,MW
30903,2021-04-27,Basic,SE
30903,2021-06-26,Pro,MW
30904,2023-05-13,Pro,SW
30905,2024-03-05,Pro,W
30905,2022-07-19,Basic,SW
30906,2021-02-03,Pro,SW
30906,2023-05-15,Basic,NE
30907,2021-09-10,Pro,SE
30908,2023-03-15,Basic,MW
30909,2022-05-28,Pro,MW
30910,2020-04-10,Basic,SW
30910,2022-05-29,Basic,W
30911,2022-04-09,Pro,SW
30912,2023-06-18,Basic,W
30912,2022-01-28,Pro,SW
30913,2020-06-11,Pro,SE
30914,2023-04-11,Pro,SE
30914,2021-05-16,Basic,NE
30915,2021-06-30,Basic,W
30916,2023-07-31,Pro,W
30917,2023-10-14,Basic,MW
30917,2021-01-15,Pro,W
30917,2022-05-19,Basic,SE
30918,2022-06-23,Basic,SE
30918,2024-04-05,Basic,W
30919,2023-04-01,Basic,MW
30920,2022-09-28,Basic,MW
30920,2021-08-31,Pro,SE
30921,2020-11-02,Pro,SW
30922,2023-09-24,Basic,W
30922,2020-02-24,Enterprise,SE
30923,2022-09-09,Basic,SW
30923,2020-11-28,Enterprise,NE
30924,2020-05-06,Pro,SE
30925,2021-12-05,Pro,W
30926,2020-08-30,Basic,SW
30927,2021-08-22,Basic,SW
30927,2023-12-03,Basic,W
30928,2021-05-17,Pro,NE
30928,2024-10-16,Basic,SE
30929,2021-08-26,Pro,SW
30930,2020-10-29,Basic,SE
30931,2024-01-27,Pro,NE
30931,2020-08-22,Basic,W
30932,2024-09-15,Basic,SW
30932,2022-11-27,Basic,NE
30932,2020-05-18,Basic,MW
30933,2020-07-13,Basic,NE
30933,2024-03-30,Pro,W
30934,2024-11-27,Basic,SW
30935,2021-10-08,Basic,W
30936,2020-01-01,Pro,W
30937,2021-07-14,Basic,NE
30937,2023-01-24,Enterprise,W
30937,2021-12-13,Enterprise,MW
30938,2021-02-16,Basic,W
30939,2021-06-21,Basic,W
30939,2021-03-04,Basic,MW
30940,2020-08-22,Pro,NE
30941,2020-12-14,Pro,SE
30941,2024-11-14,Pro,W
30942,2024-02-13,Pro,NE
30942,2021-01-30,Basic,SE
30943,2023-10-06,Pro,SW
30943,2021-02-19,Pro,SE
30944,2022-07-04,Pro,NE
30945,2022-12-10,Enterprise,SW
30946,2020-03-21,Pro,NE
30947,2020-02-05,Basic,SW
30947,2022-12-26,Basic,NE
30947,2021-10-02,Basic,SE
30948,2022-05-31,Basic,W
30948,2024-08-17,Enterprise,SE
30949,2022-01-26,Basic,MW
30949,2021-09-14,Pro,SW
30950,2024-08-30,Basic,NE
30950,2024-02-13,Basic,W
30951,2021-04-12,Enterprise,NE
30951,2023-03-11,Enterprise,SE
30952,2020-12-21,Basic,MW
30953,2021-12-09,Basic,SW
30953,2024-02-03,Basic,W
30953,2024-07-02,Basic,NE
30954,2022-10-16,Basic,MW
30955,2024-06-02,Basic,MW
30956,2022-06-20,Enterprise,NE
30956,2021-11-03,Pro,MW
30957,2021-03-14,Enterprise,MW
30958,2021-06-14,Pro,SW
30959,2020-05-06,Basic,NE
30959,2020-07-23,Enterprise,SE
30960,2020-01-29,Basic,W
30961,2021-03-20,Enterprise,NE
30961,2022-08-23,Basic,SW
30962,2024-10-08,Basic,NE
30963,2021-04-08,Enterprise,MW
30964,2023-07-27,Pro,W
30965,2020-05-30,Enterprise,SE
30966,2020-08-27,Enterprise,W
30966,2020-09-22,Basic,SW
30967,2024-09-13,Basic,SW
30968,2023-02-02,Basic,SW
30968,2023-12-27,Pro,W
30969,2022-07-01,Pro,NE
30970,2021-05-11,Basic,NE
30970,2024-01-03,Pro,SE
30971,2024-11-06,Pro,SW
30971,2021-11-15,Basic,MW
30971,2020-06-06,Pro,SE
30972,2020-06-20,Pro,SW
30972,2021-05-08,Enterprise,MW
30973,2022-08-27,Basic,SW
30974,2023-08-27,Basic,SE
30975,2023-11-27,Basic,SE
30976,2024-08-19,Basic,W
30976,2024-11-28,Enterprise,SW
30977,2021-11-06,Basic,W
30978,2021-10-20,Pro,W
30979,2022-06-21,Basic,SW
30979,2021-10-27,Basic,MW
30980,2024-01-26,Basic,MW
30981,2021-01-01,Pro,NE
30981,2021-07-03,Pro,SW
30982,2021-10-04,Basic,SW
30983,2020-09-11,Enterprise,SE
30984,2020-07-26,Basic,NE
30984,2021-03-25,Basic,SE
30985,2020-04-04,Basic,MW
30986,2022-04-18,Basic,MW
30986,2021-04-22,Enterprise,W
30987,2021-11-13,Basic,NE
30988,2022-01-31,Basic,NE
30989,2020-07-08,Basic,MW
30989,2021-12-11,Pro,SE
30990,2024-02-16,Basic,SE
30990,2024-10-22,Pro,NE
30991,2024-04-08,Basic,SE
30991,2022-01-25,Basic,NE
30992,2023-12-17,Pro,SE
30993,2022-04-15,Basic,NE
30993,2024-07-21,Enterprise,SE
30994,2024-06-16,Basic,W
30995,2020-05-12,Pro,W
30996,2020-02-24,Basic,SW
30996,2021-05-24,Pro,SE
30996,2021-10-31,Basic,W
30997,2024-04-13,Basic,MW
30998,2021-02-13,Basic,NE
30998,2023-05-19,Basic,SE
30998,2024-08-16,Basic,MW
30999,2023-08-09,Basic,NE
31000,2022-09-13,Pro,MW
31001,2022-01-03,Pro,SW
31001,2023-02-12,Pro,NE
31002,2024-08-20,Pro,SW
31002,2020-09-15,Basic,SE
31003,2024-11-21,Basic,NE
31003,2023-02-19,Basic,SE
31004,2020-10-25,Pro,SW
31004,2024-12-03,Basic,SE
31005,2023-11-05,Basic,NE
31005,2021-07-14,Pro,MW
31006,2024-03-04,Basic,SE
31006,2020-10-23,Enterprise,MW
31007,2020-12-27,Enterprise,NE
31007,2021-08-11,Basic,W
31008,2024-01-26,Basic,SW
31009,2024-01-01,Basic,SW
31010,2020-05-06,Pro,W
31011,2020-07-15,Basic,NE
31011,2020-08-08,Pro,SW
31011,2022-09-21,Pro,MW
31012,2020-03-31,Basic,W
31012,2021-02-14,Basic,MW
31012,2020-01-08,Pro,NE
31013,2021-06-27,Basic,NE
31014,2021-04-12,Pro,NE
31014,2020-11-15,Basic,SE
31015,2023-11-18,Pro,SW
31015,2020-09-25,Enterprise,SE
31015,2023-04-29,Enterprise,NE
31016,2024-08-25,Basic,SE
31017,2020-03-01,Basic,SW
31017,2024-01-01,Pro,W
31018,2023-07-11,Basic,W
31018,2022-03-07,Basic,SW
31018,2023-01-23,Enterprise,NE
31019,2021-07-06,Basic,SW
31020,2022-07-14,Basic,SW
31020,2024-02-02,Basic,SE
31021,2021-10-22,Pro,SW
31022,2021-12-16,Pro,SW
31022,2022-02-17,Basic,SE
31022,2024-03-17,Basic,MW
31023,2024-09-09,Basic,SE
31023,2020-07-12,Pro,SW
31023,2021-04-26,Basic,W
31024,2023-09-21,Enterprise,NE
31024,2023-12-29,Basic,SE
31024,2023-05-04,Enterprise,MW
31025,2022-05-04,Basic,MW
31026,2023-06-26,Pro,W
31026,2021-05-12,Basic,MW
31027,2020-07-30,Basic,W
31027,2021-10-26,Enterprise,MW
31028,2021-10-31,Enterprise,MW
31029,2024-01-29,Basic,NE
31029,2024-08-01,Pro,MW
31030,2020-08-08,Pro,SE
31031,2020-09-29,Enterprise,SW
31031,2023-03-23,Basic,MW
31032,2023-06-26,Basic,W
31033,2020-10-05,Basic,MW
31034,2024-01-03,Basic,SW
31035,2022-03-26,Enterprise,SW
31035,2020-10-02,Basic,W
31036,2022-10-01,Basic,NE
31037,2021-05-28,Pro,SE
31037,2023-01-16,Pro,W
31038,2024-12-27,Basic,MW
31039,2022-07-11,Basic,SW
31040,2021-10-03,Enterprise,NE
31040,2021-05-19,Basic,SE
31041,2021-08-12,Pro,MW
31041,2022-02-10,Pro,SE
31042,2023-06-18,Basic,SE
31043,2024-08-03,Enterprise,MW
31043,2022-01-09,Pro,SE
31044,2021-11-05,Basic,MW
31044,2023-06-13,Pro,NE
31045,2022-10-10,Pro,MW
31045,2020-05-07,Pro,W
31046,2021-05-17,Enterprise,SW
31047,2023-05-08,Basic,SE
31048,2022-06-20,Basic,NE
31048,2021-06-26,Basic,SE
31049,2024-03-05,Basic,W
31050,2024-07-31,Basic,SE
31050,2021-05-06,Enterprise,MW
31051,2022-11-10,Pro,MW
31051,2023-06-11,Pro,SE
31052,2021-12-14,Pro,NE
31052,2022-03-01,Pro,MW
31052,2024-07-24,Basic,W
31053,2021-02-19,Enterprise,SW
31053,2020-05-27,Basic,MW
31054,2022-08-27,Enterprise,NE
31054,2020-01-29,Pro,SE
31054,2023-10-16,Basic,SW
31055,2020-11-03,Pro,NE
31056,2020-06-10,Basic,NE
31056,2022-05-18,Basic,MW
31057,2022-05-01,Pro,SE
31058,2020-03-01,Basic,NE
31059,2020-05-04,Basic,SE
31059,2024-01-19,Enterprise,NE
31060,2022-12-30,Pro,W
31060,2022-04-17,Enterprise,MW
31061,2021-04-10,Pro,NE
31061,2020-08-30,Basic,SE
31061,2024-02-22,Basic,MW
31062,2024-11-19,Pro,SW
31062,2023-05-29,Enterprise,W
31063,2021-04-17,Basic,MW
31064,2022-08-16,Enterprise,MW
31065,2021-06-16,Enterprise,NE
31065,2021-05-08,Pro,W
31066,2022-06-17,Enterprise,SE
31067,2020-03-22,Basic,SW
31068,2022-05-05,Enterprise,NE
31069,2022-05-28,Pro,MW
31070,2024-03-25,Basic,NE
31071,2022-07-11,Enterprise,SE
31072,2020-01-12,Basic,W
31073,2023-07-10,Basic,W
31074,2024-08-07,Pro,SE
31074,2021-03-24,Basic,SW
31074,2023-04-30,Basic,W
31075,2022-01-31,Pro,MW
31076,2023-02-11,Basic,NE
31077,2020-01-26,Basic,W
31077,2024-12-11,Basic,NE
31078,2024-03-02,Basic,SW
31079,2021-05-22,Pro,SW
31079,2024-04-17,Pro,NE
31079,2020-03-02,Enterprise,W
31080,2020-08-16,Pro,SW
31080,2021-08-29,Basic,MW
31081,2022-11-24,Enterprise,MW
31082,2024-09-24,Pro,NE
31083,2024-01-19,Pro,MW
31083,2024-05-30,Pro,SE
31084,2022-06-09,Enterprise,SW
31084,2024-03-05,Pro,W
31084,2022-01-30,Basic,NE
31085,2021-08-17,Pro,MW
31086,2022-11-14,Basic,W
31086,2024-05-11,Basic,NE
31087,2022-11-21,Basic,MW
31088,2022-11-01,Basic,MW
31088,2023-09-04,Basic,W
31088,2024-06-15,Basic,NE
31089,2020-01-01,Pro,SW
31090,2023-12-29,Pro,W
31090,2023-03-05,Enterprise,SW
31090,2023-05-04,Basic,MW
31091,2020-05-12,Pro,SW
31091,2020-03-26,Enterprise,W
31092,2024-02-08,Basic,MW
31092,2024-12-19,Pro,NE
31093,2023-09-09,Pro,SW
31093,2023-04-18,Basic,W
31094,2021-05-30,Enterprise,SW
31095,2024-07-19,Pro,SE
31096,2020-06-23,Basic,NE
31097,2022-02-01,Basic,NE
31098,2022-11-10,Basic,NE
31098,2022-09-23,Basic,MW
31099,2023-02-02,Basic,W
31100,2021-07-31,Basic,MW
31101,2024-01-06,Basic,SW
31101,2024-12-03,Enterprise,MW
31101,2020-02-18,Basic,SE
31102,2021-06-11,Basic,SE
31102,2020-05-24,Basic,SW
31103,2023-09-25,Basic,W
31103,2022-01-31,Basic,SE
31103,2023-10-09,Basic,SW
31104,2023-01-03,Basic,SW
31104,2024-12-30,Pro,NE
31104,2022-07-17,Enterprise,W
31105,2022-03-04,Basic,SE
31106,2024-05-20,Basic,NE
31107,2024-07-18,Pro,MW
31107,2020-11-14,Pro,SE
31108,2023-01-15,Basic,W
31108,2024-04-25,Enterprise,MW
31109,2021-11-28,Pro,NE
31110,2022-04-26,Basic,SW
31110,2024-12-06,Pro,NE
31111,2022-02-21,Enterprise,SE
31112,2020-02-11,Pro,W
31113,2023-01-21,Basic,SE
31113,2024-09-16,Basic,NE
31114,2024-10-16,Basic,MW
31114,2024-03-10,Basic,SW
31115,2021-06-12,Pro,W
31115,2023-07-12,Pro,SW
31116,2024-07-07,Pro,SE
31117,2020-10-18,Enterprise,W
31117,2022-08-26,Basic,SE
31118,2024-01-27,Enterprise,NE
31119,2024-05-02,Pro,SW
31120,2020-04-06,Basic,W
31120,2023-01-23,Pro,NE
31121,2023-09-11,Basic,SW
31121,2020-03-14,Pro,W
31121,2023-09-21,Basic,SE
31122,2022-12-27,Basic,MW
31122,2022-01-27,Pro,SW
31123,2023-01-05,Pro,MW
31123,2020-07-26,Basic,W
31124,2024-11-24,Basic,SW
31124,2023-05-29,Basic,SE
31125,2023-07-09,Pro,SW
31125,2021-02-13,Enterprise,SE
31126,2020-11-26,Enterprise,MW
31127,2020-12-09,Basic,W
31128,2022-09-15,Pro,SW
31129,2022-02-09,Basic,W
31130,2020-03-14,Pro,SW
31130,2024-07-18,Basic,W
31131,2024-09-19,Basic,SW
31132,2020-09-10,Pro,NE
31133,2022-08-16,Basic,SW
31134,2022-03-30,Pro,MW
31134,2024-11-05,Pro,SE
31135,2022-09-12,Basic,SE
31136,2024-11-20,Basic,SE
31136,2020-11-27,Enterprise,NE
31137,2023-11-22,Pro,W
31138,2023-09-30,Basic,W
31139,2024-05-26,Basic,NE
31139,2022-01-16,Pro,W
31140,2022-04-15,Pro,MW
31140,2024-08-18,Basic,W
31141,2021-03-30,Basic,W
31142,2023-02-12,Enterprise,W
31142,2020-11-08,Pro,NE
31143,2022-10-14,Enterprise,SW
31143,2020-08-15,Pro,SE
31144,2022-04-13,Enterprise,W
31145,2022-05-07,Basic,SE
31145,2023-06-22,Pro,NE
31146,2022-03-28,Basic,MW
31146,2024-03-29,Pro,SW
31147,2022-10-14,Basic,SE
31147,2021-06-11,Basic,MW
31148,2022-08-07,Enterprise,W
31148,2021-03-02,Enterprise,MW
31149,2020-02-11,Basic,SE
31149,2021-04-09,Pro,W
31150,2024-07-03,Basic,SW
31150,2020-10-04,Basic,NE
31151,2022-04-15,Pro,NE
31151,2020-01-19,Basic,SW
31152,2020-03-06,Enterprise,SW
31152,2020-06-15,Basic,SE
31153,2024-05-27,Pro,SW
31153,2022-10-16,Pro,MW
31154,2021-02-06,Basic,W
31154,2021-02-12,Basic,MW
31155,2020-04-21,Pro,SW
31155,2023-07-21,Pro,W
31156,2023-12-01,Basic,SE
31157,2023-10-28,Basic,W
31157,2021-08-19,Basic,SW
31158,2021-10-12,Basic,SW
31158,2022-11-28,Basic,SE
31159,2020-04-14,Basic,NE
31160,2020-11-19,Pro,W
31160,2024-12-21,Pro,SW
31161,2022-09-18,Enterprise,SW
31162,2023-12-08,Pro,SW
31163,2021-03-04,Enterprise,MW
31163,2021-09-26,Pro,NE
31164,2021-12-30,Pro,MW
31165,2022-06-07,Enterprise,NE
31165,2022-12-20,Pro,MW
31166,2024-06-23,Basic,W
31166,2023-08-23,Pro,SE
31167,2023-10-09,Enterprise,W
31167,2021-01-27,Pro,MW
31168,2020-07-22,Pro,W
31169,2020-09-14,Pro,NE
31170,2021-04-30,Enterprise,W
31170,2024-03-20,Basic,NE
31171,2021-03-21,Pro,W
31171,2024-09-28,Basic,NE
31171,2023-04-18,Pro,SE
31172,2022-10-20,Pro,MW
31172,2020-12-07,Basic,W
31173,2020-05-12,Basic,SE
31174,2021-03-18,Pro,SE
31174,2020-09-09,Basic,MW
31175,2020-09-21,Basic,W
31175,2020-04-02,Pro,NE
31176,2024-08-12,Basic,NE
31176,2023-12-05,Basic,MW
31177,2020-05-17,Enterprise,NE
31178,2023-05-16,Basic,SW
31178,2022-09-28,Basic,MW
31179,2024-07-18,Pro,SW
31179,2024-11-04,Pro,SE
31180,2024-05-15,Enterprise,SW
31180,2020-11-02,Enterprise,NE
31180,2020-09-22,Pro,W
31181,2021-10-07,Basic,MW
31182,2020-11-13,Basic,NE
31182,2023-02-10,Basic,SW
31183,2022-06-19,Basic,MW
31183,2023-11-02,Pro,SW
31183,2021-03-29,Pro,NE
31184,2020-07-09,Basic,MW
31185,2024-01-03,Pro,SW
31185,2023-04-25,Basic,SE
31185,2022-04-10,Basic,NE
31186,2023-10-22,Pro,SE
31186,2023-01-17,Basic,NE
31187,2020-07-05,Basic,SW
31188,2022-03-29,Basic,W
31189,2022-10-17,Basic,MW
31189,2020-05-11,Pro,NE
31190,2022-05-21,Enterprise,W
31191,2021-09-26,Basic,W
31191,2024-05-02,Basic,SW
31192,2024-12-28,Pro,NE
31193,2023-10-31,Enterprise,MW
31193,2021-11-21,Basic,W
31194,2021-11-22,Basic,NE
31195,2023-01-27,Pro,W
31195,2022-11-23,Pro,SW
31196,2021-08-04,Basic,NE
31196,2020-06-19,Pro,SE
31196,2023-10-21,Basic,SW
31197,2022-02-22,Basic,SE
31197,2022-12-18,Basic,NE
31197,2020-06-29,Enterprise,MW
31198,2020-01-19,Basic,MW
31198,2023-06-03,Basic,SW
31199,2024-02-05,Basic,SW
31200,2023-01-23,Enterprise,NE
31200,2022-05-30,Basic,SE
31201,2023-08-13,Basic,SW
31202,2024-06-04,Basic,SE
31203,2020-06-23,Pro,SW
31204,2023-05-30,Basic,NE
31205,2024-06-26,Basic,SE
31205,2020-02-23,Basic,SW
31206,2021-11-25,Enterprise,NE
31206,2022-05-12,Pro,W
31207,2023-11-27,Pro,SE
31208,2023-09-03,Enterprise,SW
31209,2020-12-14,Enterprise,SE
31209,2021-03-18,Basic,MW
31209,2022-04-12,Enterprise,SW
31210,2021-08-02,Basic,SW
31211,2024-04-12,Basic,MW
31212,2024-12-14,Enterprise,NE
31213,2020-10-08,Basic,SW
31213,2020-12-25,Basic,MW
31214,2022-07-03,Basic,SW
31214,2022-04-02,Pro,MW
31215,2024-07-12,Basic,SE
31216,2022-06-10,Pro,SW
31217,2022-08-10,Enterprise,SW
31217,2024-07-27,Pro,W
31218,2021-10-02,Basic,NE
31218,2022-10-28,Enterprise,SW
31219,2021-07-16,Basic,W
31220,2021-05-05,Basic,NE
31220,2020-12-06,Basic,SE
31220,2021-04-16,Pro,W
31221,2024-12-21,Basic,MW
31222,2024-09-06,Basic,W
31223,2024-09-14,Basic,SE
31223,2024-09-23,Basic,MW
31223,2020-09-05,Pro,SW
31224,2020-08-22,Pro,MW
31225,2023-01-11,Pro,MW
31225,2023-01-21,Basic,NE
31226,2023-11-18,Basic,SW
31227,2022-04-03,Enterprise,W
31228,2023-07-15,Basic,SE
31228,2023-12-11,Enterprise,W
31228,2021-09-23,Basic,SW
31229,2024-05-25,Enterprise,SW
31230,2021-06-12,Basic,SE
31230,2023-06-30,Basic,MW
31231,2020-05-01,Pro,NE
31232,2022-06-10,Pro,NE
31233,2020-01-10,Basic,SE
31234,2024-12-27,Pro,NE
31234,2023-09-01,Pro,SE
31235,2022-04-17,Basic,SW
31236,2023-07-20,Basic,SW
31236,2023-08-22,Basic,NE
31237,2023-05-18,Basic,W
31238,2024-10-19,Pro,NE
31238,2022-01-22,Basic,MW
31238,2022-06-04,Basic,W
31239,2021-04-08,Basic,NE
31240,2021-12-12,Basic,SW
31240,2021-12-28,Basic,NE
31241,2021-12-17,Basic,SW
31241,2023-12-10,Basic,MW
31242,2023-05-24,Enterprise,MW
31242,2020-03-20,Basic,SW
31243,2024-12-07,Pro,SE
31243,2021-04-24,Basic,NE
31244,2022-06-20,Basic,SW
31244,2022-06-09,Basic,NE
31245,2024-04-19,Basic,SW
31245,2024-12-29,Enterprise,NE
31246,2020-01-18,Enterprise,SE
31247,2023-04-03,Pro,SW
31248,2024-03-28,Pro,NE
31248,2020-07-20,Basic,SE
31248,2022-01-10,Basic,SW
31249,2023-10-01,Enterprise,NE
31249,2023-10-21,Pro,W
31250,2024-01-11,Pro,SE
31250,2024-03-16,Basic,W
31251,2020-11-14,Basic,SW
31252,2020-08-04,Enterprise,SE
31253,2022-11-23,Basic,MW
31254,2020-09-22,Basic,MW
31254,2024-07-21,Basic,SE
31255,2021-12-24,Pro,MW
31256,2022-02-13,Basic,W
31257,2023-01-08,Pro,NE
31258,2024-08-27,Basic,SE
31259,2021-02-16,Enterprise,W
31259,2023-06-29,Pro,SE
31260,2022-11-01,Basic,MW
31261,2021-02-04,Pro,SW
31261,2021-12-24,Basic,NE
31262,2020-10-08,Basic,SE
31263,2023-02-09,Enterprise,NE
31264,2021-12-23,Basic,MW
31265,2023-11-02,Basic,SE
31266,2022-01-20,Basic,W
31267,2020-09-24,Basic,SW
31268,2020-10-24,Enterprise,NE
31268,2023-09-02,Basic,SE
31269,2021-07-23,Enterprise,W
31270,2021-05-23,Enterprise,NE
31270,2021-06-29,Basic,MW
31271,2022-02-13,Basic,SE
31271,2020-12-30,Enterprise,W
31272,2021-06-30,Basic,MW
31272,2020-09-27,Basic,NE
31273,2024-02-06,Basic,W
31274,2022-01-08,Pro,SE
31275,2021-06-20,Pro,MW
31276,2023-06-11,Basic,SE
31277,2020-02-28,Basic,NE
31277,2023-06-28,Enterprise,SE
31277,2020-03-26,Pro,MW
31278,2022-02-01,Pro,MW
31279,2021-01-24,Pro,MW
31280,2023-04-18,Basic,W
31280,2021-12-19,Pro,SE
31281,2022-05-05,Basic,SW
31281,2020-05-28,Basic,MW
31282,2021-08-05,Pro,W
31282,2020-04-30,Basic,SE
31283,2022-02-03,Enterprise,MW
31284,2021-08-27,Basic,MW
31285,2020-09-12,Enterprise,SW
31285,2022-02-04,Enterprise,NE
31286,2022-05-13,Basic,SW
31287,2022-03-10,Pro,W
31288,2023-08-25,Basic,W
31289,2020-02-28,Enterprise,SE
31290,2022-10-18,Basic,MW
31291,2022-12-28,Pro,NE
31292,2024-01-09,Basic,NE
31292,2021-01-22,Basic,SW
31293,2023-01-14,Basic,SW
31293,2022-02-24,Basic,W
31294,2023-06-04,Pro,NE
31294,2021-08-15,Pro,SE
31295,2024-07-07,Pro,SE
31296,2023-04-22,Basic,SE
31297,2024-12-20,Basic,W
31298,2023-09-07,Basic,W
31298,2022-06-27,Pro,SE
31299,2023-09-03,Enterprise,NE
31299,2021-07-19,Basic,W
31300,2021-02-02,Basic,W
31301,2024-09-28,Basic,SE
31301,2022-06-17,Pro,SW
31301,2023-08-09,Pro,MW
31302,2020-10-19,Pro,MW
31303,2021-04-29,Basic,SW
31303,2024-01-10,Pro,NE
31304,2022-03-13,Pro,SW
31304,2024-09-11,Basic,SE
31305,2023-12-06,Basic,SW
31305,2024-03-11,Basic,NE
31306,2024-10-23,Basic,W
31306,2024-12-14,Enterprise,NE
31307,2022-06-08,Basic,NE
31307,2020-08-31,Pro,SW
31308,2023-12-14,Pro,NE
31309,2022-08-17,Basic,NE
31309,2023-03-23,Pro,SE
31310,2022-03-26,Basic,SE
31311,2023-12-18,Basic,SW
31311,2020-09-29,Basic,SE
31312,2024-07-28,Basic,SE
31312,2021-06-03,Basic,NE
31313,2023-02-25,Basic,SE
31313,2023-10-28,Basic,NE
31314,2021-07-21,Basic,SW
31315,2021-09-29,Enterprise,SE
31315,2020-06-07,Basic,W
31316,2024-05-13,Pro,SW
31316,2024-05-12,Basic,W
31317,2021-10-13,Pro,W
31317,2020-06-24,Basic,SW
31318,2021-09-11,Enterprise,SE
31319,2020-07-29,Basic,NE
31320,2021-03-22,Pro,W
31321,2021-08-08,Basic,SE
31322,2020-06-15,Basic,W
31322,2021-04-04,Pro,SE
31323,2022-07-04,Basic,NE
31324,2023-10-12,Basic,NE
31324,2023-08-20,Basic,SW
31324,2023-06-10,Pro,SE
31325,2023-09-12,Enterprise,SW
31326,2023-04-20,Basic,MW
31327,2024-07-15,Pro,SE
31327,2023-09-19,Basic,MW
31328,2024-10-04,Basic,NE
31328,2022-11-18,Enterprise,SW
31329,2021-12-14,Enterprise,SW
31330,2023-01-21,Pro,NE
31330,2022-04-20,Basic,SE
31331,2022-05-17,Basic,SW
31331,2021-11-18,Basic,MW
31332,2020-11-25,Basic,W
31333,2024-10-12,Basic,MW
31333,2023-04-22,Pro,SW
31333,2020-04-04,Enterprise,NE
31334,2022-02-23,Basic,SE
31334,2021-10-10,Basic,MW
31334,2024-11-07,Enterprise,NE
31335,2020-12-18,Basic,SW
31335,2022-07-18,Pro,NE
31336,2022-07-29,Basic,SW
31337,2022-09-10,Basic,MW
31337,2023-07-12,Enterprise,W
31338,2024-07-28,Basic,W
31339,2024-08-06,Basic,MW
31340,2022-11-08,Basic,MW
31341,2024-11-01,Enterprise,W
31342,2021-10-07,Enterprise,MW
31342,2021-09-17,Basic,SW
31343,2024-03-02,Basic,SW
31343,2020-05-18,Pro,W
31344,2024-07-18,Basic,SW
31344,2021-12-16,Pro,W
31345,2024-05-15,Basic,W
31346,2022-01-31,Basic,SE
31347,2024-03-28,Pro,MW
31348,2020-09-11,Basic,NE
31348,2023-01-13,Enterprise,SE
31348,2024-01-21,Basic,SW
31349,2024-04-04,Basic,MW
31350,2024-05-04,Enterprise,NE
31350,2021-11-06,Basic,MW
31351,2020-04-01,Pro,NE
31351,2024-06-11,Basic,SW
31352,2022-12-28,Pro,SW
31353,2020-02-06,Pro,SE
31353,2024-11-23,Basic,MW
31354,2024-11-22,Pro,SW
31355,2020-05-19,Pro,SW
31355,2022-05-16,Basic,NE
31356,2021-11-10,Pro,NE
31356,2024-05-08,Pro,MW
31356,2023-04-16,Basic,SW
31357,2024-06-29,Basic,NE
31358,2020-05-16,Basic,MW
31359,2020-07-08,Basic,W
31359,2024-07-21,Pro,NE
31360,2020-12-07,Basic,MW
31360,2024-05-01,Enterprise,NE
31360,2022-10-25,Basic,SW
31361,2022-08-29,Basic,SW
31362,2023-07-04,Pro,NE
31362,2021-10-23,Basic,SW
31363,2020-08-30,Basic,SW
31363,2024-12-15,Basic,MW
31364,2024-10-09,Basic,SW
31364,2021-02-18,Basic,NE
31365,2024-07-08,Enterprise,NE
31366,2021-12-07,Basic,NE
31366,2020-12-08,Enterprise,SW
31367,2021-11-12,Pro,SW
31367,2023-11-03,Basic,SE
31367,2024-06-05,Basic,NE
31368,2024-08-16,Pro,SW
31369,2021-10-14,Enterprise,SW
31370,2020-05-25,Basic,W
31370,2020-11-18,Basic,SW
31370,2020-05-01,Basic,SE
31371,2023-06-29,Basic,SE
31372,2020-11-06,Pro,MW
31372,2021-08-23,Enterprise,W
31373,2021-04-19,Basic,MW
31374,2021-07-23,Pro,MW
31375,2024-02-24,Pro,SE
31375,2021-07-28,Basic,SW
31376,2020-12-12,Basic,SE
31377,2022-03-30,Pro,MW
31377,2024-02-19,Enterprise,W
31378,2024-02-05,Pro,W
31379,2021-01-16,Basic,SE
31379,2023-07-27,Basic,W
31380,2020-03-12,Basic,W
31381,2021-06-04,Pro,MW
31382,2023-10-21,Pro,NE
31382,2022-07-21,Basic,W
31382,2023-01-22,Pro,SW
31383,2023-10-28,Pro,MW
31384,2020-12-04,Pro,MW
31384,2023-12-31,Enterprise,SE
31385,2023-09-21,Basic,MW
31386,2021-10-25,Enterprise,SW
31386,2024-02-24,Basic,MW
31387,2020-02-09,Basic,W
31388,2023-10-14,Enterprise,W
31388,2021-07-27,Enterprise,NE
31388,2023-07-01,Basic,SE
31389,2022-08-23,Pro,W
31390,2021-08-03,Pro,SE
31391,2023-11-22,Pro,SW
31392,2024-11-15,Basic,SW
31393,2020-06-18,Pro,SW
31393,2024-09-09,Basic,SE
31394,2021-12-01,Basic,SE
31395,2021-05-25,Basic,NE
31395,2023-07-07,Basic,SW
31396,2021-08-06,Enterprise,SE
31397,2022-09-10,Basic,MW
31398,2021-04-03,Enterprise,NE
31398,2021-06-12,Basic,SW
31399,2020-12-06,Pro,W
31399,2020-02-26,Pro,MW
31232,2020-08-05,Pro,SE
30073,2021-09-10,Pro,W
31214,2022-03-26,Pro,W
30055,2024-09-04,Enterprise,W
30552,2021-12-31,Pro,MW
30573,2021-04-08,Basic,SW
30283,2020-09-03,Pro,SE
30186,2021-12-30,Basic,SW
30129,2021-01-07,Basic,SW
31315,2021-02-20,Enterprise,MW
31222,2022-11-20,Basic,NE
31294,2021-01-02,Pro,MW
31238,2021-07-12,Basic,SW
30446,2024-07-27,Basic,W
30992,2020-04-17,Basic,SW
30073,2021-08-06,Basic,NE
30100,2022-04-18,Pro,W
30426,2021-02-21,Basic,NE
31189,2024-07-01,Basic,SE
30428,2022-03-31,Basic,W
30365,2023-11-22,Basic,W
30608,2023-07-19,Pro,NE
30727,2021-11-13,Basic,SE
30824,2023-02-13,Pro,SW
31375,2024-05-28,Enterprise,NE
31341,2020-09-12,Pro,SW
30835,2023-01-09,Pro,NE
31296,2022-02-18,Basic,NE
30817,2023-02-25,Basic,W
31117,2022-04-17,Enterprise,MW
31364,2022-07-03,Pro,SE
30694,2020-08-22,Pro,SE
30151,2021-07-06,Pro,SE
30912,2020-06-29,Basic,SE
30495,2020-06-05,Basic,W
30100,2024-01-17,Pro,NE
31105,2021-07-24,Pro,NE
30072,2022-05-06,Basic,SE
30156,2024-11-19,Enterprise,MW
30131,2024-09-23,Basic,MW
31018,2022-11-13,Basic,MW
31399,2024-02-05,Enterprise,SW
30106,2023-11-24,Pro,SW
30264,2022-08-05,Basic,SE
31102,2021-08-14,Basic,W
30987,2020-05-13,Basic,SE
30246,2021-02-24,Pro,SW
30857,2020-07-31,Basic,SW
30537,2022-06-18,Pro,SE
31177,2021-04-26,Enterprise,MW
30091,2020-12-13,Pro,MW
30337,2020-06-14,Basic,MW
31154,2022-07-25,Pro,SE
30809,2020-12-13,Basic,MW
30272,2022-04-28,Basic,SE
30587,2021-02-01,Basic,NE
30830,2021-08-05,Basic,SW
31072,2021-12-26,Enterprise,MW
30665,2023-12-29,Basic,SW
31331,2024-05-19,Basic,NE
31069,2023-05-29,Enterprise,SE
30867,2020-11-03,Basic,W
30407,2022-09-17,Pro,NE
30821,2022-03-08,Basic,MW
31152,2024-09-16,Basic,NE
31289,2021-12-19,Enterprise,MW
30463,2021-04-10,Basic,SW
31223,2020-04-08,Pro,NE
30486,2023-06-19,Basic,SW
31157,2020-06-06,Basic,MW
31256,2021-09-01,Basic,SE
30810,2021-07-07,Basic,W
30089,2021-10-12,Basic,MW
30198,2024-12-23,Pro,SE
30537,2022-07-08,Basic,MW
30300,2020-08-14,Basic,SW
30962,2021-02-26,Basic,W
30067,2022-12-31,Enterprise,SE
30458,2020-08-30,Enterprise,MW
30397,2021-06-13,Pro,SW
31309,2024-05-31,Enterprise,MW
31163,2022-12-04,Basic,SW
30555,2024-02-04,Basic,NE
30780,2021-01-05,Pro,SE
30893,2021-10-13,Pro,MW
30747,2021-11-19,Basic,MW
30660,2022-01-03,Basic,W
30995,2020-04-01,Enterprise,SW
30745,2022-11-11,Pro,SE
30086,2020-06-20,Basic,W
31228,2024-06-15,Pro,NE
31360,2023-04-30,Basic,W
30303,2023-01-05,Basic,SW
30595,2023-07-28,Basic,SW
30557,2023-10-19,Basic,SW
31206,2020-06-27,Basic,MW
30077,2020-08-25,Pro,W
31362,2023-03-04,Basic,MW
30237,2022-05-26,Pro,SE
31215,2022-06-20,Basic,W
30277,2020-10-06,Basic,SE
30523,2022-11-08,Enterprise,SW
31269,2024-06-06,Pro,SE
31396,2022-01-09,Enterprise,SW
31094,2021-01-05,Enterprise,W
31042,2024-12-05,Basic,MW
30083,2023-02-09,Basic,SW
30564,2024-11-21,Enterprise,SW
30356,2024-08-26,Enterprise,W
30646,2022-05-19,Pro,SW
31092,2024-08-30,Pro,W
30142,2022-10-15,Pro,W
30377,2020-08-08,Basic,NE
30534,2022-07-08,Pro,SE
31316,2020-10-30,Pro,NE
31294,2024-09-22,Pro,SW
30092,2023-09-10,Basic,SW
30528,2023-12-31,Basic,MW
30404,2021-03-13,Basic,W
31172,2023-04-08,Basic,NE
31290,2021-01-09,Enterprise,SE
30471,2024-04-29,Basic,MW
30546,2021-01-15,Basic,MW
31037,2022-09-12,Basic,MW
30363,2020-01-14,Pro,W
31261,2022-01-12,Basic,MW
31192,2021-10-30,Basic,MW
30633,2021-05-14,Basic,NE
30962,2024-07-27,Basic,MW
30882,2023-11-15,Basic,NE
30779,2024-04-21,Basic,W
30515,2021-07-18,Enterprise,SE
30865,2021-06-13,Basic,SW
31108,2021-05-06,Basic,SE
31144,2024-04-22,Pro,SW
30849,2024-09-18,Basic,NE
30018,2023-11-09,Pro,SE
31035,2023-05-04,Basic,NE
30329,2022-01-24,Pro,SE
30773,2020-10-26,Pro,W
30636,2022-03-25,Enterprise,SW
31290,2021-06-30,Basic,W
30894,2021-12-27,Basic,NE
31025,2021-12-31,Basic,W
30635,2022-04-07,Enterprise,SE
30739,2021-08-24,Enterprise,MW
30468,2023-08-24,Basic,W
31135,2023-06-29,Basic,W
30803,2022-10-28,Basic,NE
30873,2022-02-06,Basic,W
30252,2022-05-24,Basic,SE
30751,2023-05-16,Basic,SE
30980,2022-07-25,Pro,SE
30235,2020-05-10,Enterprise,SW
30477,2024-10-25,Enterprise,W
31043,2024-09-28,Basic,W
30134,2024-08-04,Pro,SE
31152,2024-11-22,Enterprise,W
31317,2021-08-30,Basic,SE
30085,2020-01-26,Pro,W
31398,2024-07-04,Basic,MW
30377,2024-01-17,Basic,MW
31074,2021-09-26,Basic,MW
31317,2023-04-24,Basic,MW
30265,2021-04-28,Pro,NE
31271,2021-11-10,Basic,MW
30056,2022-12-10,Basic,SE
30038,2020-01-05,Basic,SE
31041,2021-08-11,Enterprise,NE
30755,2023-03-29,Basic,SE
30282,2020-07-26,Pro,MW
30109,2020-09-13,Pro,SE
31203,2023-05-13,Basic,SE
30543,2024-11-25,Basic,MW
30024,2020-01-11,Pro,MW
30790,2022-08-06,Basic,MW
30056,2020-01-08,Basic,MW
30342,2023-12-03,Pro,NE
30575,2022-07-24,Basic,SE
31255,2020-02-01,Basic,NE
31236,2021-06-23,Basic,MW
30529,2024-10-07,Basic,MW
30928,2022-10-01,Pro,MW
31249,2021-01-21,Pro,SW
30434,2023-06-05,Pro,MW
31020,2021-10-01,Pro,MW
30401,2024-11-25,Basic,SW
30087,2024-02-07,Basic,SE
30308,2024-10-13,Basic,MW
30342,2024-11-09,Basic,SE
30138,2020-07-25,Enterprise,SE
31209,2023-09-03,Pro,W
31187,2024-12-23,Basic,NE
30942,2024-11-15,Basic,MW
31065,2021-07-10,Basic,SW
30209,2024-06-28,Basic,NE
30861,2020-12-13,Basic,MW
30953,2022-03-03,Basic,SE
31274,2020-08-21,Enterprise,MW
30832,2024-09-20,Pro,W
30791,2022-12-03,Basic,MW
31016,2022-10-02,Basic,W
30056,2022-01-06,Basic,SW
30004,2022-07-30,Pro,SE
31205,2023-03-11,Pro,NE
31362,2024-07-29,Enterprise,SE
31282,2020-06-24,Basic,MW
30615,2024-08-04,Pro,NE
30697,2021-03-24,Basic,MW
31278,2021-08-14,Pro,W
30897,2020-03-22,Basic,W
31131,2020-05-14,Basic,W
30593,2024-10-08,Pro,NE
30484,2022-05-05,Basic,MW
30971,2023-04-15,Basic,W
30638,2023-11-07,Basic,NE
30281,2023-06-20,Basic,SE
31111,2024-05-09,Basic,W
30015,2023-03-10,Basic,SW
30935,2024-01-20,Basic,SE
31211,2021-03-15,Basic,NE
30543,2022-12-15,Enterprise,NE
30996,2024-03-30,Basic,NE
31353,2021-11-27,Basic,NE
31192,2021-02-22,Basic,SE
30365,2020-03-28,Enterprise,MW
30654,2024-06-20,Pro,SE
30759,2021-10-17,Basic,W
31063,2022-10-28,Pro,W
30415,2024-02-09,Pro,SW
30254,2020-08-02,Pro,MW
30709,2024-09-04,Pro,NE
30899,2024-10-24,Enterprise,MW
30025,2021-07-05,Enterprise,NE
30420,2024-02-29,Pro,SW
31244,2024-09-13,Basic,SE
30495,2021-05-17,Pro,NE
30236,2024-12-10,Pro,NE
30218,2021-11-29,Basic,MW
30460,2020-09-01,Enterprise,MW
30634,2024-02-10,Basic,W
30989,2020-11-04,Basic,NE
30254,2020-08-18,Enterprise,SW
30820,2023-11-07,Basic,SW
30299,2020-06-03,Basic,W
30356,2023-04-13,Basic,NE
30523,2022-04-27,Basic,NE
30949,2020-04-24,Basic,SE
30283,2023-11-14,Basic,W
30196,2020-11-06,Basic,SE
30877,2022-09-19,Enterprise,MW
30614,2020-10-26,Enterprise,MW
31388,2022-11-07,Basic,SW
30569,2022-02-22,Pro,MW
31098,2020-01-12,Basic,SW
30421,2023-11-28,Basic,SE
30544,2024-09-23,Basic,W
31128,2020-08-19,Enterprise,W
31124,2022-08-12,Enterprise,W
30376,2024-06-16,Basic,SW
30677,2021-12-30,Basic,SW
30220,2023-07-25,Basic,W
30181,2023-10-08,Basic,MW
30521,2022-10-14,Pro,W
31013,2022-09-25,Basic,W
30862,2020-10-29,Pro,MW
30847,2021-06-24,Basic,W
30803,2021-04-14,Enterprise,SE
30214,2022-03-23,Pro,SW
30100,2020-03-17,Basic,SE
30572,2022-10-16,Pro,NE
30657,2024-03-24,Pro,MW
31086,2020-01-24,Basic,SE
30225,2022-11-04,Basic,NE
30771,2021-11-06,Enterprise,SE
31278,2021-06-08,Basic,NE
30433,2020-12-12,Basic,MW
31051,2020-06-20,Basic,SW
31359,2023-09-12,Pro,SE
30865,2021-12-12,Pro,W
31190,2024-02-17,Enterprise,SW
30367,2021-05-03,Basic,SW
30858,2024-01-25,Basic,W
31193,2021-01-12,Pro,SE
31113,2024-05-30,Pro,MW
30293,2023-04-02,Basic,SW
31173,2021-01-06,Basic,W
30432,2024-05-15,Basic,MW
30968,2022-09-26,Pro,MW
30214,2022-09-03,Enterprise,W
30471,2023-12-18,Pro,W
30246,2022-01-26,Enterprise,SE
30990,2021-04-21,Basic,W
30926,2021-01-16,Enterprise,MW
31191,2020-06-03,Pro,MW
30688,2020-09-13,Basic,MW
31103,2024-11-14,Enterprise,NE
31390,2021-11-04,Basic,NE
30910,2020-03-08,Enterprise,MW
30959,2020-12-09,Enterprise,SW
31003,2023-07-24,Pro,SW
30706,2021-11-03,Pro,MW
31392,2021-01-25,Basic,SE
31137,2024-01-12,Basic,NE
30753,2020-09-15,Basic,MW
30816,2020-11-02,Pro,W
30707,2023-01-23,Pro,W
31067,2022-08-07,Enterprise,MW
31269,2024-01-27,Basic,NE
31107,2022-08-27,Pro,W
30150,2020-09-02,Enterprise,W
30527,2022-01-02,Pro,NE
30916,2024-07-16,Basic,MW
31168,2020-07-05,Basic,SE
30036,2024-12-02,Basic,NE
30402,2022-07-13,Pro,MW
30044,2022-02-23,Pro,SE
30205,2023-10-28,Enterprise,MW
30419,2024-05-14,Basic,W
30364,2023-11-30,Basic,W
31030,2021-02-11,Pro,NE
30427,2023-02-22,Pro,NE
30579,2023-09-22,Enterprise,MW
30545,2020-12-06,Pro,MW
30324,2021-07-16,Basic,NE
30777,2023-04-16,Pro,SW
31320,2021-10-12,Enterprise,NE
30230,2022-08-09,Basic,NE
30393,2023-04-08,Basic,MW
31381,2022-11-28,Basic,SW
31151,2020-03-09,Basic,W
30391,2023-06-13,Pro,NE
30603,2024-05-02,Basic,NE
31101,2021-01-15,Basic,NE
31053,2020-02-26,Basic,NE
30048,2023-07-24,Pro,NE
31168,2022-04-29,Basic,NE
31081,2023-01-27,Pro,NE
30478,2022-07-04,Basic,SW
31319,2024-03-30,Basic,MW
31194,2020-11-20,Basic,SW
30146,2021-04-05,Basic,SW
31015,2020-06-27,Basic,MW
30445,2022-04-23,Basic,NE
31289,2021-07-27,Enterprise,W
30261,2020-04-28,Pro,NE
30896,2024-02-01,Basic,SW
30218,2021-07-02,Basic,NE
30091,2021-10-07,Enterprise,SW
30079,2024-01-18,Pro,W
31261,2020-01-26,Basic,SE
31395,2024-02-22,Pro,MW
30693,2022-10-28,Pro,NE
30155,2022-08-26,Pro,SE
30631,2024-03-19,Basic,NE
31080,2021-06-16,Basic,NE
30018,2020-05-28,Basic,NE
31216,2024-02-20,Enterprise,NE
30276,2022-11-14,Pro,SW
30744,2021-10-16,Basic,W
31346,2024-11-15,Enterprise,NE
30638,2022-08-02,Enterprise,SE
30997,2021-07-08,Enterprise,NE
30054,2021-02-28,Enterprise,NE
31207,2020-10-19,Enterprise,SW
31391,2023-04-23,Basic,MW
31221,2021-07-07,Pro,SW
30372,2021-03-06,Pro,NE
30200,2021-08-26,Basic,SE
30508,2020-11-12,Basic,W
30274,2021-02-01,Enterprise,SW
30503,2023-09-09,Basic,SW
31141,2024-05-07,Enterprise,MW
30041,2021-08-18,Basic,MW
30787,2021-06-29,Basic,NE
31040,2020-03-16,Basic,W
30942,2022-05-14,Basic,W
30574,2022-07-04,Pro,SW
30611,2021-12-09,Pro,W
30836,2021-04-30,Basic,NE
31396,2024-12-26,Basic,MW
30762,2023-01-16,Basic,SW
31104,2022-01-16,Basic,SE
30423,2023-06-09,Pro,NE
30203,2022-10-27,Basic,NE
30195,2021-07-03,Basic,SW
30013,2022-09-02,Basic,SE
31169,2022-12-11,Basic,MW
31080,2024-08-05,Basic,SE
30779,2022-07-30,Basic,MW
30528,2022-07-07,Enterprise,SW
30343,2023-11-20,Enterprise,SW
31302,2023-05-29,Pro,NE
30640,2023-12-22,Basic,MW
31311,2024-11-10,Basic,NE
30270,2023-03-12,Basic,SE
30418,2020-12-28,Pro,SE
30794,2021-01-16,Enterprise,MW
31388,2024-05-03,Basic,MW
31099,2023-07-24,Basic,SW
31344,2020-09-27,Pro,NE
30432,2022-11-03,Pro,NE
30640,2020-10-24,Pro,SE
31070,2022-09-30,Pro,SW
31119,2024-01-27,Enterprise,SE
30102,2024-03-30,Basic,W
30853,2020-08-21,Enterprise,SW
31050,2021-07-28,Enterprise,SW
30678,2024-09-27,Pro,SE
30988,2020-01-27,Basic,MW
30427,2024-02-03,Basic,MW
30821,2020-04-02,Basic,W
31185,2021-09-08,Basic,MW
30931,2020-11-04,Enterprise,MW
31061,2020-02-21,Basic,SW
30510,2020-11-14,Basic,NE
30712,2020-06-29,Pro,SE
31223,2024-05-11,Basic,W
31278,2023-02-17,Basic,SE
30546,2022-05-24,Basic,SE
30388,2022-12-02,Pro,SW
30157,2021-10-08,Basic,SW
30959,2023-07-07,Enterprise,MW
31227,2020-07-15,Basic,SE
30234,2021-10-06,Enterprise,SE
31173,2022-08-28,Basic,SW
31302,2020-09-11,Basic,SE
30677,2022-01-01,Basic,W
30067,2020-12-01,Basic,MW
30087,2024-04-25,Basic,MW
30000,2024-03-05,Basic,SW
31374,2022-09-16,Basic,W
30617,2022-06-18,Pro,NE
30177,2023-07-02,Basic,SE
31381,2021-05-28,Basic,W
30657,2024-09-26,Pro,SE
30585,2020-08-29,Enterprise,SW
30989,2020-05-28,Basic,W
30121,2024-09-29,Basic,NE
31219,2023-08-15,Enterprise,MW
30317,2022-01-26,Basic,NE
31275,2021-09-11,Enterprise,SW
30502,2021-03-28,Basic,SW
30118,2023-11-17,Enterprise,SE
30709,2020-07-30,Basic,MW
30044,2021-10-29,Enterprise,MW
31202,2024-04-10,Basic,MW
30417,2021-08-16,Pro,W
31101,2024-06-06,Basic,W
30325,2020-05-10,Basic,MW
31380,2023-09-14,Pro,SE
30514,2021-09-03,Basic,MW
30073,2020-09-12,Enterprise,SW
30508,2024-02-11,Basic,NE
30331,2021-07-14,Enterprise,NE
30687,2020-03-03,Basic,NE
31292,2023-08-27,Enterprise,MW
31027,2021-02-10,Enterprise,SE
31254,2022-03-12,Basic,NE
31075,2023-02-02,Enterprise,SE
30324,2024-06-28,Pro,MW
30991,2020-01-15,Basic,SW
30716,2024-09-06,Pro,W
30276,2020-09-15,Basic,SE
30151,2021-12-23,Pro,W
30258,2023-12-06,Basic,NE
30868,2023-07-06,Basic,MW
30802,2021-09-05,Basic,W
31079,2023-07-07,Pro,MW
30472,2024-08-21,Enterprise,W
30460,2022-12-04,Enterprise,SE
30845,2022-03-23,Basic,NE
30666,2024-11-21,Basic,SE
31264,2020-11-26,Pro,SW
30769,2020-06-13,Pro,NE
30179,2023-05-01,Basic,SE
30819,2024-03-24,Basic,W
30170,2023-11-25,Basic,MW
30473,2023-10-29,Basic,MW
31390,2022-12-24,Pro,W
30438,2021-01-21,Basic,W
30226,2024-02-27,Enterprise,SE
30441,2024-12-22,Basic,SE
30727,2024-09-12,Basic,SW
30083,2023-12-09,Enterprise,W
31036,2024-12-22,Pro,SE
30692,2024-12-19,Basic,NE
31291,2022-11-19,Pro,SE
31143,2023-07-13,Basic,MW
30352,2020-11-23,Pro,NE
30039,2024-02-24,Basic,SE
31359,2023-05-25,Pro,SW
30172,2020-11-15,Basic,MW
30258,2021-02-02,Basic,MW
30516,2020-04-14,Enterprise,MW
30522,2021-11-26,Pro,SW
30838,2022-10-13,Basic,SE
30183,2020-11-25,Basic,SW
31139,2021-10-21,Basic,MW
30542,2024-06-28,Pro,SW
31260,2022-12-06,Pro,SW
31089,2021-08-21,Pro,SE
30446,2022-03-31,Basic,MW
30415,2021-10-02,Pro,NE
30737,2024-11-28,Basic,MW
30463,2020-11-09,Basic,NE
30395,2023-03-16,Pro,SW
30394,2021-04-06,Enterprise,SE
31114,2024-05-26,Pro,SE
31093,2021-04-30,Pro,SE
30641,2024-08-02,Pro,W
30213,2021-02-13,Enterprise,W
31358,2020-01-27,Basic,W
30368,2022-11-18,Basic,NE
30048,2020-09-27,Enterprise,W
31312,2021-11-16,Enterprise,SW
31262,2021-05-15,Basic,NE
30998,2023-06-30,Basic,W
31189,2021-01-19,Basic,W
30372,2020-02-29,Basic,SE
30478,2023-02-04,Enterprise,SE
30831,2020-08-07,Basic,SE
30681,2024-01-04,Enterprise,SW
30687,2022-02-09,Basic,MW
30086,2024-08-08,Basic,SE
30015,2021-07-17,Basic,MW
31381,2024-05-14,Pro,NE
30513,2021-06-29,Pro,SW
30680,2020-04-05,Pro,W
31398,2022-09-15,Basic,W
30180,2023-01-17,Basic,SW
31324,2022-04-07,Basic,W
31212,2020-08-18,Basic,SW
31337,2022-08-25,Pro,NE
30922,2020-10-01,Pro,MW
30127,2020-09-02,Pro,MW
30564,2020-04-20,Basic,W
30549,2020-08-21,Basic,NE
30470,2023-07-25,Basic,W
30737,2024-02-09,Basic,NE
30223,2021-02-20,Pro,SE
30559,2021-11-08,Pro,W
31170,2023-02-25,Basic,SE
30348,2023-06-14,Basic,MW
30636,2022-03-13,Enterprise,SE
30178,2021-09-10,Pro,NE
30771,2023-02-25,Pro,W
31026,2021-12-07,Basic,NE
30371,2022-04-30,Basic,SW
30096,2023-11-18,Enterprise,SW
31226,2021-04-19,Pro,MW
30992,2021-10-16,Basic,NE
30734,2021-01-29,Pro,SE
31069,2020-04-20,Pro,SW
30602,2020-03-30,Basic,W
31134,2022-02-01,Basic,SW
30122,2023-07-27,Basic,NE
30610,2023-09-18,Basic,MW
30670,2023-06-01,Pro,SW
30614,2023-01-29,Basic,SE
30280,2020-05-11,Pro,W
30595,2022-11-02,Enterprise,MW
30702,2021-04-01,Basic,SW
30209,2024-01-04,Basic,MW
30491,2020-04-07,Pro,SE
30959,2023-02-17,Pro,W
30969,2020-10-19,Pro,SE
30776,2024-09-30,Basic,MW
31211,2022-10-21,Basic,SW
30188,2021-07-25,Pro,W
30009,2020-09-06,Enterprise,MW
31099,2021-10-13,Basic,SE
30084,2020-05-28,Enterprise,NE
30837,2023-11-19,Basic,SW
30688,2020-02-13,Enterprise,NE
30969,2024-09-17,Pro,MW
31005,2024-07-01,Basic,SW
31004,2022-12-03,Pro,MW
31253,2023-01-06,Basic,SW
30235,2023-06-03,Basic,W
31284,2020-06-10,Basic,SE
30270,2024-12-21,Basic,SW
30655,2020-09-09,Basic,SE
30258,2020-05-11,Pro,SE
30947,2024-01-11,Pro,MW
30862,2021-04-18,Basic,NE
30887,2024-08-06,Enterprise,SW
31334,2024-12-06,Pro,SW
30148,2023-02-06,Enterprise,SE
30437,2021-12-06,Pro,SW
31113,2022-11-24,Basic,W
30357,2024-01-30,Basic,MW
31240,2020-10-01,Pro,W
30455,2020-07-05,Basic,W
30628,2022-08-06,Basic,MW
30831,2020-08-30,Basic,MW
30532,2020-09-20,Basic,MW
30370,2021-06-05,Basic,SE
30852,2022-08-20,Basic,W
30247,2024-08-28,Basic,SW
30263,2024-04-13,Pro,SE
31325,2022-02-21,Pro,MW
31272,2023-01-15,Basic,SE
31294,2021-06-18,Basic,W
30501,2020-07-28,Basic,NE
30885,2020-02-15,Basic,NE
31365,2024-01-30,Basic,SW
31116,2024-04-12,Basic,W
30613,2020-01-26,Pro,W
30431,2023-07-13,Basic,MW
30158,2020-06-23,Basic,SE
30372,2024-03-19,Basic,MW
31096,2023-08-27,Pro,SE
30510,2020-11-17,Enterprise,SE
30215,2024-05-21,Pro,SE
30987,2023-03-04,Pro,W
31244,2020-02-24,Basic,MW
30553,2024-04-15,Basic,W
31065,2024-05-28,Enterprise,MW
30872,2024-04-03,Basic,W
31081,2023-03-25,Enterprise,SW
30833,2021-10-29,Pro,NE
31096,2020-05-26,Pro,MW
30922,2024-02-17,Basic,NE
30841,2021-08-21,Pro,MW
30947,2020-01-20,Basic,W
30664,2023-07-16,Basic,MW
31148,2020-11-28,Basic,SW
30005,2024-04-27,Enterprise,NE
30313,2022-06-25,Basic,W
30564,2022-08-01,Basic,MW
30825,2022-06-29,Basic,MW
31105,2021-02-04,Pro,W
31025,2022-08-07,Pro,SE
30804,2023-08-22,Pro,W
31126,2020-01-28,Basic,W
31391,2021-04-11,Basic,NE
31232,2023-07-07,Pro,W
30116,2024-04-06,Basic,NE
30104,2022-09-08,Enterprise,SE
30045,2020-04-10,Pro,W
31354,2021-07-04,Basic,W
30981,2022-03-12,Basic,SE
30844,2020-12-18,Pro,SE
30535,2023-08-16,Basic,NE
30539,2024-09-01,Basic,W
30015,2020-10-22,Pro,SE
30242,2020-12-18,Basic,W
31230,2022-06-26,Pro,W
30760,2023-02-27,Basic,MW
30704,2022-10-15,Pro,SW
30114,2023-03-25,Basic,W
30396,2023-01-02,Basic,SW
31098,2023-09-27,Enterprise,W
31126,2024-01-28,Pro,NE
31001,2023-01-18,Basic,MW
31238,2024-05-21,Basic,SE
30966,2021-03-30,Pro,MW
31062,2024-11-06,Basic,MW
30006,2021-12-12,Enterprise,NE
30160,2022-09-06,Enterprise,NE
30175,2023-09-17,Pro,MW
31025,2022-01-08,Basic,NE
30454,2022-09-03,Basic,W
30275,2023-10-03,Pro,SE
30675,2020-08-20,Basic,MW
31051,2024-12-06,Basic,NE
31024,2024-06-09,Basic,W
30055,2022-10-20,Basic,MW
30546,2020-04-11,Basic,SW
31333,2022-08-10,Basic,W
30438,2021-04-25,Pro,SE
30594,2023-05-22,Basic,NE
31348,2020-04-17,Basic,W
30306,2023-04-03,Basic,MW
30618,2022-08-30,Pro,NE
31395,2024-06-14,Basic,SE
30180,2021-12-04,Pro,NE
30433,2020-11-30,Enterprise,NE
30913,2020-03-26,Basic,MW
30065,2022-01-03,Basic,SE
30383,2022-05-24,Basic,W
30038,2023-12-18,Enterprise,MW
30821,2024-06-24,Pro,SW
30784,2024-10-27,Enterprise,W
31211,2020-12-29,Basic,SE
31266,2020-02-29,Enterprise,NE
30560,2024-02-14,Basic,MW
30513,2023-06-27,Basic,W
30175,2021-07-13,Enterprise,SE
30909,2020-04-26,Enterprise,SW
31122,2024-10-28,Basic,SE
30870,2022-05-23,Basic,MW
30494,2022-07-03,Basic,MW
30754,2022-08-25,Basic,NE
30210,2022-09-25,Basic,W
31252,2024-04-17,Enterprise,MW
30139,2020-02-13,Pro,SE
30269,2021-05-23,Pro,MW
31035,2023-04-03,Pro,SE
31360,2023-10-23,Basic,SE
30505,2023-08-08,Pro,MW
30031,2022-04-28,Pro,SE
31194,2022-07-05,Basic,SE
31092,2022-06-16,Pro,SE
30361,2022-03-09,Basic,NE
30928,2022-05-25,Pro,W
30099,2024-10-26,Enterprise,SE
30008,2020-10-12,Basic,MW
30696,2023-05-12,Pro,NE
31137,2021-11-14,Basic,MW
30920,2024-03-27,Pro,W
30389,2022-03-29,Basic,MW
30156,2020-04-30,Basic,NE
30259,2022-08-02,Basic,MW
30753,2024-11-14,Pro,NE
31195,2024-08-14,Basic,MW
30719,2024-08-14,Enterprise,W
31293,2022-10-14,Basic,MW
30625,2023-04-26,Enterprise,MW
30873,2022-06-25,Pro,SE
30873,2020-01-13,Basic,MW
30953,2021-08-25,Basic,MW
30254,2020-07-18,Pro,SE
30569,2021-08-08,Pro,NE
31336,2024-11-26,Pro,SE
30460,2024-01-19,Basic,SW
30886,2021-03-23,Basic,MW
31115,2024-12-16,Enterprise,NE
30519,2022-04-20,Basic,SW
31121,2022-12-30,Basic,MW
31397,2021-08-12,Basic,NE
30926,2024-12-24,Pro,NE
30648,2023-02-27,Pro,MW
31055,2022-06-07,Basic,SE
30578,2020-02-12,Basic,SE
30113,2021-06-03,Basic,SE
30642,2022-11-02,Basic,SE
30696,2021-12-25,Basic,SE
30904,2021-09-14,Enterprise,SE
30385,2022-09-14,Basic,SE
30514,2022-03-13,Basic,SW
30579,2021-06-18,Enterprise,NE
31164,2020-10-28,Basic,SW
31323,2024-11-24,Pro,SW
30310,2021-06-10,Basic,SW
30808,2024-07-23,Basic,W
30575,2024-05-15,Enterprise,MW
30030,2023-02-12,Pro,SW
30129,2021-04-04,Basic,MW
30977,2022-04-11,Pro,NE
30057,2021-05-19,Enterprise,SE
30811,2023-08-24,Basic,SW
30767,2022-07-20,Basic,W
31185,2020-11-20,Enterprise,W
30996,2021-08-01,Basic,MW
30285,2022-01-30,Pro,MW
30885,2023-04-13,Pro,W
30396,2022-04-30,Pro,MW
30025,2024-03-17,Basic,SE
30125,2023-04-10,Basic,W
31221,2022-08-17,Pro,W
30187,2021-05-16,Basic,SE
30809,2020-11-29,Basic,NE
30449,2020-10-10,Basic,SW
31377,2021-04-19,Basic,SE
30657,2022-12-13,Enterprise,NE
30099,2024-01-21,Basic,MW
30555,2024-05-21,Enterprise,MW
30490,2023-12-14,Basic,MW
30380,2024-06-25,Pro,W
30541,2021-09-23,Basic,MW
30824,2021-12-03,Pro,MW
31352,2021-02-12,Pro,MW
31299,2022-09-08,Basic,SE
31298,2023-08-20,Enterprise,NE
30842,2021-07-12,Basic,SW
30327,2020-08-09,Pro,SW
30726,2024-04-05,Enterprise,MW
30551,2020-06-06,Enterprise,SE
30026,2020-12-13,Enterprise,MW
31106,2023-03-28,Basic,W
30681,2022-06-07,Basic,NE
30166,2022-07-10,Basic,W
30168,2023-06-12,Basic,NE
30228,2021-10-23,Pro,SW
30366,2021-02-08,Basic,W
30790,2023-07-04,Pro,W
30523,2021-11-07,Basic,MW
31095,2021-08-11,Basic,NE
30105,2024-06-08,Pro,W
30964,2021-07-11,Basic,NE
31305,2022-06-23,Pro,SE
30533,2022-12-06,Basic,W
30268,2023-05-21,Pro,SW
30672,2021-04-23,Basic,SW
30790,2021-05-01,Basic,SE
30017,2024-05-13,Pro,MW
30116,2021-07-19,Enterprise,SW
31167,2023-09-27,Basic,NE
30550,2021-06-07,Basic,NE
30752,2021-12-04,Basic,SW
31392,2024-03-06,Basic,MW
30557,2022-10-26,Pro,SE
30677,2022-03-31,Pro,SE
31239,2023-03-13,Basic,MW
31095,2022-05-07,Basic,SW
30445,2023-07-08,Pro,W
31209,2021-08-07,Basic,NE
30069,2021-11-16,Pro,SW
30149,2020-08-19,Basic,SE
30773,2020-09-26,Pro,SE
31122,2022-07-28,Basic,W
31301,2024-01-10,Pro,NE
30943,2022-05-23,Basic,W
31127,2023-05-30,Basic,SE
30600,2020-02-21,Pro,NE
30724,2020-04-25,Basic,NE
30250,2021-06-21,Basic,SE
30078,2024-05-07,Basic,W
30897,2021-06-24,Basic,NE
30780,2022-11-08,Enterprise,MW
31074,2022-03-25,Pro,NE
31057,2023-11-16,Basic,SW
30741,2022-03-01,Pro,MW
31022,2024-07-10,Basic,W
30631,2021-09-09,Enterprise,SW
30837,2021-02-22,Basic,MW
30703,2020-11-04,Pro,NE
30322,2024-10-28,Basic,MW
30614,2022-05-13,Basic,W
30328,2020-07-04,Basic,W
30132,2020-09-17,Basic,SW
30650,2024-03-31,Pro,NE
30605,2023-07-20,Basic,W
30964,2020-06-08,Enterprise,SE
31114,2022-05-19,Basic,W
30028,2022-01-31,Pro,SW
30332,2020-08-11,Enterprise,NE
31153,2023-07-03,Pro,NE
31196,2020-06-28,Enterprise,W
30943,2020-01-20,Pro,MW
31122,2024-07-05,Basic,NE
30355,2021-09-23,Pro,SW
31197,2024-09-25,Basic,SW
30930,2024-01-31,Basic,W
31013,2024-07-04,Basic,SW
30827,2023-05-18,Pro,SW
30553,2024-03-16,Basic,NE
30298,2020-02-27,Basic,SE
31215,2023-01-21,Basic,SW
30769,2023-05-29,Enterprise,SW
30833,2021-12-23,Basic,SW
31255,2023-06-09,Basic,SW
31218,2024-12-02,Basic,MW
31357,2023-10-19,Enterprise,W
30792,2021-09-06,Enterprise,SE
31346,2021-07-15,Pro,SW
30857,2021-01-08,Enterprise,SE
30805,2021-09-13,Basic,W
31172,2024-01-19,Enterprise,SE
30832,2020-03-28,Basic,NE
30282,2022-11-09,Basic,SW
30378,2022-10-10,Basic,SW
31014,2020-01-14,Pro,MW
31040,2020-05-12,Pro,MW
30378,2022-11-23,Basic,W
30505,2022-06-10,Enterprise,W
30075,2023-05-16,Basic,W
30961,2023-05-07,Basic,MW
30725,2021-08-14,Basic,W
31181,2021-08-05,Pro,NE
30392,2023-03-24,Pro,NE
30266,2024-06-01,Basic,NE
30610,2023-01-06,Pro,W
31008,2023-04-10,Basic,SE
30727,2020-10-15,Pro,W
30672,2024-04-17,Enterprise,W
31197,2024-12-16,Basic,W
30114,2022-10-09,Enterprise,SE
30030,2022-05-28,Pro,SE
31366,2023-12-14,Basic,SE
31153,2020-01-07,Enterprise,W
30616,2023-03-29,Basic,MW
30738,2020-08-27,Basic,SE
30870,2023-12-17,Basic,SE
31081,2021-06-19,Basic,SE
30691,2024-10-15,Pro,NE
30340,2020-03-10,Pro,NE
31043,2020-08-03,Enterprise,NE
31340,2023-02-01,Basic,SE
30659,2024-10-16,Basic,SE
30927,2022-12-13,Basic,SE
30453,2022-03-16,Basic,MW
31346,2020-11-25,Enterprise,MW
30818,2022-04-27,Pro,NE
30012,2023-05-11,Basic,W
30920,2023-08-04,Enterprise,NE
30370,2020-02-14,Pro,W
30331,2022-04-08,Basic,SW
30260,2020-07-16,Pro,SW
31228,2023-05-24,Basic,MW
30696,2024-02-13,Basic,MW
30949,2023-08-25,Basic,NE
30820,2022-06-14,Basic,W
30068,2023-12-29,Basic,SW
31127,2020-11-27,Basic,MW
31184,2021-11-26,Basic,W
30215,2020-01-27,Pro,SW
30211,2023-04-04,Enterprise,SW
30883,2020-11-13,Pro,SW
30716,2023-07-21,Basic,SE
30550,2023-11-07,Basic,MW
30941,2020-12-30,Basic,MW
30879,2023-01-31,Basic,MW
31195,2022-08-17,Pro,NE
30999,2024-03-06,Pro,MW
30470,2021-01-07,Pro,SE
30699,2024-06-27,Pro,MW
30991,2020-09-01,Basic,W
30803,2023-04-07,Basic,SW
30830,2024-07-09,Pro,SE
30213,2024-08-03,Basic,SE
31353,2023-12-12,Basic,W
30977,2023-10-11,Basic,SE
30145,2021-04-22,Basic,SW
30515,2020-05-04,Basic,MW
30452,2021-06-20,Pro,W
31334,2021-12-06,Enterprise,W
30527,2024-06-23,Basic,W
31023,2023-11-26,Basic,MW
30756,2024-03-20,Pro,SE
31102,2021-06-14,Basic,NE
31176,2024-09-01,Basic,SE
30400,2022-02-24,Basic,SW
30056,2020-09-10,Basic,NE
31002,2020-04-30,Pro,NE
30185,2022-11-21,Pro,SW
30604,2021-10-22,Basic,W
30157,2024-12-06,Basic,NE
31382,2022-11-26,Basic,MW
30588,2024-09-08,Basic,MW
30800,2023-09-27,Enterprise,W
31096,2022-11-02,Pro,SW
30016,2023-04-21,Basic,MW
30730,2024-08-07,Pro,SE
30994,2023-07-12,Pro,SW
30612,2020-03-28,Pro,SW
30595,2024-01-25,Basic,NE
30841,2020-02-15,Basic,SW
30343,2023-11-16,Pro,NE
30858,2023-02-16,Basic,SW
31241,2022-07-21,Enterprise,NE
30221,2024-04-03,Pro,W
30591,2024-01-10,Enterprise,W
31295,2024-10-21,Basic,SW
31017,2022-01-14,Enterprise,SE
30802,2024-06-17,Basic,MW
30020,2022-08-24,Enterprise,MW
30227,2022-02-01,Basic,W
31311,2022-01-31,Basic,MW
31157,2022-03-04,Pro,SE
31306,2022-01-13,Basic,SE
31089,2022-12-05,Basic,NE
30436,2024-03-11,Enterprise,NE
30933,2021-07-11,Basic,SW
30102,2021-06-09,Pro,NE
30768,2021-08-19,Basic,SE
31221,2022-04-19,Pro,NE
30225,2020-01-03,Pro,SW
30462,2022-11-17,Basic,MW
31049,2023-11-05,Basic,NE
30505,2020-06-05,Pro,SW
30813,2022-05-04,Basic,NE
30633,2021-05-25,Basic,MW
31338,2023-09-18,Pro,MW
30617,2021-11-17,Basic,SE
30231,2023-02-11,Basic,SE
30495,2023-11-13,Pro,SW
31132,2024-02-19,Basic,SW
30501,2023-06-27,Basic,SE
30024,2021-07-24,Basic,W
30287,2021-12-15,Pro,SW
31060,2023-08-31,Pro,SE
30136,2020-08-26,Pro,W
30319,2023-06-11,Basic,W
30915,2020-10-29,Basic,SE
30085,2021-08-29,Basic,SW
30925,2022-09-17,Basic,NE
30859,2024-08-03,Enterprise,SW
31258,2020-11-29,Basic,SW
30432,2020-04-22,Basic,SE
30998,2024-07-02,Basic,SW
30099,2020-12-27,Pro,W
30598,2022-03-11,Pro,MW
30395,2020-04-06,Pro,W
30414,2020-01-16,Enterprise,SW
30676,2021-07-09,Basic,MW
30540,2021-01-10,Basic,SW
31387,2022-01-11,Basic,SE
30083,2021-01-24,Pro,NE
30243,2021-09-11,Pro,W
30213,2023-05-25,Basic,SW
31189,2023-11-23,Pro,SW
30058,2023-07-07,Pro,SE
30882,2022-04-03,Enterprise,W
30923,2020-11-15,Pro,MW
30122,2020-07-14,Pro,SE
31162,2024-02-10,Basic,NE
31297,2021-02-21,Pro,MW
31021,2024-02-07,Enterprise,SE
30117,2021-08-29,Basic,MW
30904,2021-07-21,Pro,W
30394,2021-06-27,Pro,W
30875,2020-08-18,Basic,W
30934,2022-06-02,Pro,SE
30951,2021-06-04,Basic,W
30294,2021-12-03,Enterprise,NE
30020,2023-05-08,Pro,W
31194,2022-04-25,Basic,MW
31234,2021-11-03,Basic,SW
31172,2024-06-10,Pro,SW
30371,2020-01-21,Basic,MW
31174,2023-08-27,Basic,NE
31092,2021-08-10,Basic,SW
31283,2022-06-16,Basic,W
30845,2024-08-03,Basic,SE
30370,2024-07-19,Pro,NE
30100,2024-11-21,Enterprise,MW
30660,2024-06-07,Pro,SE
30967,2023-12-28,Pro,MW
30752,2021-01-05,Basic,W
30848,2024-05-02,Basic,W
31118,2020-03-18,Basic,MW
30213,2024-04-14,Pro,MW
30717,2023-08-01,Enterprise,SE
30611,2021-10-09,Pro,MW
31260,2020-05-19,Enterprise,SE
30769,2021-07-06,Pro,MW
30406,2022-09-24,Basic,NE
30646,2020-10-08,Basic,MW
31179,2024-05-04,Basic,MW
30427,2023-07-05,Basic,SE
31181,2023-10-15,Pro,SE
31005,2021-03-15,Basic,W
30370,2020-09-26,Pro,SW
31367,2023-03-03,Pro,W
31306,2022-01-15,Basic,SW
30855,2024-07-21,Basic,NE
30279,2020-04-13,Basic,SE
31313,2022-02-04,Basic,W
30974,2020-04-04,Pro,SW
31237,2021-12-29,Basic,SE
31047,2024-05-15,Pro,NE
30273,2021-04-24,Enterprise,SW
30843,2022-02-18,Enterprise,NE
31386,2023-06-18,Enterprise,W
30745,2020-01-13,Basic,MW
30115,2023-03-16,Basic,NE
31065,2024-11-10,Basic,SE
30378,2021-08-23,Basic,NE
31229,2020-04-04,Enterprise,SE
30279,2020-10-19,Pro,MW
30617,2020-01-25,Basic,SW
31260,2023-07-19,Basic,NE
30099,2024-03-08,Basic,NE
30260,2023-04-04,Pro,SE
31328,2022-07-27,Pro,MW
30285,2022-01-31,Enterprise,W
30062,2023-01-15,Enterprise,MW
31305,2021-10-15,Basic,MW
31316,2024-07-27,Basic,MW
31030,2022-09-11,Basic,W
30935,2024-12-19,Basic,SW
31213,2021-09-29,Enterprise,W
30475,2021-05-05,Pro,NE
30052,2023-03-10,Pro,SW
30485,2023-01-31,Basic,W
31387,2023-06-03,Basic,NE
31030,2021-07-28,Basic,SW
30667,2020-10-20,Basic,SE
30834,2022-06-14,Pro,SW
30366,2023-08-22,Basic,MW
31001,2023-07-01,Pro,W
31263,2023-04-18,Pro,W
30871,2020-02-09,Basic,MW
30774,2022-02-14,Pro,W
30454,2024-09-20,Basic,MW
31313,2021-06-03,Pro,SW
30402,2024-06-27,Pro,SW
30520,2024-10-26,Enterprise,SW
30209,2021-06-29,Basic,SE
30815,2020-08-23,Basic,MW
30233,2021-04-07,Basic,SE
30792,2023-06-05,Basic,SW
31062,2024-09-19,Pro,NE
30334,2021-04-27,Enterprise,W
31097,2021-03-05,Basic,SW
30323,2022-11-11,Basic,SW
31170,2020-12-08,Basic,MW
30283,2022-11-29,Basic,MW
30928,2023-04-11,Basic,SW
30751,2024-01-02,Basic,NE
30338,2023-04-17,Pro,SE
31045,2024-06-09,Basic,SW
30104,2020-05-12,Basic,SW
30715,2020-12-16,Pro,SW
30762,2024-03-28,Basic,NE
31245,2024-04-12,Pro,MW
30712,2021-05-20,Pro,W
31372,2020-03-24,Pro,NE
30737,2022-09-19,Basic,W
30235,2024-01-27,Basic,NE
30182,2022-04-09,Pro,W
30443,2022-05-10,Pro,NE
30622,2020-12-08,Basic,SE
31259,2023-07-27,Basic,SW
31127,2022-05-15,Basic,NE
30154,2023-07-10,Basic,SW
30234,2023-04-04,Pro,NE
30509,2020-10-19,Basic,NE
30784,2024-03-12,Basic,MW
30775,2024-05-22,Pro,SE
30297,2023-06-03,Basic,SE
30136,2023-04-08,Pro,SW
30086,2021-08-20,Pro,MW
31222,2021-10-06,Basic,SW
30436,2021-03-23,Pro,MW
31304,2021-11-20,Pro,W
30763,2022-09-28,Basic,MW
30941,2022-05-04,Basic,SW
31325,2021-05-16,Basic,SE
31031,2022-02-02,Enterprise,W
30234,2024-03-30,Pro,MW
30560,2022-01-04,Basic,W
30037,2023-11-03,Pro,W
30821,2023-05-09,Basic,NE
30420,2024-06-30,Pro,SE
30347,2020-09-06,Pro,W
31102,2023-12-03,Basic,MW
30747,2021-08-23,Pro,NE
30272,2020-05-04,Pro,MW
30307,2020-04-22,Pro,SE
30975,2022-09-07,Basic,NE
31032,2023-03-06,Pro,NE
30443,2024-11-17,Enterprise,MW
30404,2024-02-28,Basic,SE
30852,2024-08-28,Basic,NE
30777,2020-05-29,Basic,W
30114,2022-05-24,Pro,NE
31144,2020-12-08,Pro,NE
30064,2021-08-02,Basic,W
30824,2024-10-22,Enterprise,W
30238,2022-02-21,Basic,SE
30968,2020-11-16,Pro,NE
30232,2022-04-01,Basic,W
30906,2021-06-15,Basic,MW
30920,2023-08-05,Basic,SW
30688,2024-02-21,Basic,SW
30176,2021-05-06,Pro,SE
31034,2021-09-03,Pro,SE
30629,2020-09-08,Basic,W
30052,2023-01-05,Basic,MW
30217,2024-07-28,Basic,SW
30823,2023-11-16,Pro,W
30384,2023-12-06,Pro,MW
30899,2020-06-21,Basic,NE
30797,2022-05-24,Pro,SW
30844,2020-07-19,Basic,W
31258,2020-08-04,Enterprise,W
30707,2021-01-10,Enterprise,SW
31103,2024-10-09,Pro,MW
30021,2024-05-28,Enterprise,NE
30842,2020-01-11,Pro,NE
31116,2024-12-27,Pro,SW
31126,2024-11-26,Pro,SW
31030,2022-11-01,Basic,MW
30639,2022-06-10,Basic,SW
30566,2024-06-01,Basic,MW
30873,2021-03-10,Pro,NE
30573,2024-09-03,Basic,MW
30089,2024-06-19,Basic,SE
30232,2022-03-28,Basic,MW
31004,2023-10-28,Basic,NE
30438,2023-07-20,Pro,SW
31398,2022-07-19,Enterprise,SE
31315,2021-11-21,Pro,NE
30663,2024-05-18,Pro,W
30656,2024-03-12,Pro,SE
30140,2023-03-01,Basic,NE
31116,2022-05-04,Basic,MW
30283,2022-02-22,Enterprise,SW
30222,2020-11-14,Basic,W
30462,2022-04-23,Basic,SW
31299,2021-09-12,Pro,SW
31163,2022-02-23,Basic,SE
31046,2023-04-06,Basic,W
31293,2021-01-31,Basic,NE
30664,2023-04-18,Basic,NE
31014,2022-12-17,Basic,SW
30620,2024-02-12,Basic,SW
30239,2024-06-02,Pro,SE
30362,2021-04-04,Pro,SE
30667,2020-03-01,Basic,W
31394,2021-01-03,Enterprise,SW
30046,2023-02-18,Basic,SW
30838,2021-12-19,Basic,W
30061,2021-06-29,Basic,NE
31142,2024-05-24,Pro,MW
30597,2022-11-06,Basic,SE
30391,2021-05-10,Pro,SE
31075,2021-05-11,Pro,W
31312,2021-05-19,Basic,W
30336,2024-04-04,Pro,SE
31227,2022-08-26,Enterprise,MW
31159,2023-08-31,Basic,SW
31385,2022-12-28,Basic,NE
30880,2024-10-16,Pro,SW
30634,2020-06-09,Pro,MW
31137,2024-06-25,Basic,SW
30527,2021-12-18,Basic,SE
31231,2023-03-14,Basic,SW
30375,2024-05-11,Basic,W
30165,2024-06-06,Basic,SW
31204,2022-09-19,Enterprise,SE
30616,2023-11-09,Pro,SE
31355,2020-09-25,Basic,W
30912,2024-01-17,Pro,NE
30584,2021-11-29,Enterprise,SW
30687,2024-03-21,Basic,SW
31126,2022-05-14,Basic,SE
30401,2020-12-15,Basic,MW
30974,2020-04-19,Pro,MW
30633,2024-02-15,Basic,W
30115,2021-02-10,Enterprise,SE
30225,2021-10-11,Basic,MW
30181,2020-02-20,Basic,NE
31341,2023-11-27,Basic,NE
30209,2024-05-05,Basic,W
30095,2024-02-08,Pro,MW
30755,2023-01-15,Enterprise,W
30414,2022-12-27,Basic,NE
30393,2021-08-18,Enterprise,SW
30843,2022-09-05,Pro,SE
30603,2022-12-01,Basic,SW
30132,2021-12-31,Pro,W
30648,2020-02-26,Basic,W
30220,2022-01-07,Pro,SW
31069,2020-07-14,Basic,W
31215,2024-11-18,Pro,MW
30787,2024-08-28,Basic,W
31357,2022-12-21,Pro,SW
31316,2023-07-10,Pro,SE
30689,2020-04-21,Basic,MW
31354,2022-02-03,Basic,SE
31127,2021-12-11,Basic,SW
30160,2023-04-16,Pro,W
31077,2022-08-05,Basic,MW
30241,2020-01-26,Pro,SW
30889,2021-02-13,Basic,NE
31013,2022-01-27,Basic,MW
30022,2021-06-14,Basic,SE
30823,2024-12-05,Basic,MW
31141,2023-09-02,Pro,NE
30700,2024-04-04,Enterprise,W
31018,2023-02-03,Basic,SE
31235,2022-01-18,Basic,SE
31136,2024-01-27,Basic,SW
30826,2020-09-02,Pro,MW
30851,2023-01-09,Basic,SE
30044,2021-10-23,Pro,SW
30218,2022-06-27,Enterprise,SE
30442,2021-01-30,Basic,SE
30314,2021-06-05,Pro,SE
30227,2024-10-25,Basic,SW
30266,2022-07-14,Basic,W
30837,2020-09-20,Basic,NE
30488,2024-08-11,Basic,SW
30686,2022-02-28,Basic,SE
30995,2023-07-21,Basic,NE
30871,2024-09-25,Basic,SE
30203,2020-06-20,Basic,SE
30551,2020-09-21,Pro,NE
30322,2022-11-15,Enterprise,SW
30180,2024-02-01,Basic,SE
31343,2021-04-20,Basic,MW
30302,2020-12-21,Basic,SW
30783,2022-11-15,Enterprise,SW
31263,2020-02-03,Pro,MW
30691,2020-09-20,Basic,W
31318,2023-03-07,Basic,W
31161,2022-03-26,Basic,MW
30877,2024-09-14,Basic,SE
31152,2022-05-24,Enterprise,MW
30048,2022-01-23,Enterprise,SW
30788,2021-07-19,Basic,NE
30535,2021-04-06,Basic,MW
30310,2023-04-06,Basic,NE
30638,2024-07-12,Basic,W
31232,2021-10-16,Enterprise,MW
30093,2020-03-21,Basic,SW
30224,2022-01-26,Basic,SW
30889,2022-05-19,Basic,W
31352,2023-12-01,Pro,W
31243,2024-05-16,Pro,MW
30652,2022-12-05,Basic,W
30594,2021-08-21,Basic,W
30228,2024-06-22,Basic,NE
30343,2022-03-17,Enterprise,W
31376,2022-12-12,Basic,W
31313,2022-09-10,Basic,MW
30988,2021-12-04,Basic,SW
30908,2021-04-20,Pro,SW
31382,2021-08-14,Basic,SE
30526,2020-01-16,Basic,NE
30074,2023-10-15,Pro,SE
30195,2021-05-01,Pro,W
30028,2021-12-06,Pro,W
31020,2024-03-05,Enterprise,W
30804,2023-03-10,Basic,NE
30939,2021-09-11,Basic,SW
30966,2022-10-15,Enterprise,SE
31100,2022-02-15,Basic,NE
30961,2021-03-22,Pro,SE
30714,2020-10-16,Pro,W
30572,2020-07-27,Basic,SW
30325,2024-02-07,Basic,SE
30874,2021-02-16,Pro,SW
30323,2021-11-07,Pro,MW
31349,2023-12-21,Pro,NE
30164,2023-10-26,Basic,NE
30797,2021-10-25,Basic,NE
31176,2020-10-16,Basic,SW
31150,2023-12-26,Basic,SE
30626,2023-07-15,Basic,MW
30529,2020-05-30,Enterprise,SE
30091,2024-10-08,Pro,W
30138,2023-07-02,Pro,NE
30448,2023-10-08,Basic,SE
30868,2023-11-01,Basic,SW
31075,2024-08-03,Enterprise,NE
30465,2022-05-04,Basic,SE
30717,2023-10-13,Basic,MW
30798,2021-08-30,Basic,MW
30400,2021-01-04,Enterprise,W
30604,2023-06-04,Enterprise,SE
30921,2021-12-05,Basic,NE
30656,2023-08-19,Enterprise,SW
31176,2022-04-05,Basic,W
30513,2022-10-01,Basic,NE
31029,2023-11-13,Pro,SE
30716,2021-01-11,Enterprise,MW
31141,2022-08-30,Pro,SE
30600,2020-04-27,Pro,MW
30467,2022-10-25,Pro,SE
30269,2021-03-19,Pro,NE
30148,2023-10-07,Enterprise,SW
31167,2022-01-24,Pro,SW
30631,2024-04-05,Enterprise,W
31363,2024-08-14,Enterprise,NE
30519,2021-10-01,Basic,MW
30274,2020-05-03,Pro,NE
31089,2021-10-19,Basic,MW
30597,2023-07-24,Basic,MW
30557,2022-04-01,Pro,NE
31114,2023-11-18,Basic,NE
30140,2021-10-25,Basic,W
31312,2020-12-25,Enterprise,MW
30729,2021-09-14,Basic,NE
30410,2024-02-01,Basic,NE
31175,2024-07-09,Enterprise,SW
30750,2024-09-19,Basic,MW
31342,2022-12-16,Basic,NE
30994,2023-06-28,Basic,MW
30461,2022-07-07,Basic,SE
30938,2023-03-19,Pro,NE
30807,2021-03-27,Pro,NE
31364,2023-03-31,Basic,MW
30447,2020-04-29,Pro,SW
30201,2021-08-04,Basic,SE
30362,2023-10-06,Basic,SW
30355,2020-04-08,Pro,MW
30971,2023-04-05,Pro,NE
30554,2024-08-13,Pro,W
30022,2021-05-28,Basic,SW
30248,2021-10-25,Basic,NE
30804,2021-02-04,Basic,SW
30320,2020-12-30,Basic,SE
30433,2024-05-19,Pro,W
30872,2023-09-11,Basic,MW
31148,2021-08-03,Pro,NE
30857,2024-07-14,Basic,MW
30050,2021-09-12,Basic,W
30175,2022-04-07,Basic,W
30252,2020-09-03,Basic,W
31269,2021-03-09,Enterprise,MW
31129,2023-01-21,Basic,NE
31339,2023-07-15,Basic,SE
30547,2021-09-06,Pro,MW
30715,2022-07-31,Pro,SE
30778,2022-08-20,Basic,MW
31009,2021-09-15,Basic,MW
31315,2020-11-16,Pro,SW
31164,2022-05-05,Enterprise,SE
30313,2020-03-02,Enterprise,MW
30183,2020-10-26,Basic,W
30712,2021-02-06,Enterprise,MW
31310,2022-08-12,Basic,SW
31276,2024-07-29,Basic,NE
30699,2024-05-09,Pro,SE
31253,2024-07-01,Basic,W
30810,2023-08-19,Basic,SW
30414,2024-11-28,Basic,SE
30197,2020-09-09,Basic,W
31079,2024-10-23,Pro,SE
30830,2021-04-22,Pro,MW
30627,2023-10-24,Basic,MW
31080,2024-08-29,Basic,W
31009,2020-06-08,Enterprise,W
30910,2022-08-18,Pro,SE
30593,2023-04-04,Basic,SE
30599,2020-07-23,Enterprise,SE
30083,2023-07-14,Pro,SE
30993,2023-03-07,Basic,W
30838,2023-10-23,Basic,SW
30605,2024-01-06,Basic,MW
30132,2022-05-07,Pro,NE
31088,2022-01-29,Basic,SW
30375,2024-05-09,Basic,SE
30466,2021-12-21,Basic,SE
31236,2022-11-06,Enterprise,W
30470,2020-03-08,Basic,NE
30087,2020-05-12,Enterprise,W
31347,2024-09-19,Enterprise,SW
30789,2022-07-07,Basic,SW
31105,2021-03-05,Basic,MW
31309,2020-11-03,Basic,W
30864,2021-10-11,Enterprise,W
31293,2023-04-12,Basic,SE
30023,2021-02-15,Basic,W
30310,2020-04-06,Basic,MW
31231,2024-09-02,Basic,SE
30663,2023-03-23,Enterprise,MW
30705,2024-09-14,Pro,SE
30421,2023-06-19,Enterprise,W
30320,2023-08-20,Basic,NE
30586,2023-08-01,Basic,SW
31186,2022-11-16,Enterprise,W
31188,2023-11-26,Basic,NE
31318,2023-10-15,Enterprise,MW
31308,2022-12-19,Basic,SW
30386,2020-07-20,Basic,W
31161,2022-01-31,Pro,W
30909,2022-05-23,Enterprise,W
30553,2021-08-03,Enterprise,SE
30799,2021-01-04,Basic,W
30025,2021-06-16,Basic,W
31394,2023-03-21,Pro,NE
31276,2023-01-30,Pro,SW
30105,2022-06-17,Pro,SE
30848,2021-08-29,Basic,MW
30375,2024-01-09,Enterprise,MW
30966,2022-05-22,Pro,NE
30307,2023-06-06,Pro,W
30801,2023-02-22,Basic,SE
30584,2022-02-08,Basic,SE
30978,2022-04-13,Enterprise,SW
30167,2022-09-25,Pro,SE
30904,2022-07-26,Enterprise,NE
30149,2020-08-23,Enterprise,SW
30298,2020-06-10,Pro,NE
30645,2021-07-07,Basic,MW
31071,2022-02-26,Basic,MW
30238,2023-10-08,Basic,NE
30463,2022-12-27,Basic,W
30452,2023-04-11,Basic,NE
30486,2024-07-18,Basic,MW
30164,2024-09-01,Basic,MW
30191,2021-07-12,Basic,MW
30573,2020-09-17,Basic,SE
31351,2020-08-04,Basic,SE
30380,2023-02-21,Basic,NE
30797,2022-03-15,Pro,MW
30238,2023-03-31,Basic,MW
30699,2020-07-19,Basic,SW
31386,2024-01-17,Pro,NE
30201,2021-02-05,Pro,NE
30643,2024-01-25,Basic,NE
30764,2020-10-01,Pro,MW
30705,2020-07-24,Enterprise,NE
31199,2022-11-29,Pro,NE
31224,2023-07-20,Basic,W
31016,2024-09-19,Pro,SW
30393,2022-05-16,Basic,SE
30832,2020-04-02,Pro,SW
30596,2022-12-01,Enterprise,SE
30699,2024-01-28,Basic,NE
30440,2021-01-13,Enterprise,NE
30917,2023-02-04,Basic,SW
30552,2023-09-13,Enterprise,NE
31094,2020-03-05,Pro,MW
31304,2020-12-30,Basic,NE
31214,2022-03-31,Pro,NE
30059,2024-02-16,Basic,NE
30224,2024-07-28,Basic,W
30581,2022-11-13,Pro,MW
31310,2021-06-23,Basic,MW
30168,2022-12-21,Pro,MW
31372,2021-05-05,Basic,SW
30013,2023-07-20,Basic,MW
31051,2020-08-16,Enterprise,W
31231,2022-11-09,Basic,W
30975,2020-01-03,Pro,W
30103,2023-12-15,Pro,MW
30425,2024-10-19,Pro,NE
30638,2022-06-29,Enterprise,MW
30849,2020-11-02,Pro,W
31129,2021-03-07,Basic,SW
30768,2020-05-15,Enterprise,W
30276,2021-05-29,Basic,NE
31088,2020-07-11,Basic,SE
30899,2024-05-27,Enterprise,W
31340,2023-12-09,Pro,SW
31366,2022-05-22,Pro,MW
30545,2023-02-15,Pro,SW
30544,2021-10-27,Pro,MW
30742,2020-07-27,Enterprise,SE
31289,2022-08-09,Basic,SW
30332,2022-11-23,Basic,MW
31156,2021-10-10,Basic,W
30782,2023-09-03,Pro,NE
30539,2020-04-29,Basic,SW
30620,2021-09-18,Basic,W
31392,2021-06-08,Basic,W
30908,2024-05-23,Enterprise,SE
30991,2022-02-07,Pro,MW
30098,2023-01-17,Basic,NE
30122,2021-05-26,Basic,W
30798,2020-02-16,Basic,NE
30456,2022-02-10,Basic,MW
30519,2022-01-09,Basic,NE
30314,2024-09-11,Enterprise,W
30708,2021-06-05,Enterprise,SE
31043,2023-07-31,Basic,SW
30559,2023-11-01,Basic,SE
31153,2024-07-19,Basic,SE
31155,2020-05-13,Basic,SE
30889,2024-08-17,Basic,SE
30264,2020-09-04,Basic,W
30801,2024-08-02,Basic,SW
30861,2023-09-03,Pro,SE
30349,2021-03-11,Pro,SW
31129,2023-04-14,Pro,MW
30000,2021-11-16,Basic,NE
30583,2021-08-08,Enterprise,SW
31329,2020-12-16,Enterprise,NE
30939,2020-05-22,Basic,SE
31353,2022-08-24,Basic,SW
31348,2022-03-14,Basic,MW
31137,2023-11-22,Basic,SE
30146,2024-07-05,Basic,SE
31162,2021-12-18,Pro,SE
30298,2021-10-04,Basic,W
31299,2023-10-24,Basic,MW
30788,2021-05-15,Basic,SW
30177,2024-07-03,Enterprise,SW
31377,2021-01-04,Basic,SW
31224,2024-05-21,Pro,SE
31138,2023-11-06,Basic,MW
30758,2023-01-14,Basic,NE
30444,2022-02-25,Pro,SW
30707,2022-01-08,Basic,NE
30601,2024-01-23,Basic,SW
30144,2022-08-07,Basic,SW
31202,2023-09-10,Pro,NE
30476,2021-06-05,Pro,SW
31098,2021-05-03,Basic,SE
31151,2021-01-31,Pro,SE
30665,2022-06-14,Basic,MW
31368,2020-12-20,Pro,MW
30158,2022-08-04,Basic,MW
30680,2020-10-14,Pro,SE
30022,2024-01-22,Enterprise,NE
30524,2024-07-05,Enterprise,NE
30143,2022-09-24,Basic,NE
30667,2021-06-19,Enterprise,MW
30680,2023-08-07,Basic,NE
30972,2022-04-30,Enterprise,W
30084,2022-04-17,Basic,MW
30481,2020-06-16,Basic,SW
30296,2022-08-07,Basic,SE
31253,2021-09-12,Basic,SE
30949,2021-03-03,Pro,W
30679,2024-09-21,Enterprise,MW
31179,2021-05-04,Pro,NE
30329,2020-12-20,Pro,W
31155,2020-07-14,Pro,NE
30381,2021-06-28,Basic,SE
30942,2021-12-17,Basic,SW
30842,2022-04-03,Basic,W
30912,2022-07-20,Basic,MW
30449,2024-09-13,Basic,W
31276,2022-09-29,Basic,MW
31308,2021-10-20,Basic,MW
30019,2022-07-27,Basic,MW
30417,2022-02-18,Enterprise,NE
31333,2020-01-11,Basic,SE
31054,2024-05-24,Basic,W
30185,2023-07-03,Pro,W
31233,2021-01-30,Basic,MW
31304,2021-12-31,Basic,MW
30252,2021-02-12,Basic,NE
30018,2020-12-27,Basic,W
31159,2023-07-06,Basic,W
30002,2022-10-23,Basic,W
31259,2020-03-24,Pro,NE
30853,2020-06-04,Pro,SE
30227,2024-08-13,Basic,NE
30498,2023-04-14,Basic,NE
30701,2021-12-07,Basic,MW
30916,2021-04-16,Pro,NE
31162,2021-09-10,Basic,W
30290,2023-12-18,Pro,SE
31133,2020-05-13,Pro,MW
30647,2022-02-26,Basic,SW
30683,2022-06-25,Basic,MW
31070,2022-05-13,Basic,MW
30939,2023-11-04,Basic,NE
30559,2021-10-28,Basic,SW
30212,2020-10-03,Basic,SW
30204,2023-06-13,Basic,NE
31096,2024-11-10,Basic,W
31099,2022-05-31,Pro,NE
30076,2020-01-13,Basic,MW
30105,2020-12-07,Enterprise,NE
30550,2020-02-04,Enterprise,SW
30825,2021-07-12,Enterprise,SE
31298,2023-05-22,Pro,SW
30880,2023-12-06,Basic,NE
31100,2021-02-08,Basic,SW
30539,2024-02-26,Pro,NE
30577,2021-10-19,Pro,SW
30981,2020-06-07,Pro,MW
30141,2022-08-13,Enterprise,NE
31391,2024-07-18,Basic,W
31166,2023-02-07,Basic,NE
30151,2021-07-02,Basic,SW
30652,2024-12-17,Basic,SW
30762,2024-03-29,Basic,SE
30623,2022-09-11,Pro,W
30449,2023-10-02,Pro,NE
31247,2024-11-02,Basic,MW
30263,2024-07-17,Enterprise,W
31026,2020-10-05,Pro,SE
31291,2021-04-23,Pro,SW
31082,2020-04-20,Basic,SE
30176,2024-07-17,Enterprise,MW
30957,2021-03-06,Pro,SW
30560,2021-06-25,Basic,SW
31330,2023-02-12,Basic,SW
30954,2023-01-18,Enterprise,W
30849,2023-05-20,Basic,MW
31278,2024-04-22,Basic,SW
30603,2024-06-06,Basic,W
30605,2024-04-11,Pro,NE
30829,2024-10-18,Pro,SW
31222,2020-12-25,Basic,SE
30745,2024-02-18,Basic,W
30557,2021-01-06,Enterprise,W
30063,2023-05-23,Pro,SE
30941,2024-10-22,Enterprise,NE
30248,2022-11-04,Basic,MW
31269,2022-08-12,Basic,SW
30156,2020-09-15,Basic,SE
30734,2022-02-16,Pro,MW
30984,2024-01-26,Basic,SW
31111,2020-04-29,Basic,NE
31089,2022-09-02,Basic,W
30661,2022-07-01,Basic,SE
30032,2023-02-25,Pro,W
30072,2021-12-23,Basic,MW
31366,2021-06-06,Pro,W
31156,2024-09-07,Enterprise,SW
30060,2024-07-26,Basic,NE
30271,2020-11-20,Pro,SW
31199,2023-09-05,Enterprise,SE
30627,2024-03-09,Enterprise,SE
30704,2024-03-29,Basic,MW
31154,2022-12-09,Basic,SW
30309,2024-05-26,Basic,MW
30494,2020-03-09,Pro,NE
30337,2021-01-25,Pro,SW
30009,2021-01-17,Pro,NE
30622,2020-01-16,Basic,NE
30730,2024-01-02,Basic,NE
30794,2022-04-25,Pro,SW
30132,2022-05-18,Basic,SE
30082,2021-07-21,Pro,NE
30375,2024-06-28,Basic,SW
30348,2020-05-11,Basic,W
30110,2024-05-02,Basic,SE
30886,2023-06-25,Basic,W
31181,2020-09-29,Basic,W
30328,2024-07-04,Basic,MW
30040,2023-10-04,Basic,MW
30921,2021-04-28,Basic,MW
31046,2021-07-03,Basic,MW
30762,2020-12-22,Pro,W
30468,2024-11-10,Basic,NE
30012,2023-09-03,Pro,SE
30922,2024-07-14,Pro,SW
31075,2022-12-07,Pro,SW
31232,2022-10-30,Enterprise,SW
31214,2020-08-20,Basic,SE
30652,2020-02-05,Pro,NE
30620,2021-02-16,Enterprise,SE
31323,2024-01-25,Enterprise,MW
30195,2022-10-24,Basic,NE
30663,2020-02-13,Basic,SW
31379,2021-07-21,Basic,MW
31000,2024-04-26,Pro,NE
30363,2023-07-02,Pro,SE
30605,2022-01-09,Basic,SW
30228,2020-04-23,Basic,SE
30536,2024-11-07,Pro,NE
31034,2021-01-31,Basic,NE
30125,2023-04-12,Enterprise,SE
31112,2023-07-02,Pro,MW
30627,2021-04-10,Basic,SW
31375,2023-07-24,Pro,MW
31037,2024-01-27,Basic,NE
30280,2022-04-26,Pro,NE
30836,2021-05-16,Enterprise,MW
30388,2021-03-16,Enterprise,MW
30146,2020-03-09,Basic,W
31302,2024-03-12,Basic,SW
30629,2020-11-21,Basic,SE
30433,2024-10-31,Basic,SE
30143,2020-03-07,Basic,MW
30013,2020-10-30,Basic,W
30256,2022-08-29,Basic,SW
31368,2021-04-28,Basic,W
30857,2022-07-17,Basic,NE
31195,2024-04-20,Enterprise,SE
30269,2023-12-11,Pro,SE
31175,2023-03-28,Basic,SE
31206,2020-05-28,Basic,SE
30071,2022-11-16,Basic,MW
31306,2022-09-13,Basic,MW
30354,2021-08-06,Basic,SW
30496,2020-09-04,Pro,SW
