account_id,region_code,ticket_id,ticket_open_date,issue_type
30000,SE,90000,2025-10-25,Other
30000,SE,90001,2025-04-04,Bug
30001,SW,90002,2025-10-05,Billing
30001,SW,90003,2025-02-07,Login
30001,SE,90004,2025-07-17,Other
30001,SE,90005,2025-01-07,Feature Request
30001,NE,90006,2025-11-28,Billing
30001,NE,90007,2025-11-12,Login
30001,NE,90008,2025-03-03,Login
30001,NE,90009,2025-01-18,Feature Request
30002,MW,90010,2025-05-15,Bug
30002,MW,90011,2025-11-06,Bug
30002,MW,90012,2025-04-03,Billing
30002,MW,90013,2025-07-08,Bug
30002,SE,90014,2025-07-06,Bug
30002,SE,90015,2025-03-10,Billing
30003,SE,90016,2025-01-08,Login
30003,NE,90017,2025-02-25,Login
30003,NE,90018,2025-12-26,Bug
30004,W,90019,2025-04-24,Billing
30005,MW,90020,2025-04-18,Feature Request
30005,MW,90021,2025-01-23,Other
30006,MW,90022,2025-05-24,Feature Request
30006,MW,90023,2025-12-17,Other
30007,W,90024,2025-11-03,Billing
30007,SE,90025,2025-12-11,Login
30008,SE,90026,2025-04-09,Other
30008,SE,90027,2025-11-15,Login
30008,SW,90028,2025-02-19,Feature Request
30008,SW,90029,2025-11-21,Login
30008,SW,90030,2025-10-27,Feature Request
30009,SW,90031,2025-09-22,Bug
30009,SW,90032,2025-07-12,Billing
30009,SE,90033,2025-10-29,Feature Request
30009,SE,90034,2025-10-20,Feature Request
30010,MW,90035,2025-08-28,Bug
30011,NE,90036,2025-03-22,Other
30011,NE,90037,2025-12-23,Bug
30011,SW,90038,2025-03-22,Other
30011,SE,90039,2025-01-06,Billing
30011,SE,90040,2025-08-10,Other
30012,SW,90041,2025-10-25,Login
30012,MW,90042,2025-01-03,Feature Request
30012,MW,90043,2025-08-09,Billing
30013,NE,90044,2025-12-15,Login
30014,W,90045,2025-08-16,Billing
30015,NE,90046,2025-10-20,Billing
30015,NE,90047,2025-07-12,Feature Request
30015,NE,90048,2025-09-14,Bug
30015,NE,90049,2025-04-13,Billing
30016,W,90050,2025-10-17,Login
30017,SW,90051,2025-11-05,Other
30017,SE,90052,2025-06-27,Feature Request
30017,SE,90053,2025-03-27,Login
30018,SW,90054,2025-02-11,Billing
30018,SW,90055,2025-11-23,Other
30018,SW,90056,2025-06-12,Feature Request
30019,W,90057,2025-12-30,Billing
30020,NE,90058,2025-09-20,Login
30020,NE,90059,2025-09-22,Bug
30020,SW,90060,2025-03-26,Feature Request
30020,SW,90061,2025-11-12,Bug
30020,SW,90062,2025-12-08,Login
30021,MW,90063,2025-05-10,Login
30022,W,90064,2025-03-24,Feature Request
30023,SW,90065,2025-08-18,Feature Request
30024,SW,90066,2025-05-06,Billing
30024,SW,90067,2025-12-20,Bug
30024,SW,90068,2025-03-29,Billing
30025,SW,90069,2025-03-04,Login
30025,MW,90070,2025-07-08,Bug
30026,NE,90071,2025-03-30,Feature Request
30026,NE,90072,2025-11-28,Billing
30027,SE,90073,2025-06-25,Feature Request
30027,SE,90074,2025-09-21,Other
30027,MW,90075,2025-02-11,Bug
30028,SE,90076,2025-04-29,Login
30028,SE,90077,2025-04-18,Bug
30028,MW,90078,2025-06-25,Other
30029,SW,90079,2025-07-08,Feature Request
30030,NE,90080,2025-03-15,Billing
30030,NE,90081,2025-05-20,Bug
30030,W,90082,2025-11-24,Login
30030,W,90083,2025-02-15,Billing
30030,W,90084,2025-01-09,Other
30030,W,90085,2025-04-18,Other
30031,SW,90086,2025-04-08,Bug
30032,SE,90087,2025-03-12,Billing
30032,SE,90088,2025-03-31,Bug
30032,SE,90089,2025-04-17,Feature Request
30033,SE,90090,2025-04-06,Bug
30033,SE,90091,2025-02-01,Bug
30033,SW,90092,2025-10-07,Login
30033,MW,90093,2025-04-30,Billing
30033,MW,90094,2025-05-20,Login
30034,W,90095,2025-12-09,Billing
30034,NE,90096,2025-07-27,Feature Request
30034,NE,90097,2025-02-02,Other
30034,NE,90098,2025-11-07,Other
30034,NE,90099,2025-03-25,Login
30034,NE,90100,2025-06-17,Billing
30034,MW,90101,2025-03-13,Billing
30034,MW,90102,2025-12-07,Login
30034,MW,90103,2025-04-06,Other
30035,SE,90104,2025-06-23,Billing
30035,SW,90105,2025-11-12,Bug
30036,SE,90106,2025-09-10,Login
30037,MW,90107,2025-07-31,Feature Request
30038,NE,90108,2025-09-08,Bug
30038,W,90109,2025-08-18,Bug
30039,MW,90110,2025-05-23,Other
30039,MW,90111,2025-11-08,Billing
30040,SW,90112,2025-06-23,Other
30041,SW,90113,2025-07-22,Login
30041,SW,90114,2025-10-18,Feature Request
30041,SW,90115,2025-09-16,Billing
30042,MW,90116,2025-07-25,Feature Request
30042,MW,90117,2025-12-15,Other
30042,MW,90118,2025-10-30,Bug
30043,SE,90119,2025-03-25,Billing
30043,SE,90120,2025-02-19,Login
30043,NE,90121,2025-11-25,Bug
30043,NE,90122,2025-09-15,Feature Request
30043,NE,90123,2025-09-29,Login
30043,SW,90124,2025-09-22,Login
30044,W,90125,2025-02-09,Feature Request
30045,SE,90126,2025-07-29,Feature Request
30045,SE,90127,2025-06-13,Bug
30045,SW,90128,2025-01-15,Login
30045,SW,90129,2025-07-29,Bug
30046,SE,90130,2025-05-11,Other
30046,SE,90131,2025-01-17,Billing
30047,SE,90132,2025-11-10,Login
30047,SE,90133,2025-11-30,Billing
30047,SE,90134,2025-07-03,Feature Request
30047,NE,90135,2025-01-12,Login
30047,NE,90136,2025-06-11,Other
30047,NE,90137,2025-09-29,Other
30047,NE,90138,2025-01-05,Feature Request
30048,MW,90139,2025-01-30,Other
30048,MW,90140,2025-06-27,Billing
30048,SE,90141,2025-09-18,Bug
30048,SE,90142,2025-05-21,Bug
30048,SE,90143,2025-11-01,Login
30049,W,90144,2025-02-19,Feature Request
30050,MW,90145,2025-02-15,Billing
30050,SE,90146,2025-03-23,Feature Request
30050,SE,90147,2025-10-17,Feature Request
30050,NE,90148,2025-11-26,Login
30051,SW,90149,2025-12-20,Bug
30051,SE,90150,2025-12-17,Billing
30052,NE,90151,2025-09-06,Feature Request
30052,NE,90152,2025-06-18,Bug
30052,W,90153,2025-03-01,Login
30052,SE,90154,2025-12-03,Login
30052,SE,90155,2025-07-09,Feature Request
30053,SW,90156,2025-10-08,Login
30053,MW,90157,2025-10-02,Login
30054,MW,90158,2025-01-15,Login
30054,W,90159,2025-07-27,Feature Request
30055,NE,90160,2025-12-31,Bug
30055,NE,90161,2025-06-09,Other
30055,NE,90162,2025-10-09,Feature Request
30055,SE,90163,2025-07-28,Other
30055,SW,90164,2025-04-07,Bug
30056,W,90165,2025-03-12,Billing
30056,W,90166,2025-12-17,Billing
30057,MW,90167,2025-05-07,Other
30057,MW,90168,2025-10-25,Other
30058,MW,90169,2025-09-24,Billing
30059,MW,90170,2025-05-29,Billing
30060,SW,90171,2025-06-17,Bug
30060,SW,90172,2025-05-28,Login
30060,SW,90173,2025-02-26,Billing
30060,SW,90174,2025-01-05,Bug
30060,SW,90175,2025-11-20,Feature Request
30061,MW,90176,2025-10-31,Feature Request
30061,MW,90177,2025-01-03,Login
30062,W,90178,2025-04-10,Bug
30062,SW,90179,2025-10-07,Feature Request
30062,SW,90180,2025-01-01,Feature Request
30063,MW,90181,2025-07-21,Feature Request
30064,SW,90182,2025-05-26,Billing
30065,NE,90183,2025-07-21,Billing
30065,NE,90184,2025-06-01,Login
30065,W,90185,2025-08-10,Billing
30065,W,90186,2025-04-09,Billing
30065,W,90187,2025-08-01,Other
30066,W,90188,2025-10-28,Feature Request
30067,SW,90189,2025-04-22,Bug
30067,SW,90190,2025-04-22,Other
30067,SW,90191,2025-09-30,Login
30067,NE,90192,2025-02-13,Other
30068,W,90193,2025-03-14,Other
30069,W,90194,2025-08-19,Login
30069,NE,90195,2025-03-09,Other
30069,SE,90196,2025-05-30,Feature Request
30069,SE,90197,2025-04-12,Billing
30069,SE,90198,2025-01-25,Login
30069,SE,90199,2025-03-02,Billing
30070,SW,90200,2025-08-30,Billing
30070,SW,90201,2025-11-28,Login
30070,MW,90202,2025-02-26,Login
30071,NE,90203,2025-08-03,Feature Request
30071,NE,90204,2025-01-11,Other
30071,NE,90205,2025-06-12,Bug
30071,NE,90206,2025-08-05,Bug
30072,W,90207,2025-08-29,Login
30072,W,90208,2025-02-14,Billing
30072,W,90209,2025-03-22,Bug
30073,MW,90210,2025-04-12,Bug
30073,MW,90211,2025-02-11,Feature Request
30073,MW,90212,2025-10-31,Billing
30073,SE,90213,2025-03-18,Billing
30073,SE,90214,2025-07-21,Other
30073,SE,90215,2025-08-09,Bug
30073,SE,90216,2025-04-22,Login
30074,SW,90217,2025-04-18,Feature Request
30074,W,90218,2025-04-04,Feature Request
30074,W,90219,2025-02-27,Other
30074,W,90220,2025-01-16,Other
30075,NE,90221,2025-11-22,Other
30075,NE,90222,2025-06-14,Other
30075,SW,90223,2025-08-03,Billing
30075,SW,90224,2025-05-18,Feature Request
30075,SW,90225,2025-10-29,Billing
30076,SE,90226,2025-01-19,Other
30076,SE,90227,2025-10-28,Other
30076,SE,90228,2025-06-11,Billing
30076,SW,90229,2025-02-13,Login
30077,SW,90230,2025-03-24,Feature Request
30077,SW,90231,2025-05-04,Bug
30077,SW,90232,2025-10-31,Bug
30078,NE,90233,2025-12-07,Login
30079,SW,90234,2025-05-08,Billing
30080,W,90235,2025-10-16,Login
30080,SE,90236,2025-12-18,Billing
30080,SE,90237,2025-10-08,Feature Request
30080,SE,90238,2025-12-30,Billing
30080,SE,90239,2025-09-23,Bug
30081,SW,90240,2025-12-21,Login
30081,W,90241,2025-11-17,Billing
30081,W,90242,2025-07-26,Login
30082,MW,90243,2025-06-30,Feature Request
30083,MW,90244,2025-09-30,Login
30083,MW,90245,2025-07-22,Other
30083,MW,90246,2025-06-02,Billing
30083,MW,90247,2025-08-29,Other
30084,W,90248,2025-11-17,Feature Request
30085,NE,90249,2025-03-21,Feature Request
30085,NE,90250,2025-05-29,Bug
30085,NE,90251,2025-11-22,Bug
30086,NE,90252,2025-01-29,Bug
30086,NE,90253,2025-07-05,Login
30086,NE,90254,2025-03-16,Other
30086,SW,90255,2025-03-10,Billing
30087,NE,90256,2025-07-29,Feature Request
30087,SW,90257,2025-11-04,Feature Request
30087,SW,90258,2025-04-13,Login
30088,SW,90259,2025-09-10,Feature Request
30088,SW,90260,2025-12-02,Login
30088,SW,90261,2025-07-21,Other
30088,SW,90262,2025-07-31,Billing
30088,W,90263,2025-08-19,Bug
30088,W,90264,2025-06-26,Other
30088,W,90265,2025-08-20,Feature Request
30089,NE,90266,2025-07-05,Login
30090,W,90267,2025-09-23,Other
30090,W,90268,2025-01-31,Bug
30090,W,90269,2025-09-16,Other
30091,SE,90270,2025-01-01,Other
30091,NE,90271,2025-07-26,Login
30091,NE,90272,2025-07-14,Billing
30092,MW,90273,2025-04-26,Feature Request
30092,MW,90274,2025-02-05,Bug
30092,MW,90275,2025-05-13,Login
30092,NE,90276,2025-01-11,Billing
30093,W,90277,2025-11-18,Feature Request
30093,W,90278,2025-08-28,Login
30093,W,90279,2025-03-01,Billing
30093,SE,90280,2025-02-19,Other
30093,SE,90281,2025-11-15,Other
30094,NE,90282,2025-04-02,Login
30094,NE,90283,2025-03-16,Other
30094,NE,90284,2025-02-22,Login
30094,SE,90285,2025-03-08,Billing
30095,SE,90286,2025-12-27,Other
30096,NE,90287,2025-05-04,Feature Request
30096,NE,90288,2025-07-31,Feature Request
30096,NE,90289,2025-05-14,Login
30096,MW,90290,2025-06-27,Bug
30097,NE,90291,2025-12-03,Login
30098,SW,90292,2025-11-23,Feature Request
30098,SW,90293,2025-08-24,Feature Request
30098,SW,90294,2025-03-01,Other
30098,SW,90295,2025-06-30,Login
30098,SW,90296,2025-11-11,Login
30099,SW,90297,2025-08-11,Other
30100,SW,90298,2025-12-02,Feature Request
30100,SW,90299,2025-08-25,Other
30100,SW,90300,2025-12-05,Feature Request
30100,SW,90301,2025-09-23,Feature Request
30100,SW,90302,2025-09-05,Bug
30101,MW,90303,2025-12-26,Feature Request
30101,W,90304,2025-04-13,Bug
30102,SE,90305,2025-08-01,Other
30102,SE,90306,2025-03-02,Bug
30102,SE,90307,2025-12-28,Feature Request
30103,SW,90308,2025-11-07,Login
30103,SW,90309,2025-11-02,Other
30103,NE,90310,2025-01-13,Login
30103,NE,90311,2025-08-12,Bug
30104,MW,90312,2025-05-09,Login
30104,MW,90313,2025-05-02,Bug
30104,NE,90314,2025-03-24,Other
30104,NE,90315,2025-07-01,Feature Request
30104,NE,90316,2025-04-14,Bug
30104,W,90317,2025-04-03,Other
30105,SW,90318,2025-10-19,Bug
30106,W,90319,2025-01-25,Bug
30107,W,90320,2025-04-19,Other
30107,W,90321,2025-09-08,Billing
30107,MW,90322,2025-07-22,Billing
30108,NE,90323,2025-06-24,Bug
30109,NE,90324,2025-06-19,Billing
30109,NE,90325,2025-05-14,Billing
30110,NE,90326,2025-12-28,Login
30111,SE,90327,2025-10-23,Billing
30112,SW,90328,2025-03-19,Billing
30112,SW,90329,2025-10-16,Billing
30112,NE,90330,2025-03-03,Feature Request
30112,W,90331,2025-05-06,Login
30112,W,90332,2025-03-29,Other
30112,W,90333,2025-06-28,Other
30113,NE,90334,2025-03-01,Feature Request
30113,NE,90335,2025-09-06,Login
30113,MW,90336,2025-09-26,Feature Request
30114,MW,90337,2025-04-22,Feature Request
30114,MW,90338,2025-08-03,Bug
30114,SW,90339,2025-04-23,Login
30115,MW,90340,2025-11-03,Feature Request
30115,MW,90341,2025-12-03,Billing
30115,MW,90342,2025-10-31,Bug
30115,SW,90343,2025-05-04,Other
30115,SW,90344,2025-01-26,Bug
30115,SW,90345,2025-12-02,Login
30115,SW,90346,2025-05-30,Login
30115,SW,90347,2025-07-24,Feature Request
30116,W,90348,2025-10-12,Billing
30116,W,90349,2025-09-15,Bug
30116,MW,90350,2025-07-03,Bug
30116,MW,90351,2025-06-09,Feature Request
30117,SE,90352,2025-03-29,Login
30118,SW,90353,2025-07-03,Login
30118,MW,90354,2025-09-01,Billing
30118,MW,90355,2025-03-27,Billing
30118,MW,90356,2025-06-13,Login
30119,MW,90357,2025-08-26,Feature Request
30119,SW,90358,2025-11-02,Billing
30120,W,90359,2025-08-25,Feature Request
30120,SE,90360,2025-12-05,Bug
30120,SE,90361,2025-06-29,Billing
30121,SE,90362,2025-10-12,Other
30121,MW,90363,2025-03-26,Bug
30121,MW,90364,2025-01-05,Feature Request
30121,MW,90365,2025-09-10,Login
30121,MW,90366,2025-05-10,Login
30122,MW,90367,2025-05-18,Feature Request
30123,NE,90368,2025-11-22,Bug
30124,SE,90369,2025-06-12,Billing
30124,SE,90370,2025-09-10,Login
30125,SW,90371,2025-01-20,Other
30126,SW,90372,2025-06-12,Other
30126,SW,90373,2025-08-20,Login
30126,MW,90374,2025-04-17,Billing
30127,SW,90375,2025-12-02,Feature Request
30127,W,90376,2025-07-17,Feature Request
30128,SE,90377,2025-05-31,Login
30128,SE,90378,2025-08-08,Bug
30128,SE,90379,2025-06-05,Billing
30128,SE,90380,2025-06-10,Billing
30129,W,90381,2025-06-06,Billing
30129,W,90382,2025-02-11,Feature Request
30129,SE,90383,2025-10-30,Billing
30129,SE,90384,2025-02-20,Feature Request
30129,SE,90385,2025-09-09,Other
30130,SW,90386,2025-12-16,Bug
30131,SE,90387,2025-06-11,Other
30131,SE,90388,2025-05-03,Other
30132,MW,90389,2025-07-01,Login
30132,MW,90390,2025-10-04,Login
30133,MW,90391,2025-11-21,Other
30133,MW,90392,2025-03-27,Other
30133,MW,90393,2025-06-29,Other
30133,MW,90394,2025-01-06,Feature Request
30134,SW,90395,2025-11-28,Login
30134,SW,90396,2025-06-27,Feature Request
30134,W,90397,2025-04-26,Bug
30134,W,90398,2025-12-10,Login
30134,NE,90399,2025-02-04,Login
30135,SE,90400,2025-10-08,Login
30135,SE,90401,2025-12-21,Bug
30136,MW,90402,2025-10-14,Login
30136,MW,90403,2025-02-19,Login
30136,NE,90404,2025-05-18,Billing
30136,NE,90405,2025-06-03,Billing
30136,NE,90406,2025-01-19,Bug
30136,NE,90407,2025-05-09,Login
30137,MW,90408,2025-10-07,Feature Request
30137,SW,90409,2025-08-10,Other
30138,SW,90410,2025-05-25,Other
30139,NE,90411,2025-04-16,Other
30139,SW,90412,2025-01-11,Feature Request
30139,MW,90413,2025-08-19,Bug
30139,MW,90414,2025-12-25,Login
30139,MW,90415,2025-01-13,Bug
30140,SE,90416,2025-09-14,Billing
30140,SE,90417,2025-07-29,Feature Request
30140,MW,90418,2025-12-31,Login
30140,MW,90419,2025-07-13,Feature Request
30140,MW,90420,2025-09-17,Login
30140,SW,90421,2025-04-23,Other
30140,SW,90422,2025-10-06,Feature Request
30140,SW,90423,2025-04-27,Billing
30141,SW,90424,2025-03-28,Billing
30142,SW,90425,2025-09-20,Feature Request
30142,SW,90426,2025-10-27,Login
30143,SE,90427,2025-04-23,Feature Request
30144,SE,90428,2025-01-04,Login
30144,SE,90429,2025-08-21,Billing
30144,SE,90430,2025-09-12,Feature Request
30144,SE,90431,2025-06-04,Bug
30145,SE,90432,2025-04-25,Login
30146,NE,90433,2025-04-13,Bug
30146,MW,90434,2025-03-21,Login
30147,W,90435,2025-02-02,Bug
30147,W,90436,2025-09-06,Billing
30147,NE,90437,2025-10-07,Billing
30148,MW,90438,2025-06-01,Bug
30149,MW,90439,2025-02-08,Other
30149,MW,90440,2025-01-25,Feature Request
30149,MW,90441,2025-08-11,Bug
30150,MW,90442,2025-08-18,Login
30150,MW,90443,2025-10-15,Bug
30150,MW,90444,2025-04-18,Login
30150,SE,90445,2025-12-29,Login
30150,SW,90446,2025-01-16,Bug
30150,SW,90447,2025-01-11,Bug
30151,MW,90448,2025-07-21,Billing
30151,MW,90449,2025-04-26,Other
30151,MW,90450,2025-10-08,Other
30152,SE,90451,2025-08-20,Other
30153,NE,90452,2025-04-21,Billing
30153,NE,90453,2025-01-12,Other
30153,NE,90454,2025-05-07,Other
30154,MW,90455,2025-05-01,Feature Request
30154,SE,90456,2025-02-02,Billing
30154,SE,90457,2025-03-18,Other
30154,NE,90458,2025-10-24,Billing
30154,NE,90459,2025-03-04,Bug
30155,NE,90460,2025-06-23,Bug
30155,NE,90461,2025-04-03,Other
30156,SW,90462,2025-04-04,Login
30156,SW,90463,2025-08-17,Billing
30156,SW,90464,2025-07-28,Feature Request
30156,W,90465,2025-07-01,Bug
30157,W,90466,2025-10-08,Bug
30157,SE,90467,2025-06-04,Bug
30157,SE,90468,2025-07-05,Other
30158,SW,90469,2025-05-19,Bug
30158,SW,90470,2025-12-14,Other
30158,SW,90471,2025-12-12,Bug
30159,SE,90472,2025-05-22,Feature Request
30159,W,90473,2025-06-13,Feature Request
30159,W,90474,2025-08-20,Login
30159,W,90475,2025-12-29,Feature Request
30160,SE,90476,2025-01-22,Feature Request
30161,SE,90477,2025-08-09,Billing
30161,W,90478,2025-03-06,Billing
30161,W,90479,2025-06-07,Feature Request
30161,W,90480,2025-01-19,Other
30162,SE,90481,2025-07-09,Billing
30162,W,90482,2025-12-26,Bug
30162,W,90483,2025-03-20,Feature Request
30163,MW,90484,2025-06-21,Feature Request
30163,W,90485,2025-05-29,Billing
30164,SE,90486,2025-01-30,Feature Request
30164,SE,90487,2025-08-20,Other
30165,SE,90488,2025-04-03,Other
30165,SE,90489,2025-09-04,Billing
30165,NE,90490,2025-11-27,Feature Request
30166,MW,90491,2025-06-12,Billing
30167,NE,90492,2025-02-09,Feature Request
30168,W,90493,2025-03-26,Other
30168,W,90494,2025-10-31,Bug
30169,MW,90495,2025-07-12,Other
30169,MW,90496,2025-10-05,Feature Request
30169,MW,90497,2025-07-31,Bug
30169,MW,90498,2025-09-27,Login
30169,SW,90499,2025-01-19,Billing
30169,SW,90500,2025-01-04,Login
30169,SW,90501,2025-10-26,Other
30170,SW,90502,2025-01-27,Other
30170,W,90503,2025-12-03,Login
30171,W,90504,2025-04-05,Login
30171,W,90505,2025-05-14,Feature Request
30171,W,90506,2025-12-17,Bug
30171,W,90507,2025-12-19,Feature Request
30172,W,90508,2025-01-13,Other
30172,W,90509,2025-11-16,Other
30172,SW,90510,2025-07-27,Other
30172,SW,90511,2025-09-05,Feature Request
30173,MW,90512,2025-05-21,Feature Request
30173,MW,90513,2025-07-20,Login
30173,MW,90514,2025-11-05,Other
30174,NE,90515,2025-12-11,Bug
30174,W,90516,2025-01-29,Bug
30174,W,90517,2025-11-03,Billing
30175,SW,90518,2025-02-05,Other
30175,SW,90519,2025-11-12,Billing
30175,SW,90520,2025-10-03,Other
30175,SW,90521,2025-05-26,Feature Request
30176,NE,90522,2025-06-17,Login
30176,NE,90523,2025-10-02,Billing
30176,W,90524,2025-10-12,Bug
30177,MW,90525,2025-11-15,Billing
30178,SW,90526,2025-07-30,Billing
30178,SE,90527,2025-07-13,Feature Request
30178,SE,90528,2025-10-10,Bug
30178,SE,90529,2025-09-19,Login
30178,MW,90530,2025-12-16,Other
30179,MW,90531,2025-06-18,Feature Request
30180,MW,90532,2025-10-01,Feature Request
30180,MW,90533,2025-06-13,Login
30180,MW,90534,2025-01-07,Billing
30180,MW,90535,2025-09-10,Feature Request
30181,W,90536,2025-05-13,Billing
30182,NE,90537,2025-04-16,Login
30182,SW,90538,2025-03-20,Bug
30182,SE,90539,2025-04-20,Login
30183,SE,90540,2025-03-04,Other
30183,MW,90541,2025-11-24,Login
30183,MW,90542,2025-06-27,Feature Request
30183,MW,90543,2025-08-20,Bug
30183,MW,90544,2025-07-13,Feature Request
30184,MW,90545,2025-10-20,Other
30184,MW,90546,2025-07-20,Other
30184,MW,90547,2025-01-29,Login
30185,NE,90548,2025-02-25,Feature Request
30185,NE,90549,2025-03-07,Bug
30185,MW,90550,2025-06-07,Other
30186,NE,90551,2025-03-10,Other
30186,NE,90552,2025-05-25,Login
30186,SE,90553,2025-06-26,Bug
30187,SW,90554,2025-01-13,Feature Request
30187,W,90555,2025-06-15,Other
30187,W,90556,2025-02-14,Other
30187,W,90557,2025-07-25,Billing
30187,W,90558,2025-03-09,Login
30188,SW,90559,2025-06-16,Feature Request
30188,MW,90560,2025-03-18,Feature Request
30189,SW,90561,2025-08-25,Feature Request
30189,SW,90562,2025-10-18,Feature Request
30190,SW,90563,2025-10-23,Login
30190,SW,90564,2025-02-05,Feature Request
30191,SW,90565,2025-03-11,Billing
30191,SE,90566,2025-11-25,Bug
30192,SE,90567,2025-10-21,Login
30192,W,90568,2025-10-01,Feature Request
30192,W,90569,2025-11-06,Bug
30192,SW,90570,2025-01-01,Bug
30193,SW,90571,2025-10-04,Login
30193,NE,90572,2025-04-03,Bug
30193,NE,90573,2025-02-08,Other
30194,NE,90574,2025-11-12,Billing
30194,NE,90575,2025-12-19,Bug
30194,NE,90576,2025-01-29,Login
30195,SE,90577,2025-02-20,Feature Request
30196,MW,90578,2025-05-27,Billing
30196,SW,90579,2025-02-05,Feature Request
30196,SW,90580,2025-04-11,Bug
30197,SW,90581,2025-12-11,Login
30197,SW,90582,2025-10-18,Other
30197,SE,90583,2025-04-15,Other
30198,NE,90584,2025-03-17,Bug
30198,W,90585,2025-03-25,Login
30199,W,90586,2025-03-17,Login
30199,SW,90587,2025-09-12,Billing
30199,SW,90588,2025-12-22,Billing
30200,SW,90589,2025-07-29,Login
30200,NE,90590,2025-03-18,Login
30200,NE,90591,2025-11-06,Feature Request
30200,NE,90592,2025-12-07,Bug
30201,SW,90593,2025-08-29,Bug
30201,SW,90594,2025-01-28,Login
30202,NE,90595,2025-12-30,Other
30202,NE,90596,2025-01-21,Bug
30203,MW,90597,2025-01-27,Other
30203,W,90598,2025-11-02,Other
30203,W,90599,2025-02-26,Feature Request
30204,MW,90600,2025-06-14,Other
30204,W,90601,2025-03-05,Feature Request
30204,W,90602,2025-06-07,Feature Request
30204,W,90603,2025-05-31,Login
30205,SE,90604,2025-09-17,Bug
30205,SE,90605,2025-09-13,Other
30205,SE,90606,2025-12-18,Feature Request
30205,SE,90607,2025-11-17,Feature Request
30205,SE,90608,2025-06-11,Feature Request
30206,SW,90609,2025-12-15,Login
30207,NE,90610,2025-01-31,Other
30207,MW,90611,2025-01-02,Login
30208,W,90612,2025-02-19,Billing
30208,W,90613,2025-06-28,Feature Request
30209,SW,90614,2025-10-26,Bug
30209,SW,90615,2025-01-30,Bug
30210,NE,90616,2025-01-09,Feature Request
30210,NE,90617,2025-11-20,Login
30210,NE,90618,2025-10-06,Billing
30210,MW,90619,2025-10-05,Other
30210,MW,90620,2025-06-03,Feature Request
30210,MW,90621,2025-06-09,Login
30211,MW,90622,2025-08-23,Other
30211,SE,90623,2025-12-12,Other
30211,SE,90624,2025-02-02,Login
30212,W,90625,2025-04-05,Other
30212,W,90626,2025-03-10,Other
30212,SE,90627,2025-06-09,Feature Request
30212,SE,90628,2025-10-17,Billing
30213,NE,90629,2025-03-07,Other
30213,NE,90630,2025-12-01,Other
30214,MW,90631,2025-03-11,Other
30214,MW,90632,2025-09-03,Bug
30214,NE,90633,2025-08-23,Bug
30214,NE,90634,2025-09-29,Bug
30215,NE,90635,2025-11-25,Bug
30215,NE,90636,2025-12-05,Bug
30216,MW,90637,2025-04-20,Billing
30216,MW,90638,2025-10-22,Billing
30217,SE,90639,2025-07-21,Feature Request
30217,SE,90640,2025-09-14,Other
30217,NE,90641,2025-03-07,Login
30217,NE,90642,2025-03-08,Feature Request
30218,W,90643,2025-03-18,Bug
30218,W,90644,2025-02-14,Bug
30218,SW,90645,2025-03-09,Login
30218,SW,90646,2025-09-18,Other
30219,SW,90647,2025-11-09,Other
30219,MW,90648,2025-10-13,Billing
30220,NE,90649,2025-01-07,Login
30220,SE,90650,2025-07-18,Bug
30220,SE,90651,2025-05-27,Login
30221,MW,90652,2025-05-30,Feature Request
30221,MW,90653,2025-08-31,Bug
30221,NE,90654,2025-01-06,Billing
30221,NE,90655,2025-04-19,Login
30221,NE,90656,2025-03-07,Billing
30221,NE,90657,2025-07-21,Billing
30221,NE,90658,2025-08-02,Feature Request
30222,SW,90659,2025-09-04,Billing
30223,W,90660,2025-11-23,Billing
30224,SE,90661,2025-01-17,Bug
30225,W,90662,2025-11-05,Billing
30226,SW,90663,2025-05-04,Feature Request
30226,SW,90664,2025-08-13,Feature Request
30226,SW,90665,2025-11-14,Login
30226,W,90666,2025-11-28,Bug
30226,MW,90667,2025-12-12,Other
30226,MW,90668,2025-12-24,Bug
30227,SE,90669,2025-12-23,Feature Request
30227,SE,90670,2025-12-31,Other
30228,W,90671,2025-10-12,Login
30228,W,90672,2025-02-28,Feature Request
30228,MW,90673,2025-08-14,Feature Request
30228,MW,90674,2025-03-25,Login
30228,MW,90675,2025-11-09,Other
30229,W,90676,2025-11-16,Feature Request
30229,MW,90677,2025-12-21,Login
30230,SE,90678,2025-10-21,Login
30230,SE,90679,2025-01-27,Login
30230,SE,90680,2025-03-04,Bug
30230,SW,90681,2025-03-05,Billing
30230,SW,90682,2025-04-25,Billing
30230,SW,90683,2025-02-14,Login
30231,SW,90684,2025-09-22,Bug
30231,MW,90685,2025-04-15,Other
30232,SE,90686,2025-11-30,Other
30232,SW,90687,2025-06-20,Feature Request
30233,NE,90688,2025-12-21,Login
30233,NE,90689,2025-10-10,Billing
30233,NE,90690,2025-03-24,Other
30233,NE,90691,2025-06-22,Billing
30233,NE,90692,2025-03-11,Bug
30234,W,90693,2025-01-06,Feature Request
30234,W,90694,2025-07-14,Other
30235,SE,90695,2025-03-04,Other
30235,MW,90696,2025-09-06,Other
30235,MW,90697,2025-09-10,Other
30235,MW,90698,2025-01-31,Feature Request
30236,MW,90699,2025-01-17,Login
30236,MW,90700,2025-12-31,Login
30237,MW,90701,2025-06-14,Bug
30238,SW,90702,2025-10-08,Billing
30238,SW,90703,2025-03-19,Login
30238,SW,90704,2025-11-23,Login
30238,SW,90705,2025-04-10,Billing
30238,W,90706,2025-10-30,Feature Request
30238,W,90707,2025-08-27,Feature Request
30238,W,90708,2025-12-12,Billing
30239,MW,90709,2025-05-19,Other
30239,MW,90710,2025-05-15,Feature Request
30239,MW,90711,2025-09-01,Login
30240,SE,90712,2025-07-01,Bug
30240,SE,90713,2025-12-28,Billing
30240,MW,90714,2025-02-22,Billing
30240,MW,90715,2025-12-22,Other
30240,MW,90716,2025-06-28,Other
30240,NE,90717,2025-02-28,Billing
30241,MW,90718,2025-09-14,Other
30241,MW,90719,2025-05-29,Feature Request
30241,SE,90720,2025-01-16,Feature Request
30241,SE,90721,2025-05-09,Feature Request
30241,SE,90722,2025-09-01,Billing
30241,SE,90723,2025-12-20,Feature Request
30241,SE,90724,2025-01-03,Login
30241,NE,90725,2025-02-13,Bug
30242,NE,90726,2025-01-24,Feature Request
30242,NE,90727,2025-04-09,Other
30242,NE,90728,2025-06-20,Feature Request
30242,MW,90729,2025-05-03,Feature Request
30242,MW,90730,2025-05-10,Feature Request
30242,SW,90731,2025-12-13,Feature Request
30243,SE,90732,2025-08-05,Feature Request
30243,SE,90733,2025-04-06,Login
30243,SE,90734,2025-02-02,Other
30244,NE,90735,2025-04-28,Feature Request
30245,MW,90736,2025-08-18,Login
30245,MW,90737,2025-09-30,Billing
30245,W,90738,2025-12-31,Feature Request
30245,SW,90739,2025-05-08,Bug
30245,SW,90740,2025-10-12,Other
30245,SW,90741,2025-08-06,Feature Request
30245,SW,90742,2025-08-08,Login
30246,MW,90743,2025-11-25,Other
30247,NE,90744,2025-08-30,Feature Request
30247,W,90745,2025-04-08,Bug
30247,SE,90746,2025-06-30,Billing
30247,SE,90747,2025-04-13,Login
30247,SE,90748,2025-10-12,Login
30247,SE,90749,2025-11-11,Login
30248,W,90750,2025-04-08,Feature Request
30248,W,90751,2025-06-25,Login
30248,SE,90752,2025-03-16,Bug
30248,SE,90753,2025-01-23,Other
30248,SW,90754,2025-02-14,Other
30248,SW,90755,2025-04-02,Other
30249,W,90756,2025-02-03,Feature Request
30249,W,90757,2025-07-15,Other
30249,SW,90758,2025-09-04,Other
30250,NE,90759,2025-06-05,Bug
30250,NE,90760,2025-01-23,Bug
30251,NE,90761,2025-02-19,Billing
30252,MW,90762,2025-07-05,Feature Request
30252,MW,90763,2025-01-20,Feature Request
30252,MW,90764,2025-04-26,Feature Request
30252,MW,90765,2025-12-15,Bug
30252,MW,90766,2025-02-22,Bug
30252,SW,90767,2025-12-07,Billing
30252,SW,90768,2025-09-22,Feature Request
30252,SW,90769,2025-06-18,Login
30253,W,90770,2025-10-17,Login
30254,W,90771,2025-05-17,Billing
30255,W,90772,2025-09-13,Bug
30255,W,90773,2025-05-21,Login
30255,W,90774,2025-07-27,Feature Request
30255,SE,90775,2025-09-20,Login
30256,SE,90776,2025-02-07,Bug
30256,MW,90777,2025-08-12,Bug
30256,W,90778,2025-02-21,Login
30256,W,90779,2025-12-22,Bug
30257,MW,90780,2025-01-07,Bug
30257,MW,90781,2025-02-14,Bug
30257,MW,90782,2025-10-04,Feature Request
30257,SW,90783,2025-09-16,Billing
30258,SW,90784,2025-10-12,Billing
30258,W,90785,2025-02-06,Other
30258,W,90786,2025-02-14,Feature Request
30259,SE,90787,2025-02-22,Other
30259,SE,90788,2025-10-15,Billing
30260,MW,90789,2025-09-26,Feature Request
30260,NE,90790,2025-10-06,Billing
30261,SW,90791,2025-03-10,Billing
30261,SW,90792,2025-09-27,Feature Request
30261,SW,90793,2025-12-20,Feature Request
30261,SW,90794,2025-12-17,Bug
30261,W,90795,2025-04-10,Other
30261,W,90796,2025-04-13,Feature Request
30261,W,90797,2025-04-29,Login
30261,W,90798,2025-11-01,Feature Request
30261,SE,90799,2025-03-19,Other
30261,SE,90800,2025-01-13,Feature Request
30261,SE,90801,2025-10-28,Other
30261,SE,90802,2025-01-17,Billing
30261,SE,90803,2025-02-12,Feature Request
30262,W,90804,2025-07-31,Bug
30262,W,90805,2025-08-02,Other
30262,W,90806,2025-10-11,Other
30263,MW,90807,2025-04-04,Login
30263,SW,90808,2025-08-13,Feature Request
30264,NE,90809,2025-04-01,Feature Request
30264,MW,90810,2025-10-16,Login
30265,W,90811,2025-01-19,Other
30265,W,90812,2025-04-16,Login
30265,W,90813,2025-09-05,Bug
30265,W,90814,2025-05-22,Login
30265,MW,90815,2025-10-25,Login
30265,MW,90816,2025-12-17,Bug
30265,MW,90817,2025-11-28,Bug
30266,SW,90818,2025-07-27,Bug
30266,SW,90819,2025-09-05,Billing
30266,SE,90820,2025-11-07,Login
30267,NE,90821,2025-12-20,Feature Request
30267,NE,90822,2025-11-01,Billing
30267,NE,90823,2025-07-07,Login
30267,NE,90824,2025-06-30,Other
30267,SE,90825,2025-02-08,Bug
30267,SE,90826,2025-01-10,Bug
30267,SE,90827,2025-10-29,Bug
30268,W,90828,2025-07-12,Login
30269,SW,90829,2025-01-19,Feature Request
30269,SW,90830,2025-11-14,Billing
30269,SW,90831,2025-02-26,Bug
30270,MW,90832,2025-03-29,Feature Request
30270,NE,90833,2025-05-21,Bug
30271,MW,90834,2025-02-21,Other
30271,MW,90835,2025-07-31,Login
30271,NE,90836,2025-10-31,Bug
30271,NE,90837,2025-02-08,Other
30272,NE,90838,2025-04-06,Other
30272,SW,90839,2025-04-14,Billing
30273,W,90840,2025-08-19,Bug
30273,W,90841,2025-07-28,Other
30273,W,90842,2025-06-23,Feature Request
30273,W,90843,2025-05-06,Other
30273,W,90844,2025-02-16,Feature Request
30273,NE,90845,2025-06-30,Login
30273,NE,90846,2025-02-10,Bug
30273,MW,90847,2025-05-01,Other
30273,MW,90848,2025-04-05,Other
30274,W,90849,2025-12-27,Billing
30274,MW,90850,2025-10-20,Bug
30275,SW,90851,2025-06-11,Login
30275,W,90852,2025-11-07,Feature Request
30276,MW,90853,2025-02-05,Bug
30276,W,90854,2025-09-05,Feature Request
30277,W,90855,2025-01-19,Feature Request
30277,W,90856,2025-04-02,Bug
30277,MW,90857,2025-10-31,Other
30278,NE,90858,2025-08-08,Bug
30278,NE,90859,2025-08-24,Other
30278,NE,90860,2025-07-18,Bug
30278,SW,90861,2025-10-14,Feature Request
30279,SW,90862,2025-09-21,Login
30279,SW,90863,2025-07-08,Feature Request
30279,W,90864,2025-10-18,Feature Request
30280,SE,90865,2025-07-08,Other
30280,SE,90866,2025-07-13,Feature Request
30280,SW,90867,2025-08-27,Other
30281,MW,90868,2025-02-18,Login
30281,MW,90869,2025-04-25,Bug
30281,MW,90870,2025-04-08,Other
30281,MW,90871,2025-10-12,Other
30281,MW,90872,2025-04-27,Feature Request
30282,SE,90873,2025-12-13,Billing
30282,SE,90874,2025-12-08,Billing
30282,SE,90875,2025-08-27,Feature Request
30283,NE,90876,2025-06-25,Bug
30283,NE,90877,2025-09-06,Feature Request
30284,W,90878,2025-01-03,Login
30284,NE,90879,2025-12-27,Billing
30284,NE,90880,2025-05-03,Login
30285,SW,90881,2025-10-21,Billing
30285,SW,90882,2025-04-19,Bug
30285,SW,90883,2025-02-05,Billing
30286,SE,90884,2025-10-23,Billing
30287,SE,90885,2025-07-20,Bug
30287,SE,90886,2025-06-19,Billing
30287,NE,90887,2025-12-22,Feature Request
30287,NE,90888,2025-06-27,Other
30287,NE,90889,2025-01-03,Billing
30288,NE,90890,2025-09-20,Login
30288,NE,90891,2025-04-05,Other
30288,NE,90892,2025-09-16,Other
30289,W,90893,2025-10-18,Other
30289,W,90894,2025-03-03,Bug
30289,W,90895,2025-09-17,Other
30289,SE,90896,2025-05-21,Bug
30289,SE,90897,2025-06-16,Bug
30289,SE,90898,2025-12-16,Billing
30290,NE,90899,2025-07-31,Billing
30290,NE,90900,2025-01-25,Bug
30290,NE,90901,2025-09-14,Login
30290,NE,90902,2025-03-22,Bug
30291,SE,90903,2025-01-19,Other
30292,MW,90904,2025-02-03,Feature Request
30292,MW,90905,2025-09-12,Login
30292,SW,90906,2025-05-14,Bug
30292,SW,90907,2025-03-27,Bug
30292,SW,90908,2025-05-15,Other
30293,NE,90909,2025-06-22,Other
30293,NE,90910,2025-11-17,Bug
30294,SE,90911,2025-04-29,Other
30294,SE,90912,2025-08-15,Bug
30294,SE,90913,2025-07-31,Feature Request
30294,SE,90914,2025-07-08,Login
30294,SE,90915,2025-05-31,Bug
30295,SW,90916,2025-07-10,Bug
30295,SE,90917,2025-08-25,Login
30296,W,90918,2025-05-07,Other
30296,MW,90919,2025-12-22,Feature Request
30297,SW,90920,2025-01-07,Bug
30298,SW,90921,2025-05-10,Login
30298,SW,90922,2025-11-17,Billing
30298,MW,90923,2025-04-20,Feature Request
30299,SE,90924,2025-06-12,Bug
30299,SE,90925,2025-07-18,Feature Request
30300,W,90926,2025-12-27,Bug
30300,W,90927,2025-04-07,Bug
30301,NE,90928,2025-11-10,Billing
30301,SW,90929,2025-01-21,Other
30302,NE,90930,2025-03-05,Login
30302,NE,90931,2025-05-04,Other
30302,MW,90932,2025-04-29,Other
30302,MW,90933,2025-03-19,Billing
30302,MW,90934,2025-06-30,Other
30303,NE,90935,2025-12-26,Other
30303,NE,90936,2025-10-02,Bug
30303,NE,90937,2025-05-10,Login
30303,MW,90938,2025-05-14,Other
30303,MW,90939,2025-11-14,Login
30303,MW,90940,2025-12-25,Feature Request
30304,SW,90941,2025-02-21,Login
30304,SW,90942,2025-04-10,Feature Request
30304,SW,90943,2025-09-08,Other
30304,SW,90944,2025-05-17,Billing
30304,SE,90945,2025-12-20,Feature Request
30304,SE,90946,2025-03-22,Feature Request
30305,W,90947,2025-08-08,Other
30305,W,90948,2025-03-24,Bug
30305,W,90949,2025-08-22,Bug
30305,W,90950,2025-06-26,Billing
30305,SW,90951,2025-10-07,Feature Request
30305,SW,90952,2025-05-09,Billing
30305,SW,90953,2025-06-29,Feature Request
30305,MW,90954,2025-07-26,Login
30305,MW,90955,2025-10-21,Feature Request
30305,MW,90956,2025-12-04,Other
30306,SW,90957,2025-06-28,Login
30306,NE,90958,2025-07-11,Other
30306,NE,90959,2025-10-31,Other
30306,NE,90960,2025-08-13,Billing
30306,NE,90961,2025-10-05,Bug
30307,SW,90962,2025-01-17,Other
30307,SW,90963,2025-11-13,Login
30308,SW,90964,2025-06-30,Login
30308,SW,90965,2025-12-17,Login
30308,SW,90966,2025-11-11,Login
30308,SE,90967,2025-02-23,Other
30309,NE,90968,2025-10-31,Feature Request
30310,SE,90969,2025-04-17,Other
30311,MW,90970,2025-03-18,Bug
30312,W,90971,2025-12-10,Bug
30313,SE,90972,2025-03-13,Other
30313,SE,90973,2025-06-29,Billing
30313,SE,90974,2025-12-25,Other
30313,SW,90975,2025-11-09,Login
30313,NE,90976,2025-04-05,Bug
30314,NE,90977,2025-06-19,Bug
30314,MW,90978,2025-05-08,Login
30314,MW,90979,2025-11-28,Bug
30315,SE,90980,2025-12-20,Feature Request
30315,W,90981,2025-03-07,Feature Request
30316,SE,90982,2025-08-07,Login
30316,SE,90983,2025-08-01,Billing
30317,SW,90984,2025-03-25,Billing
30317,SW,90985,2025-09-06,Billing
30318,SE,90986,2025-05-05,Billing
30319,NE,90987,2025-11-28,Billing
30320,MW,90988,2025-07-19,Bug
30320,W,90989,2025-05-18,Bug
30320,W,90990,2025-10-09,Billing
30320,W,90991,2025-05-12,Bug
30320,W,90992,2025-06-01,Bug
30320,W,90993,2025-01-21,Other
30321,NE,90994,2025-03-09,Bug
30321,SW,90995,2025-07-01,Login
30321,SW,90996,2025-04-10,Bug
30322,SE,90997,2025-12-15,Feature Request
30322,W,90998,2025-08-28,Login
30322,W,90999,2025-07-19,Login
30323,NE,91000,2025-04-26,Bug
30324,SW,91001,2025-05-22,Other
30324,W,91002,2025-01-09,Login
30324,W,91003,2025-01-26,Login
30324,SE,91004,2025-08-27,Billing
30325,SW,91005,2025-05-25,Login
30325,NE,91006,2025-03-09,Feature Request
30325,NE,91007,2025-05-11,Other
30326,SE,91008,2025-10-08,Other
30326,SE,91009,2025-05-20,Login
30326,SE,91010,2025-05-08,Login
30326,SE,91011,2025-06-22,Billing
30326,SE,91012,2025-10-23,Bug
30326,MW,91013,2025-06-23,Other
30327,SE,91014,2025-12-09,Other
30327,SE,91015,2025-01-27,Login
30327,W,91016,2025-07-28,Billing
30327,W,91017,2025-03-02,Bug
30327,W,91018,2025-09-26,Feature Request
30327,W,91019,2025-06-06,Other
30328,NE,91020,2025-03-25,Feature Request
30328,NE,91021,2025-01-31,Bug
30328,NE,91022,2025-02-02,Billing
30329,MW,91023,2025-05-23,Feature Request
30329,MW,91024,2025-12-16,Other
30330,MW,91025,2025-05-27,Bug
30330,MW,91026,2025-08-16,Billing
30331,MW,91027,2025-08-25,Feature Request
30331,W,91028,2025-11-05,Feature Request
30331,W,91029,2025-07-09,Billing
30332,SE,91030,2025-12-27,Billing
30333,W,91031,2025-08-11,Feature Request
30334,MW,91032,2025-03-29,Bug
30335,MW,91033,2025-01-17,Bug
30336,MW,91034,2025-08-20,Billing
30336,MW,91035,2025-03-11,Feature Request
30336,SW,91036,2025-06-28,Feature Request
30336,SW,91037,2025-03-18,Login
30337,NE,91038,2025-02-04,Billing
30337,NE,91039,2025-01-16,Billing
30337,SE,91040,2025-10-21,Billing
30338,W,91041,2025-06-20,Other
30339,SE,91042,2025-10-01,Billing
30339,SE,91043,2025-10-23,Billing
30340,SE,91044,2025-09-18,Login
30340,SE,91045,2025-12-08,Billing
30340,SE,91046,2025-01-22,Billing
30340,SE,91047,2025-03-31,Login
30340,SE,91048,2025-08-22,Login
30341,MW,91049,2025-05-09,Feature Request
30342,SW,91050,2025-04-05,Feature Request
30343,SE,91051,2025-12-20,Bug
30343,SE,91052,2025-08-19,Feature Request
30343,SE,91053,2025-05-05,Billing
30344,MW,91054,2025-03-20,Other
30345,W,91055,2025-03-02,Login
30345,W,91056,2025-08-05,Billing
30345,W,91057,2025-06-12,Login
30345,SW,91058,2025-07-10,Feature Request
30345,SW,91059,2025-02-11,Other
30346,SW,91060,2025-06-16,Billing
30346,MW,91061,2025-07-12,Bug
30347,SE,91062,2025-08-26,Other
30348,NE,91063,2025-08-31,Billing
30349,NE,91064,2025-06-28,Bug
30349,NE,91065,2025-02-27,Other
30349,NE,91066,2025-09-20,Bug
30349,MW,91067,2025-08-31,Billing
30349,MW,91068,2025-12-30,Bug
30350,NE,91069,2025-01-09,Other
30350,NE,91070,2025-09-20,Bug
30350,SW,91071,2025-08-13,Billing
30350,SW,91072,2025-09-04,Bug
30350,SW,91073,2025-10-24,Other
30351,MW,91074,2025-06-14,Other
30351,NE,91075,2025-07-27,Feature Request
30351,NE,91076,2025-11-02,Bug
30352,SW,91077,2025-08-29,Billing
30352,SW,91078,2025-05-27,Feature Request
30352,SE,91079,2025-02-20,Billing
30352,SE,91080,2025-09-16,Login
30352,SE,91081,2025-11-06,Login
30353,SW,91082,2025-10-11,Feature Request
30354,MW,91083,2025-02-01,Bug
30354,MW,91084,2025-02-10,Feature Request
30355,W,91085,2025-04-13,Feature Request
30355,W,91086,2025-04-17,Billing
30355,W,91087,2025-05-18,Other
30355,NE,91088,2025-04-03,Feature Request
30356,SE,91089,2025-10-05,Billing
30357,W,91090,2025-01-20,Login
30357,W,91091,2025-03-31,Billing
30357,NE,91092,2025-01-10,Other
30358,SE,91093,2025-02-28,Bug
30358,SE,91094,2025-04-14,Other
30358,MW,91095,2025-04-14,Other
30358,MW,91096,2025-10-28,Bug
30358,MW,91097,2025-04-26,Other
30358,MW,91098,2025-03-25,Login
30358,NE,91099,2025-09-16,Feature Request
30358,NE,91100,2025-12-09,Bug
30359,MW,91101,2025-10-18,Login
30359,MW,91102,2025-04-06,Bug
30359,SW,91103,2025-04-02,Feature Request
30359,SW,91104,2025-09-04,Billing
30360,W,91105,2025-07-06,Other
30361,MW,91106,2025-05-04,Feature Request
30361,W,91107,2025-06-18,Other
30361,W,91108,2025-12-31,Billing
30361,W,91109,2025-03-28,Other
30361,W,91110,2025-09-20,Login
30362,MW,91111,2025-07-19,Billing
30362,MW,91112,2025-08-27,Other
30363,NE,91113,2025-08-14,Other
30363,SW,91114,2025-06-14,Other
30364,SE,91115,2025-02-13,Other
30364,SE,91116,2025-06-29,Bug
30364,MW,91117,2025-11-30,Login
30364,MW,91118,2025-04-16,Billing
30364,MW,91119,2025-06-22,Login
30364,SW,91120,2025-05-03,Bug
30364,SW,91121,2025-04-16,Feature Request
30364,SW,91122,2025-11-24,Feature Request
30365,SE,91123,2025-04-19,Other
30366,SE,91124,2025-11-23,Bug
30366,SE,91125,2025-02-06,Feature Request
30366,SE,91126,2025-12-03,Billing
30366,SE,91127,2025-01-23,Other
30366,NE,91128,2025-07-13,Billing
30366,NE,91129,2025-01-27,Other
30366,SW,91130,2025-05-19,Billing
30366,SW,91131,2025-05-03,Other
30367,NE,91132,2025-05-12,Login
30367,NE,91133,2025-07-25,Feature Request
30367,SE,91134,2025-02-11,Feature Request
30367,MW,91135,2025-06-28,Other
30367,MW,91136,2025-09-17,Feature Request
30367,MW,91137,2025-08-01,Bug
30367,MW,91138,2025-11-20,Billing
30368,SE,91139,2025-07-22,Bug
30369,SW,91140,2025-08-16,Other
30370,MW,91141,2025-01-04,Other
30370,MW,91142,2025-10-27,Login
30370,MW,91143,2025-02-11,Other
30371,SE,91144,2025-08-17,Bug
30371,SE,91145,2025-08-31,Feature Request
30372,SW,91146,2025-10-27,Other
30372,SW,91147,2025-06-22,Other
30372,SW,91148,2025-11-30,Other
30373,SW,91149,2025-01-30,Other
30373,SW,91150,2025-03-04,Other
30373,W,91151,2025-11-11,Billing
30374,SE,91152,2025-08-30,Other
30374,SE,91153,2025-02-21,Login
30374,SE,91154,2025-02-08,Other
30374,SE,91155,2025-09-16,Billing
30375,NE,91156,2025-11-23,Bug
30376,W,91157,2025-09-28,Other
30376,W,91158,2025-03-13,Feature Request
30376,W,91159,2025-01-04,Bug
30376,MW,91160,2025-10-17,Feature Request
30377,W,91161,2025-10-19,Bug
30377,W,91162,2025-08-19,Billing
30377,W,91163,2025-05-16,Bug
30378,SE,91164,2025-12-02,Login
30378,MW,91165,2025-02-28,Billing
30378,MW,91166,2025-01-07,Billing
30379,W,91167,2025-11-28,Login
30379,W,91168,2025-08-25,Feature Request
30379,W,91169,2025-03-20,Bug
30380,SW,91170,2025-10-15,Bug
30380,SW,91171,2025-04-24,Billing
30381,SW,91172,2025-03-02,Other
30381,SW,91173,2025-11-13,Billing
30381,MW,91174,2025-06-23,Feature Request
30381,MW,91175,2025-04-02,Login
30381,MW,91176,2025-07-24,Bug
30382,SW,91177,2025-07-14,Login
30382,SW,91178,2025-01-25,Billing
30382,SE,91179,2025-01-16,Other
30382,SE,91180,2025-05-21,Feature Request
30382,SE,91181,2025-04-18,Feature Request
30382,SE,91182,2025-10-27,Bug
30383,SW,91183,2025-10-30,Feature Request
30383,NE,91184,2025-03-21,Feature Request
30384,W,91185,2025-10-03,Billing
30384,SE,91186,2025-09-25,Login
30385,W,91187,2025-11-12,Feature Request
30385,SW,91188,2025-03-16,Feature Request
30385,SW,91189,2025-02-03,Other
30386,NE,91190,2025-06-15,Feature Request
30387,MW,91191,2025-08-19,Feature Request
30388,SE,91192,2025-01-28,Bug
30388,NE,91193,2025-10-22,Other
30388,NE,91194,2025-12-26,Bug
30388,NE,91195,2025-04-25,Billing
30389,SW,91196,2025-12-04,Billing
30389,SW,91197,2025-09-02,Billing
30389,NE,91198,2025-01-31,Other
30390,SW,91199,2025-12-24,Feature Request
30390,SW,91200,2025-12-05,Billing
30390,SW,91201,2025-07-28,Billing
30390,MW,91202,2025-11-02,Other
30390,NE,91203,2025-03-09,Billing
30390,NE,91204,2025-11-23,Bug
30390,NE,91205,2025-09-27,Billing
30390,NE,91206,2025-12-26,Bug
30390,NE,91207,2025-05-08,Other
30391,SW,91208,2025-08-30,Other
30391,SW,91209,2025-09-01,Bug
30392,MW,91210,2025-01-19,Feature Request
30393,W,91211,2025-06-04,Other
30393,W,91212,2025-02-27,Login
30393,NE,91213,2025-02-14,Billing
30393,NE,91214,2025-03-22,Feature Request
30393,NE,91215,2025-02-28,Login
30394,SW,91216,2025-04-13,Feature Request
30395,NE,91217,2025-10-01,Login
30395,NE,91218,2025-04-26,Billing
30395,NE,91219,2025-09-24,Feature Request
30395,MW,91220,2025-05-23,Other
30395,SE,91221,2025-11-14,Billing
30396,SE,91222,2025-12-09,Bug
30396,NE,91223,2025-11-02,Feature Request
30397,W,91224,2025-08-28,Bug
30398,MW,91225,2025-01-15,Other
30398,MW,91226,2025-07-22,Other
30398,MW,91227,2025-10-23,Login
30398,MW,91228,2025-08-02,Bug
30398,SW,91229,2025-12-03,Login
30399,W,91230,2025-11-14,Bug
30399,MW,91231,2025-08-19,Bug
30399,MW,91232,2025-02-26,Feature Request
30400,SE,91233,2025-10-07,Login
30400,SE,91234,2025-11-01,Billing
30400,SE,91235,2025-08-13,Feature Request
30401,W,91236,2025-09-23,Feature Request
30401,W,91237,2025-12-08,Other
30401,W,91238,2025-06-25,Other
30401,W,91239,2025-03-01,Other
30401,W,91240,2025-12-18,Bug
30401,SE,91241,2025-06-20,Billing
30401,SE,91242,2025-12-03,Billing
30401,SE,91243,2025-03-25,Other
30401,NE,91244,2025-07-19,Bug
30401,NE,91245,2025-08-14,Other
30401,NE,91246,2025-09-28,Other
30401,NE,91247,2025-04-12,Login
30401,NE,91248,2025-05-27,Other
30402,W,91249,2025-10-06,Bug
30402,W,91250,2025-01-14,Billing
30402,W,91251,2025-10-14,Other
30402,NE,91252,2025-10-20,Billing
30402,NE,91253,2025-01-31,Bug
30402,NE,91254,2025-12-21,Other
30402,NE,91255,2025-10-18,Feature Request
30403,SW,91256,2025-07-02,Other
30403,SW,91257,2025-07-15,Feature Request
30403,NE,91258,2025-10-13,Bug
30404,MW,91259,2025-03-10,Feature Request
30405,MW,91260,2025-02-04,Feature Request
30405,MW,91261,2025-05-23,Bug
30405,NE,91262,2025-10-12,Billing
30406,MW,91263,2025-01-27,Bug
30407,SW,91264,2025-10-11,Other
30407,SW,91265,2025-02-25,Login
30408,W,91266,2025-01-18,Other
30408,W,91267,2025-02-12,Login
30408,W,91268,2025-03-15,Other
30408,W,91269,2025-09-23,Login
30408,SW,91270,2025-08-24,Feature Request
30408,SE,91271,2025-08-17,Billing
30408,SE,91272,2025-03-24,Login
30408,SE,91273,2025-05-12,Feature Request
30409,NE,91274,2025-12-20,Feature Request
30409,NE,91275,2025-10-14,Billing
30410,W,91276,2025-11-12,Billing
30410,W,91277,2025-10-19,Other
30410,W,91278,2025-05-31,Feature Request
30410,W,91279,2025-12-23,Bug
30411,SW,91280,2025-10-27,Bug
30411,SW,91281,2025-11-01,Billing
30411,SW,91282,2025-04-01,Login
30411,SW,91283,2025-11-30,Billing
30411,SE,91284,2025-08-24,Feature Request
30411,SE,91285,2025-11-05,Other
30411,SE,91286,2025-01-23,Other
30411,NE,91287,2025-03-14,Login
30411,NE,91288,2025-11-12,Billing
30412,MW,91289,2025-09-10,Billing
30412,SW,91290,2025-01-09,Other
30412,SW,91291,2025-05-11,Login
30412,W,91292,2025-06-02,Other
30412,W,91293,2025-03-12,Feature Request
30412,W,91294,2025-12-11,Feature Request
30413,SW,91295,2025-03-22,Feature Request
30413,SW,91296,2025-12-12,Bug
30413,SW,91297,2025-06-14,Bug
30413,MW,91298,2025-04-17,Login
30413,MW,91299,2025-12-14,Bug
30413,MW,91300,2025-06-30,Other
30414,W,91301,2025-10-14,Other
30414,MW,91302,2025-08-28,Billing
30414,MW,91303,2025-10-14,Feature Request
30415,SE,91304,2025-01-06,Bug
30416,MW,91305,2025-09-20,Login
30417,SE,91306,2025-12-18,Feature Request
30418,MW,91307,2025-02-02,Login
30418,SW,91308,2025-10-30,Feature Request
30418,SW,91309,2025-06-21,Bug
30418,SW,91310,2025-01-22,Other
30419,SE,91311,2025-06-07,Billing
30419,NE,91312,2025-05-23,Bug
30420,NE,91313,2025-01-27,Other
30420,NE,91314,2025-05-25,Bug
30420,NE,91315,2025-07-06,Billing
30420,NE,91316,2025-05-01,Login
30420,W,91317,2025-06-14,Login
30421,SW,91318,2025-11-23,Login
30421,NE,91319,2025-04-28,Feature Request
30422,NE,91320,2025-11-07,Feature Request
30423,SE,91321,2025-05-26,Other
30424,W,91322,2025-06-20,Login
30425,SE,91323,2025-11-30,Other
30425,SE,91324,2025-01-14,Other
30425,SW,91325,2025-09-08,Login
30426,W,91326,2025-12-13,Billing
30427,W,91327,2025-12-13,Other
30427,W,91328,2025-06-19,Feature Request
30427,W,91329,2025-04-16,Bug
30427,SW,91330,2025-05-08,Billing
30428,MW,91331,2025-02-01,Billing
30428,MW,91332,2025-09-01,Bug
30428,MW,91333,2025-10-12,Billing
30428,MW,91334,2025-09-20,Login
30429,SW,91335,2025-11-29,Billing
30429,SW,91336,2025-03-26,Login
30430,SE,91337,2025-02-14,Other
30431,W,91338,2025-07-19,Login
30431,W,91339,2025-11-25,Feature Request
30431,W,91340,2025-10-13,Login
30431,NE,91341,2025-12-25,Other
30432,W,91342,2025-07-28,Billing
30432,SW,91343,2025-07-27,Login
30432,SW,91344,2025-08-10,Bug
30433,SW,91345,2025-12-31,Other
30433,SW,91346,2025-01-15,Billing
30434,SE,91347,2025-11-08,Feature Request
30434,SE,91348,2025-10-10,Billing
30434,SE,91349,2025-03-15,Other
30435,W,91350,2025-12-13,Other
30435,W,91351,2025-11-20,Other
30435,W,91352,2025-12-03,Other
30435,W,91353,2025-10-06,Login
30435,MW,91354,2025-07-20,Feature Request
30436,W,91355,2025-10-20,Other
30436,W,91356,2025-06-11,Other
30437,W,91357,2025-09-22,Billing
30437,W,91358,2025-05-12,Billing
30437,NE,91359,2025-04-30,Feature Request
30437,NE,91360,2025-08-07,Login
30437,NE,91361,2025-06-09,Login
30437,NE,91362,2025-10-27,Other
30437,NE,91363,2025-08-26,Other
30438,MW,91364,2025-03-08,Feature Request
30438,MW,91365,2025-07-06,Feature Request
30438,MW,91366,2025-02-18,Bug
30438,NE,91367,2025-04-17,Feature Request
30438,NE,91368,2025-06-27,Billing
30438,NE,91369,2025-02-10,Other
30438,NE,91370,2025-09-02,Login
30439,SW,91371,2025-12-31,Feature Request
30440,SE,91372,2025-11-17,Feature Request
30440,SE,91373,2025-02-11,Other
30440,SE,91374,2025-11-02,Login
30441,W,91375,2025-10-31,Login
30441,SW,91376,2025-06-02,Billing
30441,MW,91377,2025-09-21,Login
30441,MW,91378,2025-07-23,Feature Request
30441,MW,91379,2025-05-07,Login
30441,MW,91380,2025-07-13,Feature Request
30442,SW,91381,2025-01-27,Other
30443,SE,91382,2025-02-27,Other
30443,SE,91383,2025-04-10,Login
30443,SE,91384,2025-02-18,Bug
30443,SE,91385,2025-04-04,Login
30444,SE,91386,2025-03-13,Bug
30444,MW,91387,2025-01-10,Billing
30444,MW,91388,2025-08-02,Feature Request
30444,MW,91389,2025-08-12,Other
30445,MW,91390,2025-01-29,Bug
30445,SE,91391,2025-03-18,Bug
30445,SW,91392,2025-07-15,Billing
30446,SW,91393,2025-04-17,Other
30446,SW,91394,2025-01-09,Feature Request
30446,NE,91395,2025-05-29,Login
30446,SE,91396,2025-01-12,Feature Request
30446,SE,91397,2025-03-23,Bug
30447,SE,91398,2025-05-13,Feature Request
30447,W,91399,2025-02-22,Feature Request
30448,NE,91400,2025-07-25,Billing
30449,MW,91401,2025-08-21,Login
30450,NE,91402,2025-02-23,Billing
30450,NE,91403,2025-03-09,Billing
30450,NE,91404,2025-10-18,Login
30450,SW,91405,2025-06-10,Bug
30450,SW,91406,2025-01-10,Login
30450,SW,91407,2025-07-18,Login
30451,MW,91408,2025-09-20,Other
30451,NE,91409,2025-09-10,Feature Request
30451,NE,91410,2025-11-09,Billing
30452,MW,91411,2025-06-17,Feature Request
30452,MW,91412,2025-02-05,Feature Request
30452,MW,91413,2025-11-11,Bug
30453,W,91414,2025-08-08,Bug
30453,NE,91415,2025-03-07,Login
30453,SE,91416,2025-05-14,Billing
30453,SE,91417,2025-11-17,Bug
30454,NE,91418,2025-03-28,Login
30455,SW,91419,2025-05-17,Other
30456,SE,91420,2025-07-24,Feature Request
30457,SE,91421,2025-02-20,Billing
30457,SE,91422,2025-02-09,Billing
30458,SE,91423,2025-08-06,Bug
30459,W,91424,2025-02-08,Feature Request
30460,W,91425,2025-08-22,Login
30461,NE,91426,2025-07-12,Login
30461,W,91427,2025-03-26,Other
30462,NE,91428,2025-08-31,Billing
30462,NE,91429,2025-06-22,Login
30462,NE,91430,2025-02-06,Login
30462,NE,91431,2025-07-13,Bug
30462,SE,91432,2025-12-22,Login
30463,MW,91433,2025-08-17,Login
30463,MW,91434,2025-09-21,Billing
30463,SE,91435,2025-02-18,Billing
30464,W,91436,2025-05-03,Bug
30464,W,91437,2025-10-30,Login
30464,MW,91438,2025-05-11,Other
30464,MW,91439,2025-08-12,Feature Request
30464,SW,91440,2025-04-09,Billing
30465,NE,91441,2025-07-16,Other
30465,NE,91442,2025-12-14,Feature Request
30465,NE,91443,2025-09-21,Bug
30466,W,91444,2025-07-27,Billing
30466,W,91445,2025-01-25,Billing
30467,NE,91446,2025-01-08,Feature Request
30467,NE,91447,2025-05-29,Billing
30467,NE,91448,2025-08-04,Other
30467,MW,91449,2025-08-06,Billing
30468,MW,91450,2025-09-16,Feature Request
30468,MW,91451,2025-01-11,Bug
30468,MW,91452,2025-09-07,Feature Request
30468,MW,91453,2025-12-01,Billing
30468,MW,91454,2025-03-06,Billing
30469,W,91455,2025-10-29,Other
30469,W,91456,2025-11-08,Billing
30469,W,91457,2025-12-27,Billing
30469,NE,91458,2025-10-23,Login
30469,NE,91459,2025-11-04,Billing
30469,NE,91460,2025-09-20,Login
30469,NE,91461,2025-06-30,Bug
30469,MW,91462,2025-01-17,Other
30469,MW,91463,2025-09-17,Other
30470,SW,91464,2025-12-21,Login
30470,SW,91465,2025-08-02,Feature Request
30471,SE,91466,2025-06-21,Other
30471,SE,91467,2025-09-01,Feature Request
30471,SE,91468,2025-10-04,Other
30471,SW,91469,2025-10-30,Bug
30471,SW,91470,2025-02-18,Other
30471,SW,91471,2025-09-05,Bug
30471,NE,91472,2025-10-14,Feature Request
30471,NE,91473,2025-02-01,Feature Request
30471,NE,91474,2025-06-07,Billing
30471,NE,91475,2025-03-04,Bug
30472,SW,91476,2025-09-08,Login
30473,SE,91477,2025-11-14,Bug
30473,SE,91478,2025-08-17,Bug
30473,SE,91479,2025-06-29,Feature Request
30473,SW,91480,2025-03-13,Bug
30474,MW,91481,2025-03-24,Bug
30474,MW,91482,2025-05-16,Billing
30474,SW,91483,2025-04-19,Billing
30475,W,91484,2025-04-29,Billing
30475,SE,91485,2025-01-18,Feature Request
30475,SE,91486,2025-06-03,Bug
30475,SE,91487,2025-05-18,Bug
30475,SE,91488,2025-03-03,Other
30475,SW,91489,2025-05-12,Other
30476,NE,91490,2025-12-24,Other
30476,NE,91491,2025-01-12,Bug
30477,NE,91492,2025-02-20,Bug
30477,NE,91493,2025-08-16,Billing
30477,MW,91494,2025-01-15,Login
30478,NE,91495,2025-06-11,Billing
30478,MW,91496,2025-04-22,Other
30478,MW,91497,2025-02-20,Billing
30478,W,91498,2025-04-08,Bug
30479,NE,91499,2025-06-19,Other
30479,NE,91500,2025-11-21,Billing
30479,NE,91501,2025-09-17,Login
30479,SE,91502,2025-02-19,Feature Request
30479,SE,91503,2025-11-22,Feature Request
30479,SE,91504,2025-01-20,Bug
30479,SE,91505,2025-01-26,Billing
30479,SE,91506,2025-03-23,Login
30480,SE,91507,2025-05-20,Billing
30480,W,91508,2025-12-10,Other
30481,W,91509,2025-02-15,Login
30481,W,91510,2025-02-24,Bug
30481,NE,91511,2025-06-08,Feature Request
30481,NE,91512,2025-02-07,Other
30482,MW,91513,2025-03-17,Billing
30483,SE,91514,2025-11-24,Bug
30483,W,91515,2025-07-16,Bug
30483,W,91516,2025-03-04,Login
30484,SW,91517,2025-02-01,Login
30484,SW,91518,2025-04-20,Other
30484,SW,91519,2025-07-13,Bug
30484,SW,91520,2025-12-09,Feature Request
30484,SE,91521,2025-10-28,Other
30485,NE,91522,2025-10-14,Login
30485,MW,91523,2025-05-19,Other
30485,MW,91524,2025-11-20,Feature Request
30485,MW,91525,2025-12-01,Bug
30485,MW,91526,2025-11-19,Bug
30485,SW,91527,2025-09-19,Login
30485,SW,91528,2025-09-18,Billing
30486,W,91529,2025-11-10,Feature Request
30486,W,91530,2025-09-18,Billing
30487,MW,91531,2025-06-18,Feature Request
30487,MW,91532,2025-07-19,Login
30488,MW,91533,2025-11-08,Bug
30488,MW,91534,2025-09-16,Feature Request
30488,MW,91535,2025-12-29,Other
30488,MW,91536,2025-03-31,Other
30488,MW,91537,2025-10-14,Feature Request
30488,SE,91538,2025-08-18,Login
30488,SE,91539,2025-10-22,Bug
30488,W,91540,2025-01-27,Feature Request
30488,W,91541,2025-04-27,Login
30488,W,91542,2025-04-17,Other
30489,SE,91543,2025-08-11,Billing
30489,SE,91544,2025-12-20,Login
30489,W,91545,2025-04-01,Billing
30489,W,91546,2025-01-13,Other
30490,SW,91547,2025-02-03,Bug
30491,MW,91548,2025-01-30,Login
30491,NE,91549,2025-06-29,Billing
30491,NE,91550,2025-08-14,Login
30491,NE,91551,2025-03-19,Bug
30492,SE,91552,2025-09-07,Other
30493,SE,91553,2025-12-30,Bug
30493,SE,91554,2025-08-31,Billing
30494,SW,91555,2025-11-13,Feature Request
30495,SE,91556,2025-06-06,Billing
30495,SE,91557,2025-11-04,Login
30495,SE,91558,2025-09-19,Login
30496,W,91559,2025-03-17,Billing
30496,NE,91560,2025-05-27,Billing
30496,NE,91561,2025-08-16,Other
30496,NE,91562,2025-02-07,Login
30497,SE,91563,2025-11-05,Billing
30497,SE,91564,2025-03-21,Feature Request
30498,SE,91565,2025-05-09,Feature Request
30498,W,91566,2025-01-01,Login
30498,W,91567,2025-04-22,Billing
30498,MW,91568,2025-04-09,Bug
30499,W,91569,2025-02-05,Other
30499,SE,91570,2025-09-04,Feature Request
30499,NE,91571,2025-10-08,Login
30500,SE,91572,2025-01-12,Bug
30500,SE,91573,2025-08-04,Billing
30500,SE,91574,2025-01-14,Bug
30500,SE,91575,2025-12-08,Billing
30500,SE,91576,2025-07-18,Feature Request
30500,SW,91577,2025-06-15,Other
30501,MW,91578,2025-10-19,Billing
30501,MW,91579,2025-03-19,Feature Request
30501,W,91580,2025-05-22,Other
30502,NE,91581,2025-10-05,Feature Request
30502,NE,91582,2025-10-26,Feature Request
30503,W,91583,2025-01-18,Feature Request
30503,SE,91584,2025-05-04,Other
30503,SE,91585,2025-10-19,Other
30504,MW,91586,2025-01-07,Billing
30504,MW,91587,2025-04-27,Billing
30504,NE,91588,2025-12-18,Other
30504,NE,91589,2025-09-09,Bug
30505,SE,91590,2025-11-05,Feature Request
30506,SW,91591,2025-12-28,Login
30506,SW,91592,2025-07-22,Feature Request
30506,MW,91593,2025-04-13,Bug
30506,NE,91594,2025-01-17,Login
30507,NE,91595,2025-03-05,Login
30507,W,91596,2025-12-08,Other
30508,MW,91597,2025-06-25,Bug
30508,MW,91598,2025-10-20,Login
30508,SW,91599,2025-06-05,Login
30508,SW,91600,2025-02-22,Login
30508,SE,91601,2025-07-02,Login
30509,SE,91602,2025-07-08,Other
30509,MW,91603,2025-02-16,Feature Request
30510,MW,91604,2025-02-22,Feature Request
30510,MW,91605,2025-04-08,Billing
30510,SW,91606,2025-04-11,Login
30510,SW,91607,2025-10-16,Other
30511,NE,91608,2025-07-15,Login
30512,MW,91609,2025-04-06,Other
30512,MW,91610,2025-05-01,Login
30512,SE,91611,2025-11-28,Feature Request
30512,SE,91612,2025-11-14,Bug
30512,NE,91613,2025-07-09,Other
30512,NE,91614,2025-03-26,Billing
30513,MW,91615,2025-07-13,Other
30513,MW,91616,2025-01-21,Bug
30513,SE,91617,2025-07-21,Billing
30513,SE,91618,2025-05-31,Billing
30514,SE,91619,2025-11-05,Billing
30514,SE,91620,2025-09-20,Billing
30515,W,91621,2025-12-09,Other
30516,SE,91622,2025-06-02,Billing
30517,SW,91623,2025-01-02,Billing
30517,MW,91624,2025-06-24,Bug
30517,MW,91625,2025-10-12,Billing
30518,MW,91626,2025-02-18,Login
30518,MW,91627,2025-02-01,Bug
30518,MW,91628,2025-01-17,Feature Request
30518,SW,91629,2025-03-22,Feature Request
30518,NE,91630,2025-01-08,Bug
30519,W,91631,2025-06-16,Feature Request
30519,W,91632,2025-10-16,Billing
30519,W,91633,2025-01-12,Login
30520,W,91634,2025-10-31,Billing
30520,W,91635,2025-03-24,Bug
30520,W,91636,2025-05-05,Bug
30520,MW,91637,2025-11-21,Bug
30520,MW,91638,2025-02-20,Bug
30520,MW,91639,2025-06-14,Other
30521,SW,91640,2025-10-08,Login
30521,SW,91641,2025-03-03,Login
30522,NE,91642,2025-06-20,Login
30522,NE,91643,2025-04-27,Feature Request
30522,NE,91644,2025-03-07,Feature Request
30522,MW,91645,2025-10-14,Login
30522,W,91646,2025-08-17,Feature Request
30523,W,91647,2025-04-29,Other
30523,SE,91648,2025-06-01,Other
30523,SE,91649,2025-08-11,Other
30524,W,91650,2025-07-30,Bug
30524,MW,91651,2025-03-04,Billing
30524,MW,91652,2025-09-19,Other
30525,W,91653,2025-10-13,Login
30525,W,91654,2025-03-04,Feature Request
30526,SW,91655,2025-12-11,Login
30527,MW,91656,2025-02-22,Feature Request
30527,MW,91657,2025-02-07,Feature Request
30527,MW,91658,2025-11-30,Bug
30528,SE,91659,2025-02-22,Feature Request
30529,SW,91660,2025-09-20,Bug
30529,W,91661,2025-05-17,Feature Request
30529,W,91662,2025-09-13,Bug
30529,W,91663,2025-02-06,Bug
30530,SE,91664,2025-01-08,Bug
30530,NE,91665,2025-05-15,Bug
30530,NE,91666,2025-05-03,Bug
30531,W,91667,2025-11-19,Billing
30531,W,91668,2025-10-28,Login
30531,W,91669,2025-04-02,Feature Request
30531,SE,91670,2025-05-24,Other
30531,SE,91671,2025-11-11,Billing
30531,SE,91672,2025-08-26,Bug
30531,SE,91673,2025-06-06,Other
30531,MW,91674,2025-06-27,Billing
30531,MW,91675,2025-09-10,Bug
30531,MW,91676,2025-04-01,Bug
30532,SW,91677,2025-05-06,Login
30532,SE,91678,2025-06-18,Bug
30532,SE,91679,2025-01-05,Billing
30532,W,91680,2025-04-21,Feature Request
30533,SW,91681,2025-06-19,Billing
30533,SE,91682,2025-09-01,Bug
30534,NE,91683,2025-05-18,Feature Request
30534,SW,91684,2025-01-07,Other
30534,SW,91685,2025-11-13,Bug
30534,SW,91686,2025-05-16,Billing
30535,SE,91687,2025-05-09,Other
30535,W,91688,2025-09-24,Feature Request
30535,W,91689,2025-04-17,Billing
30535,SW,91690,2025-04-13,Other
30536,SW,91691,2025-06-02,Bug
30536,SW,91692,2025-01-17,Billing
30536,MW,91693,2025-12-05,Billing
30536,MW,91694,2025-11-27,Login
30536,MW,91695,2025-05-07,Bug
30536,MW,91696,2025-01-18,Login
30537,NE,91697,2025-08-31,Login
30538,W,91698,2025-08-11,Billing
30538,W,91699,2025-12-29,Billing
30539,MW,91700,2025-04-09,Other
30540,W,91701,2025-11-15,Bug
30540,MW,91702,2025-10-01,Other
30540,MW,91703,2025-01-14,Login
30540,NE,91704,2025-02-13,Login
30540,NE,91705,2025-10-22,Feature Request
30540,NE,91706,2025-04-14,Other
30541,NE,91707,2025-03-03,Other
30541,SW,91708,2025-11-05,Feature Request
30542,MW,91709,2025-04-28,Login
30543,SE,91710,2025-05-11,Bug
30543,SE,91711,2025-11-02,Login
30543,SE,91712,2025-02-05,Billing
30543,SW,91713,2025-11-02,Other
30543,SW,91714,2025-01-12,Bug
30544,SE,91715,2025-02-01,Bug
30544,SE,91716,2025-08-20,Bug
30544,SW,91717,2025-10-02,Login
30544,SW,91718,2025-02-20,Login
30545,SE,91719,2025-07-24,Billing
30545,SE,91720,2025-07-15,Feature Request
30545,SE,91721,2025-09-01,Login
30546,W,91722,2025-03-30,Billing
30546,W,91723,2025-05-19,Billing
30546,W,91724,2025-12-15,Feature Request
30547,SE,91725,2025-03-21,Other
30547,SE,91726,2025-08-07,Other
30547,SE,91727,2025-08-03,Login
30547,W,91728,2025-07-14,Billing
30547,W,91729,2025-10-09,Bug
30547,W,91730,2025-10-27,Billing
30548,W,91731,2025-12-03,Billing
30548,W,91732,2025-02-17,Billing
30548,MW,91733,2025-10-03,Bug
30548,MW,91734,2025-06-12,Feature Request
30549,MW,91735,2025-07-15,Login
30549,MW,91736,2025-12-31,Feature Request
30549,MW,91737,2025-05-12,Other
30549,SW,91738,2025-03-07,Bug
30549,SW,91739,2025-09-22,Other
30549,SW,91740,2025-09-30,Bug
30549,SW,91741,2025-08-13,Login
30550,W,91742,2025-05-20,Login
30550,SE,91743,2025-06-22,Bug
30551,MW,91744,2025-06-08,Other
30551,MW,91745,2025-08-18,Billing
30551,MW,91746,2025-11-15,Feature Request
30551,MW,91747,2025-09-23,Bug
30551,W,91748,2025-01-26,Other
30552,SW,91749,2025-05-13,Feature Request
30552,SW,91750,2025-05-06,Bug
30552,SW,91751,2025-04-02,Billing
30552,W,91752,2025-07-19,Other
30553,MW,91753,2025-08-07,Login
30553,SW,91754,2025-08-31,Feature Request
30554,NE,91755,2025-10-09,Other
30554,MW,91756,2025-11-13,Feature Request
30555,SW,91757,2025-03-17,Login
30555,SW,91758,2025-11-10,Login
30556,SE,91759,2025-01-26,Feature Request
30556,SE,91760,2025-05-08,Other
30557,MW,91761,2025-05-17,Feature Request
30557,MW,91762,2025-02-28,Other
30557,MW,91763,2025-05-04,Login
30557,MW,91764,2025-05-21,Feature Request
30557,MW,91765,2025-09-30,Bug
30558,W,91766,2025-02-24,Login
30558,SW,91767,2025-12-03,Login
30558,SW,91768,2025-08-07,Bug
30559,MW,91769,2025-12-08,Billing
30559,MW,91770,2025-02-14,Other
30559,NE,91771,2025-11-07,Bug
30559,NE,91772,2025-10-05,Login
30560,NE,91773,2025-02-24,Login
30560,NE,91774,2025-08-23,Bug
30560,SE,91775,2025-07-27,Other
30561,SE,91776,2025-12-19,Billing
30562,SW,91777,2025-10-02,Bug
30563,NE,91778,2025-07-02,Other
30564,SE,91779,2025-03-04,Login
30564,SE,91780,2025-08-03,Bug
30565,SW,91781,2025-05-14,Billing
30565,MW,91782,2025-07-12,Bug
30565,MW,91783,2025-11-16,Other
30565,MW,91784,2025-03-28,Billing
30566,SW,91785,2025-03-22,Billing
30566,SW,91786,2025-12-05,Feature Request
30566,SW,91787,2025-08-21,Billing
30566,SW,91788,2025-06-18,Bug
30567,NE,91789,2025-09-08,Billing
30567,NE,91790,2025-10-24,Login
30567,NE,91791,2025-10-02,Login
30567,NE,91792,2025-12-14,Bug
30567,NE,91793,2025-01-16,Feature Request
30568,W,91794,2025-11-08,Login
30568,W,91795,2025-11-06,Billing
30568,W,91796,2025-12-08,Login
30568,W,91797,2025-11-02,Login
30568,NE,91798,2025-10-05,Login
30568,SE,91799,2025-06-18,Bug
30568,SE,91800,2025-03-09,Other
30569,SE,91801,2025-07-18,Feature Request
30570,NE,91802,2025-03-17,Billing
30570,NE,91803,2025-12-13,Bug
30570,NE,91804,2025-07-28,Feature Request
30570,MW,91805,2025-08-11,Other
30570,MW,91806,2025-01-31,Bug
30570,MW,91807,2025-07-20,Other
30571,SW,91808,2025-02-21,Other
30571,SW,91809,2025-01-16,Bug
30571,SW,91810,2025-01-16,Billing
30571,MW,91811,2025-06-24,Feature Request
30572,MW,91812,2025-12-04,Other
30572,MW,91813,2025-08-20,Other
30572,MW,91814,2025-07-12,Feature Request
30573,W,91815,2025-07-08,Bug
30573,NE,91816,2025-05-06,Bug
30574,NE,91817,2025-11-18,Bug
30574,NE,91818,2025-11-08,Other
30574,NE,91819,2025-12-12,Feature Request
30574,MW,91820,2025-10-12,Other
30575,NE,91821,2025-11-11,Login
30575,NE,91822,2025-12-19,Other
30575,NE,91823,2025-04-27,Billing
30575,NE,91824,2025-01-14,Other
30575,NE,91825,2025-05-24,Other
30575,W,91826,2025-12-09,Billing
30575,SW,91827,2025-02-16,Feature Request
30575,SW,91828,2025-01-12,Billing
30575,SW,91829,2025-08-14,Feature Request
30576,SE,91830,2025-03-25,Feature Request
30576,SE,91831,2025-12-14,Bug
30577,SE,91832,2025-06-24,Billing
30577,SE,91833,2025-03-06,Bug
30577,SE,91834,2025-02-26,Login
30577,W,91835,2025-01-13,Billing
30577,W,91836,2025-09-03,Bug
30577,W,91837,2025-12-09,Billing
30577,NE,91838,2025-10-09,Login
30577,NE,91839,2025-06-15,Feature Request
30577,NE,91840,2025-11-18,Billing
30577,NE,91841,2025-05-06,Login
30578,MW,91842,2025-10-08,Billing
30579,SW,91843,2025-10-10,Bug
30579,SW,91844,2025-04-11,Bug
30579,SW,91845,2025-08-04,Feature Request
30579,SW,91846,2025-09-28,Bug
30580,SE,91847,2025-02-08,Bug
30581,W,91848,2025-06-19,Feature Request
30581,SE,91849,2025-06-18,Billing
30581,NE,91850,2025-06-29,Other
30581,NE,91851,2025-05-23,Feature Request
30581,NE,91852,2025-04-11,Other
30582,SE,91853,2025-07-26,Bug
30582,SE,91854,2025-11-07,Feature Request
30583,W,91855,2025-01-29,Bug
30583,W,91856,2025-03-14,Billing
30583,W,91857,2025-12-23,Billing
30584,MW,91858,2025-09-03,Login
30584,MW,91859,2025-11-09,Feature Request
30584,W,91860,2025-03-28,Other
30585,NE,91861,2025-09-01,Login
30585,NE,91862,2025-04-28,Billing
30585,NE,91863,2025-03-23,Billing
30585,NE,91864,2025-09-04,Billing
30586,MW,91865,2025-12-31,Login
30587,SW,91866,2025-09-29,Bug
30587,SW,91867,2025-08-01,Bug
30587,SW,91868,2025-05-19,Other
30588,SE,91869,2025-10-27,Bug
30589,SW,91870,2025-09-09,Bug
30589,SW,91871,2025-05-30,Other
30590,W,91872,2025-08-07,Billing
30591,MW,91873,2025-07-09,Billing
30591,SE,91874,2025-06-25,Bug
30592,SE,91875,2025-08-25,Login
30593,W,91876,2025-08-01,Feature Request
30594,SE,91877,2025-01-02,Other
30594,SW,91878,2025-02-26,Bug
30594,SW,91879,2025-10-28,Billing
30595,W,91880,2025-10-06,Other
30595,W,91881,2025-01-31,Billing
30595,W,91882,2025-10-01,Bug
30596,NE,91883,2025-12-25,Bug
30596,NE,91884,2025-05-10,Bug
30596,W,91885,2025-05-10,Feature Request
30596,W,91886,2025-05-15,Feature Request
30596,W,91887,2025-08-08,Other
30597,W,91888,2025-05-10,Billing
30597,W,91889,2025-09-16,Login
30598,W,91890,2025-10-25,Other
30598,W,91891,2025-09-06,Other
30599,W,91892,2025-06-22,Other
30599,W,91893,2025-02-16,Other
30600,W,91894,2025-02-03,Billing
30601,SE,91895,2025-02-11,Login
30601,SE,91896,2025-05-03,Bug
30602,SE,91897,2025-02-28,Bug
30603,MW,91898,2025-04-25,Feature Request
30603,MW,91899,2025-07-18,Bug
30603,MW,91900,2025-06-02,Login
30604,NE,91901,2025-09-28,Bug
30604,NE,91902,2025-03-24,Bug
30604,NE,91903,2025-07-06,Other
30605,SE,91904,2025-04-26,Billing
30606,SE,91905,2025-04-13,Bug
30606,SE,91906,2025-01-07,Billing
30606,SE,91907,2025-06-21,Bug
30607,SW,91908,2025-07-11,Billing
30608,SW,91909,2025-01-23,Billing
30608,MW,91910,2025-10-03,Bug
30609,SW,91911,2025-05-16,Other
30609,SW,91912,2025-07-14,Billing
30609,SW,91913,2025-10-05,Feature Request
30609,MW,91914,2025-04-18,Feature Request
30609,MW,91915,2025-01-22,Bug
30609,MW,91916,2025-11-25,Feature Request
30610,SW,91917,2025-08-12,Other
30610,SW,91918,2025-08-11,Login
30610,SW,91919,2025-11-26,Bug
30611,NE,91920,2025-10-09,Billing
30611,SW,91921,2025-01-11,Feature Request
30611,SW,91922,2025-02-25,Other
30612,MW,91923,2025-10-30,Feature Request
30612,MW,91924,2025-12-11,Billing
30612,NE,91925,2025-09-23,Billing
30613,SE,91926,2025-04-06,Other
30613,SE,91927,2025-09-20,Other
30614,NE,91928,2025-08-31,Other
30614,SW,91929,2025-03-30,Feature Request
30615,SE,91930,2025-04-02,Feature Request
30615,SE,91931,2025-08-16,Login
30615,SW,91932,2025-02-10,Other
30615,SW,91933,2025-05-05,Bug
30615,MW,91934,2025-11-28,Other
30616,SW,91935,2025-04-11,Billing
30617,W,91936,2025-03-31,Login
30618,MW,91937,2025-05-19,Billing
30618,SE,91938,2025-05-03,Other
30619,NE,91939,2025-06-28,Billing
30619,SE,91940,2025-11-21,Feature Request
30619,SE,91941,2025-01-07,Other
30620,NE,91942,2025-08-22,Billing
30621,SW,91943,2025-09-28,Other
30621,SW,91944,2025-04-30,Bug
30621,SW,91945,2025-07-26,Other
30622,SW,91946,2025-06-26,Billing
30622,SW,91947,2025-06-28,Login
30623,SE,91948,2025-05-05,Bug
30624,W,91949,2025-03-05,Feature Request
30624,SE,91950,2025-08-07,Login
30624,SE,91951,2025-06-18,Other
30624,SE,91952,2025-09-27,Feature Request
30625,SE,91953,2025-09-02,Feature Request
30626,SE,91954,2025-04-02,Other
30627,NE,91955,2025-03-28,Bug
30627,W,91956,2025-04-30,Billing
30627,W,91957,2025-12-06,Login
30628,SW,91958,2025-02-06,Bug
30628,SW,91959,2025-09-28,Feature Request
30629,SW,91960,2025-04-05,Bug
30629,SW,91961,2025-01-31,Other
30629,SW,91962,2025-12-16,Login
30629,SW,91963,2025-12-06,Feature Request
30629,SW,91964,2025-10-13,Bug
30630,MW,91965,2025-01-21,Billing
30630,MW,91966,2025-12-14,Login
30630,MW,91967,2025-01-12,Feature Request
30630,SW,91968,2025-05-26,Other
30631,SE,91969,2025-08-27,Feature Request
30631,MW,91970,2025-11-12,Bug
30632,SE,91971,2025-04-25,Login
30632,MW,91972,2025-04-05,Login
30633,SW,91973,2025-11-27,Login
30633,SE,91974,2025-11-14,Billing
30634,SE,91975,2025-08-18,Feature Request
30635,NE,91976,2025-01-19,Other
30636,W,91977,2025-05-21,Bug
30636,W,91978,2025-06-09,Feature Request
30636,W,91979,2025-09-22,Login
30636,W,91980,2025-06-14,Bug
30636,MW,91981,2025-07-02,Bug
30636,MW,91982,2025-10-28,Bug
30637,NE,91983,2025-12-20,Login
30637,NE,91984,2025-08-01,Other
30637,NE,91985,2025-05-11,Bug
30637,NE,91986,2025-10-27,Login
30637,NE,91987,2025-05-17,Billing
30638,SW,91988,2025-11-08,Billing
30639,SE,91989,2025-04-15,Billing
30639,SE,91990,2025-12-11,Login
30640,SW,91991,2025-04-20,Billing
30641,SE,91992,2025-10-02,Bug
30642,SW,91993,2025-08-22,Feature Request
30643,MW,91994,2025-02-22,Login
30643,MW,91995,2025-10-29,Other
30643,MW,91996,2025-08-22,Login
30643,MW,91997,2025-12-23,Bug
30644,SE,91998,2025-01-06,Other
30644,SE,91999,2025-07-15,Bug
30644,SE,92000,2025-11-18,Login
30644,SE,92001,2025-09-24,Feature Request
30644,SE,92002,2025-04-26,Bug
30645,SW,92003,2025-08-19,Billing
30645,W,92004,2025-07-25,Billing
30646,NE,92005,2025-10-21,Feature Request
30646,W,92006,2025-08-18,Bug
30647,W,92007,2025-07-02,Bug
30647,SE,92008,2025-03-06,Feature Request
30648,SW,92009,2025-07-05,Other
30648,SW,92010,2025-07-05,Billing
30648,NE,92011,2025-05-31,Other
30649,SW,92012,2025-05-31,Feature Request
30650,W,92013,2025-11-22,Login
30651,SW,92014,2025-04-05,Billing
30651,SE,92015,2025-02-13,Feature Request
30651,SE,92016,2025-10-10,Feature Request
30651,SE,92017,2025-08-28,Feature Request
30651,SE,92018,2025-10-08,Billing
30651,SE,92019,2025-10-22,Feature Request
30652,MW,92020,2025-05-19,Login
30652,SE,92021,2025-08-23,Other
30652,SE,92022,2025-01-03,Bug
30652,SE,92023,2025-10-05,Feature Request
30653,SW,92024,2025-09-27,Feature Request
30653,SW,92025,2025-08-04,Feature Request
30653,SW,92026,2025-01-16,Feature Request
30653,NE,92027,2025-01-16,Feature Request
30653,NE,92028,2025-01-19,Other
30653,NE,92029,2025-04-03,Other
30653,NE,92030,2025-10-25,Billing
30654,W,92031,2025-01-17,Billing
30654,W,92032,2025-07-31,Other
30654,W,92033,2025-09-11,Login
30655,NE,92034,2025-05-24,Billing
30655,NE,92035,2025-01-03,Login
30656,MW,92036,2025-06-05,Other
30656,MW,92037,2025-01-24,Bug
30656,MW,92038,2025-03-16,Other
30657,W,92039,2025-01-18,Feature Request
30658,MW,92040,2025-03-23,Other
30658,MW,92041,2025-04-18,Billing
30658,W,92042,2025-09-25,Bug
30658,W,92043,2025-05-14,Bug
30658,W,92044,2025-02-02,Other
30658,W,92045,2025-12-02,Billing
30658,W,92046,2025-01-12,Login
30659,MW,92047,2025-08-17,Other
30659,MW,92048,2025-09-26,Billing
30659,MW,92049,2025-12-24,Bug
30659,W,92050,2025-09-06,Billing
30659,W,92051,2025-02-27,Feature Request
30659,W,92052,2025-08-24,Other
30659,W,92053,2025-11-18,Bug
30660,MW,92054,2025-02-05,Other
30660,MW,92055,2025-10-02,Billing
30660,MW,92056,2025-12-29,Billing
30661,W,92057,2025-02-05,Login
30661,W,92058,2025-01-01,Feature Request
30661,W,92059,2025-11-27,Billing
30661,MW,92060,2025-09-29,Login
30661,MW,92061,2025-10-07,Billing
30661,SW,92062,2025-08-15,Billing
30661,SW,92063,2025-08-31,Login
30661,SW,92064,2025-06-28,Feature Request
30662,MW,92065,2025-09-27,Billing
30662,MW,92066,2025-04-22,Login
30662,NE,92067,2025-03-07,Billing
30662,NE,92068,2025-12-15,Other
30662,NE,92069,2025-09-02,Other
30662,NE,92070,2025-03-13,Bug
30663,NE,92071,2025-12-23,Login
30663,NE,92072,2025-12-12,Other
30663,NE,92073,2025-06-26,Feature Request
30664,SE,92074,2025-06-10,Login
30664,SE,92075,2025-10-11,Feature Request
30664,SE,92076,2025-11-18,Other
30665,SE,92077,2025-04-20,Login
30665,SE,92078,2025-05-19,Bug
30666,SW,92079,2025-08-23,Billing
30667,NE,92080,2025-07-19,Other
30668,W,92081,2025-05-31,Billing
30668,W,92082,2025-05-04,Feature Request
30668,W,92083,2025-02-01,Feature Request
30668,W,92084,2025-11-06,Feature Request
30669,SW,92085,2025-11-12,Feature Request
30669,SW,92086,2025-03-01,Other
30670,W,92087,2025-03-21,Feature Request
30671,NE,92088,2025-09-15,Other
30671,SE,92089,2025-02-15,Bug
30671,SE,92090,2025-03-14,Other
30671,SE,92091,2025-12-03,Login
30672,NE,92092,2025-11-22,Feature Request
30672,NE,92093,2025-03-25,Billing
30672,NE,92094,2025-11-25,Feature Request
30673,MW,92095,2025-02-01,Billing
30673,MW,92096,2025-12-05,Login
30673,MW,92097,2025-11-16,Billing
30673,NE,92098,2025-04-24,Billing
30673,NE,92099,2025-08-25,Feature Request
30674,SW,92100,2025-08-21,Other
30675,W,92101,2025-09-22,Other
30675,SE,92102,2025-11-12,Billing
30675,SW,92103,2025-05-06,Login
30675,SW,92104,2025-05-10,Feature Request
30675,SW,92105,2025-09-13,Login
30676,W,92106,2025-04-25,Bug
30677,MW,92107,2025-05-04,Bug
30677,MW,92108,2025-07-25,Login
30678,NE,92109,2025-11-15,Bug
30678,NE,92110,2025-01-31,Login
30678,SW,92111,2025-10-13,Feature Request
30678,SW,92112,2025-11-02,Other
30678,W,92113,2025-09-13,Billing
30678,W,92114,2025-02-05,Feature Request
30678,W,92115,2025-06-11,Other
30678,W,92116,2025-10-21,Bug
30679,NE,92117,2025-07-26,Feature Request
30679,SW,92118,2025-06-27,Other
30679,SW,92119,2025-04-30,Other
30679,SW,92120,2025-04-28,Login
30680,SW,92121,2025-07-28,Billing
30680,MW,92122,2025-09-07,Bug
30681,SE,92123,2025-11-11,Bug
30682,SE,92124,2025-04-17,Login
30683,W,92125,2025-01-07,Billing
30683,W,92126,2025-01-12,Billing
30683,W,92127,2025-12-15,Other
30683,SE,92128,2025-01-07,Feature Request
30683,SE,92129,2025-01-12,Feature Request
30684,MW,92130,2025-02-26,Billing
30684,SE,92131,2025-08-21,Billing
30684,W,92132,2025-04-05,Feature Request
30684,W,92133,2025-02-25,Billing
30685,NE,92134,2025-05-27,Feature Request
30685,NE,92135,2025-03-28,Other
30685,NE,92136,2025-07-06,Feature Request
30685,MW,92137,2025-08-21,Other
30686,MW,92138,2025-08-12,Feature Request
30686,MW,92139,2025-01-04,Login
30686,W,92140,2025-04-22,Login
30686,W,92141,2025-05-21,Bug
30686,W,92142,2025-05-20,Other
30687,W,92143,2025-04-05,Login
30687,W,92144,2025-01-02,Login
30688,SE,92145,2025-12-17,Feature Request
30688,W,92146,2025-04-30,Other
30688,W,92147,2025-09-27,Other
30689,SE,92148,2025-10-18,Billing
30689,SE,92149,2025-01-09,Bug
30690,NE,92150,2025-11-08,Bug
30690,NE,92151,2025-01-10,Login
30691,SE,92152,2025-06-22,Login
30691,SE,92153,2025-01-11,Other
30692,W,92154,2025-09-22,Billing
30692,W,92155,2025-03-24,Feature Request
30692,W,92156,2025-12-11,Other
30692,W,92157,2025-08-09,Bug
30692,MW,92158,2025-03-30,Other
30693,SE,92159,2025-01-15,Feature Request
30693,SE,92160,2025-11-30,Login
30693,SE,92161,2025-01-21,Billing
30693,SE,92162,2025-05-17,Billing
30694,NE,92163,2025-12-29,Bug
30694,NE,92164,2025-08-04,Other
30695,SE,92165,2025-06-28,Other
30695,SE,92166,2025-10-20,Billing
30695,NE,92167,2025-12-08,Billing
30696,SW,92168,2025-11-03,Billing
30697,W,92169,2025-04-06,Login
30697,W,92170,2025-03-06,Login
30697,W,92171,2025-12-23,Billing
30697,NE,92172,2025-06-07,Billing
30697,NE,92173,2025-06-05,Bug
30698,NE,92174,2025-01-10,Login
30699,W,92175,2025-05-04,Feature Request
30699,W,92176,2025-12-12,Billing
30700,MW,92177,2025-08-25,Other
30700,NE,92178,2025-01-17,Feature Request
30700,NE,92179,2025-01-23,Bug
30700,NE,92180,2025-01-09,Other
30700,NE,92181,2025-11-27,Login
30700,NE,92182,2025-01-27,Other
30701,SE,92183,2025-07-07,Feature Request
30701,SE,92184,2025-01-09,Billing
30701,SE,92185,2025-04-02,Other
30702,MW,92186,2025-12-06,Feature Request
30703,SW,92187,2025-11-29,Bug
30703,SW,92188,2025-08-06,Other
30703,SW,92189,2025-10-12,Login
30704,NE,92190,2025-03-29,Billing
30704,NE,92191,2025-10-21,Other
30704,NE,92192,2025-02-08,Bug
30704,NE,92193,2025-04-20,Other
30705,W,92194,2025-08-09,Login
30705,MW,92195,2025-02-21,Billing
30705,MW,92196,2025-02-04,Other
30705,SW,92197,2025-11-30,Other
30706,SE,92198,2025-04-21,Billing
30706,SE,92199,2025-06-26,Login
30707,MW,92200,2025-10-02,Login
30707,SE,92201,2025-04-15,Feature Request
30708,SW,92202,2025-12-02,Billing
30709,W,92203,2025-10-23,Login
30709,SW,92204,2025-12-21,Other
30709,SW,92205,2025-11-23,Login
30709,SW,92206,2025-03-06,Other
30710,NE,92207,2025-02-27,Feature Request
30710,W,92208,2025-04-22,Bug
30711,NE,92209,2025-12-19,Feature Request
30711,NE,92210,2025-12-28,Bug
30711,NE,92211,2025-01-04,Login
30711,MW,92212,2025-01-26,Login
30711,MW,92213,2025-01-27,Billing
30712,SW,92214,2025-03-12,Login
30712,SW,92215,2025-03-13,Billing
30713,NE,92216,2025-12-27,Feature Request
30713,NE,92217,2025-09-25,Billing
30713,NE,92218,2025-04-05,Bug
30713,NE,92219,2025-12-23,Feature Request
30714,SW,92220,2025-11-11,Other
30714,SW,92221,2025-06-13,Other
30714,SW,92222,2025-10-05,Login
30715,W,92223,2025-11-02,Feature Request
30715,NE,92224,2025-08-16,Login
30715,NE,92225,2025-08-08,Feature Request
30715,MW,92226,2025-12-24,Feature Request
30715,MW,92227,2025-09-09,Bug
30715,MW,92228,2025-12-27,Feature Request
30715,MW,92229,2025-05-21,Other
30715,MW,92230,2025-06-02,Bug
30716,SW,92231,2025-02-24,Login
30716,NE,92232,2025-11-27,Billing
30717,NE,92233,2025-12-08,Other
30717,W,92234,2025-04-22,Bug
30717,SW,92235,2025-08-18,Login
30717,SW,92236,2025-06-12,Other
30718,SW,92237,2025-09-10,Other
30718,SW,92238,2025-07-18,Other
30718,SW,92239,2025-05-02,Other
30719,SE,92240,2025-09-21,Bug
30719,SE,92241,2025-12-25,Feature Request
30719,SE,92242,2025-08-22,Other
30719,SE,92243,2025-07-15,Bug
30719,MW,92244,2025-04-16,Other
30719,MW,92245,2025-01-22,Feature Request
30719,MW,92246,2025-08-02,Billing
30720,MW,92247,2025-10-12,Bug
30720,SW,92248,2025-02-11,Feature Request
30720,W,92249,2025-03-18,Billing
30720,W,92250,2025-08-08,Feature Request
30720,W,92251,2025-07-06,Feature Request
30720,W,92252,2025-12-06,Login
30720,W,92253,2025-03-18,Billing
30721,SW,92254,2025-11-30,Other
30722,SE,92255,2025-09-03,Other
30723,NE,92256,2025-03-29,Bug
30723,NE,92257,2025-07-17,Login
30723,NE,92258,2025-08-11,Other
30723,NE,92259,2025-05-31,Billing
30723,SE,92260,2025-03-14,Login
30723,SE,92261,2025-03-18,Login
30724,W,92262,2025-03-06,Login
30724,SW,92263,2025-12-23,Billing
30724,SW,92264,2025-06-13,Login
30724,SW,92265,2025-08-27,Feature Request
30725,NE,92266,2025-01-09,Feature Request
30725,NE,92267,2025-03-31,Feature Request
30725,NE,92268,2025-11-08,Bug
30725,NE,92269,2025-05-10,Other
30725,NE,92270,2025-07-03,Login
30725,SW,92271,2025-08-12,Bug
30726,SW,92272,2025-01-12,Billing
30726,SW,92273,2025-07-14,Other
30726,SW,92274,2025-06-03,Feature Request
30727,NE,92275,2025-03-31,Other
30727,MW,92276,2025-03-13,Login
30727,MW,92277,2025-06-26,Feature Request
30728,MW,92278,2025-09-20,Other
30728,MW,92279,2025-04-15,Feature Request
30728,MW,92280,2025-03-13,Billing
30728,MW,92281,2025-05-23,Billing
30729,SE,92282,2025-02-15,Other
30729,SE,92283,2025-04-15,Other
30729,SE,92284,2025-11-13,Login
30729,SE,92285,2025-02-12,Feature Request
30729,SE,92286,2025-04-09,Billing
30730,SW,92287,2025-11-07,Other
30731,SW,92288,2025-07-04,Bug
30731,NE,92289,2025-09-29,Login
30732,SW,92290,2025-04-12,Billing
30732,SW,92291,2025-08-15,Login
30732,NE,92292,2025-01-22,Bug
30733,NE,92293,2025-08-17,Billing
30733,SE,92294,2025-12-09,Bug
30734,SW,92295,2025-05-23,Billing
30735,SE,92296,2025-12-24,Other
30735,SW,92297,2025-01-24,Other
30735,SW,92298,2025-08-28,Feature Request
30735,SW,92299,2025-11-01,Billing
30736,NE,92300,2025-02-17,Login
30737,SW,92301,2025-12-24,Bug
30737,SE,92302,2025-09-19,Login
30737,SE,92303,2025-03-09,Feature Request
30737,SE,92304,2025-09-21,Billing
30738,MW,92305,2025-07-21,Feature Request
30738,MW,92306,2025-02-22,Bug
30739,NE,92307,2025-09-13,Billing
30740,MW,92308,2025-08-08,Feature Request
30741,W,92309,2025-05-09,Bug
30741,W,92310,2025-09-28,Billing
30742,NE,92311,2025-01-22,Billing
30742,SW,92312,2025-02-17,Other
30742,SW,92313,2025-11-25,Bug
30742,SW,92314,2025-09-30,Billing
30743,W,92315,2025-12-05,Bug
30743,NE,92316,2025-06-28,Other
30744,NE,92317,2025-02-18,Bug
30744,NE,92318,2025-09-12,Other
30745,NE,92319,2025-10-04,Billing
30745,NE,92320,2025-11-25,Billing
30745,SW,92321,2025-03-17,Other
30745,SW,92322,2025-09-06,Feature Request
30745,SW,92323,2025-05-14,Billing
30745,SW,92324,2025-12-31,Feature Request
30746,SE,92325,2025-03-04,Feature Request
30747,SW,92326,2025-09-15,Login
30747,SW,92327,2025-10-30,Feature Request
30747,SE,92328,2025-02-21,Bug
30748,W,92329,2025-11-02,Other
30748,W,92330,2025-02-11,Feature Request
30748,SE,92331,2025-11-23,Login
30748,SE,92332,2025-02-02,Feature Request
30748,SE,92333,2025-04-24,Feature Request
30748,SW,92334,2025-04-24,Feature Request
30749,MW,92335,2025-02-25,Feature Request
30749,MW,92336,2025-07-31,Login
30749,MW,92337,2025-02-03,Feature Request
30749,MW,92338,2025-05-05,Login
30749,W,92339,2025-03-24,Login
30749,W,92340,2025-01-27,Login
30750,SW,92341,2025-07-26,Other
30750,SW,92342,2025-11-02,Feature Request
30750,SW,92343,2025-08-01,Billing
30750,SW,92344,2025-02-06,Billing
30751,MW,92345,2025-10-20,Bug
30751,MW,92346,2025-06-09,Other
30751,MW,92347,2025-01-12,Login
30751,SW,92348,2025-11-08,Login
30751,W,92349,2025-02-27,Other
30752,SE,92350,2025-09-17,Login
30752,MW,92351,2025-09-05,Bug
30753,SW,92352,2025-02-15,Feature Request
30753,SW,92353,2025-05-08,Feature Request
30754,W,92354,2025-04-10,Login
30754,W,92355,2025-10-27,Feature Request
30755,SW,92356,2025-04-12,Billing
30755,SW,92357,2025-04-01,Other
30755,SW,92358,2025-12-31,Other
30755,SW,92359,2025-03-30,Login
30755,MW,92360,2025-07-25,Login
30756,W,92361,2025-11-14,Feature Request
30756,W,92362,2025-03-08,Bug
30756,W,92363,2025-02-15,Bug
30756,SW,92364,2025-02-12,Other
30756,SW,92365,2025-10-28,Feature Request
30756,SW,92366,2025-08-22,Login
30756,SW,92367,2025-12-02,Login
30757,MW,92368,2025-11-14,Bug
30757,MW,92369,2025-10-03,Billing
30757,MW,92370,2025-12-23,Feature Request
30757,SW,92371,2025-04-18,Other
30758,SE,92372,2025-09-17,Bug
30758,SE,92373,2025-12-06,Billing
30758,SW,92374,2025-04-10,Login
30759,SE,92375,2025-05-23,Feature Request
30759,SW,92376,2025-08-12,Other
30760,NE,92377,2025-08-05,Other
30760,NE,92378,2025-12-21,Billing
30760,NE,92379,2025-08-05,Bug
30761,MW,92380,2025-05-31,Other
30761,MW,92381,2025-02-04,Other
30762,MW,92382,2025-04-29,Other
30762,MW,92383,2025-02-23,Bug
30763,W,92384,2025-09-19,Billing
30763,W,92385,2025-03-23,Other
30763,W,92386,2025-06-23,Login
30763,W,92387,2025-05-19,Login
30763,W,92388,2025-05-18,Login
30763,SE,92389,2025-04-26,Feature Request
30764,SW,92390,2025-12-12,Login
30764,SW,92391,2025-08-07,Billing
30765,SW,92392,2025-09-15,Login
30765,SW,92393,2025-10-16,Feature Request
30765,SW,92394,2025-04-13,Feature Request
30765,NE,92395,2025-05-29,Feature Request
30766,SE,92396,2025-01-26,Login
30766,SE,92397,2025-05-22,Billing
30766,NE,92398,2025-10-29,Billing
30767,MW,92399,2025-05-15,Feature Request
30767,MW,92400,2025-11-15,Bug
30767,MW,92401,2025-12-21,Feature Request
30767,NE,92402,2025-02-11,Feature Request
30768,NE,92403,2025-05-06,Feature Request
30769,W,92404,2025-10-23,Bug
30769,W,92405,2025-10-25,Other
30769,SE,92406,2025-09-18,Other
30770,SE,92407,2025-03-02,Feature Request
30771,MW,92408,2025-10-24,Login
30771,NE,92409,2025-07-25,Feature Request
30772,NE,92410,2025-04-14,Billing
30772,NE,92411,2025-06-14,Login
30773,SW,92412,2025-10-25,Billing
30773,SW,92413,2025-10-16,Billing
30774,NE,92414,2025-04-02,Feature Request
30774,NE,92415,2025-03-28,Billing
30774,SE,92416,2025-05-04,Bug
30774,SE,92417,2025-02-01,Other
30775,NE,92418,2025-02-08,Billing
30776,NE,92419,2025-08-03,Feature Request
30777,NE,92420,2025-09-01,Billing
30777,NE,92421,2025-12-23,Bug
30777,NE,92422,2025-11-16,Bug
30777,SE,92423,2025-12-23,Other
30777,SE,92424,2025-05-16,Other
30777,SE,92425,2025-04-11,Feature Request
30778,NE,92426,2025-06-04,Billing
30778,W,92427,2025-03-29,Login
30779,SW,92428,2025-05-10,Login
30779,SW,92429,2025-03-01,Bug
30779,SE,92430,2025-01-17,Other
30779,SE,92431,2025-02-07,Feature Request
30780,SW,92432,2025-12-26,Login
30780,SW,92433,2025-09-10,Feature Request
30780,W,92434,2025-04-22,Login
30781,MW,92435,2025-10-04,Bug
30781,MW,92436,2025-01-23,Feature Request
30781,SE,92437,2025-07-04,Other
30782,MW,92438,2025-10-10,Other
30782,MW,92439,2025-11-23,Bug
30783,W,92440,2025-06-18,Other
30783,W,92441,2025-11-10,Feature Request
30783,W,92442,2025-07-16,Bug
30784,SE,92443,2025-08-08,Billing
30784,SE,92444,2025-07-04,Other
30785,W,92445,2025-03-12,Login
30785,SE,92446,2025-12-17,Login
30785,SE,92447,2025-11-27,Login
30785,SE,92448,2025-06-17,Bug
30785,SE,92449,2025-08-24,Billing
30785,SE,92450,2025-09-05,Other
30785,MW,92451,2025-11-08,Login
30785,MW,92452,2025-07-01,Bug
30785,MW,92453,2025-04-15,Billing
30786,MW,92454,2025-03-01,Feature Request
30786,MW,92455,2025-10-26,Feature Request
30786,MW,92456,2025-06-04,Other
30786,SW,92457,2025-01-23,Login
30787,SW,92458,2025-05-02,Other
30788,MW,92459,2025-05-21,Feature Request
30788,MW,92460,2025-12-06,Billing
30788,MW,92461,2025-11-16,Login
30788,MW,92462,2025-08-02,Feature Request
30789,MW,92463,2025-02-17,Other
30789,MW,92464,2025-01-17,Bug
30789,NE,92465,2025-12-11,Other
30789,NE,92466,2025-03-26,Billing
30789,NE,92467,2025-07-27,Other
30789,W,92468,2025-04-06,Feature Request
30790,NE,92469,2025-09-07,Other
30791,SE,92470,2025-05-16,Login
30791,SE,92471,2025-10-28,Login
30791,SE,92472,2025-06-18,Other
30791,SE,92473,2025-07-17,Bug
30791,SE,92474,2025-04-16,Other
30791,W,92475,2025-12-25,Bug
30791,W,92476,2025-10-07,Login
30792,NE,92477,2025-04-16,Bug
30792,MW,92478,2025-02-04,Other
30793,W,92479,2025-09-30,Feature Request
30793,W,92480,2025-08-28,Other
30793,NE,92481,2025-04-03,Other
30794,W,92482,2025-11-02,Billing
30794,W,92483,2025-01-24,Other
30795,W,92484,2025-09-09,Bug
30795,NE,92485,2025-12-21,Login
30795,NE,92486,2025-02-24,Bug
30795,NE,92487,2025-11-19,Feature Request
30796,MW,92488,2025-01-02,Feature Request
30796,SW,92489,2025-05-28,Other
30796,SW,92490,2025-11-15,Billing
30796,SW,92491,2025-03-24,Billing
30796,SW,92492,2025-06-05,Other
30796,SW,92493,2025-04-17,Feature Request
30796,NE,92494,2025-07-07,Login
30797,W,92495,2025-04-22,Billing
30797,W,92496,2025-05-13,Login
30797,SE,92497,2025-12-12,Other
30798,SW,92498,2025-05-23,Login
30798,SW,92499,2025-09-17,Other
30798,W,92500,2025-12-06,Bug
30798,W,92501,2025-05-29,Feature Request
30798,W,92502,2025-03-27,Login
30798,W,92503,2025-09-12,Billing
30798,W,92504,2025-01-07,Bug
30799,MW,92505,2025-01-28,Billing
30799,MW,92506,2025-10-10,Other
30799,MW,92507,2025-09-08,Feature Request
30799,SE,92508,2025-07-07,Bug
30799,SE,92509,2025-03-10,Bug
30799,NE,92510,2025-07-12,Bug
30799,NE,92511,2025-07-01,Feature Request
30800,NE,92512,2025-11-23,Other
30800,NE,92513,2025-05-23,Bug
30800,NE,92514,2025-05-12,Bug
30800,SE,92515,2025-05-14,Billing
30800,SE,92516,2025-06-28,Billing
30800,SE,92517,2025-01-18,Bug
30800,SE,92518,2025-04-07,Billing
30801,W,92519,2025-10-27,Bug
30801,W,92520,2025-12-13,Login
30801,W,92521,2025-09-04,Other
30801,W,92522,2025-11-23,Feature Request
30801,W,92523,2025-11-05,Feature Request
30802,SE,92524,2025-06-26,Bug
30802,NE,92525,2025-08-16,Bug
30802,NE,92526,2025-11-18,Billing
30802,NE,92527,2025-09-05,Login
30802,NE,92528,2025-08-04,Login
30802,NE,92529,2025-09-14,Billing
30803,MW,92530,2025-11-07,Other
30803,W,92531,2025-09-28,Login
30804,SE,92532,2025-09-02,Other
30805,SE,92533,2025-03-07,Feature Request
30805,SW,92534,2025-05-17,Billing
30805,SW,92535,2025-07-13,Billing
30805,SW,92536,2025-05-25,Login
30806,NE,92537,2025-03-13,Billing
30806,NE,92538,2025-07-11,Feature Request
30806,NE,92539,2025-06-06,Feature Request
30806,MW,92540,2025-01-16,Feature Request
30806,MW,92541,2025-01-02,Other
30806,MW,92542,2025-05-12,Feature Request
30806,SE,92543,2025-10-24,Feature Request
30806,SE,92544,2025-01-31,Billing
30807,MW,92545,2025-06-04,Login
30807,MW,92546,2025-02-20,Billing
30807,W,92547,2025-04-05,Bug
30807,W,92548,2025-01-12,Bug
30807,SE,92549,2025-02-14,Billing
30808,SW,92550,2025-07-24,Bug
30808,SW,92551,2025-11-24,Other
30808,SW,92552,2025-02-10,Bug
30809,SW,92553,2025-10-05,Other
30809,SW,92554,2025-07-14,Login
30810,NE,92555,2025-11-04,Bug
30810,NE,92556,2025-07-18,Feature Request
30810,MW,92557,2025-10-02,Bug
30810,MW,92558,2025-05-26,Other
30810,SE,92559,2025-12-29,Login
30810,SE,92560,2025-08-18,Other
30810,SE,92561,2025-06-11,Other
30811,SE,92562,2025-12-31,Bug
30811,NE,92563,2025-02-20,Login
30812,W,92564,2025-05-03,Billing
30812,W,92565,2025-08-04,Other
30812,W,92566,2025-03-09,Billing
30813,SE,92567,2025-05-22,Bug
30813,SE,92568,2025-02-10,Bug
30813,SW,92569,2025-04-04,Bug
30813,SW,92570,2025-08-16,Billing
30813,SW,92571,2025-08-27,Feature Request
30813,W,92572,2025-03-15,Feature Request
30814,SE,92573,2025-06-18,Login
30814,MW,92574,2025-06-18,Other
30814,MW,92575,2025-07-25,Other
30814,MW,92576,2025-01-09,Login
30815,SE,92577,2025-12-12,Bug
30815,SE,92578,2025-06-01,Feature Request
30815,NE,92579,2025-07-05,Billing
30815,NE,92580,2025-04-24,Billing
30816,NE,92581,2025-01-29,Bug
30816,SW,92582,2025-01-02,Feature Request
30817,SE,92583,2025-08-19,Billing
30817,SE,92584,2025-04-27,Login
30818,W,92585,2025-10-24,Bug
30819,SW,92586,2025-12-03,Billing
30819,SW,92587,2025-03-28,Other
30819,SW,92588,2025-01-22,Billing
30820,MW,92589,2025-11-01,Feature Request
30820,MW,92590,2025-09-29,Billing
30820,MW,92591,2025-11-20,Feature Request
30820,SE,92592,2025-10-05,Bug
30821,SE,92593,2025-12-07,Login
30821,SE,92594,2025-08-20,Login
30822,NE,92595,2025-03-21,Billing
30822,NE,92596,2025-02-24,Login
30823,SW,92597,2025-10-18,Login
30824,NE,92598,2025-02-03,Login
30824,SE,92599,2025-11-29,Feature Request
30825,W,92600,2025-09-09,Feature Request
30825,W,92601,2025-05-05,Bug
30825,SW,92602,2025-11-13,Billing
30825,SW,92603,2025-02-04,Other
30825,NE,92604,2025-11-09,Bug
30825,NE,92605,2025-01-12,Other
30826,SE,92606,2025-10-26,Bug
30826,SE,92607,2025-03-18,Feature Request
30826,SE,92608,2025-07-25,Feature Request
30827,MW,92609,2025-02-28,Billing
30827,MW,92610,2025-09-11,Bug
30827,MW,92611,2025-10-04,Other
30828,MW,92612,2025-08-08,Login
30828,MW,92613,2025-04-11,Billing
30828,NE,92614,2025-08-06,Bug
30828,NE,92615,2025-03-16,Bug
30828,NE,92616,2025-08-25,Billing
30829,SE,92617,2025-12-05,Billing
30830,NE,92618,2025-06-14,Other
30830,NE,92619,2025-07-30,Other
30830,NE,92620,2025-10-04,Billing
30831,W,92621,2025-08-21,Feature Request
30831,W,92622,2025-03-24,Login
30832,SE,92623,2025-09-28,Bug
30832,SE,92624,2025-05-21,Bug
30832,SE,92625,2025-05-04,Other
30833,SE,92626,2025-07-27,Bug
30833,SE,92627,2025-07-25,Bug
30834,W,92628,2025-10-15,Bug
30835,SW,92629,2025-12-09,Other
30835,SW,92630,2025-07-29,Login
30836,W,92631,2025-10-15,Bug
30836,SW,92632,2025-12-31,Bug
30836,SW,92633,2025-07-07,Other
30836,SE,92634,2025-03-09,Other
30836,SE,92635,2025-03-31,Other
30837,W,92636,2025-06-13,Login
30837,W,92637,2025-07-25,Billing
30837,W,92638,2025-09-08,Billing
30838,NE,92639,2025-12-21,Other
30838,NE,92640,2025-10-23,Billing
30838,MW,92641,2025-11-24,Billing
30838,MW,92642,2025-03-14,Login
30839,SE,92643,2025-04-04,Feature Request
30839,W,92644,2025-04-09,Other
30839,W,92645,2025-08-17,Feature Request
30839,W,92646,2025-10-12,Other
30839,W,92647,2025-06-08,Login
30839,W,92648,2025-03-12,Other
30840,NE,92649,2025-07-08,Feature Request
30840,NE,92650,2025-04-10,Billing
30840,NE,92651,2025-06-06,Other
30841,NE,92652,2025-09-19,Other
30841,NE,92653,2025-06-10,Other
30841,NE,92654,2025-01-18,Bug
30841,W,92655,2025-09-27,Feature Request
30842,MW,92656,2025-01-30,Feature Request
30842,MW,92657,2025-11-05,Login
30843,W,92658,2025-06-13,Feature Request
30843,MW,92659,2025-05-02,Billing
30843,MW,92660,2025-01-10,Feature Request
30843,SW,92661,2025-06-21,Other
30844,NE,92662,2025-08-01,Login
30844,NE,92663,2025-08-20,Feature Request
30845,MW,92664,2025-06-09,Other
30845,MW,92665,2025-03-02,Billing
30846,MW,92666,2025-03-31,Billing
30847,NE,92667,2025-01-03,Other
30847,NE,92668,2025-04-08,Billing
30847,SE,92669,2025-12-06,Billing
30847,SE,92670,2025-10-24,Billing
30847,SE,92671,2025-12-24,Feature Request
30847,MW,92672,2025-01-06,Billing
30848,SE,92673,2025-07-04,Billing
30848,SE,92674,2025-09-09,Login
30848,SE,92675,2025-02-10,Login
30848,SW,92676,2025-01-03,Feature Request
30849,SW,92677,2025-06-20,Login
30849,SE,92678,2025-03-24,Billing
30850,W,92679,2025-06-28,Other
30850,W,92680,2025-03-27,Login
30850,W,92681,2025-12-19,Feature Request
30851,SW,92682,2025-09-07,Feature Request
30851,MW,92683,2025-08-02,Bug
30851,MW,92684,2025-06-06,Other
30851,MW,92685,2025-06-08,Other
30852,SE,92686,2025-11-18,Bug
30852,SE,92687,2025-02-14,Login
30853,NE,92688,2025-01-22,Bug
30853,MW,92689,2025-08-30,Other
30853,MW,92690,2025-08-26,Other
30854,SE,92691,2025-09-30,Bug
30855,MW,92692,2025-01-07,Login
30855,MW,92693,2025-12-23,Feature Request
30855,MW,92694,2025-09-13,Bug
30856,SW,92695,2025-09-07,Other
30857,W,92696,2025-03-28,Feature Request
30858,MW,92697,2025-08-10,Other
30858,MW,92698,2025-03-13,Billing
30858,MW,92699,2025-02-28,Feature Request
30858,NE,92700,2025-08-09,Other
30858,NE,92701,2025-06-30,Other
30858,NE,92702,2025-05-09,Bug
30858,NE,92703,2025-06-21,Other
30859,NE,92704,2025-09-27,Other
30860,W,92705,2025-06-12,Bug
30860,W,92706,2025-01-24,Login
30860,W,92707,2025-07-12,Login
30860,NE,92708,2025-10-21,Login
30861,W,92709,2025-02-10,Feature Request
30861,W,92710,2025-12-27,Other
30861,W,92711,2025-12-31,Other
30862,W,92712,2025-07-05,Billing
30862,W,92713,2025-03-02,Feature Request
30862,SE,92714,2025-04-21,Other
30863,W,92715,2025-05-21,Login
30864,NE,92716,2025-01-23,Feature Request
30865,SE,92717,2025-04-28,Billing
30865,MW,92718,2025-10-14,Bug
30866,W,92719,2025-08-19,Bug
30866,W,92720,2025-01-04,Feature Request
30867,NE,92721,2025-09-07,Login
30867,NE,92722,2025-11-29,Other
30867,NE,92723,2025-06-07,Login
30867,NE,92724,2025-11-21,Bug
30867,NE,92725,2025-01-29,Billing
30868,W,92726,2025-12-01,Login
30868,NE,92727,2025-04-04,Other
30868,NE,92728,2025-11-18,Bug
30869,MW,92729,2025-10-23,Bug
30869,MW,92730,2025-09-03,Login
30869,NE,92731,2025-02-01,Feature Request
30869,NE,92732,2025-02-22,Bug
30869,NE,92733,2025-07-14,Login
30869,NE,92734,2025-07-14,Other
30869,W,92735,2025-12-11,Billing
30869,W,92736,2025-01-01,Other
30870,NE,92737,2025-07-02,Other
30870,NE,92738,2025-12-16,Login
30871,W,92739,2025-06-06,Other
30871,W,92740,2025-12-28,Feature Request
30872,SE,92741,2025-07-20,Other
30872,SW,92742,2025-10-26,Billing
30873,SW,92743,2025-03-17,Feature Request
30874,MW,92744,2025-11-02,Feature Request
30875,MW,92745,2025-03-02,Feature Request
30875,MW,92746,2025-12-26,Bug
30876,SE,92747,2025-11-29,Billing
30876,MW,92748,2025-03-24,Other
30876,MW,92749,2025-08-07,Feature Request
30877,W,92750,2025-09-11,Billing
30877,NE,92751,2025-03-29,Login
30877,NE,92752,2025-06-29,Login
30877,NE,92753,2025-03-06,Feature Request
30877,NE,92754,2025-01-21,Login
30878,MW,92755,2025-12-29,Other
30878,MW,92756,2025-02-05,Billing
30878,MW,92757,2025-05-29,Login
30879,W,92758,2025-04-01,Feature Request
30880,W,92759,2025-09-03,Bug
30881,MW,92760,2025-09-28,Billing
30881,MW,92761,2025-02-13,Other
30881,NE,92762,2025-04-07,Feature Request
30882,SE,92763,2025-06-17,Bug
30883,W,92764,2025-01-30,Billing
30884,W,92765,2025-03-26,Other
30884,W,92766,2025-05-01,Other
30884,W,92767,2025-09-30,Login
30884,W,92768,2025-12-20,Billing
30884,SE,92769,2025-08-13,Feature Request
30884,SE,92770,2025-05-03,Other
30884,SE,92771,2025-05-23,Bug
30885,SE,92772,2025-06-18,Login
30885,SE,92773,2025-02-11,Other
30886,SW,92774,2025-04-29,Login
30886,SW,92775,2025-11-08,Bug
30886,NE,92776,2025-12-09,Feature Request
30886,NE,92777,2025-12-07,Other
30886,NE,92778,2025-12-03,Other
30886,NE,92779,2025-09-21,Billing
30887,W,92780,2025-01-11,Feature Request
30887,W,92781,2025-09-08,Billing
30887,W,92782,2025-08-06,Bug
30887,W,92783,2025-12-03,Billing
30888,NE,92784,2025-10-20,Feature Request
30888,NE,92785,2025-07-27,Feature Request
30888,NE,92786,2025-07-05,Other
30888,NE,92787,2025-11-11,Feature Request
30889,SW,92788,2025-10-20,Other
30890,MW,92789,2025-06-10,Billing
30890,W,92790,2025-12-05,Feature Request
30890,W,92791,2025-05-23,Login
30891,W,92792,2025-04-17,Feature Request
30891,W,92793,2025-02-19,Bug
30891,SE,92794,2025-08-12,Feature Request
30892,NE,92795,2025-07-10,Feature Request
30892,MW,92796,2025-07-03,Other
30892,MW,92797,2025-10-24,Bug
30892,MW,92798,2025-10-31,Billing
30893,NE,92799,2025-02-08,Login
30893,NE,92800,2025-08-29,Login
30893,NE,92801,2025-11-12,Other
30894,W,92802,2025-12-08,Billing
30894,MW,92803,2025-08-28,Billing
30894,MW,92804,2025-12-06,Feature Request
30894,MW,92805,2025-09-10,Bug
30895,NE,92806,2025-04-21,Login
30895,NE,92807,2025-08-12,Billing
30896,SE,92808,2025-02-21,Other
30896,SE,92809,2025-10-31,Bug
30896,SE,92810,2025-04-28,Bug
30897,SW,92811,2025-10-06,Login
30897,SE,92812,2025-05-07,Other
30898,SE,92813,2025-01-07,Other
30899,SW,92814,2025-12-04,Billing
30899,SW,92815,2025-08-15,Login
30900,SE,92816,2025-10-02,Other
30900,SE,92817,2025-10-19,Other
30901,MW,92818,2025-03-01,Login
30902,MW,92819,2025-03-30,Login
30902,MW,92820,2025-04-08,Billing
30902,MW,92821,2025-04-14,Feature Request
30902,MW,92822,2025-08-23,Bug
30902,MW,92823,2025-10-01,Other
30903,SE,92824,2025-08-27,Feature Request
30903,MW,92825,2025-04-25,Feature Request
30904,SW,92826,2025-01-12,Login
30904,SW,92827,2025-12-28,Login
30905,W,92828,2025-06-27,Feature Request
30905,W,92829,2025-09-16,Login
30905,SW,92830,2025-03-09,Bug
30906,SW,92831,2025-05-10,Billing
30906,SW,92832,2025-03-16,Billing
30906,SW,92833,2025-12-23,Billing
30906,NE,92834,2025-08-06,Feature Request
30906,NE,92835,2025-05-10,Billing
30907,SE,92836,2025-05-24,Feature Request
30907,SE,92837,2025-11-09,Other
30908,MW,92838,2025-10-04,Login
30908,MW,92839,2025-11-10,Other
30909,MW,92840,2025-09-06,Login
30910,SW,92841,2025-06-05,Bug
30910,SW,92842,2025-05-12,Billing
30910,W,92843,2025-07-14,Bug
30910,W,92844,2025-03-30,Billing
30910,W,92845,2025-04-15,Feature Request
30911,SW,92846,2025-03-10,Login
30912,W,92847,2025-10-29,Login
30912,SW,92848,2025-01-25,Login
30912,SW,92849,2025-02-04,Other
30912,SW,92850,2025-01-15,Billing
30912,SW,92851,2025-08-06,Billing
30913,SE,92852,2025-12-10,Bug
30914,SE,92853,2025-10-12,Other
30914,SE,92854,2025-10-07,Bug
30914,NE,92855,2025-06-23,Login
30914,NE,92856,2025-02-13,Login
30914,NE,92857,2025-06-03,Login
30914,NE,92858,2025-10-18,Billing
30914,NE,92859,2025-05-22,Billing
30915,W,92860,2025-09-12,Login
30916,W,92861,2025-08-11,Other
30917,MW,92862,2025-05-05,Other
30917,MW,92863,2025-04-11,Bug
30917,MW,92864,2025-11-30,Feature Request
30917,W,92865,2025-12-23,Bug
30917,W,92866,2025-10-10,Billing
30917,W,92867,2025-01-22,Billing
30917,SE,92868,2025-07-31,Feature Request
30917,SE,92869,2025-01-17,Feature Request
30918,SE,92870,2025-01-14,Billing
30918,SE,92871,2025-01-01,Feature Request
30918,W,92872,2025-04-01,Billing
30918,W,92873,2025-11-08,Other
30918,W,92874,2025-08-02,Bug
30919,MW,92875,2025-03-15,Billing
30919,MW,92876,2025-02-18,Feature Request
30920,MW,92877,2025-11-12,Login
30920,SE,92878,2025-07-28,Bug
30921,SW,92879,2025-07-07,Billing
30921,SW,92880,2025-06-24,Feature Request
30922,W,92881,2025-08-13,Login
30922,W,92882,2025-02-05,Other
30922,W,92883,2025-05-21,Feature Request
30922,SE,92884,2025-05-31,Other
30922,SE,92885,2025-12-10,Feature Request
30922,SE,92886,2025-08-10,Login
30923,SW,92887,2025-08-13,Login
30923,SW,92888,2025-06-03,Login
30923,SW,92889,2025-02-08,Login
30923,SW,92890,2025-09-01,Other
30923,NE,92891,2025-03-02,Login
30923,NE,92892,2025-07-17,Feature Request
30923,NE,92893,2025-06-21,Feature Request
30924,SE,92894,2025-09-28,Billing
30924,SE,92895,2025-07-08,Feature Request
30925,W,92896,2025-06-01,Bug
30926,SW,92897,2025-04-24,Login
30926,SW,92898,2025-08-10,Other
30926,SW,92899,2025-02-23,Billing
30927,SW,92900,2025-10-23,Bug
30927,SW,92901,2025-02-11,Other
30927,W,92902,2025-09-17,Login
30927,W,92903,2025-12-22,Feature Request
30928,NE,92904,2025-07-11,Other
30928,SE,92905,2025-10-23,Feature Request
30928,SE,92906,2025-12-07,Bug
30928,SE,92907,2025-02-16,Login
30928,SE,92908,2025-08-26,Login
30929,SW,92909,2025-01-05,Other
30929,SW,92910,2025-11-24,Bug
30930,SE,92911,2025-06-14,Other
30931,NE,92912,2025-10-24,Feature Request
30931,NE,92913,2025-12-09,Other
30931,W,92914,2025-01-25,Other
30931,W,92915,2025-04-15,Other
30932,SW,92916,2025-05-16,Feature Request
30932,NE,92917,2025-01-04,Login
30932,NE,92918,2025-11-12,Bug
30932,NE,92919,2025-07-24,Bug
30932,MW,92920,2025-11-20,Login
30933,NE,92921,2025-05-30,Login
30933,W,92922,2025-05-19,Feature Request
30934,SW,92923,2025-05-07,Other
30934,SW,92924,2025-08-19,Feature Request
30935,W,92925,2025-08-18,Feature Request
30935,W,92926,2025-01-09,Billing
30935,W,92927,2025-07-19,Other
30935,W,92928,2025-07-09,Other
30936,W,92929,2025-09-28,Login
30936,W,92930,2025-01-20,Login
30936,W,92931,2025-05-10,Billing
30937,NE,92932,2025-05-11,Feature Request
30937,NE,92933,2025-08-29,Login
30937,NE,92934,2025-11-06,Login
30937,NE,92935,2025-04-25,Other
30937,W,92936,2025-04-12,Billing
30937,MW,92937,2025-11-15,Login
30938,W,92938,2025-01-25,Login
30938,W,92939,2025-05-23,Other
30939,W,92940,2025-05-25,Other
30939,MW,92941,2025-06-30,Bug
30939,MW,92942,2025-05-18,Login
30939,MW,92943,2025-07-04,Login
30940,NE,92944,2025-02-06,Feature Request
30940,NE,92945,2025-10-23,Billing
30941,SE,92946,2025-09-11,Login
30941,SE,92947,2025-05-28,Feature Request
30941,SE,92948,2025-06-08,Feature Request
30941,SE,92949,2025-09-25,Login
30941,SE,92950,2025-05-06,Login
30941,W,92951,2025-04-27,Feature Request
30942,NE,92952,2025-05-29,Other
30942,NE,92953,2025-07-08,Other
30942,SE,92954,2025-04-15,Billing
30942,SE,92955,2025-09-09,Feature Request
30943,SW,92956,2025-10-08,Other
30943,SE,92957,2025-10-09,Feature Request
30943,SE,92958,2025-12-24,Bug
30944,NE,92959,2025-07-22,Feature Request
30945,SW,92960,2025-10-08,Feature Request
30946,NE,92961,2025-09-14,Feature Request
30947,SW,92962,2025-10-06,Bug
30947,NE,92963,2025-12-28,Login
30947,NE,92964,2025-07-06,Feature Request
30947,SE,92965,2025-01-30,Login
30948,W,92966,2025-10-31,Bug
30948,SE,92967,2025-05-07,Feature Request
30949,MW,92968,2025-08-01,Billing
30949,SW,92969,2025-05-14,Other
30950,NE,92970,2025-08-07,Other
30950,W,92971,2025-11-15,Other
30950,W,92972,2025-07-07,Feature Request
30951,NE,92973,2025-06-11,Login
30951,NE,92974,2025-10-31,Login
30951,SE,92975,2025-06-11,Billing
30951,SE,92976,2025-02-05,Bug
30952,MW,92977,2025-05-31,Login
30952,MW,92978,2025-02-16,Billing
30952,MW,92979,2025-07-23,Feature Request
30953,SW,92980,2025-05-28,Bug
30953,SW,92981,2025-07-08,Other
30953,W,92982,2025-07-31,Feature Request
30953,W,92983,2025-03-16,Feature Request
30953,NE,92984,2025-03-03,Billing
30953,NE,92985,2025-03-21,Feature Request
30953,NE,92986,2025-05-10,Login
30954,MW,92987,2025-09-11,Other
30955,MW,92988,2025-07-21,Other
30955,MW,92989,2025-03-28,Bug
30956,NE,92990,2025-10-16,Feature Request
30956,MW,92991,2025-06-29,Feature Request
30957,MW,92992,2025-03-14,Bug
30957,MW,92993,2025-07-01,Billing
30957,MW,92994,2025-01-18,Bug
30958,SW,92995,2025-01-07,Bug
30959,NE,92996,2025-04-24,Feature Request
30959,SE,92997,2025-03-25,Bug
30960,W,92998,2025-12-27,Other
30961,NE,92999,2025-04-03,Feature Request
30961,SW,93000,2025-11-12,Other
30961,SW,93001,2025-09-08,Other
30962,NE,93002,2025-12-31,Feature Request
30962,NE,93003,2025-06-16,Feature Request
30962,NE,93004,2025-04-04,Other
30963,MW,93005,2025-03-05,Feature Request
30963,MW,93006,2025-04-04,Other
30963,MW,93007,2025-09-29,Bug
30964,W,93008,2025-05-12,Login
30965,SE,93009,2025-06-23,Feature Request
30965,SE,93010,2025-02-21,Billing
30965,SE,93011,2025-08-25,Other
30965,SE,93012,2025-10-07,Feature Request
30965,SE,93013,2025-09-11,Login
30966,W,93014,2025-12-25,Billing
30966,W,93015,2025-04-11,Feature Request
30966,SW,93016,2025-09-14,Feature Request
30967,SW,93017,2025-12-28,Other
30967,SW,93018,2025-07-23,Other
30967,SW,93019,2025-09-16,Other
30968,SW,93020,2025-06-04,Other
30968,SW,93021,2025-04-10,Login
30968,W,93022,2025-04-23,Feature Request
30968,W,93023,2025-05-25,Bug
30969,NE,93024,2025-09-25,Bug
30970,NE,93025,2025-10-26,Bug
30970,NE,93026,2025-06-26,Feature Request
30970,SE,93027,2025-04-03,Login
30970,SE,93028,2025-10-26,Bug
30970,SE,93029,2025-08-19,Other
30971,SW,93030,2025-09-12,Other
30971,SW,93031,2025-02-04,Other
30971,MW,93032,2025-06-25,Billing
30971,MW,93033,2025-10-03,Other
30971,SE,93034,2025-04-27,Billing
30971,SE,93035,2025-07-23,Billing
30972,SW,93036,2025-08-03,Login
30972,SW,93037,2025-12-15,Login
30972,SW,93038,2025-12-22,Other
30972,MW,93039,2025-09-12,Bug
30973,SW,93040,2025-12-28,Bug
30973,SW,93041,2025-09-05,Billing
30974,SE,93042,2025-09-06,Bug
30975,SE,93043,2025-12-22,Login
30975,SE,93044,2025-08-29,Other
30976,W,93045,2025-08-17,Other
30976,W,93046,2025-01-27,Login
30976,SW,93047,2025-09-24,Login
30977,W,93048,2025-08-08,Billing
30977,W,93049,2025-02-18,Login
30978,W,93050,2025-01-20,Other
30979,SW,93051,2025-02-08,Other
30979,MW,93052,2025-03-05,Login
30980,MW,93053,2025-07-28,Bug
30981,NE,93054,2025-01-19,Billing
30981,SW,93055,2025-07-25,Bug
30982,SW,93056,2025-06-16,Login
30982,SW,93057,2025-11-12,Bug
30983,SE,93058,2025-02-18,Bug
30983,SE,93059,2025-03-02,Bug
30983,SE,93060,2025-05-23,Other
30984,NE,93061,2025-07-20,Other
30984,NE,93062,2025-07-30,Other
30984,SE,93063,2025-07-09,Feature Request
30985,MW,93064,2025-11-21,Other
30985,MW,93065,2025-06-06,Feature Request
30985,MW,93066,2025-09-30,Feature Request
30985,MW,93067,2025-07-25,Billing
30986,MW,93068,2025-01-06,Login
30986,MW,93069,2025-06-09,Login
30986,W,93070,2025-07-24,Bug
30987,NE,93071,2025-11-22,Login
30987,NE,93072,2025-12-26,Login
30987,NE,93073,2025-04-16,Billing
30988,NE,93074,2025-12-08,Billing
30989,MW,93075,2025-09-27,Other
30989,MW,93076,2025-02-18,Billing
30989,SE,93077,2025-11-02,Feature Request
30989,SE,93078,2025-10-06,Billing
30990,SE,93079,2025-08-19,Other
30990,NE,93080,2025-08-02,Feature Request
30990,NE,93081,2025-10-03,Login
30990,NE,93082,2025-07-04,Billing
30991,SE,93083,2025-05-01,Login
30991,NE,93084,2025-04-29,Other
30992,SE,93085,2025-10-09,Bug
30992,SE,93086,2025-04-16,Other
30992,SE,93087,2025-11-14,Login
30992,SE,93088,2025-11-19,Feature Request
30993,NE,93089,2025-10-18,Feature Request
30993,NE,93090,2025-07-12,Bug
30993,NE,93091,2025-04-11,Feature Request
30993,NE,93092,2025-02-12,Login
30993,SE,93093,2025-11-07,Other
30993,SE,93094,2025-04-03,Login
30994,W,93095,2025-06-12,Billing
30994,W,93096,2025-12-17,Feature Request
30995,W,93097,2025-01-28,Bug
30996,SW,93098,2025-03-27,Feature Request
30996,SW,93099,2025-04-27,Feature Request
30996,SW,93100,2025-01-15,Bug
30996,SE,93101,2025-11-14,Other
30996,W,93102,2025-10-09,Other
30997,MW,93103,2025-07-04,Feature Request
30997,MW,93104,2025-03-07,Other
30998,NE,93105,2025-11-12,Bug
30998,SE,93106,2025-08-16,Feature Request
30998,MW,93107,2025-04-11,Feature Request
30999,NE,93108,2025-05-19,Login
31000,MW,93109,2025-05-11,Other
31001,SW,93110,2025-04-21,Login
31001,NE,93111,2025-09-07,Billing
31002,SW,93112,2025-07-27,Billing
31002,SW,93113,2025-09-14,Bug
31002,SE,93114,2025-04-23,Login
31002,SE,93115,2025-05-15,Login
31002,SE,93116,2025-10-21,Bug
31003,NE,93117,2025-07-25,Login
31003,NE,93118,2025-09-16,Feature Request
31003,SE,93119,2025-08-13,Login
31003,SE,93120,2025-02-13,Feature Request
31004,SW,93121,2025-01-26,Other
31004,SE,93122,2025-02-28,Other
31005,NE,93123,2025-11-01,Login
31005,MW,93124,2025-03-11,Billing
31005,MW,93125,2025-09-28,Login
31006,SE,93126,2025-05-05,Bug
31006,SE,93127,2025-04-29,Billing
31006,MW,93128,2025-09-02,Login
31006,MW,93129,2025-02-13,Feature Request
31007,NE,93130,2025-08-24,Bug
31007,W,93131,2025-09-14,Login
31008,SW,93132,2025-10-11,Feature Request
31008,SW,93133,2025-12-27,Bug
31008,SW,93134,2025-04-04,Feature Request
31009,SW,93135,2025-01-22,Billing
31010,W,93136,2025-06-06,Login
31010,W,93137,2025-07-21,Feature Request
31011,NE,93138,2025-07-16,Other
31011,NE,93139,2025-03-20,Feature Request
31011,SW,93140,2025-06-04,Other
31011,SW,93141,2025-12-09,Other
31011,MW,93142,2025-02-21,Bug
31011,MW,93143,2025-05-27,Login
31011,MW,93144,2025-12-16,Billing
31011,MW,93145,2025-09-30,Bug
31012,W,93146,2025-05-05,Feature Request
31012,W,93147,2025-09-13,Bug
31012,W,93148,2025-01-21,Bug
31012,W,93149,2025-12-28,Login
31012,MW,93150,2025-09-23,Feature Request
31012,MW,93151,2025-02-24,Feature Request
31012,NE,93152,2025-02-20,Billing
31012,NE,93153,2025-09-30,Feature Request
31013,NE,93154,2025-03-02,Bug
31014,NE,93155,2025-12-17,Login
31014,NE,93156,2025-12-02,Billing
31014,NE,93157,2025-02-17,Login
31014,NE,93158,2025-12-08,Login
31014,SE,93159,2025-03-11,Feature Request
31014,SE,93160,2025-01-10,Login
31015,SW,93161,2025-03-21,Other
31015,SE,93162,2025-11-10,Feature Request
31015,NE,93163,2025-11-20,Feature Request
31016,SE,93164,2025-03-27,Other
31016,SE,93165,2025-05-24,Bug
31017,SW,93166,2025-03-04,Bug
31017,SW,93167,2025-06-07,Login
31017,W,93168,2025-10-13,Bug
31018,W,93169,2025-11-19,Login
31018,SW,93170,2025-12-23,Other
31018,SW,93171,2025-12-28,Other
31018,SW,93172,2025-07-23,Feature Request
31018,SW,93173,2025-07-27,Billing
31018,NE,93174,2025-10-18,Billing
31018,NE,93175,2025-05-25,Billing
31018,NE,93176,2025-10-27,Login
31019,SW,93177,2025-04-12,Login
31019,SW,93178,2025-11-24,Login
31019,SW,93179,2025-05-09,Other
31020,SW,93180,2025-12-25,Login
31020,SE,93181,2025-01-27,Login
31020,SE,93182,2025-06-13,Other
31020,SE,93183,2025-12-22,Bug
31021,SW,93184,2025-05-31,Billing
31021,SW,93185,2025-09-03,Login
31022,SW,93186,2025-10-13,Bug
31022,SE,93187,2025-12-24,Bug
31022,MW,93188,2025-02-19,Bug
31023,SE,93189,2025-08-14,Billing
31023,SW,93190,2025-06-04,Billing
31023,SW,93191,2025-04-21,Bug
31023,SW,93192,2025-10-23,Other
31023,SW,93193,2025-09-13,Billing
31023,SW,93194,2025-06-04,Bug
31023,W,93195,2025-06-16,Bug
31024,NE,93196,2025-12-11,Login
31024,SE,93197,2025-10-21,Other
31024,SE,93198,2025-12-04,Feature Request
31024,MW,93199,2025-12-10,Other
31025,MW,93200,2025-04-29,Other
31025,MW,93201,2025-03-26,Login
31026,W,93202,2025-08-13,Feature Request
31026,MW,93203,2025-10-07,Bug
31026,MW,93204,2025-10-13,Feature Request
31026,MW,93205,2025-06-30,Bug
31027,W,93206,2025-04-19,Billing
31027,MW,93207,2025-10-18,Billing
31027,MW,93208,2025-04-13,Login
31028,MW,93209,2025-04-27,Feature Request
31028,MW,93210,2025-11-06,Other
31029,NE,93211,2025-01-27,Bug
31029,NE,93212,2025-01-13,Billing
31029,NE,93213,2025-08-12,Other
31029,MW,93214,2025-05-16,Other
31029,MW,93215,2025-05-25,Billing
31029,MW,93216,2025-08-13,Other
31030,SE,93217,2025-04-16,Feature Request
31030,SE,93218,2025-07-13,Billing
31031,SW,93219,2025-05-08,Other
31031,MW,93220,2025-05-31,Login
31031,MW,93221,2025-06-29,Other
31032,W,93222,2025-01-26,Login
31032,W,93223,2025-03-06,Bug
31032,W,93224,2025-01-21,Login
31033,MW,93225,2025-01-16,Other
31033,MW,93226,2025-10-25,Billing
31033,MW,93227,2025-02-10,Feature Request
31034,SW,93228,2025-05-05,Other
31035,SW,93229,2025-07-22,Billing
31035,W,93230,2025-02-11,Login
31035,W,93231,2025-09-06,Login
31035,W,93232,2025-09-29,Feature Request
31036,NE,93233,2025-07-28,Login
31037,SE,93234,2025-06-07,Login
31037,W,93235,2025-08-15,Other
31038,MW,93236,2025-01-24,Billing
31038,MW,93237,2025-02-27,Login
31039,SW,93238,2025-05-06,Other
31039,SW,93239,2025-10-02,Feature Request
31039,SW,93240,2025-10-28,Other
31039,SW,93241,2025-09-29,Feature Request
31039,SW,93242,2025-01-05,Other
31040,NE,93243,2025-02-21,Bug
31040,NE,93244,2025-05-31,Feature Request
31040,SE,93245,2025-11-01,Login
31041,MW,93246,2025-03-21,Billing
31041,SE,93247,2025-04-17,Billing
31042,SE,93248,2025-10-20,Other
31042,SE,93249,2025-04-26,Login
31043,MW,93250,2025-10-15,Feature Request
31043,MW,93251,2025-01-25,Bug
31043,SE,93252,2025-11-13,Feature Request
31044,MW,93253,2025-12-24,Feature Request
31044,MW,93254,2025-12-31,Billing
31044,NE,93255,2025-12-10,Bug
31044,NE,93256,2025-10-22,Other
31045,MW,93257,2025-01-21,Feature Request
31045,W,93258,2025-12-19,Login
31046,SW,93259,2025-01-01,Other
31046,SW,93260,2025-12-04,Billing
31046,SW,93261,2025-10-01,Login
31046,SW,93262,2025-02-27,Login
31046,SW,93263,2025-02-21,Feature Request
31047,SE,93264,2025-08-11,Bug
31048,NE,93265,2025-09-26,Login
31048,NE,93266,2025-11-19,Other
31048,NE,93267,2025-11-17,Other
31048,SE,93268,2025-05-13,Login
31048,SE,93269,2025-06-22,Other
31049,W,93270,2025-12-23,Feature Request
31049,W,93271,2025-06-11,Other
31049,W,93272,2025-07-09,Other
31050,SE,93273,2025-03-04,Feature Request
31050,SE,93274,2025-08-27,Feature Request
31050,SE,93275,2025-07-17,Other
31050,MW,93276,2025-06-20,Billing
31050,MW,93277,2025-07-28,Login
31051,MW,93278,2025-02-26,Login
31051,MW,93279,2025-11-04,Billing
31051,MW,93280,2025-05-21,Other
31051,SE,93281,2025-04-17,Other
31051,SE,93282,2025-03-29,Billing
31051,SE,93283,2025-10-28,Feature Request
31051,SE,93284,2025-02-15,Other
31052,NE,93285,2025-08-05,Login
31052,NE,93286,2025-10-29,Login
31052,MW,93287,2025-07-20,Feature Request
31052,W,93288,2025-12-14,Feature Request
31053,SW,93289,2025-03-29,Other
31053,SW,93290,2025-08-26,Login
31053,SW,93291,2025-12-24,Bug
31053,MW,93292,2025-06-10,Billing
31053,MW,93293,2025-10-18,Feature Request
31054,NE,93294,2025-03-07,Feature Request
31054,SE,93295,2025-01-26,Billing
31054,SW,93296,2025-03-18,Feature Request
31054,SW,93297,2025-02-05,Bug
31055,NE,93298,2025-10-05,Login
31056,NE,93299,2025-11-09,Bug
31056,NE,93300,2025-10-09,Bug
31056,MW,93301,2025-12-05,Feature Request
31056,MW,93302,2025-03-08,Billing
31057,SE,93303,2025-09-18,Bug
31057,SE,93304,2025-06-15,Bug
31058,NE,93305,2025-09-12,Feature Request
31059,SE,93306,2025-11-04,Bug
31059,NE,93307,2025-05-07,Bug
31060,W,93308,2025-11-17,Login
31060,MW,93309,2025-04-21,Other
31060,MW,93310,2025-05-17,Other
31061,NE,93311,2025-11-24,Other
31061,NE,93312,2025-10-04,Login
31061,SE,93313,2025-04-13,Bug
31061,MW,93314,2025-03-04,Feature Request
31062,SW,93315,2025-09-02,Other
31062,W,93316,2025-11-29,Bug
31062,W,93317,2025-07-29,Login
31062,W,93318,2025-06-21,Bug
31062,W,93319,2025-02-05,Other
31062,W,93320,2025-04-03,Bug
31063,MW,93321,2025-09-01,Other
31063,MW,93322,2025-07-06,Bug
31064,MW,93323,2025-07-26,Other
31064,MW,93324,2025-11-29,Billing
31064,MW,93325,2025-06-10,Other
31065,NE,93326,2025-10-21,Other
31065,NE,93327,2025-08-24,Login
31065,NE,93328,2025-04-24,Billing
31065,W,93329,2025-06-17,Other
31065,W,93330,2025-07-25,Other
31066,SE,93331,2025-12-08,Billing
31066,SE,93332,2025-04-01,Feature Request
31067,SW,93333,2025-08-02,Feature Request
31068,NE,93334,2025-02-26,Bug
31068,NE,93335,2025-07-14,Billing
31069,MW,93336,2025-03-26,Login
31070,NE,93337,2025-03-18,Billing
31070,NE,93338,2025-12-07,Login
31070,NE,93339,2025-06-23,Billing
31071,SE,93340,2025-01-21,Bug
31072,W,93341,2025-11-26,Login
31072,W,93342,2025-09-22,Billing
31072,W,93343,2025-09-26,Bug
31073,W,93344,2025-09-30,Login
31074,SE,93345,2025-09-29,Bug
31074,SE,93346,2025-05-31,Login
31074,SE,93347,2025-12-25,Other
31074,SW,93348,2025-12-08,Login
31074,W,93349,2025-04-15,Billing
31074,W,93350,2025-06-25,Other
31075,MW,93351,2025-09-10,Billing
31075,MW,93352,2025-11-30,Feature Request
31076,NE,93353,2025-01-11,Other
31077,W,93354,2025-06-13,Bug
31077,W,93355,2025-04-07,Other
31077,NE,93356,2025-12-05,Feature Request
31077,NE,93357,2025-08-12,Login
31077,NE,93358,2025-03-16,Bug
31077,NE,93359,2025-11-21,Billing
31078,SW,93360,2025-05-26,Login
31079,SW,93361,2025-01-03,Feature Request
31079,SW,93362,2025-09-14,Login
31079,SW,93363,2025-10-30,Other
31079,SW,93364,2025-12-08,Feature Request
31079,NE,93365,2025-10-02,Bug
31079,NE,93366,2025-12-05,Login
31079,W,93367,2025-08-01,Login
31079,W,93368,2025-10-09,Billing
31079,W,93369,2025-12-21,Other
31080,SW,93370,2025-03-11,Bug
31080,MW,93371,2025-03-11,Bug
31080,MW,93372,2025-07-27,Login
31081,MW,93373,2025-07-19,Bug
31081,MW,93374,2025-09-16,Other
31081,MW,93375,2025-12-07,Other
31082,NE,93376,2025-12-05,Other
31083,MW,93377,2025-09-02,Feature Request
31083,MW,93378,2025-11-05,Billing
31083,SE,93379,2025-08-22,Feature Request
31084,SW,93380,2025-01-18,Bug
31084,W,93381,2025-11-06,Other
31084,W,93382,2025-07-30,Login
31084,NE,93383,2025-11-15,Feature Request
31084,NE,93384,2025-04-25,Other
31085,MW,93385,2025-06-09,Bug
31085,MW,93386,2025-02-20,Billing
31086,W,93387,2025-10-11,Login
31086,NE,93388,2025-11-24,Other
31087,MW,93389,2025-04-20,Other
31088,MW,93390,2025-01-09,Other
31088,MW,93391,2025-03-23,Bug
31088,W,93392,2025-06-19,Billing
31088,W,93393,2025-11-16,Billing
31088,W,93394,2025-09-22,Feature Request
31088,NE,93395,2025-06-17,Login
31088,NE,93396,2025-04-23,Billing
31088,NE,93397,2025-05-28,Login
31089,SW,93398,2025-08-08,Billing
31090,W,93399,2025-02-02,Feature Request
31090,W,93400,2025-11-15,Login
31090,W,93401,2025-07-12,Login
31090,SW,93402,2025-06-29,Bug
31090,SW,93403,2025-01-06,Login
31090,MW,93404,2025-12-23,Other
31090,MW,93405,2025-06-12,Bug
31091,SW,93406,2025-05-28,Billing
31091,W,93407,2025-08-03,Feature Request
31091,W,93408,2025-07-01,Bug
31092,MW,93409,2025-10-30,Feature Request
31092,NE,93410,2025-09-23,Bug
31093,SW,93411,2025-03-16,Login
31093,W,93412,2025-02-09,Feature Request
31094,SW,93413,2025-04-06,Bug
31095,SE,93414,2025-05-13,Billing
31096,NE,93415,2025-09-02,Other
31097,NE,93416,2025-09-16,Billing
31097,NE,93417,2025-12-01,Other
31098,NE,93418,2025-02-22,Feature Request
31098,MW,93419,2025-07-06,Other
31098,MW,93420,2025-03-31,Login
31099,W,93421,2025-08-03,Login
31100,MW,93422,2025-02-20,Login
31100,MW,93423,2025-11-20,Feature Request
31100,MW,93424,2025-08-02,Bug
31100,MW,93425,2025-12-05,Login
31101,SW,93426,2025-10-12,Other
31101,SW,93427,2025-03-12,Other
31101,SW,93428,2025-02-07,Billing
31101,SW,93429,2025-11-11,Login
31101,MW,93430,2025-10-11,Feature Request
31101,SE,93431,2025-10-29,Bug
31101,SE,93432,2025-02-07,Other
31102,SE,93433,2025-08-26,Feature Request
31102,SW,93434,2025-07-23,Other
31102,SW,93435,2025-06-06,Bug
31102,SW,93436,2025-08-16,Billing
31102,SW,93437,2025-06-21,Billing
31103,W,93438,2025-01-07,Login
31103,W,93439,2025-10-28,Other
31103,SE,93440,2025-06-02,Login
31103,SW,93441,2025-07-02,Feature Request
31104,SW,93442,2025-05-17,Feature Request
31104,NE,93443,2025-03-31,Billing
31104,W,93444,2025-11-26,Billing
31104,W,93445,2025-07-28,Bug
31105,SE,93446,2025-10-15,Bug
31105,SE,93447,2025-05-16,Billing
31106,NE,93448,2025-06-04,Feature Request
31107,MW,93449,2025-06-16,Billing
31107,SE,93450,2025-06-28,Login
31108,W,93451,2025-02-19,Other
31108,MW,93452,2025-03-28,Login
31108,MW,93453,2025-10-02,Other
31108,MW,93454,2025-07-25,Login
31109,NE,93455,2025-10-05,Feature Request
31110,SW,93456,2025-12-19,Other
31110,SW,93457,2025-07-31,Bug
31110,NE,93458,2025-01-30,Bug
31111,SE,93459,2025-03-23,Other
31112,W,93460,2025-08-24,Feature Request
31112,W,93461,2025-12-27,Bug
31113,SE,93462,2025-09-10,Bug
31113,SE,93463,2025-01-30,Login
31113,NE,93464,2025-10-14,Login
31114,MW,93465,2025-09-01,Other
31114,MW,93466,2025-06-05,Feature Request
31114,SW,93467,2025-11-16,Other
31114,SW,93468,2025-01-19,Billing
31115,W,93469,2025-07-19,Login
31115,SW,93470,2025-05-01,Bug
31115,SW,93471,2025-12-12,Bug
31116,SE,93472,2025-09-18,Other
31116,SE,93473,2025-09-11,Feature Request
31117,W,93474,2025-07-23,Other
31117,SE,93475,2025-05-08,Feature Request
31117,SE,93476,2025-06-23,Other
31118,NE,93477,2025-12-21,Login
31119,SW,93478,2025-02-06,Other
31120,W,93479,2025-04-02,Feature Request
31120,W,93480,2025-07-24,Bug
31120,NE,93481,2025-03-29,Feature Request
31120,NE,93482,2025-07-30,Other
31120,NE,93483,2025-11-12,Other
31121,SW,93484,2025-03-08,Billing
31121,SW,93485,2025-12-01,Bug
31121,SW,93486,2025-05-08,Bug
31121,W,93487,2025-09-29,Other
31121,SE,93488,2025-02-03,Feature Request
31122,MW,93489,2025-10-27,Other
31122,MW,93490,2025-05-05,Login
31122,SW,93491,2025-07-25,Billing
31123,MW,93492,2025-02-04,Bug
31123,MW,93493,2025-09-03,Feature Request
31123,MW,93494,2025-11-05,Billing
31123,W,93495,2025-11-02,Other
31123,W,93496,2025-04-21,Bug
31124,SW,93497,2025-04-21,Login
31124,SW,93498,2025-04-16,Bug
31124,SW,93499,2025-01-26,Other
31124,SW,93500,2025-03-13,Feature Request
31124,SE,93501,2025-03-31,Other
31125,SW,93502,2025-06-10,Feature Request
31125,SE,93503,2025-09-18,Login
31125,SE,93504,2025-04-21,Feature Request
31125,SE,93505,2025-03-18,Login
31126,MW,93506,2025-01-13,Login
31126,MW,93507,2025-02-27,Billing
31127,W,93508,2025-12-10,Feature Request
31127,W,93509,2025-01-25,Billing
31127,W,93510,2025-05-20,Bug
31128,SW,93511,2025-12-28,Other
31129,W,93512,2025-12-29,Login
31129,W,93513,2025-11-12,Bug
31130,SW,93514,2025-08-06,Feature Request
31130,SW,93515,2025-07-15,Bug
31130,W,93516,2025-12-10,Other
31131,SW,93517,2025-02-09,Bug
31131,SW,93518,2025-03-02,Other
31132,NE,93519,2025-02-06,Feature Request
31132,NE,93520,2025-08-05,Login
31133,SW,93521,2025-08-04,Bug
31134,MW,93522,2025-04-16,Bug
31134,SE,93523,2025-06-17,Login
31134,SE,93524,2025-09-21,Feature Request
31135,SE,93525,2025-08-12,Bug
31135,SE,93526,2025-11-23,Billing
31136,SE,93527,2025-12-16,Bug
31136,SE,93528,2025-08-19,Other
31136,SE,93529,2025-04-16,Other
31136,NE,93530,2025-02-18,Bug
31137,W,93531,2025-09-20,Bug
31138,W,93532,2025-07-24,Other
31138,W,93533,2025-02-20,Login
31138,W,93534,2025-09-18,Other
31138,W,93535,2025-10-25,Other
31138,W,93536,2025-11-14,Login
31139,NE,93537,2025-03-15,Billing
31139,NE,93538,2025-08-07,Feature Request
31139,NE,93539,2025-05-11,Bug
31139,NE,93540,2025-07-11,Bug
31139,W,93541,2025-11-01,Other
31140,MW,93542,2025-11-26,Other
31140,MW,93543,2025-07-27,Other
31140,MW,93544,2025-07-31,Bug
31140,W,93545,2025-06-12,Billing
31141,W,93546,2025-12-07,Feature Request
31142,W,93547,2025-03-05,Billing
31142,NE,93548,2025-02-03,Bug
31143,SW,93549,2025-06-30,Bug
31143,SW,93550,2025-12-13,Billing
31143,SW,93551,2025-07-11,Bug
31143,SE,93552,2025-07-28,Other
31143,SE,93553,2025-06-15,Bug
31144,W,93554,2025-07-30,Feature Request
31144,W,93555,2025-05-13,Other
31144,W,93556,2025-12-13,Login
31144,W,93557,2025-03-05,Feature Request
31144,W,93558,2025-07-04,Bug
31145,SE,93559,2025-08-01,Other
31145,SE,93560,2025-04-29,Login
31145,NE,93561,2025-06-16,Billing
31146,MW,93562,2025-10-07,Bug
31146,MW,93563,2025-08-26,Billing
31146,SW,93564,2025-07-24,Other
31146,SW,93565,2025-11-10,Login
31146,SW,93566,2025-06-20,Billing
31146,SW,93567,2025-09-15,Other
31146,SW,93568,2025-01-16,Billing
31147,SE,93569,2025-12-02,Bug
31147,SE,93570,2025-04-21,Login
31147,MW,93571,2025-03-05,Login
31147,MW,93572,2025-09-24,Other
31147,MW,93573,2025-11-22,Bug
31148,W,93574,2025-02-17,Billing
31148,W,93575,2025-03-17,Feature Request
31148,W,93576,2025-03-09,Login
31148,W,93577,2025-03-05,Bug
31148,MW,93578,2025-07-01,Bug
31149,SE,93579,2025-08-02,Login
31149,SE,93580,2025-12-01,Billing
31149,W,93581,2025-10-19,Login
31149,W,93582,2025-12-22,Other
31149,W,93583,2025-01-22,Bug
31150,SW,93584,2025-10-19,Feature Request
31150,SW,93585,2025-01-29,Billing
31150,SW,93586,2025-06-09,Billing
31150,SW,93587,2025-02-07,Other
31150,NE,93588,2025-10-17,Login
31151,NE,93589,2025-06-22,Bug
31151,NE,93590,2025-07-10,Bug
31151,SW,93591,2025-05-03,Feature Request
31151,SW,93592,2025-11-29,Other
31152,SW,93593,2025-04-06,Billing
31152,SE,93594,2025-06-06,Other
31152,SE,93595,2025-06-22,Login
31153,SW,93596,2025-12-24,Billing
31153,MW,93597,2025-12-30,Billing
31154,W,93598,2025-11-15,Other
31154,MW,93599,2025-10-08,Login
31154,MW,93600,2025-05-04,Feature Request
31155,SW,93601,2025-10-05,Other
31155,W,93602,2025-02-04,Feature Request
31155,W,93603,2025-09-18,Feature Request
31156,SE,93604,2025-02-01,Billing
31157,W,93605,2025-05-25,Other
31157,SW,93606,2025-03-20,Feature Request
31158,SW,93607,2025-06-09,Bug
31158,SE,93608,2025-07-07,Other
31158,SE,93609,2025-07-29,Login
31159,NE,93610,2025-02-25,Login
31159,NE,93611,2025-04-16,Other
31159,NE,93612,2025-07-09,Bug
31160,W,93613,2025-10-05,Billing
31160,SW,93614,2025-05-03,Other
31161,SW,93615,2025-08-04,Other
31161,SW,93616,2025-01-27,Billing
31162,SW,93617,2025-09-10,Other
31163,MW,93618,2025-03-15,Feature Request
31163,MW,93619,2025-02-28,Bug
31163,MW,93620,2025-11-25,Other
31163,MW,93621,2025-01-10,Feature Request
31163,NE,93622,2025-03-03,Feature Request
31163,NE,93623,2025-09-19,Billing
31164,MW,93624,2025-08-20,Feature Request
31165,NE,93625,2025-01-16,Login
31165,MW,93626,2025-11-17,Bug
31165,MW,93627,2025-01-17,Login
31166,W,93628,2025-06-05,Feature Request
31166,SE,93629,2025-03-11,Bug
31167,W,93630,2025-02-18,Other
31167,MW,93631,2025-11-16,Feature Request
31167,MW,93632,2025-07-06,Bug
31167,MW,93633,2025-10-03,Billing
31168,W,93634,2025-01-16,Login
31168,W,93635,2025-11-12,Other
31169,NE,93636,2025-05-17,Bug
31170,W,93637,2025-12-25,Other
31170,W,93638,2025-04-14,Other
31170,NE,93639,2025-07-14,Feature Request
31171,W,93640,2025-09-28,Other
31171,W,93641,2025-05-12,Bug
31171,NE,93642,2025-12-25,Bug
31171,SE,93643,2025-09-05,Other
31171,SE,93644,2025-07-24,Bug
31172,MW,93645,2025-06-14,Other
31172,MW,93646,2025-09-11,Other
31172,MW,93647,2025-06-26,Bug
31172,MW,93648,2025-06-27,Feature Request
31172,MW,93649,2025-11-26,Other
31172,W,93650,2025-05-05,Login
31173,SE,93651,2025-12-11,Login
31174,SE,93652,2025-01-17,Login
31174,MW,93653,2025-12-19,Login
31175,W,93654,2025-08-05,Feature Request
31175,NE,93655,2025-07-20,Other
31175,NE,93656,2025-03-19,Other
31175,NE,93657,2025-11-25,Login
31176,NE,93658,2025-06-30,Feature Request
31176,NE,93659,2025-11-26,Bug
31176,NE,93660,2025-05-17,Bug
31176,NE,93661,2025-07-27,Login
31176,MW,93662,2025-02-23,Bug
31177,NE,93663,2025-04-28,Billing
31177,NE,93664,2025-04-15,Other
31178,SW,93665,2025-05-28,Billing
31178,SW,93666,2025-05-30,Billing
31178,MW,93667,2025-01-16,Other
31178,MW,93668,2025-07-12,Bug
31179,SW,93669,2025-03-15,Other
31179,SE,93670,2025-03-02,Other
31180,SW,93671,2025-01-24,Bug
31180,SW,93672,2025-09-15,Other
31180,NE,93673,2025-05-19,Login
31180,W,93674,2025-06-13,Feature Request
31180,W,93675,2025-01-23,Bug
31180,W,93676,2025-03-29,Bug
31181,MW,93677,2025-10-10,Other
31181,MW,93678,2025-02-18,Other
31181,MW,93679,2025-02-13,Feature Request
31182,NE,93680,2025-10-27,Bug
31182,SW,93681,2025-05-08,Billing
31183,MW,93682,2025-07-08,Billing
31183,MW,93683,2025-10-06,Login
31183,MW,93684,2025-05-05,Feature Request
31183,MW,93685,2025-11-07,Login
31183,SW,93686,2025-10-01,Billing
31183,SW,93687,2025-10-21,Bug
31183,NE,93688,2025-01-20,Bug
31183,NE,93689,2025-01-13,Login
31183,NE,93690,2025-07-25,Bug
31184,MW,93691,2025-10-31,Bug
31185,SW,93692,2025-04-03,Billing
31185,SW,93693,2025-03-07,Other
31185,SE,93694,2025-03-13,Billing
31185,SE,93695,2025-11-26,Other
31185,NE,93696,2025-08-06,Bug
31185,NE,93697,2025-02-01,Bug
31185,NE,93698,2025-04-30,Billing
31186,SE,93699,2025-04-28,Other
31186,NE,93700,2025-04-07,Billing
31187,SW,93701,2025-09-14,Feature Request
31188,W,93702,2025-05-25,Login
31188,W,93703,2025-03-11,Feature Request
31188,W,93704,2025-02-13,Feature Request
31189,MW,93705,2025-06-24,Other
31189,MW,93706,2025-03-17,Other
31189,MW,93707,2025-11-18,Other
31189,MW,93708,2025-01-18,Feature Request
31189,NE,93709,2025-02-11,Bug
31189,NE,93710,2025-05-14,Login
31189,NE,93711,2025-08-10,Other
31189,NE,93712,2025-10-21,Feature Request
31189,NE,93713,2025-11-02,Feature Request
31190,W,93714,2025-04-29,Bug
31190,W,93715,2025-12-16,Billing
31190,W,93716,2025-11-20,Login
31190,W,93717,2025-06-08,Feature Request
31191,W,93718,2025-11-16,Other
31191,SW,93719,2025-11-05,Login
31192,NE,93720,2025-01-26,Other
31193,MW,93721,2025-05-20,Billing
31193,W,93722,2025-06-30,Other
31193,W,93723,2025-06-12,Billing
31193,W,93724,2025-06-04,Feature Request
31194,NE,93725,2025-12-21,Billing
31194,NE,93726,2025-08-12,Other
31194,NE,93727,2025-10-07,Feature Request
31195,W,93728,2025-01-10,Feature Request
31195,SW,93729,2025-07-04,Billing
31195,SW,93730,2025-02-10,Bug
31196,NE,93731,2025-08-06,Login
31196,NE,93732,2025-06-20,Billing
31196,NE,93733,2025-10-09,Other
31196,NE,93734,2025-05-05,Login
31196,SE,93735,2025-09-22,Login
31196,SE,93736,2025-07-18,Feature Request
31196,SW,93737,2025-02-28,Billing
31197,SE,93738,2025-05-05,Bug
31197,SE,93739,2025-08-31,Login
31197,NE,93740,2025-07-29,Login
31197,MW,93741,2025-11-11,Other
31197,MW,93742,2025-06-17,Billing
31198,MW,93743,2025-05-14,Other
31198,SW,93744,2025-12-31,Other
31199,SW,93745,2025-08-10,Feature Request
31199,SW,93746,2025-05-29,Feature Request
31199,SW,93747,2025-11-09,Feature Request
31199,SW,93748,2025-09-19,Feature Request
31199,SW,93749,2025-05-14,Other
31200,NE,93750,2025-09-09,Feature Request
31200,NE,93751,2025-09-02,Login
31200,SE,93752,2025-11-21,Billing
31200,SE,93753,2025-12-09,Feature Request
31201,SW,93754,2025-02-06,Other
31201,SW,93755,2025-11-03,Billing
31201,SW,93756,2025-12-21,Billing
31201,SW,93757,2025-04-06,Bug
31202,SE,93758,2025-01-11,Billing
31203,SW,93759,2025-07-08,Login
31204,NE,93760,2025-01-13,Login
31204,NE,93761,2025-06-11,Feature Request
31204,NE,93762,2025-01-05,Billing
31205,SE,93763,2025-01-12,Feature Request
31205,SW,93764,2025-12-07,Other
31205,SW,93765,2025-08-13,Login
31205,SW,93766,2025-10-31,Bug
31206,NE,93767,2025-06-27,Feature Request
31206,W,93768,2025-02-15,Bug
31207,SE,93769,2025-12-22,Feature Request
31207,SE,93770,2025-05-21,Feature Request
31208,SW,93771,2025-05-30,Feature Request
31209,SE,93772,2025-05-10,Other
31209,SE,93773,2025-11-29,Bug
31209,SE,93774,2025-09-26,Login
31209,MW,93775,2025-05-17,Feature Request
31209,MW,93776,2025-12-17,Login
31209,SW,93777,2025-06-04,Other
31209,SW,93778,2025-05-10,Bug
31209,SW,93779,2025-02-26,Login
31209,SW,93780,2025-12-29,Bug
31210,SW,93781,2025-10-21,Bug
31210,SW,93782,2025-05-07,Bug
31210,SW,93783,2025-09-17,Billing
31211,MW,93784,2025-08-06,Feature Request
31212,NE,93785,2025-08-21,Login
31212,NE,93786,2025-06-17,Login
31212,NE,93787,2025-09-17,Billing
31213,SW,93788,2025-11-04,Billing
31213,SW,93789,2025-04-09,Login
31213,MW,93790,2025-08-21,Feature Request
31213,MW,93791,2025-04-03,Other
31214,SW,93792,2025-01-04,Other
31214,SW,93793,2025-06-16,Other
31214,SW,93794,2025-08-20,Bug
31214,MW,93795,2025-03-26,Login
31214,MW,93796,2025-05-03,Login
31215,SE,93797,2025-03-30,Feature Request
31215,SE,93798,2025-12-24,Other
31216,SW,93799,2025-09-10,Other
31216,SW,93800,2025-02-20,Billing
31217,SW,93801,2025-03-06,Billing
31217,W,93802,2025-03-13,Billing
31218,NE,93803,2025-06-17,Billing
31218,NE,93804,2025-05-23,Bug
31218,SW,93805,2025-01-10,Bug
31219,W,93806,2025-12-30,Feature Request
31220,NE,93807,2025-07-09,Feature Request
31220,SE,93808,2025-06-12,Bug
31220,SE,93809,2025-09-22,Billing
31220,W,93810,2025-10-28,Billing
31221,MW,93811,2025-12-31,Other
31221,MW,93812,2025-01-30,Bug
31221,MW,93813,2025-04-01,Bug
31222,W,93814,2025-11-26,Feature Request
31223,SE,93815,2025-06-23,Other
31223,SE,93816,2025-01-24,Login
31223,MW,93817,2025-08-07,Login
31223,SW,93818,2025-03-26,Feature Request
31223,SW,93819,2025-05-25,Other
31224,MW,93820,2025-08-08,Other
31225,MW,93821,2025-03-05,Feature Request
31225,MW,93822,2025-05-11,Login
31225,MW,93823,2025-02-07,Billing
31225,MW,93824,2025-08-06,Billing
31225,NE,93825,2025-09-03,Feature Request
31225,NE,93826,2025-10-23,Billing
31225,NE,93827,2025-04-15,Other
31225,NE,93828,2025-12-02,Feature Request
31226,SW,93829,2025-07-04,Feature Request
31226,SW,93830,2025-06-13,Feature Request
31226,SW,93831,2025-07-22,Other
31227,W,93832,2025-07-29,Bug
31227,W,93833,2025-04-11,Billing
31227,W,93834,2025-09-28,Bug
31227,W,93835,2025-02-18,Bug
31228,SE,93836,2025-12-16,Bug
31228,W,93837,2025-11-12,Other
31228,W,93838,2025-03-18,Feature Request
31228,SW,93839,2025-10-24,Other
31228,SW,93840,2025-07-17,Bug
31229,SW,93841,2025-10-14,Other
31229,SW,93842,2025-01-24,Feature Request
31230,SE,93843,2025-01-09,Feature Request
31230,SE,93844,2025-03-18,Billing
31230,SE,93845,2025-05-11,Other
31230,MW,93846,2025-03-31,Billing
31230,MW,93847,2025-04-27,Login
31231,NE,93848,2025-12-20,Bug
31231,NE,93849,2025-09-01,Feature Request
31231,NE,93850,2025-02-24,Other
31231,NE,93851,2025-02-24,Feature Request
31231,NE,93852,2025-07-04,Other
31232,NE,93853,2025-10-20,Feature Request
31233,SE,93854,2025-07-30,Billing
31233,SE,93855,2025-01-07,Feature Request
31233,SE,93856,2025-11-07,Feature Request
31234,NE,93857,2025-10-20,Feature Request
31234,NE,93858,2025-07-08,Bug
31234,SE,93859,2025-08-30,Billing
31234,SE,93860,2025-06-16,Billing
31235,SW,93861,2025-05-31,Feature Request
31236,SW,93862,2025-03-25,Feature Request
31236,SW,93863,2025-09-24,Billing
31236,SW,93864,2025-09-26,Other
31236,NE,93865,2025-06-26,Other
31236,NE,93866,2025-07-05,Feature Request
31236,NE,93867,2025-11-05,Other
31236,NE,93868,2025-02-11,Other
31237,W,93869,2025-10-27,Other
31238,NE,93870,2025-12-28,Other
31238,NE,93871,2025-10-21,Feature Request
31238,MW,93872,2025-06-30,Bug
31238,W,93873,2025-12-31,Feature Request
31238,W,93874,2025-08-06,Bug
31238,W,93875,2025-02-15,Feature Request
31238,W,93876,2025-04-15,Billing
31238,W,93877,2025-11-24,Bug
31239,NE,93878,2025-01-29,Other
31239,NE,93879,2025-09-08,Other
31240,SW,93880,2025-07-10,Bug
31240,NE,93881,2025-09-20,Other
31241,SW,93882,2025-03-05,Billing
31241,SW,93883,2025-11-16,Feature Request
31241,MW,93884,2025-09-25,Feature Request
31242,MW,93885,2025-10-19,Other
31242,MW,93886,2025-05-19,Other
31242,SW,93887,2025-03-26,Billing
31242,SW,93888,2025-09-08,Login
31242,SW,93889,2025-03-22,Bug
31242,SW,93890,2025-05-01,Bug
31243,SE,93891,2025-05-26,Billing
31243,SE,93892,2025-02-22,Login
31243,SE,93893,2025-10-22,Bug
31243,NE,93894,2025-07-19,Billing
31244,SW,93895,2025-02-06,Login
31244,SW,93896,2025-04-07,Login
31244,SW,93897,2025-01-10,Billing
31244,SW,93898,2025-06-02,Billing
31244,SW,93899,2025-02-10,Feature Request
31244,NE,93900,2025-09-15,Bug
31244,NE,93901,2025-07-21,Login
31245,SW,93902,2025-07-14,Other
31245,NE,93903,2025-05-27,Bug
31246,SE,93904,2025-10-09,Bug
31247,SW,93905,2025-02-20,Login
31247,SW,93906,2025-04-24,Login
31247,SW,93907,2025-04-30,Other
31248,NE,93908,2025-02-15,Bug
31248,SE,93909,2025-11-07,Billing
31248,SW,93910,2025-11-27,Bug
31248,SW,93911,2025-02-17,Login
31248,SW,93912,2025-02-25,Billing
31249,NE,93913,2025-09-02,Feature Request
31249,NE,93914,2025-09-30,Other
31249,W,93915,2025-05-11,Login
31249,W,93916,2025-07-31,Billing
31249,W,93917,2025-04-24,Feature Request
31250,SE,93918,2025-12-05,Other
31250,SE,93919,2025-07-27,Login
31250,W,93920,2025-05-13,Billing
31251,SW,93921,2025-12-30,Login
31251,SW,93922,2025-04-02,Login
31251,SW,93923,2025-08-26,Billing
31252,SE,93924,2025-10-01,Login
31253,MW,93925,2025-01-27,Login
31253,MW,93926,2025-04-18,Other
31254,MW,93927,2025-08-14,Feature Request
31254,MW,93928,2025-12-21,Bug
31254,SE,93929,2025-08-11,Login
31255,MW,93930,2025-04-14,Feature Request
31255,MW,93931,2025-11-28,Billing
31255,MW,93932,2025-10-16,Feature Request
31255,MW,93933,2025-02-06,Feature Request
31255,MW,93934,2025-09-01,Bug
31256,W,93935,2025-05-06,Login
31256,W,93936,2025-01-14,Bug
31257,NE,93937,2025-11-21,Billing
31258,SE,93938,2025-02-22,Login
31258,SE,93939,2025-12-04,Other
31258,SE,93940,2025-10-22,Other
31258,SE,93941,2025-03-10,Bug
31259,W,93942,2025-11-14,Other
31259,W,93943,2025-10-28,Bug
31259,SE,93944,2025-04-26,Billing
31259,SE,93945,2025-05-22,Login
31260,MW,93946,2025-04-16,Billing
31260,MW,93947,2025-03-01,Billing
31261,SW,93948,2025-05-02,Bug
31261,SW,93949,2025-07-22,Bug
31261,SW,93950,2025-05-27,Login
31261,NE,93951,2025-10-30,Bug
31262,SE,93952,2025-06-29,Other
31263,NE,93953,2025-08-30,Billing
31263,NE,93954,2025-05-04,Login
31264,MW,93955,2025-08-29,Feature Request
31265,SE,93956,2025-05-23,Login
31265,SE,93957,2025-06-16,Login
31266,W,93958,2025-05-18,Login
31267,SW,93959,2025-01-17,Feature Request
31268,NE,93960,2025-09-30,Bug
31268,SE,93961,2025-08-31,Feature Request
31268,SE,93962,2025-02-20,Billing
31269,W,93963,2025-12-16,Feature Request
31269,W,93964,2025-07-02,Login
31269,W,93965,2025-12-21,Billing
31270,NE,93966,2025-09-04,Feature Request
31270,MW,93967,2025-09-01,Login
31270,MW,93968,2025-08-17,Bug
31271,SE,93969,2025-08-06,Feature Request
31271,W,93970,2025-08-31,Billing
31271,W,93971,2025-03-19,Billing
31272,MW,93972,2025-01-24,Feature Request
31272,NE,93973,2025-10-17,Feature Request
31272,NE,93974,2025-09-16,Feature Request
31273,W,93975,2025-05-19,Other
31273,W,93976,2025-11-02,Billing
31274,SE,93977,2025-10-02,Feature Request
31274,SE,93978,2025-09-16,Login
31274,SE,93979,2025-08-15,Login
31274,SE,93980,2025-06-12,Feature Request
31275,MW,93981,2025-06-15,Login
31276,SE,93982,2025-11-16,Other
31276,SE,93983,2025-11-20,Bug
31276,SE,93984,2025-09-14,Billing
31277,NE,93985,2025-04-14,Feature Request
31277,NE,93986,2025-06-13,Login
31277,SE,93987,2025-04-13,Billing
31277,SE,93988,2025-02-06,Billing
31277,SE,93989,2025-07-06,Feature Request
31277,SE,93990,2025-01-21,Feature Request
31277,MW,93991,2025-05-09,Bug
31278,MW,93992,2025-07-06,Feature Request
31279,MW,93993,2025-07-18,Bug
31279,MW,93994,2025-04-18,Login
31279,MW,93995,2025-08-14,Billing
31280,W,93996,2025-07-28,Other
31280,SE,93997,2025-10-15,Billing
31281,SW,93998,2025-12-22,Login
31281,MW,93999,2025-07-10,Billing
31281,MW,94000,2025-06-03,Other
31281,MW,94001,2025-03-23,Bug
31282,W,94002,2025-08-09,Bug
31282,SE,94003,2025-10-07,Feature Request
31282,SE,94004,2025-01-12,Login
31282,SE,94005,2025-05-19,Bug
31283,MW,94006,2025-01-23,Login
31283,MW,94007,2025-08-08,Feature Request
31284,MW,94008,2025-08-25,Other
31285,SW,94009,2025-07-02,Feature Request
31285,NE,94010,2025-07-17,Billing
31286,SW,94011,2025-05-03,Other
31286,SW,94012,2025-02-03,Other
31287,W,94013,2025-11-09,Bug
31287,W,94014,2025-01-06,Other
31288,W,94015,2025-02-05,Login
31288,W,94016,2025-04-15,Feature Request
31289,SE,94017,2025-11-09,Bug
31290,MW,94018,2025-05-21,Login
31290,MW,94019,2025-11-03,Feature Request
31291,NE,94020,2025-11-05,Feature Request
31291,NE,94021,2025-05-13,Login
31291,NE,94022,2025-12-03,Other
31292,NE,94023,2025-01-19,Bug
31292,NE,94024,2025-12-29,Billing
31292,SW,94025,2025-11-06,Bug
31292,SW,94026,2025-07-18,Billing
31292,SW,94027,2025-02-25,Bug
31293,SW,94028,2025-04-07,Billing
31293,W,94029,2025-08-29,Billing
31293,W,94030,2025-12-13,Billing
31293,W,94031,2025-08-15,Bug
31294,NE,94032,2025-05-07,Feature Request
31294,SE,94033,2025-10-07,Other
31295,SE,94034,2025-11-12,Billing
31295,SE,94035,2025-01-06,Bug
31295,SE,94036,2025-09-23,Feature Request
31296,SE,94037,2025-04-07,Other
31296,SE,94038,2025-03-21,Login
31296,SE,94039,2025-05-18,Feature Request
31296,SE,94040,2025-12-05,Feature Request
31297,W,94041,2025-02-09,Billing
31297,W,94042,2025-03-15,Billing
31298,W,94043,2025-01-10,Feature Request
31298,SE,94044,2025-10-26,Bug
31299,NE,94045,2025-04-14,Billing
31299,NE,94046,2025-10-07,Login
31299,W,94047,2025-06-19,Other
31299,W,94048,2025-06-06,Login
31299,W,94049,2025-06-23,Billing
31300,W,94050,2025-05-12,Feature Request
31301,SE,94051,2025-03-24,Login
31301,SE,94052,2025-12-29,Other
31301,SE,94053,2025-09-08,Billing
31301,SW,94054,2025-04-16,Other
31301,MW,94055,2025-12-19,Billing
31301,MW,94056,2025-06-09,Billing
31301,MW,94057,2025-06-04,Bug
31302,MW,94058,2025-09-16,Feature Request
31302,MW,94059,2025-05-15,Other
31302,MW,94060,2025-05-11,Login
31302,MW,94061,2025-02-28,Billing
31303,SW,94062,2025-08-27,Login
31303,NE,94063,2025-11-11,Other
31304,SW,94064,2025-05-18,Bug
31304,SW,94065,2025-01-09,Bug
31304,SW,94066,2025-08-06,Other
31304,SE,94067,2025-08-25,Billing
31304,SE,94068,2025-03-03,Bug
31305,SW,94069,2025-01-10,Billing
31305,SW,94070,2025-03-28,Bug
31305,NE,94071,2025-07-23,Other
31305,NE,94072,2025-12-26,Login
31306,W,94073,2025-02-25,Login
31306,NE,94074,2025-08-31,Login
31306,NE,94075,2025-07-21,Other
31306,NE,94076,2025-05-17,Login
31307,NE,94077,2025-03-29,Bug
31307,SW,94078,2025-07-22,Billing
31307,SW,94079,2025-11-29,Login
31307,SW,94080,2025-07-27,Other
31307,SW,94081,2025-10-24,Bug
31308,NE,94082,2025-12-21,Bug
31309,NE,94083,2025-06-05,Billing
31309,NE,94084,2025-04-30,Login
31309,SE,94085,2025-11-18,Bug
31310,SE,94086,2025-03-03,Billing
31311,SW,94087,2025-02-09,Other
31311,SE,94088,2025-12-24,Billing
31311,SE,94089,2025-01-15,Feature Request
31312,SE,94090,2025-08-16,Bug
31312,SE,94091,2025-10-07,Login
31312,NE,94092,2025-02-17,Other
31312,NE,94093,2025-10-31,Login
31312,NE,94094,2025-09-04,Bug
31313,SE,94095,2025-01-18,Feature Request
31313,NE,94096,2025-09-08,Feature Request
31313,NE,94097,2025-11-17,Other
31314,SW,94098,2025-10-29,Billing
31314,SW,94099,2025-12-02,Other
31314,SW,94100,2025-05-30,Login
31315,SE,94101,2025-05-27,Billing
31315,W,94102,2025-08-24,Bug
31316,SW,94103,2025-01-13,Feature Request
31316,SW,94104,2025-11-19,Other
31316,W,94105,2025-04-10,Feature Request
31317,W,94106,2025-12-03,Feature Request
31317,SW,94107,2025-04-29,Other
31317,SW,94108,2025-03-09,Login
31318,SE,94109,2025-06-20,Feature Request
31319,NE,94110,2025-11-29,Feature Request
31319,NE,94111,2025-04-21,Billing
31320,W,94112,2025-07-11,Login
31320,W,94113,2025-08-17,Feature Request
31320,W,94114,2025-08-05,Feature Request
31320,W,94115,2025-09-21,Feature Request
31321,SE,94116,2025-03-27,Feature Request
31321,SE,94117,2025-11-01,Billing
31322,W,94118,2025-01-05,Billing
31322,W,94119,2025-04-12,Bug
31322,SE,94120,2025-01-02,Login
31323,NE,94121,2025-01-25,Login
31323,NE,94122,2025-08-11,Other
31323,NE,94123,2025-11-20,Bug
31324,NE,94124,2025-03-10,Other
31324,SW,94125,2025-09-29,Billing
31324,SW,94126,2025-04-17,Login
31324,SE,94127,2025-05-05,Bug
31324,SE,94128,2025-03-23,Feature Request
31324,SE,94129,2025-04-25,Login
31324,SE,94130,2025-10-14,Other
31324,SE,94131,2025-08-16,Billing
31325,SW,94132,2025-07-31,Billing
31325,SW,94133,2025-06-26,Other
31326,MW,94134,2025-02-19,Feature Request
31326,MW,94135,2025-08-21,Bug
31327,SE,94136,2025-01-20,Bug
31327,MW,94137,2025-08-03,Feature Request
31328,NE,94138,2025-04-21,Login
31328,NE,94139,2025-11-15,Billing
31328,NE,94140,2025-08-27,Login
31328,SW,94141,2025-10-31,Feature Request
31329,SW,94142,2025-06-12,Bug
31329,SW,94143,2025-12-23,Bug
31330,NE,94144,2025-03-01,Billing
31330,SE,94145,2025-12-22,Bug
31330,SE,94146,2025-03-14,Billing
31330,SE,94147,2025-09-13,Feature Request
31331,SW,94148,2025-03-29,Login
31331,MW,94149,2025-10-02,Feature Request
31331,MW,94150,2025-12-02,Billing
31332,W,94151,2025-05-01,Login
31332,W,94152,2025-12-28,Login
31333,MW,94153,2025-01-30,Billing
31333,MW,94154,2025-02-05,Other
31333,SW,94155,2025-08-11,Bug
31333,NE,94156,2025-05-04,Bug
31333,NE,94157,2025-06-30,Bug
31334,SE,94158,2025-02-06,Other
31334,MW,94159,2025-04-06,Bug
31334,NE,94160,2025-01-12,Billing
31335,SW,94161,2025-02-04,Login
31335,SW,94162,2025-09-08,Bug
31335,NE,94163,2025-02-07,Login
31336,SW,94164,2025-06-17,Login
31336,SW,94165,2025-11-24,Billing
31336,SW,94166,2025-10-28,Login
31336,SW,94167,2025-07-19,Other
31336,SW,94168,2025-12-18,Billing
31337,MW,94169,2025-01-13,Login
31337,MW,94170,2025-03-12,Login
31337,W,94171,2025-10-30,Other
31338,W,94172,2025-08-18,Other
31338,W,94173,2025-10-27,Billing
31339,MW,94174,2025-09-11,Bug
31339,MW,94175,2025-07-01,Feature Request
31339,MW,94176,2025-06-15,Feature Request
31340,MW,94177,2025-05-25,Other
31341,W,94178,2025-12-10,Billing
31341,W,94179,2025-04-15,Feature Request
31342,MW,94180,2025-11-10,Login
31342,MW,94181,2025-01-08,Bug
31342,SW,94182,2025-03-27,Feature Request
31343,SW,94183,2025-04-07,Login
31343,SW,94184,2025-11-11,Other
31343,SW,94185,2025-03-08,Feature Request
31343,W,94186,2025-12-15,Login
31344,SW,94187,2025-03-04,Bug
31344,W,94188,2025-02-20,Other
31344,W,94189,2025-05-09,Bug
31344,W,94190,2025-12-23,Bug
31345,W,94191,2025-04-04,Login
31345,W,94192,2025-04-13,Login
31346,SE,94193,2025-06-03,Other
31346,SE,94194,2025-04-28,Feature Request
31346,SE,94195,2025-12-29,Login
31347,MW,94196,2025-09-25,Login
31347,MW,94197,2025-08-14,Other
31348,NE,94198,2025-11-19,Feature Request
31348,NE,94199,2025-10-27,Other
31348,SE,94200,2025-01-07,Login
31348,SE,94201,2025-09-24,Other
31348,SE,94202,2025-08-02,Billing
31348,SW,94203,2025-03-24,Feature Request
31349,MW,94204,2025-07-22,Login
31349,MW,94205,2025-07-24,Feature Request
31349,MW,94206,2025-02-18,Other
31350,NE,94207,2025-02-22,Bug
31350,NE,94208,2025-02-02,Other
31350,MW,94209,2025-04-28,Feature Request
31351,NE,94210,2025-07-04,Bug
31351,NE,94211,2025-12-04,Other
31351,SW,94212,2025-05-10,Other
31352,SW,94213,2025-09-29,Bug
31352,SW,94214,2025-01-08,Bug
31353,SE,94215,2025-03-08,Bug
31353,SE,94216,2025-10-15,Login
31353,MW,94217,2025-01-25,Other
31353,MW,94218,2025-09-04,Login
31353,MW,94219,2025-10-08,Login
31353,MW,94220,2025-10-14,Feature Request
31354,SW,94221,2025-12-09,Bug
31355,SW,94222,2025-08-27,Feature Request
31355,SW,94223,2025-08-05,Login
31355,NE,94224,2025-02-13,Other
31356,NE,94225,2025-06-20,Other
31356,NE,94226,2025-08-18,Bug
31356,MW,94227,2025-05-11,Billing
31356,MW,94228,2025-08-14,Login
31356,SW,94229,2025-05-23,Billing
31356,SW,94230,2025-01-28,Other
31357,NE,94231,2025-07-31,Feature Request
31357,NE,94232,2025-03-21,Feature Request
31357,NE,94233,2025-11-24,Feature Request
31358,MW,94234,2025-04-29,Feature Request
31358,MW,94235,2025-10-09,Other
31358,MW,94236,2025-05-05,Other
31359,W,94237,2025-06-21,Billing
31359,NE,94238,2025-06-30,Bug
31360,MW,94239,2025-09-26,Login
31360,MW,94240,2025-11-12,Other
31360,NE,94241,2025-10-01,Other
31360,NE,94242,2025-07-26,Feature Request
31360,SW,94243,2025-10-27,Feature Request
31361,SW,94244,2025-02-06,Login
31361,SW,94245,2025-10-02,Bug
31362,NE,94246,2025-10-15,Billing
31362,SW,94247,2025-01-22,Login
31363,SW,94248,2025-05-02,Login
31363,SW,94249,2025-11-06,Login
31363,SW,94250,2025-05-28,Billing
31363,MW,94251,2025-08-25,Other
31364,SW,94252,2025-08-30,Other
31364,NE,94253,2025-08-29,Other
31365,NE,94254,2025-07-04,Bug
31365,NE,94255,2025-08-17,Bug
31365,NE,94256,2025-09-04,Other
31366,NE,94257,2025-09-30,Other
31366,NE,94258,2025-01-11,Feature Request
31366,NE,94259,2025-02-08,Bug
31366,NE,94260,2025-02-11,Bug
31366,SW,94261,2025-04-04,Other
31366,SW,94262,2025-02-21,Other
31367,SW,94263,2025-10-27,Bug
31367,SE,94264,2025-07-06,Other
31367,SE,94265,2025-06-02,Feature Request
31367,SE,94266,2025-05-29,Feature Request
31367,SE,94267,2025-07-11,Login
31367,NE,94268,2025-11-20,Other
31367,NE,94269,2025-02-16,Bug
31368,SW,94270,2025-08-03,Feature Request
31368,SW,94271,2025-02-21,Login
31368,SW,94272,2025-01-23,Bug
31369,SW,94273,2025-05-07,Other
31369,SW,94274,2025-09-22,Other
31369,SW,94275,2025-11-05,Feature Request
31370,W,94276,2025-02-17,Bug
31370,SW,94277,2025-03-23,Other
31370,SW,94278,2025-09-20,Bug
31370,SE,94279,2025-01-31,Bug
31371,SE,94280,2025-07-08,Feature Request
31372,MW,94281,2025-01-05,Login
31372,MW,94282,2025-07-15,Billing
31372,MW,94283,2025-01-27,Bug
31372,W,94284,2025-04-27,Other
31372,W,94285,2025-09-18,Feature Request
31372,W,94286,2025-06-28,Billing
31373,MW,94287,2025-08-28,Feature Request
31373,MW,94288,2025-10-30,Billing
31374,MW,94289,2025-07-02,Billing
31374,MW,94290,2025-12-24,Other
31375,SE,94291,2025-07-09,Billing
31375,SW,94292,2025-01-26,Billing
31376,SE,94293,2025-12-24,Login
31377,MW,94294,2025-10-15,Bug
31377,MW,94295,2025-01-30,Other
31377,W,94296,2025-01-31,Other
31377,W,94297,2025-06-22,Bug
31378,W,94298,2025-01-28,Billing
31379,SE,94299,2025-09-08,Other
31379,SE,94300,2025-06-20,Bug
31379,SE,94301,2025-09-29,Other
31379,SE,94302,2025-10-27,Login
31379,SE,94303,2025-07-13,Billing
31379,W,94304,2025-01-19,Feature Request
31380,W,94305,2025-04-03,Login
31380,W,94306,2025-06-28,Bug
31380,W,94307,2025-07-10,Other
31381,MW,94308,2025-06-12,Feature Request
31381,MW,94309,2025-07-06,Bug
31382,NE,94310,2025-03-14,Other
31382,W,94311,2025-02-19,Other
31382,W,94312,2025-10-29,Feature Request
31382,W,94313,2025-05-04,Other
31382,SW,94314,2025-09-18,Bug
31382,SW,94315,2025-11-26,Bug
31383,MW,94316,2025-09-13,Login
31383,MW,94317,2025-07-19,Feature Request
31384,MW,94318,2025-03-09,Login
31384,MW,94319,2025-07-05,Login
31384,SE,94320,2025-11-21,Billing
31385,MW,94321,2025-05-22,Feature Request
31385,MW,94322,2025-08-11,Billing
31386,SW,94323,2025-06-23,Feature Request
31386,SW,94324,2025-10-24,Bug
31386,SW,94325,2025-03-17,Other
31386,SW,94326,2025-04-29,Other
31386,MW,94327,2025-09-15,Feature Request
31387,W,94328,2025-04-29,Login
31388,W,94329,2025-10-04,Other
31388,W,94330,2025-01-29,Bug
31388,W,94331,2025-02-04,Other
31388,W,94332,2025-10-21,Billing
31388,NE,94333,2025-07-22,Feature Request
31388,SE,94334,2025-03-09,Bug
31388,SE,94335,2025-12-31,Feature Request
31389,W,94336,2025-10-15,Billing
31389,W,94337,2025-02-12,Bug
31390,SE,94338,2025-07-24,Feature Request
31390,SE,94339,2025-10-21,Other
31391,SW,94340,2025-11-07,Feature Request
31392,SW,94341,2025-04-25,Bug
31393,SW,94342,2025-02-04,Login
31393,SE,94343,2025-08-07,Feature Request
31393,SE,94344,2025-01-31,Bug
31394,SE,94345,2025-06-12,Feature Request
31394,SE,94346,2025-03-12,Bug
31395,NE,94347,2025-02-25,Bug
31395,NE,94348,2025-01-21,Login
31395,SW,94349,2025-04-18,Other
31395,SW,94350,2025-01-06,Billing
31396,SE,94351,2025-03-23,Login
31397,MW,94352,2025-12-01,Billing
31398,NE,94353,2025-08-29,Billing
31398,NE,94354,2025-03-23,Other
31398,NE,94355,2025-05-23,Billing
31398,SW,94356,2025-10-06,Login
31398,SW,94357,2025-09-28,Bug
31399,W,94358,2025-07-30,Login
31399,MW,94359,2025-03-16,Billing
31232,SE,94360,2025-08-19,Login
30073,W,94361,2025-03-17,Feature Request
31214,W,94362,2025-01-25,Bug
31214,W,94363,2025-04-04,Other
31214,W,94364,2025-12-18,Feature Request
30055,W,94365,2025-12-21,Other
30055,W,94366,2025-04-05,Feature Request
30055,W,94367,2025-04-01,Feature Request
30055,W,94368,2025-01-23,Billing
30552,MW,94369,2025-07-05,Login
30552,MW,94370,2025-11-29,Feature Request
30552,MW,94371,2025-11-12,Bug
30573,SW,94372,2025-07-08,Feature Request
30573,SW,94373,2025-07-08,Other
30573,SW,94374,2025-04-24,Feature Request
30573,SW,94375,2025-12-11,Other
30283,SE,94376,2025-09-23,Login
30283,SE,94377,2025-06-19,Bug
30283,SE,94378,2025-07-13,Bug
30283,SE,94379,2025-05-03,Login
30186,SW,94380,2025-01-04,Feature Request
30186,SW,94381,2025-12-12,Other
30129,SW,94382,2025-03-27,Other
31315,MW,94383,2025-12-09,Bug
31315,MW,94384,2025-06-18,Feature Request
31315,MW,94385,2025-09-02,Feature Request
31222,NE,94386,2025-01-15,Bug
31294,MW,94387,2025-08-04,Bug
31238,SW,94388,2025-08-29,Other
30446,W,94389,2025-06-24,Feature Request
30446,W,94390,2025-12-12,Other
30992,SW,94391,2025-09-22,Login
30073,NE,94392,2025-04-18,Login
30100,W,94393,2025-08-02,Bug
30100,W,94394,2025-09-03,Other
30426,NE,94395,2025-02-07,Login
30426,NE,94396,2025-06-22,Login
30426,NE,94397,2025-02-09,Billing
31189,SE,94398,2025-05-10,Other
31189,SE,94399,2025-07-13,Bug
30428,W,94400,2025-10-16,Billing
30428,W,94401,2025-12-07,Bug
30428,W,94402,2025-12-17,Billing
30365,W,94403,2025-04-13,Other
30608,NE,94404,2025-03-21,Billing
30727,SE,94405,2025-02-06,Other
30727,SE,94406,2025-12-30,Other
30824,SW,94407,2025-05-30,Feature Request
30824,SW,94408,2025-03-22,Login
31375,NE,94409,2025-12-25,Bug
31375,NE,94410,2025-12-24,Feature Request
31341,SW,94411,2025-08-12,Other
31341,SW,94412,2025-05-11,Bug
31341,SW,94413,2025-12-17,Login
30835,NE,94414,2025-03-10,Feature Request
30835,NE,94415,2025-08-22,Bug
30835,NE,94416,2025-08-20,Billing
31296,NE,94417,2025-02-23,Feature Request
31296,NE,94418,2025-06-24,Billing
31296,NE,94419,2025-10-06,Other
31296,NE,94420,2025-03-27,Login
30817,W,94421,2025-03-30,Login
31117,MW,94422,2025-08-17,Bug
31364,SE,94423,2025-11-15,Login
31364,SE,94424,2025-11-10,Feature Request
30694,SE,94425,2025-07-03,Other
30151,SE,94426,2025-02-19,Billing
30912,SE,94427,2025-04-14,Billing
30495,W,94428,2025-03-15,Other
30100,NE,94429,2025-01-15,Login
31105,NE,94430,2025-10-10,Feature Request
30072,SE,94431,2025-12-10,Bug
30072,SE,94432,2025-02-05,Other
30156,MW,94433,2025-07-24,Feature Request
30156,MW,94434,2025-05-19,Login
30131,MW,94435,2025-04-20,Login
30131,MW,94436,2025-03-05,Feature Request
31018,MW,94437,2025-09-24,Feature Request
31018,MW,94438,2025-11-16,Other
31399,SW,94439,2025-04-03,Feature Request
30106,SW,94440,2025-08-02,Bug
30264,SE,94441,2025-04-09,Login
31102,W,94442,2025-04-12,Login
31102,W,94443,2025-03-12,Other
31102,W,94444,2025-12-04,Billing
30987,SE,94445,2025-09-23,Feature Request
30987,SE,94446,2025-05-10,Feature Request
30246,SW,94447,2025-10-28,Other
30857,SW,94448,2025-04-29,Bug
30537,SE,94449,2025-11-24,Other
30537,SE,94450,2025-04-07,Login
30537,SE,94451,2025-07-22,Feature Request
30537,SE,94452,2025-02-03,Other
31177,MW,94453,2025-09-16,Feature Request
31177,MW,94454,2025-11-20,Login
30091,MW,94455,2025-02-02,Bug
30091,MW,94456,2025-10-13,Login
30091,MW,94457,2025-10-13,Billing
30337,MW,94458,2025-05-24,Other
31154,SE,94459,2025-10-07,Bug
30809,MW,94460,2025-04-02,Login
30809,MW,94461,2025-06-05,Other
30809,MW,94462,2025-01-08,Feature Request
30272,SE,94463,2025-05-04,Login
30272,SE,94464,2025-02-09,Other
30587,NE,94465,2025-06-28,Login
30587,NE,94466,2025-03-09,Billing
30830,SW,94467,2025-06-03,Bug
30830,SW,94468,2025-12-30,Billing
31072,MW,94469,2025-09-22,Bug
31072,MW,94470,2025-01-04,Login
30665,SW,94471,2025-10-09,Billing
30665,SW,94472,2025-03-26,Bug
31331,NE,94473,2025-02-04,Billing
31069,SE,94474,2025-02-28,Login
30867,W,94475,2025-07-22,Billing
30867,W,94476,2025-04-10,Billing
30867,W,94477,2025-10-28,Feature Request
30407,NE,94478,2025-04-28,Other
30821,MW,94479,2025-08-31,Other
30821,MW,94480,2025-08-15,Other
31152,NE,94481,2025-12-06,Other
31152,NE,94482,2025-07-06,Login
31289,MW,94483,2025-10-26,Login
31289,MW,94484,2025-01-19,Bug
31289,MW,94485,2025-01-08,Login
31289,MW,94486,2025-04-23,Feature Request
31289,MW,94487,2025-02-07,Other
30463,SW,94488,2025-08-23,Billing
31223,NE,94489,2025-11-24,Billing
30486,SW,94490,2025-10-03,Login
30486,SW,94491,2025-09-24,Other
30486,SW,94492,2025-02-11,Billing
31157,MW,94493,2025-02-21,Other
31157,MW,94494,2025-11-04,Login
31157,MW,94495,2025-07-14,Billing
31256,SE,94496,2025-09-15,Login
31256,SE,94497,2025-08-20,Feature Request
30810,W,94498,2025-04-04,Other
30810,W,94499,2025-10-24,Bug
30089,MW,94500,2025-12-09,Login
30198,SE,94501,2025-07-24,Login
30198,SE,94502,2025-03-18,Bug
30537,MW,94503,2025-02-11,Other
30537,MW,94504,2025-07-14,Feature Request
30537,MW,94505,2025-05-05,Other
30300,SW,94506,2025-01-27,Bug
30300,SW,94507,2025-11-17,Login
30300,SW,94508,2025-10-20,Billing
30962,W,94509,2025-08-24,Bug
30067,SE,94510,2025-11-23,Other
30458,MW,94511,2025-03-08,Bug
30458,MW,94512,2025-07-12,Billing
30397,SW,94513,2025-11-22,Bug
30397,SW,94514,2025-09-25,Bug
30397,SW,94515,2025-06-15,Bug
30397,SW,94516,2025-09-23,Login
30397,SW,94517,2025-03-28,Other
31309,MW,94518,2025-02-21,Bug
31309,MW,94519,2025-10-05,Login
31163,SW,94520,2025-12-05,Feature Request
30555,NE,94521,2025-01-05,Bug
30780,SE,94522,2025-08-26,Billing
30780,SE,94523,2025-05-01,Other
30893,MW,94524,2025-07-30,Other
30747,MW,94525,2025-02-27,Bug
30747,MW,94526,2025-07-16,Bug
30747,MW,94527,2025-03-13,Bug
30660,W,94528,2025-02-06,Bug
30660,W,94529,2025-11-10,Other
30660,W,94530,2025-10-20,Billing
30995,SW,94531,2025-06-03,Billing
30995,SW,94532,2025-09-29,Bug
30745,SE,94533,2025-05-11,Feature Request
30086,W,94534,2025-01-23,Bug
30086,W,94535,2025-11-04,Billing
30086,W,94536,2025-07-11,Other
31228,NE,94537,2025-05-01,Billing
31360,W,94538,2025-06-28,Other
30303,SW,94539,2025-01-11,Bug
30303,SW,94540,2025-09-10,Login
30303,SW,94541,2025-11-10,Bug
30303,SW,94542,2025-06-09,Billing
30595,SW,94543,2025-05-02,Feature Request
30595,SW,94544,2025-06-18,Bug
30595,SW,94545,2025-03-11,Other
30557,SW,94546,2025-04-27,Billing
30557,SW,94547,2025-09-05,Login
30557,SW,94548,2025-07-28,Bug
31206,MW,94549,2025-04-24,Billing
30077,W,94550,2025-11-17,Billing
31362,MW,94551,2025-04-05,Login
30237,SE,94552,2025-05-06,Other
31215,W,94553,2025-03-10,Login
31215,W,94554,2025-06-23,Other
31215,W,94555,2025-02-14,Bug
30277,SE,94556,2025-01-27,Login
30523,SW,94557,2025-12-06,Bug
30523,SW,94558,2025-02-18,Bug
31269,SE,94559,2025-05-01,Login
31396,SW,94560,2025-08-05,Billing
31094,W,94561,2025-01-14,Bug
31094,W,94562,2025-08-28,Bug
31094,W,94563,2025-11-20,Billing
31094,W,94564,2025-08-28,Bug
31094,W,94565,2025-10-08,Login
31042,MW,94566,2025-08-19,Login
30083,SW,94567,2025-02-28,Login
30564,SW,94568,2025-06-20,Feature Request
30356,W,94569,2025-05-12,Other
30646,SW,94570,2025-05-16,Billing
30646,SW,94571,2025-11-01,Login
31092,W,94572,2025-06-19,Billing
30142,W,94573,2025-08-03,Other
30142,W,94574,2025-01-27,Login
30377,NE,94575,2025-11-18,Bug
30377,NE,94576,2025-08-22,Bug
30377,NE,94577,2025-02-20,Other
30534,SE,94578,2025-03-16,Billing
30534,SE,94579,2025-04-02,Feature Request
31316,NE,94580,2025-08-23,Billing
31294,SW,94581,2025-05-24,Feature Request
31294,SW,94582,2025-03-27,Bug
30092,SW,94583,2025-12-29,Bug
30528,MW,94584,2025-01-28,Login
30528,MW,94585,2025-04-03,Other
30404,W,94586,2025-04-22,Billing
30404,W,94587,2025-12-11,Billing
31172,NE,94588,2025-08-15,Billing
31290,SE,94589,2025-02-19,Feature Request
31290,SE,94590,2025-09-26,Bug
31290,SE,94591,2025-09-11,Bug
30471,MW,94592,2025-09-01,Bug
30471,MW,94593,2025-01-06,Login
30471,MW,94594,2025-05-30,Feature Request
30471,MW,94595,2025-10-09,Billing
30546,MW,94596,2025-03-14,Feature Request
30546,MW,94597,2025-03-09,Billing
30546,MW,94598,2025-03-04,Other
31037,MW,94599,2025-05-14,Billing
30363,W,94600,2025-11-03,Feature Request
30363,W,94601,2025-08-11,Login
31261,MW,94602,2025-01-07,Other
31261,MW,94603,2025-07-25,Bug
31261,MW,94604,2025-07-02,Bug
31261,MW,94605,2025-08-16,Feature Request
31192,MW,94606,2025-05-26,Billing
30633,NE,94607,2025-10-23,Login
30633,NE,94608,2025-12-11,Bug
30633,NE,94609,2025-01-26,Feature Request
30962,MW,94610,2025-04-16,Feature Request
30882,NE,94611,2025-11-28,Bug
30779,W,94612,2025-02-11,Other
30779,W,94613,2025-11-13,Feature Request
30779,W,94614,2025-02-04,Feature Request
30515,SE,94615,2025-12-13,Login
30515,SE,94616,2025-08-14,Bug
30515,SE,94617,2025-10-15,Feature Request
30865,SW,94618,2025-12-25,Login
30865,SW,94619,2025-04-05,Feature Request
30865,SW,94620,2025-07-24,Other
31108,SE,94621,2025-11-18,Billing
31108,SE,94622,2025-01-23,Login
31108,SE,94623,2025-02-08,Other
31108,SE,94624,2025-09-05,Bug
31144,SW,94625,2025-06-11,Feature Request
30849,NE,94626,2025-04-13,Login
30018,SE,94627,2025-01-22,Other
30018,SE,94628,2025-05-19,Bug
30018,SE,94629,2025-05-19,Login
30018,SE,94630,2025-06-09,Bug
31035,NE,94631,2025-06-04,Other
30329,SE,94632,2025-10-08,Feature Request
30329,SE,94633,2025-04-01,Billing
30773,W,94634,2025-09-06,Billing
30773,W,94635,2025-12-03,Login
30636,SW,94636,2025-04-19,Bug
31290,W,94637,2025-05-05,Billing
30894,NE,94638,2025-12-04,Feature Request
30894,NE,94639,2025-03-19,Other
31025,W,94640,2025-01-16,Other
31025,W,94641,2025-02-23,Other
31025,W,94642,2025-12-02,Other
30635,SE,94643,2025-05-29,Other
30635,SE,94644,2025-11-29,Billing
30739,MW,94645,2025-04-01,Billing
30739,MW,94646,2025-10-28,Login
30468,W,94647,2025-06-10,Feature Request
30468,W,94648,2025-07-17,Feature Request
31135,W,94649,2025-12-30,Login
30803,NE,94650,2025-09-11,Billing
30873,W,94651,2025-11-08,Feature Request
30252,SE,94652,2025-03-18,Feature Request
30751,SE,94653,2025-06-11,Login
30980,SE,94654,2025-12-09,Billing
30235,SW,94655,2025-04-25,Other
30477,W,94656,2025-06-21,Billing
31043,W,94657,2025-01-09,Bug
31043,W,94658,2025-09-17,Billing
30134,SE,94659,2025-11-17,Billing
30134,SE,94660,2025-06-18,Billing
31152,W,94661,2025-12-09,Feature Request
31317,SE,94662,2025-12-12,Billing
31317,SE,94663,2025-02-13,Feature Request
31317,SE,94664,2025-09-18,Other
31317,SE,94665,2025-05-06,Feature Request
30085,W,94666,2025-12-21,Login
31398,MW,94667,2025-07-19,Feature Request
31398,MW,94668,2025-12-07,Billing
31398,MW,94669,2025-04-26,Other
30377,MW,94670,2025-06-04,Other
31074,MW,94671,2025-12-07,Other
31074,MW,94672,2025-12-08,Billing
31074,MW,94673,2025-01-04,Other
31317,MW,94674,2025-05-07,Bug
30265,NE,94675,2025-08-01,Bug
30265,NE,94676,2025-04-30,Feature Request
30265,NE,94677,2025-01-19,Login
31271,MW,94678,2025-10-02,Bug
30056,SE,94679,2025-08-20,Billing
30056,SE,94680,2025-04-02,Other
30038,SE,94681,2025-02-17,Login
31041,NE,94682,2025-10-09,Billing
30755,SE,94683,2025-08-04,Other
30755,SE,94684,2025-04-19,Feature Request
30755,SE,94685,2025-12-09,Bug
30282,MW,94686,2025-11-25,Feature Request
30109,SE,94687,2025-02-25,Bug
30109,SE,94688,2025-07-17,Bug
30109,SE,94689,2025-02-07,Other
30109,SE,94690,2025-12-05,Login
31203,SE,94691,2025-08-19,Feature Request
30543,MW,94692,2025-12-08,Other
30543,MW,94693,2025-09-14,Billing
30024,MW,94694,2025-07-28,Login
30024,MW,94695,2025-05-17,Other
30790,MW,94696,2025-12-10,Billing
30056,MW,94697,2025-03-25,Login
30342,NE,94698,2025-11-29,Other
30342,NE,94699,2025-02-05,Bug
30342,NE,94700,2025-05-26,Billing
30575,SE,94701,2025-04-28,Login
30575,SE,94702,2025-03-08,Billing
30575,SE,94703,2025-01-30,Login
31255,NE,94704,2025-05-03,Other
31255,NE,94705,2025-08-16,Billing
31255,NE,94706,2025-09-30,Other
31255,NE,94707,2025-02-08,Login
31236,MW,94708,2025-06-19,Billing
30529,MW,94709,2025-11-11,Other
30529,MW,94710,2025-08-31,Other
30928,MW,94711,2025-12-26,Login
31249,SW,94712,2025-09-14,Bug
30434,MW,94713,2025-02-16,Feature Request
30434,MW,94714,2025-01-10,Bug
30434,MW,94715,2025-06-01,Bug
31020,MW,94716,2025-12-27,Billing
30401,SW,94717,2025-01-07,Bug
30087,SE,94718,2025-07-26,Login
30308,MW,94719,2025-04-07,Bug
30308,MW,94720,2025-09-16,Login
30342,SE,94721,2025-10-14,Bug
30342,SE,94722,2025-08-30,Login
30342,SE,94723,2025-06-26,Bug
30342,SE,94724,2025-05-03,Bug
30138,SE,94725,2025-11-07,Billing
30138,SE,94726,2025-12-22,Billing
31209,W,94727,2025-08-03,Login
31209,W,94728,2025-01-07,Feature Request
31187,NE,94729,2025-12-27,Billing
31187,NE,94730,2025-05-03,Login
31187,NE,94731,2025-04-06,Login
30942,MW,94732,2025-04-01,Feature Request
30942,MW,94733,2025-01-07,Bug
31065,SW,94734,2025-12-16,Login
30209,NE,94735,2025-06-28,Billing
30861,MW,94736,2025-02-12,Login
30953,SE,94737,2025-02-22,Feature Request
30953,SE,94738,2025-06-10,Bug
31274,MW,94739,2025-12-24,Bug
31274,MW,94740,2025-07-19,Feature Request
31274,MW,94741,2025-01-01,Other
30832,W,94742,2025-10-04,Billing
30791,MW,94743,2025-12-27,Billing
31016,W,94744,2025-06-19,Billing
31016,W,94745,2025-11-12,Login
31016,W,94746,2025-08-21,Bug
31016,W,94747,2025-09-09,Other
30056,SW,94748,2025-10-16,Login
30056,SW,94749,2025-01-04,Bug
30056,SW,94750,2025-06-25,Feature Request
30004,SE,94751,2025-09-29,Billing
30004,SE,94752,2025-03-11,Other
31205,NE,94753,2025-08-22,Billing
31362,SE,94754,2025-10-13,Billing
31282,MW,94755,2025-05-01,Billing
30615,NE,94756,2025-06-17,Login
30697,MW,94757,2025-12-07,Billing
31278,W,94758,2025-05-13,Login
31278,W,94759,2025-10-19,Billing
30897,W,94760,2025-06-23,Other
31131,W,94761,2025-09-23,Other
30593,NE,94762,2025-12-07,Bug
30484,MW,94763,2025-04-28,Login
30484,MW,94764,2025-01-15,Billing
30971,W,94765,2025-04-25,Login
30971,W,94766,2025-01-20,Billing
30638,NE,94767,2025-09-19,Other
30638,NE,94768,2025-04-30,Billing
30281,SE,94769,2025-01-22,Login
31111,W,94770,2025-03-05,Feature Request
30015,SW,94771,2025-08-02,Billing
30935,SE,94772,2025-10-20,Billing
31211,NE,94773,2025-08-12,Login
31211,NE,94774,2025-01-28,Login
31211,NE,94775,2025-07-20,Bug
30543,NE,94776,2025-12-25,Feature Request
30543,NE,94777,2025-12-15,Bug
30543,NE,94778,2025-06-23,Billing
30543,NE,94779,2025-06-03,Feature Request
30543,NE,94780,2025-07-29,Other
30996,NE,94781,2025-06-13,Billing
30996,NE,94782,2025-09-12,Feature Request
31353,NE,94783,2025-03-05,Bug
31353,NE,94784,2025-03-17,Feature Request
31353,NE,94785,2025-02-25,Feature Request
31353,NE,94786,2025-07-24,Login
31192,SE,94787,2025-09-16,Billing
31192,SE,94788,2025-02-24,Feature Request
30365,MW,94789,2025-10-11,Feature Request
30654,SE,94790,2025-09-21,Bug
30654,SE,94791,2025-12-16,Login
30654,SE,94792,2025-08-10,Other
30654,SE,94793,2025-12-16,Billing
30654,SE,94794,2025-03-30,Login
30759,W,94795,2025-02-28,Feature Request
31063,W,94796,2025-08-13,Feature Request
31063,W,94797,2025-02-20,Billing
30415,SW,94798,2025-11-30,Billing
30254,MW,94799,2025-10-11,Feature Request
30709,NE,94800,2025-12-01,Login
30709,NE,94801,2025-01-03,Billing
30899,MW,94802,2025-09-20,Login
30025,NE,94803,2025-07-27,Other
30420,SW,94804,2025-05-20,Other
31244,SE,94805,2025-10-07,Login
30495,NE,94806,2025-07-25,Bug
30495,NE,94807,2025-12-04,Other
30495,NE,94808,2025-07-26,Bug
30495,NE,94809,2025-11-23,Login
30236,NE,94810,2025-05-22,Feature Request
30236,NE,94811,2025-08-20,Feature Request
30236,NE,94812,2025-02-04,Feature Request
30218,MW,94813,2025-12-01,Bug
30218,MW,94814,2025-03-16,Feature Request
30460,MW,94815,2025-07-17,Other
30634,W,94816,2025-09-21,Feature Request
30634,W,94817,2025-08-12,Billing
30634,W,94818,2025-03-15,Feature Request
30989,NE,94819,2025-06-20,Billing
30254,SW,94820,2025-12-30,Other
30820,SW,94821,2025-09-03,Other
30299,W,94822,2025-03-04,Billing
30299,W,94823,2025-07-25,Other
30299,W,94824,2025-01-11,Bug
30356,NE,94825,2025-03-31,Bug
30523,NE,94826,2025-02-21,Billing
30949,SE,94827,2025-04-04,Other
30949,SE,94828,2025-05-20,Billing
30283,W,94829,2025-01-21,Other
30196,SE,94830,2025-08-09,Other
30196,SE,94831,2025-08-30,Bug
30877,MW,94832,2025-01-29,Feature Request
30877,MW,94833,2025-02-27,Login
30614,MW,94834,2025-10-02,Feature Request
31388,SW,94835,2025-01-23,Other
30569,MW,94836,2025-03-04,Feature Request
31098,SW,94837,2025-09-23,Bug
31098,SW,94838,2025-04-05,Other
31098,SW,94839,2025-02-17,Feature Request
30421,SE,94840,2025-09-29,Feature Request
30421,SE,94841,2025-04-05,Login
30421,SE,94842,2025-02-17,Other
30544,W,94843,2025-08-15,Other
31128,W,94844,2025-03-18,Other
31124,W,94845,2025-08-07,Login
30376,SW,94846,2025-02-06,Other
30376,SW,94847,2025-11-10,Other
30677,SW,94848,2025-09-08,Billing
30677,SW,94849,2025-04-04,Login
30220,W,94850,2025-07-15,Bug
30181,MW,94851,2025-10-24,Billing
30181,MW,94852,2025-02-13,Login
30521,W,94853,2025-03-31,Bug
30521,W,94854,2025-06-04,Billing
31013,W,94855,2025-04-19,Bug
31013,W,94856,2025-04-20,Billing
31013,W,94857,2025-08-09,Billing
31013,W,94858,2025-09-29,Login
30862,MW,94859,2025-02-01,Login
30847,W,94860,2025-01-19,Bug
30803,SE,94861,2025-03-01,Bug
30214,SW,94862,2025-08-30,Other
30214,SW,94863,2025-03-16,Bug
30214,SW,94864,2025-12-23,Other
30100,SE,94865,2025-07-16,Billing
30100,SE,94866,2025-05-27,Login
30100,SE,94867,2025-02-04,Login
30572,NE,94868,2025-07-25,Other
30572,NE,94869,2025-05-02,Login
30657,MW,94870,2025-09-30,Other
31086,SE,94871,2025-01-15,Billing
30225,NE,94872,2025-04-22,Other
30771,SE,94873,2025-12-19,Bug
30771,SE,94874,2025-01-11,Login
31278,NE,94875,2025-10-31,Billing
30433,MW,94876,2025-11-19,Login
31051,SW,94877,2025-12-08,Other
31051,SW,94878,2025-04-20,Billing
31359,SE,94879,2025-03-31,Login
30865,W,94880,2025-09-22,Other
30865,W,94881,2025-09-20,Billing
31190,SW,94882,2025-09-13,Feature Request
30367,SW,94883,2025-11-10,Other
30367,SW,94884,2025-04-28,Login
30367,SW,94885,2025-07-24,Other
30858,W,94886,2025-06-21,Billing
30858,W,94887,2025-05-08,Login
31193,SE,94888,2025-12-07,Bug
31193,SE,94889,2025-11-15,Billing
31193,SE,94890,2025-09-23,Other
31193,SE,94891,2025-12-28,Other
31113,MW,94892,2025-02-27,Login
31113,MW,94893,2025-10-22,Billing
30293,SW,94894,2025-06-08,Billing
30293,SW,94895,2025-05-24,Bug
30293,SW,94896,2025-03-30,Login
30293,SW,94897,2025-03-20,Login
31173,W,94898,2025-11-23,Billing
31173,W,94899,2025-09-09,Billing
31173,W,94900,2025-05-29,Bug
30432,MW,94901,2025-11-17,Other
30432,MW,94902,2025-04-28,Other
30968,MW,94903,2025-10-15,Feature Request
30968,MW,94904,2025-12-17,Login
30968,MW,94905,2025-07-13,Login
30968,MW,94906,2025-10-08,Other
30214,W,94907,2025-10-28,Billing
30471,W,94908,2025-09-07,Bug
30246,SE,94909,2025-06-23,Login
30990,W,94910,2025-09-01,Login
30990,W,94911,2025-04-30,Billing
30926,MW,94912,2025-09-16,Login
30926,MW,94913,2025-07-02,Other
31191,MW,94914,2025-09-04,Login
31191,MW,94915,2025-05-29,Login
31191,MW,94916,2025-12-18,Login
30688,MW,94917,2025-04-12,Login
31103,NE,94918,2025-11-18,Other
31390,NE,94919,2025-12-13,Feature Request
30910,MW,94920,2025-11-14,Other
30910,MW,94921,2025-04-16,Other
30959,SW,94922,2025-10-18,Other
31003,SW,94923,2025-05-23,Billing
31003,SW,94924,2025-08-26,Billing
31003,SW,94925,2025-04-04,Feature Request
31003,SW,94926,2025-04-17,Feature Request
30706,MW,94927,2025-12-01,Login
31392,SE,94928,2025-09-28,Billing
31137,NE,94929,2025-05-20,Billing
31137,NE,94930,2025-03-23,Login
31137,NE,94931,2025-12-10,Feature Request
30753,MW,94932,2025-12-01,Bug
30753,MW,94933,2025-03-10,Feature Request
30816,W,94934,2025-09-13,Login
30707,W,94935,2025-01-10,Feature Request
30707,W,94936,2025-05-15,Feature Request
31067,MW,94937,2025-09-15,Feature Request
31269,NE,94938,2025-08-29,Other
31269,NE,94939,2025-06-14,Other
31269,NE,94940,2025-05-28,Billing
31269,NE,94941,2025-04-18,Other
31269,NE,94942,2025-03-15,Bug
31107,W,94943,2025-03-21,Billing
31107,W,94944,2025-06-08,Feature Request
30150,W,94945,2025-06-18,Billing
30527,NE,94946,2025-06-10,Bug
30527,NE,94947,2025-02-01,Login
30916,MW,94948,2025-08-03,Bug
31168,SE,94949,2025-08-16,Login
31168,SE,94950,2025-02-17,Other
31168,SE,94951,2025-11-29,Bug
30036,NE,94952,2025-08-26,Login
30036,NE,94953,2025-07-11,Feature Request
30036,NE,94954,2025-02-22,Other
30036,NE,94955,2025-01-21,Bug
30402,MW,94956,2025-12-10,Billing
30402,MW,94957,2025-11-11,Login
30402,MW,94958,2025-02-28,Bug
30044,SE,94959,2025-02-27,Billing
30205,MW,94960,2025-08-04,Billing
30419,W,94961,2025-08-27,Other
30364,W,94962,2025-07-01,Login
30364,W,94963,2025-04-05,Login
31030,NE,94964,2025-05-22,Login
31030,NE,94965,2025-09-18,Feature Request
30427,NE,94966,2025-07-09,Login
30427,NE,94967,2025-11-15,Bug
30579,MW,94968,2025-01-20,Bug
30579,MW,94969,2025-08-28,Bug
30579,MW,94970,2025-03-26,Billing
30579,MW,94971,2025-12-30,Other
30545,MW,94972,2025-03-15,Other
30324,NE,94973,2025-04-25,Other
30777,SW,94974,2025-01-06,Billing
31320,NE,94975,2025-02-11,Billing
30230,NE,94976,2025-01-10,Login
30393,MW,94977,2025-11-30,Other
30393,MW,94978,2025-06-16,Bug
31381,SW,94979,2025-04-20,Login
31151,W,94980,2025-01-16,Login
30391,NE,94981,2025-08-21,Login
30391,NE,94982,2025-07-07,Bug
30391,NE,94983,2025-02-20,Bug
30603,NE,94984,2025-01-27,Login
31101,NE,94985,2025-04-23,Feature Request
31101,NE,94986,2025-04-25,Other
31053,NE,94987,2025-06-24,Feature Request
30048,NE,94988,2025-01-08,Login
30048,NE,94989,2025-05-15,Bug
31168,NE,94990,2025-12-03,Billing
31168,NE,94991,2025-05-25,Login
31168,NE,94992,2025-01-04,Billing
31168,NE,94993,2025-11-30,Other
31081,NE,94994,2025-05-08,Other
30478,SW,94995,2025-04-01,Other
30478,SW,94996,2025-09-16,Login
31319,MW,94997,2025-05-16,Other
31319,MW,94998,2025-07-17,Billing
31319,MW,94999,2025-06-27,Login
31194,SW,95000,2025-03-20,Billing
31194,SW,95001,2025-09-13,Billing
30146,SW,95002,2025-06-10,Login
31015,MW,95003,2025-11-04,Login
30445,NE,95004,2025-02-02,Login
30445,NE,95005,2025-12-18,Other
31289,W,95006,2025-07-17,Other
31289,W,95007,2025-11-12,Billing
31289,W,95008,2025-01-31,Other
30261,NE,95009,2025-11-12,Feature Request
30896,SW,95010,2025-05-08,Billing
30218,NE,95011,2025-07-03,Login
30091,SW,95012,2025-10-18,Billing
30079,W,95013,2025-01-24,Bug
31261,SE,95014,2025-07-13,Login
31395,MW,95015,2025-02-05,Other
30693,NE,95016,2025-02-03,Login
30155,SE,95017,2025-02-08,Bug
30155,SE,95018,2025-08-18,Feature Request
30155,SE,95019,2025-11-22,Billing
30155,SE,95020,2025-02-28,Billing
30631,NE,95021,2025-01-22,Other
31080,NE,95022,2025-12-10,Other
30018,NE,95023,2025-04-04,Feature Request
31216,NE,95024,2025-01-11,Other
31216,NE,95025,2025-09-22,Feature Request
31216,NE,95026,2025-06-03,Bug
31216,NE,95027,2025-05-11,Login
30276,SW,95028,2025-05-23,Other
30276,SW,95029,2025-02-23,Bug
30276,SW,95030,2025-05-01,Login
30744,W,95031,2025-03-15,Login
30744,W,95032,2025-07-11,Bug
30744,W,95033,2025-08-08,Login
31346,NE,95034,2025-07-28,Feature Request
30638,SE,95035,2025-12-12,Login
30638,SE,95036,2025-06-13,Feature Request
30638,SE,95037,2025-01-03,Billing
30997,NE,95038,2025-12-30,Bug
30054,NE,95039,2025-01-16,Bug
31207,SW,95040,2025-11-22,Billing
31207,SW,95041,2025-07-04,Billing
31391,MW,95042,2025-05-05,Billing
31391,MW,95043,2025-02-27,Billing
31391,MW,95044,2025-03-07,Feature Request
31221,SW,95045,2025-12-06,Billing
31221,SW,95046,2025-01-09,Login
31221,SW,95047,2025-03-30,Login
30372,NE,95048,2025-12-10,Bug
30372,NE,95049,2025-11-26,Billing
30372,NE,95050,2025-06-20,Login
30200,SE,95051,2025-06-30,Bug
30200,SE,95052,2025-03-28,Other
30200,SE,95053,2025-01-26,Other
30200,SE,95054,2025-01-06,Feature Request
30508,W,95055,2025-11-10,Feature Request
30274,SW,95056,2025-08-22,Billing
30503,SW,95057,2025-07-26,Other
31141,MW,95058,2025-06-17,Bug
31141,MW,95059,2025-02-25,Login
31141,MW,95060,2025-06-16,Login
30041,MW,95061,2025-05-29,Login
30787,NE,95062,2025-12-11,Login
30787,NE,95063,2025-07-25,Billing
30787,NE,95064,2025-01-30,Billing
31040,W,95065,2025-08-19,Billing
30942,W,95066,2025-08-05,Feature Request
30574,SW,95067,2025-11-29,Other
30611,W,95068,2025-08-22,Login
30836,NE,95069,2025-04-05,Feature Request
30836,NE,95070,2025-04-05,Billing
30836,NE,95071,2025-08-31,Other
31396,MW,95072,2025-10-20,Feature Request
30762,SW,95073,2025-10-15,Feature Request
31104,SE,95074,2025-09-24,Other
30423,NE,95075,2025-12-14,Feature Request
30203,NE,95076,2025-02-17,Other
30195,SW,95077,2025-04-05,Other
30013,SE,95078,2025-02-02,Feature Request
30013,SE,95079,2025-09-08,Billing
30013,SE,95080,2025-08-06,Other
31169,MW,95081,2025-05-06,Bug
31080,SE,95082,2025-03-30,Feature Request
30779,MW,95083,2025-06-08,Bug
30779,MW,95084,2025-09-06,Other
30528,SW,95085,2025-05-02,Other
30343,SW,95086,2025-05-05,Bug
31302,NE,95087,2025-10-06,Bug
31302,NE,95088,2025-11-20,Feature Request
30640,MW,95089,2025-04-15,Billing
31311,NE,95090,2025-05-09,Feature Request
31311,NE,95091,2025-02-22,Billing
30270,SE,95092,2025-09-04,Feature Request
30270,SE,95093,2025-03-28,Login
30418,SE,95094,2025-05-30,Login
30418,SE,95095,2025-04-25,Feature Request
30418,SE,95096,2025-04-30,Feature Request
30794,MW,95097,2025-11-05,Other
30794,MW,95098,2025-07-10,Login
30794,MW,95099,2025-11-16,Billing
30794,MW,95100,2025-09-30,Other
31388,MW,95101,2025-01-13,Other
31099,SW,95102,2025-05-17,Feature Request
31344,NE,95103,2025-05-07,Billing
30432,NE,95104,2025-11-29,Bug
30640,SE,95105,2025-07-27,Feature Request
30640,SE,95106,2025-12-23,Bug
30640,SE,95107,2025-07-16,Bug
31070,SW,95108,2025-08-14,Bug
31070,SW,95109,2025-01-26,Login
31070,SW,95110,2025-08-11,Bug
31119,SE,95111,2025-02-13,Feature Request
31119,SE,95112,2025-01-25,Feature Request
30102,W,95113,2025-10-20,Feature Request
30102,W,95114,2025-07-12,Billing
30853,SW,95115,2025-07-21,Billing
31050,SW,95116,2025-02-01,Login
31050,SW,95117,2025-07-21,Billing
30678,SE,95118,2025-07-12,Other
30678,SE,95119,2025-07-23,Login
30678,SE,95120,2025-04-25,Billing
30988,MW,95121,2025-08-10,Other
30988,MW,95122,2025-07-01,Bug
30427,MW,95123,2025-02-09,Billing
30821,W,95124,2025-11-18,Feature Request
30821,W,95125,2025-01-11,Login
31185,MW,95126,2025-02-11,Bug
30931,MW,95127,2025-07-08,Feature Request
30931,MW,95128,2025-04-02,Feature Request
31061,SW,95129,2025-08-01,Billing
31061,SW,95130,2025-09-25,Bug
30510,NE,95131,2025-07-14,Feature Request
30712,SE,95132,2025-07-13,Feature Request
30712,SE,95133,2025-08-11,Bug
31223,W,95134,2025-05-29,Billing
31223,W,95135,2025-04-05,Login
31223,W,95136,2025-11-14,Feature Request
31278,SE,95137,2025-10-21,Billing
30546,SE,95138,2025-10-22,Feature Request
30546,SE,95139,2025-10-31,Feature Request
30546,SE,95140,2025-06-17,Feature Request
30546,SE,95141,2025-05-04,Feature Request
30388,SW,95142,2025-11-10,Login
30388,SW,95143,2025-02-04,Login
30157,SW,95144,2025-01-13,Feature Request
30157,SW,95145,2025-01-21,Other
30959,MW,95146,2025-10-30,Bug
30959,MW,95147,2025-09-15,Feature Request
30959,MW,95148,2025-01-30,Other
31227,SE,95149,2025-04-07,Feature Request
31227,SE,95150,2025-10-07,Billing
30234,SE,95151,2025-10-11,Other
30234,SE,95152,2025-09-05,Login
30234,SE,95153,2025-12-15,Billing
31173,SW,95154,2025-03-30,Billing
31302,SE,95155,2025-03-15,Other
30677,W,95156,2025-02-07,Other
30677,W,95157,2025-03-03,Other
30067,MW,95158,2025-04-06,Bug
30067,MW,95159,2025-09-09,Feature Request
30067,MW,95160,2025-03-02,Other
30087,MW,95161,2025-04-29,Bug
30087,MW,95162,2025-03-21,Feature Request
30087,MW,95163,2025-10-30,Billing
30000,SW,95164,2025-11-06,Feature Request
30000,SW,95165,2025-11-24,Login
31374,W,95166,2025-10-06,Billing
31374,W,95167,2025-08-13,Bug
30617,NE,95168,2025-10-10,Other
30177,SE,95169,2025-03-08,Login
30177,SE,95170,2025-06-27,Other
30177,SE,95171,2025-03-08,Feature Request
30177,SE,95172,2025-06-22,Bug
30177,SE,95173,2025-03-18,Feature Request
31381,W,95174,2025-10-07,Login
30657,SE,95175,2025-02-24,Login
30657,SE,95176,2025-04-04,Login
30585,SW,95177,2025-05-24,Feature Request
30585,SW,95178,2025-11-10,Feature Request
30989,W,95179,2025-11-28,Bug
30989,W,95180,2025-08-04,Login
30121,NE,95181,2025-10-12,Billing
31219,MW,95182,2025-09-20,Other
31219,MW,95183,2025-07-30,Bug
31219,MW,95184,2025-05-02,Other
31219,MW,95185,2025-03-31,Billing
30317,NE,95186,2025-06-10,Other
30317,NE,95187,2025-03-30,Login
31275,SW,95188,2025-12-25,Login
31275,SW,95189,2025-09-17,Bug
31275,SW,95190,2025-09-01,Billing
31275,SW,95191,2025-02-06,Other
30502,SW,95192,2025-09-10,Login
30118,SE,95193,2025-12-15,Other
30118,SE,95194,2025-01-31,Other
30709,MW,95195,2025-08-15,Feature Request
30709,MW,95196,2025-02-07,Billing
30044,MW,95197,2025-08-24,Other
30044,MW,95198,2025-04-24,Billing
31202,MW,95199,2025-05-12,Feature Request
31202,MW,95200,2025-06-29,Feature Request
31202,MW,95201,2025-05-22,Login
31202,MW,95202,2025-02-12,Bug
30417,W,95203,2025-03-02,Login
31101,W,95204,2025-10-01,Feature Request
30325,MW,95205,2025-12-01,Bug
30325,MW,95206,2025-08-16,Feature Request
31380,SE,95207,2025-10-13,Bug
30514,MW,95208,2025-05-04,Login
30514,MW,95209,2025-06-28,Bug
30514,MW,95210,2025-03-07,Bug
30514,MW,95211,2025-01-24,Other
30514,MW,95212,2025-09-06,Billing
30073,SW,95213,2025-06-14,Bug
30508,NE,95214,2025-12-09,Feature Request
30508,NE,95215,2025-10-29,Feature Request
30331,NE,95216,2025-12-15,Login
30687,NE,95217,2025-09-28,Other
30687,NE,95218,2025-02-27,Bug
31292,MW,95219,2025-07-20,Login
31027,SE,95220,2025-04-08,Login
31254,NE,95221,2025-03-22,Login
31075,SE,95222,2025-03-06,Other
30324,MW,95223,2025-10-11,Login
30324,MW,95224,2025-03-28,Billing
30324,MW,95225,2025-10-20,Bug
30324,MW,95226,2025-10-08,Other
30324,MW,95227,2025-09-09,Bug
30991,SW,95228,2025-01-27,Other
30716,W,95229,2025-07-01,Billing
30716,W,95230,2025-07-25,Bug
30276,SE,95231,2025-02-28,Bug
30276,SE,95232,2025-04-01,Feature Request
30276,SE,95233,2025-12-28,Feature Request
30276,SE,95234,2025-05-26,Feature Request
30276,SE,95235,2025-06-29,Feature Request
30151,W,95236,2025-04-21,Other
30151,W,95237,2025-09-03,Bug
30151,W,95238,2025-10-24,Login
30258,NE,95239,2025-05-03,Login
30258,NE,95240,2025-06-09,Login
30258,NE,95241,2025-04-05,Login
30258,NE,95242,2025-08-22,Feature Request
30258,NE,95243,2025-01-16,Feature Request
30868,MW,95244,2025-10-24,Bug
30868,MW,95245,2025-07-05,Bug
30868,MW,95246,2025-05-05,Login
30868,MW,95247,2025-01-26,Other
30802,W,95248,2025-01-01,Bug
30802,W,95249,2025-09-22,Login
31079,MW,95250,2025-09-17,Feature Request
31079,MW,95251,2025-09-18,Feature Request
30472,W,95252,2025-08-26,Billing
30460,SE,95253,2025-09-04,Feature Request
30845,NE,95254,2025-12-09,Billing
30845,NE,95255,2025-04-03,Feature Request
30845,NE,95256,2025-09-13,Login
30666,SE,95257,2025-08-19,Billing
30666,SE,95258,2025-07-21,Billing
31264,SW,95259,2025-02-07,Bug
31264,SW,95260,2025-04-15,Feature Request
30769,NE,95261,2025-01-16,Other
30769,NE,95262,2025-04-12,Feature Request
30179,SE,95263,2025-06-01,Login
30819,W,95264,2025-06-27,Other
30819,W,95265,2025-12-29,Other
30819,W,95266,2025-11-17,Feature Request
30170,MW,95267,2025-04-25,Billing
30170,MW,95268,2025-12-09,Billing
30473,MW,95269,2025-05-15,Feature Request
31390,W,95270,2025-09-26,Billing
31390,W,95271,2025-03-19,Bug
31390,W,95272,2025-05-05,Other
30438,W,95273,2025-11-06,Billing
30226,SE,95274,2025-02-13,Login
30226,SE,95275,2025-08-30,Other
30226,SE,95276,2025-06-02,Feature Request
30441,SE,95277,2025-10-12,Feature Request
30441,SE,95278,2025-12-14,Other
30727,SW,95279,2025-05-26,Other
30083,W,95280,2025-06-14,Login
30083,W,95281,2025-12-21,Feature Request
30083,W,95282,2025-02-21,Login
31036,SE,95283,2025-09-13,Feature Request
31036,SE,95284,2025-01-09,Feature Request
30692,NE,95285,2025-04-10,Other
31291,SE,95286,2025-05-17,Feature Request
31143,MW,95287,2025-01-22,Bug
31143,MW,95288,2025-05-25,Login
31143,MW,95289,2025-09-06,Other
30352,NE,95290,2025-02-02,Other
30039,SE,95291,2025-09-28,Bug
30039,SE,95292,2025-08-14,Other
30039,SE,95293,2025-04-22,Billing
31359,SW,95294,2025-08-01,Feature Request
30172,MW,95295,2025-09-15,Bug
30172,MW,95296,2025-08-25,Other
30258,MW,95297,2025-05-14,Bug
30258,MW,95298,2025-04-06,Other
30258,MW,95299,2025-01-01,Other
30258,MW,95300,2025-06-01,Login
30516,MW,95301,2025-05-30,Other
30522,SW,95302,2025-12-30,Feature Request
30522,SW,95303,2025-03-31,Feature Request
30838,SE,95304,2025-03-24,Billing
30838,SE,95305,2025-02-02,Other
30838,SE,95306,2025-05-08,Feature Request
30183,SW,95307,2025-12-28,Other
30183,SW,95308,2025-11-24,Feature Request
30183,SW,95309,2025-03-15,Feature Request
31139,MW,95310,2025-11-26,Feature Request
31139,MW,95311,2025-06-24,Login
30542,SW,95312,2025-11-11,Login
30542,SW,95313,2025-09-26,Feature Request
31260,SW,95314,2025-02-04,Bug
31260,SW,95315,2025-02-25,Other
31260,SW,95316,2025-11-05,Other
31089,SE,95317,2025-11-12,Login
31089,SE,95318,2025-06-25,Billing
31089,SE,95319,2025-03-21,Bug
30446,MW,95320,2025-09-24,Bug
30446,MW,95321,2025-10-06,Bug
30446,MW,95322,2025-12-15,Billing
30415,NE,95323,2025-06-04,Login
30737,MW,95324,2025-05-17,Billing
30737,MW,95325,2025-02-13,Other
30737,MW,95326,2025-02-25,Feature Request
30737,MW,95327,2025-09-14,Bug
30737,MW,95328,2025-10-28,Billing
30463,NE,95329,2025-03-04,Other
30395,SW,95330,2025-02-09,Bug
30394,SE,95331,2025-03-29,Feature Request
31114,SE,95332,2025-07-12,Feature Request
31093,SE,95333,2025-08-03,Other
30641,W,95334,2025-02-18,Bug
30213,W,95335,2025-04-25,Other
31358,W,95336,2025-09-09,Bug
31358,W,95337,2025-07-10,Bug
30368,NE,95338,2025-05-19,Login
30048,W,95339,2025-12-29,Bug
31312,SW,95340,2025-06-17,Other
31262,NE,95341,2025-02-16,Bug
30998,W,95342,2025-08-04,Bug
31189,W,95343,2025-11-14,Other
31189,W,95344,2025-08-13,Feature Request
30372,SE,95345,2025-10-28,Login
30372,SE,95346,2025-07-10,Bug
30372,SE,95347,2025-11-29,Bug
30372,SE,95348,2025-04-27,Feature Request
30478,SE,95349,2025-02-23,Login
30478,SE,95350,2025-12-23,Login
30478,SE,95351,2025-01-16,Bug
30831,SE,95352,2025-05-15,Bug
30831,SE,95353,2025-09-09,Feature Request
30831,SE,95354,2025-11-18,Billing
30681,SW,95355,2025-03-01,Bug
30687,MW,95356,2025-06-08,Feature Request
30086,SE,95357,2025-07-27,Login
30015,MW,95358,2025-01-18,Login
30015,MW,95359,2025-07-15,Bug
30015,MW,95360,2025-12-26,Feature Request
31381,NE,95361,2025-10-06,Other
30513,SW,95362,2025-09-11,Other
30513,SW,95363,2025-01-05,Bug
30680,W,95364,2025-05-30,Feature Request
31398,W,95365,2025-08-25,Feature Request
30180,SW,95366,2025-11-02,Other
30180,SW,95367,2025-10-20,Bug
30180,SW,95368,2025-08-15,Feature Request
30180,SW,95369,2025-05-10,Feature Request
30180,SW,95370,2025-02-27,Bug
31324,W,95371,2025-05-26,Billing
31324,W,95372,2025-11-08,Billing
31324,W,95373,2025-07-11,Other
31212,SW,95374,2025-04-13,Bug
31212,SW,95375,2025-09-07,Other
31212,SW,95376,2025-03-01,Billing
31337,NE,95377,2025-12-06,Login
31337,NE,95378,2025-09-19,Billing
30922,MW,95379,2025-02-11,Billing
30922,MW,95380,2025-10-24,Feature Request
30922,MW,95381,2025-03-20,Bug
30127,MW,95382,2025-06-06,Billing
30127,MW,95383,2025-10-17,Billing
30564,W,95384,2025-04-19,Bug
30564,W,95385,2025-10-02,Other
30564,W,95386,2025-01-20,Login
30564,W,95387,2025-07-28,Feature Request
30549,NE,95388,2025-04-04,Billing
30470,W,95389,2025-12-18,Other
30470,W,95390,2025-09-17,Bug
30737,NE,95391,2025-12-14,Other
30737,NE,95392,2025-02-07,Login
30223,SE,95393,2025-12-03,Billing
30559,W,95394,2025-03-10,Bug
30559,W,95395,2025-08-23,Billing
30559,W,95396,2025-04-09,Billing
31170,SE,95397,2025-05-10,Feature Request
31170,SE,95398,2025-08-21,Other
31170,SE,95399,2025-04-27,Login
31170,SE,95400,2025-11-22,Other
31170,SE,95401,2025-04-17,Bug
30348,MW,95402,2025-11-21,Feature Request
30348,MW,95403,2025-05-29,Billing
30636,SE,95404,2025-09-11,Billing
30178,NE,95405,2025-12-19,Bug
30178,NE,95406,2025-10-29,Feature Request
30771,W,95407,2025-08-09,Billing
30771,W,95408,2025-12-21,Bug
30771,W,95409,2025-10-19,Feature Request
31026,NE,95410,2025-12-30,Billing
31026,NE,95411,2025-02-13,Bug
30371,SW,95412,2025-02-12,Other
30096,SW,95413,2025-08-07,Bug
30096,SW,95414,2025-03-27,Bug
31226,MW,95415,2025-09-22,Bug
30992,NE,95416,2025-03-21,Other
30992,NE,95417,2025-04-28,Feature Request
30992,NE,95418,2025-01-18,Other
30734,SE,95419,2025-06-02,Login
31069,SW,95420,2025-07-05,Bug
31069,SW,95421,2025-08-29,Login
30602,W,95422,2025-12-19,Login
30602,W,95423,2025-12-01,Other
30602,W,95424,2025-11-18,Bug
31134,SW,95425,2025-08-14,Feature Request
30122,NE,95426,2025-12-27,Bug
30610,MW,95427,2025-11-18,Feature Request
30670,SW,95428,2025-08-21,Feature Request
30614,SE,95429,2025-06-08,Feature Request
30280,W,95430,2025-11-20,Other
30280,W,95431,2025-09-05,Other
30280,W,95432,2025-08-08,Feature Request
30280,W,95433,2025-11-02,Login
30280,W,95434,2025-06-04,Login
30595,MW,95435,2025-07-12,Bug
30595,MW,95436,2025-04-23,Bug
30595,MW,95437,2025-01-24,Login
30702,SW,95438,2025-07-23,Bug
30702,SW,95439,2025-12-16,Feature Request
30702,SW,95440,2025-07-24,Login
30209,MW,95441,2025-01-25,Login
30209,MW,95442,2025-05-20,Bug
30209,MW,95443,2025-01-11,Billing
30209,MW,95444,2025-03-22,Feature Request
30491,SE,95445,2025-11-06,Other
30959,W,95446,2025-07-27,Feature Request
30969,SE,95447,2025-10-03,Login
30776,MW,95448,2025-09-18,Login
30776,MW,95449,2025-03-04,Bug
30776,MW,95450,2025-11-20,Login
31211,SW,95451,2025-01-07,Billing
31211,SW,95452,2025-09-09,Bug
30188,W,95453,2025-07-12,Login
30009,MW,95454,2025-03-31,Bug
31099,SE,95455,2025-03-27,Billing
31099,SE,95456,2025-05-06,Feature Request
30084,NE,95457,2025-08-01,Login
30084,NE,95458,2025-08-10,Billing
30837,SW,95459,2025-09-04,Login
30837,SW,95460,2025-08-13,Billing
30837,SW,95461,2025-11-09,Bug
30688,NE,95462,2025-07-06,Other
30969,MW,95463,2025-04-05,Bug
30969,MW,95464,2025-08-30,Bug
30969,MW,95465,2025-01-05,Feature Request
30969,MW,95466,2025-01-04,Billing
31005,SW,95467,2025-09-10,Bug
31004,MW,95468,2025-05-21,Login
31004,MW,95469,2025-10-23,Bug
31253,SW,95470,2025-03-23,Login
31253,SW,95471,2025-01-04,Bug
31253,SW,95472,2025-05-26,Bug
31253,SW,95473,2025-04-03,Billing
30235,W,95474,2025-01-28,Login
30235,W,95475,2025-03-31,Login
30235,W,95476,2025-09-15,Other
30235,W,95477,2025-06-05,Billing
31284,SE,95478,2025-08-25,Billing
30270,SW,95479,2025-02-26,Bug
30655,SE,95480,2025-10-22,Bug
30655,SE,95481,2025-12-22,Login
30258,SE,95482,2025-09-15,Feature Request
30947,MW,95483,2025-07-08,Bug
30947,MW,95484,2025-08-19,Bug
30862,NE,95485,2025-07-17,Login
30862,NE,95486,2025-09-09,Login
30862,NE,95487,2025-01-25,Feature Request
30862,NE,95488,2025-05-26,Bug
30887,SW,95489,2025-02-18,Bug
31334,SW,95490,2025-07-13,Other
31334,SW,95491,2025-12-09,Billing
30148,SE,95492,2025-12-02,Feature Request
30437,SW,95493,2025-10-17,Other
30437,SW,95494,2025-08-14,Feature Request
30437,SW,95495,2025-04-13,Billing
31113,W,95496,2025-08-24,Billing
31113,W,95497,2025-06-21,Other
31113,W,95498,2025-08-13,Other
31113,W,95499,2025-09-14,Bug
30357,MW,95500,2025-09-03,Other
30357,MW,95501,2025-11-03,Bug
31240,W,95502,2025-10-10,Feature Request
30455,W,95503,2025-03-02,Other
30455,W,95504,2025-08-03,Other
30455,W,95505,2025-06-21,Other
30628,MW,95506,2025-04-05,Bug
30628,MW,95507,2025-02-13,Feature Request
30831,MW,95508,2025-03-03,Other
30532,MW,95509,2025-08-07,Login
30532,MW,95510,2025-04-22,Bug
30532,MW,95511,2025-11-02,Bug
30370,SE,95512,2025-10-24,Login
30370,SE,95513,2025-08-03,Feature Request
30370,SE,95514,2025-01-02,Bug
30370,SE,95515,2025-05-29,Billing
30370,SE,95516,2025-07-26,Other
30852,W,95517,2025-07-11,Other
30852,W,95518,2025-11-02,Bug
30247,SW,95519,2025-09-09,Feature Request
30247,SW,95520,2025-12-28,Other
30263,SE,95521,2025-03-07,Feature Request
31325,MW,95522,2025-01-02,Other
31325,MW,95523,2025-09-13,Other
31272,SE,95524,2025-04-10,Login
31294,W,95525,2025-12-19,Bug
30501,NE,95526,2025-11-22,Feature Request
30885,NE,95527,2025-09-02,Feature Request
31365,SW,95528,2025-02-21,Bug
31116,W,95529,2025-09-20,Feature Request
31116,W,95530,2025-03-02,Feature Request
30613,W,95531,2025-01-07,Other
30613,W,95532,2025-03-24,Feature Request
30431,MW,95533,2025-10-10,Feature Request
30431,MW,95534,2025-06-06,Feature Request
30158,SE,95535,2025-03-11,Feature Request
30372,MW,95536,2025-03-17,Billing
31096,SE,95537,2025-01-03,Billing
31096,SE,95538,2025-06-16,Bug
31096,SE,95539,2025-05-04,Bug
30510,SE,95540,2025-02-14,Feature Request
30510,SE,95541,2025-10-14,Billing
30215,SE,95542,2025-10-21,Login
30215,SE,95543,2025-05-14,Feature Request
30215,SE,95544,2025-09-28,Other
30215,SE,95545,2025-04-25,Billing
30215,SE,95546,2025-01-07,Billing
30987,W,95547,2025-03-03,Other
31244,MW,95548,2025-04-26,Login
31244,MW,95549,2025-10-24,Bug
30553,W,95550,2025-06-19,Feature Request
31065,MW,95551,2025-11-18,Feature Request
31065,MW,95552,2025-08-09,Bug
30872,W,95553,2025-12-23,Billing
30872,W,95554,2025-11-23,Bug
30872,W,95555,2025-12-02,Feature Request
31081,SW,95556,2025-02-06,Bug
31081,SW,95557,2025-04-03,Bug
31081,SW,95558,2025-12-23,Login
31081,SW,95559,2025-10-15,Other
30833,NE,95560,2025-02-15,Billing
30833,NE,95561,2025-08-19,Billing
30833,NE,95562,2025-02-09,Bug
30833,NE,95563,2025-07-22,Feature Request
30833,NE,95564,2025-04-01,Billing
31096,MW,95565,2025-01-10,Other
30922,NE,95566,2025-09-06,Bug
30922,NE,95567,2025-11-13,Bug
30841,MW,95568,2025-07-07,Bug
30841,MW,95569,2025-07-02,Bug
30947,W,95570,2025-06-07,Bug
30947,W,95571,2025-01-13,Bug
30664,MW,95572,2025-02-23,Other
31148,SW,95573,2025-02-12,Bug
31148,SW,95574,2025-04-19,Bug
31148,SW,95575,2025-06-15,Billing
30005,NE,95576,2025-02-20,Feature Request
30005,NE,95577,2025-10-29,Bug
30005,NE,95578,2025-10-10,Other
30005,NE,95579,2025-08-05,Billing
30313,W,95580,2025-05-07,Billing
30564,MW,95581,2025-03-01,Bug
30825,MW,95582,2025-03-03,Feature Request
31105,W,95583,2025-03-04,Feature Request
31105,W,95584,2025-01-16,Bug
31025,SE,95585,2025-11-26,Other
30804,W,95586,2025-06-25,Login
30804,W,95587,2025-10-28,Bug
30804,W,95588,2025-09-30,Bug
30804,W,95589,2025-09-18,Billing
31126,W,95590,2025-10-27,Bug
31126,W,95591,2025-09-04,Other
31391,NE,95592,2025-11-20,Bug
31391,NE,95593,2025-10-15,Feature Request
31232,W,95594,2025-06-12,Billing
31232,W,95595,2025-03-08,Billing
30116,NE,95596,2025-05-05,Other
30104,SE,95597,2025-09-08,Login
30104,SE,95598,2025-08-14,Feature Request
30104,SE,95599,2025-07-06,Feature Request
30104,SE,95600,2025-09-30,Other
30045,W,95601,2025-05-29,Bug
30045,W,95602,2025-12-30,Feature Request
31354,W,95603,2025-02-13,Billing
31354,W,95604,2025-04-04,Billing
31354,W,95605,2025-02-07,Billing
31354,W,95606,2025-08-23,Billing
31354,W,95607,2025-06-17,Other
30981,SE,95608,2025-05-07,Bug
30981,SE,95609,2025-02-11,Login
30844,SE,95610,2025-02-19,Bug
30844,SE,95611,2025-06-08,Feature Request
30535,NE,95612,2025-07-01,Other
30539,W,95613,2025-06-15,Bug
30539,W,95614,2025-02-19,Login
30015,SE,95615,2025-05-26,Billing
30015,SE,95616,2025-05-25,Other
30015,SE,95617,2025-08-04,Billing
30242,W,95618,2025-02-21,Feature Request
30242,W,95619,2025-04-17,Bug
30242,W,95620,2025-12-03,Login
31230,W,95621,2025-10-25,Other
31230,W,95622,2025-03-09,Login
31230,W,95623,2025-07-06,Feature Request
30760,MW,95624,2025-01-30,Login
30704,SW,95625,2025-10-16,Billing
30704,SW,95626,2025-02-22,Login
30704,SW,95627,2025-05-13,Billing
30704,SW,95628,2025-03-18,Feature Request
30704,SW,95629,2025-11-07,Bug
30114,W,95630,2025-10-25,Other
30114,W,95631,2025-10-07,Other
30114,W,95632,2025-04-11,Feature Request
30114,W,95633,2025-10-13,Feature Request
30114,W,95634,2025-02-22,Billing
30396,SW,95635,2025-11-25,Bug
31098,W,95636,2025-08-28,Login
31098,W,95637,2025-12-30,Feature Request
31098,W,95638,2025-12-14,Other
31098,W,95639,2025-11-23,Other
31126,NE,95640,2025-11-20,Feature Request
31001,MW,95641,2025-11-07,Bug
31001,MW,95642,2025-04-07,Login
31238,SE,95643,2025-09-13,Billing
30966,MW,95644,2025-11-29,Other
30966,MW,95645,2025-08-10,Feature Request
30966,MW,95646,2025-12-12,Bug
30966,MW,95647,2025-08-08,Other
31062,MW,95648,2025-09-01,Bug
30006,NE,95649,2025-07-13,Billing
30006,NE,95650,2025-06-04,Bug
30160,NE,95651,2025-01-22,Billing
30175,MW,95652,2025-04-26,Login
31025,NE,95653,2025-07-30,Bug
31025,NE,95654,2025-10-19,Bug
30454,W,95655,2025-02-25,Billing
30275,SE,95656,2025-02-23,Login
30275,SE,95657,2025-04-18,Billing
30675,MW,95658,2025-07-21,Login
30675,MW,95659,2025-08-06,Bug
30675,MW,95660,2025-12-20,Feature Request
30675,MW,95661,2025-06-27,Bug
30675,MW,95662,2025-03-02,Other
31051,NE,95663,2025-02-05,Feature Request
31051,NE,95664,2025-11-16,Billing
31051,NE,95665,2025-05-26,Other
31024,W,95666,2025-01-13,Login
31024,W,95667,2025-09-18,Other
31024,W,95668,2025-12-30,Login
30055,MW,95669,2025-06-23,Login
30546,SW,95670,2025-07-05,Login
31333,W,95671,2025-03-15,Feature Request
31333,W,95672,2025-06-21,Billing
30438,SE,95673,2025-02-01,Bug
30594,NE,95674,2025-12-15,Other
30594,NE,95675,2025-11-05,Other
30594,NE,95676,2025-11-02,Bug
30594,NE,95677,2025-01-26,Bug
31348,W,95678,2025-12-12,Login
30306,MW,95679,2025-06-12,Other
30306,MW,95680,2025-06-23,Feature Request
30306,MW,95681,2025-07-30,Feature Request
30306,MW,95682,2025-11-04,Login
30618,NE,95683,2025-11-27,Login
31395,SE,95684,2025-01-29,Bug
31395,SE,95685,2025-05-02,Billing
31395,SE,95686,2025-06-08,Feature Request
30180,NE,95687,2025-01-02,Other
30433,NE,95688,2025-10-29,Bug
30913,MW,95689,2025-06-15,Bug
30913,MW,95690,2025-08-26,Feature Request
30065,SE,95691,2025-07-23,Feature Request
30383,W,95692,2025-02-22,Bug
30383,W,95693,2025-02-24,Login
30038,MW,95694,2025-06-13,Billing
30038,MW,95695,2025-01-15,Login
30821,SW,95696,2025-12-17,Login
30784,W,95697,2025-05-31,Feature Request
30784,W,95698,2025-08-20,Feature Request
30784,W,95699,2025-07-07,Billing
30784,W,95700,2025-08-13,Login
31211,SE,95701,2025-07-25,Billing
31211,SE,95702,2025-03-06,Other
31266,NE,95703,2025-07-26,Other
31266,NE,95704,2025-03-10,Other
30560,MW,95705,2025-11-27,Bug
30560,MW,95706,2025-07-16,Feature Request
30513,W,95707,2025-09-28,Other
30513,W,95708,2025-07-18,Other
30175,SE,95709,2025-01-15,Bug
30909,SW,95710,2025-03-10,Feature Request
31122,SE,95711,2025-07-31,Other
31122,SE,95712,2025-09-05,Feature Request
30870,MW,95713,2025-03-26,Bug
30494,MW,95714,2025-03-30,Bug
30754,NE,95715,2025-02-21,Bug
30754,NE,95716,2025-05-11,Billing
30210,W,95717,2025-04-15,Bug
30210,W,95718,2025-05-26,Other
31252,MW,95719,2025-01-01,Other
30139,SE,95720,2025-01-26,Feature Request
30269,MW,95721,2025-01-12,Feature Request
31035,SE,95722,2025-12-07,Login
31360,SE,95723,2025-02-22,Other
30505,MW,95724,2025-09-05,Feature Request
30031,SE,95725,2025-09-26,Billing
30031,SE,95726,2025-02-17,Feature Request
30031,SE,95727,2025-04-02,Bug
30031,SE,95728,2025-07-28,Bug
30031,SE,95729,2025-02-17,Other
31194,SE,95730,2025-06-25,Bug
31194,SE,95731,2025-12-21,Login
31092,SE,95732,2025-03-01,Feature Request
30361,NE,95733,2025-08-17,Bug
30928,W,95734,2025-10-25,Other
30928,W,95735,2025-08-27,Feature Request
30099,SE,95736,2025-07-07,Feature Request
30008,MW,95737,2025-12-01,Login
30008,MW,95738,2025-03-16,Feature Request
30008,MW,95739,2025-09-02,Billing
30696,NE,95740,2025-01-07,Other
30696,NE,95741,2025-01-13,Feature Request
30696,NE,95742,2025-08-14,Billing
30696,NE,95743,2025-08-30,Feature Request
31137,MW,95744,2025-06-29,Other
31137,MW,95745,2025-06-29,Bug
30920,W,95746,2025-10-10,Billing
30389,MW,95747,2025-12-22,Bug
30389,MW,95748,2025-01-21,Login
30389,MW,95749,2025-09-26,Login
30156,NE,95750,2025-07-01,Other
30156,NE,95751,2025-02-21,Login
30156,NE,95752,2025-10-27,Feature Request
30156,NE,95753,2025-08-10,Billing
30259,MW,95754,2025-08-06,Login
30259,MW,95755,2025-11-04,Other
30753,NE,95756,2025-02-25,Other
30753,NE,95757,2025-01-09,Login
31195,MW,95758,2025-10-10,Other
30719,W,95759,2025-01-22,Bug
31293,MW,95760,2025-12-21,Feature Request
31293,MW,95761,2025-05-03,Bug
30625,MW,95762,2025-08-12,Feature Request
30625,MW,95763,2025-12-20,Feature Request
30625,MW,95764,2025-10-25,Other
30625,MW,95765,2025-12-01,Bug
30873,SE,95766,2025-06-27,Other
30873,SE,95767,2025-11-04,Feature Request
30873,MW,95768,2025-06-10,Login
30873,MW,95769,2025-11-10,Bug
30873,MW,95770,2025-01-16,Billing
30953,MW,95771,2025-01-23,Billing
30254,SE,95772,2025-06-07,Billing
30569,NE,95773,2025-11-17,Feature Request
30569,NE,95774,2025-07-03,Login
31336,SE,95775,2025-08-05,Billing
30460,SW,95776,2025-05-13,Other
30460,SW,95777,2025-08-17,Billing
30886,MW,95778,2025-04-01,Feature Request
31115,NE,95779,2025-05-18,Billing
31115,NE,95780,2025-04-30,Login
31115,NE,95781,2025-07-27,Other
30519,SW,95782,2025-11-14,Billing
30519,SW,95783,2025-06-04,Feature Request
30519,SW,95784,2025-06-04,Billing
31121,MW,95785,2025-11-09,Bug
31121,MW,95786,2025-06-06,Other
31397,NE,95787,2025-12-05,Login
30926,NE,95788,2025-12-01,Feature Request
30926,NE,95789,2025-08-20,Login
30648,MW,95790,2025-10-21,Bug
30648,MW,95791,2025-10-23,Feature Request
30648,MW,95792,2025-05-22,Login
30648,MW,95793,2025-11-20,Login
30648,MW,95794,2025-01-18,Bug
31055,SE,95795,2025-06-13,Feature Request
31055,SE,95796,2025-08-18,Login
30578,SE,95797,2025-06-24,Feature Request
30113,SE,95798,2025-06-10,Other
30642,SE,95799,2025-07-27,Other
30696,SE,95800,2025-04-12,Other
30904,SE,95801,2025-04-16,Billing
30904,SE,95802,2025-03-10,Bug
30904,SE,95803,2025-12-19,Other
30385,SE,95804,2025-01-01,Other
30385,SE,95805,2025-07-05,Bug
30385,SE,95806,2025-07-20,Bug
30514,SW,95807,2025-07-05,Feature Request
30579,NE,95808,2025-02-18,Billing
31164,SW,95809,2025-05-07,Login
31323,SW,95810,2025-10-29,Login
31323,SW,95811,2025-06-26,Bug
31323,SW,95812,2025-06-06,Billing
31323,SW,95813,2025-08-07,Other
30310,SW,95814,2025-10-16,Feature Request
30310,SW,95815,2025-12-17,Bug
30808,W,95816,2025-04-22,Billing
30808,W,95817,2025-01-29,Bug
30575,MW,95818,2025-08-01,Billing
30030,SW,95819,2025-12-26,Bug
30030,SW,95820,2025-07-19,Login
30129,MW,95821,2025-06-16,Billing
30977,NE,95822,2025-09-08,Feature Request
30057,SE,95823,2025-08-09,Other
30057,SE,95824,2025-07-08,Bug
30811,SW,95825,2025-09-29,Other
30811,SW,95826,2025-01-27,Login
30767,W,95827,2025-07-29,Bug
31185,W,95828,2025-07-17,Bug
30996,MW,95829,2025-06-23,Billing
30285,MW,95830,2025-02-25,Bug
30885,W,95831,2025-06-01,Billing
30885,W,95832,2025-02-07,Feature Request
30396,MW,95833,2025-07-17,Login
30396,MW,95834,2025-06-27,Other
30396,MW,95835,2025-06-25,Bug
30396,MW,95836,2025-09-18,Feature Request
30025,SE,95837,2025-05-19,Billing
30125,W,95838,2025-11-12,Bug
31221,W,95839,2025-08-09,Feature Request
30187,SE,95840,2025-06-27,Bug
30187,SE,95841,2025-03-10,Other
30809,NE,95842,2025-01-12,Bug
30449,SW,95843,2025-09-03,Other
30449,SW,95844,2025-09-09,Login
31377,SE,95845,2025-07-26,Other
30657,NE,95846,2025-04-18,Login
30657,NE,95847,2025-11-07,Feature Request
30099,MW,95848,2025-10-20,Login
30099,MW,95849,2025-01-15,Feature Request
30099,MW,95850,2025-03-24,Login
30555,MW,95851,2025-01-03,Login
30555,MW,95852,2025-08-24,Other
30555,MW,95853,2025-05-09,Bug
30555,MW,95854,2025-01-30,Feature Request
30490,MW,95855,2025-04-03,Bug
30490,MW,95856,2025-08-05,Bug
30490,MW,95857,2025-08-07,Bug
30490,MW,95858,2025-12-03,Billing
30380,W,95859,2025-04-24,Other
30380,W,95860,2025-07-26,Other
30380,W,95861,2025-03-12,Feature Request
30541,MW,95862,2025-05-16,Login
30541,MW,95863,2025-10-11,Billing
30541,MW,95864,2025-12-17,Login
30541,MW,95865,2025-08-03,Bug
30824,MW,95866,2025-09-01,Login
31352,MW,95867,2025-01-06,Feature Request
31299,SE,95868,2025-03-28,Other
31298,NE,95869,2025-04-13,Feature Request
31298,NE,95870,2025-10-18,Bug
30842,SW,95871,2025-04-16,Feature Request
30842,SW,95872,2025-07-26,Other
30842,SW,95873,2025-11-15,Bug
30842,SW,95874,2025-03-23,Other
30327,SW,95875,2025-08-01,Other
30726,MW,95876,2025-04-25,Login
30726,MW,95877,2025-07-30,Feature Request
30551,SE,95878,2025-06-03,Bug
30551,SE,95879,2025-08-10,Billing
30026,MW,95880,2025-05-07,Feature Request
30026,MW,95881,2025-07-22,Other
30026,MW,95882,2025-08-19,Bug
30026,MW,95883,2025-05-30,Login
31106,W,95884,2025-04-21,Other
31106,W,95885,2025-02-18,Bug
30681,NE,95886,2025-04-03,Feature Request
30681,NE,95887,2025-11-13,Feature Request
30681,NE,95888,2025-11-10,Bug
30681,NE,95889,2025-12-27,Bug
30681,NE,95890,2025-02-05,Billing
30166,W,95891,2025-12-09,Other
30168,NE,95892,2025-11-30,Other
30228,SW,95893,2025-02-18,Bug
30228,SW,95894,2025-07-05,Other
30366,W,95895,2025-01-06,Feature Request
30790,W,95896,2025-06-24,Bug
30523,MW,95897,2025-12-20,Other
30523,MW,95898,2025-12-30,Feature Request
31095,NE,95899,2025-04-06,Billing
31095,NE,95900,2025-05-15,Login
31095,NE,95901,2025-03-23,Bug
30105,W,95902,2025-05-28,Other
30105,W,95903,2025-06-19,Bug
30964,NE,95904,2025-07-10,Feature Request
31305,SE,95905,2025-11-10,Billing
31305,SE,95906,2025-02-03,Bug
30533,W,95907,2025-04-30,Billing
30268,SW,95908,2025-04-16,Billing
30672,SW,95909,2025-02-01,Feature Request
30672,SW,95910,2025-06-19,Bug
30790,SE,95911,2025-01-12,Billing
30017,MW,95912,2025-07-28,Bug
30116,SW,95913,2025-01-08,Login
30116,SW,95914,2025-08-15,Login
30116,SW,95915,2025-10-09,Login
31167,NE,95916,2025-05-15,Login
30550,NE,95917,2025-08-15,Billing
30550,NE,95918,2025-07-06,Billing
30550,NE,95919,2025-04-28,Other
30550,NE,95920,2025-04-26,Feature Request
30752,SW,95921,2025-06-12,Billing
30752,SW,95922,2025-10-07,Feature Request
31392,MW,95923,2025-02-23,Bug
31392,MW,95924,2025-02-01,Bug
31392,MW,95925,2025-01-08,Bug
31392,MW,95926,2025-08-03,Bug
31392,MW,95927,2025-07-08,Login
30557,SE,95928,2025-12-01,Bug
30677,SE,95929,2025-05-16,Billing
30677,SE,95930,2025-10-08,Login
31239,MW,95931,2025-06-21,Bug
31095,SW,95932,2025-02-12,Billing
31095,SW,95933,2025-01-13,Other
31095,SW,95934,2025-11-28,Other
30445,W,95935,2025-04-14,Billing
31209,NE,95936,2025-02-09,Feature Request
30069,SW,95937,2025-11-21,Billing
30069,SW,95938,2025-07-21,Bug
30069,SW,95939,2025-02-24,Billing
30149,SE,95940,2025-09-17,Feature Request
30773,SE,95941,2025-07-19,Login
31122,W,95942,2025-02-16,Billing
31301,NE,95943,2025-04-27,Feature Request
31301,NE,95944,2025-06-04,Bug
30943,W,95945,2025-05-31,Feature Request
31127,SE,95946,2025-07-11,Login
30600,NE,95947,2025-08-31,Billing
30724,NE,95948,2025-01-29,Other
30724,NE,95949,2025-06-21,Bug
30250,SE,95950,2025-07-16,Bug
30250,SE,95951,2025-05-20,Login
30250,SE,95952,2025-10-20,Billing
30078,W,95953,2025-09-13,Feature Request
30897,NE,95954,2025-05-14,Login
30780,MW,95955,2025-09-23,Other
31074,NE,95956,2025-05-19,Feature Request
31057,SW,95957,2025-11-08,Other
30741,MW,95958,2025-09-06,Billing
30741,MW,95959,2025-08-21,Feature Request
31022,W,95960,2025-03-02,Login
31022,W,95961,2025-08-07,Login
30631,SW,95962,2025-09-06,Other
30631,SW,95963,2025-07-17,Login
30631,SW,95964,2025-05-17,Other
30631,SW,95965,2025-11-23,Bug
30837,MW,95966,2025-07-26,Other
30703,NE,95967,2025-06-15,Other
30703,NE,95968,2025-06-29,Login
30322,MW,95969,2025-06-23,Bug
30322,MW,95970,2025-03-09,Bug
30614,W,95971,2025-05-18,Billing
30614,W,95972,2025-11-04,Billing
30328,W,95973,2025-08-26,Billing
30328,W,95974,2025-03-17,Bug
30328,W,95975,2025-05-31,Feature Request
30132,SW,95976,2025-06-02,Feature Request
30650,NE,95977,2025-02-06,Feature Request
30605,W,95978,2025-11-29,Billing
30605,W,95979,2025-05-06,Other
30964,SE,95980,2025-04-18,Feature Request
31114,W,95981,2025-01-07,Login
30028,SW,95982,2025-03-15,Other
30332,NE,95983,2025-01-27,Other
31153,NE,95984,2025-02-12,Bug
31153,NE,95985,2025-04-03,Other
31196,W,95986,2025-04-19,Other
30943,MW,95987,2025-08-03,Billing
31122,NE,95988,2025-07-04,Login
31122,NE,95989,2025-05-05,Login
30355,SW,95990,2025-08-25,Other
30355,SW,95991,2025-10-20,Billing
31197,SW,95992,2025-10-01,Billing
31197,SW,95993,2025-12-07,Other
31197,SW,95994,2025-03-03,Feature Request
31197,SW,95995,2025-12-28,Feature Request
31197,SW,95996,2025-09-22,Feature Request
30930,W,95997,2025-08-20,Feature Request
31013,SW,95998,2025-05-23,Other
31013,SW,95999,2025-09-02,Login
31013,SW,96000,2025-05-06,Login
31013,SW,96001,2025-02-25,Other
30827,SW,96002,2025-04-04,Bug
30827,SW,96003,2025-10-19,Login
30553,NE,96004,2025-07-18,Feature Request
30553,NE,96005,2025-02-24,Bug
30553,NE,96006,2025-03-01,Bug
30298,SE,96007,2025-07-21,Bug
31215,SW,96008,2025-05-09,Other
31215,SW,96009,2025-07-16,Feature Request
30769,SW,96010,2025-06-15,Billing
30769,SW,96011,2025-10-07,Feature Request
30769,SW,96012,2025-12-13,Other
30833,SW,96013,2025-04-17,Other
30833,SW,96014,2025-08-20,Other
30833,SW,96015,2025-04-11,Login
31255,SW,96016,2025-08-23,Feature Request
31218,MW,96017,2025-06-03,Feature Request
31357,W,96018,2025-08-26,Bug
31357,W,96019,2025-12-12,Feature Request
30792,SE,96020,2025-05-10,Bug
30792,SE,96021,2025-02-12,Login
30792,SE,96022,2025-07-05,Bug
30792,SE,96023,2025-04-27,Other
31346,SW,96024,2025-03-17,Bug
30857,SE,96025,2025-12-15,Bug
30857,SE,96026,2025-03-01,Bug
30805,W,96027,2025-04-27,Bug
30805,W,96028,2025-12-13,Billing
31172,SE,96029,2025-11-11,Login
31172,SE,96030,2025-05-21,Billing
31172,SE,96031,2025-03-11,Bug
30832,NE,96032,2025-01-12,Login
30832,NE,96033,2025-04-15,Login
30282,SW,96034,2025-03-04,Billing
30378,SW,96035,2025-01-08,Bug
30378,SW,96036,2025-09-30,Bug
30378,SW,96037,2025-04-05,Bug
30378,SW,96038,2025-07-25,Bug
31014,MW,96039,2025-03-28,Other
31014,MW,96040,2025-12-16,Billing
31040,MW,96041,2025-01-19,Login
31040,MW,96042,2025-01-16,Other
30378,W,96043,2025-06-04,Other
30505,W,96044,2025-08-19,Other
30505,W,96045,2025-04-23,Bug
30075,W,96046,2025-12-25,Feature Request
30961,MW,96047,2025-12-31,Other
30725,W,96048,2025-12-31,Billing
30725,W,96049,2025-09-22,Feature Request
31181,NE,96050,2025-11-10,Billing
31181,NE,96051,2025-09-04,Feature Request
30392,NE,96052,2025-02-24,Other
30392,NE,96053,2025-12-16,Other
30266,NE,96054,2025-10-22,Bug
30610,W,96055,2025-09-03,Other
30610,W,96056,2025-04-14,Login
31008,SE,96057,2025-08-28,Other
30727,W,96058,2025-11-07,Login
30727,W,96059,2025-10-07,Bug
30672,W,96060,2025-01-22,Other
31197,W,96061,2025-07-14,Login
31197,W,96062,2025-01-21,Bug
30114,SE,96063,2025-06-09,Login
30114,SE,96064,2025-10-28,Feature Request
30114,SE,96065,2025-10-24,Feature Request
30030,SE,96066,2025-04-11,Bug
31366,SE,96067,2025-08-01,Billing
31153,W,96068,2025-01-27,Bug
31153,W,96069,2025-12-24,Login
30616,MW,96070,2025-10-12,Other
30616,MW,96071,2025-10-12,Login
30738,SE,96072,2025-07-08,Bug
30738,SE,96073,2025-08-12,Other
30870,SE,96074,2025-12-19,Login
30870,SE,96075,2025-01-05,Feature Request
31081,SE,96076,2025-08-18,Other
30691,NE,96077,2025-12-03,Billing
30340,NE,96078,2025-01-04,Other
31043,NE,96079,2025-09-04,Billing
31340,SE,96080,2025-10-23,Other
31340,SE,96081,2025-07-15,Login
30659,SE,96082,2025-05-07,Feature Request
30927,SE,96083,2025-05-16,Bug
30927,SE,96084,2025-06-23,Other
30927,SE,96085,2025-08-06,Billing
30927,SE,96086,2025-12-16,Feature Request
30453,MW,96087,2025-09-01,Feature Request
30453,MW,96088,2025-07-05,Login
30453,MW,96089,2025-01-02,Login
31346,MW,96090,2025-08-27,Feature Request
31346,MW,96091,2025-04-14,Bug
31346,MW,96092,2025-11-20,Billing
30818,NE,96093,2025-11-02,Other
30818,NE,96094,2025-01-10,Other
30818,NE,96095,2025-04-14,Login
30818,NE,96096,2025-07-17,Other
30012,W,96097,2025-06-17,Billing
30920,NE,96098,2025-01-30,Login
30920,NE,96099,2025-01-14,Feature Request
30920,NE,96100,2025-03-03,Billing
30370,W,96101,2025-04-20,Bug
30331,SW,96102,2025-11-05,Feature Request
30260,SW,96103,2025-02-24,Login
30260,SW,96104,2025-09-13,Billing
30260,SW,96105,2025-04-13,Billing
31228,MW,96106,2025-10-28,Feature Request
30696,MW,96107,2025-11-17,Login
30696,MW,96108,2025-06-17,Login
30696,MW,96109,2025-01-05,Other
30696,MW,96110,2025-02-15,Feature Request
30696,MW,96111,2025-06-18,Feature Request
30949,NE,96112,2025-12-01,Feature Request
30949,NE,96113,2025-06-13,Billing
30820,W,96114,2025-09-17,Billing
30820,W,96115,2025-03-29,Bug
30820,W,96116,2025-06-19,Billing
30068,SW,96117,2025-02-15,Billing
31127,MW,96118,2025-05-09,Other
31127,MW,96119,2025-11-22,Login
31184,W,96120,2025-07-06,Login
30215,SW,96121,2025-12-08,Bug
30215,SW,96122,2025-11-22,Feature Request
30215,SW,96123,2025-09-16,Login
30211,SW,96124,2025-07-17,Login
30883,SW,96125,2025-08-15,Login
30883,SW,96126,2025-08-31,Billing
30716,SE,96127,2025-12-23,Bug
30550,MW,96128,2025-05-15,Billing
30941,MW,96129,2025-01-10,Billing
30941,MW,96130,2025-07-02,Billing
30879,MW,96131,2025-01-19,Login
31195,NE,96132,2025-08-08,Billing
31195,NE,96133,2025-04-06,Login
30999,MW,96134,2025-09-22,Other
30470,SE,96135,2025-06-06,Billing
30699,MW,96136,2025-12-04,Other
30699,MW,96137,2025-03-24,Other
30991,W,96138,2025-05-13,Login
30803,SW,96139,2025-08-25,Other
30830,SE,96140,2025-07-03,Feature Request
30830,SE,96141,2025-09-28,Billing
30830,SE,96142,2025-03-29,Bug
30213,SE,96143,2025-01-20,Bug
31353,W,96144,2025-11-25,Other
30977,SE,96145,2025-12-14,Bug
30145,SW,96146,2025-04-08,Login
30515,MW,96147,2025-08-20,Login
30515,MW,96148,2025-05-29,Other
30452,W,96149,2025-08-23,Login
31334,W,96150,2025-09-24,Other
31334,W,96151,2025-12-27,Login
31334,W,96152,2025-10-09,Billing
30527,W,96153,2025-08-20,Bug
31023,MW,96154,2025-01-16,Other
30756,SE,96155,2025-02-25,Other
31102,NE,96156,2025-04-24,Login
31102,NE,96157,2025-03-09,Feature Request
31176,SE,96158,2025-06-01,Bug
31176,SE,96159,2025-01-22,Feature Request
31176,SE,96160,2025-06-16,Feature Request
31176,SE,96161,2025-02-18,Other
30400,SW,96162,2025-10-25,Other
30400,SW,96163,2025-10-17,Billing
30056,NE,96164,2025-05-04,Other
30056,NE,96165,2025-09-23,Feature Request
30056,NE,96166,2025-09-16,Other
30056,NE,96167,2025-07-13,Bug
30056,NE,96168,2025-04-24,Feature Request
31002,NE,96169,2025-04-26,Feature Request
30185,SW,96170,2025-04-11,Bug
30604,W,96171,2025-02-04,Login
30157,NE,96172,2025-12-25,Billing
31382,MW,96173,2025-08-27,Feature Request
30588,MW,96174,2025-09-29,Bug
30800,W,96175,2025-04-02,Other
31096,SW,96176,2025-02-23,Feature Request
30016,MW,96177,2025-08-16,Login
30730,SE,96178,2025-08-02,Other
30994,SW,96179,2025-03-05,Billing
30994,SW,96180,2025-02-06,Feature Request
30994,SW,96181,2025-01-12,Feature Request
30612,SW,96182,2025-03-25,Feature Request
30595,NE,96183,2025-04-04,Other
30595,NE,96184,2025-12-14,Bug
30841,SW,96185,2025-09-27,Bug
30841,SW,96186,2025-05-08,Login
30343,NE,96187,2025-06-01,Billing
30858,SW,96188,2025-02-07,Bug
31241,NE,96189,2025-04-15,Other
30221,W,96190,2025-02-01,Feature Request
30221,W,96191,2025-01-14,Feature Request
30591,W,96192,2025-06-01,Other
31295,SW,96193,2025-01-10,Bug
31017,SE,96194,2025-01-16,Billing
30802,MW,96195,2025-01-07,Other
30802,MW,96196,2025-03-23,Bug
30802,MW,96197,2025-05-09,Login
30020,MW,96198,2025-03-15,Feature Request
30227,W,96199,2025-02-28,Login
30227,W,96200,2025-01-17,Login
31311,MW,96201,2025-05-29,Feature Request
31311,MW,96202,2025-03-25,Billing
31157,SE,96203,2025-06-03,Other
31157,SE,96204,2025-04-22,Feature Request
31157,SE,96205,2025-07-06,Other
31306,SE,96206,2025-09-30,Billing
31306,SE,96207,2025-06-17,Billing
31089,NE,96208,2025-03-16,Other
31089,NE,96209,2025-12-01,Billing
30436,NE,96210,2025-09-06,Bug
30436,NE,96211,2025-12-21,Login
30436,NE,96212,2025-12-29,Feature Request
30436,NE,96213,2025-01-20,Other
30933,SW,96214,2025-05-13,Feature Request
30933,SW,96215,2025-02-02,Other
30102,NE,96216,2025-02-01,Bug
30768,SE,96217,2025-10-19,Billing
31221,NE,96218,2025-11-01,Login
31221,NE,96219,2025-04-18,Billing
31221,NE,96220,2025-01-09,Other
30225,SW,96221,2025-12-24,Billing
30225,SW,96222,2025-10-05,Bug
30225,SW,96223,2025-09-28,Other
30462,MW,96224,2025-12-28,Feature Request
30462,MW,96225,2025-01-16,Login
31049,NE,96226,2025-01-21,Feature Request
31049,NE,96227,2025-11-26,Bug
30505,SW,96228,2025-09-30,Login
30505,SW,96229,2025-02-05,Billing
30813,NE,96230,2025-10-03,Login
30633,MW,96231,2025-04-14,Feature Request
30633,MW,96232,2025-01-06,Billing
31338,MW,96233,2025-06-01,Feature Request
30617,SE,96234,2025-08-29,Other
30617,SE,96235,2025-02-15,Login
30617,SE,96236,2025-03-16,Bug
30617,SE,96237,2025-07-15,Login
30231,SE,96238,2025-05-01,Billing
30231,SE,96239,2025-05-29,Login
30231,SE,96240,2025-06-09,Feature Request
30495,SW,96241,2025-03-23,Billing
30495,SW,96242,2025-02-13,Feature Request
31132,SW,96243,2025-03-14,Billing
30501,SE,96244,2025-07-29,Other
30024,W,96245,2025-03-31,Feature Request
30287,SW,96246,2025-11-30,Feature Request
30287,SW,96247,2025-11-29,Bug
31060,SE,96248,2025-02-16,Bug
31060,SE,96249,2025-04-26,Bug
30136,W,96250,2025-03-20,Bug
30319,W,96251,2025-01-08,Other
30319,W,96252,2025-10-06,Billing
30915,SE,96253,2025-05-10,Bug
30915,SE,96254,2025-06-06,Bug
30915,SE,96255,2025-06-18,Other
30085,SW,96256,2025-11-26,Feature Request
30925,NE,96257,2025-06-13,Feature Request
30925,NE,96258,2025-07-24,Billing
30859,SW,96259,2025-11-16,Other
30859,SW,96260,2025-11-02,Bug
30859,SW,96261,2025-04-05,Other
31258,SW,96262,2025-05-28,Bug
31258,SW,96263,2025-01-30,Billing
30432,SE,96264,2025-07-06,Feature Request
30432,SE,96265,2025-02-04,Bug
30998,SW,96266,2025-10-09,Bug
30998,SW,96267,2025-03-17,Login
30099,W,96268,2025-02-26,Other
30099,W,96269,2025-11-01,Billing
30099,W,96270,2025-08-01,Login
30099,W,96271,2025-12-27,Other
30099,W,96272,2025-08-22,Other
30598,MW,96273,2025-08-11,Billing
30395,W,96274,2025-08-14,Feature Request
30395,W,96275,2025-11-30,Bug
30414,SW,96276,2025-12-17,Other
30676,MW,96277,2025-12-14,Login
30540,SW,96278,2025-12-05,Feature Request
31387,SE,96279,2025-10-17,Login
30083,NE,96280,2025-04-29,Other
30083,NE,96281,2025-08-08,Bug
30083,NE,96282,2025-02-22,Billing
30083,NE,96283,2025-04-27,Bug
30243,W,96284,2025-02-11,Bug
30243,W,96285,2025-09-04,Login
30243,W,96286,2025-10-18,Other
30243,W,96287,2025-03-28,Login
30213,SW,96288,2025-03-25,Other
31189,SW,96289,2025-08-09,Billing
31189,SW,96290,2025-02-20,Bug
30058,SE,96291,2025-07-06,Other
30058,SE,96292,2025-08-11,Login
30882,W,96293,2025-03-28,Bug
30882,W,96294,2025-06-30,Other
30882,W,96295,2025-11-18,Bug
30923,MW,96296,2025-12-06,Other
30923,MW,96297,2025-11-25,Feature Request
30122,SE,96298,2025-03-03,Login
31162,NE,96299,2025-02-21,Billing
31162,NE,96300,2025-10-22,Feature Request
31162,NE,96301,2025-11-28,Feature Request
31297,MW,96302,2025-08-04,Login
31297,MW,96303,2025-12-06,Other
31021,SE,96304,2025-10-03,Other
31021,SE,96305,2025-01-02,Other
30117,MW,96306,2025-04-16,Login
30117,MW,96307,2025-06-16,Billing
30117,MW,96308,2025-02-27,Feature Request
30117,MW,96309,2025-02-12,Billing
30904,W,96310,2025-04-19,Login
30904,W,96311,2025-02-17,Other
30904,W,96312,2025-08-02,Login
30904,W,96313,2025-05-08,Other
30394,W,96314,2025-07-17,Billing
30394,W,96315,2025-07-11,Bug
30875,W,96316,2025-07-13,Feature Request
30875,W,96317,2025-12-23,Bug
30934,SE,96318,2025-10-11,Feature Request
30934,SE,96319,2025-08-10,Billing
30934,SE,96320,2025-10-21,Billing
30934,SE,96321,2025-07-14,Feature Request
30934,SE,96322,2025-02-16,Billing
30951,W,96323,2025-12-25,Login
30294,NE,96324,2025-03-07,Bug
30020,W,96325,2025-07-16,Feature Request
31194,MW,96326,2025-06-27,Bug
31194,MW,96327,2025-06-17,Other
31194,MW,96328,2025-08-07,Other
31234,SW,96329,2025-11-14,Other
31234,SW,96330,2025-06-18,Feature Request
31172,SW,96331,2025-10-14,Login
30371,MW,96332,2025-10-26,Other
30371,MW,96333,2025-08-18,Bug
30371,MW,96334,2025-10-21,Login
30371,MW,96335,2025-10-05,Bug
30371,MW,96336,2025-11-13,Billing
31174,NE,96337,2025-02-01,Bug
31174,NE,96338,2025-02-14,Feature Request
31092,SW,96339,2025-08-27,Login
31092,SW,96340,2025-07-07,Login
31092,SW,96341,2025-07-20,Billing
31283,W,96342,2025-06-03,Feature Request
30845,SE,96343,2025-06-03,Login
30845,SE,96344,2025-12-05,Other
30370,NE,96345,2025-01-05,Login
30370,NE,96346,2025-11-22,Bug
30100,MW,96347,2025-09-29,Billing
30100,MW,96348,2025-01-14,Login
30660,SE,96349,2025-12-01,Billing
30660,SE,96350,2025-09-11,Feature Request
30967,MW,96351,2025-07-22,Other
30967,MW,96352,2025-12-27,Other
30967,MW,96353,2025-07-18,Billing
30752,W,96354,2025-06-27,Feature Request
30848,W,96355,2025-11-08,Billing
30848,W,96356,2025-10-06,Other
30848,W,96357,2025-01-13,Login
31118,MW,96358,2025-08-05,Billing
30213,MW,96359,2025-01-27,Login
30717,SE,96360,2025-08-06,Other
30611,MW,96361,2025-05-22,Feature Request
31260,SE,96362,2025-11-21,Other
30769,MW,96363,2025-11-20,Other
30769,MW,96364,2025-03-30,Other
30769,MW,96365,2025-05-12,Billing
30406,NE,96366,2025-03-07,Feature Request
30406,NE,96367,2025-05-28,Login
30646,MW,96368,2025-01-06,Billing
31179,MW,96369,2025-05-03,Other
31179,MW,96370,2025-04-15,Billing
30427,SE,96371,2025-08-26,Billing
31181,SE,96372,2025-04-04,Bug
31005,W,96373,2025-11-17,Other
31005,W,96374,2025-10-24,Login
30370,SW,96375,2025-11-15,Billing
30370,SW,96376,2025-04-22,Feature Request
31367,W,96377,2025-06-20,Billing
31367,W,96378,2025-03-09,Feature Request
31367,W,96379,2025-02-03,Login
31306,SW,96380,2025-05-31,Billing
30855,NE,96381,2025-08-26,Feature Request
30855,NE,96382,2025-03-17,Bug
30279,SE,96383,2025-01-19,Feature Request
30279,SE,96384,2025-02-04,Bug
31313,W,96385,2025-11-20,Login
31313,W,96386,2025-08-29,Other
31313,W,96387,2025-06-02,Other
31313,W,96388,2025-09-07,Bug
30974,SW,96389,2025-02-10,Login
31237,SE,96390,2025-03-03,Login
31237,SE,96391,2025-05-22,Other
31047,NE,96392,2025-09-15,Bug
31047,NE,96393,2025-11-07,Feature Request
30273,SW,96394,2025-07-30,Feature Request
30273,SW,96395,2025-08-27,Other
30273,SW,96396,2025-09-14,Bug
30273,SW,96397,2025-07-06,Login
30273,SW,96398,2025-04-13,Billing
30843,NE,96399,2025-08-09,Login
31386,W,96400,2025-10-29,Bug
31386,W,96401,2025-04-09,Other
30745,MW,96402,2025-11-09,Bug
30115,NE,96403,2025-01-22,Feature Request
30115,NE,96404,2025-11-12,Login
31065,SE,96405,2025-10-19,Login
30378,NE,96406,2025-01-29,Login
31229,SE,96407,2025-02-25,Billing
31229,SE,96408,2025-07-31,Bug
30279,MW,96409,2025-06-27,Bug
30617,SW,96410,2025-06-02,Other
31260,NE,96411,2025-02-13,Other
30099,NE,96412,2025-12-03,Login
30260,SE,96413,2025-03-15,Bug
30260,SE,96414,2025-07-02,Feature Request
30260,SE,96415,2025-11-21,Billing
30260,SE,96416,2025-04-20,Login
31328,MW,96417,2025-11-02,Feature Request
31328,MW,96418,2025-01-06,Bug
30285,W,96419,2025-06-30,Login
30285,W,96420,2025-12-27,Login
30285,W,96421,2025-11-19,Feature Request
30062,MW,96422,2025-04-10,Billing
31305,MW,96423,2025-09-03,Billing
31305,MW,96424,2025-07-31,Login
31305,MW,96425,2025-04-25,Feature Request
31305,MW,96426,2025-03-21,Bug
31316,MW,96427,2025-11-05,Login
31316,MW,96428,2025-09-17,Billing
31030,W,96429,2025-10-19,Other
31030,W,96430,2025-10-18,Feature Request
30935,SW,96431,2025-03-04,Billing
30935,SW,96432,2025-11-21,Other
31213,W,96433,2025-06-18,Bug
31213,W,96434,2025-02-25,Login
30475,NE,96435,2025-05-22,Other
30475,NE,96436,2025-08-14,Billing
30052,SW,96437,2025-01-25,Billing
30485,W,96438,2025-12-31,Feature Request
31387,NE,96439,2025-02-22,Feature Request
31387,NE,96440,2025-12-05,Bug
31030,SW,96441,2025-12-04,Bug
31030,SW,96442,2025-12-26,Bug
30667,SE,96443,2025-08-01,Bug
30834,SW,96444,2025-12-11,Bug
30366,MW,96445,2025-01-12,Billing
30366,MW,96446,2025-11-07,Other
31001,W,96447,2025-04-01,Other
31001,W,96448,2025-01-12,Bug
31001,W,96449,2025-05-17,Billing
31263,W,96450,2025-06-06,Bug
30871,MW,96451,2025-03-28,Billing
30774,W,96452,2025-12-10,Other
30774,W,96453,2025-12-23,Other
30774,W,96454,2025-01-04,Login
30454,MW,96455,2025-01-28,Other
30454,MW,96456,2025-07-19,Other
31313,SW,96457,2025-10-31,Feature Request
30402,SW,96458,2025-10-08,Billing
30402,SW,96459,2025-06-07,Bug
30402,SW,96460,2025-06-06,Login
30520,SW,96461,2025-04-04,Bug
30520,SW,96462,2025-01-21,Bug
30209,SE,96463,2025-12-17,Login
30209,SE,96464,2025-04-22,Billing
30815,MW,96465,2025-02-03,Bug
30815,MW,96466,2025-03-24,Other
30815,MW,96467,2025-05-11,Bug
30815,MW,96468,2025-03-03,Login
30815,MW,96469,2025-05-16,Login
30233,SE,96470,2025-03-29,Billing
30233,SE,96471,2025-01-17,Bug
30233,SE,96472,2025-10-26,Other
30233,SE,96473,2025-03-14,Other
30792,SW,96474,2025-06-27,Login
31062,NE,96475,2025-08-08,Other
30334,W,96476,2025-06-14,Feature Request
31097,SW,96477,2025-10-19,Login
30323,SW,96478,2025-09-05,Bug
31170,MW,96479,2025-03-12,Other
30283,MW,96480,2025-04-02,Login
30283,MW,96481,2025-11-17,Other
30283,MW,96482,2025-01-24,Other
30283,MW,96483,2025-07-08,Bug
30928,SW,96484,2025-10-13,Login
30928,SW,96485,2025-12-07,Bug
30928,SW,96486,2025-08-10,Billing
30751,NE,96487,2025-12-18,Bug
30751,NE,96488,2025-08-06,Bug
30338,SE,96489,2025-01-31,Billing
30338,SE,96490,2025-09-07,Billing
31045,SW,96491,2025-06-15,Bug
30104,SW,96492,2025-10-12,Login
30715,SW,96493,2025-02-01,Login
30762,NE,96494,2025-10-28,Login
30762,NE,96495,2025-12-09,Billing
30762,NE,96496,2025-03-16,Bug
31245,MW,96497,2025-05-04,Feature Request
30712,W,96498,2025-07-09,Other
30712,W,96499,2025-03-29,Bug
30712,W,96500,2025-03-25,Bug
31372,NE,96501,2025-04-16,Feature Request
31372,NE,96502,2025-12-21,Other
30737,W,96503,2025-01-06,Other
30235,NE,96504,2025-11-05,Feature Request
30182,W,96505,2025-12-08,Login
30182,W,96506,2025-12-18,Billing
30443,NE,96507,2025-06-23,Bug
30443,NE,96508,2025-04-23,Feature Request
30443,NE,96509,2025-03-12,Bug
30443,NE,96510,2025-08-25,Bug
30622,SE,96511,2025-08-31,Billing
30622,SE,96512,2025-09-12,Feature Request
31259,SW,96513,2025-02-01,Login
31127,NE,96514,2025-08-21,Login
31127,NE,96515,2025-08-03,Billing
30154,SW,96516,2025-09-02,Feature Request
30234,NE,96517,2025-07-29,Billing
30234,NE,96518,2025-03-13,Billing
30234,NE,96519,2025-06-27,Bug
30234,NE,96520,2025-12-29,Bug
30234,NE,96521,2025-10-26,Billing
30509,NE,96522,2025-01-08,Bug
30509,NE,96523,2025-07-12,Feature Request
30784,MW,96524,2025-09-16,Other
30784,MW,96525,2025-10-27,Login
30775,SE,96526,2025-04-02,Feature Request
30297,SE,96527,2025-05-24,Login
30297,SE,96528,2025-11-03,Login
30136,SW,96529,2025-01-18,Billing
30086,MW,96530,2025-01-06,Feature Request
31222,SW,96531,2025-11-30,Billing
30436,MW,96532,2025-12-02,Other
30436,MW,96533,2025-03-06,Login
30436,MW,96534,2025-11-29,Other
30436,MW,96535,2025-11-25,Login
31304,W,96536,2025-12-16,Other
31304,W,96537,2025-11-09,Other
30763,MW,96538,2025-10-29,Feature Request
30941,SW,96539,2025-10-17,Billing
30941,SW,96540,2025-07-08,Login
30941,SW,96541,2025-02-11,Bug
31325,SE,96542,2025-05-25,Other
31031,W,96543,2025-10-13,Bug
30234,MW,96544,2025-04-03,Login
30560,W,96545,2025-01-23,Feature Request
30560,W,96546,2025-05-22,Feature Request
30037,W,96547,2025-04-26,Login
30037,W,96548,2025-01-25,Bug
30821,NE,96549,2025-04-04,Login
30821,NE,96550,2025-07-04,Bug
30420,SE,96551,2025-06-04,Other
30420,SE,96552,2025-06-03,Billing
30347,W,96553,2025-10-31,Other
31102,MW,96554,2025-04-02,Login
31102,MW,96555,2025-11-03,Bug
31102,MW,96556,2025-04-18,Bug
30747,NE,96557,2025-01-28,Other
30272,MW,96558,2025-07-19,Billing
30272,MW,96559,2025-03-11,Feature Request
30272,MW,96560,2025-04-13,Feature Request
30307,SE,96561,2025-07-08,Billing
30307,SE,96562,2025-12-09,Login
30975,NE,96563,2025-04-19,Login
30975,NE,96564,2025-10-28,Feature Request
31032,NE,96565,2025-07-12,Other
31032,NE,96566,2025-11-30,Other
30443,MW,96567,2025-07-28,Other
30443,MW,96568,2025-04-08,Bug
30404,SE,96569,2025-03-30,Feature Request
30852,NE,96570,2025-04-09,Login
30852,NE,96571,2025-11-22,Other
30852,NE,96572,2025-06-03,Billing
30777,W,96573,2025-10-10,Bug
30114,NE,96574,2025-01-31,Bug
31144,NE,96575,2025-08-04,Bug
31144,NE,96576,2025-10-13,Bug
30064,W,96577,2025-02-12,Other
30064,W,96578,2025-06-17,Other
30824,W,96579,2025-09-12,Billing
30238,SE,96580,2025-09-16,Billing
30238,SE,96581,2025-03-19,Bug
30238,SE,96582,2025-03-26,Feature Request
30238,SE,96583,2025-05-29,Login
30968,NE,96584,2025-03-18,Login
30968,NE,96585,2025-09-07,Other
30968,NE,96586,2025-10-27,Other
30968,NE,96587,2025-10-21,Other
30968,NE,96588,2025-12-31,Bug
30232,W,96589,2025-04-03,Other
30232,W,96590,2025-03-05,Feature Request
30906,MW,96591,2025-05-06,Login
30906,MW,96592,2025-07-28,Feature Request
30920,SW,96593,2025-08-28,Billing
30920,SW,96594,2025-03-02,Billing
30688,SW,96595,2025-01-12,Billing
30176,SE,96596,2025-05-17,Bug
30176,SE,96597,2025-03-15,Bug
31034,SE,96598,2025-05-16,Feature Request
31034,SE,96599,2025-02-12,Billing
31034,SE,96600,2025-02-08,Login
31034,SE,96601,2025-02-13,Feature Request
30629,W,96602,2025-12-19,Bug
30629,W,96603,2025-01-02,Bug
30629,W,96604,2025-10-19,Billing
30629,W,96605,2025-12-09,Other
30052,MW,96606,2025-12-02,Other
30052,MW,96607,2025-04-14,Feature Request
30052,MW,96608,2025-03-03,Login
30052,MW,96609,2025-09-20,Bug
30217,SW,96610,2025-12-08,Bug
30823,W,96611,2025-05-01,Login
30384,MW,96612,2025-06-22,Login
30899,NE,96613,2025-07-21,Other
30797,SW,96614,2025-03-05,Feature Request
30844,W,96615,2025-03-11,Other
31258,W,96616,2025-11-27,Login
31258,W,96617,2025-06-07,Billing
30707,SW,96618,2025-08-19,Login
30707,SW,96619,2025-02-24,Bug
30707,SW,96620,2025-10-29,Login
31103,MW,96621,2025-08-03,Bug
31103,MW,96622,2025-05-24,Login
30021,NE,96623,2025-04-09,Bug
30021,NE,96624,2025-11-29,Billing
30021,NE,96625,2025-02-27,Login
30842,NE,96626,2025-05-02,Bug
31116,SW,96627,2025-03-07,Other
31126,SW,96628,2025-04-04,Bug
31126,SW,96629,2025-09-07,Bug
31126,SW,96630,2025-02-09,Login
31030,MW,96631,2025-05-11,Billing
31030,MW,96632,2025-01-01,Login
30639,SW,96633,2025-11-25,Feature Request
30639,SW,96634,2025-11-28,Login
30566,MW,96635,2025-05-24,Billing
30873,NE,96636,2025-12-24,Login
30573,MW,96637,2025-06-28,Bug
30573,MW,96638,2025-07-09,Other
30089,SE,96639,2025-11-27,Bug
30089,SE,96640,2025-06-03,Feature Request
30089,SE,96641,2025-09-04,Other
30232,MW,96642,2025-01-11,Billing
30232,MW,96643,2025-11-13,Feature Request
30232,MW,96644,2025-10-28,Billing
30232,MW,96645,2025-10-06,Feature Request
31004,NE,96646,2025-09-09,Feature Request
31004,NE,96647,2025-06-24,Other
30438,SW,96648,2025-12-06,Other
30438,SW,96649,2025-11-18,Login
31398,SE,96650,2025-09-29,Feature Request
31398,SE,96651,2025-02-12,Other
31398,SE,96652,2025-04-12,Login
31315,NE,96653,2025-07-12,Login
31315,NE,96654,2025-05-29,Billing
30663,W,96655,2025-08-12,Billing
30663,W,96656,2025-03-25,Bug
30656,SE,96657,2025-03-07,Feature Request
30656,SE,96658,2025-04-19,Feature Request
30656,SE,96659,2025-08-15,Feature Request
30656,SE,96660,2025-01-20,Bug
30140,NE,96661,2025-12-19,Bug
30140,NE,96662,2025-09-27,Feature Request
30140,NE,96663,2025-10-31,Other
31116,MW,96664,2025-02-05,Login
31116,MW,96665,2025-10-25,Other
31116,MW,96666,2025-09-12,Other
31116,MW,96667,2025-05-22,Login
30283,SW,96668,2025-12-07,Other
30222,W,96669,2025-09-11,Feature Request
30222,W,96670,2025-01-05,Bug
30462,SW,96671,2025-09-23,Bug
30462,SW,96672,2025-08-27,Billing
30462,SW,96673,2025-10-18,Bug
31299,SW,96674,2025-01-09,Billing
31163,SE,96675,2025-02-13,Feature Request
31163,SE,96676,2025-08-10,Other
31163,SE,96677,2025-03-06,Login
31046,W,96678,2025-07-22,Login
31293,NE,96679,2025-06-29,Login
31293,NE,96680,2025-02-24,Bug
31293,NE,96681,2025-04-08,Login
30664,NE,96682,2025-05-05,Bug
30664,NE,96683,2025-10-21,Login
31014,SW,96684,2025-02-06,Other
30620,SW,96685,2025-12-04,Feature Request
30620,SW,96686,2025-11-12,Feature Request
30239,SE,96687,2025-09-19,Feature Request
30239,SE,96688,2025-01-27,Login
30362,SE,96689,2025-09-30,Bug
30362,SE,96690,2025-09-23,Login
30667,W,96691,2025-12-07,Login
31394,SW,96692,2025-10-15,Bug
31394,SW,96693,2025-06-10,Bug
31394,SW,96694,2025-04-19,Feature Request
30046,SW,96695,2025-04-03,Other
30046,SW,96696,2025-04-13,Billing
30838,W,96697,2025-12-19,Feature Request
30838,W,96698,2025-07-14,Feature Request
30061,NE,96699,2025-05-25,Billing
31142,MW,96700,2025-05-12,Other
31142,MW,96701,2025-09-30,Billing
31142,MW,96702,2025-06-19,Feature Request
31142,MW,96703,2025-01-11,Other
30597,SE,96704,2025-08-20,Feature Request
30391,SE,96705,2025-01-29,Feature Request
30391,SE,96706,2025-01-05,Login
31075,W,96707,2025-02-03,Feature Request
31075,W,96708,2025-01-28,Billing
31075,W,96709,2025-09-19,Bug
31312,W,96710,2025-01-12,Login
30336,SE,96711,2025-01-13,Login
30336,SE,96712,2025-03-17,Bug
31227,MW,96713,2025-01-24,Feature Request
31159,SW,96714,2025-05-03,Billing
31159,SW,96715,2025-10-28,Login
31159,SW,96716,2025-01-03,Login
31385,NE,96717,2025-09-28,Billing
31385,NE,96718,2025-05-28,Bug
30880,SW,96719,2025-07-08,Bug
30880,SW,96720,2025-07-07,Feature Request
30880,SW,96721,2025-02-06,Other
30634,MW,96722,2025-04-16,Login
30634,MW,96723,2025-08-20,Bug
30634,MW,96724,2025-05-26,Login
31137,SW,96725,2025-06-08,Billing
31137,SW,96726,2025-10-05,Other
30527,SE,96727,2025-06-22,Feature Request
30527,SE,96728,2025-11-16,Bug
31231,SW,96729,2025-07-22,Bug
31231,SW,96730,2025-12-04,Bug
30375,W,96731,2025-11-20,Login
30165,SW,96732,2025-09-18,Billing
30165,SW,96733,2025-02-26,Login
31204,SE,96734,2025-07-27,Billing
31204,SE,96735,2025-03-15,Feature Request
31204,SE,96736,2025-03-26,Login
31204,SE,96737,2025-10-09,Login
30616,SE,96738,2025-12-25,Billing
31355,W,96739,2025-11-18,Other
30912,NE,96740,2025-09-22,Other
30584,SW,96741,2025-02-09,Other
30687,SW,96742,2025-02-25,Other
31126,SE,96743,2025-03-10,Feature Request
31126,SE,96744,2025-11-25,Billing
30401,MW,96745,2025-06-10,Other
30401,MW,96746,2025-09-28,Login
30974,MW,96747,2025-11-23,Bug
30974,MW,96748,2025-09-19,Feature Request
30633,W,96749,2025-06-03,Billing
30115,SE,96750,2025-05-20,Other
30115,SE,96751,2025-04-25,Login
30225,MW,96752,2025-11-29,Billing
30225,MW,96753,2025-06-27,Other
30225,MW,96754,2025-04-11,Feature Request
30181,NE,96755,2025-10-17,Bug
30181,NE,96756,2025-07-27,Login
30181,NE,96757,2025-04-13,Billing
30181,NE,96758,2025-09-18,Bug
31341,NE,96759,2025-07-04,Other
31341,NE,96760,2025-08-20,Other
30209,W,96761,2025-05-27,Other
30095,MW,96762,2025-02-15,Feature Request
30095,MW,96763,2025-04-28,Other
30095,MW,96764,2025-07-30,Bug
30095,MW,96765,2025-03-29,Other
30755,W,96766,2025-06-19,Other
30755,W,96767,2025-05-30,Other
30414,NE,96768,2025-10-10,Feature Request
30393,SW,96769,2025-06-23,Feature Request
30843,SE,96770,2025-06-29,Login
30603,SW,96771,2025-03-28,Feature Request
30132,W,96772,2025-09-24,Billing
30648,W,96773,2025-03-05,Other
30648,W,96774,2025-11-09,Bug
30648,W,96775,2025-10-20,Billing
30648,W,96776,2025-01-30,Login
30220,SW,96777,2025-06-10,Other
30220,SW,96778,2025-01-03,Bug
31069,W,96779,2025-08-25,Login
31069,W,96780,2025-06-09,Login
31215,MW,96781,2025-03-01,Billing
31215,MW,96782,2025-02-28,Other
31215,MW,96783,2025-03-05,Login
30787,W,96784,2025-04-29,Billing
30787,W,96785,2025-01-05,Other
30787,W,96786,2025-06-09,Other
31357,SW,96787,2025-01-18,Feature Request
31357,SW,96788,2025-04-24,Feature Request
31357,SW,96789,2025-09-20,Other
31316,SE,96790,2025-04-08,Login
31316,SE,96791,2025-10-13,Other
31316,SE,96792,2025-05-09,Feature Request
31316,SE,96793,2025-06-08,Bug
30689,MW,96794,2025-10-03,Bug
31354,SE,96795,2025-11-16,Other
31354,SE,96796,2025-12-24,Billing
31354,SE,96797,2025-06-06,Bug
31354,SE,96798,2025-10-13,Login
31127,SW,96799,2025-12-02,Billing
31127,SW,96800,2025-11-09,Bug
30160,W,96801,2025-07-10,Login
31077,MW,96802,2025-10-20,Billing
31077,MW,96803,2025-01-28,Bug
30241,SW,96804,2025-08-18,Other
30241,SW,96805,2025-01-06,Login
30889,NE,96806,2025-11-14,Login
30889,NE,96807,2025-02-02,Login
30889,NE,96808,2025-11-30,Login
30889,NE,96809,2025-10-25,Login
31013,MW,96810,2025-01-18,Feature Request
30022,SE,96811,2025-10-17,Login
30022,SE,96812,2025-11-23,Feature Request
30823,MW,96813,2025-11-05,Billing
31141,NE,96814,2025-10-04,Feature Request
30700,W,96815,2025-10-25,Login
31018,SE,96816,2025-12-13,Billing
31018,SE,96817,2025-04-22,Billing
31235,SE,96818,2025-03-13,Other
31235,SE,96819,2025-01-21,Feature Request
31235,SE,96820,2025-05-01,Other
31136,SW,96821,2025-10-31,Feature Request
30826,MW,96822,2025-07-28,Login
30826,MW,96823,2025-07-04,Bug
30851,SE,96824,2025-10-23,Feature Request
30044,SW,96825,2025-07-20,Login
30218,SE,96826,2025-06-05,Other
30218,SE,96827,2025-10-19,Bug
30442,SE,96828,2025-01-21,Billing
30314,SE,96829,2025-03-09,Feature Request
30314,SE,96830,2025-02-10,Login
30227,SW,96831,2025-05-14,Bug
30266,W,96832,2025-07-18,Login
30837,NE,96833,2025-08-26,Feature Request
30837,NE,96834,2025-04-22,Feature Request
30488,SW,96835,2025-05-17,Bug
30488,SW,96836,2025-06-07,Feature Request
30686,SE,96837,2025-09-21,Bug
30995,NE,96838,2025-11-03,Bug
30995,NE,96839,2025-05-01,Billing
30871,SE,96840,2025-01-30,Bug
30871,SE,96841,2025-08-18,Bug
30871,SE,96842,2025-09-11,Feature Request
30203,SE,96843,2025-01-31,Billing
30203,SE,96844,2025-06-05,Bug
30551,NE,96845,2025-04-27,Billing
30322,SW,96846,2025-01-05,Other
30322,SW,96847,2025-01-12,Bug
30180,SE,96848,2025-11-17,Feature Request
30180,SE,96849,2025-10-26,Billing
31343,MW,96850,2025-12-05,Other
30302,SW,96851,2025-11-15,Billing
30302,SW,96852,2025-10-22,Billing
30302,SW,96853,2025-12-02,Login
30783,SW,96854,2025-08-08,Bug
30783,SW,96855,2025-11-01,Other
30783,SW,96856,2025-05-09,Bug
30783,SW,96857,2025-04-22,Other
31263,MW,96858,2025-05-12,Feature Request
31263,MW,96859,2025-11-17,Login
31263,MW,96860,2025-07-26,Feature Request
30691,W,96861,2025-01-31,Feature Request
30691,W,96862,2025-09-23,Bug
30691,W,96863,2025-03-23,Billing
31318,W,96864,2025-06-05,Bug
31318,W,96865,2025-11-28,Billing
31161,MW,96866,2025-01-07,Feature Request
31161,MW,96867,2025-03-22,Login
30877,SE,96868,2025-11-20,Other
30877,SE,96869,2025-10-20,Login
31152,MW,96870,2025-03-24,Billing
31152,MW,96871,2025-07-22,Login
31152,MW,96872,2025-04-10,Other
30048,SW,96873,2025-03-30,Bug
30048,SW,96874,2025-05-03,Login
30788,NE,96875,2025-05-26,Bug
30535,MW,96876,2025-01-18,Billing
30310,NE,96877,2025-11-23,Feature Request
30310,NE,96878,2025-03-22,Login
30310,NE,96879,2025-11-04,Bug
30638,W,96880,2025-03-08,Login
31232,MW,96881,2025-05-15,Billing
31232,MW,96882,2025-06-28,Bug
30093,SW,96883,2025-03-20,Other
30093,SW,96884,2025-01-21,Billing
30093,SW,96885,2025-06-14,Feature Request
30093,SW,96886,2025-08-25,Login
30224,SW,96887,2025-11-06,Bug
30224,SW,96888,2025-05-03,Billing
30889,W,96889,2025-02-09,Login
30889,W,96890,2025-03-11,Billing
30889,W,96891,2025-11-26,Other
30889,W,96892,2025-12-20,Billing
30889,W,96893,2025-01-27,Login
31352,W,96894,2025-05-11,Other
31352,W,96895,2025-10-22,Billing
31243,MW,96896,2025-03-26,Login
30652,W,96897,2025-02-19,Login
30652,W,96898,2025-01-04,Feature Request
30652,W,96899,2025-03-31,Billing
30594,W,96900,2025-06-04,Other
30228,NE,96901,2025-02-01,Login
30343,W,96902,2025-03-04,Other
31376,W,96903,2025-12-30,Feature Request
31313,MW,96904,2025-01-14,Login
30988,SW,96905,2025-06-09,Login
30908,SW,96906,2025-10-09,Login
30908,SW,96907,2025-05-24,Billing
31382,SE,96908,2025-10-15,Billing
31382,SE,96909,2025-06-02,Billing
31382,SE,96910,2025-12-31,Billing
30526,NE,96911,2025-06-01,Bug
30074,SE,96912,2025-11-14,Bug
30195,W,96913,2025-08-11,Billing
30195,W,96914,2025-08-18,Login
30028,W,96915,2025-05-16,Bug
30028,W,96916,2025-12-24,Feature Request
31020,W,96917,2025-03-11,Feature Request
31020,W,96918,2025-02-09,Other
31020,W,96919,2025-01-27,Billing
31020,W,96920,2025-10-26,Feature Request
30804,NE,96921,2025-02-15,Other
30939,SW,96922,2025-04-08,Billing
30939,SW,96923,2025-06-26,Other
30939,SW,96924,2025-06-03,Bug
30966,SE,96925,2025-11-19,Bug
30966,SE,96926,2025-09-07,Feature Request
31100,NE,96927,2025-11-30,Billing
31100,NE,96928,2025-05-11,Login
30961,SE,96929,2025-10-25,Other
30714,W,96930,2025-01-29,Login
30572,SW,96931,2025-02-01,Billing
30325,SE,96932,2025-02-26,Billing
30874,SW,96933,2025-01-25,Feature Request
30874,SW,96934,2025-12-05,Login
30323,MW,96935,2025-07-02,Billing
30323,MW,96936,2025-09-26,Billing
30323,MW,96937,2025-10-05,Feature Request
31349,NE,96938,2025-12-29,Feature Request
31349,NE,96939,2025-12-05,Login
30164,NE,96940,2025-06-13,Billing
30164,NE,96941,2025-04-09,Other
30797,NE,96942,2025-08-12,Feature Request
30797,NE,96943,2025-01-30,Login
31176,SW,96944,2025-11-22,Other
31150,SE,96945,2025-09-04,Login
31150,SE,96946,2025-10-26,Feature Request
31150,SE,96947,2025-03-18,Other
31150,SE,96948,2025-01-02,Login
31150,SE,96949,2025-12-10,Feature Request
30626,MW,96950,2025-07-01,Billing
30626,MW,96951,2025-06-06,Login
30529,SE,96952,2025-11-30,Other
30091,W,96953,2025-10-08,Other
30138,NE,96954,2025-08-25,Other
30138,NE,96955,2025-09-08,Other
30448,SE,96956,2025-12-04,Bug
30448,SE,96957,2025-12-03,Feature Request
30868,SW,96958,2025-09-16,Bug
31075,NE,96959,2025-07-02,Login
31075,NE,96960,2025-04-03,Bug
31075,NE,96961,2025-07-16,Bug
30465,SE,96962,2025-07-25,Feature Request
30465,SE,96963,2025-12-18,Billing
30717,MW,96964,2025-08-22,Other
30717,MW,96965,2025-03-07,Feature Request
30798,MW,96966,2025-10-03,Bug
30400,W,96967,2025-01-18,Bug
30604,SE,96968,2025-06-19,Billing
30604,SE,96969,2025-12-21,Billing
30604,SE,96970,2025-05-31,Other
30604,SE,96971,2025-03-21,Billing
30921,NE,96972,2025-01-11,Bug
30921,NE,96973,2025-07-27,Feature Request
30921,NE,96974,2025-05-10,Bug
30656,SW,96975,2025-02-02,Other
31176,W,96976,2025-02-15,Billing
30513,NE,96977,2025-08-19,Other
31029,SE,96978,2025-09-21,Other
30716,MW,96979,2025-11-09,Other
30716,MW,96980,2025-09-26,Bug
31141,SE,96981,2025-08-09,Billing
31141,SE,96982,2025-12-12,Other
31141,SE,96983,2025-03-10,Billing
31141,SE,96984,2025-11-21,Login
30600,MW,96985,2025-06-28,Bug
30467,SE,96986,2025-07-30,Bug
30269,NE,96987,2025-03-13,Login
30269,NE,96988,2025-06-15,Login
30269,NE,96989,2025-12-02,Other
30148,SW,96990,2025-05-09,Bug
31167,SW,96991,2025-09-05,Feature Request
31167,SW,96992,2025-09-16,Bug
31167,SW,96993,2025-04-01,Login
31167,SW,96994,2025-12-17,Billing
30631,W,96995,2025-11-13,Bug
30631,W,96996,2025-11-08,Billing
31363,NE,96997,2025-10-30,Login
31363,NE,96998,2025-07-22,Billing
31363,NE,96999,2025-01-31,Billing
31363,NE,97000,2025-04-01,Billing
30519,MW,97001,2025-09-07,Other
30274,NE,97002,2025-03-30,Other
31089,MW,97003,2025-10-12,Bug
31089,MW,97004,2025-05-10,Feature Request
30597,MW,97005,2025-07-08,Bug
30597,MW,97006,2025-02-25,Billing
30557,NE,97007,2025-11-30,Other
31114,NE,97008,2025-02-05,Billing
31114,NE,97009,2025-01-29,Other
31114,NE,97010,2025-12-24,Login
31114,NE,97011,2025-02-02,Other
30140,W,97012,2025-04-22,Bug
30140,W,97013,2025-07-28,Other
30140,W,97014,2025-07-13,Feature Request
31312,MW,97015,2025-01-09,Other
31312,MW,97016,2025-05-09,Billing
30729,NE,97017,2025-12-26,Bug
30410,NE,97018,2025-12-23,Billing
30410,NE,97019,2025-06-21,Other
31175,SW,97020,2025-03-29,Feature Request
31175,SW,97021,2025-03-24,Other
30750,MW,97022,2025-12-15,Billing
31342,NE,97023,2025-10-28,Bug
31342,NE,97024,2025-04-11,Other
31342,NE,97025,2025-04-03,Other
31342,NE,97026,2025-02-12,Billing
30994,MW,97027,2025-08-05,Bug
30461,SE,97028,2025-06-05,Login
30938,NE,97029,2025-02-08,Billing
30807,NE,97030,2025-11-24,Billing
30807,NE,97031,2025-02-01,Feature Request
30807,NE,97032,2025-09-01,Bug
31364,MW,97033,2025-10-05,Billing
31364,MW,97034,2025-09-16,Billing
30447,SW,97035,2025-08-25,Feature Request
30201,SE,97036,2025-09-28,Feature Request
30362,SW,97037,2025-08-26,Feature Request
30355,MW,97038,2025-06-16,Feature Request
30971,NE,97039,2025-06-06,Login
30971,NE,97040,2025-08-22,Feature Request
30554,W,97041,2025-06-03,Other
30022,SW,97042,2025-03-28,Billing
30248,NE,97043,2025-07-10,Feature Request
30248,NE,97044,2025-02-23,Billing
30248,NE,97045,2025-12-15,Feature Request
30804,SW,97046,2025-05-21,Bug
30804,SW,97047,2025-12-03,Billing
30320,SE,97048,2025-03-23,Billing
30320,SE,97049,2025-06-16,Bug
30433,W,97050,2025-11-30,Login
30872,MW,97051,2025-08-01,Bug
31148,NE,97052,2025-09-27,Bug
31148,NE,97053,2025-05-16,Bug
30857,MW,97054,2025-05-26,Feature Request
30050,W,97055,2025-09-10,Login
30175,W,97056,2025-08-24,Billing
30175,W,97057,2025-12-03,Other
30175,W,97058,2025-03-14,Bug
30252,W,97059,2025-02-07,Feature Request
30252,W,97060,2025-03-27,Other
30252,W,97061,2025-12-25,Other
30252,W,97062,2025-07-12,Other
31269,MW,97063,2025-09-02,Login
31129,NE,97064,2025-06-06,Billing
31339,SE,97065,2025-03-23,Feature Request
31339,SE,97066,2025-06-24,Login
31339,SE,97067,2025-12-11,Bug
31339,SE,97068,2025-11-06,Billing
30547,MW,97069,2025-01-24,Bug
30715,SE,97070,2025-10-13,Login
30715,SE,97071,2025-02-24,Login
30778,MW,97072,2025-02-15,Bug
30778,MW,97073,2025-10-16,Feature Request
30778,MW,97074,2025-09-10,Feature Request
30778,MW,97075,2025-03-20,Other
30778,MW,97076,2025-04-02,Feature Request
31009,MW,97077,2025-10-13,Billing
31009,MW,97078,2025-08-23,Feature Request
31009,MW,97079,2025-05-20,Bug
31009,MW,97080,2025-05-23,Billing
31009,MW,97081,2025-12-08,Other
31315,SW,97082,2025-01-23,Bug
31315,SW,97083,2025-01-16,Login
31164,SE,97084,2025-12-02,Billing
30313,MW,97085,2025-04-29,Billing
30183,W,97086,2025-01-10,Feature Request
30183,W,97087,2025-02-18,Login
30183,W,97088,2025-07-26,Billing
30712,MW,97089,2025-03-09,Feature Request
30712,MW,97090,2025-07-29,Bug
30712,MW,97091,2025-02-06,Billing
30712,MW,97092,2025-10-05,Feature Request
31310,SW,97093,2025-01-05,Billing
31310,SW,97094,2025-05-13,Bug
31276,NE,97095,2025-06-09,Feature Request
31276,NE,97096,2025-05-27,Bug
31276,NE,97097,2025-01-04,Bug
30699,SE,97098,2025-06-03,Billing
30699,SE,97099,2025-11-02,Billing
31253,W,97100,2025-11-23,Other
31253,W,97101,2025-04-07,Feature Request
30810,SW,97102,2025-10-09,Other
30810,SW,97103,2025-03-29,Bug
30810,SW,97104,2025-03-28,Billing
30414,SE,97105,2025-01-31,Other
30414,SE,97106,2025-01-31,Other
30197,W,97107,2025-08-20,Other
30197,W,97108,2025-11-12,Other
31079,SE,97109,2025-02-21,Feature Request
30830,MW,97110,2025-11-28,Bug
30830,MW,97111,2025-11-14,Billing
30627,MW,97112,2025-11-19,Login
30627,MW,97113,2025-08-18,Bug
31080,W,97114,2025-02-13,Feature Request
31009,W,97115,2025-09-04,Feature Request
31009,W,97116,2025-08-07,Billing
31009,W,97117,2025-01-07,Feature Request
30910,SE,97118,2025-08-28,Login
30910,SE,97119,2025-09-03,Bug
30593,SE,97120,2025-03-14,Other
30593,SE,97121,2025-07-08,Billing
30593,SE,97122,2025-11-26,Login
30593,SE,97123,2025-12-04,Login
30599,SE,97124,2025-08-11,Billing
30083,SE,97125,2025-03-16,Billing
30083,SE,97126,2025-02-10,Bug
30993,W,97127,2025-11-30,Other
30838,SW,97128,2025-01-16,Other
30838,SW,97129,2025-01-28,Bug
30838,SW,97130,2025-11-13,Billing
30838,SW,97131,2025-02-24,Billing
30605,MW,97132,2025-11-01,Billing
30132,NE,97133,2025-09-20,Feature Request
30132,NE,97134,2025-06-20,Bug
31088,SW,97135,2025-02-18,Feature Request
31088,SW,97136,2025-01-06,Feature Request
31088,SW,97137,2025-10-14,Bug
30375,SE,97138,2025-05-30,Other
30466,SE,97139,2025-06-09,Billing
30466,SE,97140,2025-06-04,Feature Request
30466,SE,97141,2025-06-07,Login
30466,SE,97142,2025-09-04,Bug
31236,W,97143,2025-02-23,Feature Request
31236,W,97144,2025-02-22,Bug
31236,W,97145,2025-09-02,Feature Request
30470,NE,97146,2025-12-08,Login
30087,W,97147,2025-12-17,Billing
31347,SW,97148,2025-09-23,Billing
30789,SW,97149,2025-10-19,Billing
31105,MW,97150,2025-06-21,Login
31105,MW,97151,2025-10-26,Bug
31105,MW,97152,2025-12-29,Feature Request
31309,W,97153,2025-05-04,Login
31309,W,97154,2025-05-04,Feature Request
31309,W,97155,2025-12-24,Billing
31309,W,97156,2025-01-09,Billing
30864,W,97157,2025-05-05,Bug
31293,SE,97158,2025-11-17,Billing
31293,SE,97159,2025-11-24,Billing
30023,W,97160,2025-02-23,Bug
30023,W,97161,2025-03-30,Billing
30310,MW,97162,2025-11-13,Bug
31231,SE,97163,2025-05-16,Login
30663,MW,97164,2025-01-05,Bug
30705,SE,97165,2025-08-07,Other
30705,SE,97166,2025-02-12,Feature Request
30421,W,97167,2025-01-26,Bug
30421,W,97168,2025-06-11,Login
30320,NE,97169,2025-05-10,Other
30320,NE,97170,2025-05-08,Feature Request
30586,SW,97171,2025-03-14,Login
31186,W,97172,2025-12-09,Billing
31186,W,97173,2025-01-09,Billing
31186,W,97174,2025-01-10,Login
31188,NE,97175,2025-09-23,Feature Request
31188,NE,97176,2025-07-21,Billing
31318,MW,97177,2025-10-20,Login
31318,MW,97178,2025-08-18,Other
31318,MW,97179,2025-11-27,Other
31308,SW,97180,2025-08-27,Bug
30386,W,97181,2025-12-21,Other
30386,W,97182,2025-10-20,Login
30386,W,97183,2025-01-05,Feature Request
31161,W,97184,2025-07-24,Feature Request
31161,W,97185,2025-01-17,Billing
31161,W,97186,2025-04-18,Feature Request
30909,W,97187,2025-09-06,Bug
30553,SE,97188,2025-01-20,Login
30799,W,97189,2025-08-10,Billing
30799,W,97190,2025-09-25,Bug
30799,W,97191,2025-10-23,Login
30799,W,97192,2025-02-27,Bug
30025,W,97193,2025-09-21,Billing
30025,W,97194,2025-03-16,Other
31394,NE,97195,2025-12-07,Other
31394,NE,97196,2025-10-09,Other
31394,NE,97197,2025-11-25,Login
31394,NE,97198,2025-12-23,Bug
31276,SW,97199,2025-11-18,Bug
31276,SW,97200,2025-04-29,Feature Request
31276,SW,97201,2025-01-27,Login
30105,SE,97202,2025-06-23,Bug
30105,SE,97203,2025-06-16,Billing
30848,MW,97204,2025-04-01,Billing
30375,MW,97205,2025-01-21,Feature Request
30966,NE,97206,2025-01-14,Feature Request
30966,NE,97207,2025-09-01,Login
30966,NE,97208,2025-06-22,Other
30966,NE,97209,2025-05-02,Login
30307,W,97210,2025-07-03,Feature Request
30801,SE,97211,2025-03-09,Other
30584,SE,97212,2025-12-04,Login
30584,SE,97213,2025-06-30,Billing
30978,SW,97214,2025-12-14,Feature Request
30978,SW,97215,2025-05-21,Billing
30167,SE,97216,2025-05-20,Billing
30904,NE,97217,2025-09-18,Bug
30149,SW,97218,2025-05-26,Billing
30149,SW,97219,2025-02-28,Feature Request
30298,NE,97220,2025-05-29,Login
30645,MW,97221,2025-04-17,Bug
30645,MW,97222,2025-09-15,Login
30645,MW,97223,2025-01-19,Login
31071,MW,97224,2025-01-04,Bug
30238,NE,97225,2025-12-28,Billing
30238,NE,97226,2025-01-27,Billing
30238,NE,97227,2025-08-07,Login
30463,W,97228,2025-02-13,Feature Request
30463,W,97229,2025-02-21,Login
30463,W,97230,2025-07-21,Login
30452,NE,97231,2025-01-11,Feature Request
30452,NE,97232,2025-08-15,Login
30486,MW,97233,2025-11-29,Other
30164,MW,97234,2025-01-15,Login
30164,MW,97235,2025-11-26,Bug
30191,MW,97236,2025-05-01,Login
30573,SE,97237,2025-05-05,Feature Request
31351,SE,97238,2025-08-16,Billing
31351,SE,97239,2025-01-10,Billing
31351,SE,97240,2025-07-26,Other
30380,NE,97241,2025-05-09,Billing
30380,NE,97242,2025-07-14,Login
30797,MW,97243,2025-03-17,Login
30797,MW,97244,2025-12-20,Login
30797,MW,97245,2025-07-05,Feature Request
30238,MW,97246,2025-03-20,Login
30699,SW,97247,2025-05-09,Billing
31386,NE,97248,2025-01-04,Feature Request
31386,NE,97249,2025-03-07,Billing
31386,NE,97250,2025-06-27,Feature Request
31386,NE,97251,2025-08-20,Feature Request
31386,NE,97252,2025-12-19,Feature Request
30201,NE,97253,2025-03-24,Billing
30201,NE,97254,2025-11-07,Billing
30643,NE,97255,2025-08-31,Bug
30643,NE,97256,2025-04-26,Bug
30764,MW,97257,2025-06-29,Login
30764,MW,97258,2025-04-24,Billing
30705,NE,97259,2025-02-07,Feature Request
31199,NE,97260,2025-03-18,Feature Request
31199,NE,97261,2025-10-29,Login
31224,W,97262,2025-09-11,Bug
31016,SW,97263,2025-09-06,Billing
31016,SW,97264,2025-07-16,Other
30393,SE,97265,2025-12-24,Bug
30393,SE,97266,2025-08-10,Feature Request
30832,SW,97267,2025-12-23,Other
30832,SW,97268,2025-12-08,Billing
30832,SW,97269,2025-09-24,Bug
30832,SW,97270,2025-09-12,Other
30596,SE,97271,2025-06-14,Feature Request
30596,SE,97272,2025-12-17,Billing
30699,NE,97273,2025-02-22,Feature Request
30440,NE,97274,2025-10-25,Bug
30440,NE,97275,2025-03-26,Login
30917,SW,97276,2025-12-15,Feature Request
30552,NE,97277,2025-07-26,Login
31094,MW,97278,2025-06-14,Feature Request
31304,NE,97279,2025-06-05,Billing
31304,NE,97280,2025-10-06,Feature Request
31214,NE,97281,2025-01-05,Billing
30059,NE,97282,2025-04-29,Other
30059,NE,97283,2025-10-30,Feature Request
30224,W,97284,2025-09-26,Billing
30224,W,97285,2025-01-25,Billing
30224,W,97286,2025-03-21,Billing
30224,W,97287,2025-11-18,Feature Request
30581,MW,97288,2025-09-15,Login
30581,MW,97289,2025-10-21,Billing
31310,MW,97290,2025-01-14,Bug
30168,MW,97291,2025-03-26,Feature Request
31372,SW,97292,2025-04-07,Login
31372,SW,97293,2025-12-08,Feature Request
30013,MW,97294,2025-07-08,Billing
30013,MW,97295,2025-10-27,Feature Request
30013,MW,97296,2025-12-15,Login
31051,W,97297,2025-07-29,Login
31231,W,97298,2025-09-06,Login
31231,W,97299,2025-05-13,Billing
31231,W,97300,2025-05-05,Bug
30975,W,97301,2025-01-27,Billing
30975,W,97302,2025-11-11,Other
30103,MW,97303,2025-10-23,Billing
30103,MW,97304,2025-03-02,Billing
30425,NE,97305,2025-08-27,Billing
30425,NE,97306,2025-10-06,Feature Request
30425,NE,97307,2025-02-07,Other
30425,NE,97308,2025-03-17,Billing
30638,MW,97309,2025-07-30,Feature Request
30638,MW,97310,2025-08-13,Other
30849,W,97311,2025-09-11,Feature Request
30849,W,97312,2025-12-29,Other
30849,W,97313,2025-11-14,Other
31129,SW,97314,2025-08-19,Login
30768,W,97315,2025-03-06,Feature Request
30768,W,97316,2025-03-21,Other
30276,NE,97317,2025-06-23,Billing
30276,NE,97318,2025-10-24,Billing
31088,SE,97319,2025-06-21,Login
30899,W,97320,2025-12-28,Billing
30899,W,97321,2025-05-23,Feature Request
31340,SW,97322,2025-06-28,Feature Request
31366,MW,97323,2025-08-05,Login
30545,SW,97324,2025-11-29,Billing
30544,MW,97325,2025-01-25,Bug
30544,MW,97326,2025-06-12,Feature Request
30742,SE,97327,2025-04-22,Login
30742,SE,97328,2025-07-25,Login
30742,SE,97329,2025-10-06,Other
30742,SE,97330,2025-06-14,Other
31289,SW,97331,2025-09-28,Login
31289,SW,97332,2025-08-16,Feature Request
30332,MW,97333,2025-09-05,Feature Request
30332,MW,97334,2025-02-05,Bug
31156,W,97335,2025-05-25,Billing
30782,NE,97336,2025-09-17,Bug
30782,NE,97337,2025-01-19,Login
30782,NE,97338,2025-02-27,Feature Request
30782,NE,97339,2025-07-30,Feature Request
30539,SW,97340,2025-05-28,Feature Request
30539,SW,97341,2025-03-09,Billing
30620,W,97342,2025-10-30,Billing
30620,W,97343,2025-10-05,Other
30620,W,97344,2025-03-09,Bug
31392,W,97345,2025-07-22,Login
31392,W,97346,2025-06-12,Bug
31392,W,97347,2025-04-08,Login
30908,SE,97348,2025-09-06,Billing
30991,MW,97349,2025-08-15,Login
30991,MW,97350,2025-03-16,Login
30098,NE,97351,2025-02-20,Feature Request
30098,NE,97352,2025-07-13,Other
30098,NE,97353,2025-09-28,Feature Request
30098,NE,97354,2025-06-06,Feature Request
30122,W,97355,2025-11-06,Billing
30798,NE,97356,2025-10-28,Other
30798,NE,97357,2025-02-19,Feature Request
30456,MW,97358,2025-06-30,Billing
30456,MW,97359,2025-01-31,Feature Request
30456,MW,97360,2025-04-07,Bug
30456,MW,97361,2025-07-11,Bug
30519,NE,97362,2025-05-17,Bug
30314,W,97363,2025-07-03,Bug
30314,W,97364,2025-09-07,Billing
30314,W,97365,2025-03-01,Other
30708,SE,97366,2025-08-02,Feature Request
30708,SE,97367,2025-03-13,Billing
30708,SE,97368,2025-11-10,Login
30708,SE,97369,2025-08-21,Billing
31043,SW,97370,2025-05-15,Feature Request
31043,SW,97371,2025-01-02,Login
30559,SE,97372,2025-05-20,Feature Request
31153,SE,97373,2025-11-05,Billing
31155,SE,97374,2025-05-05,Login
30889,SE,97375,2025-12-13,Billing
30889,SE,97376,2025-11-20,Other
30889,SE,97377,2025-06-13,Other
30264,W,97378,2025-05-29,Login
30264,W,97379,2025-07-03,Other
30264,W,97380,2025-08-20,Other
30801,SW,97381,2025-05-13,Billing
30801,SW,97382,2025-02-19,Billing
30861,SE,97383,2025-05-18,Bug
30349,SW,97384,2025-10-23,Bug
31129,MW,97385,2025-04-22,Feature Request
31129,MW,97386,2025-09-15,Other
31129,MW,97387,2025-06-16,Login
30000,NE,97388,2025-02-14,Billing
30000,NE,97389,2025-07-24,Billing
30583,SW,97390,2025-12-25,Billing
30583,SW,97391,2025-10-12,Bug
30583,SW,97392,2025-04-10,Feature Request
30583,SW,97393,2025-12-22,Login
31329,NE,97394,2025-01-06,Billing
31329,NE,97395,2025-12-22,Other
30939,SE,97396,2025-03-17,Billing
30939,SE,97397,2025-12-17,Feature Request
30939,SE,97398,2025-08-05,Billing
31353,SW,97399,2025-06-28,Other
31353,SW,97400,2025-10-02,Login
31348,MW,97401,2025-10-28,Billing
31348,MW,97402,2025-07-19,Other
31137,SE,97403,2025-08-10,Login
30146,SE,97404,2025-11-23,Billing
30146,SE,97405,2025-04-09,Feature Request
30146,SE,97406,2025-11-28,Login
30146,SE,97407,2025-03-06,Login
31162,SE,97408,2025-02-07,Feature Request
31162,SE,97409,2025-10-16,Other
30298,W,97410,2025-05-06,Other
31299,MW,97411,2025-08-25,Feature Request
30788,SW,97412,2025-09-23,Login
30177,SW,97413,2025-10-19,Other
30177,SW,97414,2025-08-16,Login
31377,SW,97415,2025-06-08,Feature Request
31224,SE,97416,2025-07-31,Bug
31138,MW,97417,2025-06-13,Login
31138,MW,97418,2025-06-20,Other
30758,NE,97419,2025-10-24,Billing
30444,SW,97420,2025-05-09,Feature Request
30444,SW,97421,2025-08-08,Other
30444,SW,97422,2025-12-14,Feature Request
30707,NE,97423,2025-04-06,Feature Request
30707,NE,97424,2025-04-04,Other
30601,SW,97425,2025-04-16,Feature Request
30601,SW,97426,2025-12-18,Login
30144,SW,97427,2025-10-09,Feature Request
31202,NE,97428,2025-12-03,Bug
30476,SW,97429,2025-09-02,Feature Request
31098,SE,97430,2025-03-04,Other
31098,SE,97431,2025-02-07,Bug
31098,SE,97432,2025-10-29,Bug
31151,SE,97433,2025-05-14,Other
31151,SE,97434,2025-01-13,Billing
31151,SE,97435,2025-10-16,Feature Request
30665,MW,97436,2025-04-15,Bug
31368,MW,97437,2025-08-08,Billing
31368,MW,97438,2025-04-15,Login
30158,MW,97439,2025-03-15,Billing
30680,SE,97440,2025-03-03,Login
30680,SE,97441,2025-03-20,Login
30680,SE,97442,2025-07-02,Billing
30680,SE,97443,2025-11-19,Feature Request
30680,SE,97444,2025-07-27,Other
30022,NE,97445,2025-08-24,Login
30022,NE,97446,2025-04-10,Feature Request
30022,NE,97447,2025-04-13,Feature Request
30022,NE,97448,2025-07-01,Bug
30524,NE,97449,2025-04-18,Feature Request
30524,NE,97450,2025-12-09,Feature Request
30143,NE,97451,2025-11-18,Feature Request
30143,NE,97452,2025-06-29,Feature Request
30667,MW,97453,2025-06-23,Login
30667,MW,97454,2025-09-18,Other
30667,MW,97455,2025-05-11,Billing
30680,NE,97456,2025-06-03,Billing
30680,NE,97457,2025-05-05,Billing
30972,W,97458,2025-04-10,Other
30972,W,97459,2025-11-28,Feature Request
30084,MW,97460,2025-05-08,Other
30084,MW,97461,2025-01-14,Other
30084,MW,97462,2025-09-07,Bug
30084,MW,97463,2025-05-05,Feature Request
30481,SW,97464,2025-01-29,Bug
30481,SW,97465,2025-08-16,Login
30296,SE,97466,2025-09-14,Bug
30296,SE,97467,2025-06-09,Other
31253,SE,97468,2025-11-01,Billing
31253,SE,97469,2025-06-30,Feature Request
31253,SE,97470,2025-09-10,Bug
30949,W,97471,2025-11-15,Bug
30949,W,97472,2025-08-08,Feature Request
30679,MW,97473,2025-11-20,Bug
30679,MW,97474,2025-05-24,Other
31179,NE,97475,2025-02-10,Login
30329,W,97476,2025-02-19,Bug
31155,NE,97477,2025-06-29,Other
30381,SE,97478,2025-01-27,Billing
30381,SE,97479,2025-09-13,Login
30942,SW,97480,2025-06-30,Login
30942,SW,97481,2025-05-05,Feature Request
30842,W,97482,2025-08-25,Feature Request
30842,W,97483,2025-10-26,Login
30842,W,97484,2025-06-30,Other
30842,W,97485,2025-05-10,Login
30842,W,97486,2025-07-06,Feature Request
30912,MW,97487,2025-08-15,Billing
30912,MW,97488,2025-04-22,Feature Request
30449,W,97489,2025-05-14,Billing
30449,W,97490,2025-06-24,Other
30449,W,97491,2025-11-13,Login
31276,MW,97492,2025-11-08,Bug
31308,MW,97493,2025-09-26,Billing
31308,MW,97494,2025-08-12,Feature Request
31308,MW,97495,2025-03-05,Bug
30019,MW,97496,2025-11-14,Feature Request
30019,MW,97497,2025-03-11,Bug
30417,NE,97498,2025-01-10,Feature Request
30417,NE,97499,2025-03-29,Billing
31333,SE,97500,2025-05-23,Bug
31054,W,97501,2025-11-14,Bug
31054,W,97502,2025-03-13,Feature Request
30185,W,97503,2025-08-27,Feature Request
30185,W,97504,2025-02-19,Other
31233,MW,97505,2025-02-23,Login
31233,MW,97506,2025-08-12,Feature Request
31304,MW,97507,2025-12-26,Bug
31304,MW,97508,2025-08-29,Billing
31304,MW,97509,2025-06-10,Login
31304,MW,97510,2025-03-26,Other
30252,NE,97511,2025-02-24,Other
30252,NE,97512,2025-12-11,Feature Request
30252,NE,97513,2025-11-25,Feature Request
30018,W,97514,2025-04-20,Other
30018,W,97515,2025-11-13,Feature Request
30018,W,97516,2025-04-13,Login
30018,W,97517,2025-09-09,Bug
30018,W,97518,2025-12-20,Bug
31159,W,97519,2025-04-10,Login
31159,W,97520,2025-10-30,Feature Request
30002,W,97521,2025-05-29,Login
30002,W,97522,2025-10-22,Bug
30002,W,97523,2025-03-09,Billing
30002,W,97524,2025-07-01,Other
30002,W,97525,2025-07-08,Feature Request
31259,NE,97526,2025-12-05,Bug
31259,NE,97527,2025-01-10,Feature Request
31259,NE,97528,2025-12-11,Bug
30853,SE,97529,2025-05-23,Login
30227,NE,97530,2025-06-01,Login
30498,NE,97531,2025-07-07,Billing
30701,MW,97532,2025-06-26,Feature Request
30916,NE,97533,2025-07-13,Login
31162,W,97534,2025-03-07,Billing
30290,SE,97535,2025-11-13,Other
30290,SE,97536,2025-03-01,Bug
31133,MW,97537,2025-04-03,Billing
30647,SW,97538,2025-10-13,Feature Request
30683,MW,97539,2025-01-14,Feature Request
30683,MW,97540,2025-05-22,Feature Request
30683,MW,97541,2025-10-17,Login
31070,MW,97542,2025-01-12,Other
31070,MW,97543,2025-12-27,Other
31070,MW,97544,2025-10-23,Feature Request
30939,NE,97545,2025-08-28,Billing
30939,NE,97546,2025-09-20,Login
30939,NE,97547,2025-03-14,Feature Request
30939,NE,97548,2025-10-14,Feature Request
30939,NE,97549,2025-02-16,Bug
30559,SW,97550,2025-02-27,Billing
30559,SW,97551,2025-11-15,Feature Request
30212,SW,97552,2025-01-24,Feature Request
30212,SW,97553,2025-04-26,Billing
30204,NE,97554,2025-08-27,Bug
31096,W,97555,2025-10-27,Other
31099,NE,97556,2025-03-06,Feature Request
30076,MW,97557,2025-11-06,Bug
30105,NE,97558,2025-06-16,Other
30105,NE,97559,2025-01-07,Bug
30105,NE,97560,2025-10-03,Feature Request
30105,NE,97561,2025-06-02,Bug
30105,NE,97562,2025-08-01,Login
30550,SW,97563,2025-06-04,Feature Request
30825,SE,97564,2025-06-02,Feature Request
31298,SW,97565,2025-08-14,Billing
30880,NE,97566,2025-05-01,Login
30880,NE,97567,2025-12-05,Other
31100,SW,97568,2025-01-21,Billing
30539,NE,97569,2025-09-29,Billing
30539,NE,97570,2025-01-26,Feature Request
30577,SW,97571,2025-10-12,Login
30981,MW,97572,2025-04-08,Bug
30141,NE,97573,2025-11-23,Login
31391,W,97574,2025-09-30,Login
31391,W,97575,2025-10-15,Billing
31166,NE,97576,2025-11-11,Feature Request
30151,SW,97577,2025-06-20,Bug
30151,SW,97578,2025-02-28,Bug
30151,SW,97579,2025-06-03,Billing
30652,SW,97580,2025-06-18,Bug
30652,SW,97581,2025-01-31,Other
30762,SE,97582,2025-07-08,Other
30762,SE,97583,2025-05-07,Feature Request
30623,W,97584,2025-10-23,Billing
30449,NE,97585,2025-01-18,Billing
31247,MW,97586,2025-04-17,Login
30263,W,97587,2025-07-18,Billing
30263,W,97588,2025-01-24,Bug
31026,SE,97589,2025-07-02,Login
31026,SE,97590,2025-11-29,Bug
31291,SW,97591,2025-03-24,Other
31291,SW,97592,2025-10-05,Login
31082,SE,97593,2025-03-26,Other
31082,SE,97594,2025-07-27,Other
30176,MW,97595,2025-09-19,Other
30176,MW,97596,2025-08-22,Billing
30176,MW,97597,2025-05-19,Feature Request
30957,SW,97598,2025-12-01,Bug
30957,SW,97599,2025-08-27,Bug
30957,SW,97600,2025-06-27,Login
30560,SW,97601,2025-05-11,Feature Request
31330,SW,97602,2025-01-31,Billing
31330,SW,97603,2025-09-06,Feature Request
30954,W,97604,2025-05-16,Login
30849,MW,97605,2025-12-21,Feature Request
30849,MW,97606,2025-08-07,Other
31278,SW,97607,2025-04-07,Feature Request
30603,W,97608,2025-07-22,Other
30605,NE,97609,2025-07-17,Other
30605,NE,97610,2025-08-31,Billing
30605,NE,97611,2025-07-02,Feature Request
30829,SW,97612,2025-12-03,Billing
30829,SW,97613,2025-10-29,Feature Request
31222,SE,97614,2025-03-30,Feature Request
30745,W,97615,2025-09-05,Login
30557,W,97616,2025-06-26,Other
30557,W,97617,2025-04-28,Bug
30063,SE,97618,2025-08-06,Other
30063,SE,97619,2025-03-29,Other
30063,SE,97620,2025-03-19,Login
30063,SE,97621,2025-07-20,Feature Request
30941,NE,97622,2025-03-24,Login
30941,NE,97623,2025-01-06,Login
30248,MW,97624,2025-08-05,Bug
30248,MW,97625,2025-01-22,Login
30248,MW,97626,2025-10-12,Bug
30248,MW,97627,2025-05-25,Billing
30248,MW,97628,2025-10-15,Login
31269,SW,97629,2025-08-02,Feature Request
30156,SE,97630,2025-06-15,Other
30156,SE,97631,2025-05-21,Other
30734,MW,97632,2025-03-05,Other
30734,MW,97633,2025-07-31,Login
30734,MW,97634,2025-04-08,Other
30984,SW,97635,2025-09-07,Other
30984,SW,97636,2025-02-01,Bug
31111,NE,97637,2025-10-01,Other
31089,W,97638,2025-01-21,Feature Request
31089,W,97639,2025-09-01,Feature Request
30661,SE,97640,2025-01-07,Bug
30661,SE,97641,2025-05-10,Bug
30032,W,97642,2025-04-07,Other
30032,W,97643,2025-10-12,Other
30072,MW,97644,2025-11-28,Other
30072,MW,97645,2025-04-13,Feature Request
30072,MW,97646,2025-04-23,Bug
31366,W,97647,2025-12-26,Bug
31366,W,97648,2025-02-08,Bug
31366,W,97649,2025-01-08,Billing
31156,SW,97650,2025-01-06,Billing
31156,SW,97651,2025-06-18,Billing
30060,NE,97652,2025-09-06,Other
30271,SW,97653,2025-07-26,Bug
31199,SE,97654,2025-08-27,Feature Request
31199,SE,97655,2025-06-18,Feature Request
31199,SE,97656,2025-06-04,Other
30627,SE,97657,2025-10-06,Billing
30627,SE,97658,2025-05-22,Other
30627,SE,97659,2025-05-06,Feature Request
30627,SE,97660,2025-06-02,Login
30704,MW,97661,2025-04-06,Other
31154,SW,97662,2025-12-28,Login
31154,SW,97663,2025-06-27,Login
30309,MW,97664,2025-02-08,Billing
30494,NE,97665,2025-10-27,Bug
30337,SW,97666,2025-12-27,Other
30337,SW,97667,2025-04-19,Login
30009,NE,97668,2025-08-29,Billing
30009,NE,97669,2025-09-19,Billing
30622,NE,97670,2025-11-21,Bug
30730,NE,97671,2025-04-15,Billing
30730,NE,97672,2025-04-06,Other
30730,NE,97673,2025-02-15,Billing
30794,SW,97674,2025-01-31,Feature Request
30794,SW,97675,2025-05-28,Feature Request
30794,SW,97676,2025-07-05,Other
30132,SE,97677,2025-07-08,Login
30132,SE,97678,2025-05-07,Feature Request
30132,SE,97679,2025-10-24,Other
30132,SE,97680,2025-03-28,Login
30082,NE,97681,2025-11-28,Bug
30375,SW,97682,2025-09-17,Feature Request
30375,SW,97683,2025-08-30,Bug
30348,W,97684,2025-03-12,Bug
30110,SE,97685,2025-02-28,Other
30886,W,97686,2025-02-10,Other
30886,W,97687,2025-10-13,Bug
31181,W,97688,2025-05-26,Feature Request
31181,W,97689,2025-06-25,Feature Request
31181,W,97690,2025-06-14,Other
30328,MW,97691,2025-09-09,Other
30040,MW,97692,2025-09-12,Login
30040,MW,97693,2025-06-22,Other
30040,MW,97694,2025-09-08,Login
30040,MW,97695,2025-02-18,Billing
30921,MW,97696,2025-09-05,Bug
30921,MW,97697,2025-06-02,Bug
30921,MW,97698,2025-06-04,Feature Request
31046,MW,97699,2025-05-31,Login
31046,MW,97700,2025-02-13,Other
31046,MW,97701,2025-06-01,Other
30762,W,97702,2025-11-12,Other
30762,W,97703,2025-08-08,Billing
30762,W,97704,2025-05-24,Bug
30468,NE,97705,2025-12-20,Login
30012,SE,97706,2025-11-18,Billing
30012,SE,97707,2025-11-21,Feature Request
30012,SE,97708,2025-09-22,Other
30922,SW,97709,2025-06-17,Bug
31075,SW,97710,2025-06-22,Billing
31075,SW,97711,2025-04-29,Bug
31075,SW,97712,2025-08-14,Login
31232,SW,97713,2025-07-06,Other
31214,SE,97714,2025-10-01,Billing
30652,NE,97715,2025-07-12,Feature Request
30652,NE,97716,2025-07-01,Feature Request
30620,SE,97717,2025-02-23,Login
31323,MW,97718,2025-05-24,Feature Request
30195,NE,97719,2025-08-18,Billing
30195,NE,97720,2025-08-13,Bug
30663,SW,97721,2025-06-10,Other
30663,SW,97722,2025-06-22,Login
30663,SW,97723,2025-08-31,Login
31379,MW,97724,2025-08-31,Billing
31379,MW,97725,2025-01-31,Feature Request
31000,NE,97726,2025-07-13,Other
30363,SE,97727,2025-03-22,Feature Request
30605,SW,97728,2025-04-06,Other
30228,SE,97729,2025-12-02,Login
30228,SE,97730,2025-07-23,Bug
30536,NE,97731,2025-11-25,Other
30536,NE,97732,2025-05-06,Other
31034,NE,97733,2025-09-28,Feature Request
30125,SE,97734,2025-09-17,Feature Request
31112,MW,97735,2025-08-15,Billing
30627,SW,97736,2025-07-16,Bug
31375,MW,97737,2025-08-10,Bug
31037,NE,97738,2025-12-16,Login
31037,NE,97739,2025-08-30,Other
31037,NE,97740,2025-05-20,Billing
30280,NE,97741,2025-11-16,Login
30836,MW,97742,2025-10-12,Other
30836,MW,97743,2025-01-26,Other
30388,MW,97744,2025-03-17,Bug
30388,MW,97745,2025-04-02,Login
30146,W,97746,2025-09-23,Bug
31302,SW,97747,2025-06-19,Billing
31302,SW,97748,2025-09-02,Feature Request
30629,SE,97749,2025-07-06,Other
30629,SE,97750,2025-06-17,Bug
30433,SE,97751,2025-01-06,Feature Request
30143,MW,97752,2025-09-02,Bug
30143,MW,97753,2025-11-07,Other
30143,MW,97754,2025-08-30,Login
30013,W,97755,2025-01-07,Feature Request
30256,SW,97756,2025-12-21,Login
30256,SW,97757,2025-11-27,Bug
30256,SW,97758,2025-06-13,Login
31368,W,97759,2025-12-08,Login
31368,W,97760,2025-04-30,Bug
30857,NE,97761,2025-12-21,Login
30857,NE,97762,2025-11-03,Billing
31195,SE,97763,2025-10-14,Bug
31195,SE,97764,2025-10-20,Login
31195,SE,97765,2025-03-04,Billing
30269,SE,97766,2025-01-18,Billing
30269,SE,97767,2025-03-18,Feature Request
30269,SE,97768,2025-05-01,Feature Request
31175,SE,97769,2025-07-03,Bug
31175,SE,97770,2025-10-09,Feature Request
31206,SE,97771,2025-10-21,Feature Request
31206,SE,97772,2025-08-17,Feature Request
31206,SE,97773,2025-03-02,Feature Request
30071,MW,97774,2025-12-11,Login
31306,MW,97775,2025-09-21,Feature Request
31306,MW,97776,2025-04-13,Billing
30354,SW,97777,2025-03-29,Other
30496,SW,97778,2025-09-24,Login
30293,NE,97779,2025-02-15,Login
30977,NE,97780,2025-05-24,Login
31223,MW,97781,2025-03-03,Billing
30196,SE,97782,2025-12-02,Bug
30545,SE,97783,2025-07-16,Bug
31263,NE,97784,2025-07-17,Login
30182,NE,97785,2025-06-11,Other
30037,W,97786,2025-02-13,Bug
30737,SW,97787,2025-10-06,Feature Request
30366,SE,97788,2025-10-02,Other
30076,SE,97789,2025-10-12,Billing
31352,W,97790,2025-03-10,Feature Request
30707,MW,97791,2025-01-10,Other
30785,SE,97792,2025-03-22,Feature Request
30848,W,97793,2025-08-11,Billing
31103,MW,97794,2025-01-12,Billing
31107,W,97795,2025-09-21,Feature Request
30001,SW,97796,2025-02-18,Other
30541,SW,97797,2025-07-06,Bug
30122,W,97798,2025-04-09,Billing
30490,SW,97799,2025-08-01,Billing
30390,MW,97800,2025-04-06,Billing
31182,NE,97801,2025-11-18,Billing
30282,SE,97802,2025-11-24,Other
30105,NE,97803,2025-10-22,Bug
30195,NE,97804,2025-02-05,Billing
30072,MW,97805,2025-03-18,Login
30977,NE,97806,2025-12-25,Feature Request
31243,MW,97807,2025-02-13,Billing
31223,SW,97808,2025-04-19,Login
31188,NE,97809,2025-01-07,Other
31276,NE,97810,2025-10-31,Bug
30593,W,97811,2025-11-03,Bug
30786,MW,97812,2025-03-07,Login
30026,MW,97813,2025-10-24,Billing
31096,SE,97814,2025-12-10,Billing
30034,NE,97815,2025-12-19,Billing
30393,SE,97816,2025-06-11,Feature Request
30932,SW,97817,2025-09-04,Billing
30069,W,97818,2025-12-08,Feature Request
30178,SE,97819,2025-11-02,Other
31052,MW,97820,2025-11-27,Other
31057,SE,97821,2025-07-30,Feature Request
30671,SE,97822,2025-07-22,Bug
30116,NE,97823,2025-01-27,Billing
31126,W,97824,2025-04-28,Billing
30611,MW,97825,2025-12-26,Feature Request
30164,NE,97826,2025-07-24,Login
31215,SW,97827,2025-09-10,Login
31214,W,97828,2025-04-30,Bug
30337,NE,97829,2025-02-04,Other
30564,SW,97830,2025-09-17,Feature Request
30025,W,97831,2025-07-11,Bug
30325,SW,97832,2025-05-14,Bug
30764,MW,97833,2025-06-16,Billing
31197,SE,97834,2025-04-20,Billing
30384,MW,97835,2025-02-06,Login
30619,SE,97836,2025-02-20,Feature Request
30771,NE,97837,2025-03-13,Bug
30383,NE,97838,2025-03-03,Login
31008,SW,97839,2025-06-28,Feature Request
30211,SW,97840,2025-08-28,Feature Request
31294,SE,97841,2025-08-20,Login
30062,SW,97842,2025-11-29,Feature Request
30258,NE,97843,2025-01-07,Login
31272,SE,97844,2025-05-03,Feature Request
30827,MW,97845,2025-02-05,Login
30305,W,97846,2025-01-30,Bug
30310,MW,97847,2025-10-30,Bug
30100,SE,97848,2025-10-12,Other
30460,W,97849,2025-03-06,Bug
30961,NE,97850,2025-04-25,Other
30453,NE,97851,2025-11-15,Other
31031,MW,97852,2025-01-17,Bug
30832,SW,97853,2025-02-06,Feature Request
31123,MW,97854,2025-08-07,Login
30613,SE,97855,2025-09-03,Bug
30882,NE,97856,2025-02-22,Other
30951,W,97857,2025-12-12,Other
31091,W,97858,2025-07-22,Login
30394,W,97859,2025-02-18,Billing
30091,MW,97860,2025-11-22,Bug
31097,NE,97861,2025-01-16,Other
30631,MW,97862,2025-08-24,Login
30927,SW,97863,2025-05-19,Billing
31040,SE,97864,2025-09-09,Bug
30691,SE,97865,2025-12-26,Other
30044,SE,97866,2025-02-16,Login
30652,W,97867,2025-03-20,Other
31107,MW,97868,2025-10-25,Login
30167,SE,97869,2025-12-30,Login
30604,W,97870,2025-12-08,Bug
31320,W,97871,2025-04-21,Bug
31370,W,97872,2025-10-02,Billing
30446,SE,97873,2025-02-03,Bug
31317,W,97874,2025-03-09,Bug
30289,SE,97875,2025-08-01,Billing
30471,W,97876,2025-04-23,Login
30237,SE,97877,2025-11-13,Feature Request
30102,NE,97878,2025-01-12,Feature Request
31081,MW,97879,2025-06-25,Login
30764,SW,97880,2025-03-16,Billing
31195,MW,97881,2025-03-24,Login
30213,W,97882,2025-08-03,Bug
30096,SW,97883,2025-11-06,Feature Request
31362,SE,97884,2025-09-04,Bug
30642,SE,97885,2025-06-11,Login
30611,W,97886,2025-06-16,Other
30581,MW,97887,2025-06-24,Feature Request
31206,NE,97888,2025-04-06,Login
30234,NE,97889,2025-06-29,Other
31396,MW,97890,2025-05-12,Bug
30370,SE,97891,2025-10-02,Feature Request
30325,NE,97892,2025-10-10,Other
30087,NE,97893,2025-01-18,Other
30426,NE,97894,2025-09-01,Other
31166,NE,97895,2025-03-30,Feature Request
30044,SE,97896,2025-11-22,Feature Request
30620,W,97897,2025-01-18,Login
30919,MW,97898,2025-12-06,Bug
31356,MW,97899,2025-07-23,Login
31264,MW,97900,2025-04-14,Feature Request
30860,W,97901,2025-04-21,Login
30847,SE,97902,2025-08-09,Billing
31072,W,97903,2025-01-26,Login
30645,SW,97904,2025-08-12,Billing
30209,W,97905,2025-05-11,Bug
31089,SW,97906,2025-01-10,Login
30349,NE,97907,2025-05-27,Billing
30979,SW,97908,2025-05-04,Bug
30564,SE,97909,2025-12-07,Bug
31338,MW,97910,2025-11-10,Billing
30779,W,97911,2025-01-18,Login
31103,SW,97912,2025-07-04,Feature Request
30528,MW,97913,2025-12-14,Bug
31120,NE,97914,2025-07-13,Feature Request
31172,SW,97915,2025-07-29,Bug
30969,NE,97916,2025-11-25,Feature Request
31125,SE,97917,2025-03-13,Other
30599,W,97918,2025-09-21,Other
30132,SW,97919,2025-09-26,Other
31157,SE,97920,2025-02-06,Other
30106,W,97921,2025-03-03,Other
30093,W,97922,2025-04-29,Bug
30616,SE,97923,2025-05-12,Bug
31368,MW,97924,2025-10-17,Other
30642,SE,97925,2025-05-24,Login
30273,MW,97926,2025-07-27,Other
31317,SW,97927,2025-09-18,Bug
30837,W,97928,2025-05-07,Billing
30825,MW,97929,2025-05-28,Billing
30558,W,97930,2025-10-23,Billing
31061,SW,97931,2025-11-16,Billing
30779,SW,97932,2025-07-22,Other
31151,SW,97933,2025-12-15,Other
31043,SE,97934,2025-10-23,Other
30200,NE,97935,2025-03-02,Feature Request
31000,NE,97936,2025-07-28,Billing
30023,SW,97937,2025-10-27,Other
31029,MW,97938,2025-09-20,Feature Request
30162,SE,97939,2025-08-26,Feature Request
30825,NE,97940,2025-09-12,Login
30584,W,97941,2025-03-31,Bug
30211,SE,97942,2025-12-28,Other
31122,NE,97943,2025-12-14,Other
30188,MW,97944,2025-05-14,Feature Request
30646,W,97945,2025-11-03,Billing
30295,SW,97946,2025-01-22,Login
31114,SW,97947,2025-12-12,Bug
30022,NE,97948,2025-01-24,Login
30572,NE,97949,2025-11-03,Billing
30584,W,97950,2025-07-30,Bug
31094,MW,97951,2025-03-10,Bug
30289,W,97952,2025-06-02,Login
31103,MW,97953,2025-07-20,Bug
30959,W,97954,2025-04-14,Bug
30366,SE,97955,2025-11-11,Billing
31234,NE,97956,2025-02-23,Other
31113,W,97957,2025-08-10,Bug
30853,SE,97958,2025-12-15,Feature Request
30434,MW,97959,2025-02-11,Other
30385,SE,97960,2025-12-01,Login
30348,W,97961,2025-07-27,Billing
30982,SW,97962,2025-03-27,Login
30274,W,97963,2025-04-17,Bug
31244,SW,97964,2025-04-12,Login
31216,SW,97965,2025-11-06,Billing
30062,W,97966,2025-11-17,Feature Request
30405,MW,97967,2025-11-10,Billing
30670,W,97968,2025-07-04,Other
31022,W,97969,2025-09-04,Login
30839,W,97970,2025-03-10,Billing
30568,NE,97971,2025-06-01,Bug
30911,SW,97972,2025-04-04,Bug
31302,SW,97973,2025-09-28,Login
30343,W,97974,2025-08-17,Login
31179,MW,97975,2025-12-01,Feature Request
31118,MW,97976,2025-02-26,Login
30501,MW,97977,2025-11-08,Login
31020,W,97978,2025-09-22,Other
30408,SE,97979,2025-10-05,Other
31364,SE,97980,2025-05-04,Feature Request
30372,SW,97981,2025-05-22,Login
30558,SW,97982,2025-01-12,Bug
31088,W,97983,2025-06-18,Billing
31094,SW,97984,2025-04-16,Bug
31140,W,97985,2025-04-08,Billing
30727,MW,97986,2025-06-01,Feature Request
30660,SE,97987,2025-07-22,Bug
30227,SE,97988,2025-10-24,Billing
30414,NE,97989,2025-01-16,Billing
31220,SE,97990,2025-12-02,Billing
31162,SE,97991,2025-09-19,Feature Request
30897,SE,97992,2025-09-01,Feature Request
31333,W,97993,2025-07-31,Login
31072,W,97994,2025-09-19,Feature Request
30987,NE,97995,2025-01-08,Bug
30058,SE,97996,2025-05-10,Login
30346,SW,97997,2025-08-23,Other
30766,NE,97998,2025-07-18,Billing
30248,MW,97999,2025-02-13,Bug
30537,SE,98000,2025-02-20,Feature Request
30959,NE,98001,2025-03-10,Bug
31311,NE,98002,2025-10-08,Feature Request
31360,NE,98003,2025-06-24,Other
30608,MW,98004,2025-09-26,Other
31047,NE,98005,2025-02-22,Other
30552,SW,98006,2025-07-10,Billing
31217,SW,98007,2025-02-09,Other
30007,W,98008,2025-04-05,Login
30599,W,98009,2025-04-13,Bug
30174,NE,98010,2025-04-04,Feature Request
30301,SW,98011,2025-02-08,Feature Request
30550,MW,98012,2025-12-07,Billing
31239,NE,98013,2025-02-24,Billing
30648,NE,98014,2025-11-22,Feature Request
30331,W,98015,2025-01-21,Login
31052,MW,98016,2025-06-15,Feature Request
30166,W,98017,2025-03-17,Bug
30998,MW,98018,2025-07-26,Billing
31153,W,98019,2025-01-17,Login
30227,NE,98020,2025-07-29,Other
30099,W,98021,2025-05-08,Billing
30364,SW,98022,2025-10-31,Login
30887,SW,98023,2025-11-06,Bug
30851,SE,98024,2025-09-05,Login
31086,NE,98025,2025-02-10,Login
30625,MW,98026,2025-06-09,Feature Request
31053,SW,98027,2025-11-29,Bug
31068,NE,98028,2025-10-31,Bug
31011,MW,98029,2025-06-28,Other
30637,NE,98030,2025-09-03,Billing
30154,NE,98031,2025-06-03,Bug
30748,W,98032,2025-01-25,Login
30532,MW,98033,2025-03-25,Billing
30163,MW,98034,2025-08-29,Bug
31270,NE,98035,2025-04-18,Billing
30196,MW,98036,2025-06-29,Login
30036,NE,98037,2025-05-11,Bug
30769,SE,98038,2025-08-29,Other
31034,NE,98039,2025-10-05,Bug
30833,SW,98040,2025-01-14,Other
30844,W,98041,2025-08-31,Other
30676,W,98042,2025-07-09,Billing
30395,NE,98043,2025-10-26,Feature Request
30489,SE,98044,2025-06-17,Feature Request
30731,NE,98045,2025-07-12,Billing
31301,SE,98046,2025-06-11,Feature Request
30553,NE,98047,2025-12-05,Login
31062,NE,98048,2025-03-30,Billing
30024,W,98049,2025-04-03,Other
31075,MW,98050,2025-01-01,Feature Request
31120,W,98051,2025-06-13,Billing
30836,NE,98052,2025-08-20,Other
31273,W,98053,2025-01-21,Login
30050,SE,98054,2025-06-16,Login
31313,W,98055,2025-10-03,Feature Request
30836,SE,98056,2025-01-08,Feature Request
30362,SW,98057,2025-06-12,Other
30385,W,98058,2025-08-21,Other
30959,SW,98059,2025-08-21,Bug
30937,NE,98060,2025-01-06,Feature Request
30853,MW,98061,2025-04-01,Feature Request
30715,W,98062,2025-01-04,Login
30797,MW,98063,2025-03-04,Feature Request
30597,W,98064,2025-09-04,Bug
30903,MW,98065,2025-12-03,Feature Request
31213,W,98066,2025-11-04,Other
30960,W,98067,2025-06-17,Login
31093,W,98068,2025-08-12,Bug
31366,MW,98069,2025-04-25,Bug
31349,NE,98070,2025-08-23,Billing
31113,MW,98071,2025-08-18,Login
30295,SW,98072,2025-02-03,Feature Request
30183,W,98073,2025-07-16,Other
31176,MW,98074,2025-11-13,Other
30515,SE,98075,2025-11-29,Feature Request
31018,NE,98076,2025-08-09,Bug
30780,W,98077,2025-06-15,Login
31268,SE,98078,2025-08-13,Login
30979,MW,98079,2025-08-03,Feature Request
30018,SW,98080,2025-08-28,Other
30449,MW,98081,2025-03-10,Login
30111,SE,98082,2025-06-01,Bug
31113,W,98083,2025-04-07,Bug
30287,NE,98084,2025-06-07,Billing
30638,W,98085,2025-06-17,Feature Request
31225,MW,98086,2025-04-29,Feature Request
30831,SE,98087,2025-10-15,Login
31102,MW,98088,2025-03-06,Billing
30209,NE,98089,2025-03-26,Bug
30078,NE,98090,2025-10-09,Billing
30696,MW,98091,2025-05-01,Other
30516,MW,98092,2025-09-12,Other
30777,SW,98093,2025-11-08,Feature Request
30967,SW,98094,2025-12-20,Login
30883,W,98095,2025-04-04,Bug
31167,W,98096,2025-07-31,Login
30716,SE,98097,2025-08-18,Billing
30632,MW,98098,2025-02-21,Billing
30330,MW,98099,2025-07-26,Bug
30373,SW,98100,2025-01-03,Other
30798,MW,98101,2025-04-05,Bug
30607,SW,98102,2025-08-26,Bug
30362,SW,98103,2025-07-26,Feature Request
30376,MW,98104,2025-08-02,Feature Request
30453,MW,98105,2025-01-09,Login
31139,MW,98106,2025-11-01,Bug
30088,SW,98107,2025-10-11,Login
31280,W,98108,2025-07-09,Bug
30138,NE,98109,2025-06-23,Bug
30971,SE,98110,2025-02-03,Billing
30081,W,98111,2025-08-17,Login
30249,W,98112,2025-11-18,Bug
30774,NE,98113,2025-08-02,Login
30398,MW,98114,2025-02-16,Billing
30270,MW,98115,2025-08-01,Other
30886,SW,98116,2025-09-02,Other
30707,SE,98117,2025-07-25,Bug
31071,MW,98118,2025-05-21,Feature Request
30922,W,98119,2025-08-10,Other
30989,MW,98120,2025-11-26,Login
30646,MW,98121,2025-05-22,Billing
30036,SE,98122,2025-03-16,Login
30707,SE,98123,2025-03-11,Other
30433,SW,98124,2025-04-21,Billing
30713,NE,98125,2025-08-22,Other
31282,MW,98126,2025-12-05,Other
30927,W,98127,2025-01-24,Bug
30687,W,98128,2025-05-27,Bug
31023,SW,98129,2025-03-08,Bug
30248,SW,98130,2025-06-15,Bug
30477,W,98131,2025-05-01,Bug
31335,SW,98132,2025-03-13,Bug
30966,W,98133,2025-09-10,Other
30044,SE,98134,2025-04-29,Other
30068,W,98135,2025-03-21,Bug
31230,MW,98136,2025-03-13,Other
31239,NE,98137,2025-10-16,Billing
30096,NE,98138,2025-09-18,Other
30550,W,98139,2025-05-25,Feature Request
30518,NE,98140,2025-05-28,Login
31026,NE,98141,2025-09-18,Billing
31236,NE,98142,2025-03-04,Other
30016,W,98143,2025-02-26,Login
30074,W,98144,2025-09-11,Bug
30446,SE,98145,2025-12-27,Bug
31335,NE,98146,2025-11-23,Login
30001,SE,98147,2025-06-20,Bug
30496,W,98148,2025-01-06,Other
31236,NE,98149,2025-11-16,Bug
30605,NE,98150,2025-01-04,Login
30064,W,98151,2025-11-22,Billing
30716,MW,98152,2025-01-31,Login
30703,SW,98153,2025-04-27,Other
30779,SE,98154,2025-10-02,Other
30192,W,98155,2025-11-21,Login
30113,NE,98156,2025-10-14,Feature Request
30052,W,98157,2025-08-24,Bug
30167,NE,98158,2025-11-07,Other
30757,SW,98159,2025-07-24,Feature Request
31316,MW,98160,2025-07-30,Other
31394,SW,98161,2025-04-01,Login
30544,W,98162,2025-01-06,Other
30238,MW,98163,2025-07-24,Other
30519,NE,98164,2025-01-20,Feature Request
30615,NE,98165,2025-06-14,Other
30949,NE,98166,2025-12-03,Bug
31366,MW,98167,2025-11-11,Feature Request
30115,SE,98168,2025-05-26,Login
30552,MW,98169,2025-05-03,Login
31065,MW,98170,2025-10-24,Billing
31301,NE,98171,2025-05-09,Billing
31308,MW,98172,2025-04-12,Billing
30492,SE,98173,2025-03-14,Login
30543,SW,98174,2025-01-27,Login
30532,SW,98175,2025-09-20,Login
30242,SW,98176,2025-07-28,Bug
31143,SW,98177,2025-01-31,Login
30870,MW,98178,2025-08-01,Login
30959,W,98179,2025-04-09,Bug
31231,SW,98180,2025-06-29,Other
31242,SW,98181,2025-07-09,Billing
30636,W,98182,2025-02-26,Billing
31027,W,98183,2025-07-02,Bug
30962,NE,98184,2025-04-17,Billing
30276,MW,98185,2025-09-23,Feature Request
30638,W,98186,2025-11-26,Login
30216,MW,98187,2025-11-14,Other
30680,MW,98188,2025-06-20,Billing
30524,W,98189,2025-01-24,Other
31350,NE,98190,2025-12-21,Feature Request
30191,SE,98191,2025-04-09,Billing
30025,SE,98192,2025-11-29,Other
30038,MW,98193,2025-12-18,Other
31251,SW,98194,2025-04-30,Login
30535,W,98195,2025-07-22,Billing
30151,SE,98196,2025-07-14,Login
30043,SE,98197,2025-04-25,Other
30146,MW,98198,2025-02-01,Billing
30559,NE,98199,2025-08-03,Billing
31114,NE,98200,2025-11-04,Bug
30577,SW,98201,2025-10-13,Other
31141,W,98202,2025-10-31,Bug
30033,SW,98203,2025-11-20,Bug
31027,SE,98204,2025-07-26,Login
30466,SE,98205,2025-03-07,Login
30064,W,98206,2025-06-06,Billing
30242,MW,98207,2025-06-03,Billing
30658,MW,98208,2025-09-17,Other
30620,W,98209,2025-11-09,Other
30466,W,98210,2025-04-12,Login
30745,NE,98211,2025-06-29,Other
30246,SE,98212,2025-06-11,Other
31114,SW,98213,2025-12-16,Feature Request
30923,NE,98214,2025-10-19,Feature Request
31301,SW,98215,2025-07-12,Other
31205,SW,98216,2025-06-19,Billing
31323,SW,98217,2025-05-27,Feature Request
30717,NE,98218,2025-01-30,Billing
30669,SW,98219,2025-06-21,Billing
31328,SW,98220,2025-03-25,Login
31155,SE,98221,2025-03-14,Billing
30209,SE,98222,2025-05-07,Other
30557,SW,98223,2025-09-11,Feature Request
30355,SW,98224,2025-11-03,Other
30769,SE,98225,2025-11-10,Other
30263,MW,98226,2025-08-15,Other
31391,SW,98227,2025-09-01,Billing
30103,SW,98228,2025-09-08,Billing
30213,W,98229,2025-02-23,Feature Request
30979,SW,98230,2025-11-11,Bug
31255,NE,98231,2025-08-22,Other
30155,NE,98232,2025-02-06,Login
30116,W,98233,2025-03-16,Billing
30336,SW,98234,2025-01-19,Billing
31004,MW,98235,2025-07-07,Login
30808,W,98236,2025-05-19,Feature Request
30984,NE,98237,2025-08-09,Login
30056,W,98238,2025-12-12,Other
30056,SE,98239,2025-02-25,Bug
30101,W,98240,2025-08-10,Bug
30861,MW,98241,2025-08-24,Other
30213,SW,98242,2025-04-10,Other
30270,NE,98243,2025-04-12,Other
30109,SE,98244,2025-07-16,Other
30193,SW,98245,2025-12-11,Billing
30166,W,98246,2025-07-30,Billing
30239,SE,98247,2025-02-27,Billing
31223,SW,98248,2025-08-28,Other
30646,MW,98249,2025-06-30,Login
30601,SE,98250,2025-05-13,Other
30633,NE,98251,2025-05-02,Login
31173,SE,98252,2025-12-20,Billing
30217,SE,98253,2025-11-04,Billing
31162,SE,98254,2025-10-09,Login
30681,SW,98255,2025-09-25,Feature Request
31173,SE,98256,2025-01-19,Feature Request
30319,W,98257,2025-04-06,Billing
31180,NE,98258,2025-01-05,Login
31370,SE,98259,2025-05-08,Billing
30705,SW,98260,2025-07-17,Login
30872,MW,98261,2025-07-25,Feature Request
30803,NE,98262,2025-08-29,Billing
30086,SE,98263,2025-11-16,Other
30230,SE,98264,2025-05-18,Bug
31191,W,98265,2025-03-23,Feature Request
31282,SE,98266,2025-06-29,Billing
31367,NE,98267,2025-04-09,Login
30327,SE,98268,2025-07-10,Billing
31377,SE,98269,2025-09-03,Bug
30375,W,98270,2025-04-14,Other
30667,NE,98271,2025-06-28,Other
30522,NE,98272,2025-06-24,Feature Request
30288,NE,98273,2025-06-13,Billing
30832,SE,98274,2025-01-19,Feature Request
30534,SW,98275,2025-10-14,Login
31311,NE,98276,2025-08-27,Feature Request
30231,SW,98277,2025-07-15,Bug
31242,MW,98278,2025-12-23,Login
30954,W,98279,2025-02-18,Other
30343,W,98280,2025-02-28,Feature Request
31348,MW,98281,2025-06-16,Login
30397,W,98282,2025-03-30,Feature Request
30525,W,98283,2025-07-15,Billing
30870,MW,98284,2025-04-18,Billing
30332,NE,98285,2025-02-16,Login
30893,NE,98286,2025-11-05,Bug
30334,W,98287,2025-09-02,Feature Request
30365,SE,98288,2025-09-07,Other
30105,NE,98289,2025-03-03,Bug
30821,SE,98290,2025-08-26,Other
30055,SW,98291,2025-02-25,Billing
30280,SE,98292,2025-01-24,Other
30815,MW,98293,2025-05-15,Login
30667,NE,98294,2025-12-16,Login
31171,NE,98295,2025-10-19,Other
30712,SW,98296,2025-03-12,Bug
31238,NE,98297,2025-07-25,Billing
30392,NE,98298,2025-11-02,Login
31186,NE,98299,2025-08-18,Login
31268,NE,98300,2025-10-08,Billing
30310,NE,98301,2025-11-08,Feature Request
30947,NE,98302,2025-06-07,Feature Request
31054,W,98303,2025-01-21,Bug
30871,W,98304,2025-01-10,Login
30553,SE,98305,2025-12-27,Bug
30242,MW,98306,2025-07-22,Feature Request
31228,SW,98307,2025-01-23,Other
31018,W,98308,2025-11-05,Login
31050,MW,98309,2025-10-01,Login
30811,SE,98310,2025-04-17,Login
31115,W,98311,2025-07-19,Billing
30837,NE,98312,2025-05-01,Other
30233,NE,98313,2025-06-01,Other
31388,W,98314,2025-06-15,Feature Request
30476,NE,98315,2025-11-02,Feature Request
31051,MW,98316,2025-06-16,Feature Request
30130,SW,98317,2025-12-30,Login
30579,SW,98318,2025-06-06,Billing
31380,W,98319,2025-09-23,Feature Request
30506,SW,98320,2025-07-14,Bug
30140,MW,98321,2025-04-19,Bug
30742,NE,98322,2025-01-27,Bug
30260,SE,98323,2025-09-09,Login
30646,MW,98324,2025-09-19,Billing
30671,NE,98325,2025-02-12,Bug
31001,SW,98326,2025-01-16,Login
30931,MW,98327,2025-10-06,Bug
31183,NE,98328,2025-07-27,Other
30106,W,98329,2025-06-15,Bug
30964,W,98330,2025-02-17,Feature Request
30090,W,98331,2025-10-04,Feature Request
31352,SW,98332,2025-06-27,Login
30055,NE,98333,2025-04-24,Billing
30629,SE,98334,2025-09-23,Billing
30196,SW,98335,2025-11-25,Feature Request
30865,MW,98336,2025-03-16,Billing
30977,NE,98337,2025-05-15,Bug
30992,SW,98338,2025-09-29,Bug
31141,NE,98339,2025-06-08,Bug
31394,NE,98340,2025-10-28,Feature Request
31046,MW,98341,2025-10-10,Login
30751,W,98342,2025-10-05,Feature Request
30536,SW,98343,2025-04-26,Other
31338,MW,98344,2025-09-29,Billing
30471,SE,98345,2025-08-02,Login
31188,NE,98346,2025-08-03,Login
31334,SE,98347,2025-08-17,Feature Request
31114,SE,98348,2025-11-23,Other
30842,MW,98349,2025-10-11,Feature Request
30961,NE,98350,2025-08-12,Login
30094,NE,98351,2025-04-10,Billing
30460,SW,98352,2025-03-16,Feature Request
31000,NE,98353,2025-07-10,Bug
30320,NE,98354,2025-09-22,Login
30467,SE,98355,2025-03-16,Other
30443,SE,98356,2025-02-26,Login
30383,W,98357,2025-04-24,Other
30887,W,98358,2025-05-20,Billing
31070,NE,98359,2025-12-25,Login
30839,SE,98360,2025-06-02,Feature Request
30778,NE,98361,2025-08-20,Login
31138,W,98362,2025-04-16,Feature Request
30134,SE,98363,2025-05-10,Billing
30013,SE,98364,2025-06-10,Login
31247,MW,98365,2025-09-14,Other
31316,NE,98366,2025-12-16,Login
31353,SW,98367,2025-07-01,Feature Request
30821,SW,98368,2025-08-13,Other
30857,SE,98369,2025-01-06,Billing
30956,MW,98370,2025-03-05,Login
30938,W,98371,2025-03-13,Feature Request
30906,SW,98372,2025-09-10,Bug
30560,SW,98373,2025-10-17,Billing
30276,MW,98374,2025-01-02,Other
31143,SW,98375,2025-05-01,Login
30844,SE,98376,2025-01-07,Login
30055,NE,98377,2025-07-27,Billing
31319,MW,98378,2025-10-18,Billing
30112,W,98379,2025-10-05,Bug
30900,SE,98380,2025-11-11,Login
31092,NE,98381,2025-02-21,Other
31202,MW,98382,2025-09-24,Feature Request
31035,SE,98383,2025-07-01,Bug
30627,SE,98384,2025-07-17,Billing
31248,SE,98385,2025-09-27,Login
31036,SE,98386,2025-04-12,Other
30848,MW,98387,2025-10-09,Other
30099,W,98388,2025-08-04,Login
31187,NE,98389,2025-10-29,Other
30799,SE,98390,2025-04-04,Billing
30310,SE,98391,2025-05-08,Billing
31017,SE,98392,2025-09-13,Other
31333,SE,98393,2025-09-13,Login
30581,W,98394,2025-10-10,Billing
30553,NE,98395,2025-09-05,Feature Request
30805,SW,98396,2025-03-27,Feature Request
31335,NE,98397,2025-06-13,Other
30916,W,98398,2025-02-26,Feature Request
30263,MW,98399,2025-05-28,Other
31178,MW,98400,2025-10-06,Billing
30652,MW,98401,2025-01-21,Bug
30167,SE,98402,2025-05-17,Billing
30550,W,98403,2025-01-10,Feature Request
31191,MW,98404,2025-02-14,Feature Request
31172,MW,98405,2025-09-06,Login
30402,NE,98406,2025-06-26,Other
30613,SE,98407,2025-01-17,Feature Request
30394,W,98408,2025-05-06,Other
31195,W,98409,2025-09-30,Bug
30752,SE,98410,2025-07-06,Feature Request
31360,SW,98411,2025-05-18,Billing
30404,W,98412,2025-12-03,Other
31214,SE,98413,2025-08-02,Billing
30707,NE,98414,2025-10-18,Billing
30232,SE,98415,2025-01-18,Feature Request
31206,MW,98416,2025-06-07,Other
30371,MW,98417,2025-10-23,Login
30628,MW,98418,2025-06-03,Login
31272,NE,98419,2025-12-13,Bug
30239,SE,98420,2025-02-24,Login
30696,MW,98421,2025-04-16,Billing
30851,SE,98422,2025-09-02,Bug
30959,SW,98423,2025-04-13,Bug
30164,SE,98424,2025-11-21,Other
31021,SW,98425,2025-12-04,Bug
30981,NE,98426,2025-02-02,Feature Request
30252,NE,98427,2025-09-26,Login
30712,SW,98428,2025-03-14,Billing
30672,W,98429,2025-06-30,Login
30074,SE,98430,2025-09-25,Login
30010,MW,98431,2025-03-09,Feature Request
30824,NE,98432,2025-12-14,Other
31181,MW,98433,2025-07-16,Login
31031,MW,98434,2025-04-18,Bug
30069,NE,98435,2025-06-24,Bug
30209,SW,98436,2025-04-17,Billing
30999,NE,98437,2025-07-21,Other
30575,NE,98438,2025-08-06,Login
30798,W,98439,2025-09-16,Login
30170,W,98440,2025-07-22,Bug
30268,W,98441,2025-05-29,Login
31264,MW,98442,2025-07-22,Login
30283,W,98443,2025-03-06,Login
31206,MW,98444,2025-08-12,Bug
31203,SW,98445,2025-09-12,Billing
30375,MW,98446,2025-03-10,Login
30227,W,98447,2025-06-20,Other
31009,SW,98448,2025-05-20,Feature Request
30445,SE,98449,2025-11-03,Login
31375,MW,98450,2025-03-01,Feature Request
30078,W,98451,2025-05-04,Bug
31137,SW,98452,2025-09-02,Billing
31388,W,98453,2025-07-06,Login
30897,W,98454,2025-09-16,Bug
30993,W,98455,2025-02-03,Billing
30404,W,98456,2025-09-07,Other
30459,W,98457,2025-03-27,Login
31001,NE,98458,2025-07-19,Billing
30836,SW,98459,2025-10-02,Login
30996,SE,98460,2025-09-15,Bug
30495,SE,98461,2025-08-08,Other
30258,W,98462,2025-11-30,Bug
31259,NE,98463,2025-12-26,Billing
30535,SW,98464,2025-04-28,Login
30485,SW,98465,2025-10-22,Feature Request
31340,SW,98466,2025-09-14,Login
31225,MW,98467,2025-09-22,Bug
31077,W,98468,2025-02-20,Other
31195,SW,98469,2025-09-28,Feature Request
31124,SW,98470,2025-08-18,Login
31018,W,98471,2025-08-10,Billing
31331,SW,98472,2025-02-23,Login
30610,MW,98473,2025-07-17,Feature Request
31141,NE,98474,2025-01-09,Bug
30682,SE,98475,2025-08-15,Feature Request
31141,MW,98476,2025-01-16,Other
30939,SE,98477,2025-11-14,Billing
30799,NE,98478,2025-03-19,Billing
31221,W,98479,2025-04-09,Feature Request
31055,SE,98480,2025-09-30,Feature Request
30799,W,98481,2025-04-22,Other
30560,W,98482,2025-01-28,Other
31148,W,98483,2025-06-22,Feature Request
30984,SW,98484,2025-04-27,Bug
30652,W,98485,2025-04-19,Feature Request
31215,SW,98486,2025-08-17,Bug
30823,W,98487,2025-03-28,Billing
30263,SW,98488,2025-08-16,Feature Request
30536,SW,98489,2025-11-06,Feature Request
31144,W,98490,2025-03-12,Feature Request
30483,W,98491,2025-04-23,Other
30329,MW,98492,2025-11-01,Bug
30974,MW,98493,2025-04-15,Bug
31020,SW,98494,2025-10-18,Other
30182,NE,98495,2025-01-09,Other
30981,MW,98496,2025-03-01,Billing
30388,SW,98497,2025-04-21,Login
30122,W,98498,2025-09-25,Feature Request
30703,SW,98499,2025-12-17,Billing
30305,SE,98500,2025-09-15,Bug
30305,SE,98501,2025-09-29,Other
30308,W,98502,2025-06-03,Bug
30308,W,98503,2025-11-25,Bug
30498,SW,98504,2025-03-04,Feature Request
30827,SE,98505,2025-01-28,Other
30827,SE,98506,2025-08-09,Login
30381,NE,98507,2025-04-13,Login
30381,NE,98508,2025-05-27,Bug
30321,SE,98509,2025-12-31,Other
30179,SW,98510,2025-08-31,Bug
30179,SW,98511,2025-11-26,Billing
30054,SE,98512,2025-04-25,Bug
30703,SE,98513,2025-07-13,Billing
30724,SE,98514,2025-11-02,Bug
30894,SW,98515,2025-11-11,Login
31329,MW,98516,2025-04-05,Billing
30117,SW,98517,2025-12-16,Feature Request
30117,SW,98518,2025-07-12,Login
30250,MW,98519,2025-07-20,Billing
30250,MW,98520,2025-04-19,Login
31391,SE,98521,2025-09-20,Billing
30144,MW,98522,2025-07-18,Feature Request
30144,MW,98523,2025-12-03,Billing
31049,SE,98524,2025-04-18,Bug
31243,SW,98525,2025-09-10,Login
31243,SW,98526,2025-10-10,Bug
30107,SW,98527,2025-04-18,Billing
31110,MW,98528,2025-07-05,Feature Request
31110,MW,98529,2025-04-06,Login
30911,MW,98530,2025-12-18,Billing
30171,SW,98531,2025-01-06,Feature Request
30422,W,98532,2025-10-10,Login
30379,SE,98533,2025-08-13,Feature Request
30379,SE,98534,2025-04-26,Login
30549,W,98535,2025-02-05,Login
30714,MW,98536,2025-11-04,Billing
30190,MW,98537,2025-12-10,Login
30190,MW,98538,2025-06-16,Billing
31273,NE,98539,2025-12-16,Other
30040,SE,98540,2025-07-24,Bug
30019,NE,98541,2025-04-14,Bug
31226,NE,98542,2025-08-24,Feature Request
30318,W,98543,2025-10-10,Feature Request
30967,SE,98544,2025-07-09,Bug
30967,SE,98545,2025-06-24,Login
30251,SW,98546,2025-12-04,Billing
30750,W,98547,2025-08-15,Login
30750,W,98548,2025-03-17,Other
30630,NE,98549,2025-05-05,Bug
30630,NE,98550,2025-04-13,Feature Request
31368,NE,98551,2025-03-24,Login
31368,NE,98552,2025-06-13,Billing
31045,NE,98553,2025-06-26,Billing
31045,NE,98554,2025-12-06,Feature Request
31064,SE,98555,2025-10-30,Billing
31064,SE,98556,2025-10-08,Bug
31064,SE,98557,2025-03-08,Login
30502,MW,98558,2025-10-13,Bug
31225,SW,98559,2025-08-25,Other
31225,SW,98560,2025-05-31,Bug
31339,W,98561,2025-08-08,Other
30669,MW,98562,2025-11-16,Bug
30669,MW,98563,2025-08-30,Login
30669,MW,98564,2025-07-22,Other
31344,MW,98565,2025-05-08,Billing
31344,MW,98566,2025-12-09,Billing
30606,SW,98567,2025-08-14,Feature Request
30606,SW,98568,2025-02-23,Other
31337,SE,98569,2025-02-05,Login
31190,MW,98570,2025-01-15,Login
31190,MW,98571,2025-11-03,Login
31342,W,98572,2025-12-19,Billing
31342,W,98573,2025-07-23,Bug
31229,MW,98574,2025-09-15,Bug
31229,MW,98575,2025-11-30,Other
31229,MW,98576,2025-08-21,Other
30346,W,98577,2025-11-12,Billing
31275,SE,98578,2025-04-29,Login
31275,SE,98579,2025-12-24,Billing
30451,SE,98580,2025-05-07,Other
30303,W,98581,2025-03-26,Billing
30303,W,98582,2025-01-27,Feature Request
30860,SE,98583,2025-03-17,Billing
30860,SE,98584,2025-01-06,Billing
30944,SE,98585,2025-03-24,Billing
31249,MW,98586,2025-07-31,Billing
31170,SW,98587,2025-04-21,Feature Request
30563,SW,98588,2025-01-08,Billing
30289,MW,98589,2025-06-23,Feature Request
30289,MW,98590,2025-08-07,Feature Request
30181,SE,98591,2025-08-12,Bug
30530,MW,98592,2025-06-12,Other
30530,MW,98593,2025-03-14,Billing
30530,MW,98594,2025-07-25,Bug
30892,SE,98595,2025-04-29,Bug
30892,SE,98596,2025-06-08,Other
30908,W,98597,2025-04-30,Billing
31301,W,98598,2025-07-06,Feature Request
30365,SW,98599,2025-12-23,Feature Request
30365,SW,98600,2025-10-27,Login
31091,NE,98601,2025-06-07,Feature Request
31091,NE,98602,2025-11-04,Billing
30380,SE,98603,2025-09-18,Bug
31068,MW,98604,2025-01-02,Login
31158,MW,98605,2025-12-16,Login
30275,NE,98606,2025-02-13,Billing
30684,SW,98607,2025-07-30,Login
30351,SW,98608,2025-06-12,Login
30457,MW,98609,2025-11-22,Other
30732,SE,98610,2025-04-10,Other
30732,SE,98611,2025-04-21,Bug
31083,W,98612,2025-05-20,Billing
31085,NE,98613,2025-03-13,Bug
30992,W,98614,2025-10-12,Feature Request
30706,NE,98615,2025-10-08,Feature Request
31106,MW,98616,2025-05-06,Billing
30645,SE,98617,2025-04-10,Billing
30080,MW,98618,2025-07-28,Login
30080,MW,98619,2025-04-09,Login
30080,MW,98620,2025-07-06,Feature Request
30493,SW,98621,2025-10-02,Login
30940,W,98622,2025-03-25,Bug
30940,W,98623,2025-12-29,Feature Request
30740,NE,98624,2025-06-19,Login
30740,NE,98625,2025-05-30,Billing
30746,W,98626,2025-09-01,Other
31247,NE,98627,2025-06-29,Other
30360,SW,98628,2025-07-31,Bug
30360,SW,98629,2025-01-17,Login
30930,MW,98630,2025-09-14,Feature Request
31108,SW,98631,2025-09-15,Other
31108,SW,98632,2025-12-21,Other
30754,SW,98633,2025-02-14,Bug
31365,MW,98634,2025-04-05,Other
31365,MW,98635,2025-12-14,Login
30666,NE,98636,2025-05-30,Other
30666,NE,98637,2025-11-22,Feature Request
30263,NE,98638,2025-08-24,Feature Request
30263,NE,98639,2025-12-13,Login
30263,NE,98640,2025-05-01,Billing
31045,SE,98641,2025-07-27,Feature Request
31021,MW,98642,2025-11-04,Bug
31021,MW,98643,2025-02-27,Billing
31021,MW,98644,2025-05-05,Other
30282,NE,98645,2025-08-14,Login
30282,NE,98646,2025-07-19,Other
30476,W,98647,2025-07-13,Bug
30476,W,98648,2025-11-23,Billing
31048,W,98649,2025-04-05,Feature Request
30935,NE,98650,2025-01-10,Login
31221,SE,98651,2025-05-20,Other
30109,W,98652,2025-03-22,Billing
30109,W,98653,2025-08-08,Other
30350,W,98654,2025-05-08,Login
30921,SE,98655,2025-01-29,Other
31201,MW,98656,2025-03-09,Other
30424,SW,98657,2025-08-06,Feature Request
30424,SW,98658,2025-09-10,Other
30010,SW,98659,2025-05-10,Other
30010,SW,98660,2025-01-03,Bug
30253,NE,98661,2025-09-23,Bug
30339,W,98662,2025-12-11,Bug
30110,W,98663,2025-01-04,Bug
30860,SW,98664,2025-08-20,Login
31361,NE,98665,2025-03-29,Bug
31070,W,98666,2025-01-20,Bug
31070,W,98667,2025-07-31,Feature Request
30470,MW,98668,2025-05-06,Bug
31397,SE,98669,2025-12-03,Bug
30333,NE,98670,2025-05-04,Feature Request
30007,SW,98671,2025-12-11,Feature Request
30780,NE,98672,2025-01-06,Other
30780,NE,98673,2025-04-16,Login
30780,NE,98674,2025-01-29,Login
30773,MW,98675,2025-04-06,Login
31017,NE,98676,2025-08-19,Billing
30437,SE,98677,2025-07-03,Billing
30775,SW,98678,2025-06-12,Login
30775,SW,98679,2025-09-28,Login
31283,NE,98680,2025-01-06,Feature Request
31283,NE,98681,2025-03-04,Other
30043,MW,98682,2025-07-23,Bug
30043,MW,98683,2025-03-26,Login
30097,SE,98684,2025-10-05,Feature Request
30008,NE,98685,2025-12-05,Feature Request
30008,NE,98686,2025-08-17,Billing
30008,NE,98687,2025-06-28,Feature Request
30009,W,98688,2025-06-12,Billing
30009,W,98689,2025-11-13,Feature Request
30551,SW,98690,2025-07-23,Login
30879,SW,98691,2025-09-26,Other
30450,SE,98692,2025-09-17,Feature Request
30450,SE,98693,2025-04-14,Feature Request
30109,MW,98694,2025-04-01,Other
31118,W,98695,2025-08-05,Feature Request
31118,W,98696,2025-04-04,Feature Request
30984,W,98697,2025-03-18,Billing
30984,W,98698,2025-08-20,Feature Request
30984,W,98699,2025-11-06,Billing
30078,SE,98700,2025-05-15,Other
30078,SE,98701,2025-09-26,Other
30729,MW,98702,2025-08-09,Feature Request
30367,W,98703,2025-05-26,Feature Request
30367,W,98704,2025-12-27,Other
30367,W,98705,2025-11-24,Bug
31029,W,98706,2025-11-25,Feature Request
30379,SW,98707,2025-04-16,Other
30379,SW,98708,2025-11-01,Bug
31252,NE,98709,2025-09-15,Login
31123,SE,98710,2025-09-23,Other
31123,SE,98711,2025-01-01,Billing
31123,SE,98712,2025-09-18,Bug
30761,SW,98713,2025-01-27,Feature Request
31073,NE,98714,2025-08-12,Bug
30409,MW,98715,2025-06-14,Billing
30409,MW,98716,2025-04-12,Login
30776,SE,98717,2025-10-25,Bug
30220,MW,98718,2025-10-03,Bug
30323,W,98719,2025-10-26,Login
31019,W,98720,2025-03-25,Feature Request
31019,W,98721,2025-10-15,Billing
31019,W,98722,2025-01-05,Billing
30948,SW,98723,2025-12-08,Bug
30948,SW,98724,2025-09-24,Feature Request
30740,W,98725,2025-12-19,Billing
30654,SW,98726,2025-05-02,Feature Request
31124,MW,98727,2025-05-30,Bug
31116,NE,98728,2025-01-20,Bug
31116,NE,98729,2025-07-18,Other
30765,SE,98730,2025-05-11,Bug
30281,SW,98731,2025-12-06,Billing
30281,SW,98732,2025-06-30,Feature Request
30068,NE,98733,2025-03-01,Feature Request
30068,NE,98734,2025-12-27,Login
30068,NE,98735,2025-07-16,Login
30208,MW,98736,2025-04-21,Bug
30208,MW,98737,2025-02-02,Login
30822,SE,98738,2025-09-12,Feature Request
30937,SW,98739,2025-12-27,Other
31256,NE,98740,2025-11-16,Billing
31256,NE,98741,2025-04-24,Billing
30288,MW,98742,2025-04-07,Billing
30673,SE,98743,2025-04-20,Other
30673,SE,98744,2025-06-23,Feature Request
30673,SE,98745,2025-11-10,Other
30791,SW,98746,2025-04-27,Billing
30791,SW,98747,2025-06-19,Billing
30172,SE,98748,2025-03-15,Bug
30917,NE,98749,2025-03-02,Billing
30270,W,98750,2025-08-07,Login
31076,MW,98751,2025-07-08,Other
31076,MW,98752,2025-05-19,Billing
30442,MW,98753,2025-08-13,Billing
30159,SW,98754,2025-07-05,Bug
30879,SE,98755,2025-05-02,Login
31227,SW,98756,2025-04-27,Billing
30713,MW,98757,2025-02-08,Feature Request
30853,W,98758,2025-01-14,Billing
30853,W,98759,2025-11-27,Login
31355,MW,98760,2025-08-22,Billing
31355,MW,98761,2025-11-19,Bug
31355,MW,98762,2025-09-24,Login
30854,NE,98763,2025-02-07,Billing
30854,NE,98764,2025-09-06,Other
30854,NE,98765,2025-04-08,Feature Request
31118,SE,98766,2025-08-14,Bug
31007,MW,98767,2025-01-17,Other
31007,MW,98768,2025-12-14,Other
30319,SE,98769,2025-07-13,Billing
31268,W,98770,2025-06-02,Bug
31268,W,98771,2025-09-29,Feature Request
30878,SE,98772,2025-01-08,Other
30878,SE,98773,2025-11-05,Bug
31251,NE,98774,2025-09-09,Feature Request
30145,MW,98775,2025-05-14,Bug
30168,SE,98776,2025-01-16,Bug
31273,SE,98777,2025-07-16,Other
31273,SE,98778,2025-01-10,Other
31273,SE,98779,2025-07-13,Feature Request
30521,NE,98780,2025-01-04,Feature Request
30521,NE,98781,2025-11-24,Billing
30828,SW,98782,2025-05-10,Login
30960,SW,98783,2025-11-25,Login
31068,W,98784,2025-11-19,Login
30756,MW,98785,2025-12-14,Other
30125,MW,98786,2025-02-20,Login
30125,MW,98787,2025-10-09,Feature Request
30353,MW,98788,2025-09-25,Feature Request
31145,SW,98789,2025-11-19,Login
31145,SW,98790,2025-10-12,Billing
30609,W,98791,2025-07-24,Bug
30609,W,98792,2025-07-30,Billing
31019,NE,98793,2025-04-04,Login
30632,SW,98794,2025-08-15,Feature Request
30632,SW,98795,2025-04-08,Login
30632,SW,98796,2025-09-23,Bug
30029,NE,98797,2025-08-27,Bug
31266,SE,98798,2025-01-04,Feature Request
30271,W,98799,2025-04-12,Bug
31303,W,98800,2025-07-07,Other
30809,SE,98801,2025-07-09,Bug
30130,W,98802,2025-10-29,Billing
30130,W,98803,2025-06-14,Billing
30268,SE,98804,2025-11-27,Billing
30268,SE,98805,2025-04-30,Other
31156,NE,98806,2025-05-23,Bug
31028,SE,98807,2025-04-14,Other
31028,SE,98808,2025-10-24,Billing
31345,MW,98809,2025-06-20,Bug
31084,SE,98810,2025-09-04,Bug
31246,SW,98811,2025-12-20,Billing
30318,SW,98812,2025-09-19,Other
30318,SW,98813,2025-01-21,Billing
30078,SW,98814,2025-04-30,Other
30078,SW,98815,2025-12-20,Billing
30078,SW,98816,2025-03-27,Login
30329,SW,98817,2025-01-10,Feature Request
30329,SW,98818,2025-03-10,Feature Request
30329,SW,98819,2025-03-03,Other
30434,SW,98820,2025-01-10,Bug
30537,W,98821,2025-07-15,Billing
30537,W,98822,2025-06-09,Other
30546,NE,98823,2025-09-22,Login
30546,NE,98824,2025-01-25,Feature Request
30318,NE,98825,2025-04-24,Login
30318,NE,98826,2025-04-03,Login
31254,SW,98827,2025-02-07,Feature Request
31254,SW,98828,2025-04-29,Bug
31093,NE,98829,2025-06-28,Feature Request
31093,NE,98830,2025-12-21,Login
30587,MW,98831,2025-10-06,Billing
30360,NE,98832,2025-12-21,Bug
30357,SE,98833,2025-02-15,Bug
30579,SE,98834,2025-11-28,Other
30092,SE,98835,2025-07-13,Feature Request
31057,NE,98836,2025-01-09,Feature Request
31057,NE,98837,2025-11-08,Billing
30221,SE,98838,2025-04-21,Login
30960,NE,98839,2025-03-06,Bug
30960,NE,98840,2025-06-10,Other
30911,SE,98841,2025-09-23,Feature Request
30911,SE,98842,2025-07-24,Bug
31165,SE,98843,2025-06-22,Feature Request
30815,SW,98844,2025-07-24,Feature Request
30815,SW,98845,2025-03-27,Login
30507,MW,98846,2025-01-07,Feature Request
30507,MW,98847,2025-01-14,Billing
30571,SE,98848,2025-08-28,Login
30571,SE,98849,2025-11-16,Login
31147,W,98850,2025-02-03,Bug
31147,W,98851,2025-01-18,Feature Request
30181,SW,98852,2025-03-09,Other
30682,SW,98853,2025-03-01,Bug
30682,SW,98854,2025-12-22,Feature Request
30682,SW,98855,2025-04-05,Feature Request
30317,MW,98856,2025-11-29,Feature Request
30093,MW,98857,2025-05-30,Login
30093,MW,98858,2025-05-07,Login
31399,NE,98859,2025-02-16,Feature Request
30613,NE,98860,2025-02-26,Login
30613,NE,98861,2025-08-31,Bug
31245,SE,98862,2025-05-04,Login
30279,NE,98863,2025-08-20,Login
30279,NE,98864,2025-03-21,Bug
30464,NE,98865,2025-05-23,Login
30193,SE,98866,2025-10-16,Billing
31049,MW,98867,2025-06-14,Billing
31049,MW,98868,2025-06-05,Billing
30081,NE,98869,2025-10-06,Bug
30609,NE,98870,2025-01-14,Billing
30698,W,98871,2025-11-25,Bug
30698,W,98872,2025-10-16,Feature Request
30698,W,98873,2025-03-24,Billing
30514,NE,98874,2025-08-11,Bug
30514,NE,98875,2025-10-24,Other
30636,NE,98876,2025-04-20,Bug
30636,NE,98877,2025-02-08,Bug
31216,MW,98878,2025-06-12,Feature Request
30069,MW,98879,2025-03-30,Other
30487,SW,98880,2025-11-08,Login
30059,SE,98881,2025-12-22,Login
30253,SW,98882,2025-06-23,Bug
30253,SW,98883,2025-03-15,Other
30761,SE,98884,2025-01-24,Login
30761,SE,98885,2025-04-23,Bug
30718,SE,98886,2025-07-31,Feature Request
30668,NE,98887,2025-11-04,Other
30668,NE,98888,2025-02-07,Billing
30668,NE,98889,2025-08-21,Other
30982,SE,98890,2025-11-05,Billing
30179,NE,98891,2025-07-02,Billing
30179,NE,98892,2025-07-08,Billing
30179,NE,98893,2025-09-29,Feature Request
30985,SW,98894,2025-05-24,Feature Request
30299,NE,98895,2025-06-03,Bug
31279,W,98896,2025-09-12,Login
31279,W,98897,2025-06-20,Login
31279,W,98898,2025-02-05,Billing
30869,SW,98899,2025-07-09,Bug
30061,W,98900,2025-08-15,Other
30061,W,98901,2025-03-17,Billing
30061,W,98902,2025-02-07,Billing
30476,SE,98903,2025-04-02,Feature Request
30051,NE,98904,2025-04-18,Login
30051,NE,98905,2025-02-14,Other
30827,W,98906,2025-07-20,Billing
30827,W,98907,2025-08-03,Bug
30118,NE,98908,2025-11-22,Billing
30078,MW,98909,2025-02-26,Billing
31084,MW,98910,2025-04-18,Feature Request
30243,MW,98911,2025-06-29,Other
30038,SW,98912,2025-09-30,Billing
30250,SW,98913,2025-12-20,Other
31169,SW,98914,2025-11-01,Billing
30423,SW,98915,2025-07-27,Bug
30155,MW,98916,2025-01-26,Billing
30155,MW,98917,2025-08-21,Billing
30155,MW,98918,2025-05-14,Login
30349,SE,98919,2025-01-25,Other
31208,W,98920,2025-07-20,Login
31208,W,98921,2025-04-07,Other
30133,W,98922,2025-03-11,Other
30972,NE,98923,2025-08-06,Feature Request
30972,NE,98924,2025-09-03,Bug
31241,W,98925,2025-09-21,Other
31241,W,98926,2025-01-10,Billing
30774,MW,98927,2025-02-10,Billing
31213,SE,98928,2025-04-25,Billing
31120,SW,98929,2025-09-09,Feature Request
30729,SW,98930,2025-12-29,Billing
30656,W,98931,2025-08-13,Other
30822,MW,98932,2025-06-08,Billing
30822,MW,98933,2025-01-25,Other
30958,MW,98934,2025-04-10,Feature Request
30958,MW,98935,2025-06-27,Bug
30958,MW,98936,2025-08-27,Billing
30600,SE,98937,2025-10-12,Other
31145,W,98938,2025-03-22,Login
31145,W,98939,2025-11-01,Login
31145,W,98940,2025-06-08,Billing
31291,W,98941,2025-09-18,Other
31291,W,98942,2025-04-30,Other
31242,NE,98943,2025-04-04,Other
31242,NE,98944,2025-06-13,Login
31033,SW,98945,2025-03-27,Other
31283,SE,98946,2025-06-08,Bug
30335,W,98947,2025-08-23,Bug
30863,MW,98948,2025-10-29,Bug
30863,MW,98949,2025-03-01,Feature Request
30003,W,98950,2025-01-26,Login
30003,W,98951,2025-03-11,Other
31235,MW,98952,2025-08-13,Feature Request
30617,MW,98953,2025-05-26,Billing
30948,NE,98954,2025-01-24,Login
31328,SE,98955,2025-06-20,Billing
31328,SE,98956,2025-07-28,Bug
31044,SE,98957,2025-02-04,Other
31066,MW,98958,2025-09-23,Login
30552,SE,98959,2025-07-04,Other
30514,W,98960,2025-09-23,Billing
30607,W,98961,2025-04-19,Login
30436,SE,98962,2025-11-20,Other
30455,MW,98963,2025-04-26,Other
30455,MW,98964,2025-11-12,Login
30866,MW,98965,2025-12-05,Feature Request
30866,MW,98966,2025-05-09,Other
30866,MW,98967,2025-06-28,Feature Request
30287,W,98968,2025-10-15,Login
30287,W,98969,2025-10-24,Login
30287,W,98970,2025-05-25,Billing
30643,SW,98971,2025-01-02,Billing
30643,SW,98972,2025-12-13,Other
30124,NE,98973,2025-11-15,Bug
30124,NE,98974,2025-04-06,Feature Request
30530,W,98975,2025-04-08,Billing
30530,W,98976,2025-10-22,Feature Request
30530,W,98977,2025-06-05,Login
31342,SE,98978,2025-07-30,Bug
31342,SE,98979,2025-08-30,Feature Request
30291,NE,98980,2025-06-24,Bug
30089,SW,98981,2025-10-18,Billing
30676,NE,98982,2025-06-11,Login
30676,NE,98983,2025-07-19,Billing
30101,SW,98984,2025-02-12,Billing
30101,SW,98985,2025-01-27,Other
30101,SW,98986,2025-07-18,Billing
30206,W,98987,2025-08-04,Feature Request
30289,NE,98988,2025-01-14,Feature Request
31006,SW,98989,2025-12-19,Bug
31006,SW,98990,2025-09-26,Other
31006,SW,98991,2025-06-01,Billing
30538,MW,98992,2025-12-18,Login
30985,NE,98993,2025-07-23,Bug
30397,NE,98994,2025-10-19,Billing
30397,NE,98995,2025-08-10,Login
30397,NE,98996,2025-03-04,Feature Request
30876,SW,98997,2025-10-19,Feature Request
30981,W,98998,2025-05-30,Billing
30834,NE,98999,2025-11-15,Bug
30834,NE,99000,2025-03-10,Feature Request
31384,SW,99001,2025-09-23,Feature Request
30723,W,99002,2025-12-04,Billing
30723,W,99003,2025-10-18,Bug
30723,W,99004,2025-11-17,Login
31255,W,99005,2025-07-17,Login
31272,W,99006,2025-11-30,Login
31272,W,99007,2025-10-11,Feature Request
31286,W,99008,2025-08-21,Billing
30431,SE,99009,2025-03-05,Bug
30431,SE,99010,2025-01-02,Bug
31281,SE,99011,2025-10-24,Feature Request
31281,SE,99012,2025-07-22,Bug
30828,SE,99013,2025-04-29,Feature Request
30822,SW,99014,2025-05-11,Billing
30822,SW,99015,2025-10-07,Billing
30822,SW,99016,2025-03-29,Other
31256,SW,99017,2025-08-20,Other
30253,MW,99018,2025-01-23,Feature Request
30253,MW,99019,2025-08-04,Other
30058,NE,99020,2025-06-28,Other
30397,MW,99021,2025-08-06,Feature Request
30802,SW,99022,2025-02-14,Billing
30802,SW,99023,2025-08-12,Feature Request
30143,SW,99024,2025-10-10,Billing
30143,SW,99025,2025-07-27,Feature Request
30143,SW,99026,2025-08-13,Other
31008,W,99027,2025-02-23,Billing
31008,W,99028,2025-08-30,Login
31078,NE,99029,2025-10-15,Login
31240,MW,99030,2025-03-13,Bug
31240,MW,99031,2025-09-04,Billing
31026,SW,99032,2025-06-17,Billing
30406,SW,99033,2025-12-06,Login
30406,SW,99034,2025-02-25,Feature Request
30406,SW,99035,2025-06-01,Billing
30440,W,99036,2025-01-22,Bug
30440,W,99037,2025-10-24,Login
31047,SW,99038,2025-02-21,Bug
31369,W,99039,2025-11-27,Bug
30122,SW,99040,2025-12-03,Other
30685,SE,99041,2025-05-01,Other
30685,SE,99042,2025-12-28,Billing
30440,SW,99043,2025-10-04,Bug
30440,SW,99044,2025-10-11,Billing
30816,SE,99045,2025-12-25,Other
30816,SE,99046,2025-09-10,Login
30719,SW,99047,2025-04-26,Other
30719,SW,99048,2025-01-30,Login
30719,SW,99049,2025-08-30,Other
30562,NE,99050,2025-04-16,Feature Request
30562,NE,99051,2025-11-22,Billing
30562,NE,99052,2025-04-16,Other
30243,NE,99053,2025-05-12,Other
31129,SE,99054,2025-07-27,Bug
30630,SE,99055,2025-07-09,Login
30630,SE,99056,2025-02-15,Billing
31361,MW,99057,2025-04-23,Bug
31361,MW,99058,2025-03-03,Bug
30795,SW,99059,2025-05-14,Other
30795,SW,99060,2025-10-02,Billing
30708,MW,99061,2025-02-26,Other
30435,NE,99062,2025-10-03,Billing
30333,MW,99063,2025-08-25,Feature Request
30003,MW,99064,2025-09-20,Bug
30003,MW,99065,2025-10-08,Billing
30003,MW,99066,2025-09-22,Login
30795,MW,99067,2025-11-16,Billing
30746,MW,99068,2025-01-02,Login
30746,MW,99069,2025-10-31,Bug
30746,MW,99070,2025-08-04,Feature Request
30192,MW,99071,2025-01-26,Billing
30459,SW,99072,2025-05-02,Login
30840,SE,99073,2025-03-12,Other
30840,SE,99074,2025-09-16,Other
30592,NE,99075,2025-11-26,Login
30592,NE,99076,2025-09-11,Login
30066,NE,99077,2025-05-14,Login
30143,W,99078,2025-07-15,Feature Request
30143,W,99079,2025-04-09,Feature Request
31369,NE,99080,2025-08-11,Other
31369,NE,99081,2025-07-02,Bug
31369,NE,99082,2025-05-29,Other
30095,NE,99083,2025-04-26,Other
30095,NE,99084,2025-11-16,Billing
30712,NE,99085,2025-03-20,Other
30712,NE,99086,2025-04-29,Billing
30712,NE,99087,2025-01-09,Feature Request
31282,SW,99088,2025-01-16,Feature Request
31120,SE,99089,2025-04-12,Billing
31120,SE,99090,2025-04-05,Other
30623,MW,99091,2025-01-25,Login
30623,MW,99092,2025-11-14,Other
30846,SW,99093,2025-06-18,Billing
30846,SW,99094,2025-04-10,Billing
30653,W,99095,2025-07-27,Other
30288,SE,99096,2025-06-19,Feature Request
30208,SW,99097,2025-06-28,Other
30974,NE,99098,2025-08-10,Other
30974,NE,99099,2025-01-03,Billing
30662,SW,99100,2025-03-08,Billing
30662,SW,99101,2025-10-26,Feature Request
30500,W,99102,2025-06-07,Other
30902,SW,99103,2025-03-31,Login
30487,NE,99104,2025-10-25,Bug
31250,NE,99105,2025-07-18,Billing
31307,SE,99106,2025-08-20,Bug
30097,SW,99107,2025-02-23,Login
30783,NE,99108,2025-06-11,Feature Request
30783,NE,99109,2025-12-14,Feature Request
30134,MW,99110,2025-02-11,Login
30150,NE,99111,2025-01-25,Other
30150,NE,99112,2025-10-30,Billing
30957,SE,99113,2025-10-14,Billing
30093,NE,99114,2025-04-25,Login
30093,NE,99115,2025-11-04,Feature Request
30701,SW,99116,2025-05-13,Feature Request
30701,SW,99117,2025-10-04,Login
30916,SW,99118,2025-05-25,Bug
30916,SW,99119,2025-05-16,Other
30562,W,99120,2025-01-29,Bug
31117,SW,99121,2025-02-03,Feature Request
30950,SE,99122,2025-08-21,Other
30950,SE,99123,2025-08-11,Login
30061,SW,99124,2025-08-28,Billing
30458,NE,99125,2025-08-20,Other
30556,SW,99126,2025-12-10,Other
31199,W,99127,2025-03-27,Login
31199,W,99128,2025-07-20,Feature Request
31199,W,99129,2025-04-29,Billing
